osmid,lighting,visibility,connectivity,enclosure,dominant_land_use_score,public_transport_proximity_m,dist_to_rail_m,dist_to_bus_m,lighting_norm,visibility_norm,connectivity_norm,enclosure_norm,dominant_land_use_score_norm,public_transport_proximity_m_norm,risk_class,risk_probability
807334397,0,0.5137,6,0.19028601209685644,0.0,98.76,98.76,100.76,0.0,0.36155966916108706,0.13333333333333333,0.2593229976706217,0.0,0.23286862003780717,high,1.0
246706745,0,0.9963,5,0.0,0.5,223.14,225.5,223.14,0.0,0.9951424445319679,0.06666666666666667,0.0,0.5,0.5267722117202267,high,0.7998
"[219295617, 4298483, 219295606]",0,1.0,6,0.0,,324.18,324.18,327.11,0.0,1.0,0.13333333333333333,0.0,0.2432,0.7655245746691871,high,1.0
246706751,0,1.0,6,0.0,,251.69,251.69,252.99,0.0,1.0,0.13333333333333333,0.0,0.2432,0.5942344045368619,high,0.9998
4297467,0,1.0,5,0.0,,391.97,391.97,409.24,0.0,1.0,0.06666666666666667,0.0,0.2432,0.9257088846880908,high,1.0
246706744,0,1.0,6,0.0,,392.97,392.97,417.7,0.0,1.0,0.13333333333333333,0.0,0.2432,0.9280718336483932,high,1.0
246706746,0,1.0,6,0.0,,258.94,259.2,258.94,0.0,1.0,0.13333333333333333,0.0,0.2432,0.6113657844990548,high,1.0
"[371748832, 246709234, 4298495]",0,1.0,5,0.0,,175.07,179.29,175.07,0.0,1.0,0.06666666666666667,0.0,0.2432,0.41318525519848764,high,0.8812
1051498485,0,1.0,6,0.0,,95.23,99.55,95.23,0.0,1.0,0.13333333333333333,0.0,0.2432,0.2245274102079395,medium,1.0
"[241919507, 318996260, 318996263]",0,1.0,6,0.0,,220.82,220.82,225.72,0.0,1.0,0.13333333333333333,0.0,0.2432,0.521290170132325,high,0.9765
"[112081145, 319256943]",0,1.0,6,0.0,,251.3,251.3,257.88,0.0,1.0,0.13333333333333333,0.0,0.2432,0.5933128544423439,high,0.9998
"[241919500, 319256942]",0,1.0,5,0.0,,248.18,248.18,254.59,0.0,1.0,0.06666666666666667,0.0,0.2432,0.5859404536862003,high,1.0
4526344,0,0.411,8,0.4803842193694086,0.1482,101.14,101.14,111.8,0.0,0.2267296836024681,0.26666666666666666,0.6546706950646878,0.1482,0.23849243856332702,high,1.0
43405582,0,0.5291,10,0.1630566657238231,0.0686,14.51,14.51,20.0,0.0,0.38177760273073386,0.4,0.22221466980008706,0.0686,0.03379017013232514,high,0.5609
"[1044512979, 428833182]",0,0.7222,7,0.19790791452854892,0.0,3.17,3.17,8.17,0.0,0.635289484048838,0.2,0.26971017518703017,0.0,0.006994328922495273,high,0.9997
"[1044512981, 428833183]",0,0.5375,10,0.16932284059516092,0.0,71.3,77.44,71.3,0.0,0.39280556649599574,0.4,0.23075425310238742,0.0,0.1679820415879017,high,1.0
23614622,0,0.4043,7,0.47418878172128875,0.0,105.6,109.9,105.6,0.0,0.21793356964684255,0.2,0.6462275129038566,0.0,0.24903119092627596,high,1.0
428833182,0,0.7353,6,0.19845207126997788,0.0,166.67,166.67,166.93,0.0,0.6524878561113298,0.13333333333333333,0.2704517554841579,0.0,0.393336483931947,high,1.0
31845336,0,0.9807,6,0.0,1.0,97.94,103.09,97.94,0.0,0.9746619403964815,0.13333333333333333,0.0,1.0,0.23093100189035914,low,1.0
31845333,0,1.0,6,0.0,,111.23,117.0,111.23,0.0,1.0,0.13333333333333333,0.0,0.2432,0.26233459357277883,medium,1.0
4259120,0,1.0,6,0.0,,70.16,70.48,70.16,0.0,1.0,0.13333333333333333,0.0,0.2432,0.16528827977315688,medium,0.9998
31845336,0,0.9961,7,0.0,1.0,98.74,98.74,99.66,0.0,0.9948798739661284,0.2,0.0,1.0,0.2328213610586011,low,1.0
44508941,0,0.9782,7,0.004198343811800992,0.8637,24.38,24.38,31.43,0.0,0.9713798083234869,0.2,0.0057215298724846405,0.8637,0.05711247637051039,low,1.0
67498724,0,0.7225,10,0.09090936805447254,0.5,23.19,23.19,59.2,0.0,0.6356833398975975,0.4,0.12389186982502923,0.5,0.05430056710775047,low,0.9984
416350385,0,0.7002,10,0.11130188537057674,0.197,11.39,11.39,18.83,0.0,0.6064067218064855,0.4,0.15168292320929197,0.197,0.026417769376181472,medium,0.9997
4259121,0,1.0,7,0.0,,109.68,109.68,114.95,0.0,1.0,0.2,0.0,0.2432,0.25867202268431,medium,0.9999
"[44508940, 318947533]",0,0.989,6,0.0068349486837893225,0.9989,121.35,121.35,122.43,0.0,0.9855586188788236,0.13333333333333333,0.009314711901697364,0.9989,0.28624763705103967,low,1.0
131443351,0,1.0,5,0.0,,127.28,132.37,127.28,0.0,1.0,0.06666666666666667,0.0,0.2432,0.30025992438563326,medium,0.997
29271779,0,1.0,5,0.0,,94.21,101.04,94.21,0.0,1.0,0.06666666666666667,0.0,0.2432,0.22211720226843099,medium,1.0
4298490,0,1.0,9,0.0,,72.08,72.23,72.08,0.0,1.0,0.3333333333333333,0.0,0.2432,0.1698251417769376,low,1.0
"[4298491, 386095886]",0,1.0,7,0.0,,61.71,61.71,68.66,0.0,1.0,0.2,0.0,0.2432,0.1453213610586011,low,0.5654
4298490,0,1.0,10,0.0,,133.25,134.22,133.25,0.0,1.0,0.4,0.0,0.2432,0.3143667296786389,low,0.9992
4259236,0,1.0,10,0.0,,194.76,194.76,195.69,0.0,1.0,0.4,0.0,0.2432,0.45971172022684303,medium,0.995
67499560,0,0.9902,11,0.00014104973821081726,0.5,199.59,200.34,199.59,0.0,0.987134042273861,0.4666666666666667,0.00019222348784558838,0.5,0.4711247637051039,low,1.0
11103450,0,0.9539,11,0.01123738379772451,0.5,178.12,179.35,178.12,0.0,0.9394774845739792,0.4666666666666667,0.015314378709654701,0.5,0.42039224952741017,low,1.0
67499560,0,0.9902,11,0.0001410497382108173,0.5,199.59,200.34,199.59,0.0,0.987134042273861,0.4666666666666667,0.0001922234878455884,0.5,0.4711247637051039,low,1.0
107088314,0,0.8343,10,0.07182818499525982,0.5,64.22,64.22,64.22,0.0,0.7824602862019169,0.4,0.09788791117620183,0.5,0.1512523629489603,low,0.9999
11103450,0,0.9539,11,0.011237383797724513,0.5,178.12,179.35,178.12,0.0,0.9394774845739792,0.4666666666666667,0.015314378709654707,0.5,0.42039224952741017,low,1.0
107088316,0,0.8714,9,0.0090158956666569,0.5,88.01,94.31,88.01,0.0,0.8311671261651569,0.3333333333333333,0.012286920437288728,0.5,0.20746691871455578,low,0.9997
386095891,0,1.0,7,0.0,,35.67,35.67,39.92,0.0,1.0,0.2,0.0,0.2432,0.08379017013232513,low,0.9959
67498505,0,0.8129,8,0.08030913671285907,0.5,0.21,0.21,9.44,0.0,0.7543652356570828,0.26666666666666666,0.109445806568892,0.5,0.0,low,0.9966
67498495,0,0.8418,8,0.1459532691322881,0.0,53.69,53.69,58.72,0.0,0.7923066824209005,0.26666666666666666,0.19890605123379557,0.0,0.12637051039697542,medium,0.9129
551621831,0,0.5926,8,0.42195181585791036,0.2147,86.32,86.32,86.8,0.0,0.46514375738479713,0.26666666666666666,0.5750386408073931,0.2147,0.20347353497164458,high,1.0
67498505,0,0.8147,7,0.09048549973415945,0.5,76.65,76.65,79.65,0.0,0.756728370749639,0.2,0.12331421935965896,0.5,0.18062381852551987,medium,1.0
230989052,0,0.6721,8,0.1773954147111197,0.5,40.57,42.26,40.57,0.0,0.569515557306026,0.26666666666666666,0.24175560888046294,0.5,0.09536862003780718,medium,0.9991
655440028,0,0.8025,9,0.01656255559671324,0.5,119.91,120.03,119.91,0.0,0.7407115662334253,0.3333333333333333,0.02257155698990533,0.5,0.2828449905482041,medium,0.9916
8029363,0,0.5748,7,0.181785369876766,0.5,146.74,147.34,146.74,0.0,0.4417749770250754,0.2,0.24773826793485298,0.5,0.34624291115311906,high,1.0
8014182,0,0.6972,7,0.1502318328609258,0.5,163.32,163.32,167.47,0.0,0.602468163318892,0.2,0.2047369053234297,0.5,0.38542060491493374,high,1.0
71270647,0,0.9018,7,0.0,0.5,133.08,133.08,138.22,0.0,0.8710778521727713,0.2,0.0,0.5,0.3139650283553875,medium,1.0
45756888,0,1.0,7,0.0,,45.84,45.84,46.46,0.0,1.0,0.2,0.0,0.2432,0.10782136105860113,low,0.9694
"[386095888, 386095890]",0,0.9419,6,0.0,0.5,83.83,89.47,83.83,0.0,0.923723250623605,0.13333333333333333,0.0,0.5,0.1975897920604915,medium,0.9946
386095887,0,1.0,8,0.0,,162.39,168.83,162.39,0.0,1.0,0.26666666666666666,0.0,0.2432,0.38322306238185244,medium,1.0
71270644,0,1.0,8,0.0,,184.27,184.27,185.6,0.0,1.0,0.26666666666666666,0.0,0.2432,0.4349243856332703,medium,1.0
67498724,0,0.7225,10,0.09090936805447254,0.5,23.19,23.19,59.2,0.0,0.6356833398975975,0.4,0.12389186982502923,0.5,0.05430056710775047,low,0.9984
8816858,0,0.4989,10,0.17055879367992638,0.5,59.11,59.11,69.06,0.0,0.3421294472889589,0.4,0.23243861789299794,0.5,0.1391776937618147,medium,0.9875
15219043,0,0.4716,9,0.45370687586915914,0.4784,73.2,73.2,78.43,0.0,0.3062885650518577,0.3333333333333333,0.6183146402494119,0.4784,0.17247164461247638,high,1.0
8816858,0,0.4989,10,0.17055879367992638,0.5,59.11,59.11,69.06,0.0,0.3421294472889589,0.4,0.23243861789299794,0.5,0.1391776937618147,medium,0.9875
1287001472,0,0.5084,10,0.1908900333976543,0.4163,11.19,11.19,15.52,0.0,0.35460154916633835,0.4,0.2601461617731942,0.4163,0.025945179584120976,medium,0.9997
8028969,0,0.518,8,0.4057740321177748,0.5,32.02,32.02,40.03,0.0,0.36720493632663775,0.26666666666666666,0.5529914533713373,0.5,0.07516540642722117,high,1.0
1436555097,0,0.5379,10,0.17701353477723242,0.3109,33.14,33.14,33.49,0.0,0.39333070762767497,0.4,0.24123518045740314,0.3109,0.07781190926275991,medium,0.9856
1287001472,0,0.5084,10,0.1908900333976543,0.4163,11.19,11.19,15.52,0.0,0.35460154916633835,0.4,0.2601461617731942,0.4163,0.025945179584120976,medium,0.9997
11103675,0,0.4888,8,0.47658486180851195,0.3487,86.25,87.41,86.25,0.0,0.32886963371406064,0.26666666666666666,0.6494929062138038,0.3487,0.20330812854442343,high,1.0
1436555094,0,0.4871,9,0.1645770216622576,0.4257,8.29,8.29,22.28,0.0,0.3266377839044243,0.3333333333333333,0.22428662062367402,0.4257,0.01909262759924385,medium,0.9846
"[1436555096, 1436555098, 1436555095]",0,0.4651,10,0.21136510532527425,0.352,58.13,58.13,60.47,0.0,0.2977550216620717,0.4,0.2880497211114884,0.352,0.13686200378071833,high,0.9987
31784949,0,0.9813,8,0.0,0.0,57.37,57.37,62.26,0.0,0.975449652094,0.26666666666666666,0.0,0.0,0.13506616257088844,medium,0.9741
31784953,0,1.0,8,0.0,,58.22,58.22,74.18,0.0,1.0,0.26666666666666666,0.0,0.2432,0.13707466918714553,low,0.9997
44804321,0,1.0,6,0.0,,42.07,42.07,86.51,0.0,1.0,0.13333333333333333,0.0,0.2432,0.09891304347826085,medium,0.9456
"[243238208, 4487908, 62695113, 77091189, 43682134]",0,0.8866,6,0.09669908307852827,0.299,21.61,27.49,21.61,0.0,0.8511224891689643,0.13333333333333333,0.1317821305917142,0.299,0.05056710775047258,medium,1.0
"[43682128, 136091482]",0,0.9835,6,0.0,0.4874,42.26,42.26,60.8,0.0,0.9783379283182356,0.13333333333333333,0.0,0.4874,0.09936200378071831,low,0.9977
43682140,0,0.9466,7,0.0,0.0,35.75,35.75,64.4,0.0,0.9298936589208349,0.2,0.0,0.0,0.08397920604914932,medium,0.9999
31784952,0,1.0,8,0.0,,33.37,33.37,38.72,0.0,1.0,0.26666666666666666,0.0,0.2432,0.07835538752362947,low,1.0
31784951,0,0.7959,8,0.031429513432772886,0.0,32.48,32.48,50.09,0.0,0.7320467375607195,0.26666666666666666,0.042832342477003245,0.0,0.07625236294896029,medium,1.0
31784948,0,1.0,8,0.0,,8.8,8.8,59.67,0.0,1.0,0.26666666666666666,0.0,0.2432,0.02029773156899811,low,1.0
44335075,0,0.9179,7,0.0,0.0,3.36,3.36,13.06,0.0,0.8922147827228567,0.2,0.0,0.0,0.00744328922495274,medium,0.9939
"[43407368, 6601826, 131543170]",0,0.7408,6,0.1363379288077905,0.0,12.73,12.73,16.71,0.0,0.6597085466719179,0.13333333333333333,0.1858022037723083,0.0,0.029584120982986763,high,0.9998
43682124,0,0.945,6,0.0,0.0,12.52,12.52,17.69,0.0,0.9277930943941182,0.13333333333333333,0.0,0.0,0.029087901701323245,medium,1.0
43682125,0,0.9153,7,0.0,0.0825,55.86,55.86,68.48,0.0,0.8888013653669424,0.2,0.0,0.0825,0.13149810964083175,medium,1.0
44804321,0,0.9517,7,0.0,0.5,54.6,54.6,75.12,0.0,0.936589208349744,0.2,0.0,0.5,0.12852079395085064,low,0.9998
31784950,0,1.0,8,0.0,,2.14,2.14,72.97,0.0,1.0,0.26666666666666666,0.0,0.2432,0.0045604914933837426,low,1.0
43682138,0,0.9861,6,0.0,0.0,37.93,37.93,54.87,0.0,0.9817513456741499,0.13333333333333333,0.0,0.0,0.08913043478260868,medium,1.0
4261169,0,0.9744,8,0.0,0.5,57.74,57.74,60.5,0.0,0.9663909675725351,0.26666666666666666,0.0,0.5,0.13594045368620036,low,1.0
1436555094,0,0.4871,9,0.16457702166225754,0.4257,8.29,8.29,22.28,0.0,0.3266377839044243,0.3333333333333333,0.22428662062367397,0.4257,0.01909262759924385,medium,0.9846
4526343,0,0.6444,11,0.34724565648225425,0.0,83.92,83.92,89.8,0.0,0.5331495339372455,0.4666666666666667,0.473228607687915,0.0,0.1978024574669187,high,1.0
248346183,0,0.6443,12,0.07481112069334529,0.0,130.45,130.45,131.65,0.0,0.5330182486543258,0.5333333333333333,0.10195307507638643,0.0,0.307750472589792,medium,0.9978
4680951,0,0.5342,11,0.1619921264226325,0.0,25.89,25.89,30.52,0.0,0.3884731521596429,0.4666666666666667,0.22076390881308175,0.0,0.0606805293005671,medium,0.8536
15218911,0,0.4103,11,0.5086365456766547,0.0,190.74,190.74,198.25,0.0,0.22581068662202963,0.4666666666666667,0.6931731465503724,0.0,0.4502126654064272,high,1.0
1459054567,0,0.5431,11,0.1860873239126934,0.0,139.09,139.09,141.64,0.0,0.40015754233950374,0.4666666666666667,0.25360099848527345,0.0,0.32816635160680524,high,1.0
248729535,0,0.6556,10,0.2505427630820256,0.0,64.67,64.67,73.73,0.0,0.5478534856242614,0.4,0.3414412843653504,0.0,0.1523156899810964,high,1.0
428732053,0,0.5653,12,0.1512747265105156,0.0,10.99,10.99,16.76,0.0,0.42930287514769594,0.5333333333333333,0.20615816747761065,0.0,0.025472589792060487,medium,1.0
4645470,0,0.5684,18,0.1509104118463373,0.381,7.65,7.65,12.03,0.0,0.4333727189182093,0.9333333333333333,0.20566167711676375,0.381,0.017580340264650284,low,1.0
"[44508937, 420269263]",0,0.626,19,0.14114848732814353,0.7513,52.86,54.73,52.86,0.0,0.5089930418800052,1.0,0.19235806377600065,0.7513,0.12440926275992437,low,1.0
"[44508938, 511326142]",0,0.7854,18,0.08719882798602342,0.3036,7.59,7.59,15.1,0.0,0.7182617828541419,0.9333333333333333,0.11883512202247713,0.3036,0.017438563327032135,low,1.0
"[62298633, 79639781]",0,0.629,18,0.13016845746600797,0.1022,2.97,2.97,13.15,0.0,0.5129316003675988,0.9333333333333333,0.1773944086602867,0.1022,0.006521739130434782,low,1.0
109462892,0,0.6298,18,0.13631724008957496,0.2765,9.08,9.08,18.16,0.0,0.513981882630957,0.9333333333333333,0.18577400905443864,0.2765,0.020959357277882795,low,1.0
"[131700744, 44335831, 365705720]",0,0.7274,18,0.10583725675078645,0.4711,22.29,23.94,22.29,0.0,0.642116318760667,0.9333333333333333,0.14423569227925714,0.4711,0.05217391304347825,low,1.0
"[430838879, 420269263]",0,0.6192,13,0.11997906792467083,0.1785,18.46,18.46,27.38,0.0,0.5000656426414598,0.6,0.16350824324446903,0.1785,0.043123818525519844,low,0.955
"[44508937, 420269263]",0,0.626,19,0.14114848732814353,0.7513,52.86,54.73,52.86,0.0,0.5089930418800052,1.0,0.19235806377600065,0.7513,0.12440926275992437,low,1.0
1464473936,0,0.426,9,0.45693916630877685,0.5111,42.45,50.56,42.45,0.0,0.24642247604043582,0.3333333333333333,0.6227196263905744,0.5111,0.0998109640831758,high,1.0
15212797,0,0.4506,10,0.4469788608269101,0.0989,118.29,128.8,118.29,0.0,0.27871865563870285,0.4,0.6091456582002164,0.0989,0.27901701323251415,high,1.0
320826399,0,0.549,12,0.1596636208774092,0.195,196.94,196.94,197.62,0.0,0.40790337403177107,0.5333333333333333,0.2175906065223563,0.195,0.4648629489603024,high,1.0
"[420269263, 430838879]",0,0.6192,13,0.11997906792467083,0.1785,18.46,18.46,27.38,0.0,0.5000656426414598,0.6,0.16350824324446903,0.1785,0.043123818525519844,low,0.955
320826399,0,0.549,12,0.1596636208774092,0.195,196.94,196.94,197.62,0.0,0.40790337403177107,0.5333333333333333,0.2175906065223563,0.195,0.4648629489603024,high,1.0
"[510587659, 320826398]",0,0.5368,10,0.18331507000740205,0.0,28.86,28.86,32.89,0.0,0.39188656951555734,0.4,0.24982295308350053,0.0,0.0676984877126654,high,0.9982
510587660,0,0.5009,9,0.2975021913795774,0.2427,139.38,145.4,139.38,0.0,0.3447551529473546,0.3333333333333333,0.40543789442001515,0.2427,0.32885160680529296,high,1.0
109462888,0,0.5404,11,0.16449720335015963,0.1266,14.21,14.21,72.68,0.0,0.3966128397006695,0.4666666666666667,0.2241778437160382,0.1266,0.0330812854442344,medium,0.9997
4638447,0,0.5532,12,0.3494357964409066,0.2485,17.87,17.87,31.29,0.0,0.413417355914402,0.5333333333333333,0.47621334446986435,0.2485,0.04172967863894139,medium,0.7144
109462873,0,0.3644,10,0.49509672843725966,0.4349,90.64,90.64,96.42,0.0,0.16555074176184847,0.4,0.6747209967799254,0.4349,0.21368147448015123,high,1.0
109462892,0,0.6298,18,0.13631724008957496,0.2765,9.08,9.08,18.16,0.0,0.513981882630957,0.9333333333333333,0.18577400905443864,0.2765,0.020959357277882795,low,1.0
62298635,0,0.5605,10,0.3326454608419793,0.0489,31.74,31.74,37.53,0.0,0.42300118156754624,0.4,0.4533313674320918,0.0489,0.07450378071833647,high,1.0
62298634,0,0.6158,12,0.14040827253463078,0.0,92.25,92.25,94.4,0.0,0.4956019430221872,0.5333333333333333,0.19134929430808958,0.0,0.21748582230623817,medium,0.9858
62299085,0,0.6061,10,0.21526677684319687,0.0,79.63,80.63,79.63,0.0,0.482867270578968,0.4,0.2933669440791902,0.0,0.18766540642722115,high,1.0
428732053,0,0.5653,12,0.1512747265105156,0.0,10.99,10.99,16.76,0.0,0.42930287514769594,0.5333333333333333,0.20615816747761065,0.0,0.025472589792060487,medium,1.0
15212773,0,0.6046,13,0.3591630643483067,0.2971,54.08,63.75,54.08,0.0,0.4808979913351713,0.6,0.48946972755917023,0.2971,0.12729206049149336,medium,0.9931
"[62298633, 79639781]",0,0.629,18,0.130168457466008,0.1022,2.97,2.97,13.15,0.0,0.5129316003675988,0.9333333333333333,0.17739440866028672,0.1022,0.006521739130434782,low,1.0
62298634,0,0.6158,12,0.14040827253463078,0.0,92.25,92.25,94.4,0.0,0.4956019430221872,0.5333333333333333,0.19134929430808958,0.0,0.21748582230623817,medium,0.9858
44335829,0,0.7781,12,0.03507259053892105,0.1374,9.6,58.55,9.6,0.0,0.7086779572009978,0.5333333333333333,0.047797151321862956,0.1374,0.02218809073724007,low,1.0
"[1335732384, 911569192, 448349943, 335727767, 335727768, 70688313]",0,0.8753,12,0.08756364671286485,0.4764,2.55,2.55,3.38,0.0,0.8362872521990284,0.5333333333333333,0.11933229932315409,0.4764,0.00552930056710775,low,1.0
"[44508938, 511326142]",0,0.7854,18,0.08719882798602342,0.3036,7.59,7.59,15.1,0.0,0.7182617828541419,0.9333333333333333,0.11883512202247713,0.3036,0.017438563327032135,low,1.0
29974989,0,0.7621,10,0.0,0.2139,54.23,54.23,56.74,0.0,0.6876723119338323,0.4,0.0,0.2139,0.12764650283553872,low,0.8812
807334396,0,0.7699,8,0.08591062888878834,0.0681,14.94,149.88,14.94,0.0,0.6979125640015755,0.26666666666666666,0.11707955603099715,0.0681,0.03480623818525519,medium,1.0
137519639,0,0.5197,11,0.17182872106130292,0.2662,87.45,87.45,151.14,0.0,0.3694367861362742,0.4666666666666667,0.23416928307292165,0.2662,0.20614366729678638,high,0.7614
137519639,0,0.5044,12,0.17032367495419928,0.1528,90.84,97.54,90.84,0.0,0.349350137849547,0.5333333333333333,0.2321181965856608,0.1528,0.21415406427221173,high,0.6708
109462886,0,1.0,12,0.0,,33.04,33.04,37.89,0.0,1.0,0.5333333333333333,0.0,0.2432,0.07757561436672966,low,1.0
109462900,0,0.5365,12,0.17171129568690638,0.0452,44.92,44.92,48.77,0.0,0.3914927136667979,0.5333333333333333,0.2340092550195952,0.0452,0.10564744801512287,medium,0.9944
"[44572476, 137216215]",0,0.5366,12,0.1774980593537081,0.0003,108.08,108.08,115.83,0.0,0.39162399894971767,0.5333333333333333,0.24189549365768612,0.0003,0.2548913043478261,high,0.9993
109462895,0,0.5403,12,0.1387504056496674,0.0588,39.4,39.4,96.45,0.0,0.39648155441774974,0.5333333333333333,0.18908994268465693,0.0588,0.09260396975425329,medium,1.0
109462900,0,0.5365,12,0.1717112956869064,0.0452,44.92,44.92,48.77,0.0,0.3914927136667979,0.5333333333333333,0.23400925501959527,0.0452,0.10564744801512287,medium,0.9944
1253915891,0,0.3903,10,0.48102023689744167,0.2014,76.12,76.12,98.62,0.0,0.19955363003807267,0.4,0.6555374638309417,0.2014,0.17937145557655956,high,1.0
109462891,0,0.4448,10,0.3842635512571713,0.189,102.38,102.38,146.1,0.0,0.27110410922935535,0.4,0.5236768320986558,0.189,0.24142249527410206,high,1.0
109462895,0,0.5403,12,0.13875040564966734,0.0588,39.4,39.4,96.45,0.0,0.39648155441774974,0.5333333333333333,0.18908994268465684,0.0588,0.09260396975425329,medium,1.0
"[982244933, 109462887]",0,0.5396,12,0.16297006090831076,0.0292,12.42,12.42,78.27,0.0,0.3955625574373112,0.5333333333333333,0.22209664420207334,0.0292,0.028851606805293,medium,1.0
"[982244933, 109462887]",0,0.5396,12,0.1629700609083108,0.0292,12.42,12.42,78.27,0.0,0.3955625574373112,0.5333333333333333,0.2220966442020734,0.0292,0.028851606805293,medium,1.0
109462899,0,0.5504,12,0.1871298707262793,0.0,32.57,32.57,34.91,0.0,0.409741367992648,0.5333333333333333,0.2550217879691239,0.0,0.07646502835538752,medium,0.9943
554230311,0,0.5134,10,0.17831827887526758,0.0,91.61,91.61,103.49,0.0,0.3611658133123276,0.4,0.24301329408208358,0.0,0.2159735349716446,high,1.0
109462896,0,0.5218,10,0.4928791558139502,0.3319,108.22,108.22,121.85,0.0,0.3721937770775896,0.4,0.671698874586644,0.3319,0.2552221172022684,high,1.0
109462899,0,0.5504,12,0.18712987072627926,0.0,32.57,32.57,34.91,0.0,0.409741367992648,0.5333333333333333,0.25502178796912384,0.0,0.07646502835538752,medium,0.9943
198644581,0,0.5399,12,0.1400923711454397,0.4768,18.92,18.92,96.44,0.0,0.3959564132860707,0.5333333333333333,0.1909187818688902,0.4768,0.044210775047258975,medium,0.6041
109462894,0,0.5603,12,0.16622523989562638,0.0,35.99,35.99,125.09,0.0,0.4227386110017067,0.5333333333333333,0.22653282300283267,0.0,0.08454631379962192,medium,0.9993
198644581,0,0.5399,12,0.14009237114543974,0.4768,18.92,18.92,96.44,0.0,0.3959564132860707,0.5333333333333333,0.19091878186889022,0.4768,0.044210775047258975,medium,0.6041
656511223,0,0.3917,10,0.5009683380371259,0.0,83.52,83.52,154.34,0.0,0.2013916239989497,0.4,0.6827228639997497,0.0,0.19685727788279772,high,1.0
4261173,0,0.7693,9,0.09419403292533089,0.0029,17.32,17.32,23.67,0.0,0.6971248523040565,0.3333333333333333,0.12836823217698606,0.0029,0.04043005671077504,medium,1.0
109462894,0,0.5603,12,0.16622523989562635,0.0,35.99,35.99,125.09,0.0,0.4227386110017067,0.5333333333333333,0.22653282300283262,0.0,0.08454631379962192,medium,0.9993
112538800,0,0.7588,10,0.058493950174901124,0.0615,98.12,98.12,102.45,0.0,0.6833398975974793,0.4,0.07971593044490494,0.0615,0.23135633270321362,medium,1.0
334731364,1,0.9508,7,0.0010653160170426875,0.5,72.5,74.99,72.5,0.09090909090909091,0.9354076408034657,0.2,0.0014518195003499195,0.5,0.17081758034026465,low,1.0
7972767,0,0.4541,6,0.4438089201539712,0.1005,79.47,86.97,79.47,0.0,0.28331364054089536,0.13333333333333333,0.6048256427209592,0.1005,0.18728733459357277,high,1.0
252387586,1,0.7179,6,0.20158867458541452,0.0,83.73,83.73,83.96,0.09090909090909091,0.6296442168832873,0.13333333333333333,0.27472633859880435,0.0,0.19735349716446124,high,1.0
252387586,3,0.8807,6,0.0719358308016281,0.1648,82.0,229.7,82.0,0.2727272727272727,0.8433766574766969,0.13333333333333333,0.0980346115714988,0.1648,0.19326559546313798,medium,1.0
7972761,1,0.4336,6,0.49599648946332364,0.2036,143.65,148.21,143.65,0.09090909090909091,0.25640015754233947,0.13333333333333333,0.675947196876795,0.2036,0.33894139886578445,high,1.0
7972768,0,0.3579,6,0.5334113963255257,0.1874,168.88,176.46,168.88,0.0,0.15701719837206246,0.13333333333333333,0.726936471906295,0.1874,0.39855860113421543,high,1.0
34083903,0,0.4807,6,0.43457723249240215,0.0,143.88,152.4,143.88,0.0,0.3182355257975581,0.13333333333333333,0.5922446395690385,0.0,0.339484877126654,high,1.0
252387586,0,0.6787,7,0.20414929110052846,0.1334,84.71,86.07,84.71,0.0,0.5781803859787317,0.2,0.2782159632079231,0.1334,0.19966918714555765,high,1.0
7972761,0,0.4066,6,0.47273465531492476,0.0,147.19,163.25,147.19,0.0,0.22095313115399762,0.13333333333333333,0.6442458201113335,0.0,0.34730623818525513,high,1.0
"[1107709922, 7972765]",0,0.3533,7,0.5875067223659192,0.1228,165.48,188.33,165.48,0.0,0.15097807535775237,0.2,0.8006579291704478,0.1228,0.39052457466918705,high,1.0
807334403,0,0.4511,6,0.2078378477625104,0.447,142.45,142.53,142.45,0.0,0.2793750820533018,0.13333333333333333,0.2832427518831528,0.447,0.3361058601134215,high,1.0
"[7972777, 1107709923]",0,0.3606,6,0.6268555811567907,0.237,131.78,142.56,131.78,0.0,0.16056190101089662,0.13333333333333333,0.8542828062915937,0.237,0.3108931947069943,high,1.0
4353021,0,0.5395,7,0.2874860719164859,0.1428,88.87,88.87,131.64,0.0,0.39543127215439144,0.2,0.39178786257808523,0.1428,0.2094990548204159,high,1.0
549913120,0,1.0,7,0.0,,30.06,30.06,119.3,0.0,1.0,0.2,0.0,0.2432,0.07053402646502835,low,0.9987
44737268,0,1.0,7,0.0,,9.7,9.7,12.91,0.0,1.0,0.2,0.0,0.2432,0.022424385633270316,low,1.0
7972776,0,0.9876,7,0.0,0.5,106.9,107.54,106.9,0.0,0.9837206249179468,0.2,0.0,0.5,0.2521030245746692,low,0.7306
554230313,0,0.9152,7,0.0,0.5,129.65,129.73,129.65,0.0,0.8886700800840226,0.2,0.0,0.5,0.30586011342155006,medium,0.9999
44508935,0,1.0,7,0.0,,75.84,76.07,75.84,0.0,1.0,0.2,0.0,0.2432,0.17870982986767486,medium,0.9296
44508934,0,0.9955,6,0.0,0.5,75.54,75.54,75.86,0.0,0.9940921622686097,0.13333333333333333,0.0,0.5,0.17800094517958412,low,0.7097
436761533,0,0.9789,6,0.0,0.4822,108.83,108.83,109.84,0.0,0.9722988053039253,0.13333333333333333,0.0,0.4822,0.25666351606805293,medium,0.9996
131451859,1,0.9078,6,0.0004249282999441777,0.5,161.98,161.98,162.14,0.09090909090909091,0.8789549691479585,0.13333333333333333,0.0005790950124096151,0.5,0.38225425330812846,medium,1.0
4526344,0,0.3695,6,0.49204833318554764,0.254,100.53,102.69,100.53,0.0,0.1722462911907575,0.13333333333333333,0.6705666241802386,0.254,0.23705103969754251,high,1.0
"[1334350034, 252387427]",0,0.6944,7,0.2389146143082392,0.5942,185.75,186.05,185.75,0.0,0.5987921753971379,0.2,0.3255943686401767,0.5942,0.4384215500945179,high,1.0
4526344,0,0.3848,7,0.4778057462648235,0.373,83.77,93.68,83.77,0.0,0.1923329394774845,0.2,0.6511567353809159,0.373,0.19744801512287333,high,1.0
7726313,0,0.5408,6,0.4812994325338995,0.0542,74.57,87.38,74.57,0.0,0.3971379808323486,0.13333333333333333,0.6559179534349067,0.0542,0.1757088846880907,high,1.0
"[398715610, 164369271]",0,0.6964,8,0.26091472172105584,0.5,71.87,72.0,71.87,0.0,0.6014178810555336,0.26666666666666666,0.3555762561183973,0.5,0.16932892249527412,high,0.9869
436761532,0,1.0,7,0.0,,178.29,178.29,178.86,0.0,1.0,0.2,0.0,0.2432,0.42079395085066157,medium,0.9999
6601764,0,0.6266,8,0.24221792436312806,0.5,96.23,112.51,96.23,0.0,0.509780753577524,0.26666666666666666,0.3300961407685098,0.5,0.22689035916824196,high,1.0
"[1334350033, 164369277]",0,0.9806,9,0.0,0.5,121.51,122.09,121.51,0.0,0.9745306551135616,0.3333333333333333,0.0,0.5,0.2866257088846881,low,1.0
437157170,0,1.0,8,0.0,,208.12,208.19,208.12,0.0,1.0,0.26666666666666666,0.0,0.2432,0.49128071833648385,medium,0.9999
437157172,0,0.6624,11,0.030555276432376967,0.4379,142.22,152.53,142.22,0.0,0.5567808848628069,0.4666666666666667,0.04164092668601044,0.4379,0.33556238185255194,medium,1.0
437157175,0,0.7977,8,0.025751687794337747,0.5,241.59,254.66,241.59,0.0,0.7344098726532754,0.26666666666666666,0.03509456528263617,0.5,0.5703686200378071,high,0.9545
44336478,0,0.5538,7,0.16015168787986542,0.2427,17.39,17.39,23.64,0.0,0.4142050676119206,0.2,0.2182557473634846,0.2427,0.04059546313799622,high,1.0
123625796,0,0.6642,8,0.23362856624703954,0.0388,88.35,88.35,99.76,0.0,0.559144019955363,0.26666666666666666,0.31839050844070216,0.0388,0.20827032136105858,high,1.0
43405582,0,0.6537,10,0.0970430355450304,0.1864,46.05,46.05,50.05,0.0,0.5453590652487855,0.4,0.13225087121897655,0.1864,0.10831758034026463,medium,1.0
43405584,0,0.5555,12,0.16109974128089252,0.1152,23.11,23.11,25.45,0.0,0.416436917421557,0.5333333333333333,0.21954776061867354,0.1152,0.054111531190926265,medium,1.0
437157171,0,0.6573,11,0.18394911020032706,0.4056,153.69,163.34,153.69,0.0,0.5500853354338978,0.4666666666666667,0.2506870271247878,0.4056,0.3626654064272211,medium,0.721
43405582,0,0.5114,8,0.16842608425324726,0.237,145.43,145.43,146.25,0.0,0.3585401076539319,0.26666666666666666,0.22953214780834816,0.237,0.3431474480151228,high,1.0
133150561,0,0.5142,8,0.39283356572638867,0.0,74.22,74.22,90.43,0.0,0.3622160955756859,0.26666666666666666,0.5353561027804483,0.0,0.17488185255198488,high,1.0
7971516,0,0.8141,8,0.07168957200462182,0.2328,25.06,25.06,27.62,0.0,0.7559406590521204,0.26666666666666666,0.09769900850357637,0.2328,0.05871928166351606,medium,0.9999
262302254,0,0.7959,8,0.033927065846513026,0.0078,41.32,41.32,43.01,0.0,0.7320467375607195,0.26666666666666666,0.04623602292431285,0.0078,0.09714083175803402,medium,1.0
7971535,0,0.7524,11,0.09434931995113709,0.1871,10.28,10.28,18.34,0.0,0.674937639490613,0.4666666666666667,0.12857985833167643,0.1871,0.02379489603024574,low,0.9931
262302254,0,0.7959,8,0.033927065846513026,0.0078,41.32,41.32,43.01,0.0,0.7320467375607195,0.26666666666666666,0.04623602292431285,0.0078,0.09714083175803402,medium,1.0
7971535,0,0.7524,11,0.09434931995113707,0.1871,10.28,10.28,18.34,0.0,0.674937639490613,0.4666666666666667,0.1285798583316764,0.1871,0.02379489603024574,low,0.9931
43759950,0,0.9501,9,0.0,0.0,25.22,30.99,25.22,0.0,0.9344886438230273,0.3333333333333333,0.0,0.0,0.05909735349716445,low,0.9993
"[164369273, 164369279]",0,0.7216,9,0.26250446090890567,0.0,18.66,19.97,18.66,0.0,0.6345017723513194,0.3333333333333333,0.35774276287927176,0.0,0.04359640831758033,high,0.995
32840922,0,0.8889,6,0.11231930353827262,0.0004,94.92,96.8,94.92,0.0,0.8541420506761193,0.13333333333333333,0.1530694672133628,0.0004,0.22379489603024574,high,0.9999
164369273,0,0.8601,7,0.044946365831994024,0.3954,196.28,198.15,196.28,0.0,0.816331889195221,0.2,0.06125319561597797,0.3954,0.46330340264650277,high,0.9254
7971519,0,0.5523,9,0.1674987342562529,0.2279,97.22,97.22,104.94,0.0,0.4122357883681239,0.3333333333333333,0.22826834928495476,0.2279,0.2292296786389414,high,1.0
32840922,0,0.4269,7,0.4689909370943088,0.2497,104.28,111.78,104.28,0.0,0.2476040435867139,0.2,0.6391438569102228,0.2497,0.24591209829867675,high,1.0
7971519,0,0.5523,9,0.1674987342562529,0.2279,97.22,97.22,104.94,0.0,0.4122357883681239,0.3333333333333333,0.22826834928495476,0.2279,0.2292296786389414,high,1.0
7971518,0,0.7945,8,0.08190757980394459,0.0,60.01,60.01,63.77,0.0,0.7302087435998424,0.26666666666666666,0.11162417506491788,0.0,0.14130434782608695,medium,0.9842
14567503,0,0.5397,9,0.37869383491691844,0.3259,92.16,99.11,92.16,0.0,0.39569384272023095,0.3333333333333333,0.5160863869492023,0.3259,0.21727315689981094,high,1.0
53321077,0,0.9879,6,0.0,0.0352,137.68,138.05,137.68,0.0,0.984114480766706,0.13333333333333333,0.0,0.0352,0.3248345935727788,medium,0.8775
14567697,0,1.0,10,0.0,,45.33,45.33,48.17,0.0,1.0,0.4,0.0,0.2432,0.10661625708884687,low,1.0
44336478,0,0.6938,8,0.037427476660048045,0.3639,94.85,94.85,106.89,0.0,0.5980044636996192,0.26666666666666666,0.05100640523061984,0.3639,0.22362948960302456,medium,0.9997
11341864,0,1.0,5,0.0,,308.1,308.1,308.23,0.0,1.0,0.06666666666666667,0.0,0.2432,0.7275283553875237,high,1.0
436766213,0,1.0,6,0.0,,119.97,119.97,120.73,0.0,1.0,0.13333333333333333,0.0,0.2432,0.2829867674858223,medium,1.0
436766214,0,1.0,7,0.0,,30.89,30.89,32.02,0.0,1.0,0.2,0.0,0.2432,0.07249527410207939,low,0.9984
76817092,0,0.9664,6,0.0,0.5,80.58,80.58,82.37,0.0,0.9558881449389522,0.13333333333333333,0.0,0.5,0.1899102079395085,medium,0.9265
334731364,0,1.0,7,0.0,,67.97,67.97,68.43,0.0,1.0,0.2,0.0,0.2432,0.1601134215500945,medium,0.7304
"[136124312, 252387427, 417038678]",0,0.8864,7,0.09525740963318657,0.0123,11.43,14.33,11.43,0.0,0.8508599186031244,0.2,0.12981740877433834,0.0123,0.026512287334593567,medium,1.0
112538811,0,0.9869,6,0.0,0.5,129.56,129.56,130.47,0.0,0.982801627937508,0.13333333333333333,0.0,0.5,0.30564744801512284,medium,1.0
554230310,0,0.9999,7,0.0,0.5,115.16,115.16,115.63,0.0,0.9998687147170803,0.2,0.0,0.5,0.27162098298676746,low,0.5881
334731365,0,1.0,6,0.0,,20.18,20.18,28.17,0.0,1.0,0.13333333333333333,0.0,0.2432,0.04718809073724007,low,0.8249
428829151,0,1.0,6,0.0,,29.65,144.42,29.65,0.0,1.0,0.13333333333333333,0.0,0.2432,0.06956521739130433,medium,0.588
428829150,0,0.8885,6,0.0,0.1365,73.61,90.1,73.61,0.0,0.8536169095444399,0.13333333333333333,0.0,0.1365,0.17344045368620037,medium,0.9999
238876140,2,1.0,4,0.0,,423.41,429.71,423.41,0.18181818181818182,1.0,0.0,0.0,0.2432,1.0,high,1.0
398750052,0,1.0,8,0.0,,39.01,39.01,39.05,0.0,1.0,0.26666666666666666,0.0,0.2432,0.09168241965973534,low,1.0
"[398750051, 339798870]",0,0.7081,10,0.0932030374398261,0.2294,26.15,55.77,26.15,0.0,0.6167782591571483,0.4,0.12701769717366512,0.2294,0.06129489603024574,medium,0.9991
71270640,0,1.0,8,0.0,,44.97,44.97,45.46,0.0,1.0,0.26666666666666666,0.0,0.2432,0.10576559546313798,low,1.0
15208903,0,0.8635,8,0.08223703089454322,0.5,104.23,104.23,108.19,0.0,0.8207955888144938,0.26666666666666666,0.11207315312409548,0.5,0.24579395085066164,medium,1.0
302574190,0,1.0,5,0.0,,121.09,125.39,121.09,0.0,1.0,0.06666666666666667,0.0,0.2432,0.28563327032136104,medium,0.9989
"[309138896, 309138893, 302574190]",0,0.994,6,0.0,0.7057,171.86,177.64,171.86,0.0,0.9921228830248129,0.13333333333333333,0.0,0.7057,0.40560018903591677,medium,1.0
339798889,0,1.0,6,0.0,,262.25,262.25,275.78,0.0,1.0,0.13333333333333333,0.0,0.2432,0.619187145557656,high,1.0
15107765,0,1.0,8,0.0,,60.44,60.44,62.55,0.0,1.0,0.26666666666666666,0.0,0.2432,0.142320415879017,low,0.9995
44508943,0,1.0,6,0.0,,85.19,85.19,87.22,0.0,1.0,0.13333333333333333,0.0,0.2432,0.20080340264650282,medium,1.0
219291921,0,0.8145,6,0.0,0.1165,165.04,165.04,165.06,0.0,0.7564658001837994,0.13333333333333333,0.0,0.1165,0.38948487712665397,high,1.0
15107802,0,1.0,6,0.0,,57.79,57.96,57.79,0.0,1.0,0.13333333333333333,0.0,0.2432,0.13605860113421547,medium,0.9976
24617319,0,1.0,7,0.0,,17.45,17.45,18.67,0.0,1.0,0.2,0.0,0.2432,0.040737240075614356,low,0.9999
107088314,0,0.8343,10,0.07182818499525984,0.5,64.22,64.22,64.22,0.0,0.7824602862019169,0.4,0.09788791117620184,0.5,0.1512523629489603,low,0.9999
"[309548995, 309548997, 1501521129, 1501521130, 241777004]",0,1.0,4,0.0,,331.59,333.33,331.59,0.0,1.0,0.0,0.0,0.2432,0.7830340264650283,high,1.0
1117757412,0,0.9484,6,0.0,0.5,110.15,110.61,110.15,0.0,0.932256794013391,0.13333333333333333,0.0,0.5,0.2597826086956522,medium,1.0
41280019,0,1.0,6,0.0,,81.61,82.71,81.61,0.0,1.0,0.13333333333333333,0.0,0.2432,0.19234404536862004,medium,1.0
241919499,0,1.0,6,0.0,,161.15,161.15,166.31,0.0,1.0,0.13333333333333333,0.0,0.2432,0.38029300567107743,medium,0.9976
4353019,0,0.3767,7,0.455721012981848,0.0577,90.59,90.59,241.08,0.0,0.18169883156098196,0.2,0.6210595192241011,0.0577,0.2135633270321361,high,1.0
14567386,0,0.3484,8,0.49593938964217976,0.0608,145.81,145.81,208.22,0.0,0.14454509649468292,0.26666666666666666,0.6758693808743348,0.0608,0.34404536862003776,high,1.0
4353020,0,0.3176,8,0.5849955338694605,0.0,150.89,150.89,249.04,0.0,0.10410922935538923,0.26666666666666666,0.7972356653821553,0.0,0.3560491493383742,high,1.0
14567386,0,0.3739,8,0.49418914453407115,0.0064,187.27,187.27,198.81,0.0,0.17802284363922802,0.26666666666666666,0.673484135615939,0.0064,0.4420132325141777,high,1.0
4353021,0,0.4874,8,0.398429567988332,0.0505,97.05,97.05,108.35,0.0,0.3270316397531836,0.26666666666666666,0.5429823705525643,0.0505,0.22882797731568996,high,1.0
14567386,0,0.3615,8,0.5425934568964178,0.1377,159.94,159.94,173.99,0.0,0.1617434685571747,0.26666666666666666,0.7394498429407615,0.1377,0.37743383742911146,high,1.0
23573546,0,0.4311,8,0.47439190321224506,0.0865,169.04,169.04,176.71,0.0,0.2531180254693448,0.26666666666666666,0.6465043281744363,0.0865,0.39893667296786384,high,1.0
807334403,0,0.7651,8,0.06626928852308536,0.0266,41.02,41.02,44.28,0.0,0.6916108704214257,0.26666666666666666,0.09031221141235807,0.0266,0.09643194706994328,medium,0.9995
14567386,0,0.424,10,0.5119074334837707,0.2683,97.41,97.41,203.67,0.0,0.24379677038204012,0.4,0.697630733431503,0.2683,0.22967863894139884,high,1.0
23573546,0,0.4124,8,0.4624108679447764,0.3234,195.1,195.1,243.67,0.0,0.22856767756334512,0.26666666666666666,0.6301764964724615,0.3234,0.46051512287334584,high,1.0
109462896,0,0.6998,6,0.21080653695734722,0.3427,13.44,13.44,259.39,0.0,0.6058815806748062,0.13333333333333333,0.28728850055734123,0.3427,0.031261814744801504,high,0.9987
4353020,0,0.3623,7,0.5526561213173481,0.0,103.43,103.43,115.26,0.0,0.16279375082053302,0.2,0.7531633065497467,0.0,0.24390359168241965,high,1.0
109462896,0,0.3132,7,0.539758929885656,0.0537,82.12,82.12,204.38,0.0,0.09833267690691869,0.2,0.7355869313514696,0.0537,0.1935491493383743,high,1.0
4353021,0,0.4067,8,0.5026272519863263,0.3561,222.46,222.46,237.03,0.0,0.2210844164369174,0.26666666666666666,0.6849836425690398,0.3561,0.5251654064272211,high,1.0
109462896,0,0.3647,8,0.508137931807574,0.0256,150.0,150.0,164.87,0.0,0.16594459761060787,0.26666666666666666,0.6924936323717668,0.0256,0.3539461247637051,high,1.0
23573546,0,0.4906,8,0.47264411872259754,0.3886,173.71,173.71,180.66,0.0,0.33123276880661673,0.26666666666666666,0.6441224362626603,0.3886,0.4099716446124763,high,1.0
109462896,0,0.3829,7,0.536648769259708,0.1623,238.14,238.14,246.73,0.0,0.18983851910200866,0.2,0.7313483845036463,0.1623,0.5622164461247636,high,1.0
109462896,0,0.3454,7,0.5367502080634052,0.1213,170.09,170.09,182.62,0.0,0.14060653800708936,0.2,0.7314866259558951,0.1213,0.4014177693761814,high,1.0
6601773,0,0.4156,6,0.488350773347498,0.0636,156.06,156.06,162.69,0.0,0.23276880661677826,0.13333333333333333,0.6655275659189226,0.0636,0.3682655954631379,high,1.0
807334397,0,0.4687,7,0.1915874931892499,0.0,188.21,188.63,188.21,0.0,0.3024812918471839,0.2,0.2610966644502866,0.0,0.44423440453686197,high,1.0
4353021,0,0.4381,8,0.49301743697577205,0.0,81.55,81.55,94.89,0.0,0.2623079952737298,0.26666666666666666,0.6718873250408307,0.0,0.19220226843100188,high,1.0
807334397,0,0.4838,7,0.17344692627653277,0.1957,85.12,85.12,85.4,0.0,0.3223053695680714,0.2,0.23637458351847432,0.1957,0.20063799621928166,high,1.0
807334397,0,0.4965,7,0.19079327075947383,0.3947,18.33,18.33,24.37,0.0,0.338978600498884,0.2,0.26001429302930196,0.3947,0.042816635160680516,high,1.0
554230311,0,0.5186,10,0.17436014179480827,0.1762,54.16,54.16,56.67,0.0,0.3679926480241564,0.4,0.2376191194836192,0.1762,0.12748109640831756,high,0.9922
554230312,0,0.4208,8,0.4677079491349953,0.0682,170.2,175.37,170.2,0.0,0.23959564132860706,0.26666666666666666,0.6373953926909236,0.0682,0.40167769376181467,high,1.0
4487907,0,0.6969,7,0.1793003197808512,0.1211,42.6,42.6,46.24,0.0,0.6020743074701325,0.2,0.24435162572645844,0.1211,0.10016540642722116,high,1.0
109462880,0,0.4442,8,0.4825201809956809,0.0785,75.47,80.1,75.47,0.0,0.2703163975318366,0.26666666666666666,0.6575815972678009,0.0785,0.17783553875236294,high,1.0
"[44335073, 664910806]",0,0.9521,7,0.0029526209629412055,0.0,65.52,65.52,66.31,0.0,0.937114349481423,0.2,0.004023850784708732,0.0,0.1543241965973535,medium,1.0
"[667036267, 23713173, 1446510102]",0,0.7692,6,0.09168140809030205,0.0,29.63,29.63,53.5,0.0,0.6969935670211368,0.13333333333333333,0.12494401093727839,0.0,0.06951795841209829,high,0.9936
"[30385992, 238871454]",0,0.7362,6,0.20179210848199539,0.0,62.53,86.66,62.53,0.0,0.6536694236576078,0.13333333333333333,0.2750035796177728,0.0,0.14725897920604913,high,1.0
"[30385993, 71270049, 24253765, 1454391431]",0,0.8766,6,0.022133405883477817,0.1083,21.03,21.03,24.02,0.0,0.8379939608769857,0.13333333333333333,0.030163547488937386,0.1083,0.04919659735349716,medium,1.0
14574477,0,0.4976,7,0.42130415152563705,0.1348,127.7,154.66,127.7,0.0,0.34042273861100164,0.2,0.5741559997016246,0.1348,0.3012523629489603,high,1.0
238871454,0,0.6889,6,0.2494613221722196,0.0836,69.77,69.77,70.11,0.0,0.5915714848365498,0.13333333333333333,0.3399674897577268,0.0836,0.16436672967863894,high,1.0
"[358916473, 238871462]",0,1.0,6,0.0,,190.45,190.45,309.14,0.0,1.0,0.13333333333333333,0.0,0.2432,0.4495274102079394,medium,0.7746
43407369,0,0.6173,6,0.09974807580223245,0.1318,6.27,6.27,15.45,0.0,0.4975712222659839,0.13333333333333333,0.13593731743006376,0.1318,0.01431947069943289,high,0.9996
6601819,0,0.6354,6,0.25056702535626335,0.0245,143.49,143.49,147.49,0.0,0.5213338584744649,0.13333333333333333,0.34147434914828584,0.0245,0.3385633270321361,high,1.0
15219110,0,0.3099,6,0.624666806532499,0.4374,90.83,90.83,101.89,0.0,0.09400026257056583,0.13333333333333333,0.8512999301960674,0.4374,0.21413043478260868,high,1.0
1104089482,0,0.7217,7,0.17189678065773206,0.0,59.73,69.51,59.73,0.0,0.6346330576342392,0.2,0.23426203512743038,0.0,0.14064272211720225,high,1.0
"[131543168, 44335076, 72147160, 43407367]",0,0.7101,6,0.1613301116226843,0.0,12.88,15.58,12.88,0.0,0.619403964815544,0.13333333333333333,0.2198617107979302,0.0,0.029938563327032132,high,1.0
6601854,0,0.8346,6,0.019001978899588497,0.7865,39.54,39.54,65.84,0.0,0.7828541420506762,0.13333333333333333,0.025896018712121598,0.7865,0.09293478260869564,low,0.9908
43407373,0,0.9216,6,0.02396143477374553,0.8621,30.46,30.46,69.39,0.0,0.8970723381908888,0.13333333333333333,0.032654796984520014,0.8621,0.07147920604914933,low,1.0
131543170,0,0.6158,6,0.2377088547143386,0.0177,141.13,141.13,164.9,0.0,0.4956019430221872,0.13333333333333333,0.3239511517325605,0.0177,0.33298676748582223,high,1.0
43407372,0,0.8405,6,0.0,0.5,14.96,14.96,38.43,0.0,0.7905999737429434,0.13333333333333333,0.0,0.5,0.03485349716446125,low,0.5563
15219875,0,0.9277,7,0.007451280717891116,0.0,23.05,23.05,30.76,0.0,0.9050807404489957,0.2,0.01015465315057043,0.0,0.05396975425330812,medium,0.9999
355335571,0,0.6941,8,0.10780474813862272,0.0,5.21,5.21,13.7,0.0,0.5983983195483786,0.26666666666666666,0.14691700216095843,0.0,0.011814744801512286,medium,0.9789
"[44572745, 307263218]",0,0.6516,7,0.11937090088769006,0.0903,77.48,77.48,77.48,0.0,0.54260207430747,0.2,0.1626794293060381,0.0903,0.1825850661625709,high,1.0
678638580,0,0.6512,7,0.0030891114273765476,0.0774,60.73,60.73,61.91,0.0,0.542076933175791,0.2,0.0042098608650125435,0.0774,0.1430056710775047,high,0.8041
6601819,0,0.5961,6,0.21183854005146413,0.4012,32.28,32.28,42.79,0.0,0.46973874228698953,0.13333333333333333,0.288694920992678,0.4012,0.07577977315689981,high,1.0
"[1362928609, 1362928611, 43407370, 320844398, 307263217, 15218931, 307263220, 15218998]",0,0.7404,6,0.0452519427670242,0.0676,41.02,41.02,44.88,0.0,0.6591834055402389,0.13333333333333333,0.06166963782283178,0.0676,0.09643194706994328,high,0.8995
131543170,0,0.6248,6,0.13560307563606355,0.067,46.66,46.66,47.6,0.0,0.5074176184849678,0.13333333333333333,0.1848007411569533,0.067,0.10975897920604913,high,1.0
"[44572161, 656037732]",0,0.8828,6,0.015961925919620586,0.8027,48.12,48.12,49.36,0.0,0.8461336484180124,0.13333333333333333,0.021753015013870204,0.8027,0.11320888468809072,low,0.9997
4487907,0,0.5899,5,0.21750338378985937,0.0,94.51,95.29,94.51,0.0,0.4615990547459629,0.06666666666666667,0.29641500637041224,0.0,0.22282608695652173,high,1.0
6601805,0,0.5774,7,0.39992474304365766,0.0019,43.74,43.74,51.05,0.0,0.4451883943809899,0.2,0.5450200047071548,0.0019,0.10285916824196596,high,1.0
67605423,0,0.662,7,0.10048855341055363,0.1736,7.7,17.16,7.7,0.0,0.5562557437311277,0.2,0.13694644506368128,0.1736,0.017698487712665405,medium,0.8896
44536106,0,0.8347,8,0.013079409751925333,0.0,18.77,18.77,30.94,0.0,0.7829854273335959,0.26666666666666666,0.017824703493734488,0.0,0.0438563327032136,medium,0.9999
14573574,0,0.831,7,0.07901685287532252,0.0,35.07,35.07,40.57,0.0,0.7781278718655639,0.2,0.107684673867132,0.0,0.08237240075614366,medium,0.9945
1362928610,0,0.8635,7,0.0,0.0,41.57,41.57,45.56,0.0,0.8207955888144938,0.2,0.0,0.0,0.09773156899810963,medium,1.0
6601809,0,0.5179,8,0.3877262519076071,0.0,27.14,39.28,27.14,0.0,0.367073651043718,0.26666666666666666,0.5283958227528398,0.0,0.06363421550094517,high,1.0
15218992,0,1.0,8,0.0,,53.27,53.27,56.91,0.0,1.0,0.26666666666666666,0.0,0.2432,0.12537807183364838,low,0.9999
307264977,0,0.731,8,0.10451286646657464,0.0713,11.4,11.4,17.85,0.0,0.6468425889457791,0.26666666666666666,0.14243080470605582,0.0713,0.026441398865784494,medium,0.9997
14577912,0,0.5043,7,0.49481091239909164,0.1836,55.41,55.41,55.55,0.0,0.3492188525666272,0.2,0.6743314848500503,0.1836,0.13043478260869562,high,1.0
62695885,0,0.7616,8,0.1152172463277584,0.0,9.76,9.76,15.8,0.0,0.6870158855192334,0.26666666666666666,0.15701880223261214,0.0,0.022566162570888462,medium,0.9991
320844396,0,0.7932,8,0.001280898313306809,0.0,30.41,30.41,37.94,0.0,0.7285020349218851,0.26666666666666666,0.0017456164363195059,0.0,0.0713610586011342,medium,1.0
320844399,0,0.6359,7,0.12024547787063217,0.1336,5.78,5.78,8.71,0.0,0.521990284889064,0.2,0.16387130842742528,0.1336,0.013161625708884687,high,0.9301
261406865,0,0.5799,7,0.20616763369441501,0.0,51.42,51.42,56.49,0.0,0.44847052645398444,0.2,0.2809665734393601,0.0,0.12100661625708883,high,1.0
"[14574696, 307592940]",0,0.4935,8,0.5420644205448821,0.1547,110.15,110.15,139.37,0.0,0.3350400420112905,0.26666666666666666,0.7387288688079539,0.1547,0.2597826086956522,high,1.0
966878783,0,0.7247,5,0.09598676264081228,0.0,56.36,56.36,61.36,0.0,0.6385716161218327,0.06666666666666667,0.1308113757307813,0.0,0.13267958412098296,high,1.0
43405592,0,0.9022,7,0.0,0.0,46.88,46.88,52.48,0.0,0.8716029933044505,0.2,0.0,0.0,0.11027882797731568,medium,1.0
43405596,0,0.9938,8,0.0,1.0,38.35,38.35,50.3,0.0,0.9918603124589733,0.26666666666666666,0.0,1.0,0.09012287334593572,low,1.0
8029388,0,0.9818,6,0.0,0.0,98.75,98.83,98.75,0.0,0.9761060785085992,0.13333333333333333,0.0,0.0,0.23284499054820415,medium,0.9988
43405594,0,0.688,6,0.19232988910667267,0.0549,55.79,55.79,64.68,0.0,0.5903899172902717,0.13333333333333333,0.26210840636785077,0.0549,0.13133270321361057,high,1.0
880527065,0,0.6683,10,0.193644144492978,0.5,92.95,97.53,92.95,0.0,0.5645267165550741,0.4,0.2638994820371857,0.5,0.2191398865784499,medium,0.9997
880527065,0,0.3858,10,0.4116005399674726,0.2726,106.77,111.4,106.77,0.0,0.19364579230668236,0.4,0.5609318556367752,0.2726,0.25179584120982984,high,1.0
880527065,0,0.2828,10,0.507625785823362,0.2451,196.61,196.61,198.92,0.0,0.058421950899304166,0.4,0.6917956765398728,0.2451,0.46408317580340264,high,1.0
15106231,0,0.436,9,0.5377376580356956,0.5,205.41,205.41,205.86,0.0,0.2595510043324143,0.3333333333333333,0.7328323291110685,0.5,0.4848771266540642,high,1.0
880527065,0,0.3698,10,0.5472631257347065,0.2799,38.33,38.33,39.75,0.0,0.17264014703951686,0.4,0.7458136975821512,0.2799,0.09007561436672966,high,1.0
880527065,0,0.4249,11,0.5364489436779741,0.3843,132.97,135.14,132.97,0.0,0.24497833792831822,0.4666666666666667,0.7310760609192931,0.3843,0.3137051039697542,high,1.0
880527065,0,0.4912,10,0.43245736460690876,0.4616,222.84,222.84,224.65,0.0,0.33202048050413546,0.4,0.5893556700190749,0.4616,0.526063327032136,high,1.0
880527065,0,0.4249,11,0.5364489436779741,0.3843,132.97,135.14,132.97,0.0,0.24497833792831822,0.4666666666666667,0.7310760609192931,0.3843,0.3137051039697542,high,1.0
880527065,0,0.4298,12,0.2900712391658088,0.0434,45.09,46.49,45.09,0.0,0.2514113167913877,0.5333333333333333,0.39531094508523823,0.0434,0.10604914933837428,high,1.0
993403294,0,0.4714,10,0.4350438197117536,0.2173,110.91,110.91,112.36,0.0,0.3060259944860181,0.4,0.5928805076239927,0.2173,0.261578449905482,high,1.0
44536104,0,0.8243,12,0.056353618120356753,0.0,7.88,7.88,48.14,0.0,0.7693317579099384,0.5333333333333333,0.07679907219411322,0.0,0.018123818525519846,low,1.0
198753639,0,0.6631,9,0.1080686285297469,0.0802,10.2,10.2,16.55,0.0,0.5576998818432454,0.3333333333333333,0.14727662005035952,0.0802,0.023605860113421542,medium,0.9999
14574453,0,0.7388,6,0.18757994569649092,0.0811,49.84,53.14,49.84,0.0,0.6570828410135223,0.13333333333333333,0.25563515302505024,0.0811,0.11727315689981095,high,1.0
1259472699,0,0.8166,6,0.10822612115486739,0.1395,9.26,33.46,9.26,0.0,0.7592227911251149,0.13333333333333333,0.14749125200994082,0.1395,0.021384688090737236,medium,0.9908
62698875,0,0.6197,8,0.15736066153840986,0.0,133.39,133.39,137.83,0.0,0.5007220690560588,0.26666666666666666,0.21445211876531148,0.0,0.3146975425330812,high,1.0
15107393,0,0.9828,7,0.0,0.0449,212.51,212.51,225.78,0.0,0.9774189313377969,0.2,0.0,0.0449,0.5016540642722116,high,0.9892
"[339798862, 62699838]",0,0.8764,6,0.0,0.412,286.23,291.75,286.23,0.0,0.837731390311146,0.13333333333333333,0.0,0.412,0.675850661625709,high,1.0
554230311,0,0.4774,8,0.2029116009962615,0.3091,80.39,80.39,82.21,0.0,0.31390311146120514,0.26666666666666666,0.27652923119599565,0.3091,0.18946124763705102,high,1.0
656511222,0,0.443,8,0.45191278103388877,0.2374,153.39,153.39,190.66,0.0,0.26874097413679926,0.26666666666666666,0.6158696363016131,0.2374,0.36195652173913034,high,1.0
109462882,0,0.5661,8,0.33196631107883284,0.2629,148.93,156.8,148.93,0.0,0.43035315741105423,0.26666666666666666,0.45240581777919986,0.2629,0.3514177693761814,high,1.0
137519638,0,0.3315,8,0.5181911172688195,0.1433,205.44,219.75,205.44,0.0,0.12235788368123933,0.26666666666666666,0.7061941779937009,0.1433,0.4849480151228733,high,1.0
420262318,2,0.5464,10,0.16115382061662048,0.1641,11.4,13.27,11.4,0.18181818181818182,0.4044899566758566,0.4,0.21962146028423735,0.1641,0.026441398865784494,medium,1.0
864835832,1,0.7683,10,0.14821099887240086,0.1683,86.66,106.34,86.66,0.09090909090909091,0.6958119994748588,0.4,0.20198289980340112,0.1683,0.20427693761814744,medium,1.0
"[912795009, 912795010]",0,0.6954,12,0.1250439807550866,0.1737,99.14,122.85,99.14,0.0,0.6001050282263358,0.5333333333333333,0.1704107389331971,0.1737,0.23376654064272212,medium,1.0
912795014,0,1.0,8,0.0,,105.94,105.94,106.7,0.0,1.0,0.26666666666666666,0.0,0.2432,0.24983459357277882,medium,0.8274
912795015,1,0.5751,10,0.13951710307801196,0.0417,22.49,22.49,24.19,0.09090909090909091,0.44216883287383474,0.4,0.19013480285716117,0.0417,0.05264650283553874,medium,0.9994
109462891,0,0.2974,8,0.5515496674195229,0.0,169.85,203.13,169.85,0.0,0.07758960220559273,0.26666666666666666,0.7516554240816317,0.0,0.4008506616257088,high,1.0
554230312,0,0.3434,8,0.4928864377287703,0.0253,196.47,196.47,210.12,0.0,0.13798083234869365,0.26666666666666666,0.6717087984268628,0.0253,0.4637523629489602,high,1.0
423874152,0,0.4846,8,0.20579606223016353,0.0377,144.45,144.45,144.78,0.0,0.3233556518314296,0.26666666666666666,0.28046019346483253,0.0377,0.3408317580340264,high,1.0
1253915890,0,0.6404,8,0.3146301764106377,0.1353,77.25,84.4,77.25,0.0,0.5278981226204542,0.26666666666666666,0.4287800222693878,0.1353,0.18204158790170133,high,1.0
262609370,0,0.7314,10,0.13807490293170885,0.0,88.48,88.48,94.13,0.0,0.6473677300774583,0.4,0.18816936324833713,0.0,0.20857750472589792,medium,0.8051
1253915893,0,0.5022,10,0.36818431232164456,0.0,85.12,102.34,85.12,0.0,0.34646186162531173,0.4,0.5017639421543304,0.0,0.20063799621928166,high,1.0
1253915896,0,0.6223,8,0.3944806701106247,0.1449,170.71,175.78,170.71,0.0,0.5041354864119731,0.26666666666666666,0.5376007871988653,0.1449,0.40288279773156893,high,1.0
1339262632,0,1.0,8,0.0,,146.8,146.8,157.85,0.0,1.0,0.26666666666666666,0.0,0.2432,0.3463846880907372,medium,0.9999
1339262633,0,0.886,8,0.022895922966681286,0.6689,57.17,57.17,59.71,0.0,0.8503347774714454,0.26666666666666666,0.031202710660273032,0.6689,0.13459357277882797,low,1.0
174814863,0,0.6357,8,0.33592514925903877,0.3781,166.46,173.26,166.46,0.0,0.5217277143232244,0.26666666666666666,0.45780094784089537,0.3781,0.3928402646502835,high,1.0
1339262631,0,0.494,8,0.39283164948061416,0.2631,199.95,208.46,199.95,0.0,0.3356964684258894,0.26666666666666666,0.5353534913084171,0.2631,0.47197542533081277,high,1.0
31784766,0,0.7616,8,0.1103547507608528,0.1865,15.7,15.7,19.55,0.0,0.6870158855192334,0.26666666666666666,0.1503921620887836,0.1865,0.03660207939508506,medium,1.0
1339262631,0,0.7659,8,0.2461102296103567,0.0,103.79,109.95,103.79,0.0,0.6926611526847841,0.26666666666666666,0.33540059932243993,0.0,0.24475425330812856,high,1.0
43405586,1,0.6779,7,0.0,0.4008,78.65,78.65,93.2,0.09090909090909091,0.5771301037153734,0.2,0.0,0.4008,0.18534971644612477,medium,1.0
43405588,0,0.9107,7,0.0,0.5,67.1,69.47,67.1,0.0,0.8827622423526321,0.2,0.0,0.5,0.15805765595463137,low,0.9326
137216213,0,0.8411,7,0.02186175104927749,0.0,29.98,29.98,119.81,0.0,0.7913876854404621,0.2,0.029793334538651333,0.0,0.07034499054820414,medium,1.0
511224733,0,0.9305,6,0.0,0.0,36.2,36.2,111.15,0.0,0.9087567283707495,0.13333333333333333,0.0,0.0,0.08504253308128544,medium,1.0
1362932432,0,0.5091,8,0.4755801286651937,0.3281,106.5,113.59,106.5,0.0,0.3555205461467769,0.26666666666666666,0.6481236494423093,0.3281,0.2511578449905482,high,1.0
1436493065,0,0.4696,10,0.4693734225500065,0.2468,149.77,159.34,149.77,0.0,0.303662859393462,0.4,0.6396651105422894,0.2468,0.3534026465028355,high,1.0
864835833,0,0.6039,8,0.3646880704672766,0.1469,162.51,172.6,162.51,0.0,0.4799789943547328,0.26666666666666666,0.49699924133231355,0.1469,0.38350661625708876,high,1.0
1253915892,0,0.3531,8,0.5280404320096163,0.0,233.01,233.01,237.91,0.0,0.15071550479191284,0.26666666666666666,0.7196168872902979,0.0,0.550094517958412,high,1.0
133150561,0,0.3875,8,0.4728695192990937,0.0,195.05,213.72,195.05,0.0,0.19587764211631875,0.26666666666666666,0.6444296136138989,0.0,0.46039697542533076,high,1.0
864835831,0,0.3333,8,0.5339505621418619,0.1628,182.07,193.86,182.07,0.0,0.12472101877379542,0.26666666666666666,0.7276712505386973,0.1628,0.42972589792060484,high,1.0
43405585,0,0.5652,12,0.09972503952554666,0.4299,69.16,84.02,69.16,0.0,0.42917158986477616,0.5333333333333333,0.13590592344445493,0.4299,0.16292533081285443,medium,0.9967
864835831,0,0.4507,10,0.43589988905135685,0.0,141.82,157.96,141.82,0.0,0.27884994092162263,0.4,0.5940471644103403,0.0,0.33461720226843095,high,1.0
"[912795009, 912795010]",0,0.6954,12,0.1250439807550866,0.1737,99.14,122.85,99.14,0.0,0.6001050282263358,0.5333333333333333,0.1704107389331971,0.1737,0.23376654064272212,medium,1.0
980937716,0,0.5148,10,0.38567905541099845,0.4733,185.66,198.22,185.66,0.0,0.3630038072732047,0.4,0.5256058902377208,0.4733,0.43820888468809066,high,1.0
1339262631,0,0.4293,8,0.47900419219197926,0.2778,96.79,105.6,96.79,0.0,0.2507548903767888,0.26666666666666666,0.6527899851765865,0.2778,0.22821361058601133,high,1.0
31784764,0,0.7809,7,0.0,0.0,61.93,65.42,61.93,0.0,0.7123539451227516,0.2,0.0,0.0,0.14584120982986765,medium,0.9923
31784765,0,1.0,8,0.0,,74.65,74.65,98.23,0.0,1.0,0.26666666666666666,0.0,0.2432,0.17589792060491494,low,0.9912
31784763,0,1.0,8,0.0,,57.98,57.98,123.88,0.0,1.0,0.26666666666666666,0.0,0.2432,0.13650756143667295,low,0.9997
109462878,1,0.5735,8,0.15973636551424622,0.0,96.2,96.2,152.81,0.09090909090909091,0.44006826834711826,0.26666666666666666,0.21768974337998,0.0,0.2268194706994329,high,1.0
864835833,0,0.408,10,0.48785334740930525,0.3987,155.94,161.92,155.94,0.0,0.22279112511487456,0.4,0.6648496706601498,0.3987,0.36798204158790165,high,1.0
912795012,0,0.3707,8,0.5254998222317557,0.5,185.93,185.93,210.67,0.0,0.17382171458579487,0.26666666666666666,0.7161545279910199,0.5,0.43884688090737234,high,1.0
656511222,0,0.3958,8,0.5005903019546085,0.1569,123.37,128.45,123.37,0.0,0.20677432059866085,0.26666666666666666,0.682207674001989,0.1569,0.2910207939508507,high,1.0
1253915891,0,0.4046,8,0.5324518262145924,0.1885,199.09,204.96,199.09,0.0,0.21832742549560194,0.26666666666666666,0.7256287636049843,0.1885,0.46994328922495265,high,1.0
656511222,0,0.4503,8,0.48435234678686495,0.1426,152.62,152.62,178.08,0.0,0.2783247997899435,0.26666666666666666,0.660078484558484,0.1426,0.3601370510396975,high,1.0
656511223,0,0.3983,8,0.5240167930267234,0.4239,225.39,225.39,234.66,0.0,0.21005645267165546,0.26666666666666666,0.7141334462791056,0.4239,0.5320888468809073,high,1.0
656511222,0,0.4369,8,0.46645918184396934,0.0246,159.52,170.61,159.52,0.0,0.26073257187869237,0.26666666666666666,0.6356935646178383,0.0246,0.3764413988657845,high,1.0
657562138,0,0.4429,10,0.48440679244490686,0.0,74.76,88.03,74.76,0.0,0.2686096888538795,0.4,0.6601526834504466,0.0,0.1761578449905482,high,1.0
656511222,0,0.3854,8,0.5098241760249365,0.2545,156.41,156.41,203.33,0.0,0.1931206511750033,0.26666666666666666,0.6947916568057887,0.2545,0.36909262759924377,high,1.0
864835831,0,0.4347,10,0.4591959694764239,0.0,78.64,78.64,190.08,0.0,0.25784429565445705,0.4,0.6257952122212812,0.0,0.18532608695652172,high,1.0
137519638,0,0.3965,8,0.4563447661702179,0.3799,62.74,77.47,62.74,0.0,0.20769331757909937,0.26666666666666666,0.6219095740696057,0.3799,0.14775519848771265,high,1.0
864835831,0,0.3923,8,0.4938765896988859,0.3875,156.48,169.58,156.48,0.0,0.20217933569646837,0.26666666666666666,0.6730581838820017,0.3875,0.36925803402646495,high,1.0
137519638,0,0.4157,8,0.4634667314247929,0.146,68.49,68.49,83.1,0.0,0.23290009189969804,0.26666666666666666,0.631615433994729,0.146,0.1613421550094518,high,1.0
554230311,0,0.4798,8,0.19089943545467425,0.2445,123.07,123.07,123.63,0.0,0.31705395825128,0.26666666666666666,0.2601589749568004,0.2445,0.2903119092627599,high,1.0
137519638,0,0.377,8,0.5003901879240431,0.1996,194.56,194.56,209.71,0.0,0.18209268740974136,0.26666666666666666,0.6819349573177181,0.1996,0.45923913043478254,high,1.0
657562138,0,0.3729,8,0.5500742382849116,0.2297,155.34,155.34,168.81,0.0,0.1767099908100302,0.26666666666666666,0.7496446997944297,0.2297,0.36656427221172017,high,1.0
137519638,0,0.4064,8,0.4719012140143988,0.3352,252.79,252.79,257.86,0.0,0.22069056058815803,0.26666666666666666,0.6431100009617635,0.3352,0.5968336483931946,high,1.0
656511223,0,0.3783,8,0.5429117928718379,0.0,187.96,187.96,200.86,0.0,0.18379939608769857,0.26666666666666666,0.7398836732496878,0.0,0.44364366729678634,high,1.0
133150561,0,0.3737,8,0.489143553579473,0.0,189.48,189.48,205.76,0.0,0.17776027307338843,0.26666666666666666,0.6666079719034945,0.0,0.447235349716446,high,1.0
656511223,0,0.4663,10,0.4499666298100305,0.0,93.59,93.59,103.57,0.0,0.29933044505710904,0.4,0.6132174089322445,0.0,0.22065217391304348,high,1.0
133150561,0,0.4441,8,0.4679918867578458,0.0908,150.82,150.82,158.76,0.0,0.27018511224891684,0.26666666666666666,0.6377823447043568,0.0908,0.35588374291115304,high,1.0
657562138,0,0.3889,8,0.5111417674922768,0.0,178.32,178.32,189.41,0.0,0.19771563607719575,0.26666666666666666,0.6965872789077538,0.0,0.4208648393194706,high,1.0
864835835,0,0.4222,10,0.48711057734225405,0.0,106.02,106.02,172.54,0.0,0.24143363528948406,0.4,0.6638374188490724,0.0,0.250023629489603,high,1.0
1033253630,0,0.5149,14,0.17963147749994324,0.1526,16.54,16.54,105.14,0.0,0.3631350925561245,0.6666666666666666,0.24480292958989217,0.1526,0.03858695652173912,medium,0.998
1033253630,0,0.4884,12,0.19953222931085599,0.0,37.16,37.16,39.26,0.0,0.32834449258238146,0.5333333333333333,0.27192380178977893,0.0,0.08731096408317579,high,0.7245
4645470,0,0.4792,12,0.18311124789804192,0.1875,139.37,139.37,139.8,0.0,0.3162662465537613,0.5333333333333333,0.24954518300566678,0.1875,0.3288279773156899,high,1.0
864834452,0,0.4505,10,0.46299378813352876,0.0251,93.42,93.42,97.2,0.0,0.2785873703557831,0.4,0.630970903844208,0.0251,0.22025047258979205,high,1.0
1033253630,0,0.4884,12,0.19953222931085599,0.0,37.16,37.16,39.26,0.0,0.32834449258238146,0.5333333333333333,0.27192380178977893,0.0,0.08731096408317579,high,0.7245
208134359,0,0.3668,10,0.5174602245318447,0.0,82.08,96.92,82.08,0.0,0.16870158855192333,0.4,0.7051981126842259,0.0,0.1934546313799622,high,1.0
262609370,0,0.3955,8,0.49704274916986774,0.0,158.67,172.17,158.67,0.0,0.20638046474990154,0.26666666666666666,0.6773730463149813,0.0,0.3744328922495273,high,1.0
262609370,0,0.3824,8,0.49568671417345617,0.0923,173.84,181.66,173.84,0.0,0.18918209268740974,0.26666666666666666,0.6755250331250432,0.0923,0.41027882797731563,high,1.0
864835835,0,0.3497,8,0.5100414747640697,0.0,263.79,263.79,271.66,0.0,0.14625180517264014,0.26666666666666666,0.6950877929211086,0.0,0.6228260869565218,high,1.0
43405589,0,0.4786,12,0.19098693004696315,0.036,197.55,197.55,198.23,0.0,0.3154785348562426,0.5333333333333333,0.2602782131483117,0.036,0.46630434782608693,high,1.0
262609370,0,0.4035,10,0.44834232969973414,0.023,184.91,184.91,210.2,0.0,0.2168832873834843,0.4,0.611003802324606,0.023,0.4364366729678638,high,1.0
674769137,0,0.5332,14,0.17744536047058562,0.0,87.64,98.92,87.64,0.0,0.38716029933044505,0.6666666666666666,0.24182367528178647,0.0,0.20659262759924385,medium,0.9994
6601813,0,0.3995,8,0.6319613940006303,0.0375,85.65,92.18,85.65,0.0,0.21163187606669293,0.26666666666666666,0.8612410407809249,0.0375,0.20189035916824197,high,1.0
262609370,0,0.3149,8,0.5433145305055339,0.0,104.34,114.0,104.34,0.0,0.10056452671655507,0.26666666666666666,0.7404325266798163,0.0,0.2460538752362949,high,1.0
6601813,0,0.3995,8,0.6319613940006304,0.0375,85.65,92.18,85.65,0.0,0.21163187606669293,0.26666666666666666,0.8612410407809251,0.0375,0.20189035916824197,high,1.0
248729535,0,0.4302,8,0.47663355993135814,0.0643,124.01,124.01,136.74,0.0,0.25193645792306685,0.26666666666666666,0.6495592723279403,0.0643,0.29253308128544425,high,1.0
208134359,0,0.3885,8,0.5366994401999836,0.0862,161.05,162.85,161.05,0.0,0.1971904949455166,0.26666666666666666,0.7314174391860282,0.0862,0.3800567107750472,high,1.0
248729535,0,0.3344,8,0.5376096248209578,0.0139,260.83,260.83,265.98,0.0,0.12616515688591304,0.26666666666666666,0.7326578446248924,0.0139,0.6158317580340265,high,1.0
320844400,0,0.6462,14,0.17304030966788714,0.3291,11.36,11.36,17.65,0.0,0.5355126690298017,0.6666666666666666,0.23582044379640701,0.3291,0.026346880907372396,low,1.0
320844404,0,0.6135,14,0.1619196960946319,0.1477,23.49,23.49,27.4,0.0,0.4925823815150322,0.6666666666666666,0.22066520029755607,0.1477,0.0550094517958412,low,0.9199
674769137,0,0.5332,14,0.17744536047058565,0.0,87.64,98.92,87.64,0.0,0.38716029933044505,0.6666666666666666,0.24182367528178653,0.0,0.20659262759924385,medium,0.9994
1033253630,0,0.5149,14,0.17963147749994324,0.1526,16.54,16.54,105.14,0.0,0.3631350925561245,0.6666666666666666,0.24480292958989217,0.1526,0.03858695652173912,medium,0.998
"[1362932433, 107088310]",0,0.6631,10,0.2980744917783292,0.1767,136.54,144.28,136.54,0.0,0.5576998818432454,0.4,0.40621782907383963,0.1767,0.32214083175803393,high,1.0
320844404,0,0.6394,12,0.1153087790268196,0.1468,93.75,98.34,93.75,0.0,0.5265852697912563,0.5333333333333333,0.1571435435819308,0.1468,0.22103024574669186,medium,1.0
320844404,0,0.6135,14,0.16191969609463186,0.1477,23.49,23.49,27.4,0.0,0.4925823815150322,0.6666666666666666,0.220665200297556,0.1477,0.0550094517958412,low,0.9199
674769136,0,0.4167,10,0.5082749331158726,0.0318,173.11,179.95,173.11,0.0,0.2342129447288959,0.4,0.6926803386333635,0.0318,0.4085538752362949,high,1.0
107088310,0,0.4339,10,0.4304171289925563,0.0,146.82,146.82,155.78,0.0,0.25679401339109886,0.4,0.5865752238389377,0.0,0.34643194706994324,high,1.0
107088310,0,0.3683,8,0.4892817845336185,0.0,119.43,134.44,119.43,0.0,0.1706708677957201,0.26666666666666666,0.6667963539343379,0.0,0.281710775047259,high,1.0
107088313,0,0.4295,10,0.45403188637434894,0.0,139.94,146.45,139.94,0.0,0.2510174609426283,0.4,0.6187575666503149,0.0,0.3301748582230623,high,1.0
661062880,0,0.6319,8,0.15944399776399534,0.0,9.43,67.24,9.43,0.0,0.5167388735722726,0.26666666666666666,0.21729130273485955,0.0,0.021786389413988652,high,0.9974
674769136,0,0.3867,8,0.4957935497290346,0.1535,59.22,59.22,70.76,0.0,0.19482735985296043,0.26666666666666666,0.6756706293053673,0.1535,0.13943761814744798,high,1.0
674769136,0,1.0,7,0.0,,19.86,19.86,61.59,0.0,1.0,0.2,0.0,0.2432,0.04643194706994328,low,0.9998
661062881,0,0.5337,10,0.26083176391636725,0.0,3.47,3.47,7.04,0.0,0.3878167257450439,0.4,0.3554632006901241,0.0,0.007703213610586011,high,0.9999
44536103,0,0.5158,12,0.19777472864111903,0.0,36.89,36.89,40.26,0.0,0.36431666010240255,0.5333333333333333,0.26952866860546304,0.0,0.08667296786389413,medium,0.7506
131451848,0,0.641,10,0.2595175026792037,0.2705,91.62,91.62,106.98,0.0,0.5286858343179729,0.4,0.35367211704720203,0.2705,0.21599716446124764,high,0.9994
555431527,0,1.0,12,0.0,,21.27,21.27,48.87,0.0,1.0,0.5333333333333333,0.0,0.2432,0.04976370510396975,low,1.0
320844404,0,0.6394,12,0.11530877902681962,0.1468,93.75,98.34,93.75,0.0,0.5265852697912563,0.5333333333333333,0.15714354358193083,0.1468,0.22103024574669186,medium,1.0
555431520,0,0.5354,10,0.274327891137366,0.0199,6.29,11.75,6.29,0.0,0.39004857555468025,0.4,0.37385580942329794,0.0199,0.01436672967863894,high,1.0
555431527,0,1.0,12,0.0,,21.27,21.27,48.87,0.0,1.0,0.5333333333333333,0.0,0.2432,0.04976370510396975,low,1.0
417988253,0,0.618,8,0.19403449724611058,0.1852,249.87,249.87,251.5,0.0,0.49849021924642245,0.26666666666666666,0.2644314572726528,0.1852,0.5899338374291114,high,1.0
857656533,0,0.5052,8,0.38184144609263826,0.0136,156.97,197.01,156.97,0.0,0.3504004201129053,0.26666666666666666,0.5203759716464408,0.0136,0.37041587901701317,high,1.0
"[131451848, 489076546]",0,0.6615,8,0.15463902058501885,0.0,90.12,90.12,133.25,0.0,0.5555993173165288,0.26666666666666666,0.21074304901899066,0.0,0.21245274102079395,high,1.0
857656533,0,1.0,8,0.0,,171.89,171.89,186.36,0.0,1.0,0.26666666666666666,0.0,0.2432,0.4056710775047258,medium,1.0
14567301,0,0.4491,10,0.49616633551092587,0.0,171.93,177.26,171.93,0.0,0.2767493763949061,0.4,0.6761786641597622,0.0,0.40576559546313795,high,1.0
1339262631,0,0.467,8,0.4261448554495073,0.0,193.97,193.97,198.06,0.0,0.3002494420375476,0.26666666666666666,0.5807529420545655,0.0,0.4578449905482041,high,1.0
174814863,0,0.3725,8,0.5166882193605357,0.0,163.88,163.88,180.1,0.0,0.17618484967835102,0.26666666666666666,0.704146019085569,0.0,0.38674385633270314,high,1.0
367214521,0,0.5495,8,0.25537917303931934,0.0,90.82,90.82,178.85,0.0,0.4085598004463699,0.26666666666666666,0.34803237487310174,0.0,0.21410680529300566,high,1.0
174814863,0,1.0,8,0.0,,142.29,142.29,194.22,0.0,1.0,0.26666666666666666,0.0,0.2432,0.33572778827977307,medium,0.9999
429692900,0,0.6231,8,0.2579650822211049,0.5681,70.67,70.67,130.21,0.0,0.5051857686753314,0.26666666666666666,0.35155646849057315,0.5681,0.16649338374291114,high,0.9985
"[417988254, 417988255]",0,1.0,8,0.0,,144.97,144.97,158.66,0.0,1.0,0.26666666666666666,0.0,0.2432,0.3420604914933837,medium,0.9999
429692900,0,0.6416,8,0.25873009244808104,0.4503,191.2,191.2,206.14,0.0,0.5294735460154916,0.26666666666666666,0.35259902933423176,0.4503,0.45129962192816625,high,1.0
657562135,0,0.3555,8,0.5712655449857477,0.233,125.66,125.66,141.23,0.0,0.1538663515819876,0.26666666666666666,0.7785243484751806,0.233,0.29643194706994325,high,1.0
1339262631,0,0.4942,7,0.408186342045014,0.0644,126.83,126.83,135.3,0.0,0.33595903899172896,0.2,0.556278964811347,0.0644,0.29919659735349713,high,1.0
657562133,0,0.5332,12,0.17060030597230197,0.0,94.48,94.48,95.06,0.0,0.38716029933044505,0.5333333333333333,0.23249519111128336,0.0,0.22275519848771266,high,0.9897
657562135,0,0.4393,10,0.4795393827528595,0.132,90.02,99.78,90.02,0.0,0.26388341866876724,0.4,0.6535193463053585,0.132,0.21221644612476367,high,1.0
43405584,0,0.5555,12,0.16109974128089255,0.1152,23.11,23.11,25.45,0.0,0.416436917421557,0.5333333333333333,0.21954776061867357,0.1152,0.054111531190926265,medium,1.0
657562133,0,0.5332,12,0.17060030597230197,0.0,94.48,94.48,95.06,0.0,0.38716029933044505,0.5333333333333333,0.23249519111128336,0.0,0.22275519848771266,high,0.9897
657562143,0,0.5961,12,0.14442262442053003,0.0,72.22,72.22,87.24,0.0,0.46973874228698953,0.5333333333333333,0.19682007880393695,0.0,0.17015595463137995,medium,0.997
657562138,0,0.4482,10,0.4827884321018595,0.0,133.89,133.89,149.91,0.0,0.275567808848628,0.4,0.6579471715957094,0.0,0.31587901701323245,high,1.0
657562143,0,0.5961,12,0.14442262442053003,0.0,72.22,72.22,87.24,0.0,0.46973874228698953,0.5333333333333333,0.19682007880393695,0.0,0.17015595463137995,medium,0.997
43405583,0,0.5583,10,0.15341804009685034,0.1864,130.01,130.01,131.14,0.0,0.420112905343311,0.4,0.2090790889790481,0.1864,0.3067107750472589,high,1.0
43405585,0,0.5652,12,0.09972503952554662,0.4299,69.16,84.02,69.16,0.0,0.42917158986477616,0.5333333333333333,0.13590592344445487,0.4299,0.16292533081285443,medium,0.9967
4645470,0,0.4792,12,0.18311124789804192,0.1875,139.37,139.37,139.8,0.0,0.3162662465537613,0.5333333333333333,0.24954518300566678,0.1875,0.3288279773156899,high,1.0
4645470,0,0.5684,18,0.1509104118463373,0.381,7.65,7.65,12.03,0.0,0.4333727189182093,0.9333333333333333,0.20566167711676375,0.381,0.017580340264650284,low,1.0
864835830,0,0.4563,10,0.4436467721252091,0.1734,92.62,92.62,92.8,0.0,0.28620191676513057,0.4,0.604604666347438,0.1734,0.2183601134215501,high,1.0
864835833,0,0.3591,8,0.5303502952008017,0.2645,212.57,219.79,212.57,0.0,0.15859262176709985,0.26666666666666666,0.7227647836613792,0.2645,0.5017958412098298,high,1.0
1454458569,0,0.6774,8,0.25758264504823836,0.2186,84.93,93.56,84.93,0.0,0.5764736773007746,0.26666666666666666,0.3510352806586585,0.2186,0.20018903591682422,high,1.0
248729535,0,0.6047,8,0.20805263470822385,0.3107,181.87,181.87,191.02,0.0,0.4810292766180911,0.26666666666666666,0.28353546491029097,0.3107,0.42925330812854434,high,1.0
864835835,0,0.6497,7,0.21615765489077338,0.3891,193.04,193.04,200.0,0.0,0.5401076539319942,0.2,0.2945810383960068,0.3891,0.4556474480151228,high,1.0
43405589,0,0.4786,12,0.19098693004696318,0.036,197.55,197.55,198.23,0.0,0.3154785348562426,0.5333333333333333,0.26027821314831173,0.036,0.46630434782608693,high,1.0
43405589,0,0.4855,10,0.1904777384727155,0.1783,34.59,34.59,36.73,0.0,0.3245372193777077,0.4,0.25958428360526514,0.1783,0.08123818525519849,high,0.9952
44336478,0,0.4899,6,0.20139813637622217,0.1172,151.39,151.39,152.43,0.0,0.33031377182617827,0.13333333333333333,0.2744666719053146,0.1172,0.35723062381852544,high,1.0
320844400,0,0.6864,10,0.07118705947378001,0.1235,76.8,76.8,148.83,0.0,0.5882893527635552,0.4,0.09701418120371882,0.1235,0.1809782608695652,medium,1.0
320844400,0,0.4871,12,0.19955326432595244,0.0,173.44,174.9,173.44,0.0,0.3266377839044243,0.5333333333333333,0.2719524684432589,0.0,0.40933364839319464,high,1.0
1253915895,0,0.3707,10,0.5046080906858551,0.0,124.22,124.22,245.5,0.0,0.17382171458579487,0.4,0.6876831422527176,0.0,0.29302930056710774,high,1.0
341274832,0,0.4055,6,0.42632605488109754,0.5,283.73,284.8,283.73,0.0,0.21950899304188,0.13333333333333333,0.5809998818020455,0.5,0.6699432892249527,high,1.0
62298639,0,0.3942,8,0.47958525938110874,0.0,155.16,157.36,155.16,0.0,0.2046737560719443,0.26666666666666666,0.6535818672685628,0.0,0.3661389413988657,high,1.0
71079644,0,0.4232,7,0.4348668761959281,0.0,206.17,206.17,226.49,0.0,0.24274648811868188,0.2,0.5926393678658117,0.0,0.486672967863894,high,1.0
23614622,0,0.6035,10,0.3374467005698788,0.095,41.99,51.64,41.99,0.0,0.4794538532230537,0.4,0.45987452772566306,0.095,0.09872400756143666,high,1.0
44572473,0,0.4684,10,0.5002323562456296,0.0,77.37,87.03,77.37,0.0,0.3020874359984245,0.4,0.6817198632941346,0.0,0.18232514177693762,high,1.0
44572475,0,0.5846,14,0.15134078945258603,0.0,9.53,9.53,15.5,0.0,0.45464093475121437,0.6666666666666666,0.20624819847875392,0.0,0.022022684310018897,medium,0.8962
44572477,0,0.4799,10,0.4415641971848266,0.1378,50.27,50.27,50.59,0.0,0.3171852435341998,0.4,0.601766519862247,0.1378,0.11828922495274101,high,1.0
"[137216216, 137206573]",0,0.5098,10,0.18087669221937802,0.0214,70.08,70.08,75.09,0.0,0.35643954312721543,0.4,0.24649991619562883,0.0214,0.1650992438563327,high,1.0
4526390,1,0.3857,10,0.47162363560335296,0.0705,95.17,95.17,96.07,0.09090909090909091,0.1935145070237626,0.4,0.642731715322962,0.0705,0.22438563327032135,high,1.0
685989635,0,0.5054,10,0.4077500519984894,0.0468,68.71,91.9,68.71,0.0,0.35066299067874485,0.4,0.55568438593783,0.0468,0.16186200378071833,high,1.0
109462888,0,0.5404,11,0.16449720335015963,0.1266,14.21,14.21,72.68,0.0,0.3966128397006695,0.4666666666666667,0.2241778437160382,0.1266,0.0330812854442344,medium,0.9997
4638125,0,0.4398,10,0.5221572374409361,0.4178,70.24,70.24,85.32,0.0,0.26453984508336614,0.4,0.7115992320006748,0.4178,0.16547731568998109,high,1.0
137519639,0,0.5197,11,0.17182872106130292,0.2662,87.45,87.45,151.14,0.0,0.3694367861362742,0.4666666666666667,0.23416928307292165,0.2662,0.20614366729678638,high,0.7614
44335829,0,0.5681,11,0.12322842473988983,0.3501,16.79,16.79,23.43,0.0,0.43297886306944994,0.4666666666666667,0.167936487551755,0.3501,0.039177693761814736,medium,0.9997
1117963154,0,0.6241,10,0.09313830383957251,0.5,61.89,61.89,63.03,0.0,0.5064986215045293,0.4,0.12692947780807548,0.5,0.14574669187145556,medium,0.9999
4638448,0,0.3915,6,0.5916600250296769,0.0703,138.75,138.75,143.76,0.0,0.20112905343311013,0.13333333333333333,0.806318076677511,0.0703,0.3273629489603024,high,1.0
14567208,0,0.5261,9,0.39151408621744715,0.1769,138.35,138.35,158.59,0.0,0.3778390442431403,0.3333333333333333,0.5335579076432803,0.1769,0.3264177693761814,high,1.0
44536104,0,0.8243,12,0.05635361812035674,0.0,7.88,7.88,48.14,0.0,0.7693317579099384,0.5333333333333333,0.07679907219411321,0.0,0.018123818525519846,low,1.0
"[914432553, 45314138, 554357605]",0,0.6083,13,0.10430895668035509,0.4365,20.11,20.11,21.82,0.0,0.48575554680320326,0.6,0.14215291514163572,0.4365,0.047022684310018895,low,1.0
"[616782729, 616782730, 862385659]",0,0.5846,13,0.13629997831524981,0.5133,36.7,36.7,39.64,0.0,0.45464093475121437,0.6,0.18575048459768123,0.5133,0.08622400756143667,low,0.9998
"[15210632, 341917121, 415379673]",0,1.0,6,0.0,,238.45,279.11,238.45,0.0,1.0,0.13333333333333333,0.0,0.2432,0.5629489603024573,high,0.9987
181097393,0,0.8279,6,0.13799699633331824,1.0,36.82,36.82,128.78,0.0,0.7740580280950504,0.13333333333333333,0.1880631916364023,1.0,0.08650756143667296,medium,0.547
880527065,3,0.5311,11,0.30365538885733495,0.4077,146.98,151.21,146.98,0.2727272727272727,0.38440330838912956,0.4666666666666667,0.41382351140577234,0.4077,0.3468100189035916,high,0.9818
14574531,1,0.415,10,0.5131494033725448,0.4021,178.95,180.49,178.95,0.09090909090909091,0.2319810949192595,0.4,0.6993232979612047,0.4021,0.42235349716446113,high,1.0
880527065,0,0.4342,11,0.5421019149576857,0.458,146.47,146.47,156.7,0.0,0.25718786923985815,0.4666666666666667,0.7387799664341901,0.458,0.3456049149338374,high,1.0
"[71270044, 1454391430, 358916471]",0,0.9531,6,0.0,1.0,25.4,25.4,170.91,0.0,0.9384272023106208,0.13333333333333333,0.0,1.0,0.05952268431001889,low,1.0
6601787,0,0.3842,6,0.5056199538812891,0.0,120.63,137.2,120.63,0.0,0.19154522777996583,0.13333333333333333,0.6890621159049636,0.0,0.2845463137996219,high,1.0
102494324,0,0.7059,7,0.12079740231567364,0.3908,146.99,146.99,147.75,0.0,0.6138899829329131,0.2,0.16462347460085372,0.3908,0.3468336483931947,high,1.0
14567503,0,0.4973,8,0.4357118290721071,0.3779,99.09,99.09,107.1,0.0,0.34002888276224236,0.26666666666666666,0.5937908750645102,0.3779,0.23364839319470698,high,1.0
102494324,0,0.5676,7,0.171434979856317,0.0291,29.43,29.43,32.05,0.0,0.43232243665485093,0.2,0.23363269003353723,0.0291,0.0690453686200378,high,1.0
133150561,0,0.46,8,0.4849667036734994,0.0812,148.21,155.66,148.21,0.0,0.29105947223316264,0.26666666666666666,0.6609157340637211,0.0812,0.34971644612476366,high,1.0
554230311,0,0.5537,10,0.15580098319325036,0.0726,49.47,49.47,52.34,0.0,0.41407378232900083,0.4,0.21232657911364836,0.0726,0.11639886578449904,high,0.9698
1339262631,0,0.7115,8,0.24274555934755637,0.0136,96.95,96.95,106.19,0.0,0.6212419587764212,0.26666666666666666,0.330815205109236,0.0136,0.22859168241965974,high,1.0
43405583,0,0.6856,8,0.10618827239180456,0.5,12.84,12.84,18.47,0.0,0.5872390705001969,0.26666666666666666,0.14471405864604903,0.5,0.029844045368620033,medium,1.0
320362512,0,1.0,8,0.0,,35.24,35.24,43.96,0.0,1.0,0.26666666666666666,0.0,0.2432,0.08277410207939508,low,1.0
429692900,0,0.6663,8,0.2503510061950961,0.3112,33.06,41.33,33.06,0.0,0.5619010108966784,0.26666666666666666,0.34117995685002445,0.3112,0.07762287334593572,high,0.9957
320362511,0,0.5778,9,0.16629902332791272,0.0,107.76,108.5,107.76,0.0,0.44571353551266896,0.3333333333333333,0.22663337553755697,0.0,0.2541351606805293,high,1.0
417988256,0,0.5346,12,0.16158975253210847,0.1005,73.17,86.48,73.17,0.0,0.38899829329132196,0.5333333333333333,0.22021555109448093,0.1005,0.1724007561436673,medium,0.9634
420655420,1,0.6087,12,0.1485600942882673,0.0,0.81,0.81,13.58,0.09090909090909091,0.4862806879348825,0.5333333333333333,0.2024586492750411,0.0,0.0014177693761814746,medium,0.9986
355812629,0,1.0,8,0.0,,175.87,175.87,191.73,0.0,1.0,0.26666666666666666,0.0,0.2432,0.41507561436672963,medium,1.0
417988253,0,0.756,10,0.06894244706787508,0.3343,101.99,101.99,116.02,0.0,0.6796639096757254,0.4,0.09395520902129877,0.3343,0.2405009451795841,medium,1.0
131451848,0,0.6258,8,0.25766508917966224,0.1768,249.91,249.91,259.9,0.0,0.5087304713141657,0.26666666666666666,0.3511476360497123,0.1768,0.5900283553875235,high,1.0
355812629,0,0.4002,8,0.5024983086675574,0.2588,166.3,174.55,166.3,0.0,0.21255087304713138,0.26666666666666666,0.6848079177872533,0.2588,0.39246219281663514,high,1.0
864835834,0,0.4097,8,0.5442561558223669,0.2252,220.22,220.22,228.96,0.0,0.22502297492451095,0.26666666666666666,0.7417157797006394,0.2252,0.5198724007561436,high,1.0
912795012,0,0.3936,10,0.47570786269679205,0.2477,98.33,98.33,106.59,0.0,0.20388604437442562,0.4,0.6482977261997841,0.2477,0.23185255198487711,high,1.0
864834452,0,0.3907,8,0.5201738198267783,0.2279,235.8,245.96,235.8,0.0,0.20007877116975184,0.26666666666666666,0.7088962177556009,0.2279,0.5566871455576559,high,1.0
864835834,0,0.3415,8,0.5267069372800794,0.0511,162.33,174.41,162.33,0.0,0.1354864119732178,0.26666666666666666,0.717799592120617,0.0511,0.38308128544423437,high,1.0
864835834,0,0.4532,10,0.49107679720785896,0.0,121.74,130.57,121.74,0.0,0.28213207299461723,0.4,0.6692426087189716,0.0,0.2871691871455576,high,1.0
1253915892,0,0.4199,10,0.5009915978335989,0.0259,70.57,70.57,156.93,0.0,0.23841407378232896,0.4,0.682754562599558,0.0259,0.1662570888468809,high,1.0
320844400,0,0.4871,12,0.1995532643259524,0.0,173.44,174.9,173.44,0.0,0.3266377839044243,0.5333333333333333,0.2719524684432588,0.0,0.40933364839319464,high,1.0
320844400,0,0.7319,12,0.14998427945530113,0.3255,72.92,73.8,72.92,0.0,0.6480241564920571,0.5333333333333333,0.20439953795457924,0.3255,0.17181001890359168,medium,0.9485
355812629,0,0.5518,10,0.40143110390425396,0.0906,125.04,134.45,125.04,0.0,0.4115793619535249,0.4,0.5470728829489075,0.0906,0.29496691871455577,high,1.0
355812629,0,0.6851,8,0.3195576975012249,0.0578,214.47,214.47,232.35,0.0,0.586582644085598,0.26666666666666666,0.4354952796139259,0.0578,0.5062854442344045,high,1.0
1362932432,0,0.3766,8,0.5253426425921589,0.0,245.86,255.14,245.86,0.0,0.18156754627806218,0.26666666666666666,0.7159403225701175,0.0,0.5804584120982986,high,1.0
429692902,0,1.0,8,0.0,,7.65,7.65,91.12,0.0,1.0,0.26666666666666666,0.0,0.2432,0.017580340264650284,low,1.0
429692904,0,0.7042,8,0.02184653400042411,0.4275,18.99,94.92,18.99,0.0,0.6116581331232769,0.26666666666666666,0.029772596646880548,0.4275,0.04437618147448014,medium,0.9667
137519640,0,1.0,8,0.0,,45.1,45.1,46.86,0.0,1.0,0.26666666666666666,0.0,0.2432,0.1060727788279773,low,1.0
137519646,0,0.737,8,0.2261960428366392,0.2962,78.7,78.7,117.0,0.0,0.6547197059209662,0.26666666666666666,0.30826141786907874,0.2962,0.18546786389413988,high,0.9982
417988260,0,1.0,12,0.0,,51.4,51.4,53.23,0.0,1.0,0.5333333333333333,0.0,0.2432,0.12095935727788278,low,1.0
417988258,3,0.5285,12,0.17369726599510377,0.0,15.75,15.75,22.55,0.2727272727272727,0.3809898910332151,0.5333333333333333,0.2367157480924778,0.0,0.03672022684310018,medium,0.9996
429692905,6,0.5449,10,0.20277457973721916,0.2202,14.84,14.84,24.18,0.5454545454545454,0.4025206774320599,0.4,0.2763424977453972,0.2202,0.03456994328922495,low,0.9196
8028969,0,0.4118,6,0.5429767956445466,0.3774,88.01,88.01,97.57,0.0,0.2277799658658264,0.13333333333333333,0.7399722594452257,0.3774,0.20746691871455578,high,1.0
8029226,0,0.565,7,0.4786742933870672,0.5,91.46,103.18,91.46,0.0,0.4289090192989365,0.2,0.6523403969694711,0.5,0.2156190926275992,high,1.0
8028969,0,0.4664,8,0.4575133310016859,0.5,164.82,179.53,164.82,0.0,0.2994617303400288,0.26666666666666666,0.6235021017164329,0.5,0.38896502835538743,high,1.0
655440028,0,0.8025,9,0.01656255559671324,0.5,119.91,120.03,119.91,0.0,0.7407115662334253,0.3333333333333333,0.02257155698990533,0.5,0.2828449905482041,medium,0.9916
655440028,0,0.8034,10,0.0,0.5,109.72,109.79,109.72,0.0,0.7418931337797031,0.4,0.0,0.5,0.2587665406427221,low,0.9983
107088307,0,0.8062,8,0.0584070641453948,0.5,10.12,10.12,21.22,0.0,0.7455691217014573,0.26666666666666666,0.0795975216066567,0.5,0.02341682419659735,low,0.9966
8028971,0,0.7642,7,0.14006944023590998,0.5,71.42,92.42,71.42,0.0,0.6904293028751477,0.2,0.1908875314783174,0.5,0.168265595463138,medium,0.9975
44804321,0,1.0,6,0.0,,47.78,47.78,87.61,0.0,1.0,0.13333333333333333,0.0,0.2432,0.11240548204158789,medium,0.9821
8029204,0,0.8374,7,0.0091418532736219,0.5,79.11,100.01,79.11,0.0,0.78653012997243,0.2,0.012458576271880269,0.5,0.1864366729678639,medium,0.999
8029221,0,0.8425,9,0.05091748880344052,0.5,167.14,167.14,169.55,0.0,0.7932256794013391,0.3333333333333333,0.06939068029681329,0.5,0.39444706994328915,medium,1.0
8029221,0,0.7628,10,0.12196921463582239,0.5,198.94,198.94,209.04,0.0,0.6885913089142707,0.4,0.1662204279460826,0.5,0.4695888468809073,medium,0.9821
8029221,0,0.8425,9,0.05091748880344052,0.5,167.14,167.14,169.55,0.0,0.7932256794013391,0.3333333333333333,0.06939068029681329,0.5,0.39444706994328915,medium,1.0
8029358,0,0.5377,8,0.560504853395787,0.5,127.93,127.93,138.06,0.0,0.3930681370618353,0.26666666666666666,0.7638596089634961,0.5,0.3017958412098299,high,1.0
8029221,0,0.7324,10,0.1302400849215595,0.5,224.93,233.4,224.93,0.0,0.6486805829066562,0.4,0.1774920230160896,0.5,0.5310018903591682,high,0.9562
8029221,0,0.8757,10,0.04914462642774869,0.5,229.37,237.54,229.37,0.0,0.8368123933307076,0.4,0.06697461208110098,0.5,0.5414933837429111,medium,1.0
8029221,0,0.4,9,0.23142298932324365,0.5,209.01,217.57,209.01,0.0,0.21228830248129185,0.3333333333333333,0.3153847340636514,0.5,0.493383742911153,high,1.0
8029226,0,0.6299,7,0.17472477505410874,0.5,193.97,202.67,193.97,0.0,0.5141131679138768,0.2,0.23811604402794187,0.5,0.4578449905482041,high,1.0
8029358,0,0.301,6,0.6697199015444159,0.4788,72.96,85.21,72.96,0.0,0.08231587239070497,0.13333333333333333,0.9126985770229439,0.4788,0.17190453686200377,high,1.0
8817255,0,0.4341,6,0.5619511705825623,0.5,154.42,165.44,154.42,0.0,0.25705658395693837,0.13333333333333333,0.7658306593014799,0.5,0.36439035916824186,high,1.0
45756884,0,0.4947,10,0.5548654724361887,0.3366,94.29,94.56,94.29,0.0,0.33661546540632786,0.4,0.7561742244240098,0.3366,0.22230623818525522,high,1.0
45756883,0,0.4909,12,0.5001375847019924,0.0879,81.31,81.31,83.03,0.0,0.3316266246553761,0.5333333333333333,0.6815907080266557,0.0879,0.1916351606805293,high,1.0
"[321378019, 1444853716]",0,0.5389,12,0.3851810691322105,0.4573,74.06,79.41,74.06,0.0,0.3946435604568728,0.5333333333333333,0.5249272313431911,0.4573,0.1745037807183365,high,0.9959
45756883,0,0.4909,12,0.5001375847019925,0.0879,81.31,81.31,83.03,0.0,0.3316266246553761,0.5333333333333333,0.6815907080266559,0.0879,0.1916351606805293,high,1.0
880527065,0,0.7827,12,0.05221439852532557,0.201,18.64,18.64,21.66,0.0,0.7147170802153078,0.5333333333333333,0.0711581171834312,0.201,0.04354914933837429,low,1.0
880527066,0,0.4693,10,0.48299120917867455,0.0419,75.56,78.44,75.56,0.0,0.3032690035447026,0.4,0.6582235174964884,0.0419,0.17804820415879016,high,1.0
8029421,0,0.5063,11,0.4271631044589951,0.0345,79.49,92.29,79.49,0.0,0.3518445582250229,0.4666666666666667,0.5821406183351588,0.0345,0.18733459357277882,high,1.0
864835835,0,0.5221,7,0.39312553720633964,0.0,53.23,58.64,53.23,0.0,0.37258763292634894,0.2,0.5357540033858627,0.0,0.12528355387523626,high,1.0
8029388,0,0.6947,6,0.32735505193438447,0.3625,54.76,54.76,55.58,0.0,0.5991860312458973,0.13333333333333333,0.44612156424318195,0.3625,0.12889886578449902,high,1.0
8029447,0,0.7083,6,0.2536638544414171,0.4922,165.26,174.32,165.26,0.0,0.617040829722988,0.13333333333333333,0.34569472768681375,0.4922,0.3900047258979205,high,1.0
8029221,0,0.4,9,0.23142298932324365,0.5,209.01,217.57,209.01,0.0,0.21228830248129185,0.3333333333333333,0.3153847340636514,0.5,0.493383742911153,high,1.0
8029221,0,0.7324,10,0.1302400849215595,0.5,224.93,233.4,224.93,0.0,0.6486805829066562,0.4,0.1774920230160896,0.5,0.5310018903591682,high,0.9562
8029447,0,0.8757,8,2.4250372348656667e-06,0.5,228.46,236.7,228.46,0.0,0.8368123933307076,0.26666666666666666,3.3048562964688312e-06,0.5,0.5393431001890359,medium,0.9989
8817034,0,0.7674,8,0.1262285056092293,0.5,212.09,220.35,212.09,0.0,0.6946304319285806,0.26666666666666666,0.17202501700128384,0.5,0.5006616257088846,high,0.9999
15241572,0,0.385,7,0.4536030530786192,0.2677,192.57,197.91,192.57,0.0,0.19259551004332412,0.2,0.6181731498846044,0.2677,0.45453686200378063,high,1.0
23500574,0,0.4034,8,0.4897165070697435,0.0,137.28,142.31,137.28,0.0,0.21675200210056447,0.26666666666666666,0.6673887965946294,0.0,0.3238894139886578,high,1.0
62298639,0,0.4016,7,0.4996859520629037,0.0,150.55,153.56,150.55,0.0,0.21438886700800838,0.2,0.6809752201695937,0.0,0.3552457466918714,high,1.0
1423122036,0,0.4069,10,0.46912704838737346,0.0,134.64,140.83,134.64,0.0,0.22134698700275693,0.4,0.6393293502533508,0.0,0.31765122873345925,high,1.0
341274835,0,0.4386,10,0.48342379191798923,0.0,125.54,133.03,125.54,0.0,0.2629644216883287,0.4,0.6588130440279633,0.0,0.296148393194707,high,1.0
"[1044512981, 428833183]",0,0.5375,10,0.16932284059516092,0.0,71.3,77.44,71.3,0.0,0.39280556649599574,0.4,0.23075425310238742,0.0,0.1679820415879017,high,1.0
1336461273,0,0.5231,12,0.17406082938745052,0.0,68.88,73.62,68.88,0.0,0.3739004857555468,0.5333333333333333,0.23721121461525443,0.0,0.16226370510396973,high,0.8018
23614622,0,0.4328,8,0.4942739781200323,0.2284,118.69,133.82,118.69,0.0,0.25534987527898123,0.26666666666666666,0.6735997473709607,0.2284,0.27996219281663515,high,1.0
341274835,0,0.4027,7,0.5088010445376465,0.2697,173.92,173.92,181.23,0.0,0.21583300512012601,0.2,0.6933973266531331,0.2697,0.4104678638941398,high,1.0
4298498,0,0.8182,6,0.07479833057113834,0.7304,96.18,96.18,155.45,0.0,0.7613233556518315,0.13333333333333333,0.10193564461581431,0.7304,0.22677221172022685,medium,1.0
8817179,0,0.4924,7,0.46948414659066007,0.5699,135.14,135.14,142.89,0.0,0.3335959038991729,0.2,0.6398160059750123,0.5699,0.3188327032136105,high,1.0
107088307,0,0.8472,6,0.03442413451287211,0.5,49.89,49.89,107.17,0.0,0.799396087698569,0.13333333333333333,0.046913431290739514,0.5,0.11739130434782608,medium,1.0
140357938,0,0.6628,8,0.15006189930978509,0.5,148.76,157.37,148.76,0.0,0.5573060259944859,0.26666666666666666,0.20450531879007908,0.5,0.35101606805292995,high,0.9998
8817179,0,0.3674,7,0.6213137009044591,0.2295,177.98,187.52,177.98,0.0,0.169489300249442,0.2,0.846730296341284,0.2295,0.4200614366729678,high,1.0
8028969,0,0.4863,7,0.5079565775386031,0.438,132.47,149.78,132.47,0.0,0.32558750164106603,0.2,0.6922464816109112,0.438,0.312523629489603,high,1.0
8817226,0,0.3187,6,0.6686103472032894,0.4737,153.36,165.48,153.36,0.0,0.10555336746750685,0.13333333333333333,0.9111864692508134,0.4737,0.36188563327032136,high,1.0
8817226,0,0.5353,8,0.40613452481220097,0.5,209.68,221.34,209.68,0.0,0.3899172902717605,0.26666666666666666,0.553482735127294,0.5,0.4949669187145557,high,1.0
107088309,0,0.3972,6,0.5019116124926655,0.0,3.64,3.64,10.19,0.0,0.20861231455953785,0.13333333333333333,0.6840083644773788,0.0,0.008104914933837429,high,1.0
8817535,0,0.3537,7,0.6151086740129068,0.228,183.96,192.97,183.96,0.0,0.15150321648943152,0.2,0.8382740458980033,0.228,0.43419187145557653,high,1.0
140357861,0,0.483,9,0.450183557939924,0.23,51.88,51.88,59.49,0.0,0.3212550873047131,0.3333333333333333,0.6135130399789156,0.23,0.12209357277882797,high,1.0
8817535,0,0.5771,8,0.4165663188671439,0.5,90.78,99.19,90.78,0.0,0.44479453853223044,0.26666666666666666,0.5676992509688967,0.5,0.21401228733459357,high,1.0
140357938,0,0.6384,8,0.24457477971947103,0.0741,115.29,123.59,115.29,0.0,0.5252724169620585,0.26666666666666666,0.33330807836364856,0.0741,0.2719281663516068,high,1.0
11103675,0,0.479,7,0.553868094806518,0.0083,187.34,191.25,187.34,0.0,0.3160036759879217,0.2,0.7548149917936883,0.0083,0.4421786389413988,high,1.0
15219047,0,0.3705,7,0.6627065811151432,0.3913,125.21,134.83,125.21,0.0,0.17355914401995534,0.2,0.9031407789625281,0.3913,0.2953686200378072,high,1.0
11103675,0,0.4571,7,0.41208737253058647,0.149,169.25,172.24,169.25,0.0,0.28725219902848886,0.2,0.5615953141760508,0.149,0.3994328922495273,high,1.0
15219051,0,0.2685,8,0.6556285547675742,0.0414,139.75,143.36,139.75,0.0,0.03964815544177498,0.26666666666666666,0.8934947992616714,0.0414,0.32972589792060486,high,1.0
11103675,0,0.6386,6,0.3150559060867994,0.1533,186.46,188.39,186.46,0.0,0.525534987527898,0.13333333333333333,0.42936020940244624,0.1533,0.44009924385633264,high,1.0
15219058,0,0.8615,6,0.05863244841742432,0.1942,203.65,206.29,203.65,0.0,0.8181698831560982,0.13333333333333333,0.0799046767380636,0.1942,0.48071833648393186,high,1.0
11103675,0,0.6452,6,0.28203193299116786,0.2514,131.25,132.99,131.25,0.0,0.5341998162006039,0.13333333333333333,0.3843549270709521,0.2514,0.309640831758034,high,1.0
11341864,0,0.7354,6,0.21740141646011682,0.2198,16.57,16.57,18.3,0.0,0.6526191413942497,0.13333333333333333,0.2962760446394793,0.2198,0.038657844990548196,high,0.9999
102494324,0,0.766,6,0.06295136599661427,0.5014,115.95,118.14,115.95,0.0,0.6927924379677038,0.13333333333333333,0.0857905253140367,0.5014,0.27348771266540645,medium,0.5926
462173077,0,0.8733,5,0.044417389458220095,0.7178,157.29,157.29,157.32,0.0,0.8336615465406327,0.06666666666666667,0.060532303221248675,0.7178,0.37117202268430993,medium,0.9859
32840924,0,0.7257,5,0.21981774204808163,0.0811,218.11,218.11,218.12,0.0,0.6398844689510306,0.06666666666666667,0.29956902864768015,0.0811,0.5148865784499055,high,1.0
32840925,0,0.7226,5,0.2310569533702299,0.0455,256.16,289.47,256.16,0.0,0.6358146251805172,0.06666666666666667,0.31488589791934024,0.0455,0.6047967863894139,high,1.0
14567301,0,0.4003,6,0.5458694348486713,0.0,220.38,287.31,220.38,0.0,0.21268215833005116,0.13333333333333333,0.7439143667043309,0.0,0.520250472589792,high,1.0
12121909,0,0.8944,6,0.0,0.5,223.89,223.89,250.06,0.0,0.8613627412367072,0.13333333333333333,0.0,0.5,0.5285444234404536,high,0.9353
15211139,0,0.7475,7,0.14133750859999586,0.5,258.29,258.29,261.72,0.0,0.6685046606275438,0.2,0.1926156631775547,0.5,0.6098298676748583,high,1.0
339798890,0,0.989,6,0.0,0.5,252.85,252.85,262.47,0.0,0.9855586188788236,0.13333333333333333,0.0,0.5,0.5969754253308127,high,0.7276
32840922,0,0.6111,7,0.2828956165976061,0.0805,108.82,115.21,108.82,0.0,0.48943153472495726,0.2,0.38553196062897593,0.0805,0.2566398865784499,high,1.0
14486476,0,0.5727,6,0.2673025860551306,0.3798,161.8,166.86,161.8,0.0,0.43901798608375997,0.13333333333333333,0.3642816786009618,0.3798,0.38182892249527406,high,1.0
367214633,0,0.5389,12,0.1652287838039009,0.3074,36.67,36.67,38.23,0.0,0.3946435604568728,0.5333333333333333,0.225174846250333,0.3074,0.08615311909262759,medium,1.0
857656533,0,0.5357,10,0.37270414716883965,0.0699,134.71,141.25,134.71,0.0,0.3904424314034396,0.4,0.5079236020717087,0.0699,0.3178166351606805,high,1.0
857656534,0,0.6401,12,0.11624533460837791,0.0,113.22,113.22,113.95,0.0,0.5275042667716948,0.5333333333333333,0.15841988753500724,0.0,0.2670368620037807,medium,0.9913
355812629,0,0.4691,9,0.46609953109041197,0.0,94.74,94.74,105.25,0.0,0.30300643297886304,0.3333333333333333,0.6352034302642973,0.0,0.2233695652173913,high,1.0
857656534,0,0.6401,12,0.11624533460837791,0.0,113.22,113.22,113.95,0.0,0.5275042667716948,0.5333333333333333,0.15841988753500724,0.0,0.2670368620037807,medium,0.9913
"[616782729, 616782730, 862385659]",0,0.5846,13,0.13629997831524981,0.5133,36.7,36.7,39.64,0.0,0.45464093475121437,0.6,0.18575048459768123,0.5133,0.08622400756143667,low,0.9998
934394521,0,0.734,6,0.2193360010676172,0.0,111.72,111.72,113.52,0.0,0.6507811474333727,0.13333333333333333,0.2989125089498937,0.0,0.263492438563327,high,1.0
14567301,0,0.4499,10,0.47219449772263095,0.2022,88.46,90.13,88.46,0.0,0.2777996586582644,0.4,0.6435096898802953,0.2022,0.20853024574669185,high,1.0
420655420,1,0.6087,12,0.14856009428826725,0.0,0.81,0.81,13.58,0.09090909090909091,0.4862806879348825,0.5333333333333333,0.202458649275041,0.0,0.0014177693761814746,medium,0.9986
420655420,0,0.595,12,0.1891804695534866,0.3984,102.75,102.75,103.6,0.0,0.4682946041748719,0.5333333333333333,0.25781635720220336,0.3984,0.242296786389414,medium,1.0
417988255,0,0.3744,10,0.4784876996895879,0.7677,100.27,112.65,100.27,0.0,0.17867927005382694,0.4,0.6520861058818417,0.7677,0.2364366729678639,high,1.0
420655420,0,0.595,12,0.18918046955348655,0.3984,102.75,102.75,103.6,0.0,0.4682946041748719,0.5333333333333333,0.2578163572022033,0.3984,0.242296786389414,medium,1.0
420655420,0,0.4824,11,0.18810861733725798,0.2468,16.92,16.92,23.35,0.0,0.3204673756071944,0.4666666666666667,0.2563556301276834,0.2468,0.039484877126654064,medium,0.9965
14567503,0,0.4642,8,0.4616303211209698,0.2652,194.67,197.06,194.67,0.0,0.2965734541157936,0.26666666666666666,0.6291127622549996,0.2652,0.4594990548204158,high,1.0
417988255,0,0.5176,7,0.35200707957974076,0.2905,220.3,220.3,227.34,0.0,0.3666797951949585,0.2,0.4797175056221985,0.2905,0.5200614366729678,high,1.0
14567301,0,0.4971,10,0.389310164905861,0.2056,88.57,100.27,88.57,0.0,0.33976631219640274,0.4,0.5305543895451671,0.2056,0.20879017013232512,high,1.0
14567503,0,0.4742,7,0.4247358382239103,0.0,165.89,178.49,165.89,0.0,0.3097019824077721,0.2,0.5788327243428959,0.0,0.39149338374291104,high,1.0
14567503,5,0.3106,7,0.5232664366914402,0.5347,166.09,183.21,166.09,0.45454545454545453,0.09491925955100429,0.2,0.7131108558530277,0.5347,0.3919659735349716,high,1.0
980937716,2,0.4098,9,0.47142279611898236,0.0,78.99,95.62,78.99,0.18181818181818182,0.2251542602074307,0.3333333333333333,0.6424580099855929,0.0,0.18615311909262758,high,1.0
14567503,0,0.4447,7,0.4828411126741713,0.1562,161.12,163.9,161.12,0.0,0.27097282394643557,0.2,0.6580189650175187,0.1562,0.3802221172022684,high,1.0
417988259,0,0.3407,5,0.5578496153124769,0.5545,129.45,134.33,129.45,0.0,0.1344361297098595,0.06666666666666667,0.7602410334743913,0.5545,0.3053875236294895,high,1.0
934394518,0,1.0,7,0.0,,140.05,140.05,140.57,0.0,1.0,0.2,0.0,0.2432,0.33043478260869563,medium,1.0
934394519,0,0.5496,9,0.1993870583900303,0.0683,91.52,104.61,91.52,0.0,0.4086910857292897,0.3333333333333333,0.2717259619278349,0.0683,0.21576086956521737,high,1.0
109462880,0,0.51,10,0.4678270115136713,0.0,147.02,147.02,154.24,0.0,0.356702113693055,0.4,0.6375576516641809,0.0,0.34690453686200373,high,1.0
934394521,0,0.413,7,0.4603268662425306,0.0,129.61,129.61,134.03,0.0,0.2293553892608638,0.2,0.6273364055870527,0.0,0.305765595463138,high,1.0
417988256,0,0.5346,12,0.16158975253210847,0.1005,73.17,86.48,73.17,0.0,0.38899829329132196,0.5333333333333333,0.22021555109448093,0.1005,0.1724007561436673,medium,0.9634
417988257,1,0.5033,12,0.19235643580765993,0.0428,33.98,33.98,36.07,0.09090909090909091,0.34790599973742936,0.5333333333333333,0.26214458438221144,0.0428,0.07979678638941397,medium,0.9993
980937716,1,0.4399,10,0.47346681870232077,0.0496,83.66,83.66,99.96,0.09090909090909091,0.2646711303662859,0.4,0.6452436170713516,0.0496,0.19718809073724006,high,1.0
417988257,1,0.5033,12,0.19235643580766,0.0428,33.98,33.98,36.07,0.09090909090909091,0.34790599973742936,0.5333333333333333,0.26214458438221155,0.0428,0.07979678638941397,medium,0.9993
417988258,3,0.5285,12,0.17369726599510377,0.0,15.75,15.75,22.55,0.2727272727272727,0.3809898910332151,0.5333333333333333,0.2367157480924778,0.0,0.03672022684310018,medium,0.9996
417988259,1,0.5047,10,0.44285782070261503,0.0,96.55,96.55,107.01,0.09090909090909091,0.34974399369830644,0.4,0.6035294782888462,0.0,0.22764650283553872,high,1.0
14567741,0,0.8376,10,0.026924215706142764,0.0,21.2,21.2,51.7,0.0,0.7867927005382696,0.4,0.03669249384076362,0.0,0.04959829867674857,low,0.9386
45314134,0,0.9889,8,0.0,0.0,31.85,31.85,41.4,0.0,0.9854273335959037,0.26666666666666666,0.0,0.0,0.07476370510396975,low,0.8946
44336478,0,0.608,7,0.08377652496007529,0.5717,49.35,49.35,51.03,0.0,0.4853616909544439,0.2,0.11417118551003198,0.5717,0.11611531190926275,medium,0.9988
14567951,0,0.4988,7,0.4329881452094983,0.5,68.6,68.6,80.13,0.0,0.3419981620060391,0.2,0.5900790212284054,0.5,0.16160207939508506,high,1.0
417988255,0,0.427,10,0.4910617987026352,0.3941,104.11,104.11,116.61,0.0,0.24773532886963368,0.4,0.6692221686598608,0.3941,0.24551039697542532,high,1.0
14567301,1,0.4419,8,0.4074169790472607,0.1355,174.94,177.49,174.94,0.09090909090909091,0.2672968360246816,0.26666666666666666,0.5552304719837572,0.1355,0.41287807183364833,high,1.0
14567951,0,0.4976,8,0.38057911272057005,0.3927,183.22,183.22,183.83,0.0,0.34042273861100164,0.26666666666666666,0.5186556556311062,0.3927,0.4324432892249527,high,1.0
409021271,4,0.4226,8,0.5016100491615411,0.0,146.94,157.84,146.94,0.36363636363636365,0.24195877642116312,0.26666666666666666,0.6835973920356686,0.0,0.3467155009451795,high,1.0
980937716,0,0.6222,8,0.3251838606551796,0.177,83.16,83.16,126.98,0.0,0.5040042011290533,0.26666666666666666,0.44316265084310963,0.177,0.19600661625708884,high,1.0
174814863,1,0.4424,10,0.47490235520699664,0.0869,75.17,85.3,75.17,0.09090909090909091,0.2679532624392805,0.4,0.6471999754266292,0.0869,0.17712665406427222,high,1.0
409021271,0,0.4746,8,0.45726834655077014,0.1973,78.56,85.13,78.56,0.0,0.3102271235394512,0.26666666666666666,0.6231682353355356,0.1973,0.18513705103969755,high,1.0
137519641,0,0.3973,8,0.48959600498331896,0.0,181.7,190.44,181.7,0.0,0.2087435998424576,0.26666666666666666,0.6672245755784189,0.0,0.42885160680529294,high,1.0
857656533,0,0.5647,8,0.30870775822784186,0.1233,189.52,189.52,211.27,0.0,0.42851516345017715,0.26666666666666666,0.4207089127868901,0.1233,0.44732986767485816,high,1.0
355812629,0,0.4868,10,0.38682115167935716,0.4521,74.45,84.39,74.45,0.0,0.32624392805566493,0.4,0.5271623463569886,0.4521,0.17542533081285444,high,1.0
1171323113,0,0.5092,10,0.44199998667492996,0.6727,71.91,88.43,71.91,0.0,0.3556518314296967,0.4,0.602360416574263,0.6727,0.16942344045368618,high,1.0
44536103,0,0.5158,12,0.19777472864111903,0.0,36.89,36.89,40.26,0.0,0.36431666010240255,0.5333333333333333,0.26952866860546304,0.0,0.08667296786389413,medium,0.7506
261406866,0,0.4717,10,0.4557075986086897,0.0,37.2,37.2,38.11,0.0,0.3064198503347774,0.4,0.6210412380303288,0.0,0.08740548204158789,high,1.0
"[914432553, 45314138, 554357605]",0,0.6083,13,0.10430895668035509,0.4365,20.11,20.11,21.82,0.0,0.48575554680320326,0.6,0.14215291514163572,0.4365,0.047022684310018895,low,1.0
367214521,0,0.5719,8,0.23986745762571343,0.3338,70.28,70.28,144.63,0.0,0.4379677038204016,0.26666666666666666,0.3268929096242195,0.3338,0.1655718336483932,high,1.0
429692903,0,1.0,8,0.0,,3.09,3.09,102.28,0.0,1.0,0.26666666666666666,0.0,0.2432,0.006805293005671077,low,1.0
355261841,0,0.3207,6,0.6466689362152942,0.0,88.3,114.24,88.3,0.0,0.10817907312590254,0.13333333333333333,0.8812845736367846,0.0,0.20815217391304347,high,1.0
674769136,0,0.4067,8,0.4902726942542049,0.0,140.78,145.09,140.78,0.0,0.2210844164369174,0.26666666666666666,0.6681467720566779,0.0,0.3321597353497164,high,1.0
880527065,0,0.3858,10,0.4116005399674726,0.2726,106.77,111.4,106.77,0.0,0.19364579230668236,0.4,0.5609318556367752,0.2726,0.25179584120982984,high,1.0
880527065,0,0.4342,11,0.5421019149576857,0.458,146.47,146.47,156.7,0.0,0.25718786923985815,0.4666666666666667,0.7387799664341901,0.458,0.3456049149338374,high,1.0
14574656,0,0.3487,6,0.6932663827619295,0.0,85.72,88.93,85.72,0.0,0.14493895234344228,0.13333333333333333,0.9447878726397577,0.0,0.20205576559546312,high,1.0
356298151,0,0.5001,8,0.4017983423746242,0.0,185.61,189.97,185.61,0.0,0.3437048706839963,0.26666666666666666,0.5475733578915845,0.0,0.4380907372400756,high,1.0
51366091,0,0.3638,9,0.5402935415297586,0.2064,111.16,116.08,111.16,0.0,0.16476303006432977,0.3333333333333333,0.7363155035287442,0.2064,0.26216918714555765,high,1.0
14574513,0,0.3905,7,0.697986824551857,0.0,177.1,181.45,177.1,0.0,0.19981620060391228,0.2,0.9512209209852692,0.0,0.41798204158790164,high,1.0
1299376978,0,0.4107,6,0.4855218338914438,0.0,97.99,102.54,97.99,0.0,0.2263358277537088,0.13333333333333333,0.6616722690850216,0.0,0.23104914933837428,high,1.0
"[45314185, 45314183]",0,0.7452,6,0.08064362050003338,0.0228,26.57,26.57,34.34,0.0,0.6654850991203884,0.13333333333333333,0.10990164321923976,0.0228,0.062287334593572774,high,0.9873
315128862,0,0.975,8,0.0,0.0,29.56,29.56,49.4,0.0,0.9671786792700536,0.26666666666666666,0.0,0.0,0.06935255198487711,low,0.8094
14574656,0,0.2383,6,0.733779933928373,0.2589,162.6,162.6,162.86,0.0,0.0,0.13333333333333333,1.0,0.2589,0.383719281663516,high,1.0
993403291,0,0.3545,6,0.6428566618054092,0.2869,140.48,143.33,140.48,0.0,0.15255349875278976,0.13333333333333333,0.8760891816212582,0.2869,0.3314508506616256,high,1.0
14574696,0,0.479,8,0.48074539606578875,0.0773,195.71,195.71,197.64,0.0,0.3160036759879217,0.26666666666666666,0.6551629089828942,0.0773,0.4619565217391304,high,1.0
14574531,0,0.322,7,0.6483255194271775,0.0,188.17,195.22,188.17,0.0,0.10988578180385977,0.2,0.883542175862311,0.0,0.4441398865784498,high,1.0
14574656,0,0.3231,7,0.692447504043558,0.1317,91.99,100.43,91.99,0.0,0.11132991991597739,0.2,0.943671899470544,0.1317,0.2168714555765595,high,1.0
14574656,0,0.4603,7,0.6988141067488103,0.215,163.2,168.27,163.2,0.0,0.291453328081922,0.2,0.9523483464689892,0.215,0.3851370510396975,high,1.0
51366093,0,0.471,8,0.4887301822292383,0.5074,119.66,124.64,119.66,0.0,0.3055008533543389,0.26666666666666666,0.6660446267762686,0.5074,0.28225425330812853,high,1.0
320844399,0,0.7234,7,0.10627183485700233,0.7977,31.59,31.59,60.94,0.0,0.6368649074438756,0.2,0.14482793810954214,0.7977,0.07414933837429111,medium,0.9963
339798867,0,0.6632,6,0.18803713171371314,0.2353,145.39,147.79,145.39,0.0,0.5578311671261651,0.13333333333333333,0.25625820906144886,0.2353,0.34305293005671067,high,1.0
15106870,0,0.7155,10,0.06908931396243824,0.0,100.09,109.17,100.09,0.0,0.6264933700932125,0.4,0.0941553601671292,0.0,0.23601134215500946,medium,0.9929
14574938,2,0.6953,7,0.18369153607041735,0.0,106.46,111.55,106.46,0.18181818181818182,0.599973742943416,0.2,0.25033600344861456,0.0,0.2510633270321361,high,1.0
14577912,0,0.5528,9,0.438185955510236,0.0936,57.06,57.06,57.5,0.0,0.41289221478272276,0.3333333333333333,0.597162630442016,0.0936,0.1343336483931947,high,1.0
14577982,0,0.5167,7,0.45993730977585434,0.0,51.58,51.58,56.99,0.0,0.3654982276486806,0.2,0.6268055155358753,0.0,0.12138468809073723,high,1.0
880527066,0,0.5221,8,0.44646532761768126,0.0024,38.14,38.14,38.44,0.0,0.37258763292634894,0.26666666666666666,0.6084458118491727,0.0024,0.0896266540642722,high,1.0
14577982,0,0.4536,8,0.4761934326312148,0.0,125.66,131.28,125.66,0.0,0.2826572141262964,0.26666666666666666,0.6489594640205817,0.0,0.29643194706994325,high,1.0
1093947854,0,0.4045,8,0.5112119679566881,0.1023,160.35,167.55,160.35,0.0,0.21819614021268216,0.26666666666666666,0.696682948550879,0.1023,0.37840264650283545,high,1.0
1093947855,0,0.5343,7,0.5813774671400146,0.2946,73.08,73.08,85.91,0.0,0.3886044374425626,0.2,0.7923049408390677,0.2946,0.17218809073724006,high,1.0
14574696,0,0.3207,8,0.5659110302565079,0.102,165.05,165.05,172.81,0.0,0.10817907312590254,0.26666666666666666,0.7712271814613951,0.102,0.3895085066162571,high,1.0
14574609,0,0.4053,7,0.664023026633492,0.1705,87.59,99.56,87.59,0.0,0.2192464224760404,0.2,0.9049348393578581,0.1705,0.20647448015122874,high,1.0
14578013,0,0.3443,8,0.5309055145129067,0.0,181.05,190.57,181.05,0.0,0.13916239989497176,0.26666666666666666,0.7235214401007732,0.0,0.42731568998109637,high,1.0
14578013,0,0.423,8,0.4813241042212727,0.2735,145.33,145.33,148.78,0.0,0.2424839175528423,0.26666666666666666,0.6559515761686889,0.2735,0.3429111531190926,high,1.0
51366094,0,0.3858,7,0.6021562199749655,0.2295,177.59,177.59,189.44,0.0,0.19364579230668236,0.2,0.8206223584655071,0.2295,0.41913988657844986,high,1.0
14578013,0,0.4314,8,0.5084070229138822,0.0,118.84,118.84,124.79,0.0,0.2535118813181042,0.26666666666666666,0.692860351457239,0.0,0.2803166351606805,high,1.0
1299376942,0,0.483,7,0.4988198887026774,0.0222,97.29,97.29,108.57,0.0,0.3212550873047131,0.2,0.679794943467845,0.0222,0.22939508506616257,high,1.0
1299376978,0,0.3351,7,0.6313260575213954,0.0,170.8,174.06,170.8,0.0,0.12708415386635158,0.2,0.8603752001523408,0.0,0.40309546313799616,high,1.0
14574453,0,0.3993,6,0.5399203815351584,0.0939,133.78,144.42,133.78,0.0,0.2113693055008533,0.13333333333333333,0.7358069586948695,0.0939,0.3156190926275992,high,1.0
14574453,0,0.4617,7,0.5411197378999971,0.2517,148.14,169.85,148.14,0.0,0.29329132204279895,0.2,0.7374414492408534,0.2517,0.3495510396975424,high,1.0
1299376943,0,0.3858,7,0.674141997400715,0.0,178.19,194.48,178.19,0.0,0.19364579230668236,0.2,0.9187250376166876,0.0,0.4205576559546313,high,1.0
14574513,0,0.4114,8,0.5664469386156008,0.0,224.77,244.77,224.77,0.0,0.22725482473414726,0.26666666666666666,0.7719575208101749,0.0,0.5306238185255198,high,1.0
1299376943,0,0.2768,8,0.7144954077427109,0.0,250.2,254.49,250.2,0.0,0.05054483392411708,0.26666666666666666,0.9737189240343215,0.0,0.5907136105860112,high,1.0
1299376979,0,0.4247,8,0.5366017591533269,0.0,205.66,205.66,216.34,0.0,0.24471576736247866,0.26666666666666666,0.7312843188291743,0.0,0.4854678638941398,high,1.0
14578058,0,0.3743,7,0.6501512959107846,0.2437,230.57,230.57,235.64,0.0,0.1785479847709072,0.2,0.8860303557636509,0.2437,0.544328922495274,high,1.0
277020297,0,0.3897,7,0.6554687782443123,0.1928,242.81,242.81,256.78,0.0,0.198765918340554,0.2,0.8932770547910553,0.1928,0.5732514177693762,high,1.0
14574609,0,0.3711,8,0.6476303402793825,0.2109,211.51,216.02,211.51,0.0,0.17434685571747402,0.26666666666666666,0.8825947812612167,0.2109,0.4992911153119092,high,1.0
1299377074,0,0.314,8,0.6368763229655839,0.0,238.43,238.43,243.22,0.0,0.099382959170277,0.26666666666666666,0.8679391374958909,0.0,0.5629017013232513,high,1.0
14574696,0,0.382,8,0.5369671519458813,0.006,155.27,155.27,159.67,0.0,0.1886569515557306,0.26666666666666666,0.7317822784702868,0.006,0.36639886578449904,high,1.0
14578101,0,0.3303,7,0.6779293658690317,0.0,98.42,98.42,105.72,0.0,0.12078246028620188,0.2,0.9238864876553123,0.0,0.23206521739130434,high,1.0
1299377075,0,0.3433,8,0.6406246801251008,0.0,193.65,193.65,199.79,0.0,0.1378495470657739,0.26666666666666666,0.8730474226726872,0.0,0.45708884688090734,high,1.0
85518576,0,0.3349,7,0.635546115750765,0.2491,90.89,98.08,90.89,0.0,0.12682158330051196,0.2,0.8661263225723518,0.2491,0.21427221172022684,high,1.0
14574696,0,0.4394,7,0.5170448200353965,0.5,186.82,186.82,188.04,0.0,0.264014703951687,0.2,0.7046319967723009,0.5,0.4409499054820415,high,1.0
993403294,0,0.3996,7,0.558428491331776,0.2131,194.62,194.62,197.36,0.0,0.2117631613496127,0.2,0.76102992942607,0.2131,0.4593809073724007,high,1.0
14578216,0,0.4397,8,0.38006454877799073,0.2099,196.76,203.11,196.76,0.0,0.2644085598004463,0.26666666666666666,0.5179544045900418,0.2099,0.46443761814744794,high,1.0
993404604,0,0.6742,7,0.24642037958078733,0.0,213.71,219.05,213.71,0.0,0.5722725482473414,0.2,0.3358232736912663,0.0,0.5044896030245746,high,1.0
14574531,0,0.4056,8,0.5884000961024082,0.156,270.92,280.59,270.92,0.0,0.2196402783247998,0.26666666666666666,0.8018754246281203,0.156,0.6396739130434783,high,1.0
356298151,0,0.3801,8,0.5188075167585592,0.0,229.35,234.38,229.35,0.0,0.18616253118025466,0.26666666666666666,0.7070342111715499,0.0,0.541446124763705,high,1.0
51366093,0,0.3312,7,0.6162749460312357,0.0,171.7,176.7,171.7,0.0,0.12196402783247995,0.2,0.8398634488843797,0.0,0.40522211720226836,high,1.0
51366093,0,0.3973,6,0.6762576360215122,0.0041,134.32,139.53,134.32,0.0,0.2087435998424576,0.13333333333333333,0.9216082434975992,0.0041,0.3168950850661625,high,1.0
14574531,0,0.3306,6,0.706671713407314,0.0,200.84,208.88,200.84,0.0,0.12117631613496126,0.13333333333333333,0.9630567432173676,0.0,0.474078449905482,high,1.0
14578168,0,0.3527,6,0.641541974281962,0.0363,180.42,185.63,180.42,0.0,0.1501903636602337,0.13333333333333333,0.8742975170326548,0.0363,0.4258270321361058,high,1.0
14574531,0,0.3998,7,0.5322510549986034,0.0,220.45,229.31,220.45,0.0,0.21202573191545224,0.2,0.7253551513042034,0.0,0.5204158790170131,high,1.0
14578198,0,0.389,7,0.5356960388829071,0.1965,151.69,156.55,151.69,0.0,0.19784692136011553,0.2,0.7300499974358775,0.1965,0.3579395085066162,high,1.0
14574696,0,0.3085,6,0.6995554731742697,0.5,211.88,212.33,211.88,0.0,0.09216226860968883,0.13333333333333333,0.9533586853883032,0.5,0.5001654064272211,high,1.0
993403292,0,0.4759,6,0.4787353960822452,0.5,191.57,194.38,191.57,0.0,0.3119338322174084,0.13333333333333333,0.6524236681143373,0.5,0.4521739130434782,high,1.0
140357866,0,0.6786,8,0.292167000935725,0.1304,38.2,46.55,38.2,0.0,0.578049100695812,0.26666666666666666,0.3981670626662905,0.1304,0.08976843100189036,high,1.0
398749582,0,0.6999,10,0.2765826338195725,0.3702,36.16,36.16,43.39,0.0,0.6060128659577261,0.4,0.37692858721123157,0.3702,0.08494801512287332,medium,0.9994
33872608,0,1.0,5,0.0,,68.31,68.31,78.3,0.0,1.0,0.06666666666666667,0.0,0.2432,0.16091682419659736,medium,1.0
33872607,0,0.9909,6,0.0,1.0,26.86,26.86,27.38,0.0,0.9880530392542994,0.13333333333333333,0.0,1.0,0.06297258979206048,low,1.0
45756885,0,1.0,6,0.0,,36.01,36.01,37.57,0.0,1.0,0.13333333333333333,0.0,0.2432,0.08459357277882797,medium,0.8369
45756896,0,1.0,7,0.0,,83.03,83.21,83.03,0.0,1.0,0.2,0.0,0.2432,0.19569943289224953,medium,0.9825
15101495,0,0.9574,7,0.0,1.0,28.86,28.86,31.93,0.0,0.9440724694761717,0.2,0.0,1.0,0.0676984877126654,low,1.0
15106934,0,1.0,7,0.0,,72.43,73.28,72.43,0.0,1.0,0.2,0.0,0.2432,0.1706521739130435,medium,0.8692
4297465,0,0.9155,9,0.027033284337810166,0.1654,17.69,17.69,23.92,0.0,0.8890639359327819,0.3333333333333333,0.03684113327150342,0.1654,0.041304347826086954,low,0.9999
45756894,0,1.0,7,0.0,,78.59,78.59,79.92,0.0,1.0,0.2,0.0,0.2432,0.1852079395085066,medium,0.9582
339798871,0,0.655,7,0.029341771443755688,0.2408,24.77,24.77,27.74,0.0,0.5470657739267428,0.2,0.039987154304794395,0.2408,0.058034026465028345,medium,0.9996
15208642,0,0.9831,8,0.0,1.0,34.99,34.99,37.32,0.0,0.9778127871865562,0.26666666666666666,0.0,1.0,0.08218336483931947,low,1.0
45756895,0,1.0,8,0.0,,62.11,62.11,62.64,0.0,1.0,0.26666666666666666,0.0,0.2432,0.1462665406427221,low,0.9993
15105163,0,0.7676,6,0.28693165794106057,0.5,205.04,309.12,205.04,0.0,0.6948930024944202,0.13333333333333333,0.3910323036566833,0.5,0.4840028355387523,high,1.0
15106580,0,0.5429,6,0.24941100244210557,0.5,91.31,340.64,91.31,0.0,0.3998949717736642,0.13333333333333333,0.3398989137068056,0.5,0.21526465028355388,high,1.0
880527065,3,0.5311,11,0.30365538885733495,0.4077,146.98,151.21,146.98,0.2727272727272727,0.38440330838912956,0.4666666666666667,0.41382351140577234,0.4077,0.3468100189035916,high,0.9818
880527065,0,0.3698,10,0.5472631257347066,0.2799,38.33,38.33,39.75,0.0,0.17264014703951686,0.4,0.7458136975821513,0.2799,0.09007561436672966,high,1.0
15105426,0,0.5041,8,0.5476876339354336,0.5,217.14,330.8,217.14,0.0,0.34895628200078765,0.26666666666666666,0.7463922200806535,0.5,0.512594517958412,high,1.0
275600097,0,0.6453,8,0.2590935816629666,0.5,207.13,368.19,207.13,0.0,0.5343311014835236,0.26666666666666666,0.3530943947674885,0.5,0.4889413988657844,high,1.0
15105470,0,0.5108,7,0.4241602397235381,0.4882,151.85,157.98,151.85,0.0,0.3577523959564133,0.2,0.578048295015031,0.4882,0.35831758034026456,high,1.0
48646525,0,0.5421,7,0.5248117602757706,0.2113,196.86,199.52,196.86,0.0,0.3988446895103059,0.2,0.7152168327445697,0.2113,0.4646739130434782,high,1.0
15105426,0,0.5041,8,0.5476876339354336,0.5,217.14,330.8,217.14,0.0,0.34895628200078765,0.26666666666666666,0.7463922200806535,0.5,0.512594517958412,high,1.0
275372616,0,0.5069,7,0.5821214517690769,0.5,215.93,227.01,215.93,0.0,0.35263226992254165,0.2,0.7933188478630433,0.5,0.5097353497164461,high,1.0
15106231,0,0.4,8,0.5456044021292646,0.5,238.57,244.46,238.57,0.0,0.21228830248129185,0.26666666666666666,0.7435531784145559,0.5,0.5632325141776937,high,1.0
275600096,0,0.3069,8,0.6655491568003599,0.5,267.84,276.04,267.84,0.0,0.09006170408297229,0.26666666666666666,0.9070146593369867,0.5,0.6323960302457466,high,1.0
15106270,0,0.4301,8,0.5222462657851817,0.1579,267.16,271.15,267.16,0.0,0.251805172640147,0.26666666666666666,0.7117205603991893,0.1579,0.630789224952741,high,1.0
275600096,0,0.4462,8,0.40768557013919177,0.5,266.88,271.62,266.88,0.0,0.2729421031902323,0.26666666666666666,0.5555965096464296,0.5,0.6301275992438563,high,1.0
48646525,0,0.49,7,0.49026080935674315,0.1895,184.93,187.71,184.93,0.0,0.33044505710909805,0.2,0.6681305752421942,0.1895,0.4364839319470699,high,1.0
275600096,0,0.4495,8,0.5783692828875406,0.0165,238.17,241.38,238.17,0.0,0.2772745175265853,0.26666666666666666,0.7882053680470328,0.0165,0.5622873345935727,high,1.0
398749582,0,0.5331,8,0.5846700467418582,0.1648,171.83,171.88,171.83,0.0,0.38702901404752527,0.26666666666666666,0.7967920894371717,0.1648,0.40552930056710773,high,1.0
15105567,0,0.7504,7,0.2124264379103713,0.0,189.82,189.82,193.94,0.0,0.6723119338322173,0.2,0.2894961119652354,0.0,0.4480387523629489,high,1.0
15105614,0,0.8582,8,0.07147639024997095,0.109,161.13,161.13,161.99,0.0,0.8138374688197452,0.26666666666666666,0.097408483041113,0.109,0.3802457466918714,high,0.967
398749590,0,0.4641,7,0.5872888156512166,0.5,144.66,152.27,144.66,0.0,0.29644216883287383,0.2,0.8003609645021228,0.5,0.3413279773156899,high,1.0
398749591,0,0.6868,7,0.2833470820792396,0.5,119.28,121.26,119.28,0.0,0.5888144938952342,0.2,0.386147220682786,0.5,0.2813563327032136,high,1.0
398749590,0,0.6056,8,0.42910165949427487,0.5,145.88,157.49,145.88,0.0,0.48221084416436916,0.26666666666666666,0.584782493570015,0.5,0.3442107750472589,high,1.0
15105470,0,0.4875,8,0.42099254602328506,0.3217,246.61,246.61,246.67,0.0,0.3271629250361034,0.26666666666666666,0.5737313417245609,0.3217,0.5822306238185254,high,1.0
15106231,0,0.4225,8,0.43488474269715927,0.4163,253.94,256.91,253.94,0.0,0.24182749113824337,0.26666666666666666,0.592663716448275,0.4163,0.5995510396975424,high,1.0
15106284,0,1.0,7,0.0,,198.76,205.49,198.76,0.0,1.0,0.2,0.0,0.2432,0.46916351606805284,medium,0.9964
31783621,0,0.7572,7,0.10269544004564028,0.5,177.11,183.43,177.11,0.0,0.6812393330707626,0.2,0.13995400432367883,0.5,0.4180056710775047,high,0.9997
15105470,0,0.5009,7,0.46589532803998057,0.177,187.88,192.27,187.88,0.0,0.3447551529473546,0.2,0.6349251410375285,0.177,0.4434546313799621,high,1.0
15106270,0,0.5358,9,0.5076377601835672,0.5,221.29,226.65,221.29,0.0,0.3905737166863595,0.3333333333333333,0.6918119952747571,0.5,0.5224007561436672,high,1.0
15106270,0,0.4274,7,0.5098878449673174,0.2796,202.59,207.4,202.59,0.0,0.24826047000131282,0.2,0.6948784252488014,0.2796,0.4782136105860113,high,1.0
339798869,0,0.784,6,0.07613499076657347,0.1466,146.9,151.81,146.9,0.0,0.7164237888932651,0.13333333333333333,0.10375725370272293,0.1466,0.34662098298676747,high,1.0
15106328,0,0.6555,6,0.020663293680060115,0.5,226.62,233.61,226.62,0.0,0.5477222003413417,0.13333333333333333,0.028160069149665703,0.5,0.5349952741020794,high,1.0
15106328,0,0.7706,6,0.06004971406639565,0.342,133.17,137.68,133.17,0.0,0.6988315609820138,0.13333333333333333,0.08183613545400838,0.342,0.31417769376181465,high,0.9993
398749582,0,0.9306,6,0.007366135122092495,0.3763,146.14,146.14,152.04,0.0,0.9088880136536692,0.13333333333333333,0.010038616186541196,0.3763,0.3448251417769375,medium,0.9995
31783618,0,0.856,8,0.010317374993026868,0.5,185.82,380.22,185.82,0.0,0.8109491925955099,0.26666666666666666,0.014060584810205487,0.5,0.43858695652173907,medium,1.0
275600097,0,0.9841,7,0.0,0.5,205.62,358.14,205.62,0.0,0.9791256400157542,0.2,0.0,0.5,0.48537334593572773,medium,1.0
31783619,0,0.5851,7,0.2551356941266217,0.5,129.38,368.58,129.38,0.0,0.4552973611658132,0.2,0.34770056024934365,0.5,0.3052221172022684,high,1.0
275600097,0,1.0,8,0.0,,163.09,400.85,163.09,0.0,1.0,0.26666666666666666,0.0,0.2432,0.3848771266540642,medium,1.0
15106580,0,0.6395,7,0.33932539411841484,0.5,85.54,318.27,85.54,0.0,0.526716555074176,0.2,0.4624348233424677,0.5,0.2016304347826087,high,1.0
15106365,0,0.6009,7,0.2516508587170319,0.5,129.5,372.78,129.5,0.0,0.47604043586713923,0.2,0.34295140420342496,0.5,0.30550567107750465,high,1.0
15106580,0,0.971,6,0.0,0.5,96.39,341.24,96.39,0.0,0.9619272679532622,0.13333333333333333,0.0,0.5,0.22726843100189034,medium,0.9952
31783620,0,0.8355,8,0.002159283717668351,0.5,188.11,385.41,188.11,0.0,0.7840357095969541,0.26666666666666666,0.0029426856988421365,0.5,0.44399810964083175,medium,1.0
275600097,0,0.6714,8,0.35282275511347666,0.5,176.9,379.16,176.9,0.0,0.5685965603255875,0.26666666666666666,0.4808291134708475,0.5,0.41750945179584115,high,1.0
31783621,0,0.7551,8,0.24517543988951437,0.5,276.04,283.12,276.04,0.0,0.6784823421294471,0.26666666666666666,0.33412666189567247,0.5,0.6517722117202269,high,1.0
275600097,0,1.0,8,0.0,,211.44,360.84,211.44,0.0,1.0,0.26666666666666666,0.0,0.2432,0.499125708884688,medium,0.9999
398749582,0,0.8707,7,0.0,0.5,172.7,172.7,176.72,0.0,0.8302481291847185,0.2,0.0,0.5,0.4075850661625708,medium,0.9999
15106384,0,0.4477,7,0.5598505694450266,0.2496,106.04,108.49,106.04,0.0,0.2749113824340291,0.2,0.762967946599199,0.2496,0.2500708884688091,high,1.0
48646525,0,0.5652,6,0.16608076286374682,0.5,134.57,138.4,134.57,0.0,0.42917158986477616,0.13333333333333333,0.22633592877719463,0.5,0.3174858223062381,high,1.0
15106384,0,0.3875,7,0.6151696549521786,0.3963,109.44,109.44,111.74,0.0,0.19587764211631875,0.2,0.8383571511131395,0.3963,0.2581049149338374,high,1.0
398749582,0,0.3539,8,0.5347050263548923,0.3571,27.92,27.92,28.36,0.0,0.15176578705527108,0.26666666666666666,0.7286994392069146,0.3571,0.0654773156899811,high,1.0
45756884,0,0.5626,6,0.5841581081025439,0.5,170.19,170.19,170.63,0.0,0.4257581725088617,0.13333333333333333,0.7960944161762342,0.5,0.4016540642722117,high,1.0
15106655,0,0.6101,6,0.3802376180835608,0.5,213.96,332.63,213.96,0.0,0.4881186818957594,0.13333333333333333,0.5181902645496398,0.5,0.5050803402646502,high,1.0
275600097,0,0.6372,6,0.22099447688032156,0.5,192.23,364.79,192.23,0.0,0.523696993567021,0.13333333333333333,0.30117269042395706,0.5,0.45373345935727777,high,1.0
275600097,0,0.671,7,0.20974700847067426,0.5,168.83,387.95,168.83,0.0,0.5680714191939084,0.2,0.2858445683404971,0.5,0.39844045368620035,high,1.0
15106580,0,1.0,6,0.0,,48.28,293.59,48.28,0.0,1.0,0.13333333333333333,0.0,0.2432,0.11358695652173911,medium,0.9838
33872609,0,0.9998,6,0.0,0.5,36.15,274.51,36.15,0.0,0.9997374294341604,0.13333333333333333,0.0,0.5,0.0849243856332703,low,0.9999
15106580,0,1.0,6,0.0,,64.68,317.49,64.68,0.0,1.0,0.13333333333333333,0.0,0.2432,0.15233931947069945,medium,0.9994
15106593,0,0.3762,7,0.6160659834890498,0.5,241.72,241.78,241.72,0.0,0.18104240514638303,0.2,0.8395786733917233,0.5,0.5706758034026465,high,1.0
15106801,0,0.5279,7,0.37313981631822263,0.2989,235.27,244.52,235.27,0.0,0.3802021793356965,0.2,0.5085173347826192,0.2989,0.5554347826086956,high,1.0
15106328,0,0.7179,7,0.03271078815132602,0.5,258.38,311.64,258.38,0.0,0.6296442168832873,0.2,0.044578471880806485,0.5,0.6100425330812854,high,1.0
15106604,0,0.6632,6,0.22951243862564163,0.5,242.65,249.84,242.65,0.0,0.5578311671261651,0.13333333333333333,0.3127810233197862,0.5,0.5728733459357277,high,1.0
15106628,0,0.562,6,0.4059706402589936,0.5,265.27,272.47,265.27,0.0,0.4249704608113431,0.13333333333333333,0.5532593922071217,0.5,0.6263232514177693,high,1.0
15106823,0,0.8883,13,0.0,0.5,224.19,229.61,224.19,0.0,0.8533543389786004,0.6,0.0,0.5,0.5292533081285443,low,1.0
15106628,0,0.8177,11,0.031855412171851845,0.5,202.09,208.9,202.09,0.0,0.7606669292372323,0.4666666666666667,0.04341276001008958,0.5,0.47703213610586004,medium,0.9995
15106823,0,0.6798,13,0.22044824432717258,0.4999,247.57,249.58,247.57,0.0,0.5796245240908493,0.6,0.30042828119730425,0.4999,0.5844990548204158,high,0.8306
15106832,0,0.7115,13,0.11773944136039537,0.3759,148.88,152.85,148.88,0.0,0.6212419587764212,0.6,0.1604560657989979,0.3759,0.3512996219281663,medium,0.999
85518630,0,0.7526,12,0.14008775075608762,0.1834,166.27,166.27,170.4,0.0,0.6752002100564526,0.5333333333333333,0.19091248517264864,0.1834,0.39239130434782604,medium,0.9995
"[15106664, 15106655]",0,0.5298,6,0.4816054048989869,0.5,241.48,298.46,241.48,0.0,0.3826965997111724,0.13333333333333333,0.6563349345363786,0.5,0.5701086956521738,high,1.0
15106696,0,1.0,11,0.0,,163.82,199.42,163.82,0.0,1.0,0.4666666666666667,0.0,0.2432,0.386602079395085,low,0.9997
15106696,0,0.7946,11,0.1473965166454431,0.5,89.53,244.96,89.53,0.0,0.7303400288827622,0.4666666666666667,0.20087291820088257,0.5,0.21105860113421548,medium,0.6093
15106696,0,0.7385,10,0.12346899818438961,0.5,61.97,285.66,61.97,0.0,0.6566889851647629,0.4,0.168264342584819,0.5,0.14593572778827976,medium,0.9787
15106696,0,0.7946,11,0.1473965166454431,0.5,89.53,244.96,89.53,0.0,0.7303400288827622,0.4666666666666667,0.20087291820088257,0.5,0.21105860113421548,medium,0.6093
15106717,0,1.0,9,0.0,,44.56,268.5,44.56,0.0,1.0,0.3333333333333333,0.0,0.2432,0.10479678638941398,low,1.0
15106696,0,0.7385,10,0.12346899818438961,0.5,61.97,285.66,61.97,0.0,0.6566889851647629,0.4,0.168264342584819,0.5,0.14593572778827976,medium,0.9787
15106580,0,1.0,7,0.0,,56.46,293.85,56.46,0.0,1.0,0.2,0.0,0.2432,0.1329158790170132,low,0.7891
15106593,0,0.5684,7,0.3603005207536701,0.5,173.55,368.41,173.55,0.0,0.4333727189182093,0.2,0.4910198604433906,0.5,0.40959357277882796,high,1.0
316212717,0,0.5519,10,0.48548716768837497,0.5,118.56,315.0,118.56,0.0,0.4117106472364447,0.4,0.6616250257611502,0.5,0.27965500945179583,high,1.0
15106664,0,0.5352,7,0.5034154687232127,0.5,255.64,294.2,255.64,0.0,0.38978600498884075,0.2,0.6860578293932373,0.5,0.6035680529300566,high,1.0
136024006,0,0.5393,7,0.46956531792104433,0.5,207.44,333.65,207.44,0.0,0.3951687015885519,0.2,0.6399266267846462,0.5,0.4896739130434782,high,1.0
15106593,0,0.5329,7,0.3856087962721226,0.5,177.77,345.57,177.77,0.0,0.3867664434816857,0.2,0.525510140632659,0.5,0.4195652173913043,high,1.0
15106748,0,0.6775,7,0.31529532224116236,0.5,202.01,242.18,202.01,0.0,0.5766049625836943,0.2,0.42968648727308956,0.5,0.4768431001890358,high,1.0
1387739977,0,1.0,10,0.0,,205.52,212.25,205.52,0.0,1.0,0.4,0.0,0.2432,0.4851370510396975,medium,0.9994
15106766,0,0.4605,7,0.4944425266453813,0.5,201.12,282.28,201.12,0.0,0.2917158986477616,0.2,0.6738294463822796,0.5,0.47474007561436665,high,1.0
270741354,0,0.7156,6,0.25879076638323706,0.5,162.49,259.62,162.49,0.0,0.6266246553761323,0.13333333333333333,0.3526817161621901,0.5,0.3834593572778828,high,1.0
15106732,0,0.7989,8,0.19908050557485435,0.5,135.45,243.63,135.45,0.0,0.735985296048313,0.26666666666666666,0.27130818978525967,0.5,0.3195652173913043,high,0.8736
275372614,0,0.4515,6,0.5181792693728877,0.5,164.99,302.03,164.99,0.0,0.2799002231849809,0.13333333333333333,0.7061780316051394,0.5,0.3893667296786389,high,1.0
15106593,0,0.5678,7,0.41248673803082453,0.5,205.37,299.87,205.37,0.0,0.4325850072206905,0.2,0.5621395720410759,0.5,0.4847826086956521,high,1.0
15106766,0,0.4321,8,0.5288308208283224,0.5,252.08,253.24,252.08,0.0,0.25443087829854266,0.26666666666666666,0.7206940342415299,0.5,0.5951559546313799,high,1.0
15106664,0,0.3417,7,0.6007940513736029,0.5,208.39,208.39,215.98,0.0,0.13574898253905734,0.2,0.8187659863594043,0.5,0.49191871455576547,high,1.0
15106766,0,0.4432,9,0.53120508008082,0.5,228.58,228.58,235.55,0.0,0.26900354470263876,0.3333333333333333,0.7239296899779667,0.5,0.5396266540642721,high,1.0
15106823,0,0.6798,13,0.22044824432717264,0.4999,247.57,249.58,247.57,0.0,0.5796245240908493,0.6,0.3004282811973043,0.4999,0.5844990548204158,high,0.8306
15106823,0,0.8099,10,0.1780070820789879,0.4064,223.09,223.09,229.2,0.0,0.7504266771694891,0.4,0.24258919309227642,0.4064,0.5266540642722116,high,0.9945
15106823,0,0.8883,13,0.0,0.5,224.19,229.61,224.19,0.0,0.8533543389786004,0.6,0.0,0.5,0.5292533081285443,low,1.0
15106823,0,0.8099,10,0.17800708207898797,0.4064,223.09,223.09,229.2,0.0,0.7504266771694891,0.4,0.24258919309227647,0.4064,0.5266540642722116,high,0.9945
"[85518610, 270499501]",0,0.6426,8,0.37930395075711787,0.3888,157.54,157.54,163.93,0.0,0.5307863988446894,0.26666666666666666,0.5169178567291581,0.3888,0.37176275992438557,high,1.0
15106832,0,0.7115,13,0.11773944136039537,0.3759,148.88,152.85,148.88,0.0,0.6212419587764212,0.6,0.1604560657989979,0.3759,0.3512996219281663,medium,0.999
15107285,0,0.719,9,0.08780987601965963,0.0,40.82,40.82,41.38,0.0,0.6310883549954049,0.3333333333333333,0.11966786220162716,0.0,0.09595935727788278,medium,0.9994
"[67498432, 263210260]",0,0.6907,8,0.12085714916534815,0.1606,72.53,72.63,72.53,0.0,0.5939346199291059,0.26666666666666666,0.16470489799077206,0.1606,0.1708884688090737,high,0.9595
45756900,0,1.0,12,0.0,,48.14,48.14,51.43,0.0,1.0,0.5333333333333333,0.0,0.2432,0.11325614366729678,low,1.0
"[45756901, 909084303]",0,0.8105,9,0.04578444889496073,0.3181,2.63,2.63,11.36,0.0,0.751214388867008,0.3333333333333333,0.062395340589171684,0.3181,0.005718336483931947,low,0.9998
71270646,0,0.4768,14,0.22433574348914112,0.0646,13.07,13.07,18.0,0.0,0.31311539976368646,0.6666666666666666,0.3057261899874184,0.0646,0.0303875236294896,medium,1.0
45756890,0,0.8169,12,0.002173917110575892,0.5,72.89,72.89,79.17,0.0,0.7596166469738742,0.5333333333333333,0.0029626281805466975,0.5,0.17173913043478262,low,1.0
45756900,0,1.0,12,0.0,,48.14,48.14,51.43,0.0,1.0,0.5333333333333333,0.0,0.2432,0.11325614366729678,low,1.0
45756891,0,0.8963,10,0.004202614864053541,0.3374,11.22,11.22,13.21,0.0,0.8638571616121831,0.4,0.005727350489886486,0.3374,0.026016068052930053,low,1.0
15106870,0,0.6141,13,0.14305914965990055,0.0,37.61,37.61,39.32,0.0,0.4933700932125508,0.6,0.19496192665560827,0.0,0.08837429111531189,medium,1.0
15107438,0,0.6879,13,0.13372972387144277,0.233,57.12,57.12,97.45,0.0,0.5902586320073518,0.6,0.18224772535752745,0.233,0.13447542533081283,low,0.842
15107438,0,0.6673,14,0.20335053898130215,0.2041,68.36,68.36,124.79,0.0,0.5632138637258763,0.6666666666666666,0.27712741869710483,0.2041,0.16103497164461247,medium,0.9898
270499498,0,0.772,16,0.09271632369414061,0.4878,7.21,7.21,136.68,0.0,0.700669554942891,0.8,0.12635440055954295,0.4878,0.0165406427221172,low,1.0
45756890,0,0.8169,12,0.002173917110575892,0.5,72.89,72.89,79.17,0.0,0.7596166469738742,0.5333333333333333,0.0029626281805466975,0.5,0.17173913043478262,low,1.0
45756890,0,0.6119,14,0.14055583462147003,0.5,107.86,112.42,107.86,0.0,0.49048181698831556,0.6666666666666666,0.19155039286641246,0.5,0.25437145557655955,low,0.9382
828819165,0,0.7358,13,0.10100181993497435,0.5,111.28,111.28,121.33,0.0,0.6531442825259288,0.6,0.13764592797495812,0.5,0.26245274102079397,low,0.9999
15210376,0,0.9383,7,0.0,0.5,246.53,254.51,246.53,0.0,0.9189969804384928,0.2,0.0,0.5,0.5820415879017012,medium,0.9138
339798866,0,0.6349,12,0.07780418836069213,0.5,182.57,190.23,182.57,0.0,0.520677432059866,0.5333333333333333,0.10603204688926104,0.5,0.43090737240075605,medium,1.0
15107046,0,0.6092,6,0.2297834285084896,0.4777,193.27,194.92,193.27,0.0,0.48693711434948134,0.13333333333333333,0.3131503300701046,0.4777,0.4561909262759924,high,1.0
140358451,0,0.4863,7,0.45673532571980785,0.4261,130.4,146.92,130.4,0.0,0.32558750164106603,0.2,0.6224418311286112,0.4261,0.3076323251417769,high,1.0
45756884,0,0.733,7,0.14331321496272084,0.5,154.05,156.67,154.05,0.0,0.6494682946041748,0.2,0.1953081684797205,0.5,0.36351606805293,high,1.0
45756884,0,0.7636,6,0.026823906991137746,0.4016,179.15,182.1,179.15,0.0,0.6896415911776288,0.13333333333333333,0.036555792480632385,0.4016,0.4228260869565217,high,1.0
15107061,0,0.9097,6,0.03957534328729536,0.5,193.73,197.27,193.73,0.0,0.8814493895234343,0.13333333333333333,0.053933531645413535,0.5,0.45727788279773146,high,0.6057
15107094,0,0.5477,10,0.3593506215675648,0.3803,110.4,124.88,110.4,0.0,0.40619666535381377,0.4,0.48972533174045935,0.3803,0.2603733459357278,high,1.0
140358451,0,0.6776,10,0.2753496299190201,0.5,54.99,67.89,54.99,0.0,0.576736247866614,0.4,0.37524824158778103,0.5,0.1294423440453686,medium,0.9993
15107094,0,0.6185,10,0.35268773008525567,0.5,136.18,141.04,136.18,0.0,0.4991466456610214,0.4,0.48064510049641507,0.5,0.3212901701323251,high,1.0
140357866,0,0.5225,8,0.462408828933166,0.5,65.63,70.38,65.63,0.0,0.373112774058028,0.26666666666666666,0.6301737176943618,0.5,0.15458412098298677,high,1.0
15107182,0,0.3917,7,0.5344175102329922,0.5,89.88,98.36,89.88,0.0,0.2013916239989497,0.2,0.7283076103920262,0.5,0.21188563327032134,high,1.0
"[1444858729, 398749591]",0,0.5344,7,0.36756925377351324,0.3421,23.88,23.88,27.32,0.0,0.3887357227254824,0.2,0.5009257364203054,0.3421,0.055931001890359155,high,1.0
15107182,0,0.4372,7,0.4985684469712602,0.4911,140.94,149.08,140.94,0.0,0.2611264277274517,0.2,0.679452277063667,0.4911,0.3325378071833648,high,1.0
15107255,0,0.4775,7,0.47833154168768277,0.5,143.14,154.45,143.14,0.0,0.3140343967441249,0.2,0.6518732927553378,0.5,0.33773629489603013,high,1.0
15107182,0,0.6242,7,0.3135506146412626,0.4775,62.98,69.05,62.98,0.0,0.506629906787449,0.2,0.4273087885663952,0.4775,0.14832230623818524,high,1.0
15107193,0,0.6949,6,0.16529612718489178,0.5,72.35,80.1,72.35,0.0,0.5994486018117368,0.13333333333333333,0.22526662224184907,0.5,0.17046313799621926,high,0.9991
136024053,0,0.4084,6,0.4256343974033024,0.2653,129.81,141.95,129.81,0.0,0.2233162662465537,0.13333333333333333,0.5800572865554131,0.2653,0.3062381852551984,high,1.0
45756887,0,0.7463,9,0.21154452715996291,0.4818,100.39,103.4,100.39,0.0,0.6669292372325062,0.3333333333333333,0.2882942383385106,0.4818,0.23672022684310018,medium,0.985
67498466,0,0.6246,7,0.23260510378061158,0.1805,27.54,27.54,28.18,0.0,0.5071550479191282,0.2,0.3169957272275546,0.1805,0.06457939508506615,high,1.0
15107699,0,1.0,8,0.0,,46.5,47.5,46.5,0.0,1.0,0.26666666666666666,0.0,0.2432,0.10938090737240075,low,1.0
398749592,0,0.9951,7,0.0,0.0,55.04,56.2,55.04,0.0,0.9935670211369304,0.2,0.0,0.0,0.12956049149338372,medium,0.9999
15107255,0,0.4511,7,0.5823265853494534,0.5,71.72,84.67,71.72,0.0,0.2793750820533018,0.2,0.7935984052219891,0.5,0.16897448015122873,high,1.0
136024053,0,0.5303,7,0.3561615991022392,0.29,48.8,53.55,48.8,0.0,0.38335302612577127,0.2,0.4853793114721579,0.29,0.11481568998109638,high,1.0
15107333,3,0.8137,7,0.01290330199981554,0.0,92.07,93.67,92.07,0.2727272727272727,0.7554155179204409,0.2,0.017584702719705442,0.0,0.21706049149338372,medium,1.0
15107420,1,0.7731,8,0.05512877207550015,0.0,74.5,80.02,74.5,0.09090909090909091,0.7021136930550084,0.26666666666666666,0.07512984414872466,0.0,0.17554347826086955,medium,0.9994
15107573,0,0.6246,8,0.3684760470249923,0.0,171.4,171.4,181.45,0.0,0.5071550479191282,0.26666666666666666,0.5021615200790713,0.0,0.40451323251417765,high,1.0
15107438,0,0.6673,14,0.20335053898130215,0.2041,68.36,68.36,124.79,0.0,0.5632138637258763,0.6666666666666666,0.27712741869710483,0.2041,0.16103497164461247,medium,0.9898
1387739976,0,0.8803,12,0.0,0.2244,158.73,158.73,209.89,0.0,0.8428515163450175,0.5333333333333333,0.0,0.2244,0.3745746691871455,low,0.9953
15211052,0,0.7103,6,0.04320096148689133,0.5,199.29,199.29,208.63,0.0,0.6196665353813837,0.13333333333333333,0.05887454738045254,0.5,0.47041587901701315,high,1.0
15106870,0,0.6141,13,0.14305914965990055,0.0,37.61,37.61,39.32,0.0,0.4933700932125508,0.6,0.19496192665560827,0.0,0.08837429111531189,medium,1.0
15106870,0,0.5361,11,0.31516355644333793,0.0,4.55,4.55,9.17,0.0,0.3909675725351188,0.4666666666666667,0.4295069159987444,0.0,0.010255198487712664,high,0.9999
270499517,0,0.8373,12,0.10694083410554571,0.0,78.03,88.31,78.03,0.0,0.7863988446895103,0.5333333333333333,0.1457396545760334,0.0,0.18388468809073724,medium,0.9808
15107528,0,0.6995,11,0.24797701637182626,0.0,30.55,40.17,30.55,0.0,0.605487724826047,0.4666666666666667,0.33794466829346714,0.0,0.07169187145557655,medium,0.9841
270499500,0,0.6442,8,0.2220763144712183,0.0,85.91,85.91,88.93,0.0,0.5328869633714061,0.26666666666666666,0.3026470256311152,0.0,0.2025047258979206,high,1.0
15107573,0,0.6246,8,0.3684760470249923,0.0,171.4,171.4,181.45,0.0,0.5071550479191282,0.26666666666666666,0.5021615200790713,0.0,0.40451323251417765,high,1.0
85518630,0,0.7671,10,0.15834281016618681,0.0024,74.98,74.98,82.97,0.0,0.6942365760798214,0.4,0.21579059721418226,0.0024,0.17667769376181475,medium,0.9855
15107587,0,0.7015,10,0.22403976113380988,0.0,65.85,65.85,70.56,0.0,0.6081134304844427,0.4,0.30532282333531247,0.0,0.15510396975425328,high,0.9933
15106870,0,0.5361,11,0.31516355644333793,0.0,4.55,4.55,9.17,0.0,0.3909675725351188,0.4666666666666667,0.4295069159987444,0.0,0.010255198487712664,high,0.9999
15106870,0,0.5202,12,0.2943281523315968,0.0,107.92,107.92,108.06,0.0,0.370093212550873,0.5333333333333333,0.4011122936489665,0.0,0.2545132325141777,high,1.0
15107587,0,0.7015,10,0.2240397611338099,0.0,65.85,65.85,70.56,0.0,0.6081134304844427,0.4,0.30532282333531247,0.0,0.15510396975425328,high,0.9933
206651512,0,0.694,6,0.3185352506107192,0.0,91.97,91.97,95.02,0.0,0.5982670342654587,0.13333333333333333,0.4341018824341585,0.0,0.2168241965973535,high,1.0
15107609,0,0.6782,7,0.22592479333360466,0.1864,138.19,138.19,148.37,0.0,0.5775239595641328,0.2,0.307891757306705,0.1864,0.32603969754253304,high,1.0
15107393,0,0.5388,7,0.1591110715795238,0.0,16.33,16.33,19.82,0.0,0.3945122751739529,0.2,0.2168375887954647,0.0,0.038090737240075605,high,1.0
15107646,0,0.5953,7,0.27156486180532496,0.0,145.87,153.44,145.87,0.0,0.4686884600236314,0.2,0.3700903353291116,0.0,0.3441871455576559,high,1.0
15107674,0,0.5253,8,0.40593979983437556,0.3363,165.77,169.79,165.77,0.0,0.376788761979782,0.26666666666666666,0.5532173626786595,0.3363,0.39120982986767483,high,1.0
15107646,0,0.5964,9,0.18729201647017624,0.1975,110.9,113.42,110.9,0.0,0.470132598135749,0.3333333333333333,0.2552427612288162,0.1975,0.261554820415879,high,1.0
15107393,0,0.6755,7,0.236190692195152,0.2402,75.61,75.61,77.23,0.0,0.5739792569252986,0.2,0.3218821901147919,0.2402,0.1781663516068053,high,1.0
15107646,0,0.5964,9,0.1872920164701762,0.1975,110.9,113.42,110.9,0.0,0.470132598135749,0.3333333333333333,0.2552427612288162,0.1975,0.261554820415879,high,1.0
396960152,0,0.7214,9,0.27761288003442747,0.0024,221.52,224.67,221.52,0.0,0.6342392017854799,0.3333333333333333,0.37833261336024254,0.0024,0.5229442344045369,high,1.0
15107699,0,1.0,8,0.0,,43.94,43.94,45.87,0.0,1.0,0.26666666666666666,0.0,0.2432,0.10333175803402644,low,1.0
44508942,0,0.9999,9,0.0,0.5,19.09,19.09,20.18,0.0,0.9998687147170803,0.3333333333333333,0.0,0.5,0.04461247637051039,low,1.0
15107738,0,1.0,9,0.0,,55.49,55.51,55.49,0.0,1.0,0.3333333333333333,0.0,0.2432,0.13062381852551982,low,1.0
219291918,0,0.9786,7,0.0,0.0,84.87,84.87,85.05,0.0,0.9719049494551659,0.2,0.0,0.0,0.20004725897920606,medium,1.0
15107393,0,0.6862,6,0.09870695466429161,0.0,33.34,33.34,36.17,0.0,0.5880267821977156,0.13333333333333333,0.13451847086612587,0.0,0.07828449905482042,high,1.0
1380294916,0,0.6017,7,0.38869791798621334,0.1888,50.02,50.02,58.22,0.0,0.4770907181304975,0.2,0.5297200155164717,0.1888,0.1176984877126654,high,1.0
1380294915,0,0.823,9,0.09392422562055038,0.2102,74.03,74.03,85.07,0.0,0.767625049231981,0.3333333333333333,0.12800053705164233,0.2102,0.1744328922495274,medium,1.0
15107831,0,0.6764,7,0.3096943426278437,0.0804,51.66,56.81,51.66,0.0,0.5751608244715767,0.2,0.4220534363345974,0.0804,0.12157372400756142,high,1.0
67498466,0,0.6791,7,0.17436633205232668,0.0,59.56,59.56,60.0,0.0,0.5787055271104109,0.2,0.23762755560626603,0.0,0.14024102079395084,high,1.0
45756887,0,0.6807,9,0.31617497005851014,0.5,54.04,90.18,54.04,0.0,0.5808060916371274,0.3333333333333333,0.43088527696012624,0.5,0.12719754253308127,high,0.8723
"[136023995, 136024003, 136023997]",0,0.7099,9,0.28029603270798414,0.5,123.17,129.69,123.17,0.0,0.6191413942497045,0.3333333333333333,0.3819892310319634,0.5,0.2905482041587902,high,0.9996
15107838,0,0.7304,12,0.33919320874615577,0.3801,53.17,77.93,53.17,0.0,0.6460548772482605,0.5333333333333333,0.46225468026939215,0.3801,0.12514177693761813,medium,1.0
1380297198,0,0.7311,8,0.2688584687621036,0.3421,8.5,39.66,8.5,0.0,0.6469738742286989,0.26666666666666666,0.3664020455325614,0.3421,0.019588846880907368,medium,0.9068
15107840,0,0.6824,12,0.2924334771295176,0.5,94.22,116.2,94.22,0.0,0.5830379414467638,0.5333333333333333,0.39853021813221606,0.5,0.222140831758034,medium,1.0
454903210,0,0.8401,9,0.1745968061838471,0.5,88.51,114.45,88.51,0.0,0.7900748326112641,0.3333333333333333,0.23794164723083056,0.5,0.208648393194707,medium,1.0
15107849,0,0.7132,13,0.2924096927092724,0.5,95.07,95.07,105.1,0.0,0.6234738085860574,0.6,0.39849780457176637,0.5,0.2241493383742911,medium,1.0
1380294915,0,0.823,9,0.09392422562055038,0.2102,74.03,74.03,85.07,0.0,0.767625049231981,0.3333333333333333,0.12800053705164233,0.2102,0.1744328922495274,medium,1.0
1380294917,0,0.8574,9,0.13302305256084018,0.5,86.23,92.55,86.23,0.0,0.8127871865563869,0.3333333333333333,0.18128466916325495,0.5,0.20326086956521738,medium,0.9991
15107849,0,0.7132,13,0.2924096927092724,0.5,95.07,95.07,105.1,0.0,0.6234738085860574,0.6,0.39849780457176637,0.5,0.2241493383742911,medium,1.0
1380279937,0,0.6744,16,0.32177047464674713,0.5,100.05,112.36,100.05,0.0,0.572535118813181,0.8,0.4385108664993234,0.5,0.23591682419659735,low,0.9213
1380279939,0,0.6828,10,0.3908904873033648,0.5,108.72,108.72,114.89,0.0,0.5835630825784428,0.4,0.5327080630437641,0.5,0.25640359168241966,high,1.0
"[1380301800, 1380300556]",0,0.7574,14,0.3179140050728165,0.4957,124.88,124.88,129.24,0.0,0.6815019036366021,0.6666666666666666,0.43325524503079316,0.4957,0.29458884688090736,medium,0.9999
15107868,0,0.6201,8,0.17712026643345954,0.2827,142.2,142.2,161.72,0.0,0.5012472101877379,0.26666666666666666,0.2413806350430249,0.2827,0.33551512287334584,high,1.0
15107838,0,0.7304,12,0.33919320874615577,0.3801,53.17,77.93,53.17,0.0,0.6460548772482605,0.5333333333333333,0.46225468026939215,0.3801,0.12514177693761813,medium,1.0
15107840,0,0.6824,12,0.2924334771295176,0.5,94.22,116.2,94.22,0.0,0.5830379414467638,0.5333333333333333,0.39853021813221606,0.5,0.222140831758034,medium,1.0
1380279937,0,0.6744,16,0.32177047464674713,0.5,100.05,112.36,100.05,0.0,0.572535118813181,0.8,0.4385108664993234,0.5,0.23591682419659735,low,0.9213
1380279938,0,0.6304,10,0.35288670581395754,0.3028,70.29,70.29,76.24,0.0,0.5147695943284757,0.4,0.4809162658956058,0.3028,0.16559546313799622,high,1.0
1380279938,0,0.6304,10,0.35288670581395754,0.3028,70.29,70.29,76.24,0.0,0.5147695943284757,0.4,0.4809162658956058,0.3028,0.16559546313799622,high,1.0
1380300555,0,0.6079,8,0.1541702684195082,0.5,163.8,163.8,181.78,0.0,0.4852304056715242,0.26666666666666666,0.210104230561526,0.5,0.38655482041587896,high,1.0
15107868,0,0.6201,8,0.17712026643345954,0.2827,142.2,142.2,161.72,0.0,0.5012472101877379,0.26666666666666666,0.2413806350430249,0.2827,0.33551512287334584,high,1.0
1380300555,0,0.6079,8,0.1541702684195082,0.5,163.8,163.8,181.78,0.0,0.4852304056715242,0.26666666666666666,0.210104230561526,0.5,0.38655482041587896,high,1.0
"[1380301800, 1380300556]",0,0.7574,14,0.3179140050728164,0.4957,124.88,124.88,129.24,0.0,0.6815019036366021,0.6666666666666666,0.4332552450307931,0.4957,0.29458884688090736,medium,0.9999
28556660,0,0.7433,10,0.1657919340524216,0.5,37.37,37.37,43.32,0.0,0.6629906787449125,0.4,0.22594231102073875,0.5,0.08780718336483931,medium,0.9684
15208642,0,0.6771,7,0.17657253279679064,0.5258,58.79,58.79,60.24,0.0,0.5760798214520152,0.2,0.24063418013012405,0.5258,0.13842155009451795,high,0.6061
15208649,0,0.997,6,0.0,0.5,117.08,117.08,117.25,0.0,0.9960614415124063,0.13333333333333333,0.0,0.5,0.2761578449905482,medium,0.9994
15210590,0,0.9885,6,5.759563161273937e-06,0.5,129.42,129.42,130.16,0.0,0.9849021924642247,0.13333333333333333,7.849169614709236e-06,0.5,0.30531663516068047,medium,1.0
15208683,0,0.849,7,0.00068312920803353,0.6001,24.22,24.22,24.8,0.0,0.8017592227911251,0.2,0.0009309728659058871,0.6001,0.056734404536861995,low,1.0
15208787,0,1.0,6,0.0,,129.0,130.39,129.0,0.0,1.0,0.13333333333333333,0.0,0.2432,0.30432419659735344,medium,1.0
78576157,0,0.9892,6,0.0,0.5,134.12,134.91,134.12,0.0,0.985821189444663,0.13333333333333333,0.0,0.5,0.31642249527410204,medium,1.0
28556660,0,0.6384,12,0.20678031424243778,0.5,207.55,212.88,207.55,0.0,0.5252724169620585,0.5333333333333333,0.2818015384195861,0.5,0.4899338374291115,high,0.9107
28556660,0,0.6926,14,0.16859336509873196,0.5,112.45,120.08,112.45,0.0,0.5964290403045818,0.6666666666666666,0.22976011921741782,0.5,0.2652173913043478,low,0.9946
45756890,0,0.6119,14,0.14055583462147,0.5,107.86,112.42,107.86,0.0,0.49048181698831556,0.6666666666666666,0.19155039286641243,0.5,0.25437145557655955,low,0.9382
339798866,0,0.6349,12,0.0778041883606921,0.5,182.57,190.23,182.57,0.0,0.520677432059866,0.5333333333333333,0.10603204688926102,0.5,0.43090737240075605,medium,1.0
"[15208876, 828819164]",0,0.7921,7,0.15424320308754644,0.5,250.91,255.6,250.91,0.0,0.7270578968097676,0.2,0.21020362639488951,0.5,0.5923913043478259,high,1.0
15209085,0,0.6662,9,0.08480552203939902,0.5,128.66,128.66,164.56,0.0,0.5617697256137587,0.3333333333333333,0.11557350932912973,0.5,0.3035207939508506,medium,0.9987
71270641,0,0.8531,7,0.08667995784007992,0.5,195.34,195.34,256.71,0.0,0.8071419193908362,0.2,0.11812800245985068,0.5,0.4610822306238185,high,0.9614
15209085,0,0.6397,13,0.27885744522088945,0.2426,35.35,35.35,119.68,0.0,0.5269791256400158,0.6,0.38002871477827815,0.2426,0.08303402646502835,medium,1.0
71270646,0,0.4768,14,0.2243357434891411,0.0646,13.07,13.07,18.0,0.0,0.31311539976368646,0.6666666666666666,0.3057261899874184,0.0646,0.0303875236294896,medium,1.0
270499498,0,0.772,16,0.0927163236941406,0.4878,7.21,7.21,136.68,0.0,0.700669554942891,0.8,0.12635440055954295,0.4878,0.0165406427221172,low,1.0
275600094,0,0.5825,10,0.3450953205142337,0.2134,78.74,78.74,81.09,0.0,0.4518839438098989,0.4,0.47029811603967864,0.2134,0.18556238185255197,high,1.0
15209085,0,0.6397,13,0.27885744522088945,0.2426,35.35,35.35,119.68,0.0,0.5269791256400158,0.6,0.38002871477827815,0.2426,0.08303402646502835,medium,1.0
15209085,0,0.6662,9,0.08480552203939902,0.5,128.66,128.66,164.56,0.0,0.5617697256137587,0.3333333333333333,0.11557350932912973,0.5,0.3035207939508506,medium,0.9987
15209369,0,0.6162,8,0.216646230277686,0.1488,61.21,72.27,61.21,0.0,0.49612708415386625,0.26666666666666666,0.29524687206673284,0.1488,0.1441398865784499,high,1.0
15209433,0,0.6633,11,0.1596044540084229,0.5,151.34,155.74,151.34,0.0,0.5579624524090849,0.4666666666666667,0.2175099735338395,0.5,0.35711247637051036,medium,0.9993
15210861,0,0.6944,10,0.17779126967523237,0.5,223.89,228.18,223.89,0.0,0.5987921753971379,0.4,0.24229508256434173,0.5,0.5285444234404536,high,1.0
28556648,0,0.6761,9,0.19306882962699978,0.3838,89.44,89.44,100.23,0.0,0.5747669686228174,0.3333333333333333,0.263115439248092,0.3838,0.21084593572778826,high,0.5938
828819165,0,0.7358,13,0.10100181993497435,0.5,111.28,111.28,121.33,0.0,0.6531442825259288,0.6,0.13764592797495812,0.5,0.26245274102079397,low,0.9999
15208876,0,0.8198,8,0.10917440715815112,0.2741,80.88,85.41,80.88,0.0,0.7634239201785478,0.26666666666666666,0.14878358225697683,0.2741,0.19061909262759924,medium,0.9999
15209433,0,0.6633,11,0.1596044540084229,0.5,151.34,155.74,151.34,0.0,0.5579624524090849,0.4666666666666667,0.2175099735338395,0.5,0.35711247637051036,medium,0.9993
15210376,1,0.9626,6,0.0,0.5,268.45,276.4,268.45,0.09090909090909091,0.9508993041880004,0.13333333333333333,0.0,0.5,0.6338374291115312,high,0.6787
15210500,1,0.9991,6,0.0,0.5,263.39,271.44,263.39,0.09090909090909091,0.9988184324537218,0.13333333333333333,0.0,0.5,0.6218809073724008,medium,0.9279
15210552,2,0.9783,9,0.0,0.5,319.3,326.53,319.3,0.18181818181818182,0.9715110936064066,0.3333333333333333,0.0,0.5,0.7539933837429111,medium,1.0
15210696,0,0.8987,7,0.013052040126405666,0.5,242.0,250.03,242.0,0.0,0.8670080084022582,0.2,0.017787403992543253,0.5,0.5713374291115311,high,0.693
28556660,0,0.6384,12,0.20678031424243778,0.5,207.55,212.88,207.55,0.0,0.5252724169620585,0.5333333333333333,0.2818015384195861,0.5,0.4899338374291115,high,0.9107
828819163,0,0.7867,7,0.103200187951867,0.5,287.93,292.15,287.93,0.0,0.7199684915320992,0.2,0.14064187800744732,0.5,0.6798676748582231,high,1.0
78576157,0,0.8312,6,0.0,0.5,149.52,149.52,151.36,0.0,0.7783904424314033,0.13333333333333333,0.0,0.5,0.3528119092627599,medium,0.9945
15210696,1,0.9803,6,0.0,0.5,254.65,262.75,254.65,0.09090909090909091,0.9741367992648023,0.13333333333333333,0.0,0.5,0.6012287334593572,medium,0.9375
78576157,1,1.0,6,0.0,,267.52,275.57,267.52,0.09090909090909091,1.0,0.13333333333333333,0.0,0.2432,0.6316398865784498,high,0.9989
28556660,0,0.6855,10,0.18439426097565184,0.5,86.24,86.24,92.2,0.0,0.5871077852172771,0.4,0.25129368145634146,0.5,0.2032844990548204,medium,1.0
"[339798860, 15210807]",0,0.5311,8,0.2570508317352506,0.5,112.24,112.24,117.21,0.0,0.38440330838912956,0.26666666666666666,0.35031052206497415,0.5,0.2647211720226843,high,1.0
28556660,0,0.5695,11,0.2586780198069116,0.5,92.76,100.53,92.76,0.0,0.43481685703032685,0.4666666666666667,0.35252806440488205,0.5,0.21869092627599243,medium,0.7541
28556660,0,0.6855,10,0.18439426097565184,0.5,86.24,86.24,92.2,0.0,0.5871077852172771,0.4,0.25129368145634146,0.5,0.2032844990548204,medium,1.0
28556660,0,0.8041,11,0.11868020497176042,0.5,69.36,69.36,75.32,0.0,0.7428121307601419,0.4666666666666667,0.16173814448208287,0.5,0.16339792060491493,low,0.9996
15211139,0,0.7758,8,0.12397059495971328,0.1206,146.19,146.6,146.19,0.0,0.7056583956938428,0.26666666666666666,0.1689479218871833,0.1206,0.34494328922495265,high,1.0
15107393,0,0.7,8,0.20412132421271564,0.462,183.36,183.36,188.89,0.0,0.6061441512406458,0.26666666666666666,0.27817784975384824,0.462,0.43277410207939504,high,1.0
15210632,0,0.8628,6,0.1430014573947199,1.0,79.26,80.08,79.26,0.0,0.8198765918340555,0.13333333333333333,0.19488330326661507,1.0,0.18679111531190926,medium,0.9984
131497905,0,0.8181,6,0.1032979472826069,0.0,35.75,36.9,35.75,0.0,0.7611920703689117,0.13333333333333333,0.14077510505035176,0.0,0.08397920604914932,high,0.9785
"[77833859, 429640717, 30385999]",0,1.0,6,0.0,,206.29,206.29,220.17,0.0,1.0,0.13333333333333333,0.0,0.2432,0.48695652173913034,high,0.7946
"[238876122, 429640715, 238876149, 238876143]",3,1.0,6,0.0,,137.25,138.61,137.25,0.2727272727272727,1.0,0.13333333333333333,0.0,0.2432,0.32381852551984874,medium,0.9936
15212797,0,0.6541,10,0.3115617631847427,0.0,28.83,39.13,28.83,0.0,0.5458842063804648,0.4,0.4245983690461007,0.0,0.06762759924385632,high,1.0
62298635,0,0.3952,8,0.5094028435278484,0.0743,125.72,138.99,125.72,0.0,0.20598660890114215,0.26666666666666666,0.6942174621765728,0.0743,0.29657372400756143,high,1.0
15218911,0,0.3661,7,0.4953543554982447,0.3992,176.01,176.01,186.78,0.0,0.16778259157148478,0.2,0.6750720925909076,0.3992,0.41540642722117194,high,1.0
62298635,0,0.412,8,0.5408533068632919,0.3327,149.73,162.75,149.73,0.0,0.22804253643166594,0.26666666666666666,0.7370783553152962,0.3327,0.35330812854442334,high,1.0
341274832,0,0.4598,6,0.26891555892750135,0.3072,96.72,96.72,162.48,0.0,0.290796901667323,0.13333333333333333,0.3664798483761089,0.3072,0.22804820415879015,high,1.0
15218911,0,0.6541,9,0.28700566070515127,0.0,137.59,137.59,141.55,0.0,0.5458842063804648,0.3333333333333333,0.39113315509819724,0.0,0.32462192816635155,high,1.0
510587660,0,0.4605,6,0.320112773125941,0.2711,193.88,206.84,193.88,0.0,0.2917158986477616,0.13333333333333333,0.4362517402352248,0.2711,0.4576323251417769,high,1.0
192162053,0,0.6044,5,0.10860512639711385,0.005,7.79,7.79,15.32,0.0,0.4806354207693318,0.06666666666666667,0.1480077627847959,0.005,0.017911153119092627,high,1.0
45314189,0,0.668,5,0.25033823432275154,0.0,80.23,80.41,80.23,0.0,0.5641328607063149,0.06666666666666667,0.34116255126048184,0.0,0.18908317580340264,high,1.0
44335077,0,0.6324,6,0.271322099540153,0.1655,37.82,43.72,37.82,0.0,0.5173952999868714,0.13333333333333333,0.36975949735719776,0.1655,0.08887051039697541,high,1.0
"[15219062, 15219007]",0,0.8261,7,0.1703295808968317,0.0772,52.57,52.57,60.33,0.0,0.7716948930024942,0.2,0.23212624524215758,0.0772,0.12372400756143666,high,0.9812
15219008,0,0.5113,7,0.4767327834468835,0.0719,150.96,153.09,150.96,0.0,0.3584088223710121,0.2,0.6496944947712608,0.0719,0.3562145557655954,high,1.0
15219109,0,0.8766,6,0.0,0.1618,68.43,69.14,68.43,0.0,0.8379939608769857,0.13333333333333333,0.0,0.1618,0.16120037807183366,medium,1.0
44335078,0,0.9576,6,0.0,0.9978,40.71,43.01,40.71,0.0,0.9443350400420113,0.13333333333333333,0.0,0.9978,0.09569943289224951,low,1.0
15219044,0,0.5894,8,0.43116659978296734,0.3083,56.32,69.16,56.32,0.0,0.46094262833136407,0.26666666666666666,0.5875966074387844,0.3083,0.13258506616257087,high,1.0
"[15219050, 15219047]",0,0.6146,6,0.31324703434451384,0.556,103.29,103.29,108.3,0.0,0.4940265196271498,0.13333333333333333,0.4268950673909966,0.556,0.24357277882797732,high,1.0
15219043,0,0.6128,7,0.2644142884670781,0.6187,15.51,15.51,17.33,0.0,0.49166338453459363,0.2,0.36034548812408457,0.6187,0.03615311909262759,high,0.9445
15219047,0,0.4252,7,0.5709436928092586,0.3633,63.23,63.23,66.8,0.0,0.24537219377707759,0.2,0.7780857262648866,0.3633,0.14891304347826084,high,1.0
15219109,0,0.4129,6,0.26860615943726973,0.5,40.26,40.26,40.83,0.0,0.22922410397794402,0.13333333333333333,0.36605819676651086,0.5,0.09463610586011341,high,1.0
15219051,0,0.5843,7,0.2697385742744781,0.5995,75.56,80.71,75.56,0.0,0.454247078902455,0.2,0.36760145896931584,0.5995,0.17804820415879016,high,1.0
44335078,0,0.5677,6,0.22404788184732333,0.2064,64.04,66.9,64.04,0.0,0.4324537219377707,0.13333333333333333,0.3053338902957702,0.2064,0.15082703213610585,high,1.0
15219051,0,0.4322,7,0.5321991653461785,0.0391,49.31,53.27,49.31,0.0,0.25456216358146244,0.2,0.7252844357530883,0.0391,0.11602079395085066,high,1.0
15219053,0,0.327,8,0.6757469402611199,0.129,111.66,113.99,111.66,0.0,0.11645004594984902,0.26666666666666666,0.9209122640400277,0.129,0.26335066162570886,high,1.0
44335077,0,0.5637,6,0.2912575841509929,0.0749,45.54,45.54,45.69,0.0,0.4272023106209793,0.13333333333333333,0.3969277036395814,0.0749,0.10711247637051038,high,1.0
15219053,0,0.327,8,0.6757469402611198,0.129,111.66,113.99,111.66,0.0,0.11645004594984902,0.26666666666666666,0.9209122640400275,0.129,0.26335066162570886,high,1.0
15219056,0,0.3084,7,0.6546661402692769,0.1844,168.11,169.38,168.11,0.0,0.09203098332676905,0.2,0.8921832146110189,0.1844,0.3967391304347826,high,1.0
15219056,0,0.4957,8,0.4697474253243528,0.1228,131.25,131.66,131.25,0.0,0.3379283182355257,0.26666666666666666,0.6401748039218071,0.1228,0.309640831758034,high,1.0
44335077,0,0.6089,7,0.298464621895781,0.2451,86.4,86.4,86.49,0.0,0.486543258500722,0.2,0.40674950089997314,0.2451,0.2036625708884688,high,1.0
15219058,0,0.5049,6,0.36515112173962955,0.5,151.42,155.68,151.42,0.0,0.35000656426414595,0.13333333333333333,0.4976302905760207,0.5,0.35730151228733453,high,1.0
127485207,0,0.5304,6,0.5032120587866445,0.4631,127.21,130.3,127.21,0.0,0.38348431140869105,0.13333333333333333,0.6857806210271279,0.4631,0.3000945179584121,high,1.0
"[15219058, 238909580]",0,0.535,6,0.5007172946239082,0.4936,171.32,175.27,171.32,0.0,0.3895234344230012,0.13333333333333333,0.6823807404261686,0.4936,0.4043241965973534,high,1.0
15219078,0,0.6067,7,0.2986059685440207,0.5,170.62,175.77,170.62,0.0,0.4836549822764868,0.2,0.4069421290187103,0.5,0.4026701323251417,high,1.0
85817361,0,0.3848,6,0.6202996442619325,0.3103,52.74,59.75,52.74,0.0,0.1923329394774845,0.13333333333333333,0.8453483334452727,0.3103,0.12412570888468807,high,1.0
127485208,0,0.3239,7,0.6998115768204795,0.462,86.64,91.68,86.64,0.0,0.1123802021793357,0.2,0.9537077050798594,0.462,0.2042296786389414,high,1.0
127485208,0,0.4551,7,0.5060811604935189,0.2137,65.71,68.12,65.71,0.0,0.2846264933700932,0.2,0.6896906512340243,0.2137,0.15477315689981094,high,1.0
"[15219008, 261734167]",0,0.5694,7,0.3796219861310265,0.022,14.27,14.27,15.04,0.0,0.4346855717474071,0.2,0.5173512773764167,0.022,0.03322306238185255,high,1.0
44335077,0,0.6726,7,0.1722573101583155,0.0055,62.88,63.0,62.88,0.0,0.5701719837206248,0.2,0.2347533670430543,0.0055,0.148086011342155,high,1.0
15219063,0,0.5894,7,0.35772144368209596,0.3956,54.22,57.61,54.22,0.0,0.46094262833136407,0.2,0.48750507766953255,0.3956,0.12762287334593572,high,1.0
127485207,0,0.3614,7,0.645737073215111,0.4213,91.03,94.86,91.03,0.0,0.16161218327425492,0.2,0.8800146247637016,0.4213,0.21460302457466918,high,1.0
15219066,0,0.3841,8,0.5554932092066323,0.4006,137.22,138.22,137.22,0.0,0.19141394249704605,0.26666666666666666,0.7570297081207129,0.4006,0.32374763705103965,high,1.0
44335077,0,0.4779,8,0.3998280453923654,0.0448,46.13,46.13,46.63,0.0,0.3145595378758041,0.26666666666666666,0.5448882245278106,0.0448,0.10850661625708884,high,1.0
15219066,0,0.4604,7,0.5165917175438463,0.3665,186.38,189.44,186.38,0.0,0.29158461336484176,0.2,0.7040145057908774,0.3665,0.4399102079395084,high,1.0
109241640,0,0.2444,7,0.7083390779679388,0.4125,130.28,134.33,130.28,0.0,0.008008402258106858,0.2,0.9653290383341041,0.4125,0.3073487712665406,high,1.0
15219067,0,0.3423,6,0.6213718560121071,0.2376,158.19,159.62,158.19,0.0,0.13653669423657605,0.13333333333333333,0.8468095504949601,0.2376,0.3732986767485822,high,1.0
15219008,0,0.3799,7,0.5414476181496947,0.1569,110.39,111.31,110.39,0.0,0.1858999606144151,0.2,0.7378882865479766,0.1569,0.26034971644612476,high,1.0
15219067,0,0.4067,6,0.5030138241708884,0.0329,155.26,157.12,155.26,0.0,0.2210844164369174,0.13333333333333333,0.6855104656214126,0.0329,0.36637523629489593,high,1.0
15219008,0,1.0,9,0.0,,99.81,99.81,100.32,0.0,1.0,0.3333333333333333,0.0,0.2432,0.23534971644612476,low,0.9988
15219070,0,0.6629,9,0.3456799654554094,0.0,105.48,105.48,107.67,0.0,0.5574373112774058,0.3333333333333333,0.47109487391508925,0.0,0.2487476370510397,high,1.0
15219071,0,0.5644,6,0.36191537829656206,0.1052,118.79,122.17,118.79,0.0,0.42812130760141787,0.13333333333333333,0.49322059865961115,0.1052,0.2801984877126654,high,1.0
75142091,0,0.3677,8,0.600330297944481,0.0,101.36,102.57,101.36,0.0,0.1698831560982014,0.26666666666666666,0.8181339802119493,0.0,0.23901228733459357,high,1.0
15219076,0,0.5562,7,0.44883715579367284,0.2365,98.61,102.75,98.61,0.0,0.41735591440199554,0.2,0.6116781544989557,0.2365,0.23251417769376181,high,1.0
15219076,0,0.4802,8,0.4216174812931268,0.6075,111.2,115.33,111.2,0.0,0.31757909938295914,0.26666666666666666,0.5745830075182765,0.6075,0.26226370510396974,high,1.0
15219051,0,0.5421,8,0.3104006226228009,0.5,164.94,169.96,164.94,0.0,0.3988446895103059,0.26666666666666666,0.4230159592413987,0.5,0.38924858223062375,high,1.0
15219078,0,0.3491,8,0.6163400776829977,0.43,180.43,189.96,180.43,0.0,0.14546409347512143,0.26666666666666666,0.839952210717118,0.43,0.42585066162570884,high,1.0
15219051,0,0.4954,8,0.39264360761948136,0.4851,241.2,246.02,241.2,0.0,0.33753446238676643,0.26666666666666666,0.535097226654073,0.4851,0.5694470699432891,high,1.0
15219047,0,0.5886,8,0.28128124338134713,0.5917,94.71,95.73,94.71,0.0,0.4598923460680058,0.26666666666666666,0.38333188245619704,0.5917,0.2232986767485822,high,1.0
15219076,0,0.4201,9,0.584833936573503,0.4186,72.42,78.97,72.42,0.0,0.23867664434816852,0.3333333333333333,0.7970154395508324,0.4186,0.17062854442344044,high,1.0
15219078,0,0.4205,9,0.5974656361199426,0.3442,67.69,76.08,67.69,0.0,0.23920178547984766,0.3333333333333333,0.8142300007051753,0.3442,0.15945179584120983,high,1.0
15219047,0,0.3679,8,0.627483069322911,0.4029,116.32,125.81,116.32,0.0,0.17014572666404093,0.26666666666666666,0.8551379511887305,0.4029,0.2743620037807183,high,1.0
1436555097,0,0.5379,10,0.17701353477723242,0.3109,33.14,33.14,33.49,0.0,0.39333070762767497,0.4,0.24123518045740314,0.3109,0.07781190926275991,medium,0.9856
"[1436555096, 1436555098, 1436555095]",0,0.4651,10,0.21136510532527425,0.352,58.13,58.13,60.47,0.0,0.2977550216620717,0.4,0.2880497211114884,0.352,0.13686200378071833,high,0.9987
15219051,0,0.5657,8,0.30088263440763335,0.3365,236.14,246.13,236.14,0.0,0.429828016279375,0.26666666666666666,0.4100447838588669,0.3365,0.5574905482041587,high,1.0
15219092,0,0.4027,8,0.6026067811165191,0.3644,185.98,185.98,198.17,0.0,0.21583300512012601,0.26666666666666666,0.8212363860788564,0.3644,0.4389650283553874,high,1.0
15219047,0,0.3559,8,0.5875326995737099,0.3939,136.06,136.06,138.1,0.0,0.15439149271366676,0.26666666666666666,0.8006933310758279,0.3939,0.3210066162570888,high,1.0
15219092,0,0.4027,8,0.6026067811165191,0.3644,185.98,185.98,198.17,0.0,0.21583300512012601,0.26666666666666666,0.8212363860788564,0.3644,0.4389650283553874,high,1.0
15219110,0,0.4412,8,0.2906567876030619,0.2667,127.93,127.93,131.03,0.0,0.26637783904424306,0.26666666666666666,0.3961089342508976,0.2667,0.3017958412098299,high,1.0
15219903,0,0.5687,7,0.31413266437310516,0.0124,146.0,146.0,148.45,0.0,0.43376657476696856,0.2,0.4281020096738824,0.0124,0.3444943289224952,high,1.0
15219934,0,0.463,8,0.4367922622709917,0.0993,74.92,74.92,79.08,0.0,0.2949980307207562,0.26666666666666666,0.5952632963572272,0.0993,0.1765359168241966,high,1.0
15219937,0,0.4931,6,0.23176164168439012,0.1135,106.46,106.46,110.19,0.0,0.33451490087961133,0.13333333333333333,0.3158462516733433,0.1135,0.2510633270321361,high,1.0
15219113,0,0.6075,7,0.36038447543616153,0.2398,99.83,99.83,102.7,0.0,0.4847052645398451,0.2,0.49113427442312696,0.2398,0.2353969754253308,high,1.0
44335077,0,0.4938,6,0.332745634550553,0.0418,4.99,4.99,6.35,0.0,0.3354338978600499,0.13333333333333333,0.45346788480459255,0.0418,0.011294896030245746,high,1.0
15219110,0,0.4662,7,0.618300112589452,0.2184,190.05,190.05,192.76,0.0,0.29919915977418926,0.2,0.8426233588581703,0.2184,0.44858223062381847,high,1.0
15219113,0,0.3176,8,0.5878232566899371,0.1996,190.33,202.74,190.33,0.0,0.10410922935538923,0.26666666666666666,0.8010893041772885,0.1996,0.4492438563327032,high,1.0
15219113,0,0.7828,7,0.09844087425095799,0.4428,197.19,206.59,197.19,0.0,0.7148483654982276,0.2,0.1341558547723481,0.4428,0.465453686200378,high,1.0
85817329,0,0.7105,7,0.310579003845122,0.4481,186.16,190.78,186.16,0.0,0.6199291059472233,0.2,0.4232590583152125,0.4481,0.4393903591682419,high,1.0
806026921,0,0.447,8,0.5931757435037164,0.409,274.48,274.48,277.23,0.0,0.2739923854535906,0.26666666666666666,0.8083837075348785,0.409,0.648086011342155,high,1.0
129988287,0,0.498,7,0.5924978620052217,0.4546,360.18,360.18,364.25,0.0,0.3409478797426808,0.2,0.8074598862811879,0.4546,0.8505907372400756,high,1.0
207753968,0,0.5539,7,0.4575682356271147,0.5,323.93,334.67,323.93,0.0,0.4143363528948404,0.2,0.623576926092094,0.5,0.7649338374291115,high,1.0
806026921,0,0.6522,7,0.36849152675464514,0.5,354.77,365.62,354.77,0.0,0.5433897860049888,0.2,0.5021826159539202,0.5,0.8378071833648393,high,1.0
15219113,0,0.5405,8,0.482807755862098,0.0,190.28,199.79,190.28,0.0,0.3967441249835893,0.26666666666666666,0.6579735061400939,0.0,0.449125708884688,high,1.0
143702349,0,0.5646,10,0.3631411321714874,0.0,142.65,152.17,142.65,0.0,0.4283838781672574,0.4,0.49489106390163967,0.0,0.336578449905482,high,1.0
15219113,0,0.3508,7,0.5735257825452806,0.0,196.44,208.63,196.44,0.0,0.14769594328475777,0.2,0.7816046147171757,0.0,0.4636814744801512,high,1.0
355335572,0,0.3961,8,0.5870751494813616,0.0527,89.45,102.01,89.45,0.0,0.20716817644742022,0.26666666666666666,0.8000697788755126,0.0527,0.2108695652173913,high,1.0
207753966,0,0.5394,7,0.3937406069234053,0.4916,192.72,192.72,197.19,0.0,0.39529998687147166,0.2,0.5365922243409831,0.4916,0.45489130434782604,high,1.0
207631426,0,0.6939,8,0.036002611777168375,0.3977,217.95,223.56,217.95,0.0,0.598135748982539,0.26666666666666666,0.04906459022996767,0.3977,0.514508506616257,high,1.0
207631426,0,0.6671,8,0.06869197958938056,0.2882,220.03,225.73,220.03,0.0,0.5629512931600368,0.26666666666666666,0.09361387033525209,0.2882,0.5194234404536862,high,1.0
109241578,0,0.6591,12,0.3216355946197389,0.2648,182.43,188.63,182.43,0.0,0.552448470526454,0.5333333333333333,0.43832705113347364,0.2648,0.43057655954631374,high,1.0
44335077,0,0.5001,6,0.4066545045514168,0.0892,71.54,71.54,94.96,0.0,0.3437048706839963,0.13333333333333333,0.5541913668507482,0.0892,0.1685491493383743,high,1.0
15219110,0,0.3275,7,0.6131819101432545,0.2404,164.45,164.45,168.21,0.0,0.11710647236444795,0.2,0.835648239739286,0.2404,0.38809073724007553,high,1.0
15219887,0,0.3502,6,0.627509890812547,0.3155,87.41,87.41,91.26,0.0,0.14690823158723906,0.13333333333333333,0.8551745036868241,0.3155,0.2060491493383743,high,1.0
15219903,0,0.4215,6,0.5172880727879392,0.1464,148.13,148.13,149.04,0.0,0.24051463830904551,0.13333333333333333,0.7049635031835493,0.1464,0.3495274102079394,high,1.0
"[15219893, 129988286]",0,0.5445,7,0.4543635289234323,0.246,173.9,173.9,175.43,0.0,0.40199553630038065,0.2,0.6192095312431702,0.246,0.41042060491493376,high,1.0
44335077,0,0.4848,7,0.3995117351878305,0.201,160.37,160.37,160.43,0.0,0.32361822239726923,0.2,0.5444571549524388,0.201,0.37844990548204155,high,1.0
15219903,0,0.4499,9,0.6600043503321574,0.4959,169.95,169.95,173.79,0.0,0.2777996586582644,0.3333333333333333,0.8994581615209212,0.4959,0.40108695652173904,high,1.0
207753966,0,0.5394,7,0.3937406069234053,0.4916,192.72,192.72,197.19,0.0,0.39529998687147166,0.2,0.5365922243409831,0.4916,0.45489130434782604,high,1.0
355335572,0,0.3525,9,0.6525030546590393,0.2276,237.68,237.68,241.7,0.0,0.14992779309439408,0.3333333333333333,0.8892353476686002,0.2276,0.5611294896030246,high,1.0
15219903,0,0.4197,9,0.6131243981258993,0.2116,247.79,247.79,252.3,0.0,0.23815150321648942,0.3333333333333333,0.8355698619931853,0.2116,0.5850189035916823,high,1.0
207633252,0,0.3822,7,0.6565059683539947,0.4991,292.35,292.35,296.79,0.0,0.18891952212157012,0.2,0.8946905441244712,0.4991,0.69031190926276,high,1.0
207633253,0,0.4086,7,0.559102735778995,0.0949,311.88,311.88,316.29,0.0,0.22357883681239332,0.2,0.7619487940829561,0.0949,0.7364603024574669,high,1.0
15241553,0,0.9963,6,0.0,0.5,173.66,175.61,173.66,0.0,0.9951424445319679,0.13333333333333333,0.0,0.5,0.4098534971644612,medium,1.0
6601854,0,0.8947,5,0.03169184970589563,0.5121,28.15,28.15,51.29,0.0,0.8617565970854668,0.06666666666666667,0.04318985603248887,0.5121,0.06602079395085064,medium,0.9997
15219914,0,0.7331,8,0.2448144017496147,0.5,105.27,117.08,105.27,0.0,0.6495995798870946,0.26666666666666666,0.3336346368031262,0.5,0.24825141776937615,high,0.9969
"[15241553, 85817329]",0,0.8402,7,0.15614572877795854,0.5,48.83,50.77,48.83,0.0,0.7902061178941838,0.2,0.21279640060748853,0.5,0.11488657844990546,medium,1.0
207753972,0,0.6374,8,0.3057878587953504,0.4674,116.88,128.65,116.88,0.0,0.5239595641328606,0.26666666666666666,0.4167296551137354,0.4674,0.2756852551984877,high,1.0
"[207753968, 15219908]",0,0.7427,6,0.27457838271774837,0.5,256.29,260.18,256.29,0.0,0.6622029670473939,0.13333333333333333,0.374197180955552,0.5,0.6051039697542533,high,1.0
85817329,0,0.6765,7,0.28211019806946125,0.466,134.62,146.67,134.62,0.0,0.5752921097544964,0.2,0.3844615872215975,0.466,0.31760396975425326,high,1.0
15219919,0,0.5249,8,0.4620842727889689,0.4577,230.77,241.08,230.77,0.0,0.37626362084810294,0.26666666666666666,0.6297314104995336,0.4577,0.5448015122873345,high,1.0
207753968,0,0.5537,7,0.534550119374294,0.5,271.78,280.1,271.78,0.0,0.41407378232900083,0.2,0.728488330980271,0.5,0.6417060491493383,high,1.0
15219919,0,0.6587,7,0.341464228149436,0.5,147.22,151.78,147.22,0.0,0.5519233293947747,0.2,0.46534964007719454,0.5,0.3473771266540642,high,1.0
"[207753965, 29070615]",0,0.8267,7,0.26826286772048763,0.44,99.67,102.79,99.67,0.0,0.7724826047000132,0.2,0.3655903566132046,0.44,0.23501890359168243,high,0.9998
207753971,0,0.648,6,0.25467099795472586,0.5,183.47,189.8,183.47,0.0,0.5378758041223579,0.13333333333333333,0.3470672693259901,0.5,0.4330340264650283,high,1.0
207753972,0,0.5824,7,0.3667745987853568,0.5,234.87,242.71,234.87,0.0,0.4517526585269791,0.2,0.4998427755059857,0.5,0.5544896030245746,high,1.0
15219930,0,0.7186,8,0.38217882610111215,0.5,192.88,194.34,192.88,0.0,0.6305632138637258,0.26666666666666666,0.5208357552857503,0.5,0.4552693761814744,high,1.0
15219919,0,0.6834,8,0.32105700577255275,0.5,207.47,211.22,207.47,0.0,0.5843507942759616,0.26666666666666666,0.4375385465417923,0.5,0.4897448015122873,high,1.0
109241648,0,0.6267,8,0.29250258087087566,0.5,166.57,169.99,166.57,0.0,0.5099120388604438,0.26666666666666666,0.39862439315413045,0.5,0.39310018903591676,high,1.0
109241578,0,0.6047,7,0.4133860888421082,0.5,267.79,273.71,267.79,0.0,0.4810292766180911,0.2,0.563365213094612,0.5,0.6322778827977316,high,1.0
109241648,0,0.6568,8,0.3101307741595759,0.5,202.62,207.71,202.62,0.0,0.549428909019299,0.26666666666666666,0.42264820802506287,0.5,0.47828449905482034,high,1.0
"[806026921, 207753965]",0,0.72,7,0.31031271147753453,0.5,181.31,187.45,181.31,0.0,0.6324012078246027,0.2,0.4228961533688182,0.5,0.427930056710775,high,1.0
44335077,0,0.4481,8,0.3865621843000486,0.4349,131.92,139.67,131.92,0.0,0.27543652356570825,0.26666666666666666,0.526809423951599,0.4349,0.3112240075614366,high,1.0
"[15219933, 15219934]",0,0.5227,8,0.4852921978549953,0.1572,120.58,120.58,123.11,0.0,0.3733753446238677,0.26666666666666666,0.6613593196217961,0.1572,0.2844281663516068,high,1.0
207631425,0,0.4646,8,0.5272165309178319,0.0432,38.32,38.32,42.56,0.0,0.29709859524747273,0.26666666666666666,0.7184940695983866,0.0432,0.09005198487712664,high,1.0
"[207631424, 109241578]",0,0.5733,10,0.44610793426288886,0.3726,122.11,129.58,122.11,0.0,0.4398056977812787,0.4,0.6079587538931462,0.3726,0.28804347826086957,high,1.0
207631422,0,0.6063,8,0.23767018182149038,0.3306,141.12,147.86,141.12,0.0,0.48312984114480756,0.26666666666666666,0.32389844806616125,0.3306,0.33296313799621924,high,1.0
207631422,0,0.7642,8,0.0862996901830416,0.4392,153.29,160.27,153.29,0.0,0.6904293028751477,0.26666666666666666,0.11760977125802083,0.4392,0.3617202268431001,medium,0.7933
109241578,0,0.6486,9,0.3870928743945378,0.3987,268.58,273.7,268.58,0.0,0.5386635158198765,0.3333333333333333,0.5275326518159099,0.3987,0.6341446124763704,high,1.0
129988287,0,0.3763,7,0.6104557953267912,0.3617,321.29,321.29,325.86,0.0,0.18117369042930287,0.2,0.8319330729836775,0.3617,0.7586956521739131,high,1.0
15219110,0,0.4221,7,0.6335957309219085,0.343,177.51,177.51,180.04,0.0,0.2413023500065642,0.2,0.8634683256189397,0.343,0.41895085066162563,high,1.0
15219947,0,0.3638,7,0.6056970215073386,0.3782,235.46,235.46,238.65,0.0,0.16476303006432977,0.2,0.8254477855024895,0.3782,0.5558837429111531,high,1.0
355335572,0,0.379,8,0.5172831539161314,0.1898,222.14,234.86,222.14,0.0,0.18471839306813703,0.26666666666666666,0.7049567997135029,0.1898,0.5244092627599243,high,1.0
15219947,0,0.3073,7,0.6376595759111127,0.0,256.2,268.63,256.2,0.0,0.09058684521465143,0.2,0.8690065596333914,0.0,0.604891304347826,high,1.0
129988288,0,0.4735,6,0.31469957010958455,0.1888,232.11,241.37,232.11,0.0,0.3087829854273335,0.13333333333333333,0.4288745924473638,0.1888,0.5479678638941399,high,1.0
"[15219977, 15219978, 15241554]",0,0.8923,5,0.011462689638509249,0.471,230.31,230.31,230.34,0.0,0.8586057502953918,0.06666666666666667,0.015621426954458208,0.471,0.5437145557655954,high,1.0
"[15219981, 15219982]",0,0.9931,5,0.0,0.5,192.19,192.19,192.76,0.0,0.9909413154785347,0.06666666666666667,0.0,0.5,0.45363894139886574,medium,0.9693
15241554,0,0.9386,6,0.0,0.5,112.3,112.68,112.3,0.0,0.919390836287252,0.13333333333333333,0.0,0.5,0.26486294896030244,medium,1.0
23500574,0,0.3491,7,0.500757735762488,0.7226,177.34,181.2,177.34,0.0,0.14546409347512143,0.2,0.6824358538691914,0.7226,0.4185491493383742,high,1.0
4353021,0,0.4648,7,0.45229327471048775,0.0,53.52,118.39,53.52,0.0,0.2973611658133123,0.2,0.6163881755243498,0.0,0.125968809073724,high,1.0
685989636,0,0.3781,7,0.521545176916879,0.0,87.69,100.76,87.69,0.0,0.18353682552185896,0.2,0.7107651119930856,0.0,0.20671077504725896,high,1.0
4353021,0,0.4864,8,0.4961805791065676,0.4246,67.92,81.82,67.92,0.0,0.32571878692398576,0.26666666666666666,0.676198075423253,0.4246,0.1599952741020794,high,1.0
109462891,0,0.6361,7,0.3834236742582517,0.0438,62.53,153.73,62.53,0.0,0.5222528554549034,0.2,0.5225322423380401,0.0438,0.14725897920604913,high,1.0
11342060,0,1.0,5,0.0,,344.69,344.69,344.71,0.0,1.0,0.06666666666666667,0.0,0.2432,0.8139886578449905,high,1.0
28556648,0,0.6761,9,0.19306882962699976,0.3838,89.44,89.44,100.23,0.0,0.5747669686228174,0.3333333333333333,0.26311543924809194,0.3838,0.21084593572778826,high,0.5938
28563372,0,0.7963,8,0.08059345353191744,0.5,318.23,324.8,318.23,0.0,0.7325718786923986,0.26666666666666666,0.10983327535334927,0.5,0.7514650283553875,high,1.0
15210552,0,0.5641,10,0.1828223508424233,0.5,307.48,313.02,307.48,0.0,0.4277274517526585,0.4,0.24915147224545017,0.5,0.7260633270321362,high,1.0
28563372,0,0.841,8,0.0513820598513373,0.5,353.5,359.65,353.5,0.0,0.7912564001575423,0.26666666666666666,0.0700238007003785,0.5,0.8348062381852551,high,1.0
28563372,0,0.7963,8,0.08059345353191744,0.5,318.23,324.8,318.23,0.0,0.7325718786923986,0.26666666666666666,0.10983327535334927,0.5,0.7514650283553875,high,1.0
28563372,0,0.841,8,0.0513820598513373,0.5,353.5,359.65,353.5,0.0,0.7912564001575423,0.26666666666666666,0.0700238007003785,0.5,0.8348062381852551,high,1.0
1464473936,0,0.426,9,0.45693916630877685,0.5111,42.45,50.56,42.45,0.0,0.24642247604043582,0.3333333333333333,0.6227196263905744,0.5111,0.0998109640831758,high,1.0
297373168,0,0.6291,7,0.33272299360187985,0.5,230.82,233.74,230.82,0.0,0.5130628856505185,0.2,0.45343702957453474,0.5,0.5449196597353496,high,1.0
29070615,0,0.6595,7,0.34034998852684223,0.5,192.43,194.85,192.43,0.0,0.5529736116581331,0.2,0.46383114717343177,0.5,0.4542060491493383,high,1.0
109241648,0,0.8467,7,0.16984328901101997,0.4156,157.37,159.33,157.37,0.0,0.7987396612839701,0.2,0.23146352354137692,0.4156,0.37136105860113416,high,0.9997
29070632,0,0.6753,7,0.39867063697867744,0.5,222.47,223.7,222.47,0.0,0.573716686359459,0.2,0.543310900918685,0.5,0.5251890359168241,high,1.0
15219919,0,0.6243,8,0.31343333269594625,0.5,291.64,294.77,291.64,0.0,0.5067611920703688,0.26666666666666666,0.42714895597913916,0.5,0.6886342155009452,high,1.0
297373168,0,0.7041,7,0.27108557151828144,0.5,247.39,251.38,247.39,0.0,0.6115268478403569,0.2,0.36943715545203654,0.5,0.5840737240075613,high,1.0
297373168,0,0.6743,6,0.27514447570344197,0.5,271.7,276.5,271.7,0.0,0.5724038335302613,0.13333333333333333,0.37496865610705,0.5,0.6415170132325141,high,1.0
806026921,0,0.6553,7,0.3482206454299528,0.5,261.03,266.39,261.03,0.0,0.5474596297755021,0.2,0.4745573288788569,0.5,0.6163043478260869,high,1.0
29070645,0,0.5823,6,0.39018267936972284,0.5,318.57,328.64,318.57,0.0,0.4516213732440594,0.13333333333333333,0.5317434578523239,0.5,0.7522684310018903,high,1.0
207753968,0,0.5314,7,0.4972979412493074,0.5,293.39,303.19,293.39,0.0,0.3847971642378889,0.2,0.6777208237174969,0.5,0.6927693761814744,high,1.0
207631418,0,0.9686,6,0.04742551529449829,0.0,199.86,201.19,199.86,0.0,0.9587764211631875,0.13333333333333333,0.06463179640331738,0.0,0.4717627599243856,high,1.0
15219113,0,0.4918,8,0.45995597820938283,0.0,187.74,187.74,196.43,0.0,0.3328081922016542,0.26666666666666666,0.6268309569968165,0.0,0.4431238185255198,high,1.0
29070645,0,0.6661,6,0.34636946417505454,0.5,298.31,302.38,298.31,0.0,0.5616384403308389,0.13333333333333333,0.4720345271922698,0.5,0.7043950850661626,high,1.0
29070668,0,0.6729,6,0.329964081164581,0.5,348.82,354.59,348.82,0.0,0.5705658395693843,0.13333333333333333,0.44967716601090646,0.5,0.8237476370510396,high,1.0
806026921,0,0.5672,6,0.5048691205816397,0.5,324.19,328.97,324.19,0.0,0.43179729552317186,0.13333333333333333,0.6880388754687885,0.5,0.7655482041587901,high,1.0
15219008,0,0.7911,8,0.33233433605412394,0.0,64.51,64.68,64.51,0.0,0.7257450439805697,0.26666666666666666,0.45290736457582703,0.0,0.15193761814744802,high,1.0
207604324,0,0.6637,8,0.36453276788229455,0.0,73.68,73.68,75.91,0.0,0.5584875935407639,0.26666666666666666,0.4967875939734786,0.0,0.17360586011342155,high,1.0
"[37352456, 321307744]",0,0.7357,5,0.10053597071008046,0.1757,104.28,110.57,104.28,0.0,0.653012997243009,0.06666666666666667,0.13701106566358373,0.1757,0.24591209829867675,high,1.0
674769136,0,1.0,7,0.0,,19.98,19.98,58.96,0.0,1.0,0.2,0.0,0.2432,0.04671550094517958,low,0.9998
15107438,0,0.7737,9,0.12840798435117348,0.0,101.94,101.94,122.7,0.0,0.7029014047525274,0.3333333333333333,0.17499522460872835,0.0,0.24038279773156898,high,0.94
15107626,0,0.5903,8,0.34447691825794247,0.0,84.02,84.02,92.05,0.0,0.46212419587764214,0.26666666666666666,0.4694553534787286,0.0,0.19803875236294893,high,1.0
15107438,0,0.6879,13,0.1337297238714428,0.233,57.12,57.12,97.45,0.0,0.5902586320073518,0.6,0.1822477253575275,0.233,0.13447542533081283,low,0.842
15107438,0,0.7737,9,0.12840798435117348,0.0,101.94,101.94,122.7,0.0,0.7029014047525274,0.3333333333333333,0.17499522460872835,0.0,0.24038279773156898,high,0.94
414211594,0,0.5846,7,0.18744360529459445,0.2579,138.69,138.69,149.18,0.0,0.45464093475121437,0.2,0.25544934745093684,0.2579,0.32722117202268425,high,1.0
15106870,0,0.7155,10,0.06908931396243824,0.0,100.09,109.17,100.09,0.0,0.6264933700932125,0.4,0.0941553601671292,0.0,0.23601134215500946,medium,0.9929
15106870,0,0.5202,12,0.2943281523315968,0.0,107.92,107.92,108.06,0.0,0.370093212550873,0.5333333333333333,0.4011122936489665,0.0,0.2545132325141777,high,1.0
270499499,0,0.5842,8,0.4502077406773118,0.1398,153.88,161.0,153.88,0.0,0.4541157936195353,0.26666666666666666,0.6135459963685219,0.1398,0.36311436672967856,high,1.0
"[4526341, 864841823]",0,0.8966,6,0.01566721960259324,0.0,125.3,125.3,194.12,0.0,0.8642510174609425,0.13333333333333333,0.02135138735494854,0.0,0.2955812854442344,high,0.9924
80789130,0,0.8135,5,0.08928180197496542,0.0,104.64,104.64,199.66,0.0,0.7551529473546014,0.06666666666666667,0.1216738123336043,0.0,0.24676275992438562,high,1.0
45756898,0,1.0,4,0.0,,29.53,29.53,38.04,0.0,1.0,0.0,0.0,0.2432,0.06928166351606804,medium,1.0
77833841,1,0.9904,5,0.0,0.5,204.09,204.09,207.45,0.09090909090909091,0.9873966128397006,0.06666666666666667,0.0,0.5,0.48175803402646494,medium,0.9973
78576157,1,0.9191,6,0.0,0.5,219.77,219.77,224.02,0.09090909090909091,0.8937902061178943,0.13333333333333333,0.0,0.5,0.5188090737240075,medium,0.986
"[30386001, 238876138]",0,1.0,5,0.0,,109.41,109.7,109.41,0.0,1.0,0.06666666666666667,0.0,0.2432,0.2580340264650283,medium,0.9998
77833789,0,1.0,6,0.0,,85.52,85.52,93.76,0.0,1.0,0.13333333333333333,0.0,0.2432,0.20158317580340263,medium,1.0
140357866,0,0.5063,8,0.3980983229887685,0.4676,46.12,46.12,50.39,0.0,0.3518445582250229,0.26666666666666666,0.5425309477427442,0.4676,0.1084829867674858,high,1.0
45756884,0,0.465,7,0.5617406406214133,0.4783,53.16,53.16,53.62,0.0,0.2976237363791519,0.2,0.765543747720208,0.4783,0.1251181474480151,high,1.0
"[335735810, 807334404, 4261174]",3,0.9167,9,0.0028892889266384503,0.1975,53.32,53.32,61.23,0.2727272727272727,0.8906393593278191,0.3333333333333333,0.003937541479460086,0.1975,0.1254962192816635,low,1.0
334731366,3,0.9261,6,0.0,0.5,116.09,116.09,116.09,0.2727272727272727,0.902980175922279,0.13333333333333333,0.0,0.5,0.27381852551984875,low,0.9809
143702349,0,0.4261,8,0.489241827412485,0.0017,74.17,83.52,74.17,0.0,0.2465537613233556,0.26666666666666666,0.6667419001133952,0.0017,0.17476370510396974,high,1.0
33116517,0,0.5162,8,0.45166755477701115,0.004,110.54,118.64,110.54,0.0,0.3648418012340816,0.26666666666666666,0.615535440386,0.004,0.2607041587901701,high,1.0
143702349,0,0.5646,10,0.36314113217148736,0.0,142.65,152.17,142.65,0.0,0.4283838781672574,0.4,0.4948910639016396,0.0,0.336578449905482,high,1.0
33116517,0,0.5162,8,0.45166755477701104,0.004,110.54,118.64,110.54,0.0,0.3648418012340816,0.26666666666666666,0.6155354403859999,0.004,0.2607041587901701,high,1.0
33116540,0,0.4163,6,0.6017884688769581,0.4138,40.02,50.42,40.02,0.0,0.23368780359721672,0.13333333333333333,0.8201211849105987,0.4138,0.09406899810964083,high,1.0
355335571,0,0.6725,7,0.08484622400792771,0.3112,22.19,22.19,33.63,0.0,0.5700406984377051,0.2,0.11562897823287965,0.3112,0.05193761814744801,medium,0.9986
33116540,0,0.4163,6,0.6017884688769581,0.4138,40.02,50.42,40.02,0.0,0.23368780359721672,0.13333333333333333,0.8201211849105987,0.4138,0.09406899810964083,high,1.0
33872608,0,1.0,6,0.0,,82.63,83.36,82.63,0.0,1.0,0.13333333333333333,0.0,0.2432,0.19475425330812854,medium,1.0
79176825,0,0.9992,6,0.0,0.5,71.12,184.74,71.12,0.0,0.9989497177366415,0.13333333333333333,0.0,0.5,0.16755671077504727,low,0.8899
45756897,0,0.782,5,0.0,1.0,40.85,41.86,40.85,0.0,0.7137980832348694,0.06666666666666667,0.0,1.0,0.09603024574669186,low,0.9857
33872608,0,1.0,6,0.0,,57.31,58.86,57.31,0.0,1.0,0.13333333333333333,0.0,0.2432,0.1349243856332703,medium,0.9973
"[554834776, 112538796]",4,0.9491,5,0.0,0.1461,104.08,104.08,106.24,0.36363636363636365,0.9331757909938296,0.06666666666666667,0.0,0.1461,0.24543950850661625,medium,0.9997
112538808,0,1.0,5,0.0,,114.36,114.36,115.53,0.0,1.0,0.06666666666666667,0.0,0.2432,0.26973062381852553,medium,0.9996
"[554230296, 252387586, 43759853]",1,0.8786,6,0.09147416919447161,0.5,40.26,40.26,41.49,0.09090909090909091,0.8406196665353814,0.13333333333333333,0.12466158444092959,0.5,0.09463610586011341,medium,0.9988
398749587,0,0.5907,7,0.31615187452033466,0.0,63.08,63.08,70.27,0.0,0.4626493370093212,0.2,0.4308538022125792,0.0,0.14855860113421548,high,1.0
398749589,0,0.6342,8,0.23839533397587792,0.0,58.52,62.84,58.52,0.0,0.5197584350794275,0.26666666666666666,0.3248866900728694,0.0,0.13778355387523628,high,1.0
4298498,2,0.8243,7,0.08223613888089719,0.6095,164.32,164.32,189.7,0.18181818181818182,0.7693317579099384,0.2,0.11207193748217781,0.6095,0.3877835538752362,medium,1.0
71270649,0,0.862,7,0.0,0.5,62.54,62.54,67.06,0.0,0.818826309570697,0.2,0.0,0.5,0.14728260869565216,medium,0.6212
416350447,0,1.0,7,0.0,,74.17,74.17,78.3,0.0,1.0,0.2,0.0,0.2432,0.17476370510396974,medium,0.9041
416350448,0,1.0,7,0.0,,108.2,108.2,110.86,0.0,1.0,0.2,0.0,0.2432,0.25517485822306235,medium,0.9999
43405590,0,1.0,7,0.0,,17.78,17.78,31.23,0.0,1.0,0.2,0.0,0.2432,0.04151701323251417,low,0.9999
"[43405596, 62694156, 131739079]",0,0.7277,7,0.21314597586244294,0.0408,28.61,28.61,33.24,0.0,0.6425101746094263,0.2,0.2904767029010211,0.0408,0.06710775047258978,high,1.0
43405595,0,1.0,6,0.0,,34.43,34.43,48.13,0.0,1.0,0.13333333333333333,0.0,0.2432,0.08086011342155008,medium,0.7887
4637139,0,1.0,7,0.0,,48.21,48.21,62.06,0.0,1.0,0.2,0.0,0.2432,0.11342155009451795,low,0.9516
"[43405593, 43405595]",0,0.9618,6,0.0,0.0,79.29,79.29,93.23,0.0,0.9498490219246423,0.13333333333333333,0.0,0.0,0.18686200378071835,medium,0.9998
53321072,0,1.0,6,0.0,,32.75,32.75,42.34,0.0,1.0,0.13333333333333333,0.0,0.2432,0.07689035916824195,medium,0.727
53321073,0,1.0,9,0.0,,48.45,48.45,50.4,0.0,1.0,0.3333333333333333,0.0,0.2432,0.11398865784499054,low,1.0
807334403,0,0.5393,7,0.1510627831900016,0.3769,89.23,89.23,89.6,0.0,0.3951687015885519,0.2,0.20586932976113162,0.3769,0.21034971644612477,high,1.0
4353021,0,0.5554,7,0.3284809572752338,0.291,79.91,92.05,79.91,0.0,0.41630563213863725,0.2,0.4476559552626006,0.291,0.18832703213610585,high,1.0
4353019,0,0.3986,8,0.4961132851716178,0.0576,123.71,138.87,123.71,0.0,0.21045030852041485,0.26666666666666666,0.6761063668171188,0.0576,0.2918241965973535,high,1.0
"[322773314, 807334403]",0,0.6764,7,0.10999764120717949,0.2528,40.29,59.73,40.29,0.0,0.5751608244715767,0.2,0.14990549089874236,0.2528,0.09470699432892248,high,0.6142
15107094,0,0.5609,12,0.41135432264948707,0.5,149.67,160.98,149.67,0.0,0.4235263226992253,0.5333333333333333,0.5605963090967283,0.5,0.3531663516068052,high,1.0
85518631,0,0.5917,8,0.37814455815979414,0.3766,140.3,154.13,140.3,0.0,0.46396218983851906,0.26666666666666666,0.5153378290618481,0.3766,0.33102551984877127,high,1.0
15107094,0,0.5477,10,0.35935062156756487,0.3803,110.4,124.88,110.4,0.0,0.40619666535381377,0.4,0.4897253317404594,0.3803,0.2603733459357278,high,1.0
15105163,0,0.6598,8,0.3890001273680577,0.5,107.98,117.26,107.98,0.0,0.5533674675068925,0.26666666666666666,0.5301318684002464,0.5,0.2546550094517958,high,1.0
15105470,0,0.6031,6,0.41993522842510905,0.5,159.22,171.19,159.22,0.0,0.4789287120913745,0.13333333333333333,0.5722904225207397,0.5,0.3757325141776937,high,1.0
85518569,0,0.8249,12,0.13783082844511205,0.0,94.69,102.44,94.69,0.0,0.7701194696074569,0.5333333333333333,0.18783673697264966,0.0,0.22325141776937615,medium,1.0
85518569,0,0.8285,12,0.21485081579111318,0.1618,126.25,134.67,126.25,0.0,0.7748457397925693,0.5333333333333333,0.2928000696896756,0.1618,0.29782608695652174,medium,1.0
"[270499515, 270499516]",0,0.7703,8,0.21287040115500147,0.2172,102.16,102.16,109.84,0.0,0.6984377051332545,0.26666666666666666,0.29010114792234226,0.2172,0.24090264650283552,high,0.9999
"[15106664, 15106801, 1518989928]",0,0.63,6,0.3639988300929518,0.401,162.55,162.55,165.61,0.0,0.5142444531967966,0.13333333333333333,0.4960599401297925,0.401,0.3836011342155009,high,1.0
48646525,0,0.9248,10,0.052859634929102894,0.0,41.6,44.06,41.6,0.0,0.9012734672443217,0.4,0.07203744949267407,0.0,0.09780245746691871,low,0.9442
880527065,0,0.4298,12,0.2900712391658088,0.0434,45.09,46.49,45.09,0.0,0.2514113167913877,0.5333333333333333,0.39531094508523823,0.0434,0.10604914933837428,high,1.0
85518576,0,0.6689,9,0.3465372553935724,0.0,30.05,30.05,37.11,0.0,0.5653144282525929,0.3333333333333333,0.4722631941409823,0.0,0.07051039697542533,high,1.0
880527065,0,0.7827,12,0.05221439852532558,0.201,18.64,18.64,21.66,0.0,0.7147170802153078,0.5333333333333333,0.07115811718343121,0.201,0.04354914933837429,low,1.0
14578198,0,0.337,7,0.625753508150541,0.0,126.59,133.6,126.59,0.0,0.1295785742418275,0.2,0.8527808941306142,0.0,0.29862948960302454,high,1.0
85518593,0,0.5414,8,0.5869976949563335,0.1254,166.11,172.36,166.11,0.0,0.39792569252986737,0.26666666666666666,0.7999642233520554,0.1254,0.3920132325141777,high,1.0
85518569,0,0.8249,12,0.13783082844511205,0.0,94.69,102.44,94.69,0.0,0.7701194696074569,0.5333333333333333,0.18783673697264966,0.0,0.22325141776937615,medium,1.0
85518569,0,0.8285,12,0.21485081579111312,0.1618,126.25,134.67,126.25,0.0,0.7748457397925693,0.5333333333333333,0.29280006968967554,0.1618,0.29782608695652174,medium,1.0
270499517,0,0.8373,12,0.10694083410554571,0.0,78.03,88.31,78.03,0.0,0.7863988446895103,0.5333333333333333,0.1457396545760334,0.0,0.18388468809073724,medium,0.9808
85518617,0,0.6173,8,0.364740775676264,0.5,126.94,131.78,126.94,0.0,0.4975712222659839,0.26666666666666666,0.49707106832914255,0.5,0.2994565217391304,high,1.0
85518631,0,0.5917,8,0.37814455815979414,0.3766,140.3,154.13,140.3,0.0,0.46396218983851906,0.26666666666666666,0.5153378290618481,0.3766,0.33102551984877127,high,1.0
85518568,0,0.5517,8,0.45541918863727576,0.681,86.27,86.27,104.13,0.0,0.4114480766706051,0.26666666666666666,0.6206481910715903,0.681,0.20335538752362947,high,1.0
"[85518584, 181097393]",0,0.6716,9,0.3398217893542693,0.5,102.26,102.26,193.82,0.0,0.568859130891427,0.3333333333333333,0.46311131395348376,0.5,0.2411389413988658,high,1.0
880527065,0,0.6683,10,0.193644144492978,0.5,92.95,97.53,92.95,0.0,0.5645267165550741,0.4,0.2638994820371857,0.5,0.2191398865784499,medium,0.9997
880527065,0,0.4462,9,0.42124648272585874,0.7509,65.36,69.62,65.36,0.0,0.2729421031902323,0.3333333333333333,0.5740774082914322,0.7509,0.1539461247637051,high,1.0
15107094,0,0.5609,12,0.41135432264948707,0.5,149.67,160.98,149.67,0.0,0.4235263226992253,0.5333333333333333,0.5605963090967283,0.5,0.3531663516068052,high,1.0
15107094,0,0.6185,10,0.35268773008525567,0.5,136.18,141.04,136.18,0.0,0.4991466456610214,0.4,0.48064510049641507,0.5,0.3212901701323251,high,1.0
85518617,0,0.6173,8,0.364740775676264,0.5,126.94,131.78,126.94,0.0,0.4975712222659839,0.26666666666666666,0.49707106832914255,0.5,0.2994565217391304,high,1.0
85518593,0,0.5414,8,0.5869976949563335,0.1254,166.11,172.36,166.11,0.0,0.39792569252986737,0.26666666666666666,0.7999642233520554,0.1254,0.3920132325141777,high,1.0
14578216,0,0.351,8,0.6392396463285397,0.1509,173.38,183.38,173.38,0.0,0.1479585138505973,0.26666666666666666,0.8711598897319237,0.1509,0.4091918714555765,high,1.0
85817360,0,0.4191,6,0.6011886254951034,0.0708,112.71,112.71,118.07,0.0,0.23736379151897066,0.13333333333333333,0.8193037145027567,0.0708,0.2658317580340264,high,1.0
15219919,0,0.6054,7,0.3738923679675842,0.3945,171.72,183.68,171.72,0.0,0.48194827359852965,0.2,0.5095429169968024,0.3945,0.4052693761814744,high,1.0
85817345,0,0.6475,10,0.2052937513883583,0.2268,211.62,223.33,211.62,0.0,0.5372193777077588,0.4,0.27977564102808755,0.2268,0.4995510396975425,high,1.0
109241640,0,0.3639,8,0.6221831356944135,0.5,98.68,105.89,98.68,0.0,0.16489431534724955,0.26666666666666666,0.8479151676490885,0.5,0.232679584120983,high,1.0
127485208,0,0.3089,8,0.6611622132454433,0.5,136.23,142.32,136.23,0.0,0.09268740974136798,0.26666666666666666,0.9010361045250139,0.5,0.32140831758034016,high,1.0
85817323,0,0.346,6,0.5651576939223969,0.0,191.97,191.97,198.83,0.0,0.14139424970460807,0.13333333333333333,0.7702005298738027,0.0,0.4531190926275992,high,1.0
451978384,0,0.3448,6,0.6257064076806504,0.0041,121.13,127.91,121.13,0.0,0.13981882630957065,0.13333333333333333,0.8527167053081721,0.0041,0.28572778827977313,high,1.0
85817339,0,0.5502,8,0.32800765007948146,0.3003,240.24,251.98,240.24,0.0,0.4094787974268084,0.26666666666666666,0.4470109291807092,0.3003,0.5671786389413989,high,1.0
85817351,0,0.3318,6,0.5900368344381423,0.1166,199.74,210.5,199.74,0.0,0.12275173952999864,0.13333333333333333,0.8041059821291568,0.1166,0.4714792060491493,high,1.0
864835835,0,0.4455,7,0.4334336857351933,0.2235,165.45,175.47,165.45,0.0,0.27202310620979386,0.2,0.5906862067142632,0.2235,0.39045368620037796,high,1.0
15219930,0,0.7186,8,0.38217882610111215,0.5,192.88,194.34,192.88,0.0,0.6305632138637258,0.26666666666666666,0.5208357552857503,0.5,0.4552693761814744,high,1.0
29070632,0,0.6753,7,0.39867063697867744,0.5,222.47,223.7,222.47,0.0,0.573716686359459,0.2,0.543310900918685,0.5,0.5251890359168241,high,1.0
297373168,0,0.6599,8,0.3091444073440246,0.5,223.69,225.58,223.69,0.0,0.5534987527898123,0.26666666666666666,0.42130398100284017,0.5,0.5280718336483932,high,1.0
85817339,0,0.5502,8,0.32800765007948146,0.3003,240.24,251.98,240.24,0.0,0.4094787974268084,0.26666666666666666,0.4470109291807092,0.3003,0.5671786389413989,high,1.0
85817339,0,0.6249,8,0.2504435193388769,0.2599,230.89,242.82,230.89,0.0,0.5075489037678876,0.26666666666666666,0.34130603435569495,0.2599,0.5450850661625708,high,1.0
85817345,0,0.6475,10,0.20529375138835823,0.2268,211.62,223.33,211.62,0.0,0.5372193777077588,0.4,0.27977564102808744,0.2268,0.4995510396975425,high,1.0
15219914,0,0.6895,7,0.3697563761684848,0.7586,90.73,90.73,100.83,0.0,0.5923591965340684,0.2,0.5039063608471175,0.7586,0.21389413988657846,high,1.0
85817314,0,0.686,6,0.3140691088684532,0.5,119.53,130.61,119.53,0.0,0.5877642116318761,0.13333333333333333,0.42801539582453424,0.5,0.2819470699432892,high,1.0
44335077,0,0.5016,7,0.41013388171453524,0.5,82.35,90.1,82.35,0.0,0.3456741499277931,0.2,0.5589330843633697,0.5,0.19409262759924384,high,1.0
85817354,0,0.3905,6,0.5973515697972652,0.0,99.42,99.42,110.79,0.0,0.19981620060391228,0.13333333333333333,0.8140745503890747,0.0,0.2344281663516068,high,1.0
4526343,0,0.3495,7,0.5263047195778066,0.0018,88.79,94.18,88.79,0.0,0.14598923460680052,0.2,0.7172514472563665,0.0018,0.2093100189035917,high,1.0
208134359,0,0.4208,7,0.4543717961374679,0.0,171.09,171.09,182.13,0.0,0.23959564132860706,0.2,0.6192207978554791,0.0,0.4037807183364839,high,1.0
85817302,0,0.6806,6,0.3219719411674812,0.5,136.42,143.57,136.42,0.0,0.5806748063542077,0.13333333333333333,0.43878542636587015,0.5,0.32185727788279767,high,1.0
207753972,0,0.6254,8,0.31372060479383235,0.5,184.39,193.47,184.39,0.0,0.5082053301824865,0.26666666666666666,0.4275404522365363,0.5,0.4352079395085065,high,1.0
248729535,0,0.509,10,0.37316161798513886,0.057,126.19,126.19,131.75,0.0,0.35538926086385714,0.4,0.508547046234116,0.057,0.29768431001890355,high,1.0
85817323,0,0.346,6,0.5651576939223969,0.0,191.97,191.97,198.83,0.0,0.14139424970460807,0.13333333333333333,0.7702005298738027,0.0,0.4531190926275992,high,1.0
451978384,0,0.3448,6,0.6257064076806504,0.0041,121.13,127.91,121.13,0.0,0.13981882630957065,0.13333333333333333,0.8527167053081721,0.0041,0.28572778827977313,high,1.0
62298635,0,0.4273,7,0.4594046871760825,0.0085,65.44,71.1,65.44,0.0,0.24812918471839304,0.2,0.6260796540409712,0.0085,0.1541351606805293,high,1.0
85817339,0,0.6249,8,0.2504435193388769,0.2599,230.89,242.82,230.89,0.0,0.5075489037678876,0.26666666666666666,0.34130603435569495,0.2599,0.5450850661625708,high,1.0
85817314,0,0.686,6,0.3140691088684532,0.5,119.53,130.61,119.53,0.0,0.5877642116318761,0.13333333333333333,0.42801539582453424,0.5,0.2819470699432892,high,1.0
207753972,0,0.6227,8,0.3447491371712345,0.5,146.21,156.64,146.21,0.0,0.5046606275436524,0.26666666666666666,0.4698263351596185,0.5,0.34499054820415875,high,1.0
207753967,0,0.6943,6,0.3044182280539726,0.5,90.41,99.2,90.41,0.0,0.5986608901142182,0.13333333333333333,0.41486311355536193,0.5,0.21313799621928164,high,1.0
93601149,7,0.3897,6,0.5405685724999671,0.412,196.25,201.42,196.25,0.6363636363636364,0.198765918340554,0.13333333333333333,0.7366903174988347,0.412,0.4632325141776937,high,1.0
"[1334350032, 136124305, 437157175, 164369276, 164369278]",0,0.8855,9,0.043188754232195495,0.6679,17.49,39.87,17.49,0.0,0.8496783510568465,0.3333333333333333,0.05885791125546274,0.6679,0.04083175803402646,low,1.0
29975021,0,0.9958,7,0.008339734169116219,0.0,159.53,159.53,159.92,0.0,0.994486018117369,0.2,0.011365443211929383,0.0,0.3764650283553875,medium,0.9374
321307751,0,0.8413,6,0.06243070525586342,0.0,147.92,147.92,148.62,0.0,0.7916502560063017,0.13333333333333333,0.08508096551732294,0.0,0.3490311909262759,high,1.0
29975021,0,0.7009,6,0.24308336884207396,0.0,136.31,143.81,136.31,0.0,0.6073257187869239,0.13333333333333333,0.33127557405488034,0.0,0.3215973534971644,high,1.0
4078617,0,0.9731,4,0.0,0.5,284.62,288.3,284.62,0.0,0.9646842588945778,0.0,0.0,0.5,0.6720463137996219,high,1.0
809156092,0,0.8105,6,0.12831738755179325,0.0,9.77,9.77,161.14,0.0,0.751214388867008,0.13333333333333333,0.1748717587094972,0.0,0.022589792060491488,high,0.92
1117989730,0,0.7341,6,0.22431130235965271,0.1368,38.65,38.65,236.5,0.0,0.6509124327162924,0.13333333333333333,0.30569288145940027,0.1368,0.09083175803402645,high,1.0
1117989730,0,0.6784,6,0.2061744978182677,0.1272,14.33,14.33,224.25,0.0,0.5777865301299724,0.13333333333333333,0.28097592791136905,0.1272,0.03336483931947069,high,1.0
"[104864857, 4298506, 104864835]",0,0.9835,5,0.0,0.5,251.57,260.28,251.57,0.0,0.9783379283182356,0.06666666666666667,0.0,0.5,0.5939508506616256,high,0.999
104864829,0,0.9527,5,0.021709964317731575,0.5,195.53,202.71,195.53,0.0,0.9379020611789417,0.06666666666666667,0.029586478607427774,0.5,0.4615311909262759,high,0.8671
4298493,0,1.0,6,0.0,,174.88,179.73,174.88,0.0,1.0,0.13333333333333333,0.0,0.2432,0.4127362948960302,medium,0.9776
"[309138951, 309138954, 1520686384, 1051498486, 246706748]",0,0.9829,6,0.0,0.5437,154.04,159.44,154.04,0.0,0.9775502166207166,0.13333333333333333,0.0,0.5437,0.36349243856332697,medium,1.0
"[1520686382, 246709233, 1520686389, 318996251, 319256925, 318996254]",0,1.0,6,0.0,,205.32,205.32,211.9,0.0,1.0,0.13333333333333333,0.0,0.2432,0.48466446124763696,high,0.7676
"[246709239, 1520686383]",0,1.0,6,0.0,,195.35,195.35,199.72,0.0,1.0,0.13333333333333333,0.0,0.2432,0.4611058601134215,medium,0.6068
131450470,0,1.0,6,0.0,,75.23,75.23,76.61,0.0,1.0,0.13333333333333333,0.0,0.2432,0.17726843100189035,medium,0.9999
121477437,0,0.6657,7,0.28976581790766387,0.4987,241.92,242.73,241.92,0.0,0.5611132991991596,0.2,0.39489471503584206,0.4987,0.5711483931947069,high,1.0
131553934,0,1.0,7,0.0,,303.5,304.11,303.5,0.0,1.0,0.2,0.0,0.2432,0.7166587901701323,high,1.0
11341864,0,0.6883,6,0.24757500081512265,0.4992,136.75,136.75,136.82,0.0,0.5907837731390311,0.13333333333333333,0.3373967989144949,0.4992,0.3226370510396975,high,1.0
131451851,0,0.8173,8,0.0006448681069822941,0.0,39.31,39.31,45.45,0.0,0.7601417881055532,0.26666666666666666,0.0008788303920085692,0.0,0.09239130434782608,medium,1.0
131451842,0,0.6935,8,0.0791326452161063,0.0,18.53,18.53,32.82,0.0,0.5976106078508598,0.26666666666666666,0.1078424764117776,0.0,0.04328922495274102,medium,0.9868
429692900,0,0.5641,8,0.24484676352076276,0.0,91.35,91.35,176.95,0.0,0.4277274517526585,0.26666666666666666,0.3336787396323966,0.0,0.21535916824196596,high,1.0
980937716,0,0.4059,8,0.47245078764615545,0.2549,102.24,102.24,134.46,0.0,0.2200341341735591,0.26666666666666666,0.6438589634317707,0.2549,0.24109168241965973,high,1.0
14567301,0,0.6197,8,0.3286981696884574,0.096,123.59,123.59,136.95,0.0,0.5007220690560588,0.26666666666666666,0.4479519737324172,0.096,0.2915406427221172,high,1.0
429692900,1,0.7143,8,0.0870854136525908,0.2632,97.31,97.31,103.91,0.09090909090909091,0.6249179466981751,0.26666666666666666,0.11868056024150087,0.2632,0.22944234404536862,medium,0.9964
367214521,0,0.7196,8,0.06622206711463335,0.3365,35.8,40.63,35.8,0.0,0.6318760666929237,0.26666666666666666,0.09024785777406873,0.3365,0.08409735349716445,medium,1.0
980937716,0,1.0,8,0.0,,21.07,21.07,108.62,0.0,1.0,0.26666666666666666,0.0,0.2432,0.04929111531190926,low,1.0
320362511,1,0.4868,8,0.20249620821913478,0.4107,75.77,88.38,75.77,0.09090909090909091,0.32624392805566493,0.26666666666666666,0.275963131255237,0.4107,0.17854442344045368,high,1.0
367214521,3,0.7011,8,0.22525204691307746,0.1032,96.81,96.81,101.47,0.2727272727272727,0.6075882893527634,0.26666666666666666,0.30697493417020194,0.1032,0.22826086956521738,high,0.9887
14567301,0,1.0,8,0.0,,157.74,157.74,163.53,0.0,1.0,0.26666666666666666,0.0,0.2432,0.37223534971644606,medium,1.0
367214521,0,0.7256,8,0.07134720014826956,0.3196,199.47,199.47,213.83,0.0,0.6397531836681107,0.26666666666666666,0.09723242194196335,0.3196,0.4708412098298676,high,1.0
367214521,0,0.6634,8,0.11134346855129196,0.0808,105.75,105.75,115.5,0.0,0.5580937376920047,0.26666666666666666,0.15173959303466125,0.0808,0.24938563327032134,high,1.0
417988255,0,0.5821,8,0.35280423458856613,0.4586,132.17,132.17,144.09,0.0,0.45135880267821965,0.26666666666666666,0.48080387358071947,0.4586,0.3118147448015122,high,1.0
131443340,0,0.9998,9,0.0,0.0,27.2,27.2,30.02,0.0,0.9997374294341604,0.3333333333333333,0.0,0.0,0.06377599243856331,low,1.0
4259117,0,0.9662,7,0.009700503436898347,0.774,29.67,29.67,44.29,0.0,0.9556255743731127,0.2,0.013219908297254213,0.774,0.06961247637051039,low,1.0
131553944,0,1.0,7,0.0,,302.98,304.65,302.98,0.0,1.0,0.2,0.0,0.2432,0.7154300567107751,high,1.0
1331948137,0,1.0,6,0.0,,324.38,325.91,324.38,0.0,1.0,0.13333333333333333,0.0,0.2432,0.7659971644612475,high,1.0
44335077,0,0.5536,6,0.3302485913967479,0.0374,122.91,123.11,122.91,0.0,0.41394249704608105,0.13333333333333333,0.45006489837998853,0.0374,0.2899338374291115,high,1.0
8029226,0,0.3451,7,0.638763818714402,0.4815,193.3,202.25,193.3,0.0,0.14021268215833005,0.2,0.8705114288076923,0.4815,0.4562618147448015,high,1.0
8817179,0,0.9113,7,0.0020454097357320627,0.5,136.27,145.03,136.27,0.0,0.883549954050151,0.2,0.002787497505937145,0.5,0.3215028355387523,medium,1.0
136024060,0,0.6895,7,0.08774550084940032,0.1829,144.43,153.2,144.43,0.0,0.5923591965340684,0.2,0.11958013130673247,0.1829,0.3407844990548204,high,1.0
136024053,0,0.5505,7,0.3143812411926575,0.5,54.28,61.38,54.28,0.0,0.40987265327556777,0.2,0.42844077175779705,0.5,0.12776465028355385,high,1.0
230989052,0,0.6721,8,0.1773954147111197,0.5,40.57,42.26,40.57,0.0,0.569515557306026,0.26666666666666666,0.24175560888046294,0.5,0.09536862003780718,medium,0.9991
33872609,0,1.0,6,0.0,,92.56,162.11,92.56,0.0,1.0,0.13333333333333333,0.0,0.2432,0.21821833648393194,medium,1.0
136024094,0,0.8729,12,0.17579024896620912,0.5,96.83,103.4,96.83,0.0,0.8331364054089537,0.5333333333333333,0.23956807870868904,0.5,0.22830812854442342,low,0.9998
275600095,0,0.6424,12,0.19921319872588708,0.1824,75.58,81.68,75.58,0.0,0.5305238282788498,0.5333333333333333,0.27148902486250465,0.1824,0.1780954631379962,medium,0.9999
136024094,0,0.8655,12,0.10696922013512493,0.4992,138.47,138.47,155.01,0.0,0.8234212944728895,0.5333333333333333,0.14577833923919564,0.4992,0.3267013232514177,low,0.9994
275600095,0,0.6202,8,0.25953499245337475,0.1393,66.66,66.66,74.79,0.0,0.5013784954706577,0.26666666666666666,0.35369595222361166,0.1393,0.15701795841209829,high,1.0
136024094,0,0.8729,12,0.1757902489662091,0.5,96.83,103.4,96.83,0.0,0.8331364054089537,0.5333333333333333,0.23956807870868901,0.5,0.22830812854442342,low,0.9998
275600095,0,0.6424,12,0.19921319872588708,0.1824,75.58,81.68,75.58,0.0,0.5305238282788498,0.5333333333333333,0.27148902486250465,0.1824,0.1780954631379962,medium,0.9999
275600094,0,0.5825,10,0.3450953205142338,0.2134,78.74,78.74,81.09,0.0,0.4518839438098989,0.4,0.47029811603967875,0.2134,0.18556238185255197,high,1.0
275600095,0,0.6202,8,0.25953499245337475,0.1393,66.66,66.66,74.79,0.0,0.5013784954706577,0.26666666666666666,0.35369595222361166,0.1393,0.15701795841209829,high,1.0
78576157,0,0.9861,6,0.0,0.5,168.55,168.55,171.5,0.0,0.9817513456741499,0.13333333333333333,0.0,0.5,0.3977788279773157,medium,1.0
429636475,0,0.9622,6,0.0,0.5,150.78,150.78,153.59,0.0,0.9503741630563213,0.13333333333333333,0.0,0.5,0.35578922495274096,medium,1.0
1339262630,0,1.0,8,0.0,,82.96,82.96,83.59,0.0,1.0,0.26666666666666666,0.0,0.2432,0.19553402646502832,low,0.9551
137206572,0,0.6718,8,0.17805093283926085,0.2319,7.44,95.43,7.44,0.0,0.5691217014572665,0.26666666666666666,0.2426489531896099,0.2319,0.017084120982986766,medium,0.9618
137206572,0,1.0,8,0.0,,7.51,7.51,100.17,0.0,1.0,0.26666666666666666,0.0,0.2432,0.017249527410207938,low,1.0
417988253,0,0.5987,8,0.25799248665418495,0.0,90.27,90.27,116.96,0.0,0.473152159642904,0.26666666666666666,0.3515938154277309,0.0,0.2128071833648393,high,1.0
429692901,0,1.0,8,0.0,,6.19,6.19,110.86,0.0,1.0,0.26666666666666666,0.0,0.2432,0.014130434782608696,low,1.0
367214520,0,0.8148,8,0.0,0.353,78.86,78.86,118.9,0.0,0.7568596560325587,0.26666666666666666,0.0,0.353,0.18584593572778826,medium,0.9989
137519641,0,0.5959,8,0.33434209387447017,0.0,99.64,103.84,99.64,0.0,0.46947617172114997,0.26666666666666666,0.45564354980999866,0.0,0.23494801512287333,high,1.0
367214520,5,0.5261,10,0.1872803566661867,0.3366,4.46,4.46,10.57,0.45454545454545453,0.3778390442431403,0.4,0.25522687117315995,0.3366,0.010042533081285443,low,0.9827
417988260,0,1.0,12,0.0,,51.4,51.4,53.23,0.0,1.0,0.5333333333333333,0.0,0.2432,0.12095935727788278,low,1.0
367214632,0,0.5535,10,0.2263393048627043,0.1008,98.05,98.05,100.89,0.0,0.4138112117631613,0.4,0.3084566562770005,0.1008,0.23119092627599241,high,1.0
367214633,0,0.5389,12,0.16522878380390088,0.3074,36.67,36.67,38.23,0.0,0.3946435604568728,0.5333333333333333,0.22517484625033296,0.3074,0.08615311909262759,medium,1.0
934394520,0,0.5481,6,0.15623274771726303,0.3339,32.29,32.29,32.89,0.0,0.406721806485493,0.13333333333333333,0.2129149905760621,0.3339,0.07580340264650283,high,1.0
934394521,0,0.497,8,0.38521865142257694,0.2065,159.13,161.81,159.13,0.0,0.33963502691348296,0.26666666666666666,0.5249784487295336,0.2065,0.3755198487712665,high,1.0
137216216,0,0.5426,7,0.16895416158160978,0.0,74.05,74.05,90.71,0.0,0.3995011159249047,0.2,0.2302518149782248,0.0,0.17448015122873345,high,1.0
85817360,0,0.4191,6,0.6011886254951033,0.0708,112.71,112.71,118.07,0.0,0.23736379151897066,0.13333333333333333,0.8193037145027565,0.0708,0.2658317580340264,high,1.0
137216216,0,0.6648,9,0.1254692365391513,0.0,45.19,45.19,57.37,0.0,0.5599317316528816,0.3333333333333333,0.17099028024306645,0.0,0.10628544423440452,high,0.6442
109462886,0,1.0,12,0.0,,33.04,33.04,37.89,0.0,1.0,0.5333333333333333,0.0,0.2432,0.07757561436672966,low,1.0
137519639,0,0.5044,12,0.17032367495419928,0.1528,90.84,97.54,90.84,0.0,0.349350137849547,0.5333333333333333,0.2321181965856608,0.1528,0.21415406427221173,high,0.6708
137519645,1,0.568,10,0.19275001201612185,0.028,25.15,25.15,29.19,0.09090909090909091,0.43284757778653005,0.4,0.2626809525632748,0.028,0.05893194706994328,medium,0.7423
912795012,0,0.3705,8,0.5045216160496985,0.0627,132.71,138.1,132.71,0.0,0.17355914401995534,0.26666666666666666,0.6875652940639648,0.0627,0.3130907372400756,high,1.0
912795013,0,0.4595,8,0.19496470652237471,0.0263,145.02,145.02,146.04,0.0,0.29040304581856374,0.26666666666666666,0.2656991524401728,0.0263,0.3421786389413988,high,1.0
137519637,0,1.0,8,0.0,,43.16,43.16,45.22,0.0,1.0,0.26666666666666666,0.0,0.2432,0.10148865784499053,low,1.0
137519644,0,0.8683,8,0.029947553809638355,0.7491,55.61,55.61,56.02,0.0,0.8270972823946434,0.26666666666666666,0.04081271839815893,0.7491,0.13090737240075612,low,1.0
1339262634,0,0.5696,8,0.16021329779836085,0.0,88.47,88.47,162.75,0.0,0.43494814231324663,0.26666666666666666,0.21833970975554076,0.0,0.20855387523629487,high,1.0
1339262635,0,0.5495,8,0.42889040907461085,0.2784,139.6,139.6,171.88,0.0,0.4085598004463699,0.26666666666666666,0.5844946001432583,0.2784,0.3293714555765595,high,1.0
31784763,0,0.7036,7,0.0,0.0,27.26,27.26,142.55,0.0,0.6108704214257581,0.2,0.0,0.0,0.06391776937618147,medium,0.9949
137519642,0,1.0,8,0.0,,63.64,63.64,102.84,0.0,1.0,0.26666666666666666,0.0,0.2432,0.14988185255198486,low,0.999
289019419,0,0.9671,7,0.0,0.5,44.74,44.74,106.92,0.0,0.9568071419193906,0.2,0.0,0.5,0.10522211720226843,low,1.0
320844400,0,0.6864,10,0.07118705947378003,0.1235,76.8,76.8,148.83,0.0,0.5882893527635552,0.4,0.09701418120371885,0.1235,0.1809782608695652,medium,1.0
137216214,0,0.9186,7,0.012714296870396474,1.0,42.31,42.31,52.9,0.0,0.8931337797032951,0.2,0.017327125317162954,1.0,0.09948015122873345,low,1.0
420262318,2,0.5464,10,0.16115382061662048,0.1641,11.4,13.27,11.4,0.18181818181818182,0.4044899566758566,0.4,0.21962146028423735,0.1641,0.026441398865784494,medium,1.0
137216212,1,0.8948,7,0.015208155601758658,0.0,43.36,43.36,48.42,0.09090909090909091,0.8618878823683865,0.2,0.02072577199043873,0.0,0.10196124763705103,medium,1.0
398731629,0,0.8808,6,0.0,0.3601,50.39,50.39,57.57,0.0,0.8435079427596167,0.13333333333333333,0.0,0.3601,0.1185727788279773,medium,0.9999
43405588,0,1.0,8,0.0,,52.04,52.04,53.74,0.0,1.0,0.26666666666666666,0.0,0.2432,0.12247164461247635,low,0.9999
137519643,0,0.7465,8,0.060616513014647995,0.2896,14.98,14.98,17.32,0.0,0.6671918077983457,0.26666666666666666,0.0826085726958091,0.2896,0.03490075614366729,medium,0.9999
23086702,0,0.5739,11,0.3390594148615305,0.5,127.14,127.84,127.14,0.0,0.4405934094787973,0.4666666666666667,0.46207234510534784,0.5,0.2999291115311909,high,1.0
140358116,0,0.6521,10,0.22641247962414865,0.3231,42.15,42.15,44.08,0.0,0.543258500722069,0.4,0.30855637931119767,0.3231,0.09910207939508504,medium,0.9981
"[321378019, 1444853716]",0,0.5389,12,0.3851810691322105,0.4573,74.06,79.41,74.06,0.0,0.3946435604568728,0.5333333333333333,0.5249272313431911,0.4573,0.1745037807183365,high,0.9959
23086702,1,0.4787,12,0.32753311813690783,0.5,70.26,70.26,71.1,0.09090909090909091,0.3156098201391624,0.5333333333333333,0.44636423400599495,0.5,0.16552457466918716,medium,0.9229
23086702,3,0.8338,11,0.055488830952604,0.5,28.89,28.89,29.9,0.2727272727272727,0.7818038597873177,0.4666666666666667,0.07562053469565232,0.5,0.06776937618147447,low,1.0
140357938,2,0.6464,10,0.24270634032109673,0.5,57.07,62.8,57.07,0.18181818181818182,0.5357752395956412,0.4,0.3307617571684485,0.5,0.13435727788279772,medium,1.0
143702349,0,0.4261,8,0.489241827412485,0.0017,74.17,83.52,74.17,0.0,0.2465537613233556,0.26666666666666666,0.6667419001133952,0.0017,0.17476370510396974,high,1.0
"[510587659, 320826398]",0,0.5368,10,0.18331507000740205,0.0,28.86,28.86,32.89,0.0,0.39188656951555734,0.4,0.24982295308350053,0.0,0.0676984877126654,high,0.9982
806029416,0,0.9075,7,0.05045199143450955,0.0,53.26,53.26,58.3,0.0,0.8785611132991992,0.2,0.06875629749700181,0.0,0.12535444234404536,medium,1.0
14567697,0,1.0,10,0.0,,45.33,45.33,48.17,0.0,1.0,0.4,0.0,0.2432,0.10661625708884687,low,1.0
420655419,0,0.7193,9,0.06840777911798684,0.0344,45.44,47.52,45.44,0.0,0.6314822108441643,0.3333333333333333,0.09322656011013838,0.0344,0.10687618147448014,medium,0.9999
420655420,0,0.4824,11,0.1881086173372581,0.2468,16.92,16.92,23.35,0.0,0.3204673756071944,0.4666666666666667,0.2563556301276836,0.2468,0.039484877126654064,medium,0.9965
131553936,0,1.0,5,0.0,,348.25,348.52,348.25,0.0,1.0,0.06666666666666667,0.0,0.2432,0.8224007561436673,high,1.0
371495230,0,1.0,6,0.0,,342.48,342.68,342.48,0.0,1.0,0.13333333333333333,0.0,0.2432,0.8087665406427221,high,1.0
1331948136,0,1.0,6,0.0,,326.27,326.27,326.36,0.0,1.0,0.13333333333333333,0.0,0.2432,0.7704631379962192,high,1.0
11341864,0,0.8613,5,0.04333533893194676,0.5,246.63,246.63,246.71,0.0,0.8179073125902586,0.06666666666666667,0.05905767782439371,0.5,0.5822778827977315,high,1.0
4353020,0,0.3795,7,0.5413465506271031,0.034,182.3,182.3,188.11,0.0,0.18537481948273596,0.2,0.7377505510799999,0.034,0.43026937618147443,high,1.0
807334403,0,0.516,7,0.1792050417199217,0.0088,149.59,170.73,149.59,0.0,0.36457923066824205,0.2,0.244221780173965,0.0088,0.35297731568998103,high,1.0
14567208,0,0.3519,6,0.5454956932885546,0.4051,111.46,111.46,119.48,0.0,0.14914008139687537,0.13333333333333333,0.7434050293092404,0.4051,0.26287807183364836,high,1.0
43405582,0,0.4911,8,0.19304067021311594,0.4118,168.64,168.64,169.84,0.0,0.3318891952212156,0.26666666666666666,0.2630770634182528,0.4118,0.39799149338374284,high,1.0
1262859591,0,0.4017,8,0.48648074850207024,0.5447,196.36,198.62,196.36,0.0,0.21452015229092816,0.26666666666666666,0.66297908406631,0.5447,0.463492438563327,high,1.0
23086702,0,0.4567,11,0.38990184076073847,0.4887,147.91,148.06,147.91,0.0,0.28672705789680974,0.4666666666666667,0.5313607291948627,0.4887,0.3490075614366729,high,1.0
23086702,0,0.5739,11,0.33905941486153046,0.5,127.14,127.84,127.14,0.0,0.4405934094787973,0.4666666666666667,0.4620723451053478,0.5,0.2999291115311909,high,1.0
140357866,0,0.613,9,0.3562359273186997,0.4841,183.71,188.39,183.71,0.0,0.4919259551004332,0.3333333333333333,0.48548060644224866,0.4841,0.4336011342155009,high,1.0
14567386,0,0.4883,7,0.42616596703409665,0.0163,45.31,45.31,145.69,0.0,0.3282132072994617,0.2,0.5807817130574414,0.0163,0.10656899810964082,high,1.0
"[554357601, 321307754, 43407378, 461144181, 809156092]",0,0.8581,6,0.053482074063831826,0.331,64.05,64.05,69.64,0.0,0.8137061835368253,0.13333333333333333,0.07288571353744924,0.331,0.15085066162570887,medium,1.0
206649064,0,0.6836,8,0.03698533835390674,0.5,210.98,214.98,210.98,0.0,0.5846133648418012,0.26666666666666666,0.050403856311389696,0.5,0.49803875236294887,high,0.9989
206649064,0,0.6674,10,0.21374039247102003,0.2699,252.76,256.15,252.76,0.0,0.5633451490087961,0.4,0.2912867776674362,0.2699,0.5967627599243855,high,1.0
396960152,0,0.7214,9,0.27761288003442747,0.0024,221.52,224.67,221.52,0.0,0.6342392017854799,0.3333333333333333,0.37833261336024254,0.0024,0.5229442344045369,high,1.0
15211139,0,0.9078,8,0.06632200861585075,0.0,251.35,251.35,270.14,0.0,0.8789549691479585,0.26666666666666666,0.09038405869289509,0.0,0.593431001890359,high,1.0
206649064,0,0.6674,10,0.21374039247102003,0.2699,252.76,256.15,252.76,0.0,0.5633451490087961,0.4,0.2912867776674362,0.2699,0.5967627599243855,high,1.0
206649064,0,0.6836,8,0.03698533835390674,0.5,210.98,214.98,210.98,0.0,0.5846133648418012,0.26666666666666666,0.050403856311389696,0.5,0.49803875236294887,high,0.9989
15107646,0,0.5953,7,0.27156486180532496,0.0,145.87,153.44,145.87,0.0,0.4686884600236314,0.2,0.3700903353291116,0.0,0.3441871455576559,high,1.0
15107609,0,0.5241,7,0.33162408554736844,0.0,81.21,81.21,91.19,0.0,0.37521333858474465,0.2,0.45193943063008246,0.0,0.19139886578449902,high,1.0
15107626,0,0.5761,6,0.3457269236811252,0.0039,94.46,99.08,94.46,0.0,0.4434816857030326,0.13333333333333333,0.47115886888625774,0.0039,0.2227079395085066,high,1.0
4298484,0,1.0,6,0.0,,385.8,385.8,396.06,0.0,1.0,0.13333333333333333,0.0,0.2432,0.9111294896030245,high,1.0
339798889,0,1.0,6,0.0,,256.51,256.51,278.07,0.0,1.0,0.13333333333333333,0.0,0.2432,0.6056238185255198,high,0.9999
206651512,0,0.694,6,0.3185352506107192,0.0,91.97,91.97,95.02,0.0,0.5982670342654587,0.13333333333333333,0.4341018824341585,0.0,0.2168241965973535,high,1.0
"[71270649, 386095889]",0,0.8645,6,0.0,0.0,65.27,65.27,69.54,0.0,0.8221084416436918,0.13333333333333333,0.0,0.0,0.15373345935727786,medium,0.9856
131443340,0,0.9998,9,0.0,0.0,27.2,27.2,30.02,0.0,0.9997374294341604,0.3333333333333333,0.0,0.0,0.06377599243856331,low,1.0
416350385,0,0.7002,10,0.11130188537057677,0.197,11.39,11.39,18.83,0.0,0.6064067218064855,0.4,0.151682923209292,0.197,0.026417769376181472,medium,0.9997
15219008,0,0.4488,9,0.5473362684417247,0.0587,18.65,18.65,19.73,0.0,0.2763555205461467,0.3333333333333333,0.7459133769323708,0.0587,0.043572778827977304,high,1.0
207604324,0,0.6637,8,0.36453276788229455,0.0,73.68,73.68,75.91,0.0,0.5584875935407639,0.26666666666666666,0.4967875939734786,0.0,0.17360586011342155,high,1.0
207631422,0,0.7642,8,0.08629969018304158,0.4392,153.29,160.27,153.29,0.0,0.6904293028751477,0.26666666666666666,0.11760977125802081,0.4392,0.3617202268431001,medium,0.7933
207631422,0,0.6063,8,0.23767018182149036,0.3306,141.12,147.86,141.12,0.0,0.48312984114480756,0.26666666666666666,0.32389844806616125,0.3306,0.33296313799621924,high,1.0
15219937,0,0.4931,6,0.23176164168439012,0.1135,106.46,106.46,110.19,0.0,0.33451490087961133,0.13333333333333333,0.3158462516733433,0.1135,0.2510633270321361,high,1.0
207631425,0,0.714,5,0.08514114142230339,0.3455,72.64,72.64,77.05,0.0,0.6245240908494157,0.06666666666666667,0.11603089357662147,0.3455,0.17114839319470698,high,0.9999
207631418,0,0.9686,6,0.04742551529449829,0.0,199.86,201.19,199.86,0.0,0.9587764211631875,0.13333333333333333,0.06463179640331738,0.0,0.4717627599243856,high,1.0
1436553457,0,0.6418,6,0.3036264558619248,0.0,127.26,129.72,127.26,0.0,0.5297361165813312,0.13333333333333333,0.41378408133406785,0.0,0.3002126654064272,high,1.0
1327795303,0,0.8161,7,0.022789692256357595,0.0,44.73,44.73,51.18,0.0,0.758566364710516,0.2,0.031057938766941236,0.0,0.10519848771266539,medium,0.9996
140357938,0,0.5149,8,0.2456208624520149,0.5,182.21,190.84,182.21,0.0,0.3631350925561245,0.26666666666666666,0.33473368662053227,0.5,0.4300567107750472,high,1.0
208870620,0,0.7199,7,0.20068862673184976,0.5,174.79,183.55,174.79,0.0,0.632269922541683,0.2,0.27349974761157714,0.5,0.4125236294896029,high,1.0
79639779,0,0.5738,7,0.2571429408969862,0.2121,140.89,140.89,155.07,0.0,0.44046212419587755,0.2,0.3504360490213226,0.2121,0.33241965973534965,high,1.0
"[339798865, 15208964]",0,0.9302,6,0.0,0.5,203.71,203.71,213.87,0.0,0.9083628725219902,0.13333333333333333,0.0,0.5,0.48086011342155005,medium,0.955
339798891,0,1.0,6,0.0,,233.13,233.13,263.17,0.0,1.0,0.13333333333333333,0.0,0.2432,0.5503780718336483,high,0.9968
310280048,0,0.6009,12,0.10679872492265156,0.5,114.89,114.89,115.22,0.0,0.47604043586713923,0.5333333333333333,0.14554598727017873,0.5,0.27098298676748583,medium,0.9999
1117963154,0,0.6935,11,0.1104500725079898,0.5,102.13,102.13,102.56,0.0,0.5976106078508598,0.4666666666666667,0.15052206717712077,0.5,0.24083175803402646,medium,0.9991
44572473,0,0.5359,10,0.33042519444383184,0.3888,54.05,62.71,54.05,0.0,0.39070500196927926,0.4,0.45030557414518485,0.3888,0.1272211720226843,high,1.0
44336478,0,0.5445,9,0.1769317212530648,0.0026,90.94,96.16,90.94,0.0,0.40199553630038065,0.3333333333333333,0.24112368446196264,0.0026,0.21439035916824195,high,1.0
14567503,0,0.5065,6,0.40308086999835124,0.0048,192.94,208.24,192.94,0.0,0.3521071287908624,0.13333333333333333,0.5493211947625941,0.0048,0.4554111531190926,high,1.0
37352456,0,0.8111,5,0.061737426707469144,0.0,140.21,140.21,140.96,0.0,0.7520021005645267,0.06666666666666667,0.0841361610652814,0.0,0.330812854442344,high,1.0
"[43405576, 910599751]",0,0.9283,6,0.02286004153815485,0.3578,10.76,10.76,25.69,0.0,0.9058684521465142,0.13333333333333333,0.031153811219354365,0.3578,0.02492911153119092,medium,0.5808
"[43407376, 29975003, 29974988]",0,0.7764,6,0.07529422140483816,0.0634,86.48,86.48,209.17,0.0,0.7064461073913614,0.13333333333333333,0.10261144782433898,0.0634,0.20385160680529302,high,1.0
4078618,0,0.6837,7,0.23857624082189002,0.0,28.7,28.7,29.39,0.0,0.584744650124721,0.2,0.32513323108284714,0.0,0.067320415879017,high,1.0
4688562,0,0.562,12,0.15819458032933176,0.0,42.18,42.18,45.82,0.0,0.4249704608113431,0.5333333333333333,0.21558858864185526,0.0,0.09917296786389412,medium,0.9992
229826287,0,0.7374,9,0.04407577907635956,0.0369,42.2,42.2,43.22,0.0,0.6552448470526454,0.3333333333333333,0.06006675440195665,0.0369,0.09922022684310018,medium,1.0
29974989,0,0.7621,10,0.0,0.2139,54.23,54.23,56.74,0.0,0.6876723119338323,0.4,0.0,0.2139,0.12764650283553872,low,0.8812
44572474,0,0.527,14,0.18393023732913846,0.1151,7.92,7.92,19.13,0.0,0.3790206117894184,0.6666666666666666,0.25066130705489226,0.1151,0.018218336483931945,medium,0.9961
14567208,0,0.9302,10,0.0,0.1282,105.2,105.81,105.2,0.0,0.9083628725219902,0.4,0.0,0.1282,0.248086011342155,low,0.8879
310280048,0,0.6009,12,0.10679872492265156,0.5,114.89,114.89,115.22,0.0,0.47604043586713923,0.5333333333333333,0.14554598727017873,0.5,0.27098298676748583,medium,0.9999
6601787,0,0.4744,9,0.4426517870459052,0.2837,84.35,84.35,95.11,0.0,0.3099645529736116,0.3333333333333333,0.6032486943001006,0.2837,0.19881852551984874,high,1.0
44572472,0,0.5775,14,0.1600635657990759,0.0383,1.51,1.51,18.21,0.0,0.4453196796639097,0.6666666666666666,0.21813565402662033,0.0383,0.0030718336483931945,medium,0.6296
1388260696,1,0.7171,7,0.13500876527174033,0.5,160.28,160.28,165.57,0.09090909090909091,0.628593934619929,0.2,0.18399081118088878,0.5,0.3782372400756143,high,0.9988
23086702,0,0.4567,11,0.38990184076073847,0.4887,147.91,148.06,147.91,0.0,0.28672705789680974,0.4666666666666667,0.5313607291948627,0.4887,0.3490075614366729,high,1.0
245386298,0,0.5274,8,0.5146326576894963,0.5,98.01,103.55,98.01,0.0,0.3795457529210975,0.26666666666666666,0.7013446864570863,0.5,0.23109640831758035,high,1.0
23086702,1,0.4787,12,0.3275331181369078,0.5,70.26,70.26,71.1,0.09090909090909091,0.3156098201391624,0.5333333333333333,0.4463642340059949,0.5,0.16552457466918716,medium,0.9229
245386298,0,0.5274,8,0.5146326576894963,0.5,98.01,103.55,98.01,0.0,0.3795457529210975,0.26666666666666666,0.7013446864570863,0.5,0.23109640831758035,high,1.0
45314176,0,0.617,6,0.1425042723368834,0.3202,19.51,35.53,19.51,0.0,0.4971773664172246,0.13333333333333333,0.19420573628113652,0.3202,0.04560491493383743,high,0.9995
43405597,0,0.6616,7,0.23721687560886456,0.0,96.18,103.27,96.18,0.0,0.5557306025994485,0.2,0.3232806794523495,0.0,0.22677221172022685,high,1.0
246285653,0,0.4737,7,0.4359646485850403,0.0,48.04,55.35,48.04,0.0,0.3090455559931731,0.2,0.5941354191181745,0.0,0.11301984877126653,high,1.0
"[4298504, 309549002, 309549003, 4298506]",0,0.9997,5,0.0,0.5,293.11,294.01,293.11,0.0,0.9996061441512407,0.06666666666666667,0.0,0.5,0.6921077504725898,high,1.0
43405576,0,0.9583,5,0.0,0.5,35.48,35.48,47.14,0.0,0.9452540370224497,0.06666666666666667,0.0,0.5,0.08334120982986766,medium,0.7687
7972761,0,0.564,6,0.32364058584520394,0.1081,70.21,80.59,70.21,0.0,0.42759616646973864,0.13333333333333333,0.44105946603439783,0.1081,0.165406427221172,high,1.0
262302249,0,0.6962,6,0.24707055780729514,0.163,44.19,51.9,44.19,0.0,0.6011553104896941,0.13333333333333333,0.3367093407482203,0.163,0.10392249527410206,high,1.0
551048960,0,0.7532,6,0.04082815563883125,0.0,36.08,36.08,36.24,0.0,0.6759879217539713,0.13333333333333333,0.05564087235290443,0.0,0.08475897920604913,high,0.9165
551063047,0,0.7326,7,0.06500785700522806,0.0053,39.32,39.32,46.03,0.0,0.6489431534724958,0.2,0.08859312444972597,0.0053,0.0924149338374291,high,0.6608
262302248,0,0.7156,8,0.14065866227124701,0.2994,71.09,71.09,71.41,0.0,0.6266246553761323,0.26666666666666666,0.19169052704700593,0.2994,0.16748582230623818,medium,0.8337
262302249,0,0.8825,6,0.050480903197544495,0.3811,59.62,59.89,59.62,0.0,0.8457397925692528,0.13333333333333333,0.06879569863308925,0.3811,0.14038279773156898,medium,1.0
551048959,0,0.5727,8,0.17923507685006193,0.0,36.33,36.33,40.48,0.0,0.43901798608375997,0.26666666666666666,0.24426271224194818,0.0,0.08534971644612475,high,1.0
267638410,0,0.7453,8,0.1018751430782636,0.5,33.36,40.01,33.36,0.0,0.6656163844033082,0.26666666666666666,0.138836098355625,0.5,0.07833175803402645,medium,0.9999
267638410,0,0.6021,12,0.2004588525302805,0.5,68.94,77.01,68.94,0.0,0.47761585926217665,0.5333333333333333,0.273186609856039,0.5,0.1624054820415879,medium,1.0
28556660,0,0.6926,14,0.16859336509873196,0.5,112.45,120.08,112.45,0.0,0.5964290403045818,0.6666666666666666,0.22976011921741782,0.5,0.2652173913043478,low,0.9946
28556660,0,0.5695,11,0.2586780198069116,0.5,92.76,100.53,92.76,0.0,0.43481685703032685,0.4666666666666667,0.35252806440488205,0.5,0.21869092627599243,medium,0.7541
136024069,0,1.0,6,0.0,,165.4,165.4,168.81,0.0,1.0,0.13333333333333333,0.0,0.2432,0.3903355387523629,medium,0.9952
339798860,0,0.9955,6,0.0,0.5,152.63,152.63,155.89,0.0,0.9940921622686097,0.13333333333333333,0.0,0.5,0.3601606805293005,medium,1.0
270499499,0,0.5842,8,0.45020774067731184,0.1398,153.88,161.0,153.88,0.0,0.4541157936195353,0.26666666666666666,0.6135459963685219,0.1398,0.36311436672967856,high,1.0
"[270499515, 270499516]",0,0.7703,8,0.21287040115500147,0.2172,102.16,102.16,109.84,0.0,0.6984377051332545,0.26666666666666666,0.29010114792234226,0.2172,0.24090264650283552,high,0.9999
270499500,0,0.6442,8,0.2220763144712183,0.0,85.91,85.91,88.93,0.0,0.5328869633714061,0.26666666666666666,0.3026470256311152,0.0,0.2025047258979206,high,1.0
178086622,0,0.3767,6,0.6306936255549548,0.0,85.96,94.16,85.96,0.0,0.18169883156098196,0.13333333333333333,0.8595133178124207,0.0,0.2026228733459357,high,1.0
14578198,0,0.2993,6,0.6468382855367464,0.0335,135.17,145.07,135.17,0.0,0.08008402258106866,0.13333333333333333,0.8815153639781688,0.0335,0.31890359168241955,high,1.0
28556660,0,0.8041,11,0.11868020497176042,0.5,69.36,69.36,75.32,0.0,0.7428121307601419,0.4666666666666667,0.16173814448208287,0.5,0.16339792060491493,low,0.9996
28556660,0,0.7433,10,0.1657919340524216,0.5,37.37,37.37,43.32,0.0,0.6629906787449125,0.4,0.22594231102073875,0.5,0.08780718336483931,medium,0.9684
275600093,0,0.8326,12,0.2095538952920444,0.5,63.83,67.12,63.83,0.0,0.7802284363922805,0.5333333333333333,0.2855813924621435,0.5,0.15033081285444233,low,0.9995
267638410,0,0.7453,8,0.1018751430782636,0.5,33.36,40.01,33.36,0.0,0.6656163844033082,0.26666666666666666,0.138836098355625,0.5,0.07833175803402645,medium,0.9999
267638410,0,0.6021,12,0.2004588525302805,0.5,68.94,77.01,68.94,0.0,0.47761585926217665,0.5333333333333333,0.273186609856039,0.5,0.1624054820415879,medium,1.0
275600093,0,0.8326,12,0.20955389529204443,0.5,63.83,67.12,63.83,0.0,0.7802284363922805,0.5333333333333333,0.28558139246214354,0.5,0.15033081285444233,low,0.9995
429696845,0,0.9145,6,0.00010585562757963081,0.0,29.37,29.37,29.63,0.0,0.887751083103584,0.13333333333333333,0.00014426072816262617,0.0,0.06890359168241965,medium,1.0
263688927,0,0.5021,7,0.37704511628937065,0.0776,29.61,32.09,29.61,0.0,0.34633057634239195,0.2,0.5138395026296473,0.0776,0.06947069943289223,high,1.0
301549845,0,0.6971,6,0.21770982782247664,0.2206,92.23,112.45,92.23,0.0,0.6023368780359721,0.13333333333333333,0.2966963496220763,0.2206,0.21743856332703212,high,1.0
31785075,0,1.0,6,0.0,,54.65,54.65,59.73,0.0,1.0,0.13333333333333333,0.0,0.2432,0.12863894139886575,medium,0.9954
71134509,0,0.8313,6,0.09342725996078208,0.9717,44.51,44.51,45.59,0.0,0.7785217277143232,0.13333333333333333,0.12732326906325822,0.9717,0.10467863894139885,low,0.9277
307264976,0,0.8716,7,0.01551674319428788,0.0298,39.35,39.35,50.46,0.0,0.8314296967309964,0.2,0.021146317140640872,0.0298,0.09248582230623818,medium,1.0
315128861,0,0.8735,6,0.0,0.0,13.37,13.37,32.6,0.0,0.8339241171064723,0.13333333333333333,0.0,0.0,0.031096408317580333,medium,1.0
51366094,0,0.4704,7,0.4103328373406135,0.0093,59.56,59.56,77.49,0.0,0.30471314165682023,0.2,0.5592042223665762,0.0093,0.14024102079395084,high,1.0
307654141,11,0.9899,5,0.0,0.5,376.55,381.11,376.55,1.0,0.9867401864251018,0.06666666666666667,0.0,0.5,0.8892722117202269,medium,0.9934
358916481,2,1.0,6,0.0,,314.09,321.79,314.09,0.18181818181818182,1.0,0.13333333333333333,0.0,0.2432,0.7416824196597352,high,0.9999
15219008,0,0.4089,7,0.5014679254765976,0.0012,140.94,140.94,141.4,0.0,0.22397269266115263,0.2,0.6834037049663281,0.0012,0.3325378071833648,high,1.0
15219070,0,0.6629,9,0.3456799654554093,0.0,105.48,105.48,107.67,0.0,0.5574373112774058,0.3333333333333333,0.4710948739150891,0.0,0.2487476370510397,high,1.0
"[4298496, 1520686385, 312610565]",0,0.9441,5,0.015070009040174331,0.5235,211.13,211.13,211.93,0.0,0.9266115268478403,0.06666666666666667,0.02053750497031903,0.5235,0.4983931947069942,high,0.973
15219941,0,0.4105,6,0.6545092634812293,0.5,347.81,347.81,352.29,0.0,0.2260732571878692,0.13333333333333333,0.8919694219181501,0.5,0.8213610586011342,high,1.0
109241578,0,0.6098,6,0.38071205386834517,0.5,318.7,324.91,318.7,0.0,0.4877248260470001,0.13333333333333333,0.5188368286799021,0.5,0.7525756143667296,high,1.0
6601868,0,0.9958,4,0.0,0.5,69.65,69.65,71.64,0.0,0.994486018117369,0.0,0.0,0.5,0.16408317580340265,medium,1.0
1117757411,0,0.9967,6,0.0,0.5,129.16,129.16,129.22,0.0,0.995667585663647,0.13333333333333333,0.0,0.5,0.30470226843100184,medium,0.9999
196217737,0,0.9927,4,0.0022634180351408326,0.5,67.02,67.72,67.02,0.0,0.9904161743468556,0.0,0.0030846006145512465,0.5,0.15786862003780716,medium,1.0
309766694,0,0.9631,6,0.0,0.5,69.03,69.03,69.14,0.0,0.9515557306025992,0.13333333333333333,0.0,0.5,0.16261814744801512,medium,0.6187
320844397,0,0.7165,7,0.06860687170502475,0.0,34.29,34.29,55.14,0.0,0.6278062229224104,0.2,0.09349788476461897,0.0,0.08052930056710773,high,0.811
320844401,0,1.0,8,0.0,,41.36,41.36,62.02,0.0,1.0,0.26666666666666666,0.0,0.2432,0.09723534971644611,low,1.0
1117989730,0,0.6521,7,0.2491983589813449,0.0,119.89,119.89,180.19,0.0,0.543258500722069,0.2,0.3396091218347081,0.0,0.2827977315689981,high,1.0
807334397,0,0.7202,7,0.1247263377301357,0.0,146.63,146.63,148.37,0.0,0.6326637783904423,0.2,0.16997785298161436,0.0,0.34598298676748573,high,1.0
8029221,0,0.8757,10,0.04914462642774869,0.5,229.37,237.54,229.37,0.0,0.8368123933307076,0.4,0.06697461208110098,0.5,0.5414933837429111,medium,1.0
8029221,0,0.7628,10,0.12196921463582239,0.5,198.94,198.94,209.04,0.0,0.6885913089142707,0.4,0.1662204279460826,0.5,0.4695888468809073,medium,0.9821
15107061,0,0.6419,6,0.17176512861174092,0.5,177.91,179.3,177.91,0.0,0.529867401864251,0.13333333333333333,0.23408261887481316,0.5,0.4198960302457466,high,1.0
15107046,0,0.5251,6,0.219144664520644,0.5,166.29,169.84,166.29,0.0,0.3765261914139425,0.13333333333333333,0.29865175427655605,0.5,0.39243856332703203,high,1.0
327900076,0,0.8057,6,0.035943778697013234,0.4926,180.75,184.35,180.75,0.0,0.7449126952868582,0.13333333333333333,0.048984412131010714,0.4926,0.4266068052930056,high,0.9949
993404604,0,0.6742,7,0.24642037958078733,0.0,213.71,219.05,213.71,0.0,0.5722725482473414,0.2,0.3358232736912663,0.0,0.5044896030245746,high,1.0
15105567,0,0.5424,7,0.5465547344855639,0.4806,219.51,219.51,221.78,0.0,0.3992385453590652,0.2,0.7448482974446057,0.4806,0.5181947069943288,high,1.0
339798868,0,0.8398,6,0.03464806376543189,0.3705,159.72,159.72,166.17,0.0,0.7896809767625048,0.13333333333333333,0.0472186035122814,0.3705,0.3769139886578449,high,0.9721
339798888,0,0.7309,6,0.23695630068819737,0.5,180.73,180.73,186.54,0.0,0.6467113036628593,0.13333333333333333,0.3229255662792866,0.5,0.42655954631379955,high,1.0
398749582,0,0.7481,6,0.27353377789815064,0.0238,61.43,61.43,62.28,0.0,0.6692923723250623,0.13333333333333333,0.37277358680790973,0.0238,0.14465973534971643,high,1.0
358916475,0,0.9197,8,0.0,0.5,43.74,43.8,43.74,0.0,0.8945779178154128,0.26666666666666666,0.0,0.5,0.10285916824196596,low,1.0
71270640,0,1.0,6,0.0,,72.54,72.57,72.54,0.0,1.0,0.13333333333333333,0.0,0.2432,0.17091209829867676,medium,0.9999
358916483,0,1.0,6,0.0,,93.96,93.96,95.34,0.0,1.0,0.13333333333333333,0.0,0.2432,0.22152646502835535,medium,1.0
"[339798859, 339798860]",0,0.5085,8,0.21812087415235354,0.5,97.74,97.74,102.38,0.0,0.3547328344492581,0.26666666666666666,0.2972565261966473,0.5,0.23045841209829865,high,1.0
15208977,0,0.9378,5,0.0,0.5,72.5,72.5,74.02,0.0,0.9183405540238939,0.06666666666666667,0.0,0.5,0.17081758034026465,medium,1.0
358916475,0,0.8912,7,0.0,0.5,67.99,67.99,70.21,0.0,0.8571616121832742,0.2,0.0,0.5,0.16016068052930055,low,0.6965
14573574,0,0.5409,7,0.20697703868729433,0.0,36.49,50.22,36.49,0.0,0.3972692661152685,0.2,0.28206963575471405,0.0,0.08572778827977315,high,1.0
355261553,0,0.5535,6,0.17135697943237393,0.0,34.15,49.57,34.15,0.0,0.4138112117631613,0.13333333333333333,0.23352639055553776,0.0,0.0801984877126654,high,1.0
355261841,0,0.3207,6,0.6466689362152942,0.0,88.3,114.24,88.3,0.0,0.10817907312590254,0.13333333333333333,0.8812845736367846,0.0,0.20815217391304347,high,1.0
14567208,0,0.8672,7,0.08961660328673161,0.5,112.29,114.81,112.29,0.0,0.8256531442825259,0.2,0.1221300817085023,0.5,0.26483931947069944,medium,1.0
44572477,0,0.7643,10,0.008628886437411557,0.5,116.46,116.46,117.54,0.0,0.6905605881580674,0.4,0.011759501777618593,0.5,0.27469281663516065,low,0.6798
263688926,0,0.539,7,0.24859747901836135,0.9144,41.25,44.16,41.25,0.0,0.3947748457397926,0.2,0.3387902387674557,0.9144,0.09697542533081284,high,0.6256
880527065,0,0.4462,9,0.4212464827258588,0.7509,65.36,69.62,65.36,0.0,0.2729421031902323,0.3333333333333333,0.5740774082914323,0.7509,0.1539461247637051,high,1.0
4298490,0,1.0,10,0.0,,133.25,134.22,133.25,0.0,1.0,0.4,0.0,0.2432,0.3143667296786389,low,0.9992
4298490,0,1.0,9,0.0,,72.08,72.23,72.08,0.0,1.0,0.3333333333333333,0.0,0.2432,0.1698251417769376,low,1.0
321307744,0,1.0,5,0.0,,107.12,107.48,107.12,0.0,1.0,0.06666666666666667,0.0,0.2432,0.25262287334593575,medium,0.9999
1380279939,0,0.6828,10,0.3908904873033648,0.5,108.72,108.72,114.89,0.0,0.5835630825784428,0.4,0.5327080630437641,0.5,0.25640359168241966,high,1.0
14567951,0,0.5082,8,0.424990463884082,0.2074,126.19,126.19,135.18,0.0,0.35433897860049884,0.26666666666666666,0.5791797298256004,0.2074,0.29768431001890355,high,1.0
320362511,0,0.5576,10,0.16284834814720653,0.0,32.71,32.71,37.08,0.0,0.41919390836287246,0.4,0.22193077327064487,0.0,0.07679584120982987,high,0.9733
409021271,0,0.4214,8,0.4736852546666456,0.4938,126.02,133.05,126.02,0.0,0.24038335302612573,0.26666666666666666,0.6455413030044561,0.4938,0.29728260869565215,high,1.0
425034964,0,0.5508,9,0.39699084511912675,0.3386,72.26,72.26,83.29,0.0,0.41026650912432705,0.3333333333333333,0.5410216697992705,0.3386,0.17025047258979206,high,1.0
"[425034965, 685989637]",0,0.937,7,0.031139220427388935,0.5,94.47,167.21,94.47,0.0,0.9172902717605357,0.2,0.04243672930749364,0.5,0.22273156899810964,medium,0.987
420655422,0,0.8403,7,0.0,0.1728,30.15,30.15,39.97,0.0,0.7903374031771039,0.2,0.0,0.1728,0.07074669187145556,medium,0.9999
420655423,0,0.8385,9,0.03832590848689303,0.2685,53.3,53.3,55.28,0.0,0.7879742680845477,0.3333333333333333,0.052230793886269125,0.2685,0.12544896030245745,medium,0.6696
85817354,0,0.3905,6,0.5973515697972652,0.0,99.42,99.42,110.79,0.0,0.19981620060391228,0.13333333333333333,0.8140745503890747,0.0,0.2344281663516068,high,1.0
809156093,0,0.991,7,0.0,0.0,82.01,189.4,82.01,0.0,0.9881843245372193,0.2,0.0,0.0,0.19328922495274103,medium,1.0
179267061,0,0.8048,8,0.031573035428217905,0.0913,20.47,144.62,20.47,0.0,0.7437311277405803,0.26666666666666666,0.04302793517286324,0.0913,0.04787334593572778,medium,1.0
4261170,0,0.7449,8,0.04765658553520691,0.0,21.44,21.44,40.77,0.0,0.6650912432716292,0.26666666666666666,0.0649467004093067,0.0,0.05016540642722117,medium,1.0
4680951,0,0.5342,11,0.16199212642263253,0.0,25.89,25.89,30.52,0.0,0.3884731521596429,0.4666666666666667,0.22076390881308178,0.0,0.0606805293005671,medium,0.8536
106343219,0,0.9947,6,0.0,0.6661,48.55,48.55,68.33,0.0,0.9930418800052513,0.13333333333333333,0.0,0.6661,0.11422495274102078,low,1.0
43405589,0,0.4855,10,0.19047773847271554,0.1783,34.59,34.59,36.73,0.0,0.3245372193777077,0.4,0.2595842836052652,0.1783,0.08123818525519849,high,0.9952
43405590,0,0.5648,8,0.13038227065269045,0.9738,22.96,22.96,24.29,0.0,0.42864644873309693,0.26666666666666666,0.17768579464237236,0.9738,0.0537570888468809,medium,0.9951
23086702,3,0.8338,11,0.055488830952604,0.5,28.89,28.89,29.9,0.2727272727272727,0.7818038597873177,0.4666666666666667,0.07562053469565232,0.5,0.06776937618147447,low,1.0
655440028,0,0.8034,10,0.0,0.5,109.72,109.79,109.72,0.0,0.7418931337797031,0.4,0.0,0.5,0.2587665406427221,low,0.9983
8028969,0,0.7611,8,0.038091724095277016,0.5,113.34,114.2,113.34,0.0,0.6863594591046343,0.26666666666666666,0.051911645895450845,0.5,0.267320415879017,medium,1.0
655440030,0,0.6753,6,0.17070593979825366,0.5,143.79,144.76,143.79,0.0,0.573716686359459,0.13333333333333333,0.23263914956676493,0.5,0.33927221172022676,high,1.0
320844400,0,0.7319,12,0.14998427945530113,0.3255,72.92,73.8,72.92,0.0,0.6480241564920571,0.5333333333333333,0.20439953795457924,0.3255,0.17181001890359168,medium,0.9485
320844400,0,0.6462,14,0.1730403096678871,0.3291,11.36,11.36,17.65,0.0,0.5355126690298017,0.6666666666666666,0.23582044379640696,0.3291,0.026346880907372396,low,1.0
685642450,0,0.8127,8,0.19533164162652097,0.0,49.68,52.03,49.68,0.0,0.7541026650912432,0.26666666666666666,0.266199213953414,0.0,0.11689508506616256,high,0.9738
685642450,0,0.8127,8,0.195331641626521,0.0,49.68,52.03,49.68,0.0,0.7541026650912432,0.26666666666666666,0.26619921395341406,0.0,0.11689508506616256,high,0.9738
"[15218946, 15218932, 320844405, 4387260]",0,0.7352,6,0.062432707254970604,0.0305,8.86,8.86,15.04,0.0,0.65235657082841,0.13333333333333333,0.0850836938545459,0.0305,0.02043950850661625,high,0.5417
43405597,0,0.6991,6,0.21832755966369058,0.0,13.51,13.51,20.62,0.0,0.6049625836943678,0.13333333333333333,0.2975381985370594,0.0,0.03142722117202268,high,1.0
809452418,0,0.6588,6,0.08721782850397394,0.3259,37.85,37.85,39.35,0.0,0.5520546146776947,0.13333333333333333,0.1188610160501985,0.3259,0.08894139886578449,high,0.9157
967952182,0,0.8082,7,0.10338112706050025,0.5,26.12,26.12,53.92,0.0,0.748194827359853,0.2,0.14088846298513208,0.5,0.061224007561436665,medium,0.9999
806026921,0,0.5755,8,0.3212124548886898,0.2195,85.74,85.74,94.37,0.0,0.44269397400551397,0.26666666666666666,0.43775039359422513,0.2195,0.20210302457466917,high,1.0
887923191,0,0.6861,6,0.19443868600385628,0.5,19.7,19.7,55.97,0.0,0.5878954969147958,0.13333333333333333,0.2649822883039428,0.5,0.04605387523629489,high,0.8511
967952184,0,1.0,8,0.0,,21.69,21.69,62.19,0.0,1.0,0.26666666666666666,0.0,0.2432,0.050756143667296784,low,1.0
43407369,0,0.7548,6,0.09494710729104161,0.0,20.28,20.28,31.66,0.0,0.6780884862806879,0.13333333333333333,0.12939452675236243,0.0,0.04742438563327032,high,0.9918
806029417,0,0.5839,6,0.4471080793611968,0.0824,59.86,59.86,65.83,0.0,0.4537219377707758,0.13333333333333333,0.6093217580474757,0.0824,0.14094990548204156,high,1.0
807334395,0,1.0,7,0.0,,84.76,178.5,84.76,0.0,1.0,0.2,0.0,0.2432,0.19978733459357279,medium,0.9876
179267058,0,0.9226,6,0.0002141192820252713,0.0,90.06,175.77,90.06,0.0,0.8983851910200865,0.13333333333333333,0.0002918031307819495,0.0,0.2123109640831758,medium,0.9837
1104089484,0,0.719,7,0.0649126631534198,0.0,91.79,169.92,91.79,0.0,0.6310883549954049,0.2,0.08846339365796307,0.0,0.21639886578449907,high,1.0
1104089483,0,0.8373,7,0.031097966713287475,0.0368,88.57,166.3,88.57,0.0,0.7863988446895103,0.2,0.04238050848133858,0.0368,0.20879017013232512,medium,0.9341
1117997094,0,0.9563,5,0.0,0.0,155.3,179.71,155.3,0.0,0.942628331364054,0.06666666666666667,0.0,0.0,0.3664697542533081,high,1.0
"[664411472, 1117798461]",0,0.7713,7,0.12726835111418863,0.4998,165.71,172.27,165.71,0.0,0.6997505579624522,0.2,0.17344212512441334,0.4998,0.39106805293005664,high,0.9996
1117798462,4,0.9586,6,0.017237967262004168,0.5,131.15,131.15,131.72,0.36363636363636365,0.945647892871209,0.13333333333333333,0.02349201233906572,0.5,0.30940453686200375,low,0.9993
1117798463,0,0.9997,6,0.0,0.5,142.6,142.6,142.94,0.0,0.9996061441512407,0.13333333333333333,0.0,0.5,0.33646030245746683,medium,1.0
807334402,0,1.0,6,0.0,,101.73,102.3,101.73,0.0,1.0,0.13333333333333333,0.0,0.2432,0.2398865784499055,medium,1.0
1117798460,0,1.0,7,0.0,,102.37,102.55,102.37,0.0,1.0,0.2,0.0,0.2432,0.24139886578449907,medium,0.9996
1117963154,0,0.6935,11,0.1104500725079898,0.5,102.13,102.13,102.56,0.0,0.5976106078508598,0.4666666666666667,0.15052206717712077,0.5,0.24083175803402646,medium,0.9991
808760046,0,0.8184,8,0.029363136541561672,0.4731,113.0,113.0,114.35,0.0,0.7615859262176711,0.26666666666666666,0.04001627079710784,0.4731,0.26651701323251414,medium,1.0
1117963154,0,0.6241,10,0.0931383038395725,0.5,61.89,61.89,63.03,0.0,0.5064986215045293,0.4,0.12692947780807545,0.5,0.14574669187145556,medium,0.9999
14574756,0,0.6566,10,0.18693138494060318,0.0,50.6,53.04,50.6,0.0,0.5491663384534593,0.4,0.2547512902674308,0.0,0.11906899810964082,high,0.8876
48646525,0,0.3397,7,0.6059990990146966,0.1791,85.52,91.34,85.52,0.0,0.13312327688066167,0.2,0.8258594586668684,0.1791,0.20158317580340263,high,1.0
207753971,0,0.648,6,0.25467099795472586,0.5,183.47,189.8,183.47,0.0,0.5378758041223579,0.13333333333333333,0.3470672693259901,0.5,0.4330340264650283,high,1.0
207753967,0,0.6943,6,0.30441822805397256,0.5,90.41,99.2,90.41,0.0,0.5986608901142182,0.13333333333333333,0.4148631135553619,0.5,0.21313799621928164,high,1.0
85817302,0,0.6806,6,0.3219719411674812,0.5,136.42,143.57,136.42,0.0,0.5806748063542077,0.13333333333333333,0.43878542636587015,0.5,0.32185727788279767,high,1.0
8028969,0,0.3999,7,0.5801808229984702,0.5,132.61,136.59,132.61,0.0,0.21215701719837202,0.2,0.7906741465283837,0.5,0.31285444234404536,high,1.0
8817535,1,0.5171,7,0.3975982468320158,0.5863,170.12,170.12,197.79,0.09090909090909091,0.3660233687803597,0.2,0.5418494407491209,0.5863,0.4014886578449905,high,1.0
8028969,0,0.4926,8,0.40763535362835385,0.5,168.87,175.17,168.87,0.0,0.33385847446501243,0.26666666666666666,0.5555280742633999,0.5,0.39853497164461243,high,1.0
8817179,0,0.4119,7,0.5267833322174028,0.5,144.43,153.07,144.43,0.0,0.2279112511487462,0.2,0.7179037036311544,0.5,0.3407844990548204,high,1.0
44335829,0,0.5681,11,0.12322842473988983,0.3501,16.79,16.79,23.43,0.0,0.43297886306944994,0.4666666666666667,0.167936487551755,0.3501,0.039177693761814736,medium,0.9997
44335829,0,0.7781,12,0.03507259053892105,0.1374,9.6,58.55,9.6,0.0,0.7086779572009978,0.5333333333333333,0.047797151321862956,0.1374,0.02218809073724007,low,1.0
339798889,0,1.0,6,0.0,,246.75,246.75,275.45,0.0,1.0,0.13333333333333333,0.0,0.2432,0.5825614366729678,high,0.9997
12121909,0,0.9939,6,0.0,0.5,229.56,229.56,247.04,0.0,0.9919915977418932,0.13333333333333333,0.0,0.5,0.5419423440453686,medium,0.9591
15210978,0,0.6989,7,0.13254065477802757,0.3909,171.85,171.85,187.28,0.0,0.6047000131285282,0.2,0.180627254371016,0.3909,0.4055765595463137,high,1.0
12121909,0,0.7958,6,0.00016675114818705646,0.5,239.58,239.58,249.11,0.0,0.7319154522777994,0.13333333333333333,0.00022724953419526686,0.5,0.5656190926275992,high,1.0
"[136023995, 136023997, 136024003]",0,0.7099,9,0.28029603270798403,0.5,123.17,129.69,123.17,0.0,0.6191413942497045,0.3333333333333333,0.38198923103196325,0.5,0.2905482041587902,high,0.9996
1380297198,0,0.6714,7,0.0899063419999941,0.2385,41.35,41.35,78.44,0.0,0.5685965603255875,0.2,0.12252493948515386,0.2385,0.09721172022684309,medium,0.6052
207631426,0,0.6671,8,0.06869197958938056,0.2882,220.03,225.73,220.03,0.0,0.5629512931600368,0.26666666666666666,0.09361387033525209,0.2882,0.5194234404536862,high,1.0
207631426,0,0.6939,8,0.036002611777168375,0.3977,217.95,223.56,217.95,0.0,0.598135748982539,0.26666666666666666,0.04906459022996767,0.3977,0.514508506616257,high,1.0
"[4298492, 416350447]",0,1.0,7,0.0,,5.13,5.13,13.14,0.0,1.0,0.2,0.0,0.2432,0.011625708884688089,low,1.0
1387739976,0,1.0,12,0.0,,168.48,168.48,203.95,0.0,1.0,0.5333333333333333,0.0,0.2432,0.39761342155009444,low,1.0
15106696,0,0.9587,12,0.0,0.0,183.67,189.91,183.67,0.0,0.9457791781541288,0.5333333333333333,0.0,0.0,0.43350661625708875,medium,0.9332
1387739976,0,1.0,10,0.0,,140.83,144.45,140.83,0.0,1.0,0.4,0.0,0.2432,0.3322778827977315,low,0.9961
45756896,0,1.0,7,0.0,,85.32,85.32,85.84,0.0,1.0,0.2,0.0,0.2432,0.20111058601134213,medium,0.9889
1387739976,0,1.0,10,0.0,,140.83,144.45,140.83,0.0,1.0,0.4,0.0,0.2432,0.3322778827977315,low,0.9961
15106696,0,1.0,11,0.0,,163.82,199.42,163.82,0.0,1.0,0.4666666666666667,0.0,0.2432,0.386602079395085,low,0.9997
1387739977,0,1.0,10,0.0,,205.52,212.25,205.52,0.0,1.0,0.4,0.0,0.2432,0.4851370510396975,medium,0.9994
15106696,0,0.9587,12,0.0,0.0,183.67,189.91,183.67,0.0,0.9457791781541288,0.5333333333333333,0.0,0.0,0.43350661625708875,medium,0.9332
4688562,0,0.562,12,0.15819458032933179,0.0,42.18,42.18,45.82,0.0,0.4249704608113431,0.5333333333333333,0.21558858864185532,0.0,0.09917296786389412,medium,0.9992
44572472,0,0.5775,14,0.16006356579907588,0.0383,1.51,1.51,18.21,0.0,0.4453196796639097,0.6666666666666666,0.2181356540266203,0.0383,0.0030718336483931945,medium,0.6296
44572474,0,0.527,14,0.18393023732913844,0.1151,7.92,7.92,19.13,0.0,0.3790206117894184,0.6666666666666666,0.2506613070548922,0.1151,0.018218336483931945,medium,0.9961
44572475,0,0.5846,14,0.15134078945258603,0.0,9.53,9.53,15.5,0.0,0.45464093475121437,0.6666666666666666,0.20624819847875392,0.0,0.022022684310018897,medium,0.8962
"[71079626, 685989634]",0,0.7138,12,0.09749790072180445,0.0124,13.15,13.15,33.63,0.0,0.6242615202835762,0.5333333333333333,0.13287076439912784,0.0124,0.030576559546313796,low,0.6231
71079644,0,0.3545,10,0.49531296496863303,0.0,54.36,54.36,54.59,0.0,0.15255349875278976,0.4,0.6750156853116978,0.0,0.12795368620037806,high,1.0
1336461273,0,0.5231,12,0.17406082938745052,0.0,68.88,73.62,68.88,0.0,0.3739004857555468,0.5333333333333333,0.23721121461525443,0.0,0.16226370510396973,high,0.8018
1423122037,0,0.7487,7,0.2123483970411639,0.0,49.55,49.55,50.07,0.0,0.670080084022581,0.2,0.2893897573681703,0.0,0.11658790170132323,high,1.0
15241572,0,0.3431,7,0.5106529616364189,0.5142,67.46,72.24,67.46,0.0,0.13758697649993434,0.2,0.6959211311524712,0.5142,0.15890831758034024,high,1.0
341274834,0,0.735,6,0.18464864852294563,0.0,55.72,55.72,55.87,0.0,0.6520940002625705,0.13333333333333333,0.2516403624372888,0.0,0.1311672967863894,high,1.0
23500579,0,0.5237,6,0.45763443721466474,0.9086,199.37,199.37,200.6,0.0,0.37468819745306553,0.13333333333333333,0.6236671460401861,0.9086,0.4706049149338374,high,1.0
341274834,0,0.6854,6,0.2182263780878667,0.8256,122.13,122.13,122.38,0.0,0.5869764999343573,0.13333333333333333,0.2974003076366062,0.8256,0.2880907372400756,high,0.9999
31785076,0,0.8679,6,0.10249973409657816,0.8874,71.52,71.52,73.29,0.0,0.8265721412629643,0.13333333333333333,0.13968729500115157,0.8874,0.16850189035916824,medium,0.9887
43407375,0,0.8822,6,0.07730387090637292,0.5,34.3,34.3,43.91,0.0,0.8453459367204935,0.13333333333333333,0.10535021105376648,0.5,0.08055293005671076,medium,0.9999
967952183,0,0.6772,6,0.26215028859374845,0.5062,39.65,39.65,43.47,0.0,0.576211106734935,0.13333333333333333,0.35726009457671803,0.5062,0.09319470699432891,high,1.0
6601856,0,0.996,5,0.007920020181987477,0.5,27.48,27.48,47.64,0.0,0.9947485886832086,0.06666666666666667,0.010793454298466247,0.5,0.064437618147448,low,0.9316
315054659,0,0.8923,7,0.0015902042641003035,0.5,29.55,29.55,54.2,0.0,0.8586057502953918,0.2,0.0021671405697713305,0.5,0.0693289224952741,low,0.9998
315054660,0,0.8461,9,0.0,0.5,26.65,26.65,50.84,0.0,0.7979519495864512,0.3333333333333333,0.0,0.5,0.062476370510396964,low,1.0
809452419,0,0.9725,8,0.01859477237867143,0.3991,28.67,28.67,59.45,0.0,0.9638965471970591,0.26666666666666666,0.025341075053827426,0.3991,0.06724952741020794,low,1.0
15218914,0,0.4102,6,0.5906593599054971,0.0,92.49,109.3,92.49,0.0,0.22567940133910988,0.13333333333333333,0.8049543638285883,0.0,0.21805293005671075,high,1.0
44572744,0,0.6827,8,0.095412032134727,0.1858,33.46,33.46,51.26,0.0,0.5834317972955231,0.26666666666666666,0.13002812931109742,0.1858,0.0785680529300567,medium,0.9973
44572744,0,0.6465,6,0.09547314888765028,0.0679,52.73,52.73,56.09,0.0,0.535906524878561,0.13333333333333333,0.13011141961394895,0.0679,0.12410207939508504,high,1.0
809452421,0,0.8615,7,0.0,0.0,63.73,63.73,68.59,0.0,0.8181698831560982,0.2,0.0,0.0,0.15009451795841208,medium,1.0
809452420,0,0.8411,8,0.06557231697908265,0.0,50.89,50.89,54.39,0.0,0.7913876854404621,0.26666666666666666,0.0893623741222166,0.0,0.11975425330812853,medium,1.0
"[365705720, 131700744, 44335831]",0,0.7274,18,0.10583725675078642,0.4711,22.29,23.94,22.29,0.0,0.642116318760667,0.9333333333333333,0.14423569227925712,0.4711,0.05217391304347825,low,1.0
"[71079626, 685989634]",0,0.7138,12,0.09749790072180445,0.0124,13.15,13.15,33.63,0.0,0.6242615202835762,0.5333333333333333,0.13287076439912784,0.0124,0.030576559546313796,low,0.6231
"[1335732384, 911569192, 335727767, 448349943, 335727768, 70688313]",0,0.8753,12,0.08756364671286485,0.4764,2.55,2.55,3.38,0.0,0.8362872521990284,0.5333333333333333,0.11933229932315409,0.4764,0.00552930056710775,low,1.0
967952183,0,0.9409,6,0.040036244948505315,0.5,23.2,23.2,24.77,0.0,0.922410397794407,0.13333333333333333,0.0545616513852686,0.5,0.054324196597353484,low,0.9023
1481218199,0,0.609,6,0.37002866030753123,0.6263,112.89,113.55,112.89,0.0,0.4866745437836418,0.13333333333333333,0.5042774314180839,0.6263,0.2662570888468809,high,1.0
880527065,0,0.2828,10,0.507625785823362,0.2451,196.61,196.61,198.92,0.0,0.058421950899304166,0.4,0.6917956765398728,0.2451,0.46408317580340264,high,1.0
880527065,0,0.4912,10,0.4324573646069088,0.4616,222.84,222.84,224.65,0.0,0.33202048050413546,0.4,0.589355670019075,0.4616,0.526063327032136,high,1.0
248346183,0,0.6443,12,0.07481112069334529,0.0,130.45,130.45,131.65,0.0,0.5330182486543258,0.5333333333333333,0.10195307507638643,0.0,0.307750472589792,medium,0.9978
1459054567,0,0.5431,11,0.1860873239126934,0.0,139.09,139.09,141.64,0.0,0.40015754233950374,0.4666666666666667,0.25360099848527345,0.0,0.32816635160680524,high,1.0
208134359,0,0.5017,8,0.39503780024750984,0.0,169.98,172.78,169.98,0.0,0.3458054352107129,0.26666666666666666,0.5383600477225245,0.0,0.40115784499054813,high,1.0
"[15241570, 341820570]",0,0.7399,5,0.27657472428815477,0.0,125.89,137.95,125.89,0.0,0.6585269791256401,0.06666666666666667,0.3769178080510883,0.0,0.29697542533081284,high,1.0
263210261,0,0.4975,8,0.4989483398212767,0.0276,121.54,121.54,126.33,0.0,0.34029145332808186,0.26666666666666666,0.6799699974760837,0.0276,0.2866965973534972,high,1.0
398749589,0,0.6372,8,0.24441061952077672,0.0,64.48,64.48,68.88,0.0,0.523696993567021,0.26666666666666666,0.3330843597920389,0.0,0.15186672967863896,high,1.0
8029421,0,0.3868,8,0.5087523450648566,0.1178,87.35,96.97,87.35,0.0,0.1949586451358802,0.26666666666666666,0.6933309586992845,0.1178,0.20590737240075613,high,1.0
43405590,0,0.6372,8,0.16290479062415533,0.0,42.19,42.19,50.99,0.0,0.523696993567021,0.26666666666666666,0.22200769344022028,0.0,0.09919659735349715,high,1.0
8029421,0,0.9775,7,0.0,0.0,37.38,37.38,40.77,0.0,0.9704608113430485,0.2,0.0,0.0,0.08783081285444234,medium,0.9991
43405592,0,0.6193,7,0.10336429670083307,0.0,25.79,25.79,30.94,0.0,0.5001969279243795,0.2,0.1408655264630374,0.0,0.060444234404536855,high,1.0
1387739976,0,1.0,12,0.0,,168.48,168.48,203.95,0.0,1.0,0.5333333333333333,0.0,0.2432,0.39761342155009444,low,1.0
136024094,0,0.8655,12,0.10696922013512494,0.4992,138.47,138.47,155.01,0.0,0.8234212944728895,0.5333333333333333,0.14577833923919567,0.4992,0.3267013232514177,low,0.9994
1387739976,0,0.8803,12,0.0,0.2244,158.73,158.73,209.89,0.0,0.8428515163450175,0.5333333333333333,0.0,0.2244,0.3745746691871455,low,0.9953
