osmid,lighting,visibility,connectivity,enclosure,dominant_land_use_score,public_transport_proximity_m,dist_to_rail_m,dist_to_bus_m,lighting_norm,visibility_norm,connectivity_norm,enclosure_norm,dominant_land_use_score_norm,public_transport_proximity_m_norm,pedestrian_priority_score_norm,risk_class,risk_probability
28604204,0,0.4457,6,0.447682371009398,0.2918,87.04,87.67,87.04,0.0,0.31381530081703385,0.23076923076923078,0.7124506750358269,0.2917291729172917,0.07358706235976463,0.0,high,0.9533
786028688,0,0.4181,6,0.379443732491959,0.4145,141.49,141.49,142.47,0.0,0.2796484278286705,0.23076923076923078,0.6038535521864855,0.4144414441444144,0.1196901062613776,0.0,high,0.9916
28604425,0,0.3923,10,0.407485158655093,0.1493,51.74,51.74,52.83,0.0,0.24770982916563503,0.5384615384615384,0.6484795627293302,0.1492149214921492,0.043698403962575676,0.0,high,0.9916
"[1298616760, 338940730]",0,0.3429,10,0.5201144922716247,0.1016,120.63,123.23,120.63,0.0,0.1865560782371874,0.5384615384615384,0.8277214386654709,0.1015101510151015,0.10202785656830786,0.0,high,1.0
29110031,0,1.0,5,0.05568305093796955,0.3449,60.81,81.9,60.81,0.0,1.0,0.15384615384615385,0.08861058614284459,0.34483448344834483,0.05137801109182507,0.0,low,1.0
160725692,0,1.0,6,0.00033098392672245206,0.2607,137.84,147.14,137.84,0.0,1.0,0.23076923076923078,0.0005215598700065603,0.26062606260626064,0.11659963591719234,0.0,low,1.0
318406089,0,1.0,5,0.06714521173013581,0.5,457.87,457.87,458.26,0.0,1.0,0.15384615384615385,0.10685183055670662,0.49994999499949994,0.38757038228694807,0.0,medium,0.9994
160725691,0,1.0,5,0.06714521173013581,0.5,643.64,643.64,644.53,0.0,1.0,0.15384615384615385,0.10685183055670662,0.49994999499949994,0.5448626222429195,0.0,medium,1.0
1149865780,0,1.0,6,0.07779148840688184,0.0463,202.77,210.94,202.77,0.0,1.0,0.23076923076923078,0.1237946512411668,0.0462046204620462,0.1715761398755345,0.0,low,1.0
"[23126729, 22744269]",0,0.9388,6,0.00033098392672245206,0.2607,116.02,123.28,116.02,0.0,0.9242386729388462,0.23076923076923078,0.0005215598700065603,0.26062606260626064,0.0981245501883917,0.0,low,1.0
"[22744385, 577414291]",0,1.0,4,0.06714521173013581,0.5,573.7,573.7,574.17,0.0,1.0,0.07692307692307693,0.10685183055670662,0.49994999499949994,0.4856441302231066,0.0,medium,1.0
22744484,0,1.0,7,0.06714521173013581,0.5,739.93,739.93,740.68,0.0,1.0,0.3076923076923077,0.10685183055670662,0.49994999499949994,0.6263917700351382,0.0,medium,1.0
577414291,0,1.0,6,0.06714521173013581,0.5,708.2,708.2,709.18,0.0,1.0,0.23076923076923078,0.10685183055670662,0.49994999499949994,0.5995258456458237,0.0,medium,1.0
577414291,0,1.0,6,0.0008631928417813567,0.8605,780.66,809.87,780.66,0.0,1.0,0.23076923076923078,0.001368533933174544,0.8604860486048606,0.6608780322594302,0.0,medium,0.9998
"[55787634, 55787644]",0,1.0,4,0.0008631928417813567,0.8605,785.54,854.82,785.54,0.0,1.0,0.07692307692307693,0.001368533933174544,0.8604860486048606,0.6650099487743957,0.0,medium,1.0
257784933,0,0.8213,5,0.06714521173013581,0.5,210.87,210.87,210.93,0.0,0.778781876702154,0.15384615384615385,0.10685183055670662,0.49994999499949994,0.1784344439270141,0.0,medium,0.8265
"[70843024, 22744403]",0,0.9887,6,0.06649873354304901,0.0936,200.35,201.12,200.35,0.0,0.9860113889576628,0.23076923076923078,0.10582300476786057,0.09350935093509351,0.16952711570212947,0.0,low,1.0
"[318406106, 81735351]",0,0.9834,6,0.00016670216844025967,0.0936,128.73,131.03,128.73,0.0,0.9794503589997525,0.23076923076923078,0.0002601166953817067,0.09350935093509351,0.10888616061978748,0.0,low,1.0
23126853,0,1.0,6,0.06649873354304901,0.5,337.65,339.74,337.65,0.0,1.0,0.23076923076923078,0.10582300476786057,0.49994999499949994,0.28577960289572835,0.0,medium,0.8592
55787646,0,1.0,6,0.06714521173013581,0.5,362.42,362.94,362.42,0.0,1.0,0.23076923076923078,0.10685183055670662,0.49994999499949994,0.3067524660259939,0.0,medium,0.9657
23126853,0,1.0,5,0.06714521173013581,0.5,436.21,436.25,436.21,0.0,1.0,0.15384615384615385,0.10685183055670662,0.49994999499949994,0.36923076923076925,0.0,medium,0.9979
188864823,0,1.0,7,0.06714521173013581,0.5,757.02,757.02,757.67,0.0,1.0,0.3076923076923077,0.10685183055670662,0.49994999499949994,0.6408619448795564,0.0,medium,1.0
"[130855800, 372083234]",0,1.0,8,0.06714521173013581,0.5,643.55,643.55,643.62,0.0,1.0,0.38461538461538464,0.10685183055670662,0.49994999499949994,0.5447864188645697,0.0,medium,1.0
22744514,0,1.0,6,0.00016670216844025967,0.0936,151.91,158.73,151.91,0.0,1.0,0.23076923076923078,0.0002601166953817067,0.09350935093509351,0.12851276406587359,0.0,low,1.0
"[23126784, 263455908]",0,1.0,6,0.00016670216844025967,0.0936,178.63,182.39,178.63,0.0,1.0,0.23076923076923078,0.0002601166953817067,0.09350935093509351,0.15113670039371746,0.0,low,1.0
55787646,0,1.0,6,0.06714521173013581,0.5,407.67,407.67,407.74,0.0,1.0,0.23076923076923078,0.10685183055670662,0.49994999499949994,0.3450658312518522,0.0,medium,0.9977
394936809,0,1.0,4,0.06714521173013581,0.5,428.3,428.3,428.39,0.0,1.0,0.07692307692307693,0.10685183055670662,0.49994999499949994,0.36253333897802803,0.0,medium,0.9835
"[1149942713, 27880415]",0,1.0,7,0.09781757821435495,0.0982,374.9,439.4,374.9,0.0,1.0,0.3076923076923077,0.1556648025551957,0.0981098109810981,0.31731933449049576,0.0,medium,0.5897
22747501,0,1.0,6,0.029424598098610446,0.5,95.87,95.87,97.22,0.0,1.0,0.23076923076923078,0.04682205561551337,0.49994999499949994,0.0810634604800813,0.0,low,1.0
22747501,0,1.0,6,0.029424598098610446,0.5,87.05,87.25,87.05,0.0,1.0,0.23076923076923078,0.04682205561551337,0.49994999499949994,0.07359552940180349,0.0,low,1.0
24296350,0,1.0,7,0.029424598098610446,0.5,106.83,107.86,106.83,0.0,1.0,0.3076923076923077,0.04682205561551337,0.49994999499949994,0.09034333855467593,0.0,low,1.0
22747501,0,1.0,5,0.008595655171211735,0.5,65.66,66.06,65.66,0.0,1.0,0.15384615384615385,0.013674218509552145,0.49994999499949994,0.05548452648067398,0.0,low,1.0
645245210,0,1.0,4,0.008595655171211735,0.5,53.66,53.66,55.29,0.0,1.0,0.07692307692307693,0.013674218509552145,0.49994999499949994,0.04532407603403751,0.0,low,1.0
283341693,0,1.0,5,0.008595655171211735,0.5,66.46,66.46,69.74,0.0,1.0,0.15384615384615385,0.013674218509552145,0.49994999499949994,0.05616188984378308,0.0,low,1.0
24296358,0,0.9749,7,0.008595655171211735,0.5,100.85,100.85,105.08,0.0,0.9689279524634811,0.3076923076923077,0.013674218509552145,0.49994999499949994,0.08528004741543542,0.0,low,1.0
283341694,0,0.9939,6,0.029424598098610446,0.5,87.51,87.51,90.41,0.0,0.9924486258974994,0.23076923076923078,0.04682205561551337,0.49994999499949994,0.07398501333559122,0.0,low,1.0
"[31236760, 638513787]",0,1.0,6,0.037249889926028915,0.3449,20.89,87.34,20.89,0.0,1.0,0.23076923076923078,0.05927547198455385,0.34483448344834483,0.017577579272681092,0.0,low,1.0
238758031,0,1.0,6,0.05568305093796955,0.3449,30.71,90.84,30.71,0.0,1.0,0.23076923076923078,0.08861058614284459,0.34483448344834483,0.025892214554845267,0.0,low,1.0
238758031,0,1.0,7,0.037249889926028915,1.0,43.4,69.9,43.4,0.0,1.0,0.3076923076923077,0.05927547198455385,1.0,0.03663689090216333,0.0,low,0.9991
236186036,0,1.0,7,0.05568305093796955,0.3449,37.53,86.78,37.53,0.0,1.0,0.3076923076923077,0.08861058614284459,0.34483448344834483,0.03166673722535032,0.0,low,1.0
894268683,0,1.0,6,0.05568305093796955,0.3449,59.09,72.99,59.09,0.0,1.0,0.23076923076923078,0.08861058614284459,0.34483448344834483,0.04992167986114052,0.0,low,1.0
23057028,0,1.0,6,0.07461232047776767,0.5,262.0,458.54,262.0,0.0,1.0,0.23076923076923078,0.11873522306883498,0.49994999499949994,0.22172642987172433,0.0,low,0.901
"[369282588, 32639246]",0,1.0,5,0.05344548188314435,0.5,283.63,283.63,289.58,0.0,1.0,0.15384615384615385,0.0850496481345542,0.49994999499949994,0.24004064180178655,0.0,low,0.9797
23057028,0,1.0,5,0.07461232047776767,0.5,232.7,480.42,232.7,0.0,1.0,0.15384615384615385,0.11873522306883498,0.49994999499949994,0.19691799669785362,0.0,low,0.9962
23057028,0,1.0,4,0.05344548188314435,0.5,212.18,511.99,212.18,0.0,1.0,0.07692307692307693,0.0850496481345542,0.49994999499949994,0.17954362643410526,0.0,low,0.9999
23057028,0,1.0,5,0.05344548188314435,0.5,237.7,512.55,237.7,0.0,1.0,0.15384615384615385,0.0850496481345542,0.49994999499949994,0.20115151771728546,0.0,low,0.9987
23057028,0,1.0,6,0.05344548188314435,0.5,271.28,475.87,271.28,0.0,1.0,0.23076923076923078,0.0850496481345542,0.49994999499949994,0.22958384488378983,0.0,low,0.9533
23057034,0,1.0,6,0.05344548188314435,0.5,373.02,424.26,373.02,0.0,1.0,0.23076923076923078,0.0850496481345542,0.49994999499949994,0.3157275305871894,0.0,medium,0.9565
"[157153624, 243526201, 29110022]",0,1.0,4,0.0422985465445657,0.25,832.47,833.92,832.47,0.0,1.0,0.07692307692307693,0.06731006345559067,0.24992499249924993,0.7047457770627832,0.0,medium,1.0
"[157153625, 762543149]",0,1.0,3,0.0422985465445657,0.25,1181.18,1182.41,1181.18,0.0,1.0,0.0,0.06731006345559067,0.24992499249924993,1.0,0.0,medium,0.9896
70971079,0,1.0,7,0.18218835096769276,1.0,72.87,72.87,157.51,0.0,1.0,0.3076923076923077,0.28993511293435953,1.0,0.06158926379069473,0.0,medium,0.983
380099002,0,1.0,8,0.25089081375644273,1.0,61.89,194.05,61.89,0.0,1.0,0.38461538461538464,0.3992703803666881,1.0,0.052292451632022355,0.0,medium,0.9999
380099002,0,1.0,8,0.18782371843048662,1.0,89.1,89.1,259.19,0.0,1.0,0.38461538461538464,0.2989034145586923,1.0,0.07533127301977055,0.0,medium,0.9991
421001290,0,1.0,7,0.18782371843048662,1.0,173.19,173.19,184.61,0.0,1.0,0.3076923076923077,0.2989034145586923,1.0,0.1465306295245756,0.0,medium,1.0
285531484,0,1.0,7,0.029424598098610446,0.5,98.21,99.78,98.21,0.0,1.0,0.3076923076923077,0.04682205561551337,0.49994999499949994,0.0830447483171754,0.0,low,1.0
285531485,0,0.6876,8,0.15808881512554215,0.5,223.02,223.02,238.75,0.0,0.6132706115375093,0.38461538461538464,0.2515823510486823,0.49994999499949994,0.18872190000423353,0.0,medium,1.0
283341696,0,1.0,6,0.00026789348045828693,0.5,75.32,75.32,76.95,0.0,1.0,0.23076923076923078,0.0004211557427785768,0.49994999499949994,0.06366368909021633,0.0,low,1.0
285531473,0,1.0,7,0.00026789348045828693,0.5,85.13,85.13,87.43,0.0,1.0,0.3076923076923077,0.0004211557427785768,0.49994999499949994,0.07196985733034164,0.0,low,1.0
283341696,0,0.9433,6,0.00026789348045828693,0.5,59.36,59.36,60.76,0.0,0.9298093587521664,0.23076923076923078,0.0004211557427785768,0.49994999499949994,0.05015028999618983,0.0,low,1.0
183975106,0,0.9379,7,0.00026789348045828693,0.5,43.83,43.83,44.43,0.0,0.9231245357761821,0.3076923076923077,0.0004211557427785768,0.49994999499949994,0.03700097370983447,0.0,low,1.0
640315274,0,0.9661,6,0.00026789348045828693,0.5,51.79,52.75,51.79,0.0,0.9580341668729883,0.23076923076923078,0.0004211557427785768,0.49994999499949994,0.04374073917276999,0.0,low,1.0
297806877,0,1.0,6,0.008006521711983695,0.5,58.09,61.67,58.09,0.0,1.0,0.23076923076923078,0.012736652930337157,0.49994999499949994,0.04907497565725414,0.0,low,1.0
283341696,0,0.9839,7,0.008006521711983695,0.5,78.56,92.71,78.56,0.0,0.9800693240901213,0.3076923076923077,0.012736652930337157,0.49994999499949994,0.06640701071080819,0.0,low,1.0
215866041,0,0.8696,6,0.013328530209600304,0.5,86.79,132.17,86.79,0.0,0.8385739044317901,0.23076923076923078,0.021206265208331368,0.49994999499949994,0.07337538630879303,0.0,low,1.0
283341696,0,1.0,7,0.008006521711983695,0.5,90.51,90.55,90.51,0.0,1.0,0.3076923076923077,0.012736652930337157,0.49994999499949994,0.07652512594725033,0.0,low,1.0
24296357,0,1.0,7,0.008006521711983695,0.5,59.34,79.31,59.34,0.0,1.0,0.3076923076923077,0.012736652930337157,0.49994999499949994,0.050133355912112106,0.0,low,1.0
297806876,0,0.8966,6,0.008006521711983695,0.5,68.01,79.98,68.01,0.0,0.8719980193117107,0.23076923076923078,0.012736652930337157,0.49994999499949994,0.057474281359806964,0.0,low,1.0
285531478,0,0.9095,7,0.008006521711983695,0.5,58.85,85.67,58.85,0.0,0.8879673186432285,0.3076923076923077,0.012736652930337157,0.49994999499949994,0.049718470852207784,0.0,low,1.0
285531479,0,0.9072,8,0.013589714855218751,0.5,142.48,142.63,142.48,0.0,0.8851200792275316,0.38461538461538464,0.02162192269597804,0.49994999499949994,0.12052834342322509,0.0,low,0.9958
444286271,0,0.8708,8,0.06299605415160055,0.1349,99.62,105.07,99.62,0.0,0.8400594206486754,0.38461538461538464,0.10024873024481633,0.1348134813481348,0.0842386012446552,0.0,low,0.9999
97887765,0,0.961,9,0.011477684094066326,0.5,550.09,557.69,550.09,0.0,0.9517207229512255,0.46153846153846156,0.018260770290045397,0.49994999499949994,0.4656534439693494,0.0,medium,1.0
97887765,0,0.9844,10,3.253923378298381e-06,0.5,348.9,355.18,348.9,0.0,0.9806882891804903,0.5384615384615384,0.0,0.49994999499949994,0.29530502518945007,0.0,medium,0.9954
"[624026931, 70971059, 70971084]",0,0.9926,9,0.006425432366367954,0.5,290.42,290.42,452.64,0.0,0.9908393166625403,0.46153846153846156,0.010220457448832387,0.49994999499949994,0.24578976334617503,0.0,medium,0.5695
1372216573,0,0.9951,10,0.08177053204594499,0.5,434.39,434.39,517.32,0.0,0.9939341421143847,0.5384615384615384,0.1301270268612314,0.49994999499949994,0.367689767579696,0.0,medium,1.0
283063604,0,0.8564,9,0.003882450945090053,0.5,350.03,350.03,540.65,0.0,0.8222332260460511,0.46153846153846156,0.006173476562196821,0.49994999499949994,0.29626180093984167,0.0,medium,1.0
70971075,0,0.5524,8,0.24177682161367448,0.5579,366.66,369.96,366.66,0.0,0.44590245110175786,0.38461538461538464,0.3847660856462828,0.5578557855785579,0.3103424918504721,0.0,high,0.9947
31192842,0,1.0,6,0.09453231526049047,0.5,254.46,259.08,254.46,0.0,1.0,0.23076923076923078,0.15043653141227079,0.49994999499949994,0.21534228017442109,0.0,low,0.7986
283063604,0,0.8139,7,0.05356033087706648,0.5,263.08,271.04,263.08,0.0,0.7696211933646941,0.3076923076923077,0.08523242244794993,0.49994999499949994,0.2226408704119216,0.0,medium,0.9994
894268681,0,1.0,10,0.0003671810787835909,1.0,58.99,58.99,59.64,0.0,1.0,0.5384615384615384,0.0005791651601263977,1.0,0.049837009440751874,0.0,low,0.9754
347094564,0,0.9991,10,0.003286339695243057,0.5,89.38,95.7,89.38,0.0,0.9988858628373359,0.5384615384615384,0.00522480630678185,0.49994999499949994,0.07556835019685873,0.0,low,1.0
894268681,0,1.0,10,0.0003671810787835909,1.0,58.99,58.99,59.64,0.0,1.0,0.5384615384615384,0.0005791651601263977,1.0,0.049837009440751874,0.0,low,0.9754
28604334,0,0.9456,9,0.0003671810787835909,1.0,9.38,9.38,10.46,0.0,0.9326565981678633,0.46153846153846156,0.0005791651601263977,1.0,0.007832013885948943,0.0,low,0.9961
285585999,0,0.901,11,0.1425939140316534,1.0,84.1,84.1,86.64,0.0,0.8774449121069572,0.6153846153846154,0.22692327645121066,1.0,0.07109775200033869,0.0,medium,1.0
"[1138018285, 31192925, 1138018286]",0,0.8938,12,0.01867932065117836,0.5,38.46,38.46,38.91,0.0,0.868531814805645,0.6923076923076923,0.02972168198026233,0.49994999499949994,0.03245417213496465,0.0,low,0.9868
285585999,0,0.901,11,0.1425939140316534,1.0,84.1,84.1,86.64,0.0,0.8774449121069572,0.6153846153846154,0.22692327645121066,1.0,0.07109775200033869,0.0,medium,1.0
285586000,0,0.8321,11,0.1425939140316534,0.8829,146.18,150.87,146.18,0.0,0.7921515226541223,0.6153846153846154,0.22692327645121066,0.8828882888288829,0.12366114897760469,0.0,medium,1.0
285586000,0,0.8311,9,0.1425939140316534,0.5,207.61,212.88,207.61,0.0,0.7909135924733844,0.46153846153846156,0.22692327645121066,0.49994999499949994,0.17567418822234454,0.0,medium,1.0
48785153,0,0.6241,8,0.1425939140316534,0.7063,165.31,171.33,165.31,0.0,0.5346620450606585,0.38461538461538464,0.22692327645121066,0.7062706270627063,0.13985860039795098,0.0,medium,0.9997
285586000,0,0.8321,11,0.1425939140316534,0.8829,146.18,150.87,146.18,0.0,0.7921515226541223,0.6153846153846154,0.22692327645121066,0.8828882888288829,0.12366114897760469,0.0,medium,1.0
54676629,0,1.0,10,0.018331339350226454,0.5729,80.69,80.69,81.66,0.0,1.0,0.5384615384615384,0.029167893556141144,0.5728572857285729,0.06821049066508615,0.0,low,0.9999
54676627,0,0.9307,8,0.001087002300381849,0.9591,71.31,71.33,71.31,0.0,0.91421143847487,0.38461538461538464,0.0017247113686940246,0.959095909590959,0.06026840523263199,0.0,low,0.9672
27757108,0,1.0,6,0.006403252941504514,1.0,74.32,74.32,75.85,0.0,1.0,0.23076923076923078,0.010185160412154153,1.0,0.06281698488632996,0.0,low,0.9998
54676627,0,0.9072,7,0.006403252941504514,1.0,16.33,16.33,33.5,0.0,0.8851200792275316,0.3076923076923077,0.010185160412154153,1.0,0.013716608102959231,0.0,low,0.9976
"[238327273, 638513786]",0,1.0,7,0.13768863834239772,1.0,53.22,92.14,53.22,0.0,1.0,0.3076923076923077,0.21911686591592644,1.0,0.0449515261843275,0.0,medium,0.5033
463590625,0,1.0,8,0.13768863834239772,0.0971,56.46,122.44,56.46,0.0,1.0,0.38461538461538464,0.21911686591592644,0.09700970097009701,0.04769484780491935,0.0,low,1.0
238327267,0,0.9492,7,0.051819096728594284,0.3617,180.09,223.01,180.09,0.0,0.9371131468185195,0.3076923076923077,0.08246136747324116,0.36163616361636164,0.15237288853139158,0.0,low,0.9991
54676628,0,0.9371,8,0.011421204944092014,0.8633,106.63,123.06,106.63,0.0,0.922134191631592,0.38461538461538464,0.018170887588376032,0.8632863286328633,0.09017399771389865,0.0,low,0.9345
623806212,0,1.0,7,0.006403252941504514,1.0,82.53,82.53,90.07,0.0,1.0,0.3076923076923077,0.010185160412154153,1.0,0.06976842640023709,0.0,low,0.9988
54676629,0,1.0,10,0.018331339350226454,0.5729,80.69,80.69,81.66,0.0,1.0,0.5384615384615384,0.029167893556141144,0.5728572857285729,0.06821049066508615,0.0,low,0.9999
54676629,0,0.9161,11,0.018331339350226458,0.5729,115.46,115.46,119.6,0.0,0.8961376578360981,0.6153846153846154,0.029167893556141147,0.5728572857285729,0.09765039583421532,0.0,low,0.7512
623806212,0,0.9003,10,0.006403252941504514,0.768,42.27,42.27,45.71,0.0,0.8765783609804407,0.5384615384615384,0.010185160412154153,0.767976797679768,0.03568011515177173,0.0,low,0.9716
141621795,0,1.0,8,0.0003671810787835909,1.0,77.82,77.82,78.58,0.0,1.0,0.38461538461538464,0.0005791651601263977,1.0,0.06578044959993226,0.0,low,0.9968
623806212,0,0.9595,10,0.0004634055626149495,0.678,73.13,73.13,74.29,0.0,0.9498638276801189,0.5384615384615384,0.0007322998404010928,0.677967796779678,0.06180940688370518,0.0,low,0.9987
27880421,0,1.0,6,0.1825864175224093,0.2211,85.93,85.93,88.24,0.0,1.0,0.23076923076923078,0.2905686086119399,0.22102210221022103,0.07264722069345075,0.0,low,1.0
"[193803704, 70912706, 70912711]",0,1.0,6,0.0422985465445657,0.25,282.11,287.96,282.11,0.0,1.0,0.23076923076923078,0.06731006345559067,0.24992499249924993,0.2387536514118793,0.0,low,0.9995
380098292,0,0.9701,7,0.009912597338952427,0.5,301.78,307.63,301.78,0.0,0.9629858875959395,0.3076923076923077,0.015770041836083857,0.49994999499949994,0.2554083231023242,0.0,low,0.7099
27880555,0,1.0,6,0.013976408928083245,0.5,275.96,293.15,275.96,0.0,1.0,0.23076923076923078,0.022237319847039982,0.49994999499949994,0.23354642055797806,0.0,low,0.9949
"[70912714, 380098290, 23126497]",0,1.0,6,0.0422985465445657,0.25,225.38,230.85,225.38,0.0,1.0,0.23076923076923078,0.06731006345559067,0.24992499249924993,0.19072012192540536,0.0,low,1.0
70912719,0,1.0,6,0.1908149784505581,0.2211,125.1,125.1,126.34,0.0,1.0,0.23076923076923078,0.30366380015447186,0.22102210221022103,0.10581262435967995,0.0,low,0.9997
405655300,0,1.0,6,0.0422985465445657,0.25,250.94,256.67,250.94,0.0,1.0,0.23076923076923078,0.06731006345559067,0.24992499249924993,0.21236188137674106,0.0,low,0.9999
27880660,0,1.0,6,0.153300737448046,0.1234,295.32,302.46,295.32,0.0,1.0,0.23076923076923078,0.2439624531279119,0.12331233123312331,0.24993861394521824,0.0,low,0.879
405655298,0,1.0,7,0.153300737448046,0.1234,293.03,299.16,293.03,0.0,1.0,0.3076923076923077,0.2439624531279119,0.12331233123312331,0.24799966131831844,0.0,low,0.6267
405655302,0,1.0,6,0.051819096728594284,0.3617,319.37,328.92,319.37,0.0,1.0,0.23076923076923078,0.08246136747324116,0.36163616361636164,0.2703018500486855,0.0,low,0.9397
27880553,0,1.0,6,0.051819096728594284,0.3617,317.33,327.48,317.33,0.0,1.0,0.23076923076923078,0.08246136747324116,0.36163616361636164,0.2685745734727573,0.0,low,0.9463
405655303,0,1.0,6,0.051819096728594284,0.3617,341.93,353.51,341.93,0.0,1.0,0.23076923076923078,0.08246136747324116,0.36163616361636164,0.2894034968883621,0.0,low,0.8011
27880655,0,1.0,6,0.0422985465445657,0.25,338.11,343.53,338.11,0.0,1.0,0.23076923076923078,0.06731006345559067,0.24992499249924993,0.28616908682951614,0.0,low,0.9861
405655304,0,1.0,7,0.0422985465445657,0.25,334.9,340.41,334.9,0.0,1.0,0.3076923076923077,0.06731006345559067,0.24992499249924993,0.28345116633504086,0.0,low,0.9456
405655299,0,1.0,6,0.0422985465445657,0.25,289.07,294.52,289.07,0.0,1.0,0.23076923076923078,0.06731006345559067,0.24992499249924993,0.2446467126709284,0.0,low,0.9993
405655304,0,1.0,6,0.0422985465445657,0.25,352.89,358.51,352.89,0.0,1.0,0.23076923076923078,0.06731006345559067,0.24992499249924993,0.2986833749629567,0.0,low,0.967
27880560,0,1.0,6,0.051819096728594284,0.3617,313.78,322.23,313.78,0.0,1.0,0.23076923076923078,0.08246136747324116,0.36163616361636164,0.26556877354896063,0.0,low,0.9562
502681150,0,1.0,7,0.051819096728594284,0.3617,309.25,318.33,309.25,0.0,1.0,0.3076923076923077,0.08246136747324116,0.36163616361636164,0.2617332035053554,0.0,low,0.8522
27880591,0,0.957,6,0.05344548188314435,0.5,193.89,210.28,193.89,0.0,0.9467690022282743,0.23076923076923078,0.0850496481345542,0.49994999499949994,0.1640574065450235,0.0,low,0.996
23057025,0,1.0,6,0.05344548188314435,0.5,363.46,416.13,363.46,0.0,1.0,0.23076923076923078,0.0850496481345542,0.49994999499949994,0.30763303839803563,0.0,medium,0.9253
27880591,0,1.0,6,0.05344548188314435,0.5,236.82,263.94,236.82,0.0,1.0,0.23076923076923078,0.0850496481345542,0.49994999499949994,0.20040641801786546,0.0,low,0.9938
27880591,0,1.0,6,0.05344548188314435,0.5,248.96,264.38,248.96,0.0,1.0,0.23076923076923078,0.0850496481345542,0.49994999499949994,0.21068540705304603,0.0,low,0.9873
27880591,0,1.0,6,0.05344548188314435,0.5,218.58,228.92,218.58,0.0,1.0,0.23076923076923078,0.0850496481345542,0.49994999499949994,0.18496253333897805,0.0,low,0.9979
27880612,0,1.0,7,0.22410127779917643,0.5,204.31,213.98,204.31,0.0,1.0,0.3076923076923077,0.35663666740530464,0.49994999499949994,0.1728800643495195,0.0,medium,0.9962
"[27880600, 112400444]",0,0.9936,5,0.05344548188314435,0.5,222.44,282.37,222.44,0.0,0.9920772468432781,0.15384615384615385,0.0850496481345542,0.49994999499949994,0.18823081156597943,0.0,low,0.9993
"[1137958432, 126352411, 311743590]",0,1.0,5,0.05676658436433721,0.5,157.74,157.74,164.55,0.0,1.0,0.15384615384615385,0.09033495543231312,0.49994999499949994,0.13344904957453116,0.0,low,1.0
421001288,0,0.9147,6,0.18218835096769276,1.0,51.01,51.01,184.32,0.0,0.8944045555830651,0.23076923076923078,0.28993511293435953,1.0,0.04308030989373862,0.0,medium,0.9955
73232408,0,0.896,7,0.051819096728594284,0.339,181.42,214.85,181.42,0.0,0.8712552612032681,0.3076923076923077,0.08246136747324116,0.338933893389339,0.15349900512256043,0.0,low,0.9905
405655298,0,1.0,6,0.153300737448046,0.1234,264.56,270.65,264.56,0.0,1.0,0.23076923076923078,0.2439624531279119,0.12331233123312331,0.22389399263367343,0.0,low,0.9787
28603900,0,0.6595,11,0.19817189377839384,0.0027,124.62,124.62,125.43,0.0,0.5784847734587769,0.6153846153846154,0.31537182738079184,0.0026002600260026008,0.1054062063418145,0.0,medium,1.0
44717100,0,0.6629,10,0.3174890755878383,0.2234,128.87,136.46,128.87,0.0,0.5826937360732855,0.5384615384615384,0.5052569559899455,0.22332233223322331,0.10900469920833158,0.0,medium,0.9994
"[297421766, 890744302]",0,0.6828,11,0.14012978359357967,0.4574,17.03,17.03,19.76,0.0,0.6073285466699677,0.6153846153846154,0.22300178150766914,0.45734573457345734,0.014309301045679694,0.0,medium,1.0
297421766,0,0.5927,9,0.03474135216286697,0.2161,119.03,119.03,128.86,0.0,0.49579103738549146,0.46153846153846156,0.055283305822436034,0.21602160216021601,0.10067312984208968,0.0,medium,0.9987
638998412,0,0.7358,6,0.007462186517780587,0.5,96.59,96.59,109.79,0.0,0.6729388462490715,0.23076923076923078,0.011870380723851267,0.49994999499949994,0.08167308750687949,0.0,low,0.9634
28603869,0,0.772,5,0.00887817746834811,0.5,66.11,66.11,81.09,0.0,0.7177519187917801,0.15384615384615385,0.014123833409209856,0.49994999499949994,0.055865543372422846,0.0,low,0.9998
638513789,0,0.5906,6,0.09257833745400786,0.0208,101.17,101.17,115.72,0.0,0.49319138400594204,0.23076923076923078,0.14732690946632224,0.020702070207020702,0.08555099276067907,0.0,medium,0.7364
28604053,0,0.9143,5,0.0037989068377359725,1.0,112.36,112.36,150.81,0.0,0.89390938351077,0.15384615384615385,0.006040521833222399,1.0,0.09502561280216756,0.0,low,0.9818
28604053,0,0.948,6,0.0022660332108912235,0.5,150.43,150.43,166.68,0.0,0.935627630601634,0.23076923076923078,0.0036010583681880992,0.49994999499949994,0.12725964184412178,0.0,low,1.0
"[23126688, 23126739]",0,0.9841,5,0.0008631928417813567,0.8605,162.72,249.79,162.72,0.0,0.9803169101262689,0.15384615384615385,0.001368533933174544,0.8604860486048606,0.13766563650988528,0.0,low,0.9992
642106290,0,1.0,4,0.0037989068377359725,0.5,156.18,156.18,160.87,0.0,1.0,0.07692307692307693,0.006040521833222399,0.49994999499949994,0.13212819101646842,0.0,low,1.0
28604138,0,0.8959,5,0.0037989068377359725,0.8821,89.35,89.35,129.07,0.0,0.8711314681851944,0.15384615384615385,0.006040521833222399,0.8820882088208821,0.07554294907074213,0.0,low,0.9986
332440722,0,0.8628,6,0.0379751526676612,0.4763,71.6,71.6,72.97,0.0,0.830155979202773,0.23076923076923078,0.060429677999830136,0.47624762476247623,0.06051394945175903,0.0,low,0.9999
29487392,0,1.0,11,0.08522300678273005,0.8755,36.65,57.64,36.65,0.0,1.0,0.6153846153846154,0.13562140411245804,0.8754875487548754,0.030921637525930315,0.0,low,0.5536
239210565,0,1.0,9,0.08522300678273005,0.8755,32.98,57.91,32.98,0.0,1.0,0.46153846153846156,0.13562140411245804,0.8754875487548754,0.027814233097667326,0.0,low,0.9744
64502076,0,0.6458,9,0.18235166098617933,0.5898,54.01,67.07,54.01,0.0,0.561525129982669,0.46153846153846156,0.29019500965160694,0.5897589758975897,0.04562042250539774,0.0,medium,1.0
239209582,0,0.9988,8,0.08522300678273005,0.3918,35.08,42.63,35.08,0.0,0.9985144837831147,0.38461538461538464,0.13562140411245804,0.3917391739173917,0.02959231192582871,0.0,low,1.0
338936694,0,1.0,10,0.08522300678273005,0.8755,35.19,54.43,35.19,0.0,1.0,0.5384615384615384,0.13562140411245804,0.8754875487548754,0.02968544938825621,0.0,low,0.8704
890744306,0,0.7185,10,0.08522300678273005,0.3918,38.23,38.23,40.33,0.0,0.6515226541223075,0.5384615384615384,0.13562140411245804,0.3917391739173917,0.03225943016807078,0.0,medium,0.9718
28603900,0,0.6583,9,0.19876120487897647,0.0528,0.45,0.45,10.01,0.0,0.5769992572418915,0.46153846153846156,0.31630967566406465,0.0527052705270527,0.00027094534524363915,0.0,medium,0.9788
29487392,0,0.9874,12,0.08522300678273005,0.8755,44.09,49.45,44.09,0.0,0.9844020797227037,0.6923076923076923,0.13562140411245804,0.8754875487548754,0.03722111680284493,0.0,medium,0.9214
890744306,0,0.9956,9,0.08522300678273005,0.9131,51.9,51.9,52.14,0.0,0.9945531072047537,0.46153846153846156,0.13562140411245804,0.9130913091309131,0.04383387663519749,0.0,low,0.8322
29487392,0,0.6744,9,0.3787111617674469,0.1046,46.58,52.58,46.58,0.0,0.5969299331517702,0.46153846153846156,0.602687716016625,0.10451045104510451,0.03932941027052199,0.0,medium,1.0
239210564,0,0.641,7,0.15700307220591878,0.3771,117.15,117.15,120.0,0.0,0.5555830651151275,0.3076923076923077,0.24985446550191823,0.37703770377037704,0.0990813259387833,0.0,medium,1.0
28604269,0,0.8004,10,0.16894066124442528,0.1417,67.34,67.34,69.12,0.0,0.7529091359247339,0.5384615384615384,0.26885232143083365,0.1416141614161416,0.05690698954320309,0.0,medium,0.8858
760075508,0,0.8317,10,0.20671302597590646,0.0056,127.95,130.1,127.95,0.0,0.7916563505818272,0.5384615384615384,0.3289644547056864,0.0055005500550055,0.10822573134075612,0.0,medium,0.9834
28604204,0,0.5931,8,0.20671302597590646,0.0056,139.18,144.62,139.18,0.0,0.4962862094577865,0.38461538461538464,0.3289644547056864,0.0055005500550055,0.11773421955040009,0.0,medium,1.0
28604213,0,0.6337,9,0.18031880877687764,0.1872,117.34,117.34,119.2,0.0,0.5465461747957415,0.46153846153846156,0.28695986449185007,0.18711871187118714,0.09924219973752171,0.0,medium,1.0
74686092,0,0.5976,10,0.16453201703388007,0.0192,126.13,134.29,126.13,0.0,0.5018568952711067,0.5384615384615384,0.2618362659037401,0.0191019101910191,0.10668472968968291,0.0,medium,1.0
"[28604304, 1298610863]",0,0.6885,7,0.1560318991806876,0.0086,84.23,126.84,84.23,0.0,0.6143847487001733,0.3076923076923077,0.24830891010074999,0.008500850085008501,0.07120782354684392,0.0,medium,0.6438
238327266,0,0.8639,6,0.037249889926028915,0.0086,36.71,36.71,38.12,0.0,0.8315177024015845,0.23076923076923078,0.05927547198455385,0.008500850085008501,0.0309724397781635,0.0,low,1.0
73232408,0,0.9768,7,0.1560318991806876,0.0086,58.7,123.0,58.7,0.0,0.9712800198068829,0.3076923076923077,0.24830891010074999,0.008500850085008501,0.04959146522162483,0.0,low,1.0
28604333,0,0.6541,8,0.13768863834239772,0.0971,87.67,139.09,87.67,0.0,0.5717999504827928,0.38461538461538464,0.21911686591592644,0.09700970097009701,0.07412048600821304,0.0,medium,0.9895
28604425,0,0.553,10,0.20987002031438132,0.4223,84.83,85.45,84.83,0.0,0.44664520921020057,0.5384615384615384,0.33398859512610835,0.42224222422242225,0.07171584606917573,0.0,medium,0.9985
786019233,0,0.6827,10,0.17531700982147316,0.0021,52.45,52.5,52.45,0.0,0.607204753651894,0.5384615384615384,0.278999843784682,0.002000200020002,0.044299563947335,0.0,medium,0.9926
28604676,0,1.0,6,0.02235826597545691,1.0,132.91,132.91,223.71,0.0,1.0,0.23076923076923078,0.035576471671510145,1.0,0.11242538419203252,0.0,low,0.9857
"[421001290, 70971069]",0,0.974,7,0.02235826597545691,0.5,135.76,135.76,138.85,0.0,0.967813815300817,0.3076923076923077,0.035576471671510145,0.49994999499949994,0.11483849117310868,0.0,low,1.0
70971079,0,1.0,7,0.18218835096769276,1.0,94.42,94.42,189.84,0.0,1.0,0.3076923076923077,0.28993511293435953,1.0,0.07983573938444605,0.0,medium,0.9953
"[22937616, 405655295]",0,1.0,7,0.0422985465445657,0.25,415.68,419.19,415.68,0.0,1.0,0.3076923076923077,0.06731006345559067,0.24992499249924993,0.35184793192498204,0.0,medium,0.8799
"[405655296, 27880441]",0,1.0,6,0.0422985465445657,0.25,409.44,412.91,409.44,0.0,1.0,0.23076923076923078,0.06731006345559067,0.24992499249924993,0.34656449769273107,0.0,medium,0.5038
444286271,0,0.6168,6,0.2346695886929259,0.2172,269.18,275.23,269.18,0.0,0.5256251547412726,0.23076923076923078,0.3734554108822168,0.21712171217121715,0.2278057660556285,0.0,medium,0.9999
29471907,0,0.6839,8,0.1474142816796426,0.1476,106.53,106.53,106.93,0.0,0.6086902698687793,0.38461538461538464,0.2345945616500485,0.14751475147514753,0.09008932729351002,0.0,medium,0.9968
29471930,0,0.258,6,0.5138302254674803,0.2784,223.87,225.99,223.87,0.0,0.08145580589254767,0.23076923076923078,0.8177204581509886,0.27832783278327833,0.18944159857753695,0.0,high,1.0
786019235,0,0.2718,6,0.4674738701468389,0.0101,224.74,224.74,225.45,0.0,0.09853924238672937,0.23076923076923078,0.7439474913542244,0.010001000100010001,0.1901782312349181,0.0,high,1.0
29471957,0,0.2651,7,0.4794040483894985,0.1775,248.21,254.22,248.21,0.0,0.09024511017578608,0.3076923076923077,0.7629335535087551,0.1774177417741774,0.21005037890013126,0.0,high,1.0
340055010,0,0.211,7,0.4679714837947526,0.285,201.79,207.85,201.79,0.0,0.02327308739787074,0.3076923076923077,0.7447394094174811,0.2849284928492849,0.17074636975572585,0.0,high,1.0
29471910,0,0.2607,6,0.516139747091832,0.2614,166.86,173.5,166.86,0.0,0.08479821738053972,0.23076923076923078,0.8213959037491424,0.2613261326132614,0.14117099191397486,0.0,high,1.0
340055957,0,0.3972,6,0.41521939567967536,0.1123,189.49,196.0,189.49,0.0,0.2537756870512503,0.23076923076923078,0.6607880716115795,0.11221122112211221,0.16033190804792347,0.0,high,0.9897
28604425,0,0.3421,11,0.37492514226071255,0.1422,6.73,6.73,10.91,0.0,0.1855657340925972,0.6153846153846154,0.5966625250923107,0.1421142114211421,0.0055882477456500575,0.0,high,0.9916
28604425,0,0.4498,11,0.4501208283840863,0.1172,79.74,79.74,81.32,0.0,0.31889081455805884,0.6153846153846154,0.7163313130560921,0.1171117111711171,0.0674061216713941,0.0,high,0.9979
444286271,0,0.6024,6,0.23657420118982833,0.222,150.64,159.45,150.64,0.0,0.5077989601386482,0.23076923076923078,0.37648647131660173,0.22192219221922194,0.12743744972693788,0.0,medium,1.0
197717492,0,0.1922,7,0.5771817867746968,0.0024,168.87,171.1,168.87,0.0,0.0,0.3076923076923077,0.9185401320988968,0.0023002300230023,0.1428728673637865,0.0,high,1.0
340055008,0,0.2974,8,0.36880838437358304,0.1536,115.56,121.05,115.56,0.0,0.13023025501361724,0.38461538461538464,0.5869281235547049,0.1535153515351535,0.09773506625460396,0.0,high,0.999
197717492,0,0.3324,7,0.41111919786632634,0.1202,122.35,125.15,122.35,0.0,0.17355781133944043,0.3076923076923077,0.6542628874151059,0.12011201120112011,0.10348418779899242,0.0,high,0.9976
29471910,0,0.4408,9,0.3854632061117567,0.2378,56.23,58.83,56.23,0.0,0.3077494429314187,0.46153846153846156,0.6134331324709087,0.23772377237723774,0.04750010583802548,0.0,high,0.8666
197717492,0,0.2604,6,0.46847561243725183,0.243,185.81,188.37,185.81,0.0,0.0844268383263184,0.23076923076923078,0.7455416956487247,0.24292429242924293,0.15721603657762162,0.0,high,1.0
31291287,0,0.249,8,0.4759623786430592,0.0778,179.35,183.79,179.35,0.0,0.07031443426590739,0.38461538461538464,0.7574563716601546,0.0777077707770777,0.15174632742051564,0.0,high,1.0
340055008,0,0.252,8,0.46176411594148753,0.1765,178.4,184.3,178.4,0.0,0.07402822480812081,0.38461538461538464,0.7348608083202477,0.17641764176417643,0.1509419584268236,0.0,high,1.0
28604425,0,0.2921,10,0.37488860569226246,0.0021,142.74,142.74,143.85,0.0,0.12366922505570689,0.5384615384615384,0.596604379644238,0.002000200020002,0.12074848651623557,0.0,high,0.9998
28604425,0,0.4869,10,0.4589370447741376,0.6717,77.12,77.12,78.0,0.0,0.3648180242634315,0.5384615384615384,0.7303617180462518,0.6716671667166716,0.06518775665721181,0.0,high,1.0
197717492,0,0.472,8,0.34366304838408634,0.4998,115.0,118.8,115.0,0.0,0.34637286457043814,0.38461538461538464,0.5469110423106018,0.4997499749974998,0.0972609119004276,0.0,high,0.9697
203484199,0,0.4681,9,0.327679376163256,0.3774,121.77,123.04,121.77,0.0,0.34154493686556087,0.46153846153846156,0.5214741219168058,0.37733773377337737,0.10299309936073833,0.0,high,0.9197
29471910,0,0.3828,6,0.2964533615411018,0.5999,95.08,100.58,95.08,0.0,0.23594949244862587,0.23076923076923078,0.47178005679927276,0.5998599859985998,0.08039456415901106,0.0,high,0.9653
31291287,0,0.3081,6,0.43991097737738394,0.1712,106.97,114.37,106.97,0.0,0.14347610794751173,0.23076923076923078,0.7000830339559021,0.1711171117111711,0.09046187714322003,0.0,high,0.9994
"[590076249, 24297098, 590076251]",0,0.7495,10,0.13698067644414355,0.0073,83.25,83.25,110.34,0.0,0.6898984897251795,0.5384615384615384,0.2179901930087917,0.0072007200720072,0.07037805342703528,0.0,medium,0.7394
24297098,0,0.8098,8,0.04481114843945695,0.0027,82.48,82.48,90.41,0.0,0.7645456796236691,0.38461538461538464,0.07130869740520064,0.0026002600260026008,0.06972609119004276,0.0,low,1.0
786019233,0,0.4675,12,0.4081879447480014,0.0725,32.32,32.32,33.63,0.0,0.3408021787571181,0.6923076923076923,0.6495979986964968,0.0724072407240724,0.027255408323102324,0.0,high,0.8907
28604416,0,0.6682,12,0.23272106994995362,0.0725,22.61,22.61,25.53,0.0,0.5892547660311959,0.6923076923076923,0.3703544766622187,0.0724072407240724,0.01903391050336565,0.0,medium,1.0
31290892,0,0.5804,11,0.5486787701372714,0.0027,48.0,48.0,56.78,0.0,0.4805644961624164,0.6153846153846154,0.8731795319081375,0.0026002600260026008,0.04053173024004064,0.0,high,0.919
786019234,0,0.3981,9,0.5090921424459269,0.0725,17.16,25.44,17.16,0.0,0.2548898242139144,0.46153846153846156,0.8101801233034446,0.0724072407240724,0.014419372592184922,0.0,high,0.9971
29471910,0,0.2223,6,0.5034037218818465,0.3417,142.65,149.25,142.65,0.0,0.037261698440207956,0.23076923076923078,0.8011273912994451,0.3416341634163416,0.12067228313788579,0.0,high,1.0
29472007,0,0.2501,6,0.6283683222328543,0.0842,122.7,129.09,122.7,0.0,0.07167615746471896,0.23076923076923078,1.0,0.0841084108410841,0.10378053427035266,0.0,high,1.0
786019234,0,0.5042,6,0.5453738562006073,0.1349,75.61,83.65,75.61,0.0,0.38623421639019556,0.23076923076923078,0.8679199875710286,0.1348134813481348,0.06390923330934338,0.0,high,0.9213
29472007,0,0.4093,6,0.4763959105570425,0.0725,56.41,65.0,56.41,0.0,0.26875464223817774,0.23076923076923078,0.7581463080297075,0.0724072407240724,0.04765251259472503,0.0,high,0.8139
31291816,0,0.5127,10,0.39850379636162087,0.0073,61.74,61.74,86.2,0.0,0.39675662292646696,0.5384615384615384,0.6341863393367009,0.0072007200720072,0.0521654460014394,0.0,medium,0.9386
"[890744300, 590076247]",0,0.7908,10,0.11914865289243862,0.1426,0.17,0.17,16.96,0.0,0.7410250061896508,0.5384615384615384,0.18961174797574842,0.14251425142514254,3.38681681554549e-05,0.0,low,0.9909
"[590076249, 24297098, 590076251]",0,0.7495,10,0.13698067644414355,0.0073,83.25,83.25,110.34,0.0,0.6898984897251795,0.5384615384615384,0.2179901930087917,0.0072007200720072,0.07037805342703528,0.0,medium,0.7394
671543185,0,0.7009,10,0.1668436871996651,0.2331,112.66,125.55,112.66,0.0,0.6297350829413221,0.5384615384615384,0.2655151307585358,0.23302330233023302,0.09527962406333348,0.0,medium,1.0
"[890744300, 590076247]",0,0.7908,10,0.11914865289243862,0.1426,0.17,0.17,16.96,0.0,0.7410250061896508,0.5384615384615384,0.18961174797574842,0.14251425142514254,3.38681681554549e-05,0.0,low,0.9909
671543185,0,0.744,11,0.14697260660598416,0.0983,39.05,39.49,39.05,0.0,0.6830898737311215,0.6153846153846154,0.23389166599920222,0.0982098209820982,0.032953727615257604,0.0,medium,0.9285
671543185,0,0.7009,10,0.1668436871996651,0.2331,112.66,125.55,112.66,0.0,0.6297350829413221,0.5384615384615384,0.2655151307585358,0.23302330233023302,0.09527962406333348,0.0,medium,1.0
29487419,0,0.5664,8,0.3531740039539243,0.0775,119.64,119.64,125.0,0.0,0.46323347363208717,0.38461538461538464,0.5620470771564372,0.0774077407740774,0.10118961940646036,0.0,medium,0.9985
239209575,0,0.7325,9,0.1670210388152473,0.0775,38.25,38.25,45.35,0.0,0.6688536766526368,0.46153846153846156,0.26579737371653367,0.0774077407740774,0.03227636425214851,0.0,medium,0.69
239209575,0,0.7811,11,0.1397866057514453,0.0147,202.32,202.32,208.98,0.0,0.7290170834364942,0.6153846153846154,0.2224556374595004,0.014601460146014602,0.1711951229837856,0.0,medium,0.9998
239209575,0,0.7095,7,0.1436337445973657,0.0208,39.36,39.36,54.63,0.0,0.6403812824956673,0.3076923076923077,0.2285780956290332,0.020702070207020702,0.03321620591846238,0.0,low,0.9765
239209575,0,0.7325,9,0.1670210388152473,0.0775,38.25,38.25,45.35,0.0,0.6688536766526368,0.46153846153846156,0.26579737371653367,0.0774077407740774,0.03227636425214851,0.0,medium,0.69
28604204,0,0.5577,7,0.28593195161163515,0.311,80.13,80.13,82.22,0.0,0.45246348105966816,0.3076923076923077,0.4550359529970468,0.31093109310931094,0.06773633631090979,0.0,medium,0.9998
29487361,0,0.5831,9,0.3471189657531828,0.361,84.62,84.62,91.18,0.0,0.48390690765040845,0.46153846153846156,0.5524108982755334,0.3609360936093609,0.0715380381863596,0.0,medium,0.962
29487361,0,0.6877,11,0.2552511332904401,0.3479,207.62,207.62,216.34,0.0,0.613394404555583,0.6153846153846154,0.4062095304784665,0.34783478347834784,0.1756826552643834,0.0,medium,0.9957
239209579,0,0.6022,14,0.16903710486714182,0.258,219.7,219.7,220.43,0.0,0.5075513741025005,0.8461538461538461,0.2690058048556459,0.25792579257925796,0.18591084204733077,0.0,medium,0.9622
239209580,0,0.7698,9,0.21624817894851633,0.432,165.12,165.12,165.24,0.0,0.715028472394157,0.46153846153846156,0.344138998061928,0.43194319431943196,0.1396977265992126,0.0,medium,1.0
239209579,0,0.4841,13,0.2473332644274895,0.043,70.24,70.31,70.24,0.0,0.36135181975736563,0.7692307692307693,0.39360878409348293,0.042904290429042896,0.059362431734473566,0.0,medium,0.9878
185429129,0,0.5157,13,0.29543826459182415,0.047,118.11,119.61,118.11,0.0,0.4004704134686804,0.7692307692307693,0.4701645994792014,0.046904690469046904,0.09989416197451421,0.0,medium,0.8216
185429129,0,0.6674,13,0.23873600555097932,0.043,110.73,110.73,111.45,0.0,0.5882644218866055,0.7692307692307693,0.3799268350003549,0.042904290429042896,0.09364548494983278,0.0,medium,1.0
239209579,0,0.6022,14,0.16903710486714169,0.258,219.7,219.7,220.43,0.0,0.5075513741025005,0.8461538461538461,0.2690058048556457,0.25792579257925796,0.18591084204733077,0.0,medium,0.9622
225998887,0,0.553,11,0.35028478972805643,0.0147,140.05,142.31,140.05,0.0,0.44664520921020057,0.6153846153846154,0.5574490904579709,0.014601460146014602,0.11847085220778122,0.0,medium,0.9298
239209575,0,0.7811,11,0.1397866057514453,0.0147,202.32,202.32,208.98,0.0,0.7290170834364942,0.6153846153846154,0.2224556374595004,0.014601460146014602,0.1711951229837856,0.0,medium,0.9998
671543185,0,0.744,11,0.14697260660598413,0.0983,39.05,39.49,39.05,0.0,0.6830898737311215,0.6153846153846154,0.2338916659992022,0.0982098209820982,0.032953727615257604,0.0,medium,0.9285
239209580,0,0.4666,6,0.5180431816362004,0.5002,44.6,44.72,44.6,0.0,0.33968804159445404,0.23076923076923078,0.8244250895526903,0.5001500150015001,0.037652935946826976,0.0,high,0.9993
239209580,0,0.4708,6,0.32257172609362805,0.4692,64.34,64.34,64.6,0.0,0.34488734835355284,0.23076923076923078,0.5133456464059546,0.4691469146914692,0.054366876931543975,0.0,medium,0.9147
29487370,0,0.6849,7,0.16434651203296058,0.2224,293.89,293.89,299.02,0.0,0.6099282000495171,0.3076923076923077,0.2615410473910074,0.2223222322232223,0.24872782693366072,0.0,medium,1.0
77672325,0,0.5436,8,0.3679233021834427,0.0072,219.93,219.93,225.29,0.0,0.4350086655112651,0.38461538461538464,0.5855195758254024,0.0071007100710071,0.18610558401422464,0.0,medium,0.8952
28604425,0,0.2921,10,0.37488860569226246,0.0021,142.74,142.74,143.85,0.0,0.12366922505570689,0.5384615384615384,0.596604379644238,0.002000200020002,0.12074848651623557,0.0,high,0.9998
28604425,0,0.3923,10,0.4074851586550931,0.1493,51.74,51.74,52.83,0.0,0.24770982916563503,0.5384615384615384,0.6484795627293304,0.1492149214921492,0.043698403962575676,0.0,high,0.9916
29487370,0,0.3068,8,0.605608635255515,0.0336,186.15,186.15,189.71,0.0,0.14186679871255262,0.38461538461538464,0.9637795158814749,0.033503350335033495,0.157503916006943,0.0,high,1.0
28604204,0,0.5983,6,0.21973582131245753,0.6112,105.35,106.77,105.35,0.0,0.5027234463976232,0.23076923076923078,0.34968934218485037,0.6111611161116112,0.08909021633292409,0.0,medium,0.9999
29487374,0,0.3767,6,0.4895708130651797,0.3412,109.42,116.47,109.42,0.0,0.22839811834612525,0.23076923076923078,0.7791132636620158,0.34113411341134114,0.09253630244274164,0.0,high,0.9999
239209580,0,0.3299,6,0.4949571017866509,0.0053,88.52,88.75,88.52,0.0,0.17046298588759598,0.23076923076923078,0.7876851735168432,0.005200520052005201,0.07484018458151645,0.0,high,0.9975
239209580,0,0.6575,9,0.30384577584845684,0.0053,89.76,89.76,92.81,0.0,0.5760089130973013,0.46153846153846156,0.48354457822189617,0.005200520052005201,0.07589009779433556,0.0,medium,1.0
31320216,0,0.3955,7,0.3783882441688094,0.0016,61.68,61.68,69.09,0.0,0.25167120574399604,0.3076923076923077,0.6021738147593411,0.0015001500150015003,0.05211464374920621,0.0,medium,0.9202
29487406,0,0.4874,8,0.46216569467883883,0.0263,65.79,76.11,65.79,0.0,0.3654369893538005,0.38461538461538464,0.7354998933961124,0.026202620262026202,0.05559459802717922,0.0,medium,0.624
29487514,0,0.5767,10,0.3982327193367789,0.0016,99.31,99.31,109.71,0.0,0.47598415449368653,0.5384615384615384,0.6337549388045687,0.0015001500150015003,0.08397612294145042,0.0,medium,0.9852
29487406,0,0.4983,7,0.42967003792728886,0.0281,52.25,52.25,62.37,0.0,0.3789304283238426,0.3076923076923077,0.6837852797257906,0.028002800280028002,0.044130223106557724,0.0,medium,0.9867
185429129,0,0.3696,9,0.4493193680006436,0.0105,113.21,113.21,120.98,0.0,0.21960881406288682,0.46153846153846156,0.7150558437089515,0.010401040104010403,0.09574531137547099,0.0,high,0.9988
31318522,0,0.3524,9,0.34937886152367637,0.0488,120.54,120.54,123.86,0.0,0.19831641495419658,0.46153846153846156,0.5560073677237372,0.048704870487048704,0.10195165318995811,0.0,high,0.9676
185429129,0,0.4215,11,0.3725581240832351,0.0025,189.81,189.81,193.82,0.0,0.283857390443179,0.6153846153846154,0.5928955776650044,0.0024002400240024004,0.1606028533931671,0.0,high,0.9973
185429129,0,0.4666,11,0.4334803534580261,0.0025,183.45,183.45,186.88,0.0,0.33968804159445404,0.6153846153846154,0.6898491361094503,0.0024002400240024004,0.15521781465644977,0.0,high,0.9988
29487460,0,0.314,8,0.3057796350966229,0.0431,94.21,94.21,98.17,0.0,0.15077989601386482,0.38461538461538464,0.4866221828592272,0.043004300430043,0.0796579315016299,0.0,high,0.6436
239209580,0,0.4947,6,0.2964488132750326,0.5002,11.45,11.45,12.33,0.0,0.37447387967318646,0.23076923076923078,0.4717728185451135,0.5001500150015001,0.009584691587993733,0.0,medium,0.998
185429129,0,0.4215,11,0.3725581240832351,0.0025,189.81,189.81,193.82,0.0,0.283857390443179,0.6153846153846154,0.5928955776650044,0.0024002400240024004,0.1606028533931671,0.0,high,0.9973
185429129,0,0.3549,10,0.4604968225655426,0.0431,179.48,179.48,183.5,0.0,0.20141124040604108,0.5384615384615384,0.7328439976478238,0.043004300430043,0.15185639896702088,0.0,high,1.0
29487475,0,0.3627,8,0.4327865201811708,0.2047,155.99,155.99,158.7,0.0,0.21106709581579602,0.38461538461538464,0.6887449479362886,0.20462046204620463,0.13196731721773,0.0,high,0.9999
239209580,0,0.5941,6,0.27374568075577044,0.1479,114.24,114.24,114.4,0.0,0.4975241396385243,0.23076923076923078,0.4356423369759493,0.14781478147814783,0.09661741670547394,0.0,medium,1.0
185429129,0,0.4927,10,0.4380350231863934,0.0025,155.42,155.42,158.5,0.0,0.37199801931171084,0.5384615384615384,0.69709758125396,0.0024002400240024004,0.13148469582151476,0.0,high,0.9715
185429129,0,0.4666,11,0.4334803534580262,0.0025,183.45,183.45,186.88,0.0,0.33968804159445404,0.6153846153846154,0.6898491361094505,0.0024002400240024004,0.15521781465644977,0.0,high,0.9988
29487481,0,0.3875,10,0.408924507162212,0.0165,109.68,120.57,109.68,0.0,0.2417677642980936,0.5384615384615384,0.6507701873673155,0.016401640164016403,0.0927564455357521,0.0,high,0.9943
185429129,0,0.5506,10,0.3011591441041951,0.0281,150.73,150.73,159.75,0.0,0.44367417677642973,0.5384615384615384,0.47926898767786774,0.028002800280028002,0.12751365310528767,0.0,medium,0.9961
185429129,0,0.3696,9,0.4493193680006435,0.0105,113.21,113.21,120.98,0.0,0.21960881406288682,0.46153846153846156,0.7150558437089513,0.010401040104010403,0.09574531137547099,0.0,high,0.9988
29487514,0,0.3751,10,0.36132264186553653,0.0016,68.64,68.64,70.3,0.0,0.22641743005694479,0.5384615384615384,0.5750150766881982,0.0015001500150015003,0.058007705008255375,0.0,high,0.8277
1147216332,0,0.427,7,0.40582571456506944,0.0016,54.5,58.87,54.5,0.0,0.29066600643723695,0.3076923076923077,0.6458386710348124,0.0015001500150015003,0.04603530756530206,0.0,medium,0.9382
185429129,0,0.3549,10,0.4604968225655426,0.0431,179.48,179.48,183.5,0.0,0.20141124040604108,0.5384615384615384,0.7328439976478238,0.043004300430043,0.15185639896702088,0.0,high,1.0
185429129,0,0.5506,10,0.30115914410419503,0.0281,150.73,150.73,159.75,0.0,0.44367417677642973,0.5384615384615384,0.47926898767786763,0.028002800280028002,0.12751365310528767,0.0,medium,0.9961
29487488,0,0.3919,6,0.41717198204979233,0.0775,108.39,111.87,108.39,0.0,0.24721465709333998,0.23076923076923078,0.663895479181784,0.0774077407740774,0.09166419711273867,0.0,high,0.7888
29487514,0,0.3441,8,0.37901530119873106,0.0775,72.72,77.02,72.72,0.0,0.1880415944540728,0.38461538461538464,0.6031717331057709,0.0774077407740774,0.06146225816011177,0.0,high,0.9336
297421766,0,0.7472,11,0.0427882436494923,0.2352,89.66,89.66,90.52,0.0,0.6870512503094826,0.6153846153846154,0.0680893828825029,0.23512351235123513,0.07580542737394691,0.0,medium,0.7716
297421766,0,0.5927,9,0.03474135216286698,0.2161,119.03,119.03,128.86,0.0,0.49579103738549146,0.46153846153846156,0.05528330582243605,0.21602160216021601,0.10067312984208968,0.0,medium,0.9987
29487419,0,0.3826,7,0.4990385755021677,0.0775,158.49,158.49,159.0,0.0,0.23570190641247832,0.3076923076923077,0.7941805595931211,0.0774077407740774,0.13408407772744593,0.0,high,0.9999
29487514,0,0.3649,7,0.5509757586440447,0.0775,109.83,109.83,110.46,0.0,0.21379054221341917,0.3076923076923077,0.8768350319074499,0.0774077407740774,0.09288345116633505,0.0,high,1.0
29487514,0,0.4596,10,0.4225045983443634,0.0116,174.99,174.99,177.31,0.0,0.3310225303292894,0.5384615384615384,0.6723819730426183,0.0115011501150115,0.14805469709157107,0.0,high,0.9937
225998887,0,0.4839,11,0.35920584790580795,0.062,118.03,118.03,118.41,0.0,0.3611042337212181,0.6153846153846154,0.5716463439777317,0.0619061906190619,0.0998264256382033,0.0,high,0.6825
225998887,0,0.611,11,0.25841827955052143,0.0667,147.42,151.46,147.42,0.0,0.5184451596929933,0.6153846153846154,0.411249826987313,0.0666066606660666,0.12471106219042377,0.0,medium,0.9998
29487488,0,0.324,6,0.40606254866232766,0.0165,157.87,168.63,157.87,0.0,0.16315919782124289,0.23076923076923078,0.6462155762913306,0.016401640164016403,0.13355912112103638,0.0,high,0.9902
29487524,0,0.3098,6,0.4977825589977312,0.0165,199.13,207.25,199.13,0.0,0.14558058925476605,0.23076923076923078,0.7921816952898975,0.016401640164016403,0.1684941365733881,0.0,high,1.0
29487419,0,0.5176,6,0.3715680030015972,0.0009,177.67,177.67,181.78,0.0,0.4028224808120821,0.23076923076923078,0.5913198677288973,0.0008000800080008,0.15032386435798653,0.0,medium,0.9932
29487419,0,0.3827,6,0.5237780015574806,0.0025,175.98,175.98,180.11,0.0,0.2358256994305521,0.23076923076923078,0.8335516629580338,0.0024002400240024004,0.14889293425341857,0.0,high,0.9998
29487537,0,0.4304,6,0.40801160706406736,0.0009,156.93,156.93,161.05,0.0,0.2948749690517455,0.23076923076923078,0.649317369341322,0.0008000800080008,0.1327632191693832,0.0,medium,0.5443
29487537,0,0.6467,8,0.353152333168072,0.1362,68.88,68.88,72.98,0.0,0.5626392671453331,0.38461538461538464,0.5620125895839332,0.13611361136113612,0.0582109140171881,0.0,medium,1.0
239209579,0,0.7213,10,0.16071688059196315,0.1325,39.68,39.68,40.22,0.0,0.6549888586283734,0.5384615384615384,0.255764737369888,0.13241324132413243,0.03348715126370602,0.0,medium,0.9744
239209579,0,0.655,10,0.159379145528428,0.1362,12.45,12.45,12.97,0.0,0.5729140876454568,0.5384615384615384,0.25363582357279524,0.13611361136113612,0.010431395791880106,0.0,medium,0.995
225998887,0,0.4839,11,0.35920584790580795,0.062,118.03,118.03,118.41,0.0,0.3611042337212181,0.6153846153846154,0.5716463439777317,0.0619061906190619,0.0998264256382033,0.0,high,0.6825
"[29487571, 31318655]",0,0.5973,8,0.39758884537746103,0.0009,147.59,147.59,150.65,0.0,0.5014855162168854,0.38461538461538464,0.6327302574659798,0.0008000800080008,0.12485500190508447,0.0,medium,0.997
239209579,0,0.9511,10,0.056428196991480835,0.1325,80.48,80.48,80.89,0.0,0.9394652141619212,0.5384615384615384,0.08979643508813366,0.13241324132413243,0.06803268278227002,0.0,low,1.0
28604204,0,0.4827,7,0.39517634583892186,0.361,15.76,15.76,19.42,0.0,0.3596187175043328,0.3076923076923077,0.6288909295653541,0.3609360936093609,0.013233986706743998,0.0,medium,0.8244
29487361,0,0.6877,11,0.2552511332904401,0.3479,207.62,207.62,216.34,0.0,0.613394404555583,0.6153846153846154,0.4062095304784665,0.34783478347834784,0.1756826552643834,0.0,medium,0.9957
29487361,0,0.5831,9,0.34711896575318285,0.361,84.62,84.62,91.18,0.0,0.48390690765040845,0.46153846153846156,0.5524108982755334,0.3609360936093609,0.0715380381863596,0.0,medium,0.962
"[229061211, 29487579]",0,0.5466,8,0.40752497895014905,0.4738,100.4,100.4,108.27,0.0,0.43872245605347854,0.38461538461538464,0.6485429340035532,0.47374737473747375,0.08489903052368657,0.0,high,0.9201
29487370,0,0.4664,9,0.40994493399622334,0.2676,231.68,231.68,231.79,0.0,0.33944045555830654,0.46153846153846156,0.6523941268341554,0.26752675267526754,0.19605435840988952,0.0,high,0.9999
29487587,0,0.485,6,0.4684924323396629,0.2224,258.29,258.29,262.72,0.0,0.36246595692002964,0.23076923076923078,0.7455684633722336,0.2223222322232223,0.2185851572753059,0.0,high,0.9995
28604204,0,0.3796,8,0.41535115489154406,0.2549,65.6,65.6,66.55,0.0,0.2319881158702649,0.38461538461538464,0.6609977573794774,0.2548254825482548,0.0554337242284408,0.0,high,0.9954
31319697,0,0.2714,6,0.5983637715065541,0.2143,58.1,58.1,63.7,0.0,0.09804407031443423,0.23076923076923078,0.952249811073962,0.2142214221422142,0.049083442699293,0.0,high,1.0
29487587,0,0.607,6,0.542157796740164,0.4601,182.03,182.03,185.27,0.0,0.5134934389700421,0.23076923076923078,0.8628018490514963,0.4600460046004601,0.15401549468693113,0.0,high,0.999
29487609,0,0.54,7,0.3675822726252134,0.0076,180.25,180.25,184.9,0.0,0.43055211686060907,0.3076923076923077,0.5849768506240369,0.007500750075007501,0.1525083612040134,0.0,medium,0.9912
77672325,0,0.5436,8,0.3679233021834427,0.0072,219.93,219.93,225.29,0.0,0.4350086655112651,0.38461538461538464,0.5855195758254024,0.0071007100710071,0.18610558401422464,0.0,medium,0.8952
29487662,0,0.5154,8,0.3371514033491252,0.047,190.97,193.71,190.97,0.0,0.40009903441445893,0.38461538461538464,0.5365482049038698,0.046904690469046904,0.1615850302696753,0.0,medium,0.9485
31319445,0,0.5246,8,0.3770237813649693,0.0012,191.97,195.34,191.97,0.0,0.41148799207724673,0.38461538461538464,0.6000023655928381,0.0011001100110011,0.16243173447356168,0.0,medium,0.8816
185429129,0,0.6445,10,0.3162268096949054,0.047,153.82,156.66,153.82,0.0,0.5599158207477097,0.5384615384615384,0.503248146212647,0.046904690469046904,0.13012996909529656,0.0,medium,0.9998
31319508,0,0.5751,8,0.33221172675574473,0.1015,215.19,215.19,221.75,0.0,0.47400346620450595,0.38461538461538464,0.5286870476841187,0.10141014101410141,0.18209220608780324,0.0,medium,0.982
31319445,0,0.3843,9,0.4381130033819772,0.1386,106.07,106.07,112.53,0.0,0.2378063877197326,0.46153846153846156,0.6972216813981542,0.13851385138513853,0.08969984335972228,0.0,high,0.9993
28604425,0,0.4217,10,0.43983664647496307,0.1437,68.32,68.32,68.55,0.0,0.2841049764793266,0.5384615384615384,0.6999647414120138,0.14361436143614362,0.05773675966301173,0.0,high,0.9964
28604425,0,0.3421,11,0.37492514226071255,0.1422,6.73,6.73,10.91,0.0,0.1855657340925972,0.6153846153846154,0.5966625250923107,0.1421142114211421,0.0055882477456500575,0.0,high,0.9916
29487514,0,0.3721,9,0.48208969758407094,0.0073,70.18,70.18,72.17,0.0,0.22270363951473135,0.46153846153846156,0.7672075803922002,0.0072007200720072,0.05931162948224039,0.0,high,0.9986
31291816,0,0.3799,8,0.4925037140409648,0.0027,65.32,65.32,71.22,0.0,0.23235949492448627,0.38461538461538464,0.7837807748329911,0.0026002600260026008,0.05519664705135261,0.0,high,0.9949
31319192,0,0.5007,11,0.436152813889405,0.0027,46.83,46.83,53.29,0.0,0.3819014607576133,0.6153846153846154,0.6941021739789309,0.0026002600260026008,0.039541086321493585,0.0,high,0.5664
786019233,0,0.4675,12,0.4081879447480014,0.0725,32.32,32.32,33.63,0.0,0.3408021787571181,0.6923076923076923,0.6495979986964968,0.0724072407240724,0.027255408323102324,0.0,high,0.8907
31319192,0,0.5007,11,0.43615281388940497,0.0027,46.83,46.83,53.29,0.0,0.3819014607576133,0.6153846153846154,0.6941021739789308,0.0026002600260026008,0.039541086321493585,0.0,high,0.5664
786019233,0,0.3787,11,0.4921597619057733,0.0027,3.47,3.47,7.33,0.0,0.23087397870760087,0.6153846153846154,0.7832333985504157,0.0026002600260026008,0.002827992040980484,0.0,high,0.9988
29487370,0,1.0,7,0.3368722078894586,0.0072,260.74,260.74,265.79,0.0,1.0,0.3076923076923077,0.5361038844383517,0.0071007100710071,0.2206595825748275,0.0,medium,0.9993
1197961745,0,0.4699,7,0.4411817979205093,0.4319,120.94,128.29,120.94,0.0,0.34377321119088877,0.3076923076923077,0.7021054578734892,0.4318431843184319,0.10229033487151264,0.0,high,0.9982
29487514,0,0.3509,9,0.5134419186552726,0.0667,85.97,92.78,85.97,0.0,0.19645951968308986,0.46153846153846156,0.8171024944356401,0.0666066606660666,0.07268108886160621,0.0,high,1.0
29487662,0,0.5377,9,0.46429494566871365,0.0557,139.55,143.58,139.55,0.0,0.42770487744491203,0.46153846153846156,0.7388884506174794,0.0556055605560556,0.11804750010583805,0.0,high,0.8663
1197961747,0,0.509,7,0.4343913150547821,0.6032,178.13,182.11,178.13,0.0,0.39217628125773707,0.3076923076923077,0.6912988691431577,0.6031603160316031,0.15071334829177427,0.0,high,0.9999
29487689,0,0.3944,7,0.477744992935363,0.0309,115.55,127.85,115.55,0.0,0.2503094825451844,0.3076923076923077,0.7602932803016544,0.030803080308030802,0.0977265992125651,0.0,high,0.9933
"[29487683, 31319038]",0,0.6063,7,0.4073257566224274,0.4055,149.54,154.41,149.54,0.0,0.5126268878435255,0.3076923076923077,0.6482258853040487,0.4054405440544055,0.12650607510266287,0.0,medium,0.6488
29487514,0,0.442,8,0.39928118748785274,0.2331,132.04,146.0,132.04,0.0,0.30923495914830407,0.38461538461538464,0.6354235041083253,0.23302330233023302,0.11168875153465137,0.0,high,0.9825
29487689,0,0.5159,9,0.30595326500428055,0.1426,57.48,73.53,57.48,0.0,0.40071799950482795,0.46153846153846156,0.4868985029737822,0.14251425142514254,0.04855848609288345,0.0,medium,0.9988
29487514,0,0.6333,7,0.20230754417328395,0.3435,79.69,85.55,79.69,0.0,0.5460510027234463,0.3076923076923077,0.32195343193436204,0.3434343434343435,0.06736378646119978,0.0,medium,1.0
31319038,0,0.4846,9,0.4539377355909879,0.1916,68.1,70.66,68.1,0.0,0.3619707848477346,0.46153846153846156,0.7224056596412236,0.19151915191519153,0.05755048473815673,0.0,high,0.9566
185429129,0,0.6445,10,0.3162268096949054,0.047,153.82,156.66,153.82,0.0,0.5599158207477097,0.5384615384615384,0.503248146212647,0.046904690469046904,0.13012996909529656,0.0,medium,0.9998
29487710,0,0.5196,8,0.4095256845650667,0.0557,92.11,96.08,92.11,0.0,0.40529834117355773,0.38461538461538464,0.6517269200585074,0.0556055605560556,0.07787985267346853,0.0,medium,0.9557
185429129,0,0.5157,13,0.2954382645918241,0.047,118.11,119.61,118.11,0.0,0.4004704134686804,0.7692307692307693,0.47016459947920136,0.046904690469046904,0.09989416197451421,0.0,medium,0.8216
1197961746,0,0.4747,7,0.4134038069824915,0.0023,131.89,135.66,131.89,0.0,0.3497152760584303,0.3076923076923077,0.657898686461529,0.0022002200220022005,0.11156174590406841,0.0,medium,0.8189
29487742,0,0.4316,6,0.42475096683464236,0.0012,195.22,199.29,195.22,0.0,0.29636048526863085,0.23076923076923078,0.6759569147501873,0.0011001100110011,0.1651835231361924,0.0,high,0.8846
31319445,0,0.5093,7,0.32154090952950104,0.0012,227.46,227.46,234.49,0.0,0.39254766031195837,0.3076923076923077,0.5117051723947237,0.0011001100110011,0.19248126666948903,0.0,medium,0.9821
29487748,0,0.3543,7,0.5071811988598691,0.0012,192.68,192.68,200.13,0.0,0.20066848229759843,0.3076923076923077,0.8071389873739777,0.0011001100110011,0.163032894458321,0.0,high,1.0
786019232,0,0.525,6,0.1288093468252501,0.4961,196.37,196.37,204.05,0.0,0.41198316414954195,0.23076923076923078,0.20498608117794595,0.49604960496049605,0.1661572329706617,0.0,medium,0.9999
31319389,0,0.8141,6,0.0862294392974541,0.4961,189.28,189.28,196.79,0.0,0.7698687794008419,0.23076923076923078,0.13722307257794372,0.49604960496049605,0.16015410016510734,0.0,medium,0.9672
29487760,0,0.3477,6,0.5572281598512968,0.4961,143.25,143.25,150.96,0.0,0.1924981431047289,0.23076923076923078,0.8867853005054057,0.49604960496049605,0.1211803056602176,0.0,high,1.0
29487662,0,0.5249,6,0.3368722078894586,0.0072,272.23,272.23,277.11,0.0,0.4118593711314682,0.23076923076923078,0.5361038844383517,0.0071007100710071,0.23038821387748193,0.0,medium,0.9674
29487662,0,0.4461,6,0.5094652274688153,0.0626,267.73,269.52,267.73,0.0,0.31431047288932906,0.23076923076923078,0.8107738625828925,0.0625062506250625,0.22657804495999326,0.0,high,0.9999
29487783,0,0.4293,6,0.4599230144094571,0.0626,249.62,251.57,249.62,0.0,0.2935132458529339,0.23076923076923078,0.7319308212396742,0.0625062506250625,0.21124423182761104,0.0,high,0.999
"[379801682, 31319508, 29487773]",0,0.4164,6,0.5037958746667937,0.0259,187.2,187.2,192.67,0.0,0.2775439465214162,0.23076923076923078,0.8017514756171845,0.0258025802580258,0.15839295542102366,0.0,high,0.9988
31319508,0,0.3959,7,0.47041194631256594,0.1015,208.72,208.72,214.71,0.0,0.25216637781629114,0.3076923076923077,0.7486232384857948,0.10141014101410141,0.1766140298886584,0.0,high,0.9999
"[29487828, 31319558]",0,0.3432,6,0.555913787141072,0.1015,111.94,111.94,117.26,0.0,0.18692745729140878,0.23076923076923078,0.8846935662946531,0.10141014101410141,0.0946699970365353,0.0,high,1.0
31286612,0,0.6645,8,0.11110084552930123,0.5,108.32,108.32,108.54,0.0,0.5846744243624659,0.38461538461538464,0.17680421336089655,0.49994999499949994,0.09160492781846662,0.0,medium,1.0
"[1298616762, 338940730]",0,0.397,10,0.4435851305916741,0.1995,30.87,30.87,31.09,0.0,0.25352810101510276,0.5384615384615384,0.7059301973320823,0.19941994199419943,0.026027687227467088,0.0,high,0.9983
29550048,0,0.5895,7,0.3459252206343762,0.4467,111.74,111.74,122.57,0.0,0.4918296608071305,0.3076923076923077,0.5505111346205959,0.44664466446644663,0.09450065619575801,0.0,medium,0.9759
31286612,0,0.6475,7,0.2396079463946803,0.5584,11.77,11.77,17.4,0.0,0.5636296112899232,0.3076923076923077,0.3813144691762119,0.5583558355835584,0.009855636933237372,0.0,medium,1.0
"[74686648, 1298616765]",0,0.6394,9,0.17653367250445395,0.4598,151.75,151.75,152.79,0.0,0.5536023768259469,0.46153846153846156,0.2809360791744914,0.45974597459745975,0.12837729139325177,0.0,medium,1.0
1150103127,0,0.4239,8,0.31993476664385384,0.3123,82.24,88.92,82.24,0.0,0.28682842287694976,0.38461538461538464,0.5091491059189593,0.3122312231223123,0.06952288218111004,0.0,high,0.5614
74686092,0,0.5976,10,0.16453201703388007,0.0192,126.13,134.29,126.13,0.0,0.5018568952711067,0.5384615384615384,0.2618362659037401,0.0191019101910191,0.10668472968968291,0.0,medium,1.0
239210561,0,0.5117,12,0.28091425372314344,0.0192,97.86,97.86,98.65,0.0,0.39551869274572915,0.6923076923076923,0.44705063022601643,0.0191019101910191,0.08274840184581517,0.0,medium,0.989
"[239210558, 1237370147, 1298610852, 1237370150]",0,0.7371,9,0.153300737448046,0.1234,167.47,175.83,167.47,0.0,0.6745481554840307,0.46153846153846156,0.2439624531279119,0.12331233123312331,0.14168748147834556,0.0,medium,0.9997
53826242,0,0.3971,8,0.3886738785987891,0.2672,154.07,154.39,154.07,0.0,0.25365189403317656,0.38461538461538464,0.6185426979909499,0.26712671267126714,0.13034164514626814,0.0,high,0.9989
53826243,0,0.7885,9,0.05568305093796955,0.3449,63.21,63.21,64.44,0.0,0.7381777667739539,0.46153846153846156,0.08861058614284459,0.34483448344834483,0.053410101181152365,0.0,low,0.9433
1150103126,0,0.8519,8,0.032634634444749684,0.2955,146.85,146.85,149.16,0.0,0.8166625402327309,0.38461538461538464,0.05193060876086146,0.2954295429542954,0.12422844079420854,0.0,low,0.9929
31286586,0,0.3644,7,0.3912268357239009,0.247,70.8,75.09,70.8,0.0,0.21317157712305027,0.3076923076923077,0.6226055545274854,0.24692469246924692,0.05983658608864993,0.0,high,0.9755
"[31286577, 53826242]",0,0.3306,6,0.44249323309143956,0.4461,138.77,139.25,138.77,0.0,0.1713295370141124,0.23076923076923078,0.704192517191504,0.446044604460446,0.11738707082680667,0.0,high,1.0
31286569,0,0.3695,6,0.4150780618436647,0.3156,23.25,23.25,23.95,0.0,0.21948502104481307,0.23076923076923078,0.6605631484846607,0.31553155315531556,0.01957580119385293,0.0,high,0.9364
29550040,0,0.8034,10,0.05834535751197988,0.3835,58.69,58.69,66.94,0.0,0.7566229264669473,0.5384615384615384,0.0928474648432677,0.38343834383438347,0.04958299817958596,0.0,low,0.7944
239210561,0,0.7123,12,0.13059739415220853,0.0669,56.4,56.4,57.52,0.0,0.6438474870017331,0.6923076923076923,0.2078316361222539,0.0668066806680668,0.04764404555268617,0.0,medium,0.9943
543015159,0,0.8423,13,0.11431215269467276,0.5,54.5,54.5,55.75,0.0,0.804778410497648,0.7692307692307693,0.1819147889280761,0.49994999499949994,0.04603530756530206,0.0,medium,0.9991
31286586,0,0.3822,7,0.45594929250316774,0.4986,67.79,81.05,67.79,0.0,0.2352067343401832,0.3076923076923077,0.725606914793092,0.49854985498549853,0.05728800643495196,0.0,high,0.9999
441256452,0,0.3359,8,0.473266752424848,0.3609,133.96,140.02,133.96,0.0,0.17789056697202274,0.38461538461538464,0.7531664670264304,0.36083608360836084,0.11331442360611321,0.0,high,1.0
29550101,0,0.2409,7,0.5157382612135254,0.3069,71.08,76.04,71.08,0.0,0.06028719980193117,0.3076923076923077,0.820756966452092,0.30683068306830685,0.06007366326573812,0.0,high,1.0
441256452,0,0.225,7,0.5193137054272329,0.6625,122.0,128.52,122.0,0.0,0.040604109928200044,0.3076923076923077,0.8264470412096317,0.6624662466246625,0.1031878413276322,0.0,high,1.0
55441149,0,0.645,12,0.2746465699460454,0.002,57.26,57.26,65.01,0.0,0.5605347858380787,0.6923076923076923,0.43707604046411214,0.0019001900190019003,0.04837221116802845,0.0,medium,1.0
239210560,0,0.6382,13,0.2765925134588634,0.002,154.25,155.19,154.25,0.0,0.5521168606090616,0.7692307692307693,0.44017287638157204,0.0019001900190019003,0.1304940519029677,0.0,medium,0.9992
543015159,0,0.8423,13,0.1143121526946728,0.5,54.5,54.5,55.75,0.0,0.804778410497648,0.7692307692307693,0.1819147889280762,0.49994999499949994,0.04603530756530206,0.0,medium,0.9991
1150103128,0,0.6126,7,0.30746690678303273,0.2906,127.87,127.87,132.71,0.0,0.5204258479821738,0.3076923076923077,0.48930736026883265,0.2905290529052906,0.10815799500444521,0.0,medium,0.9998
31286644,0,0.4885,6,0.3102140060434298,0.4381,178.06,178.06,182.92,0.0,0.36679871255261204,0.23076923076923078,0.4936791807263061,0.43804380438043805,0.15065407899750224,0.0,high,0.5047
"[29550032, 1298610858]",0,0.322,9,0.4871636335740266,0.183,119.12,130.89,119.12,0.0,0.16068333745976726,0.46153846153846156,0.7752824022526933,0.18291829182918293,0.10074933322043945,0.0,high,1.0
239210560,0,0.6382,13,0.2765925134588634,0.002,154.25,155.19,154.25,0.0,0.5521168606090616,0.7692307692307693,0.44017287638157204,0.0019001900190019003,0.1304940519029677,0.0,medium,0.9992
543015161,0,0.8724,12,0.015469783140817041,0.018,1.17,1.17,12.64,0.0,0.8420401089378559,0.6923076923076923,0.02461392269791376,0.017901790179017902,0.0008805723720418273,0.0,low,1.0
28604269,0,0.8004,10,0.16894066124442525,0.1417,67.34,67.34,69.12,0.0,0.7529091359247339,0.5384615384615384,0.2688523214308336,0.1416141614161416,0.05690698954320309,0.0,medium,0.8858
29550056,0,0.7029,10,0.17514776315136743,0.0131,63.31,69.58,63.31,0.0,0.6322109433027977,0.5384615384615384,0.2787304992926958,0.013001300130013002,0.053494771601541,0.0,medium,0.9913
543015181,0,0.721,11,0.09452590483528386,0.0473,86.54,88.15,86.54,0.0,0.654617479574152,0.6153846153846154,0.15042632965929326,0.047204720472047206,0.07316371025782144,0.0,medium,0.9053
29550056,0,0.6368,7,0.315227881876607,0.0194,76.03,76.03,126.19,0.0,0.5503837583560287,0.3076923076923077,0.5016584209578904,0.019301930193019304,0.06426484907497566,0.0,medium,1.0
55441137,0,0.5937,9,0.24205032020371964,0.0131,113.14,120.45,113.14,0.0,0.4970289675662293,0.46153846153846156,0.38520133993370037,0.013001300130013002,0.09568604208119894,0.0,medium,1.0
29550056,0,0.6761,7,0.1305175083280251,0.0001,14.87,36.26,14.87,0.0,0.5990344144590245,0.3076923076923077,0.2077045033005674,0.0,0.012480419965285127,0.0,low,0.9914
29550067,0,0.4519,6,0.44040093818919734,0.0001,39.89,39.89,67.49,0.0,0.3214904679376084,0.23076923076923078,0.7008627730542761,0.0,0.033664959146522164,0.0,medium,0.9801
29550056,0,0.7078,7,0.07771507850007096,0.8611,29.41,79.11,29.41,0.0,0.6382768011884129,0.3076923076923077,0.12367305010408189,0.8610861086108611,0.024791499089792984,0.0,medium,0.9989
57775984,0,0.7004,6,0.20117353748052194,0.6742,21.94,68.59,21.94,0.0,0.6291161178509532,0.23076923076923078,0.3201487378958903,0.6741674167416742,0.018466618686761783,0.0,medium,0.9999
49060172,0,0.8577,10,0.10219591249208732,0.2385,72.92,85.88,72.92,0.0,0.8238425352810101,0.5384615384615384,0.16263262189867328,0.23842384238423842,0.06163159900088905,0.0,low,0.9534
74686095,0,0.9567,7,0.08051408931238171,0.2385,71.89,83.8,71.89,0.0,0.946397623174053,0.3076923076923077,0.12812748424352424,0.23842384238423842,0.06075949367088608,0.0,low,1.0
29550048,0,0.6144,6,0.3836284995148396,0.0318,148.52,158.13,148.52,0.0,0.5226541223075017,0.23076923076923078,0.6105133224918895,0.0317031703170317,0.1256424368146988,0.0,medium,0.9999
29550058,0,0.6245,6,0.2873131074095313,0.012,137.06,145.84,137.06,0.0,0.5351572171329537,0.23076923076923078,0.4572339679210972,0.011901190119011902,0.11593920663816097,0.0,medium,1.0
543015161,0,0.8724,12,0.015469783140817045,0.018,1.17,1.17,12.64,0.0,0.8420401089378559,0.6923076923076923,0.024613922697913765,0.017901790179017902,0.0008805723720418273,0.0,low,1.0
543015164,0,0.7678,11,0.08600034206320527,0.0373,57.17,57.17,60.05,0.0,0.7125526120326814,0.6153846153846154,0.13685848000938294,0.0372037203720372,0.04829600778967868,0.0,low,0.9291
543015167,0,0.7851,11,0.059079855513831686,0.2057,35.02,47.69,35.02,0.0,0.7339688041594454,0.6153846153846154,0.09401636814310876,0.20562056205620563,0.02954150967359553,0.0,low,0.9689
28604204,0,0.5235,6,0.2626883876999732,0.6679,63.42,64.49,63.42,0.0,0.4101262688784352,0.23076923076923078,0.41804541185478483,0.667866786678668,0.05358790906396851,0.0,medium,0.9899
31286732,0,0.5655,6,0.29432875627221083,0.6112,91.62,96.38,91.62,0.0,0.4621193364694231,0.23076923076923078,0.46839889292489173,0.6111611161116112,0.07746496761356421,0.0,medium,0.9906
57775972,0,0.6539,6,0.05486916855812325,0.1863,80.92,115.32,80.92,0.0,0.5715523644466453,0.23076923076923078,0.087315348038607,0.1862186218621862,0.06840523263198002,0.0,low,0.941
29550048,0,0.7184,6,0.03341493731054489,0.4647,209.69,209.69,220.86,0.0,0.6513988611042337,0.23076923076923078,0.05317240736671728,0.46464646464646464,0.1774353329664282,0.0,medium,0.9956
74686096,0,0.574,6,0.27874472440960024,0.2674,191.24,203.07,191.24,0.0,0.4726417430056944,0.23076923076923078,0.443597972809238,0.26732673267326734,0.16181364040472462,0.0,medium,0.9994
74686088,0,0.6257,9,0.3235447258981298,0.3348,99.41,102.72,99.41,0.0,0.5366427333498391,0.46153846153846156,0.5148941090013045,0.3347334733473347,0.08406079336183904,0.0,medium,0.9978
74686107,0,0.4747,7,0.5354187588764341,0.0033,59.29,67.98,59.29,0.0,0.3497152760584303,0.3076923076923077,0.852077131520873,0.0032003200320032004,0.05009102070191778,0.0,high,0.8625
163394258,0,0.7443,7,0.3089378749694228,0.1739,170.32,175.67,170.32,0.0,0.6834612527853429,0.3076923076923077,0.4916483054622813,0.17381738173817382,0.1441005884594217,0.0,medium,1.0
"[29550196, 786019231]",0,0.5414,6,0.42273780704804426,0.2092,100.13,105.7,100.13,0.0,0.4322852191136419,0.23076923076923078,0.6727531087333852,0.20912091209120912,0.08467042038863723,0.0,medium,0.9593
163397792,0,0.607,8,0.29819664514654565,0.15,150.22,150.22,153.62,0.0,0.5134934389700421,0.38461538461538464,0.47455437334448414,0.1499149914991499,0.12708183396130562,0.0,medium,0.9998
786019230,0,0.367,10,0.5826855705249252,0.281,167.68,167.68,169.41,0.0,0.21639019559296854,0.5384615384615384,0.9272990272504614,0.28092809280928094,0.1418652893611617,0.0,high,1.0
"[1298616762, 338940730]",0,0.397,10,0.44358513059167415,0.1995,30.87,30.87,31.09,0.0,0.25352810101510276,0.5384615384615384,0.7059301973320824,0.19941994199419943,0.026027687227467088,0.0,high,0.9983
338940730,0,0.4083,11,0.4477285016286976,0.281,178.41,178.41,178.72,0.0,0.26751671205743993,0.6153846153846154,0.7125240887591959,0.28092809280928094,0.15095042546886245,0.0,high,1.0
786019230,0,0.367,10,0.5826855705249251,0.281,167.68,167.68,169.41,0.0,0.21639019559296854,0.5384615384615384,0.9272990272504613,0.28092809280928094,0.1418652893611617,0.0,high,1.0
338940730,0,0.3339,10,0.5753307750951053,0.281,183.01,186.23,183.01,0.0,0.17541470661054712,0.5384615384615384,0.9155943736967449,0.28092809280928094,0.15484526480673977,0.0,high,1.0
29550101,0,0.2741,9,0.4902578007493914,0.4001,173.18,179.21,173.18,0.0,0.10138648180242635,0.46153846153846156,0.7802065575430076,0.4000400040004001,0.14652216248253674,0.0,high,1.0
338940730,0,0.4083,11,0.4477285016286975,0.281,178.41,178.41,178.72,0.0,0.26751671205743993,0.6153846153846154,0.7125240887591957,0.28092809280928094,0.15095042546886245,0.0,high,1.0
29550104,0,0.3054,6,0.3613883413446245,0.2703,139.69,140.11,139.69,0.0,0.14013369645951967,0.23076923076923078,0.5751196329125993,0.2702270227022702,0.11816603869438212,0.0,high,0.9984
441256452,0,0.296,8,0.45603044004389215,0.2585,121.66,125.72,121.66,0.0,0.12849715276058427,0.38461538461538464,0.7257360555502999,0.25842584258425844,0.10289996189831083,0.0,high,1.0
"[29487828, 31319558]",0,0.3432,6,0.555913787141072,0.1015,111.94,111.94,117.26,0.0,0.18692745729140878,0.23076923076923078,0.8846935662946531,0.10141014101410141,0.0946699970365353,0.0,high,1.0
29550194,0,0.6122,7,0.3346069054032372,0.0009,122.22,130.54,122.22,0.0,0.5199306759098786,0.3076923076923077,0.5324988105721103,0.0008000800080008,0.1033741162524872,0.0,medium,1.0
31286732,0,0.652,7,0.27200259815647565,0.0029,78.37,87.71,78.37,0.0,0.5692002971032434,0.3076923076923077,0.432868340318267,0.0028002800280028,0.06624613691206978,0.0,medium,0.9999
29550067,0,0.4191,7,0.4881599767181956,0.0799,106.55,106.55,127.25,0.0,0.28088635800940825,0.3076923076923077,0.7768680141754718,0.0798079807980798,0.09010626137758775,0.0,high,0.9923
31286732,0,0.6237,6,0.2708685598598564,0.0033,129.85,137.88,129.85,0.0,0.5341668729883635,0.23076923076923078,0.43106359598441946,0.0032003200320032004,0.10983446932814021,0.0,medium,1.0
29550415,0,0.6321,6,0.37577586667586155,0.0009,128.2,130.75,128.2,0.0,0.544565486506561,0.23076923076923078,0.5980163947742103,0.0008000800080008,0.10843740739172769,0.0,medium,1.0
31286732,0,0.7098,7,0.3201436793182823,0.1662,96.57,97.85,96.57,0.0,0.6407526615498885,0.3076923076923077,0.5094815761420265,0.16611661166116612,0.08165615342280175,0.0,medium,1.0
219673833,0,0.808,9,0.17520086873452093,0.3137,133.33,133.33,155.11,0.0,0.7623174052983412,0.46153846153846156,0.2788150131936616,0.3136313631363136,0.11278099995766482,0.0,medium,0.9995
31287022,0,0.7272,7,0.21756360961242063,0.1555,171.39,176.32,171.39,0.0,0.6622926466947263,0.3076923076923077,0.34623241593355364,0.15541554155415543,0.1450065619575801,0.0,medium,1.0
74686088,0,0.5583,9,0.44117933800747533,0.3348,116.78,119.28,116.78,0.0,0.4532062391681109,0.46153846153846156,0.7021015430902556,0.3347334733473347,0.09876804538334534,0.0,high,0.9645
31192842,0,1.0,6,0.02481772175368538,0.5,269.99,271.04,269.99,0.0,1.0,0.23076923076923078,0.039490527213848416,0.49994999499949994,0.22849159646077644,0.0,low,0.9929
55189233,0,1.0,6,0.02481772175368538,0.5,282.19,285.18,282.19,0.0,1.0,0.23076923076923078,0.039490527213848416,0.49994999499949994,0.23882138774819017,0.0,low,0.9853
31192842,0,0.8221,6,0.03320003306953775,0.5,242.55,242.55,242.93,0.0,0.7797722208467442,0.23076923076923078,0.052830401975511636,0.49994999499949994,0.20525803310613439,0.0,medium,0.9447
"[31192993, 453809098]",0,0.8729,9,0.16891146128439166,0.5,141.87,142.27,141.87,0.0,0.8426590740282248,0.46153846153846156,0.26880585169292764,0.49994999499949994,0.12001185385885442,0.0,medium,0.9996
1137958425,0,0.9357,11,0.016973948263460107,0.5,55.79,55.79,57.14,0.0,0.920401089378559,0.6153846153846154,0.02700769854336265,0.49994999499949994,0.04712755598831548,0.0,low,0.9992
"[31192920, 31192915, 183975086]",0,0.8865,12,0.02481772175368538,0.5,263.15,263.15,263.54,0.0,0.8594949244862589,0.6923076923076923,0.039490527213848416,0.49994999499949994,0.22270013970619362,0.0,medium,1.0
31192965,0,0.9731,10,0.016973948263460107,0.5,74.39,74.39,76.23,0.0,0.9666996781381529,0.5384615384615384,0.02700769854336265,0.49994999499949994,0.06287625418060201,0.0,low,0.9999
59298989,0,1.0,8,0.016973948263460107,0.5,109.14,109.14,110.94,0.0,1.0,0.38461538461538464,0.02700769854336265,0.49994999499949994,0.09229922526565346,0.0,low,1.0
183975107,0,0.9813,7,0.016973948263460107,0.5,165.8,167.53,165.8,0.0,0.9768507056202029,0.3076923076923077,0.02700769854336265,0.49994999499949994,0.1402734854578553,0.0,low,0.9999
31192842,0,1.0,6,0.02481772175368538,0.5,253.07,255.75,253.07,0.0,1.0,0.23076923076923078,0.039490527213848416,0.49994999499949994,0.21416536133101902,0.0,low,0.9974
48785154,0,0.8859,12,0.0358427850290098,0.5,0.13,0.13,11.08,0.0,0.8587521663778163,0.6923076923076923,0.05703616084524319,0.49994999499949994,0.0,0.0,low,0.994
"[31192920, 31192915, 183975086]",0,0.8865,12,0.02481772175368538,0.5,263.15,263.15,263.54,0.0,0.8594949244862589,0.6923076923076923,0.039490527213848416,0.49994999499949994,0.22270013970619362,0.0,medium,1.0
283341697,0,0.7991,9,0.16891146128439166,0.5,146.59,146.59,147.98,0.0,0.7512998266897747,0.46153846153846156,0.26880585169292764,0.49994999499949994,0.1240082977011981,0.0,medium,1.0
29550104,0,0.3054,6,0.3613883413446245,0.2703,139.69,140.11,139.69,0.0,0.14013369645951967,0.23076923076923078,0.5751196329125993,0.2702270227022702,0.11816603869438212,0.0,high,0.9984
338940730,0,0.3339,10,0.5753307750951053,0.281,183.01,186.23,183.01,0.0,0.17541470661054712,0.5384615384615384,0.9155943736967449,0.28092809280928094,0.15484526480673977,0.0,high,1.0
"[1298616760, 338940730]",0,0.3429,10,0.5201144922716247,0.1016,120.63,123.23,120.63,0.0,0.1865560782371874,0.5384615384615384,0.8277214386654709,0.1015101510151015,0.10202785656830786,0.0,high,1.0
31286698,0,0.2908,8,0.5287082486792767,0.3484,171.98,178.72,171.98,0.0,0.12205991582074771,0.38461538461538464,0.8413978138191252,0.3483348334833483,0.1455061174378731,0.0,high,1.0
441256452,0,0.2132,4,0.5488970887328085,0.0952,126.42,133.31,126.42,0.0,0.025996533795493923,0.07692307692307693,0.8735269710108942,0.09510951095109511,0.10693027390880996,0.0,high,1.0
29550056,0,0.5513,7,0.21052038063474787,0.3066,111.46,111.46,112.54,0.0,0.44454072790294624,0.3076923076923077,0.33502359906437035,0.3065306530653065,0.09426357901866983,0.0,medium,1.0
57775983,0,0.7641,7,0.18700228474371922,0.3066,130.25,130.25,132.09,0.0,0.7079722703639515,0.3076923076923077,0.29759615906631215,0.3065306530653065,0.11017315100969477,0.0,medium,0.9991
31290865,0,0.6647,8,0.18137256168779653,0.0963,134.93,134.93,136.89,0.0,0.5849220103986135,0.38461538461538464,0.28863684012920343,0.0962096209620962,0.114135726683883,0.0,medium,0.9999
444286271,0,0.696,6,0.23265091410828545,0.0645,293.07,293.07,294.6,0.0,0.6236692250557068,0.23076923076923078,0.37024282844177114,0.06440644064406441,0.24803352948647392,0.0,medium,1.0
28604425,0,0.4869,10,0.4589370447741376,0.6717,77.12,77.12,78.0,0.0,0.3648180242634315,0.5384615384615384,0.7303617180462518,0.6716671667166716,0.06518775665721181,0.0,high,1.0
28604425,0,0.4217,10,0.43983664647496323,0.1437,68.32,68.32,68.55,0.0,0.2841049764793266,0.5384615384615384,0.699964741412014,0.14361436143614362,0.05773675966301173,0.0,high,0.9964
"[31290931, 1487815191]",0,0.5533,9,0.24525424132232412,0.4008,57.72,61.47,57.72,0.0,0.44701658826442187,0.46153846153846156,0.39030016111296195,0.40074007400740075,0.04876169510181618,0.0,medium,0.9994
31291287,0,0.2971,7,0.42136328352056374,0.2246,119.79,125.85,119.79,0.0,0.12985887595939585,0.3076923076923077,0.6705656486137792,0.22452245224522452,0.10131662503704332,0.0,high,0.9999
340055010,0,0.2042,6,0.5459502095031613,0.2453,200.11,207.6,200.11,0.0,0.014855162168853657,0.23076923076923078,0.8688372144055894,0.2452245224522452,0.16932390669319675,0.0,high,1.0
31290988,0,0.3557,6,0.4843525244988346,0.2518,170.15,175.36,170.15,0.0,0.20240158455063137,0.23076923076923078,0.7708087145558981,0.25172517251725174,0.14395664874476102,0.0,high,1.0
340055010,0,0.3613,6,0.4314712958417776,0.2569,208.33,213.8,208.33,0.0,0.20933399356276308,0.23076923076923078,0.6866518584160013,0.25682568256825683,0.17628381524914274,0.0,high,0.9999
31291161,0,0.2844,6,0.4859004085712753,0.2202,239.76,245.36,239.76,0.0,0.11413716266402572,0.23076923076923078,0.7732720661177618,0.22012201220122013,0.2028957283772914,0.0,high,1.0
444286271,0,0.6092,6,0.2877852839119337,0.3475,256.83,264.45,256.83,0.0,0.5162168853676652,0.23076923076923078,0.4579854045082275,0.34743474347434744,0.21734896913763177,0.0,medium,0.9917
340055010,0,0.3382,6,0.5238705275950742,0.1792,186.17,193.48,186.17,0.0,0.18073780638771972,0.23076923076923078,0.8336989118142483,0.1791179117911791,0.1575208500910207,0.0,high,1.0
444286271,0,0.7293,6,0.22799592001562233,0.0407,234.2,240.8,234.2,0.0,0.6648923000742757,0.23076923076923078,0.3628347239378294,0.0406040604060406,0.19818805300368317,0.0,medium,1.0
31291240,0,0.3714,6,0.4734767245399987,0.5639,210.36,218.01,210.36,0.0,0.22183708838821492,0.23076923076923078,0.7535006232768974,0.5638563856385638,0.17800262478303208,0.0,high,1.0
29487488,0,0.422,8,0.44023051741769187,0.0165,174.24,183.76,174.24,0.0,0.2844763555335479,0.38461538461538464,0.7005915600602695,0.016401640164016403,0.1474196689386563,0.0,high,0.9942
29487419,0,0.3534,6,0.3735837997061123,0.0025,181.63,181.63,185.63,0.0,0.19955434513493436,0.23076923076923078,0.5945278702200897,0.0024002400240024004,0.15367681300537658,0.0,high,0.9173
31317455,0,0.3079,6,0.48200522689665787,0.0165,205.09,215.59,205.09,0.0,0.1432285219113642,0.23076923076923078,0.7670731510744783,0.016401640164016403,0.17354049362855087,0.0,high,1.0
29487488,0,0.345,6,0.41661384249435696,0.0165,160.54,165.49,160.54,0.0,0.18915573161673677,0.23076923076923078,0.6630072382791874,0.016401640164016403,0.13581982134541298,0.0,high,0.987
29487419,0,0.3782,6,0.454440348521476,0.0009,185.46,185.46,189.45,0.0,0.23025501361723197,0.23076923076923078,0.7232055337205393,0.0008000800080008,0.1569196901062614,0.0,high,0.9957
31317467,0,0.3183,6,0.5110202907486121,0.0775,154.83,157.22,154.83,0.0,0.15610299579103742,0.23076923076923078,0.813248639361908,0.0774077407740774,0.1309851403412218,0.0,high,1.0
29487419,0,0.4834,9,0.36541035791753085,0.0025,192.82,192.82,196.58,0.0,0.36048526863084923,0.46153846153846156,0.5815203970157455,0.0024002400240024004,0.16315143304686508,0.0,high,0.621
31318568,0,0.4978,6,0.43924429010653554,0.0025,150.6,150.6,154.4,0.0,0.37831146323347364,0.23076923076923078,0.6990220467933884,0.0024002400240024004,0.12740358155878245,0.0,medium,0.8539
225999367,0,0.5199,8,0.34466097433024534,0.0025,131.19,131.19,134.4,0.0,0.40566972022777914,0.38461538461538464,0.5484991731544181,0.0024002400240024004,0.11096905296134796,0.0,medium,0.9965
29487419,0,0.5219,6,0.2939313136790967,0.0025,177.93,177.93,182.0,0.0,0.40814558058925476,0.23076923076923078,0.46776639023949673,0.0024002400240024004,0.150544007450997,0.0,medium,0.9999
31318622,0,0.6195,8,0.2878161194853549,0.1362,34.32,34.32,36.62,0.0,0.5289675662292647,0.38461538461538464,0.4580344772128961,0.13611361136113612,0.028948816730875068,0.0,medium,1.0
239209579,0,0.4841,13,0.2473332644274895,0.043,70.24,70.31,70.24,0.0,0.36135181975736563,0.7692307692307693,0.39360878409348293,0.042904290429042896,0.059362431734473566,0.0,medium,0.9878
239209579,0,0.655,10,0.15937914552842797,0.1362,12.45,12.45,12.97,0.0,0.5729140876454568,0.5384615384615384,0.2536358235727952,0.13611361136113612,0.010431395791880106,0.0,medium,0.995
77610758,0,0.3887,6,0.5136987457200238,0.0006,114.36,114.36,117.87,0.0,0.24325328051497894,0.23076923076923078,0.8175112171315758,0.0005000500050004999,0.09671902120994032,0.0,high,0.9949
57775982,0,0.3405,7,0.5143085219037999,0.0006,124.74,124.74,130.02,0.0,0.18358504580341672,0.3076923076923077,0.8184816341940911,0.0005000500050004999,0.10550781084628086,0.0,high,0.9999
285586000,0,0.8311,9,0.1425939140316534,0.5,207.61,212.88,207.61,0.0,0.7909135924733844,0.46153846153846156,0.22692327645121066,0.49994999499949994,0.17567418822234454,0.0,medium,1.0
54725693,0,0.9264,7,0.1425939140316534,0.5,250.43,250.43,254.19,0.0,0.9088883386976975,0.3076923076923077,0.22692327645121066,0.49994999499949994,0.211930062232759,0.0,medium,0.9988
1138018311,0,0.9492,7,0.1425939140316534,0.5,253.13,253.13,258.58,0.0,0.9371131468185195,0.3076923076923077,0.22692327645121066,0.49994999499949994,0.2142161635832522,0.0,medium,0.9969
38263092,0,1.0,8,0.1425939140316534,0.5,263.85,263.85,269.67,0.0,1.0,0.38461538461538464,0.22692327645121066,0.49994999499949994,0.22329283264891414,0.0,medium,0.9959
"[380098729, 1138018282, 1138018281]",0,0.9501,7,0.019163274091163144,0.5,197.35,202.19,197.35,0.0,0.9382272839811834,0.3076923076923077,0.03049186075752439,0.49994999499949994,0.16698700309047035,0.0,low,0.9962
1138018312,0,1.0,7,0.1425939140316534,0.5,287.85,287.85,293.78,0.0,1.0,0.3076923076923077,0.22692327645121066,0.49994999499949994,0.24361373354218707,0.0,medium,0.9952
1138018313,0,1.0,8,0.1425939140316534,0.5,291.17,291.17,296.64,0.0,1.0,0.38461538461538464,0.22692327645121066,0.49994999499949994,0.24642479149908983,0.0,medium,0.9992
380098728,0,1.0,8,0.1425939140316534,0.5,291.06,296.84,291.06,0.0,1.0,0.38461538461538464,0.22692327645121066,0.49994999499949994,0.2463316540366623,0.0,medium,0.9992
1138018310,0,1.0,7,0.1425939140316534,0.5,296.19,302.1,296.19,0.0,1.0,0.3076923076923077,0.22692327645121066,0.49994999499949994,0.2506752466025994,0.0,medium,0.9971
1138018306,0,1.0,8,0.1425939140316534,0.5,279.66,279.66,284.92,0.0,1.0,0.38461538461538464,0.22692327645121066,0.49994999499949994,0.23667922611235767,0.0,medium,0.9984
1138018307,0,1.0,7,0.1425939140316534,0.5,277.61,283.35,277.61,0.0,1.0,0.3076923076923077,0.22692327645121066,0.49994999499949994,0.23494348249439062,0.0,medium,0.9911
1138018309,0,0.8393,6,0.1425939140316534,0.5,270.72,276.41,270.72,0.0,0.8010646199554345,0.23076923076923078,0.22692327645121066,0.49994999499949994,0.22910969052961352,0.0,medium,1.0
"[311743580, 453809110, 119297895]",0,1.0,5,0.016973948263460107,0.5,285.88,287.24,285.88,0.0,1.0,0.15384615384615385,0.02700769854336265,0.49994999499949994,0.2419457262605309,0.0,low,0.9977
39970801,0,1.0,8,0.05356033087706648,0.5,281.12,291.39,281.12,0.0,1.0,0.38461538461538464,0.08523242244794993,0.49994999499949994,0.23791541425003176,0.0,medium,0.6871
283063604,0,0.9379,8,0.03708876961110548,0.5,362.32,373.65,362.32,0.0,0.9231245357761821,0.38461538461538464,0.05901906003066071,0.49994999499949994,0.3066677956056052,0.0,medium,0.9995
39970800,0,0.7476,7,0.12059550661450709,0.5,223.18,228.14,223.18,0.0,0.6875464223817777,0.3076923076923077,0.19191431664965805,0.49994999499949994,0.18885737267685535,0.0,medium,1.0
39970801,0,1.0,8,0.05356033087706648,0.5,281.12,291.39,281.12,0.0,1.0,0.38461538461538464,0.08523242244794993,0.49994999499949994,0.23791541425003176,0.0,medium,0.6871
"[379733032, 1137958426]",0,0.7379,7,0.05271847785686245,0.4188,149.81,160.32,149.81,0.0,0.6755384996286209,0.3076923076923077,0.0838926709839341,0.41874187418741876,0.12673468523771222,0.0,medium,0.9458
39970806,0,1.0,8,0.016973948263460107,0.5,52.5,52.5,52.68,0.0,1.0,0.38461538461538464,0.02700769854336265,0.49994999499949994,0.04434189915752932,0.0,low,1.0
1137958425,0,0.9357,11,0.016973948263460107,0.5,55.79,55.79,57.14,0.0,0.920401089378559,0.6153846153846154,0.02700769854336265,0.49994999499949994,0.04712755598831548,0.0,low,0.9992
"[1137958424, 1137958420]",0,0.8592,11,0.020099402229253854,0.5,93.56,93.56,94.19,0.0,0.8256994305521168,0.6153846153846154,0.03198164461933139,0.49994999499949994,0.07910757376910377,0.0,low,0.6877
765839126,0,1.0,7,0.07461232047776767,0.5,102.14,102.43,102.14,0.0,1.0,0.3076923076923077,0.11873522306883498,0.49994999499949994,0.08637229583844884,0.0,low,1.0
1372216566,0,1.0,7,0.07461232047776767,0.5,87.31,87.31,87.39,0.0,1.0,0.3076923076923077,0.11873522306883498,0.49994999499949994,0.07381567249481394,0.0,low,1.0
1494548760,0,1.0,7,0.14201734237001812,0.0136,244.65,248.38,244.65,0.0,1.0,0.3076923076923077,0.22600570211311694,0.013501350135013501,0.20703611193429577,0.0,low,0.9979
1494548768,0,1.0,6,0.14201734237001812,0.0136,250.87,254.7,250.87,0.0,1.0,0.23076923076923078,0.22600570211311694,0.013501350135013501,0.212302612082469,0.0,low,0.9994
"[55441116, 55441140]",0,0.7675,9,0.1190337256197802,0.0091,169.19,172.04,169.19,0.0,0.7121812329784599,0.46153846153846156,0.18942884908710142,0.009000900090009001,0.14314381270903012,0.0,medium,0.9293
1494548759,0,1.0,7,0.14201734237001812,0.0136,241.2,245.02,241.2,0.0,1.0,0.3076923076923077,0.22600570211311694,0.013501350135013501,0.20411498243088777,0.0,low,0.9983
239210557,0,0.6197,11,0.11272528369202867,0.6812,56.91,56.91,57.32,0.0,0.5292151522654123,0.6153846153846154,0.1793893955179788,0.6811681168116812,0.04807586469666822,0.0,medium,1.0
239210565,0,0.8662,11,0.0019017987433035419,0.7669,77.44,101.6,77.44,0.0,0.8343649418172815,0.6153846153846154,0.0030214041417563195,0.7668766876687669,0.06545870200245545,0.0,medium,0.8279
890744305,0,0.9832,11,0.1523908655581986,0.2605,114.87,114.87,115.28,0.0,0.9792027729636048,0.6153846153846154,0.2425144542881685,0.26042604260426044,0.09715084035392237,0.0,low,0.8221
44717100,0,0.7676,8,0.1966072931168691,0.0053,4.06,4.06,12.4,0.0,0.7123050259965337,0.38461538461538464,0.31288187251150845,0.005200520052005201,0.003327547521273443,0.0,low,0.9822
44717134,0,0.757,10,0.1899263415478281,0.0053,38.89,42.02,38.89,0.0,0.6991829660807131,0.5384615384615384,0.3022495953433726,0.005200520052005201,0.03281825494263579,0.0,medium,0.7992
264291312,0,0.8273,7,0.1425643371929605,0.171,172.8,210.06,172.8,0.0,0.7862094577865809,0.3076923076923077,0.22687620693671254,0.17091709170917094,0.14620041488505992,0.0,medium,0.7429
96590842,0,0.8874,8,0.1425643371929605,0.171,205.13,229.61,205.13,0.0,0.8606090616489229,0.38461538461538464,0.22687620693671254,0.17091709170917094,0.17357436179670632,0.0,medium,0.8325
44717134,0,0.6664,10,0.38396976749800504,0.0043,73.3,116.09,73.3,0.0,0.5870264917058677,0.5384615384615384,0.6110564271302227,0.0042004200420042,0.06195334659836586,0.0,medium,0.9999
338936694,0,0.7031,7,0.18096054595291072,0.0937,17.21,201.12,17.21,0.0,0.6324585293389452,0.3076923076923077,0.28798114528608576,0.09360936093609361,0.01446170780237924,0.0,low,0.7324
343177219,0,0.9826,8,0.0003671810787835909,1.0,16.75,16.75,17.36,0.0,0.9784600148551622,0.38461538461538464,0.0005791651601263977,1.0,0.01407222386859151,0.0,low,0.9998
890744299,0,1.0,9,0.0003671810787835909,1.0,18.66,18.66,23.72,0.0,1.0,0.46153846153846156,0.0005791651601263977,1.0,0.01568942889801448,0.0,low,0.9995
623806213,0,0.9058,7,0.1425939140316534,1.0,123.76,128.29,123.76,0.0,0.8833869769744986,0.3076923076923077,0.22692327645121066,1.0,0.10467804072647222,0.0,medium,0.9999
48785152,0,0.8938,6,0.009912597338952427,0.5,268.93,274.96,268.93,0.0,0.868531814805645,0.23076923076923078,0.015770041836083857,0.49994999499949994,0.22759409000465688,0.0,low,0.6591
623806213,0,0.8343,6,0.009912597338952427,0.5,236.69,242.51,236.69,0.0,0.7948749690517455,0.23076923076923078,0.015770041836083857,0.49994999499949994,0.20029634647136024,0.0,medium,0.593
1475071930,0,1.0,11,0.13615742984385235,0.6578,170.67,170.67,171.23,0.0,1.0,0.6153846153846154,0.21668005238861682,0.6577657765776578,0.14439693493078193,0.0,medium,0.9992
1475071930,0,1.0,11,0.12925695503099105,0.8349,160.03,160.03,160.61,0.0,1.0,0.6153846153846154,0.20569841900242936,0.8348834883488349,0.13538800220143093,0.0,medium,0.9999
70971095,0,0.6962,12,0.09030651280540991,0.7153,174.13,174.13,177.94,0.0,0.6239168110918545,0.6923076923076923,0.14371145602504493,0.7152715271527154,0.1473265314762288,0.0,medium,0.9998
700944780,0,0.6879,10,0.1393292958278804,1.0,78.19,78.19,78.46,0.0,0.6136419905917305,0.5384615384615384,0.22172786001509975,1.0,0.06609373015537022,0.0,medium,0.9992
700944781,0,0.6541,10,0.1337128941717313,1.0,100.27,100.5,100.27,0.0,0.5717999504827928,0.5384615384615384,0.21278974117399485,1.0,0.08478895897718132,0.0,medium,0.9943
700944782,0,1.0,11,0.10819196225208545,0.8168,239.84,239.84,239.87,0.0,1.0,0.6153846153846154,0.17217492471338833,0.8167816781678168,0.20296346471360233,0.0,medium,1.0
700944783,0,1.0,11,0.13170487973486616,0.6352,229.1,229.1,229.15,0.0,1.0,0.6153846153846154,0.20959412362913768,0.6351635163516351,0.19386986156386268,0.0,medium,1.0
872692667,0,0.6116,12,0.11345305611447698,0.7684,241.21,241.21,243.23,0.0,0.519187917801436,0.6923076923076923,0.1805475955185076,0.7683768376837683,0.20412344947292665,0.0,medium,0.5408
29550040,0,0.3727,8,0.4650856706735125,0.2514,121.98,121.98,131.65,0.0,0.22344639762317403,0.38461538461538464,0.7401468353442532,0.25132513251325134,0.10317090724355447,0.0,high,1.0
49060172,0,0.8122,10,0.1055725764653603,0.5,92.89,92.89,102.47,0.0,0.76751671205744,0.5384615384615384,0.1680063515083688,0.49994999499949994,0.0785402819524999,0.0,medium,0.9956
49060172,0,0.8577,10,0.10219591249208732,0.2385,72.92,85.88,72.92,0.0,0.8238425352810101,0.5384615384615384,0.16263262189867328,0.23842384238423842,0.06163159900088905,0.0,low,0.9534
49061644,0,0.6614,12,0.17827842020275841,0.2385,105.73,118.11,105.73,0.0,0.5808368408021787,0.6923076923076923,0.2837127257232858,0.23842384238423842,0.08941196393040092,0.0,medium,1.0
49060172,0,0.8122,10,0.1055725764653603,0.5,92.89,92.89,102.47,0.0,0.76751671205744,0.5384615384615384,0.1680063515083688,0.49994999499949994,0.0785402819524999,0.0,medium,0.9956
29550040,0,0.2258,7,0.6113013952928102,0.1527,193.87,193.87,203.7,0.0,0.041594454072790284,0.3076923076923077,0.9728391538600958,0.15261526152615262,0.16404047246094577,0.0,high,1.0
49061644,0,0.4611,10,0.47817743995120415,0.2583,141.96,141.96,151.83,0.0,0.3328794256003962,0.5384615384615384,0.7609814901300661,0.25822582258225824,0.1200880572372042,0.0,high,1.0
49061644,0,0.6614,12,0.17827842020275841,0.2385,105.73,118.11,105.73,0.0,0.5808368408021787,0.6923076923076923,0.2837127257232858,0.23842384238423842,0.08941196393040092,0.0,medium,1.0
49061644,0,0.7512,12,0.1383135685115511,0.3082,138.23,150.2,138.23,0.0,0.6920029710324337,0.6923076923076923,0.220111399509009,0.30813081308130813,0.11692985055670801,0.0,medium,1.0
236406393,0,0.5219,12,0.44212137109908334,0.0567,166.07,178.46,166.07,0.0,0.40814558058925476,0.6923076923076923,0.7036007242814419,0.0566056605660566,0.14050209559290464,0.0,high,0.9979
49749316,0,0.9077,10,0.031179900411489922,0.5,171.64,174.25,171.64,0.0,0.8857390443179004,0.5384615384615384,0.04961549911103081,0.49994999499949994,0.14521823800855171,0.0,medium,0.6426
"[1137958424, 1137958420]",0,0.8592,11,0.020099402229253854,0.5,93.56,93.56,94.19,0.0,0.8256994305521168,0.6153846153846154,0.03198164461933139,0.49994999499949994,0.07910757376910377,0.0,low,0.6877
"[285531482, 1137958437]",0,0.8873,10,0.003389952167022338,0.5,54.27,54.29,54.27,0.0,0.8604852686308492,0.5384615384615384,0.005389698464231079,0.49994999499949994,0.0458405655984082,0.0,low,0.9993
59298981,0,1.0,8,0.00794280231277908,0.5,320.16,329.01,320.16,0.0,1.0,0.38461538461538464,0.012635247867550896,0.49994999499949994,0.27097074636975577,0.0,medium,0.5475
59298978,0,1.0,7,0.00794280231277908,0.5,236.05,242.83,236.05,0.0,1.0,0.3076923076923077,0.012635247867550896,0.49994999499949994,0.19975445578087297,0.0,low,0.9984
59298981,0,1.0,8,0.00794280231277908,0.5,320.16,329.01,320.16,0.0,1.0,0.38461538461538464,0.012635247867550896,0.49994999499949994,0.27097074636975577,0.0,medium,0.5475
55137648,0,1.0,7,0.00794280231277908,0.5,411.63,420.81,411.63,0.0,1.0,0.3076923076923077,0.012635247867550896,0.49994999499949994,0.3484187798992422,0.0,medium,0.9833
55137634,0,1.0,7,0.00794280231277908,0.5,394.1,403.3,394.1,0.0,1.0,0.3076923076923077,0.012635247867550896,0.49994999499949994,0.33357605520511413,0.0,medium,0.9537
55137648,0,1.0,6,0.00794280231277908,0.5,414.49,423.69,414.49,0.0,1.0,0.23076923076923078,0.012635247867550896,0.49994999499949994,0.35084035392235724,0.0,medium,0.9339
27880553,0,0.9999,6,0.011421204944092014,0.5,231.99,249.17,231.99,0.0,0.9998762069819263,0.23076923076923078,0.018170887588376032,0.49994999499949994,0.1963168367130943,0.0,low,0.9997
48785152,0,1.0,7,0.011421204944092014,0.5,249.13,263.32,249.13,0.0,1.0,0.3076923076923077,0.018170887588376032,0.49994999499949994,0.2108293467677067,0.0,low,0.9957
48785152,0,1.0,7,0.013976408928083245,0.5,231.87,248.9,231.87,0.0,1.0,0.3076923076923077,0.022237319847039982,0.49994999499949994,0.19621523220862794,0.0,low,0.9982
54676628,0,0.9371,8,0.011421204944092014,0.8633,106.63,123.06,106.63,0.0,0.922134191631592,0.38461538461538464,0.018170887588376032,0.8632863286328633,0.09017399771389865,0.0,low,0.9345
48785152,0,1.0,6,0.013976408928083245,0.5,269.65,285.18,269.65,0.0,1.0,0.23076923076923078,0.022237319847039982,0.49994999499949994,0.22820371703145506,0.0,low,0.9965
457010418,0,0.9989,6,0.013976408928083245,1.0,219.99,234.86,219.99,0.0,0.9986382768011884,0.23076923076923078,0.022237319847039982,1.0,0.18615638626645784,0.0,medium,0.6235
54725706,0,0.9413,10,0.01777034493053461,0.5,218.97,222.62,218.97,0.0,0.9273334983906908,0.5384615384615384,0.02827510933247143,0.49994999499949994,0.1852927479784937,0.0,medium,0.708
1138018269,0,0.8926,12,0.01332562819135776,0.5,151.14,151.16,151.14,0.0,0.8670462985887595,0.6923076923076923,0.021201646844916686,0.49994999499949994,0.12786080182888107,0.0,medium,0.897
"[31192925, 1138018285, 1138018286]",0,0.8938,12,0.01867932065117837,0.5,38.46,38.46,38.91,0.0,0.868531814805645,0.6923076923076923,0.029721681980262347,0.49994999499949994,0.03245417213496465,0.0,low,0.9868
1138018282,0,1.0,7,0.15738092745090482,1.0,190.91,199.49,190.91,0.0,1.0,0.3076923076923077,0.2504557962633538,1.0,0.1615342280174421,0.0,medium,0.9999
786036905,0,1.0,8,0.0891911835885045,0.8495,117.85,123.56,117.85,0.0,1.0,0.38461538461538464,0.14193648591108546,0.8494849484948496,0.09967401888150375,0.0,low,0.5903
786036905,0,0.7253,11,0.0891911835885045,0.8495,100.09,103.02,100.09,0.0,0.6599405793513246,0.6153846153846154,0.14193648591108546,0.8494849484948496,0.08463655222048179,0.0,medium,1.0
364849898,0,1.0,8,0.22537095295181633,0.5,316.42,319.44,316.42,0.0,1.0,0.38461538461538464,0.3586572685123264,0.49994999499949994,0.2678040726472207,0.0,medium,1.0
"[380099001, 1138018283]",0,0.9852,8,0.16890209607771425,0.5,335.73,341.62,335.73,0.0,0.9816786333250804,0.38461538461538464,0.26879094760746886,0.49994999499949994,0.2841539308242666,0.0,medium,1.0
1138018282,0,1.0,8,0.22537095295181633,0.5,301.79,307.5,301.79,0.0,1.0,0.38461538461538464,0.3586572685123264,0.49994999499949994,0.2554167901443631,0.0,medium,1.0
364849898,0,1.0,7,0.22537095295181633,0.5,313.24,315.67,313.24,0.0,1.0,0.3076923076923077,0.3586572685123264,0.49994999499949994,0.26511155327886204,0.0,medium,1.0
"[700944787, 54725695]",0,1.0,8,0.10819196225208545,0.8168,269.37,273.41,269.37,0.0,1.0,0.38461538461538464,0.17217492471338833,0.8167816781678168,0.22796663985436688,0.0,medium,0.9999
364849898,0,1.0,6,0.22537095295181633,0.5,286.86,292.14,286.86,0.0,1.0,0.23076923076923078,0.3586572685123264,0.49994999499949994,0.24277549638033954,0.0,medium,0.9999
380099223,0,1.0,8,0.22537095295181633,0.5,312.3,318.29,312.3,0.0,1.0,0.38461538461538464,0.3586572685123264,0.49994999499949994,0.26431565132720886,0.0,medium,1.0
54725707,0,1.0,8,0.22537095295181633,0.5,306.32,312.9,306.32,0.0,1.0,0.38461538461538464,0.3586572685123264,0.49994999499949994,0.2592523601879683,0.0,medium,1.0
54725707,0,1.0,8,0.22537095295181633,0.5,338.86,344.87,338.86,0.0,1.0,0.38461538461538464,0.3586572685123264,0.49994999499949994,0.2868041149824309,0.0,medium,1.0
135984643,0,1.0,8,0.22537095295181633,0.5,377.28,384.67,377.28,0.0,1.0,0.38461538461538464,0.3586572685123264,0.49994999499949994,0.3193344904957453,0.0,medium,1.0
364849898,0,1.0,7,0.22537095295181633,0.5,271.51,277.46,271.51,0.0,1.0,0.3076923076923077,0.3586572685123264,0.49994999499949994,0.22977858685068372,0.0,medium,0.9999
54725707,0,1.0,8,0.22537095295181633,0.5,279.61,286.01,279.61,0.0,1.0,0.38461538461538464,0.3586572685123264,0.49994999499949994,0.23663689090216336,0.0,medium,1.0
380099002,0,1.0,8,0.23639042367072027,0.5,196.29,204.79,196.29,0.0,1.0,0.38461538461538464,0.3761940019729406,0.49994999499949994,0.1660894966343508,0.0,medium,0.9994
700944779,0,1.0,11,0.1393292958278804,1.0,91.33,91.33,91.52,0.0,1.0,0.6153846153846154,0.22172786001509975,1.0,0.07721942339443716,0.0,medium,0.9999
786036905,0,0.7253,11,0.0891911835885045,0.8495,100.09,103.02,100.09,0.0,0.6599405793513246,0.6153846153846154,0.14193648591108546,0.8494849484948496,0.08463655222048179,0.0,medium,1.0
1138018269,0,0.8926,12,0.013325628191357759,0.5,151.14,151.16,151.14,0.0,0.8670462985887595,0.6923076923076923,0.021201646844916686,0.49994999499949994,0.12786080182888107,0.0,medium,0.897
700944779,0,1.0,11,0.1393292958278804,1.0,91.33,91.33,91.52,0.0,1.0,0.6153846153846154,0.22172786001509975,1.0,0.07721942339443716,0.0,medium,0.9999
700944780,0,0.6879,10,0.1393292958278804,1.0,78.19,78.19,78.46,0.0,0.6136419905917305,0.5384615384615384,0.22172786001509975,1.0,0.06609373015537022,0.0,medium,0.9992
54725699,0,0.9665,9,0.0021422949463904585,1.0,52.6,60.3,52.6,0.0,0.9585293389452835,0.46153846153846156,0.003404137389061006,1.0,0.044426569577917956,0.0,low,0.9798
70971061,0,0.9675,8,0.002403038345481315,1.0,45.08,53.46,45.08,0.0,0.9597672691260213,0.38461538461538464,0.00381909266305857,1.0,0.038059353964692434,0.0,low,0.9974
70971061,0,1.0,6,0.06011893075558769,0.9818,190.08,195.67,190.08,0.0,1.0,0.23076923076923078,0.09566998527455034,0.9817981798179818,0.16083146352821645,0.0,medium,0.7852
54725710,0,1.0,7,0.015389719135713222,0.9732,170.99,177.35,170.99,0.0,1.0,0.3076923076923077,0.024486506313487394,0.9731973197319731,0.1446678802760256,0.0,low,0.7833
70971061,0,1.0,6,0.1337128941717313,1.0,134.95,142.43,134.95,0.0,1.0,0.23076923076923078,0.21278974117399485,1.0,0.11415266076796071,0.0,medium,0.9552
54725699,0,0.8486,9,0.015389719135713222,0.9732,259.84,264.52,259.84,0.0,0.8125773706362961,0.46153846153846156,0.024486506313487394,0.9731973197319731,0.21989754879132975,0.0,medium,1.0
54725709,0,1.0,7,0.015389719135713222,0.9732,215.42,220.67,215.42,0.0,1.0,0.3076923076923077,0.024486506313487394,0.9731973197319731,0.18228694805469708,0.0,medium,0.7992
54725699,0,1.0,8,0.015389719135713222,0.9732,195.43,201.35,195.43,0.0,1.0,0.38461538461538464,0.024486506313487394,0.9731973197319731,0.16536133101900852,0.0,medium,0.8561
54725710,0,0.7317,7,0.1394195129091904,0.626,269.46,278.02,269.46,0.0,0.6678633325080465,0.3076923076923077,0.22187143432541706,0.6259625962596259,0.22804284323271665,0.0,medium,1.0
360398406,0,1.0,7,0.002403038345481315,1.0,112.62,121.52,112.62,0.0,1.0,0.3076923076923077,0.00381909266305857,1.0,0.09524575589517803,0.0,low,0.9942
54725699,0,1.0,8,0.1337128941717313,1.0,141.79,149.51,141.79,0.0,1.0,0.38461538461538464,0.21278974117399485,1.0,0.1199441175225435,0.0,medium,0.9987
54725712,0,1.0,6,0.05304066758769324,0.5,374.03,383.54,374.03,0.0,1.0,0.23076923076923078,0.08440541388941991,0.49994999499949994,0.3165827018331146,0.0,medium,0.9579
54725712,0,1.0,6,0.05304066758769324,0.5,374.03,383.54,374.03,0.0,1.0,0.23076923076923078,0.08440541388941991,0.49994999499949994,0.3165827018331146,0.0,medium,0.9579
360398406,0,0.9254,8,0.1394195129091904,0.5,237.21,246.65,237.21,0.0,0.9076504085169597,0.38461538461538464,0.22187143432541706,0.49994999499949994,0.20073663265738118,0.0,medium,0.9994
54725708,0,0.9971,6,0.030384711868354695,0.5,523.24,532.48,523.24,0.0,0.9964100024758603,0.23076923076923078,0.048350010968485645,0.49994999499949994,0.44291943609500023,0.0,medium,1.0
143256522,0,1.0,8,0.030384711868354695,0.5,525.51,534.86,525.51,0.0,1.0,0.38461538461538464,0.048350010968485645,0.49994999499949994,0.44484145463782226,0.0,medium,1.0
54725709,0,0.9407,6,0.0367429107944515,0.5,466.51,475.49,466.51,0.0,0.9265907402822481,0.23076923076923078,0.058468649395033774,0.49994999499949994,0.39488590660852635,0.0,medium,1.0
1146744665,0,0.757,7,0.02418388042488984,0.5,440.78,441.5,440.78,0.0,0.6991829660807131,0.3076923076923077,0.038481812120088034,0.49994999499949994,0.37310020744253,0.0,medium,1.0
143256175,0,0.7103,7,0.09066002978959974,0.5,410.24,413.21,410.24,0.0,0.6413716266402575,0.3076923076923077,0.14427405411016908,0.49994999499949994,0.34724186105584015,0.0,medium,0.9999
54725709,0,0.7135,7,0.15472311921560014,0.6939,299.26,307.11,299.26,0.0,0.6453330032186185,0.3076923076923077,0.24622607636110794,0.6938693869386938,0.25327462850853055,0.0,medium,0.9996
54725710,0,0.8469,6,0.030384711868354695,0.5,448.74,458.0,448.74,0.0,0.8104728893290418,0.23076923076923078,0.048350010968485645,0.49994999499949994,0.3798399729054655,0.0,medium,1.0
54725711,0,0.8181,7,0.05304066758769324,0.5,369.08,378.46,369.08,0.0,0.7748205001237931,0.3076923076923077,0.08440541388941991,0.49994999499949994,0.31239151602387705,0.0,medium,1.0
54725718,0,1.0,7,0.21478096676748176,0.5,180.76,180.76,186.36,0.0,1.0,0.3076923076923077,0.34180403029393625,0.49994999499949994,0.15294018034799542,0.0,medium,0.972
70971061,0,0.7635,9,0.0986832948027358,0.5,216.96,216.96,221.42,0.0,0.7072295122555087,0.46153846153846156,0.15704253125470782,0.49994999499949994,0.18359087252868211,0.0,medium,1.0
54725699,0,0.6933,8,0.0836883938926202,0.5,153.62,153.62,156.0,0.0,0.6203268135677148,0.38461538461538464,0.13317917272897503,0.49994999499949994,0.1299606282545193,0.0,medium,1.0
54725718,0,0.7627,7,0.11972677279862308,0.5,279.0,280.67,279.0,0.0,0.7062391681109186,0.3076923076923077,0.19053178623907807,0.49994999499949994,0.23612040133779266,0.0,medium,1.0
872692667,0,1.0,11,0.008761338671785768,0.5,260.75,260.75,264.6,0.0,1.0,0.6153846153846154,0.013937892461097194,0.49994999499949994,0.22066804961686637,0.0,medium,0.8152
54725696,0,0.7271,9,0.1033039055647566,0.5748,338.42,338.42,341.57,0.0,0.6621688536766526,0.46153846153846156,0.16439591704117726,0.5747574757475747,0.2864315651327209,0.0,medium,0.9998
54725699,0,0.8275,9,0.008761338671785768,0.5,221.86,221.86,226.59,0.0,0.7864570438227284,0.46153846153846156,0.013937892461097194,0.49994999499949994,0.18773972312772536,0.0,medium,0.9896
70971061,0,0.7776,9,0.06011893075558769,0.9818,256.08,260.47,256.08,0.0,0.7246843278039118,0.46153846153846156,0.09566998527455034,0.9817981798179818,0.216713940984717,0.0,medium,0.9999
872692667,0,1.0,11,0.008761338671785768,0.5,260.75,260.75,264.6,0.0,1.0,0.6153846153846154,0.013937892461097194,0.49994999499949994,0.22066804961686637,0.0,medium,0.8152
872692667,0,0.6116,12,0.11345305611447698,0.7684,241.21,241.21,243.23,0.0,0.519187917801436,0.6923076923076923,0.1805475955185076,0.7683768376837683,0.20412344947292665,0.0,medium,0.5408
700944776,0,1.0,11,0.10819196225208545,0.8168,241.17,243.59,241.17,0.0,1.0,0.6153846153846154,0.17217492471338833,0.8167816781678168,0.20408958130477117,0.0,medium,1.0
700944786,0,0.6748,10,0.10819196225208545,0.8168,245.49,246.67,245.49,0.0,0.5974251052240653,0.5384615384615384,0.17217492471338833,0.8167816781678168,0.2077473434655603,0.0,medium,0.9913
54725701,0,0.7056,10,0.15738092745090482,1.0,108.19,110.58,108.19,0.0,0.6355533547907898,0.5384615384615384,0.2504557962633538,1.0,0.0914948562719614,0.0,medium,0.9973
700944776,0,1.0,11,0.10819196225208545,0.8168,241.17,243.59,241.17,0.0,1.0,0.6153846153846154,0.17217492471338833,0.8167816781678168,0.20408958130477117,0.0,medium,1.0
700944785,0,0.6369,12,0.22537095295181633,0.5,183.16,186.3,183.16,0.0,0.5505075513741025,0.6923076923076923,0.3586572685123264,0.49994999499949994,0.15497227043732273,0.0,medium,0.8854
700944784,0,1.0,9,0.22537095295181633,0.5,251.97,256.22,251.97,0.0,1.0,0.46153846153846156,0.3586572685123264,0.49994999499949994,0.213233986706744,0.0,medium,1.0
700944782,0,1.0,11,0.10819196225208545,0.8168,239.84,239.84,239.87,0.0,1.0,0.6153846153846154,0.17217492471338833,0.8167816781678168,0.20296346471360233,0.0,medium,1.0
700944781,0,0.6541,10,0.13371289417173135,1.0,100.27,100.5,100.27,0.0,0.5717999504827928,0.5384615384615384,0.21278974117399493,1.0,0.08478895897718132,0.0,medium,0.9943
54725697,0,0.647,11,0.13170487973486616,0.6352,224.88,226.16,224.88,0.0,0.5630106461995543,0.6153846153846154,0.20959412362913768,0.6351635163516351,0.1902967698234622,0.0,medium,0.991
678337435,0,0.4919,11,0.13313926373863008,0.5,173.63,173.63,173.73,0.0,0.3710076751671206,0.6153846153846154,0.21187684759981115,0.49994999499949994,0.1469031793742856,0.0,medium,0.8719
700944783,0,1.0,11,0.13170487973486616,0.6352,229.1,229.1,229.15,0.0,1.0,0.6153846153846154,0.20959412362913768,0.6351635163516351,0.19386986156386268,0.0,medium,1.0
54725720,0,0.4519,12,0.31644900099030887,0.5,126.1,128.26,126.1,0.0,0.3214904679376084,0.6923076923076923,0.5036017484521879,0.49994999499949994,0.10665932856356632,0.0,high,0.9998
678337435,0,0.4919,11,0.13313926373863008,0.5,173.63,173.63,173.73,0.0,0.3710076751671206,0.6153846153846154,0.21187684759981115,0.49994999499949994,0.1469031793742856,0.0,medium,0.8719
356783747,0,0.4553,14,0.1374354974385924,0.5,40.37,40.37,41.22,0.0,0.32569943055211686,0.8461538461538461,0.21871400949285003,0.49994999499949994,0.03407137716438762,0.0,medium,0.8002
54725715,0,0.5917,7,0.15667522921405097,0.5,251.09,262.01,251.09,0.0,0.49455310720475365,0.3076923076923077,0.24933272581840937,0.49994999499949994,0.21248888700732402,0.0,medium,0.9992
356783745,0,1.0,6,0.08436063880222831,0.5,149.1,157.99,149.1,0.0,1.0,0.23076923076923078,0.13424900449320198,0.49994999499949994,0.12613352525295288,0.0,low,0.9998
70971061,0,0.6044,6,0.21478096676748176,0.5,146.95,146.95,150.18,0.0,0.5102748205001238,0.23076923076923078,0.34180403029393625,0.49994999499949994,0.12431311121459718,0.0,medium,1.0
54725699,0,0.7317,9,0.05337802768035432,0.5,107.72,117.73,107.72,0.0,0.6678633325080465,0.46153846153846156,0.08494229938747712,0.49994999499949994,0.0910969052961348,0.0,medium,0.9953
54725714,0,1.0,7,0.0836883938926202,0.5,124.56,126.67,124.56,0.0,1.0,0.3076923076923077,0.13317917272897503,0.49994999499949994,0.10535540408958131,0.0,low,0.9997
54725720,0,0.4519,12,0.31644900099030887,0.5,126.1,128.26,126.1,0.0,0.3214904679376084,0.6923076923076923,0.5036017484521879,0.49994999499949994,0.10665932856356632,0.0,high,0.9998
700944785,0,0.6241,12,0.23639042367072027,0.5,70.02,77.6,70.02,0.0,0.5346620450606585,0.6923076923076923,0.3761940019729406,0.49994999499949994,0.05917615680961856,0.0,medium,0.9944
700944785,0,0.6369,12,0.22537095295181633,0.5,183.16,186.3,183.16,0.0,0.5505075513741025,0.6923076923076923,0.3586572685123264,0.49994999499949994,0.15497227043732273,0.0,medium,0.8854
356783746,0,0.4996,14,0.2646086427652386,0.5,42.91,42.91,49.99,0.0,0.3805397375588017,0.8461538461538461,0.4211013663661194,0.49994999499949994,0.036222005842259,0.0,high,0.9563
700944785,0,0.6241,12,0.23639042367072027,0.5,70.02,77.6,70.02,0.0,0.5346620450606585,0.6923076923076923,0.3761940019729406,0.49994999499949994,0.05917615680961856,0.0,medium,0.9944
700944785,0,0.6899,9,0.18782371843048662,0.5,93.88,93.88,100.89,0.0,0.6161178509532061,0.46153846153846156,0.2989034145586923,0.49994999499949994,0.0793785191143474,0.0,medium,1.0
356783746,0,0.4996,14,0.2646086427652386,0.5,42.91,42.91,49.99,0.0,0.3805397375588017,0.8461538461538461,0.4211013663661194,0.49994999499949994,0.036222005842259,0.0,high,0.9563
1372216572,0,1.0,13,0.2646086427652386,0.5,27.57,27.94,27.57,0.0,1.0,0.7692307692307693,0.4211013663661194,0.49994999499949994,0.023233563354642058,0.0,medium,0.9992
"[48785155, 297825840, 236186035]",0,0.8163,16,0.06231404903808074,0.5,165.97,165.97,166.45,0.0,0.772592225798465,1.0,0.0991633657840664,0.49994999499949994,0.14041742517251599,0.0,medium,1.0
356783747,0,0.4553,14,0.1374354974385924,0.5,40.37,40.37,41.22,0.0,0.32569943055211686,0.8461538461538461,0.21871400949285003,0.49994999499949994,0.03407137716438762,0.0,medium,0.8002
1372216572,0,1.0,13,0.2646086427652386,0.5,27.57,27.94,27.57,0.0,1.0,0.7692307692307693,0.4211013663661194,0.49994999499949994,0.023233563354642058,0.0,medium,0.9992
54725716,0,0.7281,8,0.0384988629450017,0.5,72.82,73.67,72.82,0.0,0.6634067838573904,0.38461538461538464,0.06126312706272833,0.49994999499949994,0.061546928580500405,0.0,medium,0.7088
116717662,0,0.5075,11,0.18001238634387126,0.5,56.46,67.51,56.46,0.0,0.39031938598663024,0.6153846153846154,0.2864722141617151,0.49994999499949994,0.04769484780491935,0.0,medium,0.9906
70971061,0,0.6608,9,0.1190854873616231,0.5,99.56,109.37,99.56,0.0,0.5800940826937361,0.46153846153846156,0.18951122435659587,0.49994999499949994,0.084187798992422,0.0,medium,1.0
116717662,0,1.0,11,0.022664484927940997,0.5,104.57,116.51,104.57,0.0,1.0,0.6153846153846154,0.036063798176320355,0.49994999499949994,0.08842978705389272,0.0,low,0.9991
116717662,0,0.5075,11,0.18001238634387126,0.5,56.46,67.51,56.46,0.0,0.39031938598663024,0.6153846153846154,0.2864722141617151,0.49994999499949994,0.04769484780491935,0.0,medium,0.9906
116717662,0,1.0,11,0.022664484927940997,0.5,104.57,116.51,104.57,0.0,1.0,0.6153846153846154,0.036063798176320355,0.49994999499949994,0.08842978705389272,0.0,low,0.9991
54725722,0,0.6117,8,0.12890000226767287,0.5,230.85,243.1,230.85,0.0,0.5193117108195098,0.38461538461538464,0.20513035310997213,0.49994999499949994,0.1953515939206638,0.0,medium,0.9999
356783745,0,0.8383,8,0.022664484927940997,0.5,120.92,131.75,120.92,0.0,0.7998266897746967,0.38461538461538464,0.036063798176320355,0.49994999499949994,0.10227340078743492,0.0,low,0.9396
54725713,0,0.8458,6,0.03961362829308484,0.5,505.0,513.69,505.0,0.0,0.8091111661302303,0.23076923076923078,0.06303719981804914,0.49994999499949994,0.4274755514161128,0.0,medium,1.0
143261188,0,1.0,8,0.03961362829308484,0.5,528.21,535.46,528.21,0.0,1.0,0.38461538461538464,0.06303719981804914,0.49994999499949994,0.44712755598831555,0.0,medium,1.0
54725714,0,0.722,7,0.12469226224280879,0.5,240.99,248.65,240.99,0.0,0.6558554097548898,0.3076923076923077,0.1984340228442169,0.49994999499949994,0.20393717454807164,0.0,medium,1.0
54725718,0,0.8349,6,0.007304044766039779,0.5,452.36,458.63,452.36,0.0,0.7956177271601881,0.23076923076923078,0.011618708949406094,0.49994999499949994,0.38290504212353416,0.0,medium,1.0
54725721,0,1.0,7,0.26493243246722364,0.5,360.91,372.99,360.91,0.0,1.0,0.3076923076923077,0.4216166555161929,0.49994999499949994,0.30547394267812544,0.0,medium,1.0
334671284,0,0.7547,6,0.08177053204594499,0.5,440.26,450.25,440.26,0.0,0.6963357266650161,0.23076923076923078,0.1301270268612314,0.49994999499949994,0.37265992125650904,0.0,medium,1.0
54725721,0,0.7323,6,0.12900342575042828,0.5,354.9,366.57,354.9,0.0,0.6686060906164891,0.23076923076923078,0.20529494450432453,0.49994999499949994,0.3003852504127683,0.0,medium,1.0
54725725,0,0.9379,6,0.02235826597545691,0.5,122.73,122.73,126.44,0.0,0.9231245357761821,0.23076923076923078,0.035576471671510145,0.49994999499949994,0.10380593539646925,0.0,low,1.0
700944785,0,0.6899,9,0.18782371843048662,0.5,93.88,93.88,100.89,0.0,0.6161178509532061,0.46153846153846156,0.2989034145586923,0.49994999499949994,0.0793785191143474,0.0,medium,1.0
54725725,0,0.9198,6,0.08436063880222831,0.5,131.14,136.74,131.14,0.0,0.9007179995048279,0.23076923076923078,0.13424900449320198,0.49994999499949994,0.11092671775115363,0.0,low,0.9956
54725698,0,1.0,7,0.248734241710858,0.5,167.54,175.92,167.54,0.0,1.0,0.3076923076923077,0.3958383435550514,0.49994999499949994,0.14174675077261759,0.0,medium,0.9929
70971061,0,0.8073,9,0.08436063880222831,0.5,115.49,126.01,115.49,0.0,0.7614508541718247,0.46153846153846156,0.13424900449320198,0.49994999499949994,0.0976757969603319,0.0,medium,0.9829
70971069,0,1.0,8,0.248734241710858,0.5,166.97,174.61,166.97,0.0,1.0,0.38461538461538464,0.3958383435550514,0.49994999499949994,0.14126412937640237,0.0,medium,0.9985
54725698,0,0.9829,7,0.248734241710858,0.5,153.91,161.31,153.91,0.0,0.9788313939093835,0.3076923076923077,0.3958383435550514,0.49994999499949994,0.13020617247364633,0.0,medium,0.9932
54725698,0,1.0,6,0.248734241710858,0.5,155.67,163.85,155.67,0.0,1.0,0.23076923076923078,0.3958383435550514,0.49994999499949994,0.13169637187248634,0.0,medium,0.9326
70971061,0,1.0,6,0.08436063880222831,0.5,145.86,154.32,145.86,0.0,1.0,0.23076923076923078,0.13424900449320198,0.49994999499949994,0.12339020363236106,0.0,low,0.9998
54725698,0,0.656,8,0.248734241710858,0.5,201.46,208.62,201.46,0.0,0.5741520178261946,0.38461538461538464,0.3958383435550514,0.49994999499949994,0.17046695736844336,0.0,medium,0.9975
70971069,0,0.5755,9,0.26493243246722364,0.5,346.04,357.43,346.04,0.0,0.47449863827680117,0.46153846153846156,0.4216166555161929,0.49994999499949994,0.2928834511663351,0.0,high,0.993
54725714,0,0.9115,6,0.024939143346763806,0.5,428.77,438.64,428.77,0.0,0.8904431790047042,0.23076923076923078,0.0396837613689632,0.49994999499949994,0.3629312899538546,0.0,medium,0.9999
55137648,0,1.0,6,0.00794280231277908,0.5,462.72,471.92,462.72,0.0,1.0,0.23076923076923078,0.012635247867550896,0.49994999499949994,0.391676897675797,0.0,medium,0.9961
285531471,0,1.0,8,0.00794280231277908,0.5,475.59,484.73,475.59,0.0,1.0,0.38461538461538464,0.012635247867550896,0.49994999499949994,0.40257398077981454,0.0,medium,0.9999
285531476,0,1.0,9,0.00794280231277908,0.5,626.34,635.29,626.34,0.0,1.0,0.46153846153846156,0.012635247867550896,0.49994999499949994,0.5302146395156853,0.0,medium,1.0
55137652,0,0.9994,6,0.00794280231277908,0.5,480.17,489.36,480.17,0.0,0.9992572418915573,0.23076923076923078,0.012635247867550896,0.49994999499949994,0.4064518860336142,0.0,medium,0.9987
55137654,0,1.0,8,0.00794280231277908,0.5,487.18,496.35,487.18,0.0,1.0,0.38461538461538464,0.012635247867550896,0.49994999499949994,0.41238728250285767,0.0,medium,1.0
55137659,0,1.0,7,0.03632445471502362,0.5,706.82,717.16,706.82,0.0,1.0,0.3076923076923077,0.057802705184363895,0.49994999499949994,0.5983573938444605,0.0,medium,1.0
285531476,0,1.0,9,0.00794280231277908,0.5,626.34,635.29,626.34,0.0,1.0,0.46153846153846156,0.012635247867550896,0.49994999499949994,0.5302146395156853,0.0,medium,1.0
"[311743588, 55137625, 55137644]",0,1.0,5,0.00794280231277908,0.5,669.9,679.98,669.9,0.0,1.0,0.15384615384615385,0.012635247867550896,0.49994999499949994,0.5670970746369756,0.0,medium,1.0
55137657,0,1.0,6,0.03632445471502362,0.5,732.76,743.18,732.76,0.0,1.0,0.23076923076923078,0.057802705184363895,0.49994999499949994,0.620320900893273,0.0,medium,1.0
761574723,0,1.0,7,0.03632445471502362,0.5,717.45,727.84,717.45,0.0,1.0,0.3076923076923077,0.057802705184363895,0.49994999499949994,0.6073578595317727,0.0,medium,1.0
55137657,0,1.0,5,0.03632445471502362,0.5,758.64,769.04,758.64,0.0,1.0,0.15384615384615385,0.057802705184363895,0.49994999499949994,0.6422336056898522,0.0,medium,1.0
761574722,0,1.0,6,0.03632445471502362,0.5,747.98,758.34,747.98,0.0,1.0,0.23076923076923078,0.057802705184363895,0.49994999499949994,0.6332077388764236,0.0,medium,1.0
31192842,0,1.0,6,0.03320003306953775,0.5,248.83,249.61,248.83,0.0,1.0,0.23076923076923078,0.052830401975511636,0.49994999499949994,0.2105753355065408,0.0,low,0.9966
55189232,0,1.0,6,0.03320003306953775,0.5,292.39,299.29,292.39,0.0,1.0,0.23076923076923078,0.052830401975511636,0.49994999499949994,0.24745777062783117,0.0,low,0.9549
55189231,0,1.0,6,0.03320003306953775,0.5,431.2,440.58,431.2,0.0,1.0,0.23076923076923078,0.052830401975511636,0.49994999499949994,0.3649887811692985,0.0,medium,0.9949
55189232,0,1.0,6,0.03320003306953775,0.5,340.55,348.31,340.55,0.0,1.0,0.23076923076923078,0.052830401975511636,0.49994999499949994,0.2882350450869989,0.0,low,0.5406
55189232,0,1.0,6,0.03320003306953775,0.5,295.12,299.9,295.12,0.0,1.0,0.23076923076923078,0.052830401975511636,0.49994999499949994,0.24976927310444097,0.0,low,0.9473
55189234,0,1.0,6,0.02481772175368538,0.5,272.83,275.9,272.83,0.0,1.0,0.23076923076923078,0.039490527213848416,0.49994999499949994,0.23089623639981371,0.0,low,0.9916
55189232,0,1.0,7,0.02481772175368538,0.5,311.56,316.39,311.56,0.0,1.0,0.3076923076923077,0.039490527213848416,0.49994999499949994,0.26368909021633297,0.0,low,0.6985
55189238,0,1.0,5,0.03320003306953775,0.5,533.18,543.66,533.18,0.0,1.0,0.15384615384615385,0.052830401975511636,0.49994999499949994,0.4513356758816307,0.0,medium,0.9999
55189238,0,1.0,4,0.03320003306953775,0.5,559.8,570.27,559.8,0.0,1.0,0.07692307692307693,0.052830401975511636,0.49994999499949994,0.47387494178908596,0.0,medium,0.9999
55189230,0,1.0,6,0.03320003306953775,0.5,416.36,425.95,416.36,0.0,1.0,0.23076923076923078,0.052830401975511636,0.49994999499949994,0.3524236907836248,0.0,medium,0.9877
55189238,0,1.0,6,0.03320003306953775,0.5,527.71,537.99,527.71,0.0,1.0,0.23076923076923078,0.052830401975511636,0.49994999499949994,0.44670420388637233,0.0,medium,1.0
55189238,0,1.0,5,0.03320003306953775,0.5,560.25,570.5,560.25,0.0,1.0,0.15384615384615385,0.052830401975511636,0.49994999499949994,0.47425595868083487,0.0,medium,1.0
1000927079,0,0.9133,8,0.07779148840688184,0.0463,174.01,200.03,174.01,0.0,0.8926714533300322,0.38461538461538464,0.1237946512411668,0.0462046204620462,0.14722492697176243,0.0,low,0.9997
64502559,0,0.7193,11,0.2201686964403394,0.0463,102.9,196.99,102.9,0.0,0.6525129982668978,0.6153846153846154,0.3503782333242742,0.0462046204620462,0.0870157910334025,0.0,medium,1.0
1000927079,0,0.9133,8,0.07779148840688184,0.0463,174.01,200.03,174.01,0.0,0.8926714533300322,0.38461538461538464,0.1237946512411668,0.0462046204620462,0.14722492697176243,0.0,low,0.9997
1370977118,0,0.8829,11,0.07955696925345496,0.1511,230.88,323.2,230.88,0.0,0.8550383758356029,0.6153846153846154,0.1266042931764241,0.15101510151015105,0.1953769950467804,0.0,medium,0.9772
890744307,0,0.7064,11,0.16197147889900007,0.0189,50.35,149.63,50.35,0.0,0.6365436989353801,0.6153846153846154,0.2577613447090137,0.018801880188018802,0.04252148511917362,0.0,medium,0.9905
64502559,0,0.7193,11,0.2201686964403394,0.0463,102.9,196.99,102.9,0.0,0.6525129982668978,0.6153846153846154,0.3503782333242742,0.0462046204620462,0.0870157910334025,0.0,medium,1.0
"[338936694, 1268371478]",0,0.6991,9,0.1901829373465328,0.0189,9.89,193.86,9.89,0.0,0.6275068086159941,0.46153846153846156,0.30265794999522333,0.018801880188018802,0.008263833029930993,0.0,medium,0.7672
55441122,0,0.5998,9,0.3352549861171294,0.0043,128.4,252.12,128.4,0.0,0.5045803416687299,0.46153846153846156,0.533530186672688,0.0042004200420042,0.10860674823250499,0.0,medium,0.9998
338936694,0,0.6247,7,0.19807811055592553,0.0043,135.68,197.69,135.68,0.0,0.5354048031691013,0.3076923076923077,0.31522257780089297,0.0042004200420042,0.11477075483679777,0.0,medium,0.9999
64502561,0,0.6454,6,0.36318315357027964,0.0043,102.28,279.2,102.28,0.0,0.5610299579103738,0.23076923076923078,0.5779759537301835,0.0042004200420042,0.08649083442699294,0.0,medium,1.0
338936694,0,0.6623,8,0.19545633752040756,0.0043,92.53,221.32,92.53,0.0,0.5819509779648427,0.38461538461538464,0.3110502054528064,0.0042004200420042,0.07823546843910081,0.0,medium,0.9984
55441122,0,0.6558,10,0.2386250001815145,0.0982,261.47,386.96,261.47,0.0,0.5739044317900471,0.5384615384615384,0.37975017755221974,0.0981098109810981,0.22127767664366457,0.0,medium,0.9997
1370977118,0,0.8829,11,0.07955696925345494,0.1511,230.88,323.2,230.88,0.0,0.8550383758356029,0.6153846153846154,0.12660429317642408,0.15101510151015105,0.1953769950467804,0.0,medium,0.9772
55441124,0,0.4042,7,0.2965614332394214,0.1048,306.43,415.02,306.43,0.0,0.26244119831641494,0.3076923076923077,0.471952045510565,0.10471047104710471,0.25934549765039583,0.0,high,0.9797
64502554,0,0.7445,8,0.18688046354182622,0.0982,306.75,421.56,306.75,0.0,0.6837088388214905,0.38461538461538464,0.29740228896111875,0.0981098109810981,0.25961644299563946,0.0,medium,1.0
55441122,0,0.5844,10,0.358319991610578,0.0982,209.91,363.11,209.91,0.0,0.48551621688536767,0.5384615384615384,0.5702365643131599,0.0981098109810981,0.1776216078912832,0.0,medium,0.7067
55441122,0,0.6558,10,0.23862500018151447,0.0982,261.47,386.96,261.47,0.0,0.5739044317900471,0.5384615384615384,0.3797501775522197,0.0981098109810981,0.22127767664366457,0.0,medium,0.9997
55441118,0,0.4513,9,0.45907579046335706,0.1164,267.17,414.03,267.17,0.0,0.3207477098291657,0.46153846153846156,0.7305825223146889,0.11631163116311631,0.22610389060581687,0.0,high,1.0
55441124,0,0.4318,7,0.2733295319686359,0.1164,241.5,381.67,241.5,0.0,0.29660807130477845,0.3076923076923077,0.43498006466304984,0.11631163116311631,0.2043689936920537,0.0,medium,0.6728
55441126,0,0.534,7,0.27822390196309366,0.0769,297.55,299.58,297.55,0.0,0.42312453577618225,0.3076923076923077,0.4427691195314647,0.0768076807680768,0.2518267643198849,0.0,medium,0.9685
64502554,0,0.7985,6,0.11519698138541032,0.0769,342.98,345.18,342.98,0.0,0.750557068581332,0.23076923076923078,0.18332293323042897,0.0768076807680768,0.2902925363024428,0.0,medium,0.9995
64502554,0,0.7225,6,0.09781757821435495,0.1048,347.71,400.42,347.71,0.0,0.6564743748452587,0.23076923076923078,0.1556648025551957,0.10471047104710471,0.29429744718682527,0.0,medium,1.0
55441118,0,0.376,8,0.22105951191155215,0.1048,280.47,373.57,280.47,0.0,0.22753156721960882,0.38461538461538464,0.35179590517800946,0.10471047104710471,0.23736505651750564,0.0,high,0.8356
64502075,0,0.4722,7,0.229126868264933,0.1048,324.4,356.58,324.4,0.0,0.34662045060658586,0.3076923076923077,0.36463455067287265,0.10471047104710471,0.2745607721942339,0.0,medium,0.851
55441118,0,0.4425,8,0.287383943597276,0.0769,306.77,313.45,306.77,0.0,0.3098539242386729,0.38461538461538464,0.4573466988657616,0.0768076807680768,0.2596333770797172,0.0,high,0.9295
55441126,0,0.4176,8,0.29352537692286146,0.0749,268.67,269.6,268.67,0.0,0.2790294627383016,0.38461538461538464,0.4671203696748474,0.07480748074807479,0.22737394691164645,0.0,high,0.9246
64502075,0,0.4717,7,0.21491836541326828,0.0821,249.38,330.16,249.38,0.0,0.34600148551621684,0.3076923076923077,0.34202269083494335,0.082008200820082,0.21104102281867831,0.0,medium,0.9962
55441126,0,0.3827,8,0.29087804425487834,0.0039,224.33,229.02,224.33,0.0,0.2358256994305521,0.38461538461538464,0.46290732092103076,0.0038003800380038005,0.1898310825113247,0.0,high,0.7562
55441120,0,0.4495,7,0.24854709854907966,0.0031,241.53,281.98,241.53,0.0,0.31851943550383754,0.3076923076923077,0.39554051802143,0.0030003000300030005,0.2043943948181703,0.0,medium,0.9887
55441118,0,0.4593,7,0.24602329261734598,0.0749,253.99,255.78,253.99,0.0,0.3306511512750681,0.3076923076923077,0.3915240536140058,0.07480748074807479,0.2149443291985945,0.0,medium,0.969
"[1184492896, 704772073, 66158195]",0,0.6275,8,0.2754307156054021,0.0076,164.94,167.3,164.94,0.0,0.538871007675167,0.38461538461538464,0.4383239546129147,0.007500750075007501,0.13954531984251303,0.0,medium,1.0
55441115,0,0.4105,7,0.3373648436843623,0.0076,208.37,209.62,208.37,0.0,0.2702401584550631,0.3076923076923077,0.5368878805892343,0.007500750075007501,0.17631768341729817,0.0,high,0.611
55441120,0,0.4264,8,0.27984411591861846,0.0031,230.19,230.43,230.19,0.0,0.28992324832879424,0.38461538461538464,0.4453475791518948,0.0030003000300030005,0.19479276914609883,0.0,medium,0.751
64502081,0,0.6986,10,0.14747910526277125,0.0937,58.69,182.13,58.69,0.0,0.6268878435256251,0.5384615384615384,0.2346977239459779,0.09360936093609361,0.04958299817958596,0.0,medium,0.9873
55441128,0,1.0,7,0.14747910526277125,0.0937,59.18,165.04,59.18,0.0,1.0,0.3076923076923077,0.2346977239459779,0.09360936093609361,0.04999788323949028,0.0,low,1.0
338936694,0,0.6951,6,0.20287181061234907,0.0669,96.57,126.17,96.57,0.0,0.6225550878930429,0.23076923076923078,0.3228514233529226,0.0668066806680668,0.08165615342280175,0.0,medium,0.97
338936694,0,0.7802,7,0.10513800256537392,0.0017,28.57,187.34,28.57,0.0,0.7279029462738301,0.3076923076923077,0.16731475688940703,0.0016001600160016,0.02408026755852843,0.0,low,1.0
55441127,0,0.7086,9,0.10513800256537392,0.0017,33.93,220.62,33.93,0.0,0.6392671453330032,0.46153846153846156,0.16731475688940703,0.0016001600160016,0.028618602091359382,0.0,low,0.9742
64502089,0,0.9955,6,0.12469694123538197,0.5,86.21,86.21,135.67,0.0,0.9944293141866799,0.23076923076923078,0.1984414691406601,0.49994999499949994,0.07288429787053893,0.0,low,0.9999
338936694,0,0.7041,7,0.16913138008968193,0.2253,3.62,3.62,53.09,0.0,0.633696459519683,0.3076923076923077,0.26915583741998583,0.22522252225222522,0.0029549976715634394,0.0,low,0.5604
55441119,0,0.5218,9,0.19060559693464188,0.0063,117.85,222.71,117.85,0.0,0.408021787571181,0.46153846153846156,0.30333058380226513,0.0062006200620062,0.09967401888150375,0.0,medium,1.0
64502081,0,0.5217,11,0.16504593595590847,0.0063,78.51,218.49,78.51,0.0,0.40789799455310727,0.6153846153846154,0.2626541326947936,0.0062006200620062,0.06636467550061387,0.0,medium,1.0
55441127,0,0.6187,10,0.16021319327118108,0.0063,95.73,181.24,95.73,0.0,0.5279772220846745,0.5384615384615384,0.25496315347195236,0.0062006200620062,0.08094492189153721,0.0,medium,0.9999
64502081,0,0.6986,10,0.14747910526277125,0.0937,58.69,182.13,58.69,0.0,0.6268878435256251,0.5384615384615384,0.2346977239459779,0.09360936093609361,0.04958299817958596,0.0,medium,0.9873
64502081,0,0.5217,11,0.16504593595590847,0.0063,78.51,218.49,78.51,0.0,0.40789799455310727,0.6153846153846154,0.2626541326947936,0.0062006200620062,0.06636467550061387,0.0,medium,1.0
55441128,0,0.8305,6,0.09938043200002379,0.4924,109.19,109.19,149.68,0.0,0.7901708343649418,0.23076923076923078,0.1581519773911131,0.49234923492349236,0.09234156047584777,0.0,low,0.8115
64502076,0,0.5083,9,0.18921421606692418,0.0515,129.55,131.76,129.55,0.0,0.39130973013122056,0.46153846153846156,0.30111629637941234,0.0514051405140514,0.10958045806697432,0.0,medium,1.0
299101580,0,0.537,7,0.2862020345147334,0.0095,104.57,106.92,104.57,0.0,0.42683832631839563,0.3076923076923077,0.45546577145246303,0.009400940094009401,0.08842978705389272,0.0,medium,1.0
55441128,0,0.605,6,0.18776641331297267,0.3524,106.12,109.61,106.12,0.0,0.5110175786085664,0.23076923076923078,0.298812217386214,0.35233523352335233,0.0897421785699166,0.0,medium,1.0
64502076,0,0.3771,8,0.2603745108506094,0.5198,96.6,99.55,96.6,0.0,0.22889329041842038,0.38461538461538464,0.41436303521410217,0.5197519751975198,0.08168155454891833,0.0,high,0.9559
55441129,0,0.4578,9,0.25997509630455307,0.5936,38.57,42.09,38.57,0.0,0.32879425600396134,0.46153846153846156,0.41372739430056293,0.5935593559355936,0.03254730959739215,0.0,medium,0.5579
64502076,0,0.4345,7,0.27655320646586656,0.3524,78.3,81.95,78.3,0.0,0.2999504827927705,0.3076923076923077,0.4401103219924451,0.35233523352335233,0.06618686761779773,0.0,medium,0.958
55441119,0,0.5208,9,0.21068741731057106,0.0937,133.55,134.7,133.55,0.0,0.4067838573904432,0.46153846153846156,0.3352894265017111,0.09360936093609361,0.11296727488251981,0.0,medium,0.9999
55441115,0,0.3308,8,0.26854773394148496,0.0178,192.95,194.42,192.95,0.0,0.17157712305025993,0.38461538461538464,0.42737016037601544,0.0177017701770177,0.1632615045933703,0.0,high,0.789
64502077,0,0.5344,8,0.16093862959178387,0.0042,174.8,177.75,174.8,0.0,0.4236197078484773,0.38461538461538464,0.2561176357262802,0.0041004100410041,0.14789382329283265,0.0,medium,1.0
55441119,0,0.4627,8,0.20638669902691503,0.0515,167.36,169.75,167.36,0.0,0.3348601138895766,0.38461538461538464,0.32844512770065515,0.0514051405140514,0.14159434401591806,0.0,medium,0.9996
55441127,0,0.6041,9,0.1919794095829107,0.0515,135.72,138.67,135.72,0.0,0.5099034414459024,0.46153846153846156,0.3055169126062594,0.0514051405140514,0.11480462300495323,0.0,medium,1.0
64502077,0,0.5383,7,0.18482511916540278,0.5198,132.87,132.87,151.84,0.0,0.42844763555335474,0.3076923076923077,0.2941313490567841,0.5197519751975198,0.11239151602387706,0.0,medium,0.9995
55441119,0,0.5041,8,0.20445177564870903,0.0042,171.33,204.53,171.33,0.0,0.38611042337212176,0.38461538461538464,0.32536582957319615,0.0041004100410041,0.14495575970534696,0.0,medium,1.0
64502075,0,0.4824,7,0.21603010493579475,0.0057,178.65,264.58,178.65,0.0,0.3592473384501114,0.3076923076923077,0.3437919481959826,0.0056005600560056,0.1511536344777952,0.0,medium,0.9999
55441127,0,0.5926,8,0.1568629311015158,0.0042,157.53,158.8,157.53,0.0,0.49566724436741766,0.38461538461538464,0.2496314405257209,0.0041004100410041,0.133271241691715,0.0,medium,1.0
64502089,0,0.5412,8,0.16003823534661804,0.0042,133.86,189.04,133.86,0.0,0.43203763307749443,0.38461538461538464,0.25468471990938385,0.0041004100410041,0.11322975318572459,0.0,medium,1.0
55441128,0,0.7336,8,0.13277185872258543,0.0937,92.05,143.33,92.05,0.0,0.6702153998514484,0.38461538461538464,0.21129214766250703,0.09360936093609361,0.07782905042123535,0.0,medium,0.6129
64502089,0,0.5258,8,0.15297147254038532,0.0937,123.25,145.67,123.25,0.0,0.41297350829413226,0.38461538461538464,0.24343845056273666,0.09360936093609361,0.10424622158249017,0.0,medium,1.0
55441129,0,0.7412,6,0.12469694123538197,0.0959,73.57,73.57,122.07,0.0,0.6796236692250557,0.23076923076923078,0.1984414691406601,0.0958095809580958,0.06218195673341518,0.0,low,0.9911
64502089,0,0.7415,7,0.13820283431108735,0.1358,105.67,105.67,129.03,0.0,0.6799950482792771,0.3076923076923077,0.21993517360777984,0.13571357135713571,0.08936116167816774,0.0,medium,0.5976
1494548765,0,1.0,7,0.025107358446877476,0.0136,250.49,254.5,250.49,0.0,1.0,0.3076923076923077,0.03995146418790924,0.013501350135013501,0.21198086448499218,0.0,low,1.0
55441116,0,0.7317,11,0.09576143794009903,0.0386,128.26,128.42,128.26,0.0,0.6678633325080465,0.6153846153846154,0.15239259603393307,0.0385038503850385,0.10848820964396089,0.0,medium,0.9844
55441116,0,0.9619,10,0.0029116906332596264,0.0386,130.48,131.22,130.48,0.0,0.9528348601138895,0.5384615384615384,0.0046285779661591475,0.0385038503850385,0.11036789297658862,0.0,low,1.0
55441120,0,0.4965,9,0.28774432285999973,0.0403,164.19,164.62,164.19,0.0,0.37670215399851453,0.46153846153846156,0.4579202177975083,0.0402040204020402,0.13891029168959826,0.0,medium,0.988
767390913,0,0.8875,8,0.06245927552532575,0.0733,115.75,117.35,115.75,0.0,0.8607328546669967,0.38461538461538464,0.0993944837990059,0.07320732073207321,0.09789594005334237,0.0,low,1.0
55441144,0,0.6379,10,0.1892418601209374,0.0733,85.91,85.95,85.91,0.0,0.5517454815548403,0.5384615384615384,0.3011602899993754,0.07320732073207321,0.07263028660937301,0.0,medium,1.0
55441116,0,0.7317,11,0.09576143794009903,0.0386,128.26,128.42,128.26,0.0,0.6678633325080465,0.6153846153846154,0.15239259603393307,0.0385038503850385,0.10848820964396089,0.0,medium,0.9844
137305234,0,0.8855,12,0.05291459969019244,0.228,76.7,76.7,77.12,0.0,0.8582569943055212,0.6923076923076923,0.08420478545881671,0.22792279227922793,0.06483214089157953,0.0,low,0.9871
239210557,0,0.609,11,0.18659658137100235,0.1843,131.61,131.61,133.18,0.0,0.5159692993315177,0.6153846153846154,0.29695050991555916,0.18421842184218423,0.11132466872698026,0.0,medium,1.0
239210557,0,0.7106,10,0.097456201201635,0.7464,57.12,57.23,57.12,0.0,0.6417430056944788,0.5384615384615384,0.15508969577261758,0.7463746374637463,0.048253672579484354,0.0,medium,1.0
239210557,0,0.609,11,0.18659658137100235,0.1843,131.61,131.61,133.18,0.0,0.5159692993315177,0.6153846153846154,0.29695050991555916,0.18421842184218423,0.11132466872698026,0.0,medium,1.0
137305233,0,0.9993,8,0.08861530663601024,0.8083,78.42,78.42,79.04,0.0,0.9991334488734835,0.38461538461538464,0.14102001715504278,0.8082808280828083,0.06628847212226409,0.0,low,0.9702
55441144,0,0.855,11,0.11498871533780394,0.0293,30.23,30.23,30.88,0.0,0.8205001237930181,0.6153846153846154,0.1829914920696931,0.029202920292029203,0.02548579653697981,0.0,low,0.9989
137305234,0,0.8741,11,0.09229025094877137,0.8083,33.29,33.29,33.37,0.0,0.8441445902451101,0.6153846153846154,0.14686843951029566,0.8082808280828083,0.028076711400872104,0.0,medium,0.994
137305233,0,1.0,9,0.10693331552108108,0.0473,46.44,46.44,47.36,0.0,1.0,0.46153846153846156,0.17017187458459843,0.047204720472047206,0.0392108716819779,0.0,low,1.0
55441143,0,0.3735,7,0.3012356543152674,0.0057,147.6,147.6,152.31,0.0,0.2244367417677643,0.3076923076923077,0.47939074844231977,0.0056005600560056,0.12486346894712333,0.0,medium,0.8845
137305233,0,0.719,6,0.10693331552108108,0.0473,61.55,63.46,61.55,0.0,0.6521416192126763,0.23076923076923078,0.17017187458459843,0.047204720472047206,0.05200457220270099,0.0,low,0.9983
55441145,0,0.5867,6,0.4232731026866634,0.0002,84.8,84.8,90.08,0.0,0.4883634563010646,0.23076923076923078,0.6736049951058395,0.00010001000100010001,0.07169044494305915,0.0,medium,0.9999
137305233,0,0.7909,6,0.08861530663601024,0.8083,105.86,114.17,105.86,0.0,0.7411487992077247,0.23076923076923078,0.14102001715504278,0.8082808280828083,0.08952203547690615,0.0,medium,0.9953
55441143,0,0.3687,7,0.3785763159476986,0.2107,143.62,143.62,148.01,0.0,0.21849467690022287,0.3076923076923077,0.6024731181235385,0.21062106210621062,0.12149358621565558,0.0,high,0.9935
64502079,0,0.4412,7,0.2628169859737619,0.2158,176.98,176.98,182.32,0.0,0.30824461500371375,0.3076923076923077,0.4182500672060676,0.2157215721572157,0.14973963845730495,0.0,medium,0.9257
239210563,0,0.8617,7,0.10082870825375184,0.0048,167.61,167.61,171.33,0.0,0.8287942560039614,0.3076923076923077,0.1604568099267988,0.0047004700470047,0.14180602006688967,0.0,low,0.9987
55441145,0,0.6334,6,0.19942670076331082,0.1282,178.46,178.46,183.14,0.0,0.5461747957415201,0.23076923076923078,0.3173687668164814,0.12811281128112814,0.1509927606790568,0.0,medium,1.0
1300765628,0,1.0,9,0.21322558061856536,0.024,120.05,120.05,125.65,0.0,1.0,0.46153846153846156,0.3393287396908145,0.023902390239023904,0.10153676813005377,0.0,low,0.9965
55441112,0,0.7893,9,0.23684618307643915,0.002,142.89,142.89,148.16,0.0,0.7391681109185442,0.46153846153846156,0.37691931187430894,0.0019001900190019003,0.1208754921468185,0.0,medium,0.9994
55441142,0,0.3741,11,0.29219495546705115,0.3047,117.04,127.76,117.04,0.0,0.22517949987620697,0.6153846153846154,0.46500309498389486,0.30463046304630464,0.09898818847635579,0.0,high,0.9973
1300765631,0,0.5106,11,0.4440137364881585,0.2858,76.4,76.4,83.75,0.0,0.3941569695469176,0.6153846153846154,0.7066122942819295,0.28572857285728576,0.06457812963041362,0.0,high,0.9967
29550065,0,0.6367,12,0.1919340449684423,0.31,115.91,123.39,115.91,0.0,0.550259965337955,0.6923076923076923,0.3054447179271528,0.30993099309930994,0.09803141272596419,0.0,medium,0.9999
55441133,0,0.6618,9,0.26641426065728496,0.0831,81.4,81.4,88.98,0.0,0.5813320128744739,0.46153846153846156,0.42397488366220987,0.083008300830083,0.06881165064984548,0.0,medium,1.0
239210563,0,0.718,6,0.17628042028332125,0.1282,140.12,140.12,140.2,0.0,0.6509036890319385,0.23076923076923078,0.2805330455975072,0.12811281128112814,0.11853012150205328,0.0,medium,0.9872
588328643,0,0.6258,6,0.2654307608675176,0.0139,37.81,37.81,40.72,0.0,0.5367665263679129,0.23076923076923078,0.42240971105894387,0.0138013801380138,0.03190381440243851,0.0,medium,0.9985
55441133,0,0.6618,9,0.26641426065728496,0.0831,81.4,81.4,88.98,0.0,0.5813320128744739,0.46153846153846156,0.42397488366220987,0.083008300830083,0.06881165064984548,0.0,medium,1.0
588328643,0,0.6952,7,0.2527342300663517,0.1845,50.53,50.53,56.9,0.0,0.6226788809111167,0.3076923076923077,0.4022040512578285,0.18441844184418443,0.042673891875873164,0.0,medium,0.9995
64502079,0,0.3654,8,0.28306736110738673,0.2158,172.45,177.95,172.45,0.0,0.21440950730378808,0.38461538461538464,0.4504771532662547,0.2157215721572157,0.14590406841369968,0.0,high,0.9446
55441142,0,0.5542,7,0.22632321994610305,0.1387,140.55,140.55,140.62,0.0,0.44813072542708593,0.3076923076923077,0.3601727362592026,0.13861386138613863,0.11889420430972442,0.0,medium,1.0
55441112,0,0.6834,8,0.21322558061856536,0.024,100.65,100.65,106.99,0.0,0.6080713047784105,0.38461538461538464,0.3393287396908145,0.023902390239023904,0.08511070657465815,0.0,medium,0.9994
1300765630,0,0.696,9,0.227214640835282,0.024,91.73,91.73,94.76,0.0,0.6236692250557068,0.46153846153846156,0.36159137159419535,0.023902390239023904,0.07755810507599172,0.0,medium,0.9998
55441149,0,0.7659,10,0.18258641752240934,0.2211,15.81,15.81,17.08,0.0,0.7102005446892795,0.5384615384615384,0.29056860861193995,0.22102210221022103,0.013276321916938318,0.0,medium,0.9526
767390912,0,0.8204,8,0.1908149784505581,0.2211,100.1,100.1,105.71,0.0,0.77766773953949,0.38461538461538464,0.30366380015447186,0.22102210221022103,0.08464501926252065,0.0,medium,0.9348
55441110,0,0.6405,12,0.29572530804524433,0.2211,91.23,91.23,97.34,0.0,0.5549641000247585,0.6923076923076923,0.47062140948965037,0.22102210221022103,0.07713475297404852,0.0,medium,0.9985
55441149,0,0.7675,12,0.23513638871840228,0.2053,36.02,36.02,36.41,0.0,0.7121812329784599,0.6923076923076923,0.37419829117429326,0.20522052205220523,0.030388213877481904,0.0,medium,1.0
55441149,0,0.7659,10,0.1825864175224093,0.2211,15.81,15.81,17.08,0.0,0.7102005446892795,0.5384615384615384,0.2905686086119399,0.22102210221022103,0.013276321916938318,0.0,medium,0.9526
55441111,0,0.6416,8,0.3274854621598266,0.2053,92.59,92.59,97.24,0.0,0.5563258232235702,0.38461538461538464,0.5211655210521029,0.20522052205220523,0.078286270691334,0.0,medium,1.0
55441149,0,0.7218,11,0.19301535825248137,0.2053,116.09,116.09,116.12,0.0,0.6556078237187423,0.6153846153846154,0.30716555401205514,0.20522052205220523,0.09818381948266375,0.0,medium,1.0
55441149,0,0.7675,12,0.23513638871840228,0.2053,36.02,36.02,36.41,0.0,0.7121812329784599,0.6923076923076923,0.37419829117429326,0.20522052205220523,0.030388213877481904,0.0,medium,1.0
55441148,0,0.5896,9,0.41703683443748796,0.1234,124.58,134.37,124.58,0.0,0.4919534538252042,0.46153846153846156,0.6636804010064997,0.12331233123312331,0.10537233817365904,0.0,medium,0.9034
239210562,0,0.8945,7,0.0422985465445657,0.25,99.72,105.47,99.72,0.0,0.8693983659321614,0.3076923076923077,0.06731006345559067,0.24992499249924993,0.08432327166504382,0.0,low,1.0
55441149,0,0.645,12,0.2746465699460454,0.002,57.26,57.26,65.01,0.0,0.5605347858380787,0.6923076923076923,0.43707604046411214,0.0019001900190019003,0.04837221116802845,0.0,medium,1.0
55441149,0,0.7218,11,0.19301535825248137,0.2053,116.09,116.09,116.12,0.0,0.6556078237187423,0.6153846153846154,0.30716555401205514,0.20522052205220523,0.09818381948266375,0.0,medium,1.0
64502557,0,0.6483,6,0.3619947298854253,0.0189,71.7,229.17,71.7,0.0,0.5646199554345135,0.23076923076923078,0.5760846587731745,0.018801880188018802,0.06059861987214767,0.0,medium,1.0
338936694,0,0.7107,8,0.19814172422689877,0.0189,44.34,243.07,44.34,0.0,0.6418667987125526,0.38461538461538464,0.3153238146044352,0.018801880188018802,0.037432792853816524,0.0,medium,0.8309
64502080,0,0.5653,6,0.2958466306802524,0.0043,114.27,221.52,114.27,0.0,0.46187175043327555,0.23076923076923078,0.470814486159769,0.0042004200420042,0.09664281783159054,0.0,medium,1.0
338936694,0,0.6297,6,0.19262973667979258,0.0043,69.21,183.69,69.21,0.0,0.5415944540727903,0.23076923076923078,0.30655186367161935,0.0042004200420042,0.0584903264044706,0.0,medium,0.9645
55441122,0,0.5998,9,0.3352549861171294,0.0043,128.4,252.12,128.4,0.0,0.5045803416687299,0.46153846153846156,0.533530186672688,0.0042004200420042,0.10860674823250499,0.0,medium,0.9998
55441122,0,0.5464,10,0.41906801594330173,0.0014,165.99,311.61,165.99,0.0,0.438474870017331,0.5384615384615384,0.666912887356001,0.0013001300130013002,0.14043435925659373,0.0,high,0.654
55441124,0,0.4626,6,0.289829609298043,0.0014,181.16,323.09,181.16,0.0,0.33473632087150285,0.23076923076923078,0.4612388084436329,0.0013001300130013002,0.15327886202955,0.0,medium,0.9985
55441122,0,0.5464,10,0.4190680159433018,0.0014,165.99,311.61,165.99,0.0,0.438474870017331,0.5384615384615384,0.6669128873560011,0.0013001300130013002,0.14043435925659373,0.0,high,0.654
55441122,0,0.5844,10,0.358319991610578,0.0982,209.91,363.11,209.91,0.0,0.48551621688536767,0.5384615384615384,0.5702365643131599,0.0981098109810981,0.1776216078912832,0.0,medium,0.7067
55443234,0,0.4933,8,0.39788233357393354,0.1164,202.83,347.29,202.83,0.0,0.37274077742015355,0.38461538461538464,0.6331973238439089,0.11631163116311631,0.1716269421277677,0.0,high,0.9291
64502080,0,0.4118,6,0.3124015802744702,0.0014,137.6,267.64,137.6,0.0,0.2718494676900223,0.23076923076923078,0.49716055539426107,0.0013001300130013002,0.1163964269082596,0.0,medium,0.992
55441119,0,0.4692,8,0.2878864699844337,0.0017,86.39,249.97,86.39,0.0,0.3429066600643724,0.38461538461538464,0.45814643521729004,0.0016001600160016,0.07303670462723848,0.0,medium,0.9997
55443233,0,0.4941,8,0.4397123479675479,0.0014,167.94,286.23,167.94,0.0,0.3737311215647437,0.38461538461538464,0.6997669288446322,0.0013001300130013002,0.14208543245417216,0.0,high,0.8213
55441124,0,0.3885,8,0.29538019577032965,0.0076,122.74,265.68,122.74,0.0,0.2430056944788314,0.38461538461538464,0.4700721869241071,0.007500750075007501,0.1038144024385081,0.0,medium,0.9333
55443233,0,0.3933,6,0.3274590616963391,0.0014,140.43,299.26,140.43,0.0,0.24894775934637284,0.23076923076923078,0.5211235065213484,0.0013001300130013002,0.11879259980525805,0.0,medium,0.9596
65401665,0,0.6092,8,0.206306379952258,0.3027,97.58,97.58,108.42,0.0,0.5162168853676652,0.38461538461538464,0.32831730539049214,0.30263026302630264,0.08251132466872699,0.0,medium,1.0
28604204,0,0.4845,6,0.3767463777096505,0.8166,120.21,120.21,122.19,0.0,0.36184699182966085,0.23076923076923078,0.599560896661306,0.8165816581658166,0.10167224080267559,0.0,high,0.9992
31287022,0,0.5011,7,0.24336284742403222,0.3137,136.91,136.91,149.05,0.0,0.3823966328299084,0.3076923076923077,0.38729013717356564,0.3136313631363136,0.11581220100757801,0.0,medium,0.9977
74686088,0,0.6257,9,0.3235447258981298,0.3348,99.41,102.72,99.41,0.0,0.5366427333498391,0.46153846153846156,0.5148941090013045,0.3347334733473347,0.08406079336183904,0.0,medium,0.9978
74686088,0,0.5583,9,0.44117933800747533,0.3348,116.78,119.28,116.78,0.0,0.4532062391681109,0.46153846153846156,0.7021015430902556,0.3347334733473347,0.09876804538334534,0.0,high,0.9645
"[296360425, 57775978, 74686093]",0,0.49,8,0.2946555985883422,0.311,95.11,95.81,95.11,0.0,0.3686556078237187,0.38461538461538464,0.4689190401014538,0.31093109310931094,0.08041996528512765,0.0,medium,0.9681
28604204,0,0.433,6,0.5498451938410052,0.2092,7.11,7.11,8.39,0.0,0.29809358752166376,0.23076923076923078,0.8750358154009036,0.20912091209120912,0.005909995343126879,0.0,high,0.9874
"[441256456, 441256457, 57775979]",0,0.6575,6,0.3044549587224685,0.2092,32.97,37.51,32.97,0.0,0.5760089130973013,0.23076923076923078,0.4845140510725283,0.20912091209120912,0.027805766055628463,0.0,medium,1.0
29550196,0,0.8143,6,0.18298374587304353,0.2092,58.77,63.99,58.77,0.0,0.7701163654369894,0.23076923076923078,0.291200929488247,0.20912091209120912,0.049650734515896876,0.0,low,0.9688
29550196,0,0.6738,7,0.21950381162741617,0.5172,113.52,116.88,113.52,0.0,0.5961871750433275,0.3076923076923077,0.3493201146501856,0.5171517151715171,0.09600778967867576,0.0,medium,1.0
"[441256458, 441256459, 57775980]",0,0.675,6,0.23472851997753388,0.3958,43.98,47.73,43.98,0.0,0.5976726912602129,0.23076923076923078,0.37354919598832803,0.39573957395739573,0.03712797934041742,0.0,medium,0.9999
28604204,0,0.5016,6,0.22907588013532387,0.3958,32.42,32.75,32.42,0.0,0.38301559792027734,0.23076923076923078,0.3645534065543011,0.39573957395739573,0.02734007874349096,0.0,medium,1.0
57775984,0,0.7004,6,0.20117353748052189,0.6742,21.94,68.59,21.94,0.0,0.6291161178509532,0.23076923076923078,0.3201487378958902,0.6741674167416742,0.018466618686761783,0.0,medium,0.9999
29550056,0,0.6108,6,0.2366486588923463,0.515,130.93,143.3,130.93,0.0,0.5181975736568457,0.23076923076923078,0.3766049656541662,0.514951495149515,0.1107489098683375,0.0,medium,0.9999
285531481,0,1.0,7,0.00026789348045828693,0.5,42.2,44.17,42.2,0.0,1.0,0.3076923076923077,0.0004211557427785768,0.49994999499949994,0.03562084585749969,0.0,low,1.0
"[285531482, 1137958437]",0,0.8873,10,0.0033899521670223373,0.5,54.27,54.29,54.27,0.0,0.8604852686308492,0.5384615384615384,0.005389698464231077,0.49994999499949994,0.0458405655984082,0.0,low,0.9993
59298975,0,1.0,8,0.03632445471502361,0.5,135.72,140.42,135.72,0.0,1.0,0.38461538461538464,0.057802705184363874,0.49994999499949994,0.11480462300495323,0.0,low,0.9999
59298980,0,1.0,9,0.03632445471502361,0.5,149.21,153.44,149.21,0.0,1.0,0.46153846153846156,0.057802705184363874,0.49994999499949994,0.1262266627153804,0.0,low,0.9987
59298982,0,1.0,11,0.03632445471502361,0.5,178.02,182.3,178.02,0.0,1.0,0.6153846153846154,0.057802705184363874,0.49994999499949994,0.1506202108293468,0.0,low,0.8461
59298976,0,1.0,9,0.03632445471502361,0.5,164.59,168.36,164.59,0.0,1.0,0.46153846153846156,0.057802705184363874,0.49994999499949994,0.1392489733711528,0.0,low,0.9967
59298982,0,1.0,11,0.03632445471502361,0.5,144.12,149.28,144.12,0.0,1.0,0.6153846153846154,0.057802705184363874,0.49994999499949994,0.12191693831759876,0.0,low,0.9768
59298982,0,1.0,11,0.03632445471502361,0.5,144.12,149.28,144.12,0.0,1.0,0.6153846153846154,0.057802705184363874,0.49994999499949994,0.12191693831759876,0.0,low,0.9768
59298982,0,0.919,9,0.03632445471502361,0.5,99.73,109.43,99.73,0.0,0.8997276553602377,0.46153846153846156,0.057802705184363874,0.49994999499949994,0.08433173870708269,0.0,low,0.9962
59298972,0,1.0,6,0.00794280231277908,0.5,209.03,214.78,209.03,0.0,1.0,0.23076923076923078,0.012635247867550896,0.49994999499949994,0.17687650819186318,0.0,low,0.9999
59298982,0,1.0,11,0.03632445471502361,0.5,178.02,182.3,178.02,0.0,1.0,0.6153846153846154,0.057802705184363874,0.49994999499949994,0.1506202108293468,0.0,low,0.8461
59298982,0,1.0,9,0.016973948263460107,0.5,212.74,216.65,212.74,0.0,1.0,0.46153846153846156,0.02700769854336265,0.49994999499949994,0.18001778078828162,0.0,low,0.9832
285531488,0,1.0,8,0.016973948263460107,0.5,178.93,182.45,178.93,0.0,1.0,0.38461538461538464,0.02700769854336265,0.49994999499949994,0.15139071165488338,0.0,low,0.9995
59298975,0,1.0,6,0.016973948263460107,0.5,141.24,144.46,141.24,0.0,1.0,0.23076923076923078,0.02700769854336265,0.49994999499949994,0.11947843021040601,0.0,low,1.0
55189232,0,1.0,7,0.02481772175368538,0.5,339.29,345.58,339.29,0.0,1.0,0.3076923076923077,0.039490527213848416,0.49994999499949994,0.28716819779010205,0.0,medium,0.695
59298984,0,1.0,8,0.016973948263460107,0.5,270.12,270.12,270.57,0.0,1.0,0.38461538461538464,0.02700769854336265,0.49994999499949994,0.22860166800728168,0.0,low,0.9029
49749316,0,0.9077,10,0.03117990041148992,0.5,171.64,174.25,171.64,0.0,0.8857390443179004,0.5384615384615384,0.0496154991110308,0.49994999499949994,0.14521823800855171,0.0,medium,0.6426
59298968,0,0.9751,7,0.00794280231277908,0.5,195.69,200.71,195.69,0.0,0.9691755384996286,0.3076923076923077,0.012635247867550896,0.49994999499949994,0.16558147411201898,0.0,low,0.9995
59298974,0,0.9939,7,0.03364534777596801,0.5,212.81,218.47,212.81,0.0,0.9924486258974994,0.3076923076923077,0.05353908985281252,0.49994999499949994,0.18007705008255367,0.0,low,0.9972
59298972,0,1.0,6,0.03364534777596801,0.5,229.13,234.33,229.13,0.0,1.0,0.23076923076923078,0.05353908985281252,0.49994999499949994,0.19389526268997925,0.0,low,0.9989
59298972,0,0.9918,6,0.03364534777596801,0.5,222.19,227.2,222.19,0.0,0.98984897251795,0.23076923076923078,0.05353908985281252,0.49994999499949994,0.18801913551500785,0.0,low,0.9989
59298973,0,1.0,8,0.016973948263460107,0.5,250.83,254.98,250.83,0.0,1.0,0.38461538461538464,0.02700769854336265,0.49994999499949994,0.21226874391431355,0.0,low,0.9673
59298982,0,1.0,9,0.016973948263460107,0.5,212.74,216.65,212.74,0.0,1.0,0.46153846153846156,0.02700769854336265,0.49994999499949994,0.18001778078828162,0.0,low,0.9832
59298989,0,1.0,8,0.016973948263460107,0.5,109.14,109.14,110.94,0.0,1.0,0.38461538461538464,0.02700769854336265,0.49994999499949994,0.09229922526565346,0.0,low,1.0
59298975,0,1.0,7,0.016973948263460107,0.5,137.98,139.44,137.98,0.0,1.0,0.3076923076923077,0.02700769854336265,0.49994999499949994,0.11671817450573642,0.0,low,1.0
59298985,0,1.0,7,0.00794280231277908,0.5,225.0,231.84,225.0,0.0,1.0,0.3076923076923077,0.012635247867550896,0.49994999499949994,0.19039837432792855,0.0,low,0.9992
59298972,0,1.0,6,0.00794280231277908,0.5,224.37,230.41,224.37,0.0,1.0,0.23076923076923078,0.012635247867550896,0.49994999499949994,0.18986495067948014,0.0,low,0.9998
59298973,0,1.0,8,0.016973948263460107,0.5,232.74,236.13,232.74,0.0,1.0,0.38461538461538464,0.02700769854336265,0.49994999499949994,0.19695186486600907,0.0,low,0.9887
59298984,0,1.0,8,0.016973948263460107,0.5,270.12,270.12,270.57,0.0,1.0,0.38461538461538464,0.02700769854336265,0.49994999499949994,0.22860166800728168,0.0,low,0.9029
59298976,0,1.0,7,0.016973948263460107,0.5,145.84,146.89,145.84,0.0,1.0,0.3076923076923077,0.02700769854336265,0.49994999499949994,0.12337326954828332,0.0,low,1.0
59298988,0,1.0,6,0.016973948263460107,0.5,147.77,150.05,147.77,0.0,1.0,0.23076923076923078,0.02700769854336265,0.49994999499949994,0.12500740866178403,0.0,low,1.0
59298979,0,1.0,7,0.03364534777596801,0.5,211.27,216.59,211.27,0.0,1.0,0.3076923076923077,0.05353908985281252,0.49994999499949994,0.17877312560856867,0.0,low,0.9981
59298982,0,0.919,9,0.03632445471502362,0.5,99.73,109.43,99.73,0.0,0.8997276553602377,0.46153846153846156,0.057802705184363895,0.49994999499949994,0.08433173870708269,0.0,low,0.9962
59298972,0,1.0,6,0.03364534777596801,0.5,238.98,244.66,238.98,0.0,1.0,0.23076923076923078,0.05353908985281252,0.49994999499949994,0.20223529909826002,0.0,low,0.998
55441111,0,0.6416,8,0.32748546215982655,0.2053,92.59,92.59,97.24,0.0,0.5563258232235702,0.38461538461538464,0.5211655210521028,0.20522052205220523,0.078286270691334,0.0,medium,1.0
332440722,0,0.8628,6,0.03797515266766119,0.4763,71.6,71.6,72.97,0.0,0.830155979202773,0.23076923076923078,0.060429677999830116,0.47624762476247623,0.06051394945175903,0.0,low,0.9999
64488233,0,0.6694,10,0.3185183074968239,0.0048,78.79,78.79,82.44,0.0,0.5907402822480812,0.5384615384615384,0.5068949081309749,0.0047004700470047,0.06660175267770206,0.0,medium,1.0
239210563,0,0.8028,8,0.11246516341154304,0.0048,121.91,121.91,123.6,0.0,0.7558801683585045,0.38461538461538464,0.17897543189459433,0.0047004700470047,0.10311163794928242,0.0,low,0.9841
55441144,0,0.8368,12,0.04718566402216415,0.0293,34.63,34.63,34.84,0.0,0.79796979450359,0.6923076923076923,0.07508757643979669,0.029202920292029203,0.029211295034079845,0.0,low,0.9998
55441144,0,0.855,11,0.11498871533780394,0.0293,30.23,30.23,30.88,0.0,0.8205001237930181,0.6153846153846154,0.1829914920696931,0.029202920292029203,0.02548579653697981,0.0,low,0.9989
64488233,0,0.6694,10,0.3185183074968239,0.0048,78.79,78.79,82.44,0.0,0.5907402822480812,0.5384615384615384,0.5068949081309749,0.0047004700470047,0.06660175267770206,0.0,medium,1.0
74686106,0,0.6121,7,0.39300670541427907,0.0194,114.35,114.35,157.35,0.0,0.5198068828918049,0.3076923076923077,0.6254380953228652,0.019301930193019304,0.09671055416790145,0.0,medium,0.9999
"[55441137, 55441135]",0,0.6514,11,0.17858763036997718,0.2025,109.96,109.96,118.35,0.0,0.5684575389948007,0.6153846153846154,0.28420481254162316,0.20242024202420245,0.09299352271284027,0.0,medium,1.0
74686106,0,0.6121,7,0.39300670541427907,0.0194,114.35,114.35,157.35,0.0,0.5198068828918049,0.3076923076923077,0.6254380953228652,0.019301930193019304,0.09671055416790145,0.0,medium,0.9999
64517247,0,0.6313,6,0.352018694375968,0.2077,75.96,85.08,75.96,0.0,0.5435751423619707,0.23076923076923078,0.560208481034179,0.20762076207620764,0.06420557978070361,0.0,medium,1.0
64491330,0,0.7001,9,0.14763061334541228,0.2392,74.5,77.76,74.5,0.0,0.6287447387967318,0.46153846153846156,0.23493883869006868,0.23912391239123912,0.06296939164302952,0.0,medium,0.9981
64517258,0,0.6459,6,0.4597028699186086,0.031,106.05,143.89,106.05,0.0,0.5616489230007428,0.23076923076923078,0.7315804763494964,0.030903090309030903,0.08968290927564455,0.0,medium,0.9998
"[64491330, 64491331, 64491335, 64523637, 64491324]",0,0.6449,8,0.2548193441521965,0.0444,160.79,168.11,160.79,0.0,0.560410992820005,0.38461538461538464,0.4055223676172252,0.0443044304430443,0.13603149739638457,0.0,medium,1.0
64517247,0,0.6313,6,0.352018694375968,0.2077,75.96,85.08,75.96,0.0,0.5435751423619707,0.23076923076923078,0.560208481034179,0.20762076207620764,0.06420557978070361,0.0,medium,1.0
890744307,0,0.7064,11,0.16197147889900007,0.0189,50.35,149.63,50.35,0.0,0.6365436989353801,0.6153846153846154,0.2577613447090137,0.018801880188018802,0.04252148511917362,0.0,medium,0.9905
890744307,0,0.7341,10,0.016422724591848768,0.0067,78.44,121.46,78.44,0.0,0.6708343649418173,0.5384615384615384,0.02613046379653892,0.006600660066006601,0.06630540620634182,0.0,low,0.9981
64491334,0,0.9535,9,0.06421009312362237,0.0189,69.58,130.11,69.58,0.0,0.942436246595692,0.46153846153846156,0.10218079017820508,0.018801880188018802,0.058803606959908564,0.0,low,1.0
64491334,0,0.9535,9,0.06421009312362237,0.0189,69.58,130.11,69.58,0.0,0.942436246595692,0.46153846153846156,0.10218079017820508,0.018801880188018802,0.058803606959908564,0.0,low,1.0
"[64940817, 64517268]",0,0.6744,7,0.33331062092022373,0.0806,78.06,200.06,78.06,0.0,0.5969299331517702,0.3076923076923077,0.5304358625369803,0.08050805080508051,0.065983658608865,0.0,medium,1.0
64517275,0,0.6464,6,0.4544069645173175,0.0454,93.63,208.1,93.63,0.0,0.5622678880911116,0.23076923076923078,0.7231524053627705,0.045304530453045305,0.07916684306337582,0.0,medium,0.9999
"[64491335, 64935336, 568520271, 64940817, 64517266, 191200273]",0,0.6793,8,0.3494824250834287,0.0013,131.82,138.57,131.82,0.0,0.6029957910373855,0.38461538461538464,0.5561721820410431,0.0012001200120012,0.11150247660979637,0.0,medium,1.0
64517275,0,0.6464,6,0.45440696451731755,0.0454,93.63,208.1,93.63,0.0,0.5622678880911116,0.23076923076923078,0.7231524053627706,0.045304530453045305,0.07916684306337582,0.0,medium,0.9999
64491335,0,0.7272,8,0.33238923804557047,0.0053,29.68,39.64,29.68,0.0,0.6622926466947263,0.38461538461538464,0.5289695447527468,0.005200520052005201,0.025020109224842303,0.0,medium,0.9997
64517261,0,0.6508,6,0.46001946706961966,0.0013,81.85,92.63,81.85,0.0,0.5677147808863581,0.23076923076923078,0.7320843190469634,0.0012001200120012,0.06919266754159435,0.0,medium,1.0
64517261,0,0.6508,6,0.46001946706961966,0.0013,81.85,92.63,81.85,0.0,0.5677147808863581,0.23076923076923078,0.7320843190469634,0.0012001200120012,0.06919266754159435,0.0,medium,1.0
64491335,0,0.7576,10,0.27823228703944347,0.0053,30.2,39.93,30.2,0.0,0.6999257241891558,0.5384615384615384,0.44278246380658864,0.005200520052005201,0.025460395410863215,0.0,medium,0.9985
64517248,0,0.6617,6,0.45762177070630095,0.0043,73.96,85.8,73.96,0.0,0.5812082198564,0.23076923076923078,0.7282685493865502,0.0042004200420042,0.06251217137293087,0.0,medium,1.0
64517248,0,0.6617,6,0.45762177070630095,0.0043,73.96,85.8,73.96,0.0,0.5812082198564,0.23076923076923078,0.7282685493865502,0.0042004200420042,0.06251217137293087,0.0,medium,1.0
44717134,0,0.6664,10,0.38396976749800504,0.0043,73.3,116.09,73.3,0.0,0.5870264917058677,0.5384615384615384,0.6110564271302227,0.0042004200420042,0.06195334659836586,0.0,medium,0.9999
44717134,0,0.757,10,0.18992634154782811,0.0053,38.89,42.02,38.89,0.0,0.6991829660807131,0.5384615384615384,0.3022495953433726,0.005200520052005201,0.03281825494263579,0.0,medium,0.7992
64491335,0,0.7331,10,0.3011042435895837,0.0043,63.14,68.27,63.14,0.0,0.6695964347610794,0.5384615384615384,0.4791816172663344,0.0042004200420042,0.05335083188688032,0.0,medium,1.0
64491335,0,0.6941,8,0.2068625588171369,0.0323,100.03,103.3,100.03,0.0,0.6213171577123051,0.38461538461538464,0.3292024259882606,0.032203220322032204,0.0845857499682486,0.0,medium,0.9986
64517252,0,0.6709,6,0.44776461779049626,0.031,97.82,112.61,97.82,0.0,0.592597177519188,0.23076923076923078,0.7125815651588561,0.030903090309030903,0.08271453367765971,0.0,medium,1.0
64517252,0,0.6709,6,0.44776461779049626,0.031,97.82,112.61,97.82,0.0,0.592597177519188,0.23076923076923078,0.7125815651588561,0.030903090309030903,0.08271453367765971,0.0,medium,1.0
64517258,0,0.6459,6,0.4597028699186086,0.031,106.05,143.89,106.05,0.0,0.5616489230007428,0.23076923076923078,0.7315804763494964,0.030903090309030903,0.08968290927564455,0.0,medium,0.9998
64502079,0,0.909,9,0.007097986492424902,0.3127,95.73,95.73,96.94,0.0,0.8873483535528597,0.46153846153846156,0.011290781309874433,0.3126312631263126,0.08094492189153721,0.0,low,1.0
543015164,0,0.7678,11,0.08600034206320527,0.0373,57.17,57.17,60.05,0.0,0.7125526120326814,0.6153846153846154,0.13685848000938294,0.0372037203720372,0.04829600778967868,0.0,low,0.9291
543015169,0,0.6335,10,0.2084754098222024,0.1745,147.7,147.7,150.1,0.0,0.5462985887595939,0.5384615384615384,0.3317691679769657,0.17441744174417442,0.12494813936751197,0.0,medium,1.0
55441128,0,0.5936,7,0.16095415668978977,0.1358,115.42,115.42,146.1,0.0,0.49690517454815547,0.3076923076923077,0.25614234604005953,0.13571357135713571,0.09761652766605987,0.0,medium,0.9999
64934665,0,0.7663,6,0.07921705170120674,0.4924,86.93,86.93,130.45,0.0,0.7106957167615746,0.23076923076923078,0.1260633376564702,0.49234923492349236,0.07349392489733712,0.0,low,0.7088
55441129,0,0.7242,6,0.16713482191674206,0.4924,62.81,62.81,102.99,0.0,0.6585788561525129,0.23076923076923078,0.26597845173508244,0.49234923492349236,0.053071419499597816,0.0,medium,0.9956
55441128,0,0.8318,6,0.10459664363638564,0.4924,109.46,109.46,136.42,0.0,0.7917801435999009,0.23076923076923078,0.16645322120531064,0.49234923492349236,0.09257017061089709,0.0,low,0.7636
55441129,0,0.6031,7,0.1850745779243426,0.1592,75.98,75.98,98.14,0.0,0.5086655112651646,0.3076923076923077,0.29452834559831836,0.15911591159115912,0.06422251386478135,0.0,medium,0.9999
64934667,0,0.7637,6,0.08927582835849175,0.4924,87.81,87.81,121.52,0.0,0.7074770982916564,0.23076923076923078,0.14207119226930964,0.49234923492349236,0.07423902459675713,0.0,low,0.5147
64502561,0,0.6454,6,0.3631831535702797,0.0043,102.28,279.2,102.28,0.0,0.5610299579103738,0.23076923076923078,0.5779759537301836,0.0042004200420042,0.08649083442699294,0.0,medium,1.0
64502557,0,0.6483,6,0.3619947298854253,0.0189,71.7,229.17,71.7,0.0,0.5646199554345135,0.23076923076923078,0.5760846587731745,0.018801880188018802,0.06059861987214767,0.0,medium,1.0
65401665,0,0.7017,8,0.13614121376826502,0.5,99.94,109.26,99.94,0.0,0.6307254270859123,0.38461538461538464,0.21665424561417126,0.49994999499949994,0.08450954658989883,0.0,medium,1.0
44717100,0,0.8809,8,0.18470592573780473,0.0273,69.74,69.74,72.13,0.0,0.8525625154741273,0.38461538461538464,0.29394166087453244,0.027202720272027206,0.05893907963253038,0.0,low,0.9977
64894832,0,0.8011,6,0.11719647801253218,0.0074,104.36,104.36,111.97,0.0,0.7537756870512503,0.23076923076923078,0.18650499526405095,0.007300730073007301,0.08825197917107659,0.0,low,0.9996
64894832,0,0.8011,6,0.11719647801253215,0.0074,104.36,104.36,111.97,0.0,0.7537756870512503,0.23076923076923078,0.1865049952640509,0.007300730073007301,0.08825197917107659,0.0,low,0.9996
22744726,0,0.9365,8,0.03963929314835065,0.1911,265.89,266.01,265.89,0.0,0.9213914335231493,0.38461538461538464,0.06307804367866485,0.19101910191019103,0.2250201092248423,0.0,low,0.9697
64894833,0,0.8875,6,0.0014470225156009934,0.3728,108.59,108.59,109.9,0.0,0.8607328546669967,0.23076923076923078,0.002297658900910807,0.37273727372737275,0.09183353795351595,0.0,low,1.0
64894833,0,0.8875,6,0.0014470225156009934,0.3728,108.59,108.59,109.9,0.0,0.8607328546669967,0.23076923076923078,0.002297658900910807,0.37273727372737275,0.09183353795351595,0.0,low,1.0
44717100,0,0.7291,8,0.2971800211682922,0.0377,159.6,159.6,159.72,0.0,0.6646447140381282,0.38461538461538464,0.47293648586230985,0.0376037603760376,0.1350239193937598,0.0,medium,1.0
64894834,0,0.7177,6,0.19962249950696634,0.0061,88.33,88.33,98.14,0.0,0.6505323099777173,0.23076923076923078,0.31768036711625985,0.006000600060006001,0.07467931078277804,0.0,medium,0.632
64894834,0,0.7177,6,0.19962249950696634,0.0061,88.33,88.33,98.14,0.0,0.6505323099777173,0.23076923076923078,0.31768036711625985,0.006000600060006001,0.07467931078277804,0.0,medium,0.632
1030124065,0,0.9797,6,0.14813369309008026,0.5,62.63,62.63,65.05,0.0,0.9748700173310225,0.23076923076923078,0.2357394556722021,0.49994999499949994,0.05291901274289827,0.0,low,0.9998
"[96566696, 890744303]",0,0.8571,6,0.08781619485522729,0.1191,41.49,41.49,41.84,0.0,0.8230997771725674,0.23076923076923078,0.13974828544829332,0.11901190119011901,0.03501968587274036,0.0,low,1.0
23126729,0,0.9879,7,0.016422724591848768,0.5,80.78,81.0,80.78,0.0,0.9850210448130725,0.3076923076923077,0.02613046379653892,0.49994999499949994,0.06828669404343593,0.0,low,1.0
890744304,0,0.9063,6,0.016422724591848768,0.5,72.31,72.52,72.31,0.0,0.8840059420648675,0.23076923076923078,0.02613046379653892,0.49994999499949994,0.06111510943651836,0.0,low,1.0
64989352,0,0.7387,7,0.2698084927185734,0.2327,93.63,95.44,93.63,0.0,0.6765288437732112,0.3076923076923077,0.4293765716815966,0.23262326232623262,0.07916684306337582,0.0,medium,1.0
"[64989346, 1030124063]",0,0.6904,7,0.2541528763599748,0.1191,60.14,60.14,69.68,0.0,0.6167368160435751,0.3076923076923077,0.4044617297399245,0.11901190119011901,0.050810719275221204,0.0,medium,0.9994
"[1030124064, 65100045]",0,0.7622,7,0.19740566594177983,0.1479,143.7,143.7,153.27,0.0,0.7056202030205496,0.3076923076923077,0.3141524282205625,0.14781478147814783,0.12156132255196647,0.0,medium,0.9966
64989346,0,0.7931,6,0.1681052552320985,0.1191,112.6,112.6,117.76,0.0,0.7438722456053479,0.23076923076923078,0.2675228299386119,0.11901190119011901,0.09522882181110029,0.0,low,0.8512
64989348,0,0.7433,6,0.2699352598974176,0.2301,100.83,102.58,100.83,0.0,0.682223322604605,0.23076923076923078,0.42957831297059806,0.23002300230023004,0.08526311333135769,0.0,medium,0.9998
96566696,0,0.9111,7,0.06649873354304901,0.196,187.12,188.22,187.12,0.0,0.889948006932409,0.3076923076923077,0.10582300476786057,0.19591959195919595,0.15832521908471278,0.0,low,0.9988
96566696,0,0.8401,6,0.07693062148503207,0.2301,28.29,28.57,28.29,0.0,0.8020549641000247,0.23076923076923078,0.12242464045402073,0.23002300230023004,0.023843190381440244,0.0,low,1.0
96566696,0,0.8891,6,0.09054682702331757,0.2327,60.77,61.26,60.77,0.0,0.8627135429561773,0.23076923076923078,0.14409389965539215,0.23262326232623262,0.051344142923669615,0.0,low,1.0
65100047,0,0.9906,7,0.1425643371929605,0.171,209.89,210.88,209.89,0.0,0.9883634563010647,0.3076923076923077,0.22687620693671254,0.17091709170917094,0.17760467380720546,0.0,low,0.9923
65100048,0,0.951,7,0.03799580457495902,0.171,198.8,207.05,198.8,0.0,0.9393414211438474,0.3076923076923077,0.06046254409684819,0.17091709170917094,0.1682147241861056,0.0,low,1.0
191201972,0,0.9397,7,0.03963929314835065,0.3714,229.98,229.98,245.92,0.0,0.9253528101015103,0.3076923076923077,0.06307804367866485,0.37133713371337135,0.19461496126328268,0.0,low,0.9838
96566696,0,0.8622,6,0.033256702600375665,0.1479,160.32,161.33,160.32,0.0,0.8294132210943302,0.23076923076923078,0.05292058765529549,0.14781478147814783,0.13563354642055797,0.0,low,1.0
1494548761,0,1.0,7,0.06245927552532575,0.5,176.4,177.19,176.4,0.0,1.0,0.3076923076923077,0.0993944837990059,0.49994999499949994,0.14924855001905085,0.0,low,0.9985
73232406,0,1.0,8,0.0422985465445657,0.25,300.57,306.47,300.57,0.0,1.0,0.38461538461538464,0.06731006345559067,0.24992499249924993,0.2543838110156217,0.0,low,0.9649
405655294,0,1.0,7,0.0422985465445657,0.25,303.71,309.14,303.71,0.0,1.0,0.3076923076923077,0.06731006345559067,0.24992499249924993,0.2570424622158249,0.0,low,0.9912
463694521,0,1.0,6,0.2654307608675176,0.0262,116.56,122.77,116.56,0.0,1.0,0.23076923076923078,0.42240971105894387,0.026102610261026105,0.09858177045849034,0.0,low,0.9993
70912719,0,1.0,6,0.17628042028332125,0.1282,167.36,170.33,167.36,0.0,1.0,0.23076923076923078,0.2805330455975072,0.12811281128112814,0.14159434401591806,0.0,low,0.9997
73232408,0,1.0,7,0.153300737448046,0.1234,297.79,307.01,297.79,0.0,1.0,0.3076923076923077,0.2439624531279119,0.12331233123312331,0.2520299733288176,0.0,low,0.5579
29110037,0,1.0,8,0.153300737448046,0.1234,310.05,316.17,310.05,0.0,1.0,0.38461538461538464,0.2439624531279119,0.12331233123312331,0.26241056686846453,0.0,medium,0.8914
70971098,0,0.6228,9,0.13615742984385235,0.6578,177.19,178.6,177.19,0.0,0.5330527358256995,0.46153846153846156,0.21668005238861682,0.6577657765776578,0.14991744634012108,0.0,medium,0.9994
786036904,0,1.0,8,0.12925695503099105,0.8349,174.48,177.9,174.48,0.0,1.0,0.38461538461538464,0.20569841900242936,0.8348834883488349,0.14762287794758902,0.0,medium,0.9953
1475071930,0,1.0,11,0.13615742984385235,0.6578,170.67,170.67,171.23,0.0,1.0,0.6153846153846154,0.21668005238861682,0.6577657765776578,0.14439693493078193,0.0,medium,0.9992
"[894268680, 1475071930]",0,0.4928,13,0.13128577005083475,0.5,61.45,61.45,61.77,0.0,0.3721218123297846,0.7692307692307693,0.20892713925147494,0.49994999499949994,0.05191990178231235,0.0,medium,0.9774
27880612,0,0.9325,8,2.756979124293261e-05,1.0,76.19,268.02,76.19,0.0,0.9164397128001981,0.38461538461538464,3.8697039493383206e-05,1.0,0.06440032174759748,0.0,low,0.9245
70971065,0,0.7781,8,2.756979124293261e-05,1.0,64.15,280.97,64.15,0.0,0.7253032928942807,0.38461538461538464,3.8697039493383206e-05,1.0,0.05420600313280557,0.0,medium,0.9888
"[1273982531, 70971108, 1273982532]",0,0.7535,7,0.12417743161476458,0.5,424.16,434.64,424.16,0.0,0.6948502104481307,0.3076923076923077,0.19761470513543772,0.49994999499949994,0.3590279835739385,0.0,medium,0.9999
72144793,0,1.0,12,0.12345630802070794,0.5,112.15,112.15,122.58,0.0,1.0,0.6923076923076923,0.19646708629023882,0.49994999499949994,0.09484780491935144,0.0,medium,0.826
72144793,0,0.6341,12,0.16383703976533662,0.5,54.12,54.12,64.52,0.0,0.5470413468680366,0.6923076923076923,0.2607302571461031,0.49994999499949994,0.04571355996782524,0.0,medium,0.9999
379732627,0,0.7372,9,0.12345630802070794,0.5,107.25,112.99,107.25,0.0,0.6746719485021044,0.46153846153846156,0.19646708629023882,0.49994999499949994,0.09069895432030821,0.0,medium,0.9999
"[1372216565, 1372216567]",0,1.0,6,0.07461232047776767,0.5,81.67,81.67,82.82,0.0,1.0,0.23076923076923078,0.11873522306883498,0.49994999499949994,0.06904026078489481,0.0,low,1.0
380099222,0,1.0,6,2.756979124293261e-05,1.0,107.12,241.37,107.12,0.0,1.0,0.23076923076923078,3.8697039493383206e-05,1.0,0.09058888277380299,0.0,low,0.9993
70971098,0,1.0,7,0.13615742984385235,0.6578,154.78,212.5,154.78,0.0,1.0,0.3076923076923077,0.21668005238861682,0.6577657765776578,0.1309428051310275,0.0,low,0.552
379732627,0,0.7268,6,0.1264293583383091,0.5,101.84,111.08,101.84,0.0,0.6617974746224313,0.23076923076923078,0.20119849239083526,0.49994999499949994,0.08611828457728293,0.0,medium,0.9943
72144792,0,0.9101,7,0.05164830123744123,0.5,130.35,141.85,130.35,0.0,0.8887100767516712,0.3076923076923077,0.08218955813856163,0.49994999499949994,0.1102578214300834,0.0,low,0.9959
70971111,0,0.7249,5,0.11774953409298487,0.5,372.86,379.2,372.86,0.0,0.6594454072790294,0.15384615384615385,0.187385146164133,0.49994999499949994,0.31559205791456757,0.0,medium,1.0
70971078,0,0.8238,7,0.07854421334222417,0.5,266.76,278.76,266.76,0.0,0.7818767021539985,0.3076923076923077,0.12499256145818034,0.49994999499949994,0.22575674188222344,0.0,medium,0.9998
72144799,0,0.8568,7,0.07695148978158353,0.5,348.25,348.25,357.81,0.0,0.8227283981183461,0.3076923076923077,0.12245785091972596,0.49994999499949994,0.2947546674569239,0.0,medium,1.0
72144792,0,1.0,7,0.05164830123744123,0.5,116.56,155.26,116.56,0.0,1.0,0.3076923076923077,0.08218955813856163,0.49994999499949994,0.09858177045849034,0.0,low,1.0
380041375,0,0.86,8,0.005804003528174032,0.5,87.87,96.33,87.87,0.0,0.8266897746967071,0.38461538461538464,0.009231495984335664,0.49994999499949994,0.07428982684899031,0.0,low,0.999
72144790,0,0.6762,7,0.1369341230258869,0.9894,353.46,363.55,353.46,0.0,0.5991582074770982,0.3076923076923077,0.21791610642981954,0.9893989398939893,0.2991659963591719,0.0,medium,0.5918
1372216571,0,0.6789,10,0.10484501231751084,0.9308,239.28,246.09,239.28,0.0,0.6025006189650903,0.5384615384615384,0.16684848296260946,0.9307930793079308,0.20248931035942594,0.0,medium,0.9719
1494337023,0,1.0,9,0.017817680032791057,0.5,149.38,157.28,149.38,0.0,1.0,0.46153846153846156,0.028350439908029667,0.49994999499949994,0.12637060243004106,0.0,low,0.9996
1494337022,0,0.8615,10,0.01332073670123011,0.5,188.89,195.55,188.89,0.0,0.8285466699678139,0.5384615384615384,0.021193862373159195,0.49994999499949994,0.15982388552559162,0.0,medium,0.9415
70971106,0,0.7272,8,0.1394686324704412,0.5,196.24,207.62,196.24,0.0,0.6622926466947263,0.38461538461538464,0.22194960474533382,0.49994999499949994,0.1660471614241565,0.0,medium,1.0
72144793,0,0.6605,9,0.05891475422144918,0.5,272.3,272.3,283.17,0.0,0.5797227036395147,0.46153846153846156,0.09375362073605337,0.49994999499949994,0.23044748317175398,0.0,medium,1.0
72144793,0,0.9011,11,0.024726182180745532,0.5,165.78,165.78,170.49,0.0,0.8775687051250309,0.6153846153846154,0.03934484824861548,0.49994999499949994,0.14025655137377757,0.0,medium,0.852
70971095,0,1.0,11,0.0291634084855131,1.0,199.84,199.84,199.89,0.0,1.0,0.6153846153846154,0.04640639022246402,1.0,0.16909529655814742,0.0,medium,0.9997
380041375,0,0.8827,9,0.00010982371327245413,1.0,163.11,165.47,163.11,0.0,0.8547907897994553,0.46153846153846156,0.00016959852682592002,1.0,0.13799585114940097,0.0,medium,0.9989
380041376,0,0.7347,8,0.11492384158448199,0.5,286.53,291.77,286.53,0.0,0.67157712305026,0.38461538461538464,0.18288824993133476,0.49994999499949994,0.24249608399305703,0.0,medium,1.0
70971076,0,0.8202,7,0.0017254676149961836,0.5,440.58,440.58,450.42,0.0,0.7774201535033425,0.3076923076923077,0.0027407852194127344,0.49994999499949994,0.3729308666017527,0.0,medium,1.0
183975105,0,1.0,8,0.0017254676149961836,0.5,412.73,412.73,461.55,0.0,1.0,0.38461538461538464,0.0027407852194127344,0.49994999499949994,0.34935015452351725,0.0,medium,0.9953
380099002,0,1.0,8,2.756979124293261e-05,1.0,88.35,256.66,88.35,0.0,1.0,0.38461538461538464,3.8697039493383206e-05,1.0,0.07469624486685576,0.0,low,0.9942
380099222,0,1.0,7,2.756979124293261e-05,1.0,88.17,258.17,88.17,0.0,1.0,0.3076923076923077,3.8697039493383206e-05,1.0,0.07454383811015622,0.0,low,0.9988
24296351,0,0.8969,7,0.18782371843048662,1.0,96.55,96.55,264.07,0.0,0.8723693983659322,0.3076923076923077,0.2989034145586923,1.0,0.08163921933872402,0.0,medium,1.0
"[421001288, 421001287]",0,0.96,7,0.18782371843048662,1.0,102.33,102.33,252.79,0.0,0.9504827927704877,0.3076923076923077,0.2989034145586923,1.0,0.08653316963718725,0.0,medium,0.9997
70971091,0,0.901,6,0.15939521345501095,0.5,302.18,302.18,495.69,0.0,0.8774449121069572,0.23076923076923078,0.2536613945782399,0.49994999499949994,0.2557470047838788,0.0,medium,1.0
753248176,0,1.0,6,0.15939521345501095,0.5,289.28,289.28,499.66,0.0,1.0,0.23076923076923078,0.2536613945782399,0.49994999499949994,0.24482452055374454,0.0,medium,0.9925
54725698,0,1.0,6,0.022229122426587405,0.5,189.5,189.5,194.56,0.0,1.0,0.23076923076923078,0.035370948552255685,0.49994999499949994,0.16034037508996232,0.0,low,1.0
70971063,0,0.9346,9,0.01355182016693137,0.5,156.41,156.41,158.49,0.0,0.9190393661797475,0.46153846153846156,0.021561615893135978,0.49994999499949994,0.13232293298336226,0.0,low,0.988
70971091,0,0.8045,8,0.09774091553757383,0.5,253.81,263.84,253.81,0.0,0.7579846496657588,0.38461538461538464,0.1555427991520031,0.49994999499949994,0.21479192244189493,0.0,medium,1.0
70971108,0,1.0,7,0.1264293583383091,0.5,127.23,132.59,127.23,0.0,1.0,0.3076923076923077,0.20119849239083526,0.49994999499949994,0.10761610431395793,0.0,low,0.9953
379732627,0,0.8373,9,0.0291634084855131,1.0,158.51,160.39,158.51,0.0,0.7985887595939589,0.46153846153846156,0.04640639022246402,1.0,0.13410101181152365,0.0,medium,1.0
72144793,0,0.6341,12,0.16383703976533656,0.5,54.12,54.12,64.52,0.0,0.5470413468680366,0.6923076923076923,0.260730257146103,0.49994999499949994,0.04571355996782524,0.0,medium,0.9999
"[1484814088, 379732626, 1475071930, 1484814087]",0,0.5753,11,0.11374834869364439,0.867,30.04,30.04,32.07,0.0,0.47425105224065367,0.6153846153846154,0.18101753344800114,0.866986698669867,0.025324922738241395,0.0,medium,0.9979
379732626,0,0.7089,10,0.05344548188314435,0.5,66.28,140.39,66.28,0.0,0.6396385243872245,0.5384615384615384,0.0850496481345542,0.49994999499949994,0.056009483087083534,0.0,medium,0.9964
1372216571,0,1.0,12,0.01355182016693137,0.5,123.98,126.11,123.98,0.0,1.0,0.6923076923076923,0.021561615893135978,0.49994999499949994,0.10486431565132721,0.0,low,0.9919
70971063,0,0.7913,10,0.05024525967027051,0.517,106.64,115.03,106.64,0.0,0.7416439712800198,0.5384615384615384,0.07995671351060452,0.516951695169517,0.09018246475593752,0.0,medium,0.9826
1372216571,0,0.6789,10,0.10484501231751081,0.9308,239.28,246.09,239.28,0.0,0.6025006189650903,0.5384615384615384,0.1668484829626094,0.9307930793079308,0.20248931035942594,0.0,medium,0.9719
70971091,0,0.8182,6,0.08358737239192986,0.5,383.63,383.63,431.95,0.0,0.7749442931418669,0.23076923076923078,0.13301840392468403,0.49994999499949994,0.3247110621904238,0.0,medium,1.0
70971058,0,0.6255,9,0.12925695503099105,0.8349,157.03,158.65,157.03,0.0,0.5363951473136914,0.46153846153846156,0.20569841900242936,0.8348834883488349,0.1328478895897718,0.0,medium,0.997
1475071930,0,1.0,11,0.12925695503099105,0.8349,160.03,160.03,160.61,0.0,1.0,0.6153846153846154,0.20569841900242936,0.8348834883488349,0.13538800220143093,0.0,medium,0.9999
"[1484814088, 1475071930, 379732626, 1484814087]",0,0.5753,11,0.11374834869364439,0.867,30.04,30.04,32.07,0.0,0.47425105224065367,0.6153846153846154,0.18101753344800114,0.866986698669867,0.025324922738241395,0.0,medium,0.9979
70971105,0,0.7313,6,0.08883891348818788,0.5,373.69,382.57,373.69,0.0,0.6673681604357513,0.23076923076923078,0.14137587215630698,0.49994999499949994,0.31629482240379325,0.0,medium,1.0
1372216575,0,0.7652,6,0.14787055485499917,0.5,386.51,396.65,386.51,0.0,0.709333993562763,0.23076923076923078,0.23532068918063212,0.49994999499949994,0.32714957029761654,0.0,medium,1.0
380099222,0,1.0,8,2.756979124293261e-05,1.0,69.1,264.65,69.1,0.0,1.0,0.38461538461538464,3.8697039493383206e-05,1.0,0.0583971889420431,0.0,low,0.9982
421001288,0,0.9245,7,0.25089081375644273,1.0,48.0,182.72,48.0,0.0,0.9065362713542956,0.3076923076923077,0.3992703803666881,1.0,0.04053173024004064,0.0,medium,1.0
70971065,0,1.0,8,2.756979124293261e-05,1.0,106.58,241.19,106.58,0.0,1.0,0.38461538461538464,3.8697039493383206e-05,1.0,0.09013166250370434,0.0,low,0.9829
380099221,0,0.9928,7,0.22410127779917643,0.5,188.79,198.47,188.79,0.0,0.9910869026986878,0.3076923076923077,0.35663666740530464,0.49994999499949994,0.159739215105203,0.0,medium,0.9932
120276605,0,0.6318,5,0.22410127779917643,1.0,72.15,80.47,72.15,0.0,0.5441941074523396,0.15384615384615385,0.35663666740530464,1.0,0.06097963676389655,0.0,medium,0.9991
786036903,0,1.0,7,0.12925695503099105,0.8349,161.76,196.96,161.76,0.0,1.0,0.3076923076923077,0.20569841900242936,0.8348834883488349,0.13685280047415435,0.0,medium,0.9518
1372216568,0,1.0,7,0.07461232047776767,0.5,78.69,79.0,78.69,0.0,1.0,0.3076923076923077,0.11873522306883498,0.49994999499949994,0.06651708225731341,0.0,low,1.0
379732627,0,0.816,7,0.07461232047776767,0.5,93.59,101.49,93.59,0.0,0.7722208467442435,0.3076923076923077,0.11873522306883498,0.49994999499949994,0.07913297489522036,0.0,low,0.8216
1372216571,0,1.0,12,0.01355182016693137,0.5,123.98,126.11,123.98,0.0,1.0,0.6923076923076923,0.021561615893135978,0.49994999499949994,0.10486431565132721,0.0,low,0.9919
379732627,0,0.9129,9,0.022229122426587405,0.5,152.6,152.6,155.16,0.0,0.8921762812577371,0.46153846153846156,0.035370948552255685,0.49994999499949994,0.1290969899665552,0.0,low,0.9523
"[70971097, 1372216571]",0,0.7234,14,0.04739070220010125,0.5,80.61,80.61,84.85,0.0,0.6575885120079228,0.8461538461538461,0.07541388066687399,0.49994999499949994,0.06814275432877524,0.0,medium,1.0
54725698,0,0.8488,8,0.248734241710858,0.5,187.84,193.76,187.84,0.0,0.8128249566724437,0.38461538461538464,0.3958383435550514,0.49994999499949994,0.15893484611151096,0.0,medium,1.0
"[70971075, 70971079]",0,0.976,7,0.06231404903808074,0.5,163.82,166.32,163.82,0.0,0.9702896756622926,0.3076923076923077,0.0991633657840664,0.49994999499949994,0.1385970111341603,0.0,low,0.9977
70971095,0,1.0,11,0.0291634084855131,1.0,199.84,199.84,199.89,0.0,1.0,0.6153846153846154,0.04640639022246402,1.0,0.16909529655814742,0.0,medium,0.9997
70971095,0,0.6962,12,0.09030651280540991,0.7153,174.13,174.13,177.94,0.0,0.6239168110918545,0.6923076923076923,0.14371145602504493,0.7152715271527154,0.1473265314762288,0.0,medium,0.9998
379732627,0,0.8105,10,0.041183231603519985,0.5,185.12,191.52,185.12,0.0,0.7654122307501857,0.5384615384615384,0.06553511606068486,0.49994999499949994,0.15663181067694001,0.0,medium,0.999
54725698,0,0.9938,7,0.248734241710858,0.5,188.07,188.07,194.12,0.0,0.9923248328794256,0.3076923076923077,0.3958383435550514,0.49994999499949994,0.15912958807840483,0.0,medium,0.9985
70971063,0,0.7768,9,0.017817680032791057,0.5,123.38,132.91,123.38,0.0,0.7236939836593217,0.46153846153846156,0.028350439908029667,0.49994999499949994,0.10435629312899539,0.0,medium,0.8535
70971091,0,0.7639,7,0.10681136510931546,0.9678,229.13,239.93,229.13,0.0,0.7077246843278039,0.3076923076923077,0.1699777988507361,0.9677967796779678,0.19389526268997925,0.0,medium,1.0
379732627,0,0.7288,9,0.10594133835142239,0.5,97.76,127.45,97.76,0.0,0.664273334983907,0.46153846153846156,0.16859321081143952,0.49994999499949994,0.08266373142542655,0.0,medium,0.9998
70971091,0,0.8292,6,0.07017588498855203,1.0,370.95,370.95,418.09,0.0,0.7885615251299827,0.23076923076923078,0.11167493962381278,1.0,0.3139748528851446,0.0,medium,1.0
72144793,0,0.6605,9,0.05891475422144918,0.5,272.3,272.3,283.17,0.0,0.5797227036395147,0.46153846153846156,0.09375362073605337,0.49994999499949994,0.23044748317175398,0.0,medium,1.0
"[70971072, 72144792]",0,0.8739,7,0.03773891425068529,0.5,188.92,188.92,199.34,0.0,0.8438970042089626,0.3076923076923077,0.06005372072771207,0.49994999499949994,0.15984928665170822,0.0,low,0.7451
380099222,0,1.0,7,2.756979124293261e-05,1.0,112.11,232.11,112.11,0.0,1.0,0.3076923076923077,3.8697039493383206e-05,1.0,0.09481393675119598,0.0,low,0.9951
70971108,0,0.8059,7,0.08020494282498644,0.5,240.59,249.68,240.59,0.0,0.7597177519187918,0.3076923076923077,0.1276354987672676,0.49994999499949994,0.2035984928665171,0.0,medium,0.9997
380041375,0,0.7926,8,0.1264293583383091,0.5,109.28,118.74,109.28,0.0,0.7432532805149789,0.38461538461538464,0.20119849239083526,0.49994999499949994,0.09241776385419755,0.0,medium,0.996
70971078,0,1.0,7,0.12345630802070794,0.5,100.24,112.24,100.24,0.0,1.0,0.3076923076923077,0.19646708629023882,0.49994999499949994,0.08476355785106474,0.0,low,0.9992
380041375,0,0.8043,10,0.12345630802070794,0.5,114.71,120.94,114.71,0.0,0.7577370636296114,0.5384615384615384,0.19646708629023882,0.49994999499949994,0.09701536768130054,0.0,medium,0.9997
421001289,0,1.0,8,0.18782371843048662,1.0,179.78,179.78,205.73,0.0,1.0,0.38461538461538464,0.2989034145586923,1.0,0.1521104102281868,0.0,medium,1.0
380099223,0,1.0,8,0.23639042367072027,0.5,212.23,220.8,212.23,0.0,1.0,0.38461538461538464,0.3761940019729406,0.49994999499949994,0.17958596164429957,0.0,medium,0.9998
70971075,0,1.0,8,0.248734241710858,0.5,199.2,199.2,204.75,0.0,1.0,0.38461538461538464,0.3958383435550514,0.49994999499949994,0.16855340586766013,0.0,medium,0.9998
54725698,0,1.0,7,0.248734241710858,0.5,200.1,200.1,204.6,0.0,1.0,0.3076923076923077,0.3958383435550514,0.49994999499949994,0.16931543965115786,0.0,medium,0.999
136987959,0,1.0,8,0.14201734237001812,0.0136,587.1,590.0,587.1,0.0,1.0,0.38461538461538464,0.22600570211311694,0.013501350135013501,0.496989966555184,0.0,medium,1.0
"[413680484, 644583468]",0,1.0,8,0.11246516341154304,0.5,490.37,490.37,490.55,0.0,1.0,0.38461538461538464,0.17897543189459433,0.49994999499949994,0.4150882689132552,0.0,medium,1.0
31286586,0,0.7504,7,0.136800871668628,0.5,40.3,48.19,40.3,0.0,0.6910126268878435,0.3076923076923077,0.2177040460146577,0.49994999499949994,0.03401210787011557,0.0,medium,0.9279
74686098,0,0.5706,6,0.2437204472131573,0.5,18.14,30.73,18.14,0.0,0.4684327803911859,0.23076923076923078,0.3878592327633112,0.49994999499949994,0.015249142711993567,0.0,medium,1.0
29550194,0,0.4325,7,0.614196373692572,0.0799,84.84,84.84,121.56,0.0,0.29747462243129486,0.3076923076923077,0.9774463138468058,0.0798079807980798,0.0717243131112146,0.0,high,0.9999
589713694,0,0.5288,6,0.22988851803773544,0.0799,111.42,111.42,153.94,0.0,0.41668729883634564,0.23076923076923078,0.36584666415787515,0.0798079807980798,0.09422971085051438,0.0,medium,1.0
31286732,0,0.7109,6,0.2156461004385613,0.0009,81.95,86.99,81.95,0.0,0.6421143847487001,0.23076923076923078,0.343180831320459,0.0008000800080008,0.06927733796198299,0.0,medium,0.8077
137305230,0,0.6325,10,0.6044976223905092,0.074,103.98,103.98,110.87,0.0,0.5450606585788561,0.5384615384615384,0.9620114149461463,0.0739073907390739,0.08793023157359978,0.0,high,0.9926
137305230,0,0.6814,7,0.5216035237821391,0.004,167.42,167.42,172.26,0.0,0.6055954444169349,0.3076923076923077,0.8300911304029834,0.0039003900390039005,0.14164514626815122,0.0,medium,0.9772
31286732,0,0.601,7,0.35984564762595533,0.0806,134.62,134.62,138.07,0.0,0.5060658578856152,0.3076923076923077,0.5726645414435276,0.08050805080508051,0.11387324838067822,0.0,medium,0.9998
74686089,0,0.5493,8,0.36956831467308576,0.004,161.13,161.13,167.95,0.0,0.4420648675414707,0.38461538461538464,0.5881375006156342,0.0039003900390039005,0.13631937682570594,0.0,medium,0.9896
74686095,0,0.5775,7,0.4068490559450935,0.2385,98.91,111.48,98.91,0.0,0.4769744986382768,0.3076923076923077,0.6474672488021559,0.23842384238423842,0.08363744125989586,0.0,medium,0.9795
74686102,0,0.5503,6,0.40958092371081856,0.012,167.69,179.18,167.69,0.0,0.44330279772220843,0.23076923076923078,0.6518148293783244,0.011901190119011902,0.14187375640320055,0.0,medium,0.9912
137305230,0,0.6814,7,0.5216035237821391,0.004,167.42,167.42,172.26,0.0,0.6055954444169349,0.3076923076923077,0.8300911304029834,0.0039003900390039005,0.14164514626815122,0.0,medium,0.9772
31286612,0,0.4542,7,0.33302613748993254,0.5076,68.55,68.55,70.85,0.0,0.3243377073533053,0.3076923076923077,0.5299831266281294,0.5075507550755076,0.057931501629905596,0.0,high,0.7018
64488255,0,0.7159,10,0.1741389645514169,0.0473,124.55,129.44,124.55,0.0,0.6483040356523891,0.5384615384615384,0.2771250653645104,0.047204720472047206,0.10534693704754244,0.0,medium,0.9998
543015169,0,0.6335,10,0.2084754098222024,0.1745,147.7,147.7,150.1,0.0,0.5462985887595939,0.5384615384615384,0.3317691679769657,0.17441744174417442,0.12494813936751197,0.0,medium,1.0
543015181,0,0.721,11,0.09452590483528386,0.0473,86.54,88.15,86.54,0.0,0.654617479574152,0.6153846153846154,0.15042632965929326,0.047204720472047206,0.07316371025782144,0.0,medium,0.9053
29550040,0,0.7763,6,0.13059371993642055,0.2649,153.52,153.52,160.57,0.0,0.7230750185689527,0.23076923076923078,0.20782578885929595,0.26482648264826486,0.12987595783413067,0.0,medium,0.8561
74686095,0,0.5943,6,0.28538717132358166,0.0028,127.46,127.46,140.23,0.0,0.497771725674672,0.23076923076923078,0.45416897245416094,0.0027002700270027003,0.10781084628085179,0.0,medium,1.0
74686101,0,0.6572,7,0.5744846291679858,0.1173,38.91,43.74,38.91,0.0,0.5756375340430799,0.3076923076923077,0.9142477903651859,0.11721172117211721,0.032835189026713514,0.0,medium,0.9586
74686104,0,0.5722,8,0.3727583381329344,0.1662,75.12,75.61,75.12,0.0,0.47041346868036643,0.38461538461538464,0.5932142046221617,0.16611661166116612,0.06349434824943907,0.0,medium,0.9978
137305230,0,0.6325,10,0.6044976223905092,0.074,103.98,103.98,110.87,0.0,0.5450606585788561,0.5384615384615384,0.9620114149461463,0.0739073907390739,0.08793023157359978,0.0,high,0.9926
74686101,0,0.6572,7,0.5744846291679858,0.1173,38.91,43.74,38.91,0.0,0.5756375340430799,0.3076923076923077,0.9142477903651859,0.11721172117211721,0.032835189026713514,0.0,medium,0.9586
74686108,0,0.733,8,0.1898028658738764,0.3137,142.66,142.66,166.02,0.0,0.6694726417430057,0.38461538461538464,0.30205309225913224,0.3136313631363136,0.12068075017992465,0.0,medium,1.0
219673833,0,0.808,9,0.17520086873452093,0.3137,133.33,133.33,155.11,0.0,0.7623174052983412,0.46153846153846156,0.2788150131936616,0.3136313631363136,0.11278099995766482,0.0,medium,0.9995
219673833,0,0.4203,7,0.5271113615844438,0.0799,137.65,137.65,168.89,0.0,0.2823718742262937,0.3076923076923077,0.8388564773009621,0.0798079807980798,0.11643876211845393,0.0,high,0.9996
29550048,0,0.6522,6,0.3384144934014816,0.0318,201.88,212.01,201.88,0.0,0.5694478831393909,0.23076923076923078,0.5385583262744842,0.0317031703170317,0.17082257313407562,0.0,medium,1.0
29471907,0,0.6839,8,0.14741428167964266,0.1476,106.53,106.53,106.93,0.0,0.6086902698687793,0.38461538461538464,0.23459456165004858,0.14751475147514753,0.09008932729351002,0.0,medium,0.9968
31290865,0,0.6647,8,0.18137256168779653,0.0963,134.93,134.93,136.89,0.0,0.5849220103986135,0.38461538461538464,0.28863684012920343,0.0962096209620962,0.114135726683883,0.0,medium,0.9999
786019235,0,0.3569,8,0.4374958825962298,0.1355,147.65,147.65,147.83,0.0,0.2038871007675167,0.38461538461538464,0.6962395759042768,0.13541354135413544,0.12490580415731765,0.0,high,0.9998
338940738,0,0.8121,7,0.16268635709852014,0.1379,112.78,136.61,112.78,0.0,0.7673929190393662,0.3076923076923077,0.25889902443625146,0.13781378137813782,0.09538122856779985,0.0,low,0.7478
371895813,0,0.777,6,0.24252581169999074,0.196,143.72,144.64,143.72,0.0,0.7239415696954692,0.23076923076923078,0.3859580521066898,0.19591959195919595,0.1215782566360442,0.0,medium,0.9992
371895813,0,0.777,6,0.24252581169999074,0.196,143.72,144.64,143.72,0.0,0.7239415696954692,0.23076923076923078,0.3859580521066898,0.19591959195919595,0.1215782566360442,0.0,medium,0.9992
96566696,0,0.8103,7,0.15513981862702497,0.196,106.09,106.46,106.09,0.0,0.7651646447140381,0.3076923076923077,0.24688922495487986,0.19591959195919595,0.08971677744380002,0.0,low,0.6961
334669471,0,0.8827,6,0.014739066286200343,0.909,54.89,54.89,56.05,0.0,0.8547907897994553,0.23076923076923078,0.023451036835110177,0.908990899089909,0.046365522204817745,0.0,low,0.9946
373489785,0,1.0,6,0.037249889926028915,1.0,41.99,44.23,41.99,0.0,1.0,0.23076923076923078,0.05927547198455385,1.0,0.035443037974683546,0.0,low,0.9998
28603900,0,0.6595,11,0.19817189377839384,0.0027,124.62,124.62,125.43,0.0,0.5784847734587769,0.6153846153846154,0.31537182738079184,0.0026002600260026008,0.1054062063418145,0.0,medium,1.0
28603900,0,0.6583,9,0.19876120487897656,0.0528,0.45,0.45,10.01,0.0,0.5769992572418915,0.46153846153846156,0.31630967566406476,0.0527052705270527,0.00027094534524363915,0.0,medium,0.9788
55189232,0,1.0,6,0.03320003306953775,0.5,281.02,286.13,281.02,0.0,1.0,0.23076923076923078,0.052830401975511636,0.49994999499949994,0.23783074382964312,0.0,low,0.9767
120273337,0,1.0,7,0.16891146128439166,0.5,137.77,146.14,137.77,0.0,1.0,0.3076923076923077,0.26880585169292764,0.49994999499949994,0.1165403666229203,0.0,low,0.8794
120274063,0,1.0,10,0.05676658436433721,0.5,49.66,49.66,57.99,0.0,1.0,0.5384615384615384,0.09033495543231312,0.49994999499949994,0.041937259218492014,0.0,low,0.9999
55137648,0,0.9675,5,0.00794280231277908,0.5,439.88,449.08,439.88,0.0,0.9597672691260213,0.15384615384615385,0.012635247867550896,0.49994999499949994,0.3723381736590322,0.0,medium,0.9851
48785154,0,0.8376,10,0.05676658436433721,0.5,11.51,11.51,16.12,0.0,0.7989601386481803,0.5384615384615384,0.09033495543231312,0.49994999499949994,0.009635493840226916,0.0,low,0.9797
48785154,0,0.8859,12,0.0358427850290098,0.5,0.13,0.13,11.08,0.0,0.8587521663778163,0.6923076923076923,0.05703616084524319,0.49994999499949994,0.0,0.0,low,0.994
120274063,0,1.0,10,0.05676658436433721,0.5,49.66,49.66,57.99,0.0,1.0,0.5384615384615384,0.09033495543231312,0.49994999499949994,0.041937259218492014,0.0,low,0.9999
786036904,0,0.6974,5,0.18218835096769276,0.5,111.46,118.76,111.46,0.0,0.6254023273087398,0.15384615384615385,0.28993511293435953,0.49994999499949994,0.09426357901866983,0.0,medium,0.9999
121784187,0,1.0,7,0.07461232047776767,0.5,105.59,105.59,109.55,0.0,1.0,0.3076923076923077,0.11873522306883498,0.49994999499949994,0.08929342534185683,0.0,low,1.0
"[39723681, 126352410]",0,1.0,6,0.05676658436433721,0.5,107.5,107.5,117.92,0.0,1.0,0.23076923076923078,0.09033495543231312,0.49994999499949994,0.0909106303712798,0.0,low,1.0
55137648,0,0.9838,5,0.00794280231277908,0.5,460.03,469.22,460.03,0.0,0.9799455310720475,0.15384615384615385,0.012635247867550896,0.49994999499949994,0.3893992633673426,0.0,medium,0.9899
55137648,0,1.0,7,0.00794280231277908,0.5,431.52,440.67,431.52,0.0,1.0,0.3076923076923077,0.012635247867550896,0.49994999499949994,0.36525972651454214,0.0,medium,0.9949
130855699,0,1.0,8,0.06714521173013581,0.5,547.24,547.51,547.24,0.0,1.0,0.38461538461538464,0.10685183055670662,0.49994999499949994,0.46324033698827316,0.0,medium,1.0
"[130855800, 372083234]",0,1.0,8,0.06714521173013581,0.5,643.55,643.55,643.62,0.0,1.0,0.38461538461538464,0.10685183055670662,0.49994999499949994,0.5447864188645697,0.0,medium,1.0
130855699,0,1.0,8,0.06714521173013581,0.5,551.69,554.31,551.69,0.0,1.0,0.38461538461538464,0.10685183055670662,0.49994999499949994,0.46700817069556755,0.0,medium,1.0
"[130855700, 136987391]",0,1.0,8,0.00016670216844025967,0.0936,334.33,339.15,334.33,0.0,1.0,0.38461538461538464,0.0002601166953817067,0.09350935093509351,0.2829685449388256,0.0,low,0.9989
135984646,0,1.0,6,0.1425939140316534,0.5,339.72,339.72,345.68,0.0,1.0,0.23076923076923078,0.22692327645121066,0.49994999499949994,0.2875322805977732,0.0,medium,0.9989
135984649,0,1.0,6,0.1425939140316534,0.5,337.87,337.87,343.95,0.0,1.0,0.23076923076923078,0.22692327645121066,0.49994999499949994,0.2859658778205834,0.0,medium,0.9988
1138018312,0,1.0,7,0.1425939140316534,0.5,311.55,317.14,311.55,0.0,1.0,0.3076923076923077,0.22692327645121066,0.49994999499949994,0.2636806231742941,0.0,medium,0.9988
1138018310,0,1.0,6,0.009912597338952427,0.5,319.35,325.2,319.35,0.0,1.0,0.23076923076923078,0.015770041836083857,0.49994999499949994,0.2702849159646078,0.0,low,0.9495
153361072,0,1.0,6,0.1425939140316534,0.5,319.62,319.62,325.62,0.0,1.0,0.23076923076923078,0.22692327645121066,0.49994999499949994,0.2705135260996571,0.0,medium,0.9964
1138018312,0,1.0,6,0.1425939140316534,0.5,311.75,311.75,317.43,0.0,1.0,0.23076923076923078,0.22692327645121066,0.49994999499949994,0.2638499640150713,0.0,medium,0.9943
135984647,0,1.0,8,0.009912597338952427,0.5,403.2,409.0,403.2,0.0,1.0,0.38461538461538464,0.015770041836083857,0.49994999499949994,0.3412810634604801,0.0,medium,0.995
135984649,0,1.0,7,0.1425939140316534,0.5,354.21,354.21,360.18,0.0,1.0,0.3076923076923077,0.22692327645121066,0.49994999499949994,0.2998010245120867,0.0,medium,0.9999
76737039,0,1.0,6,0.009097534160351558,0.5,425.65,434.24,425.65,0.0,1.0,0.23076923076923078,0.014472924571443928,0.49994999499949994,0.3602895728377291,0.0,medium,0.9674
135984643,0,1.0,8,0.22537095295181633,0.5,377.28,384.67,377.28,0.0,1.0,0.38461538461538464,0.3586572685123264,0.49994999499949994,0.3193344904957453,0.0,medium,1.0
135984644,0,1.0,7,0.013976408928083245,0.5,364.96,381.25,364.96,0.0,1.0,0.3076923076923077,0.022237319847039982,0.49994999499949994,0.3089030947038652,0.0,medium,0.841
"[944875352, 766742047]",0,1.0,8,0.013976408928083245,0.5,358.35,374.74,358.35,0.0,1.0,0.38461538461538464,0.022237319847039982,0.49994999499949994,0.3033063799161763,0.0,medium,0.9464
135984641,0,1.0,6,0.1425939140316534,0.5,314.9,320.73,314.9,0.0,1.0,0.23076923076923078,0.22692327645121066,0.49994999499949994,0.2665170822573134,0.0,medium,0.9953
135984646,0,1.0,6,0.1425939140316534,0.5,324.38,324.38,330.12,0.0,1.0,0.23076923076923078,0.22692327645121066,0.49994999499949994,0.2745438381101562,0.0,medium,0.9973
76737039,0,1.0,6,0.009097534160351558,0.5,425.65,434.24,425.65,0.0,1.0,0.23076923076923078,0.014472924571443928,0.49994999499949994,0.3602895728377291,0.0,medium,0.9674
54676632,0,1.0,7,0.013976408928083245,0.5,359.47,375.71,359.47,0.0,1.0,0.3076923076923077,0.022237319847039982,0.49994999499949994,0.30425468862452903,0.0,medium,0.7919
135984644,0,1.0,7,0.013976408928083245,0.5,367.05,383.23,367.05,0.0,1.0,0.3076923076923077,0.022237319847039982,0.49994999499949994,0.31067270648998774,0.0,medium,0.8571
135984644,0,1.0,8,0.013976408928083245,0.5,378.07,394.37,378.07,0.0,1.0,0.38461538461538464,0.022237319847039982,0.49994999499949994,0.32000338681681556,0.0,medium,0.983
135984647,0,1.0,8,0.009912597338952427,0.5,403.2,409.0,403.2,0.0,1.0,0.38461538461538464,0.015770041836083857,0.49994999499949994,0.3412810634604801,0.0,medium,0.995
135984649,0,1.0,7,0.1425939140316534,0.5,363.76,363.76,370.18,0.0,1.0,0.3076923076923077,0.22692327645121066,0.49994999499949994,0.30788704965920155,0.0,medium,0.9999
136987245,0,1.0,8,0.00033098392672245206,0.0463,321.54,331.19,321.54,0.0,1.0,0.38461538461538464,0.0005215598700065603,0.0462046204620462,0.272139198171119,0.0,low,0.9998
188864815,0,1.0,10,0.07955696925345496,0.1511,349.77,376.87,349.77,0.0,1.0,0.5384615384615384,0.1266042931764241,0.15101510151015105,0.29604165784683123,0.0,medium,0.9691
136987246,0,1.0,6,0.14201734237001812,0.0136,307.63,311.6,307.63,0.0,1.0,0.23076923076923078,0.22600570211311694,0.013501350135013501,0.2603615426950595,0.0,low,0.9814
365146791,0,1.0,6,0.14201734237001812,0.0136,293.81,298.02,293.81,0.0,1.0,0.23076923076923078,0.22600570211311694,0.013501350135013501,0.24866009059734984,0.0,low,0.9918
159321511,0,1.0,6,0.14201734237001812,0.0136,318.29,322.35,318.29,0.0,1.0,0.23076923076923078,0.22600570211311694,0.013501350135013501,0.2693874095084882,0.0,low,0.9653
136987244,0,1.0,6,0.00033098392672245206,0.2607,214.2,223.89,214.2,0.0,1.0,0.23076923076923078,0.0005215598700065603,0.26062606260626064,0.18125396892595572,0.0,low,1.0
136987245,0,1.0,8,0.00033098392672245206,0.2607,283.18,292.84,283.18,0.0,1.0,0.38461538461538464,0.0005215598700065603,0.26062606260626064,0.2396596249100377,0.0,low,0.999
159321511,0,1.0,8,0.14201734237001812,0.0136,353.91,357.7,353.91,0.0,1.0,0.38461538461538464,0.22600570211311694,0.013501350135013501,0.2995470132509208,0.0,medium,0.8824
188864815,0,1.0,10,0.14201734237001812,0.0136,363.78,367.59,363.78,0.0,1.0,0.5384615384615384,0.22600570211311694,0.013501350135013501,0.30790398374327926,0.0,medium,0.997
188864815,0,1.0,11,0.11519698138541032,0.0136,385.55,388.84,385.55,0.0,1.0,0.6153846153846154,0.18332293323042897,0.013501350135013501,0.32633673426188564,0.0,medium,0.9991
136987244,0,1.0,6,0.00033098392672245206,0.2607,214.2,223.89,214.2,0.0,1.0,0.23076923076923078,0.0005215598700065603,0.26062606260626064,0.18125396892595572,0.0,low,1.0
136987388,0,1.0,10,0.07955696925345496,0.1511,555.23,564.87,555.23,0.0,1.0,0.5384615384615384,0.1266042931764241,0.15101510151015105,0.4700055035773253,0.0,medium,1.0
188864813,0,1.0,11,0.07779148840688184,0.5,602.08,611.72,602.08,0.0,1.0,0.6153846153846154,0.1237946512411668,0.49994999499949994,0.5096735955294018,0.0,medium,1.0
188864813,0,1.0,10,0.07955696925345496,0.1511,620.4,630.08,620.4,0.0,1.0,0.5384615384615384,0.1266042931764241,0.15101510151015105,0.5251852165446002,0.0,medium,1.0
136987245,0,1.0,8,0.00033098392672245206,0.2607,317.29,326.73,317.29,0.0,1.0,0.38461538461538464,0.0005215598700065603,0.26062606260626064,0.2685407053046019,0.0,low,0.992
136987964,0,1.0,10,0.00033098392672245206,0.2607,359.53,369.03,359.53,0.0,1.0,0.5384615384615384,0.0005215598700065603,0.26062606260626064,0.3043054908767622,0.0,medium,0.7148
136987964,0,1.0,11,0.07779148840688184,0.0463,433.2,442.91,433.2,0.0,1.0,0.6153846153846154,0.1237946512411668,0.0462046204620462,0.36668218957707127,0.0,medium,0.9997
136987962,0,1.0,12,0.00033098392672245206,0.5,499.04,508.37,499.04,0.0,1.0,0.6923076923076923,0.0005215598700065603,0.49994999499949994,0.42242919436095006,0.0,medium,1.0
136987964,0,1.0,10,0.00033098392672245206,0.2607,359.53,369.03,359.53,0.0,1.0,0.5384615384615384,0.0005215598700065603,0.26062606260626064,0.3043054908767622,0.0,medium,0.7148
130855699,0,1.0,8,0.06714521173013581,0.5,572.56,572.99,572.56,0.0,1.0,0.38461538461538464,0.10685183055670662,0.49994999499949994,0.48467888743067605,0.0,medium,1.0
"[188864813, 136987389]",0,0.9941,10,0.00016670216844025967,0.5,676.85,683.59,676.85,0.0,0.9926962119336469,0.5384615384615384,0.0002601166953817067,0.49994999499949994,0.5729816688539859,0.0,medium,1.0
70912719,0,1.0,6,0.2654307608675176,0.0262,88.71,94.44,88.71,0.0,1.0,0.23076923076923078,0.42240971105894387,0.026102610261026105,0.07500105838025486,0.0,low,0.9999
136987390,0,1.0,6,0.2654307608675176,0.0262,109.44,116.01,109.44,0.0,1.0,0.23076923076923078,0.42240971105894387,0.026102610261026105,0.09255323652681936,0.0,low,0.9995
136987965,0,1.0,12,0.11519698138541032,0.0136,570.08,573.81,570.08,0.0,1.0,0.6923076923076923,0.18332293323042897,0.013501350135013501,0.48257906100503795,0.0,medium,1.0
136987964,0,1.0,11,0.18688046354182622,0.1511,579.43,590.21,579.43,0.0,1.0,0.6153846153846154,0.29740228896111875,0.15101510151015105,0.49049574531137546,0.0,medium,1.0
136987964,0,1.0,10,0.11519698138541032,0.0136,579.19,582.77,579.19,0.0,1.0,0.5384615384615384,0.18332293323042897,0.013501350135013501,0.4902925363024428,0.0,medium,1.0
136987965,0,1.0,12,0.11519698138541032,0.0136,570.08,573.81,570.08,0.0,1.0,0.6923076923076923,0.18332293323042897,0.013501350135013501,0.48257906100503795,0.0,medium,1.0
136987965,0,1.0,12,0.11519698138541032,0.0769,473.17,476.53,473.17,0.0,1.0,0.6923076923076923,0.18332293323042897,0.0768076807680768,0.4005249566064096,0.0,medium,1.0
"[644583473, 644587948]",0,1.0,11,0.10082870825375184,0.5,431.22,437.53,431.22,0.0,1.0,0.6153846153846154,0.1604568099267988,0.49994999499949994,0.3650057152533763,0.0,medium,1.0
136987964,0,1.0,10,0.07955696925345496,0.1511,504.04,513.52,504.04,0.0,1.0,0.5384615384615384,0.1266042931764241,0.15101510151015105,0.4266627153803819,0.0,medium,1.0
413680481,0,1.0,10,0.07955696925345496,0.1511,565.7,575.3,565.7,0.0,1.0,0.5384615384615384,0.1266042931764241,0.15101510151015105,0.47887049659201564,0.0,medium,1.0
136987964,0,1.0,11,0.18688046354182622,0.1511,579.43,590.21,579.43,0.0,1.0,0.6153846153846154,0.29740228896111875,0.15101510151015105,0.49049574531137546,0.0,medium,1.0
463694519,0,1.0,10,0.09652096262077646,0.0262,118.64,126.27,118.64,0.0,1.0,0.5384615384615384,0.153601327580263,0.026102610261026105,0.10034291520257399,0.0,low,1.0
"[644583473, 644587948]",0,1.0,11,0.10082870825375184,0.5,431.22,437.53,431.22,0.0,1.0,0.6153846153846154,0.1604568099267988,0.49994999499949994,0.3650057152533763,0.0,medium,1.0
136987245,0,1.0,8,0.00033098392672245206,0.2607,280.08,289.54,280.08,0.0,1.0,0.38461538461538464,0.0005215598700065603,0.26062606260626064,0.23703484187798993,0.0,low,0.9991
"[130855700, 136987391]",0,1.0,8,0.00016670216844025967,0.0936,334.33,339.15,334.33,0.0,1.0,0.38461538461538464,0.0002601166953817067,0.09350935093509351,0.2829685449388256,0.0,low,0.9989
136987964,0,1.0,11,0.07779148840688184,0.0463,433.2,442.91,433.2,0.0,1.0,0.6153846153846154,0.1237946512411668,0.0462046204620462,0.36668218957707127,0.0,medium,0.9997
136987964,0,1.0,10,0.07955696925345496,0.1511,504.04,513.52,504.04,0.0,1.0,0.5384615384615384,0.1266042931764241,0.15101510151015105,0.4266627153803819,0.0,medium,1.0
136987390,0,1.0,8,0.09652096262077646,0.0262,106.72,114.35,106.72,0.0,1.0,0.38461538461538464,0.153601327580263,0.026102610261026105,0.09025020109224843,0.0,low,1.0
463694520,0,1.0,8,0.2654307608675176,0.0262,125.78,133.24,125.78,0.0,1.0,0.38461538461538464,0.42240971105894387,0.026102610261026105,0.10638838321832268,0.0,low,0.9706
136987968,0,1.0,6,0.09652096262077646,0.0262,373.74,381.17,373.74,0.0,1.0,0.23076923076923078,0.153601327580263,0.026102610261026105,0.31633715761398756,0.0,low,0.9371
"[413680484, 644583468]",0,1.0,8,0.11246516341154304,0.5,490.37,490.37,490.55,0.0,1.0,0.38461538461538464,0.17897543189459433,0.49994999499949994,0.4150882689132552,0.0,medium,1.0
644587952,0,1.0,7,0.09652096262077646,0.0262,361.88,369.51,361.88,0.0,1.0,0.3076923076923077,0.153601327580263,0.026102610261026105,0.3062952457558952,0.0,low,0.8594
136987968,0,1.0,6,0.09652096262077646,0.0262,371.24,378.82,371.24,0.0,1.0,0.23076923076923078,0.153601327580263,0.026102610261026105,0.31422039710427163,0.0,low,0.9454
644587952,0,1.0,7,0.09652096262077646,0.0262,373.21,380.83,373.21,0.0,1.0,0.3076923076923077,0.153601327580263,0.026102610261026105,0.3158884043859278,0.0,low,0.7559
188864813,0,1.0,11,0.07779148840688184,0.5,602.08,611.72,602.08,0.0,1.0,0.6153846153846154,0.1237946512411668,0.49994999499949994,0.5096735955294018,0.0,medium,1.0
136987962,0,1.0,12,0.00033098392672245206,0.5,499.04,508.37,499.04,0.0,1.0,0.6923076923076923,0.0005215598700065603,0.49994999499949994,0.42242919436095006,0.0,medium,1.0
"[136987389, 188864813]",0,0.9941,10,0.00016670216844025967,0.5,676.85,683.59,676.85,0.0,0.9926962119336469,0.5384615384615384,0.0002601166953817067,0.49994999499949994,0.5729816688539859,0.0,medium,1.0
136987959,0,1.0,8,0.14201734237001812,0.0136,551.52,554.68,551.52,0.0,1.0,0.38461538461538464,0.22600570211311694,0.013501350135013501,0.46686423098090685,0.0,medium,1.0
136987964,0,1.0,10,0.11519698138541032,0.0136,579.19,582.77,579.19,0.0,1.0,0.5384615384615384,0.18332293323042897,0.013501350135013501,0.4902925363024428,0.0,medium,1.0
136987965,0,1.0,12,0.11519698138541032,0.0769,473.17,476.53,473.17,0.0,1.0,0.6923076923076923,0.18332293323042897,0.0768076807680768,0.4005249566064096,0.0,medium,1.0
188864815,0,1.0,10,0.07955696925345496,0.1511,349.77,376.87,349.77,0.0,1.0,0.5384615384615384,0.1266042931764241,0.15101510151015105,0.29604165784683123,0.0,medium,0.9691
188864815,0,1.0,11,0.11519698138541032,0.0136,385.55,388.84,385.55,0.0,1.0,0.6153846153846154,0.18332293323042897,0.013501350135013501,0.32633673426188564,0.0,medium,0.9991
136987959,0,1.0,8,0.14201734237001812,0.0136,598.28,601.52,598.28,0.0,1.0,0.38461538461538464,0.22600570211311694,0.013501350135013501,0.5064561195546335,0.0,medium,1.0
"[188864813, 136987966]",0,1.0,9,0.09781757821435495,0.0136,723.5,732.85,723.5,0.0,1.0,0.46153846153846156,0.1556648025551957,0.013501350135013501,0.6124804199652851,0.0,medium,1.0
97887765,0,1.0,10,0.030384711868354695,0.5,542.07,551.35,542.07,0.0,1.0,0.5384615384615384,0.048350010968485645,0.49994999499949994,0.45886287625418065,0.0,medium,1.0
97887765,0,0.961,9,0.011477684094066324,0.5,550.09,557.69,550.09,0.0,0.9517207229512255,0.46153846153846156,0.018260770290045397,0.49994999499949994,0.4656534439693494,0.0,medium,1.0
97887765,0,1.0,10,0.0367429107944515,0.5,573.49,577.74,573.49,0.0,1.0,0.5384615384615384,0.058468649395033774,0.49994999499949994,0.48546632234029047,0.0,medium,1.0
97887765,0,1.0,10,0.030384711868354695,0.5,542.07,551.35,542.07,0.0,1.0,0.5384615384615384,0.048350010968485645,0.49994999499949994,0.45886287625418065,0.0,medium,1.0
143256842,0,1.0,8,0.0367429107944515,0.5,540.78,549.93,540.78,0.0,1.0,0.38461538461538464,0.058468649395033774,0.49994999499949994,0.4577706278311672,0.0,medium,1.0
97887765,0,1.0,10,0.0367429107944515,0.5,573.49,577.74,573.49,0.0,1.0,0.5384615384615384,0.058468649395033774,0.49994999499949994,0.48546632234029047,0.0,medium,1.0
1372216573,0,0.964,10,0.03961362829308484,0.5,527.56,536.4,527.56,0.0,0.9554345134934389,0.5384615384615384,0.06303719981804914,0.49994999499949994,0.4465771982557893,0.0,medium,1.0
163364753,0,0.6928,6,0.36934347664187245,0.002,133.81,139.9,133.81,0.0,0.6197078484773458,0.23076923076923078,0.5877796862771983,0.0019001900190019003,0.11318741797553025,0.0,medium,1.0
296155990,0,0.8193,10,0.10707878608490246,0.002,40.91,43.96,40.91,0.0,0.7763060163406784,0.5384615384615384,0.17040338103070427,0.0019001900190019003,0.03452859743448626,0.0,low,0.9991
31286793,0,0.4735,6,0.355177585516472,0.2034,158.0,158.0,163.29,0.0,0.348229759841545,0.23076923076923078,0.5652356400852105,0.20332033203320332,0.1336691926675416,0.0,medium,0.8158
163397788,0,0.7084,8,0.4331831979124357,0.2034,142.75,142.75,147.39,0.0,0.6390195592968557,0.38461538461538464,0.6893762333963988,0.20332033203320332,0.12075695355827443,0.0,medium,0.9973
786019229,0,0.3979,6,0.6051731654438969,0.15,114.67,114.67,118.87,0.0,0.25464223817776677,0.23076923076923078,0.9630864954804687,0.1499149914991499,0.0969814995131451,0.0,high,1.0
786019229,0,0.3979,6,0.6051731654438969,0.15,114.67,114.67,118.87,0.0,0.25464223817776677,0.23076923076923078,0.9630864954804687,0.1499149914991499,0.0969814995131451,0.0,high,1.0
31286793,0,0.4735,6,0.355177585516472,0.2034,158.0,158.0,163.29,0.0,0.348229759841545,0.23076923076923078,0.5652356400852105,0.20332033203320332,0.1336691926675416,0.0,medium,0.8158
786019231,0,0.8592,7,0.13228943085347591,0.1739,180.38,180.38,185.22,0.0,0.8256994305521168,0.3076923076923077,0.2105243967268807,0.17381738173817382,0.15261843275051862,0.0,low,0.665
31291816,0,0.5973,6,0.27375252309381876,0.0021,64.15,64.15,66.41,0.0,0.5014855162168854,0.23076923076923078,0.43565322608865364,0.002000200020002,0.05420600313280557,0.0,medium,0.9999
182705407,0,0.6928,8,0.22332640367745835,0.0027,39.51,39.51,43.02,0.0,0.6197078484773458,0.38461538461538464,0.35540350827409645,0.0026002600260026008,0.03334321154904534,0.0,medium,0.9713
786019233,0,0.6827,10,0.17531700982147316,0.0021,52.45,52.5,52.45,0.0,0.607204753651894,0.5384615384615384,0.278999843784682,0.002000200020002,0.044299563947335,0.0,medium,0.9926
786019233,0,0.3787,11,0.4921597619057733,0.0027,3.47,3.47,7.33,0.0,0.23087397870760087,0.6153846153846154,0.7832333985504157,0.0026002600260026008,0.002827992040980484,0.0,high,0.9988
65401665,0,0.7017,8,0.13614121376826502,0.5,99.94,109.26,99.94,0.0,0.6307254270859123,0.38461538461538464,0.21665424561417126,0.49994999499949994,0.08450954658989883,0.0,medium,1.0
55461519,0,0.7461,12,0.10600941070797763,0.2145,79.34,79.34,86.55,0.0,0.6856895271106709,0.6923076923076923,0.1687015433079266,0.21442144214421444,0.06706743998983956,0.0,medium,0.9974
65401665,0,0.6092,8,0.206306379952258,0.3027,97.58,97.58,108.42,0.0,0.5162168853676652,0.38461538461538464,0.32831730539049214,0.30263026302630264,0.08251132466872699,0.0,medium,1.0
297421766,0,0.7472,11,0.0427882436494923,0.2352,89.66,89.66,90.52,0.0,0.6870512503094826,0.6153846153846154,0.0680893828825029,0.23512351235123513,0.07580542737394691,0.0,medium,0.7716
55461519,0,0.7461,12,0.10600941070797763,0.2145,79.34,79.34,86.55,0.0,0.6856895271106709,0.6923076923076923,0.1687015433079266,0.21442144214421444,0.06706743998983956,0.0,medium,0.9974
297421766,0,0.7242,11,0.13926104425800162,0.0174,4.49,4.49,11.71,0.0,0.6585788561525129,0.6153846153846154,0.2216192423128739,0.0173017301730173,0.003691630328944584,0.0,low,0.6196
183975105,0,1.0,8,0.0017254676149961836,0.5,412.73,412.73,461.55,0.0,1.0,0.38461538461538464,0.0027407852194127344,0.49994999499949994,0.34935015452351725,0.0,medium,0.9953
283063604,0,0.768,7,0.11229350052220845,0.5,337.89,337.89,533.56,0.0,0.7128001980688289,0.3076923076923077,0.17870224215507488,0.49994999499949994,0.2859828119046611,0.0,medium,1.0
31192842,0,0.9824,6,0.02481772175368538,0.5,239.8,243.43,239.8,0.0,0.9782124288190147,0.23076923076923078,0.039490527213848416,0.49994999499949994,0.20292959654544687,0.0,low,0.9972
183975104,0,0.8217,9,0.016973948263460107,0.5,149.2,152.39,149.2,0.0,0.7792770487744491,0.46153846153846156,0.02700769854336265,0.49994999499949994,0.12621819567334153,0.0,medium,0.7342
31192842,0,0.7192,6,0.09453231526049047,0.5,256.61,256.61,257.67,0.0,0.6523892052488239,0.23076923076923078,0.15043653141227079,0.49994999499949994,0.21716269421277679,0.0,medium,1.0
29487392,0,0.6744,9,0.3787111617674469,0.1046,46.58,52.58,46.58,0.0,0.5969299331517702,0.46153846153846156,0.602687716016625,0.10451045104510451,0.03932941027052199,0.0,medium,1.0
229053047,0,0.4085,6,0.5507977605468243,0.0178,79.37,79.37,87.73,0.0,0.2677642980935875,0.23076923076923078,0.876551760118171,0.0177017701770177,0.06709284111595615,0.0,high,0.9946
188864815,0,1.0,10,0.09194164868087949,0.0136,290.7,293.95,290.7,0.0,1.0,0.5384615384615384,0.14631366285978936,0.013501350135013501,0.2460268405232632,0.0,low,0.8581
"[644583465, 463694518, 188864822]",0,0.9837,10,0.11246516341154304,0.5,213.52,213.52,214.46,0.0,0.9798217380539738,0.5384615384615384,0.17897543189459433,0.49994999499949994,0.180678210067313,0.0,medium,0.9895
257784932,0,1.0,6,0.06714521173013581,0.5,781.67,801.85,781.67,0.0,1.0,0.23076923076923078,0.10685183055670662,0.49994999499949994,0.6617332035053554,0.0,medium,1.0
299101580,0,0.537,7,0.2862020345147334,0.0095,104.57,106.92,104.57,0.0,0.42683832631839563,0.3076923076923077,0.45546577145246303,0.009400940094009401,0.08842978705389272,0.0,medium,1.0
239210557,0,0.6197,11,0.11272528369202867,0.6812,56.91,56.91,57.32,0.0,0.5292151522654123,0.6153846153846154,0.1793893955179788,0.6811681168116812,0.04807586469666822,0.0,medium,1.0
239210557,0,0.7106,10,0.097456201201635,0.7464,57.12,57.23,57.12,0.0,0.6417430056944788,0.5384615384615384,0.15508969577261758,0.7463746374637463,0.048253672579484354,0.0,medium,1.0
191201972,0,0.9715,8,0.1425643371929605,0.171,201.85,218.13,201.85,0.0,0.9647189898489725,0.38461538461538464,0.22687620693671254,0.17091709170917094,0.17079717200795902,0.0,low,0.9422
191201975,0,0.9448,7,0.03799580457495902,0.171,170.3,198.32,170.3,0.0,0.9316662540232731,0.3076923076923077,0.06046254409684819,0.17091709170917094,0.14408365437534398,0.0,low,1.0
191201974,0,0.8079,8,0.0026785009193226305,0.0057,130.91,136.32,130.91,0.0,0.7621936122802673,0.38461538461538464,0.00425747249626987,0.0056005600560056,0.11073197578425978,0.0,low,1.0
338940741,0,0.9316,8,0.016422724591848768,0.0067,93.77,93.77,96.57,0.0,0.915325575637534,0.38461538461538464,0.02613046379653892,0.006600660066006601,0.07928538165191991,0.0,low,1.0
54725714,0,1.0,8,0.03961362829308484,0.5,508.09,518.37,508.09,0.0,1.0,0.38461538461538464,0.06303719981804914,0.49994999499949994,0.43009186740612165,0.0,medium,1.0
1372216573,0,0.9951,10,0.08177053204594499,0.5,434.39,434.39,517.32,0.0,0.9939341421143847,0.5384615384615384,0.1301270268612314,0.49994999499949994,0.367689767579696,0.0,medium,1.0
1372216573,0,0.964,10,0.03961362829308484,0.5,527.56,536.4,527.56,0.0,0.9554345134934389,0.5384615384615384,0.06303719981804914,0.49994999499949994,0.4465771982557893,0.0,medium,1.0
24297098,0,0.8098,8,0.04481114843945696,0.0027,82.48,82.48,90.41,0.0,0.7645456796236691,0.38461538461538464,0.07130869740520064,0.0026002600260026008,0.06972609119004276,0.0,low,1.0
197717492,0,0.2495,4,0.5153680730093972,0.2145,108.21,112.67,108.21,0.0,0.0709333993562763,0.07692307692307693,0.8201678372614384,0.21442144214421444,0.09151179035603912,0.0,high,1.0
285531475,0,0.9962,7,0.00026789348045828693,0.5,74.43,74.43,77.32,0.0,0.9952958653131962,0.3076923076923077,0.0004211557427785768,0.49994999499949994,0.06291012234875748,0.0,low,1.0
285531477,0,1.0,8,0.00026789348045828693,0.5,250.35,250.35,253.45,0.0,1.0,0.38461538461538464,0.0004211557427785768,0.49994999499949994,0.21186232589644807,0.0,low,0.9889
801711929,0,1.0,5,0.06714521173013581,0.5,800.73,800.73,801.72,0.0,1.0,0.15384615384615385,0.10685183055670662,0.49994999499949994,0.6778713856314297,0.0,medium,1.0
29550415,0,0.6321,6,0.37577586667586155,0.0009,128.2,130.75,128.2,0.0,0.544565486506561,0.23076923076923078,0.5980163947742103,0.0008000800080008,0.10843740739172769,0.0,medium,1.0
239209579,0,0.9511,10,0.05642819699148083,0.1325,80.48,80.48,80.89,0.0,0.9394652141619212,0.5384615384615384,0.08979643508813365,0.13241324132413243,0.06803268278227002,0.0,low,1.0
239209579,0,0.7213,10,0.16071688059196315,0.1325,39.68,39.68,40.22,0.0,0.6549888586283734,0.5384615384615384,0.255764737369888,0.13241324132413243,0.03348715126370602,0.0,medium,0.9744
1197961746,0,0.5302,8,0.33442330309206475,0.062,82.73,84.96,82.73,0.0,0.41842040108937856,0.38461538461538464,0.5322066200598873,0.0619061906190619,0.06993776724101436,0.0,medium,0.9995
31318622,0,0.4975,6,0.3998093004725487,0.0025,139.75,139.75,143.82,0.0,0.37794008417925234,0.23076923076923078,0.636263959778652,0.0024002400240024004,0.1182168409466153,0.0,medium,0.9839
225999367,0,0.4397,6,0.33102713451432164,0.0025,109.48,109.48,113.28,0.0,0.30638771973260703,0.23076923076923078,0.5268018502071009,0.0024002400240024004,0.09258710469497482,0.0,medium,0.9979
31318622,0,0.4967,6,0.4082690566167163,0.4255,88.2,88.2,92.14,0.0,0.37694974003466203,0.23076923076923078,0.6497270826841428,0.42544254425442546,0.07456923923627282,0.0,high,0.7241
31318622,0,0.5043,6,0.38939008027876526,0.1362,59.58,59.58,63.26,0.0,0.3863580094082693,0.23076923076923078,0.6196824839467526,0.13611361136113612,0.05033656492104483,0.0,medium,0.9971
225999368,0,0.5899,8,0.3171623041177756,0.043,78.49,78.49,80.58,0.0,0.4923248328794256,0.38461538461538464,0.5047369215600529,0.042904290429042896,0.06634774141653614,0.0,medium,1.0
185429129,0,0.409,10,0.27633228867833615,0.4255,136.31,136.31,138.92,0.0,0.2683832631839564,0.5384615384615384,0.43975874645352353,0.42544254425442546,0.11530417848524618,0.0,high,0.9932
185429129,0,0.4927,10,0.4380350231863934,0.0025,155.42,155.42,158.5,0.0,0.37199801931171084,0.5384615384615384,0.69709758125396,0.0024002400240024004,0.13148469582151476,0.0,high,0.9715
185429129,0,0.4955,10,0.4011782169971202,0.4255,120.7,120.7,122.61,0.0,0.3754642238177767,0.5384615384615384,0.6384424967368798,0.42544254425442546,0.10208712586257991,0.0,high,0.9989
185429129,0,0.409,10,0.27633228867833615,0.4255,136.31,136.31,138.92,0.0,0.2683832631839564,0.5384615384615384,0.43975874645352353,0.42544254425442546,0.11530417848524618,0.0,high,0.9932
225999366,0,0.5133,8,0.32457089571616743,0.4255,96.11,96.11,99.1,0.0,0.39749938103490956,0.38461538461538464,0.5165271880341642,0.42544254425442546,0.08126666948901402,0.0,medium,0.7558
185429129,0,0.4955,10,0.4011782169971202,0.4255,120.7,120.7,122.61,0.0,0.3754642238177767,0.5384615384615384,0.6384424967368798,0.42544254425442546,0.10208712586257991,0.0,high,0.9989
185429129,0,0.6674,13,0.23873600555097932,0.043,110.73,110.73,111.45,0.0,0.5882644218866055,0.7692307692307693,0.3799268350003549,0.042904290429042896,0.09364548494983278,0.0,medium,1.0
452879654,0,1.0,8,0.05568305093796955,0.3449,46.65,46.65,47.84,0.0,1.0,0.38461538461538464,0.08861058614284459,0.34483448344834483,0.03938867956479404,0.0,low,1.0
53826243,0,0.7885,9,0.05568305093796955,0.3449,63.21,63.21,64.44,0.0,0.7381777667739539,0.46153846153846156,0.08861058614284459,0.34483448344834483,0.053410101181152365,0.0,low,0.9433
236186053,0,1.0,7,0.05568305093796955,0.3449,52.66,52.66,58.44,0.0,1.0,0.3076923076923077,0.08861058614284459,0.34483448344834483,0.04447737183015113,0.0,low,1.0
373489776,0,1.0,7,0.05568305093796955,0.3449,63.03,63.03,63.38,0.0,1.0,0.3076923076923077,0.08861058614284459,0.34483448344834483,0.05325769442445282,0.0,low,1.0
49061644,0,0.7512,12,0.1383135685115511,0.3082,138.23,150.2,138.23,0.0,0.6920029710324337,0.6923076923076923,0.220111399509009,0.30813081308130813,0.11692985055670801,0.0,medium,1.0
236406393,0,0.5219,12,0.44212137109908334,0.0567,166.07,178.46,166.07,0.0,0.40814558058925476,0.6923076923076923,0.7036007242814419,0.0566056605660566,0.14050209559290464,0.0,high,0.9979
49061644,0,0.4611,10,0.47817743995120415,0.2583,141.96,141.96,151.83,0.0,0.3328794256003962,0.5384615384615384,0.7609814901300661,0.25822582258225824,0.1200880572372042,0.0,high,1.0
257441633,0,0.9071,8,0.04721849030813701,0.0733,58.2,59.67,58.2,0.0,0.8849962862094578,0.38461538461538464,0.07513981722724399,0.07320732073207321,0.04916811311968164,0.0,low,1.0
767390913,0,0.8162,8,0.08783010516490437,0.0733,139.28,142.76,139.28,0.0,0.7724684327803912,0.38461538461538464,0.13977042275410267,0.07320732073207321,0.11781888997078871,0.0,low,0.9836
257441635,0,0.7491,6,0.19321522040231442,0.0733,113.36,116.48,113.36,0.0,0.6894033176528843,0.23076923076923078,0.3074836209446597,0.07320732073207321,0.09587231700605395,0.0,medium,0.7831
257441636,0,0.983,6,0.025107358446877476,0.0091,182.92,186.99,182.92,0.0,0.9789551869274573,0.23076923076923078,0.03995146418790924,0.009000900090009001,0.15476906142839,0.0,low,1.0
"[767390913, 64502554]",0,0.8237,7,0.14201734237001812,0.0136,246.59,249.78,246.59,0.0,0.7817529091359247,0.3076923076923077,0.22600570211311694,0.013501350135013501,0.20867871808983532,0.0,medium,0.9412
767390913,0,0.8425,8,0.09194164868087949,0.0091,175.89,180.26,175.89,0.0,0.8050259965337955,0.38461538461538464,0.14631366285978936,0.009000900090009001,0.1488167308750688,0.0,low,0.9839
257441631,0,0.7204,6,0.2747010165028421,0.0733,140.95,145.22,140.95,0.0,0.6538747214657094,0.23076923076923078,0.43716268843285294,0.07320732073207321,0.11923288599127894,0.0,medium,0.9999
55441144,0,0.8368,12,0.04718566402216415,0.0293,34.63,34.63,34.84,0.0,0.79796979450359,0.6923076923076923,0.07508757643979669,0.029202920292029203,0.029211295034079845,0.0,low,0.9998
55441144,0,0.6379,10,0.1892418601209374,0.0733,85.91,85.95,85.91,0.0,0.5517454815548403,0.5384615384615384,0.3011602899993754,0.07320732073207321,0.07263028660937301,0.0,medium,1.0
257441633,0,0.9071,8,0.04721849030813701,0.0733,58.2,59.67,58.2,0.0,0.8849962862094578,0.38461538461538464,0.07513981722724399,0.07320732073207321,0.04916811311968164,0.0,low,1.0
257441631,0,0.7204,6,0.2747010165028421,0.0733,140.95,145.22,140.95,0.0,0.6538747214657094,0.23076923076923078,0.43716268843285294,0.07320732073207321,0.11923288599127894,0.0,medium,0.9999
257441635,0,0.7491,6,0.19321522040231448,0.0733,113.36,116.48,113.36,0.0,0.6894033176528843,0.23076923076923078,0.3074836209446598,0.07320732073207321,0.09587231700605395,0.0,medium,0.7831
257441636,0,0.983,6,0.025107358446877476,0.0091,182.92,186.99,182.92,0.0,0.9789551869274573,0.23076923076923078,0.03995146418790924,0.009000900090009001,0.15476906142839,0.0,low,1.0
137305234,0,0.8855,12,0.05291459969019244,0.228,76.7,76.7,77.12,0.0,0.8582569943055212,0.6923076923076923,0.08420478545881671,0.22792279227922793,0.06483214089157953,0.0,low,0.9871
137305234,0,0.8741,11,0.09229025094877136,0.8083,33.29,33.29,33.37,0.0,0.8441445902451101,0.6153846153846154,0.14686843951029563,0.8082808280828083,0.028076711400872104,0.0,medium,0.994
257441632,0,0.7403,8,0.15522129961889744,0.4738,39.58,42.99,39.58,0.0,0.6785095320623916,0.38461538461538464,0.2470188963767679,0.47374737473747375,0.033402480843317386,0.0,medium,0.9952
257441632,0,0.7403,8,0.15522129961889744,0.4738,39.58,42.99,39.58,0.0,0.6785095320623916,0.38461538461538464,0.2470188963767679,0.47374737473747375,0.033402480843317386,0.0,medium,0.9952
257962624,0,0.6675,5,0.14946438013393185,0.0208,74.5,74.5,89.51,0.0,0.5883882149046793,0.15384615384615385,0.23785715302834506,0.020702070207020702,0.06296939164302952,0.0,low,0.9129
239209575,0,0.7095,7,0.1436337445973656,0.0208,39.36,39.36,54.63,0.0,0.6403812824956673,0.3076923076923077,0.22857809562903308,0.020702070207020702,0.03321620591846238,0.0,low,0.9765
54725700,0,1.0,4,0.0891911835885045,0.8495,149.81,157.15,149.81,0.0,1.0,0.07692307692307693,0.14193648591108546,0.8494849484948496,0.12673468523771222,0.0,low,0.9923
786036905,0,1.0,8,0.0891911835885045,0.8495,117.85,123.56,117.85,0.0,1.0,0.38461538461538464,0.14193648591108546,0.8494849484948496,0.09967401888150375,0.0,low,0.5903
24297096,0,1.0,7,0.06299605415160055,0.1349,97.22,98.36,97.22,0.0,1.0,0.3076923076923077,0.10024873024481633,0.1348134813481348,0.08220651115532789,0.0,low,1.0
285531479,0,0.9072,8,0.013589714855218754,0.5,142.48,142.63,142.48,0.0,0.8851200792275316,0.38461538461538464,0.021621922695978048,0.49994999499949994,0.12052834342322509,0.0,low,0.9958
285531480,0,0.9492,7,0.029424598098610446,0.5,108.11,108.11,111.86,0.0,0.9371131468185195,0.3076923076923077,0.04682205561551337,0.49994999499949994,0.09142711993565049,0.0,low,1.0
"[70971096, 285531483, 624026932]",0,0.9946,8,0.003882450945090053,0.5,283.66,283.66,452.2,0.0,0.993315177024016,0.38461538461538464,0.006173476562196821,0.49994999499949994,0.24006604292790318,0.0,low,0.8799
285531485,0,0.6876,8,0.15808881512554215,0.5,223.02,223.02,238.75,0.0,0.6132706115375093,0.38461538461538464,0.2515823510486823,0.49994999499949994,0.18872190000423353,0.0,medium,1.0
215866041,0,0.8696,6,0.0133285302096003,0.5,86.79,132.17,86.79,0.0,0.8385739044317901,0.23076923076923078,0.02120626520833136,0.49994999499949994,0.07337538630879303,0.0,low,1.0
285531474,0,1.0,7,0.00794280231277908,0.5,402.98,412.18,402.98,0.0,1.0,0.3076923076923077,0.012635247867550896,0.49994999499949994,0.34109478853562514,0.0,medium,0.9723
285531477,0,1.0,8,0.00026789348045828693,0.5,250.35,250.35,253.45,0.0,1.0,0.38461538461538464,0.0004211557427785768,0.49994999499949994,0.21186232589644807,0.0,low,0.9889
55137627,0,1.0,8,0.00794280231277908,0.5,482.38,491.54,482.38,0.0,1.0,0.38461538461538464,0.012635247867550896,0.49994999499949994,0.40832310232420305,0.0,medium,1.0
55137648,0,1.0,6,0.00794280231277908,0.5,456.88,466.06,456.88,0.0,1.0,0.23076923076923078,0.012635247867550896,0.49994999499949994,0.38673214512510057,0.0,medium,0.9945
59298976,0,1.0,6,0.016973948263460107,0.5,160.52,163.02,160.52,0.0,1.0,0.23076923076923078,0.02700769854336265,0.49994999499949994,0.13580288726133527,0.0,low,1.0
293802014,0,0.7192,8,0.3012959164885288,0.0105,75.55,79.42,75.55,0.0,0.6523892052488239,0.38461538461538464,0.479486651566635,0.010401040104010403,0.0638584310571102,0.0,medium,0.9999
297421766,0,0.7242,11,0.13926104425800162,0.0174,4.49,4.49,11.71,0.0,0.6585788561525129,0.6153846153846154,0.2216192423128739,0.0173017301730173,0.003691630328944584,0.0,low,0.6196
"[890744302, 297421766]",0,0.6828,11,0.1401297835935797,0.4574,17.03,17.03,19.76,0.0,0.6073285466699677,0.6153846153846154,0.2230017815076692,0.45734573457345734,0.014309301045679694,0.0,medium,1.0
29487406,0,0.5761,7,0.38561363806443316,0.0105,107.14,112.92,107.14,0.0,0.47524139638524376,0.3076923076923077,0.6136725346278128,0.010401040104010403,0.0906058168578807,0.0,medium,0.9997
890744307,0,0.7341,10,0.016422724591848768,0.0067,78.44,121.46,78.44,0.0,0.6708343649418173,0.5384615384615384,0.02613046379653892,0.006600660066006601,0.06630540620634182,0.0,low,0.9981
1049255712,0,0.995,8,0.016422724591848768,0.0067,95.52,104.61,95.52,0.0,0.9938103490963109,0.38461538461538464,0.02613046379653892,0.006600660066006601,0.08076711400872105,0.0,low,1.0
296155990,0,0.7869,6,0.17090039454443978,0.2385,53.03,63.38,53.03,0.0,0.7361970784847734,0.23076923076923078,0.2719711028508239,0.23842384238423842,0.044790652385589096,0.0,low,0.9346
29487419,0,0.4978,7,0.3841988958525669,0.0775,131.9,131.9,134.89,0.0,0.37831146323347364,0.3076923076923077,0.6114210692246317,0.0774077407740774,0.11157021294610729,0.0,medium,0.9423
225998887,0,0.553,11,0.3502847897280564,0.0147,140.05,142.31,140.05,0.0,0.44664520921020057,0.6153846153846154,0.5574490904579708,0.014601460146014602,0.11847085220778122,0.0,medium,0.9298
225998887,0,0.611,11,0.25841827955052143,0.0667,147.42,151.46,147.42,0.0,0.5184451596929933,0.6153846153846154,0.411249826987313,0.0666066606660666,0.12471106219042377,0.0,medium,0.9998
297446091,0,0.5701,8,0.5746776664395408,0.0147,199.16,199.16,201.23,0.0,0.46781381530081706,0.38461538461538464,0.9145549959711153,0.014601460146014602,0.16851953769950467,0.0,high,0.9981
"[70971097, 1372216571]",0,0.7234,14,0.04739070220010126,0.5,80.61,80.61,84.85,0.0,0.6575885120079228,0.8461538461538461,0.07541388066687402,0.49994999499949994,0.06814275432877524,0.0,medium,1.0
"[297825840, 48785155, 236186035]",0,0.8163,16,0.06231404903808074,0.5,165.97,165.97,166.45,0.0,0.772592225798465,1.0,0.0991633657840664,0.49994999499949994,0.14041742517251599,0.0,medium,1.0
"[894268680, 1475071930]",0,0.4928,13,0.13128577005083475,0.5,61.45,61.45,61.77,0.0,0.3721218123297846,0.7692307692307693,0.20892713925147494,0.49994999499949994,0.05191990178231235,0.0,medium,0.9774
"[546424010, 1372216570]",0,0.458,12,0.3047137403628507,0.5,62.11,68.15,62.11,0.0,0.329041842040109,0.6923076923076923,0.48492588434180667,0.49994999499949994,0.05247872655687735,0.0,high,0.9941
1146560612,0,0.9081,10,0.227214640835282,0.024,91.15,96.56,91.15,0.0,0.8862342163901956,0.5384615384615384,0.36159137159419535,0.023902390239023904,0.07706701663773761,0.0,low,0.5705
786019228,0,0.6647,12,0.14270934347391823,0.2404,119.46,119.46,121.39,0.0,0.5849220103986135,0.6923076923076923,0.22710697450841708,0.24032403240324032,0.1010372126497608,0.0,medium,1.0
1300765630,0,0.696,9,0.227214640835282,0.024,91.73,91.73,94.76,0.0,0.6236692250557068,0.46153846153846156,0.36159137159419535,0.023902390239023904,0.07755810507599172,0.0,medium,0.9998
27880591,0,1.0,6,0.05344548188314435,0.5,210.07,239.71,210.07,0.0,1.0,0.23076923076923078,0.0850496481345542,0.49994999499949994,0.17775708056390502,0.0,low,0.9988
"[311743577, 55137650, 453809108, 311743573]",0,0.9995,5,0.00794280231277908,0.5,546.53,556.53,546.53,0.0,0.9993810349096311,0.15384615384615385,0.012635247867550896,0.49994999499949994,0.4626391770035138,0.0,medium,0.9999
"[183975081, 1205200681, 311743583]",0,1.0,5,0.016973948263460107,0.5,288.62,292.06,288.62,0.0,1.0,0.15384615384615385,0.02700769854336265,0.49994999499949994,0.24426569577917956,0.0,low,0.9973
"[119297896, 311743585, 311743594]",0,1.0,5,0.07461232047776767,0.5,205.37,205.37,210.77,0.0,1.0,0.15384615384615385,0.11873522306883498,0.49994999499949994,0.17377757080563908,0.0,low,0.9993
"[311743592, 39723682]",0,1.0,6,0.05676658436433721,0.5,242.1,242.1,249.89,0.0,1.0,0.23076923076923078,0.09033495543231312,0.49994999499949994,0.2048770162143855,0.0,low,0.9896
27880591,0,0.9983,6,0.05344548188314435,0.5,193.18,219.27,193.18,0.0,0.9978955186927457,0.23076923076923078,0.0850496481345542,0.49994999499949994,0.1634562465602642,0.0,low,0.9995
311743578,0,0.9219,6,0.05344548188314435,0.5,160.43,212.05,160.43,0.0,0.9033176528843774,0.23076923076923078,0.0850496481345542,0.49994999499949994,0.1357266838829855,0.0,low,0.9969
24297096,0,0.7981,9,0.0021604691730029487,0.1349,60.03,60.03,63.66,0.0,0.7500618965090369,0.46153846153846156,0.003433060426844416,0.1348134813481348,0.0507175818127937,0.0,low,1.0
403277402,0,0.8397,6,0.0021604691730029487,0.1349,71.53,71.53,77.42,0.0,0.8015597920277296,0.23076923076923078,0.003433060426844416,0.1348134813481348,0.06045468015748699,0.0,low,1.0
1030124065,0,0.8159,7,0.14813369309008026,0.5,57.69,57.69,65.72,0.0,0.7720970537261698,0.3076923076923077,0.2357394556722021,0.49994999499949994,0.04873629397569959,0.0,medium,0.7426
338940741,0,0.9001,7,0.14813369309008026,0.5,76.54,76.54,80.2,0.0,0.8763307749442931,0.3076923076923077,0.2357394556722021,0.49994999499949994,0.06469666821895771,0.0,low,0.8821
767390911,0,1.0,8,0.016422724591848768,0.5,88.7,88.7,89.4,0.0,1.0,0.38461538461538464,0.02613046379653892,0.49994999499949994,0.07499259133821601,0.0,low,1.0
"[338940734, 23126727]",0,0.9364,7,0.00033098392672245206,0.0463,143.33,150.6,143.33,0.0,0.9212676405050755,0.3076923076923077,0.0005215598700065603,0.0462046204620462,0.12124804199652853,0.0,low,1.0
22744726,0,0.9222,7,0.0022660332108912235,0.4629,134.6,134.6,165.74,0.0,0.9036890319385987,0.3076923076923077,0.0036010583681880992,0.46284628462846283,0.11385631429660048,0.0,low,0.9999
28604053,0,0.9983,6,0.0022660332108912235,1.0,133.52,133.52,171.35,0.0,0.9978955186927457,0.23076923076923078,0.0036010583681880992,1.0,0.11294187375640322,0.0,low,0.9955
72144793,0,1.0,12,0.12345630802070794,0.5,112.15,112.15,122.58,0.0,1.0,0.6923076923076923,0.19646708629023882,0.49994999499949994,0.09484780491935144,0.0,medium,0.826
72144793,0,0.9011,11,0.02472618218074553,0.5,165.78,165.78,170.49,0.0,0.8775687051250309,0.6153846153846154,0.03934484824861547,0.49994999499949994,0.14025655137377757,0.0,medium,0.852
380041375,0,0.799,10,0.0018554770630568281,0.5,106.56,134.96,106.56,0.0,0.7511760336717009,0.5384615384615384,0.002947686357966499,0.49994999499949994,0.09011472841962662,0.0,medium,0.5544
"[238758033, 890744301]",0,0.9974,6,0.037249889926028915,1.0,3.54,3.54,9.16,0.0,0.9967813815300817,0.23076923076923078,0.05927547198455385,1.0,0.0028872613352525296,0.0,low,1.0
890744297,0,0.9402,7,0.003286339695243057,0.5,118.95,118.95,121.7,0.0,0.9259717751918792,0.3076923076923077,0.00522480630678185,0.49994999499949994,0.10060539350577877,0.0,low,1.0
1197961747,0,0.5646,6,0.3844866811546478,0.2968,214.06,220.32,214.06,0.0,0.46100519930675904,0.23076923076923078,0.611879059836451,0.29672967296729674,0.18113543033741164,0.0,medium,0.6094
338940738,0,1.0,8,0.016422724591848768,0.0067,97.09,97.09,98.61,0.0,1.0,0.38461538461538464,0.02613046379653892,0.006600660066006601,0.08209643960882267,0.0,low,1.0
338940741,0,0.968,8,0.016422724591848768,0.0067,92.92,106.22,92.92,0.0,0.9603862342163901,0.38461538461538464,0.02613046379653892,0.006600660066006601,0.0785656830786165,0.0,low,1.0
334669470,0,0.9828,8,0.003286339695243057,0.5,173.17,180.61,173.17,0.0,0.9787076008913097,0.38461538461538464,0.00522480630678185,0.49994999499949994,0.14651369544049786,0.0,low,0.9997
347094564,0,0.9991,10,0.003286339695243057,0.5,89.38,95.7,89.38,0.0,0.9988858628373359,0.5384615384615384,0.00522480630678185,0.49994999499949994,0.07556835019685873,0.0,low,1.0
1241770981,0,0.9692,11,0.003286339695243057,0.5,185.79,193.12,185.79,0.0,0.9618717504332756,0.6153846153846154,0.00522480630678185,0.49994999499949994,0.15719910249354388,0.0,low,0.8617
97887765,0,0.9844,10,3.253923378298381e-06,0.5,348.9,355.18,348.9,0.0,0.9806882891804903,0.5384615384615384,0.0,0.49994999499949994,0.29530502518945007,0.0,medium,0.9954
1241770980,0,0.9157,9,0.003286339695243057,0.5,192.81,197.27,192.81,0.0,0.8956424857638029,0.46153846153846156,0.00522480630678185,0.49994999499949994,0.16314296600482622,0.0,low,0.8745
1241770981,0,0.9692,11,0.003286339695243057,0.5,185.79,193.12,185.79,0.0,0.9618717504332756,0.6153846153846154,0.00522480630678185,0.49994999499949994,0.15719910249354388,0.0,low,0.8617
361105248,0,0.8794,7,0.1425939140316534,0.5,252.87,258.4,252.87,0.0,0.8507056202030205,0.3076923076923077,0.22692327645121066,0.49994999499949994,0.21399602049024175,0.0,medium,0.9999
1138018308,0,0.981,6,0.1425939140316534,0.5,266.1,266.18,266.1,0.0,0.9764793265659817,0.23076923076923078,0.22692327645121066,0.49994999499949994,0.22519791710765846,0.0,medium,0.9666
"[1472027370, 365146791]",0,1.0,7,0.14201734237001812,0.0136,295.23,299.07,295.23,0.0,1.0,0.3076923076923077,0.22600570211311694,0.013501350135013501,0.2498624105668685,0.0,low,0.9572
366636603,0,0.5942,7,0.27997462823419383,0.4961,168.83,168.83,176.51,0.0,0.49764793265659807,0.3076923076923077,0.4455552805696813,0.49604960496049605,0.14283899919563103,0.0,medium,0.9863
31319389,0,0.3115,9,0.5400922461412866,0.1386,98.21,98.21,105.13,0.0,0.1476850705620203,0.46153846153846156,0.8595146666426547,0.13851385138513853,0.0830447483171754,0.0,high,1.0
29487760,0,0.3477,6,0.5572281598512968,0.4961,143.25,143.25,150.96,0.0,0.1924981431047289,0.23076923076923078,0.8867853005054057,0.49604960496049605,0.1211803056602176,0.0,high,1.0
786019237,0,0.7117,7,0.19226997145581995,0.4961,180.16,180.16,187.85,0.0,0.6431047288932904,0.3076923076923077,0.3059793219405194,0.49604960496049605,0.1524321578256636,0.0,medium,1.0
638513788,0,1.0,6,0.037249889926028915,0.3449,34.76,56.72,34.76,0.0,1.0,0.23076923076923078,0.05927547198455385,0.34483448344834483,0.02932136658058507,0.0,low,1.0
378281315,0,1.0,7,0.037249889926028915,0.3449,41.48,52.92,41.48,0.0,1.0,0.3076923076923077,0.05927547198455385,0.34483448344834483,0.03501121883070149,0.0,low,1.0
"[461867328, 238758031]",0,1.0,8,0.037249889926028915,1.0,24.14,61.72,24.14,0.0,1.0,0.38461538461538464,0.05927547198455385,1.0,0.0203293679353118,0.0,low,0.9986
378281315,0,1.0,7,0.037249889926028915,1.0,26.75,41.95,26.75,0.0,1.0,0.3076923076923077,0.05927547198455385,1.0,0.022539265907455232,0.0,low,0.9997
373489785,0,1.0,6,0.037249889926028915,1.0,4.77,4.77,14.35,0.0,1.0,0.23076923076923078,0.05927547198455385,1.0,0.003928707506032767,0.0,low,1.0
1372216569,0,1.0,6,0.07461232047776767,0.5,73.63,73.63,74.97,0.0,1.0,0.23076923076923078,0.11873522306883498,0.49994999499949994,0.06223275898564837,0.0,low,1.0
765839123,0,1.0,7,0.07461232047776767,0.5,68.91,69.07,68.91,0.0,1.0,0.3076923076923077,0.11873522306883498,0.49994999499949994,0.05823631514330469,0.0,low,1.0
70971109,0,1.0,6,0.07461232047776767,0.5,70.85,70.85,71.24,0.0,1.0,0.23076923076923078,0.11873522306883498,0.49994999499949994,0.05987892129884425,0.0,low,1.0
31320216,0,0.3955,7,0.3783882441688094,0.0016,61.68,61.68,69.09,0.0,0.25167120574399604,0.3076923076923077,0.6021738147593411,0.0015001500150015003,0.05211464374920621,0.0,medium,0.9202
"[188864813, 136987966]",0,1.0,9,0.09781757821435495,0.0136,723.5,732.85,723.5,0.0,1.0,0.46153846153846156,0.1556648025551957,0.013501350135013501,0.6124804199652851,0.0,medium,1.0
188864813,0,1.0,10,0.07955696925345496,0.1511,620.4,630.08,620.4,0.0,1.0,0.5384615384615384,0.1266042931764241,0.15101510151015105,0.5251852165446002,0.0,medium,1.0
59298972,0,0.9462,6,0.00794280231277908,0.5,210.52,215.77,210.52,0.0,0.9333993562763061,0.23076923076923078,0.012635247867550896,0.49994999499949994,0.1781380974556539,0.0,low,0.999
59298977,0,0.9131,7,0.03364534777596801,0.5,201.56,206.3,201.56,0.0,0.8924238672938847,0.3076923076923077,0.05353908985281252,0.49994999499949994,0.17055162778883198,0.0,low,0.9265
55137657,0,1.0,5,0.03632445471502362,0.5,763.41,773.88,763.41,0.0,1.0,0.15384615384615385,0.057802705184363895,0.49994999499949994,0.6462723847423902,0.0,medium,1.0
"[29550048, 454831677]",0,0.6974,9,0.25656579756104986,0.0054,75.29,82.51,75.29,0.0,0.6254023273087398,0.46153846153846156,0.40830172868761694,0.0053005300530053,0.06363828796409976,0.0,medium,0.9999
23057028,0,1.0,6,0.05344548188314435,0.5,272.7,459.46,272.7,0.0,1.0,0.23076923076923078,0.0850496481345542,0.49994999499949994,0.2307861648533085,0.0,low,0.9493
890744298,0,1.0,7,0.0003671810787835909,0.5,108.52,108.86,108.52,0.0,1.0,0.3076923076923077,0.0005791651601263977,0.49994999499949994,0.0917742686592439,0.0,low,1.0
"[892407195, 347094565]",0,0.8525,7,0.07291490419504311,0.9608,53.45,53.46,53.45,0.0,0.8174052983411736,0.3076923076923077,0.11603390122850543,0.9607960796079608,0.04514626815122137,0.0,medium,0.9245
334669471,0,0.8496,9,0.003286339695243057,0.5,150.05,150.05,153.61,0.0,0.8138153008170339,0.46153846153846156,0.00522480630678185,0.49994999499949994,0.12693789424664495,0.0,low,0.7699
48785152,0,0.9976,6,0.009912597338952427,0.5,300.3,300.3,305.51,0.0,0.9970289675662293,0.23076923076923078,0.015770041836083857,0.49994999499949994,0.2541552008805724,0.0,low,0.9813
644583474,0,1.0,8,0.17628042028332125,0.1282,163.31,168.15,163.31,0.0,1.0,0.38461538461538464,0.2805330455975072,0.12811281128112814,0.13816519199017824,0.0,low,0.9941
463694519,0,1.0,10,0.17628042028332125,0.1282,176.61,181.84,176.61,0.0,1.0,0.5384615384615384,0.2805330455975072,0.12811281128112814,0.149426357901867,0.0,low,0.756
"[188864822, 644583465, 463694518]",0,0.9837,10,0.11246516341154304,0.5,213.52,213.52,214.46,0.0,0.9798217380539738,0.5384615384615384,0.17897543189459433,0.49994999499949994,0.180678210067313,0.0,medium,0.9895
463694519,0,1.0,10,0.2654307608675176,0.0262,152.78,159.74,152.78,0.0,1.0,0.5384615384615384,0.42240971105894387,0.026102610261026105,0.12924939672325475,0.0,medium,0.7906
463694519,0,1.0,10,0.09652096262077646,0.0262,118.64,126.27,118.64,0.0,1.0,0.5384615384615384,0.153601327580263,0.026102610261026105,0.10034291520257399,0.0,low,1.0
463694519,0,1.0,10,0.17628042028332125,0.1282,176.61,181.84,176.61,0.0,1.0,0.5384615384615384,0.2805330455975072,0.12811281128112814,0.149426357901867,0.0,low,0.756
463694519,0,1.0,10,0.2654307608675176,0.0262,152.78,159.74,152.78,0.0,1.0,0.5384615384615384,0.42240971105894387,0.026102610261026105,0.12924939672325475,0.0,medium,0.7906
463694521,0,1.0,8,0.17628042028332125,0.1282,156.84,162.74,156.84,0.0,1.0,0.38461538461538464,0.2805330455975072,0.12811281128112814,0.13268701579103342,0.0,low,0.996
24297096,0,0.8126,11,0.23272106994995367,0.1349,67.07,67.7,67.07,0.0,0.7680118841297351,0.6153846153846154,0.3703544766622188,0.1348134813481348,0.05667837940815376,0.0,medium,0.9991
24297096,0,1.0,7,0.06299605415160055,0.1349,97.22,98.36,97.22,0.0,1.0,0.3076923076923077,0.10024873024481633,0.1348134813481348,0.08220651115532789,0.0,low,1.0
24297096,0,0.7981,9,0.0021604691730029487,0.1349,60.03,60.03,63.66,0.0,0.7500618965090369,0.46153846153846156,0.003433060426844416,0.1348134813481348,0.0507175818127937,0.0,low,1.0
24297096,0,0.8126,11,0.23272106994995367,0.1349,67.07,67.7,67.07,0.0,0.7680118841297351,0.6153846153846154,0.3703544766622188,0.1348134813481348,0.05667837940815376,0.0,medium,0.9991
28604416,0,0.6682,12,0.23272106994995367,0.0725,22.61,22.61,25.53,0.0,0.5892547660311959,0.6923076923076923,0.3703544766622188,0.0724072407240724,0.01903391050336565,0.0,medium,1.0
22744646,0,1.0,6,0.06714521173013581,0.5,788.82,788.82,789.75,0.0,1.0,0.23076923076923078,0.10685183055670662,0.49994999499949994,0.6677871385631431,0.0,medium,1.0
253169004,0,1.0,5,0.06714521173013581,0.5,801.86,801.86,802.79,0.0,1.0,0.15384615384615385,0.10685183055670662,0.49994999499949994,0.6788281613818213,0.0,medium,1.0
405655304,0,1.0,8,0.0422985465445657,0.25,320.04,325.5,320.04,0.0,1.0,0.38461538461538464,0.06731006345559067,0.24992499249924993,0.2708691418652894,0.0,low,0.8953
29110029,0,1.0,7,0.0422985465445657,0.25,331.38,336.76,331.38,0.0,1.0,0.3076923076923077,0.06731006345559067,0.24992499249924993,0.28047076753736083,0.0,low,0.9555
"[767384473, 543015172]",0,0.712,6,0.19492290775762258,0.0373,38.02,41.61,38.02,0.0,0.6434761079475118,0.23076923076923078,0.310201288494039,0.0372037203720372,0.03208162228525465,0.0,low,0.8732
64502079,0,0.5248,8,0.3223231436912781,0.3127,122.46,125.07,122.46,0.0,0.41173557811339445,0.38461538461538464,0.5129500445259539,0.3126312631263126,0.10357732526141993,0.0,medium,0.9243
"[767384473, 543015172]",0,0.712,6,0.19492290775762258,0.0373,38.02,41.61,38.02,0.0,0.6434761079475118,0.23076923076923078,0.310201288494039,0.0372037203720372,0.03208162228525465,0.0,low,0.8732
28604425,0,0.553,10,0.20987002031438132,0.4223,84.83,85.45,84.83,0.0,0.44664520921020057,0.5384615384615384,0.33398859512610835,0.42224222422242225,0.07171584606917573,0.0,medium,0.9985
554345670,0,0.4384,8,0.5125204426470971,0.0888,43.73,50.1,43.73,0.0,0.3047784104976479,0.38461538461538464,0.8156360284357802,0.0887088708870887,0.036916303289445826,0.0,high,0.986
28604425,0,0.4498,11,0.4501208283840863,0.1172,79.74,79.74,81.32,0.0,0.31889081455805884,0.6153846153846154,0.7163313130560921,0.1171117111711171,0.0674061216713941,0.0,high,0.9979
54676629,0,0.9161,11,0.018331339350226454,0.5729,115.46,115.46,119.6,0.0,0.8961376578360981,0.6153846153846154,0.029167893556141144,0.5728572857285729,0.09765039583421532,0.0,low,0.7512
1145463409,0,0.9091,8,0.02540994440054547,0.5,172.61,173.85,172.61,0.0,0.8874721465709334,0.38461538461538464,0.04043300902375134,0.49994999499949994,0.14603954108632153,0.0,low,0.9526
"[318406088, 10233186, 160725687]",0,1.0,5,0.06714521173013581,0.5,313.24,313.24,313.38,0.0,1.0,0.15384615384615385,0.10685183055670662,0.49994999499949994,0.26511155327886204,0.0,low,0.7715
"[207626769, 121677947, 55787647]",0,1.0,4,0.06714521173013581,0.5,388.5,388.5,389.4,0.0,1.0,0.07692307692307693,0.10685183055670662,0.49994999499949994,0.3288345116633504,0.0,medium,0.8452
1300765631,0,0.5106,11,0.4440137364881585,0.2858,76.4,76.4,83.75,0.0,0.3941569695469176,0.6153846153846154,0.7066122942819295,0.28572857285728576,0.06457812963041362,0.0,high,0.9967
588328642,0,0.7259,7,0.12924779633979405,0.0193,29.68,29.68,36.56,0.0,0.6606833374597673,0.3076923076923077,0.2056838435722234,0.019201920192019203,0.025020109224842303,0.0,low,0.9977
239210563,0,0.9724,6,0.2654307608675176,0.0262,14.46,14.46,16.23,0.0,0.9658331270116366,0.23076923076923078,0.42240971105894387,0.026102610261026105,0.012133271241691716,0.0,low,1.0
589713694,0,0.5288,6,0.22988851803773544,0.0799,111.42,111.42,153.94,0.0,0.41668729883634564,0.23076923076923078,0.36584666415787515,0.0798079807980798,0.09422971085051438,0.0,medium,1.0
74686108,0,0.7131,7,0.33849742860219795,0.1555,146.83,153.16,146.83,0.0,0.6448378311463233,0.3076923076923077,0.5386903119702191,0.15541554155415543,0.12421150671013083,0.0,medium,1.0
589713695,0,0.8641,6,0.007749624516592845,0.3137,151.39,151.39,167.96,0.0,0.8317652884377321,0.23076923076923078,0.012327818626288409,0.3136313631363136,0.12807247787985268,0.0,low,0.9999
219673833,0,0.4203,7,0.5271113615844439,0.0799,137.65,137.65,168.89,0.0,0.2823718742262937,0.3076923076923077,0.8388564773009624,0.0798079807980798,0.11643876211845393,0.0,high,0.9996
239210561,0,0.5117,12,0.28091425372314344,0.0192,97.86,97.86,98.65,0.0,0.39551869274572915,0.6923076923076923,0.44705063022601643,0.0191019101910191,0.08274840184581517,0.0,medium,0.989
239210561,0,0.7123,12,0.1305973941522085,0.0669,56.4,56.4,57.52,0.0,0.6438474870017331,0.6923076923076923,0.20783163612225383,0.0668066806680668,0.04764404555268617,0.0,medium,0.9943
702275764,0,0.6533,8,0.2786753635303145,0.0669,75.98,75.98,81.19,0.0,0.5708096063382025,0.38461538461538464,0.44348758971701374,0.0668066806680668,0.06422251386478135,0.0,medium,1.0
"[197717491, 29471972]",0,0.2517,6,0.49369757915495016,0.127,255.88,259.51,255.88,0.0,0.07365684575389944,0.23076923076923078,0.7856807294520428,0.12691269126912694,0.21654460014393973,0.0,high,1.0
786019235,0,0.3413,7,0.4494584302955146,0.0511,260.75,266.13,260.75,0.0,0.18457538994800693,0.3076923076923077,0.715277151833614,0.051005100510051,0.22066804961686637,0.0,high,1.0
136987246,0,1.0,8,0.09194164868087949,0.0136,282.71,286.07,282.71,0.0,1.0,0.38461538461538464,0.14631366285978936,0.013501350135013501,0.23926167393421108,0.0,low,0.9959
644583475,0,1.0,8,0.09194164868087949,0.0136,305.55,309.05,305.55,0.0,1.0,0.38461538461538464,0.14631366285978936,0.013501350135013501,0.25860039795097584,0.0,low,0.9839
188864815,0,1.0,10,0.14201734237001812,0.0136,344.12,347.84,344.12,0.0,1.0,0.5384615384615384,0.22600570211311694,0.013501350135013501,0.2912577790948732,0.0,medium,0.9904
188864815,0,1.0,10,0.09194164868087949,0.0136,290.7,293.95,290.7,0.0,1.0,0.5384615384615384,0.14631366285978936,0.013501350135013501,0.2460268405232632,0.0,low,0.8581
188864815,0,1.0,10,0.14201734237001812,0.0136,363.78,367.59,363.78,0.0,1.0,0.5384615384615384,0.22600570211311694,0.013501350135013501,0.30790398374327926,0.0,medium,0.997
188864815,0,1.0,10,0.14201734237001812,0.0136,344.12,347.84,344.12,0.0,1.0,0.5384615384615384,0.22600570211311694,0.013501350135013501,0.2912577790948732,0.0,medium,0.9904
644583476,0,1.0,8,0.14201734237001812,0.0136,354.88,359.0,354.88,0.0,1.0,0.38461538461538464,0.22600570211311694,0.013501350135013501,0.3003683163286906,0.0,medium,0.8883
702275764,0,0.6533,8,0.2786753635303145,0.0669,75.98,75.98,81.19,0.0,0.5708096063382025,0.38461538461538464,0.44348758971701374,0.0668066806680668,0.06422251386478135,0.0,medium,1.0
31291816,0,0.5276,8,0.10401621761418627,0.3141,78.84,78.84,78.84,0.0,0.41520178261946017,0.38461538461538464,0.16552951291617718,0.314031403140314,0.06664408788789637,0.0,medium,1.0
29487683,0,0.2771,6,0.5906993958768251,0.1888,138.2,138.2,140.89,0.0,0.10510027234463977,0.23076923076923078,0.9400524818202068,0.18871887188718872,0.11690444943059142,0.0,high,1.0
55441110,0,0.7283,8,0.258777564455321,0.0272,77.03,77.03,82.45,0.0,0.6636543698935379,0.38461538461538464,0.41182160432332277,0.027102710271027102,0.06511155327886203,0.0,medium,0.9988
283063604,0,0.9702,7,0.003882450945090053,0.5,335.08,335.08,540.16,0.0,0.9631096806140133,0.3076923076923077,0.006173476562196821,0.49994999499949994,0.2836035730917404,0.0,medium,0.6704
753248175,0,1.0,4,0.018138997732901292,0.5,337.3,337.3,527.29,0.0,1.0,0.07692307692307693,0.02886179503630676,0.49994999499949994,0.28548325642436817,0.0,low,0.9894
283063604,0,0.9589,6,0.018138997732901292,0.5,284.37,284.37,520.81,0.0,0.9491210695716761,0.23076923076923078,0.02886179503630676,0.49994999499949994,0.24066720291266247,0.0,low,0.9207
283063604,0,0.7175,6,0.15939521345501095,0.5,278.8,278.8,519.81,0.0,0.6502847239415697,0.23076923076923078,0.2536613945782399,0.49994999499949994,0.2359510604970154,0.0,medium,1.0
753248177,0,1.0,6,0.15939521345501095,0.5,306.8,306.8,510.95,0.0,1.0,0.23076923076923078,0.2536613945782399,0.49994999499949994,0.25965877820583383,0.0,medium,0.9974
760075508,0,0.8317,10,0.20671302597590646,0.0056,127.95,130.1,127.95,0.0,0.7916563505818272,0.5384615384615384,0.3289644547056864,0.0055005500550055,0.10822573134075612,0.0,medium,0.9834
890744305,0,0.9832,11,0.1523908655581986,0.2605,114.87,114.87,115.28,0.0,0.9792027729636048,0.6153846153846154,0.2425144542881685,0.26042604260426044,0.09715084035392237,0.0,low,0.8221
239210564,0,0.641,9,0.14509853944902099,0.4339,102.34,102.34,104.01,0.0,0.5555830651151275,0.46153846153846156,0.23090921638276338,0.43384338433843384,0.08654163667922612,0.0,medium,1.0
760074453,0,0.6404,8,0.1523908655581986,0.2605,112.26,112.26,113.79,0.0,0.5548403070066847,0.38461538461538464,0.2425144542881685,0.26042604260426044,0.09494094238177894,0.0,medium,1.0
285587773,0,0.8752,8,0.007891463968663397,0.0551,90.28,98.18,90.28,0.0,0.8455063134439217,0.38461538461538464,0.012553546406561348,0.05500550055005501,0.07633038398035646,0.0,low,1.0
29487392,0,0.9874,12,0.08522300678273005,0.8755,44.09,49.45,44.09,0.0,0.9844020797227037,0.6923076923076923,0.13562140411245804,0.8754875487548754,0.03722111680284493,0.0,medium,0.9214
29487392,0,1.0,11,0.08522300678273005,0.8755,36.65,57.64,36.65,0.0,1.0,0.6153846153846154,0.13562140411245804,0.8754875487548754,0.030921637525930315,0.0,low,0.5536
338936694,0,0.9853,9,0.08522300678273005,0.8755,48.46,55.57,48.46,0.0,0.9818024263431542,0.46153846153846156,0.13562140411245804,0.8754875487548754,0.04092121417382837,0.0,low,0.8783
"[29110021, 29110020, 29110029, 243526202]",0,1.0,5,0.0422985465445657,0.25,664.64,666.77,664.64,0.0,1.0,0.15384615384615385,0.06731006345559067,0.24992499249924993,0.5626434105245333,0.0,medium,1.0
765839125,0,1.0,8,0.07461232047776767,0.5,100.32,101.1,100.32,0.0,1.0,0.38461538461538464,0.11873522306883498,0.49994999499949994,0.08483129418737564,0.0,low,0.9998
379732626,0,0.7089,10,0.05344548188314435,0.5,66.28,140.39,66.28,0.0,0.6396385243872245,0.5384615384615384,0.0850496481345542,0.49994999499949994,0.056009483087083534,0.0,medium,0.9964
1372216563,0,1.0,7,0.07461232047776767,0.5,67.47,67.47,68.1,0.0,1.0,0.3076923076923077,0.11873522306883498,0.49994999499949994,0.05701706108970832,0.0,low,1.0
1372216564,0,1.0,8,0.05676658436433721,0.5,39.88,39.88,40.6,0.0,1.0,0.38461538461538464,0.09033495543231312,0.49994999499949994,0.0336564921044833,0.0,low,1.0
48785154,0,0.8376,10,0.05676658436433721,0.5,11.51,11.51,16.12,0.0,0.7989601386481803,0.5384615384615384,0.09033495543231312,0.49994999499949994,0.009635493840226916,0.0,low,0.9797
765839124,0,1.0,7,0.05676658436433721,0.5,45.87,45.87,47.79,0.0,1.0,0.3076923076923077,0.09033495543231312,0.49994999499949994,0.03872825028576267,0.0,low,1.0
"[54676632, 569560882, 54676630]",0,0.9988,7,0.013976408928083245,0.5,260.74,276.11,260.74,0.0,0.9985144837831147,0.3076923076923077,0.022237319847039982,0.49994999499949994,0.2206595825748275,0.0,low,0.9893
"[944875352, 766742047]",0,1.0,8,0.013976408928083245,0.5,358.35,374.74,358.35,0.0,1.0,0.38461538461538464,0.022237319847039982,0.49994999499949994,0.3033063799161763,0.0,medium,0.9464
767383949,0,0.6619,6,0.27771129594345795,0.5,161.25,161.25,163.04,0.0,0.5814558058925478,0.23076923076923078,0.44195334213471216,0.49994999499949994,0.1364209813301723,0.0,medium,0.9998
767383949,0,0.6619,6,0.27771129594345795,0.5,161.25,161.25,163.04,0.0,0.5814558058925478,0.23076923076923078,0.44195334213471216,0.49994999499949994,0.1364209813301723,0.0,medium,0.9998
57775983,0,0.5123,7,0.3407625422181639,0.5,167.88,205.08,167.88,0.0,0.39626145085417175,0.3076923076923077,0.5422950852623752,0.49994999499949994,0.14203463020193896,0.0,high,0.9102
23126729,0,1.0,8,0.016422724591848768,0.5,83.95,83.95,86.02,0.0,1.0,0.38461538461538464,0.02613046379653892,0.49994999499949994,0.07097074636975574,0.0,low,1.0
767390911,0,1.0,7,0.016422724591848768,0.5,72.79,72.79,73.4,0.0,1.0,0.3076923076923077,0.02613046379653892,0.49994999499949994,0.06152152745438382,0.0,low,1.0
890744303,0,1.0,6,0.14813369309008026,0.5,62.7,62.7,63.94,0.0,1.0,0.23076923076923078,0.2357394556722021,0.49994999499949994,0.05297828203717032,0.0,low,0.9999
55137657,0,1.0,6,0.03632445471502362,0.5,747.69,758.09,747.69,0.0,1.0,0.23076923076923078,0.057802705184363895,0.49994999499949994,0.6329621946572965,0.0,medium,1.0
502681150,0,1.0,8,0.0422985465445657,0.25,317.32,323.22,317.32,0.0,1.0,0.38461538461538464,0.06731006345559067,0.24992499249924993,0.26856610643071843,0.0,low,0.9096
405655301,0,1.0,7,0.051819096728594284,0.3617,323.49,331.86,323.49,0.0,1.0,0.3076923076923077,0.08246136747324116,0.36163616361636164,0.2737902713686974,0.0,low,0.7105
55137655,0,1.0,6,0.03632445471502362,0.5,733.42,743.78,733.42,0.0,1.0,0.23076923076923078,0.057802705184363895,0.49994999499949994,0.6208797256678379,0.0,medium,1.0
55137659,0,1.0,6,0.03632445471502362,0.5,727.73,738.11,727.73,0.0,1.0,0.23076923076923078,0.057802705184363895,0.49994999499949994,0.6160619787477245,0.0,medium,1.0
54725706,0,0.9413,10,0.01777034493053461,0.5,218.97,222.62,218.97,0.0,0.9273334983906908,0.5384615384615384,0.02827510933247143,0.49994999499949994,0.1852927479784937,0.0,medium,0.708
1138018290,0,0.9792,7,0.025484780957233492,0.5,265.44,271.85,265.44,0.0,0.9742510522406536,0.3076923076923077,0.040552106281798096,0.49994999499949994,0.22463909233309345,0.0,low,0.926
1138018282,0,0.9804,6,0.009097534160351558,0.5,276.52,283.07,276.52,0.0,0.9757365684575391,0.23076923076923078,0.014472924571443928,0.49994999499949994,0.23402057491215444,0.0,low,0.9898
1138018291,0,0.8293,7,0.16890209607771425,0.5,274.18,280.38,274.18,0.0,0.7886853181480565,0.3076923076923077,0.26879094760746886,0.49994999499949994,0.23203928707506036,0.0,medium,1.0
1145463408,0,0.8814,8,0.0008875864279005954,0.6928,170.48,176.78,170.48,0.0,0.853181480564496,0.38461538461538464,0.0014073546559509806,0.6927692769276927,0.1442360611320435,0.0,medium,0.5443
457010422,0,0.9889,6,0.013976408928083245,0.5,226.8,233.28,226.8,0.0,0.9862589749938103,0.23076923076923078,0.022237319847039982,0.49994999499949994,0.19192244189492402,0.0,low,0.9995
1145463409,0,0.9091,8,0.02540994440054547,0.5,172.61,173.85,172.61,0.0,0.8874721465709334,0.38461538461538464,0.04043300902375134,0.49994999499949994,0.14603954108632153,0.0,low,0.9526
1146560612,0,0.9081,10,0.227214640835282,0.024,91.15,96.56,91.15,0.0,0.8862342163901956,0.5384615384615384,0.36159137159419535,0.023902390239023904,0.07706701663773761,0.0,low,0.5705
29550065,0,0.8465,11,0.06954320358411938,0.0442,53.42,53.42,57.93,0.0,0.8099777172567467,0.6153846153846154,0.11066807047028904,0.04410441044104411,0.04512086702510478,0.0,low,0.9995
1146744665,0,0.757,7,0.02418388042488984,0.5,440.78,441.5,440.78,0.0,0.6991829660807131,0.3076923076923077,0.038481812120088034,0.49994999499949994,0.37310020744253,0.0,medium,1.0
54725694,0,0.7968,6,0.06820616336304514,0.5,422.72,431.13,422.72,0.0,0.7484525872740777,0.23076923076923078,0.10854026246741684,0.49994999499949994,0.3578087295203421,0.0,medium,1.0
1147216332,0,0.427,7,0.40582571456506944,0.0016,54.5,58.87,54.5,0.0,0.29066600643723695,0.3076923076923077,0.6458386710348124,0.0015001500150015003,0.04603530756530206,0.0,medium,0.9382
55441116,0,0.9619,10,0.0029116906332596264,0.0386,130.48,131.22,130.48,0.0,0.9528348601138895,0.5384615384615384,0.0046285779661591475,0.0385038503850385,0.11036789297658862,0.0,low,1.0
"[55441140, 55441116]",0,0.7675,9,0.11903372561978018,0.0091,169.19,172.04,169.19,0.0,0.7121812329784599,0.46153846153846156,0.18942884908710136,0.009000900090009001,0.14314381270903012,0.0,medium,0.9293
716686791,0,0.6757,8,0.29978245648229224,0.024,151.56,151.56,156.3,0.0,0.5985392423867293,0.38461538461538464,0.4770780835501023,0.023902390239023904,0.12821641759451335,0.0,medium,1.0
1300765628,0,0.8113,9,0.17286698780929052,0.024,134.11,134.11,141.51,0.0,0.7664025748947759,0.46153846153846156,0.2751008014353451,0.023902390239023904,0.11344142923669619,0.0,medium,0.8832
767390912,0,0.8314,7,0.09652096262077646,0.0272,40.51,40.51,41.43,0.0,0.7912849715276059,0.3076923076923077,0.153601327580263,0.027102710271027102,0.03418991575293171,0.0,low,1.0
1300764448,0,0.6625,10,0.16958712714629848,0.0272,76.3,76.3,79.38,0.0,0.5821985640009903,0.5384615384615384,0.26988112766860306,0.027102710271027102,0.06449345921002499,0.0,medium,0.9994
1300765628,0,1.0,9,0.21322558061856536,0.024,120.05,120.05,125.65,0.0,1.0,0.46153846153846156,0.3393287396908145,0.023902390239023904,0.10153676813005377,0.0,low,0.9965
1300765627,0,0.6059,9,0.2144784145147435,0.024,106.59,106.59,113.6,0.0,0.5121317157712305,0.46153846153846156,0.3413225390908173,0.023902390239023904,0.0901401295457432,0.0,medium,1.0
1300765628,0,0.8113,9,0.17286698780929052,0.024,134.11,134.11,141.51,0.0,0.7664025748947759,0.46153846153846156,0.2751008014353451,0.023902390239023904,0.11344142923669619,0.0,medium,0.8832
1300764448,0,0.6625,10,0.16958712714629848,0.0272,76.3,76.3,79.38,0.0,0.5821985640009903,0.5384615384615384,0.26988112766860306,0.027102710271027102,0.06449345921002499,0.0,medium,0.9994
55441110,0,0.7283,8,0.25877756445532096,0.0272,77.03,77.03,82.45,0.0,0.6636543698935379,0.38461538461538464,0.41182160432332265,0.027102710271027102,0.06511155327886203,0.0,medium,0.9988
55441110,0,0.6405,12,0.29572530804524433,0.2211,91.23,91.23,97.34,0.0,0.5549641000247585,0.6923076923076923,0.47062140948965037,0.22102210221022103,0.07713475297404852,0.0,medium,0.9985
334671284,0,0.7547,6,0.08177053204594499,0.5,440.26,450.25,440.26,0.0,0.6963357266650161,0.23076923076923078,0.1301270268612314,0.49994999499949994,0.37265992125650904,0.0,medium,1.0
"[546424010, 1372216570]",0,0.458,12,0.3047137403628507,0.5,62.11,68.15,62.11,0.0,0.329041842040109,0.6923076923076923,0.48492588434180667,0.49994999499949994,0.05247872655687735,0.0,high,0.9941
786036904,0,0.5994,8,0.25089081375644273,0.5,90.6,90.6,92.52,0.0,0.5040851695964348,0.38461538461538464,0.3992703803666881,0.49994999499949994,0.0766013293256001,0.0,medium,0.9995
379732627,0,0.7119,7,0.09078025740472587,0.5,117.71,127.09,117.71,0.0,0.6433523149294379,0.3076923076923077,0.14446538813109036,0.49994999499949994,0.09955548029295966,0.0,medium,0.9979
1494337023,0,1.0,9,0.017817680032791057,0.5,149.38,157.28,149.38,0.0,1.0,0.46153846153846156,0.028350439908029667,0.49994999499949994,0.12637060243004106,0.0,low,0.9996
1494548764,0,1.0,8,0.14201734237001812,0.0136,274.45,278.38,274.45,0.0,1.0,0.38461538461538464,0.22600570211311694,0.013501350135013501,0.23226789721010965,0.0,low,0.9401
1472027369,0,1.0,7,0.025107358446877476,0.0136,272.74,276.88,272.74,0.0,1.0,0.3076923076923077,0.03995146418790924,0.013501350135013501,0.23082003302146398,0.0,low,1.0
1494548762,0,1.0,7,0.11246516341154304,0.5,178.87,178.87,180.72,0.0,1.0,0.3076923076923077,0.17897543189459433,0.49994999499949994,0.15133990940265019,0.0,low,0.9592
1494548763,0,1.0,8,0.025107358446877476,0.0136,255.97,260.24,255.97,0.0,1.0,0.38461538461538464,0.03995146418790924,0.013501350135013501,0.2166208035222895,0.0,low,1.0
55441141,0,1.0,8,0.14201734237001812,0.0136,281.62,285.34,281.62,0.0,1.0,0.38461538461538464,0.22600570211311694,0.013501350135013501,0.23833876635197496,0.0,low,0.9108
193803703,0,1.0,7,0.09781757821435495,0.0982,380.84,447.27,380.84,0.0,1.0,0.3076923076923077,0.1556648025551957,0.0981098109810981,0.3223487574615808,0.0,medium,0.6724
1494548766,0,1.0,7,0.14201734237001812,0.0136,267.16,270.87,267.16,0.0,1.0,0.3076923076923077,0.22600570211311694,0.013501350135013501,0.22609542356377801,0.0,low,0.9918
1494548767,0,1.0,8,0.14201734237001812,0.0136,264.58,268.47,264.58,0.0,1.0,0.38461538461538464,0.22600570211311694,0.013501350135013501,0.22391092671775115,0.0,low,0.966
70971091,0,1.0,7,0.09078025740472587,0.5,103.03,113.7,103.03,0.0,1.0,0.3076923076923077,0.14446538813109036,0.49994999499949994,0.08712586257990772,0.0,low,0.9999
379732627,0,0.7523,9,0.11067762001063546,0.5,100.46,108.69,100.46,0.0,0.6933646942312454,0.46153846153846156,0.1761306789141069,0.49994999499949994,0.08494983277591973,0.0,medium,0.9995
