osmid,lighting,visibility,connectivity,enclosure,dominant_land_use_score,public_transport_proximity_m,dist_to_rail_m,dist_to_bus_m,lighting_norm,visibility_norm,connectivity_norm,enclosure_norm,dominant_land_use_score_norm,public_transport_proximity_m_norm,risk_class,risk_probability
38770925,0,0.5111,9,0.08420987746114283,0.5,56.56,56.56,173.94,0.0,0.31179617117117114,0.42857142857142855,0.12269295788170538,0.4998999799959992,0.09122330975223698,medium,1.0
1242977853,0,0.6521,8,0.049837294087776235,0.6738,107.03,107.03,170.15,0.0,0.5102759009009009,0.35714285714285715,0.07261242047917271,0.6737347469493898,0.17273960655102238,medium,0.9875
202052944,65,0.5737,12,0.13393047233634386,0.0612,115.7,115.7,116.82,0.4744525547445255,0.3999155405405405,0.6428571428571429,0.19513540668679194,0.06101220244048809,0.18674290144393837,low,1.0
"[6272741, 1418274918]",50,0.6697,8,0.15334784260450787,0.2516,91.7,95.34,91.7,0.36496350364963503,0.5350506756756757,0.35714285714285715,0.22342633633297898,0.2514502900580116,0.14797945537358273,medium,0.9998
202052944,118,0.5488,12,0.18587376169624126,0.246,36.84,36.84,38.84,0.8613138686131386,0.3648648648648648,0.6428571428571429,0.2708163008850022,0.2458491698339668,0.05937267823109475,low,1.0
202052944,96,0.5904,12,0.16717375451990366,0.5,67.51,67.51,67.69,0.7007299270072993,0.4234234234234235,0.6428571428571429,0.2435705626566719,0.4998999799959992,0.10890913202183676,low,1.0
7742058,32,0.6145,11,0.1825384920624835,0.2351,43.82,43.82,52.59,0.23357664233576642,0.4573479729729731,0.5714285714285714,0.26595684374654455,0.23494698939787956,0.07064638046322319,low,0.9578
202052944,118,0.5488,12,0.18587376169624126,0.246,36.84,36.84,38.84,0.8613138686131386,0.3648648648648648,0.6428571428571429,0.2708163008850022,0.2458491698339668,0.05937267823109475,low,1.0
7742058,4,0.6168,11,0.13144909146536146,0.179,158.81,158.81,168.72,0.029197080291970802,0.4605855855855856,0.5714285714285714,0.1915200576113584,0.17883576715343066,0.2563717414478147,medium,1.0
591934082,14,0.676,12,0.06248445934382338,0.0199,217.63,217.63,227.7,0.10218978102189781,0.543918918918919,0.6428571428571429,0.09103922377648463,0.019703940788157633,0.35137448719191133,medium,1.0
"[7742056, 870987725]",39,0.6925,13,0.09622015511381515,0.0658,210.62,216.04,210.62,0.2846715328467153,0.5671452702702703,0.7142857142857143,0.14019182180665296,0.0656131226245249,0.340052330652195,low,0.9999
5832086,0,0.7126,12,0.15872685175495546,0.0294,56.16,64.79,56.16,0.0,0.5954391891891893,0.6428571428571429,0.23126350312435512,0.029205841168233646,0.09057725231773105,medium,0.9263
261114693,0,0.8808,10,0.015432563614774925,0.0294,13.45,13.45,140.11,0.0,0.8322072072072072,0.5,0.022485045048547956,0.029205841168233646,0.02159446974836063,low,1.0
1419988575,0,0.8124,12,0.08001045252841305,0.0249,0.69,0.69,11.2,0.0,0.7359234234234234,0.6428571428571429,0.11657443443154017,0.02470494098819764,0.0009852375876215395,low,1.0
4957359,6,0.809,13,0.05437887133711553,0.511,51.6,51.6,110.13,0.043795620437956206,0.7311373873873875,0.7142857142857143,0.07922945670340549,0.5109021804360873,0.08321219756436347,low,1.0
"[1105774248, 199515249]",15,0.687,14,0.05547714715700886,0.5826,45.89,45.89,106.98,0.10948905109489052,0.5594031531531533,0.7857142857142857,0.08082963445783878,0.5825165033006602,0.07398972768679137,low,1.0
"[237559984, 30727695]",12,0.7667,12,0.062390711837479684,0.2759,23.7,23.7,25.56,0.08759124087591241,0.6715934684684686,0.6428571428571429,0.09090263452315904,0.27575515103020604,0.03814969150757502,low,1.0
"[199514512, 1068478002, 201487146]",41,0.8295,14,0.006208464592014563,0.1784,39.81,39.81,64.95,0.29927007299270075,0.7599943693693695,0.7857142857142857,0.009045617726598303,0.17823564712942588,0.06416965468230126,low,1.0
199515248,46,0.6573,11,0.12098099597532182,0.4852,23.14,24.04,23.14,0.3357664233576642,0.5175957207207207,0.5714285714285714,0.1762681388938254,0.4850970194038808,0.03724521109926673,low,1.0
"[1242256465, 146590618, 1068477991]",10,0.6409,10,0.1902045168501834,0.4108,51.32,51.32,66.93,0.072992700729927,0.4945101351351352,0.5,0.2771261712579188,0.41068213642728546,0.08275995736020933,medium,0.9987
534022322,0,0.9597,12,0.10864273827088834,0.5,95.53,95.53,98.16,0.0,0.9432713963963963,0.6428571428571429,0.1582914110541673,0.4998999799959992,0.154165455308977,low,1.0
"[1068477998, 1068477999, 232718096, 1068478001, 1068478000]",0,0.8193,13,0.05992281440721824,0.2055,62.07,63.13,62.07,0.0,0.7456362612612615,0.7142857142857143,0.08730693069667307,0.2053410682136427,0.10012275091255614,low,1.0
"[1256612363, 959597046]",0,0.807,14,0.12277105218267324,0.5,65.26,135.4,65.26,0.0,0.7283220720720722,0.7857142857142857,0.17887623430146823,0.4998999799959992,0.10527505895274092,low,1.0
228533858,0,0.8639,12,0.14540025002290843,0.1336,264.18,470.45,264.18,0.0,0.8084177927927929,0.6428571428571429,0.21184676713914047,0.1334266853370674,0.42655942113253875,medium,1.0
2418096,0,0.7002,12,0.12685556209224144,0.6162,164.2,370.49,164.2,0.0,0.5779842342342343,0.6428571428571429,0.18482732762125761,0.616123224644929,0.26507736537778204,low,1.0
193958142,0,0.5153,12,0.11538876183471912,0.2081,269.05,468.17,269.05,0.0,0.3177083333333333,0.6428571428571429,0.16812030525560143,0.20794158831766352,0.4344251703976484,high,0.8624
"[6010081, 6010078]",0,0.7458,12,0.12241082345737812,0.1351,389.45,467.35,389.45,0.0,0.6421734234234235,0.6428571428571429,0.17835138436642997,0.1349269853970794,0.6288884581839326,high,0.8452
193958142,0,0.815,12,0.05789039779115737,0.0333,310.91,478.37,310.91,0.0,0.7395833333333333,0.6428571428571429,0.08434571840568675,0.033106621324264854,0.5020350809186938,medium,1.0
"[1256612368, 1256612364]",0,0.8395,12,0.05046300073496801,0.3967,358.22,439.63,358.22,0.0,0.7740709459459462,0.6428571428571429,0.07352406930135526,0.39657931586317263,0.5784475239848823,medium,0.9769
6570833,0,0.7077,10,0.09896833747478015,0.361,226.92,226.92,235.96,0.0,0.5885416666666667,0.5,0.1441958981957419,0.360872174434887,0.3663791711083115,medium,1.0
6570833,0,0.7636,16,0.10536290816186285,0.5,228.72,238.83,228.72,0.0,0.6672297297297297,0.9285714285714286,0.153512728792645,0.4998999799959992,0.3692864295635882,low,1.0
26372299,0,0.7416,14,0.10856793586863021,0.2776,284.31,284.31,292.86,0.0,0.6362612612612614,0.7857142857142857,0.15818242464300947,0.27745549109821965,0.4590722615240495,low,0.6396
26372299,0,0.7654,14,0.13981253835851049,0.4942,196.93,196.93,204.92,0.0,0.6697635135135135,0.7857142857142857,0.20370552270709472,0.49409881976395276,0.3179410149562296,low,1.0
6010083,0,0.7986,14,0.09664419307918147,0.5,194.76,204.9,194.76,0.0,0.7164977477477477,0.7857142857142857,0.14080964121679007,0.4998999799959992,0.3144361533740349,low,1.0
6010068,0,0.8381,14,0.0634645477845753,0.5,225.09,225.09,230.34,0.0,0.7721002252252253,0.7857142857142857,0.092467203608018,0.4998999799959992,0.3634234583454469,low,1.0
6570833,0,0.7636,16,0.10536290816186286,0.5,228.72,238.83,228.72,0.0,0.6672297297297297,0.9285714285714286,0.15351272879264502,0.4998999799959992,0.3692864295635882,low,1.0
404097027,0,0.9067,16,0.06463019928395136,0.5,258.47,268.59,258.47,0.0,0.8686655405405406,0.9285714285714286,0.09416554710692572,0.4998999799959992,0.41733695125496667,low,1.0
2418096,0,0.7802,12,0.17422118160955333,0.195,24.85,230.54,24.85,0.0,0.6905968468468469,0.6428571428571429,0.2538385990192892,0.19483896779355872,0.040007106631779574,low,1.0
6570883,0,0.7555,14,0.08869549428603214,0.5,37.25,196.41,37.25,0.0,0.6558277027027026,0.7857142857142857,0.1292284602829116,0.4998999799959992,0.060034887101463326,low,1.0
1082517336,0,0.7682,12,0.19090548167388827,0.2428,19.87,150.12,19.87,0.0,0.673704954954955,0.6428571428571429,0.27814747055015093,0.24264852970594117,0.03196369157218077,low,1.0
534024692,3,0.6157,10,0.17836772305048695,0.6083,47.18,57.79,47.18,0.021897810218978103,0.4590371621621622,0.5,0.2598800717089658,0.6082216443288657,0.07607326291307298,medium,0.8421
26374061,2,0.732,10,0.11915661792741636,0.5692,55.22,55.22,66.12,0.014598540145985401,0.6227477477477478,0.5,0.17361003688060042,0.5691138227645529,0.08905901734664212,low,1.0
"[1242256465, 146590618, 1068477991]",10,0.6409,10,0.1902045168501834,0.4108,51.32,51.32,66.93,0.072992700729927,0.4945101351351352,0.5,0.2771261712579188,0.41068213642728546,0.08275995736020933,medium,0.9987
2425502,26,0.7489,12,0.1690191713345103,0.5,527.74,536.72,527.74,0.1897810218978102,0.6465371621621622,0.6428571428571429,0.24625931795921288,0.4998999799959992,0.8522466647284943,medium,0.5855
99961288,9,0.6911,11,0.17232325859631825,0.3336,467.85,477.16,467.85,0.06569343065693431,0.5651745495495496,0.5714285714285714,0.25107334266893017,0.33346669333866774,0.7555157153470944,high,1.0
1462354003,96,0.8232,14,0.06471068933651593,0.8308,483.55,491.98,483.55,0.7007299270072993,0.7511261261261263,0.7857142857142857,0.09428282037219664,0.8307661532306461,0.7808734696514521,low,1.0
534024688,0,0.7129,12,0.1103973863396158,0.5,80.05,80.05,80.4,0.0,0.5958614864864865,0.6428571428571429,0.160847917129945,0.4998999799959992,0.12916303259359757,low,1.0
534087835,0,0.6623,11,0.14426268814580664,0.4621,31.61,31.61,33.24,0.0,0.524634009009009,0.5714285714285714,0.21018934996118016,0.461992398479696,0.05092547727492974,low,0.9999
1026759085,0,0.6505,12,0.16030577242322283,0.5,74.87,74.87,80.83,0.0,0.5080236486486486,0.6428571428571429,0.23356397599611678,0.4998999799959992,0.12079658881674582,low,0.9999
2481098,0,0.6134,9,0.17564594805366382,0.2559,143.14,144.56,143.14,0.0,0.4557995495495495,0.42857142857142855,0.255914470606219,0.255751150230046,0.23106244145104496,high,0.9724
197881958,0,0.6135,11,0.16640607375543673,0.4356,126.55,126.55,127.06,0.0,0.45594031531531537,0.5714285714285714,0.2424520588532051,0.4354870974194839,0.20426720935491166,medium,1.0
534087835,0,0.6623,11,0.14426268814580667,0.4621,31.61,31.61,33.24,0.0,0.524634009009009,0.5714285714285714,0.2101893499611802,0.461992398479696,0.05092547727492974,low,0.9999
372683468,0,0.6548,11,0.13987233927498138,0.1841,7.07,7.07,11.43,0.0,0.5140765765765767,0.5714285714285714,0.2037926520916247,0.1839367873574715,0.011289853667991085,low,0.5987
"[1247523499, 534087836]",1,0.5938,11,0.06603452864507194,0.5,73.06,74.03,73.06,0.0072992700729927005,0.4282094594594595,0.5714285714285714,0.09621164205216537,0.4998999799959992,0.11787317892560649,low,0.9999
2558883,0,0.7193,8,0.08725819985972015,0.4118,129.85,353.12,129.85,0.0,0.6048704954954957,0.35714285714285715,0.12713433554129724,0.41168233646729346,0.20959718318958553,medium,1.0
"[14351505, 311561497]",0,0.7565,12,0.07478654175948878,0.5,229.67,403.83,229.67,0.0,0.6572353603603603,0.6428571428571429,0.10896324455358304,0.4998999799959992,0.37082081597053973,low,0.9996
14351505,0,0.7976,12,0.08591415504690908,0.2484,182.93,461.63,182.93,0.0,0.7150900900900902,0.6428571428571429,0.12517607462772215,0.248249649929986,0.29532900474852214,low,0.9974
19742811,0,0.7308,12,0.07780735309712303,0.2873,219.77,219.77,225.33,0.0,0.6210585585585586,0.6428571428571429,0.11336453885075852,0.2871574314862973,0.35483089446651805,medium,0.9176
30085473,0,0.7853,11,0.0862575281910094,0.2771,309.55,386.78,309.55,0.0,0.6977759009009009,0.5714285714285714,0.12567636613619998,0.27695539107821565,0.49983848564137356,medium,1.0
"[311561496, 495531508, 311561495]",0,0.7024,8,0.11451146912313215,0.2751,443.86,461.18,443.86,0.0,0.5810810810810811,0.35714285714285715,0.16684209785470985,0.27495499099819964,0.7167684207126014,high,1.0
8258983,0,0.7306,8,0.0697989741169815,0.0981,292.68,572.0,292.68,0.0,0.6207770270270271,0.35714285714285715,0.10169640443408862,0.09791958391678336,0.47259101334108605,high,1.0
14351505,0,0.7892,12,0.08699565660337336,0.5,234.06,510.61,234.06,0.0,0.7032657657657658,0.6428571428571429,0.12675181243483077,0.4998999799959992,0.3779112963142423,low,0.9998
"[14351505, 311561497]",0,0.7569,12,0.07843250056040074,0.3592,288.67,461.64,288.67,0.0,0.6577984234234235,0.6428571428571429,0.11427537294712838,0.3590718143628726,0.46611428756016415,medium,0.9986
4884668,0,0.8403,10,0.058630097366698705,0.5,335.03,335.03,344.48,0.0,0.7751970720720721,0.5,0.08542345387459652,0.4998999799959992,0.5409923442194011,medium,1.0
18942158,0,0.9068,8,0.02471753135383233,0.3961,410.35,410.35,419.97,0.0,0.8688063063063064,0.35714285714285715,0.0360131575295398,0.39597919583916785,0.6626449591368674,medium,0.8494
4884668,0,1.0,12,0.08895989273464754,0.5,163.66,163.66,170.84,0.0,1.0,0.6428571428571429,0.12961368638742707,0.4998999799959992,0.26420518784119906,low,1.0
4884668,0,0.7297,12,0.09216796169062993,0.5,189.69,189.69,197.78,0.0,0.6195101351351352,0.6428571428571429,0.13428781330988784,0.4998999799959992,0.3062473753916723,low,0.9999
6578208,0,0.7662,12,0.130770786283132,0.5,176.57,180.39,176.57,0.0,0.6708896396396397,0.6428571428571429,0.19053177320805992,0.4998999799959992,0.2850566915398779,low,0.9999
4884668,0,0.791,14,0.09412334462919143,0.5,137.23,137.23,142.03,0.0,0.7057995495495497,0.7857142857142857,0.13713678824223993,0.4998999799959992,0.2215169428562199,low,1.0
4884668,11,0.7835,16,0.09192682341687622,0.5,153.56,157.47,153.56,0.08029197080291971,0.6952421171171171,0.9285714285714286,0.133936477065919,0.4998999799959992,0.2478922376199244,low,1.0
99961287,0,0.8338,14,0.051041851199051996,0.5,69.85,186.01,69.85,0.0,0.7660472972972974,0.7857142857142857,0.07436744909629651,0.4998999799959992,0.11268856801369641,low,1.0
99961287,0,0.7451,13,0.0923119701687949,0.5,13.22,13.22,17.08,0.0,0.6411880630630631,0.7142857142857143,0.13449763233625206,0.4998999799959992,0.021222986723519723,low,1.0
499557812,12,0.7208,14,0.13033375857340276,0.5524,86.54,86.54,91.28,0.08759124087591241,0.606981981981982,0.7857142857142857,0.18989502786002196,0.5523104620924185,0.13964531446845627,low,1.0
"[31324113, 813749604]",108,0.7521,11,0.06097712071584585,0.5005,38.58,38.58,38.79,0.7883211678832117,0.6510416666666667,0.5714285714285714,0.08884304527815265,0.5004000800160031,0.06218302807119553,low,1.0
1247523487,9,0.6881,12,0.1668988339684073,0.3894,88.88,89.65,88.88,0.06569343065693431,0.5609515765765767,0.6428571428571429,0.24317000594516774,0.3892778555711143,0.14342475046031591,low,0.9999
18122226,0,0.9348,12,0.035603023247028125,0.5142,302.3,309.91,302.3,0.0,0.9082207207207208,0.6428571428571429,0.051873218962238676,0.5141028205641128,0.48812869464095365,low,1.0
18122226,0,0.6889,12,0.19236869136030976,0.5,259.46,266.9,259.46,0.0,0.5620777027027026,0.6428571428571429,0.2802793535870646,0.4998999799959992,0.4189359434053687,medium,1.0
176022839,0,0.6605,12,0.18768479680332495,0.4847,340.04,340.04,346.91,0.0,0.5221002252252253,0.6428571428571429,0.2734549623563387,0.48459691938387683,0.5490842135865879,medium,0.9491
2483869,0,0.6544,14,0.1525657494703341,0.3531,491.17,498.54,491.17,0.0,0.5135135135135135,0.7857142857142857,0.22228683383958764,0.3529705941188238,0.79318086377879,high,0.953
18122226,0,0.7473,14,0.15250558555241797,0.4775,368.07,423.06,368.07,0.0,0.6442849099099099,0.7857142857142857,0.22219917556529523,0.47739547909581914,0.5943566883095908,medium,0.9994
18122226,0,0.6358,14,0.17339487886288962,0.2406,437.3,516.32,437.3,0.0,0.48733108108108114,0.7857142857142857,0.25263468352767177,0.24044808961792358,0.7061730787867042,high,0.9861
26291686,0,0.7227,14,0.1935061783184445,0.4094,375.9,470.43,375.9,0.0,0.6096565315315315,0.7857142857142857,0.28193666160877995,0.40928185637127423,0.6070032625900442,medium,1.0
30575232,0,0.887,10,0.04940274536617568,0.5,196.26,198.76,196.26,0.0,0.8409346846846847,0.5,0.07197928699400667,0.4998999799959992,0.31685886875343217,low,1.0
75687497,0,0.5597,6,0.1487068363703175,0.379,184.62,184.62,186.02,0.0,0.3802083333333333,0.21428571428571427,0.21666443299356197,0.378875775155031,0.2980585974093097,high,1.0
"[425548224, 43872913, 262591660, 166491309]",0,0.6233,9,0.13581226585422218,0.3712,46.12,46.75,46.12,0.0,0.46973536036036034,0.42857142857142855,0.19787716251096926,0.3710742148429686,0.07436121071163226,medium,1.0
61074713,0,0.6739,12,0.04011889313826761,0.8265,132.02,132.02,132.18,0.0,0.5409628378378379,0.6428571428571429,0.05845279980248552,0.8264652930586117,0.2131020447717802,low,1.0
"[552902458, 1065201821]",1,0.7658,15,0.06963661277125702,0.5055,27.78,27.78,28.92,0.0072992700729927005,0.6703265765765767,0.8571428571428571,0.10145984544872062,0.5054010802160431,0.04473947733953549,low,1.0
600378579,0,0.7487,14,0.10679342947384407,0.5068,112.48,112.48,113.24,0.0,0.6462556306306307,0.7857142857142857,0.15559698516905998,0.5067013402680537,0.18154213909616565,low,1.0
"[3076611, 286754706, 1068358100, 1068358101, 1073693272, 1065201822]",13,0.6936,13,0.08613030857466068,0.4655,79.65,79.65,82.32,0.0948905109489051,0.5686936936936937,0.7142857142857143,0.12549100832687615,0.46539307861572315,0.12851697515909166,low,1.0
3755258,0,0.424,12,0.23281262905261738,0.6228,101.94,101.94,104.87,0.0,0.18918918918918917,0.6428571428571429,0.3392057983149498,0.6227245449089818,0.16451852569693445,medium,1.0
627472868,0,0.391,12,0.24248038928837362,0.7148,0.08,0.08,10.04,0.0,0.14273648648648649,0.6428571428571429,0.35329163593810214,0.714742948589718,0.0,medium,0.9925
"[73058401, 627472868]",0,0.4077,12,0.22688641080714989,0.5,1.01,1.01,9.4,0.0,0.16624436936936937,0.6428571428571429,0.33057135291194084,0.4998999799959992,0.0015020835352262817,medium,1.0
422323614,1,0.7885,10,0.03565875393495297,0.5,90.6,90.6,90.65,0.0072992700729927005,0.7022804054054054,0.5,0.051954418061263975,0.4998999799959992,0.1462027974286914,low,1.0
"[3754025, 545048170]",2,0.6593,8,0.13015789958860988,0.7524,125.73,130.3,125.73,0.014598540145985401,0.520411036036036,0.35714285714285715,0.18963880293884494,0.7523504700940188,0.2029427916141745,medium,1.0
627472868,2,0.6741,10,0.09667187730638957,0.773,128.95,129.27,128.95,0.014598540145985401,0.5412443693693695,0.5,0.14084997688085976,0.7729545909181836,0.20814355396194717,low,0.9999
"[1193908604, 250325173]",0,0.7538,11,0.04012087445356069,0.5,143.05,145.56,143.05,0.0,0.6534346846846848,0.5714285714285714,0.05845568656061957,0.4998999799959992,0.23091707852828117,low,1.0
493711859,0,0.7629,11,0.07088115833778669,0.5,190.43,193.1,190.43,0.0,0.6662443693693695,0.5714285714285714,0.10327313687685458,0.4998999799959992,0.3074425816455083,low,0.9988
"[67386011, 1420136150]",0,0.5367,12,0.2903501711255454,0.3981,122.0,133.94,122.0,0.0,0.34783220720720714,0.6428571428571429,0.42303746719282037,0.39797959591918386,0.19691830603740673,medium,0.9933
47009633,0,0.437,11,0.1552713617417065,0.7207,111.9,118.49,111.9,0.0,0.20748873873873871,0.5714285714285714,0.22622888600021188,0.7206441288257651,0.18060535581613207,medium,1.0
"[48379497, 280251139, 48379493]",10,0.525,11,0.1465532978695564,0.6465,77.83,77.83,85.36,0.072992700729927,0.33136261261261263,0.5714285714285714,0.21352674723210338,0.6464292858571714,0.12557741383208967,low,0.9154
"[1200970512, 1200970513, 517047608]",0,0.4252,8,0.21032267429734477,0.516,157.99,158.7,157.99,0.0,0.1908783783783784,0.35714285714285715,0.3064381413696353,0.5159031806361273,0.25504732370707756,high,1.0
311561494,0,0.9504,12,0.10361166482290571,0.5,184.96,188.07,184.96,0.0,0.9301801801801803,0.6428571428571429,0.150961183376785,0.4998999799959992,0.2986077462286397,low,1.0
2466940,0,0.7145,10,0.18691732385339857,0.3418,171.94,218.72,171.94,0.0,0.5981137387387389,0.5,0.2723367613367435,0.3416683336667334,0.27757857673547176,medium,0.9998
19742811,0,0.7308,12,0.07780735309712304,0.2873,219.77,219.77,225.33,0.0,0.6210585585585586,0.6428571428571429,0.11336453885075853,0.2871574314862973,0.35483089446651805,medium,0.9176
47009631,1,0.8105,12,0.07768501053372855,0.5,291.93,291.93,292.35,0.0072992700729927005,0.7332488738738738,0.6428571428571429,0.11318628686267122,0.4998999799959992,0.47137965565138745,low,0.9855
"[1068477987, 166482670]",4,0.8662,14,0.021292993265025383,0.029,72.74,75.81,72.74,0.029197080291970802,0.8116554054054055,0.7857142857142857,0.031023637074240478,0.02880576115223045,0.11735633297800174,low,1.0
"[48379761, 725187386, 725187383]",0,0.7382,14,0.025848063819934663,0.2032,30.99,30.99,32.89,0.0,0.6314752252252253,0.7857142857142857,0.037660332920415,0.2030406081216243,0.04992408825144556,low,1.0
"[47009515, 1068477988, 1068477989]",0,0.7234,12,0.12859786216720812,0.514,75.49,75.49,83.72,0.0,0.610641891891892,0.6428571428571429,0.18736584278385124,0.5139027805561113,0.12179797784023,low,1.0
2466941,0,0.6803,14,0.07739099905128956,0.2787,142.35,142.35,150.44,0.0,0.5499718468468469,0.7857142857142857,0.11275791484061166,0.2785557111422285,0.22978647801789576,low,1.0
47048136,0,0.7326,14,0.09184851494196536,0.2783,93.75,99.88,93.75,0.0,0.6235923423423424,0.7857142857142857,0.13382238233919713,0.27815563112622527,0.1512904997254256,low,1.0
188128548,0,0.5628,14,0.15791198846854926,0.4975,3.63,3.63,9.94,0.0,0.38457207207207206,0.7857142857142857,0.23007625482097513,0.4973994798959792,0.005733759731240107,low,1.0
238913756,0,0.7052,14,0.049517603925222434,0.2056,24.82,24.82,30.82,0.0,0.5850225225225226,0.7857142857142857,0.07214663485668724,0.20544108821764354,0.03995865232419162,low,1.0
4884668,11,0.7835,16,0.09192682341687622,0.5,153.56,157.47,153.56,0.08029197080291971,0.6952421171171171,0.9285714285714286,0.133936477065919,0.4998999799959992,0.2478922376199244,low,1.0
6578219,1,0.8609,14,0.07895747004176164,0.5,147.73,147.73,158.65,0.0072992700729927005,0.8041948198198198,0.7857142857142857,0.11504024864648747,0.4998999799959992,0.2384759505120005,low,1.0
797329175,0,0.7746,11,0.1182807235004454,0.4485,207.52,207.52,210.02,0.0,0.682713963963964,0.5714285714285714,0.1723338667675161,0.44838967793558715,0.33504538553477403,medium,0.9334
1462432302,0,0.7693,14,0.08633604787185171,0.5,173.1,181.54,173.1,0.0,0.6752533783783784,0.7857142857142857,0.12579076858801877,0.4998999799959992,0.27945214329553897,low,1.0
41224677,0,0.5389,9,0.11145849559005448,0.3819,188.78,195.67,188.78,0.0,0.3509290540540541,0.42857142857142855,0.16239394353498804,0.38177635527105425,0.30477759472817134,high,0.9658
238913756,0,0.6339,13,0.06270670704866732,0.3204,131.26,135.35,131.26,0.0,0.4846565315315316,0.7142857142857143,0.09136303663553462,0.32026405281056214,0.21187453564621891,low,1.0
238913756,0,0.5729,13,0.16773122826627468,0.3619,171.77,171.77,171.84,0.0,0.3987894144144144,0.7142857142857143,0.24438279677078556,0.3617723544708942,0.27730400232580676,medium,1.0
6578226,0,0.8008,14,0.06756565352627959,0.5,203.11,207.3,203.11,0.0,0.7195945945945945,0.7857142857142857,0.09844247690238159,0.4998999799959992,0.3279226023193462,low,1.0
25359276,0,0.8831,16,0.01782264232695577,0.5,208.03,208.03,216.04,0.0,0.8354448198198198,0.9285714285714286,0.025967367719503087,0.4998999799959992,0.3358691087637691,low,1.0
25359276,0,0.6392,10,0.1807655006684269,0.5,108.34,108.34,113.95,0.0,0.49211711711711714,0.5,0.26337361161470485,0.4998999799959992,0.1748554446490293,medium,1.0
30199425,0,0.8325,14,0.08478253790809681,0.5,114.07,123.47,114.07,0.0,0.7642173423423423,0.7857142857142857,0.12352731887869844,0.4998999799959992,0.1841102173983267,low,1.0
25359276,0,0.743,10,0.10776147369400188,0.5,193.1,193.1,197.98,0.0,0.638231981981982,0.5,0.15700741668211535,0.4998999799959992,0.3117550150208353,medium,0.9995
6578226,0,0.808,14,0.07816340201454211,0.5,282.44,282.44,288.26,0.0,0.7297297297297298,0.7857142857142857,0.11388329884421755,0.4998999799959992,0.45605194301773433,low,1.0
25359276,0,0.8831,16,0.017822642326955768,0.5,208.03,208.03,216.04,0.0,0.8354448198198198,0.9285714285714286,0.02596736771950308,0.4998999799959992,0.3358691087637691,low,1.0
30199424,0,0.8567,14,0.07819906931632473,0.5,124.57,124.57,134.13,0.0,0.7982826576576577,0.7857142857142857,0.11393526577441797,0.4998999799959992,0.20106922505410732,low,1.0
6578226,0,0.808,14,0.0781634020145421,0.5,282.44,282.44,288.26,0.0,0.7297297297297298,0.7857142857142857,0.11388329884421752,0.4998999799959992,0.45605194301773433,low,1.0
6578226,0,0.8008,14,0.06756565352627959,0.5,203.11,207.3,203.11,0.0,0.7195945945945945,0.7857142857142857,0.09844247690238159,0.4998999799959992,0.3279226023193462,low,1.0
27929812,0,0.7554,14,0.10814213003905747,0.5,223.16,230.76,223.16,0.0,0.6556869369369369,0.7857142857142857,0.15756202947100567,0.4998999799959992,0.3603062312239558,low,1.0
26944030,0,0.6812,8,0.21280241101797612,0.3661,32.89,32.89,134.1,0.0,0.5512387387387389,0.35714285714285715,0.31005109493315003,0.3659731946389278,0.052992861065348715,medium,0.9995
30243098,0,0.7377,10,0.12370409566433611,0.4643,95.18,95.18,150.88,0.0,0.6307713963963965,0.5,0.18023567006089428,0.46419283856771354,0.1536001550537843,low,0.875
"[1340413294, 1071583346, 1071583347, 1442653015, 557694267, 557694269]",0,0.6857,12,0.15566428535111462,0.5,117.66,127.28,117.66,0.0,0.5575731981981982,0.6428571428571429,0.22680137208028198,0.4998999799959992,0.1899085828730174,low,0.999
8173089,0,0.7014,12,0.10471438939164564,0.5,243.15,254.84,243.15,0.0,0.5796734234234235,0.6428571428571429,0.15256784291731468,0.4998999799959992,0.3925929515133895,medium,0.9312
25359285,0,0.7001,12,0.06721485654373886,0.5,212.25,212.25,269.08,0.0,0.5778434684684685,0.6428571428571429,0.09793136892966985,0.4998999799959992,0.3426850146978066,low,0.998
25359285,0,0.7213,12,0.10960802198678438,0.5,301.64,311.79,301.64,0.0,0.607685810810811,0.6428571428571429,0.15969782053793757,0.4998999799959992,0.4870626998740188,medium,0.9999
8173089,0,0.7237,14,0.13206052613712435,0.3913,59.86,63.51,59.86,0.0,0.6110641891891893,0.7857142857142857,0.19241091229678636,0.39117823564712945,0.09655328358691088,low,1.0
31731184,0,0.6839,14,0.13589378615627834,0.5,76.21,76.21,78.18,0.0,0.5550394144144144,0.7857142857142857,0.19799593684026082,0.4998999799959992,0.12296088122234067,low,1.0
31731184,0,0.727,14,0.1591155520837208,0.4518,0.31,0.31,12.68,0.0,0.6157094594594594,0.7857142857142857,0.23182983592342524,0.4516903380676135,0.00037148302484090834,low,1.0
1462354004,0,0.73,14,0.11078460876496492,0.464,49.52,54.95,49.52,0.0,0.6199324324324325,0.7857142857142857,0.1614120966373492,0.4638927785557112,0.07985269890493266,low,1.0
19209655,0,0.8546,12,0.09379859192268762,0.5,153.17,153.17,159.98,0.0,0.7953265765765766,0.6428571428571429,0.13666362653984546,0.4998999799959992,0.24726233162128108,low,1.0
23180842,0,0.7512,12,0.15790205045253985,0.5,109.38,109.38,110.31,0.0,0.6497747747747747,0.6428571428571429,0.23006177522317883,0.4998999799959992,0.1765351939787447,low,1.0
"[16649312, 23180842, 23180839]",0,0.8051,12,0.0990425217476957,0.313,2.01,2.01,10.69,0.0,0.7256475225225227,0.6428571428571429,0.14430398399814062,0.3128625725145029,0.0031172271214911004,low,1.0
"[16649312, 23180842, 23180839]",0,0.8051,12,0.09904252174769572,0.313,2.01,2.01,10.69,0.0,0.7256475225225227,0.6428571428571429,0.14430398399814065,0.3128625725145029,0.0031172271214911004,low,1.0
18942160,0,0.6796,12,0.1248363574108437,0.3504,59.46,59.46,63.71,0.0,0.5489864864864865,0.6428571428571429,0.1818853649973932,0.3502700540108022,0.09590722615240496,low,1.0
18942163,0,0.6448,12,0.146635201756422,0.3929,101.82,109.62,101.82,0.0,0.5000000000000001,0.6428571428571429,0.21364608044092945,0.3927785557111423,0.16432470846658268,low,0.8848
2513470,6,0.7642,16,0.13682895719344734,0.5,380.89,384.28,380.89,0.043795620437956206,0.6680743243243243,0.9285714285714286,0.1993584724284644,0.4998999799959992,0.6150628290855057,low,1.0
27929741,1,0.8466,14,0.05107204615149577,0.4921,280.51,289.66,280.51,0.0072992700729927005,0.7840653153153153,0.7857142857142857,0.07441144286391073,0.49199839967993597,0.4529347158962432,low,1.0
202053028,34,0.8718,14,0.09085010777579343,0.5,385.32,385.32,386.19,0.24817518248175183,0.8195382882882885,0.7857142857142857,0.1323677122934428,0.4998999799959992,0.6222179151726589,low,1.0
202053028,0,0.7455,13,0.04660850437368377,0.5,295.39,295.39,296.58,0.0,0.6417511261261263,0.7142857142857143,0.06790810360298434,0.4998999799959992,0.4769680524598637,low,0.9999
2430956,38,0.8319,13,0.08088786132517511,0.3669,534.15,542.04,534.15,0.2773722627737226,0.7633727477477479,0.7142857142857143,0.11785281096746272,0.3667733546709342,0.8625997351164517,medium,0.9999
202053028,113,0.7111,14,0.10076583471454297,0.4626,477.25,486.33,477.25,0.8248175182481752,0.5933277027027026,0.7857142857142857,0.14681483511907606,0.4624924984997,0.7706980650579837,low,1.0
1462354002,27,0.6807,13,0.13361996930442716,0.6325,381.53,388.83,381.53,0.19708029197080293,0.5505349099099099,0.7142857142857143,0.19468300662903099,0.6324264852970594,0.6160965209807152,medium,0.8389
1462354003,96,0.8232,14,0.06471068933651593,0.8308,483.55,491.98,483.55,0.7007299270072993,0.7511261261261263,0.7857142857142857,0.09428282037219664,0.8307661532306461,0.7808734696514521,low,1.0
8173092,0,0.6967,12,0.12396885836863937,0.1924,191.0,191.0,193.31,0.0,0.5730574324324325,0.6428571428571429,0.18062142688259214,0.19223844768953788,0.3083632134896792,medium,1.0
19210470,0,0.7482,12,0.07880619385525407,0.1592,157.69,157.69,159.39,0.0,0.6455518018018018,0.6428571428571429,0.1148198406360039,0.15903180636127226,0.2545627806311981,low,0.8942
31731184,0,0.7076,12,0.11556637137376387,0.5,153.26,153.26,155.2,0.0,0.5884009009009009,0.6428571428571429,0.16837908071820076,0.4998999799959992,0.24740769454404493,low,0.9999
2660144,0,0.8059,12,0.09001542505904835,0.3142,249.55,278.97,249.55,0.0,0.7267736486486487,0.6428571428571429,0.13115158726259657,0.3140628125625125,0.4029298704654844,medium,0.553
"[1484429896, 851330426, 1484429895]",0,0.7551,12,0.00908306196435743,0.3284,378.94,391.15,378.94,0.0,0.6552646396396397,0.6428571428571429,0.013233879622978976,0.32826565313062617,0.6119132990922893,medium,1.0
"[851321117, 851330430, 1484429895]",0,0.785,12,0.00974275778763767,0.3284,358.48,391.25,358.48,0.0,0.6973536036036037,0.6428571428571429,0.014195050361681142,0.32826565313062617,0.5788674613173111,medium,0.9984
246801281,0,0.9659,12,0.12396885836863937,0.1924,230.71,233.15,230.71,0.0,0.9519988738738738,0.6428571428571429,0.18062142688259214,0.19223844768953788,0.3725005653002552,low,0.9993
19209653,0,0.6985,12,0.22652198172544494,0.0388,310.47,315.95,310.47,0.0,0.5755912162162162,0.6428571428571429,0.33004038309629885,0.038607721544308866,0.5013244177407372,high,1.0
246801281,0,0.7842,12,0.06183356176564243,0.0735,297.19,301.58,297.19,0.0,0.6962274774774775,0.6428571428571429,0.09009087199986004,0.07331466293258651,0.4798753109151404,medium,1.0
59374120,0,0.6428,10,0.11385343392434137,0.6535,9.74,9.74,13.56,0.0,0.49718468468468474,0.5,0.16588334663059442,0.6534306861372274,0.015602287043318152,low,1.0
"[1070366928, 36775550, 1070366927]",0,0.7534,7,0.07674562845001726,0.2023,63.9,64.36,63.9,0.0,0.6528716216216216,0.2857142857142857,0.11181761581843935,0.2021404280856171,0.10307846367542074,medium,1.0
"[1070366921, 1070366922]",0,0.5318,7,0.19517163442448088,0.6144,1.31,1.31,8.67,0.0,0.34093468468468474,0.2857142857142857,0.2843632158163772,0.6143228645729145,0.0019866266111057272,medium,0.9857
"[1112581154, 1101475691, 2509157]",0,0.5003,5,0.15246590201975507,0.4521,105.92,109.63,105.92,0.0,0.2965934684684684,0.14285714285714285,0.22214135702369184,0.45199039807961594,0.17094679717026845,high,1.0
"[837464386, 1065258324, 7744558, 837464388]",0,0.9434,6,0.09232794389175535,0.3379,107.29,107.29,108.06,0.0,0.9203265765765766,0.21428571428571427,0.13452090590348698,0.33776755351070215,0.17315954388345126,medium,1.0
"[201493132, 1212624126, 201491583]",0,0.9551,7,0.012162197274542949,0.2075,114.55,114.91,114.55,0.0,0.9367961711711712,0.2857142857142857,0.01772015141099621,0.2073414682936587,0.18488548631973384,medium,0.7396
1065201834,0,0.5444,10,0.18871627630283755,0.5,60.4,126.93,60.4,0.0,0.35867117117117114,0.5,0.27495781848717327,0.4998999799959992,0.09742546112349389,medium,1.0
1065218300,0,0.5009,10,0.17107387334313034,0.5714,52.46,214.69,52.46,0.0,0.2974380630630631,0.5,0.2492529998619088,0.5713142628525706,0.08460122104855122,medium,1.0
"[47009721, 596678293]",0,0.5729,13,0.14049605401581103,0.5777,17.11,17.11,19.23,0.0,0.3987894144144144,0.7142857142857143,0.20470139872458312,0.5776155231046209,0.027505895274089868,low,1.0
"[100514384, 1421325265, 1055385139]",0,0.59,16,0.12920031436168342,0.56,125.73,125.73,128.68,0.0,0.42286036036036034,0.9285714285714286,0.18824361008260004,0.5599119823964793,0.2029427916141745,low,1.0
"[47009681, 1055385140, 1055385141]",0,0.434,11,0.18398955217143312,0.6412,166.96,174.21,166.96,0.0,0.20326576576576574,0.5714285714285714,0.2680710249609796,0.6411282256451291,0.269535161675873,medium,0.995
"[1065201834, 1065201835]",0,0.5716,13,0.14754755584973905,0.5959,103.88,110.02,103.88,0.0,0.3969594594594595,0.7142857142857143,0.21497537195208546,0.5958191638327666,0.1676519042542882,low,1.0
534033246,0,0.9058,7,0.022842582017157876,0.109,407.99,407.99,412.72,0.0,0.8673986486486489,0.2857142857142857,0.0332813736143414,0.10882176435287057,0.6588332202732824,high,1.0
4250582,1,0.7917,10,0.07824994484099036,0.3078,302.45,429.76,302.45,0.0072992700729927005,0.7067849099099099,0.5,0.11400939094529078,0.3076615323064613,0.4883709661788933,medium,0.9999
637031477,0,0.7669,11,0.06691067493625857,0.109,320.84,320.84,330.2,0.0,0.6718750000000001,0.5714285714285714,0.09748817912909225,0.10882176435287057,0.5180734567303034,medium,0.9976
4253449,0,0.6549,11,0.11798450195881917,0.5,172.52,172.52,178.17,0.0,0.5142173423423424,0.5714285714285714,0.17190227470957545,0.4998999799959992,0.27851536001550536,medium,0.9981
637031477,0,0.8789,11,0.020528364651110617,0.2546,219.6,219.6,227.29,0.0,0.8295326576576577,0.5714285714285714,0.029909580226017765,0.2544508901780356,0.35455632005685306,low,0.9999
534033248,2,0.5618,8,0.2374331440101078,0.526,133.72,143.05,133.72,0.014598540145985401,0.3831644144144144,0.35714285714285715,0.3459378460529402,0.5259051810362073,0.2158477888684304,high,0.9998
189443878,2,0.6382,9,0.14253138251206013,0.311,221.85,229.69,221.85,0.014598540145985401,0.4907094594594595,0.42857142857142855,0.2076668535981852,0.31086217243448694,0.35819039312594886,high,0.9901
4135475,7,0.4808,10,0.2270574924846953,0.5,110.88,110.88,121.32,0.051094890510948905,0.26914414414414417,0.5,0.3308206173404575,0.4998999799959992,0.17895790935814193,medium,0.9044
"[1037854585, 151906295]",0,0.4122,9,0.21324869055260473,0.7604,95.9,95.9,102.81,0.0,0.17257882882882883,0.42857142857142855,0.3107013201048568,0.7603520704140828,0.15476305843589497,medium,0.6064
"[4253681, 1051177304, 1051177305, 1051177306, 1051177307, 628450589]",0,0.4593,9,0.24202046744127662,0.3287,139.97,154.68,139.97,0.0,0.2388795045045045,0.42857142857142855,0.35262153404277496,0.32856571314262856,0.2259424362825855,high,1.0
97175531,0,0.4798,10,0.2631347841277503,0.4843,74.34,101.74,74.34,0.0,0.2677364864864865,0.5,0.3833848989915149,0.4841968393678736,0.11994056271602546,high,0.6176
"[1065201836, 1065201837, 257776030]",0,0.5445,13,0.13029936857736982,0.667,38.12,38.12,41.93,0.0,0.3588119369369369,0.7142857142857143,0.1898449219525348,0.6669333866773355,0.06144006202151371,low,1.0
"[1068362577, 1068362578, 166594103, 257776031]",0,0.6168,14,0.1250609423122978,0.5,88.34,93.42,88.34,0.0,0.4605855855855856,0.7857142857142857,0.18221258313037855,0.4998999799959992,0.14255257292373294,low,1.0
"[534031400, 1065201838, 1065201839]",0,0.5687,13,0.07957431399379007,0.7469,25.64,121.19,25.64,0.0,0.39287725225225223,0.7142857142857143,0.1159389846034427,0.7468493698739748,0.041283070064928776,low,1.0
4254649,0,0.6511,8,0.10174143535338315,0.4194,114.08,121.4,114.08,0.0,0.5088682432432433,0.35714285714285715,0.1482362762645568,0.41928385677135427,0.18412636883418937,medium,0.9999
"[250328433, 250328427]",0,0.6644,9,0.0634248095969616,0.3329,127.52,127.52,128.96,0.0,0.5275900900900901,0.42857142857142855,0.09240930543465467,0.3327665533106621,0.20583389863358853,medium,1.0
"[250328427, 250328430]",0,0.6279,9,0.028418210693044427,0.435,50.95,50.95,53.03,0.0,0.4762105855855856,0.42857142857142855,0.04140501324341072,0.4348869773954791,0.08216235423329135,low,0.7928
"[250328427, 250328430]",0,0.6279,9,0.028418210693044427,0.435,50.95,50.95,53.03,0.0,0.4762105855855856,0.42857142857142855,0.04140501324341072,0.4348869773954791,0.08216235423329135,low,0.7928
250328430,0,0.7838,8,0.033061348375919467,0.5,4.83,4.83,21.62,0.0,0.6956644144144145,0.35714285714285715,0.048170022083930626,0.4998999799959992,0.00767193203475789,low,1.0
236678750,0,0.7027,8,0.011209204769483604,0.1811,167.94,167.94,192.27,0.0,0.5815033783783784,0.35714285714285715,0.016331650108212598,0.1809361872374475,0.2711180023904125,medium,0.9997
"[250325162, 250325163, 1065218282, 1417213554, 1191327863, 1191327864]",0,0.7527,11,0.007692970907427027,0.0772,343.16,343.16,346.25,0.0,0.6518862612612614,0.5714285714285714,0.011208529755809223,0.07701540308061612,0.5541234615757341,medium,0.9994
8255605,0,0.7281,14,0.13764720357195012,0.2971,594.79,609.0,594.79,0.0,0.6172578828828829,0.7857142857142857,0.20055064986587073,0.29695939187837567,0.9605420421875503,high,0.9999
18122226,0,0.7107,14,0.1557262135352026,0.0273,518.15,605.47,518.15,0.0,0.5927646396396397,0.7857142857142857,0.22689160087413787,0.027105421084216846,0.8367574377362147,high,1.0
18122226,0,0.7539,14,0.1331821000540971,0.3202,619.22,634.91,619.22,0.0,0.6535754504504505,0.7857142857142857,0.19404503516408825,0.3200640128025605,1.0,high,0.9999
"[39658930, 29057532]",0,0.7468,10,0.13708472417551965,0.0414,522.24,683.02,522.24,0.0,0.6435810810810811,0.5,0.19973112256572265,0.04120824164832967,0.8433633750040378,high,1.0
"[31095616, 27547873, 2425499]",0,0.7317,12,0.07230874682334006,0.4747,281.87,331.27,281.87,0.0,0.6223254504504505,0.6428571428571429,0.10535312015217561,0.4745949189837968,0.45513131117356337,medium,0.9056
6244589,0,0.8906,12,0.07382276691060875,0.5,222.75,370.88,222.75,0.0,0.8460022522522523,0.6428571428571429,0.1075590334751584,0.4998999799959992,0.3596440223535872,low,1.0
311561500,0,0.8623,12,0.03596859484606954,0.4646,121.08,312.61,121.08,0.0,0.8061655405405406,0.6428571428571429,0.05240585341511728,0.464492898579716,0.1954323739380431,low,1.0
2415174,0,0.8622,12,0.07454826725610478,0.3928,117.24,362.36,117.24,0.0,0.8060247747747749,0.6428571428571429,0.10861608079666746,0.39267853570714145,0.18923022256678618,low,1.0
2415176,0,0.8514,12,0.07567011883343047,0.432,13.04,286.98,13.04,0.0,0.7908220720720722,0.6428571428571429,0.11025060821254631,0.4318863772754551,0.02093226087799205,low,1.0
2415176,0,0.718,12,0.09579875907386956,0.4224,78.47,370.85,78.47,0.0,0.6030405405405406,0.6428571428571429,0.13957785165752165,0.4222844568913783,0.12661110572729917,low,1.0
2415176,0,0.8518,10,0.07704902371566945,0.5,47.64,252.49,47.64,0.0,0.7913851351351353,0.5,0.11225965992621564,0.4998999799959992,0.07681622896275479,low,1.0
2415176,0,0.8514,12,0.07567011883343047,0.432,13.04,286.98,13.04,0.0,0.7908220720720722,0.6428571428571429,0.11025060821254631,0.4318863772754551,0.02093226087799205,low,1.0
311561500,0,0.8623,12,0.03596859484606954,0.4646,121.08,312.61,121.08,0.0,0.8061655405405406,0.6428571428571429,0.05240585341511728,0.464492898579716,0.1954323739380431,low,1.0
"[8491226, 166483493, 558371517]",0,0.8432,12,0.05868831448635061,0.245,274.17,281.74,274.17,0.0,0.7792792792792792,0.6428571428571429,0.08550827568174803,0.2448489697939588,0.4426947055593243,low,0.6686
16294720,0,0.7271,12,0.06813651094899563,0.5,264.28,264.28,269.93,0.0,0.6158502252252253,0.6428571428571429,0.09927421090966589,0.4998999799959992,0.42672093549116513,low,0.7924
48379506,0,0.8201,11,0.0034457479611670508,0.0757,174.64,183.54,174.64,0.0,0.7467623873873874,0.5714285714285714,0.00502036504015158,0.07551510302060412,0.28193946441838674,low,0.989
4265040,0,0.7701,12,0.05755332760703428,0.0568,231.8,237.94,231.8,0.0,0.6763795045045046,0.6428571428571429,0.0838546102518453,0.056611322264452896,0.37426107180928386,medium,0.9996
16294720,0,0.7271,12,0.06813651094899562,0.5,264.28,264.28,269.93,0.0,0.6158502252252253,0.6428571428571429,0.09927421090966586,0.4998999799959992,0.42672093549116513,low,0.7924
48379498,0,0.9132,8,0.03501068012996257,0.5,253.22,253.22,260.26,0.0,0.8778153153153153,0.35714285714285715,0.05101018049617098,0.4998999799959992,0.40885744742707625,medium,0.9988
140463816,0,1.0,9,0.026284749325868068,0.0568,198.49,216.28,198.49,0.0,1.0,0.42857142857142855,0.03829657968067414,0.056611322264452896,0.32046063895080273,medium,0.8293
4265040,0,0.8243,14,0.02628474932586806,0.0468,179.72,211.9,179.72,0.0,0.7526745495495496,0.7857142857142857,0.03829657968067413,0.046609321864372874,0.29014439383661206,low,1.0
4265040,0,0.7701,12,0.05755332760703429,0.0568,231.8,237.94,231.8,0.0,0.6763795045045046,0.6428571428571429,0.08385461025184533,0.056611322264452896,0.37426107180928386,medium,0.9996
4607834,0,0.8088,12,0.02869533977738023,0.4467,367.82,379.79,367.82,0.0,0.7308558558558558,0.6428571428571429,0.041808787766921304,0.4465893178635727,0.5939529024130246,medium,0.951
8179128,0,0.6481,12,0.021211500675730584,0.006,346.75,346.75,351.5,0.0,0.5046452702702703,0.6428571428571429,0.030904903122187,0.0058011602320464095,0.5599218270504248,medium,0.8529
"[119695445, 35468693, 119695444]",0,0.7135,12,0.15447758258758562,0.0871,361.89,368.25,361.89,0.0,0.5967060810810811,0.6428571428571429,0.22507235708338616,0.08691738347669532,0.5843751009464742,high,0.9971
637034135,0,0.8875,12,0.03218728145573179,0.5,236.16,236.16,241.76,0.0,0.8416385135135135,0.6428571428571429,0.04689651463139817,0.4998999799959992,0.38130309784539845,low,1.0
980948850,0,0.865,12,0.03218728145573179,0.5,205.9,205.9,211.09,0.0,0.8099662162162162,0.6428571428571429,0.04689651463139817,0.4998999799959992,0.33242885292502505,low,1.0
4607839,0,0.6555,12,0.11075525149758202,0.321,264.29,264.29,268.85,0.0,0.5150619369369369,0.6428571428571429,0.16136932336915358,0.3208641728345669,0.4267370869270279,medium,1.0
330341,0,0.8651,11,0.021937010331135345,0.2828,10.68,10.68,16.41,0.0,0.8101069819819819,0.5714285714285714,0.031961964008147346,0.2826565313062613,0.017120522014407082,low,1.0
"[75687499, 197476980]",0,0.5537,13,0.023998062108672898,0.2211,193.53,194.58,193.53,0.0,0.37176238738738737,0.7142857142857143,0.03496489746567455,0.22094418883776754,0.3124495267629292,medium,0.9553
"[679330696, 234288791]",0,0.9383,10,0.0017542364026156393,0.081,96.85,96.88,96.85,0.0,0.9131475225225227,0.5,0.0025558482782113427,0.08081616323264652,0.15629744484284652,low,1.0
"[637034137, 980948850]",0,0.7665,13,0.09921607924957283,0.1612,147.71,147.71,150.9,0.0,0.6713119369369369,0.7142857142857143,0.14455685567990612,0.16103220644128827,0.23844364764027523,low,1.0
197476948,2,0.9908,11,0.003317547569031403,0.1014,55.58,55.58,56.55,0.014598540145985401,0.9870495495495497,0.5714285714285714,0.004833578249539169,0.10122024404880976,0.08964046903769746,low,1.0
4607884,15,0.6082,8,0.15798965977031895,0.1014,61.05,62.27,61.05,0.10948905109489052,0.4484797297297297,0.35714285714285715,0.2301894211922987,0.10122024404880976,0.09847530445456601,medium,0.7504
197476948,45,0.6129,11,0.0724418123808931,0.3999,103.72,103.72,104.23,0.3284671532846715,0.45509572072072074,0.5714285714285714,0.10554699544399286,0.39977995599119825,0.16739348128048584,low,1.0
197476947,7,1.0,9,0.0724418123808931,0.3999,148.87,148.87,149.23,0.051094890510948905,1.0,0.42857142857142855,0.10554699544399286,0.39977995599119825,0.2403172142003424,low,1.0
4607837,17,0.5964,11,0.17012432374429812,0.3502,172.82,176.87,172.82,0.12408759124087591,0.4318693693693694,0.5714285714285714,0.24786951484178885,0.3500700140028006,0.2789999030913848,medium,1.0
197476948,45,0.6129,11,0.0724418123808931,0.3999,103.72,103.72,104.23,0.3284671532846715,0.45509572072072074,0.5714285714285714,0.10554699544399286,0.39977995599119825,0.16739348128048584,low,1.0
7744565,0,0.732,10,0.12103355547382524,0.3194,205.0,215.39,205.0,0.0,0.6227477477477478,0.5,0.17634471759907042,0.31926385277055414,0.3309752236973867,medium,1.0
637034136,0,0.7675,12,0.06977276971324181,0.1598,205.91,213.07,205.91,0.0,0.6727195945945946,0.6428571428571429,0.10165822485918319,0.15963192638527704,0.33244500436088764,medium,0.836
637034136,0,0.589,14,0.15252422463732243,0.6637,223.95,227.19,223.95,0.0,0.4214527027027027,0.7857142857142857,0.22222633254033453,0.663632726545309,0.361582194657105,low,0.9979
36834285,0,0.8478,9,0.07274389123987456,0.1504,97.68,106.67,97.68,0.0,0.7857545045045047,0.42857142857142855,0.10598712155937404,0.15023004600920184,0.15763801401944635,medium,0.9566
"[1333150493, 574899894]",0,0.7734,11,0.1014278547062576,0.0953,90.33,90.33,91.68,0.0,0.6810247747747747,0.5714285714285714,0.14777939214978147,0.09511902380476094,0.14576670866039992,low,0.6319
6578219,0,0.7588,12,0.05524583777365976,0.5,65.04,65.04,69.84,0.0,0.660472972972973,0.6428571428571429,0.08049261881666508,0.4998999799959992,0.10491972736376265,low,1.0
47048136,0,0.7399,12,0.1145467593464435,0.3019,0.58,0.58,7.88,0.0,0.6338682432432433,0.6428571428571429,0.1668935153850505,0.3017603520704141,0.0008075717931324095,low,1.0
47048136,0,0.7326,14,0.09184851494196536,0.2783,93.75,99.88,93.75,0.0,0.6235923423423424,0.7857142857142857,0.13382238233919713,0.27815563112622527,0.1512904997254256,low,1.0
47009514,0,0.8057,14,0.06741662100551016,0.2199,87.87,151.59,87.87,0.0,0.7264921171171173,0.7857142857142857,0.09822533789221423,0.21974394878975795,0.14179345543818847,low,1.0
47048136,0,0.7713,12,0.12972066425086115,0.2154,46.33,46.33,47.51,0.0,0.6780686936936937,0.6428571428571429,0.18900175507869485,0.21524304860972193,0.07470039086474788,low,1.0
99961287,0,0.8338,14,0.05104185119905198,0.5,69.85,186.01,69.85,0.0,0.7660472972972974,0.7857142857142857,0.0743674490962965,0.4998999799959992,0.11268856801369641,low,1.0
"[1484429144, 281500653, 207807330, 1484429130]",0,0.5697,13,0.10181362430851988,0.3742,105.98,105.98,108.26,0.0,0.3942849099099099,0.7142857142857143,0.1483414549073287,0.3740748149629926,0.17104370578544434,low,0.9992
"[1484429128, 1484429129, 166482549, 281500654]",0,0.6481,13,0.036358281729471136,0.372,130.24,135.36,130.24,0.0,0.5046452702702703,0.7142857142857143,0.05297362361520622,0.371874374874975,0.21022708918822883,low,1.0
"[1173825223, 1484429131, 1484429132, 1484429133, 1484429134, 1484429135, 1484429136, 1484429137, 1484429138, 1484429139, 1484429140, 534024693, 299392150, 711130966, 1484429143, 1484429141, 1484429142, 157467038]",0,0.7088,13,0.08071835133852957,0.4172,117.98,117.98,120.16,0.0,0.5900900900900901,0.7142857142857143,0.11760583647811193,0.4170834166833367,0.19042542882062216,low,1.0
725187385,0,0.9445,12,0.05774346265967299,0.2872,113.57,113.57,119.29,0.0,0.9218750000000001,0.6428571428571429,0.08413163527239072,0.28705741148229647,0.1833026456051943,low,1.0
4265038,0,0.7264,12,0.12557828310439278,0.1269,78.18,78.18,83.99,0.0,0.6148648648648649,0.6428571428571429,0.18296634389973765,0.1267253450690138,0.12614271408728236,low,0.9807
"[1484429144, 1484429130, 281500653, 207807330]",0,0.5697,13,0.10181362430851988,0.3742,105.98,105.98,108.26,0.0,0.3942849099099099,0.7142857142857143,0.1483414549073287,0.3740748149629926,0.17104370578544434,low,0.9992
471118554,0,0.7834,12,0.05329120988319666,0.0481,540.13,542.93,540.13,0.0,0.6951013513513514,0.6428571428571429,0.07764474398243836,0.047909581916383275,0.8722582937623155,high,1.0
29078577,0,0.8057,12,0.08736730955705256,0.0266,560.11,569.23,560.11,0.0,0.7264921171171173,0.6428571428571429,0.12729330736540717,0.026405281056211243,0.9045288626158865,high,1.0
176022840,0,0.7765,12,0.12997794724236528,0.0802,504.74,513.64,504.74,0.0,0.6853885135135135,0.6428571428571429,0.18937661402773276,0.08001600320064012,0.8150983622444036,high,1.0
176022839,0,0.6605,12,0.18768479680332492,0.4847,340.04,340.04,346.91,0.0,0.5221002252252253,0.6428571428571429,0.27345496235633865,0.48459691938387683,0.5490842135865879,medium,0.9491
176022840,0,0.7182,12,0.1650770197728066,0.1793,431.62,441.86,431.62,0.0,0.603322072072072,0.6428571428571429,0.24051563944113763,0.17913582716543305,0.69699906321672,high,1.0
176022840,3,0.7305,12,0.15091796997405174,0.0168,344.4,354.21,344.4,0.021897810218978103,0.6206362612612614,0.6428571428571429,0.21988603428959988,0.016603320664132826,0.5561262396227025,high,0.9725
19803932,3,0.7893,11,0.042652095734284905,0.1589,291.61,300.27,291.61,0.021897810218978103,0.7034065315315315,0.5714285714285714,0.062143652654015356,0.15873174634926987,0.47086280970378275,medium,1.0
19803933,0,0.8646,12,0.07867145000247149,0.0637,293.27,293.27,304.55,0.0,0.8094031531531531,0.6428571428571429,0.11462352008349434,0.0635127025405081,0.4735439480569823,medium,1.0
176022840,3,0.7305,12,0.15091796997405177,0.0168,344.4,354.21,344.4,0.021897810218978103,0.6206362612612614,0.6428571428571429,0.2198860342895999,0.016603320664132826,0.5561262396227025,high,0.9725
5832085,0,0.7995,9,0.09205971460519569,0.5,486.84,486.84,497.33,0.0,0.7177646396396398,0.42857142857142855,0.13413009830336886,0.4998999799959992,0.7861872920502633,high,1.0
5832085,0,0.6902,12,0.1614029282326781,0.5,403.4,403.4,413.81,0.0,0.5639076576576577,0.6428571428571429,0.23516252190565715,0.4998999799959992,0.6514197112123268,medium,0.764
"[573266108, 404097030]",0,0.7649,12,0.13833376296669553,0.41,463.04,464.96,463.04,0.0,0.6690596846846848,0.6428571428571429,0.2015509605807834,0.40988197639527907,0.7477468746971606,high,0.6872
471506983,0,0.7449,14,0.13948775909061678,0.281,368.19,378.27,368.19,0.0,0.6409065315315315,0.7857142857142857,0.2032323223049998,0.2808561712342469,0.5945505055399425,medium,1.0
6010071,0,0.755,14,0.10921747452513307,0.5267,311.34,321.56,311.34,0.0,0.6551238738738739,0.7857142857142857,0.15912879648326478,0.5266053210642128,0.5027295926607875,low,0.9998
404097027,0,0.9067,16,0.06463019928395136,0.5,258.47,268.59,258.47,0.0,0.8686655405405406,0.9285714285714286,0.09416554710692572,0.4998999799959992,0.41733695125496667,low,1.0
404097028,0,0.8533,14,0.06211666315377535,0.4935,310.54,310.54,313.07,0.0,0.7934966216216215,0.7857142857142857,0.09050334811499794,0.4933986797359472,0.5014374777917757,low,1.0
6010071,0,0.755,14,0.10921747452513303,0.5267,311.34,321.56,311.34,0.0,0.6551238738738739,0.7857142857142857,0.1591287964832647,0.5266053210642128,0.5027295926607875,low,0.9998
26372299,0,0.769,12,0.11941839824452607,0.2481,371.53,371.53,377.61,0.0,0.6748310810810811,0.6428571428571429,0.17399144839162517,0.24794958991798358,0.599945085118067,medium,0.9978
26372299,0,0.7416,14,0.10856793586863021,0.2776,284.31,284.31,292.86,0.0,0.6362612612612614,0.7857142857142857,0.15818242464300947,0.27745549109821965,0.4590722615240495,low,0.6396
29046089,0,0.6774,11,0.17671314448797668,0.2292,146.47,152.03,146.47,0.0,0.5458896396396397,0.5714285714285714,0.25746936598210357,0.22904580916183234,0.23644086959330682,medium,1.0
29057437,0,0.8295,8,0.0520734446982444,0.5,89.78,89.78,92.01,0.0,0.7599943693693695,0.35714285714285715,0.07587047132361463,0.4998999799959992,0.14487837968795428,low,0.9979
"[29046088, 230498539, 228015712]",0,0.6907,9,0.10095051459100575,0.5733,2.91,2.91,11.17,0.0,0.5646114864864865,0.42857142857142855,0.14708391199817544,0.5732146429285857,0.004570856349129438,low,1.0
38752553,0,0.6975,10,0.10492254715900602,0.1524,13.77,157.88,13.77,0.0,0.5741835585585586,0.5,0.15287112686721985,0.15223044608921785,0.02211131569596537,medium,0.7819
38752553,0,0.6893,11,0.13843870657174978,0.3551,31.54,168.81,31.54,0.0,0.5626407657657658,0.5714285714285714,0.20170386244681388,0.3549709941988398,0.05081241722389121,low,0.9995
4263197,0,0.6858,14,0.07270581346522008,0.366,151.62,323.14,151.62,0.0,0.557713963963964,0.7857142857142857,0.10593164259239983,0.36587317463492697,0.24475885906257067,low,1.0
74012073,0,0.6477,11,0.10001153240680605,0.0467,202.14,368.0,202.14,0.0,0.5040822072072073,0.5714285714285714,0.14571582360384888,0.046509301860372075,0.3263559130406693,medium,0.9943
1442697729,0,0.6607,14,0.05189318909956642,0.3226,128.97,440.98,128.97,0.0,0.5223817567567567,0.7857142857142857,0.07560784057649995,0.3224644928985797,0.20817585683367248,low,1.0
4254662,0,0.5153,13,0.1637027469421878,0.4823,137.5,255.37,137.5,0.0,0.3177083333333333,0.7142857142857143,0.2385133365840176,0.4821964392878576,0.2219530316245114,medium,0.9943
201756812,0,0.6285,14,0.037205465572119435,0.5,20.73,402.43,20.73,0.0,0.4770551801801801,0.7857142857142857,0.054207962671357704,0.4998999799959992,0.03335271505636851,low,1.0
1385471633,0,0.662,14,0.04082125100224198,0.363,95.2,333.41,95.2,0.0,0.5242117117117118,0.7857142857142857,0.05947612874156044,0.36287257451490296,0.15363245792550959,low,1.0
1442697729,0,0.6607,14,0.05189318909956642,0.3226,128.97,440.98,128.97,0.0,0.5223817567567567,0.7857142857142857,0.07560784057649995,0.3224644928985797,0.20817585683367248,low,1.0
4254662,0,0.5153,13,0.1637027469421878,0.4823,137.5,255.37,137.5,0.0,0.3177083333333333,0.7142857142857143,0.2385133365840176,0.4821964392878576,0.2219530316245114,medium,0.9943
"[1193908605, 1193908606]",0,0.7475,10,0.06558317323435332,0.3252,133.64,138.01,133.64,0.0,0.6445664414414416,0.5,0.09555402137574441,0.32506501300260054,0.2157185773815292,medium,0.7503
1436553886,0,0.7155,13,0.09590808387605176,0.4974,204.25,207.56,204.25,0.0,0.5995213963963965,0.7142857142857143,0.13973713688741662,0.49729945989197843,0.3297638660076881,low,1.0
"[4340904, 1191327341]",0,0.7197,14,0.11259940398012794,0.5,107.37,526.16,107.37,0.0,0.6054335585585586,0.7857142857142857,0.1640562365515266,0.4998999799959992,0.17328875537035243,low,1.0
"[164254081, 675863898, 555578164, 555578165]",0,0.7073,12,0.09573812990873083,0.4046,90.05,474.11,90.05,0.0,0.5879786036036037,0.6428571428571429,0.13948951552231084,0.4044808961792359,0.14531446845624577,low,1.0
1065218300,0,0.5579,13,0.15183331750243606,0.4957,67.47,519.14,67.47,0.0,0.3776745495495495,0.7142857142857143,0.22121968720807927,0.49559911982396476,0.10884452627838616,low,1.0
"[1065218298, 1065218299, 1234999220]",0,0.7229,14,0.04217035037095472,0.5,120.66,465.92,120.66,0.0,0.6099380630630631,0.7857142857142857,0.061441754096531666,0.4998999799959992,0.19475401363181186,low,1.0
1065218300,0,0.5466,11,0.15046168936284657,0.6713,43.9,419.64,43.9,0.0,0.361768018018018,0.5714285714285714,0.21922123764143125,0.6712342468493699,0.07077559195012437,low,0.9932
1065218300,0,0.5579,13,0.151833317502436,0.4957,67.47,519.14,67.47,0.0,0.3776745495495495,0.7142857142857143,0.2212196872080792,0.49559911982396476,0.10884452627838616,low,1.0
"[1256909810, 66651541, 1432702838]",0,0.7075,6,0.0473170851967285,0.7426,46.33,148.35,46.33,0.0,0.5882601351351352,0.21428571428571427,0.06894049933611114,0.7425485097019404,0.07470039086474788,medium,0.9534
"[1432702837, 232741567]",0,0.6614,4,0.09595106696319243,0.9811,52.97,147.86,52.97,0.0,0.5233671171171171,0.07142857142857142,0.13979976284950513,0.9810962192438487,0.08542494427754628,medium,1.0
232718005,0,0.8218,7,0.07146514950010538,0.1008,242.26,358.27,242.26,0.0,0.7491554054054055,0.2857142857142857,0.10412400662177783,0.10062012402480495,0.3911554737216138,high,0.9986
4536591,0,0.8011,11,0.09070187691601721,0.4832,95.87,402.81,95.87,0.0,0.7200168918918921,0.5714285714285714,0.13215174129595922,0.48309661932386483,0.154714604128307,low,1.0
6007533,2,0.7773,15,0.06669291533467314,0.0026,140.55,530.0,140.55,0.014598540145985401,0.6865146396396397,0.8571428571428571,0.09717090539515434,0.0024004800960192034,0.2268792195626191,low,1.0
192656541,8,0.7441,15,0.12166420125668402,0.0026,69.04,499.61,69.04,0.058394160583941604,0.6397804054054054,0.8571428571428571,0.1772635626964302,0.0024004800960192034,0.11138030170882193,low,1.0
534022321,0,0.7811,17,0.05605235963427821,0.253,40.48,458.57,40.48,0.0,0.6918637387387389,1.0,0.08166771373949708,0.25285057011402284,0.06525180088509869,low,1.0
2418095,0,0.7643,12,0.07063528419209728,0.4132,89.71,89.71,97.64,0.0,0.6682150900900901,0.6428571428571429,0.10291490051109292,0.4130826165233047,0.14476531963691572,low,1.0
534024692,2,0.6811,11,0.12024579692422509,0.3945,82.57,93.96,82.57,0.014598540145985401,0.551097972972973,0.5714285714285714,0.17519696064758145,0.39437887577515507,0.1332331944309849,low,0.9901
"[1247523488, 199518163]",0,0.7259,12,0.08546234283870228,0.4575,58.61,58.61,63.79,0.0,0.614161036036036,0.6428571428571429,0.12451778840156803,0.4573914782956592,0.09453435410407986,low,1.0
23303981,0,0.9392,12,0.03361733883649248,0.366,362.77,362.77,370.52,0.0,0.9144144144144144,0.6428571428571429,0.048980095064297687,0.36587317463492697,0.5857964273023872,low,0.995
4536595,0,0.8681,12,0.08234673632574094,0.0406,284.7,284.7,297.84,0.0,0.8143299549549551,0.6428571428571429,0.11997837840700723,0.04040808161632326,0.4597021675226928,medium,1.0
"[23163674, 23163675, 242853621]",0,0.8362,8,0.07399471779642183,0.1006,362.6,373.47,362.6,0.0,0.7694256756756758,0.35714285714285715,0.10780956433211554,0.10042008401680334,0.5855218528927222,high,1.0
534024689,6,0.7281,13,0.04849928309230112,0.4115,36.24,36.24,39.08,0.043795620437956206,0.6172578828828829,0.7142857142857143,0.07066295078188448,0.4113822764552911,0.05840359207933586,low,1.0
"[1082517336, 1144903502]",6,0.7498,12,0.11649332584767455,0.4896,63.38,63.38,71.4,0.043795620437956206,0.6478040540540542,0.6428571428571429,0.16972964484941178,0.48949789957991596,0.10223858901056304,low,1.0
"[1247523499, 534087836]",1,0.5938,11,0.06603452864507192,0.5,73.06,74.03,73.06,0.0072992700729927005,0.4282094594594595,0.5714285714285714,0.09621164205216536,0.4998999799959992,0.11787317892560649,low,0.9999
"[1175974339, 400898250, 400898252, 371906799, 27267644]",0,0.7737,13,0.1346122254544773,0.4066,94.17,149.81,94.17,0.0,0.6814470720720722,0.7142857142857143,0.1961287147009469,0.4064812962592519,0.15196886003165683,low,1.0
534024689,0,0.7587,13,0.02115418303206071,0.4462,0.53,0.53,11.3,0.0,0.6603322072072073,0.7142857142857143,0.030821391843257107,0.4460892178435687,0.0007268146138191686,low,1.0
534024689,6,0.7281,13,0.04849928309230111,0.4115,36.24,36.24,39.08,0.043795620437956206,0.6172578828828829,0.7142857142857143,0.07066295078188446,0.4113822764552911,0.05840359207933586,low,1.0
2415174,0,0.8622,12,0.07454826725610476,0.3928,117.24,362.36,117.24,0.0,0.8060247747747749,0.6428571428571429,0.10861608079666743,0.39267853570714145,0.18923022256678618,low,1.0
6244589,0,0.8906,12,0.07382276691060875,0.5,222.75,370.88,222.75,0.0,0.8460022522522523,0.6428571428571429,0.1075590334751584,0.4998999799959992,0.3596440223535872,low,1.0
6244589,0,0.7483,12,0.12447989903124657,0.4236,233.95,453.93,233.95,0.0,0.6456925675675675,0.6428571428571429,0.1813660084213119,0.42348469693938784,0.37773363051975317,medium,0.9461
332579402,0,0.7672,10,0.0718316252350491,0.4834,269.43,280.8,269.43,0.0,0.6722972972972974,0.5,0.10465795839233898,0.4832966593318664,0.435038924960429,medium,1.0
2415185,0,0.7251,12,0.1743895580474171,0.4012,236.85,249.38,236.85,0.0,0.6130349099099099,0.6428571428571429,0.25408392193850493,0.40108021604320865,0.38241754691992114,medium,1.0
30198461,0,0.7066,12,0.17593461974741992,0.1372,180.61,189.04,180.61,0.0,0.5869932432432433,0.6428571428571429,0.2563350626053472,0.1370274054810962,0.2915818716283878,medium,1.0
202053018,0,0.7605,12,0.06471791213391077,0.2507,129.65,130.04,129.65,0.0,0.662865990990991,0.6428571428571429,0.09429334392147877,0.2505501100220044,0.20927415447233258,low,1.0
534024688,0,0.6734,12,0.12276231571259365,0.4106,170.88,171.37,170.88,0.0,0.540259009009009,0.6428571428571429,0.1788635053450254,0.4104820964192839,0.27586652453403104,medium,0.7664
30198461,0,0.7066,12,0.1759346197474199,0.1372,180.61,189.04,180.61,0.0,0.5869932432432433,0.6428571428571429,0.25633506260534716,0.1370274054810962,0.2915818716283878,medium,1.0
"[901462488, 901462497, 901462498, 1484429774]",0,0.5849,10,0.06769727229883114,0.5,35.25,209.83,35.25,0.0,0.4156813063063063,0.5,0.09863424424177658,0.4998999799959992,0.056804599928933684,low,0.9939
"[901462483, 901462484, 901462485, 901462486, 901462488]",0,0.6677,11,0.028293305503873586,0.5,41.32,281.22,41.32,0.0,0.5322353603603603,0.5714285714285714,0.04122302753316912,0.4998999799959992,0.06660852149756114,low,1.0
286754711,0,0.6346,8,0.07980061452775375,0.7386,78.04,100.2,78.04,0.0,0.485641891891892,0.35714285714285715,0.11626870239719347,0.7385477095419084,0.1259165939852053,medium,0.9497
3754070,0,0.5671,9,0.19897530381721537,0.0174,128.65,251.27,128.65,0.0,0.39062500000000006,0.42857142857142855,0.28990512708968896,0.017203440688137627,0.20765901088606775,high,1.0
"[1051388672, 303994869, 1051388676, 920596373]",0,0.657,13,0.11763069397538418,0.2291,221.01,324.39,221.01,0.0,0.5171734234234235,0.7142857142857143,0.17138677973629218,0.22894578915783156,0.3568336725134864,medium,0.9999
"[1051388673, 1051388674, 1051388675]",0,0.6615,11,0.1236445528353746,0.0174,81.42,198.88,81.42,0.0,0.5235078828828829,0.5714285714285714,0.18014891670748848,0.017203440688137627,0.13137577930678038,medium,1.0
"[608159137, 1420246978, 1420246979, 17926247, 303994870, 303994871, 1246181910, 166490813, 1184092350, 1184092351]",0,0.8356,7,0.024549725804696575,0.5,130.65,140.59,130.65,0.0,0.7685810810810813,0.2857142857142857,0.035768666389942846,0.4998999799959992,0.2108892980585974,medium,0.9554
"[3076611, 286754706, 1068358100, 1068358101, 1073693272, 1065201822]",13,0.6936,13,0.0861303085746606,0.4655,79.65,79.65,82.32,0.0948905109489051,0.5686936936936937,0.7142857142857143,0.12549100832687604,0.46539307861572315,0.12851697515909166,low,1.0
4248704,0,0.4871,14,0.1918383438554004,0.4802,51.39,493.71,51.39,0.0,0.27801238738738737,0.7857142857142857,0.27950664215692717,0.4800960192038408,0.08287301741124786,low,0.9997
"[166585298, 1065218285, 1065218286]",0,0.639,14,0.08375812914031157,0.5,73.45,440.87,73.45,0.0,0.4918355855855856,0.7857142857142857,0.122034764738869,0.4998999799959992,0.11850308492424978,low,1.0
"[1065218288, 6266181, 1065218287]",0,0.5569,14,0.1817440007779589,0.4791,96.69,408.61,96.69,0.0,0.37626689189189183,0.7857142857142857,0.26479927726227936,0.478995799159832,0.15603902186904417,low,0.9999
"[1065218289, 6266180, 1068540382]",0,0.5639,14,0.13652855442255507,0.5,26.7,515.2,26.7,0.0,0.38612049549549543,0.7857142857142857,0.19892078835799237,0.4998999799959992,0.042995122266369486,low,1.0
1417213555,0,0.894,12,0.006955275257308592,0.1211,217.23,219.92,217.23,0.0,0.8507882882882885,0.6428571428571429,0.01013371398778441,0.12092418483696739,0.3507284297574054,low,1.0
1417213552,0,0.9929,11,0.006955275257308592,0.5,223.05,224.85,223.05,0.0,0.9900056306306307,0.5714285714285714,0.01013371398778441,0.4998999799959992,0.3601285654294667,low,1.0
"[1065218282, 250325163, 250325162, 1417213554, 1191327863, 1191327864]",0,0.7527,11,0.007692970907427031,0.0772,343.16,343.16,346.25,0.0,0.6518862612612614,0.5714285714285714,0.011208529755809228,0.07701540308061612,0.5541234615757341,medium,0.9994
"[2483868, 1420136143]",0,0.6165,13,0.21040171127976987,0.2328,164.83,176.09,164.83,0.0,0.4601632882882884,0.7142857142857143,0.3065532975250958,0.23264652930586116,0.2660949058371289,medium,1.0
472247059,0,0.9078,9,0.022474483305900888,0.4467,285.93,285.93,292.91,0.0,0.8702139639639642,0.42857142857142855,0.03274505718223948,0.4465893178635727,0.46168879413379854,medium,0.9922
4255930,0,0.8742,6,0.01228820304712296,0.1452,242.93,268.05,242.93,0.0,0.8229166666666667,0.21428571428571427,0.017903740661128566,0.1450290058011602,0.3922376199244113,high,0.8241
4248704,0,0.6062,11,0.13465776574059746,0.5694,200.6,213.27,200.6,0.0,0.4456644144144144,0.5714285714285714,0.19619506647839666,0.5693138627725546,0.32386859191782147,medium,1.0
4248704,0,0.7503,11,0.0660365818180098,0.1596,135.27,146.13,135.27,0.0,0.6485078828828829,0.5714285714285714,0.09621463350622605,0.15943188637727543,0.21835126142714087,medium,0.6363
4252579,0,0.6332,9,0.12122993354815349,0.6377,129.6,141.65,129.6,0.0,0.48367117117117114,0.42857142857142855,0.17663083864471907,0.637627525505101,0.20919339729301933,medium,1.0
1046706708,0,1.0,12,0.13455843285784883,0.5,117.26,123.14,117.26,0.0,1.0,0.6428571428571429,0.19605033938309055,0.4998999799959992,0.1892625254385115,low,1.0
4253449,0,0.4754,12,0.18706686590727312,0.4291,123.19,124.63,123.19,0.0,0.2615427927927928,0.6428571428571429,0.2725546427319522,0.42898579715943186,0.19884032690506187,medium,1.0
"[596678291, 166594102]",0,0.5437,12,0.13455843285784885,0.5,88.66,94.5,88.66,0.0,0.35768581081081074,0.6428571428571429,0.19605033938309058,0.4998999799959992,0.14306941887133767,low,0.7094
4255940,1,0.7965,9,0.09782134650753246,0.5,74.82,74.82,84.31,0.0072992700729927005,0.7135416666666666,0.42857142857142855,0.1425247429202812,0.4998999799959992,0.12071583163743256,low,0.9995
"[1176717544, 1176717545, 293598611, 888020120]",0,0.4571,10,0.21806434875569247,0.3432,83.36,83.36,117.64,0.0,0.23578265765765766,0.5,0.31771768975440773,0.34306861372274455,0.13450915786413412,high,0.9676
"[293598609, 1062483020, 971143901]",0,0.6838,9,0.10011762428844835,0.7222,70.81,70.81,72.68,0.0,0.5548986486486486,0.42857142857142855,0.1458703984982925,0.7221444288857771,0.11423910585651065,low,0.9989
4254089,0,0.4575,7,0.2795118401330802,0.6579,161.48,161.48,172.92,0.0,0.23634572072072074,0.2857142857142857,0.40724611875813277,0.6578315663132627,0.26068417482314177,high,1.0
3700585,2,0.7109,8,0.13325811023606077,0.7783,157.09,157.09,165.23,0.014598540145985401,0.5930461711711712,0.35714285714285715,0.19415578129915337,0.778255651130226,0.2535936944794392,medium,1.0
"[1065218272, 367808673, 43892835, 1145582373, 286754719, 1163445081, 1065218271]",9,0.4772,4,0.16281150865705812,0.8602,25.85,25.85,89.47,0.06569343065693431,0.26407657657657657,0.07142857142857142,0.2372148106109134,0.8601720344068814,0.04162225021804439,high,0.9977
3755162,0,0.4492,8,0.2569676372975029,0.4532,54.27,239.45,54.27,0.0,0.22466216216216214,0.35714285714285715,0.37439942285944067,0.4530906181236247,0.08752463093969055,high,1.0
1065218300,0,0.5009,10,0.17107387334313037,0.5714,52.46,214.69,52.46,0.0,0.2974380630630631,0.5,0.24925299986190885,0.5713142628525706,0.08460122104855122,medium,1.0
1065218300,0,0.5175,11,0.14939195690705515,0.458,78.57,297.85,78.57,0.0,0.3208051801801801,0.5714285714285714,0.21766264730560925,0.4578915783156632,0.12677262008592563,medium,1.0
"[42528779, 1297224182]",0,0.656,13,0.11626313612162967,0.5353,91.39,91.39,101.94,0.0,0.5157657657657658,0.7142857142857143,0.16939426053861825,0.5352070414082817,0.1474787608618406,low,1.0
"[3754850, 1168167720, 1200974088, 1176292749, 1188081935, 584351059]",0,0.5914,8,0.10334346850701835,0.775,143.43,149.68,143.43,0.0,0.42483108108108114,0.35714285714285715,0.15057042381463273,0.7749549909981996,0.2315308330910618,medium,1.0
"[1482080513, 1256903634, 1499176734, 500549199]",0,0.6084,11,0.1450766604678827,0.5749,186.54,186.54,197.09,0.0,0.44876126126126137,0.5714285714285714,0.21137530013773692,0.5748149629925985,0.30115967309493813,medium,1.0
8173308,0,0.7529,8,0.19519112442424824,0.5,115.92,124.66,115.92,0.0,0.6521677927927928,0.35714285714285715,0.28439161256653483,0.4998999799959992,0.18709823303291664,medium,0.9999
99961287,0,0.7451,13,0.0923119701687949,0.5,13.22,13.22,17.08,0.0,0.6411880630630631,0.7142857142857143,0.13449763233625206,0.4998999799959992,0.021222986723519723,low,1.0
99961287,0,0.7614,11,0.07774082879976278,0.5,107.04,107.04,108.85,0.0,0.6641328828828829,0.5714285714285714,0.1132676135621953,0.4998999799959992,0.17275575798688506,low,1.0
30078111,0,0.8164,8,0.16590843282599468,0.4796,338.78,348.2,338.78,0.0,0.7415540540540541,0.35714285714285715,0.24172700060229502,0.479495899179836,0.5470491326678941,high,0.9997
99961288,0,0.7353,11,0.1295546234311961,0.6361,426.88,435.88,426.88,0.0,0.627393018018018,0.5714285714285714,0.18875983513368347,0.6360272054410883,0.6893432826178247,medium,0.9707
99961288,9,0.6911,11,0.17232325859631817,0.3336,467.85,477.16,467.85,0.06569343065693431,0.5651745495495496,0.5714285714285714,0.25107334266893006,0.33346669333866774,0.7555157153470944,high,1.0
299652848,0,0.5368,6,0.1527458898432748,0.7047,131.48,131.48,136.31,0.0,0.3479729729729731,0.21428571428571427,0.22254929670386434,0.7046409281856372,0.21222986723519718,high,0.9998
534031400,0,0.5002,10,0.10881144591554225,0.7745,28.04,162.16,28.04,0.0,0.2964527027027027,0.5,0.15853721653862587,0.7744548909781956,0.04515941467196434,low,0.9935
534031400,0,0.5904,11,0.08714501945549308,0.504,12.73,191.31,12.73,0.0,0.4234234234234235,0.5714285714285714,0.12696943273473313,0.5039007801560312,0.02043156636624996,low,1.0
166594100,0,0.5588,12,0.15655890314689966,0.5,43.89,48.98,43.89,0.0,0.3789414414414414,0.6428571428571429,0.22810482196928566,0.4998999799959992,0.07075944051426172,low,0.9965
4253423,0,0.5158,12,0.2694264234333845,0.5,52.71,52.71,60.18,0.0,0.3184121621621622,0.6428571428571429,0.39255175951364846,0.4998999799959992,0.08500500694511742,medium,1.0
"[166594097, 612050466]",0,0.5658,12,0.14292042813087558,0.5251,5.42,5.42,11.11,0.0,0.38879504504504503,0.6428571428571429,0.20823368948167817,0.5250050010002001,0.008624866750654133,low,1.0
"[705604905, 4253982]",7,0.4772,7,0.20464584888712908,0.7681,183.61,307.65,183.61,0.051094890510948905,0.26407657657657657,0.2857142857142857,0.2981670590306732,0.7680536107221444,0.29642730238718223,high,1.0
18131102,6,0.529,8,0.1502432024309139,0.7325,87.55,293.81,87.55,0.043795620437956206,0.33699324324324326,0.35714285714285715,0.21890290419387617,0.7324464892978596,0.1412766094905837,medium,1.0
"[4253666, 1489265997, 1489265998]",43,0.463,8,0.11471394686625276,0.7345,75.61,81.17,75.61,0.31386861313868614,0.24408783783783786,0.35714285714285715,0.16713710606161084,0.7344468893778756,0.12199179507058178,medium,0.9465
6273410,35,0.6926,9,0.06310483128952188,0.9945,50.83,50.83,52.27,0.25547445255474455,0.567286036036036,0.42857142857142855,0.09194309998772422,0.9944988997799561,0.08196853700293956,low,1.0
"[840276312, 578170386, 841715180, 1065201847]",37,0.6829,9,0.06103311971293227,0.5861,2.45,2.45,9.66,0.27007299270072993,0.5536317567567567,0.42857142857142855,0.08892463530115523,0.5860172034406881,0.0038278902994476212,low,1.0
"[1482101906, 1482101907, 1482101908, 578174541]",23,0.5247,11,0.083720539074673,0.8192,122.44,122.44,124.67,0.1678832116788321,0.33094031531531537,0.5714285714285714,0.12197999635943917,0.8191638327665534,0.19762896921536324,low,1.0
4254079,0,0.4693,8,0.22915183577843462,0.7921,126.43,130.02,126.43,0.0,0.2529560810810811,0.35714285714285715,0.33387205623047483,0.7920584116823365,0.20407339212455988,high,0.996
"[1068540384, 1482101905, 1065201843, 1065201844, 4253691]",11,0.6081,9,0.11568804703920907,0.6696,1.28,1.28,11.55,0.08029197080291971,0.44833896396396394,0.42857142857142855,0.16855636104211813,0.6695339067813563,0.0019381723035177827,low,1.0
"[1065201844, 1065201845, 1065201846]",23,0.4334,11,0.18411979436758666,0.4667,22.58,22.58,26.91,0.1678832116788321,0.20242117117117117,0.5714285714285714,0.26826078664124103,0.46659331866373277,0.036340730690958424,medium,0.9896
4135475,7,0.4808,10,0.22705749248469537,0.5,110.88,110.88,121.32,0.051094890510948905,0.26914414414414417,0.5,0.33082061734045753,0.4998999799959992,0.17895790935814193,medium,0.9044
"[1069720384, 596680097, 596680099, 227387820, 1062366356, 1069111992, 1069111993, 896847197]",37,0.7611,12,0.05052562194076742,0.7881,11.45,11.45,18.21,0.27007299270072993,0.6637105855855856,0.6428571428571429,0.07361530782146192,0.7880576115223045,0.01836418257583099,low,1.0
"[780411383, 657134509, 3076852, 693294644, 1069111991, 1168157113, 1168157114]",12,0.7516,11,0.022680781236837953,0.6396,36.54,36.54,152.1,0.08759124087591241,0.6503378378378379,0.5714285714285714,0.03304563136760502,0.6395279055811162,0.0588881351552153,low,1.0
100514387,1,0.78,10,0.07430097352944051,0.5,61.2,61.79,61.2,0.0072992700729927005,0.6903153153153154,0.5,0.10825577611449982,0.4998999799959992,0.09871757599250575,low,1.0
"[1062366690, 1062366691, 1105922804]",6,0.7189,11,0.11834090305463296,0.3541,17.59,17.59,18.86,0.043795620437956206,0.6043074324324325,0.5714285714285714,0.172421547823712,0.3539707941588318,0.028281164195496984,low,1.0
4352330,0,0.8519,8,0.05438802485113523,0.2093,47.17,583.99,47.17,0.0,0.791525900900901,0.35714285714285715,0.07924279328902807,0.20914182836567313,0.07605711147721034,low,0.8062
257776874,0,0.8014,11,0.08515341480759564,0.1577,145.9,598.84,145.9,0.0,0.7204391891891894,0.5714285714285714,0.12406768310548154,0.15753150630126025,0.23552023774913589,low,0.5143
"[257776874, 1191327341]",0,0.8,12,0.04902523028425531,0.2093,31.89,595.72,31.89,0.0,0.7184684684684685,0.6428571428571429,0.07142925099657325,0.20914182836567313,0.051377717479083894,low,1.0
201756812,0,0.6804,14,0.07423655584795125,0.4372,63.31,626.64,63.31,0.0,0.5501126126126127,0.7857142857142857,0.10816192014585863,0.43708741748349667,0.10212552895952451,low,1.0
"[257776873, 257776874]",0,0.5757,13,0.11966287888345817,0.318,81.2,591.34,81.2,0.0,0.40273085585585583,0.7142857142857143,0.17434765443087566,0.3178635727145429,0.13102044771780214,low,0.9985
1065218290,0,0.7613,14,0.08824130663352926,0.3027,159.0,556.46,159.0,0.0,0.6639921171171171,0.7857142857142857,0.128566713056296,0.3025605121024205,0.256678618729205,low,1.0
1396102174,0,0.6031,13,0.06478836490444875,0.2729,15.48,519.49,15.48,0.0,0.44130067567567566,0.7142857142857143,0.0943959929592806,0.272754550910182,0.02487321122847821,low,1.0
4254683,0,0.8041,8,0.09164837899289878,0.5,134.42,510.65,134.42,0.0,0.7242398648648649,0.35714285714285715,0.13353078610466484,0.4998999799959992,0.21697838937881575,medium,0.9992
"[1065218289, 6266180, 1068540382]",0,0.5639,14,0.13652855442255507,0.5,26.7,515.2,26.7,0.0,0.38612049549549543,0.7857142857142857,0.19892078835799237,0.4998999799959992,0.042995122266369486,low,1.0
1065218290,0,0.7613,14,0.08824130663352929,0.3027,159.0,556.46,159.0,0.0,0.6639921171171171,0.7857142857142857,0.12856671305629605,0.3025605121024205,0.256678618729205,low,1.0
3700585,16,0.4277,10,0.18644166204926974,0.2562,173.18,173.18,181.07,0.11678832116788321,0.19439752252252254,0.5,0.27164372646898644,0.2560512102420484,0.2795813547824402,high,0.9999
422323611,10,0.4013,7,0.2268684820774903,0.8475,181.97,185.04,181.97,0.072992700729927,0.15723536036036034,0.2857142857142857,0.33054523091795096,0.8474694938987798,0.2937784669057079,high,1.0
"[166369924, 5044805, 5044806, 564115147, 1272910831, 837464369, 1272910643, 837464375, 835624889, 835624890, 825529979, 1256019036, 1256019037, 564115131]",4,0.7801,8,0.039404093640796785,0.3796,54.15,54.15,55.61,0.029197080291970802,0.6904560810810811,0.35714285714285715,0.05741134351799407,0.3794758951790358,0.08733081370933876,low,0.9931
"[1272910830, 1065258323, 825529978, 825529981, 22813886, 1212624127]",0,0.5983,9,0.04910019686203902,1.0,65.53,65.53,228.9,0.0,0.434543918918919,0.42857142857142855,0.07153847660995982,1.0,0.1057111477210324,low,1.0
"[99961322, 871216779, 1272914620, 237396756]",4,0.7662,10,0.10274052448730778,0.6368,27.76,27.76,31.32,0.029197080291970802,0.6708896396396397,0.5,0.14969193993104588,0.6367273454690938,0.044707174467810196,low,1.0
"[1302788071, 1302788072, 1302788073, 1302788074, 28509883, 8386782]",2,0.5659,10,0.14132677635085644,0.7156,269.25,279.87,269.25,0.014598540145985401,0.38893581081081074,0.5,0.20591175351576815,0.7155431086217243,0.43474819911490137,medium,0.9924
99961322,3,0.5776,11,0.14327885894558656,0.6368,9.86,9.86,171.99,0.021897810218978103,0.40540540540540543,0.5714285714285714,0.20875591987755418,0.6367273454690938,0.01579610427366993,low,1.0
"[929968168, 1288823362, 1444612788, 47048375]",1,0.8229,9,0.0505106773619359,0.5,91.29,91.29,185.13,0.0072992700729927005,0.7507038288288288,0.42857142857142855,0.0735935337077444,0.4998999799959992,0.14731724650321415,low,1.0
237396464,0,0.8666,10,0.0505106773619359,0.5,121.93,121.93,154.5,0.0,0.8122184684684685,0.5,0.0735935337077444,0.4998999799959992,0.1968052459863682,low,1.0
76590370,0,0.846,14,0.004498369688940757,0.2352,172.76,172.76,173.19,0.0,0.7832207207207208,0.7857142857142857,0.006554025202842064,0.23504700940188036,0.2789029944762089,low,1.0
76590370,4,0.7476,12,0.04912784750682309,0.1345,10.11,10.11,14.33,0.029197080291970802,0.6447072072072073,0.6428571428571429,0.071578763344747,0.13432686537307462,0.016199890170236132,low,1.0
99961323,2,0.8738,12,0.059172392288215095,0.1345,99.46,99.46,105.35,0.014598540145985401,0.8223536036036038,0.6428571428571429,0.08621357258069437,0.13432686537307462,0.1605129696029977,low,1.0
76590370,0,0.846,14,0.004498369688940757,0.2352,172.76,172.76,173.19,0.0,0.7832207207207208,0.7857142857142857,0.006554025202842064,0.23504700940188036,0.2789029944762089,low,1.0
8179132,0,0.8269,13,0.04357026422898226,0.2676,185.07,185.07,209.64,0.0,0.7563344594594594,0.7142857142857143,0.06348141569443166,0.2674534906981397,0.2987854120231288,low,1.0
"[1252805504, 236881841, 906846476, 236881840]",0,0.7977,13,0.08651674749544118,0.5066,54.45,54.45,55.15,0.0,0.7152308558558559,0.7142857142857143,0.12605404627533998,0.506501300260052,0.08781535678521822,low,1.0
"[1452712403, 1452712404, 16295492]",0,0.8104,14,0.0572339490708169,0.156,206.99,209.27,206.99,0.0,0.7331081081081081,0.7857142857142857,0.08338927866606191,0.15583116623324664,0.3341893594340537,low,1.0
"[1238199845, 17940466, 929968153, 929968154, 929968157]",11,0.842,9,0.08090886501310486,0.5,147.69,147.69,151.96,0.08029197080291971,0.7775900900900902,0.42857142857142855,0.1178834131473318,0.4998999799959992,0.23841134476854992,low,0.9997
"[1420329866, 160532844]",8,0.856,12,0.05468450301314942,0.344,15.81,15.81,19.93,0.058394160583941604,0.7972972972972974,0.6428571428571429,0.0796747592405105,0.34386877375475094,0.025406208611945605,low,1.0
"[197476980, 234295188]",3,0.5942,14,0.04057844900481817,0.5591,9.94,9.94,11.6,0.021897810218978103,0.42877252252252246,0.7857142857142857,0.0591223684675272,0.5590118023604721,0.015925315760571115,low,1.0
"[4390227, 724836932, 724836933, 1051388679]",3,0.8614,14,0.05468450301314942,0.2635,32.11,105.78,32.11,0.021897810218978103,0.8048986486486489,0.7857142857142857,0.0796747592405105,0.2633526705341068,0.051733049068062156,low,1.0
"[1051388680, 1484374577, 166482547, 725187382]",1,0.5551,16,0.1445523904596561,0.7146,101.4,110.72,101.4,0.0072992700729927005,0.37373310810810817,0.9285714285714286,0.21061144356429232,0.7145429085817163,0.16364634816035148,low,1.0
"[4607833, 945034906]",0,0.6087,14,0.11603832964371177,0.4807,100.94,105.2,100.94,0.0,0.4491835585585586,0.7857142857142857,0.16906671957076588,0.4805961192238448,0.16290338211066965,low,1.0
7744564,0,0.6987,14,0.07416552547660002,0.2996,186.53,196.73,186.53,0.0,0.5758727477477478,0.7857142857142857,0.10805842954899161,0.2994598919783957,0.3011435216590755,low,1.0
500005090,0,0.7954,13,0.033100155736775744,0.5204,209.38,215.32,209.38,0.0,0.7119932432432433,0.7142857142857143,0.04822656405128133,0.5203040608121624,0.33804955260522657,low,1.0
637034136,0,0.589,14,0.15252422463732243,0.6637,223.95,227.19,223.95,0.0,0.4214527027027027,0.7857142857142857,0.22222633254033453,0.663632726545309,0.361582194657105,low,0.9979
197476947,8,0.5149,10,0.1316922285347092,0.3953,109.22,109.22,115.65,0.058394160583941604,0.3171452702702703,0.5,0.19187430608209877,0.3951790358071614,0.17627677100494235,medium,1.0
"[4607833, 945034906]",0,0.6087,14,0.11603832964371177,0.4807,100.94,105.2,100.94,0.0,0.4491835585585586,0.7857142857142857,0.16906671957076588,0.4805961192238448,0.16290338211066965,low,1.0
"[1367165185, 1158978914, 1383316612, 1387656239]",0,0.5985,8,0.10868284800912467,0.4928,37.22,42.05,37.22,0.0,0.4348254504504505,0.35714285714285715,0.1583498505733658,0.49269853970794164,0.059986432793875374,medium,1.0
"[1128114464, 1128114465, 663246992, 1064384188, 1064384189, 1064384190, 1064384191]",2,0.7895,7,0.011090915690295914,0.5102,107.52,109.03,107.52,0.014598540145985401,0.7036880630630631,0.2857142857142857,0.01615930400928189,0.5101020204040808,0.17353102690829214,medium,0.724
4252418,0,1.0,10,0.03659596433530613,0.2771,125.43,125.43,176.35,0.0,1.0,0.5,0.053319924982844304,0.27695539107821565,0.20245824853829508,low,1.0
4252418,4,0.7385,12,0.016246609113044538,0.2771,19.16,19.16,20.31,0.029197080291970802,0.6318975225225226,0.6428571428571429,0.023671101842144777,0.27695539107821565,0.030816939625932748,low,1.0
8375943,0,0.8099,12,0.03659596433530613,0.2771,120.74,120.74,169.17,0.0,0.7324042792792793,0.6428571428571429,0.053319924982844304,0.27695539107821565,0.19488322511871306,low,1.0
22617681,0,0.6401,10,0.07864150336721336,0.282,297.9,309.01,297.9,0.0,0.49338400900900903,0.5,0.11457988811173261,0.28185637127425484,0.4810220628613884,high,0.8903
22617681,0,0.7198,10,0.0718702353826633,0.4922,278.42,287.74,278.42,0.0,0.6055743243243243,0.5,0.10471421302181232,0.4920984196839368,0.4495590658009498,medium,1.0
8375959,0,0.7335,8,0.1312786544802728,0.2457,199.57,199.57,204.59,0.0,0.6248592342342343,0.35714285714285715,0.19127173249381363,0.24554910982196437,0.3222049940239687,high,0.9597
562087583,0,0.6403,12,0.11794462843102502,0.4595,189.47,189.47,191.42,0.0,0.4936655405405405,0.6428571428571429,0.17184417934681567,0.4593918783756752,0.305892043802694,medium,0.9824
562087583,0,0.6456,12,0.13927487167475217,0.4666,142.8,144.31,142.8,0.0,0.5011261261261261,0.6428571428571429,0.20292214730078417,0.466493298659732,0.23051329263171497,low,0.6244
236957435,0,0.8475,12,0.08111287861080498,0.5,151.77,151.77,157.95,0.0,0.7853322072072074,0.6428571428571429,0.11818065908020989,0.4998999799959992,0.24500113060051038,low,1.0
236957433,0,0.643,12,0.06240984411524618,0.2218,9.32,9.32,16.7,0.0,0.4974662162162163,0.6428571428571429,0.09093051007565602,0.22164432886577315,0.014923926737086929,low,1.0
236957434,0,0.7457,12,0.06589819000554706,0.2976,132.33,132.33,141.11,0.0,0.6420326576576577,0.6428571428571429,0.09601299791006034,0.29745949189837967,0.2136027392835223,low,1.0
4247634,0,0.8071,10,0.004923730217210491,0.269,179.13,193.24,179.13,0.0,0.728462837837838,0.5,0.007173771574948603,0.26885377075415084,0.2891914591207158,low,0.9584
50836156,0,0.7363,8,0.06697139729410131,0.3936,55.16,458.44,55.16,0.0,0.6288006756756757,0.35714285714285715,0.09757665104521449,0.39347869573914784,0.08896210873146623,medium,0.9766
"[241169593, 47034327]",0,0.7116,10,0.10709895259209583,0.5,56.37,56.37,58.47,0.0,0.5940315315315315,0.5,0.15604212953847627,0.4998999799959992,0.09091643247084666,low,0.9998
"[1128345667, 1128122346, 1128122347, 388339788, 388339789, 30901819]",46,0.6157,10,0.06448366057930358,0.4651,7.17,7.17,12.69,0.3357664233576642,0.4590371621621622,0.5,0.0939520415638795,0.46499299859972,0.011451368026617566,low,1.0
482577017,0,1.0,8,0.00014541252731828714,0.5,70.27,70.27,77.77,0.0,1.0,0.35714285714285715,0.00021180670921637447,0.4998999799959992,0.11336692831992765,low,1.0
35400434,0,0.8993,7,0.00014541252731828714,0.5,104.64,104.64,115.95,0.0,0.8582488738738738,0.2857142857142857,0.00021180670921637447,0.4998999799959992,0.16887941337984946,low,0.9999
2495383,0,0.8574,10,0.025437975172714115,0.5,101.57,101.57,102.9,0.0,0.7992680180180183,0.5,0.03706283753834267,0.4998999799959992,0.16392092257001648,low,1.0
4259842,0,0.8815,10,0.02175171108994141,0.5,74.75,74.75,76.66,0.0,0.8331925675675674,0.5,0.03169198472033902,0.4998999799959992,0.12060277158639404,low,1.0
157573005,0,0.6999,12,0.12381449549074408,0.5,70.01,70.01,72.26,0.0,0.5775619369369369,0.6428571428571429,0.18039652159118516,0.4998999799959992,0.1129469909874988,low,1.0
"[1113492192, 1113492193]",0,0.4669,11,0.11813107665142497,0.5362,23.81,23.81,24.66,0.0,0.24957770270270266,0.5714285714285714,0.17211583268674505,0.5361072214442889,0.03832735730206416,medium,0.7335
"[1265700769, 1113492190]",0,0.4824,10,0.14970783677617863,0.5099,106.84,107.97,106.84,0.0,0.2713963963963964,0.5,0.21812288136565966,0.5098019603920785,0.17243272926963207,medium,0.9998
"[504124798, 19210471]",0,0.6384,9,0.07991166200173551,0.5,180.4,187.62,180.4,0.0,0.49099099099099097,0.42857142857142855,0.11643049754403453,0.4998999799959992,0.29124269147527215,medium,1.0
504124799,0,0.9853,6,0.160291903079754,0.0192,182.48,190.24,182.48,0.0,0.9793074324324326,0.21428571428571427,0.23354376849041975,0.01900380076015203,0.29460219013470296,high,0.9972
245284840,0,0.7101,8,0.10764923600548354,0.1051,319.84,319.84,330.65,0.0,0.591920045045045,0.35714285714285715,0.1568438874036564,0.10492098419683936,0.5164583131440385,high,1.0
"[164587411, 1442635965]",0,0.7716,10,0.10243118395113313,0.1711,323.67,323.67,334.47,0.0,0.678490990990991,0.5,0.14924123361887445,0.17093418683736747,0.5226443130794328,high,0.8272
"[8117353, 1442650642, 237323557, 201783839]",18,0.5632,12,0.14855755084252045,0.4185,171.33,171.33,181.96,0.13138686131386862,0.3851351351351352,0.6428571428571429,0.2164469253544856,0.41838367673534704,0.2765933391478502,medium,0.9969
"[201783840, 1187063723]",9,0.7601,12,0.04345613246780329,0.4273,27.54,27.54,30.05,0.06569343065693431,0.662302927927928,0.6428571428571429,0.06331512676955064,0.4271854370874175,0.04435184287883193,low,1.0
"[753618488, 753618490, 2818478]",11,0.6734,14,0.009884058054502695,0.2437,71.78,71.78,72.72,0.08029197080291971,0.540259009009009,0.7857142857142857,0.014400923549124041,0.24354870974194837,0.11580579513518753,low,1.0
"[1205511173, 753618494, 201781287]",0,0.5666,10,0.16474302342965716,0.0138,236.4,236.4,250.76,0.0,0.38992117117117114,0.5,0.24002900984528466,0.013602720544108821,0.381690732306102,high,1.0
164587415,0,0.9894,12,0.010374501299227958,0.1663,440.8,449.25,440.8,0.0,0.9850788288288289,0.6428571428571429,0.01511549483969263,0.16613322664532906,0.711826081338631,medium,0.9985
"[198992548, 30476103]",0,0.8906,8,0.053168149101478324,0.3859,300.25,307.08,300.25,0.0,0.8460022522522523,0.35714285714285715,0.07746544555686802,0.38577715543108626,0.4848176502891107,medium,0.9999
"[192653464, 30745907, 207134206, 164587415]",0,0.9729,10,0.008480629563806604,0.5,426.76,426.76,436.55,0.0,0.9618524774774776,0.5,0.012356141163795823,0.4998999799959992,0.689149465387473,medium,0.9989
25651230,0,1.0,7,0.10764923600548354,0.5,356.57,356.57,367.23,0.0,1.0,0.2857142857142857,0.1568438874036564,0.4998999799959992,0.5757825370675453,medium,0.9718
"[192653464, 30745907, 207134206, 164587415]",0,0.9729,10,0.008480629563806604,0.5,426.76,426.76,436.55,0.0,0.9618524774774776,0.5,0.012356141163795823,0.4998999799959992,0.689149465387473,medium,0.9989
"[1064384199, 61904424, 1128116457, 828620488, 1128116456, 1215192400]",0,0.7361,9,0.02508726292461037,0.1542,123.5,123.5,132.59,0.0,0.6285191441441441,0.42857142857142855,0.036551853022925206,0.15403080616123224,0.19934102141680396,medium,1.0
61904430,0,0.8431,12,0.04424250253615043,0.1693,135.54,142.2,135.54,0.0,0.7791385135135135,0.6428571428571429,0.06446086071664192,0.16913382676535307,0.21878735019543236,low,1.0
828621694,0,0.8404,12,0.03559258521868366,0.5,15.77,15.77,20.31,0.0,0.7753378378378378,0.6428571428571429,0.051858010851075324,0.4998999799959992,0.02534160286849501,low,1.0
"[1064384198, 1229195336, 1130517553, 1130517555, 1130517556, 1128361267, 723904028]",3,0.7491,6,0.0013040948256710476,0.2415,52.67,183.56,52.67,0.021897810218978103,0.6468186936936937,0.21428571428571427,0.001899996146419694,0.24134826965393077,0.08494040120166683,medium,1.0
"[259918585, 1128352698, 239268118]",1,0.8212,6,0.0425243499477655,0.5,168.15,173.56,168.15,0.0072992700729927005,0.748310810810811,0.21428571428571427,0.061957528219598886,0.4998999799959992,0.27145718254352813,medium,1.0
4471813,0,0.6378,12,0.1926478016982944,0.5,116.12,116.12,127.21,0.0,0.49014639639639646,0.6428571428571429,0.2806860147788941,0.4998999799959992,0.1874212617501696,medium,0.8538
1102937730,3,0.5606,12,0.13460354550669779,0.5,192.37,192.37,202.97,0.021897810218978103,0.3814752252252252,0.6428571428571429,0.1961160680969747,0.4998999799959992,0.31057596020286204,medium,1.0
"[1102937730, 61904429, 1064367028, 828621693]",3,0.4376,12,0.1934212506127377,0.5,132.09,132.09,138.36,0.021897810218978103,0.20833333333333331,0.6428571428571429,0.2818129227237517,0.4998999799959992,0.21321510482281875,medium,1.0
898443086,0,0.9855,7,0.0032223152728188004,0.5,78.58,78.58,80.92,0.0,0.979588963963964,0.2857142857142857,0.004694825671049541,0.4998999799959992,0.1267887715217883,low,1.0
"[1128352688, 1128352686, 1128352687]",0,0.8655,6,0.0009227060996686147,0.4969,68.22,68.22,72.43,0.0,0.8106700450450453,0.21428571428571427,0.0013443162852350742,0.49679935987197443,0.11005588396808477,low,0.9685
8117307,0,0.679,8,0.07585795653599331,0.1588,154.18,154.18,163.47,0.0,0.548141891891892,0.35714285714285715,0.11052428601518983,0.15863172634526904,0.24889362664340858,medium,0.6353
"[1128352683, 1128352684, 1128352685, 239268116, 239268119, 1211276412]",0,0.8437,7,0.03649785409178338,0.3389,170.95,170.95,176.17,0.0,0.7799831081081082,0.2857142857142857,0.053176979261629766,0.33876775355071015,0.2759795845850696,medium,1.0
2431024,13,0.4925,9,0.13093426836937014,0.5,75.83,75.83,120.98,0.0948905109489051,0.28561373873873874,0.42857142857142855,0.19076996510203428,0.4998999799959992,0.12234712665956003,medium,1.0
8117313,9,0.4792,11,0.15307263537115975,0.4985,119.4,119.4,122.27,0.06569343065693431,0.2668918918918919,0.5714285714285714,0.22302536192865716,0.4983996799359872,0.1927189327131182,medium,1.0
17998894,7,0.9116,8,0.0033118742937501455,0.5,88.87,88.87,89.69,0.051094890510948905,0.875563063063063,0.35714285714285715,0.004825312339705402,0.4998999799959992,0.1434085990244533,low,1.0
"[1211276411, 1128352691, 210322343, 210321007]",0,0.4585,6,0.12873440661664437,0.5061,25.82,25.82,30.1,0.0,0.2377533783783784,0.21428571428571427,0.18756478678910163,0.506001200240048,0.04157379591045644,high,0.9991
"[667932992, 667932995, 1169696422, 1182143431, 1182143432, 1182143433, 47009149]",3,0.8131,9,0.038521669511892356,0.6759,10.04,10.04,15.86,0.021897810218978103,0.736908783783784,0.42857142857142855,0.056125659689331434,0.6758351670334066,0.016086830119197596,low,1.0
"[2624008, 1128368793, 1219872314, 1128368792]",12,0.4883,7,0.1355250539423732,0.5,81.49,81.49,119.37,0.08759124087591241,0.27970157657657657,0.2857142857142857,0.19745869740063512,0.4998999799959992,0.1314888393578189,high,0.7967
52564620,0,0.5133,12,0.09819088710966914,0.5598,147.54,152.75,147.54,0.0,0.314893018018018,0.6428571428571429,0.14306316017411497,0.5597119423884777,0.23816907323061018,medium,0.9449
1113492191,0,0.639,10,0.10861401752309337,0.5,146.65,150.72,146.65,0.0,0.4918355855855856,0.5,0.15824956518914893,0.4998999799959992,0.2367315954388345,medium,1.0
"[201787032, 945304577, 1267830816, 1267830815]",0,0.473,10,0.18529701827310407,0.4319,150.92,154.56,150.92,0.0,0.2581644144144144,0.5,0.2699759910293145,0.4317863572714543,0.24362825855218526,high,0.97
"[1113491310, 1113491309, 246019109, 198882134]",0,0.6137,10,0.11472045003600691,0.5,174.31,285.37,174.31,0.0,0.4562218468468469,0.5,0.16714658112004827,0.4998999799959992,0.2814064670349194,medium,1.0
"[753621321, 198882134]",0,0.646,9,0.09963869470871621,0.3991,188.35,197.61,188.35,0.0,0.5016891891891893,0.42857142857142855,0.1451726025115777,0.39897979595919186,0.30408308298607745,medium,0.9981
198882135,38,0.6582,12,0.09464968462367558,0.5,63.12,63.12,64.12,0.2773722627737226,0.5188626126126127,0.6428571428571429,0.13790366076659713,0.4998999799959992,0.10181865167813418,low,1.0
1106626571,0,0.7073,12,0.1237270460228412,0.4801,105.31,108.23,105.31,0.0,0.5879786036036037,0.6428571428571429,0.18026910852186273,0.47999599919984,0.16996155958264691,low,1.0
"[246019110, 1113491307, 1113491308, 1113491311, 1113491312, 1430348664]",12,0.633,11,0.13858088486280135,0.3827,24.92,277.41,24.92,0.08759124087591241,0.48338963963963966,0.5714285714285714,0.20191101490740992,0.38257651530306064,0.040120166682818106,low,1.0
227382449,1,0.7242,10,0.04239900076063126,0.6699,48.84,48.84,49.71,0.0072992700729927005,0.611768018018018,0.5,0.06177489560841384,0.6698339667933587,0.07875440126627258,low,1.0
227382450,0,0.7655,10,0.047088391280244675,0.5133,45.02,47.68,45.02,0.0,0.6699042792792793,0.5,0.06860729440607162,0.5132026405281056,0.07258455276674097,low,1.0
"[4370184, 245598547]",0,0.9078,11,0.047088391280244675,0.5,61.13,61.13,61.97,0.0,0.8702139639639642,0.5714285714285714,0.06860729440607162,0.4998999799959992,0.0986045159414672,low,1.0
25359285,0,0.7891,13,0.04961664948940672,0.3872,244.92,259.01,244.92,0.0,0.7031250000000001,0.7142857142857143,0.0722909433314913,0.3870774154830966,0.39545175566107826,low,1.0
"[6578289, 1136840197, 1070356414, 1070356415]",0,0.8006,13,0.07289845301750764,0.0619,204.27,210.9,204.27,0.0,0.719313063063063,0.7142857142857143,0.1062123166458671,0.0617123424684937,0.3297961688794134,low,0.9899
"[1070356416, 31643893, 1136840198]",0,0.7084,13,0.09193339941374087,0.5,167.78,167.78,172.73,0.0,0.5895270270270271,0.7142857142857143,0.13394605823278566,0.4998999799959992,0.2708595794166101,low,1.0
"[1210419722, 25359284]",0,0.7455,11,0.10378743020670085,0.2565,135.02,143.1,135.02,0.0,0.6417511261261263,0.5714285714285714,0.15121727192217038,0.25635127025405086,0.21794747553057467,medium,0.8272
8179128,0,0.8848,13,0.050922847986501076,0.0007,85.92,85.92,89.47,0.0,0.8378378378378378,0.7142857142857143,0.07419406251163277,0.0005001000200040008,0.13864392544497206,low,1.0
8179128,0,0.8406,13,0.05500322513792689,0.2856,223.03,223.03,229.54,0.0,0.7756193693693694,0.7142857142857143,0.0801391344408715,0.2854570914182837,0.36009626255774135,low,1.0
36834286,0,0.815,9,0.0635129445447618,0.5596,127.16,127.16,130.62,0.0,0.7395833333333333,0.42857142857142855,0.0925377172418742,0.5595119023804761,0.2052524469425332,low,0.9998
59374120,0,0.9901,12,0.050922847986501076,0.0007,78.64,78.64,79.75,0.0,0.9860641891891891,0.6428571428571429,0.07419406251163277,0.0005001000200040008,0.1268856801369642,low,1.0
8179128,0,0.8848,13,0.050922847986501076,0.0007,85.92,85.92,89.47,0.0,0.8378378378378378,0.7142857142857143,0.07419406251163277,0.0005001000200040008,0.13864392544497206,low,1.0
59374120,0,0.6428,10,0.11385343392434137,0.6535,9.74,9.74,13.56,0.0,0.49718468468468474,0.5,0.16588334663059442,0.6534306861372274,0.015602287043318152,low,1.0
1462354001,0,0.7742,13,0.12326867288841108,0.5,244.02,249.45,244.02,0.0,0.6821509009009009,0.7142857142857143,0.17960126308662752,0.4998999799959992,0.39399812643343995,low,0.9999
27928471,0,0.7783,14,0.10458883141962598,0.5,265.27,268.5,265.27,0.0,0.6879222972972974,0.7857142857142857,0.1523849061084745,0.4998999799959992,0.42831992764156734,low,1.0
27928879,0,0.7675,10,0.12282849986901048,0.5,183.04,188.33,183.04,0.0,0.6727195945945946,0.5,0.1789599350513668,0.4998999799959992,0.2955066705430113,medium,0.9972
1462354001,0,0.7953,14,0.11392213797148255,0.5,190.17,191.86,190.17,0.0,0.7118524774774776,0.7857142857142857,0.1659834477945129,0.4998999799959992,0.3070226443130794,low,1.0
2430957,8,0.6048,12,0.06297982553578764,0.3416,31.15,31.15,32.69,0.058394160583941604,0.4436936936936937,0.6428571428571429,0.09176096775583996,0.34146829365873177,0.050182511225247924,low,1.0
8179134,11,0.4689,12,0.1919013441242766,0.2418,70.96,70.96,73.13,0.08029197080291971,0.252393018018018,0.6428571428571429,0.2795984329684455,0.24164832966593316,0.11448137739445036,medium,1.0
76590370,4,0.7476,12,0.049127847506823086,0.1345,10.11,10.11,14.33,0.029197080291970802,0.6447072072072073,0.6428571428571429,0.07157876334474698,0.13432686537307462,0.016199890170236132,low,1.0
2430957,9,0.6107,14,0.058370691847108365,0.3946,69.34,69.34,70.0,0.06569343065693431,0.45199887387387394,0.7857142857142857,0.08504550242168554,0.39447889577915585,0.11186484478470136,low,1.0
47048378,27,0.6094,13,0.1902637327009043,0.3667,128.68,128.68,129.28,0.19708029197080293,0.450168918918919,0.7142857142857143,0.27721244820703944,0.36657331466293264,0.2077074651936557,low,0.9998
"[1478889576, 1070356413, 1478889575]",7,0.6557,14,0.08877763965219823,0.5,109.66,109.66,110.66,0.051094890510948905,0.5153434684684685,0.7857142857142857,0.12934814532485447,0.4998999799959992,0.17698743418289886,low,1.0
"[1071583344, 1071583345, 6578289]",7,0.7648,14,0.08509728774982527,0.3473,152.34,152.34,157.03,0.051094890510948905,0.668918918918919,0.7857142857142857,0.12398590649924189,0.34716943388677735,0.24592176244468134,low,1.0
8179132,0,0.7207,10,0.10376963310325384,0.5,128.06,142.47,128.06,0.0,0.6068412162162162,0.5,0.1511913417063599,0.4998999799959992,0.20670607617017153,medium,0.5226
8179132,0,0.8269,13,0.04357026422898226,0.2676,185.07,185.07,209.64,0.0,0.7563344594594594,0.7142857142857143,0.06348141569443166,0.2674534906981397,0.2987854120231288,low,1.0
8179132,0,0.7744,11,0.08836087422817318,0.5,129.37,129.37,194.98,0.0,0.6824324324324325,0.5714285714285714,0.12874092194047126,0.4998999799959992,0.20882191426817842,low,1.0
8179132,0,0.7207,10,0.10376963310325386,0.5,128.06,142.47,128.06,0.0,0.6068412162162162,0.5,0.15119134170635992,0.4998999799959992,0.20670607617017153,medium,0.5226
25859274,0,0.8286,10,0.09242648975365961,0.4151,47.52,80.22,47.52,0.0,0.7587274774774775,0.5,0.13466448631667133,0.4149829965993199,0.07662241173240301,low,1.0
47048378,48,0.4996,10,0.20417611401146676,0.4735,34.36,34.36,48.65,0.35036496350364965,0.2956081081081081,0.5,0.29748265964310466,0.4733946789357871,0.055367122137158,low,0.7813
47048378,27,0.6094,13,0.1902637327009043,0.3667,128.68,128.68,129.28,0.19708029197080293,0.450168918918919,0.7142857142857143,0.27721244820703944,0.36657331466293264,0.2077074651936557,low,0.9998
8179132,0,0.7744,11,0.08836087422817317,0.5,129.37,129.37,194.98,0.0,0.6824324324324325,0.5714285714285714,0.12874092194047126,0.4998999799959992,0.20882191426817842,low,1.0
25359285,0,0.7001,12,0.06721485654373888,0.5,212.25,212.25,269.08,0.0,0.5778434684684685,0.6428571428571429,0.09793136892966986,0.4998999799959992,0.3426850146978066,low,0.998
99961324,0,0.6877,12,0.10066630698332887,0.5,123.79,123.79,200.52,0.0,0.5603885135135135,0.6428571428571429,0.14666982413135032,0.4998999799959992,0.19980941305682076,low,1.0
26943778,0,0.7817,8,0.11259104729929552,0.5,195.5,205.74,195.5,0.0,0.6927083333333333,0.35714285714285715,0.16404406094451904,0.4998999799959992,0.3156313596278709,medium,1.0
"[31110801, 99961324, 25359286]",0,0.8175,12,0.05303142549636722,0.5,111.04,111.04,146.92,0.0,0.7431024774774776,0.6428571428571429,0.0772662405234494,0.4998999799959992,0.17921633233194434,low,1.0
99961324,0,0.6877,12,0.1006663069833289,0.5,123.79,123.79,200.52,0.0,0.5603885135135135,0.6428571428571429,0.14666982413135038,0.4998999799959992,0.19980941305682076,low,1.0
"[31110801, 99961324, 25359286]",0,0.8175,12,0.05303142549636721,0.5,111.04,111.04,146.92,0.0,0.7431024774774776,0.6428571428571429,0.07726624052344938,0.4998999799959992,0.17921633233194434,low,1.0
30286837,0,0.7149,12,0.19524961146020436,0.5,117.66,118.61,117.66,0.0,0.5986768018018018,0.6428571428571429,0.28447682763925564,0.4998999799959992,0.1899085828730174,low,0.9896
30286838,0,0.7742,12,0.06062246698263524,0.5,58.07,58.87,58.07,0.0,0.6821509009009009,0.6428571428571429,0.08832631805523568,0.4998999799959992,0.09366217656749685,low,1.0
30286837,0,0.5929,12,0.20976078215056596,0.5,95.08,95.08,101.99,0.0,0.42694256756756754,0.6428571428571429,0.3056194696868211,0.4998999799959992,0.1534386406951578,medium,0.9933
"[26943957, 17979614]",0,0.746,8,0.11717118351215919,0.5,104.17,108.83,104.17,0.0,0.642454954954955,0.35714285714285715,0.17071727722347768,0.4998999799959992,0.16812029589430502,medium,1.0
30286837,0,0.6942,12,0.21856364297125075,0.4282,153.15,153.15,160.92,0.0,0.5695382882882883,0.6428571428571429,0.3184451568279624,0.42808561712342474,0.24723002874955582,medium,0.9997
30286837,0,0.5929,12,0.20976078215056596,0.5,95.08,95.08,101.99,0.0,0.42694256756756754,0.6428571428571429,0.3056194696868211,0.4998999799959992,0.1534386406951578,medium,0.9933
18942160,0,0.6796,12,0.1248363574108437,0.3504,59.46,59.46,63.71,0.0,0.5489864864864865,0.6428571428571429,0.1818853649973932,0.3502700540108022,0.09590722615240496,low,1.0
99961291,0,0.7388,11,0.14234601310851552,0.254,123.0,123.0,127.0,0.0,0.6323198198198199,0.5714285714285714,0.20739677208447815,0.25385077015403085,0.19853344962367156,medium,0.9956
"[224182172, 49707461]",3,0.8209,10,0.07486164360625606,0.1641,19.63,19.63,23.42,0.021897810218978103,0.7478885135135135,0.5,0.10907266725263286,0.16393278655731144,0.031576057111477214,low,1.0
"[15692877, 562604877, 1365389558]",34,0.69,6,0.09227547814468424,0.43,45.19,45.19,47.94,0.24817518248175183,0.5636261261261261,0.21428571428571427,0.1344444637932154,0.4298859771954391,0.07285912717640598,medium,0.9996
1316549430,5,0.8589,5,0.08858818816710269,0.5115,107.06,107.06,107.26,0.0364963503649635,0.8013795045045045,0.14285714285714285,0.12907211625592377,0.5114022804560912,0.17278806085861034,medium,1.0
"[39189813, 562604878, 929968159]",0,0.842,6,0.05389370754076249,0.5463,88.72,88.72,89.06,0.0,0.7775900900900902,0.21428571428571427,0.07852257752049135,0.5462092418483697,0.14316632748651356,medium,0.9975
1430090716,0,0.9473,9,0.017211398425029327,0.5,75.98,75.98,77.89,0.0,0.9258164414414415,0.42857142857142855,0.025076790983969834,0.4998999799959992,0.12258939819749977,low,1.0
4252417,0,0.5239,4,0.13106852908451908,0.17,189.09,191.08,189.09,0.0,0.32981418918918926,0.07142857142857142,0.1909655817274613,0.1698339667933587,0.3052782892399134,high,1.0
8375949,0,0.771,12,0.019056961763927956,0.002,81.09,88.31,81.09,0.0,0.6776463963963965,0.6428571428571429,0.027765759771054728,0.0018003600720144029,0.130842781923313,low,1.0
"[224181624, 224182172, 224181623]",0,0.8602,14,0.00025876739612577164,0.099,83.5,83.5,86.2,0.0,0.8032094594594595,0.7857142857142857,0.0003769637090673401,0.09881976395279056,0.1347352779662112,low,1.0
"[224182172, 49707461]",3,0.8209,10,0.07486164360625606,0.1641,19.63,19.63,23.42,0.021897810218978103,0.7478885135135135,0.5,0.10907266725263286,0.16393278655731144,0.031576057111477214,low,1.0
4252418,0,0.7795,9,0.007329687544407466,0.0554,63.45,63.45,140.89,0.0,0.6896114864864865,0.42857142857142855,0.010679229241739743,0.05521104220844169,0.10235164906160159,medium,0.5776
4252418,0,0.7962,10,0.032553491962748,0.0554,21.32,21.32,23.38,0.0,0.7131193693693694,0.5,0.047430079967311696,0.05521104220844169,0.03430564977226476,low,1.0
"[1377379991, 8375946, 8375948, 1377379986, 1377379988, 1377379989, 1377379990, 17940470]",0,0.793,12,0.018606741512529536,0.0827,272.37,272.37,287.6,0.0,0.708614864864865,0.6428571428571429,0.027109793011308444,0.08251650330066013,0.4397874471040476,medium,0.9954
224181625,0,0.8362,10,0.10858914228281079,0.4398,64.46,64.46,65.91,0.0,0.7694256756756758,0.5,0.15821332219315887,0.43968793758751756,0.10398294408372905,low,1.0
480759757,0,0.7718,12,0.027276397307047364,0.1971,268.75,281.11,268.75,0.0,0.6787725225225226,0.6428571428571429,0.039741401656146494,0.1969393878775755,0.43394062732176897,medium,0.9529
"[224180985, 1064384186, 1064384187]",28,0.7973,14,0.05731831155708461,0.2021,180.86,180.86,181.15,0.20437956204379562,0.7146677927927929,0.7857142857142857,0.08351219403157309,0.20194038807761552,0.291985657524954,low,1.0
480759757,0,0.9791,12,0.0377309350116938,0.0002,507.36,521.48,507.36,0.0,0.9705799549549551,0.6428571428571429,0.05497356680522919,0.0,0.8193300384404174,medium,0.9976
236957313,0,0.8212,12,0.0019764240209851833,0.6149,430.04,442.62,430.04,0.0,0.748310810810811,0.6428571428571429,0.002879573591821535,0.6148229645929186,0.6944471363504217,low,0.5065
"[1249120233, 1249120234, 17940474]",0,0.8421,14,0.037730935011693785,0.4037,515.65,515.65,526.13,0.0,0.7777308558558559,0.7857142857142857,0.05497356680522917,0.40358071614322866,0.8327195787705526,medium,0.9997
17940471,0,0.7902,14,0.05321652562407738,0.0339,348.7,352.54,348.7,0.0,0.7046734234234234,0.7857142857142857,0.07753592970474571,0.033706741348269655,0.5630713570436412,medium,0.9994
236957313,0,0.8212,12,0.0019764240209851837,0.6149,430.04,442.62,430.04,0.0,0.748310810810811,0.6428571428571429,0.002879573591821536,0.6148229645929186,0.6944471363504217,low,0.5065
"[4711504, 1071583337, 236957314]",0,0.7955,12,0.0490231900555422,0.0339,281.43,286.77,281.43,0.0,0.7121340090090091,0.6428571428571429,0.07142627840212881,0.033706741348269655,0.45442064799560683,medium,1.0
4370186,0,0.7459,9,0.09621621451830802,0.0367,196.55,196.55,206.76,0.0,0.6423141891891893,0.42857142857142855,0.14018608039529207,0.03650730146029206,0.317327260393449,medium,0.6585
32460694,0,0.8039,12,0.045006183751597185,0.5,142.9,150.35,142.9,0.0,0.7239583333333334,0.6428571428571429,0.0655735372140223,0.4998999799959992,0.23067480699034143,low,1.0
"[227382449, 1275711882]",0,0.7932,9,0.01601442192519203,0.397,174.75,174.9,174.75,0.0,0.7088963963963966,0.42857142857142855,0.023332807247894223,0.3968793758751751,0.28211713021287593,medium,0.7392
636624667,1,0.7307,6,0.0032635734773953998,0.2419,37.64,37.64,38.8,0.0072992700729927005,0.6209177927927928,0.21428571428571427,0.0047549384951284185,0.24174834966993397,0.060664793100106605,medium,1.0
"[224181525, 253359887]",0,0.7731,7,0.029189639115452852,0.55,102.5,103.81,102.5,0.0,0.6806024774774775,0.2857142857142857,0.04252897734998227,0.5499099819963993,0.16542300610524277,medium,0.9614
27927929,0,0.7997,10,0.04534130349234212,0.5,126.67,131.47,126.67,0.0,0.7180461711711712,0.5,0.06606180358982541,0.4998999799959992,0.20446102658526344,low,1.0
"[38809713, 1128114466, 1128114468, 1064384190]",0,0.7869,7,0.009165504379741667,0.5,106.49,106.49,109.01,0.0,0.7000281531531533,0.2857142857142857,0.013353997462896837,0.4998999799959992,0.17186742901443938,medium,0.8959
2687034,0,0.6143,12,0.10330978896720824,0.7218,49.99,425.77,49.99,0.0,0.4570664414414414,0.6428571428571429,0.15052135303531894,0.721744348869774,0.08061181639047713,low,1.0
2687034,0,0.6592,12,0.06488085068270928,0.1979,158.85,316.26,158.85,0.0,0.5202702702702703,0.6428571428571429,0.09453074388640956,0.1977395479095819,0.2564363471912653,medium,0.9287
259115593,0,0.6918,12,0.12689183341021082,0.0832,134.62,361.99,134.62,0.0,0.5661599099099099,0.6428571428571429,0.18488017459747916,0.08301660332066411,0.21730141809606873,medium,0.9999
1051388674,0,0.9382,12,0.1236445528353746,0.0174,29.48,148.31,29.48,0.0,0.9130067567567569,0.6428571428571429,0.18014891670748848,0.017203440688137627,0.04748522143618568,low,1.0
4253683,0,0.6353,9,0.19548246651421522,0.0931,63.47,184.3,63.47,0.0,0.48662725225225223,0.42857142857142855,0.28481609530834784,0.09291858371674334,0.10238395193332687,high,0.6456
"[1051388673, 1051388674, 1051388675]",0,0.6615,11,0.1236445528353746,0.0174,81.42,198.88,81.42,0.0,0.5235078828828829,0.5714285714285714,0.18014891670748848,0.017203440688137627,0.13137577930678038,medium,1.0
3754069,2,0.6822,12,0.1668948999998958,0.4935,70.26,77.46,70.26,0.014598540145985401,0.5526463963963965,0.6428571428571429,0.24316427418927844,0.4933986797359472,0.113350776884065,low,1.0
"[1051388674, 29057421, 166490391]",0,0.5085,13,0.21115537670650253,0.6709,16.21,83.96,16.21,0.0,0.3081362612612612,0.7142857142857143,0.30765138111056545,0.6708341668333667,0.026052266046451535,low,1.0
534082989,0,0.5851,13,0.13426919896215803,0.7687,10.41,10.41,16.38,0.0,0.4159628378378378,0.7142857142857143,0.1956289282609214,0.7686537307461493,0.01668443324611558,low,1.0
"[32592872, 1068477985]",1,0.6648,15,0.11788581133785636,0.41,93.84,93.97,93.84,0.0072992700729927005,0.5281531531531531,0.8571428571428571,0.17175848338377603,0.40988197639527907,0.15143586264818942,low,1.0
554549889,0,0.9981,7,0.06918976443787281,0.5,179.46,388.81,179.46,0.0,0.9973254504504504,0.2857142857142857,0.10080879154246558,0.4998999799959992,0.2897244565041832,medium,0.7101
369663857,0,0.4177,12,0.2329469338511934,0.5606,132.56,142.22,132.56,0.0,0.18032094594594594,0.6428571428571429,0.33940147916952407,0.5605121024204841,0.21397422230836322,medium,0.9984
3754852,0,0.4125,8,0.26703005228022136,0.5,180.94,190.35,180.94,0.0,0.1730011261261261,0.35714285714285715,0.38906026881413563,0.4998999799959992,0.2921148690118551,high,1.0
369663856,0,0.4312,12,0.21107957199212646,0.5,243.65,253.57,243.65,0.0,0.19932432432432434,0.6428571428571429,0.3075409343398831,0.4998999799959992,0.3934005233065219,high,0.9921
4253637,0,0.5548,12,0.19784305367927027,0.3288,84.62,87.92,84.62,0.0,0.37331081081081074,0.6428571428571429,0.28825544906675865,0.32866573314662934,0.13654423878282781,medium,1.0
"[146418648, 1065201821]",0,0.5445,13,0.14399939958546026,0.5772,24.34,24.85,24.34,0.0,0.3588119369369369,0.7142857142857143,0.20980574095365054,0.5771154230846169,0.03918338340278451,low,1.0
"[146418648, 1065201820]",0,0.6795,14,0.08957256217781627,0.2669,12.63,12.63,17.9,0.0,0.5488457207207207,0.7857142857142857,0.13050634012342105,0.26675335067013406,0.02027005200762348,low,1.0
"[32592872, 1068477985]",1,0.6648,15,0.11788581133785636,0.41,93.84,93.97,93.84,0.0072992700729927005,0.5281531531531531,0.8571428571428571,0.17175848338377603,0.40988197639527907,0.15143586264818942,low,1.0
146418662,23,0.6323,13,0.11023624813958105,0.5,109.6,114.73,109.6,0.1678832116788321,0.48240427927927926,0.7142857142857143,0.16061314025658174,0.4998999799959992,0.17689052556772297,low,1.0
"[146418648, 1065201820]",0,0.6795,14,0.08957256217781624,0.2669,12.63,12.63,17.9,0.0,0.5488457207207207,0.7857142857142857,0.13050634012342102,0.26675335067013406,0.02027005200762348,low,1.0
"[4253685, 1263102877]",0,0.6891,14,0.11663104166713324,0.115,82.41,84.57,82.41,0.0,0.5623592342342343,0.7857142857142857,0.16993029552999653,0.11482296459291857,0.13297477145718253,low,1.0
146590642,0,0.5847,11,0.05907502283762622,0.7878,45.35,45.35,46.91,0.0,0.4153997747747748,0.5714285714285714,0.08607170618796177,0.787757551510302,0.07311755015020836,low,1.0
146590642,0,0.8772,10,0.08396222210349481,0.5879,10.94,10.94,15.38,0.0,0.8271396396396395,0.5,0.12233212630652504,0.5878175635127025,0.017540459346835933,low,1.0
"[1065218280, 1425253194, 1425253195, 2428140, 1263397974]",0,0.5988,8,0.08245557301671512,0.3889,30.72,30.72,32.72,0.0,0.43524774774774777,0.35714285714285715,0.12013695246336761,0.38877775555111027,0.049487999483154056,medium,1.0
"[609056649, 992553386]",0,0.5745,6,0.21154374958406305,0.2508,135.93,139.42,135.93,0.0,0.4010416666666667,0.21428571428571427,0.308217236816246,0.2506501300260052,0.21941725619407565,high,1.0
3318947,0,0.7348,12,0.1275368616421441,0.2553,96.5,305.92,96.5,0.0,0.6266891891891893,0.6428571428571429,0.18581997479067772,0.25515103020604124,0.15573214458765386,low,0.9994
"[1051388677, 534027366, 1065218279]",0,0.8016,12,0.08700296718062953,0.5,121.91,324.72,121.91,0.0,0.7207207207207208,0.6428571428571429,0.12676246387856238,0.4998999799959992,0.19677294311464288,low,1.0
"[534027369, 1051388678]",0,0.749,11,0.12306119320934504,0.2791,63.59,254.43,63.59,0.0,0.646677927927928,0.5714285714285714,0.17929896710512203,0.27895579115823166,0.10257776916367867,low,0.9992
4254968,0,0.9998,7,0.0037550066617732048,0.5,145.21,408.29,145.21,0.0,0.9997184684684685,0.2857142857142857,0.00547095211865339,0.4998999799959992,0.23440578867461317,low,1.0
164254082,0,0.8434,7,0.0037550066617732048,0.2124,129.43,421.3,129.43,0.0,0.779560810810811,0.2857142857142857,0.00547095211865339,0.21224244848969792,0.20891882288335434,medium,1.0
1396102174,0,0.6256,10,0.047699067192347025,0.3357,81.66,431.12,81.66,0.0,0.4729729729729731,0.5,0.06949704358566237,0.3355671134226845,0.13176341376748393,medium,0.8925
1396102174,0,0.6031,13,0.06478836490444877,0.2729,15.48,519.49,15.48,0.0,0.44130067567567566,0.7142857142857143,0.09439599295928061,0.272754550910182,0.02487321122847821,low,1.0
1396102174,0,0.6256,10,0.047699067192347025,0.3357,81.66,431.12,81.66,0.0,0.4729729729729731,0.5,0.06949704358566237,0.3355671134226845,0.13176341376748393,medium,0.8925
534031400,0,0.4719,11,0.11952260201852047,0.5,79.12,374.95,79.12,0.0,0.25661599099099097,0.5714285714285714,0.1741432723306153,0.4998999799959992,0.1276609490583713,medium,0.9999
534031400,0,0.4966,12,0.12795492022843524,0.5,9.68,304.62,9.68,0.0,0.2913851351351351,0.6428571428571429,0.18642908230057256,0.4998999799959992,0.015505378428142261,low,0.9998
4254687,0,0.4973,12,0.24830670095995372,0.3853,187.09,298.94,187.09,0.0,0.29237049549549554,0.6428571428571429,0.3617805183830995,0.3851770354070814,0.3020480020673838,high,0.7932
534031400,0,0.4719,11,0.11952260201852047,0.5,79.12,374.95,79.12,0.0,0.25661599099099097,0.5714285714285714,0.1741432723306153,0.4998999799959992,0.1276609490583713,medium,0.9999
534031400,0,0.5596,11,0.09649999333285272,0.6111,72.78,246.37,72.78,0.0,0.38006756756756754,0.5714285714285714,0.14059954351447282,0.6110222044408882,0.11742093872145234,low,0.9983
4255856,0,0.5679,9,0.17400599351379833,0.5782,97.59,198.36,97.59,0.0,0.39175112612612606,0.42857142857142855,0.2535250719456626,0.5781156231246249,0.1574926510966825,medium,0.9999
534031400,0,0.4951,11,0.0703985169337575,0.7194,36.13,214.61,36.13,0.0,0.28927364864864863,0.5714285714285714,0.102569932796325,0.7193438687737548,0.058225926284846734,low,1.0
201733597,3,0.8964,7,0.0991656929667127,0.5,56.04,56.04,57.35,0.021897810218978103,0.8541666666666667,0.2857142857142857,0.14448344332983798,0.4998999799959992,0.09038343508737927,low,0.9906
"[203982569, 197477212]",27,0.7726,7,0.0991656929667127,0.8597,13.44,13.44,24.72,0.19708029197080293,0.6798986486486486,0.2857142857142857,0.14448344332983798,0.8596719343868774,0.02157831831249798,low,1.0
"[280251144, 203981674, 1095468502, 233811551]",16,0.6979,7,0.004163630950421823,0.5218,18.99,18.99,20.31,0.11678832116788321,0.5747466216216216,0.2857142857142857,0.006066313943773201,0.5217043408681736,0.030542365216267728,low,1.0
"[22812254, 1207034951]",21,0.7453,6,0.08548653105033899,0.9855,36.29,36.29,47.43,0.15328467153284672,0.6414695945945946,0.21428571428571427,0.1245530304031486,0.9854970994198841,0.05848434925864909,low,1.0
586452473,0,0.7736,10,0.01669458373093556,0.2127,91.78,91.78,95.93,0.0,0.6813063063063063,0.5,0.02432379673455313,0.21254250850170034,0.1481086668604839,low,0.9998
"[5049113, 5049114, 17943477]",0,0.9305,8,0.008963080117276616,0.2127,152.31,152.31,152.62,0.0,0.9021677927927929,0.35714285714285715,0.013059067176818423,0.21254250850170034,0.24587330813709338,medium,0.5576
586452473,0,0.7736,10,0.01669458373093556,0.2127,91.78,91.78,95.93,0.0,0.6813063063063063,0.5,0.02432379673455313,0.21254250850170034,0.1481086668604839,low,0.9998
17943474,0,0.7091,12,0.06952410638807428,0.1167,163.5,172.47,163.5,0.0,0.5905123873873873,0.6428571428571429,0.10129592468461035,0.11652330466093218,0.2639467648673967,medium,0.9416
"[385446160, 132682380]",0,0.7028,12,0.006077679394826963,0.2385,9.05,9.05,16.76,0.0,0.5816441441441441,0.6428571428571429,0.008855064898831325,0.23834766953390676,0.014487837968795427,low,1.0
132682380,0,0.7368,12,0.028155002343353164,0.5,106.43,107.95,106.43,0.0,0.6295045045045046,0.6428571428571429,0.041021521102066874,0.4998999799959992,0.17177052039926352,low,1.0
132682380,0,0.891,12,0.00913220366124414,0.5,74.08,76.02,74.08,0.0,0.8465653153153153,0.6428571428571429,0.013305478622746496,0.4998999799959992,0.1195206253835966,low,1.0
5049112,0,0.7501,10,0.08924074032029987,0.5,180.73,180.73,191.35,0.0,0.6482263513513514,0.5,0.13002287873310833,0.4998999799959992,0.2917756888587395,medium,0.9482
4259879,0,0.7043,12,0.1564246977805549,0.2257,103.32,112.27,103.32,0.0,0.5837556306306307,0.6428571428571429,0.22790928598655655,0.22554510902180436,0.1667474238459799,medium,0.7627
"[385346460, 132682380, 385446164]",0,0.7421,14,0.02301793854922003,0.1961,30.25,30.25,31.72,0.0,0.6369650900900901,0.7857142857142857,0.03353686646651735,0.1959391878375675,0.048728881997609594,low,1.0
132682380,0,0.759,12,0.032218327578812635,0.4316,67.83,71.89,67.83,0.0,0.6607545045045046,0.6428571428571429,0.04694174854679129,0.43148629725945187,0.10942597796944148,low,1.0
8364695,0,0.6296,14,0.14065962374348304,0.1332,177.01,177.01,181.36,0.0,0.4786036036036037,0.7857142857142857,0.20493971831131944,0.13302660532106422,0.2857673547178344,medium,0.9913
58714011,0,0.7162,14,0.02476523250741502,0.4494,71.16,78.93,71.16,0.0,0.6005067567567567,0.7857142857142857,0.03608265767098081,0.4492898579715944,0.11480440611170332,low,1.0
"[10338067, 385346460, 22617709]",0,0.7667,14,0.10554152968319233,0.3871,8.85,8.85,65.55,0.0,0.6715934684684686,0.7857142857142857,0.1537729787041128,0.3869773954790958,0.014164809251542461,low,1.0
"[132682380, 385346460, 385446164]",0,0.7421,14,0.02301793854922003,0.1961,30.25,30.25,31.72,0.0,0.6369650900900901,0.7857142857142857,0.03353686646651735,0.1959391878375675,0.048728881997609594,low,1.0
"[182783889, 10338067, 288505477, 182783885]",0,0.4316,8,0.2175874414375521,0.4856,18.39,30.58,18.39,0.0,0.19988738738738734,0.35714285714285715,0.31702284018420707,0.48549709941988395,0.02957327906450884,high,0.9957
"[288505478, 182783883, 182783886, 393299897, 393299898, 775613852]",0,0.6374,9,0.11795206370936788,0.4219,15.76,15.76,17.05,0.0,0.4895833333333333,0.42857142857142855,0.1718550124788821,0.4217843568713743,0.025325451432632363,medium,0.991
7466481,0,0.7227,12,0.09253688015511231,0.5,43.24,47.93,43.24,0.0,0.6096565315315315,0.6428571428571429,0.1348253241148892,0.4998999799959992,0.06970959718318959,low,1.0
207977706,0,0.6566,12,0.08083784509303484,0.3332,33.69,33.69,34.33,0.0,0.5166103603603603,0.6428571428571429,0.11777993777788526,0.3330666133226645,0.05428497593436057,low,1.0
207977706,0,0.6858,12,0.16957732713870663,0.287,29.25,29.25,29.39,0.0,0.557713963963964,0.6428571428571429,0.24707254582529622,0.28685737147429485,0.04711373841134477,low,0.9998
25654782,0,0.415,12,0.14316399490532902,0.277,381.03,386.98,381.03,0.0,0.17652027027027023,0.6428571428571429,0.2085885640288,0.2768553710742149,0.6152889491875828,high,1.0
16776906,0,0.6565,12,0.1265320379564034,0.308,241.59,251.73,241.59,0.0,0.5164695945945946,0.6428571428571429,0.184355955935008,0.30786157231446293,0.3900733275188164,medium,1.0
25654782,0,0.6551,12,0.11924416551867192,0.3663,347.16,357.22,347.16,0.0,0.5144988738738739,0.6428571428571429,0.173737592914744,0.3661732346469294,0.5605840359207934,medium,0.99
16776906,0,0.555,12,0.17441700017795422,0.1871,66.21,75.15,66.21,0.0,0.3735923423423424,0.6428571428571429,0.25412390486995473,0.18693738747749547,0.10680944535969247,medium,1.0
207977706,0,0.6566,12,0.08083784509303484,0.3332,33.69,33.69,34.33,0.0,0.5166103603603603,0.6428571428571429,0.11777993777788526,0.3330666133226645,0.05428497593436057,low,1.0
1351116395,0,0.5208,12,0.1856637069787137,0.2687,4.9,4.9,11.4,0.0,0.3254504504504505,0.6428571428571429,0.27051025309617444,0.26855371074214845,0.007784992085796428,medium,0.9969
30479855,0,0.8025,12,0.08655092346897107,0.116,418.03,418.03,448.0,0.0,0.7219876126126126,0.6428571428571429,0.12610384035401134,0.11582316463292658,0.6750492618793811,medium,0.8998
7466478,0,0.7135,12,0.061724593383145725,0.2329,357.51,357.51,366.42,0.0,0.5967060810810811,0.6428571428571429,0.08993210607016422,0.23274654930986197,0.5773007720386343,medium,0.9999
7466478,0,0.7446,12,0.08038067365191615,0.0896,307.01,307.01,448.8,0.0,0.6404842342342343,0.6428571428571429,0.11711384319873719,0.08941788357671533,0.4957360209322609,medium,1.0
878794039,0,0.8275,12,0.0009210130715850318,0.1967,293.88,293.88,302.8,0.0,0.7571790540540542,0.6428571428571429,0.0013418495589101302,0.1965393078615723,0.47452918564460383,low,0.8534
25654782,0,0.8063,12,0.097269916781152,0.1892,293.02,302.41,293.02,0.0,0.7273367117117117,0.6428571428571429,0.14172131488762818,0.1890378075615123,0.47314016216041604,medium,1.0
878794039,0,0.6914,12,0.06389155662102616,0.0293,233.47,233.47,241.99,0.0,0.5655968468468469,0.6428571428571429,0.09308935154996348,0.029105821164232847,0.37695836159834606,medium,1.0
1351116396,0,0.922,12,0.09758699169011018,0.4831,131.56,131.56,132.18,0.0,0.8902027027027029,0.6428571428571429,0.1421832901097114,0.48299659931986394,0.2123590787220984,low,1.0
878794039,1,0.7194,12,0.11921451677692176,0.4831,151.15,151.15,156.66,0.0072992700729927005,0.6050112612612614,0.6428571428571429,0.17369439497107975,0.48299659931986394,0.2439997415770262,low,0.9999
1351116395,3,0.7777,12,0.09758699169011018,0.0966,90.76,90.76,91.51,0.021897810218978103,0.6870777027027026,0.6428571428571429,0.1421832901097114,0.09641928385677136,0.1464612204024938,low,1.0
8402455,2,0.7331,12,0.14043193097333423,0.0966,106.79,116.24,106.79,0.014598540145985401,0.6242961711711712,0.6428571428571429,0.20460797204226946,0.09641928385677136,0.17235197209031886,medium,0.8373
1351116395,3,0.7777,12,0.09758699169011018,0.0966,90.76,90.76,91.51,0.021897810218978103,0.6870777027027026,0.6428571428571429,0.1421832901097114,0.09641928385677136,0.1464612204024938,low,1.0
1351116395,0,0.9376,12,0.0035981756922649905,0.0523,15.77,15.77,18.66,0.0,0.9121621621621622,0.6428571428571429,0.005242450840497575,0.05211042208441688,0.02534160286849501,low,1.0
1351116395,0,0.6189,12,0.12748749468659637,0.2551,68.28,68.28,70.66,0.0,0.4635416666666667,0.6428571428571429,0.18574804759111574,0.25495099019803963,0.11015279258326066,low,0.7132
33710728,0,0.6276,12,0.17554813144213532,0.0268,75.15,81.18,75.15,0.0,0.4757882882882884,0.6428571428571429,0.25577195270411573,0.026605321064212845,0.12124882902089998,medium,1.0
1351116395,0,0.5208,12,0.1856637069787137,0.2687,4.9,4.9,11.4,0.0,0.3254504504504505,0.6428571428571429,0.27051025309617444,0.26855371074214845,0.007784992085796428,medium,0.9969
"[1128361268, 246017141, 1130517558, 1130517560, 1130517561, 1130517562, 1128360287]",5,0.6204,7,0.10792011284606959,0.7111,8.67,8.67,10.85,0.0364963503649635,0.4656531531531531,0.2857142857142857,0.15723855246560695,0.7110422084416883,0.013874083406014795,medium,0.9904
"[224181528, 663246995, 253359887]",1,0.7201,6,0.0004258631724381956,0.4961,78.51,78.51,82.1,0.0072992700729927005,0.6059966216216216,0.21428571428571427,0.0006204207161977285,0.495999199839968,0.12667571147074977,medium,1.0
"[1128228864, 8117273, 1128228863]",0,0.6899,6,0.14307885366443376,0.2889,174.07,174.07,183.61,0.0,0.5634853603603603,0.21428571428571427,0.20846451402496882,0.2887577515503101,0.28101883257421584,high,1.0
4471805,0,0.7393,10,0.0904018313661275,0.4852,220.34,226.6,220.34,0.0,0.6330236486486486,0.5,0.13171457769319792,0.4850970194038808,0.355751526310689,medium,1.0
"[210324553, 1130423860, 1130423861, 1130423862, 1130423864, 1171800313]",0,0.6361,8,0.17605913231321643,0.5835,131.64,132.29,131.64,0.0,0.4877533783783784,0.35714285714285715,0.2565164762669485,0.5834166833366674,0.21248829020899954,medium,0.9866
4471812,0,0.4956,6,0.1859324051136244,0.5037,51.75,51.75,60.62,0.0,0.28997747747747743,0.21428571428571427,0.27090174380402193,0.5036007201440289,0.0834544691023032,high,1.0
"[1130423855, 1130423856, 1130423858, 1130423859, 1171800313]",0,0.4496,7,0.1609189873924211,0.598,89.44,89.44,91.42,0.0,0.22522522522522523,0.2857142857142857,0.2344574245585115,0.5979195839167833,0.14432923086862423,high,0.9998
"[1130423853, 1128354477, 1128354478, 1128354479, 1130423854, 1130423855, 38809716]",0,0.4874,8,0.1740723895772907,0.5391,74.79,75.62,74.79,0.0,0.2784346846846847,0.35714285714285715,0.2536218103986614,0.5390078015603121,0.12066737732984464,high,0.8144
"[130886148, 1064384197, 1128114471, 1128114472, 1128114473, 1128117767, 38809715, 1186353781, 1186353782, 39188791, 201624572]",3,0.6398,8,0.026973554555834837,0.4315,17.65,230.14,17.65,0.021897810218978103,0.49296171171171177,0.35714285714285715,0.039300162556820124,0.4313862772554511,0.02837807281067287,low,0.69
"[1128114470, 1128354473, 1130423851, 1130423852, 1128354476, 1128354475, 1127405490, 253359701]",1,0.5149,7,0.10424613626973547,0.2735,54.45,54.45,61.32,0.0072992700729927005,0.3171452702702703,0.2857142857142857,0.15188560243131605,0.27335467093418686,0.08781535678521822,high,0.9933
8117269,2,0.6512,6,0.08980512670908311,0.5,156.89,156.89,166.34,0.014598540145985401,0.509009009009009,0.21428571428571427,0.13084518450355095,0.4998999799959992,0.2532706657621862,high,0.9597
38809713,12,0.6905,7,0.02861322436897945,0.5,165.34,165.34,167.71,0.08759124087591241,0.564329954954955,0.2857142857142857,0.04168914637316659,0.4998999799959992,0.26691862906612396,medium,1.0
753622270,0,1.0,7,0.014816461846033862,0.5,82.97,82.97,85.96,0.0,1.0,0.2857142857142857,0.021587390445806896,0.4998999799959992,0.13387925186549085,low,1.0
4798936,0,0.4838,6,0.22885367777459384,0.3149,93.08,93.95,93.08,0.0,0.27336711711711714,0.21428571428571427,0.33343764276492244,0.3147629525905181,0.15020835352262815,high,1.0
199773279,0,0.6922,12,0.0027947676394203575,0.2838,117.05,500.58,117.05,0.0,0.566722972972973,0.6428571428571429,0.004071892706913774,0.2836567313462693,0.18892334528539587,low,1.0
23046215,1,0.672,12,0.17852961953838653,0.4719,245.23,550.22,245.23,0.0072992700729927005,0.5382882882882883,0.6428571428571429,0.2601159534007643,0.47179435887177434,0.3959524501728203,medium,1.0
"[1128345680, 1128345679, 199773279]",0,0.6699,14,0.00807860580190833,0.1617,85.87,574.64,85.87,0.0,0.5353322072072073,0.7857142857142857,0.011770396245360228,0.16153230646129227,0.13856316826565884,low,1.0
1128345679,1,0.6233,14,0.04104486680030469,0.333,11.19,605.95,11.19,0.0072992700729927005,0.46973536036036034,0.7857142857142857,0.05980193489983,0.33286657331466296,0.017944245243402136,low,1.0
4471755,0,0.7278,16,0.1551596883225098,0.4391,205.83,559.76,205.83,0.0,0.6168355855855856,0.9285714285714286,0.22606617885695762,0.4389877975595119,0.3323157928739865,low,1.0
4798862,0,0.7237,14,0.18362382927764886,0.2365,229.58,511.61,229.58,0.0,0.6110641891891893,0.7857142857142857,0.26753817007305414,0.23634726945389076,0.37067545304777594,medium,0.99
"[1128345680, 199773279, 1128345679]",0,0.6699,14,0.008078605801908332,0.1617,85.87,574.64,85.87,0.0,0.5353322072072073,0.7857142857142857,0.01177039624536023,0.16153230646129227,0.13856316826565884,low,1.0
199773281,2,0.5657,12,0.08176844180799686,0.1421,53.64,552.85,53.64,0.014598540145985401,0.38865427927927926,0.6428571428571429,0.11913580862076292,0.14192838567713542,0.0865070904803437,low,0.5071
1128345679,1,0.6233,14,0.04104486680030469,0.333,11.19,605.95,11.19,0.0072992700729927005,0.46973536036036034,0.7857142857142857,0.05980193489983,0.33286657331466296,0.017944245243402136,low,1.0
4471754,0,0.6209,12,0.2321985366809067,0.1751,141.1,620.94,141.1,0.0,0.466356981981982,0.6428571428571429,0.3383110713851754,0.17493498699739948,0.22776754853506476,medium,0.9993
"[4798861, 8385199]",0,0.7278,12,0.13104916735468145,0.4795,254.37,506.12,254.37,0.0,0.6168355855855856,0.6428571428571429,0.19093737186540996,0.47939587917583515,0.4107148625512808,medium,0.9974
199773282,0,0.6829,12,0.08338380627071275,0.1707,86.02,490.54,86.02,0.0,0.5536317567567567,0.6428571428571429,0.1214893797653877,0.17053410682136425,0.13880543980359855,low,0.9978
"[246017146, 775617003]",2,0.5719,14,0.08332949326000011,0.4184,30.69,377.08,30.69,0.014598540145985401,0.39738175675675674,0.7857142857142857,0.12141024620900376,0.41828365673134627,0.04943954517556611,low,1.0
25975996,0,0.747,12,0.05155685365083944,0.5,74.56,74.56,136.54,0.0,0.6438626126126127,0.6428571428571429,0.07511780292536371,0.4998999799959992,0.12029589430500372,low,1.0
4798827,0,0.6336,12,0.22768906665865885,0.2335,81.73,86.08,81.73,0.0,0.48423423423423434,0.6428571428571429,0.3317408150951064,0.23334666933386677,0.13187647381852247,medium,1.0
"[199773283, 1128345674, 1128345675, 25975961, 25975996]",0,0.7665,12,0.05873565038560203,0.4896,25.98,33.94,25.98,0.0,0.6713119369369369,0.6428571428571429,0.08557724365099238,0.48949789957991596,0.041832218884258816,low,1.0
4317585,1,0.5721,11,0.16209382582263343,0.5,63.23,69.12,63.23,0.0072992700729927005,0.3976632882882884,0.5714285714285714,0.23616915333103577,0.4998999799959992,0.10199631747262332,medium,0.9744
"[199773283, 1128345674, 1128345675, 25975961, 25975996]",0,0.7665,12,0.05873565038560203,0.4896,25.98,33.94,25.98,0.0,0.6713119369369369,0.6428571428571429,0.08557724365099238,0.48949789957991596,0.041832218884258816,low,1.0
"[199773283, 1128345670, 1128345671]",10,0.6157,12,0.09708271248264524,0.5,91.53,102.65,91.53,0.072992700729927,0.4590371621621622,0.6428571428571429,0.1414485599488607,0.4998999799959992,0.1477048809639177,low,1.0
6270628,0,0.6404,10,0.0914496400468838,0.5,46.15,47.44,46.15,0.0,0.4938063063063063,0.5,0.13324122529071233,0.4998999799959992,0.07440966501922021,low,0.9962
"[241169592, 823522234, 6247332]",0,0.7604,9,0.06196665048767549,0.5,1.78,1.78,10.09,0.0,0.6627252252252253,0.42857142857142855,0.09028478104211132,0.4998999799959992,0.0027457440966501922,low,1.0
1128345672,4,0.5186,11,0.07329872341234969,0.589,15.43,268.93,15.43,0.029197080291970802,0.32235360360360354,0.5714285714285714,0.10679550692465034,0.5889177835567113,0.02479245404916497,low,1.0
"[4247633, 503334794]",14,0.6029,10,0.1851830168051606,0.1626,209.83,231.83,209.83,0.10218978102189781,0.44101914414414417,0.5,0.2698098919404776,0.16243248649729944,0.3387763672190458,high,0.99
"[1128345672, 1128345673, 130883593]",17,0.5703,11,0.1434172174265236,0.5445,69.46,208.64,69.46,0.12408759124087591,0.39512950450450457,0.5714285714285714,0.20895750690999393,0.5444088817763553,0.11205866201505313,low,0.9989
1128345672,4,0.5186,11,0.07329872341234969,0.589,15.43,268.93,15.43,0.029197080291970802,0.32235360360360354,0.5714285714285714,0.10679550692465034,0.5889177835567113,0.02479245404916497,low,1.0
4798248,8,0.5974,11,0.11305708273608855,0.5,79.18,216.42,79.18,0.058394160583941604,0.4332770270270271,0.5714285714285714,0.16472307028372699,0.4998999799959992,0.1277578576735472,low,0.9967
"[1128345669, 1128345670]",23,0.6302,12,0.07777534124376265,0.5,102.69,177.07,102.69,0.1678832116788321,0.47944819819819817,0.6428571428571429,0.11331789787524252,0.4998999799959992,0.16572988338663308,low,1.0
4247628,3,0.828,12,0.011056350825713957,0.4631,124.68,138.91,124.68,0.021897810218978103,0.757882882882883,0.6428571428571429,0.016108943319929358,0.462992598519704,0.20124689084859645,low,1.0
"[199773283, 1128345670, 1128345671]",10,0.6157,12,0.09708271248264524,0.5,91.53,102.65,91.53,0.072992700729927,0.4590371621621622,0.6428571428571429,0.1414485599488607,0.4998999799959992,0.1477048809639177,low,1.0
"[1128345669, 1128345670]",23,0.6302,12,0.07777534124376265,0.5,102.69,177.07,102.69,0.1678832116788321,0.47944819819819817,0.6428571428571429,0.11331789787524252,0.4998999799959992,0.16572988338663308,low,1.0
2236563,0,0.8673,6,0.09935257250012297,0.5,48.07,48.07,50.32,0.0,0.8132038288288288,0.21428571428571427,0.14475572508885098,0.4998999799959992,0.07751074070484866,medium,0.997
843575090,0,0.9761,7,0.00014541252731828714,0.5,45.33,45.33,51.46,0.0,0.9663569819819819,0.2857142857142857,0.00021180670921637447,0.4998999799959992,0.07308524727848306,low,1.0
"[1408346224, 4264827]",0,0.8148,12,0.0678363602023348,0.3146,159.32,165.74,159.32,0.0,0.7393018018018017,0.6428571428571429,0.0988368940361779,0.31446289257851573,0.25719546467680976,low,1.0
25975781,0,0.7693,12,0.07763322451788388,0.4152,26.36,26.36,31.42,0.0,0.6752533783783784,0.6428571428571429,0.11311083511453619,0.4150830166033207,0.042445973447039445,low,1.0
25975781,0,0.8983,12,0.016878005302252905,0.4993,93.77,94.37,93.77,0.0,0.8568412162162163,0.6428571428571429,0.024591040274644652,0.4991998399679936,0.1513228025971509,low,1.0
1277948128,0,0.9997,12,0.05134064854710003,0.5,73.97,73.97,75.38,0.0,0.9995777027027027,0.6428571428571429,0.0748027940804705,0.4998999799959992,0.11934295958910747,low,1.0
11303480,0,0.4502,13,0.2447500562247032,0.4627,31.3,31.3,33.56,0.0,0.2260698198198198,0.7142857142857143,0.35659851976063783,0.46259251850370076,0.05042478276318765,medium,0.9993
"[4471649, 1064395413, 1064395414]",0,0.5172,10,0.20473068783956858,0.5677,102.01,102.01,108.87,0.0,0.32038288288288286,0.5,0.2982906686030084,0.5676135227045409,0.164631585747973,medium,0.9996
1277948127,0,0.7008,11,0.10316745752697969,0.5,60.2,60.2,61.77,0.0,0.5788288288288288,0.5714285714285714,0.1503139774377825,0.4998999799959992,0.09710243240624092,low,1.0
1244212791,0,0.8099,12,0.012726439826169616,0.2422,60.06,60.06,61.18,0.0,0.7324042792792793,0.6428571428571429,0.018542247612026448,0.2420484096819364,0.09687631230416385,low,1.0
4286559,0,0.4788,11,0.205682905656312,0.5134,114.07,114.07,114.78,0.0,0.26632882882882886,0.5714285714285714,0.2996780411920506,0.5133026605321064,0.1841102173983267,medium,0.9996
8376184,0,0.8142,13,0.08923555283256066,0.3666,127.44,127.44,135.92,0.0,0.7384572072072072,0.7142857142857143,0.1300153206112492,0.3664732946589318,0.20570468714668735,low,1.0
1425908770,0,0.7441,12,0.07268555999293697,0.5,65.92,67.19,65.92,0.0,0.6397804054054054,0.6428571428571429,0.10590213346981839,0.4998999799959992,0.10634105371967568,low,1.0
4286559,0,0.5409,11,0.1950469462855644,0.4339,78.06,78.06,84.91,0.0,0.3537443693693694,0.5714285714285714,0.2841815463463572,0.4337867573514703,0.1259488968569306,medium,1.0
17943470,0,0.7442,12,0.10898424043621271,0.4516,16.43,16.43,18.88,0.0,0.6399211711711712,0.6428571428571429,0.15878897656380034,0.45149029805961194,0.026407597635429794,low,1.0
1425908770,0,0.7441,12,0.07268555999293697,0.5,65.92,67.19,65.92,0.0,0.6397804054054054,0.6428571428571429,0.10590213346981839,0.4998999799959992,0.10634105371967568,low,1.0
4259879,0,0.6634,12,0.1730732350484339,0.0943,205.19,214.19,205.19,0.0,0.5261824324324325,0.6428571428571429,0.2521660514523584,0.09411882376475293,0.33128210097877697,medium,0.9983
17943471,0,0.8018,12,0.041957491627546833,0.5,0.1,0.1,9.06,0.0,0.7210022522522523,0.6428571428571429,0.0611316208678214,0.4998999799959992,3.230287172529639e-05,low,1.0
8364693,0,0.6262,12,0.12383286394183424,0.1143,140.92,145.93,140.92,0.0,0.47381756756756754,0.6428571428571429,0.18042328425524956,0.11412282456491298,0.22747682268953706,medium,1.0
17943471,0,0.8018,12,0.041957491627546833,0.5,0.1,0.1,9.06,0.0,0.7210022522522523,0.6428571428571429,0.0611316208678214,0.4998999799959992,3.230287172529639e-05,low,1.0
17943472,0,0.8214,12,0.047348125305936836,0.0852,104.21,104.21,106.53,0.0,0.7485923423423425,0.6428571428571429,0.0689857244893474,0.08501700340068012,0.1681849016377556,low,1.0
4286556,0,0.748,10,0.047038117704702065,0.011,491.7,492.02,491.7,0.0,0.6452702702702703,0.5,0.06853404626952708,0.010802160432086415,0.7940368898795103,high,1.0
4286556,0,0.7525,14,0.05385402294806261,0.0912,346.48,347.89,346.48,0.0,0.6516047297297297,0.7857142857142857,0.07846475743442384,0.09101820364072814,0.5594857382821333,medium,0.9997
8376171,0,0.6538,14,0.1370476533682747,0.0078,350.26,350.26,353.96,0.0,0.512668918918919,0.7857142857142857,0.19967711074098995,0.007601520304060812,0.5655909810382144,medium,0.925
1353894692,0,1.0,12,0.0021188622893995404,0.4138,323.25,619.44,323.25,0.0,1.0,0.6428571428571429,0.0030871048370407837,0.41368273654730947,0.5219659527732016,low,1.0
"[1353894691, 1353894690, 1067663275]",0,0.6765,11,0.009216120197521492,0.3794,375.34,632.51,375.34,0.0,0.5446227477477478,0.5714285714285714,0.013427744243228932,0.37927585517103424,0.606098782181736,medium,0.9998
"[1377259874, 1353894693]",0,0.7302,14,0.08900472438024687,0.5,380.22,546.78,380.22,0.0,0.620213963963964,0.7857142857142857,0.1296790056821646,0.4998999799959992,0.6139806828827084,medium,0.8564
4317512,0,0.7804,12,0.08785338991311367,0.025,107.9,131.29,107.9,0.0,0.6908783783783784,0.6428571428571429,0.12800152196737444,0.024804960992198442,0.1741447814710728,low,0.9936
393299900,0,0.6263,12,0.03486901360242132,0.2841,169.59,170.2,169.59,0.0,0.4739583333333333,0.6428571428571429,0.05080377367029609,0.2839567913582717,0.27378298930774947,low,0.6035
775613852,0,0.7385,11,0.04504794452992815,0.3028,66.44,76.93,66.44,0.0,0.6318975225225226,0.5714285714285714,0.06563438228343257,0.3026605321064213,0.10718092838453339,low,1.0
23046216,8,0.6735,14,0.1010476053637763,0.422,141.96,142.05,141.96,0.058394160583941604,0.5403997747747747,0.7857142857142857,0.14722537235989339,0.42188437687537506,0.22915657201925252,low,1.0
51238445,14,0.4686,11,0.23866062743844735,0.5,137.56,137.6,137.56,0.10218978102189781,0.25197072072072074,0.5714285714285714,0.34772627810287393,0.4998999799959992,0.2220499402396873,medium,0.9974
51238445,15,0.5846,12,0.22158389602454545,0.1789,3.64,3.64,6.5,0.10948905109489052,0.41525900900900903,0.6428571428571429,0.3228456377099969,0.17873574714942989,0.005749911167102756,medium,0.8029
51238445,14,0.4686,11,0.23866062743844732,0.5,137.56,137.6,137.56,0.10218978102189781,0.25197072072072074,0.5714285714285714,0.34772627810287393,0.4998999799959992,0.2220499402396873,medium,0.9974
1137752028,19,0.4937,9,0.18490020012060723,0.498,84.68,84.68,85.5,0.1386861313868613,0.28730292792792794,0.42857142857142855,0.269397830635833,0.4978995799159832,0.1366411473980037,medium,0.9998
1137752030,10,0.3609,10,0.21769932456710894,0.5,99.02,99.29,99.02,0.072992700729927,0.10036599099099097,0.5,0.31718585287352463,0.4998999799959992,0.15980230642504117,high,0.9572
"[1128359702, 61904423]",2,0.589,9,0.10216583670254774,0.5,90.07,91.48,90.07,0.014598540145985401,0.4214527027027027,0.42857142857142855,0.1488546251215412,0.4998999799959992,0.14534677132797105,medium,1.0
207134129,3,0.6322,11,0.09883037153411203,0.5,73.52,73.52,74.72,0.021897810218978103,0.4822635135135135,0.5714285714285714,0.14399488309085867,0.4998999799959992,0.1186161449752883,low,0.9999
"[828621693, 1064367028, 61904429, 1102937730]",3,0.4376,12,0.1934212506127377,0.5,132.09,132.09,138.36,0.021897810218978103,0.20833333333333331,0.6428571428571429,0.2818129227237517,0.4998999799959992,0.21321510482281875,medium,1.0
"[43585225, 1182143434, 47009069]",6,0.5629,7,0.11965391482436054,0.5516,46.99,46.99,56.42,0.043795620437956206,0.3847128378378378,0.2857142857142857,0.17433459387932965,0.5515103020604121,0.07576638563168267,medium,0.9999
181799764,0,0.7986,13,0.08207156789228692,0.146,169.12,170.0,169.12,0.0,0.7164977477477477,0.7142857142857143,0.11957746053377376,0.1458291658331666,0.273023871822205,low,1.0
202053019,0,0.6127,14,0.17207340145496758,0.3677,100.16,100.16,100.45,0.0,0.45481418918918926,0.7857142857142857,0.25070930311517353,0.36757351470294064,0.16164357011338307,low,1.0
"[197881706, 231813686, 1070356431]",0,0.7412,14,0.03867359216894338,0.4207,86.2,86.2,86.33,0.0,0.6356981981981982,0.7857142857142857,0.05634700960144282,0.4205841168233647,0.13909616564912622,low,1.0
598147041,0,0.5791,14,0.19752695458376304,0.4546,203.72,203.72,209.15,0.0,0.40751689189189183,0.7857142857142857,0.2877948955958862,0.45449089817963595,0.3289078399069677,medium,0.9984
1031053440,0,0.8397,7,0.04686050843708309,0.7992,100.22,104.82,100.22,0.0,0.7743524774774776,0.2857142857142857,0.0682752712023926,0.7991598319663933,0.16174047872855898,low,1.0
"[1186355842, 685334339, 325227908, 1186355843, 198358155, 950217966, 950217967, 950217968, 950217969, 367986266, 43585213, 685540638]",2,0.6746,10,0.07865637547934372,0.6579,33.22,33.22,34.94,0.014598540145985401,0.5419481981981982,0.5,0.11460155664213398,0.6578315663132627,0.053525858448816105,low,1.0
"[30691664, 1442484058]",0,0.8671,13,0.08530459013762817,0.049,118.27,124.94,118.27,0.0,0.8129222972972973,0.7142857142857143,0.12428794416900989,0.04880976195239048,0.19089382046063896,low,1.0
209694854,0,0.8427,13,0.0976991145252564,0.1868,106.46,106.46,111.18,0.0,0.7785754504504504,0.7142857142857143,0.14234665204786498,0.18663732746549308,0.17181897470685142,low,1.0
1442484059,0,0.8381,14,0.05141727467669249,0.2651,71.24,71.24,72.21,0.0,0.7721002252252253,0.7857142857142857,0.0749144376455579,0.26495299059811966,0.11493361759860451,low,1.0
1442484060,0,1.0,15,0.033054776997763,0.1868,65.59,66.42,65.59,0.0,1.0,0.8571428571428571,0.048160447646479226,0.18663732746549308,0.1058080563362083,low,1.0
"[196819984, 686204498]",0,0.7758,12,0.0730089220070188,0.3577,37.18,38.77,37.18,0.0,0.6844031531531533,0.6428571428571429,0.10637326894616236,0.3575715143028606,0.059921827050424786,low,1.0
686204498,0,0.8522,12,0.023032965908338605,0.1998,85.02,85.02,86.83,0.0,0.7919481981981983,0.6428571428571429,0.033558761190350714,0.19963992798559713,0.13719029621733372,low,1.0
1026775179,0,0.7697,8,0.0882025129062686,0.1029,74.77,74.77,83.63,0.0,0.6758164414414416,0.35714285714285715,0.12851019095296853,0.10272054410882177,0.12063507445811933,medium,1.0
"[230843467, 401508454]",0,0.7483,10,0.11275192893675766,0.1,29.9,33.1,29.9,0.0,0.6456925675675675,0.5,0.16427846400857696,0.09981996399279856,0.0481635817424169,medium,0.8975
"[1028658850, 1173531367, 233333808, 605424626, 685336982]",0,0.6494,10,0.1630710369755652,0.325,30.42,30.42,35.94,0.0,0.5064752252252253,0.5,0.23759294098071507,0.32486497299459893,0.04900345640727461,medium,0.9996
23180918,0,0.7649,9,0.13588777083581302,0.2501,83.71,88.65,83.71,0.0,0.6690596846846848,0.42857142857142855,0.1979871725737441,0.24994998999799958,0.1350744581193268,medium,1.0
43585221,0,0.7616,10,0.07623301437494846,0.2935,82.01,82.01,91.23,0.0,0.6644144144144145,0.5,0.11107074183225421,0.2933586717343469,0.13232871402267662,low,0.9899
"[230843467, 401508454]",0,0.7483,10,0.11275192893675769,0.1,29.9,33.1,29.9,0.0,0.6456925675675675,0.5,0.164278464008577,0.09981996399279856,0.0481635817424169,medium,0.8975
54244432,0,0.8634,10,0.01117291327049493,0.1471,47.61,47.61,50.57,0.0,0.8077139639639639,0.5,0.016278773728431832,0.14692938587717544,0.07676777465516685,low,1.0
"[23180919, 206708011, 54244431]",0,0.7831,9,0.01117291327049493,0.1471,110.27,118.91,110.27,0.0,0.6946790540540542,0.42857142857142855,0.016278773728431832,0.14692938587717544,0.1779726717705204,medium,0.9541
36719933,0,1.0,12,0.001822868776751972,0.5,50.28,52.51,50.28,0.0,1.0,0.6428571428571429,0.0026558450152218776,0.4998999799959992,0.08108020803049391,low,1.0
8402473,0,0.723,8,0.11583231444525617,0.1597,221.62,230.38,221.62,0.0,0.6100788288288288,0.35714285714285715,0.16876655732402188,0.15953190638127626,0.357818910101108,high,0.9996
36719933,0,0.739,12,0.1966851576157813,0.4529,77.74,77.74,79.68,0.0,0.6326013513513514,0.6428571428571429,0.2865684051665106,0.4527905581116224,0.12543205090932583,low,1.0
2660203,0,0.7615,8,0.11648670623591469,0.4872,267.34,277.97,267.34,0.0,0.6642736486486486,0.35714285714285715,0.16972000013604446,0.4870974194838968,0.4316632748651355,medium,0.7294
7742069,0,0.6594,12,0.21575553676118012,0.2406,201.46,211.04,201.46,0.0,0.5205518018018018,0.6428571428571429,0.31435377194262687,0.24044808961792358,0.32525761540200926,medium,0.9993
"[227851342, 513465551]",0,0.8239,12,0.06818249745842364,0.4246,380.48,380.48,380.98,0.0,0.7521114864864865,0.6428571428571429,0.09934121283036544,0.42448489697939584,0.6144006202151372,medium,0.9999
851330436,0,1.0,12,0.12976798964267708,0.3074,322.19,322.19,329.37,0.0,1.0,0.6428571428571429,0.18907070773870246,0.3072614522904581,0.5202539005717609,low,0.8595
18942163,0,0.7222,12,0.16735521140494827,0.5,271.8,280.22,271.8,0.0,0.6089527027027026,0.6428571428571429,0.24383494366695888,0.4998999799959992,0.43886681525987664,medium,1.0
"[851330436, 1484429893, 1484429894, 901462416, 901462418, 901462419, 901462420, 901462421, 901462423]",0,0.7355,11,0.044686012212196445,0.2759,374.67,382.58,374.67,0.0,0.6276745495495496,0.5714285714285714,0.06510705022990433,0.27575515103020604,0.6050166359789386,medium,0.9965
2415184,0,0.7931,12,0.11267734890663877,0.3097,89.71,89.71,94.55,0.0,0.7087556306306307,0.6428571428571429,0.16416980159157793,0.3095619123824765,0.14476531963691572,low,1.0
"[901462411, 23180860]",0,0.7766,12,0.1254039310722387,0.326,298.79,298.79,314.69,0.0,0.6855292792792793,0.6428571428571429,0.1827123145946763,0.32586517303460694,0.48245954065316415,medium,1.0
"[851330435, 901462410, 901462412, 23180859, 23180860]",0,0.9021,12,0.03225524732856143,0.5,291.47,291.47,313.37,0.0,0.8621903153153154,0.6428571428571429,0.046995540282143346,0.4998999799959992,0.4706366896017057,low,1.0
201487427,41,0.794,11,0.07176379791226248,0.0008,57.87,57.87,59.83,0.29927007299270075,0.7100225225225225,0.5714285714285714,0.10455913460773043,0.000600120024004801,0.09333914785024389,low,1.0
201487428,71,0.9546,11,0.011495538560876956,0.6759,78.21,78.21,82.53,0.5182481751824818,0.9360923423423425,0.5714285714285714,0.016748835805130417,0.6758351670334066,0.1261911683948703,low,1.0
243464995,67,0.7179,11,0.16251334662505293,0.1986,29.3,29.3,30.83,0.48905109489051096,0.6028997747747747,0.5714285714285714,0.23678039127636258,0.1984396879375875,0.04719449559065801,low,1.0
1141851561,0,0.9714,10,0.05228437136764379,0.5,41.21,42.36,41.21,0.0,0.9597409909909911,0.5,0.07617778953828895,0.4998999799959992,0.06643085570307201,low,1.0
"[6273291, 192382575, 188750087]",0,0.9996,11,0.05228437136764379,0.193,75.01,76.71,75.01,0.0,0.999436936936937,0.5714285714285714,0.07617778953828895,0.1928385677135427,0.1210227089188229,low,1.0
8390296,0,0.7084,12,0.1728847206585822,0.201,205.54,222.22,205.54,0.0,0.5895270270270271,0.6428571428571429,0.2518913877225673,0.20084016803360671,0.33184740123396966,medium,1.0
"[227851342, 513465551]",0,0.8239,12,0.06818249745842367,0.4246,380.48,380.48,380.98,0.0,0.7521114864864865,0.6428571428571429,0.09934121283036548,0.42448489697939584,0.6144006202151372,medium,0.9999
"[697895745, 550988604]",0,0.7954,12,0.06309455484728037,0.3255,18.25,60.03,18.25,0.0,0.7119932432432433,0.6428571428571429,0.09192812730602466,0.32536507301460293,0.029347158962431764,low,1.0
181799764,0,0.7242,11,0.08745400551424044,0.1125,156.6,166.62,156.6,0.0,0.611768018018018,0.5714285714285714,0.1274196225765577,0.11232246449289858,0.25280227412216943,medium,1.0
"[30691664, 1442484058]",0,0.8671,13,0.08530459013762817,0.049,118.27,124.94,118.27,0.0,0.8129222972972973,0.7142857142857143,0.12428794416900989,0.04880976195239048,0.19089382046063896,low,1.0
2427982,0,0.843,10,0.07830193792971059,0.1868,81.44,81.44,91.01,0.0,0.7789977477477477,0.5,0.11408514439669833,0.18663732746549308,0.13140808217850566,low,0.9992
"[1442484057, 30691665]",0,0.8605,12,0.033054776997763,0.049,63.87,72.94,63.87,0.0,0.8036317567567568,0.6428571428571429,0.048160447646479226,0.04880976195239048,0.1030300093678328,low,1.0
1442484060,0,1.0,15,0.033054776997763,0.1868,65.59,66.42,65.59,0.0,1.0,0.8571428571428571,0.048160447646479226,0.18663732746549308,0.1058080563362083,low,1.0
"[1442584800, 686204498]",0,0.8303,13,0.0230329659083386,0.2649,21.17,21.17,24.14,0.0,0.7611204954954955,0.7142857142857143,0.03355876119035071,0.26475295059011805,0.03406337823432504,low,1.0
194815235,0,0.8432,11,0.010189275112311361,0.5,28.49,39.74,28.49,0.0,0.7792792792792792,0.5714285714285714,0.014845621991293554,0.4998999799959992,0.04588622928578351,low,1.0
6244592,0,1.0,9,0.010189275112311361,0.5,34.56,34.56,39.4,0.0,1.0,0.42857142857142855,0.014845621991293554,0.4998999799959992,0.055690150854410966,low,1.0
"[401508456, 43585219, 685338940, 688133748]",0,0.8138,11,0.05079236012566342,0.6158,97.14,97.14,112.05,0.0,0.7378941441441442,0.5714285714285714,0.07400394290018919,0.6157231446289259,0.15676583648286332,low,1.0
31015699,1,1.0,10,0.0327784939133819,0.0817,100.29,100.29,100.93,0.0072992700729927005,1.0,0.5,0.047757905737110966,0.08151630326065212,0.16185353877959752,low,1.0
31015699,0,0.8209,11,0.007391414674756507,0.0817,164.08,164.08,164.19,0.0,0.7478885135135135,0.5714285714285714,0.010769165102149685,0.08151630326065212,0.2648835481474303,low,0.9969
"[965906218, 20201074]",1,0.9069,9,0.0327784939133819,0.0817,108.1,109.03,108.1,0.0072992700729927005,0.8689470720720721,0.42857142857142855,0.047757905737110966,0.08151630326065212,0.17446781018832574,low,0.9633
230242294,0,0.9292,12,0.04344355782575128,0.1025,225.34,234.0,225.34,0.0,0.9003378378378378,0.6428571428571429,0.06329680563189367,0.10232046409281854,0.3638272442420131,low,1.0
43585222,0,0.7895,12,0.08072914755795761,0.1025,200.06,200.06,227.56,0.0,0.7036880630630631,0.6428571428571429,0.1176215664703851,0.10232046409281854,0.3229964143812385,medium,0.9345
"[564174521, 30728820, 230242293]",0,0.7842,12,0.04388971399931195,0.1025,292.7,292.7,324.65,0.0,0.6962274774774775,0.6428571428571429,0.06394685106766063,0.10232046409281854,0.47262331621281134,medium,1.0
230242294,0,1.0,10,0.021107556964991225,0.1025,212.74,212.95,212.74,0.0,1.0,0.5,0.030753458092964266,0.10232046409281854,0.3434764350550764,low,0.9987
230242294,0,0.9292,12,0.04344355782575128,0.1025,225.34,234.0,225.34,0.0,0.9003378378378378,0.6428571428571429,0.06329680563189367,0.10232046409281854,0.3638272442420131,low,1.0
"[227833720, 120756731, 7742063]",1,0.8556,12,0.04344355782575128,0.1025,170.35,185.86,170.35,0.0072992700729927005,0.7967342342342344,0.6428571428571429,0.06329680563189367,0.10232046409281854,0.2750104984333107,low,1.0
250754902,0,0.7366,13,0.004022856119801339,0.4621,74.26,75.65,74.26,0.0,0.629222972972973,0.7142857142857143,0.005861206312099318,0.461992398479696,0.11981135122912429,low,1.0
47009456,0,0.7115,14,0.08097412254774483,0.0822,157.31,157.31,163.77,0.0,0.5938907657657658,0.7857142857142857,0.11797849277427852,0.08201640328065612,0.25394902606841746,low,1.0
"[1430348665, 1070356418, 1070356419]",0,0.711,14,0.13651917055500976,0.3624,38.82,38.82,40.36,0.0,0.5931869369369369,0.7857142857142857,0.1989071161494045,0.3622724544908982,0.0625706625318991,low,1.0
"[7742369, 1070356420, 1070356421, 1136600654, 1136600655]",0,0.8007,14,0.0642954577268953,0.3122,36.91,47.14,36.91,0.0,0.7194538288288288,0.7857142857142857,0.09367783174127421,0.3120624124824965,0.05948573828213328,low,1.0
36719933,0,0.7024,12,0.024793317905872227,0.0564,74.0,74.0,74.09,0.0,0.5810810810810811,0.6428571428571429,0.03612357783786565,0.056211242248449686,0.11939141389669543,low,1.0
8199521,0,0.7489,14,0.06941815167137616,0.1926,165.02,174.4,165.02,0.0,0.6465371621621622,0.7857142857142857,0.10114154963822711,0.1924384876975395,0.26640178311851925,low,1.0
36719933,0,0.7057,12,0.16464970906013693,0.2012,43.87,43.87,45.09,0.0,0.5857263513513514,0.6428571428571429,0.23989305166832167,0.2010402080416083,0.07072713764253642,low,0.9938
8402487,0,1.0,9,0.01795851527374317,0.5,123.51,140.18,123.51,0.0,1.0,0.42857142857142855,0.02616533335157865,0.4998999799959992,0.19935717285266663,low,1.0
564174519,0,0.83,10,0.01795851527374317,0.5,135.98,135.98,136.68,0.0,0.7606981981981983,0.5,0.02616533335157865,0.4998999799959992,0.21949801337338887,low,1.0
"[30731850, 1070356430, 1363897073, 1363897074, 400898258]",0,0.8111,9,0.04044286114086749,0.5594,38.61,38.61,40.46,0.0,0.7340934684684687,0.42857142857142855,0.05892481819851911,0.5593118623724745,0.062231482378783474,low,1.0
7742075,0,0.8768,10,0.06028298669151837,0.6157,144.42,144.42,293.41,0.0,0.8265765765765766,0.5,0.08783169839770145,0.615623124624925,0.23312982524146392,low,1.0
"[778448934, 504124792, 945304333, 945304334]",0,0.7671,10,0.002525943226003963,0.2863,231.34,231.34,306.23,0.0,0.6721565315315315,0.5,0.003680218012446518,0.2861572314462893,0.37351810575960204,medium,0.9986
"[945304336, 945304332]",0,1.0,12,0.024461201243871127,0.8686,53.12,53.12,196.18,0.0,1.0,0.6428571428571429,0.03563968692013387,0.8685737147429486,0.085667215815486,low,1.0
25654335,41,0.8345,12,0.04991831455035027,0.1723,136.08,147.3,136.08,0.29927007299270075,0.7670326576576577,0.6428571428571429,0.07273046654694233,0.17213442688537708,0.21965952773201539,low,1.0
"[919290688, 919200905, 699303214, 965284078]",54,0.6046,12,0.026399603434528105,0.0837,180.54,180.54,220.0,0.39416058394160586,0.4434121621621622,0.6428571428571429,0.038463921059182234,0.08351670334066812,0.2914688115773492,low,1.0
"[919290688, 259349995, 945304335]",32,0.8735,12,0.0010919193066784441,0.2967,95.81,95.81,101.98,0.23357664233576642,0.8219313063063065,0.6428571428571429,0.001590858369389986,0.2965593118623725,0.15461769551313112,low,1.0
7466478,0,0.7772,8,0.060440660125065715,0.5,297.15,302.15,297.15,0.0,0.6863738738738739,0.35714285714285715,0.08806142713820317,0.4998999799959992,0.4798107051716898,medium,0.9924
7466478,0,0.7135,12,0.061724593383145725,0.2329,357.51,357.51,366.42,0.0,0.5967060810810811,0.6428571428571429,0.08993210607016422,0.23274654930986197,0.5773007720386343,medium,0.9999
25654335,0,0.7895,12,0.10404212650466514,0.1007,236.53,243.27,236.53,0.0,0.7036880630630631,0.6428571428571429,0.15158836208254425,0.10052010402080415,0.38190070097231643,medium,1.0
"[257779020, 1052870927, 1052870928, 1052870929, 1052870930, 582946706]",15,0.655,10,0.12535935451043054,0.4614,20.38,20.38,21.91,0.10948905109489052,0.5143581081081081,0.5,0.18264736695467318,0.4612922584516903,0.03278741480117583,low,1.0
"[627472867, 1065201829, 670642182, 552492779, 582946704, 1052870931, 1052870932, 517613525]",22,0.7675,11,0.08031233150329514,0.4528,9.28,9.28,15.03,0.16058394160583941,0.6727195945945946,0.5714285714285714,0.11701426931762951,0.4526905381076215,0.014859320993636333,low,1.0
"[73058382, 1159731058, 73058390, 1052870936, 1052870937, 1052870938, 5005628]",9,0.9764,13,0.0032709184759426254,0.4786,68.82,75.39,68.82,0.06569343065693431,0.9667792792792795,0.7142857142857143,0.004765640090364082,0.478495699139828,0.11102497011984365,low,1.0
4255940,1,0.7965,9,0.09782134650753246,0.5,74.82,74.82,84.31,0.0072992700729927005,0.7135416666666666,0.42857142857142855,0.1425247429202812,0.4998999799959992,0.12071583163743256,low,0.9995
"[596680098, 1062366357]",53,0.6527,12,0.10417442343602755,0.5,50.58,50.58,51.08,0.38686131386861317,0.5111204954954954,0.6428571428571429,0.15178111749308082,0.4998999799959992,0.08156475110637336,low,1.0
"[1062366690, 1062366691, 1105922804]",6,0.7189,11,0.11834090305463298,0.3541,17.59,17.59,18.86,0.043795620437956206,0.6043074324324325,0.5714285714285714,0.17242154782371202,0.3539707941588318,0.028281164195496984,low,1.0
281500654,0,1.0,11,0.21168322349101173,0.4696,80.41,176.45,80.41,0.0,1.0,0.5714285714285714,0.3084204490141116,0.469493898779756,0.1297444842846529,low,1.0
"[1184095512, 48379501, 1184095509, 1184095510, 1184095511, 725187384]",0,0.6149,13,0.09866016889459141,0.3318,20.12,228.12,20.12,0.0,0.45791103603603606,0.7142857142857143,0.14374689941264823,0.33166633326665335,0.03236747746874698,low,1.0
4607839,0,0.8018,14,0.05073541258002706,0.4334,110.33,190.29,110.33,0.0,0.7210022522522523,0.7857142857142857,0.07392097085068551,0.4332866573314663,0.17806958038569629,low,1.0
41518095,0,0.6376,14,0.12777527598376315,0.4398,60.84,178.19,60.84,0.0,0.4898648648648648,0.7857142857142857,0.18616734229061388,0.43968793758751756,0.09813612430145041,low,1.0
"[1051388680, 1484374577, 166482547, 725187382]",1,0.5551,16,0.14455239045965612,0.7146,101.4,110.72,101.4,0.0072992700729927005,0.37373310810810817,0.9285714285714286,0.21061144356429234,0.7145429085817163,0.16364634816035148,low,1.0
"[48379501, 725187384, 1184095509, 1184095510, 1184095511, 1184095512]",0,0.6149,13,0.0986601688945914,0.3318,20.12,228.12,20.12,0.0,0.45791103603603606,0.7142857142857143,0.1437468994126482,0.33166633326665335,0.03236747746874698,low,1.0
119438305,0,0.449,7,0.24856155549907127,0.5155,133.88,140.58,133.88,0.0,0.22438063063063063,0.2857142857142857,0.36215183909937626,0.5154030806161232,0.21610621184223275,high,1.0
30446946,0,0.461,9,0.2149984986902578,0.6143,106.46,106.46,107.85,0.0,0.24127252252252254,0.42857142857142855,0.31325077444563504,0.6142228445689137,0.17181897470685142,high,0.9118
41518095,0,0.5576,12,0.15909799884658193,0.6662,80.86,85.21,80.86,0.0,0.37725225225225223,0.6428571428571429,0.2318042610185797,0.666133226645329,0.1304712988984721,low,0.9992
"[233811586, 1068477990, 603759507, 233811579, 154540891]",2,0.6281,11,0.1032428419637279,0.614,65.18,65.41,65.18,0.014598540145985401,0.47649211711711714,0.5714285714285714,0.15042381186783185,0.6139227845569114,0.10514584746583973,low,1.0
4247877,5,0.717,9,0.07886739974504285,0.0013,74.1,77.63,74.1,0.0364963503649635,0.6016328828828829,0.42857142857142855,0.11490901705371817,0.0011002200440088017,0.11955292825532189,medium,1.0
"[1482101906, 1482101907, 1482101908, 578174541]",23,0.5247,11,0.08372053907467304,0.8192,122.44,122.44,124.67,0.1678832116788321,0.33094031531531537,0.5714285714285714,0.12197999635943924,0.8191638327665534,0.19762896921536324,low,1.0
"[1065201844, 1065201845, 1065201846]",23,0.4334,11,0.18411979436758674,0.4667,22.58,22.58,26.91,0.1678832116788321,0.20242117117117117,0.5714285714285714,0.26826078664124114,0.46659331866373277,0.036340730690958424,medium,0.9896
4253402,0,0.5293,11,0.11908865950528907,0.832,191.93,400.79,191.93,0.0,0.3374155405405405,0.5714285714285714,0.17351102208545996,0.8319663932786557,0.3098652970249055,medium,0.998
1133350427,3,0.5311,10,0.20217913334032442,0.7638,199.77,419.23,199.77,0.021897810218978103,0.33994932432432434,0.5,0.2945730771974986,0.76375275055011,0.3225280227412217,medium,0.9975
4253383,0,0.5934,10,0.18255610038812264,0.5237,84.63,355.68,84.63,0.0,0.42764639639639646,0.5,0.2659824989148276,0.5236047209441889,0.13656039021869043,medium,1.0
534033247,0,0.766,8,0.11695073909731787,0.6914,151.56,292.37,151.56,0.0,0.6706081081081081,0.35714285714285715,0.17039609174135317,0.6913382676535307,0.24466195044739475,medium,0.9997
20200047,0,0.8462,12,0.009119084201522555,0.2033,86.01,643.84,86.01,0.0,0.7835022522522523,0.6428571428571429,0.013286363690762741,0.2031406281256251,0.1387892883677359,low,1.0
586978715,0,0.8518,12,0.007302696014949023,0.1151,125.53,706.39,125.53,0.0,0.7913851351351353,0.6428571428571429,0.01063990283191154,0.11492298459691937,0.20261976289692155,low,1.0
586978715,0,0.8522,12,0.022100508657622947,0.2485,54.86,659.72,54.86,0.0,0.7919481981981983,0.6428571428571429,0.03220017956401559,0.24834966993398677,0.08847756565558679,low,1.0
"[948576928, 951591417, 948576921, 951970808, 948576918, 948576919, 948576920, 951970809, 951591418, 948576923, 948576922, 582888957, 948576926, 948576927]",0,0.9602,6,4.651733316458502e-05,0.3923,115.34,852.57,115.34,0.0,0.9439752252252255,0.21428571428571427,6.77173221619583e-05,0.39217843568713745,0.18616144975288304,low,0.7413
230547774,0,0.8729,12,0.014149824075178754,0.5,38.87,617.75,38.87,0.0,0.8210867117117117,0.6428571428571429,0.02061610535342368,0.4998999799959992,0.06265141971121233,low,1.0
8402458,0,0.7483,12,0.06203327974942895,0.5,68.27,543.79,68.27,0.0,0.6456925675675675,0.6428571428571429,0.09038185926282874,0.4998999799959992,0.110136641147398,low,1.0
230547774,0,0.7816,12,0.04311017141542135,0.492,110.35,618.72,110.35,0.0,0.6925675675675675,0.6428571428571429,0.06281106470254122,0.4918983796759352,0.17810188325742157,low,1.0
1351116392,0,0.7737,14,0.03681937506786393,0.5,219.93,407.08,219.93,0.0,0.6814470720720722,0.7857142857142857,0.05364543236256187,0.4998999799959992,0.35508931744032046,low,1.0
8199521,0,0.7489,14,0.06941815167137613,0.1926,165.02,174.4,165.02,0.0,0.6465371621621622,0.7857142857142857,0.10114154963822707,0.1924384876975395,0.26640178311851925,low,1.0
"[8402471, 242047471]",0,0.727,14,0.12591624474569724,0.2286,312.25,355.48,312.25,0.0,0.6157094594594594,0.7857142857142857,0.183458750898482,0.22844568913782756,0.5041993733242885,medium,0.9998
1351116391,0,0.7835,16,0.12168722372224838,0.5,258.23,352.91,258.23,0.0,0.6952421171171171,0.9285714285714286,0.17729710621671993,0.4998999799959992,0.41694931679426306,low,1.0
8385204,0,0.7435,12,0.05358441215100093,0.4082,94.5,94.5,107.51,0.0,0.638935810810811,0.6428571428571429,0.07807193698622802,0.4080816163232647,0.1525018574151242,low,1.0
236957433,0,0.6691,14,0.037920647492321546,0.5,118.5,165.62,118.5,0.0,0.5342060810810811,0.7857142857142857,0.05524997614224652,0.4998999799959992,0.19126530348547988,low,1.0
1432749564,0,0.7601,12,0.028784838879494918,0.307,158.73,158.73,187.95,0.0,0.662302927927928,0.6428571428571429,0.04193918713441315,0.3068613722744549,0.2562425299609135,low,1.0
202052944,96,0.5904,12,0.16717375451990366,0.5,67.51,67.51,67.69,0.7007299270072993,0.4234234234234235,0.6428571428571429,0.2435705626566719,0.4998999799959992,0.10890913202183676,low,1.0
"[1418274919, 367991]",55,0.6489,8,0.13964134656615904,0.4002,112.13,112.13,113.6,0.40145985401459855,0.5057713963963965,0.35714285714285715,0.20345609784231988,0.40008001600320064,0.18097683884097296,medium,0.9593
202052944,70,0.6111,11,0.17453087778880286,0.4631,84.67,84.99,84.67,0.5109489051094891,0.4525619369369369,0.5714285714285714,0.2542898235001452,0.462992598519704,0.13662499596214103,low,1.0
23180951,0,0.5769,11,0.12334164623909342,0.342,204.95,204.95,205.4,0.0,0.40442004504504503,0.5714285714285714,0.1797075845864851,0.341868373674735,0.3308944665180734,medium,0.9994
"[1141851553, 1141851554, 194508870]",0,0.9451,10,0.010512769403760953,0.0037,129.52,129.52,130.2,0.0,0.9227195945945946,0.5,0.01531695019454406,0.0035007001400280055,0.20906418580611816,low,1.0
"[1418320905, 1432756186]",0,0.8448,11,0.04786718268467386,0.043,181.08,181.08,188.24,0.0,0.7815315315315315,0.5714285714285714,0.06974198630963414,0.042808561712342465,0.29234098911393225,medium,0.7536
204347360,0,0.7727,5,0.04954066786501409,0.3783,74.72,74.72,75.0,0.0,0.6800394144144145,0.14285714285714285,0.07218023880454415,0.37817563512702546,0.12055431727880608,medium,0.9996
"[1514089513, 6273292]",0,0.7467,12,0.13990526400626233,0.3151,203.91,299.8,203.91,0.0,0.6434403153153154,0.6428571428571429,0.20384062312186332,0.31496299259851973,0.32921471718835804,medium,0.9955
156225747,0,0.8634,12,0.03368005386797236,0.1072,163.03,332.16,163.03,0.0,0.8077139639639639,0.6428571428571429,0.04907147028755666,0.10702140428085617,0.26318764738185224,low,1.0
"[188842324, 1447583639]",0,0.8826,8,0.007739198214219359,0.1072,150.16,280.46,150.16,0.0,0.8347409909909911,0.35714285714285715,0.01127588251605085,0.10702140428085617,0.242400749426624,medium,0.9998
38752553,0,0.9428,12,0.13503176184668245,0.5,73.33,183.02,73.33,0.0,0.919481981981982,0.6428571428571429,0.1967399753604478,0.4998999799959992,0.11830926769389799,low,1.0
2831540,1,0.7152,11,0.06165917770983561,0.3386,73.01,74.34,73.01,0.0072992700729927005,0.5990990990990991,0.5714285714285714,0.08983679603663158,0.33846769353870776,0.11779242174629326,low,1.0
29046089,0,0.6774,11,0.17671314448797668,0.2292,146.47,152.03,146.47,0.0,0.5458896396396397,0.5714285714285714,0.25746936598210357,0.22904580916183234,0.23644086959330682,medium,1.0
25654319,0,0.9013,7,0.042255314936267226,0.091,42.58,42.58,46.69,0.0,0.8610641891891891,0.2857142857142857,0.06156554668566594,0.09081816363272653,0.0686436024162548,medium,0.9902
"[1262141761, 246017346, 199772908]",0,0.7646,7,0.020222091933015277,0.4061,59.0,59.0,62.06,0.0,0.6686373873873873,0.2857142857142857,0.02946334369653323,0.4059811962392479,0.09516426010272314,medium,0.9505
"[1127752270, 25360211, 1130517565, 1130517563, 1130517564, 1212234813]",2,0.8178,7,0.00969264260974608,0.1224,70.16,70.54,70.16,0.014598540145985401,0.7435247747747749,0.2857142857142857,0.014122033009055297,0.12222444488897778,0.11318926252543851,medium,0.9999
"[1130517568, 1226726182, 1127405489, 39188793, 1130517566, 1130517567]",2,0.7909,6,0.04040631470654892,0.4187,80.59,80.59,82.01,0.014598540145985401,0.705658783783784,0.21428571428571427,0.05887157038031065,0.4185837167433487,0.13003521013018057,medium,1.0
"[23179769, 1296429828]",1,0.746,10,0.12168719628538689,0.0265,168.0,175.3,168.0,0.0072992700729927005,0.642454954954955,0.5,0.17729706624146543,0.02630526105221044,0.27121491100558837,medium,0.9994
"[1212234817, 1212234809, 1130517565]",4,0.8654,8,0.006670468261801038,0.4568,44.67,44.67,45.18,0.029197080291970802,0.8105292792792792,0.35714285714285715,0.009718752818410366,0.4566913382676535,0.07201925251154828,low,1.0
250328430,0,0.9282,10,0.025350719538336376,1.0,39.67,39.67,64.43,0.0,0.8989301801801803,0.5,0.036935706882681156,1.0,0.06394353458022418,low,1.0
4254638,0,0.4842,12,0.21000181529617123,0.7194,57.01,57.01,61.94,0.0,0.2739301801801802,0.6428571428571429,0.3059706527600459,0.7193438687737548,0.09195012436605614,medium,0.5461
250328430,0,0.6959,10,0.025350719538336376,0.4837,81.76,81.76,106.26,0.0,0.5719313063063063,0.5,0.036935706882681156,0.48359671934386883,0.13192492812611042,low,1.0
250328430,0,0.9282,10,0.025350719538336376,1.0,39.67,39.67,64.43,0.0,0.8989301801801803,0.5,0.036935706882681156,1.0,0.06394353458022418,low,1.0
250328430,0,0.7838,8,0.033061348375919467,0.5,4.83,4.83,21.62,0.0,0.6956644144144145,0.35714285714285715,0.048170022083930626,0.4998999799959992,0.00767193203475789,low,1.0
628446081,0,0.6909,9,0.09194948611959629,0.5,113.97,113.97,173.82,0.0,0.564893018018018,0.42857142857142855,0.13396949641505798,0.4998999799959992,0.18394870303970023,medium,0.999
246647169,0,0.5167,9,0.06967741921222859,0.5215,36.06,36.06,96.65,0.0,0.3196790540540541,0.42857142857142855,0.10151930005738773,0.5214042808561712,0.058112866233808194,medium,0.9997
130628449,0,0.6789,9,0.13203231111719652,0.4302,57.63,271.34,57.63,0.0,0.5480011261261261,0.42857142857142855,0.19236980327261263,0.43008601720344075,0.09295151338954034,medium,0.9997
1385471633,0,0.662,14,0.04082125100224198,0.363,95.2,333.41,95.2,0.0,0.5242117117117118,0.7857142857142857,0.05947612874156044,0.36287257451490296,0.15363245792550959,low,1.0
1385471633,0,0.6606,12,0.1024655738865948,0.3325,16.1,308.7,16.1,0.0,0.522240990990991,0.6428571428571429,0.14929133943810985,0.33236647329465896,0.025874600251962403,low,1.0
245290328,0,0.7441,11,0.0032374466521269637,0.5,389.28,401.63,389.28,0.0,0.6397804054054054,0.5714285714285714,0.004716871951341105,0.4998999799959992,0.6286138837742675,medium,1.0
"[676195905, 245290331, 901462460]",0,0.59,11,0.1746505188399795,0.3959,433.24,474.68,433.24,0.0,0.42286036036036034,0.5714285714285714,0.2544641394098121,0.39577915583116624,0.699615595826469,high,1.0
6244589,0,0.7483,12,0.12447989903124657,0.4236,233.95,453.93,233.95,0.0,0.6456925675675675,0.6428571428571429,0.1813660084213119,0.42348469693938784,0.37773363051975317,medium,0.9461
"[901462469, 901462471, 901462472, 844076048, 901462462]",0,0.7185,12,0.039266339843128654,0.1062,173.46,457.31,173.46,0.0,0.6037443693693695,0.6428571428571429,0.057210637503507966,0.10602120424084817,0.2800335949865943,low,0.5043
"[676195905, 901462469, 1484429775]",0,0.8076,11,0.041791729405374164,0.5,267.18,502.43,267.18,0.0,0.7291666666666667,0.5714285714285714,0.06089010683679057,0.4998999799959992,0.4314048518913332,low,0.9784
14351492,0,0.7933,12,0.10820346638626471,0.4946,372.49,381.15,372.49,0.0,0.7090371621621623,0.6428571428571429,0.15765139596397712,0.494498899779956,0.6014956229608813,medium,1.0
246803972,0,0.7897,12,0.0540474397561661,0.3471,317.66,326.06,317.66,0.0,0.7039695945945946,0.6428571428571429,0.07874656394245637,0.3469693938787758,0.5129373001259813,medium,0.9942
"[31095616, 27547873, 2425499]",0,0.7317,12,0.07230874682334004,0.4747,281.87,331.27,281.87,0.0,0.6223254504504505,0.6428571428571429,0.1053531201521756,0.4745949189837968,0.45513131117356337,medium,0.9056
14351492,0,0.7933,12,0.10820346638626471,0.4946,372.49,381.15,372.49,0.0,0.7090371621621623,0.6428571428571429,0.15765139596397712,0.494498899779956,0.6014956229608813,medium,1.0
246803972,0,0.7897,12,0.0540474397561661,0.3471,317.66,326.06,317.66,0.0,0.7039695945945946,0.6428571428571429,0.07874656394245637,0.3469693938787758,0.5129373001259813,medium,0.9942
246803971,0,0.7083,12,0.04840089597213933,0.2387,345.05,356.02,345.05,0.0,0.5893862612612614,0.6428571428571429,0.07051960165395689,0.23854770954190838,0.5571760829537746,medium,1.0
193958143,0,0.775,12,0.14130765713471813,0.3201,50.23,50.23,59.48,0.0,0.6832770270270271,0.6428571428571429,0.20588389699394316,0.31996399279855975,0.08099945085118067,low,1.0
"[956667484, 956667485]",0,0.6925,12,0.11169982757704168,0.1698,229.87,229.87,239.0,0.0,0.5671452702702703,0.6428571428571429,0.162745562017354,0.16963392678535708,0.37114384468779277,medium,1.0
"[26292721, 1256612358]",0,0.6672,12,0.1707456416089654,0.1698,150.6,159.91,150.6,0.0,0.5315315315315315,0.6428571428571429,0.24877476924825404,0.16963392678535708,0.24311141260458052,medium,1.0
193958143,0,0.775,12,0.1413076571347181,0.3201,50.23,50.23,59.48,0.0,0.6832770270270271,0.6428571428571429,0.2058838969939431,0.31996399279855975,0.08099945085118067,low,1.0
534022322,0,0.8094,12,0.10864273827088834,0.2857,27.72,27.72,29.55,0.0,0.7317004504504506,0.6428571428571429,0.1582914110541673,0.28555711142228446,0.0446425687243596,low,1.0
"[1419988577, 1068477995, 1068477996, 1068477997, 930849131, 534022320]",0,0.6847,10,0.16429368170051087,0.3764,3.24,3.24,11.26,0.0,0.5561655405405406,0.5,0.2393743230843685,0.3762752550510102,0.005103853732596828,low,0.7493
"[1421063818, 1421063819, 230843110, 1418265831]",137,0.865,12,0.012678011221740703,0.407,19.27,19.27,22.63,1.0,0.8099662162162162,0.6428571428571429,0.018471687581402337,0.40688137627525506,0.03099460542042188,low,1.0
"[1418265829, 1418265830, 4357263, 376315345, 1028559513]",111,0.6838,12,0.10664180424827188,0.3097,174.09,174.09,185.01,0.8102189781021898,0.5548986486486486,0.6428571428571429,0.15537606861187392,0.3095619123824765,0.2810511354459411,low,1.0
"[1419224891, 230843110]",42,0.8675,12,0.119950826424133,0.1664,76.63,77.25,76.63,0.30656934306569344,0.8134853603603606,0.6428571428571429,0.1747671913456339,0.16623324664932984,0.12363924152857189,low,1.0
2428138,0,0.7555,10,0.056284963308496784,0.027,490.89,493.22,490.89,0.0,0.6558277027027026,0.5,0.08200661515054715,0.026805361072214443,0.7927286235746358,high,1.0
23163673,0,0.7586,14,0.11034488412643863,0.2,429.51,438.29,429.51,0.0,0.6601914414414416,0.7857142857142857,0.16077142188889273,0.1998399679935987,0.6935911102497012,medium,1.0
192380841,0,0.9102,14,0.003188142032535853,0.132,396.11,396.11,404.07,0.0,0.8735923423423425,0.7857142857142857,0.004645035574693794,0.1318263652730546,0.6396453144684563,low,0.9992
209694797,0,0.7262,14,0.08557156125122062,0.132,413.59,421.28,413.59,0.0,0.6145833333333333,0.7857142857142857,0.1246769186227026,0.1318263652730546,0.6678780243563652,medium,1.0
30728820,0,0.785,12,0.024224894790684893,0.1317,321.75,321.75,330.85,0.0,0.6973536036036037,0.6428571428571429,0.035295390594230626,0.13152630526105222,0.5195432373938044,medium,1.0
192380841,0,0.9102,14,0.003188142032535853,0.132,396.11,396.11,404.07,0.0,0.8735923423423425,0.7857142857142857,0.004645035574693794,0.1318263652730546,0.6396453144684563,low,0.9992
"[237549507, 8253981]",0,0.7986,12,0.06430434510937198,0.0384,186.39,186.39,194.37,0.0,0.7164977477477477,0.6428571428571429,0.0936907805756897,0.03820764152830566,0.30091740155699837,medium,0.6522
209694797,0,0.778,12,0.12436535459374064,0.7823,358.52,366.23,358.52,0.0,0.6875000000000001,0.6428571428571429,0.18119911823082327,0.782256451290258,0.5789320670607617,medium,0.898
"[18016833, 24328182]",0,0.7941,12,0.06545294933546256,0.0384,185.35,198.87,185.35,0.0,0.7101632882882883,0.6428571428571429,0.09536428635442636,0.03820764152830566,0.299237652227283,medium,0.7367
"[230843464, 2428027]",0,0.7491,12,0.12313939706156227,0.1401,184.9,193.47,184.9,0.0,0.6468186936936937,0.6428571428571429,0.17941290939754284,0.13992798559711941,0.2985108376134638,medium,0.9996
534024688,0,0.7031,12,0.10411521998311977,0.4494,228.35,228.93,228.35,0.0,0.5820664414414414,0.6428571428571429,0.15169485860745965,0.4492898579715944,0.3686888264366702,medium,0.9229
534024688,0,0.5457,12,0.16949692564072377,0.5,170.45,170.45,170.58,0.0,0.36050112612612606,0.6428571428571429,0.24695540158323526,0.4998999799959992,0.27517201279193715,medium,1.0
"[176022354, 1432629091]",0,0.5906,12,0.19251950015852362,0.4785,250.37,252.62,250.37,0.0,0.42370495495495497,0.6428571428571429,0.2804990806171089,0.47839567913582715,0.4042542882062215,medium,0.9992
14351598,0,0.7242,12,0.14756444253770876,0.5,129.46,129.46,136.85,0.0,0.611768018018018,0.6428571428571429,0.21499997570093043,0.4998999799959992,0.20896727719094227,low,0.9999
1026759085,0,0.705,8,0.19753498167001582,0.5,104.05,105.93,104.05,0.0,0.584740990990991,0.35714285714285715,0.2878065909866268,0.4998999799959992,0.16792647866395322,medium,0.9994
1026759085,0,0.6505,12,0.16030577242322283,0.5,74.87,74.87,80.83,0.0,0.5080236486486486,0.6428571428571429,0.23356397599611678,0.4998999799959992,0.12079658881674582,low,0.9999
"[2576386, 2558927]",0,0.8299,11,0.07620076227788992,0.1762,196.82,196.82,202.35,0.0,0.7605574324324326,0.5714285714285714,0.11102375082388265,0.17603520704140826,0.3177633491617404,medium,0.925
209694854,0,0.8427,13,0.0976991145252564,0.1868,106.46,106.46,111.18,0.0,0.7785754504504504,0.7142857142857143,0.14234665204786498,0.18663732746549308,0.17181897470685142,low,1.0
2428027,0,0.7112,9,0.12386849430295549,0.3975,101.08,101.08,110.09,0.0,0.5934684684684686,0.42857142857142855,0.1804751973632466,0.3973794758951791,0.16312950221274672,medium,1.0
"[230843464, 2428027]",0,0.7491,12,0.1231393970615623,0.1401,184.9,193.47,184.9,0.0,0.6468186936936937,0.6428571428571429,0.17941290939754287,0.13992798559711941,0.2985108376134638,medium,0.9996
"[18016833, 24328182]",0,0.7941,12,0.06545294933546258,0.0384,185.35,198.87,185.35,0.0,0.7101632882882883,0.6428571428571429,0.0953642863544264,0.03820764152830566,0.299237652227283,medium,0.7367
14351598,0,0.7242,12,0.14756444253770876,0.5,129.46,129.46,136.85,0.0,0.611768018018018,0.6428571428571429,0.21499997570093043,0.4998999799959992,0.20896727719094227,low,0.9999
14351598,0,0.731,12,0.137794028293125,0.4223,264.23,264.23,268.85,0.0,0.6213400900900901,0.6428571428571429,0.2007645721323627,0.4221844368873775,0.42664017831185197,medium,1.0
1026764882,0,0.7943,8,0.10423400824592104,0.3297,182.34,182.34,184.69,0.0,0.7104448198198198,0.35714285714285715,0.15186793201231785,0.32956591318263656,0.2943760700326259,medium,0.9998
"[237549507, 8253981]",0,0.7986,12,0.064304345109372,0.0384,186.39,186.39,194.37,0.0,0.7164977477477477,0.6428571428571429,0.09369078057568973,0.03820764152830566,0.30091740155699837,medium,0.6522
43585222,0,0.7314,12,0.12401562842318334,0.0023,131.63,131.63,135.45,0.0,0.6219031531531533,0.6428571428571429,0.18068957042130918,0.002100420084016803,0.21247213877313692,medium,0.9997
43585222,0,0.7953,11,0.08909391716512119,0.2333,53.2,56.22,53.2,0.0,0.7118524774774776,0.5714285714285714,0.1298089587482584,0.23314662932586516,0.0857964273023872,low,1.0
"[1099987457, 603759508, 2509158]",0,0.6531,11,0.18949621947433287,0.602,16.89,16.89,18.34,0.0,0.5116835585585586,0.5714285714285714,0.2760941885047434,0.6019203840768154,0.027150563685111612,low,1.0
41518094,0,0.7351,9,0.0009629156561668334,0.3489,18.57,18.57,18.82,0.0,0.6271114864864865,0.42857142857142855,0.0014029012387218292,0.3487697539507902,0.029864004910036508,low,1.0
1263399917,4,0.8159,9,0.0011580349243646539,0.1586,100.18,101.52,100.18,0.029197080291970802,0.7408502252252253,0.42857142857142855,0.0016871882154320895,0.15843168633726742,0.16167587298510838,low,0.992
4607886,0,0.569,8,0.19437986403068064,0.4581,80.33,87.49,80.33,0.0,0.3932995495495495,0.35714285714285715,0.28320961364483793,0.45799159831966396,0.12961527279775173,high,0.7223
"[234295188, 197476980]",3,0.5942,14,0.04057844900481817,0.5591,9.94,9.94,11.6,0.021897810218978103,0.42877252252252246,0.7857142857142857,0.0591223684675272,0.5590118023604721,0.015925315760571115,low,1.0
197476980,0,0.601,12,0.00220625983521469,0.2377,104.77,107.84,104.77,0.0,0.43834459459459457,0.6428571428571429,0.0032144422563595942,0.23754750950190037,0.16908938204606389,low,0.9999
2430840,4,0.6915,14,0.10662814487567407,0.3446,175.71,175.71,181.4,0.029197080291970802,0.5657376126126127,0.7857142857142857,0.1553561670318021,0.3444688937787558,0.28366766805569016,low,1.0
"[499557809, 18122226]",0,0.753,14,0.1320748547551357,0.5,170.53,170.53,174.35,0.0,0.6523085585585586,0.7857142857142857,0.1924317889612619,0.4998999799959992,0.27530122427883835,low,1.0
499557812,12,0.7208,14,0.13033375857340274,0.5524,86.54,86.54,91.28,0.08759124087591241,0.606981981981982,0.7857142857142857,0.18989502786002194,0.5523104620924185,0.13964531446845627,low,1.0
1420143834,0,0.6563,14,0.12764287706682875,0.5428,82.94,88.54,82.94,0.0,0.5161880630630631,0.7857142857142857,0.18597443828803822,0.5427085417083416,0.1338307975579029,low,1.0
372683468,0,0.6548,11,0.13987233927498136,0.1841,7.07,7.07,11.43,0.0,0.5140765765765767,0.5714285714285714,0.20379265209162464,0.1839367873574715,0.011289853667991085,low,0.5987
1247523487,9,0.6881,12,0.1668988339684073,0.3894,88.88,89.65,88.88,0.06569343065693431,0.5609515765765767,0.6428571428571429,0.24317000594516774,0.3892778555711143,0.14342475046031591,low,0.9999
1420143834,0,0.6563,14,0.12764287706682875,0.5428,82.94,88.54,82.94,0.0,0.5161880630630631,0.7857142857142857,0.18597443828803822,0.5427085417083416,0.1338307975579029,low,1.0
2430956,0,0.6881,11,0.12407357721125101,0.5,379.46,392.43,379.46,0.0,0.5609515765765767,0.5714285714285714,0.18077400127181378,0.4998999799959992,0.612753173757147,medium,0.7839
"[901462443, 901462444, 901462456, 901462458, 901462459]",0,0.6921,11,0.16394722301319026,0.5,363.23,376.01,363.23,0.0,0.5665822072072073,0.5714285714285714,0.23886953596783667,0.4998999799959992,0.5865393933520691,high,0.65
"[851330434, 901462435, 901462441, 901462442, 901462443]",0,0.7611,12,0.09081261059290226,0.5,359.08,371.97,359.08,0.0,0.6637105855855856,0.6428571428571429,0.13231307924332045,0.4998999799959992,0.57983654746907,medium,1.0
25359276,0,0.6392,10,0.1807655006684269,0.5,108.34,108.34,113.95,0.0,0.49211711711711714,0.5,0.26337361161470485,0.4998999799959992,0.1748554446490293,medium,1.0
238913755,0,0.8603,10,0.09525405015543734,0.5,27.74,28.89,27.74,0.0,0.8033502252252253,0.5,0.1387842157801504,0.4998999799959992,0.044674871596084895,low,1.0
2449400,0,0.7748,9,0.10268782978588682,0.3885,58.05,66.84,58.05,0.0,0.6829954954954957,0.42857142857142855,0.14961516423639523,0.38837767553510705,0.09362987369577155,low,0.8999
"[236881840, 236881841, 906846476, 1252805504]",0,0.7977,13,0.08651674749544119,0.5066,54.45,54.45,55.15,0.0,0.7152308558558559,0.7142857142857143,0.12605404627534,0.506501300260052,0.08781535678521822,low,1.0
4607838,0,0.7049,12,0.11711112296521616,0.2823,163.49,171.34,163.49,0.0,0.5846002252252253,0.6428571428571429,0.17062976955974102,0.2821564312862573,0.26393061343153407,medium,0.8899
4607839,0,0.8018,14,0.05073541258002706,0.4334,110.33,190.29,110.33,0.0,0.7210022522522523,0.7857142857142857,0.07392097085068551,0.4332866573314663,0.17806958038569629,low,1.0
4607839,0,0.6555,12,0.11075525149758203,0.321,264.29,264.29,268.85,0.0,0.5150619369369369,0.6428571428571429,0.1613693233691536,0.3208641728345669,0.4267370869270279,medium,1.0
4607838,0,0.7049,12,0.11711112296521616,0.2823,163.49,171.34,163.49,0.0,0.5846002252252253,0.6428571428571429,0.17062976955974102,0.2821564312862573,0.26393061343153407,medium,0.8899
197476980,0,0.601,12,0.00220625983521469,0.2377,104.77,107.84,104.77,0.0,0.43834459459459457,0.6428571428571429,0.0032144422563595942,0.23754750950190037,0.16908938204606389,low,0.9999
"[75687499, 197476980]",0,0.5537,13,0.023998062108672905,0.2211,193.53,194.58,193.53,0.0,0.37176238738738737,0.7142857142857143,0.03496489746567456,0.22094418883776754,0.3124495267629292,medium,0.9553
"[316805864, 75687498]",0,0.6061,4,0.16137096579602364,0.4912,125.68,125.68,127.15,0.0,0.44552364864864863,0.07142857142857142,0.23511595292982657,0.4910982196439288,0.20286203443486128,high,1.0
18942157,0,0.8862,12,0.08292737626970291,0.0199,74.64,159.68,74.64,0.0,0.8398085585585586,0.6428571428571429,0.12082436545764956,0.019703940788157633,0.12042510579190491,low,1.0
"[4390227, 724836932, 724836933, 1051388679]",3,0.8614,14,0.054684503013149435,0.2635,32.11,105.78,32.11,0.021897810218978103,0.8048986486486489,0.7857142857142857,0.07967475924051053,0.2633526705341068,0.051733049068062156,low,1.0
"[1051388681, 1051388682, 1051388683, 4607852]",0,0.7185,11,0.08802143568114178,0.2791,54.68,194.67,54.68,0.0,0.6037443693693695,0.5714285714285714,0.12824636310368512,0.27895579115823166,0.08818683981005912,low,1.0
4253740,0,0.7377,8,0.195118523853141,0.0666,79.01,343.78,79.01,0.0,0.6307713963963965,0.35714285714285715,0.28428583420308484,0.0664132826565313,0.12748328326388217,high,0.8711
851786605,0,0.74,10,0.11911553511600612,0.0666,22.28,279.35,22.28,0.0,0.634009009009009,0.5,0.17355017960274954,0.0664132826565313,0.035856187615078985,medium,0.9831
"[851786602, 534027371, 851786605]",0,0.7325,11,0.15187528224250493,0.0214,106.86,316.2,106.86,0.0,0.6234515765765767,0.5714285714285714,0.22128082944786318,0.021204240848169634,0.17246503214135736,medium,1.0
4253684,0,0.6491,6,0.1398571607656163,0.0931,144.24,220.31,144.24,0.0,0.506052927927928,0.21428571428571427,0.20377053714327426,0.09291858371674334,0.2328390993959363,high,1.0
"[1033688680, 1033688681, 379485583, 240509265, 993984313, 1068358105, 993984314, 303994879]",0,0.6699,8,0.14855517670293059,0.4378,159.94,159.94,169.26,0.0,0.5353322072072073,0.35714285714285715,0.21644346625496905,0.43768753750750156,0.25819685370029394,medium,0.8046
"[608159137, 1420246978, 1420246979, 17926247, 303994871, 1246181910, 303994870, 166490813, 1184092350, 1184092351]",0,0.8356,7,0.024549725804696578,0.5,130.65,140.59,130.65,0.0,0.7685810810810813,0.2857142857142857,0.03576866638994285,0.4998999799959992,0.2108892980585974,medium,0.9554
99961287,0,0.794,12,0.06578154396192656,0.5,49.05,50.9,49.05,0.0,0.7100225225225225,0.6428571428571429,0.09584304569881863,0.4998999799959992,0.07909358141938819,low,1.0
99961287,0,0.7291,12,0.09951264079404833,0.5,208.19,210.75,208.19,0.0,0.6186655405405406,0.6428571428571429,0.1449889431188667,0.4998999799959992,0.33612753173757143,low,0.9951
290053779,0,0.7576,14,0.14914660780253608,0.5,140.3,143.64,140.3,0.0,0.6587837837837839,0.7857142857142857,0.21730517591999712,0.4998999799959992,0.2264754336660529,low,1.0
27929812,0,0.7638,10,0.12219661218767747,0.5,141.95,141.95,203.77,0.0,0.6675112612612614,0.5,0.17803928051936796,0.4998999799959992,0.22914042058338982,medium,0.6148
290053779,0,0.7409,10,0.1923119601790353,0.5,124.1,131.88,124.1,0.0,0.6352759009009009,0.5,0.28019669677844344,0.4998999799959992,0.20031010756856285,medium,0.9998
27929812,0,0.7554,14,0.10814213003905744,0.5,223.16,230.76,223.16,0.0,0.6556869369369369,0.7857142857142857,0.15756202947100562,0.4998999799959992,0.3603062312239558,low,1.0
290053779,0,0.7576,14,0.1491466078025361,0.5,140.3,143.64,140.3,0.0,0.6587837837837839,0.7857142857142857,0.21730517591999718,0.4998999799959992,0.2264754336660529,low,1.0
2558884,0,0.8731,8,0.029296886447168047,0.5,90.3,97.1,90.3,0.0,0.8213682432432432,0.35714285714285715,0.04268523572454035,0.4998999799959992,0.14571825435281197,low,1.0
19742812,0,0.9338,11,0.029296886447168047,0.5,122.72,131.91,122.72,0.0,0.906813063063063,0.5714285714285714,0.04268523572454035,0.4998999799959992,0.1980812094195174,low,1.0
157467037,0,0.6798,14,0.16846627885171098,0.4164,52.39,56.86,52.39,0.0,0.549268018018018,0.7857142857142857,0.2454537587039296,0.41628325665133026,0.08448816099751269,low,1.0
"[6273473, 67712889]",22,0.5574,7,0.2098061976389754,0.6247,58.14,58.14,68.94,0.16058394160583941,0.37697072072072074,0.2857142857142857,0.3056856396351557,0.624624924984997,0.09377523661853539,medium,0.9988
"[1207034952, 1207034953, 1207034954]",31,0.6679,9,0.017903913126185705,0.4338,132.31,132.97,132.31,0.22627737226277372,0.532516891891892,0.42857142857142855,0.026085778525474744,0.43368673734746954,0.213570436411797,low,0.9999
1257353509,8,1.0,10,0.002267818972401373,0.5,160.32,160.51,160.32,0.058394160583941604,1.0,0.5,0.0033041333522792014,0.4998999799959992,0.25881060826307456,low,1.0
"[30097936, 30097937, 972556338, 972556339, 319902970, 319902971, 19742814]",15,0.6011,8,0.16032143344139055,0.5948,173.51,181.67,173.51,0.10948905109489052,0.43848536036036034,0.35714285714285715,0.23358679395534873,0.5947189437887578,0.2801143521659075,medium,0.9896
"[813749601, 813749605]",17,0.7541,9,0.00951361653583891,0.2732,143.25,143.25,144.05,0.12408759124087591,0.653856981981982,0.42857142857142855,0.013861193668207743,0.27305461092218447,0.23124010724553412,low,0.9572
29078577,0,0.8488,12,0.03940534709413531,0.2069,528.15,534.89,528.15,0.0,0.7871621621621622,0.6428571428571429,0.05741316978796396,0.20674134826965393,0.8529088735988628,medium,0.7499
29078577,0,0.709,8,0.16209959042181982,0.2069,509.51,515.99,509.51,0.0,0.5903716216216216,0.35714285714285715,0.23617755229895823,0.20674134826965393,0.8228025971508868,high,1.0
67449831,0,0.7482,12,0.1841438767775599,0.0244,452.18,452.18,454.35,0.0,0.6455518018018018,0.6428571428571429,0.26829587449077236,0.02420484096819364,0.7302064153503247,high,1.0
19803933,0,0.8646,12,0.07867145000247151,0.0637,293.27,293.27,304.55,0.0,0.8094031531531531,0.6428571428571429,0.11462352008349438,0.0635127025405081,0.4735439480569823,medium,1.0
"[48379488, 801929832]",0,0.9284,13,0.03820991485635582,0.0412,286.49,295.56,286.49,0.0,0.8992117117117119,0.7142857142857143,0.05567143602748387,0.04100820164032807,0.46259327454210686,low,0.9997
67449831,0,0.7482,12,0.18414387677756,0.0244,452.18,452.18,454.35,0.0,0.6455518018018018,0.6428571428571429,0.2682958744907725,0.02420484096819364,0.7302064153503247,high,1.0
18122226,0,0.6502,12,0.15543503776200543,0.5504,325.28,348.08,325.28,0.0,0.5076013513513514,0.6428571428571429,0.22646736045432667,0.5503100620124025,0.5252446942533191,medium,0.9999
18122226,0,0.7473,14,0.152505585552418,0.4775,368.07,423.06,368.07,0.0,0.6442849099099099,0.7857142857142857,0.22219917556529525,0.47739547909581914,0.5943566883095908,medium,0.9994
176022838,0,0.6619,12,0.16431515389873314,0.5052,417.58,417.58,426.63,0.0,0.524070945945946,0.6428571428571429,0.2394056078794188,0.5051010202040408,0.6743224472655619,high,0.9298
779186343,0,1.0,8,0.1331821000540971,0.3202,577.53,590.21,577.53,0.0,1.0,0.35714285714285715,0.19404503516408825,0.3200640128025605,0.9326646638886196,high,1.0
2483870,0,0.7204,12,0.16422296183796994,0.3891,507.88,518.3,507.88,0.0,0.606418918918919,0.6428571428571429,0.23927128489597832,0.3889777955591118,0.8201699131052751,high,1.0
18122226,0,0.7539,14,0.1331821000540971,0.3202,619.22,634.91,619.22,0.0,0.6535754504504505,0.7857142857142857,0.19404503516408825,0.3200640128025605,1.0,high,0.9999
176022838,0,0.6619,12,0.16431515389873316,0.5052,417.58,417.58,426.63,0.0,0.524070945945946,0.6428571428571429,0.23940560787941886,0.5051010202040408,0.6743224472655619,high,0.9298
176022840,0,0.7765,12,0.1299779472423653,0.0802,504.74,513.64,504.74,0.0,0.6853885135135135,0.6428571428571429,0.1893766140277328,0.08001600320064012,0.8150983622444036,high,1.0
176022840,0,0.7182,12,0.16507701977280656,0.1793,431.62,441.86,431.62,0.0,0.603322072072072,0.6428571428571429,0.2405156394411376,0.17913582716543305,0.69699906321672,high,1.0
1065218283,0,0.8892,12,0.05882225568299475,0.5,232.28,232.77,232.28,0.0,0.8440315315315315,0.6428571428571429,0.08570342677165634,0.4998999799959992,0.375036340730691,low,1.0
"[166585298, 1065218283]",0,0.6433,14,0.15164631089770125,0.4485,327.84,330.2,327.84,0.0,0.4978885135135135,0.7857142857142857,0.22094722030731676,0.44838967793558715,0.5293794618341571,medium,1.0
"[1436004787, 4254627]",0,0.6323,14,0.18725620963790549,0.6278,342.43,342.78,342.43,0.0,0.48240427927927926,0.7857142857142857,0.2728305148036224,0.6277255451090218,0.5529444067577608,medium,1.0
1436553886,0,0.7155,13,0.09590808387605178,0.4974,204.25,207.56,204.25,0.0,0.5995213963963965,0.7142857142857143,0.13973713688741665,0.49729945989197843,0.3297638660076881,low,1.0
"[536399773, 536399774, 6273295]",0,0.8937,10,0.03649028663387101,0.4737,367.48,375.14,367.48,0.0,0.8503659909909912,0.5,0.05316595354514794,0.4735947189437888,0.5934037535936946,medium,1.0
1450344102,0,0.7852,7,0.06763601666360028,0.1651,249.23,331.45,249.23,0.0,0.6976351351351352,0.2857142857142857,0.09854499534541135,0.16493298659731945,0.40241302451787964,high,0.9994
4333614,0,0.8529,11,0.05724747906622342,0.0427,250.82,250.82,259.99,0.0,0.7929335585585585,0.5714285714285714,0.08340899174475758,0.04250850170034007,0.4049811028200407,medium,1.0
"[6273291, 188750087, 192382575]",0,0.9996,11,0.05228437136764379,0.193,75.01,76.71,75.01,0.0,0.999436936936937,0.5714285714285714,0.07617778953828895,0.1928385677135427,0.1210227089188229,low,1.0
261118582,0,0.6839,10,0.042385918437931006,0.1217,41.73,41.73,44.0,0.0,0.5550394144144144,0.5,0.06175583478472813,0.12152430486097218,0.0672707303679297,low,0.5435
2498957,0,0.8197,9,0.13200563058043277,0.3603,174.74,180.36,174.74,0.0,0.7461993243243245,0.42857142857142855,0.19233092997627635,0.3601720344068814,0.2821009787770133,medium,1.0
48379492,1,0.7403,12,0.098751528661813,0.3871,256.52,256.52,268.06,0.0072992700729927005,0.6344313063063063,0.6428571428571429,0.14388000975206405,0.3869773954790958,0.4141874212617502,medium,0.9896
"[801929832, 48379488]",0,0.9284,13,0.03820991485635582,0.0412,286.49,295.56,286.49,0.0,0.8992117117117119,0.7142857142857143,0.05567143602748387,0.04100820164032807,0.46259327454210686,low,0.9997
"[1420171384, 991384120, 2498964, 1420171383]",0,0.6668,10,0.13715573715094606,0.3596,157.76,166.42,157.76,0.0,0.5309684684684685,0.5,0.19983458781688743,0.3594718943788758,0.25467584068223664,medium,1.0
19803932,3,0.7893,11,0.042652095734284905,0.1589,291.61,300.27,291.61,0.021897810218978103,0.7034065315315315,0.5714285714285714,0.062143652654015356,0.15873174634926987,0.47086280970378275,medium,1.0
228533742,3,0.6546,11,0.09496239182996462,0.2843,262.99,272.38,262.99,0.021897810218978103,0.513795045045045,0.5714285714285714,0.13835927228611808,0.2841568313662733,0.4246374002648836,medium,0.9998
"[250325170, 250325164]",0,0.8493,12,0.03041268200831613,0.2466,87.93,87.93,90.86,0.0,0.7878659909909912,0.6428571428571429,0.044310939580624514,0.2464492898579716,0.14189036405336436,low,1.0
493711858,0,0.9137,12,0.058549600046374974,0.2533,1.37,1.37,13.44,0.0,0.8785191441441441,0.6428571428571429,0.08530617002026743,0.25315063012602523,0.0020835352262816163,low,1.0
"[1420139112, 34083185, 1420139111]",0,0.6834,12,0.17452826067739724,0.2895,86.96,87.66,86.96,0.0,0.5543355855855856,0.6428571428571429,0.25428601039293086,0.28935787157431486,0.14032367477468746,medium,0.5837
1317153686,0,0.6664,12,0.2527110941367403,0.4396,210.1,222.02,210.1,0.0,0.5304054054054054,0.6428571428571429,0.3681976786770922,0.4394878975795159,0.33921245598733724,medium,0.9999
2514020,0,0.6519,12,0.202176164787371,0.4649,179.28,189.86,179.28,0.0,0.5099943693693695,0.6428571428571429,0.2945687520431859,0.4647929585917183,0.2894337306586555,medium,1.0
"[67386011, 1420136150]",0,0.5367,12,0.29035017112554556,0.3981,122.0,133.94,122.0,0.0,0.34783220720720714,0.6428571428571429,0.4230374671928206,0.39797959591918386,0.19691830603740673,medium,0.9933
"[1420138055, 2499055]",0,0.6151,12,0.2117212819320716,0.482,74.33,87.04,74.33,0.0,0.45819256756756754,0.6428571428571429,0.3084758998122165,0.48189637927585516,0.1199244112801628,medium,0.7645
493711858,0,0.9137,12,0.058549600046374974,0.2533,1.37,1.37,13.44,0.0,0.8785191441441441,0.6428571428571429,0.08530617002026743,0.25315063012602523,0.0020835352262816163,low,1.0
1433140122,0,0.5913,11,0.058549600046374974,0.5,75.19,77.26,75.19,0.0,0.42469031531531537,0.5714285714285714,0.08530617002026743,0.4998999799959992,0.12131343476435055,low,0.9999
"[2483868, 1420136143]",0,0.6165,13,0.21040171127976987,0.2328,164.83,176.09,164.83,0.0,0.4601632882882884,0.7142857142857143,0.3065532975250958,0.23264652930586116,0.2660949058371289,medium,1.0
1317153686,0,0.519,12,0.18209919133986707,0.1108,226.39,238.67,226.39,0.0,0.3229166666666667,0.6428571428571429,0.26531678663966446,0.11062212442488496,0.36552314500759114,high,0.9989
1420128096,0,0.6837,12,0.1568321139143391,0.2185,333.83,343.31,333.83,0.0,0.5547578828828829,0.6428571428571429,0.22850288754116604,0.21834366873374675,0.5390541719158833,high,0.6533
14351526,0,0.751,8,0.21420214243207653,0.2434,234.16,243.1,234.16,0.0,0.6494932432432433,0.35714285714285715,0.3120904907119285,0.24324864972994598,0.3780728106728688,high,1.0
14351526,0,0.7598,12,0.2080971380605103,0.471,184.04,192.51,184.04,0.0,0.6618806306306307,0.6428571428571429,0.303195555569819,0.4708941788357671,0.2971218141292761,medium,0.968
"[176022354, 176022356]",0,0.7311,12,0.16726526959308421,0.1226,278.42,285.11,278.42,0.0,0.6214808558558559,0.6428571428571429,0.24370389927543956,0.1224244848969794,0.4495590658009498,medium,0.9909
14351526,0,0.6169,12,0.19209647283035464,0.5,109.05,114.44,109.05,0.0,0.46072635135135137,0.6428571428571429,0.2798827336960603,0.4998999799959992,0.17600219659527733,medium,0.9297
14351526,0,0.7598,12,0.20809713806051033,0.471,184.04,192.51,184.04,0.0,0.6618806306306307,0.6428571428571429,0.30319555556981903,0.4708941788357671,0.2971218141292761,medium,0.968
176022355,0,0.7293,12,0.14231904382082597,0.4676,204.7,210.42,204.7,0.0,0.618947072072072,0.6428571428571429,0.20735747808070237,0.46749349869974,0.3304906806215072,medium,0.7106
4265040,0,0.8243,14,0.026284749325868068,0.0468,179.72,211.9,179.72,0.0,0.7526745495495496,0.7857142857142857,0.03829657968067414,0.046609321864372874,0.29014439383661206,low,1.0
47009514,0,0.8057,14,0.06741662100551017,0.2199,87.87,151.59,87.87,0.0,0.7264921171171173,0.7857142857142857,0.09822533789221426,0.21974394878975795,0.14179345543818847,low,1.0
166482669,0,0.8145,10,0.060263081365381346,0.0468,164.71,227.07,164.71,0.0,0.7388795045045045,0.5,0.08780269652084843,0.046609321864372874,0.26590108860677714,medium,1.0
1068477987,1,0.8705,14,0.022783262736292397,0.029,154.46,160.84,154.46,0.0072992700729927005,0.8177083333333334,0.7857142857142857,0.03319494596845265,0.02880576115223045,0.24934586684756274,low,1.0
30085473,0,0.7853,11,0.0862575281910094,0.2771,309.55,386.78,309.55,0.0,0.6977759009009009,0.5714285714285714,0.12567636613619998,0.27695539107821565,0.49983848564137356,medium,1.0
"[311561497, 14351505]",0,0.7569,12,0.07843250056040074,0.3592,288.67,461.64,288.67,0.0,0.6577984234234235,0.6428571428571429,0.11427537294712838,0.3590718143628726,0.46611428756016415,medium,0.9986
"[311561497, 14351505]",0,0.7565,12,0.07478654175948876,0.5,229.67,403.83,229.67,0.0,0.6572353603603603,0.6428571428571429,0.10896324455358303,0.4998999799959992,0.37082081597053973,low,0.9996
27548816,0,0.7619,8,0.08423078554182464,0.4113,196.63,481.0,196.63,0.0,0.6648367117117118,0.35714285714285715,0.12272342076269475,0.41118223644728946,0.31745647188035014,medium,0.9999
14351505,0,0.7976,12,0.08591415504690908,0.2484,182.93,461.63,182.93,0.0,0.7150900900900902,0.6428571428571429,0.12517607462772215,0.248249649929986,0.29532900474852214,low,0.9974
14351505,0,0.7892,12,0.08699565660337336,0.5,234.06,510.61,234.06,0.0,0.7032657657657658,0.6428571428571429,0.12675181243483077,0.4998999799959992,0.3779112963142423,low,0.9998
2425502,3,0.7448,11,0.15576785403412635,0.2203,585.39,603.93,585.39,0.021897810218978103,0.6407657657657658,0.5714285714285714,0.22695227069755958,0.22014402880576114,0.9453596924766611,high,1.0
2425502,26,0.7489,12,0.16901917133451028,0.5,527.74,536.72,527.74,0.1897810218978102,0.6465371621621622,0.6428571428571429,0.24625931795921283,0.4998999799959992,0.8522466647284943,medium,0.5855
14351433,3,0.77,12,0.0750999165190713,0.109,561.07,586.46,561.07,0.021897810218978103,0.6762387387387389,0.6428571428571429,0.10941982869210441,0.10882176435287057,0.9060794004587008,high,1.0
14351420,0,0.7658,12,0.10432763862266882,0.0019,454.57,619.51,454.57,0.0,0.6703265765765767,0.6428571428571429,0.15200435060890094,0.0017003400680136026,0.7340666085214976,high,1.0
14351420,0,0.7754,12,0.10930672841829535,0.0019,490.06,561.88,490.06,0.0,0.6838400900900901,0.6428571428571429,0.15925883858357134,0.0017003400680136026,0.7913880543980361,high,1.0
14351433,3,0.77,12,0.07509991651907132,0.109,561.07,586.46,561.07,0.021897810218978103,0.6762387387387389,0.6428571428571429,0.10941982869210443,0.10882176435287057,0.9060794004587008,high,1.0
851330436,0,1.0,12,0.12976798964267708,0.3074,322.19,322.19,329.37,0.0,1.0,0.6428571428571429,0.18907070773870246,0.3072614522904581,0.5202539005717609,low,0.8595
2558885,0,0.822,12,0.07014105518362752,0.3074,253.15,253.15,254.09,0.0,0.749436936936937,0.6428571428571429,0.1021948133976156,0.3072614522904581,0.40874438737603774,low,0.9487
"[851330425, 901462413, 901462414, 901462415]",0,0.707,12,0.12976798964267708,0.3074,310.07,310.07,320.95,0.0,0.5875563063063063,0.6428571428571429,0.18907070773870246,0.3072614522904581,0.5006783603062313,medium,0.9999
194815235,0,0.8432,11,0.010189275112311361,0.5,28.49,39.74,28.49,0.0,0.7792792792792792,0.5714285714285714,0.014845621991293554,0.4998999799959992,0.04588622928578351,low,1.0
110415718,0,0.7113,12,0.12227368529082082,0.5405,125.8,141.1,125.8,0.0,0.5936092342342343,0.6428571428571429,0.17815157532080236,0.5404080816163233,0.20305585166521303,low,1.0
"[197881706, 231813686, 1070356431]",0,0.7412,14,0.03867359216894338,0.4207,86.2,86.2,86.33,0.0,0.6356981981981982,0.7857142857142857,0.05634700960144282,0.4205841168233647,0.13909616564912622,low,1.0
181799764,0,0.7145,12,0.07462316179187793,0.2723,196.45,201.41,196.45,0.0,0.5981137387387389,0.6428571428571429,0.10872520144550815,0.27215443088617725,0.31716574603482245,medium,0.7088
181799764,0,0.7242,11,0.08745400551424044,0.1125,156.6,166.62,156.6,0.0,0.611768018018018,0.5714285714285714,0.1274196225765577,0.11232246449289858,0.25280227412216943,medium,1.0
257005240,0,0.7066,12,0.17616488867099703,0.3103,182.3,182.3,187.29,0.0,0.5869932432432433,0.6428571428571429,0.25667056230621577,0.3101620324064813,0.2943114642891753,medium,1.0
2576387,0,0.7944,6,0.14637707715874296,0.2091,57.38,57.38,76.47,0.0,0.7105855855855856,0.21428571428571427,0.2132699952794459,0.20894178835767152,0.09254772749297413,medium,0.886
243195826,0,0.8388,9,0.13192176275511863,0.1035,83.97,89.39,83.97,0.0,0.7730855855855856,0.42857142857142855,0.1922087353272187,0.10332066413282655,0.13549439545175568,medium,1.0
2415176,0,0.718,12,0.09579875907386957,0.4224,78.47,370.85,78.47,0.0,0.6030405405405406,0.6428571428571429,0.13957785165752168,0.4222844568913783,0.12661110572729917,low,1.0
"[901462469, 901462471, 901462472, 844076048, 901462462]",0,0.7185,12,0.039266339843128654,0.1062,173.46,457.31,173.46,0.0,0.6037443693693695,0.6428571428571429,0.057210637503507966,0.10602120424084817,0.2800335949865943,low,0.5043
"[1148079786, 901462476, 901462477, 901462478, 534024686, 901462479, 901462480, 901462481, 901462482, 901462485]",0,0.7637,12,0.03593669485300035,0.4709,108.25,396.2,108.25,0.0,0.6673704954954957,0.6428571428571429,0.05235937541901531,0.47079415883176634,0.17471008172626548,low,1.0
"[676195905, 901462469, 1484429775]",0,0.8076,11,0.04179172940537416,0.5,267.18,502.43,267.18,0.0,0.7291666666666667,0.5714285714285714,0.06089010683679056,0.4998999799959992,0.4314048518913332,low,0.9784
"[676195905, 245290331, 901462460]",0,0.59,11,0.17465051883997953,0.3959,433.24,474.68,433.24,0.0,0.42286036036036034,0.5714285714285714,0.25446413940981216,0.39577915583116624,0.699615595826469,high,1.0
625848030,0,0.716,8,0.0725849131452368,0.6512,117.19,117.19,118.97,0.0,0.6002252252252253,0.35714285714285715,0.10575549193967955,0.6511302260452091,0.18914946538747296,medium,0.9797
61074713,0,0.6739,12,0.040118893138267615,0.8265,132.02,132.02,132.18,0.0,0.5409628378378379,0.6428571428571429,0.058452799802485536,0.8264652930586117,0.2131020447717802,low,1.0
851330426,0,1.0,12,0.009083061964357432,0.3284,374.31,374.31,389.51,0.0,1.0,0.6428571428571429,0.013233879622978978,0.32826565313062617,0.6044351842878832,low,1.0
175994562,0,0.7445,12,0.07519166807917917,0.2761,314.62,318.81,314.62,0.0,0.6403434684684686,0.6428571428571429,0.10955350987014711,0.27595519103820765,0.5080272636237362,medium,1.0
"[1484429896, 851330426, 1484429895]",0,0.7551,12,0.009083061964357432,0.3284,378.94,391.15,378.94,0.0,0.6552646396396397,0.6428571428571429,0.013233879622978978,0.32826565313062617,0.6119132990922893,medium,1.0
23180842,0,0.7512,12,0.15790205045253985,0.5,109.38,109.38,110.31,0.0,0.6497747747747747,0.6428571428571429,0.23006177522317883,0.4998999799959992,0.1765351939787447,low,1.0
31731184,0,0.727,14,0.15911555208372083,0.4518,0.31,0.31,12.68,0.0,0.6157094594594594,0.7857142857142857,0.23182983592342526,0.4516903380676135,0.00037148302484090834,low,1.0
175994562,18,0.7452,12,0.12361657379713176,0.5,128.61,129.98,128.61,0.13138686131386862,0.6413288288288288,0.6428571428571429,0.18010815150645637,0.4998999799959992,0.20759440514261718,low,1.0
14351728,0,0.7788,12,0.08806578783940183,0.5,258.4,258.96,258.4,0.0,0.6886261261261263,0.6428571428571429,0.1283109837897854,0.4998999799959992,0.41722389120392805,low,0.9861
175994562,0,0.7445,12,0.07519166807917917,0.2761,314.62,318.81,314.62,0.0,0.6403434684684686,0.6428571428571429,0.10955350987014711,0.27595519103820765,0.5080272636237362,medium,1.0
175994562,18,0.7452,12,0.12361657379713176,0.5,128.61,129.98,128.61,0.13138686131386862,0.6413288288288288,0.6428571428571429,0.18010815150645637,0.4998999799959992,0.20759440514261718,low,1.0
8390305,0,0.7445,8,0.18081259935492863,0.5553,146.89,146.89,166.55,0.0,0.6403434684684686,0.35714285714285715,0.26344223396715766,0.5552110422084418,0.23711922989953804,medium,0.9999
8390305,1,0.7792,12,0.10009446309892159,0.5,114.51,123.84,114.51,0.0072992700729927005,0.6891891891891893,0.6428571428571429,0.14583665285846723,0.4998999799959992,0.18482088057628324,low,1.0
27474094,41,0.6416,12,0.1429010827657142,0.5,66.48,77.17,66.48,0.29927007299270075,0.49549549549549543,0.6428571428571429,0.20820550346280942,0.4998999799959992,0.10724553412798399,low,1.0
8390296,0,0.7084,12,0.17288472065858218,0.201,205.54,222.22,205.54,0.0,0.5895270270270271,0.6428571428571429,0.2518913877225673,0.20084016803360671,0.33184740123396966,medium,1.0
"[23180914, 572499061, 23180916, 250324165]",0,0.7647,8,0.09309143587959967,0.5518,138.25,138.25,143.83,0.0,0.6687781531531533,0.35714285714285715,0.13563330669799342,0.5517103420684136,0.22316438931421,medium,0.9999
349861792,0,0.6929,12,0.17928765543052957,0.3547,251.48,262.21,251.48,0.0,0.5677083333333333,0.6428571428571429,0.26122040471408475,0.3545709141828366,0.40604709758697544,medium,1.0
8390300,0,0.7298,12,0.14695053918701076,0.485,226.23,236.09,226.23,0.0,0.6196509009009009,0.6428571428571429,0.21410552417303064,0.48489697939587917,0.3652647220337888,medium,0.9748
"[349861792, 30729924, 965911806]",0,0.6947,12,0.1818621690354852,0.2788,235.17,245.03,235.17,0.0,0.5702421171171171,0.6428571428571429,0.26497144732516215,0.27865573114622927,0.37970410569499624,medium,1.0
349861792,0,0.5943,12,0.20238265009596934,0.4943,308.95,317.27,308.95,0.0,0.4289132882882884,0.6428571428571429,0.29486959923607814,0.49419883976795365,0.4988693994896146,medium,0.6055
6570883,0,0.7876,12,0.11687607813726737,0.4572,198.15,205.86,198.15,0.0,0.7010135135135135,0.6428571428571429,0.17028731141018913,0.45709141828365674,0.3199114901314727,low,0.9996
"[499557809, 18122226]",0,0.753,14,0.13207485475513572,0.5,170.53,170.53,174.35,0.0,0.6523085585585586,0.7857142857142857,0.19243178896126195,0.4998999799959992,0.27530122427883835,low,1.0
18122226,0,0.6889,12,0.1923686913603098,0.5,259.46,266.9,259.46,0.0,0.5620777027027026,0.6428571428571429,0.28027935358706463,0.4998999799959992,0.4189359434053687,medium,1.0
6570848,0,0.8094,14,0.0900177332060868,0.2204,186.07,240.71,186.07,0.0,0.7317004504504506,0.7857142857142857,0.1311549502115735,0.22024404880976195,0.30040055560939366,low,1.0
6570883,0,0.7708,14,0.15052834150418146,0.3386,126.38,193.56,126.38,0.0,0.6773648648648649,0.7857142857142857,0.21931834919748808,0.33846769353870776,0.20399263494524664,low,1.0
6570883,0,0.7876,12,0.11687607813726737,0.4572,198.15,205.86,198.15,0.0,0.7010135135135135,0.6428571428571429,0.17028731141018913,0.45709141828365674,0.3199114901314727,low,0.9996
26292721,0,0.8237,12,0.08902487923137463,0.2519,193.47,206.36,193.47,0.0,0.7518299549549551,0.6428571428571429,0.129708371114631,0.251750350070014,0.31235261814775334,low,0.9986
26292721,0,0.7081,12,0.1466149551180841,0.1698,167.24,179.79,167.24,0.0,0.5891047297297297,0.6428571428571429,0.21361658127534322,0.16963392678535708,0.2699874018800271,medium,1.0
"[956667484, 956667485]",0,0.6925,12,0.11169982757704168,0.1698,229.87,229.87,239.0,0.0,0.5671452702702703,0.6428571428571429,0.162745562017354,0.16963392678535708,0.37114384468779277,medium,1.0
8173114,0,0.647,12,0.15286473873236234,0.5,159.53,172.05,159.53,0.0,0.5030968468468469,0.6428571428571429,0.22272245844066324,0.4998999799959992,0.2575346448299254,medium,0.8756
381871425,0,0.7224,12,0.044902775629467394,0.2187,115.65,115.65,124.23,0.0,0.6092342342342343,0.6428571428571429,0.06542287253247092,0.21854370874174833,0.18666214426462513,low,1.0
1242256464,0,0.6095,8,0.08042052633363374,0.2519,182.78,182.78,191.75,0.0,0.45030968468468474,0.35714285714285715,0.1171719081889554,0.251750350070014,0.29508673321058243,high,0.9932
18122226,0,0.9348,12,0.035603023247028125,0.5142,302.3,309.91,302.3,0.0,0.9082207207207208,0.6428571428571429,0.051873218962238676,0.5141028205641128,0.48812869464095365,low,1.0
6570872,0,0.7284,14,0.1344827987399086,0.4694,258.43,298.84,258.43,0.0,0.6176801801801802,0.7857142857142857,0.19594014116984398,0.46929385877175434,0.41727234551151604,low,0.9996
18122226,0,0.6502,12,0.15543503776200543,0.5504,325.28,348.08,325.28,0.0,0.5076013513513514,0.6428571428571429,0.22646736045432667,0.5503100620124025,0.5252446942533191,medium,0.9999
6570848,0,0.8094,14,0.0900177332060868,0.2204,186.07,240.71,186.07,0.0,0.7317004504504506,0.7857142857142857,0.1311549502115735,0.22024404880976195,0.30040055560939366,low,1.0
6570848,0,0.709,14,0.12857499465575467,0.6642,260.26,382.27,260.26,0.0,0.5903716216216216,0.7857142857142857,0.18733252503027398,0.664132826565313,0.4202280582743806,low,1.0
6570872,0,0.7245,14,0.09165316046085271,0.6395,163.88,291.06,163.88,0.0,0.6121903153153154,0.7857142857142857,0.1335377526594363,0.6394278855771154,0.26456051943017733,low,1.0
6570872,0,0.7284,14,0.1344827987399086,0.4694,258.43,298.84,258.43,0.0,0.6176801801801802,0.7857142857142857,0.19594014116984398,0.46929385877175434,0.41727234551151604,low,0.9996
2418096,0,0.7002,12,0.12685556209224147,0.6162,164.2,370.49,164.2,0.0,0.5779842342342343,0.6428571428571429,0.18482732762125767,0.616123224644929,0.26507736537778204,low,1.0
2418096,0,0.7802,12,0.17422118160955333,0.195,24.85,230.54,24.85,0.0,0.6905968468468469,0.6428571428571429,0.2538385990192892,0.19483896779355872,0.040007106631779574,low,1.0
6570872,0,0.7243,12,0.030683662214029517,0.7868,83.99,280.54,83.99,0.0,0.6119087837837839,0.6428571428571429,0.044705755244613586,0.7867573514702941,0.13552669832348097,low,1.0
54647803,0,0.9686,9,0.018597375334771543,0.9437,9.16,9.16,12.65,0.0,0.9557995495495497,0.42857142857142855,0.02709614657657781,0.9436887377475495,0.014665503763284557,low,1.0
"[460424283, 22734891, 823534734]",0,0.7211,9,0.07004741903632479,0.7212,19.37,28.95,19.37,0.0,0.6074042792792793,0.42857142857142855,0.10205838639338707,0.7211442288457691,0.031156119779048363,low,1.0
51240700,0,0.9178,8,0.02175171108994141,0.5,84.48,84.48,88.53,0.0,0.8842905405405405,0.35714285714285715,0.03169198472033902,0.4998999799959992,0.13631811868075072,low,1.0
448565889,0,1.0,8,0.02175171108994141,0.5,74.18,74.18,79.1,0.0,1.0,0.35714285714285715,0.03169198472033902,0.4998999799959992,0.1196821397422231,low,1.0
26291686,0,0.7584,12,0.1921599989909622,0.4792,340.83,472.93,340.83,0.0,0.6599099099099099,0.6428571428571429,0.2799752907269878,0.4790958191638328,0.550360177019737,medium,0.9999
6570848,0,0.709,14,0.12857499465575467,0.6642,260.26,382.27,260.26,0.0,0.5903716216216216,0.7857142857142857,0.18733252503027398,0.664132826565313,0.4202280582743806,low,1.0
"[8265571, 26291686]",0,0.9239,12,0.025018181896487388,0.5152,293.9,493.71,293.9,0.0,0.8928772522522525,0.6428571428571429,0.03645120260118824,0.5151030206041208,0.4745614885163291,low,1.0
6570883,0,0.7708,14,0.15052834150418146,0.3386,126.38,193.56,126.38,0.0,0.6773648648648649,0.7857142857142857,0.21931834919748808,0.33846769353870776,0.20399263494524664,low,1.0
6570883,0,0.7555,14,0.08869549428603216,0.5,37.25,196.41,37.25,0.0,0.6558277027027026,0.7857142857142857,0.12922846028291163,0.4998999799959992,0.060034887101463326,low,1.0
6570897,0,0.7694,14,0.1851757962539299,0.281,97.23,253.37,97.23,0.0,0.6753941441441441,0.7857142857142857,0.269799371663836,0.2808561712342469,0.15691119940562717,low,1.0
6570897,0,0.7428,14,0.1762306977975616,0.5,83.82,154.11,83.82,0.0,0.6379504504504505,0.7857142857142857,0.25676644559751644,0.4998999799959992,0.13525212391381594,low,1.0
6010083,0,0.6718,8,0.1448959255952391,0.4933,57.12,67.34,57.12,0.0,0.5380067567567567,0.35714285714285715,0.21111197109286844,0.49319863972794564,0.09212779016054527,medium,1.0
6010083,0,0.8475,12,0.06643990205758141,0.5,138.33,148.52,138.33,0.0,0.7853322072072074,0.6428571428571429,0.0968022673806911,0.4998999799959992,0.22329360080111121,low,1.0
7854722,0,0.7441,12,0.11207048047319691,0.5,111.22,111.22,121.84,0.0,0.6397804054054054,0.6428571428571429,0.16328559987332852,0.4998999799959992,0.17950705817747198,low,1.0
26372295,0,0.6098,12,0.15978702916157925,0.2495,192.25,192.25,201.85,0.0,0.450731981981982,0.6428571428571429,0.23280817184154215,0.24934986997399478,0.31038214297251027,medium,1.0
26372295,0,0.6624,8,0.15650305258199235,0.2166,112.97,112.97,119.96,0.0,0.5247747747747747,0.35714285714285715,0.22802344821060097,0.21644328865773152,0.1823335594534354,high,0.9002
7854722,0,0.7441,12,0.11207048047319693,0.5,111.22,111.22,121.84,0.0,0.6397804054054054,0.6428571428571429,0.16328559987332855,0.4998999799959992,0.17950705817747198,low,1.0
"[73058382, 1159731058, 73058390, 1052870936, 1052870937, 1052870938, 5005628]",9,0.9764,13,0.0032709184759426254,0.4786,68.82,75.39,68.82,0.06569343065693431,0.9667792792792795,0.7142857142857143,0.004765640090364082,0.478495699139828,0.11102497011984365,low,1.0
"[2953548, 491924101]",22,0.5057,10,0.19153402724074223,0.657,53.92,53.92,124.44,0.16058394160583941,0.3041948198198199,0.5,0.2790632556521348,0.6569313862772554,0.08695933068449786,medium,0.9658
"[625676264, 1065201831, 1065201830, 257778375]",0,0.505,13,0.11335648932940427,0.5,5.04,5.04,11.76,0.0,0.3032094594594595,0.7142857142857143,0.1651593029326448,0.4998999799959992,0.008011112187873502,low,1.0
"[1176294265, 3754854]",0,0.7667,15,0.05096794941835693,0.5,77.41,77.41,82.58,0.0,0.6715934684684686,0.8571428571428571,0.07425977488246129,0.4998999799959992,0.12489905352585845,low,1.0
1256909807,0,0.813,8,0.15012343893432878,0.5,61.28,132.2,61.28,0.0,0.736768018018018,0.35714285714285715,0.21872840988237682,0.4998999799959992,0.09884678747940692,medium,0.9742
"[1330781220, 1524952072, 1524952073, 1427233745, 225681238]",0,0.4755,7,0.17374519657550105,0.6536,83.67,119.16,83.67,0.0,0.2616835585585585,0.2857142857142857,0.2531450932085106,0.6535307061412282,0.13500985237587623,high,0.9962
230372460,0,0.6815,8,0.15633143072814973,0.0062,51.72,61.57,51.72,0.0,0.551661036036036,0.35714285714285715,0.2277733967501944,0.006001200240048009,0.08340601479471525,high,0.7506
3145982,0,0.8342,12,0.13238635092879675,0.0464,110.96,110.96,120.71,0.0,0.7666103603603605,0.6428571428571429,0.1928856360173975,0.04620924184836967,0.1790871208450431,low,0.9915
3145982,0,0.7833,12,0.11045954664064787,0.0062,96.55,107.04,96.55,0.0,0.6949605855855856,0.6428571428571429,0.1609384841160506,0.006001200240048009,0.15581290176696708,low,0.9625
6244584,0,0.7253,12,0.17326340800535217,0.0554,102.85,114.03,102.85,0.0,0.6133164414414414,0.6428571428571429,0.25244313169909,0.05521104220844169,0.16598830636043543,medium,0.9998
3145982,0,0.7833,12,0.11045954664064786,0.0062,96.55,107.04,96.55,0.0,0.6949605855855856,0.6428571428571429,0.1609384841160506,0.006001200240048009,0.15581290176696708,low,0.9625
3145982,0,0.8342,12,0.13238635092879675,0.0464,110.96,110.96,120.71,0.0,0.7666103603603605,0.6428571428571429,0.1928856360173975,0.04620924184836967,0.1790871208450431,low,0.9915
6244584,0,0.7253,12,0.17326340800535217,0.0554,102.85,114.03,102.85,0.0,0.6133164414414414,0.6428571428571429,0.25244313169909,0.05521104220844169,0.16598830636043543,medium,0.9998
5832086,0,0.7126,12,0.15872685175495546,0.0294,56.16,64.79,56.16,0.0,0.5954391891891893,0.6428571428571429,0.23126350312435512,0.029205841168233646,0.09057725231773105,medium,0.9263
171908451,0,0.6699,12,0.1995441437112505,0.0012,73.89,78.07,73.89,0.0,0.5353322072072073,0.6428571428571429,0.2907339215762667,0.0010002000400080014,0.1192137481022063,medium,1.0
3318926,0,0.8019,8,0.025058270012826542,0.5,85.23,229.59,85.23,0.0,0.7211430180180181,0.35714285714285715,0.03650961061748171,0.4998999799959992,0.13752947637044935,low,0.9995
30575232,0,0.5079,10,0.1886719810630999,0.5,174.3,189.48,174.3,0.0,0.3072916666666667,0.5,0.27489328073083596,0.4998999799959992,0.28139031559905675,high,0.8281
3318926,0,0.6928,8,0.0737296413001774,0.5,123.86,173.93,123.86,0.0,0.5675675675675675,0.35714285714285715,0.1074233503184494,0.4998999799959992,0.1999224731078593,medium,1.0
"[931223869, 63972390]",0,0.552,8,0.16923689718971988,0.3871,100.25,104.86,100.25,0.0,0.3693693693693694,0.35714285714285715,0.24657654252499195,0.3869773954790958,0.16178893303614691,high,0.9866
534027370,0,0.8762,8,0.07245938525961622,0.5,43.47,236.58,43.47,0.0,0.825731981981982,0.35714285714285715,0.10557259896644573,0.4998999799959992,0.0700810802080305,low,1.0
851786605,0,0.74,10,0.11911553511600613,0.0666,22.28,279.35,22.28,0.0,0.634009009009009,0.5,0.17355017960274957,0.0664132826565313,0.035856187615078985,medium,0.9831
4254008,0,0.7565,10,0.10689029773856885,0.0126,80.35,276.24,80.35,0.0,0.6572353603603603,0.5,0.15573812133860454,0.01240248049609922,0.12964757566947702,medium,1.0
662534293,0,0.7705,8,0.10131601438998607,0.5,101.72,178.03,101.72,0.0,0.6769425675675675,0.35714285714285715,0.1476164418390263,0.4998999799959992,0.1641631941079562,medium,0.999
422323611,10,0.4013,7,0.22686848207749039,0.8475,181.97,185.04,181.97,0.072992700729927,0.15723536036036034,0.2857142857142857,0.33054523091795107,0.8474694938987798,0.2937784669057079,high,1.0
369663857,0,0.4177,12,0.2329469338511934,0.5606,132.56,142.22,132.56,0.0,0.18032094594594594,0.6428571428571429,0.33940147916952407,0.5605121024204841,0.21397422230836322,medium,0.9984
155341957,0,0.5125,12,0.17733501910383556,0.4619,57.32,64.86,57.32,0.0,0.31376689189189183,0.6428571428571429,0.25837543156992726,0.4617923584716943,0.09245081887779824,medium,0.9892
205144415,0,0.6253,12,0.16673359557584064,0.6345,95.19,105.22,95.19,0.0,0.47255067567567566,0.6428571428571429,0.24292925512904837,0.6344268853770754,0.15361630648964694,low,0.9999
38663462,0,0.696,10,0.12812086968127137,0.2707,98.09,98.09,107.61,0.0,0.572072072072072,0.5,0.18667086912495565,0.27055411082216446,0.1583002228898149,medium,1.0
205144415,0,0.6253,12,0.1667335955758406,0.6345,95.19,105.22,95.19,0.0,0.47255067567567566,0.6428571428571429,0.24292925512904834,0.6344268853770754,0.15361630648964694,low,0.9999
"[471131241, 42471572, 6246735]",0,0.7061,12,0.13834866399428575,0.5531,129.6,248.15,129.6,0.0,0.5862894144144144,0.6428571428571429,0.20157267124074346,0.5530106021204241,0.20919339729301933,low,1.0
3754852,0,0.4125,8,0.2670300522802214,0.5,180.94,190.35,180.94,0.0,0.1730011261261261,0.35714285714285715,0.38906026881413575,0.4998999799959992,0.2921148690118551,high,1.0
471131243,0,0.325,8,0.2565245430246972,0.5,198.25,206.52,198.25,0.0,0.04983108108108107,0.35714285714285715,0.3737538385848735,0.4998999799959992,0.3200730044900992,high,1.0
42527972,0,0.5692,12,0.21584605620204822,0.5792,226.96,226.96,236.5,0.0,0.39358108108108114,0.6428571428571429,0.31448565793428507,0.579115823164633,0.3664437768517621,medium,0.9999
471131243,0,0.583,12,0.19713661190026932,0.2438,214.83,214.83,222.82,0.0,0.41300675675675674,0.6428571428571429,0.287226169901103,0.24364872974594917,0.34685208515036986,medium,0.8941
"[1482080513, 1256903634, 1499176734, 500549199]",0,0.6084,11,0.1450766604678827,0.5749,186.54,186.54,197.09,0.0,0.44876126126126137,0.5714285714285714,0.21137530013773692,0.5748149629925985,0.30115967309493813,medium,1.0
42471572,0,0.5829,12,0.16669178201149926,0.5295,279.83,335.14,279.83,0.0,0.41286599099099097,0.6428571428571429,0.24286833315090708,0.5294058811762352,0.4518364182575831,medium,0.9995
42527972,0,0.3534,12,0.30651419138350205,0.5803,273.2,273.2,282.93,0.0,0.08980855855855853,0.6428571428571429,0.4465882958375807,0.5802160432086417,0.44112801628064735,high,1.0
"[1116365560, 4253530, 851813171]",0,0.6314,8,0.25286135049028935,0.5801,288.34,288.34,298.65,0.0,0.48113738738738737,0.35714285714285715,0.3684166008003479,0.5800160032006401,0.4655812901766967,high,1.0
3754847,0,0.6505,6,0.2327213528174782,0.4749,122.92,484.97,122.92,0.0,0.5080236486486486,0.21428571428571427,0.33907280968100867,0.47479495899179835,0.19840423813677036,high,1.0
471131243,0,0.325,8,0.2565245430246971,0.5,198.25,206.52,198.25,0.0,0.04983108108108107,0.35714285714285715,0.37375383858487343,0.4998999799959992,0.3200730044900992,high,1.0
471131243,0,0.583,12,0.19713661190026932,0.2438,214.83,214.83,222.82,0.0,0.41300675675675674,0.6428571428571429,0.287226169901103,0.24364872974594917,0.34685208515036986,medium,0.8941
"[3754851, 1515184580]",0,0.391,10,0.3144862918990477,0.3484,167.43,173.55,167.43,0.0,0.14273648648648649,0.5,0.45820357286546004,0.3482696539307862,0.27029427916141746,high,1.0
"[3754851, 1515184580]",0,0.391,10,0.31448629189904764,0.3484,167.43,173.55,167.43,0.0,0.14273648648648649,0.5,0.45820357286546,0.3482696539307862,0.27029427916141746,high,1.0
43317958,1,0.4871,9,0.14337254394718887,0.5099,143.73,145.81,143.73,0.0072992700729927005,0.27801238738738737,0.42857142857142855,0.20889241806204722,0.5098019603920785,0.2320153761669412,high,0.6395
3754847,0,0.6054,6,0.16350698974698277,0.1361,124.68,389.96,124.68,0.0,0.4445382882882884,0.21428571428571427,0.23822812015353317,0.1359271854370874,0.20124689084859645,high,1.0
4253487,0,0.6505,8,0.19672645941652556,0.4014,49.59,465.45,49.59,0.0,0.5080236486486486,0.35714285714285715,0.2866285815098043,0.40128025605121026,0.07996575895597119,medium,0.9981
3754848,0,0.5722,7,0.25455004220660105,0.3856,176.92,389.88,176.92,0.0,0.3978040540540541,0.2857142857142857,0.37087700907811566,0.3854770954190838,0.28562199179507053,high,1.0
3754849,0,0.4395,6,0.08036630538074266,0.1993,238.49,363.34,238.49,0.0,0.21100788288288289,0.21428571428571427,0.1170929087599696,0.19913982796559312,0.3850663824013955,high,1.0
4253976,0,0.3555,11,0.2767978292230491,0.4985,133.38,133.38,138.62,0.0,0.09276463963963959,0.5714285714285714,0.40329182985833445,0.4983996799359872,0.21529864004910035,high,1.0
"[625676264, 257778375, 1065201830, 1065201831]",0,0.505,13,0.11335648932940426,0.5,5.04,5.04,11.76,0.0,0.3032094594594595,0.7142857142857143,0.16515930293264477,0.4998999799959992,0.008011112187873502,low,1.0
"[1065201832, 1065201833, 257778376]",0,0.5151,14,0.15923968504022237,0.4739,37.0,37.08,37.0,0.0,0.31742680180180183,0.7857142857142857,0.23201069649778,0.47379475895179035,0.05963110120489712,low,1.0
3700585,2,0.7109,8,0.13325811023606077,0.7783,157.09,157.09,165.23,0.014598540145985401,0.5930461711711712,0.35714285714285715,0.19415578129915337,0.778255651130226,0.2535936944794392,medium,1.0
3700585,16,0.4277,10,0.18644166204926974,0.2562,173.18,173.18,181.07,0.11678832116788321,0.19439752252252254,0.5,0.27164372646898644,0.2560512102420484,0.2795813547824402,high,0.9999
3755258,0,0.424,12,0.23281262905261738,0.6228,101.94,101.94,104.87,0.0,0.18918918918918917,0.6428571428571429,0.3392057983149498,0.6227245449089818,0.16451852569693445,medium,1.0
681004573,12,0.7264,7,0.10226118801164491,0.3191,126.46,126.46,132.66,0.08759124087591241,0.6148648648648649,0.2857142857142857,0.14899355110070753,0.31896379275855175,0.2041218464321478,medium,0.9997
4323936,0,0.6346,12,0.15201204255552708,0.0144,234.78,264.17,234.78,0.0,0.485641891891892,0.6428571428571429,0.2214800879643701,0.014202840568113622,0.379074199696353,medium,0.5999
4317512,0,0.5936,11,0.19776307746410815,0.0071,320.98,349.38,320.98,0.0,0.42792792792792794,0.5714285714285714,0.28813892445785066,0.006901380276055212,0.5182995768323805,high,1.0
4317512,0,0.6621,12,0.18471446294698451,0.0144,167.81,197.3,167.81,0.0,0.5243524774774775,0.6428571428571429,0.2691272132845093,0.014202840568113622,0.2709080337241981,medium,0.9986
4323936,0,0.6346,12,0.15201204255552708,0.0144,234.78,264.17,234.78,0.0,0.485641891891892,0.6428571428571429,0.2214800879643701,0.014202840568113622,0.379074199696353,medium,0.5999
4323936,0,0.8323,12,0.06561284053270483,0.0445,234.11,241.27,234.11,0.0,0.7639358108108109,0.6428571428571429,0.09559724635620591,0.04430886177235447,0.3779920534935556,medium,0.9837
30904048,0,0.7772,11,0.11957620514762825,0.0564,366.49,383.39,366.49,0.0,0.6863738738738739,0.5714285714285714,0.174221371596039,0.056211242248449686,0.5918047614432924,high,0.9955
4323936,0,0.6234,12,0.1533931613103912,0.25,210.69,218.03,210.69,0.0,0.46987612612612606,0.6428571428571429,0.22349236527006447,0.24984996999399878,0.3401653907032335,medium,1.0
8117321,0,0.6134,8,0.17745779461225136,0.2579,271.67,279.26,271.67,0.0,0.4557995495495495,0.35714285714285715,0.25855431435492315,0.257751550310062,0.4386568465936622,high,1.0
4323936,0,0.6771,12,0.1667165992528897,0.0031,205.2,212.97,205.2,0.0,0.5454673423423424,0.6428571428571429,0.24290449164304548,0.0029005801160232043,0.3312982524146396,medium,0.9929
4323936,0,0.5828,14,0.17550229095138595,0.2377,135.78,135.78,139.31,0.0,0.4127252252252252,0.7857142857142857,0.25570516353128614,0.23754750950190037,0.2191749846561359,medium,0.9594
51238445,0,0.4794,11,0.2078943728214288,0.3475,105.87,106.79,105.87,0.0,0.26717342342342343,0.5714285714285714,0.3029001284839508,0.34736947389477896,0.1708660399909552,medium,0.9544
51238445,0,0.5653,12,0.21768985990619458,0.5757,168.69,169.75,168.69,0.0,0.3880912162162163,0.6428571428571429,0.3171720629497422,0.5756151230246049,0.2723293600801111,medium,1.0
8117333,0,0.7219,14,0.16334645569090164,0.0201,447.66,506.79,447.66,0.0,0.6085304054054054,0.7857142857142857,0.23799422351234614,0.019903980796159234,0.7229059663404077,high,0.9965
"[8117333, 878794023]",0,0.7514,12,0.06851383087968974,0.1587,379.36,379.36,510.58,0.0,0.6500563063063063,0.6428571428571429,0.09982396257356,0.15853170634126826,0.6125916593985206,medium,0.9977
878794029,0,0.7718,12,0.08239831888002372,0.1587,400.14,482.4,400.14,0.0,0.6787725225225226,0.6428571428571429,0.12005353371352045,0.15853170634126826,0.6461543431211035,medium,0.9787
"[37854353, 622098963]",67,0.7179,7,0.06291667108471738,0.9949,31.13,31.13,39.82,0.48905109489051096,0.6028997747747747,0.2857142857142857,0.09166895230228486,0.9948989797959592,0.05015020835352263,low,1.0
7744564,0,0.6987,14,0.07416552547660002,0.2996,186.53,196.73,186.53,0.0,0.5758727477477478,0.7857142857142857,0.10805842954899161,0.2994598919783957,0.3011435216590755,low,1.0
36776003,0,0.4909,9,0.2481768780050532,0.4959,126.03,139.18,126.03,0.0,0.2833614864864865,0.42857142857142855,0.36159136753348253,0.49579915983196643,0.20342733469005395,high,0.9999
"[584351058, 824211199]",0,0.6651,9,0.23075781719347332,0.3721,207.41,213.25,207.41,0.0,0.5285754504504505,0.42857142857142855,0.33621195636105206,0.3719743948789758,0.3348677197402849,high,0.9998
43573215,0,0.8235,6,0.05813134221853361,0.4999,43.06,43.55,43.06,0.0,0.7515484234234235,0.21428571428571427,0.08469677221726896,0.49979995999199844,0.06941887133766192,medium,0.9794
8347028,0,0.6205,6,0.216928876646434,0.2283,88.75,88.75,95.57,0.0,0.465793918918919,0.21428571428571427,0.3160633173489483,0.22814562912582514,0.1432147817941015,high,1.0
35468458,0,0.4992,6,0.22304026483196293,0.6225,114.83,114.83,124.03,0.0,0.29504504504504503,0.21428571428571427,0.3249675536492064,0.6224244848969794,0.18533772652388797,high,1.0
825529976,0,0.5343,6,0.1719939745472004,0.3,110.41,110.41,111.5,0.0,0.34445382882882886,0.21428571428571427,0.25059357884208083,0.2998599719943989,0.17819879187259746,high,1.0
648549848,0,0.8396,7,0.05272611031090117,0.6233,159.18,159.18,160.15,0.0,0.7742117117117119,0.2857142857142857,0.07682139911018683,0.6232246449289858,0.2569693445747327,medium,0.9929
8347028,0,0.5795,6,0.2262465021784818,0.333,169.78,169.78,169.79,0.0,0.40807995495495497,0.21428571428571427,0.329639011933548,0.33286657331466296,0.27408986658913975,high,1.0
43573215,0,0.5393,6,0.10089652732290137,0.4659,71.47,72.69,71.47,0.0,0.35149211711711714,0.21428571428571427,0.14700525304577164,0.4657931586317263,0.11530510062344543,high,0.9917
50836161,0,0.7136,12,0.08906203516550858,0.2155,114.45,552.1,114.45,0.0,0.5968468468468469,0.6428571428571429,0.12976250696845693,0.21534306861372274,0.18472397196110735,low,0.9978
50836161,0,0.8251,12,0.02131254270217687,0.2917,210.81,534.77,210.81,0.0,0.7538006756756755,0.6428571428571429,0.031052120424119325,0.2915583116623325,0.34035920793358526,low,1.0
225677995,0,0.7776,9,0.09281919442285928,0.3174,162.08,490.53,162.08,0.0,0.6869369369369369,0.42857142857142855,0.13523665340287416,0.31726345269053813,0.26165326097490066,medium,1.0
1298327176,0,0.8999,11,0.037703204236486536,0.5,165.0,165.0,167.38,0.0,0.8590934684684687,0.5714285714285714,0.05493316332115343,0.4998999799959992,0.2663694802467939,low,1.0
1298327177,0,0.8355,11,0.019552511547413186,0.5,185.73,185.73,188.08,0.0,0.7684403153153154,0.5714285714285714,0.02848777124156522,0.4998999799959992,0.2998514067900636,low,1.0
4247625,0,0.7637,12,0.11775563876593641,0.5,134.59,354.14,134.59,0.0,0.6673704954954957,0.6428571428571429,0.17156882314538172,0.4998999799959992,0.21725296378848077,low,1.0
4247625,0,0.6841,12,0.14957832446871222,0.5,106.23,108.48,106.23,0.0,0.555320945945946,0.6428571428571429,0.2179341831264931,0.4998999799959992,0.17144749168201054,low,0.9999
23006835,0,0.5956,12,0.16447315747822275,0.5,182.11,193.61,182.11,0.0,0.43074324324324326,0.6428571428571429,0.23963581763951775,0.4998999799959992,0.294004587007785,medium,1.0
4247625,0,0.7637,12,0.11775563876593634,0.5,134.59,354.14,134.59,0.0,0.6673704954954957,0.6428571428571429,0.17156882314538163,0.4998999799959992,0.21725296378848077,low,1.0
50836161,0,0.9851,10,0.08906203516550858,0.5,8.51,488.77,8.51,0.0,0.979025900900901,0.5,0.12976250696845693,0.4998999799959992,0.013615660432212424,low,1.0
50836161,0,0.7136,12,0.08906203516550859,0.2155,114.45,552.1,114.45,0.0,0.5968468468468469,0.6428571428571429,0.12976250696845695,0.21534306861372274,0.18472397196110735,low,0.9978
4247631,0,0.7477,12,0.06314074644777656,0.1201,255.67,263.17,255.67,0.0,0.644847972972973,0.6428571428571429,0.09199542804252168,0.11992398479695938,0.41281454921342503,medium,1.0
4247631,0,0.7198,12,0.08867729854328418,0.3205,58.55,62.2,58.55,0.0,0.6055743243243243,0.6428571428571429,0.12920194925331113,0.3203640728145629,0.09443744548890397,low,1.0
"[4247636, 4247638]",0,0.648,12,0.13746234087308065,0.5,176.12,177.18,176.12,0.0,0.5045045045045046,0.6428571428571429,0.20028130661620858,0.4998999799959992,0.2843298769260587,medium,0.9022
30901819,2,0.6613,10,0.06173295522277459,0.4996,78.58,78.58,79.1,0.014598540145985401,0.5232263513513514,0.5,0.08994428919349069,0.499499899979996,0.1267887715217883,low,0.9995
"[1128345667, 1128122346, 1128122347, 388339788, 388339789, 30901819]",46,0.6157,10,0.06448366057930356,0.4651,7.17,7.17,12.69,0.3357664233576642,0.4590371621621622,0.5,0.09395204156387948,0.46499299859972,0.011451368026617566,low,1.0
22617681,0,0.6401,10,0.07864150336721336,0.282,297.9,309.01,297.9,0.0,0.49338400900900903,0.5,0.11457988811173261,0.28185637127425484,0.4810220628613884,high,0.8903
4247666,0,0.6347,12,0.08287658001519091,0.4431,155.78,159.26,155.78,0.0,0.4857826576576577,0.6428571428571429,0.12075035578266051,0.4429885977195439,0.2514778563814323,low,0.9781
22617681,0,0.6443,10,0.08075754998295862,0.289,238.87,340.4,238.87,0.0,0.49929617117117114,0.5,0.11766294854202443,0.28885777155431086,0.38568013696417613,medium,0.9921
562087583,0,0.7702,12,0.04947886934019979,0.5,102.21,103.18,102.21,0.0,0.6765202702702703,0.6428571428571429,0.07209019892305586,0.4998999799959992,0.16495461446522597,low,1.0
4247666,0,0.6347,12,0.08287658001519094,0.4431,155.78,159.26,155.78,0.0,0.4857826576576577,0.6428571428571429,0.12075035578266055,0.4429885977195439,0.2514778563814323,low,0.9781
"[1064395420, 22617685, 562087583]",0,0.7081,12,0.0465188174723855,0.411,0.52,0.52,11.87,0.0,0.5891047297297297,0.6428571428571429,0.06777743061381164,0.41088217643528707,0.0007106631779565203,low,1.0
22617681,0,0.6443,10,0.0807575499829586,0.289,238.87,340.4,238.87,0.0,0.49929617117117114,0.5,0.11766294854202441,0.28885777155431086,0.38568013696417613,medium,0.9921
22617681,0,0.9006,8,0.0071186266981117866,0.4333,46.63,443.81,46.63,0.0,0.8600788288288289,0.35714285714285715,0.010371715532563287,0.43318663732746554,0.07518493394062734,low,1.0
22617681,0,0.9674,8,0.002084555147301687,0.5,126.44,465.43,126.44,0.0,0.9541103603603605,0.35714285714285715,0.0030371196469739575,0.4998999799959992,0.20408954356042253,low,1.0
50836161,0,0.9851,10,0.08906203516550858,0.5,8.51,488.77,8.51,0.0,0.979025900900901,0.5,0.12976250696845693,0.4998999799959992,0.013615660432212424,low,1.0
50836161,0,0.712,10,0.06455815628724039,0.4267,102.45,473.0,102.45,0.0,0.5945945945945946,0.5,0.09406058112423588,0.42658531706341274,0.16534224892592952,low,0.9885
50836156,0,0.7363,8,0.0669713972941013,0.3936,55.16,458.44,55.16,0.0,0.6288006756756757,0.35714285714285715,0.09757665104521447,0.39347869573914784,0.08896210873146623,medium,0.9766
7742913,0,0.7062,12,0.12211379906212584,0.5,182.93,182.93,191.43,0.0,0.5864301801801802,0.6428571428571429,0.17791862255815047,0.4998999799959992,0.29532900474852214,low,0.9808
8362783,0,0.7674,8,0.04598244507713975,0.5,119.23,119.23,126.74,0.0,0.6725788288288288,0.35714285714285715,0.06699594097394347,0.4998999799959992,0.1924443583034532,medium,0.9346
8362783,0,0.7608,8,0.046015534152740394,0.5,211.72,211.72,218.77,0.0,0.6632882882882883,0.35714285714285715,0.0670441514523423,0.4998999799959992,0.34182898859708627,medium,1.0
8362783,0,0.7608,8,0.046015534152740394,0.5,211.72,211.72,218.77,0.0,0.6632882882882883,0.35714285714285715,0.0670441514523423,0.4998999799959992,0.34182898859708627,medium,1.0
586457933,0,0.8823,12,0.008827417981481471,0.5,141.77,141.77,174.49,0.0,0.8343186936936938,0.6428571428571429,0.012861408694416996,0.4998999799959992,0.2288496947378622,low,1.0
7742913,0,0.7039,12,0.1362825011608686,0.5,135.49,135.49,158.73,0.0,0.5831925675675675,0.6428571428571429,0.19856229102187264,0.4998999799959992,0.21870659301611914,low,0.9998
586457933,0,0.7798,12,0.08114165508503444,0.5,84.31,84.31,117.15,0.0,0.6900337837837839,0.6428571428571429,0.11822258613813008,0.4998999799959992,0.1360435442710857,low,1.0
7742910,0,0.6441,12,0.14202175921701693,0.2282,115.96,123.25,115.96,0.0,0.49901463963963966,0.6428571428571429,0.20692433715095218,0.22804560912182434,0.18716283877636722,medium,0.9983
236957433,0,0.6662,14,0.058224843632679504,0.0006,8.34,8.34,9.52,0.0,0.5301238738738739,0.7857142857142857,0.08483300291652886,0.0004000800160032006,0.013341086022547405,low,1.0
236957433,0,0.643,12,0.06240984411524618,0.2218,9.32,9.32,16.7,0.0,0.4974662162162163,0.6428571428571429,0.09093051007565602,0.22164432886577315,0.014923926737086929,low,1.0
"[4798899, 34022687]",0,0.6903,14,0.0836709395576827,0.3655,132.55,132.55,144.02,0.0,0.5640484234234235,0.7857142857142857,0.12190773031999726,0.36537307461492297,0.21395807087250057,low,1.0
236957433,0,0.6691,14,0.037920647492321546,0.5,118.5,165.62,118.5,0.0,0.5342060810810811,0.7857142857142857,0.05524997614224652,0.4998999799959992,0.19126530348547988,low,1.0
236957433,0,0.6662,14,0.058224843632679504,0.0006,8.34,8.34,9.52,0.0,0.5301238738738739,0.7857142857142857,0.08483300291652886,0.0004000800160032006,0.013341086022547405,low,1.0
891932104,0,0.735,16,0.0726776583969502,0.2427,107.71,107.71,113.01,0.0,0.6269707207207207,0.9285714285714286,0.1058906209172396,0.24254850970194036,0.17383790418968245,low,1.0
"[34022688, 7742905]",0,0.6921,12,0.09773707279291176,0.4008,155.65,155.65,170.04,0.0,0.5665822072072073,0.6428571428571429,0.14240195689424212,0.4006801360272054,0.25126788771521785,low,0.9949
8385193,0,0.6018,12,0.10116285388339177,0.5,269.97,269.97,274.97,0.0,0.43947072072072074,0.6428571428571429,0.147393288391531,0.4998999799959992,0.43591110249701204,medium,1.0
17943462,3,0.5988,12,0.12758307921310658,0.5,335.42,337.13,335.42,0.021897810218978103,0.43524774774774777,0.6428571428571429,0.18588731336590492,0.4998999799959992,0.5416222502180444,medium,0.9987
"[4798899, 34022687]",0,0.6903,14,0.08367093955768266,0.3655,132.55,132.55,144.02,0.0,0.5640484234234235,0.7857142857142857,0.1219077303199972,0.36537307461492297,0.21395807087250057,low,1.0
7742910,0,0.8247,12,0.05507468590250285,0.5,186.23,194.61,186.23,0.0,0.7532376126126126,0.6428571428571429,0.08024325211670304,0.4998999799959992,0.300658978583196,low,1.0
7742910,0,0.6441,12,0.14202175921701687,0.2282,115.96,123.25,115.96,0.0,0.49901463963963966,0.6428571428571429,0.2069243371509521,0.22804560912182434,0.18716283877636722,medium,0.9983
"[8362787, 7742910]",0,0.7553,12,0.08978744654616315,0.4753,404.45,404.45,409.82,0.0,0.6555461711711712,0.6428571428571429,0.13081942466901136,0.4751950390078016,0.6531156119779049,medium,1.0
7742910,0,0.8247,12,0.055074685902502855,0.5,186.23,194.61,186.23,0.0,0.7532376126126126,0.6428571428571429,0.08024325211670304,0.4998999799959992,0.300658978583196,low,1.0
8385193,0,0.6018,12,0.10116285388339177,0.5,269.97,269.97,274.97,0.0,0.43947072072072074,0.6428571428571429,0.147393288391531,0.4998999799959992,0.43591110249701204,medium,1.0
34116602,0,0.7827,8,0.04252561619939864,0.4796,330.23,341.48,330.23,0.0,0.694115990990991,0.35714285714285715,0.06195937313656615,0.479495899179836,0.53323965500533,medium,0.9366
"[8362787, 17943463]",0,0.6449,12,0.12328518340241819,0.3782,419.94,422.71,419.94,0.0,0.5001407657657658,0.6428571428571429,0.1796253187534736,0.3780756151230246,0.6781341861291469,high,0.9862
"[8362787, 7742910]",0,0.7553,12,0.08978744654616315,0.4753,404.45,404.45,409.82,0.0,0.6555461711711712,0.6428571428571429,0.13081942466901136,0.4751950390078016,0.6531156119779049,medium,1.0
8385202,6,0.6477,14,0.10483481610129501,0.5,464.73,473.45,464.73,0.043795620437956206,0.5040822072072073,0.7857142857142857,0.15274330352414042,0.4998999799959992,0.7504764673579482,medium,1.0
534033248,3,0.4755,9,0.231611374164754,0.4326,64.14,71.52,64.14,0.021897810218978103,0.2616835585585585,0.42857142857142855,0.33745558100692424,0.43248649729945987,0.10346609813612431,high,0.9644
4253406,1,0.4063,10,0.31928789427819176,0.4377,178.67,184.92,178.67,0.0072992700729927005,0.16427364864864863,0.5,0.4651994633089796,0.43758751750350067,0.288448493071034,high,1.0
4253449,0,0.6408,12,0.13446822298734462,0.4381,149.1,149.1,152.25,0.0,0.4943693693693694,0.6428571428571429,0.19591890443260138,0.4379875975195039,0.2406886972251833,medium,0.8006
4253406,1,0.4063,10,0.31928789427819165,0.4377,178.67,184.92,178.67,0.0072992700729927005,0.16427364864864863,0.5,0.46519946330897943,0.43758751750350067,0.288448493071034,high,1.0
4253449,0,0.6549,11,0.11798450195881915,0.5,172.52,172.52,178.17,0.0,0.5142173423423424,0.5714285714285714,0.17190227470957542,0.4998999799959992,0.27851536001550536,medium,0.9981
1318554051,0,0.7135,8,0.10409630570095059,0.4026,64.11,405.79,64.11,0.0,0.5967060810810811,0.35714285714285715,0.15166730067254022,0.4024804960992199,0.10341764382853635,medium,1.0
4253385,0,0.4158,10,0.22012192512318643,0.5,116.0,386.87,116.0,0.0,0.1776463963963964,0.5,0.32071555957151004,0.4998999799959992,0.18722744451981782,high,0.9928
28400717,3,0.5332,11,0.18927748444881115,0.3475,113.41,440.95,113.41,0.021897810218978103,0.34290540540540543,0.5714285714285714,0.27577549358711395,0.34736947389477896,0.18304422263139195,medium,0.9999
4253394,14,0.4391,6,0.20182117437905447,0.5824,257.48,517.74,257.48,0.10218978102189781,0.2104448198198198,0.21428571428571427,0.2940515342877404,0.5823164632926585,0.41573795910456446,high,1.0
28400717,3,0.5332,11,0.1892774844488112,0.3475,113.41,440.95,113.41,0.021897810218978103,0.34290540540540543,0.5714285714285714,0.27577549358711406,0.34736947389477896,0.18304422263139195,medium,0.9999
1133350427,3,0.5311,10,0.20217913334032442,0.7638,199.77,419.23,199.77,0.021897810218978103,0.33994932432432434,0.5,0.2945730771974986,0.76375275055011,0.3225280227412217,medium,0.9975
4253416,0,0.3768,12,0.30871454213484883,0.5,101.79,101.79,109.5,0.0,0.12274774774774776,0.6428571428571429,0.44979418661700044,0.4998999799959992,0.16427625415899474,high,0.9408
4253416,0,0.5889,12,0.20165933799752583,0.5356,93.09,93.09,104.27,0.0,0.4213119369369369,0.6428571428571429,0.2938157401703708,0.535507101420284,0.15022450495849082,medium,0.9286
4253423,0,0.5158,12,0.26942642343338447,0.5,52.71,52.71,60.18,0.0,0.3184121621621622,0.6428571428571429,0.39255175951364835,0.4998999799959992,0.08500500694511742,medium,1.0
4253416,0,0.5889,12,0.20165933799752583,0.5356,93.09,93.09,104.27,0.0,0.4213119369369369,0.6428571428571429,0.2938157401703708,0.535507101420284,0.15022450495849082,medium,0.9286
4253416,0,0.6075,8,0.14501666869712135,0.6746,99.74,99.74,108.6,0.0,0.4474943693693694,0.35714285714285715,0.21128789268026352,0.6745349069813963,0.16096520980715184,medium,1.0
4253419,0,0.4968,11,0.22981737542263062,0.5,75.43,75.43,87.91,0.0,0.2916666666666667,0.5714285714285714,0.3348417413624295,0.4998999799959992,0.12170106922505412,medium,1.0
4253449,0,0.6408,12,0.13446822298734462,0.4381,149.1,149.1,152.25,0.0,0.4943693693693694,0.6428571428571429,0.19591890443260138,0.4379875975195039,0.2406886972251833,medium,0.8006
4253416,0,0.5826,12,0.2083791044909646,0.5,126.48,126.48,130.4,0.0,0.4124436936936937,0.6428571428571429,0.30360637806207214,0.4998999799959992,0.20415414930387313,medium,1.0
4253449,0,0.4754,12,0.1870668659072731,0.4291,123.19,124.63,123.19,0.0,0.2615427927927928,0.6428571428571429,0.2725546427319521,0.42898579715943186,0.19884032690506187,medium,1.0
4253416,0,0.3768,12,0.30871454213484883,0.5,101.79,101.79,109.5,0.0,0.12274774774774776,0.6428571428571429,0.44979418661700044,0.4998999799959992,0.16427625415899474,high,0.9408
4253416,0,0.5826,12,0.20837910449096458,0.5,126.48,126.48,130.4,0.0,0.4124436936936937,0.6428571428571429,0.3036063780620721,0.4998999799959992,0.20415414930387313,medium,1.0
"[4253424, 1515820559]",0,0.5117,12,0.29020453263059864,0.5,81.24,81.24,83.15,0.0,0.3126407657657658,0.6428571428571429,0.4228252732470176,0.4998999799959992,0.1310850534612527,medium,1.0
166594100,0,0.5588,12,0.15655890314689966,0.5,43.89,48.98,43.89,0.0,0.3789414414414414,0.6428571428571429,0.22810482196928566,0.4998999799959992,0.07075944051426172,low,0.9965
"[4253424, 1515820559]",0,0.5117,12,0.29020453263059864,0.5,81.24,81.24,83.15,0.0,0.3126407657657658,0.6428571428571429,0.4228252732470176,0.4998999799959992,0.1310850534612527,medium,1.0
"[596678291, 166594102]",0,0.5437,12,0.13455843285784883,0.5,88.66,94.5,88.66,0.0,0.35768581081081074,0.6428571428571429,0.19605033938309055,0.4998999799959992,0.14306941887133767,low,0.7094
4253419,0,0.6474,11,0.1603731018555813,0.2486,22.85,22.85,35.18,0.0,0.5036599099099099,0.5714285714285714,0.23366207435895708,0.24844968993798758,0.03677681945924993,medium,0.9055
166594099,0,0.5264,12,0.19305612345226486,0.4662,16.75,16.75,18.64,0.0,0.3333333333333333,0.6428571428571429,0.2812809358137742,0.46609321864372877,0.026924443583034537,low,0.6258
"[166594097, 612050466]",0,0.5658,12,0.14292042813087558,0.5251,5.42,5.42,11.11,0.0,0.38879504504504503,0.6428571428571429,0.20823368948167817,0.5250050010002001,0.008624866750654133,low,1.0
4252521,0,0.4692,10,0.2599308795928433,0.5219,57.91,61.09,57.91,0.0,0.2528153153153153,0.5,0.3787168395922065,0.5218043608721745,0.09340375359369447,medium,0.8988
166594099,0,0.5264,12,0.1930561234522649,0.4662,16.75,16.75,18.64,0.0,0.3333333333333333,0.6428571428571429,0.2812809358137742,0.46609321864372877,0.026924443583034537,low,0.6258
"[257776031, 1068362577, 1068362578, 166594103]",0,0.6168,14,0.12506094231229783,0.5,88.34,93.42,88.34,0.0,0.4605855855855856,0.7857142857142857,0.18221258313037858,0.4998999799959992,0.14255257292373294,low,1.0
4253419,0,0.4592,10,0.23206062978529954,0.4988,44.32,44.32,57.17,0.0,0.23873873873873871,0.5,0.33811014230840214,0.4986997399479896,0.07145395225635559,medium,0.9933
4253419,0,0.6474,11,0.1603731018555813,0.2486,22.85,22.85,35.18,0.0,0.5036599099099099,0.5714285714285714,0.23366207435895708,0.24844968993798758,0.03677681945924993,medium,0.9055
4253225,0,0.4862,9,0.31138626379905626,0.6987,53.0,60.57,53.0,0.0,0.27674549549549554,0.42857142857142855,0.4536868604751188,0.6986397279455892,0.08547339858513422,high,0.7962
560891304,0,0.5216,10,0.26521474736007933,0.4433,39.16,46.55,39.16,0.0,0.3265765765765765,0.5,0.38641538626449823,0.4431886377275456,0.06311981135122913,medium,0.9925
835256184,0,0.5829,8,0.19384201307302912,0.5844,42.45,52.1,42.45,0.0,0.41286599099099097,0.35714285714285715,0.28242596975316214,0.5843168633726745,0.06843363375004038,medium,0.9998
835256184,0,0.5829,8,0.19384201307302912,0.5844,42.45,52.1,42.45,0.0,0.41286599099099097,0.35714285714285715,0.28242596975316214,0.5843168633726745,0.06843363375004038,medium,0.9998
4253419,0,0.4592,10,0.23206062978529954,0.4988,44.32,44.32,57.17,0.0,0.23873873873873871,0.5,0.33811014230840214,0.4986997399479896,0.07145395225635559,medium,0.9933
4253228,0,0.4993,8,0.3012809275417054,0.4434,55.58,64.96,55.58,0.0,0.29518581081081086,0.35714285714285715,0.43896347861859053,0.44328865773154635,0.08964046903769746,high,1.0
4253419,0,0.4968,11,0.22981737542263062,0.5,75.43,75.43,87.91,0.0,0.2916666666666667,0.5714285714285714,0.3348417413624295,0.4998999799959992,0.12170106922505412,medium,1.0
4252521,0,0.4692,10,0.2599308795928432,0.5219,57.91,61.09,57.91,0.0,0.2528153153153153,0.5,0.3787168395922064,0.5218043608721745,0.09340375359369447,medium,0.8988
4253225,0,0.4862,9,0.3113862637990562,0.6987,53.0,60.57,53.0,0.0,0.27674549549549554,0.42857142857142855,0.4536868604751187,0.6986397279455892,0.08547339858513422,high,0.7962
4253416,0,0.6075,8,0.14501666869712135,0.6746,99.74,99.74,108.6,0.0,0.4474943693693694,0.35714285714285715,0.21128789268026352,0.6745349069813963,0.16096520980715184,medium,1.0
4253680,0,0.5328,8,0.18014131038080472,0.4069,158.57,297.0,158.57,0.0,0.3423423423423424,0.35714285714285715,0.2624641721144495,0.4067813562712542,0.2559841069871111,high,1.0
809008496,0,0.5322,8,0.13917071850815968,0.5,187.09,323.34,187.09,0.0,0.34149774774774777,0.35714285714285715,0.20277039709631253,0.4998999799959992,0.3020480020673838,high,0.9998
4253385,0,0.4158,10,0.22012192512318637,0.5,116.0,386.87,116.0,0.0,0.1776463963963964,0.5,0.32071555957151,0.4998999799959992,0.18722744451981782,high,0.9928
809008496,0,0.5322,8,0.13917071850815965,0.5,187.09,323.34,187.09,0.0,0.34149774774774777,0.35714285714285715,0.20277039709631248,0.4998999799959992,0.3020480020673838,high,0.9998
4252418,0,0.9928,10,0.07036737727405773,0.5,284.34,286.31,284.34,0.0,0.989864864864865,0.5,0.10252456259893958,0.4998999799959992,0.45912071583163744,low,0.9989
4252418,0,0.6949,10,0.047242203549203006,0.1462,172.25,172.49,172.25,0.0,0.5705236486486486,0.5,0.06883139746532857,0.1460292058411682,0.2780792712472139,medium,1.0
7742915,0,0.8447,12,0.022158948263191595,0.3077,248.53,251.71,248.53,0.0,0.7813907657657657,0.6428571428571429,0.03228532553109869,0.3075615123024605,0.40128242400749425,low,1.0
4252418,0,0.9177,10,0.019510960441971075,0.0554,140.85,141.82,140.85,0.0,0.8841497747747747,0.5,0.02842723166362292,0.05521104220844169,0.22736376263849853,low,0.9994
4252418,0,0.7175,8,0.06885434787284335,0.0554,132.54,134.22,132.54,0.0,0.6023367117117118,0.35714285714285715,0.10032009269641369,0.05521104220844169,0.2139419194366379,medium,0.9509
1242977853,0,0.5478,9,0.05425146180790228,0.5635,99.05,99.05,102.61,0.0,0.36345720720720714,0.42857142857142855,0.07904382219278713,0.5634126825365073,0.15985076073262913,medium,1.0
246647169,0,0.6495,9,0.04427784980982922,0.4709,10.91,10.91,22.52,0.0,0.506615990990991,0.42857142857142855,0.06451236136884253,0.47079415883176634,0.017492005039247988,low,0.9998
246647169,0,0.6495,9,0.044277849809829205,0.4709,10.91,10.91,22.52,0.0,0.506615990990991,0.42857142857142855,0.0645123613688425,0.47079415883176634,0.017492005039247988,low,0.9998
246647169,0,0.5167,9,0.06967741921222859,0.5215,36.06,36.06,96.65,0.0,0.3196790540540541,0.42857142857142855,0.10151930005738773,0.5214042808561712,0.058112866233808194,medium,0.9997
1242977853,0,0.5478,9,0.05425146180790228,0.5635,99.05,99.05,102.61,0.0,0.36345720720720714,0.42857142857142855,0.07904382219278713,0.5634126825365073,0.15985076073262913,medium,1.0
1242977853,0,0.6521,8,0.049837294087776235,0.6738,107.03,107.03,170.15,0.0,0.5102759009009009,0.35714285714285715,0.07261242047917271,0.6737347469493898,0.17273960655102238,medium,0.9875
"[1065201842, 38770925]",0,0.7177,10,0.08373242965175053,0.526,9.98,9.98,128.91,0.0,0.6026182432432433,0.5,0.12199732082072857,0.5259051810362073,0.015989921504021707,low,1.0
38770925,0,0.5111,9,0.08420987746114283,0.5,56.56,56.56,173.94,0.0,0.31179617117117114,0.42857142857142855,0.12269295788170538,0.4998999799959992,0.09122330975223698,medium,1.0
4352113,0,0.6282,7,0.2444425483676773,0.3658,166.9,310.76,166.9,0.0,0.47663288288288286,0.2857142857142857,0.3561504836451071,0.3656731346269254,0.2694382530606971,high,1.0
4352113,0,0.5889,9,0.19324307087903536,0.3491,72.48,227.54,72.48,0.0,0.4213119369369369,0.42857142857142855,0.28155331649278775,0.3489697939587918,0.1169363956455729,medium,0.9809
38752553,0,0.6975,10,0.10492254715900605,0.1524,13.77,157.88,13.77,0.0,0.5741835585585586,0.5,0.1528711268672199,0.15223044608921785,0.02211131569596537,medium,0.7819
1460562803,0,0.664,11,0.04586757814476122,0.4745,115.42,205.39,115.42,0.0,0.5270270270270271,0.5714285714285714,0.06682858091139565,0.47439487897579513,0.18629066123978422,low,1.0
"[444894368, 1359426138]",0,0.8371,14,0.04080183585855897,0.0094,224.25,234.71,224.25,0.0,0.7706925675675674,0.7857142857142857,0.059447841056028315,0.009201840368073614,0.3620667377329844,low,1.0
"[675565971, 675565972]",0,0.824,11,0.08019269522058708,0.0571,227.59,237.18,227.59,0.0,0.7522522522522523,0.5714285714285714,0.11683996035557741,0.056911382276455286,0.3674613173111089,medium,1.0
1423637105,0,0.7389,8,0.11721478935849472,0.0315,168.33,168.33,178.53,0.0,0.6324605855855856,0.35714285714285715,0.17078081053997748,0.03130626125225045,0.27174790838905577,high,0.9942
4253797,0,0.733,16,0.11818616314095151,0.2266,274.64,367.42,274.64,0.0,0.6241554054054054,0.9285714285714286,0.17219609319463708,0.22644528905781156,0.4434538230448687,low,1.0
4390224,0,0.8068,14,0.06250340397910685,0.4641,264.51,344.8,264.51,0.0,0.7280405405405405,0.7857142857142857,0.09106682593561202,0.463992798559712,0.4270924185160061,low,1.0
"[957225489, 4253811]",0,0.755,10,0.10128219748345701,0.2587,220.71,225.87,220.71,0.0,0.6551238738738739,0.5,0.14756717091766816,0.2585517103420684,0.356349129437607,medium,1.0
"[444894368, 1359426138]",0,0.8371,14,0.04080183585855896,0.0094,224.25,234.71,224.25,0.0,0.7706925675675674,0.7857142857142857,0.05944784105602831,0.009201840368073614,0.3620667377329844,low,1.0
"[675565971, 675565972]",0,0.824,11,0.08019269522058708,0.0571,227.59,237.18,227.59,0.0,0.7522522522522523,0.5714285714285714,0.11683996035557741,0.056911382276455286,0.3674613173111089,medium,1.0
"[4390224, 675565971]",0,0.7495,11,0.06720493089367278,0.4573,217.14,300.46,217.14,0.0,0.6473817567567569,0.5714285714285714,0.09791690734893908,0.4571914382876575,0.3505830668346416,low,0.6345
4390228,0,0.6406,11,0.1412157283451833,0.4214,146.27,176.71,146.27,0.0,0.4940878378378378,0.5714285714285714,0.20574995759425765,0.4212842568513703,0.2361178408760539,medium,1.0
18942157,0,0.8862,12,0.08292737626970291,0.0199,74.64,159.68,74.64,0.0,0.8398085585585586,0.6428571428571429,0.12082436545764956,0.019703940788157633,0.12042510579190491,low,1.0
"[562623113, 1420329867]",0,0.8465,8,0.09822148353213012,0.4051,105.5,114.95,105.5,0.0,0.7839245495495496,0.35714285714285715,0.14310773887984668,0.4049809961992399,0.17026843686403723,medium,0.9862
4253798,0,0.7632,12,0.0892344544909491,0.4596,180.46,333.77,180.46,0.0,0.6666666666666667,0.6428571428571429,0.13001372033763695,0.45949189837967597,0.291339600090448,low,1.0
"[4390224, 675565971]",0,0.7495,11,0.0672049308936728,0.4573,217.14,300.46,217.14,0.0,0.6473817567567569,0.5714285714285714,0.0979169073489391,0.4571914382876575,0.3505830668346416,low,0.6345
4390224,0,0.8068,14,0.06250340397910685,0.4641,264.51,344.8,264.51,0.0,0.7280405405405405,0.7857142857142857,0.09106682593561202,0.463992798559712,0.4270924185160061,low,1.0
4253798,0,0.7632,12,0.0892344544909491,0.4596,180.46,333.77,180.46,0.0,0.6666666666666667,0.6428571428571429,0.13001372033763695,0.45949189837967597,0.291339600090448,low,1.0
534027366,0,0.7413,14,0.11886142201239987,0.3156,207.64,415.55,207.64,0.0,0.635838963963964,0.7857142857142857,0.1731799391511841,0.31546309261852373,0.3352392027651258,low,1.0
"[1051388677, 534027366, 1065218279]",0,0.8016,12,0.08700296718062953,0.5,121.91,324.72,121.91,0.0,0.7207207207207208,0.6428571428571429,0.12676246387856238,0.4998999799959992,0.19677294311464288,low,1.0
4253797,0,0.733,16,0.11818616314095155,0.2266,274.64,367.42,274.64,0.0,0.6241554054054054,0.9285714285714286,0.17219609319463716,0.22644528905781156,0.4434538230448687,low,1.0
534027366,0,0.7413,14,0.11886142201239985,0.3156,207.64,415.55,207.64,0.0,0.635838963963964,0.7857142857142857,0.17317993915118407,0.31546309261852373,0.3352392027651258,low,1.0
"[571500819, 425548222, 571500822]",0,0.6944,14,0.1484282734787111,0.404,286.59,412.02,286.59,0.0,0.5698198198198199,0.7857142857142857,0.21625856942606353,0.4038807761552311,0.4627547889007333,medium,0.9726
"[1051388672, 1051388676, 303994869, 920596373]",0,0.657,13,0.11763069397538421,0.2291,221.01,324.39,221.01,0.0,0.5171734234234235,0.7142857142857143,0.1713867797362922,0.22894578915783156,0.3568336725134864,medium,0.9999
4340908,0,0.5199,12,0.16280182991974038,0.3607,77.03,500.27,77.03,0.0,0.3241835585585586,0.6428571428571429,0.2372007087797829,0.3605721144228846,0.12428529896307783,medium,0.9999
"[726583329, 4340909]",0,0.6014,12,0.12731412977384518,0.3227,145.63,594.18,145.63,0.0,0.4389076576576577,0.6428571428571429,0.185495456509933,0.32256451290258054,0.23508414898084437,medium,0.9998
726583329,0,0.569,8,0.03672479360622507,0.5,138.0,547.16,138.0,0.0,0.3932995495495495,0.35714285714285715,0.05350762804405198,0.4998999799959992,0.2227606034176438,medium,0.9999
4340908,0,0.5199,12,0.16280182991974038,0.3607,77.03,500.27,77.03,0.0,0.3241835585585586,0.6428571428571429,0.2372007087797829,0.3605721144228846,0.12428529896307783,medium,0.9999
201756812,0,0.6285,14,0.037205465572119435,0.5,20.73,402.43,20.73,0.0,0.4770551801801801,0.7857142857142857,0.054207962671357704,0.4998999799959992,0.03335271505636851,low,1.0
201756812,0,0.6722,12,0.06368351991924609,0.3168,57.95,519.08,57.95,0.0,0.5385698198198199,0.6428571428571429,0.0927862439914938,0.31666333266653335,0.09346835933714508,low,1.0
4340909,0,0.5345,12,0.14536550139500584,0.5,36.79,592.38,36.79,0.0,0.34473536036036034,0.6428571428571429,0.21179613870832226,0.4998999799959992,0.05929192105178151,low,0.9972
201756812,0,0.6722,12,0.0636835199192461,0.3168,57.95,519.08,57.95,0.0,0.5385698198198199,0.6428571428571429,0.09278624399149382,0.31666333266653335,0.09346835933714508,low,1.0
201756812,0,0.6804,14,0.07423655584795123,0.4372,63.31,626.64,63.31,0.0,0.5501126126126127,0.7857142857142857,0.1081619201458586,0.43708741748349667,0.10212552895952451,low,1.0
4340911,0,0.6781,6,0.11387103460009372,0.0989,175.62,603.26,175.62,0.0,0.5468750000000001,0.21428571428571427,0.1659089906530629,0.09871974394878975,0.2835223051329263,high,1.0
726583327,0,0.7377,11,0.14265618020355383,0.2048,186.59,544.97,186.59,0.0,0.6307713963963965,0.5714285714285714,0.20784868268530127,0.20464092818563712,0.30124043027425135,medium,1.0
726583327,0,0.7571,7,0.039561902429571645,0.0153,195.91,579.83,195.91,0.0,0.658079954954955,0.2857142857142857,0.05764126946981565,0.015103020604120823,0.3162935684982395,high,0.997
4340906,0,0.7995,8,0.008802930198879993,0.5,154.6,497.56,154.6,0.0,0.7177646396396398,0.35714285714285715,0.012825730220699811,0.4998999799959992,0.2495719869496398,medium,0.5074
4340907,0,0.616,12,0.11684145913180403,0.4984,73.25,454.8,73.25,0.0,0.4594594594594595,0.6428571428571429,0.17023687183807107,0.49829965993198644,0.11818005620699681,low,1.0
726583327,0,0.7377,11,0.1426561802035538,0.2048,186.59,544.97,186.59,0.0,0.6307713963963965,0.5714285714285714,0.20784868268530124,0.20464092818563712,0.30124043027425135,medium,1.0
4253683,0,0.6353,9,0.1954824665142152,0.0931,63.47,184.3,63.47,0.0,0.48662725225225223,0.42857142857142855,0.2848160953083478,0.09291858371674334,0.10238395193332687,high,0.6456
3318947,0,0.7348,12,0.1275368616421441,0.2553,96.5,305.92,96.5,0.0,0.6266891891891893,0.6428571428571429,0.18581997479067772,0.25515103020604124,0.15573214458765386,low,0.9994
174640049,0,0.7121,11,0.15456779282683814,0.0214,162.13,334.33,162.13,0.0,0.5947353603603603,0.5714285714285714,0.22520379257113823,0.021204240848169634,0.2617340181542139,medium,0.9997
425548225,0,0.6495,12,0.19549470071478708,0.2453,196.61,397.1,196.61,0.0,0.506615990990991,0.6428571428571429,0.2848339204259037,0.24514902980596118,0.31742416900862486,medium,0.9999
4253827,0,0.7899,12,0.08764822862030562,0.5,277.77,448.81,277.77,0.0,0.7042511261261262,0.6428571428571429,0.12770260385329438,0.4998999799959992,0.44850922246987757,low,0.933
"[571500819, 425548222, 571500822]",0,0.6944,14,0.14842827347871113,0.404,286.59,412.02,286.59,0.0,0.5698198198198199,0.7857142857142857,0.21625856942606356,0.4038807761552311,0.4627547889007333,medium,0.9726
851786606,0,0.8697,8,0.11772566384430547,0.5,286.84,428.64,286.84,0.0,0.8165822072072074,0.35714285714285715,0.1715251499606353,0.4998999799959992,0.4631585747972995,medium,0.9991
266640846,0,0.8226,8,0.08667027594657296,0.5,198.38,418.44,198.38,0.0,0.7502815315315315,0.35714285714285715,0.1262777358146376,0.4998999799959992,0.3202829731563136,medium,1.0
4253829,0,0.8532,11,0.09797900470829721,0.5,228.44,391.73,228.44,0.0,0.7933558558558558,0.5714285714285714,0.14275444946675894,0.4998999799959992,0.368834189359434,low,0.9979
662534292,0,0.721,12,0.1425498768585263,0.0126,164.42,348.19,164.42,0.0,0.6072635135135135,0.6428571428571429,0.20769379969065296,0.01240248049609922,0.2654326969667603,medium,1.0
4253827,0,0.7899,12,0.08764822862030563,0.5,277.77,448.81,277.77,0.0,0.7042511261261262,0.6428571428571429,0.1277026038532944,0.4998999799959992,0.44850922246987757,low,0.933
425548225,0,0.6495,12,0.19549470071478708,0.2453,196.61,397.1,196.61,0.0,0.506615990990991,0.6428571428571429,0.2848339204259037,0.24514902980596118,0.31742416900862486,medium,0.9999
851786599,0,0.8815,8,0.06512840576636336,0.5,242.6,479.66,242.6,0.0,0.8331925675675674,0.35714285714285715,0.09489142936330425,0.4998999799959992,0.39170462254094385,medium,1.0
4253829,0,0.8532,11,0.09797900470829721,0.5,228.44,391.73,228.44,0.0,0.7933558558558558,0.5714285714285714,0.14275444946675894,0.4998999799959992,0.368834189359434,low,0.9979
"[1255793043, 851786603]",0,0.8836,7,0.11388849006208765,0.5,277.14,416.58,277.14,0.0,0.8361486486486489,0.2857142857142857,0.16593442310042272,0.4998999799959992,0.44749168201053074,medium,0.9649
4253707,0,0.732,12,0.08370198490474176,0.2287,140.71,148.96,140.71,0.0,0.6227477477477478,0.6428571428571429,0.12195296310473379,0.22854570914182834,0.2271376425364215,low,0.9953
4253730,0,0.6857,12,0.1719228792813409,0.0789,175.53,227.49,175.53,0.0,0.5575731981981982,0.6428571428571429,0.25048999369451297,0.07871574314862971,0.28337694221016246,medium,1.0
4253730,0,0.7321,12,0.12870142917307328,0.1849,104.46,104.46,113.52,0.0,0.6228885135135135,0.6428571428571429,0.18751673895754173,0.1847369473894779,0.1685886875343218,low,0.947
4253707,0,0.732,12,0.08370198490474176,0.2287,140.71,148.96,140.71,0.0,0.6227477477477478,0.6428571428571429,0.12195296310473379,0.22854570914182834,0.2271376425364215,low,0.9953
"[681004436, 681004435, 4253828]",0,0.7184,12,0.1472200033400534,0.2049,202.88,219.5,202.88,0.0,0.6036036036036037,0.6428571428571429,0.2144981309622413,0.20474094818963792,0.32755111929450526,medium,1.0
"[681004436, 4253828, 681004437]",0,0.737,12,0.12181792030239465,0.129,104.43,125.8,104.43,0.0,0.629786036036036,0.6428571428571429,0.17748752993027384,0.1288257651530306,0.16854023322673387,low,0.8604
4253730,0,0.7321,12,0.12870142917307328,0.1849,104.46,104.46,113.52,0.0,0.6228885135135135,0.6428571428571429,0.18751673895754173,0.1847369473894779,0.1685886875343218,low,0.947
"[286754711, 1065218277, 425548223]",0,0.75,12,0.09167178620077691,0.3778,8.11,8.11,32.34,0.0,0.6480855855855856,0.6428571428571429,0.13356489019096224,0.37767553510702145,0.012969602997706496,low,1.0
"[425548224, 43872913, 262591660, 166491309]",0,0.6233,9,0.13581226585422215,0.3712,46.12,46.75,46.12,0.0,0.46973536036036034,0.42857142857142855,0.19787716251096923,0.3710742148429686,0.07436121071163226,medium,1.0
4253427,0,0.5415,8,0.21439273970752287,0.4987,180.77,279.7,180.77,0.0,0.35458896396396394,0.35714285714285715,0.31236818918684756,0.4985997199439888,0.29184029460219013,high,1.0
"[683978620, 4253447]",0,0.3489,9,0.30147457471339884,0.7918,168.81,226.32,168.81,0.0,0.08347409909909906,0.42857142857142855,0.439245620764252,0.791758351670334,0.2725231773104629,high,1.0
"[4253964, 1116365542]",0,0.6702,9,0.1537791162473345,0.4385,236.33,295.38,236.33,0.0,0.5357545045045046,0.42857142857142855,0.22405469805853498,0.4383876775355071,0.3815776722550635,high,0.8073
4253445,0,0.4157,7,0.23330022867662803,0.5449,108.91,230.68,108.91,0.0,0.17750563063063063,0.2857142857142857,0.339916226476327,0.5448089617923585,0.17577607649320023,high,1.0
"[683978620, 4253447]",0,0.3489,9,0.30147457471339884,0.7918,168.81,226.32,168.81,0.0,0.08347409909909906,0.42857142857142855,0.439245620764252,0.791758351670334,0.2725231773104629,high,1.0
4253488,0,0.5135,6,0.17500436105412717,0.1118,126.09,361.31,126.09,0.0,0.3151745495495495,0.21428571428571427,0.2549796842569285,0.11162232446489297,0.20352424330522983,high,1.0
4253445,0,0.5448,7,0.24479483988733106,0.2799,118.73,306.28,118.73,0.0,0.3592342342342342,0.2857142857142857,0.35666376914462783,0.27975595119023805,0.1916367865103208,high,1.0
4253427,0,0.703,8,0.1028329742721523,0.9009,175.05,182.76,175.05,0.0,0.5819256756756757,0.35714285714285715,0.1498266384160992,0.9008801760352071,0.28260167328875535,medium,0.998
4253429,0,0.6772,14,0.065950714914822,0.6665,74.22,74.22,78.68,0.0,0.5456081081081081,0.7857142857142857,0.09608952621911804,0.6664332866573315,0.11974674548567368,low,1.0
"[257778376, 1065201833, 1065201832]",0,0.5151,14,0.15923968504022235,0.4739,37.0,37.08,37.0,0.0,0.31742680180180183,0.7857142857142857,0.23201069649777994,0.47379475895179035,0.05963110120489712,low,1.0
"[1132205224, 1443799571]",0,0.8825,13,0.065950714914822,0.5226,59.61,59.61,60.73,0.0,0.8346002252252253,0.7142857142857143,0.09608952621911804,0.52250450090018,0.09614949769034467,low,1.0
"[100514384, 1421325265, 1055385139]",0,0.59,16,0.12920031436168344,0.56,125.73,125.73,128.68,0.0,0.42286036036036034,0.9285714285714286,0.18824361008260007,0.5599119823964793,0.2029427916141745,low,1.0
1065201834,0,0.5444,10,0.18871627630283755,0.5,60.4,126.93,60.4,0.0,0.35867117117117114,0.5,0.27495781848717327,0.4998999799959992,0.09742546112349389,medium,1.0
"[1065201834, 1065201835]",0,0.5716,13,0.14754755584973903,0.5959,103.88,110.02,103.88,0.0,0.3969594594594595,0.7142857142857143,0.2149753719520854,0.5958191638327666,0.1676519042542882,low,1.0
4253430,0,0.6924,10,0.21096834889608554,0.5617,108.3,121.44,108.3,0.0,0.5670045045045046,0.5,0.3073788833133193,0.5616123224644929,0.1747908389055787,medium,1.0
"[98985497, 1443799571]",0,0.5441,7,0.1379044471074451,0.4365,57.21,64.49,57.21,0.0,0.35824887387387394,0.2857142857142857,0.20092545132786668,0.4363872774554911,0.0922731530833091,high,0.8022
"[1132205224, 1443799571]",0,0.8825,13,0.065950714914822,0.5226,59.61,59.61,60.73,0.0,0.8346002252252253,0.7142857142857143,0.09608952621911804,0.52250450090018,0.09614949769034467,low,1.0
"[851808289, 3755162, 1256903635]",0,0.3386,6,0.25148048165193326,0.8116,151.29,170.33,151.29,0.0,0.06897522522522521,0.21428571428571427,0.366404687620704,0.8115623124624924,0.24422586167910323,high,1.0
1443564020,14,0.5477,13,0.22900249571859438,0.3476,217.41,271.77,217.41,0.10218978102189781,0.3633164414414414,0.7142857142857143,0.33365446913871377,0.3474694938987798,0.35101915560293306,medium,1.0
4253434,7,0.6313,9,0.15951345957594928,0.2307,197.46,229.65,197.46,0.051094890510948905,0.4809966216216216,0.42857142857142855,0.2324095834748629,0.23054610922184435,0.31879704105694995,high,0.9932
4253442,10,0.5134,9,0.18471149335058254,0.4903,233.85,243.29,233.85,0.072992700729927,0.3150337837837837,0.42857142857142855,0.2691228866099017,0.49019803960792163,0.3775721161611267,high,1.0
534033248,10,0.6144,11,0.21086414176341545,0.4896,195.46,204.97,195.46,0.072992700729927,0.45720720720720714,0.5714285714285714,0.30722705448076965,0.48949789957991596,0.31556675388442035,medium,1.0
4253434,7,0.6313,9,0.15951345957594926,0.2307,197.46,229.65,197.46,0.051094890510948905,0.4809966216216216,0.42857142857142855,0.23240958347486287,0.23054610922184435,0.31879704105694995,high,0.9932
4253442,10,0.5134,9,0.1847114933505825,0.4903,233.85,243.29,233.85,0.072992700729927,0.3150337837837837,0.42857142857142855,0.26912288660990163,0.49019803960792163,0.3775721161611267,high,1.0
4253440,0,0.8008,8,0.07762540978501199,0.2546,273.25,273.25,279.79,0.0,0.7195945945945945,0.35714285714285715,0.11309944912071578,0.2544508901780356,0.4412087734599606,high,0.6905
4253440,0,0.8008,8,0.07762540978501199,0.2546,273.25,273.25,279.79,0.0,0.7195945945945945,0.35714285714285715,0.11309944912071578,0.2544508901780356,0.4412087734599606,high,0.6905
637031477,0,0.7669,11,0.06691067493625857,0.109,320.84,320.84,330.2,0.0,0.6718750000000001,0.5714285714285714,0.09748817912909225,0.10882176435287057,0.5180734567303034,medium,0.9976
637031477,0,0.8789,11,0.020528364651110617,0.2546,219.6,219.6,227.29,0.0,0.8295326576576577,0.5714285714285714,0.029909580226017765,0.2544508901780356,0.35455632005685306,low,0.9999
4253529,0,0.5522,8,0.20800743735033947,0.7431,247.86,247.86,258.04,0.0,0.36965090090090097,0.35714285714285715,0.30306486246124614,0.7430486097219444,0.40020027780469686,high,1.0
42527972,0,0.5692,12,0.21584605620204816,0.5792,226.96,226.96,236.5,0.0,0.39358108108108114,0.6428571428571429,0.314485657934285,0.579115823164633,0.3664437768517621,medium,0.9999
42527972,0,0.3534,12,0.30651419138350194,0.5803,273.2,273.2,282.93,0.0,0.08980855855855853,0.6428571428571429,0.44658829583758053,0.5802160432086417,0.44112801628064735,high,1.0
"[4253685, 1263102877]",0,0.6891,14,0.11663104166713324,0.115,82.41,84.57,82.41,0.0,0.5623592342342343,0.7857142857142857,0.16993029552999653,0.11482296459291857,0.13297477145718253,low,1.0
4253686,0,0.7729,8,0.0807186786679172,0.0856,117.06,125.18,117.06,0.0,0.680320945945946,0.35714285714285715,0.11760631339401499,0.08541708341668333,0.18893949672125854,medium,0.9998
100306144,0,0.804,12,0.12909825919055085,0.0856,76.69,87.26,76.69,0.0,0.7240990990990991,0.6428571428571429,0.1880949166381909,0.08541708341668333,0.12373615014374778,low,0.9999
4253637,0,0.5548,12,0.19784305367927024,0.3288,84.62,87.92,84.62,0.0,0.37331081081081074,0.6428571428571429,0.28825544906675865,0.32866573314662934,0.13654423878282781,medium,1.0
100306144,0,0.804,12,0.12909825919055087,0.0856,76.69,87.26,76.69,0.0,0.7240990990990991,0.6428571428571429,0.18809491663819095,0.08541708341668333,0.12373615014374778,low,0.9999
552902479,0,0.7716,12,0.104306016792604,0.2256,141.72,151.83,141.72,0.0,0.678490990990991,0.6428571428571429,0.15197284780163417,0.22544508901780355,0.22876893755854893,low,0.9976
4253639,0,0.6542,12,0.1381621726197957,0.2773,136.83,136.83,147.68,0.0,0.513231981981982,0.6428571428571429,0.20130095502570225,0.27715543108621726,0.22087088542171399,medium,0.9969
88389212,0,0.6336,8,0.14797794417924584,0.5139,172.89,172.89,183.53,0.0,0.48423423423423434,0.35714285714285715,0.2156024437842882,0.5138027605521105,0.27911296314242334,high,0.507
552902479,0,0.7716,12,0.10430601679260401,0.2256,141.72,151.83,141.72,0.0,0.678490990990991,0.6428571428571429,0.1519728478016342,0.22544508901780355,0.22876893755854893,low,0.9976
4253639,0,0.6947,12,0.18938717405913533,0.1897,84.71,84.71,95.46,0.0,0.5702421171171171,0.6428571428571429,0.2759353103391119,0.1895379075815163,0.13668960170559163,medium,0.9939
4253638,0,0.5654,13,0.26399160620691875,0.713,89.13,89.46,89.13,0.0,0.388231981981982,0.7142857142857143,0.38463328086950777,0.7129425885177035,0.14382853635688211,low,0.9603
4253639,0,0.6542,12,0.1381621726197957,0.2773,136.83,136.83,147.68,0.0,0.513231981981982,0.6428571428571429,0.20130095502570225,0.27715543108621726,0.22087088542171399,medium,0.9969
"[978195960, 978195961, 18131101]",7,0.3527,11,0.20590464663088096,0.8057,17.2,225.04,17.2,0.051094890510948905,0.0888231981981982,0.5714285714285714,0.30000111574975696,0.8056611322264453,0.0276512581968537,medium,0.9987
18131102,6,0.529,8,0.15024320243091394,0.7325,87.55,293.81,87.55,0.043795620437956206,0.33699324324324326,0.35714285714285715,0.2189029041938762,0.7324464892978596,0.1412766094905837,medium,1.0
4253638,0,0.5654,13,0.2639916062069188,0.713,89.13,89.46,89.13,0.0,0.388231981981982,0.7142857142857143,0.3846332808695079,0.7129425885177035,0.14382853635688211,low,0.9603
"[552902458, 1065201821]",1,0.7658,15,0.06963661277125703,0.5055,27.78,27.78,28.92,0.0072992700729927005,0.6703265765765767,0.8571428571428571,0.10145984544872065,0.5054010802160431,0.04473947733953549,low,1.0
"[146418648, 1065201821]",0,0.5445,13,0.14399939958546026,0.5772,24.34,24.85,24.34,0.0,0.3588119369369369,0.7142857142857143,0.20980574095365054,0.5771154230846169,0.03918338340278451,low,1.0
4253639,0,0.6002,8,0.198077620768772,0.1897,56.53,56.53,67.05,0.0,0.4372184684684684,0.35714285714285715,0.2885972111557932,0.1895379075815163,0.09117485544464904,high,0.996
6246733,0,0.6838,9,0.09204256636118605,0.1266,192.44,215.51,192.44,0.0,0.5548986486486486,0.42857142857142855,0.13410511346978263,0.1264252850570114,0.31068902025390055,medium,0.5179
"[4253828, 681004436, 681004437]",0,0.737,12,0.12181792030239465,0.129,104.43,125.8,104.43,0.0,0.629786036036036,0.6428571428571429,0.17748752993027384,0.1288257651530306,0.16854023322673387,low,0.8604
"[4253828, 681004435, 681004436]",0,0.7184,12,0.1472200033400534,0.2049,202.88,219.5,202.88,0.0,0.6036036036036037,0.6428571428571429,0.2144981309622413,0.20474094818963792,0.32755111929450526,medium,1.0
"[155724658, 155724660, 141351326]",0,0.7211,8,0.12694903374903696,0.9048,58.18,82.96,58.18,0.0,0.6074042792792793,0.35714285714285715,0.1849635149643321,0.9047809561912383,0.09383984236198599,low,0.9998
3754158,0,0.7246,8,0.11648185069773298,0.0149,282.63,296.37,282.63,0.0,0.6123310810810811,0.35714285714285715,0.16971292566163337,0.014702940588117623,0.4563588202991246,high,1.0
6246733,0,0.6838,9,0.09204256636118605,0.1266,192.44,215.51,192.44,0.0,0.5548986486486486,0.42857142857142855,0.13410511346978263,0.1264252850570114,0.31068902025390055,medium,0.5179
286754711,0,0.6346,8,0.07980061452775375,0.7386,78.04,100.2,78.04,0.0,0.485641891891892,0.35714285714285715,0.11626870239719347,0.7385477095419084,0.1259165939852053,medium,0.9497
"[155724658, 155724660, 141351326]",0,0.7211,8,0.12694903374903696,0.9048,58.18,82.96,58.18,0.0,0.6074042792792793,0.35714285714285715,0.1849635149643321,0.9047809561912383,0.09383984236198599,low,0.9998
"[425548223, 1065218277, 286754711]",0,0.75,12,0.09167178620077689,0.3778,8.11,8.11,32.34,0.0,0.6480855855855856,0.6428571428571429,0.1335648901909622,0.37767553510702145,0.012969602997706496,low,1.0
4253639,0,0.6947,12,0.18938717405913533,0.1897,84.71,84.71,95.46,0.0,0.5702421171171171,0.6428571428571429,0.2759353103391119,0.1895379075815163,0.13668960170559163,medium,0.9939
4253639,0,0.6002,8,0.19807762076877197,0.1897,56.53,56.53,67.05,0.0,0.4372184684684684,0.35714285714285715,0.2885972111557931,0.1895379075815163,0.09117485544464904,high,0.996
4253762,0,0.8895,8,0.061364577826496514,0.1897,67.86,67.86,78.67,0.0,0.8444538288288288,0.35714285714285715,0.08940756671987975,0.1895379075815163,0.10947443227702944,low,0.5559
"[303994872, 1255793044, 4253788, 4253789]",0,0.6236,8,0.15558309789761857,0.2688,257.32,383.46,257.32,0.0,0.4701576576576577,0.35714285714285715,0.22668308270827697,0.26865373074614923,0.41547953613076205,high,1.0
"[166490649, 1255793045]",0,0.5884,8,0.20926814464829832,0.1543,142.45,269.78,142.45,0.0,0.42060810810810817,0.35714285714285715,0.3049017013832224,0.15413082616523302,0.22994799237652225,high,1.0
"[957225489, 4253811]",0,0.755,10,0.10128219748345706,0.2587,220.71,225.87,220.71,0.0,0.6551238738738739,0.5,0.14756717091766822,0.2585517103420684,0.356349129437607,medium,1.0
4253919,1,0.5759,12,0.11912294282454082,0.5002,36.9,49.53,36.9,0.0072992700729927005,0.40301238738738737,0.6428571428571429,0.1735609725658594,0.5001000200040008,0.059469586846270635,low,1.0
146590642,0,0.5847,11,0.05907502283762623,0.7878,45.35,45.35,46.91,0.0,0.4153997747747748,0.5714285714285714,0.08607170618796178,0.787757551510302,0.07311755015020836,low,1.0
534082989,0,0.5851,13,0.134269198962158,0.7687,10.41,10.41,16.38,0.0,0.4159628378378378,0.7142857142857143,0.19562892826092135,0.7686537307461493,0.01668443324611558,low,1.0
30193920,0,0.9873,11,0.08396222210349481,0.2115,44.67,44.67,45.86,0.0,0.9821227477477479,0.5714285714285714,0.12233212630652504,0.21134226845369072,0.07201925251154828,low,1.0
146590642,0,0.8772,10,0.08396222210349481,0.5879,10.94,10.94,15.38,0.0,0.8271396396396395,0.5,0.12233212630652504,0.5878175635127025,0.017540459346835933,low,1.0
"[4352312, 4322733, 25672360]",0,0.6539,12,0.13037889690946208,0.322,76.3,298.14,76.3,0.0,0.5128096846846848,0.6428571428571429,0.18996079399993504,0.3218643728745749,0.1231062441451045,low,0.9955
"[25672360, 4352312, 4322733]",0,0.6539,12,0.1303788967917048,0.322,76.3,298.14,76.3,0.0,0.5128096846846848,0.6428571428571429,0.18996079382836378,0.3218643728745749,0.1231062441451045,low,0.9955
"[25672360, 1301510517, 1065218294, 1301510518, 1065218293, 39939644]",0,0.6347,14,0.10598368545585787,0.4829,133.38,187.48,133.38,0.0,0.4857826576576577,0.7857142857142857,0.15441719559261935,0.4827965593118624,0.21529864004910035,low,1.0
4340907,0,0.616,12,0.11684145913180399,0.4984,73.25,454.8,73.25,0.0,0.4594594594594595,0.6428571428571429,0.170236871838071,0.49829965993198644,0.11818005620699681,low,1.0
"[1065218298, 1065218299, 1234999220]",0,0.7229,14,0.04217035037095472,0.5,120.66,465.92,120.66,0.0,0.6099380630630631,0.7857142857142857,0.061441754096531666,0.4998999799959992,0.19475401363181186,low,1.0
"[1065218296, 1068540425, 1065218298, 1065218297]",0,0.6512,14,0.04433567687622723,0.4057,14.6,334.43,14.6,0.0,0.509009009009009,0.7857142857142857,0.06459661487199551,0.40558111622324466,0.023451884872565172,low,1.0
4253730,0,0.6857,12,0.1719228792813409,0.0789,175.53,227.49,175.53,0.0,0.5575731981981982,0.6428571428571429,0.25048999369451297,0.07871574314862971,0.28337694221016246,medium,1.0
4254008,0,0.7565,10,0.10689029773856887,0.0126,80.35,276.24,80.35,0.0,0.6572353603603603,0.5,0.15573812133860457,0.01240248049609922,0.12964757566947702,medium,1.0
662534292,0,0.721,12,0.1425498768585263,0.0126,164.42,348.19,164.42,0.0,0.6072635135135135,0.6428571428571429,0.20769379969065296,0.01240248049609922,0.2654326969667603,medium,1.0
4254007,0,0.8441,9,0.05777450839021009,0.1815,165.44,288.28,165.44,0.0,0.7805461711711712,0.42857142857142855,0.0841768686158512,0.18133626725345067,0.26708014342475045,medium,0.9999
151942042,0,0.6407,6,0.1599229584613644,0.4035,135.89,191.31,135.89,0.0,0.4942286036036037,0.21428571428571427,0.23300621957941645,0.4033806761352271,0.21935265045062502,high,1.0
174640049,0,0.7121,11,0.15456779282683814,0.0214,162.13,334.33,162.13,0.0,0.5947353603603603,0.5714285714285714,0.22520379257113823,0.021204240848169634,0.2617340181542139,medium,0.9997
"[851786602, 534027371, 851786605]",0,0.7325,11,0.15187528224250488,0.0214,106.86,316.2,106.86,0.0,0.6234515765765767,0.5714285714285714,0.2212808294478631,0.021204240848169634,0.17246503214135736,medium,1.0
4340873,0,0.7616,7,0.07781995055503346,0.251,177.61,434.44,177.61,0.0,0.6644144144144145,0.2857142857142857,0.11338289323091108,0.25085017003400684,0.2867364408695933,medium,0.6729
643233290,0,0.6131,9,0.15725201004446593,0.3947,157.27,402.41,157.27,0.0,0.45537725225225223,0.42857142857142855,0.22911467233550564,0.3945789157831566,0.2538844203249669,medium,0.8028
4340872,0,0.5963,11,0.14224933675007703,0.5,71.7,347.1,71.7,0.0,0.4317286036036037,0.5714285714285714,0.20725591552062525,0.4998999799959992,0.11567658364828634,medium,0.6527
39941506,0,0.5612,11,0.1332586670313992,0.4223,90.45,478.79,90.45,0.0,0.3823198198198199,0.5714285714285714,0.1941565925448334,0.4221844368873775,0.1459605258907517,medium,0.9998
643233291,0,0.7293,9,0.11506618927204393,0.4447,138.15,402.25,138.15,0.0,0.618947072072072,0.42857142857142855,0.1676503200026861,0.4445889177835567,0.22300287495558355,medium,1.0
"[257776873, 257776874]",0,0.5757,13,0.11966287888345818,0.318,81.2,591.34,81.2,0.0,0.40273085585585583,0.7142857142857143,0.17434765443087566,0.3178635727145429,0.13102044771780214,low,0.9985
257776874,0,0.8014,11,0.08515341480759564,0.1577,145.9,598.84,145.9,0.0,0.7204391891891894,0.5714285714285714,0.12406768310548154,0.15753150630126025,0.23552023774913589,low,0.5143
643233292,0,0.7183,8,0.14335228198860703,0.0122,124.39,522.03,124.39,0.0,0.6034628378378379,0.35714285714285715,0.2088628965750067,0.012002400480096018,0.20077849920857965,high,0.9935
4248704,0,0.4871,14,0.19183834385540036,0.4802,51.39,493.71,51.39,0.0,0.27801238738738737,0.7857142857142857,0.27950664215692705,0.4800960192038408,0.08287301741124786,low,0.9997
4248704,0,0.6608,12,0.12471236128835014,0.2914,171.74,382.2,171.74,0.0,0.5225225225225226,0.6428571428571429,0.18170470378892786,0.2912582516503301,0.27725554801821883,medium,0.9996
831783069,0,0.3925,9,0.25891028888419265,0.1729,128.74,429.77,128.74,0.0,0.14484797297297297,0.42857142857142855,0.37722984832937173,0.17273454690938186,0.2078043738088316,high,1.0
4254089,3,0.4274,5,0.2713054306640182,0.538,111.65,120.19,111.65,0.021897810218978103,0.19397522522522523,0.14285714285714285,0.3952894557429721,0.5379075815163034,0.18020156991956587,high,1.0
4247877,5,0.717,9,0.07886739974504285,0.0013,74.1,77.63,74.1,0.0364963503649635,0.6016328828828829,0.42857142857142855,0.11490901705371817,0.0011002200440088017,0.11955292825532189,medium,1.0
4254089,2,0.4088,5,0.2797042686630985,0.2467,52.89,64.05,52.89,0.014598540145985401,0.16779279279279277,0.14285714285714285,0.40752648535409725,0.24654930986197238,0.08529573279064509,high,1.0
"[4253666, 1489265997, 1489265998]",43,0.463,8,0.11471394686625278,0.7345,75.61,81.17,75.61,0.31386861313868614,0.24408783783783786,0.35714285714285715,0.16713710606161086,0.7344468893778756,0.12199179507058178,medium,0.9465
6273409,3,0.4217,8,0.23986056199860467,0.9837,51.7,60.28,51.7,0.021897810218978103,0.1859515765765766,0.35714285714285715,0.34947457170559204,0.9836967393478696,0.08337371192298997,medium,0.9973
"[1065201853, 841715182]",1,0.4239,9,0.14402222747266424,0.8093,5.59,5.59,11.13,0.0072992700729927005,0.1890484234234234,0.42857142857142855,0.20983900097506125,0.8092618523704741,0.008899441160319153,medium,0.9998
66651517,2,0.4118,5,0.2808424698445193,0.5986,114.73,124.84,114.73,0.014598540145985401,0.17201576576576574,0.14285714285714285,0.4091848339925624,0.5985197039407882,0.1851762121652615,high,1.0
4254627,0,0.5009,12,0.133943501674934,0.2012,213.35,323.2,213.35,0.0,0.2974380630630631,0.6428571428571429,0.19515439031311718,0.2010402080416083,0.3444616726426979,medium,0.7747
"[4254627, 1436004787]",0,0.6323,14,0.18725620963790546,0.6278,342.43,342.78,342.43,0.0,0.48240427927927926,0.7857142857142857,0.2728305148036224,0.6277255451090218,0.5529444067577608,medium,1.0
4254629,0,0.6619,12,0.11518802596452715,0.5,238.81,364.18,238.81,0.0,0.524070945945946,0.6428571428571429,0.16782783494151476,0.4998999799959992,0.3855832283490002,medium,0.9989
4254629,0,0.6619,12,0.11518802596452712,0.5,238.81,364.18,238.81,0.0,0.524070945945946,0.6428571428571429,0.16782783494151474,0.4998999799959992,0.3855832283490002,medium,0.9989
"[166585298, 1065218283]",0,0.6433,14,0.15164631089770125,0.4485,327.84,330.2,327.84,0.0,0.4978885135135135,0.7857142857142857,0.22094722030731676,0.44838967793558715,0.5293794618341571,medium,1.0
166585298,0,0.8758,12,0.000659331695223008,0.5,176.49,407.44,176.49,0.0,0.8251689189189191,0.6428571428571429,0.0009605822036435196,0.4998999799959992,0.2849274800529767,low,1.0
4254627,0,0.5009,12,0.13394350167493393,0.2012,213.35,323.2,213.35,0.0,0.2974380630630631,0.6428571428571429,0.1951543903131171,0.2010402080416083,0.3444616726426979,medium,0.7747
4254638,0,0.3699,12,0.2395464157114667,0.2799,197.7,304.98,197.7,0.0,0.1130349099099099,0.6428571428571429,0.34901686345852817,0.27975595119023805,0.3191846755176535,high,1.0
4254638,0,0.6222,12,0.1286111611748039,0.5,146.54,373.97,146.54,0.0,0.4681869369369369,0.6428571428571429,0.18738521931543406,0.4998999799959992,0.23655392964434535,low,0.6583
4254638,0,0.4842,12,0.21384703958412893,0.2729,242.73,242.73,247.85,0.0,0.2739301801801802,0.6428571428571429,0.3115731091329761,0.272754550910182,0.39191459120715827,high,0.9999
4254638,0,0.3699,12,0.2395464157114667,0.2799,197.7,304.98,197.7,0.0,0.1130349099099099,0.6428571428571429,0.34901686345852817,0.27975595119023805,0.3191846755176535,high,1.0
4254643,0,0.3804,12,0.29485483991726213,0.5,195.73,304.34,195.73,0.0,0.12781531531531531,0.6428571428571429,0.429600728134225,0.4998999799959992,0.3160028426527118,high,1.0
4254638,0,0.4842,12,0.21384703958412893,0.2729,242.73,242.73,247.85,0.0,0.2739301801801802,0.6428571428571429,0.3115731091329761,0.272754550910182,0.39191459120715827,high,0.9999
4254638,0,0.5397,12,0.14381951187761552,0.277,146.3,147.69,146.3,0.0,0.3520551801801801,0.6428571428571429,0.2095436462200916,0.2768553710742149,0.23616629518364182,medium,1.0
4255941,0,0.642,13,0.09127208169844946,0.3229,231.55,233.69,231.55,0.0,0.4960585585585586,0.7142857142857143,0.1329825244123609,0.32276455291058215,0.37385728591271766,medium,0.9893
166585297,0,0.5614,12,0.13811066284811307,0.2868,175.88,341.76,175.88,0.0,0.38260135135135137,0.6428571428571429,0.20122590576276714,0.2866573314662933,0.28394224246535515,medium,1.0
4254643,0,0.3804,12,0.29485483991726213,0.5,195.73,304.34,195.73,0.0,0.12781531531531531,0.6428571428571429,0.429600728134225,0.4998999799959992,0.3160028426527118,high,1.0
166585297,0,0.5162,13,0.19085414217316696,0.2843,229.39,300.43,229.39,0.0,0.3189752252252252,0.7142857142857143,0.2780726693704383,0.2841568313662733,0.3703685757663856,medium,0.9785
4255941,0,0.642,13,0.09127208169844944,0.3229,231.55,233.69,231.55,0.0,0.4960585585585586,0.7142857142857143,0.13298252441236086,0.32276455291058215,0.37385728591271766,medium,0.9893
166585297,0,0.5162,13,0.19085414217316696,0.2843,229.39,300.43,229.39,0.0,0.3189752252252252,0.7142857142857143,0.2780726693704383,0.2841568313662733,0.3703685757663856,medium,0.9785
472247059,0,0.5079,13,0.22935250670604712,0.28,287.46,340.97,287.46,0.0,0.3072916666666667,0.7142857142857143,0.33416443192382134,0.2798559711942389,0.46415996382078367,high,0.9993
"[83173836, 1359582079]",0,0.663,11,0.09947114875496273,0.0627,245.51,253.65,245.51,0.0,0.5256193693693695,0.5714285714285714,0.14492848960006185,0.0625125025005001,0.3964046903769745,medium,0.8847
4254638,0,0.4842,12,0.21000181529617115,0.7194,57.01,57.01,61.94,0.0,0.2739301801801802,0.6428571428571429,0.30597065276004576,0.7193438687737548,0.09195012436605614,medium,0.5461
4254638,0,0.5397,12,0.14381951187761552,0.277,146.3,147.69,146.3,0.0,0.3520551801801801,0.6428571428571429,0.2095436462200916,0.2768553710742149,0.23616629518364182,medium,1.0
4254651,0,0.5196,10,0.2505324578367365,0.3842,158.45,168.34,158.45,0.0,0.3237612612612612,0.5,0.3650234256532884,0.3840768153630726,0.2557902897567593,high,0.9999
"[1453476953, 1453476954, 166585295]",0,0.6917,6,0.16238185324176438,0.3967,195.34,195.34,199.92,0.0,0.5660191441441441,0.21428571428571427,0.2365888066279689,0.39657931586317263,0.3153729366540685,high,1.0
250325170,0,1.0,11,0.12169255177047791,0.412,147.19,147.19,149.86,0.0,1.0,0.5714285714285714,0.17730486913391888,0.4118823764752951,0.2376037729754175,low,1.0
"[250325170, 859453205]",0,0.8247,10,0.07283961628128414,0.1886,204.28,204.28,206.85,0.0,0.7532376126126126,0.5,0.10612659206307747,0.18843768753750748,0.329812320315276,medium,1.0
4254683,0,0.8041,8,0.09164837899289878,0.5,134.42,510.65,134.42,0.0,0.7242398648648649,0.35714285714285715,0.13353078610466484,0.4998999799959992,0.21697838937881575,medium,0.9992
4254685,0,0.5351,9,0.21133601696419393,0.5,64.17,448.02,64.17,0.0,0.34557995495495497,0.42857142857142855,0.30791457230232,0.4998999799959992,0.10351455244371226,medium,0.9861
4254686,0,0.5623,6,0.16323771382645355,0.3927,61.73,494.32,61.73,0.0,0.38386824324324326,0.21428571428571427,0.2378357876173609,0.3925785157031406,0.09957360209322609,high,1.0
4248704,0,0.6608,12,0.12471236128835014,0.2914,171.74,382.2,171.74,0.0,0.5225225225225226,0.6428571428571429,0.18170470378892786,0.2912582516503301,0.27725554801821883,medium,0.9996
4248704,0,0.6567,11,0.12244150544700372,0.7715,264.58,277.44,264.58,0.0,0.5167511261261261,0.5714285714285714,0.17839608774273247,0.7714542908581716,0.4272054785670446,medium,0.9996
4254687,0,0.4973,12,0.24830670095995383,0.3853,187.09,298.94,187.09,0.0,0.29237049549549554,0.6428571428571429,0.36178051838309966,0.3851770354070814,0.3020480020673838,high,0.7932
4248704,0,0.8271,11,0.014191195296190813,0.5,225.42,238.21,225.42,0.0,0.7566159909909909,0.5714285714285714,0.020676382841408134,0.4998999799959992,0.3639564557289143,low,1.0
4248704,0,0.6062,11,0.13465776574059746,0.5694,200.6,213.27,200.6,0.0,0.4456644144144144,0.5714285714285714,0.19619506647839666,0.5693138627725546,0.32386859191782147,medium,1.0
4255932,0,0.7741,9,0.11687742996405344,0.39,226.37,226.37,232.37,0.0,0.6820101351351352,0.42857142857142855,0.17028928100936608,0.38987797559511905,0.36549084213586586,medium,0.9999
625848030,0,0.716,8,0.0725849131452368,0.6512,117.19,117.19,118.97,0.0,0.6002252252252253,0.35714285714285715,0.10575549193967955,0.6511302260452091,0.18914946538747296,medium,0.9797
4255399,3,0.6798,10,0.12814092670416402,0.5,107.42,107.42,111.61,0.021897810218978103,0.549268018018018,0.5,0.1867000920225845,0.4998999799959992,0.17336951254966568,medium,0.9288
4255805,0,0.4286,7,0.2852331805275748,0.8581,212.79,249.71,212.79,0.0,0.19566441441441437,0.2857142857142857,0.415582059019205,0.8580716143228645,0.34355719223438963,high,1.0
4253976,0,0.3555,11,0.27679782922304896,0.4985,133.38,133.38,138.62,0.0,0.09276463963963959,0.5714285714285714,0.4032918298583343,0.4983996799359872,0.21529864004910035,high,1.0
4253976,0,0.4674,11,0.23699288705818078,0.5248,177.7,177.7,178.61,0.0,0.2502815315315315,0.5714285714285714,0.34529639572876153,0.5247049409881976,0.2868818037923571,high,0.9402
"[4255809, 4255805]",0,0.3942,9,0.28853767655686147,0.5384,179.47,179.47,187.15,0.0,0.14724099099099097,0.42857142857142855,0.42039667929937397,0.5383076615323065,0.28974060794004586,high,1.0
4255808,0,0.3923,10,0.2685240336739418,0.509,211.87,261.91,211.87,0.0,0.1445664414414414,0.5,0.39123698594517553,0.5089017803560713,0.342071260135026,high,1.0
4255807,0,0.3335,6,0.3253140762361587,0.7691,156.9,256.98,156.9,0.0,0.06179617117117117,0.21428571428571427,0.47397955492043164,0.7690538107621524,0.2532868171980489,high,1.0
4248704,0,0.8271,11,0.014191195296190813,0.5,225.42,238.21,225.42,0.0,0.7566159909909909,0.5714285714285714,0.020676382841408134,0.4998999799959992,0.3639564557289143,low,1.0
4248704,0,0.6567,11,0.12244150544700372,0.7715,264.58,277.44,264.58,0.0,0.5167511261261261,0.5714285714285714,0.17839608774273247,0.7714542908581716,0.4272054785670446,medium,0.9996
4253371,0,0.5695,9,0.15358989550448413,0.765,101.76,181.39,101.76,0.0,0.3940033783783784,0.42857142857142855,0.22377900517893035,0.7649529905981196,0.1642277998514068,medium,1.0
4255911,0,0.568,9,0.2780363941642009,0.7528,84.13,84.13,169.15,0.0,0.39189189189189183,0.42857142857142855,0.4050964075703746,0.752750550110022,0.13575281842555803,medium,0.9982
975128883,0,0.7559,7,0.05824531529796954,1.0,18.69,18.69,100.57,0.0,0.6563907657657658,0.2857142857142857,0.08486282994431182,1.0,0.030057822140388286,low,1.0
4255881,0,0.5251,9,0.16357551708999246,0.744,79.22,79.22,132.57,0.0,0.3315033783783784,0.42857142857142855,0.23832796386115954,0.7439487897579516,0.12782246341699777,medium,1.0
"[1065201842, 38770925]",0,0.7177,10,0.08373242965175051,0.526,9.98,9.98,128.91,0.0,0.6026182432432433,0.5,0.12199732082072856,0.5259051810362073,0.015989921504021707,low,1.0
166585297,0,0.5614,12,0.13811066284811307,0.2868,175.88,341.76,175.88,0.0,0.38260135135135137,0.6428571428571429,0.20122590576276714,0.2866573314662933,0.28394224246535515,medium,1.0
4255915,0,0.5981,8,0.18975485350905014,0.1106,168.71,377.4,168.71,0.0,0.43426238738738737,0.35714285714285715,0.27647101591129963,0.11042208441688338,0.2723616629518364,high,1.0
"[1065218288, 6266181, 1065218287]",0,0.5569,14,0.18174400077795888,0.4791,96.69,408.61,96.69,0.0,0.37626689189189183,0.7857142857142857,0.2647992772622793,0.478995799159832,0.15603902186904417,low,0.9999
4255915,0,0.5981,8,0.18975485350905014,0.1106,168.71,377.4,168.71,0.0,0.43426238738738737,0.35714285714285715,0.27647101591129963,0.11042208441688338,0.2723616629518364,high,1.0
4255916,0,0.7202,6,0.1251806450585907,0.2306,152.18,258.68,152.18,0.0,0.6061373873873873,0.21428571428571427,0.1823869889292616,0.23044608921784357,0.24566333947087896,high,1.0
100514387,1,0.78,10,0.07430097352944051,0.5,61.2,61.79,61.2,0.0072992700729927005,0.6903153153153154,0.5,0.10825577611449982,0.4998999799959992,0.09871757599250575,low,1.0
"[1146156714, 100514387, 596678299]",4,0.6292,11,0.12463793222137572,0.4662,159.64,160.76,159.64,0.029197080291970802,0.4780405405405405,0.5714285714285714,0.18159626132383994,0.46609321864372877,0.25771231062441446,medium,0.9993
4255932,0,0.7741,9,0.11687742996405344,0.39,226.37,226.37,232.37,0.0,0.6820101351351352,0.42857142857142855,0.17028928100936608,0.38987797559511905,0.36549084213586586,medium,0.9999
4255938,1,0.89,8,0.01904196906088998,0.4198,100.99,100.99,107.39,0.0072992700729927005,0.8451576576576578,0.35714285714285715,0.02774391554081161,0.4196839367873575,0.16298413928998287,low,1.0
"[4255929, 6266178, 209351501]",0,0.7403,6,0.12792030907273313,0.5,144.28,152.74,144.28,0.0,0.6344313063063063,0.21428571428571427,0.1863786541654843,0.4998999799959992,0.23290370513938688,medium,0.5378
472247059,0,0.9078,9,0.022474483305900888,0.4467,285.93,285.93,292.91,0.0,0.8702139639639642,0.42857142857142855,0.03274505718223948,0.4465893178635727,0.46168879413379854,medium,0.9922
4255948,0,0.6047,8,0.14562168724879418,0.4467,269.09,308.55,269.09,0.0,0.44355292792792794,0.35714285714285715,0.2121693991378129,0.4465893178635727,0.43448977614109896,high,1.0
472247059,0,0.5079,13,0.22935250670604698,0.28,287.46,340.97,287.46,0.0,0.3072916666666667,0.7142857142857143,0.3341644319238211,0.2798559711942389,0.46415996382078367,high,0.9993
829495990,9,0.5052,6,0.17836096278495114,0.9647,47.0,47.0,83.25,0.06569343065693431,0.30349099099099097,0.21428571428571427,0.2598702220643424,0.9646929385877175,0.07578253706754531,medium,0.9996
"[257779020, 1052870927, 1052870928, 1052870929, 582946706, 1052870930]",15,0.655,10,0.1253593545104305,0.4614,20.38,20.38,21.91,0.10948905109489052,0.5143581081081081,0.5,0.18264736695467312,0.4612922584516903,0.03278741480117583,low,1.0
25975781,0,0.8983,12,0.0168780053022529,0.4993,93.77,94.37,93.77,0.0,0.8568412162162163,0.6428571428571429,0.02459104027464465,0.4991998399679936,0.1513228025971509,low,1.0
25975781,0,0.8001,12,0.059297528320795725,0.5,18.07,18.07,20.46,0.0,0.7186092342342343,0.6428571428571429,0.08639589462765795,0.4998999799959992,0.029056433116904097,low,1.0
"[22815086, 566873511]",0,0.5629,12,0.2147028992380392,0.3204,114.65,124.52,114.65,0.0,0.3847128378378378,0.6428571428571429,0.3128200887662318,0.32026405281056214,0.18504700067836033,medium,1.0
4286556,0,0.7816,11,0.08654494139747239,0.0852,86.74,87.13,86.74,0.0,0.6925675675675675,0.5714285714285714,0.12609512453093283,0.08501700340068012,0.13996834318570922,low,0.9606
17943472,0,0.8214,12,0.04734812530593683,0.0852,104.21,104.21,106.53,0.0,0.7485923423423425,0.6428571428571429,0.0689857244893474,0.08501700340068012,0.1681849016377556,low,1.0
31651764,0,0.8949,12,0.022227496183113198,0.3978,32.73,32.73,34.72,0.0,0.8520551801801802,0.6428571428571429,0.03238519921909619,0.3976795359071814,0.052734438091546335,low,1.0
4264834,0,0.9924,12,0.0024936009597493905,0.4354,145.9,145.9,148.09,0.0,0.9893018018018017,0.6428571428571429,0.0036330956283867903,0.4352870574114823,0.23552023774913589,low,1.0
30901815,0,0.8606,12,0.04509630461462672,0.5,71.11,71.11,75.65,0.0,0.8037725225225225,0.6428571428571429,0.06570484248144065,0.4998999799959992,0.1147236489323901,low,1.0
51240701,0,0.8633,12,0.05119186242844851,0.3304,160.58,160.58,160.76,0.0,0.8075731981981981,0.6428571428571429,0.07458601407591958,0.3302660532106422,0.25923054559550346,low,1.0
4264834,0,0.9924,12,0.002493600959749391,0.4354,145.9,145.9,148.09,0.0,0.9893018018018017,0.6428571428571429,0.003633095628386791,0.4352870574114823,0.23552023774913589,low,1.0
31651764,0,0.8949,12,0.022227496183113205,0.3978,32.73,32.73,34.72,0.0,0.8520551801801802,0.6428571428571429,0.032385199219096196,0.3976795359071814,0.052734438091546335,low,1.0
51238993,0,0.8006,10,0.062259883792632593,0.4354,225.6,225.6,227.93,0.0,0.719313063063063,0.5,0.09071201926674682,0.4352870574114823,0.36424718157444197,medium,0.9811
4264828,0,0.6951,11,0.12101275750323526,0.0503,71.96,76.2,71.96,0.0,0.5708051801801802,0.5714285714285714,0.1763144151474707,0.05011002200440088,0.11609652098071518,medium,0.9997
17943470,0,0.7442,12,0.10898424043621274,0.4516,16.43,16.43,18.88,0.0,0.6399211711711712,0.6428571428571429,0.1587889765638004,0.45149029805961194,0.026407597635429794,low,1.0
51240701,0,0.8597,12,0.03150929021830983,0.3279,3.87,3.87,10.29,0.0,0.8025056306306307,0.6428571428571429,0.045908687642792795,0.32776555311062217,0.006121394191943664,low,1.0
4264793,0,0.6984,8,0.16005658590084956,0.4698,115.95,123.89,115.95,0.0,0.5754504504504505,0.35714285714285715,0.23320091352803385,0.46969393878775756,0.18714668734050457,medium,0.9998
4333546,0,0.6242,12,0.1341218289770366,0.4435,171.63,185.25,171.63,0.0,0.47100225225225223,0.6428571428571429,0.19541421154988117,0.44338867773554713,0.27707788222372964,medium,0.9966
40621563,0,0.6921,8,0.09205909626366494,0.4435,125.4,125.97,125.4,0.0,0.5665822072072073,0.35714285714285715,0.1341291973854535,0.44338867773554713,0.20240979423070712,medium,1.0
4264831,0,0.5936,12,0.19527349827203166,0.008,170.52,179.97,170.52,0.0,0.42792792792792794,0.6428571428571429,0.2845116305040898,0.007801560312062413,0.27528507284297576,medium,0.5071
14619731,0,0.5928,12,0.23677112025001593,0.011,229.55,239.9,229.55,0.0,0.42680180180180183,0.6428571428571429,0.3449732835317439,0.010802160432086415,0.370626998740188,high,1.0
"[14619731, 10074852]",0,0.6184,12,0.14667083031166445,0.1703,270.94,279.35,270.94,0.0,0.4628378378378378,0.6428571428571429,0.2136979909177777,0.17013402680536108,0.4374777917756889,medium,0.7355
14619731,0,0.5928,12,0.23677112025001587,0.011,229.55,239.9,229.55,0.0,0.42680180180180183,0.6428571428571429,0.3449732835317438,0.010802160432086415,0.370626998740188,high,1.0
"[22815086, 566873511]",0,0.5629,12,0.21470289923803923,0.3204,114.65,124.52,114.65,0.0,0.3847128378378378,0.6428571428571429,0.31282008876623185,0.32026405281056214,0.18504700067836033,medium,1.0
22815086,0,0.7119,12,0.15490659563358689,0.153,288.2,288.2,290.56,0.0,0.5944538288288288,0.6428571428571429,0.22569742514018776,0.15283056611322263,0.46535517007461963,medium,0.9888
566873515,0,1.0,12,0.16866171175674163,0.0749,203.2,214.22,203.2,0.0,1.0,0.6428571428571429,0.2457385026466167,0.07471494298859771,0.32806796524211,low,0.9704
8364690,0,0.6567,8,0.14150521451594508,0.1828,153.79,162.87,153.79,0.0,0.5167511261261261,0.35714285714285715,0.20617173627888177,0.18263652730546107,0.2482637206447653,high,0.9989
"[1408346224, 4264827]",0,0.8148,12,0.06783636020233479,0.3146,159.32,165.74,159.32,0.0,0.7393018018018017,0.6428571428571429,0.09883689403617787,0.31446289257851573,0.25719546467680976,low,1.0
4264828,0,0.796,9,0.049539686111134525,0.254,147.55,156.97,147.55,0.0,0.7128378378378378,0.42857142857142855,0.0721788083981836,0.25385077015403085,0.23818522466647285,medium,0.9993
4264828,0,0.706,11,0.07777143609788859,0.254,109.07,117.56,109.07,0.0,0.5861486486486486,0.5714285714285714,0.11331220811367052,0.25385077015403085,0.17603449946700261,low,0.8363
34115908,0,0.6429,8,0.16834429079660876,0.271,166.58,174.73,166.58,0.0,0.4973254504504505,0.35714285714285715,0.2452760232311591,0.27085417083416685,0.26892140711309237,high,0.9999
"[504126673, 4471690]",0,0.7285,9,0.07593211256409552,0.0593,277.77,287.23,277.77,0.0,0.617820945945946,0.42857142857142855,0.11063233066515564,0.05911182236447289,0.44850922246987757,high,0.999
1323682202,0,0.6901,11,0.14003524571383533,0.3889,160.75,171.01,160.75,0.0,0.563766891891892,0.5714285714285714,0.204030005272662,0.38877775555111027,0.25950512000516845,medium,0.9999
1323682202,0,0.657,10,0.12448669471476013,0.3889,262.98,273.35,262.98,0.0,0.5171734234234235,0.5,0.18137590966960274,0.38877775555111027,0.42462124882902097,medium,0.8864
4286559,0,0.5409,11,0.19504694628556443,0.4339,78.06,78.06,84.91,0.0,0.3537443693693694,0.5714285714285714,0.28418154634635723,0.4337867573514703,0.1259488968569306,medium,1.0
4286559,0,0.4788,11,0.205682905656312,0.5134,114.07,114.07,114.78,0.0,0.26632882882882886,0.5714285714285714,0.2996780411920506,0.5133026605321064,0.1841102173983267,medium,0.9996
4317586,0,0.6117,8,0.1690777690594549,0.1668,166.52,166.52,171.26,0.0,0.4534065315315316,0.35714285714285715,0.24634469430477046,0.16663332666533306,0.26882449849791645,high,1.0
1244212791,0,0.8099,12,0.012726439826169616,0.2422,60.06,60.06,61.18,0.0,0.7324042792792793,0.6428571428571429,0.018542247612026448,0.2420484096819364,0.09687631230416385,low,1.0
"[1323682202, 1239223038]",0,0.4883,11,0.21291315402075006,0.2461,59.07,65.01,59.07,0.0,0.27970157657657657,0.5714285714285714,0.3102124464682455,0.2459491898379676,0.09527732015376167,medium,0.9931
"[4286560, 11303480, 1239223039]",0,0.7212,12,0.08986989256316634,0.4573,1.13,1.13,10.41,0.0,0.607545045045045,0.6428571428571429,0.1309395477564549,0.4571914382876575,0.0016959007655780597,low,1.0
8376184,0,0.8142,13,0.08923555283256066,0.3666,127.44,127.44,135.92,0.0,0.7384572072072072,0.7142857142857143,0.1300153206112492,0.3664732946589318,0.20570468714668735,low,1.0
"[22617695, 22617694, 1130546455]",0,0.9428,13,0.023404547533735116,0.5,204.26,204.26,214.6,0.0,0.919481981981982,0.7142857142857143,0.03410015219627618,0.4998999799959992,0.3297800174435507,low,1.0
1130546456,0,0.8205,13,0.020468138051440245,0.0016,291.04,298.69,291.04,0.0,0.7473254504504504,0.7142857142857143,0.029821830624986716,0.0014002800560112022,0.4699421778596118,medium,0.8299
4259879,0,0.7043,12,0.1564246977805549,0.2257,103.32,112.27,103.32,0.0,0.5837556306306307,0.6428571428571429,0.22790928598655655,0.22554510902180436,0.1667474238459799,medium,0.7627
4259879,0,0.6634,12,0.17307323504843394,0.0943,205.19,214.19,205.19,0.0,0.5261824324324325,0.6428571428571429,0.25216605145235843,0.09411882376475293,0.33128210097877697,medium,0.9983
8364695,0,0.6296,14,0.14065962374348298,0.1332,177.01,177.01,181.36,0.0,0.4786036036036037,0.7857142857142857,0.20493971831131935,0.13302660532106422,0.2857673547178344,medium,0.9913
132682380,0,0.7368,12,0.028155002343353164,0.5,106.43,107.95,106.43,0.0,0.6295045045045046,0.6428571428571429,0.041021521102066874,0.4998999799959992,0.17177052039926352,low,1.0
17943473,0,0.7106,12,0.07716045752784248,0.1713,231.87,241.54,231.87,0.0,0.5926238738738739,0.6428571428571429,0.1124220179642432,0.17113422684536908,0.37437413186032237,medium,1.0
132682380,0,0.6734,12,0.039979214391148425,0.5,133.28,137.41,133.28,0.0,0.540259009009009,0.6428571428571429,0.058249289154378076,0.4998999799959992,0.21513712569047386,low,1.0
"[22617683, 4288460]",0,0.7283,12,0.10747788395238177,0.299,177.41,182.64,177.41,0.0,0.6175394144144144,0.6428571428571429,0.15659422904044437,0.2988597719543909,0.28641341215234034,medium,0.5037
22617681,0,0.8597,10,0.032370454721568166,0.4025,198.07,199.96,198.07,0.0,0.8025056306306307,0.5,0.04716339639269083,0.4023804760952191,0.3197822786445715,low,0.9994
22617681,0,0.7198,10,0.07187023538266331,0.4922,278.42,287.74,278.42,0.0,0.6055743243243243,0.5,0.10471421302181233,0.4920984196839368,0.4495590658009498,medium,1.0
4333547,0,0.9124,12,0.049607489992131514,0.5,221.27,247.63,221.27,0.0,0.8766891891891894,0.6428571428571429,0.07227759802832055,0.4998999799959992,0.3572536098459153,low,1.0
4333546,0,0.6242,12,0.1341218289770366,0.4435,171.63,185.25,171.63,0.0,0.47100225225225223,0.6428571428571429,0.19541421154988117,0.44338867773554713,0.27707788222372964,medium,0.9966
4333547,0,0.5764,12,0.1391097916094013,0.4476,253.81,259.27,253.81,0.0,0.4037162162162163,0.6428571428571429,0.20268162716596,0.4474894978995799,0.4098103821429725,medium,1.0
130883593,14,0.5288,12,0.14516936407094103,0.4997,126.75,152.01,126.75,0.10218978102189781,0.33671171171171177,0.6428571428571429,0.21151036843359008,0.4995999199839968,0.20459023807216462,medium,0.6575
4333547,9,0.477,12,0.20922562214054208,0.5407,135.05,205.58,135.05,0.06569343065693431,0.26379504504504503,0.6428571428571429,0.3048397464810551,0.5406081216243248,0.21799592983816263,medium,1.0
"[1128345673, 130883593, 1128345672]",17,0.5703,11,0.1434172174265236,0.5445,69.46,208.64,69.46,0.12408759124087591,0.39512950450450457,0.5714285714285714,0.20895750690999393,0.5444088817763553,0.11205866201505313,low,0.9989
4264793,0,0.6984,8,0.16005658590084962,0.4698,115.95,123.89,115.95,0.0,0.5754504504504505,0.35714285714285715,0.2332009135280339,0.46969393878775756,0.18714668734050457,medium,0.9998
4333547,0,0.577,12,0.09564739486879824,0.4115,313.66,313.66,321.71,0.0,0.40456081081081074,0.6428571428571429,0.13935731540480134,0.4113822764552911,0.506476725780922,medium,0.9986
11303483,0,0.6387,12,0.1087634770132053,0.4678,395.83,395.83,403.71,0.0,0.4914132882882884,0.6428571428571429,0.15846732628971588,0.46769353870774155,0.6391930742643022,medium,0.9224
11303483,0,0.6591,9,0.09654335279087084,0.4272,248.65,248.65,257.68,0.0,0.5201295045045046,0.42857142857142855,0.1406627178454634,0.42708541708341674,0.40147624123784603,medium,0.853
11303483,0,0.6421,12,0.18268921484151712,0.0348,371.88,382.4,371.88,0.0,0.49619932432432434,0.6428571428571429,0.2661764454474355,0.03460692138427685,0.6005103853732597,high,1.0
4798248,0,0.6427,11,0.13999405210157043,0.0374,264.57,268.15,264.57,0.0,0.497043918918919,0.5714285714285714,0.20396998655898635,0.03720744148829766,0.42718932713118196,high,0.9985
11303483,0,0.7302,12,0.08353448369291726,0.0192,395.44,404.53,395.44,0.0,0.620213963963964,0.6428571428571429,0.12170891538179637,0.01900380076015203,0.6385631682656588,high,0.9715
566873515,0,1.0,12,0.14695653232879485,0.3335,277.94,284.82,277.94,0.0,1.0,0.6428571428571429,0.21411425612541304,0.33336667333466696,0.4487837968795426,low,0.9989
"[10074853, 24284622]",0,0.6863,12,0.1483763137024901,0.2538,257.76,267.58,257.76,0.0,0.5584177927927928,0.6428571428571429,0.21618286451066054,0.25365073014602924,0.4161901993087186,medium,1.0
566873515,0,0.6548,12,0.14695653232879488,0.3335,276.84,284.57,276.84,0.0,0.5140765765765767,0.6428571428571429,0.2141142561254131,0.33336667333466696,0.44700713893465127,medium,0.9998
4265038,0,0.734,8,0.08894722618864091,0.0783,62.1,70.35,62.1,0.0,0.6255630630630631,0.35714285714285715,0.12959523134655465,0.07811562312462492,0.10017120522014408,medium,1.0
7742915,0,0.7199,12,0.08469152704537898,0.5,194.68,201.75,194.68,0.0,0.6057150900900901,0.6428571428571429,0.12339471688993119,0.4998999799959992,0.31430694188713376,low,0.9997
7742915,0,0.7346,12,0.0687300085378522,0.5,142.44,142.44,172.62,0.0,0.6264076576576577,0.6428571428571429,0.10013893143050037,0.4998999799959992,0.2299318409406596,low,1.0
8370295,6,0.7114,12,0.16253699618382522,0.5,291.75,291.75,315.84,0.043795620437956206,0.5937500000000001,0.6428571428571429,0.23681484846568068,0.4998999799959992,0.47108892980585976,medium,1.0
7742915,0,0.7346,12,0.0687300085378522,0.5,142.44,142.44,172.62,0.0,0.6264076576576577,0.6428571428571429,0.10013893143050037,0.4998999799959992,0.2299318409406596,low,1.0
7742915,0,0.781,12,0.015409900794503986,0.5,149.7,149.7,183.28,0.0,0.691722972972973,0.6428571428571429,0.022452025528138412,0.4998999799959992,0.2416577833769422,low,1.0
8370292,6,0.6876,12,0.1654393478816611,0.5,278.66,278.66,287.54,0.043795620437956206,0.5602477477477478,0.6428571428571429,0.24104354815868656,0.4998999799959992,0.44994670026165334,medium,1.0
8370292,6,0.6876,12,0.16543934788166112,0.5,278.66,278.66,287.54,0.043795620437956206,0.5602477477477478,0.6428571428571429,0.2410435481586866,0.4998999799959992,0.44994670026165334,medium,1.0
8370292,10,0.7099,12,0.1181967022676958,0.5,306.52,306.52,347.9,0.072992700729927,0.5916385135135135,0.6428571428571429,0.17221144860523785,0.4998999799959992,0.4949446005749911,medium,0.9996
8370295,6,0.7114,12,0.16253699618382522,0.5,291.75,291.75,315.84,0.043795620437956206,0.5937500000000001,0.6428571428571429,0.23681484846568068,0.4998999799959992,0.47108892980585976,medium,1.0
8370292,10,0.7099,12,0.11819670226769577,0.5,306.52,306.52,347.9,0.072992700729927,0.5916385135135135,0.6428571428571429,0.17221144860523782,0.4998999799959992,0.4949446005749911,medium,0.9996
8370292,9,0.7642,12,0.06453205147941979,0.1878,279.79,279.79,327.98,0.06569343065693431,0.6680743243243243,0.6428571428571429,0.09402254665966728,0.18763752750550108,0.45177181251413256,medium,0.9979
8370296,6,0.7565,12,0.13466775972485867,0.4805,309.95,315.12,309.95,0.043795620437956206,0.6572353603603603,0.6428571428571429,0.19620962762142036,0.48039607921584315,0.5004845430758794,medium,0.9998
7742915,0,0.8447,12,0.022158948263191595,0.3077,248.53,251.71,248.53,0.0,0.7813907657657657,0.6428571428571429,0.03228532553109869,0.3075615123024605,0.40128242400749425,low,1.0
7742915,0,0.7199,12,0.08469152704537901,0.5,194.68,201.75,194.68,0.0,0.6057150900900901,0.6428571428571429,0.12339471688993123,0.4998999799959992,0.31430694188713376,low,0.9997
8370296,6,0.7565,12,0.13466775972485864,0.4805,309.95,315.12,309.95,0.043795620437956206,0.6572353603603603,0.6428571428571429,0.19620962762142033,0.48039607921584315,0.5004845430758794,medium,0.9998
"[1206993181, 4297149, 1494488343]",0,0.7463,12,0.12771280944352983,0.3552,344.82,353.34,344.82,0.0,0.6428772522522522,0.6428571428571429,0.18607632911681252,0.3550710142028406,0.5568045999289337,medium,1.0
4333615,0,0.7522,12,0.11696220562105077,0.2344,146.4,146.4,156.32,0.0,0.6511824324324325,0.6428571428571429,0.17041279836082499,0.23424684936987397,0.2363278095422683,low,0.9213
1462341477,0,0.7509,10,0.12084958147796873,0.0118,136.67,145.18,136.67,0.0,0.6493524774774775,0.5,0.17607666918151316,0.011602320464092817,0.22061246244791158,medium,1.0
4333613,0,0.8789,9,0.05228437136764379,0.2311,89.44,96.98,89.44,0.0,0.8295326576576577,0.42857142857142855,0.07617778953828895,0.23094618923784757,0.14432923086862423,low,0.9989
1462341477,0,0.7509,10,0.12084958147796875,0.0118,136.67,145.18,136.67,0.0,0.6493524774774775,0.5,0.17607666918151318,0.011602320464092817,0.22061246244791158,medium,1.0
1514089513,0,0.9878,12,0.0029895507535423805,0.4836,256.44,314.81,256.44,0.0,0.9828265765765766,0.6428571428571429,0.004355689910231586,0.48349669933986794,0.41405820977484903,low,1.0
"[4297149, 1206993181, 1494488343]",0,0.7463,12,0.12771280944352983,0.3552,344.82,353.34,344.82,0.0,0.6428772522522522,0.6428571428571429,0.18607632911681252,0.3550710142028406,0.5568045999289337,medium,1.0
"[1514089513, 6273292]",0,0.7467,12,0.13990526400626233,0.3151,203.91,299.8,203.91,0.0,0.6434403153153154,0.6428571428571429,0.20384062312186332,0.31496299259851973,0.32921471718835804,medium,0.9955
4297152,0,0.7331,12,0.1460781582111546,0.341,267.14,276.21,267.14,0.0,0.6242961711711712,0.6428571428571429,0.21283447312586162,0.340868173634727,0.4313402461478826,medium,1.0
40708683,0,0.826,8,0.10222248910848601,0.2575,159.35,159.35,202.18,0.0,0.7550675675675677,0.35714285714285715,0.148937167155223,0.25735147029405886,0.2572439189843977,medium,1.0
878044887,0,0.8737,8,0.04777665600244502,0.5,229.63,229.63,276.57,0.0,0.822212837837838,0.35714285714285715,0.06961008976738002,0.4998999799959992,0.37075621022708916,medium,0.9998
135556937,0,0.7738,10,0.05903266410478309,0.1055,379.77,379.77,384.81,0.0,0.6815878378378379,0.5,0.08600998990433445,0.10532106421284256,0.6132538682688892,high,0.9961
7742906,0,0.6337,16,0.04432010109204492,0.2102,428.98,436.61,428.98,0.0,0.48437500000000006,0.9285714285714286,0.06457392109789531,0.21004200840168033,0.6927350841489809,medium,0.9998
8375943,16,0.7265,14,0.05979564655194218,0.2938,302.35,302.35,314.65,0.11678832116788321,0.6150056306306307,0.7857142857142857,0.08712164830275539,0.29365873174634927,0.48820945182026687,low,1.0
17940471,0,0.7902,14,0.05321652562407739,0.0339,348.7,352.54,348.7,0.0,0.7046734234234234,0.7857142857142857,0.07753592970474571,0.033706741348269655,0.5630713570436412,medium,0.9994
7742909,0,0.6583,10,0.034228601468600864,0.4413,166.56,166.56,168.82,0.0,0.5190033783783784,0.5,0.04987069908953351,0.44118823764752957,0.268889104241367,medium,0.9913
7742909,0,0.5921,14,0.07379110311707987,0.0028,174.29,188.14,174.29,0.0,0.4258164414414414,0.7857142857142857,0.10751289961961125,0.002600520104020804,0.2813741641631941,medium,0.9924
891932104,0,0.6605,14,0.06856768687653307,0.2209,225.15,227.08,225.15,0.0,0.5221002252252253,0.7857142857142857,0.09990243026494548,0.22074414882976595,0.3635203669606228,low,0.9836
891932104,0,0.735,16,0.0726776583969502,0.2427,107.71,107.71,113.01,0.0,0.6269707207207207,0.9285714285714286,0.1058906209172396,0.24254850970194036,0.17383790418968245,low,1.0
7742909,0,0.5921,14,0.07379110311707987,0.0028,174.29,188.14,174.29,0.0,0.4258164414414414,0.7857142857142857,0.10751289961961125,0.002600520104020804,0.2813741641631941,medium,0.9924
236957434,0,0.6929,12,0.058083223282763496,0.2165,248.51,248.51,255.3,0.0,0.5677083333333333,0.6428571428571429,0.08462666337102866,0.21634326865373074,0.40125012113576897,medium,1.0
236957434,0,0.7457,12,0.06589819000554704,0.2976,132.33,132.33,141.11,0.0,0.6420326576576577,0.6428571428571429,0.09601299791006032,0.29745949189837967,0.2136027392835223,low,1.0
236957434,0,0.6751,8,0.06957227522896547,0.196,372.86,372.86,378.58,0.0,0.5426520270270271,0.35714285714285715,0.10136610624215242,0.19583916783356672,0.6020932260877992,high,1.0
7742907,0,0.576,12,0.19146910453741406,0.196,288.19,297.97,288.19,0.0,0.4031531531531531,0.6428571428571429,0.2789686638713256,0.19583916783356672,0.46533901863875704,high,0.9995
236957434,0,0.6929,12,0.058083223282763496,0.2165,248.51,248.51,255.3,0.0,0.5677083333333333,0.6428571428571429,0.08462666337102866,0.21634326865373074,0.40125012113576897,medium,1.0
22617682,0,0.6299,10,0.12331698288779899,0.5,25.99,25.99,90.49,0.0,0.47902590090090097,0.5,0.17967165031079926,0.4998999799959992,0.04184837032012146,low,0.9687
"[22617681, 1117401638, 1431967631]",0,0.745,8,0.10782004998085043,0.3615,42.05,42.05,42.33,0.0,0.6410472972972974,0.35714285714285715,0.15709276179256443,0.361372274454891,0.06778757631553445,medium,0.9995
4252418,0,0.9177,10,0.019510960441971075,0.0554,140.85,141.82,140.85,0.0,0.8841497747747747,0.5,0.02842723166362292,0.05521104220844169,0.22736376263849853,low,0.9994
4711504,0,0.8419,12,0.032736983956894276,0.0554,158.34,161.02,158.34,0.0,0.7774493243243245,0.6428571428571429,0.04769742611281637,0.05521104220844169,0.25561262396227025,low,1.0
4252418,4,0.7385,12,0.016246609113044524,0.2771,19.16,19.16,20.31,0.029197080291970802,0.6318975225225226,0.6428571428571429,0.023671101842144757,0.27695539107821565,0.030816939625932748,low,1.0
8375949,0,0.7303,12,0.008434951919441028,0.0224,264.65,264.65,281.06,0.0,0.6203547297297297,0.6428571428571429,0.012289589256647573,0.022204440888177635,0.42731853861808317,medium,1.0
8375949,0,0.788,12,0.0018765756651980454,0.002,179.67,189.41,179.67,0.0,0.7015765765765767,0.6428571428571429,0.0027340954570458493,0.0018003600720144029,0.2900636366572988,low,0.9963
"[224180698, 1377379978]",0,0.8543,10,0.04059061108649297,0.17,230.63,230.63,271.88,0.0,0.7949042792792793,0.5,0.059140088508514266,0.1698339667933587,0.372371353813354,medium,0.9998
8375948,0,0.7838,12,0.040773378323955396,0.2624,173.78,182.78,173.78,0.0,0.6956644144144145,0.6428571428571429,0.05940637869020561,0.26225245049009804,0.28055044093419906,low,1.0
"[8375946, 8375948, 1377379986, 1377379988, 1377379989, 17940470, 1377379991, 1377379990]",0,0.793,12,0.018606741512529532,0.0827,272.37,272.37,287.6,0.0,0.708614864864865,0.6428571428571429,0.027109793011308437,0.08251650330066013,0.4397874471040476,medium,0.9954
8375949,0,0.7303,12,0.008434951919441028,0.0224,264.65,264.65,281.06,0.0,0.6203547297297297,0.6428571428571429,0.012289589256647573,0.022204440888177635,0.42731853861808317,medium,1.0
8385224,0,0.8881,14,0.03133276954762346,0.5,97.19,97.19,103.12,0.0,0.8424831081081082,0.7857142857142857,0.04565149865136311,0.4998999799959992,0.15684659366217657,low,1.0
"[224180985, 1064384186, 1064384187]",28,0.7973,14,0.05731831155708461,0.2021,180.86,180.86,181.15,0.20437956204379562,0.7146677927927929,0.7857142857142857,0.08351219403157309,0.20194038807761552,0.291985657524954,low,1.0
"[224181624, 224182172, 224181623]",0,0.8602,14,0.0002587673961257717,0.099,83.5,83.5,86.2,0.0,0.8032094594594595,0.7857142857142857,0.0003769637090673402,0.09881976395279056,0.1347352779662112,low,1.0
"[1377379992, 8375948]",16,0.6997,14,0.057318311557084604,0.3193,107.38,112.81,107.38,0.11678832116788321,0.5772804054054054,0.7857142857142857,0.08351219403157308,0.3191638327665533,0.17330490680621508,low,1.0
"[22617683, 4288460]",0,0.7283,12,0.10747788395238173,0.299,177.41,182.64,177.41,0.0,0.6175394144144144,0.6428571428571429,0.15659422904044432,0.2988597719543909,0.28641341215234034,medium,0.5037
"[1064395420, 22617685, 562087583]",0,0.7081,12,0.04651881747238551,0.411,0.52,0.52,11.87,0.0,0.5891047297297297,0.6428571428571429,0.06777743061381165,0.41088217643528707,0.0007106631779565203,low,1.0
"[22617685, 1064395421]",0,0.9735,12,0.04598244507713975,0.5,132.33,132.33,132.85,0.0,0.9626970720720721,0.6428571428571429,0.06699594097394347,0.4998999799959992,0.2136027392835223,low,1.0
"[1064395422, 4247639]",0,0.7855,12,0.03644763499567967,0.5,23.95,23.95,26.2,0.0,0.6980574324324325,0.6428571428571429,0.053103810501125955,0.4998999799959992,0.03855347740414123,low,1.0
34116602,0,0.7827,8,0.042525616199398646,0.4796,330.23,341.48,330.23,0.0,0.694115990990991,0.35714285714285715,0.06195937313656616,0.479495899179836,0.53323965500533,medium,0.9366
"[22617685, 1064395421]",0,0.9735,12,0.04598244507713975,0.5,132.33,132.33,132.85,0.0,0.9626970720720721,0.6428571428571429,0.06699594097394347,0.4998999799959992,0.2136027392835223,low,1.0
38056402,0,0.6907,8,0.11504447448959727,0.1443,33.63,41.33,33.63,0.0,0.5646114864864865,0.35714285714285715,0.16761868176465508,0.14412882576515304,0.054188067319184685,medium,1.0
"[1064395422, 4247639]",0,0.7855,12,0.03644763499567968,0.5,23.95,23.95,26.2,0.0,0.6980574324324325,0.6428571428571429,0.05310381050112596,0.4998999799959992,0.03855347740414123,low,1.0
"[1064395424, 1064395422, 1064395423]",0,0.606,12,0.15150673784514843,0.3686,36.3,36.3,38.59,0.0,0.44538288288288286,0.6428571428571429,0.22074386365521906,0.3684736947389478,0.058500500694511744,low,0.9974
"[1377259870, 1377259871]",0,0.7301,14,0.11829002326446347,0.1898,242.46,242.46,245.34,0.0,0.6200731981981982,0.7857142857142857,0.17234741643803936,0.1896379275855171,0.39147850243886684,low,0.594
"[4317203, 1377259871]",0,0.7203,14,0.08671164230265842,0.0703,308.21,308.21,313.06,0.0,0.6062781531531533,0.7857142857142857,0.12633800621446883,0.0701140228045609,0.49767419323577866,medium,1.0
"[1377259872, 1377259873, 1377259874, 1425509252, 1425509253]",0,0.7115,16,0.07272889478543738,0.0821,358.34,358.34,361.38,0.0,0.5938907657657658,0.9285714285714286,0.10596527186337684,0.08191638327665533,0.578641341215234,medium,0.7171
"[8117313, 1377259873]",0,0.5736,13,0.09271526670095663,0.3005,193.88,193.88,199.77,0.0,0.3997747747747748,0.7142857142857143,0.13508523166923925,0.3003600720144029,0.3130148270181219,medium,0.9986
1377259870,0,0.6447,9,0.12126528865405084,0.1487,173.94,181.9,173.94,0.0,0.49985923423423434,0.42857142857142855,0.17668235070838997,0.14852970594118822,0.2808088639080014,high,0.9476
264032009,0,0.7158,10,0.16536498511615322,0.5,251.7,260.7,251.7,0.0,0.5999436936936937,0.5,0.24093520229422474,0.4998999799959992,0.4064024291759537,medium,0.9993
1377259870,0,0.6447,9,0.12126528865405084,0.1487,173.94,181.9,173.94,0.0,0.49985923423423434,0.42857142857142855,0.17668235070838997,0.14852970594118822,0.2808088639080014,high,0.9476
1377259870,0,0.7456,11,0.12161115833036311,0.2131,207.94,214.63,207.94,0.0,0.641891891891892,0.5714285714285714,0.17718627964130748,0.21294258851770353,0.33572374584100523,medium,1.0
7470361,0,0.5249,7,0.15245846608361177,0.1728,138.68,140.82,138.68,0.0,0.3312218468468469,0.2857142857142857,0.22213052293321622,0.17263452690538109,0.2238589010563039,high,1.0
8117310,0,0.7099,12,0.1369122874344507,0.5,360.63,369.45,360.63,0.0,0.5916385135135135,0.6428571428571429,0.19947988382213241,0.4998999799959992,0.5823400200277805,medium,0.9999
264032009,0,0.7158,10,0.16536498511615322,0.5,251.7,260.7,251.7,0.0,0.5999436936936937,0.5,0.24093520229422474,0.4998999799959992,0.4064024291759537,medium,0.9993
264032009,0,0.7587,10,0.13047738908492523,0.5,259.36,464.42,259.36,0.0,0.6603322072072073,0.5,0.19010429619246913,0.4998999799959992,0.41877442904674234,medium,1.0
8117310,0,0.7419,14,0.1360603185449064,0.4055,416.02,423.8,416.02,0.0,0.6366835585585586,0.7857142857142857,0.1982385729967239,0.4053810762152431,0.6718028232709888,medium,1.0
8117310,0,0.6475,14,0.17409227894067886,0.1045,556.48,556.48,560.77,0.0,0.5038006756756757,0.7857142857142857,0.2536507890179363,0.10432086417283455,0.8986658913977452,high,1.0
"[1377259874, 1353894693]",0,0.7302,14,0.08900472438024684,0.5,380.22,546.78,380.22,0.0,0.620213963963964,0.7857142857142857,0.12967900568216453,0.4998999799959992,0.6139806828827084,medium,0.8564
"[1377259872, 1377259873, 1377259874, 1425509252, 1425509253]",0,0.7115,16,0.0727288947854374,0.0821,358.34,358.34,361.38,0.0,0.5938907657657658,0.9285714285714286,0.10596527186337686,0.08191638327665533,0.578641341215234,medium,0.7171
746727479,0,0.6199,11,0.07235298483108664,0.3431,224.68,595.42,224.68,0.0,0.46494932432432434,0.5714285714285714,0.10541757452202909,0.3429685937187438,0.3627612494750783,medium,1.0
746727479,0,0.5813,9,0.1174512035534004,0.3452,176.23,581.62,176.23,0.0,0.4106137387387388,0.42857142857142855,0.17112526384457366,0.34506901380276056,0.28450754272054785,high,0.6692
8376163,0,0.9988,12,0.0012161006172001323,0.5,161.12,161.12,168.39,0.0,0.998310810810811,0.6428571428571429,0.0017717893951067127,0.4998999799959992,0.26010272313208643,low,1.0
"[1067663274, 14001979]",0,0.5866,12,0.14370530766542366,0.1468,130.02,130.02,137.53,0.0,0.41807432432432434,0.6428571428571429,0.2093772517347521,0.14662932586517305,0.20987175759925059,medium,1.0
223186897,0,0.6649,12,0.08086534356253236,0.5,180.86,180.86,190.1,0.0,0.528293918918919,0.6428571428571429,0.11782000279468147,0.4998999799959992,0.291985657524954,low,0.9966
132682380,0,0.891,12,0.00913220366124414,0.5,74.08,76.02,74.08,0.0,0.8465653153153153,0.6428571428571429,0.013305478622746496,0.4998999799959992,0.1195206253835966,low,1.0
24397110,0,0.6553,12,0.1206137750950834,0.0228,163.02,174.6,163.02,0.0,0.5147804054054054,0.6428571428571429,0.17573310145343268,0.022604520904180837,0.2631714959459896,medium,1.0
"[385446160, 132682380]",0,0.7028,12,0.0060776793948269636,0.2385,9.05,9.05,16.76,0.0,0.5816441441441441,0.6428571428571429,0.008855064898831326,0.23834766953390676,0.014487837968795427,low,1.0
8376161,0,0.884,12,0.0210719042510757,0.0124,219.45,219.45,229.37,0.0,0.8367117117117119,0.6428571428571429,0.030701512417151845,0.012202440488097618,0.3543140485189133,low,0.9988
8376161,0,0.6712,12,0.09165785998295982,0.0019,215.79,215.79,225.95,0.0,0.5371621621621622,0.6428571428571429,0.1335445998198636,0.0017003400680136026,0.3484026229931841,medium,1.0
24397110,0,0.6553,12,0.12061377509508343,0.0228,163.02,174.6,163.02,0.0,0.5147804054054054,0.6428571428571429,0.17573310145343274,0.022604520904180837,0.2631714959459896,medium,1.0
8376161,0,0.7651,12,0.037239258659654585,0.3399,244.63,244.63,252.94,0.0,0.6693412162162162,0.6428571428571429,0.05425719888866112,0.33976795359071815,0.39498336402106143,low,0.9891
8364693,0,0.6262,12,0.12383286394183426,0.1143,140.92,145.93,140.92,0.0,0.47381756756756754,0.6428571428571429,0.1804232842552496,0.11412282456491298,0.22747682268953706,medium,1.0
17943473,0,0.7106,12,0.07716045752784248,0.1713,231.87,241.54,231.87,0.0,0.5926238738738739,0.6428571428571429,0.1124220179642432,0.17113422684536908,0.37437413186032237,medium,1.0
8376161,0,0.6331,12,0.1512323060949045,0.0019,223.38,223.38,233.48,0.0,0.48353040540540543,0.6428571428571429,0.22034401912263782,0.0017003400680136026,0.36066156281293404,medium,0.7725
17943474,0,0.7091,12,0.06952410638807428,0.1167,163.5,172.47,163.5,0.0,0.5905123873873873,0.6428571428571429,0.10129592468461035,0.11652330466093218,0.2639467648673967,medium,0.9416
223186897,0,0.6649,12,0.08086534356253235,0.5,180.86,180.86,190.1,0.0,0.528293918918919,0.6428571428571429,0.11782000279468145,0.4998999799959992,0.291985657524954,low,0.9966
4286556,0,0.7525,14,0.053854022948062616,0.0912,346.48,347.89,346.48,0.0,0.6516047297297297,0.7857142857142857,0.07846475743442385,0.09101820364072814,0.5594857382821333,medium,0.9997
8376171,0,0.6538,14,0.13704765336827468,0.0078,350.26,350.26,353.96,0.0,0.512668918918919,0.7857142857142857,0.1996771107409899,0.007601520304060812,0.5655909810382144,medium,0.925
4286556,0,0.7082,13,0.07703992169411737,0.3194,62.92,62.92,64.16,0.0,0.5892454954954957,0.7142857142857143,0.11224639836464415,0.31926385277055414,0.10149562296088123,low,1.0
8376167,0,0.8569,14,0.027805385531846024,0.0508,227.06,230.06,227.06,0.0,0.7985641891891891,0.7857142857142857,0.04051213262768167,0.05061012202440488,0.3666052912103886,low,1.0
8376167,0,0.6745,10,0.07979586330034469,0.0508,261.38,261.38,264.77,0.0,0.5418074324324325,0.5,0.11626177990261741,0.05061012202440488,0.4220370190909972,high,0.9702
51238993,0,0.8006,10,0.062259883792632593,0.4354,225.6,225.6,227.93,0.0,0.719313063063063,0.5,0.09071201926674682,0.4352870574114823,0.36424718157444197,medium,0.9811
4264830,0,0.7299,12,0.08185327817004884,0.1915,188.15,195.72,188.15,0.0,0.6197916666666667,0.6428571428571429,0.11925941441892737,0.1913382676535307,0.3037600542688245,medium,0.9369
4264830,0,0.7327,12,0.07693007277534691,0.1915,290.88,298.8,290.88,0.0,0.6237331081081081,0.6428571428571429,0.11208634950170723,0.1913382676535307,0.4696837548858094,medium,1.0
8399705,0,0.6635,12,0.13484092248338986,0.0792,267.37,267.37,269.62,0.0,0.5263231981981982,0.6428571428571429,0.1964619241657664,0.07901580316063213,0.4317117291727235,medium,0.9425
4471783,0,0.6475,10,0.1578481215139379,0.3533,120.71,120.71,129.38,0.0,0.5038006756756757,0.5,0.22998320125632285,0.35317063412682537,0.1948347708111251,medium,1.0
"[828621640, 1182143426, 1415880317, 164587410]",1,0.4924,10,0.12438995220218896,0.5,83.58,83.58,85.63,0.0072992700729927005,0.28547297297297297,0.5,0.1812349567197878,0.4998999799959992,0.13486448945311239,medium,1.0
4471783,0,0.7022,8,0.1711830038860204,0.1373,156.9,166.43,156.9,0.0,0.5807995495495496,0.35714285714285715,0.24941200205780423,0.13712742548509702,0.2532868171980489,high,0.9998
4471783,0,0.6475,10,0.1578481215139379,0.3533,120.71,120.71,129.38,0.0,0.5038006756756757,0.5,0.22998320125632285,0.35317063412682537,0.1948347708111251,medium,1.0
259286470,0,0.7103,14,0.1233256456336188,0.3032,276.51,276.51,282.5,0.0,0.5922015765765767,0.7857142857142857,0.1796842718516746,0.3030606121224245,0.4464741415511839,medium,0.8695
4471708,0,0.7887,12,0.07905013159303571,0.1653,203.0,212.19,203.0,0.0,0.7025619369369369,0.6428571428571429,0.1151752556732783,0.16513302660532106,0.32774493652485703,medium,0.5666
"[1096451370, 1096451371]",1,0.8573,11,0.049452056727752214,0.1653,135.72,145.21,135.72,0.0072992700729927005,0.7991272522522521,0.5714285714285714,0.07205113319366466,0.16513302660532106,0.21907807604096002,low,1.0
"[1096451372, 23046215]",0,0.7009,12,0.16151472724793817,0.1218,246.59,258.24,246.59,0.0,0.5789695945945946,0.6428571428571429,0.23532541204121898,0.12162432486497299,0.3981490454501405,medium,0.9986
4859717,0,0.77,14,0.09254783902935927,0.2355,353.41,365.01,353.41,0.0,0.6762387387387389,0.7857142857142857,0.1348412910937355,0.23534706941388275,0.5706786833349485,medium,0.9979
23046215,1,0.672,12,0.1785296195383865,0.4719,245.23,550.22,245.23,0.0072992700729927005,0.5382882882882883,0.6428571428571429,0.26011595340076427,0.47179435887177434,0.3959524501728203,medium,1.0
"[1096451372, 23046215]",0,0.7009,12,0.16151472724793817,0.1218,246.59,258.24,246.59,0.0,0.5789695945945946,0.6428571428571429,0.23532541204121898,0.12162432486497299,0.3981490454501405,medium,0.9986
12542953,0,0.6499,12,0.13818235648349095,0.4539,166.57,177.92,166.57,0.0,0.5071790540540542,0.6428571428571429,0.20133036272921231,0.4537907581516304,0.26890525567722967,medium,0.9415
12542953,0,0.7427,14,0.06475386998191707,0.252,302.88,311.3,302.88,0.0,0.6378096846846848,0.7857142857142857,0.09434573417485113,0.25185037007401484,0.4890654779209872,low,0.9243
259286470,0,0.7103,14,0.12332564563361882,0.3032,276.51,276.51,282.5,0.0,0.5922015765765767,0.7857142857142857,0.17968427185167463,0.3030606121224245,0.4464741415511839,medium,0.8695
259286470,0,0.7934,14,0.05035841749876788,0.2736,343.36,354.88,343.36,0.0,0.709177927927928,0.7857142857142857,0.07337169248942621,0.27345469093818764,0.5544464902929871,low,0.9845
54582252,0,0.7098,10,0.12456826070846595,0.0675,244.86,244.86,254.79,0.0,0.5914977477477478,0.5,0.181494750571207,0.0673134626925385,0.3953548470459024,high,0.9529
259286470,0,0.74,12,0.13123037660172382,0.0587,309.84,318.39,309.84,0.0,0.634009009009009,0.6428571428571429,0.19120139206940842,0.0585117023404681,0.5003068772813903,medium,0.964
259286470,0,0.7022,12,0.14486849419762488,0.1025,147.88,176.17,147.88,0.0,0.5807995495495496,0.6428571428571429,0.21107200379918847,0.10232046409281854,0.23871822204994023,medium,1.0
12542953,0,0.6499,12,0.13818235648349098,0.4539,166.57,177.92,166.57,0.0,0.5071790540540542,0.6428571428571429,0.20133036272921234,0.4537907581516304,0.26890525567722967,medium,0.9415
"[210324553, 1182143425, 1130423865]",0,0.5936,8,0.061167499933047584,0.5,17.31,17.31,20.0,0.0,0.42792792792792794,0.35714285714285715,0.08912042604421762,0.4998999799959992,0.027828923991342833,medium,0.9975
4471812,0,0.543,6,0.18342562551083036,0.5,137.76,137.76,147.65,0.0,0.3567004504504505,0.21428571428571427,0.26724938901026185,0.4998999799959992,0.22237296895694025,high,1.0
"[1414910037, 1414910038]",0,0.7788,6,0.06798692622542284,0.5,91.42,91.42,100.94,0.0,0.6886261261261263,0.21428571428571427,0.09905626734509984,0.4998999799959992,0.14752721516942857,medium,1.0
4471813,0,0.6378,12,0.19264780169829432,0.5,116.12,116.12,127.21,0.0,0.49014639639639646,0.6428571428571429,0.280686014778894,0.4998999799959992,0.1874212617501696,medium,0.8538
4471813,0,0.6348,9,0.1882103120627338,0.4863,170.23,170.23,175.8,0.0,0.4859234234234235,0.42857142857142855,0.2742206332492871,0.4861972394478896,0.27481668120295893,medium,0.8225
"[30047762, 8117301]",0,0.7513,9,0.13393976460449702,0.5,243.65,243.65,253.39,0.0,0.6499155405405406,0.42857142857142855,0.19514894543590905,0.4998999799959992,0.3934005233065219,medium,0.9996
8117299,0,1.0,11,0.09654439751292132,0.5,190.9,193.5,190.9,0.0,1.0,0.5714285714285714,0.14066423999586902,0.4998999799959992,0.3082016991310527,low,1.0
8117299,0,0.6972,9,0.12965863331837368,0.2461,134.54,223.99,134.54,0.0,0.5737612612612614,0.42857142857142855,0.18891137658136725,0.2459491898379676,0.21717220660916753,medium,0.9996
4471812,1,0.6392,7,0.14669771158358716,0.6971,77.32,121.14,77.32,0.0072992700729927005,0.49211711711711714,0.2857142857142857,0.2137371566833918,0.6970394078815764,0.12475369060309462,medium,1.0
8117299,0,0.6972,9,0.12965863331837368,0.2461,134.54,223.99,134.54,0.0,0.5737612612612614,0.42857142857142855,0.18891137658136725,0.2459491898379676,0.21717220660916753,medium,0.9996
8117299,0,0.6639,12,0.12355307580948098,0.5,102.32,102.32,111.24,0.0,0.5268862612612614,0.6428571428571429,0.18001563552326746,0.4998999799959992,0.16513228025971508,low,1.0
828621694,0,0.8404,12,0.03559258521868366,0.5,15.77,15.77,20.31,0.0,0.7753378378378378,0.6428571428571429,0.051858010851075324,0.4998999799959992,0.02534160286849501,low,1.0
828621694,1,0.7198,12,0.07737917269908122,0.6419,128.4,129.74,128.4,0.0072992700729927005,0.6055743243243243,0.6428571428571429,0.11274068395436515,0.6418283656731346,0.20725522498950155,low,1.0
4471805,0,0.7393,10,0.09039671503458695,0.4852,220.34,226.6,220.34,0.0,0.6330236486486486,0.5,0.13170712324526487,0.4850970194038808,0.355751526310689,medium,1.0
259286470,0,0.7934,14,0.05035841749876787,0.2736,343.36,354.88,343.36,0.0,0.709177927927928,0.7857142857142857,0.07337169248942621,0.27345469093818764,0.5544464902929871,low,0.9845
259286470,0,0.74,12,0.13123037660172382,0.0587,309.84,318.39,309.84,0.0,0.634009009009009,0.6428571428571429,0.19120139206940842,0.0585117023404681,0.5003068772813903,medium,0.964
54582252,0,0.7098,10,0.12456826070846595,0.0675,244.86,244.86,254.79,0.0,0.5914977477477478,0.5,0.181494750571207,0.0673134626925385,0.3953548470459024,high,0.9529
"[4798947, 54582254]",0,0.7424,7,0.09858129039008298,0.363,125.89,125.89,136.06,0.0,0.6373873873873873,0.2857142857142857,0.1436319741580527,0.36287257451490296,0.20320121458797688,medium,0.9989
"[1128345681, 753622270]",0,0.613,7,0.044167918065655246,0.5,36.67,36.67,42.5,0.0,0.4552364864864865,0.2857142857142857,0.06435219183005551,0.4998999799959992,0.05909810382142973,medium,1.0
8385199,0,0.7372,12,0.08772408474985152,0.4996,211.47,219.08,211.47,0.0,0.6300675675675675,0.6428571428571429,0.12781312553540566,0.499499899979996,0.34142520270052007,low,0.9991
34022688,0,0.6907,12,0.08114292673516338,0.5,195.52,209.1,195.52,0.0,0.5646114864864865,0.6428571428571429,0.11822443892065601,0.4998999799959992,0.3156636624995962,low,0.9974
34022688,0,0.7305,12,0.0890344863675115,0.2069,137.56,137.56,145.26,0.0,0.6206362612612614,0.6428571428571429,0.1297223686235004,0.20674134826965393,0.2220499402396873,low,0.9832
199773279,0,0.6922,12,0.0027947676394203575,0.2838,117.05,500.58,117.05,0.0,0.566722972972973,0.6428571428571429,0.004071892706913774,0.2836567313462693,0.18892334528539587,low,1.0
8385196,0,0.5945,12,0.17476526659592298,0.1937,167.35,465.22,167.35,0.0,0.4291948198198199,0.6428571428571429,0.2546313258333917,0.1935387077415483,0.27016506767451626,medium,0.9999
199773279,13,0.6632,12,0.00042502621892848846,0.5278,22.2,404.65,22.2,0.0948905109489051,0.5259009009009009,0.6428571428571429,0.0006192012826424506,0.5277055411082217,0.035726976128177795,low,1.0
4471755,0,0.7332,14,0.14470988520179232,0.2402,270.25,270.25,276.99,0.0,0.6244369369369369,0.7857142857142857,0.21084091195305377,0.24004800960192038,0.43636334270116617,medium,0.987
4471755,0,0.7278,16,0.15515968832250984,0.4391,205.83,559.76,205.83,0.0,0.6168355855855856,0.9285714285714286,0.2260661788569577,0.4389877975595119,0.3323157928739865,low,1.0
4859717,0,0.77,14,0.09254783902935927,0.2355,353.41,365.01,353.41,0.0,0.6762387387387389,0.7857142857142857,0.1348412910937355,0.23534706941388275,0.5706786833349485,medium,0.9979
4859717,0,0.6946,16,0.15269639704471133,0.5,348.52,348.52,355.23,0.0,0.5701013513513514,0.9285714285714286,0.22247718615218742,0.4998999799959992,0.5627806311981135,low,0.9987
4471803,2,0.7285,12,0.04904527725304651,0.5,319.16,420.2,319.16,0.014598540145985401,0.617820945945946,0.6428571428571429,0.0714584592454689,0.4998999799959992,0.5153600155053785,medium,0.9423
12542953,0,0.7427,14,0.06475386998191707,0.252,302.88,311.3,302.88,0.0,0.6378096846846848,0.7857142857142857,0.09434573417485113,0.25185037007401484,0.4890654779209872,low,0.9243
12542953,0,0.732,8,0.08124485117909257,0.2327,240.58,252.59,240.58,0.0,0.6227477477477478,0.35714285714285715,0.11837294189673384,0.23254650930186035,0.38844203249668896,high,0.9633
4264829,0,0.7573,12,0.14096852324085254,0.0088,230.88,230.88,240.75,0.0,0.6583614864864865,0.6428571428571429,0.20538978203401373,0.008601720344068814,0.3727751397099202,medium,1.0
"[4471662, 504125575]",0,0.6215,12,0.17407612787343196,0.1671,269.72,278.49,269.72,0.0,0.4672015765765767,0.6428571428571429,0.25362725706170935,0.16693338667733545,0.43550731660044584,high,0.8147
"[775605913, 17943468]",0,0.719,14,0.13946978402842825,0.0878,331.67,331.67,341.13,0.0,0.6044481981981982,0.7857142857142857,0.20320613280494193,0.08761752350470094,0.5355654617695513,medium,1.0
4471708,0,0.8098,14,0.045723349656915005,0.1752,172.19,183.02,172.19,0.0,0.7322635135135136,0.7857142857142857,0.06661844133295215,0.17503500700140026,0.27798236263203796,low,1.0
4471708,0,0.7133,14,0.1522034264269991,0.2138,201.38,209.33,201.38,0.0,0.5964245495495496,0.7857142857142857,0.221758932502454,0.21364272854570912,0.32512840391510806,low,0.789
4471726,0,0.7795,16,0.1113461873184864,0.1904,271.21,280.94,271.21,0.0,0.6896114864864865,0.9285714285714286,0.1622303114176757,0.1902380476095219,0.43791388054398034,low,1.0
"[41225408, 504125578, 504125579]",0,0.8097,13,0.0735666512526628,0.2345,145.88,154.92,145.88,0.0,0.7321227477477479,0.7142857142857143,0.10718587532036358,0.23434686937387475,0.23548793487741057,low,1.0
4471708,0,0.7362,12,0.09472010209679826,0.2273,169.64,169.64,175.46,0.0,0.6286599099099099,0.6428571428571429,0.13800625837638997,0.22714542908581714,0.2738637464870627,low,0.5785
4471708,0,0.828,12,0.05126929929702608,0.2429,169.56,169.56,176.32,0.0,0.757882882882883,0.6428571428571429,0.07469883888024136,0.24274854970994197,0.2737345350001615,low,1.0
30060850,0,0.6523,14,0.1577521176209576,0.4009,254.23,254.23,260.78,0.0,0.5105574324324325,0.7857142857142857,0.2298433244684491,0.40078015603120626,0.4104887424492037,medium,0.9846
4859717,0,0.614,14,0.22474758551521268,0.254,347.86,347.86,354.16,0.0,0.45664414414414417,0.7857142857142857,0.3274551041602296,0.25385077015403085,0.5617146364311788,high,0.6396
30060850,0,0.7089,14,0.10904644425081692,0.2206,372.26,372.26,378.81,0.0,0.5902308558558559,0.7857142857142857,0.15887960694877978,0.22044408881776353,0.6011241399360403,medium,1.0
4859717,0,0.6946,16,0.15269639704471136,0.5,348.52,348.52,355.23,0.0,0.5701013513513514,0.9285714285714286,0.22247718615218745,0.4998999799959992,0.5627806311981135,low,0.9987
30060850,0,0.6523,14,0.15775211762095756,0.4009,254.23,254.23,260.78,0.0,0.5105574324324325,0.7857142857142857,0.22984332446844905,0.40078015603120626,0.4104887424492037,medium,0.9846
4471726,0,0.7697,14,0.15141912203456367,0.221,377.8,447.88,377.8,0.0,0.6758164414414416,0.7857142857142857,0.22061620822614114,0.22084416883376676,0.6100720354039475,medium,1.0
4471726,0,0.7795,16,0.11134618731848642,0.1904,271.21,280.94,271.21,0.0,0.6896114864864865,0.9285714285714286,0.16223031141767572,0.1902380476095219,0.43791388054398034,low,1.0
4859717,0,0.7054,14,0.13259902110541696,0.2148,366.85,366.85,372.41,0.0,0.5853040540540542,0.7857142857142857,0.19319549450603485,0.21464292858571712,0.5923862131343477,medium,1.0
4859717,0,0.7695,14,0.10972906070049024,0.1893,353.42,363.75,353.42,0.0,0.6755349099099099,0.7857142857142857,0.15987417282903704,0.1891378275655131,0.5706948347708112,medium,1.0
4471708,0,0.8098,14,0.04572334965691501,0.1752,172.19,183.02,172.19,0.0,0.7322635135135136,0.7857142857142857,0.06661844133295217,0.17503500700140026,0.27798236263203796,low,1.0
4471725,0,0.7226,12,0.07188909231804198,0.024,276.23,287.09,276.23,0.0,0.6095157657657658,0.6428571428571429,0.10474168740298616,0.02380476095219044,0.4460219013470298,medium,1.0
"[318383969, 641107759]",0,0.5652,11,0.20897467574142095,0.2093,122.4,131.11,122.4,0.0,0.3879504504504505,0.5714285714285714,0.304474119888759,0.20914182836567313,0.19756436347191267,medium,0.933
51238445,0,0.4936,11,0.23567141324013013,0.33,3.0,3.0,11.7,0.0,0.2871621621621621,0.5714285714285714,0.34337102054667284,0.32986597319463895,0.004716219271893272,medium,1.0
51238445,0,0.4794,11,0.2078943728214288,0.3475,105.87,106.79,105.87,0.0,0.26717342342342343,0.5714285714285714,0.3029001284839508,0.34736947389477896,0.1708660399909552,medium,0.9544
4471725,0,0.7226,12,0.07188909231804198,0.024,276.23,287.09,276.23,0.0,0.6095157657657658,0.6428571428571429,0.10474168740298616,0.02380476095219044,0.4460219013470298,medium,1.0
4859717,0,0.9221,12,0.027545041095117722,0.2215,353.19,364.05,353.19,0.0,0.8903434684684687,0.6428571428571429,0.04013281318114814,0.22134426885377076,0.5703233517459703,medium,0.5636
4859717,0,0.7819,12,0.06766108505016664,0.2499,378.76,389.56,378.76,0.0,0.6929898648648649,0.6428571428571429,0.09858151975375799,0.249749949989998,0.6116225732467616,medium,1.0
4859717,0,0.6619,14,0.14046361001925972,0.0972,429.64,429.64,438.98,0.0,0.524070945945946,0.7857142857142857,0.204654128120418,0.09701940388077614,0.6938010789159157,high,0.9556
4859717,0,0.6353,14,0.14740977025524057,0.0972,417.28,417.28,427.12,0.0,0.48662725225225223,0.7857142857142857,0.21477461960991037,0.09701940388077614,0.6738379041896825,high,0.9869
"[775605913, 17943468]",0,0.719,14,0.13946978402842822,0.0878,331.67,331.67,341.13,0.0,0.6044481981981982,0.7857142857142857,0.2032061328049419,0.08761752350470094,0.5355654617695513,medium,1.0
17943468,0,0.6206,14,0.19933631150286424,0.0957,441.74,441.74,462.38,0.0,0.46593468468468474,0.7857142857142857,0.2904311119627884,0.09551910382076415,0.71334431630972,high,1.0
4323935,0,0.6853,12,0.1390355550596913,0.1912,105.85,115.82,105.85,0.0,0.5570101351351352,0.6428571428571429,0.2025734651967533,0.19103820764152832,0.1708337371192299,medium,0.9237
51238445,0,0.5653,12,0.21768985990619452,0.5757,168.69,169.75,168.69,0.0,0.3880912162162163,0.6428571428571429,0.3171720629497421,0.5756151230246049,0.2723293600801111,medium,1.0
51238445,0,0.6612,11,0.11331679668738351,0.0945,94.84,100.39,94.84,0.0,0.5230855855855856,0.5714285714285714,0.1651014711187909,0.09431886377275454,0.15305100623445425,medium,1.0
48767567,0,0.6494,14,0.1342445290734832,0.2492,148.59,159.31,148.59,0.0,0.5064752252252253,0.7857142857142857,0.19559298446033252,0.24904980996199239,0.23986497399618825,low,0.9987
4323935,0,0.6279,14,0.19809355302414866,0.2596,166.1,166.1,170.66,0.0,0.4762105855855856,0.7857142857142857,0.28862042430514045,0.25945189037807564,0.2681461381916852,medium,0.9946
4323935,0,0.6853,12,0.1390355550596913,0.1912,105.85,115.82,105.85,0.0,0.5570101351351352,0.6428571428571429,0.2025734651967533,0.19103820764152832,0.1708337371192299,medium,0.9237
8117307,0,0.679,8,0.07585795653599332,0.1588,154.18,154.18,163.47,0.0,0.548141891891892,0.35714285714285715,0.11052428601518985,0.15863172634526904,0.24889362664340858,medium,0.6353
"[1128359688, 1128359694, 1128359695]",7,0.4661,8,0.07461405594443725,0.5,116.0,116.0,119.27,0.051094890510948905,0.2484515765765766,0.35714285714285715,0.10871193430965219,0.4998999799959992,0.18722744451981782,medium,0.9739
8117311,6,0.6245,9,0.13918776428083418,0.2986,94.9,101.86,94.9,0.043795620437956206,0.47142454954954965,0.42857142857142855,0.2027952326301072,0.2984596919383877,0.15314791484963014,medium,1.0
"[1130423882, 1128359694]",3,0.6787,8,0.05098624593947517,0.5,52.89,52.89,56.74,0.021897810218978103,0.5477195945945946,0.35714285714285715,0.0742864327452191,0.4998999799959992,0.08529573279064509,medium,0.6653
797940758,0,0.6766,10,0.18024249453480096,0.1831,239.61,239.61,241.77,0.0,0.5447635135135135,0.5,0.26261159649491306,0.18293658731746348,0.3868753432180121,high,0.9985
"[1130423877, 1130423879, 1130423880, 1128359696, 1128359697]",24,0.83,8,0.017297269318881158,0.5,127.3,130.04,127.3,0.17518248175182483,0.7606981981981983,0.35714285714285715,0.025201904085438598,0.4998999799959992,0.20547856704461026,low,1.0
25654591,0,0.6755,9,0.1830783013530657,0.3036,139.13,139.13,146.0,0.0,0.5432150900900901,0.42857142857142855,0.266743340911264,0.3034606921384277,0.22458571567012306,medium,0.9069
"[1130423880, 1182143430, 246018047]",2,0.6344,8,0.021348516296526607,0.4135,8.46,8.46,10.45,0.014598540145985401,0.48536036036036034,0.35714285714285715,0.031104533619769073,0.413382676535307,0.013534903252899185,low,0.7447
"[1128359691, 1128359692]",4,0.6744,7,0.07353220970101264,0.5,84.64,84.64,84.82,0.029197080291970802,0.5416666666666667,0.2857142857142857,0.10713569429681695,0.4998999799959992,0.1365765416545531,medium,1.0
797940758,0,0.717,12,0.12861678341582086,0.0202,136.19,136.19,142.99,0.0,0.6016328828828829,0.6428571428571429,0.18739341086881478,0.020004000800160033,0.2198371935265045,medium,0.9999
17998936,0,0.7316,11,0.1577562937585129,0.0202,136.54,136.54,145.22,0.0,0.6221846846846848,0.5714285714285714,0.22984940906240486,0.020004000800160033,0.22040249378169716,medium,1.0
797940758,0,0.6766,10,0.18024249453480093,0.1831,239.61,239.61,241.77,0.0,0.5447635135135135,0.5,0.26261159649491306,0.18293658731746348,0.3868753432180121,high,0.9985
797940758,0,0.717,12,0.12861678341582086,0.0202,136.19,136.19,142.99,0.0,0.6016328828828829,0.6428571428571429,0.18739341086881478,0.020004000800160033,0.2198371935265045,medium,0.9999
8117300,0,0.7605,12,0.12958886361748276,0.0629,178.06,178.06,182.13,0.0,0.662865990990991,0.6428571428571429,0.18880972276975008,0.0627125425085017,0.28746325548341245,medium,1.0
25654298,0,0.737,9,0.1417998916849027,0.0202,85.93,85.93,90.32,0.0,0.629786036036036,0.42857142857142855,0.20660107820006798,0.020004000800160033,0.13866007688083473,medium,0.9993
17998936,0,0.7316,11,0.1577562937585129,0.0202,136.54,136.54,145.22,0.0,0.6221846846846848,0.5714285714285714,0.22984940906240486,0.020004000800160033,0.22040249378169716,medium,1.0
25654591,0,0.6755,9,0.1830783013530657,0.3036,139.13,139.13,146.0,0.0,0.5432150900900901,0.42857142857142855,0.266743340911264,0.3034606921384277,0.22458571567012306,medium,0.9069
8117300,0,0.7605,12,0.12958886361748279,0.0629,178.06,178.06,182.13,0.0,0.662865990990991,0.6428571428571429,0.1888097227697501,0.0627125425085017,0.28746325548341245,medium,1.0
50212049,0,0.7377,12,0.005005627217178052,0.4478,291.0,297.13,291.0,0.0,0.6307713963963965,0.6428571428571429,0.0072930947496276585,0.4476895379075815,0.46987757211616116,low,0.9863
68829598,0,0.7177,8,0.15624141238683967,0.0629,232.46,232.46,234.64,0.0,0.6026182432432433,0.35714285714285715,0.2276422408559771,0.0627125425085017,0.3753270665762186,high,1.0
8117311,0,0.725,12,0.10214444397426005,0.1171,442.79,451.5,442.79,0.0,0.6128941441441441,0.6428571428571429,0.14882345611345366,0.11692338467693537,0.7150402170752981,high,0.9996
8117311,0,0.8649,12,0.0735038474181754,0.5,501.8,510.6,501.8,0.0,0.8098254504504504,0.6428571428571429,0.10709437071194051,0.4998999799959992,0.810349840100785,medium,1.0
1377259877,0,0.7716,12,0.078003565753905,0.1627,472.8,481.08,472.8,0.0,0.678490990990991,0.6428571428571429,0.11365041888456576,0.16253250650130027,0.7635106760991053,high,0.9764
8117310,0,0.6475,14,0.17409227894067894,0.1045,556.48,556.48,560.77,0.0,0.5038006756756757,0.7857142857142857,0.2536507890179364,0.10432086417283455,0.8986658913977452,high,1.0
8117310,0,0.758,12,0.11134149669850578,0.2357,513.05,513.05,524.16,0.0,0.6593468468468469,0.6428571428571429,0.16222347722756467,0.23554710942188437,0.828520205446264,high,1.0
8117311,0,0.6804,12,0.1422042888230501,0.449,598.23,598.23,610.17,0.0,0.5501126126126127,0.6428571428571429,0.2071902811058397,0.44888977795559115,0.9660981361243014,high,1.0
8117310,0,0.7423,12,0.12588363741899095,0.5,425.89,425.89,436.43,0.0,0.6372466216216216,0.6428571428571429,0.1834112423237853,0.4998999799959992,0.6877442904674226,medium,0.9976
4471957,0,0.6775,14,0.10739751006858009,0.4189,328.09,328.09,339.81,0.0,0.5460304054054054,0.7857142857142857,0.15647712503199104,0.41878375675135027,0.5297832477307233,medium,0.9935
8117310,0,0.758,12,0.11134149669850578,0.2357,513.05,513.05,524.16,0.0,0.6593468468468469,0.6428571428571429,0.16222347722756467,0.23554710942188437,0.828520205446264,high,1.0
8117338,0,0.7707,12,0.10020650564595152,0.0845,332.49,338.79,332.49,0.0,0.6772240990990992,0.6428571428571429,0.1459998978175748,0.08431686337267454,0.5368898795102885,medium,0.9991
652084518,0,0.7079,12,0.14736645714260485,0.0201,380.72,390.47,380.72,0.0,0.5888231981981982,0.6428571428571429,0.21471151280371512,0.019903980796159234,0.6147882546758408,high,0.9999
"[52565058, 652084516, 652084518]",0,0.704,10,0.108469479799182,0.1328,169.47,180.21,169.47,0.0,0.5833333333333333,0.5,0.15803897505660658,0.132626525305061,0.2735891720773977,medium,0.9999
8117338,0,0.7333,14,0.13088917332670996,0.0845,381.26,388.1,381.26,0.0,0.6245777027027026,0.7857142857142857,0.19070426204020502,0.08431686337267454,0.6156604322124237,medium,0.9997
8117338,0,0.7707,12,0.10020650564595152,0.0845,332.49,338.79,332.49,0.0,0.6772240990990992,0.6428571428571429,0.1459998978175748,0.08431686337267454,0.5368898795102885,medium,0.9991
253285203,0,0.7736,12,0.10518899607521033,0.0178,269.73,275.95,269.73,0.0,0.6813063063063063,0.6428571428571429,0.1532593404841275,0.01760352070414083,0.4355234680363085,medium,1.0
8139716,0,0.7932,10,0.054491541237451785,0.2488,102.32,108.15,102.32,0.0,0.7088963963963966,0.5,0.07939361571050245,0.2486497299459892,0.16513228025971508,low,0.9956
253285203,0,0.7736,12,0.10518899607521036,0.0178,269.73,275.95,269.73,0.0,0.6813063063063063,0.6428571428571429,0.15325934048412754,0.01760352070414083,0.4355234680363085,medium,1.0
991376781,24,0.7892,12,0.11730810552689509,0.0178,249.59,257.6,249.59,0.17518248175182483,0.7032657657657658,0.6428571428571429,0.1709167713378923,0.01760352070414083,0.40299447620893497,medium,0.9988
"[4307713, 262778429]",0,0.628,9,0.13670723841116125,0.5,70.44,70.44,75.07,0.0,0.47635135135135137,0.42857142857142855,0.199181129283707,0.4998999799959992,0.11364150272959266,medium,1.0
"[52565058, 652084516, 652084518]",0,0.704,10,0.10846947979918202,0.1328,169.47,180.21,169.47,0.0,0.5833333333333333,0.5,0.1580389750566066,0.132626525305061,0.2735891720773977,medium,0.9999
8117333,14,0.7661,14,0.11418812614647628,0.0178,361.62,369.52,361.62,0.10218978102189781,0.6707488738738739,0.7857142857142857,0.16637099011572018,0.01760352070414083,0.5839390121781827,medium,1.0
"[878794029, 8117718]",12,0.7429,12,0.1308289242724674,0.0045,219.45,391.28,219.45,0.08759124087591241,0.6380912162162162,0.6428571428571429,0.19061647972306908,0.004300860172034407,0.3543140485189133,medium,1.0
991376781,24,0.7892,12,0.11730810552689509,0.0178,249.59,257.6,249.59,0.17518248175182483,0.7032657657657658,0.6428571428571429,0.1709167713378923,0.01760352070414083,0.40299447620893497,medium,0.9988
8117333,14,0.7661,14,0.11418812614647628,0.0178,361.62,369.52,361.62,0.10218978102189781,0.6707488738738739,0.7857142857142857,0.16637099011572018,0.01760352070414083,0.5839390121781827,medium,1.0
8117333,0,0.7219,14,0.16334645569090164,0.0201,447.66,506.79,447.66,0.0,0.6085304054054054,0.7857142857142857,0.23799422351234614,0.019903980796159234,0.7229059663404077,high,0.9965
8117338,0,0.7561,14,0.14554245330328805,0.1587,336.86,490.77,336.86,0.0,0.6566722972972974,0.7857142857142857,0.21205395600895735,0.15853170634126826,0.5439480569822658,medium,1.0
8117338,0,0.7333,14,0.13088917332671,0.0845,381.26,388.1,381.26,0.0,0.6245777027027026,0.7857142857142857,0.19070426204020505,0.08431686337267454,0.6156604322124237,medium,0.9997
8117338,0,0.7561,14,0.14554245330328808,0.1587,336.86,490.77,336.86,0.0,0.6566722972972974,0.7857142857142857,0.2120539560089574,0.15853170634126826,0.5439480569822658,medium,1.0
878794029,0,0.7718,12,0.08239831888002368,0.1587,400.14,482.4,400.14,0.0,0.6787725225225226,0.6428571428571429,0.1200535337135204,0.15853170634126826,0.6461543431211035,medium,0.9787
"[878794029, 8117718]",12,0.7429,12,0.13082892427246742,0.0045,219.45,391.28,219.45,0.08759124087591241,0.6380912162162162,0.6428571428571429,0.1906164797230691,0.004300860172034407,0.3543140485189133,medium,1.0
"[471138776, 1425510085, 1425510086]",0,0.7119,12,0.15974277883363688,0.2541,186.75,186.75,194.97,0.0,0.5944538288288288,0.6428571428571429,0.2327436995212769,0.2539507901580316,0.30149885324805376,medium,1.0
878794032,0,0.7468,14,0.16792205671721872,0.0164,333.92,333.92,338.12,0.0,0.6435810810810811,0.7857142857142857,0.2446608320662756,0.016203240648129627,0.5391995348386472,medium,0.9997
"[878794032, 1269192611]",0,0.7047,14,0.15790427385247835,0.0069,383.5,383.5,391.91,0.0,0.5843186936936937,0.7857142857142857,0.23006501469641166,0.006701340268053611,0.6192783538456569,medium,0.5925
991376782,0,0.7513,16,0.17423890738353562,0.0069,423.57,423.57,451.48,0.0,0.6499155405405406,0.9285714285714286,0.2538644253087265,0.006701340268053611,0.6839971573472882,medium,1.0
8376176,0,0.6337,10,0.1740278506871183,0.0045,229.49,236.72,229.49,0.0,0.48437500000000006,0.5,0.25355691764588456,0.004300860172034407,0.3705300901250121,high,1.0
"[878794032, 1269192611]",0,0.7047,14,0.15790427385247835,0.0069,383.5,383.5,391.91,0.0,0.5843186936936937,0.7857142857142857,0.23006501469641166,0.006701340268053611,0.6192783538456569,medium,0.5925
1269192612,0,0.7581,8,0.18404771082237592,0.0069,352.86,404.74,352.86,0.0,0.6594876126126127,0.35714285714285715,0.26815576157976045,0.006701340268053611,0.5697903543625029,high,1.0
7466481,0,0.7375,6,0.10135075118165912,0.2567,293.07,300.72,293.07,0.0,0.6304898648648649,0.21428571428571427,0.14766705302456712,0.2565513102620524,0.4732209193397293,high,1.0
25654588,0,0.823,12,0.06142144627033539,0.1587,288.24,288.24,379.65,0.0,0.7508445945945945,0.6428571428571429,0.08949042351879302,0.15853170634126826,0.46541977581807026,medium,0.9991
652084518,0,0.7079,12,0.14736645714260488,0.0201,380.72,390.47,380.72,0.0,0.5888231981981982,0.6428571428571429,0.21471151280371517,0.019903980796159234,0.6147882546758408,high,0.9999
"[8117333, 878794023]",0,0.7514,12,0.06851383087968975,0.1587,379.36,379.36,510.58,0.0,0.6500563063063063,0.6428571428571429,0.09982396257356001,0.15853170634126826,0.6125916593985206,medium,0.9977
8117343,0,0.6677,8,0.1737467641389081,0.0201,319.77,328.96,319.77,0.0,0.5322353603603603,0.35714285714285715,0.2531473771339574,0.019903980796159234,0.516345253093,high,1.0
8117343,0,0.7578,8,0.16172484158323563,0.1319,261.38,261.38,297.9,0.0,0.6590653153153154,0.35714285714285715,0.23563154669258846,0.1317263452690538,0.4220370190909972,high,1.0
25654588,0,0.823,12,0.06142144627033538,0.1587,288.24,288.24,379.65,0.0,0.7508445945945945,0.6428571428571429,0.08949042351879301,0.15853170634126826,0.46541977581807026,medium,0.9991
775613852,0,0.7385,11,0.04504794452992815,0.3028,66.44,76.93,66.44,0.0,0.6318975225225226,0.5714285714285714,0.06563438228343257,0.3026605321064213,0.10718092838453339,low,1.0
4323934,0,0.6441,10,0.11395739950062098,0.0645,237.04,298.51,237.04,0.0,0.49901463963963966,0.5,0.1660348235177079,0.06431286257251449,0.3827244242013115,high,0.9974
"[288505478, 182783883, 182783886, 393299897, 393299898, 775613852]",0,0.6374,9,0.1179520637093679,0.4219,15.76,15.76,17.05,0.0,0.4895833333333333,0.42857142857142855,0.17185501247888213,0.4217843568713743,0.025325451432632363,medium,0.991
264032009,0,0.7587,10,0.13047738908492523,0.5,259.36,464.42,259.36,0.0,0.6603322072072073,0.5,0.19010429619246913,0.4998999799959992,0.41877442904674234,medium,1.0
746727479,0,0.5813,9,0.11745120355340043,0.3452,176.23,581.62,176.23,0.0,0.4106137387387388,0.42857142857142855,0.1711252638445737,0.34506901380276056,0.28450754272054785,high,0.6692
4289839,0,0.7317,12,0.010483743141890258,0.0135,50.0,50.0,51.43,0.0,0.6223254504504505,0.6428571428571429,0.01527465919833115,0.01330266053210642,0.08062796782633977,low,1.0
4289839,0,0.6103,10,0.04730519029696897,0.0796,152.3,152.3,153.16,0.0,0.45143581081081074,0.5,0.06892316857671386,0.07941588317663532,0.24585715670123073,medium,0.9997
11311846,0,0.7216,12,0.11187367405157911,0.3096,68.13,74.21,68.13,0.0,0.6081081081081081,0.6428571428571429,0.16299885472962408,0.3094618923784757,0.10991052104532092,low,1.0
4317514,0,0.6869,14,0.1680891281323622,0.2601,169.97,176.77,169.97,0.0,0.5592623873873873,0.7857142857142857,0.24490425357940723,0.25995199039807965,0.2743967438705301,low,0.9632
4323936,0,0.6234,12,0.1533931613103912,0.25,210.69,218.03,210.69,0.0,0.46987612612612606,0.6428571428571429,0.22349236527006447,0.24984996999399878,0.3401653907032335,medium,1.0
4323936,0,0.7011,14,0.15545770429788913,0.5,244.79,244.79,250.91,0.0,0.5792511261261261,0.7857142857142857,0.22650038538834977,0.4998999799959992,0.39524178699486384,low,0.9974
4317514,0,0.6869,14,0.1680891281323622,0.2601,169.97,176.77,169.97,0.0,0.5592623873873873,0.7857142857142857,0.24490425357940723,0.25995199039807965,0.2743967438705301,low,0.9632
4317514,0,0.7045,14,0.12456588272488177,0.0135,86.04,88.87,86.04,0.0,0.5840371621621622,0.7857142857142857,0.18149128587102614,0.01330266053210642,0.13883774267532384,low,1.0
4323935,0,0.6414,14,0.18328671600907742,0.0129,139.84,146.3,139.84,0.0,0.49521396396396394,0.7857142857142857,0.26704699914556823,0.01270254050810162,0.22573246761637109,medium,0.9999
4323935,0,0.6279,14,0.19809355302414866,0.2596,166.1,166.1,170.66,0.0,0.4762105855855856,0.7857142857142857,0.28862042430514045,0.25945189037807564,0.2681461381916852,medium,0.9946
11303480,0,0.4964,12,0.15700146155667366,0.3836,60.18,60.18,60.24,0.0,0.2911036036036036,0.6428571428571429,0.22874962549635094,0.3834766953390678,0.09707012953451562,medium,0.9992
8376187,0,0.6004,12,0.146188072113482,0.6704,116.99,116.99,126.14,0.0,0.43750000000000006,0.6428571428571429,0.2129946166692425,0.6703340668133627,0.18882643667021998,low,0.9996
"[11303480, 4286560, 1239223039]",0,0.7212,12,0.08986989256316634,0.4573,1.13,1.13,10.41,0.0,0.607545045045045,0.6428571428571429,0.1309395477564549,0.4571914382876575,0.0016959007655780597,low,1.0
8376187,0,0.8052,12,0.032912930252846515,0.5,146.95,154.34,146.95,0.0,0.7257882882882885,0.6428571428571429,0.04795377824554843,0.4998999799959992,0.23721613851471393,low,1.0
8376187,0,0.6004,12,0.14618807211348203,0.6704,116.99,116.99,126.14,0.0,0.43750000000000006,0.6428571428571429,0.21299461666924252,0.6703340668133627,0.18882643667021998,low,0.9996
"[1130546455, 22617694, 22617695]",0,0.9428,13,0.023404547533735116,0.5,204.26,204.26,214.6,0.0,0.919481981981982,0.7142857142857143,0.03410015219627618,0.4998999799959992,0.3297800174435507,low,1.0
11311845,0,0.6759,11,0.09877868682333832,0.0824,318.02,325.22,318.02,0.0,0.5437781531531531,0.5714285714285714,0.143919578943279,0.08221644328865772,0.5135187518170365,high,0.9876
"[11311845, 11311847]",0,1.0,12,0.05711378945300667,0.0824,247.89,255.02,247.89,0.0,1.0,0.6428571428571429,0.08321420720958587,0.08221644328865772,0.40024873211228473,low,1.0
1130546456,0,0.8205,13,0.02046813805144024,0.0016,291.04,298.69,291.04,0.0,0.7473254504504504,0.7142857142857143,0.029821830624986712,0.0014002800560112022,0.4699421778596118,medium,0.8299
8376186,0,0.7078,10,0.135939841049694,0.0149,236.86,236.86,245.76,0.0,0.5886824324324325,0.5,0.19806303839580056,0.014702940588117623,0.38243369835578384,high,0.9945
11311845,0,0.6759,11,0.09877868682333832,0.0824,318.02,325.22,318.02,0.0,0.5437781531531531,0.5714285714285714,0.143919578943279,0.08221644328865772,0.5135187518170365,high,0.9876
11311845,0,0.5865,7,0.1430879541500111,0.0824,331.3,340.34,331.3,0.0,0.4179335585585586,0.2857142857142857,0.2084777733486393,0.08221644328865772,0.5349678586426334,high,1.0
8376182,0,0.6133,8,0.1623600751409772,0.0016,269.31,278.03,269.31,0.0,0.4556587837837837,0.35714285714285715,0.2365570761356989,0.0014002800560112022,0.43484510773007723,high,1.0
8376187,0,0.8052,12,0.032912930252846515,0.5,146.95,154.34,146.95,0.0,0.7257882882882885,0.6428571428571429,0.04795377824554843,0.4998999799959992,0.23721613851471393,low,1.0
11311846,0,0.7216,12,0.1118736740515791,0.3096,68.13,74.21,68.13,0.0,0.6081081081081081,0.6428571428571429,0.16299885472962405,0.3094618923784757,0.10991052104532092,low,1.0
11311846,0,0.7929,12,0.07152646707189027,0.1164,169.89,176.92,169.89,0.0,0.7084740990990993,0.6428571428571429,0.10421334575913185,0.11622324464892977,0.2742675323836289,low,0.9715
8117321,0,0.6134,8,0.17745779461225136,0.2579,271.67,279.26,271.67,0.0,0.4557995495495495,0.35714285714285715,0.25855431435492315,0.257751550310062,0.4386568465936622,high,1.0
4317512,0,0.7804,12,0.08785338991311367,0.025,107.9,131.29,107.9,0.0,0.6908783783783784,0.6428571428571429,0.12800152196737444,0.024804960992198442,0.1741447814710728,low,0.9936
4317512,0,0.6621,12,0.18471446294698451,0.0144,167.81,197.3,167.81,0.0,0.5243524774774775,0.6428571428571429,0.2691272132845093,0.014202840568113622,0.2709080337241981,medium,0.9986
4323935,0,0.6414,14,0.18328671600907742,0.0129,139.84,146.3,139.84,0.0,0.49521396396396394,0.7857142857142857,0.26704699914556823,0.01270254050810162,0.22573246761637109,medium,0.9999
"[43585225, 1182143434, 47009069]",6,0.5629,7,0.11965391482436057,0.5516,46.99,46.99,56.42,0.043795620437956206,0.3847128378378378,0.2857142857142857,0.17433459387932967,0.5515103020604121,0.07576638563168267,medium,0.9999
"[667932992, 667932995, 1169696422, 1182143431, 1182143432, 1182143433, 47009149]",3,0.8131,9,0.03852166951189237,0.6759,10.04,10.04,15.86,0.021897810218978103,0.736908783783784,0.42857142857142855,0.056125659689331454,0.6758351670334066,0.016086830119197596,low,1.0
4307862,0,0.715,12,0.06583179818224813,0.3117,228.74,228.74,255.68,0.0,0.5988175675675675,0.6428571428571429,0.09591626563498437,0.3115623124624925,0.3693187324353135,medium,0.9257
8117313,0,0.5681,11,0.10254103437796382,0.5,181.97,181.97,198.21,0.0,0.3920326576576577,0.5714285714285714,0.14940128467904126,0.4998999799959992,0.2937784669057079,medium,1.0
8117313,0,0.5102,12,0.13776607788941736,0.5,162.84,162.84,205.97,0.0,0.31052927927927926,0.6428571428571429,0.20072384865158469,0.4998999799959992,0.2628807701004619,medium,1.0
4307865,0,0.4885,8,0.1795712580255318,0.5,105.56,105.56,144.01,0.0,0.2799831081081081,0.35714285714285715,0.26163361108301514,0.4998999799959992,0.17036534547921311,high,0.9988
8117313,0,0.5102,12,0.1377660778894174,0.5,162.84,162.84,205.97,0.0,0.31052927927927926,0.6428571428571429,0.2007238486515847,0.4998999799959992,0.2628807701004619,medium,1.0
8117313,9,0.4792,11,0.15307263537115975,0.4985,119.4,119.4,122.27,0.06569343065693431,0.2668918918918919,0.5714285714285714,0.22302536192865716,0.4983996799359872,0.1927189327131182,medium,1.0
4307865,0,0.4885,8,0.17957125802553184,0.5,105.56,105.56,144.01,0.0,0.2799831081081081,0.35714285714285715,0.26163361108301514,0.4998999799959992,0.17036534547921311,high,0.9988
"[385491897, 4307867, 40757444]",0,0.436,7,0.2256215029904632,0.4236,57.29,57.29,63.86,0.0,0.20608108108108106,0.2857142857142857,0.32872839387286507,0.42348469693938784,0.0924023645702103,high,1.0
11303480,0,0.4964,12,0.15700146155667366,0.3836,60.18,60.18,60.24,0.0,0.2911036036036036,0.6428571428571429,0.22874962549635094,0.3834766953390678,0.09707012953451562,medium,0.9992
4317584,0,0.5327,8,0.132197060043724,0.1594,39.88,39.88,49.55,0.0,0.3422015765765765,0.35714285714285715,0.1926098409412209,0.15923184636927384,0.0642827147333398,high,0.9513
11303480,0,0.4502,13,0.24475005622470314,0.4627,31.3,31.3,33.56,0.0,0.2260698198198198,0.7142857142857143,0.3565985197606377,0.46259251850370076,0.05042478276318765,medium,0.9993
17943467,2,0.5424,12,0.08106565549480223,0.1184,314.73,314.73,336.32,0.014598540145985401,0.35585585585585583,0.6428571428571429,0.11811185543512012,0.11822364472894578,0.5082049294182254,high,0.9786
17943468,0,0.6206,14,0.19933631150286424,0.0957,441.74,441.74,462.38,0.0,0.46593468468468474,0.7857142857142857,0.2904311119627884,0.09551910382076415,0.71334431630972,high,1.0
"[17943465, 40009365]",5,0.6515,12,0.17096074634752634,0.099,322.59,322.59,353.71,0.0364963503649635,0.5094313063063063,0.6428571428571429,0.2490881748712166,0.09881976395279056,0.5208999580062668,high,0.9953
"[775613849, 4471651, 775613847]",6,0.6637,12,0.16988561799089671,0.1184,428.4,428.4,437.28,0.043795620437956206,0.5266047297297297,0.6428571428571429,0.24752172275756973,0.11822364472894578,0.6917983008689472,high,1.0
4471651,0,0.6419,12,0.2142639342906135,0.0037,331.99,331.99,341.85,0.0,0.49591779279279286,0.6428571428571429,0.31218052088071213,0.0035007001400280055,0.5360823077171561,high,1.0
4859717,0,0.6353,14,0.1474097702552406,0.0972,417.28,417.28,427.12,0.0,0.48662725225225223,0.7857142857142857,0.21477461960991043,0.09701940388077614,0.6738379041896825,high,0.9869
4264829,0,0.7573,12,0.14096852324085254,0.0088,230.88,230.88,240.75,0.0,0.6583614864864865,0.6428571428571429,0.20538978203401373,0.008601720344068814,0.3727751397099202,medium,1.0
4471651,0,0.6419,12,0.2142639342906135,0.0037,331.99,331.99,341.85,0.0,0.49591779279279286,0.6428571428571429,0.31218052088071213,0.0035007001400280055,0.5360823077171561,high,1.0
"[34115555, 17943469]",0,0.8293,8,0.09958147264855552,0.2589,221.41,221.41,227.16,0.0,0.759712837837838,0.35714285714285715,0.14508923049694036,0.25875175035007003,0.3574797299479924,medium,0.9933
"[40009368, 4798825, 40009371]",14,0.7331,8,0.10884328880542964,0.0375,249.19,249.19,270.08,0.10218978102189781,0.6242961711711712,0.35714285714285715,0.1585836113359179,0.03730746149229846,0.402348418774429,high,0.9998
"[17943465, 40009365]",5,0.6515,12,0.17096074634752634,0.099,322.59,322.59,353.71,0.0364963503649635,0.5094313063063063,0.6428571428571429,0.2490881748712166,0.09881976395279056,0.5208999580062668,high,0.9953
34115403,2,0.6217,12,0.18713698537176793,0.099,323.66,364.94,323.66,0.014598540145985401,0.46748310810810817,0.6428571428571429,0.27265680614591886,0.09881976395279056,0.5226281616435702,high,1.0
8117374,0,0.728,8,0.1761119968481996,0.2152,282.28,515.81,282.28,0.0,0.6171171171171171,0.35714285714285715,0.2565934994075351,0.21504300860172035,0.4557935200439319,high,1.0
8117374,0,0.6505,8,0.18636618209908512,0.0092,178.85,475.14,178.85,0.0,0.5080236486486486,0.35714285714285715,0.2715337528767399,0.009001800360072013,0.2887392189165617,high,1.0
34115403,0,0.7051,12,0.15834286433129122,0.2152,262.4,444.2,262.4,0.0,0.5848817567567567,0.6428571428571429,0.2307040369846113,0.21504300860172035,0.4236844655489873,medium,0.9998
4798836,0,0.6905,14,0.15948739283975075,0.3955,175.08,325.36,175.08,0.0,0.564329954954955,0.7857142857142857,0.232371604480297,0.3953790758151631,0.28265012759634334,low,0.9999
34115403,2,0.6217,12,0.18713698537176796,0.099,323.66,364.94,323.66,0.014598540145985401,0.46748310810810817,0.6428571428571429,0.2726568061459189,0.09881976395279056,0.5226281616435702,high,1.0
34115403,0,0.7051,12,0.15834286433129124,0.2152,262.4,444.2,262.4,0.0,0.5848817567567567,0.6428571428571429,0.23070403698461137,0.21504300860172035,0.4236844655489873,medium,0.9998
4798837,0,0.6872,10,0.1533117860079978,0.5,108.69,300.22,108.69,0.0,0.5596846846846848,0.5,0.2233738022039461,0.4998999799959992,0.175420744904222,medium,0.9986
4798836,0,0.6905,14,0.15948739283975077,0.3955,175.08,325.36,175.08,0.0,0.564329954954955,0.7857142857142857,0.23237160448029706,0.3953790758151631,0.28265012759634334,low,0.9999
"[246017146, 775617003]",2,0.5719,14,0.08332949326000011,0.4184,30.69,377.08,30.69,0.014598540145985401,0.39738175675675674,0.7857142857142857,0.12141024620900376,0.41828365673134627,0.04943954517556611,low,1.0
"[25975996, 775617003, 1128345676, 1128345677]",0,0.8202,14,0.07509608996369334,0.4729,186.07,221.28,186.07,0.0,0.7469031531531531,0.7857142857142857,0.1094142534361614,0.47279455891178235,0.30040055560939366,low,1.0
4859718,0,0.8564,12,0.11222068794096654,0.0957,451.72,462.42,451.72,0.0,0.7978603603603605,0.6428571428571429,0.16350445077045386,0.09551910382076415,0.7294634493006429,high,0.7146
4859717,0,0.7819,12,0.06766108505016664,0.2499,378.76,389.56,378.76,0.0,0.6929898648648649,0.6428571428571429,0.09858151975375799,0.249749949989998,0.6116225732467616,medium,1.0
4859717,0,0.639,12,0.16718699861887787,0.0972,415.51,425.88,415.51,0.0,0.4918355855855856,0.6428571428571429,0.2435898591868988,0.09701940388077614,0.6709791000419938,high,1.0
4859717,0,0.7695,14,0.10972906070049024,0.1893,353.42,363.75,353.42,0.0,0.6755349099099099,0.7857142857142857,0.15987417282903704,0.1891378275655131,0.5706948347708112,medium,1.0
4859717,0,0.9221,12,0.027545041095117722,0.2215,353.19,364.05,353.19,0.0,0.8903434684684687,0.6428571428571429,0.04013281318114814,0.22134426885377076,0.5703233517459703,medium,0.5636
4859718,0,0.8679,12,0.12546200023558696,0.0237,408.38,419.05,408.38,0.0,0.8140484234234235,0.6428571428571429,0.18279692083085605,0.02350470094018804,0.6594631262719256,medium,0.7271
34115405,0,0.6667,8,0.17354064376572853,0.2152,356.03,497.11,356.03,0.0,0.5308277027027026,0.35714285714285715,0.2528470616486092,0.21504300860172035,0.5749103595309623,high,1.0
4859718,0,0.8679,12,0.12546200023558693,0.0237,408.38,419.05,408.38,0.0,0.8140484234234235,0.6428571428571429,0.18279692083085602,0.02350470094018804,0.6594631262719256,medium,0.7271
4859718,0,0.8482,12,0.11296306551213312,0.5,386.53,480.83,386.53,0.0,0.7863175675675677,0.6428571428571429,0.16458608805432517,0.4998999799959992,0.6241722389120393,medium,1.0
4859718,0,0.8564,12,0.11222068794096654,0.0957,451.72,462.42,451.72,0.0,0.7978603603603605,0.6428571428571429,0.16350445077045386,0.09551910382076415,0.7294634493006429,high,0.7146
4859718,0,0.841,12,0.11853294092214145,0.3811,424.07,490.8,424.07,0.0,0.7761824324324323,0.6428571428571429,0.17270134522799768,0.3809761952390478,0.6848047291404206,medium,1.0
34115553,0,0.7141,8,0.15134829125427715,0.1208,419.77,439.94,419.77,0.0,0.5975506756756757,0.35714285714285715,0.22051300843161717,0.12062412482496498,0.6778596117194818,high,1.0
4317585,0,0.6422,12,0.22122268856410426,0.0055,400.98,412.15,400.98,0.0,0.4963400900900901,0.6428571428571429,0.322319361766865,0.005301060212042409,0.6475110637335659,high,1.0
4317585,0,0.6264,11,0.185639066951819,0.0321,188.46,199.87,188.46,0.0,0.47409909909909903,0.5714285714285714,0.2704743528039242,0.031906381276255245,0.3042607487805666,high,0.9813
11303483,0,0.6007,12,0.2003485714351709,0.0123,348.37,360.71,348.37,0.0,0.4379222972972973,0.6428571428571429,0.29190596536121666,0.012102420484096819,0.5625383596601738,high,1.0
4798050,0,0.6277,12,0.15155145475255283,0.0168,481.79,492.12,481.79,0.0,0.4759290540540541,0.6428571428571429,0.22080901577746329,0.016603320664132826,0.7780308169396261,high,1.0
4317585,0,0.6363,12,0.23363763833176043,0.0052,394.09,404.41,394.09,0.0,0.4880349099099099,0.6428571428571429,0.3404078292363025,0.005001000200040008,0.6363827244242013,high,1.0
4317585,0,0.6572,12,0.2251494856976251,0.0083,512.55,520.62,512.55,0.0,0.517454954954955,0.6428571428571429,0.3280406690244925,0.008101620324064812,0.8277126336531316,high,1.0
8385202,0,0.6309,14,0.09754571313341592,0.5,303.96,321.08,303.96,0.0,0.4804335585585586,0.7857142857142857,0.14212314763278455,0.4998999799959992,0.4908098329941532,medium,0.7677
8385202,6,0.6477,14,0.104834816101295,0.5,464.73,473.45,464.73,0.043795620437956206,0.5040822072072073,0.7857142857142857,0.1527433035241404,0.4998999799959992,0.7504764673579482,medium,1.0
"[34116609, 17943462]",4,0.7578,14,0.07994793764993222,0.5,407.01,503.17,407.01,0.029197080291970802,0.6590653153153154,0.7857142857142857,0.11648335082935739,0.4998999799959992,0.6572503795587428,medium,0.5174
17943462,8,0.7238,14,0.09530957622949657,0.5,373.26,382.91,373.26,0.058394160583941604,0.611204954954955,0.7857142857142857,0.138865116758658,0.4998999799959992,0.6027392835223051,low,0.8096
8385196,0,0.7089,12,0.11136412922070348,0.3064,323.34,331.62,323.34,0.0,0.5902308558558559,0.6428571428571429,0.16225645260396054,0.3062612522504501,0.5221113156959654,medium,1.0
8385199,0,0.7372,12,0.08772408474985154,0.4996,211.47,219.08,211.47,0.0,0.6300675675675675,0.6428571428571429,0.1278131255354057,0.499499899979996,0.34142520270052007,low,0.9991
8385199,0,0.6599,12,0.135865310957859,0.3428,338.33,338.33,342.25,0.0,0.5212556306306307,0.6428571428571429,0.19795444873842122,0.34266853370674133,0.546322318054075,medium,0.9697
4798862,0,0.7237,14,0.18362382927764884,0.2365,229.58,511.61,229.58,0.0,0.6110641891891893,0.7857142857142857,0.2675381700730541,0.23634726945389076,0.37067545304777594,medium,0.99
8385199,0,0.6599,12,0.135865310957859,0.3428,338.33,338.33,342.25,0.0,0.5212556306306307,0.6428571428571429,0.19795444873842122,0.34266853370674133,0.546322318054075,medium,0.9697
"[4798861, 8385199]",0,0.7278,12,0.13104916735468142,0.4795,254.37,506.12,254.37,0.0,0.6168355855855856,0.6428571428571429,0.1909373718654099,0.47939587917583515,0.4107148625512808,medium,0.9974
8385203,1,0.6978,12,0.10238945129679611,0.5,240.89,251.95,240.89,0.0072992700729927005,0.5746058558558559,0.6428571428571429,0.14918042952586436,0.4998999799959992,0.388942727008431,medium,0.8665
17943462,8,0.7238,14,0.09530957622949658,0.5,373.26,382.91,373.26,0.058394160583941604,0.611204954954955,0.7857142857142857,0.13886511675865804,0.4998999799959992,0.6027392835223051,low,0.8096
17943462,3,0.5988,12,0.12758307921310658,0.5,335.42,337.13,335.42,0.021897810218978103,0.43524774774774777,0.6428571428571429,0.18588731336590492,0.4998999799959992,0.5416222502180444,medium,0.9987
8385204,0,0.7435,12,0.05358441215100094,0.4082,94.5,94.5,107.51,0.0,0.638935810810811,0.6428571428571429,0.07807193698622804,0.4080816163232647,0.1525018574151242,low,1.0
8385204,0,0.8133,12,0.009368573182459474,0.2027,249.01,284.45,249.01,0.0,0.7371903153153154,0.6428571428571429,0.01364986683818728,0.2025405081016203,0.40205769292890137,low,0.9972
752165471,0,0.7018,9,0.1114490114144147,0.5079,232.74,248.12,232.74,0.0,0.5802364864864865,0.42857142857142855,0.1623801251784304,0.5078015603120625,0.3757793067803728,medium,0.9996
8385202,0,0.6309,14,0.09754571313341595,0.5,303.96,321.08,303.96,0.0,0.4804335585585586,0.7857142857142857,0.14212314763278458,0.4998999799959992,0.4908098329941532,medium,0.7677
34022688,0,0.7305,12,0.08903448636751152,0.2069,137.56,137.56,145.26,0.0,0.6206362612612614,0.6428571428571429,0.12972236862350042,0.20674134826965393,0.2220499402396873,low,0.9832
34022688,0,0.6786,12,0.10766370595212152,0.2703,183.08,205.16,183.08,0.0,0.5475788288288288,0.6428571428571429,0.15686496998263932,0.27015403080616124,0.29557127628646185,medium,0.9984
8385203,1,0.6978,12,0.1023894512967961,0.5,240.89,251.95,240.89,0.0072992700729927005,0.5746058558558559,0.6428571428571429,0.14918042952586433,0.4998999799959992,0.388942727008431,medium,0.8665
34022688,0,0.6786,12,0.10766370595212155,0.2703,183.08,205.16,183.08,0.0,0.5475788288288288,0.6428571428571429,0.15686496998263935,0.27015403080616124,0.29557127628646185,medium,0.9984
"[34022688, 7742905]",0,0.6921,12,0.09773707279291176,0.4008,155.65,155.65,170.04,0.0,0.5665822072072073,0.6428571428571429,0.14240195689424212,0.4006801360272054,0.25126788771521785,low,0.9949
"[30255792, 8117274]",0,0.646,11,0.16451672028613576,0.4904,297.84,308.52,297.84,0.0,0.5016891891891893,0.5714285714285714,0.23969928824943232,0.4902980596119224,0.48092515424621246,medium,0.95
8117288,0,0.6037,11,0.13039745768538996,0.389,253.47,253.47,261.2,0.0,0.4421452702702703,0.5714285714285714,0.1899878368795167,0.38887777555511105,0.40926123332364245,medium,0.9919
8117276,0,0.736,12,0.09158237403724587,0.5,240.27,249.48,240.27,0.0,0.6283783783783784,0.6428571428571429,0.13343461749218608,0.4998999799959992,0.38794133798494684,low,0.9246
"[30255792, 8117274]",0,0.646,11,0.16451672028613576,0.4904,297.84,308.52,297.84,0.0,0.5016891891891893,0.5714285714285714,0.23969928824943232,0.4902980596119224,0.48092515424621246,medium,0.95
30255795,0,0.7175,12,0.1346824410968846,0.5,213.94,222.1,213.94,0.0,0.6023367117117118,0.6428571428571429,0.1962310182452463,0.4998999799959992,0.34541460735859414,medium,0.7101
8117276,0,0.6669,12,0.16969250456172882,0.3965,315.53,315.53,319.37,0.0,0.5311092342342343,0.6428571428571429,0.24724035826985225,0.3963792758551711,0.5094970442872371,medium,0.9929
8117288,0,0.6037,11,0.13039745768538996,0.389,253.47,253.47,261.2,0.0,0.4421452702702703,0.5714285714285714,0.1899878368795167,0.38887777555511105,0.40926123332364245,medium,0.9919
8117288,0,0.6553,12,0.16181184936741844,0.5,314.19,315.18,314.19,0.0,0.5147804054054054,0.6428571428571429,0.23575831623279864,0.4998999799959992,0.5073327518816423,medium,0.9998
8117288,0,0.6553,12,0.1618118493674185,0.5,314.19,315.18,314.19,0.0,0.5147804054054054,0.6428571428571429,0.23575831623279872,0.4998999799959992,0.5073327518816423,medium,0.9998
27927929,0,0.7997,10,0.045341303492342125,0.5,126.67,131.47,126.67,0.0,0.7180461711711712,0.5,0.06606180358982541,0.4998999799959992,0.20446102658526344,low,1.0
30255795,0,0.7175,12,0.13468244109688457,0.5,213.94,222.1,213.94,0.0,0.6023367117117118,0.6428571428571429,0.19623101824524625,0.4998999799959992,0.34541460735859414,medium,0.7101
8385204,0,0.8133,12,0.009368573182459473,0.2027,249.01,284.45,249.01,0.0,0.7371903153153154,0.6428571428571429,0.013649866838187278,0.2025405081016203,0.40205769292890137,low,0.9972
8385204,0,0.7771,12,0.00886357676760392,0.2393,475.81,490.32,475.81,0.0,0.6862331081081081,0.6428571428571429,0.012914091712773962,0.23914782956591318,0.7683722582937623,medium,0.9973
17940473,0,0.7186,14,0.03174282753100933,0.4544,365.93,365.93,372.77,0.0,0.6038851351351352,0.7857142857142857,0.04624894935651073,0.45429085817163434,0.590900281034984,low,0.9875
27927829,0,0.7024,8,0.04942230700014135,0.2718,316.47,319.63,316.47,0.0,0.5810810810810811,0.35714285714285715,0.07200778811453146,0.27165433086617324,0.5110152792583261,high,0.9999
7742907,0,0.576,12,0.1914691045374141,0.196,288.19,297.97,288.19,0.0,0.4031531531531531,0.6428571428571429,0.27896866387132563,0.19583916783356672,0.46533901863875704,high,0.9995
891932104,0,0.6605,14,0.06856768687653307,0.2209,225.15,227.08,225.15,0.0,0.5221002252252253,0.7857142857142857,0.09990243026494548,0.22074414882976595,0.3635203669606228,low,0.9836
27927827,0,0.7618,10,0.07298088938686137,0.1168,397.27,398.03,397.27,0.0,0.664695945945946,0.5,0.1063324256767742,0.11662332466493298,0.6415188810285234,high,0.9999
7742906,0,0.6337,16,0.04432010109204492,0.2102,428.98,436.61,428.98,0.0,0.48437500000000006,0.9285714285714286,0.06457392109789531,0.21004200840168033,0.6927350841489809,medium,0.9998
17940473,0,0.7186,14,0.031742827531009335,0.4544,365.93,365.93,372.77,0.0,0.6038851351351352,0.7857142857142857,0.046248949356510735,0.45429085817163434,0.590900281034984,low,0.9875
"[1249120233, 17940474, 1249120234]",0,0.8421,14,0.0377309350116938,0.4037,515.65,515.65,526.13,0.0,0.7777308558558559,0.7857142857142857,0.05497356680522919,0.40358071614322866,0.8327195787705526,medium,0.9997
480759757,0,0.9791,12,0.0377309350116938,0.0002,507.36,521.48,507.36,0.0,0.9705799549549551,0.6428571428571429,0.05497356680522919,0.0,0.8193300384404174,medium,0.9976
8385204,0,0.7771,12,0.008863576767603918,0.2393,475.81,490.32,475.81,0.0,0.6862331081081081,0.6428571428571429,0.01291409171277396,0.23914782956591318,0.7683722582937623,medium,0.9973
480759757,0,0.7718,12,0.027276397307047354,0.1971,268.75,281.11,268.75,0.0,0.6787725225225226,0.6428571428571429,0.03974140165614648,0.1969393878775755,0.43394062732176897,medium,0.9529
236959505,0,0.7465,12,0.08726997201450004,0.5,222.57,226.88,222.57,0.0,0.6431587837837839,0.6428571428571429,0.12715148746238966,0.4998999799959992,0.3593532965080595,low,0.9984
8385224,0,0.7751,12,0.07314439464413196,0.5,177.8,177.8,178.46,0.0,0.6834177927927928,0.6428571428571429,0.10657065133072942,0.4998999799959992,0.2870433181509836,low,1.0
17940467,0,0.7755,12,0.08440873291094388,0.5,262.52,262.52,264.48,0.0,0.6839808558558559,0.6428571428571429,0.12298268844060119,0.4998999799959992,0.4238782827793391,low,0.9793
8385234,0,0.764,12,0.08219366569445097,0.5,278.78,286.32,278.78,0.0,0.6677927927927928,0.6428571428571429,0.11975535590700258,0.4998999799959992,0.450140517492005,low,0.7053
17940467,0,0.7997,12,0.05998630527021782,0.5,298.77,300.84,298.77,0.0,0.7180461711711712,0.6428571428571429,0.08739943629931081,0.4998999799959992,0.48242723778143876,low,0.9832
"[1212234833, 17940467]",0,0.757,10,0.05920441868304707,0.5,184.55,189.48,184.55,0.0,0.6579391891891893,0.5,0.08626023474300057,0.4998999799959992,0.2979455373582712,low,0.7171
"[1377379992, 8375948]",16,0.6997,14,0.05731831155708461,0.3193,107.38,112.81,107.38,0.11678832116788321,0.5772804054054054,0.7857142857142857,0.08351219403157309,0.3191638327665533,0.17330490680621508,low,1.0
8375948,0,0.7838,12,0.0407733783239554,0.2624,173.78,182.78,173.78,0.0,0.6956644144144145,0.6428571428571429,0.05940637869020562,0.26225245049009804,0.28055044093419906,low,1.0
"[1377379976, 1377379974]",0,0.8232,12,0.10283804268605044,0.2624,114.81,125.27,114.81,0.0,0.7511261261261263,0.6428571428571429,0.14983402304846857,0.26225245049009804,0.18530542365216268,low,1.0
8375949,0,0.788,12,0.0018765756651980454,0.002,179.67,189.41,179.67,0.0,0.7015765765765767,0.6428571428571429,0.0027340954570458493,0.0018003600720144029,0.2900636366572988,low,0.9963
8375949,0,0.771,12,0.019056961763927956,0.002,81.09,88.31,81.09,0.0,0.6776463963963965,0.6428571428571429,0.027765759771054728,0.0018003600720144029,0.130842781923313,low,1.0
"[67711968, 8385231]",0,0.7976,12,0.10180418536856274,0.099,185.88,185.88,194.02,0.0,0.7150900900900902,0.6428571428571429,0.14832770245874405,0.09881976395279056,0.3000936783280033,medium,0.9408
8385234,0,0.7482,10,0.05519850653587353,0.4196,160.08,250.31,160.08,0.0,0.6455518018018018,0.5,0.08042365763913259,0.4194838967793559,0.25842297380237106,low,0.6487
8385234,0,0.764,12,0.08219366569445097,0.5,278.78,286.32,278.78,0.0,0.6677927927927928,0.6428571428571429,0.11975535590700258,0.4998999799959992,0.450140517492005,low,0.7053
32460694,0,0.8039,12,0.045006183751597206,0.5,142.9,150.35,142.9,0.0,0.7239583333333334,0.6428571428571429,0.06557353721402234,0.4998999799959992,0.23067480699034143,low,1.0
"[1272914620, 871216779, 237396756, 99961322]",4,0.7662,10,0.10274052448730778,0.6368,27.76,27.76,31.32,0.029197080291970802,0.6708896396396397,0.5,0.14969193993104588,0.6367273454690938,0.044707174467810196,low,1.0
"[1302788071, 1302788072, 1302788073, 1302788074, 28509883, 8386782]",2,0.5659,10,0.14132677635085655,0.7156,269.25,279.87,269.25,0.014598540145985401,0.38893581081081074,0.5,0.20591175351576832,0.7155431086217243,0.43474819911490137,medium,0.9924
8386786,0,0.6533,12,0.1430251685242216,0.3145,119.9,119.9,123.16,0.0,0.5119650900900901,0.6428571428571429,0.20838629527012134,0.3143628725745149,0.1935265045062506,medium,0.928
238913756,0,0.5729,13,0.16773122826627465,0.3619,171.77,171.77,171.84,0.0,0.3987894144144144,0.7142857142857143,0.2443827967707855,0.3617723544708942,0.27730400232580676,medium,1.0
"[1210470865, 1210470866, 238913756]",0,0.6295,12,0.15805416300399097,0.3832,3.38,3.38,9.24,0.0,0.4784628378378378,0.6428571428571429,0.23028340180968224,0.3830766153230646,0.005329973834673902,low,1.0
8386786,0,0.7007,12,0.07030943956869114,0.0937,209.77,209.77,217.47,0.0,0.5786880630630631,0.6428571428571429,0.10244014789582835,0.09351870374074815,0.3386794586038699,medium,1.0
8386786,0,0.6533,12,0.14302516852422165,0.3145,119.9,119.9,123.16,0.0,0.5119650900900901,0.6428571428571429,0.20838629527012142,0.3143628725745149,0.1935265045062506,medium,0.928
16295338,0,0.6837,8,0.09907862346660604,0.102,76.79,76.79,85.43,0.0,0.5547578828828829,0.35714285714285715,0.14435658387009512,0.10182036407281454,0.12389766450237427,medium,0.9949
8386786,0,0.7007,12,0.07030943956869114,0.0937,209.77,209.77,217.47,0.0,0.5786880630630631,0.6428571428571429,0.10244014789582835,0.09351870374074815,0.3386794586038699,medium,1.0
8386793,0,0.687,12,0.14011770691045866,0.1404,314.57,327.46,314.57,0.0,0.5594031531531533,0.6428571428571429,0.20415015047667223,0.1402280456091218,0.507946506444423,medium,0.6868
238913649,0,0.6738,14,0.10365302997366733,0.1404,333.56,333.56,342.24,0.0,0.540822072072072,0.7857142857142857,0.1510214520204705,0.1402280456091218,0.5386180831475919,medium,1.0
30199824,0,0.845,14,0.056282992431187846,0.1117,352.42,352.42,355.86,0.0,0.781813063063063,0.7857142857142857,0.08200374360045985,0.11152230446089216,0.5690796911845464,medium,0.5218
34294002,0,0.7201,12,0.1243464975464023,0.1436,332.89,344.03,332.89,0.0,0.6059966216216216,0.6428571428571429,0.18117164368652525,0.14342868573714743,0.5375359369447944,medium,0.9449
238913649,0,0.7619,14,0.0922178568743916,0.1109,333.29,343.08,333.29,0.0,0.6648367117117118,0.7857142857142857,0.13436051013309255,0.11072214442888577,0.5381819943793004,medium,0.9999
238913649,0,0.6738,14,0.10365302997366733,0.1404,333.56,333.56,342.24,0.0,0.540822072072072,0.7857142857142857,0.1510214520204705,0.1402280456091218,0.5386180831475919,medium,1.0
8386795,0,0.636,12,0.13903058087959422,0.1436,251.14,261.92,251.14,0.0,0.48761261261261263,0.6428571428571429,0.20256621786216417,0.14342868573714743,0.4054979487676454,medium,0.9876
238913649,0,0.7619,14,0.09221785687439157,0.1109,333.29,343.08,333.29,0.0,0.6648367117117118,0.7857142857142857,0.1343605101330925,0.11072214442888577,0.5381819943793004,medium,0.9999
246902463,0,0.7122,8,0.14130768833271928,0.5,238.99,247.44,238.99,0.0,0.5948761261261263,0.35714285714285715,0.2058839424491435,0.4998999799959992,0.3858739541945279,high,0.8163
8386789,0,0.6075,8,0.21472793972423,0.1057,479.53,488.87,479.53,0.0,0.4474943693693694,0.35714285714285715,0.3128565725239882,0.10552110422084417,0.7743805924346674,high,1.0
30199824,0,0.7644,12,0.03252999831487777,0.3033,358.83,367.18,358.83,0.0,0.6683558558558559,0.6428571428571429,0.04739584993874192,0.3031606321264253,0.5794327615725038,medium,1.0
"[1252646118, 1210078301, 1210470862]",0,0.7795,12,0.07469880584317426,0.0632,235.87,235.87,245.81,0.0,0.6896114864864865,0.6428571428571429,0.10883541413156306,0.0630126025205041,0.3808347062053817,medium,0.9999
8386789,0,0.6075,8,0.21472793972423002,0.1057,479.53,488.87,479.53,0.0,0.4474943693693694,0.35714285714285715,0.31285657252398824,0.10552110422084417,0.7743805924346674,high,1.0
8386795,0,0.8054,12,0.07842923287440783,0.3472,227.26,238.94,227.26,0.0,0.72606981981982,0.6428571428571429,0.11427061195873217,0.34706941388277657,0.3669283199276415,low,0.9965
8386795,0,0.636,12,0.13903058087959422,0.1436,251.14,261.92,251.14,0.0,0.48761261261261263,0.6428571428571429,0.20256621786216417,0.14342868573714743,0.4054979487676454,medium,0.9876
34294007,0,0.6537,8,0.1527132799703651,0.4316,117.28,128.83,117.28,0.0,0.5125281531531531,0.35714285714285715,0.22250178441937274,0.43148629725945187,0.18929482831023678,medium,0.9875
8386793,0,0.6902,12,0.16013862659748315,0.2426,257.83,270.64,257.83,0.0,0.5639076576576577,0.6428571428571429,0.23332044606743185,0.24244848969793958,0.4163032593597571,medium,0.9999
8386793,0,0.687,12,0.1401177069104587,0.1404,314.57,327.46,314.57,0.0,0.5594031531531533,0.6428571428571429,0.2041501504766723,0.1402280456091218,0.507946506444423,medium,0.6868
8386794,0,0.647,12,0.13340635895405814,0.3707,143.1,156.19,143.1,0.0,0.5030968468468469,0.6428571428571429,0.19437177831590066,0.3705741148229646,0.23099783570759438,medium,0.9388
8386794,0,0.647,12,0.1334063589540582,0.3707,143.1,156.19,143.1,0.0,0.5030968468468469,0.6428571428571429,0.19437177831590075,0.3705741148229646,0.23099783570759438,medium,0.9388
238913756,0,0.7052,14,0.04951760392522242,0.2056,24.82,24.82,30.82,0.0,0.5850225225225226,0.7857142857142857,0.07214663485668721,0.20544108821764354,0.03995865232419162,low,1.0
238913756,0,0.6339,13,0.06270670704866733,0.3204,131.26,135.35,131.26,0.0,0.4846565315315316,0.7142857142857143,0.09136303663553465,0.32026405281056214,0.21187453564621891,low,1.0
4884668,0,1.0,12,0.08623954588955213,0.5,281.4,281.4,290.62,0.0,1.0,0.6428571428571429,0.12565016608859425,0.4998999799959992,0.45437219368801884,low,1.0
4884668,0,0.8403,10,0.0586300973666987,0.5,335.03,335.03,344.48,0.0,0.7751970720720721,0.5,0.0854234538745965,0.4998999799959992,0.5409923442194011,medium,1.0
6578208,0,0.7662,12,0.13077078628313196,0.5,176.57,180.39,176.57,0.0,0.6708896396396397,0.6428571428571429,0.19053177320805986,0.4998999799959992,0.2850566915398779,low,0.9999
197881958,0,0.6135,11,0.16640607375543673,0.4356,126.55,126.55,127.06,0.0,0.45594031531531537,0.5714285714285714,0.2424520588532051,0.4354870974194839,0.20426720935491166,medium,1.0
"[31324122, 1207034955]",13,0.6732,10,0.0973428838532103,0.4518,56.67,56.67,58.28,0.0948905109489051,0.5399774774774775,0.5,0.14182762723958833,0.4516903380676135,0.09140097554672612,low,1.0
332579426,0,0.6593,11,0.18426393831198246,0.4673,94.16,98.68,94.16,0.0,0.520411036036036,0.5714285714285714,0.2684708030406559,0.46719343868773755,0.15195270859579416,medium,0.9914
4286556,0,0.748,10,0.047038117704702065,0.011,491.7,492.02,491.7,0.0,0.6452702702702703,0.5,0.06853404626952708,0.010802160432086415,0.7940368898795103,high,1.0
8387702,0,0.7111,6,0.06268387824274226,0.011,492.19,492.19,493.81,0.0,0.5933277027027026,0.21428571428571427,0.09132977527555575,0.010802160432086415,0.7948283102367801,high,1.0
8387702,0,0.7111,6,0.06268387824274226,0.011,492.19,492.19,493.81,0.0,0.5933277027027026,0.21428571428571427,0.09132977527555575,0.010802160432086415,0.7948283102367801,high,1.0
8388790,0,0.6993,8,0.15857286338593643,0.4426,45.62,49.16,45.62,0.0,0.5767173423423424,0.35714285714285715,0.23103914348893162,0.4424884976995399,0.07355363891849985,medium,1.0
"[1247523488, 199518163]",0,0.7259,12,0.08546234283870228,0.4575,58.61,58.61,63.79,0.0,0.614161036036036,0.6428571428571429,0.12451778840156803,0.4573914782956592,0.09453435410407986,low,1.0
534024689,0,0.7587,13,0.02115418303206071,0.4462,0.53,0.53,11.3,0.0,0.6603322072072073,0.7142857142857143,0.030821391843257107,0.4460892178435687,0.0007268146138191686,low,1.0
"[26294016, 34063830]",0,0.7391,7,0.08943353544370523,0.1666,321.36,357.54,321.36,0.0,0.6327421171171171,0.2857142857142857,0.13030377945226143,0.16643328665733145,0.518913331395161,high,1.0
25654305,0,0.7703,11,0.11370033612957854,0.0388,440.38,440.75,440.38,0.0,0.676661036036036,0.5714285714285714,0.16566028455366,0.038607721544308866,0.7111477210323998,high,1.0
30477978,0,0.772,8,0.11449220031325587,0.0902,353.1,353.1,361.23,0.0,0.6790540540540542,0.35714285714285715,0.1668140233761864,0.09001800360072014,0.5701779888232065,high,1.0
723903169,0,0.7532,14,0.20491743075634913,0.043,335.32,335.32,341.71,0.0,0.6525900900900901,0.7857142857142857,0.29856275131285015,0.042808561712342465,0.5414607358594179,medium,0.9969
27820980,0,0.7505,10,0.10893170755071259,0.043,250.92,250.92,256.92,0.0,0.6487894144144144,0.5,0.15871243663345602,0.042808561712342465,0.4051426171786672,medium,0.5042
30477978,0,0.772,8,0.11449220031325587,0.0902,353.1,353.1,361.23,0.0,0.6790540540540542,0.35714285714285715,0.1668140233761864,0.09001800360072014,0.5701779888232065,high,1.0
8117358,0,1.0,8,0.11953247753881081,0.0067,324.33,324.33,334.99,0.0,1.0,0.35714285714285715,0.17415766087272452,0.006501300260052011,0.5237103078463675,high,0.9905
878797486,0,0.6896,12,0.11953247753881081,0.0067,313.02,315.61,313.02,0.0,0.5630630630630631,0.6428571428571429,0.17415766087272452,0.006501300260052011,0.5054430338857124,high,0.7899
"[164587411, 1442635965]",0,0.7716,10,0.10243118395113313,0.1711,323.67,323.67,334.47,0.0,0.678490990990991,0.5,0.14924123361887445,0.17093418683736747,0.5226443130794328,high,0.8272
8390297,0,0.7606,12,0.1752266248685772,0.2858,254.44,254.44,260.27,0.0,0.6630067567567569,0.6428571428571429,0.2553035205875262,0.2856571314262853,0.4108279226023193,medium,1.0
349861792,0,0.5943,12,0.20238265009596937,0.4943,308.95,317.27,308.95,0.0,0.4289132882882884,0.6428571428571429,0.2948695992360782,0.49419883976795365,0.4988693994896146,medium,0.6055
349861792,0,0.6929,12,0.17928765543052955,0.3547,251.48,262.21,251.48,0.0,0.5677083333333333,0.6428571428571429,0.2612204047140847,0.3545709141828366,0.40604709758697544,medium,1.0
"[8390297, 7742070]",0,0.7048,12,0.20017921505708305,0.3816,179.98,179.98,183.58,0.0,0.5844594594594594,0.6428571428571429,0.2916592146781197,0.3814762952590518,0.2905643311690409,medium,1.0
8390297,0,0.7606,12,0.1752266248685772,0.2858,254.44,254.44,260.27,0.0,0.6630067567567569,0.6428571428571429,0.2553035205875262,0.2856571314262853,0.4108279226023193,medium,1.0
18016742,0,0.6698,12,0.19863819920017992,0.5,256.19,263.28,256.19,0.0,0.5351914414414414,0.6428571428571429,0.2894139687674113,0.4998999799959992,0.41365442387828283,medium,1.0
8390300,0,0.682,12,0.14870413745210764,0.4701,163.59,173.35,163.59,0.0,0.5523648648648649,0.6428571428571429,0.2166605006945873,0.46999399879976,0.26409212779016056,medium,0.5355
8390300,0,0.7298,12,0.14695053918701076,0.485,226.23,236.09,226.23,0.0,0.6196509009009009,0.6428571428571429,0.21410552417303064,0.48489697939587917,0.3652647220337888,medium,0.9748
18016742,0,0.6698,12,0.19863819920017992,0.5,256.19,263.28,256.19,0.0,0.5351914414414414,0.6428571428571429,0.2894139687674113,0.4998999799959992,0.41365442387828283,medium,1.0
7742070,0,0.6941,12,0.21266597539246795,0.3931,121.94,132.03,121.94,0.0,0.5693975225225226,0.6428571428571429,0.30985230948336057,0.39297859571914384,0.19682139742223084,medium,0.9898
"[8390297, 7742070]",0,0.7048,12,0.20017921505708305,0.3816,179.98,179.98,183.58,0.0,0.5844594594594594,0.6428571428571429,0.2916592146781197,0.3814762952590518,0.2905643311690409,medium,1.0
8390300,0,0.682,12,0.14870413745210764,0.4701,163.59,173.35,163.59,0.0,0.5523648648648649,0.6428571428571429,0.2166605006945873,0.46999399879976,0.26409212779016056,medium,0.5355
8390305,0,0.7445,8,0.1808125993549286,0.5553,146.89,146.89,166.55,0.0,0.6403434684684686,0.35714285714285715,0.2634422339671576,0.5552110422084418,0.23711922989953804,medium,0.9999
7742074,0,0.67,12,0.23291617240134274,0.0445,277.11,277.11,409.05,0.0,0.535472972972973,0.6428571428571429,0.3393566600204055,0.04430886177235447,0.44744322770294287,high,0.9999
"[37371122, 8390307, 30484527]",0,0.7147,12,0.1477326090509465,0.1256,359.58,424.51,359.58,0.0,0.5983952702702703,0.6428571428571429,0.2152449927618995,0.1254250850170034,0.5806441192622024,high,0.9705
37371122,0,0.6628,9,0.12259114597503162,0.2655,432.64,432.64,533.03,0.0,0.5253378378378378,0.42857142857142855,0.17861411261387566,0.26535307061412283,0.6986465096747101,high,1.0
7742075,0,0.8768,10,0.06028298669151837,0.6157,144.42,144.42,293.41,0.0,0.8265765765765766,0.5,0.08783169839770145,0.615623124624925,0.23312982524146392,low,1.0
25654780,0,0.6675,8,0.20492370486366313,0.0012,307.55,307.55,404.09,0.0,0.5319538288288288,0.35714285714285715,0.2985718926294219,0.0010002000400080014,0.4966081984688439,high,1.0
"[37371122, 8390307, 30484527]",0,0.7147,12,0.14773260905094657,0.1256,359.58,424.51,359.58,0.0,0.5983952702702703,0.6428571428571429,0.2152449927618996,0.1254250850170034,0.5806441192622024,high,0.9705
19209663,0,0.7214,12,0.13626802133254842,0.0934,158.49,389.13,158.49,0.0,0.6078265765765767,0.6428571428571429,0.1985411940453698,0.09321864372874573,0.25585489550020996,medium,1.0
782086194,0,0.7155,10,0.16550507696347008,0.064,228.05,347.62,228.05,0.0,0.5995213963963965,0.5,0.24113931482551554,0.06381276255251049,0.3682042833607908,high,0.993
25975996,0,0.747,12,0.05155685365083944,0.5,74.56,74.56,136.54,0.0,0.6438626126126127,0.6428571428571429,0.07511780292536371,0.4998999799959992,0.12029589430500372,low,1.0
4333534,2,0.6518,12,0.10944387957388295,0.0906,175.07,175.07,209.12,0.014598540145985401,0.5098536036036037,0.6428571428571429,0.15945866655409646,0.09041808361672334,0.28263397616048064,medium,1.0
25975996,0,0.5788,12,0.15821586927780837,0.4672,111.05,111.05,172.84,0.0,0.40709459459459457,0.6428571428571429,0.23051900636131484,0.46709341868373677,0.17923248376780695,medium,0.9678
8391744,1,0.489,8,0.23846233033810432,0.5,90.14,90.14,90.42,0.0072992700729927005,0.2806869369369369,0.35714285714285715,0.34743736105399603,0.4998999799959992,0.1454598313790096,high,1.0
8391745,6,0.5793,8,0.21287431215517702,0.3807,152.73,154.41,152.73,0.043795620437956206,0.4077984234234235,0.35714285714285715,0.31015585422784026,0.38057611522304463,0.24655166844332457,high,1.0
"[202052944, 1068478004, 199771388]",63,0.7402,12,0.06783687189079181,0.2201,91.72,91.72,92.51,0.45985401459854014,0.6342905405405406,0.6428571428571429,0.09883763956154709,0.21994398879775953,0.14801175824530802,low,1.0
202052944,89,0.6347,11,0.07725257372791627,0.2694,5.49,5.49,7.66,0.6496350364963503,0.4857826576576577,0.5714285714285714,0.11255623041935792,0.269253850770154,0.00873792680169267,low,1.0
"[1418296428, 8391790]",31,0.712,12,0.1229918960569456,0.4401,48.47,48.47,51.28,0.22627737226277372,0.5945945945945946,0.6428571428571429,0.17919800179230477,0.4399879975995199,0.0781567981393546,low,1.0
534031400,0,0.5596,11,0.09649999333285272,0.6111,72.78,246.37,72.78,0.0,0.38006756756756754,0.5714285714285714,0.14059954351447282,0.6110222044408882,0.11742093872145234,low,0.9983
534031400,0,0.4966,12,0.12795492022843524,0.5,9.68,304.62,9.68,0.0,0.2913851351351351,0.6428571428571429,0.18642908230057256,0.4998999799959992,0.015505378428142261,low,0.9998
243346496,0,0.4007,11,0.24616587769304504,0.6193,84.6,265.86,84.6,0.0,0.15639076576576574,0.5714285714285714,0.3586613586002562,0.6192238447689538,0.1365119359111025,medium,0.9938
534031400,0,0.5904,11,0.08714501945549308,0.504,12.73,191.31,12.73,0.0,0.4234234234234235,0.5714285714285714,0.12696943273473313,0.5039007801560312,0.02043156636624996,low,1.0
67822944,0,0.3981,11,0.31075846752345415,0.6347,52.76,179.41,52.76,0.0,0.15273085585585586,0.5714285714285714,0.4527721670835879,0.634626925385077,0.08508576412443067,medium,0.9218
534031400,0,0.4951,11,0.0703985169337575,0.7194,36.13,214.61,36.13,0.0,0.28927364864864863,0.5714285714285714,0.102569932796325,0.7193438687737548,0.058225926284846734,low,1.0
534031400,0,0.5002,10,0.10881144591554225,0.7745,28.04,162.16,28.04,0.0,0.2964527027027027,0.5,0.15853721653862587,0.7744548909781956,0.04515941467196434,low,0.9935
4340567,0,0.446,9,0.2884121249833389,0.7036,86.71,95.79,86.71,0.0,0.22015765765765766,0.42857142857142855,0.4202137518130851,0.7035407081416284,0.13991988887812126,high,0.9962
"[534031400, 1065201838, 1065201839]",0,0.5687,13,0.07957431399379007,0.7469,25.64,121.19,25.64,0.0,0.39287725225225223,0.7142857142857143,0.1159389846034427,0.7468493698739748,0.041283070064928776,low,1.0
4340567,0,0.4499,7,0.22370834655550778,0.5,116.62,126.08,116.62,0.0,0.22564752252252254,0.2857142857142857,0.3259409425673597,0.4998999799959992,0.18822883354330203,high,1.0
67822899,0,0.4118,8,0.26176951796147063,0.5966,74.8,98.35,74.8,0.0,0.17201576576576574,0.35714285714285715,0.3813957187613853,0.5965193038607722,0.12068352876570727,high,1.0
"[4340672, 188126204]",0,0.4657,8,0.20462819544000682,0.5303,134.3,182.89,134.3,0.0,0.24788851351351351,0.35714285714285715,0.2981413381208048,0.5302060412082417,0.216784572148464,high,1.0
4340674,0,0.4339,9,0.22915325426946337,0.7222,129.37,140.49,129.37,0.0,0.203125,0.42857142857142855,0.3338741229588394,0.7221444288857771,0.20882191426817842,high,0.9903
67822944,0,0.2896,10,0.3265405441409717,0.669,136.74,174.29,136.74,0.0,0.0,0.5,0.4757665073619402,0.6689337867573515,0.22072552249895017,high,1.0
4340737,0,0.3228,10,0.3521328079548262,0.5391,126.33,216.62,126.33,0.0,0.04673423423423417,0.5,0.5130542000332545,0.5390078015603121,0.2039118777659334,high,1.0
67822944,0,0.3981,11,0.3107584675234541,0.6347,52.76,179.41,52.76,0.0,0.15273085585585586,0.5714285714285714,0.4527721670835878,0.634626925385077,0.08508576412443067,medium,0.9218
67822944,0,0.2896,10,0.32654054414097167,0.669,136.74,174.29,136.74,0.0,0.0,0.5,0.4757665073619401,0.6689337867573515,0.22072552249895017,high,1.0
243346496,0,0.4388,10,0.22458528137921152,0.5039,176.92,263.28,176.92,0.0,0.21002252252252254,0.5,0.3272186285289016,0.5038007601520305,0.28562199179507053,high,1.0
243346496,0,0.4007,11,0.2461658776930451,0.6193,84.6,265.86,84.6,0.0,0.15639076576576574,0.5714285714285714,0.35866135860025633,0.6192238447689538,0.1365119359111025,medium,0.9938
243346496,0,0.4388,10,0.22458528137921152,0.5039,176.92,263.28,176.92,0.0,0.21002252252252254,0.5,0.3272186285289016,0.5038007601520305,0.28562199179507053,high,1.0
4340674,0,0.3305,10,0.27933665205160846,0.5,179.38,224.84,179.38,0.0,0.05757319819819819,0.5,0.4069908713369156,0.4998999799959992,0.289595245017282,high,1.0
243346496,0,0.3284,7,0.3435117604804533,0.5,196.62,274.6,196.62,0.0,0.05461711711711713,0.2857142857142857,0.5004934132631836,0.4998999799959992,0.3174403204444875,high,1.0
4352115,0,0.6359,6,0.17787368270704068,0.2352,118.63,257.16,118.63,0.0,0.4874718468468469,0.21428571428571427,0.2591602594786901,0.23504700940188036,0.1914752721516943,high,1.0
4352143,0,0.7191,8,0.16603812740042892,0.1481,51.24,202.46,51.24,0.0,0.604588963963964,0.35714285714285715,0.241915964402755,0.14792958591718344,0.08263074587330814,medium,0.9961
87082517,0,0.5775,6,0.25792714946453615,0.3416,154.13,290.7,154.13,0.0,0.40526463963963966,0.21428571428571427,0.375797423249674,0.34146829365873177,0.24881286946409534,high,1.0
"[4352114, 4352143]",0,0.6469,7,0.22744129368886373,0.1484,152.74,204.36,152.74,0.0,0.5029560810810811,0.2857142857142857,0.3313798121601109,0.14822964592918583,0.24656781987918727,high,1.0
67822898,0,0.4675,9,0.24507894881599007,0.6397,57.52,66.32,57.52,0.0,0.2504222972972973,0.42857142857142855,0.35707771323703275,0.639627925585117,0.09277384759505121,medium,0.8082
"[47009721, 596678293]",0,0.5729,13,0.140496054015811,0.5777,17.11,17.11,19.23,0.0,0.3987894144144144,0.7142857142857143,0.2047013987245831,0.5776155231046209,0.027505895274089868,low,1.0
"[1065201836, 1065201837, 257776030]",0,0.5445,13,0.1302993685773698,0.667,38.12,38.12,41.93,0.0,0.3588119369369369,0.7142857142857143,0.18984492195253475,0.6669333866773355,0.06144006202151371,low,1.0
30060843,0,0.8432,8,0.0732812153800417,0.0582,280.69,476.99,280.69,0.0,0.7792792792792792,0.35714285714285715,0.10676999788282708,0.058011602320464095,0.4532254417417709,high,0.9917
4471754,0,0.6209,12,0.2321985366809067,0.1751,141.1,620.94,141.1,0.0,0.466356981981982,0.6428571428571429,0.3383110713851754,0.17493498699739948,0.22776754853506476,medium,0.9993
30060843,0,0.6964,12,0.15656671391746158,0.2089,286.67,491.29,286.67,0.0,0.5726351351351352,0.6428571428571429,0.22811620219005696,0.20874174834966994,0.4628840003876345,medium,0.9948
4340913,0,0.4204,8,0.24720896227214514,0.5,78.55,622.83,78.55,0.0,0.1841216216216216,0.35714285714285715,0.3601811232251667,0.4998999799959992,0.12674031721420034,high,1.0
4340909,0,0.5345,12,0.14536550139500584,0.5,36.79,592.38,36.79,0.0,0.34473536036036034,0.6428571428571429,0.21179613870832226,0.4998999799959992,0.05929192105178151,low,0.9972
"[726583329, 4340909]",0,0.6014,12,0.12731412977384515,0.3227,145.63,594.18,145.63,0.0,0.4389076576576577,0.6428571428571429,0.18549545650993296,0.32256451290258054,0.23508414898084437,medium,0.9998
4340913,0,0.4204,8,0.2472089622721451,0.5,78.55,622.83,78.55,0.0,0.1841216216216216,0.35714285714285715,0.3601811232251666,0.4998999799959992,0.12674031721420034,high,1.0
4352112,0,0.6747,8,0.08497702119322102,0.4016,61.53,354.02,61.53,0.0,0.542088963963964,0.35714285714285715,0.12381067923392788,0.40148029605921187,0.09925057337597314,medium,1.0
4352112,0,0.6747,8,0.08497702119322104,0.4016,61.53,354.02,61.53,0.0,0.542088963963964,0.35714285714285715,0.12381067923392791,0.40148029605921187,0.09925057337597314,medium,1.0
1385471633,0,0.6606,12,0.10246557388659477,0.3325,16.1,308.7,16.1,0.0,0.522240990990991,0.6428571428571429,0.14929133943810982,0.33236647329465896,0.025874600251962403,low,1.0
1385471633,0,0.4584,10,0.17517021556486334,0.5,81.75,317.71,81.75,0.0,0.23761261261261257,0.5,0.25522133275154635,0.4998999799959992,0.13190877669024778,medium,0.9985
4352113,0,0.6312,7,0.20950112575883234,0.3508,118.11,284.54,118.11,0.0,0.48085585585585583,0.2857142857142857,0.3052411527155079,0.35067013402680536,0.19063539748683658,high,1.0
120340387,0,0.6258,6,0.15523021288832778,0.6468,80.32,246.55,80.32,0.0,0.47325450450450457,0.21428571428571427,0.22616893249982117,0.6467293458691739,0.12959912136188906,medium,0.7691
120340387,0,0.6258,6,0.15523021288832778,0.6468,80.32,246.55,80.32,0.0,0.47325450450450457,0.21428571428571427,0.22616893249982117,0.6467293458691739,0.12959912136188906,medium,0.7691
30193920,0,0.9873,11,0.08396222210349481,0.2115,44.67,44.67,45.86,0.0,0.9821227477477479,0.5714285714285714,0.12233212630652504,0.21134226845369072,0.07201925251154828,low,1.0
"[30193920, 2831540]",0,0.9202,11,0.002486276058631794,0.2115,130.16,130.32,130.16,0.0,0.8876689189189191,0.5714285714285714,0.003622423314920998,0.21134226845369072,0.21009787770132762,low,1.0
991384786,0,1.0,11,0.08396222210349481,0.2115,58.12,58.12,62.88,0.0,1.0,0.5714285714285714,0.12233212630652504,0.21134226845369072,0.09374293374681009,low,1.0
4352296,0,0.7413,10,0.08396222210349481,0.5,30.26,30.26,40.88,0.0,0.635838963963964,0.5,0.12233212630652504,0.4998999799959992,0.048745033433472244,low,1.0
"[4352297, 205144457, 1301510516]",0,0.6527,11,0.13749319139802624,0.3647,141.95,141.95,153.24,0.0,0.5111204954954954,0.5714285714285714,0.2003262555469201,0.36457291458291663,0.22914042058338982,medium,1.0
991384786,0,1.0,11,0.08396222210349481,0.2115,58.12,58.12,62.88,0.0,1.0,0.5714285714285714,0.12233212630652504,0.21134226845369072,0.09374293374681009,low,1.0
39941506,0,0.5612,11,0.1332586670313992,0.4223,90.45,478.79,90.45,0.0,0.3823198198198199,0.5714285714285714,0.1941565925448334,0.4221844368873775,0.1459605258907517,medium,0.9998
"[257776874, 1191327341]",0,0.8,12,0.04902523028425532,0.2093,31.89,595.72,31.89,0.0,0.7184684684684685,0.6428571428571429,0.07142925099657327,0.20914182836567313,0.051377717479083894,low,1.0
"[4340904, 1191327341]",0,0.7197,14,0.11259940398012792,0.5,107.37,526.16,107.37,0.0,0.6054335585585586,0.7857142857142857,0.1640562365515266,0.4998999799959992,0.17328875537035243,low,1.0
4352330,0,0.8519,8,0.05438802485113523,0.2093,47.17,583.99,47.17,0.0,0.791525900900901,0.35714285714285715,0.07924279328902807,0.20914182836567313,0.07605711147721034,low,0.8062
"[1418265832, 202052943]",43,0.8495,12,0.04886320385427035,0.0612,109.22,109.22,110.23,0.31386861313868614,0.7881475225225227,0.6428571428571429,0.07119317998035316,0.06101220244048809,0.17627677100494235,low,1.0
"[1418265829, 1418265830, 4357263, 376315345, 1028559513]",111,0.6838,12,0.10664180424827181,0.3097,174.09,174.09,185.01,0.8102189781021898,0.5548986486486486,0.6428571428571429,0.1553760686118738,0.3095619123824765,0.2810511354459411,low,1.0
"[1421063818, 1421063819, 230843110, 1418265831]",137,0.865,12,0.012678011221740702,0.407,19.27,19.27,22.63,1.0,0.8099662162162162,0.6428571428571429,0.018471687581402333,0.40688137627525506,0.03099460542042188,low,1.0
4370466,2,0.7415,14,0.0477176916779416,0.3813,221.61,329.31,221.61,0.014598540145985401,0.6361204954954957,0.7857142857142857,0.06952417928964162,0.3811762352470494,0.35780275866524536,low,1.0
19992579,3,0.7622,12,0.02799075175696031,0.0545,314.07,397.42,314.07,0.021897810218978103,0.665259009009009,0.6428571428571429,0.040782209510445026,0.054310862172434485,0.5071389346512906,medium,1.0
19992579,12,0.772,8,0.033768615398034905,0.0541,271.8,280.78,271.8,0.08759124087591241,0.6790540540540542,0.35714285714285715,0.049200503621203595,0.05391078215643129,0.43886681525987664,high,0.6743
19992579,3,0.7622,12,0.02799075175696031,0.0545,314.07,397.42,314.07,0.021897810218978103,0.665259009009009,0.6428571428571429,0.040782209510445026,0.054310862172434485,0.5071389346512906,medium,1.0
534022319,0,0.7508,12,0.044708925316482184,0.0545,234.46,473.13,234.46,0.0,0.6492117117117118,0.6428571428571429,0.06514043441181833,0.054310862172434485,0.37855735374874827,medium,0.9998
"[6570770, 1256612356]",3,0.788,12,0.01997371963647224,0.0146,182.96,558.82,182.96,0.021897810218978103,0.7015765765765767,0.6428571428571429,0.02910146754798588,0.014402880576115223,0.29537745905611007,low,0.9917
4370468,0,0.8048,16,0.08896620447579669,0.296,116.54,338.63,116.54,0.0,0.7252252252252251,0.9285714285714286,0.12962288253615006,0.2958591718343669,0.18809962205640082,low,1.0
534022319,0,0.7642,14,0.042599113218073026,0.0674,81.12,451.51,81.12,0.0,0.6680743243243243,0.7857142857142857,0.06206645761586512,0.0672134426885377,0.13089123623090093,low,1.0
534022321,0,0.7811,17,0.0560523596342782,0.253,40.48,458.57,40.48,0.0,0.6918637387387389,1.0,0.08166771373949708,0.25285057011402284,0.06525180088509869,low,1.0
831382945,0,0.7923,16,0.0479234099987912,0.5,119.06,388.49,119.06,0.0,0.7076295045045045,0.9285714285714286,0.06982390898844797,0.4998999799959992,0.19216978389378817,low,1.0
4370466,2,0.7415,14,0.047717691677941584,0.3813,221.61,329.31,221.61,0.014598540145985401,0.6361204954954957,0.7857142857142857,0.06952417928964161,0.3811762352470494,0.35780275866524536,low,1.0
4370466,0,0.794,14,0.06609251135547811,0.5,192.26,329.56,192.26,0.0,0.7100225225225225,0.7857142857142857,0.09629612232720478,0.4998999799959992,0.31039829440837285,low,1.0
831382945,0,0.7923,16,0.0479234099987912,0.5,119.06,388.49,119.06,0.0,0.7076295045045045,0.9285714285714286,0.06982390898844797,0.4998999799959992,0.19216978389378817,low,1.0
831382945,0,0.6905,10,0.08455139711189094,0.5,251.64,257.8,251.64,0.0,0.564329954954955,0.5,0.12319054886743976,0.4998999799959992,0.40630552056077784,medium,1.0
6007533,2,0.7649,12,0.038667967772740966,0.0908,220.65,626.95,220.65,0.014598540145985401,0.6690596846846848,0.6428571428571429,0.05633881490797675,0.09061812362472495,0.35625222082243113,medium,0.8823
"[6570770, 1256612356]",3,0.788,12,0.019973719636472237,0.0146,182.96,558.82,182.96,0.021897810218978103,0.7015765765765767,0.6428571428571429,0.029101467547985878,0.014402880576115223,0.29537745905611007,low,0.9917
6570770,0,0.779,12,0.0427320978939734,0.0798,132.85,663.61,132.85,0.0,0.6889076576576577,0.6428571428571429,0.06226021506385935,0.07961592318463692,0.21444261394838,low,0.9999
4370466,0,0.755,14,0.11870243251795179,0.5,164.62,297.46,164.62,0.0,0.6551238738738739,0.7857142857142857,0.17294829292207098,0.4998999799959992,0.2657557256840133,low,1.0
"[4370466, 8400411]",0,0.833,14,0.09465812222466864,0.4657,94.84,94.84,99.35,0.0,0.7649211711711711,0.7857142857142857,0.13791595427353348,0.46559311862372477,0.15305100623445425,low,1.0
232717964,0,0.766,16,0.10645090355365516,0.5,199.61,225.25,199.61,0.0,0.6706081081081081,0.9285714285714286,0.15509792805801814,0.4998999799959992,0.3222695997674193,low,1.0
232717964,0,0.7554,16,0.11140936974769902,0.3783,65.71,217.76,65.71,0.0,0.6556869369369369,0.9285714285714286,0.16232236763512653,0.37817563512702546,0.10600187356656006,low,1.0
"[385446172, 17943477]",0,0.6935,6,0.05191935021327404,0.4371,24.31,24.31,26.48,0.0,0.568552927927928,0.21428571428571427,0.07564595707822735,0.4369873974794959,0.039134929095196565,medium,1.0
"[5049113, 5049114, 17943477]",0,0.9305,8,0.008963080117276614,0.2127,152.31,152.31,152.62,0.0,0.9021677927927929,0.35714285714285715,0.013059067176818422,0.21254250850170034,0.24587330813709338,medium,0.5576
"[385446172, 17943477]",0,0.6935,6,0.05191935021327403,0.4371,24.31,24.31,26.48,0.0,0.568552927927928,0.21428571428571427,0.07564595707822735,0.4369873974794959,0.039134929095196565,medium,1.0
8399712,0,0.6446,12,0.11669132918178572,0.1181,282.58,486.82,282.58,0.0,0.4997184684684684,0.6428571428571429,0.17001813388359546,0.11792358471694338,0.45627806311981134,medium,0.9464
8399709,0,0.6054,12,0.1859208744683053,0.043,382.68,387.27,382.68,0.0,0.4445382882882884,0.6428571428571429,0.27088494375998956,0.042808561712342465,0.6179539361049198,high,1.0
8399709,0,0.5854,12,0.19848985381702142,0.0435,281.38,467.83,281.38,0.0,0.4163851351351352,0.6428571428571429,0.28919783091041457,0.043308661732346466,0.4543398908162936,high,1.0
8399712,0,0.6446,12,0.11669132918178572,0.1181,282.58,486.82,282.58,0.0,0.4997184684684684,0.6428571428571429,0.17001813388359546,0.11792358471694338,0.45627806311981134,medium,0.9464
8399712,0,0.5661,12,0.13962586555652942,0.0369,203.2,582.83,203.2,0.0,0.3892173423423424,0.6428571428571429,0.20343354215387008,0.03670734146829366,0.32806796524211,medium,0.7228
8399714,0,0.6204,12,0.16799863048573002,0.0486,181.04,554.3,181.04,0.0,0.4656531531531531,0.6428571428571429,0.24477239934175,0.048409681936387276,0.2922763833704816,medium,0.9928
22815086,0,0.6186,12,0.14608039735434242,0.053,243.26,458.66,243.26,0.0,0.4631193693693694,0.6428571428571429,0.2128377355368637,0.052810562112422486,0.39277061730787866,medium,0.5504
22815086,0,0.8256,10,0.006796870598740032,0.053,201.23,425.65,201.23,0.0,0.7545045045045047,0.5,0.009902919859161393,0.052810562112422486,0.3248861323771683,medium,0.9995
8399714,0,0.6204,12,0.16799863048573002,0.0486,181.04,554.3,181.04,0.0,0.4656531531531531,0.6428571428571429,0.24477239934175,0.048409681936387276,0.2922763833704816,medium,0.9928
2687034,0,0.8502,11,0.022045285546511754,0.1882,204.84,270.21,204.84,0.0,0.789132882882883,0.5714285714285714,0.03211971999973299,0.1880376075215043,0.33071680072358434,low,0.9957
2687034,0,0.6592,12,0.06488085068270928,0.1979,158.85,316.26,158.85,0.0,0.5202702702702703,0.6428571428571429,0.09453074388640956,0.1977395479095819,0.2564363471912653,medium,0.9287
4370174,0,0.6918,12,0.09256331482060592,0.5,199.26,279.14,199.26,0.0,0.5661599099099099,0.6428571428571429,0.13486383917904937,0.4998999799959992,0.3217042995122266,low,0.9836
236959505,0,0.7465,12,0.08726997201450004,0.5,222.57,226.88,222.57,0.0,0.6431587837837839,0.6428571428571429,0.12715148746238966,0.4998999799959992,0.3593532965080595,low,0.9984
4370174,0,0.692,12,0.166356949365597,0.5,270.12,277.88,270.12,0.0,0.5664414414414414,0.6428571428571429,0.24238048506964563,0.4998999799959992,0.43615337403495175,medium,1.0
236959505,0,0.7229,12,0.07410463118956487,0.6005,258.22,264.96,258.22,0.0,0.6099380630630631,0.6428571428571429,0.10796970713361949,0.6004200840168034,0.4169331653584004,low,0.9951
4370176,0,0.8858,7,0.020431371683076797,0.0137,263.71,290.79,263.71,0.0,0.8392454954954957,0.2857142857142857,0.02976826236490046,0.013502700540108022,0.4258003036469942,high,0.8953
4370175,0,0.7254,8,0.09241739801897939,0.1484,154.92,239.54,154.92,0.0,0.6134572072072073,0.35714285714285715,0.13465123974297738,0.14822964592918583,0.25008883289724454,medium,0.8616
4370175,0,0.7532,12,0.106687723996764,0.1266,147.8,349.43,147.8,0.0,0.6525900900900901,0.6428571428571429,0.15544297326250475,0.1264252850570114,0.23858901056303905,medium,0.7148
22943124,0,0.7572,12,0.08913097698802609,0.1266,158.51,306.49,158.51,0.0,0.6582207207207207,0.6428571428571429,0.1298629545689088,0.1264252850570114,0.25588719837193524,low,0.5386
4370176,0,0.6046,11,0.12089913621390515,0.1447,209.1,340.88,209.1,0.0,0.4434121621621622,0.5714285714285714,0.17614886997537202,0.1445289057811562,0.33759731240107244,medium,0.9231
4370175,0,0.7532,12,0.10668772399676402,0.1266,147.8,349.43,147.8,0.0,0.6525900900900901,0.6428571428571429,0.15544297326250478,0.1264252850570114,0.23858901056303905,medium,0.7148
259115593,0,0.6918,12,0.12689183341021087,0.0832,134.62,361.99,134.62,0.0,0.5661599099099099,0.6428571428571429,0.18488017459747924,0.08301660332066411,0.21730141809606873,medium,0.9999
2687034,0,0.6143,12,0.10330978896720824,0.7218,49.99,425.77,49.99,0.0,0.4570664414414414,0.6428571428571429,0.15052135303531894,0.721744348869774,0.08061181639047713,low,1.0
259182798,0,0.6812,12,0.1518134621343124,0.4252,65.63,398.03,65.63,0.0,0.5512387387387389,0.6428571428571429,0.2211907581195916,0.42508501700340073,0.10587266207965888,low,1.0
"[1430314258, 1430314259]",0,0.4385,10,0.11991213942004976,0.9511,153.74,214.88,153.74,0.0,0.20960022522522523,0.5,0.174710824736993,0.9510902180436087,0.24818296346545207,medium,1.0
58602417,0,0.6342,8,0.24021831996223658,0.5,124.13,419.76,124.13,0.0,0.48507882882882886,0.35714285714285715,0.3499958217636428,0.4998999799959992,0.20035856187615078,high,0.9865
259182798,0,0.6812,12,0.1518134621343124,0.4252,65.63,398.03,65.63,0.0,0.5512387387387389,0.6428571428571429,0.2211907581195916,0.42508501700340073,0.10587266207965888,low,1.0
259182798,0,0.7883,12,0.14006668870994654,0.3761,159.9,364.53,159.9,0.0,0.7019988738738739,0.6428571428571429,0.20407581742840514,0.3759751950390078,0.25813224795684336,low,0.999
6008168,0,0.9572,8,0.012632155817561642,0.2398,271.44,277.36,271.44,0.0,0.9397522522522523,0.35714285714285715,0.01840487667984301,0.23964792958591719,0.4382853635688213,medium,1.0
232717963,0,0.9207,12,0.047814211145403254,0.3557,257.7,259.08,257.7,0.0,0.8883727477477479,0.6428571428571429,0.06966480726478624,0.3555711142228446,0.4160932906935427,low,1.0
232717964,0,0.784,13,0.05817396627078702,0.4841,150.09,232.4,150.09,0.0,0.695945945945946,0.7142857142857143,0.08475887506883345,0.48399679935987194,0.24228768937558548,low,1.0
4370468,0,0.8048,16,0.08896620447579669,0.296,116.54,338.63,116.54,0.0,0.7252252252252251,0.9285714285714286,0.12962288253615006,0.2958591718343669,0.18809962205640082,low,1.0
232717964,0,0.7554,16,0.11140936974769902,0.3783,65.71,217.76,65.71,0.0,0.6556869369369369,0.9285714285714286,0.16232236763512653,0.37817563512702546,0.10600187356656006,low,1.0
232717964,0,0.784,13,0.05817396627078702,0.4841,150.09,232.4,150.09,0.0,0.695945945945946,0.7142857142857143,0.08475887506883345,0.48399679935987194,0.24228768937558548,low,1.0
"[1256612363, 959597046]",0,0.807,14,0.12277105218267324,0.5,65.26,135.4,65.26,0.0,0.7283220720720722,0.7857142857142857,0.17887623430146823,0.4998999799959992,0.10527505895274092,low,1.0
36719933,0,1.0,12,0.001822868776751972,0.5,50.28,52.51,50.28,0.0,1.0,0.6428571428571429,0.0026558450152218776,0.4998999799959992,0.08108020803049391,low,1.0
263347114,0,0.95,12,0.001822868776751972,0.5,36.63,52.17,36.63,0.0,0.929617117117117,0.6428571428571429,0.0026558450152218776,0.4998999799959992,0.05903349807797914,low,1.0
"[31015699, 397788259]",0,0.7188,12,0.0018228687767519727,0.5,8.33,8.33,12.35,0.0,0.6041666666666667,0.6428571428571429,0.002655845015221879,0.4998999799959992,0.013324934586684756,low,1.0
"[31015857, 8402479]",0,0.7153,12,0.12520892047456353,0.0046,208.82,216.89,208.82,0.0,0.5992398648648649,0.6428571428571429,0.18242818594991667,0.0044008801760352075,0.3371450721969183,medium,1.0
31015708,0,0.8162,8,0.07906523173069128,0.086,292.69,335.69,292.69,0.0,0.7412725225225225,0.35714285714285715,0.11519725643476977,0.08581716343268653,0.4726071647769487,high,0.9996
31015708,0,0.876,12,0.0024436044450101045,0.2082,100.88,142.35,100.88,0.0,0.8254504504504506,0.6428571428571429,0.0035602511668809617,0.20804160832166432,0.16280647349549374,low,1.0
51175590,0,0.6458,8,0.08806992296571202,0.5,160.04,450.5,160.04,0.0,0.5014076576576577,0.35714285714285715,0.1283170086307347,0.4998999799959992,0.25835836805892043,medium,0.9996
1351116393,0,0.8372,12,0.07055891126708516,0.5,150.23,466.99,150.23,0.0,0.7708333333333336,0.6428571428571429,0.10280362586274706,0.4998999799959992,0.24251380947766255,low,1.0
8402458,0,0.7483,12,0.06203327974942895,0.5,68.27,543.79,68.27,0.0,0.6456925675675675,0.6428571428571429,0.09038185926282874,0.4998999799959992,0.110136641147398,low,1.0
8402463,0,0.7576,12,0.06496170053961485,0.3486,183.28,469.43,183.28,0.0,0.6587837837837839,0.6428571428571429,0.09464854138329151,0.3484696939387878,0.29589430500371483,low,0.9999
8402463,0,0.6736,12,0.08602941745489058,0.4143,235.24,472.24,235.24,0.0,0.5405405405405406,0.6428571428571429,0.12534401089458116,0.4141828365673135,0.3798171657460348,medium,0.9949
8402486,0,0.7539,12,0.06162624708082626,0.1681,159.61,551.11,159.61,0.0,0.6535754504504505,0.6428571428571429,0.08978881641345697,0.16793358671734346,0.2576638563168266,low,0.9926
"[8402490, 9027684, 1351116389]",0,0.7177,14,0.1410861003608345,0.4584,196.86,456.37,196.86,0.0,0.6026182432432433,0.7857142857142857,0.20556109081493884,0.4582916583316663,0.31782795490519106,low,1.0
51175591,0,0.7201,14,0.12240729387224354,0.5,313.61,319.37,313.61,0.0,0.6059966216216216,0.7857142857142857,0.17834624179339648,0.4998999799959992,0.5063959686016087,low,0.9095
1351116390,0,0.667,16,0.18315680417891944,0.5,292.97,346.15,292.97,0.0,0.5312500000000001,0.9285714285714286,0.2668577188055197,0.4998999799959992,0.4730594049811029,low,0.9997
1351116391,0,0.7835,16,0.12168722372224838,0.5,258.23,352.91,258.23,0.0,0.6952421171171171,0.9285714285714286,0.17729710621671993,0.4998999799959992,0.41694931679426306,low,1.0
8402465,0,0.6647,12,0.13649610294399817,0.0521,193.98,488.73,193.98,0.0,0.5280123873873873,0.6428571428571429,0.19887350685261398,0.05191038207641528,0.3131763413767484,medium,1.0
8402465,0,0.6022,12,0.17377087402056052,0.5,229.88,229.88,237.44,0.0,0.4400337837837837,0.6428571428571429,0.25318250500947226,0.4998999799959992,0.37115999612365536,medium,1.0
1351116390,0,0.7166,14,0.1438420081192314,0.5,320.73,357.1,320.73,0.0,0.6010698198198199,0.7857142857142857,0.2095764230369349,0.4998999799959992,0.5178957909358143,medium,0.8399
8402490,0,0.7848,14,0.07976020849649512,0.2656,289.37,415.75,289.37,0.0,0.6970720720720722,0.7857142857142857,0.11620983118179035,0.26545309061812367,0.46724488807054954,low,0.9989
8402490,0,0.6501,14,0.1591624719002217,0.5,291.89,291.89,301.9,0.0,0.5074605855855856,0.7857142857142857,0.2318981976639342,0.4998999799959992,0.4713150499079368,medium,0.996
1351116390,0,0.7166,14,0.14384200811923137,0.5,320.73,357.1,320.73,0.0,0.6010698198198199,0.7857142857142857,0.20957642303693488,0.4998999799959992,0.5178957909358143,medium,0.8399
1351116390,0,0.667,16,0.18315680417891944,0.5,292.97,346.15,292.97,0.0,0.5312500000000001,0.9285714285714286,0.2668577188055197,0.4998999799959992,0.4730594049811029,low,0.9997
1351116395,0,0.6189,12,0.12748749468659637,0.2551,68.28,68.28,70.66,0.0,0.4635416666666667,0.6428571428571429,0.18574804759111574,0.25495099019803963,0.11015279258326066,low,0.7132
8402465,0,0.6022,12,0.17377087402056055,0.5,229.88,229.88,237.44,0.0,0.4400337837837837,0.6428571428571429,0.2531825050094723,0.4998999799959992,0.37115999612365536,medium,1.0
1351116395,0,0.6926,12,0.09776455252027211,0.4965,130.75,131.82,130.75,0.0,0.567286036036036,0.6428571428571429,0.14244199460391707,0.4963992798559712,0.21105081241722387,low,1.0
8402490,0,0.6914,12,0.1173626737262829,0.6649,135.64,135.64,144.33,0.0,0.5655968468468469,0.6428571428571429,0.17099627670182566,0.6648329665933187,0.21894886455405882,low,1.0
1351116395,0,0.9376,12,0.0035981756922649905,0.0523,15.77,15.77,18.66,0.0,0.9121621621621622,0.6428571428571429,0.005242450840497575,0.05211042208441688,0.02534160286849501,low,1.0
1351116395,0,0.6926,12,0.09776455252027208,0.4965,130.75,131.82,130.75,0.0,0.567286036036036,0.6428571428571429,0.14244199460391704,0.4963992798559712,0.21105081241722387,low,1.0
1351116394,0,0.6311,8,0.08157344636346525,0.5,222.26,449.78,222.26,0.0,0.4807150900900901,0.35714285714285715,0.11885170205399392,0.4998999799959992,0.35885260199631747,medium,0.6191
"[242047471, 8402471]",0,0.727,14,0.12591624474569726,0.2286,312.25,355.48,312.25,0.0,0.6157094594594594,0.7857142857142857,0.18345875089848201,0.22844568913782756,0.5041993733242885,medium,0.9998
230547769,0,0.7886,12,0.01142010819060292,0.3621,312.81,321.3,312.81,0.0,0.7024211711711712,0.6428571428571429,0.016638934450356985,0.3619723944788958,0.5051038537325969,low,0.7993
"[230547769, 230547770, 242046820]",0,0.7771,12,0.010228972712405379,0.4311,275.47,286.93,275.47,0.0,0.6862331081081081,0.6428571428571429,0.014903461029014521,0.43098619723944787,0.44479439222146855,low,0.9998
8402477,0,0.7441,8,0.12066565745498903,0.3014,431.46,431.46,431.89,0.0,0.6397804054054054,0.35714285714285715,0.1758086935739772,0.30126025205041007,0.6967406402429176,high,1.0
878794039,0,0.825,12,0.024290235250906858,0.1967,367.67,367.67,376.8,0.0,0.7536599099099098,0.6428571428571429,0.03539059104298655,0.1965393078615723,0.5937106308750849,medium,1.0
878794039,0,0.8194,8,0.045204001024103393,0.1967,487.0,487.0,496.29,0.0,0.7457770270270272,0.35714285714285715,0.06586175515816119,0.1965393078615723,0.7864457150240657,high,1.0
8402477,0,0.7441,8,0.12066565745498904,0.3014,431.46,431.46,431.89,0.0,0.6397804054054054,0.35714285714285715,0.1758086935739772,0.30126025205041007,0.6967406402429176,high,1.0
8402463,0,0.6736,12,0.08602941745489058,0.4143,235.24,472.24,235.24,0.0,0.5405405405405406,0.6428571428571429,0.12534401089458116,0.4141828365673135,0.3798171657460348,medium,0.9949
1351116394,0,0.6311,8,0.08157344636346525,0.5,222.26,449.78,222.26,0.0,0.4807150900900901,0.35714285714285715,0.11885170205399392,0.4998999799959992,0.35885260199631747,medium,0.6191
"[230547768, 8402481]",0,0.7245,12,0.055855348111380806,0.5,123.5,562.69,123.5,0.0,0.6121903153153154,0.6428571428571429,0.08138066976511725,0.4998999799959992,0.19934102141680396,low,1.0
8402484,0,0.9984,12,0.06307872723870679,0.5,180.67,643.94,180.67,0.0,0.9977477477477477,0.6428571428571429,0.09190506662610569,0.4998999799959992,0.29167878024356364,low,1.0
230547774,0,0.7816,12,0.04311017141542136,0.492,110.35,618.72,110.35,0.0,0.6925675675675675,0.6428571428571429,0.06281106470254123,0.4918983796759352,0.17810188325742157,low,1.0
586978715,0,0.8522,12,0.022100508657622947,0.2485,54.86,659.72,54.86,0.0,0.7919481981981983,0.6428571428571429,0.03220017956401559,0.24834966993398677,0.08847756565558679,low,1.0
8402484,0,0.8283,10,0.0359263762615519,0.0035,164.37,782.03,164.37,0.0,0.7583051801801802,0.5,0.05234434132630943,0.0033006601320264054,0.2653519397874471,medium,0.9997
9027682,0,0.8209,10,0.06739157187065614,0.2222,86.99,779.78,86.99,0.0,0.7478885135135135,0.5,0.09818884153343517,0.22204440888177635,0.14037212908227542,low,0.9993
8402486,0,0.7539,12,0.06162624708082626,0.1681,159.61,551.11,159.61,0.0,0.6535754504504505,0.6428571428571429,0.08978881641345697,0.16793358671734346,0.2576638563168266,low,0.9926
230547774,0,0.761,12,0.0027023708256432018,0.5,102.07,621.54,102.07,0.0,0.6635698198198199,0.6428571428571429,0.003937271400217719,0.4998999799959992,0.16472849436314888,low,1.0
"[230547772, 230547774]",0,0.6957,12,0.05585534811138081,0.6766,150.17,639.65,150.17,0.0,0.5716497747747747,0.6428571428571429,0.08138066976511726,0.6765353070614123,0.24241690086248663,low,1.0
8402465,0,0.6647,12,0.13649610294399817,0.0521,193.98,488.73,193.98,0.0,0.5280123873873873,0.6428571428571429,0.19887350685261398,0.05191038207641528,0.3131763413767484,medium,1.0
"[8402490, 9027684, 1351116389]",0,0.7177,14,0.14108610036083452,0.4584,196.86,456.37,196.86,0.0,0.6026182432432433,0.7857142857142857,0.20556109081493887,0.4582916583316663,0.31782795490519106,low,1.0
8402490,0,0.7848,14,0.07976020849649512,0.2656,289.37,415.75,289.37,0.0,0.6970720720720722,0.7857142857142857,0.11620983118179035,0.26545309061812367,0.46724488807054954,low,0.9989
25654782,0,0.415,12,0.14316399490532902,0.277,381.03,386.98,381.03,0.0,0.17652027027027023,0.6428571428571429,0.2085885640288,0.2768553710742149,0.6152889491875828,high,1.0
8402493,0,0.5631,12,0.17197561014807816,0.277,339.91,339.91,344.6,0.0,0.3849943693693694,0.6428571428571429,0.2505668220816964,0.2768553710742149,0.5488742449203735,high,0.9999
25654782,0,0.7359,14,0.12760153502204047,0.0164,361.95,361.95,446.17,0.0,0.6282376126126127,0.7857142857142857,0.18591420330954309,0.016203240648129627,0.58447200956165,medium,0.9998
18942164,0,0.7819,14,0.11119457064119458,0.0164,302.22,302.22,489.31,0.0,0.6929898648648649,0.7857142857142857,0.16200940731525537,0.016203240648129627,0.48799948315405245,medium,0.9999
25654782,0,0.7359,14,0.12760153502204047,0.0164,361.95,361.95,446.17,0.0,0.6282376126126127,0.7857142857142857,0.18591420330954309,0.016203240648129627,0.58447200956165,medium,0.9998
878794037,0,0.7302,10,0.19961092339396674,0.0069,376.18,376.18,498.16,0.0,0.620213963963964,0.5,0.2908312189589415,0.006701340268053611,0.6074555027941985,high,1.0
991376782,0,0.7513,16,0.17423890738353562,0.0069,423.57,423.57,451.48,0.0,0.6499155405405406,0.9285714285714286,0.2538644253087265,0.006701340268053611,0.6839971573472882,medium,1.0
4707370,0,0.7276,8,0.16895445548989138,0.0735,113.4,113.4,307.87,0.0,0.6165540540540542,0.35714285714285715,0.24616502756963785,0.07331466293258651,0.1830280711955293,high,0.9739
"[945432161, 945432162, 4707370, 164587413, 699304735]",0,0.7562,12,0.09302902617635177,0.13,105.3,105.3,133.25,0.0,0.6568130630630631,0.6428571428571429,0.13554237633515634,0.1298259651930386,0.16994540814678424,low,0.9991
7466478,0,0.7446,12,0.0803806736519161,0.0896,307.01,307.01,448.8,0.0,0.6404842342342343,0.6428571428571429,0.11711384319873713,0.08941788357671533,0.4957360209322609,medium,1.0
8402493,0,0.6589,12,0.1338383307353645,0.1502,148.65,148.65,152.89,0.0,0.519847972972973,0.6428571428571429,0.19500115722279174,0.15003000600120023,0.23996188261136414,medium,1.0
8402493,0,0.5631,12,0.17197561014807816,0.277,339.91,339.91,344.6,0.0,0.3849943693693694,0.6428571428571429,0.2505668220816964,0.2768553710742149,0.5488742449203735,high,0.9999
878794032,0,0.7468,14,0.16792205671721874,0.0164,333.92,333.92,338.12,0.0,0.6435810810810811,0.7857142857142857,0.24466083206627565,0.016203240648129627,0.5391995348386472,medium,0.9997
8402493,0,0.6589,12,0.13383833073536447,0.1502,148.65,148.65,152.89,0.0,0.519847972972973,0.6428571428571429,0.1950011572227917,0.15003000600120023,0.23996188261136414,medium,1.0
207977706,0,0.6858,12,0.1695773271387066,0.287,29.25,29.25,29.39,0.0,0.557713963963964,0.6428571428571429,0.24707254582529617,0.28685737147429485,0.04711373841134477,low,0.9998
207977706,0,0.5074,12,0.20830647022320295,0.4519,153.07,153.41,153.07,0.0,0.3065878378378378,0.6428571428571429,0.30350055060290704,0.4517903580716144,0.24710081726265462,medium,0.9999
30479855,0,0.7122,12,0.08901581405980524,0.3876,372.89,372.89,411.65,0.0,0.5948761261261263,0.6428571428571429,0.12969516324314487,0.3874774954990998,0.6021416803953872,medium,0.9999
8117362,0,0.7182,12,0.20748834562031362,0.3384,305.59,305.59,395.03,0.0,0.603322072072072,0.6428571428571429,0.30230855059144796,0.33826765353070615,0.4934425170397648,medium,0.9821
30479855,0,0.6631,12,0.12382274180431116,0.3356,350.61,350.61,395.09,0.0,0.5257601351351352,0.6428571428571429,0.18040853639410362,0.33546709341868375,0.566156281293407,medium,0.9642
8402455,0,0.6827,12,0.1585765722071341,0.1892,257.13,267.34,257.13,0.0,0.5533502252252253,0.6428571428571429,0.23104454720725826,0.1890378075615123,0.4151726588493717,medium,0.9988
25654782,0,0.8063,12,0.09726991678115199,0.1892,293.02,302.41,293.02,0.0,0.7273367117117117,0.6428571428571429,0.14172131488762818,0.1890378075615123,0.47314016216041604,medium,1.0
25654782,0,0.7208,12,0.10454728518460212,0.1892,339.52,349.79,339.52,0.0,0.606981981981982,0.6428571428571429,0.15232437362668674,0.1890378075615123,0.5482443389217302,medium,0.9966
31015584,0,0.7637,8,0.1424942885099168,0.3663,292.92,302.56,292.92,0.0,0.6673704954954957,0.35714285714285715,0.2076128079786992,0.3661732346469294,0.47297864780178966,high,0.9998
8402498,0,0.7695,8,0.11238031187231935,0.1059,203.75,203.75,208.47,0.0,0.6755349099099099,0.35714285714285715,0.163737021368294,0.10572114422884575,0.32895629421455563,high,0.9795
8402498,0,0.7695,8,0.11238031187231935,0.1059,203.75,203.75,208.47,0.0,0.6755349099099099,0.35714285714285715,0.163737021368294,0.10572114422884575,0.32895629421455563,high,0.9795
207977706,0,0.5074,12,0.20830647022320292,0.4519,153.07,153.41,153.07,0.0,0.3065878378378378,0.6428571428571429,0.30350055060290704,0.4517903580716144,0.24710081726265462,medium,0.9999
207977706,0,0.6118,10,0.23753883779447849,0.315,62.15,62.15,63.09,0.0,0.4535472972972973,0.5,0.34609184092332557,0.3148629725945189,0.10025196239945731,medium,0.9993
673408361,0,0.8576,8,0.13259143800224377,0.1319,240.6,240.6,429.5,0.0,0.7995495495495497,0.35714285714285715,0.1931844459945521,0.1317263452690538,0.38847433536841425,high,0.9383
18942164,0,0.7819,14,0.11119457064119456,0.0164,302.22,302.22,489.31,0.0,0.6929898648648649,0.7857142857142857,0.16200940731525537,0.016203240648129627,0.48799948315405245,medium,0.9999
878794033,0,0.7187,8,0.14625327788072276,0.1319,270.57,270.57,431.97,0.0,0.6040259009009009,0.35714285714285715,0.21308962087156533,0.1317263452690538,0.4368801886487709,high,1.0
8402503,0,0.8812,8,0.020319655328546665,0.3014,308.21,308.21,317.63,0.0,0.8327702702702702,0.35714285714285715,0.029605492665260837,0.30126025205041007,0.49767419323577866,medium,0.9998
8402503,0,0.7739,12,0.09425575106515459,0.3014,306.75,306.75,316.06,0.0,0.6817286036036037,0.6428571428571429,0.13732970319997123,0.30126025205041007,0.49531608359983204,medium,1.0
31015922,0,0.8372,8,0.059928608695793056,0.0046,259.12,259.12,268.55,0.0,0.7708333333333336,0.35714285714285715,0.08731537292176102,0.0044008801760352075,0.4183867945860387,high,0.9641
31015922,0,0.8372,8,0.059928608695793056,0.0046,259.12,259.12,268.55,0.0,0.7708333333333336,0.35714285714285715,0.08731537292176102,0.0044008801760352075,0.4183867945860387,high,0.9641
878794039,0,0.8275,12,0.0009210130715850318,0.1967,293.88,293.88,302.8,0.0,0.7571790540540542,0.6428571428571429,0.0013418495589101302,0.1965393078615723,0.47452918564460383,low,0.8534
8402503,0,0.7739,12,0.09425575106515459,0.3014,306.75,306.75,316.06,0.0,0.6817286036036037,0.6428571428571429,0.13732970319997123,0.30126025205041007,0.49531608359983204,medium,1.0
878794039,0,0.825,12,0.024290235250906858,0.1967,367.67,367.67,376.8,0.0,0.7536599099099098,0.6428571428571429,0.03539059104298655,0.1965393078615723,0.5937106308750849,medium,1.0
25654327,0,0.7086,12,0.2096559927647,0.1216,247.27,247.27,270.23,0.0,0.5898085585585586,0.6428571428571429,0.3054667925167276,0.12142428485697139,0.3992473430888006,medium,0.9035
25654335,0,0.7895,12,0.10404212650466514,0.1007,236.53,243.27,236.53,0.0,0.7036880630630631,0.6428571428571429,0.15158836208254425,0.10052010402080415,0.38190070097231643,medium,1.0
25654335,41,0.8345,12,0.04991831455035028,0.1723,136.08,147.3,136.08,0.29927007299270075,0.7670326576576577,0.6428571428571429,0.07273046654694235,0.17213442688537708,0.21965952773201539,low,1.0
205586178,0,0.7517,7,0.08357836218497561,0.5,22.23,22.23,25.11,0.0,0.6504786036036037,0.2857142857142857,0.12177284594060324,0.4998999799959992,0.03577543043576575,medium,0.9517
4390217,0,0.7933,6,0.09732083571245292,0.3116,82.96,87.89,82.96,0.0,0.7090371621621623,0.21428571428571427,0.14179550330156884,0.3114622924584917,0.13386310042962818,medium,0.9995
4390217,0,0.7933,6,0.09732083571245291,0.3116,82.96,87.89,82.96,0.0,0.7090371621621623,0.21428571428571427,0.14179550330156881,0.3114622924584917,0.13386310042962818,medium,0.9995
4390264,0,0.6813,9,0.16059116656425776,0.3329,37.35,201.46,37.35,0.0,0.5513795045045046,0.42857142857142855,0.2339797926311166,0.3327665533106621,0.06019640146008981,medium,1.0
"[534027369, 1051388678]",0,0.749,11,0.12306119320934504,0.2791,63.59,254.43,63.59,0.0,0.646677927927928,0.5714285714285714,0.17929896710512203,0.27895579115823166,0.10257776916367867,low,0.9992
"[1051388681, 1051388682, 1051388683, 4607852]",0,0.7185,11,0.08802143568114179,0.2791,54.68,194.67,54.68,0.0,0.6037443693693695,0.5714285714285714,0.12824636310368515,0.27895579115823166,0.08818683981005912,low,1.0
4859717,0,0.614,14,0.22474758551521268,0.254,347.86,347.86,354.16,0.0,0.45664414414414417,0.7857142857142857,0.3274551041602296,0.25385077015403085,0.5617146364311788,high,0.6396
4471736,0,0.6275,12,0.16637679929003182,0.4026,269.13,269.13,274.75,0.0,0.47564752252252246,0.6428571428571429,0.2424094062267288,0.4024804960992199,0.4345543818845496,medium,0.9996
4859717,0,0.7054,14,0.13259902110541694,0.2148,366.85,366.85,372.41,0.0,0.5853040540540542,0.7857142857142857,0.1931954945060348,0.21464292858571712,0.5923862131343477,medium,1.0
4471708,0,0.7133,14,0.1522034264269991,0.2138,201.38,209.33,201.38,0.0,0.5964245495495496,0.7857142857142857,0.221758932502454,0.21364272854570912,0.32512840391510806,low,0.789
4471708,0,0.7362,12,0.09472010209679826,0.2273,169.64,169.64,175.46,0.0,0.6286599099099099,0.6428571428571429,0.13800625837638997,0.22714542908581714,0.2738637464870627,low,0.5785
4471736,0,0.6275,12,0.16637679929003182,0.4026,269.13,269.13,274.75,0.0,0.47564752252252246,0.6428571428571429,0.2424094062267288,0.4024804960992199,0.4345543818845496,medium,0.9996
4471708,0,0.828,12,0.05126929929702609,0.2429,169.56,169.56,176.32,0.0,0.757882882882883,0.6428571428571429,0.07469883888024137,0.24274854970994197,0.2737345350001615,low,1.0
4471708,0,0.7887,12,0.07905013159303573,0.1653,203.0,212.19,203.0,0.0,0.7025619369369369,0.6428571428571429,0.11517525567327831,0.16513302660532106,0.32774493652485703,medium,0.5666
4471755,0,0.7332,14,0.14470988520179232,0.2402,270.25,270.25,276.99,0.0,0.6244369369369369,0.7857142857142857,0.21084091195305377,0.24004800960192038,0.43636334270116617,medium,0.987
4471783,0,0.7022,8,0.17118300388602042,0.1373,156.9,166.43,156.9,0.0,0.5807995495495496,0.35714285714285715,0.24941200205780428,0.13712742548509702,0.2532868171980489,high,0.9998
"[31646048, 30899773]",1,0.722,12,0.10451453360819625,0.4096,171.69,171.69,179.33,0.0072992700729927005,0.6086711711711712,0.6428571428571429,0.15227665488150632,0.4094818963792759,0.27717479083890556,low,0.9967
1000397302,18,0.7214,12,0.09491608509632134,0.5,209.63,209.63,210.93,0.13138686131386862,0.6078265765765767,0.6428571428571429,0.13829180380168613,0.4998999799959992,0.33845333850179277,low,1.0
1000397302,7,0.586,10,0.124295428785835,0.1954,39.26,39.26,42.14,0.051094890510948905,0.4172297297297297,0.5,0.1810972369727234,0.1952390478095619,0.0632813257098556,medium,1.0
25654281,9,0.6233,8,0.13337926009245332,0.3282,226.89,235.08,226.89,0.06569343065693431,0.46973536036036034,0.35714285714285715,0.19433229552412373,0.32806561312262456,0.36633071680072354,high,0.9998
"[1263326144, 1263326145, 1263326146, 1231143212, 1231143213, 1000397302, 1263326143]",44,0.6449,11,0.106638262240497,0.4739,74.98,75.24,74.98,0.32116788321167883,0.5001407657657658,0.5714285714285714,0.1553709079391679,0.47379475895179035,0.12097425461123495,low,1.0
1000397302,18,0.7214,12,0.09491608509632135,0.5,209.63,209.63,210.93,0.13138686131386862,0.6078265765765767,0.6428571428571429,0.13829180380168615,0.4998999799959992,0.33845333850179277,low,1.0
23046214,0,0.7676,12,0.06742017680712749,0.4081,189.25,195.96,189.25,0.0,0.6728603603603603,0.6428571428571429,0.09823051866242165,0.4079815963192639,0.3055367122137158,low,1.0
23046216,0,0.6846,14,0.07345041853423559,0.5,177.95,181.26,177.95,0.0,0.5560247747747747,0.7857142857142857,0.10701652532012175,0.4998999799959992,0.2872855896889233,low,1.0
23046216,0,0.7201,14,0.031723510419689835,0.3454,286.53,291.92,286.53,0.0,0.6059966216216216,0.7857142857142857,0.046220804503229365,0.34526905381076217,0.4626578802855574,low,1.0
8117320,0,0.6458,10,0.19375267264648888,0.4323,113.91,113.91,123.73,0.0,0.5014076576576577,0.5,0.2822958015745209,0.43218643728745754,0.18385179442452435,medium,1.0
8117320,0,0.6458,10,0.19375267264648888,0.4323,113.91,113.91,123.73,0.0,0.5014076576576577,0.5,0.2822958015745209,0.43218643728745754,0.18385179442452435,medium,1.0
48767567,0,0.6494,14,0.1342445290734832,0.2492,148.59,159.31,148.59,0.0,0.5064752252252253,0.7857142857142857,0.19559298446033252,0.24904980996199239,0.23986497399618825,low,0.9987
4323936,0,0.7011,14,0.15545770429788916,0.5,244.79,244.79,250.91,0.0,0.5792511261261261,0.7857142857142857,0.22650038538834982,0.4998999799959992,0.39524178699486384,low,0.9974
4323936,0,0.5828,14,0.17550229095138595,0.2377,135.78,135.78,139.31,0.0,0.4127252252252252,0.7857142857142857,0.25570516353128614,0.23754750950190037,0.2191749846561359,medium,0.9594
8117310,0,0.7423,12,0.12588363741899095,0.5,425.89,425.89,436.43,0.0,0.6372466216216216,0.6428571428571429,0.1834112423237853,0.4998999799959992,0.6877442904674226,medium,0.9976
8117310,0,0.6395,14,0.15117266852733913,0.5,402.45,407.94,402.45,0.0,0.4925394144144144,0.7857142857142857,0.22025712773595874,0.4998999799959992,0.6498853248053752,medium,1.0
8117316,0,0.6059,14,0.18051296573539596,0.4747,237.88,237.88,248.44,0.0,0.44524211711711714,0.7857142857142857,0.2630056705431326,0.4745949189837968,0.3840811448137739,medium,0.9968
8117310,0,0.6395,14,0.15117266852733913,0.5,402.45,407.94,402.45,0.0,0.4925394144144144,0.7857142857142857,0.22025712773595874,0.4998999799959992,0.6498853248053752,medium,1.0
23046216,0,0.7201,14,0.03172351041968984,0.3454,286.53,291.92,286.53,0.0,0.6059966216216216,0.7857142857142857,0.04622080450322938,0.34526905381076217,0.4626578802855574,low,1.0
"[23046216, 1353894685, 1353894686]",0,0.6663,14,0.06076595263917519,0.5,472.15,478.29,472.15,0.0,0.5302646396396397,0.7857142857142857,0.08853537533530745,0.4998999799959992,0.7624608327680331,medium,1.0
30901054,0,0.754,14,0.041711330692743256,0.5,360.08,366.57,360.08,0.0,0.6537162162162162,0.7857142857142857,0.060772966652961745,0.4998999799959992,0.5814516910553348,low,0.9999
202052944,65,0.5737,12,0.13393047233634386,0.0612,115.7,115.7,116.82,0.4744525547445255,0.3999155405405405,0.6428571428571429,0.19513540668679194,0.06101220244048809,0.18674290144393837,low,1.0
4536592,55,0.6896,11,0.08280396415891914,0.0612,125.82,128.11,125.82,0.40145985401459855,0.5630630630630631,0.5714285714285714,0.12064455514886661,0.06101220244048809,0.20308815453693832,low,1.0
"[1418265832, 202052943]",43,0.8495,12,0.04886320385427035,0.0612,109.22,109.22,110.23,0.31386861313868614,0.7881475225225227,0.6428571428571429,0.07119317998035316,0.06101220244048809,0.17627677100494235,low,1.0
4536592,53,0.6727,12,0.019309559098959796,0.0795,190.49,198.96,190.49,0.38686131386861317,0.5392736486486486,0.6428571428571429,0.028133791761767536,0.07931586317263452,0.30753949026068417,low,1.0
4536593,9,0.6989,12,0.05726445969327288,0.1058,255.88,266.85,255.88,0.06569343065693431,0.5761542792792793,0.6428571428571429,0.08343373236197658,0.10562112422484497,0.41315372936654066,medium,1.0
591934082,32,0.7048,12,0.03920919461139515,0.0795,246.08,246.08,255.78,0.23357664233576642,0.5844594594594594,0.6428571428571429,0.05712737742718145,0.07931586317263452,0.39732532222114547,low,0.9018
4607841,0,0.6947,8,0.1171081479563743,0.3938,85.6,212.34,85.6,0.0,0.5702421171171171,0.35714285714285715,0.17062543499925834,0.3936787357471494,0.1381270794973673,medium,1.0
2558884,0,0.8731,8,0.029296886447168047,0.5,90.3,97.1,90.3,0.0,0.8213682432432432,0.35714285714285715,0.04268523572454035,0.4998999799959992,0.14571825435281197,low,1.0
2498997,0,0.8695,12,0.07928059986010916,0.0969,350.36,350.36,351.18,0.0,0.8163006756756759,0.6428571428571429,0.11551104581578506,0.09671934386877375,0.5657524953968408,medium,1.0
19803901,0,0.8775,12,0.07862496087814604,0.4642,255.33,257.86,255.33,0.0,0.8275619369369368,0.6428571428571429,0.11455578585751831,0.46409281856371276,0.41226540039409504,low,1.0
819273391,0,1.0,8,0.07862496087814604,0.4642,287.33,296.96,287.33,0.0,1.0,0.35714285714285715,0.11455578585751831,0.46409281856371276,0.46394999515456925,medium,1.0
4607886,0,0.569,8,0.19437986403068064,0.4581,80.33,87.49,80.33,0.0,0.3932995495495495,0.35714285714285715,0.28320961364483793,0.45799159831966396,0.12961527279775173,high,0.7223
4317585,0,0.717,10,0.12235102003356915,0.1433,303.98,314.34,303.98,0.0,0.6016328828828829,0.5,0.17826425132873153,0.14312862572514504,0.49084213586587855,high,0.9981
4317585,0,0.6363,12,0.23363763833176038,0.0052,394.09,404.41,394.09,0.0,0.4880349099099099,0.6428571428571429,0.3404078292363024,0.005001000200040008,0.6363827244242013,high,1.0
4798094,0,0.6367,12,0.1770939809071952,0.1433,388.4,398.76,388.4,0.0,0.4885979729729731,0.6428571428571429,0.2580242411373908,0.14312862572514504,0.6271925574183544,high,1.0
4798050,0,0.6277,12,0.15155145475255283,0.0168,481.79,492.12,481.79,0.0,0.4759290540540541,0.6428571428571429,0.22080901577746329,0.016603320664132826,0.7780308169396261,high,1.0
"[4798050, 558663139, 99388758]",0,0.7935,8,0.10454422545598042,0.1382,460.99,470.2,460.99,0.0,0.7093186936936938,0.35714285714285715,0.15231991563026512,0.1380276055211042,0.7444358303453178,high,1.0
4798094,0,0.6367,12,0.17709398090719505,0.1433,388.4,398.76,388.4,0.0,0.4885979729729731,0.6428571428571429,0.2580242411373906,0.14312862572514504,0.6271925574183544,high,1.0
4798133,0,0.7067,8,0.11527515158948753,0.2661,477.29,479.57,477.29,0.0,0.587134009009009,0.35714285714285715,0.16795477617465257,0.26595319063812767,0.7707626708014343,high,1.0
4798133,0,0.597,12,0.16579498419924055,0.0959,471.36,484.55,471.36,0.0,0.43271396396396394,0.6428571428571429,0.2415617069979793,0.09571914382876574,0.7611848693348839,high,1.0
4798133,0,0.7067,8,0.11527515158948752,0.2661,477.29,479.57,477.29,0.0,0.587134009009009,0.35714285714285715,0.16795477617465257,0.26595319063812767,0.7707626708014343,high,1.0
4798142,0,0.6669,12,0.19528535896866409,0.301,421.14,432.97,421.14,0.0,0.5311092342342343,0.6428571428571429,0.2845289114298459,0.3008601720344069,0.6800723584326647,high,1.0
4317585,0,0.6572,12,0.2251494856976251,0.0083,512.55,520.62,512.55,0.0,0.517454954954955,0.6428571428571429,0.3280406690244925,0.008101620324064812,0.8277126336531316,high,1.0
4317585,0,0.6422,12,0.22122268856410426,0.0055,400.98,412.15,400.98,0.0,0.4963400900900901,0.6428571428571429,0.322319361766865,0.005301060212042409,0.6475110637335659,high,1.0
4798133,0,0.597,12,0.16579498419924055,0.0959,471.36,484.55,471.36,0.0,0.43271396396396394,0.6428571428571429,0.2415617069979793,0.09571914382876574,0.7611848693348839,high,1.0
11303483,0,0.6421,12,0.18268921484151712,0.0348,371.88,382.4,371.88,0.0,0.49619932432432434,0.6428571428571429,0.2661764454474355,0.03460692138427685,0.6005103853732597,high,1.0
4798142,0,0.6669,12,0.19528535896866409,0.301,421.14,432.97,421.14,0.0,0.5311092342342343,0.6428571428571429,0.2845289114298459,0.3008601720344069,0.6800723584326647,high,1.0
11303483,0,0.6007,12,0.20034857143517093,0.0123,348.37,360.71,348.37,0.0,0.4379222972972973,0.6428571428571429,0.2919059653612167,0.012102420484096819,0.5625383596601738,high,1.0
4798821,0,0.7863,8,0.0797154610055175,0.5,141.28,141.28,182.84,0.0,0.6991835585585586,0.35714285714285715,0.11614463449956161,0.4998999799959992,0.22805827438059242,medium,0.9997
4798821,0,0.7863,8,0.0797154610055175,0.5,141.28,141.28,182.84,0.0,0.6991835585585586,0.35714285714285715,0.11614463449956161,0.4998999799959992,0.22805827438059242,medium,0.9997
"[775617003, 25975996, 1128345677, 1128345676]",0,0.8202,14,0.07509608996369331,0.4729,186.07,221.28,186.07,0.0,0.7469031531531531,0.7857142857142857,0.10941425343616136,0.47279455891178235,0.30040055560939366,low,1.0
25975996,0,0.5788,12,0.1582158692778084,0.4672,111.05,111.05,172.84,0.0,0.40709459459459457,0.6428571428571429,0.23051900636131487,0.46709341868373677,0.17923248376780695,medium,0.9678
"[40009368, 4798825, 40009371]",14,0.7331,8,0.10884328880542961,0.0375,249.19,249.19,270.08,0.10218978102189781,0.6242961711711712,0.35714285714285715,0.15858361133591786,0.03730746149229846,0.402348418774429,high,0.9998
4798837,0,0.6872,10,0.1533117860079978,0.5,108.69,300.22,108.69,0.0,0.5596846846846848,0.5,0.2233738022039461,0.4998999799959992,0.175420744904222,medium,0.9986
4798839,0,0.7701,8,0.08242808606670049,0.3499,394.33,438.83,394.33,0.0,0.6763795045045046,0.35714285714285715,0.12009690423035188,0.3497699539907982,0.6367703588849049,high,1.0
"[8362787, 17943463]",0,0.6449,12,0.12328518340241822,0.3782,419.94,422.71,419.94,0.0,0.5001407657657658,0.6428571428571429,0.17962531875347365,0.3780756151230246,0.6781341861291469,high,0.9862
"[34116609, 17943462]",4,0.7578,14,0.07994793764993222,0.5,407.01,503.17,407.01,0.029197080291970802,0.6590653153153154,0.7857142857142857,0.11648335082935739,0.4998999799959992,0.6572503795587428,medium,0.5174
199773281,2,0.5657,12,0.08176844180799686,0.1421,53.64,552.85,53.64,0.014598540145985401,0.38865427927927926,0.6428571428571429,0.11913580862076292,0.14192838567713542,0.0865070904803437,low,0.5071
4471726,0,0.6743,12,0.2080582239952084,0.2253,163.3,557.66,163.3,0.0,0.5415259009009009,0.6428571428571429,0.30313885813507374,0.22514502900580116,0.26362373615014373,medium,1.0
199773282,0,0.6829,12,0.08338380627071273,0.1707,86.02,490.54,86.02,0.0,0.5536317567567567,0.6428571428571429,0.12148937976538769,0.17053410682136425,0.13880543980359855,low,0.9978
4798936,0,0.4838,6,0.22885367777459384,0.3149,93.08,93.95,93.08,0.0,0.27336711711711714,0.21428571428571427,0.33343764276492244,0.3147629525905181,0.15020835352262815,high,1.0
4859717,0,0.6619,14,0.14046361001925972,0.0972,429.64,429.64,438.98,0.0,0.524070945945946,0.7857142857142857,0.204654128120418,0.09701940388077614,0.6938010789159157,high,0.9556
4859713,0,0.6046,8,0.09919405935314045,0.0957,485.76,485.76,501.12,0.0,0.4434121621621622,0.35714285714285715,0.144524772893608,0.09551910382076415,0.7844429369770973,high,1.0
4859717,0,0.639,12,0.16718699861887787,0.0972,415.51,425.88,415.51,0.0,0.4918355855855856,0.6428571428571429,0.2435898591868988,0.09701940388077614,0.6709791000419938,high,1.0
4471726,0,0.6743,12,0.2080582239952084,0.2253,163.3,557.66,163.3,0.0,0.5415259009009009,0.6428571428571429,0.30313885813507374,0.22514502900580116,0.26362373615014373,medium,1.0
4471726,0,0.7697,14,0.1514191220345637,0.221,377.8,447.88,377.8,0.0,0.6758164414414416,0.7857142857142857,0.2206162082261412,0.22084416883376676,0.6100720354039475,medium,1.0
30060843,0,0.6964,12,0.15656671391746158,0.2089,286.67,491.29,286.67,0.0,0.5726351351351352,0.6428571428571429,0.22811620219005696,0.20874174834966994,0.4628840003876345,medium,0.9948
27268487,0,0.6986,6,0.18765764862312742,0.2127,138.82,169.26,138.82,0.0,0.575731981981982,0.21428571428571427,0.2734154077078264,0.21254250850170034,0.22408502115838094,high,1.0
"[27268473, 503334796]",0,0.7294,9,0.16280784003323662,0.3468,71.66,238.7,71.66,0.0,0.6190878378378379,0.42857142857142855,0.2372094654597936,0.34666933386677334,0.11561197790483574,medium,1.0
"[1176294265, 3754854]",0,0.7667,15,0.05096794941835693,0.5,77.41,77.41,82.58,0.0,0.6715934684684686,0.8571428571428571,0.07425977488246129,0.4998999799959992,0.12489905352585845,low,1.0
3754854,0,0.6162,12,0.20589712349489056,0.7957,73.12,73.12,84.63,0.0,0.45974099099099097,0.6428571428571429,0.29999015460990724,0.7956591318263653,0.11797008754078239,low,1.0
"[295993258, 43317963]",1,0.9162,10,0.024891279260783963,0.5192,92.92,92.92,100.16,0.0072992700729927005,0.8820382882882885,0.5,0.036266306629745206,0.5191038207641528,0.1499499305488258,low,1.0
"[42528779, 1297224182]",0,0.656,13,0.11626313612162964,0.5353,91.39,91.39,101.94,0.0,0.5157657657657658,0.7142857142857143,0.16939426053861822,0.5352070414082817,0.1474787608618406,low,1.0
"[1238201155, 562604873, 1355517578, 1394054254, 237396463, 237396464, 237396465, 929968152, 857641113, 47048379]",5,0.6483,12,0.12209637340748883,0.4137,9.93,9.93,13.01,0.0364963503649635,0.5049268018018018,0.6428571428571429,0.1778932335398351,0.4135827165433087,0.015909164324708465,low,1.0
"[1238199845, 17940466, 929968153, 929968154, 929968157]",11,0.842,9,0.08090886501310486,0.5,147.69,147.69,151.96,0.08029197080291971,0.7775900900900902,0.42857142857142855,0.1178834131473318,0.4998999799959992,0.23841134476854992,low,0.9997
"[5044804, 1355517576, 1071583339, 1071583340, 1391266861, 1071583341, 1409828883, 1414749784, 1070356412]",18,0.943,12,0.001758393333685121,0.5,126.35,126.72,126.35,0.13138686131386862,0.9197635135135136,0.6428571428571429,0.0025619048884941253,0.4998999799959992,0.20394418063765868,low,1.0
10338067,0,0.8756,10,0.047618398490396924,0.5,62.7,62.7,77.16,0.0,0.8248873873873875,0.5,0.06937951002988209,0.4998999799959992,0.10114029137190297,low,1.0
"[182783889, 10338067, 182783885, 288505477]",0,0.4316,8,0.21758744143755204,0.4856,18.39,30.58,18.39,0.0,0.19988738738738734,0.35714285714285715,0.317022840184207,0.48549709941988395,0.02957327906450884,high,0.9957
6010075,0,0.6664,8,0.1549229638261634,0.338,122.83,129.91,122.83,0.0,0.5304054054054054,0.35714285714285715,0.22572127344602022,0.337867573514703,0.19825887521400654,medium,0.7813
7854720,0,0.7671,12,0.09805609568028208,0.4138,161.97,171.89,161.97,0.0,0.6721565315315315,0.6428571428571429,0.14286677030293088,0.41368273654730947,0.2614755951804115,low,1.0
7854720,0,0.9837,12,0.13981253835851049,0.5,159.49,159.49,166.49,0.0,0.9770551801801802,0.6428571428571429,0.20370552270709472,0.4998999799959992,0.2574700390864748,low,1.0
6010083,0,0.8475,12,0.06643990205758141,0.5,138.33,148.52,138.33,0.0,0.7853322072072074,0.6428571428571429,0.0968022673806911,0.4998999799959992,0.22329360080111121,low,1.0
6010083,0,0.7986,14,0.09664419307918147,0.5,194.76,204.9,194.76,0.0,0.7164977477477477,0.7857142857142857,0.14080964121679007,0.4998999799959992,0.3144361533740349,low,1.0
7854720,0,0.7671,12,0.09805609568028209,0.4138,161.97,171.89,161.97,0.0,0.6721565315315315,0.6428571428571429,0.1428667703029309,0.41368273654730947,0.2614755951804115,low,1.0
6007533,2,0.7773,15,0.06669291533467314,0.0026,140.55,530.0,140.55,0.014598540145985401,0.6865146396396397,0.8571428571428571,0.09717090539515434,0.0024004800960192034,0.2268792195626191,low,1.0
6007533,2,0.7649,12,0.038667967772740966,0.0908,220.65,626.95,220.65,0.014598540145985401,0.6690596846846848,0.6428571428571429,0.05633881490797675,0.09061812362472495,0.35625222082243113,medium,0.8823
7742055,0,0.7691,12,0.09439356244681073,0.0674,137.55,543.68,137.55,0.0,0.6749718468468469,0.6428571428571429,0.1375304931137975,0.0672134426885377,0.22203378880382466,low,0.7183
6570770,0,0.779,12,0.0427320978939734,0.0798,132.85,663.61,132.85,0.0,0.6889076576576577,0.6428571428571429,0.06226021506385935,0.07961592318463692,0.21444261394838,low,0.9999
192656541,0,0.7976,8,0.057118908289543274,0.0798,8.25,532.8,8.25,0.0,0.7150900900900902,0.35714285714285715,0.08322166530727508,0.07961592318463692,0.013195723099783572,medium,0.9795
192656541,8,0.7441,15,0.12166420125668398,0.0026,69.04,499.61,69.04,0.058394160583941604,0.6397804054054054,0.8571428571428571,0.17726356269643015,0.0024004800960192034,0.11138030170882193,low,1.0
7742055,0,0.7691,12,0.09439356244681073,0.0674,137.55,543.68,137.55,0.0,0.6749718468468469,0.6428571428571429,0.1375304931137975,0.0672134426885377,0.22203378880382466,low,0.7183
534022319,0,0.7508,12,0.04470892531648219,0.0545,234.46,473.13,234.46,0.0,0.6492117117117118,0.6428571428571429,0.06514043441181833,0.054310862172434485,0.37855735374874827,medium,0.9998
534022319,0,0.7642,14,0.04259911321807303,0.0674,81.12,451.51,81.12,0.0,0.6680743243243243,0.7857142857142857,0.06206645761586513,0.0672134426885377,0.13089123623090093,low,1.0
4370467,0,0.8193,12,0.01876582784127254,0.0301,218.1,228.28,218.1,0.0,0.7456362612612615,0.6428571428571429,0.027341580327097426,0.029905981196239245,0.3521336046774558,low,0.8987
4536590,0,0.8644,12,0.0073896129284218666,0.0301,230.42,240.92,230.42,0.0,0.8091216216216217,0.6428571428571429,0.010766539974334247,0.029905981196239245,0.3720321736602384,low,0.9973
232717963,0,0.9207,12,0.04781421114540326,0.3557,257.7,259.08,257.7,0.0,0.8883727477477479,0.6428571428571429,0.06966480726478626,0.3555711142228446,0.4160932906935427,low,1.0
232718006,0,0.9664,10,0.012632155817561642,0.5,253.9,263.92,253.9,0.0,0.9527027027027029,0.5,0.01840487667984301,0.4998999799959992,0.40995574506573634,low,1.0
4370467,0,0.8193,12,0.01876582784127254,0.0301,218.1,228.28,218.1,0.0,0.7456362612612615,0.6428571428571429,0.027341580327097426,0.029905981196239245,0.3521336046774558,low,0.8987
230843115,0,0.7489,10,0.18653023257699222,0.0301,210.82,221.27,210.82,0.0,0.6465371621621622,0.5,0.271772772912141,0.029905981196239245,0.3403753593694479,high,0.9795
230851668,0,0.8552,11,0.10421227888363652,0.0084,160.08,166.43,160.08,0.0,0.7961711711711711,0.5714285714285714,0.15183627253159734,0.008201640328065612,0.25842297380237106,medium,0.997
4536591,0,0.8011,11,0.09070187691601721,0.4832,95.87,402.81,95.87,0.0,0.7200168918918921,0.5714285714285714,0.13215174129595922,0.48309661932386483,0.154714604128307,low,1.0
"[1435136043, 6005935]",0,0.7812,8,0.18831330527293486,0.6636,217.3,217.81,217.3,0.0,0.6920045045045046,0.35714285714285715,0.2743706934079796,0.6635327065413082,0.350841489808444,medium,0.9989
831386032,0,0.6398,8,0.1675719466322082,0.2301,177.72,177.72,178.11,0.0,0.49296171171171177,0.35714285714285715,0.24415072489693904,0.22994598919783957,0.2869141066640824,high,1.0
"[1435136043, 6005935]",0,0.7812,8,0.18831330527293488,0.6636,217.3,217.81,217.3,0.0,0.6920045045045046,0.35714285714285715,0.27437069340797965,0.6635327065413082,0.350841489808444,medium,0.9989
230851668,0,0.8552,11,0.10421227888363647,0.0084,160.08,166.43,160.08,0.0,0.7961711711711711,0.5714285714285714,0.15183627253159726,0.008201640328065612,0.25842297380237106,medium,0.997
6005936,0,0.7335,9,0.19251776162988318,0.8714,214.23,214.23,216.02,0.0,0.6248592342342343,0.42857142857142855,0.2804965475968917,0.871374274854971,0.34588299899861097,medium,1.0
230851673,0,0.799,9,0.1246107825634006,0.9861,191.69,191.69,193.49,0.0,0.717060810810811,0.42857142857142855,0.18155670452221928,0.9860972194438887,0.30947766256420195,low,0.9998
538653570,0,0.8551,11,0.07572637325336361,0.9608,212.66,212.66,215.44,0.0,0.7960304054054054,0.5714285714285714,0.11033257038428411,0.9607921584316863,0.3433472235681752,low,1.0
6007531,0,0.7273,6,0.12428043352152891,0.4506,172.0,339.67,172.0,0.0,0.6161317567567567,0.21428571428571427,0.18107538901073625,0.45049009801960394,0.2776754853506477,high,0.9945
6007531,0,0.7273,6,0.12428043352152894,0.4506,172.0,339.67,172.0,0.0,0.6161317567567567,0.21428571428571427,0.1810753890107363,0.45049009801960394,0.2776754853506477,high,0.9945
232718005,1,0.7994,13,0.0930200605401869,0.1804,156.78,437.77,156.78,0.0072992700729927005,0.717623873873874,0.7142857142857143,0.1355293134858379,0.1802360472094419,0.25309299996769713,low,1.0
534022322,0,0.9597,12,0.10864273827088834,0.5,95.53,95.53,98.16,0.0,0.9432713963963963,0.6428571428571429,0.1582914110541673,0.4998999799959992,0.154165455308977,low,1.0
6008169,0,0.7345,11,0.11904456891177945,0.2706,120.7,129.51,120.7,0.0,0.626266891891892,0.5714285714285714,0.17344678249679202,0.27045409081816363,0.1948186193752625,medium,0.8679
534022322,0,0.8094,12,0.10864273827088834,0.2857,27.72,27.72,29.55,0.0,0.7317004504504506,0.6428571428571429,0.1582914110541673,0.28555711142228446,0.0446425687243596,low,1.0
26372299,0,0.7747,12,0.07623912942215863,0.3471,433.34,433.34,436.56,0.0,0.6828547297297298,0.6428571428571429,0.11107965139971968,0.3469693938787758,0.6997771101850955,medium,0.9994
"[6010081, 6010078]",0,0.7458,12,0.12241082345737818,0.1351,389.45,467.35,389.45,0.0,0.6421734234234235,0.6428571428571429,0.17835138436643005,0.1349269853970794,0.6288884581839326,high,0.8452
209730200,0,0.8842,12,0.0937260909992612,0.4672,438.41,448.64,438.41,0.0,0.8369932432432433,0.6428571428571429,0.13655799336214872,0.46709341868373677,0.7079658881674582,medium,1.0
6010084,0,0.7232,12,0.09564701630438115,0.2827,408.36,408.36,417.53,0.0,0.6103603603603603,0.6428571428571429,0.13935676383993223,0.28255651130226045,0.6594308234002003,medium,0.905
"[1256612364, 26291687]",0,0.7064,8,0.0733376997702325,0.3961,328.92,328.92,338.15,0.0,0.5867117117117118,0.35714285714285715,0.10685229511911223,0.39597919583916785,0.5311238169073231,high,0.9998
"[1256612368, 1256612364]",0,0.8395,12,0.050463000734968004,0.3967,358.22,439.63,358.22,0.0,0.7740709459459462,0.6428571428571429,0.07352406930135524,0.39657931586317263,0.5784475239848823,medium,0.9769
26372299,0,0.7747,12,0.07623912942215863,0.3471,433.34,433.34,436.56,0.0,0.6828547297297298,0.6428571428571429,0.11107965139971968,0.3469693938787758,0.6997771101850955,medium,0.9994
6010084,0,0.7232,12,0.09564701630438115,0.2827,408.36,408.36,417.53,0.0,0.6103603603603603,0.6428571428571429,0.13935676383993223,0.28255651130226045,0.6594308234002003,medium,0.905
26372299,0,0.769,12,0.11941839824452609,0.2481,371.53,371.53,377.61,0.0,0.6748310810810811,0.6428571428571429,0.1739914483916252,0.24794958991798358,0.599945085118067,medium,0.9978
130883593,14,0.5288,12,0.14516936407094103,0.4997,126.75,152.01,126.75,0.10218978102189781,0.33671171171171177,0.6428571428571429,0.21151036843359008,0.4995999199839968,0.20459023807216462,medium,0.6575
8391745,6,0.5793,8,0.21287431215517708,0.3807,152.73,154.41,152.73,0.043795620437956206,0.4077984234234235,0.35714285714285715,0.3101558542278403,0.38057611522304463,0.24655166844332457,high,1.0
"[130883593, 1128345668]",5,0.4884,12,0.16128675346223123,0.5,85.27,89.12,85.27,0.0364963503649635,0.27984234234234234,0.6428571428571429,0.234993256335089,0.4998999799959992,0.13759408211389992,medium,0.9903
58703910,1,0.6679,8,0.1675063061562375,0.1375,143.77,143.77,146.08,0.0072992700729927005,0.532516891891892,0.35714285714285715,0.24405508732800035,0.13732746549309863,0.23207998191039184,high,0.9998
"[191969345, 195209116]",20,0.688,11,0.09013006542117293,0.1375,13.41,13.41,18.76,0.145985401459854,0.5608108108108107,0.5714285714285714,0.1313186172143711,0.13732746549309863,0.021529864004910037,low,1.0
191969345,2,0.7028,12,0.12795936741533148,0.259,136.8,136.8,146.09,0.014598540145985401,0.5816441441441441,0.6428571428571429,0.18643556181092166,0.25885177035407086,0.22082243111412606,medium,0.5093
23180951,0,0.5769,11,0.12334164623909345,0.342,204.95,204.95,205.4,0.0,0.40442004504504503,0.5714285714285714,0.17970758458648514,0.341868373674735,0.3308944665180734,medium,0.9994
191969345,2,0.7028,12,0.1279593674153315,0.259,136.8,136.8,146.09,0.014598540145985401,0.5816441441441441,0.6428571428571429,0.1864355618109217,0.25885177035407086,0.22082243111412606,medium,0.5093
1351117400,0,0.638,12,0.16042471298388433,0.402,207.8,207.8,218.16,0.0,0.49042792792792794,0.6428571428571429,0.23373727129755467,0.4018803760752151,0.3354976257389282,medium,1.0
1514089513,0,0.9878,12,0.0029895507535423805,0.4836,256.44,314.81,256.44,0.0,0.9828265765765766,0.6428571428571429,0.004355689910231586,0.48349669933986794,0.41405820977484903,low,1.0
4297152,0,0.7331,12,0.14607815821115458,0.341,267.14,276.21,267.14,0.0,0.6242961711711712,0.6428571428571429,0.21283447312586157,0.340868173634727,0.4313402461478826,medium,1.0
1141851562,0,0.6516,11,0.08993914525483226,0.4737,304.34,334.84,304.34,0.0,0.509572072072072,0.5714285714285714,0.13104044829039288,0.4735947189437888,0.4914235875569338,medium,0.9999
6273672,0,0.7809,12,0.05989662710052386,0.2488,291.22,304.11,291.22,0.0,0.6915822072072073,0.6428571428571429,0.0872687760320052,0.2486497299459892,0.4702329037051395,medium,0.9992
156225747,0,0.7409,12,0.10064519238195589,0.3552,285.5,424.74,285.5,0.0,0.6352759009009009,0.6428571428571429,0.14663906035161597,0.3550710142028406,0.46099428239170465,medium,1.0
"[1384106187, 1462341476]",0,0.7276,12,0.11649905531472841,0.0318,221.57,221.57,232.19,0.0,0.6165540540540542,0.6428571428571429,0.16973799263014072,0.031606321264252855,0.3577381529217947,medium,1.0
6273671,0,0.7796,12,0.10992107232626855,0.2066,135.42,445.49,135.42,0.0,0.6897522522522522,0.6428571428571429,0.16015393199936356,0.20644128825765154,0.21859353296508055,low,0.9978
156225747,0,0.8634,12,0.03368005386797236,0.1072,163.03,332.16,163.03,0.0,0.8077139639639639,0.6428571428571429,0.04907147028755666,0.10702140428085617,0.26318764738185224,low,1.0
156225747,0,0.7409,12,0.10064519238195589,0.3552,285.5,424.74,285.5,0.0,0.6352759009009009,0.6428571428571429,0.14663906035161597,0.3550710142028406,0.46099428239170465,medium,1.0
6273672,0,0.7421,12,0.0881070156704443,0.2488,215.84,353.51,215.84,0.0,0.6369650900900901,0.6428571428571429,0.12837105235990476,0.2486497299459892,0.3484833801724973,medium,0.9776
6273672,0,0.7809,12,0.05989662710052386,0.2488,291.22,304.11,291.22,0.0,0.6915822072072073,0.6428571428571429,0.0872687760320052,0.2486497299459892,0.4702329037051395,medium,0.9992
6273673,0,0.7349,12,0.09483145049807616,0.2291,253.04,462.03,253.04,0.0,0.626829954954955,0.6428571428571429,0.13816849197152994,0.22894578915783156,0.40856672158154855,medium,1.0
6273671,0,0.7796,12,0.10992107232626855,0.2066,135.42,445.49,135.42,0.0,0.6897522522522522,0.6428571428571429,0.16015393199936356,0.20644128825765154,0.21859353296508055,low,0.9978
6273673,0,0.7349,12,0.09483145049807616,0.2291,253.04,462.03,253.04,0.0,0.626829954954955,0.6428571428571429,0.13816849197152994,0.22894578915783156,0.40856672158154855,medium,1.0
"[1418343213, 6273670]",0,0.7865,12,0.08034674167780256,0.2059,190.63,565.96,190.63,0.0,0.6994650900900901,0.6428571428571429,0.11706440462496814,0.20574114822964593,0.30776561036276123,low,0.9423
6570872,0,0.7243,12,0.030683662214029517,0.7868,83.99,280.54,83.99,0.0,0.6119087837837839,0.6428571428571429,0.044705755244613586,0.7867573514702941,0.13552669832348097,low,1.0
6570872,0,0.7245,14,0.0916531604608527,0.6395,163.88,291.06,163.88,0.0,0.6121903153153154,0.7857142857142857,0.13353775265943627,0.6394278855771154,0.26456051943017733,low,1.0
6570897,0,0.7694,14,0.1851757962539299,0.281,97.23,253.37,97.23,0.0,0.6753941441441441,0.7857142857142857,0.269799371663836,0.2808561712342469,0.15691119940562717,low,1.0
901612637,0,0.7009,10,0.14196153507063744,0.4481,46.3,154.02,46.3,0.0,0.5789695945945946,0.5,0.20683659112434336,0.4479895979195839,0.07465193655715993,low,0.9193
901612637,0,0.8421,9,0.0765890363064897,0.5,29.77,215.61,29.77,0.0,0.7777308558558559,0.42857142857142855,0.11158946250753776,0.4998999799959992,0.04795361307620248,low,1.0
7466481,0,0.7375,6,0.10135075118165912,0.2567,293.07,300.72,293.07,0.0,0.6304898648648649,0.21428571428571427,0.14766705302456712,0.2565513102620524,0.4732209193397293,high,1.0
7466481,0,0.6824,8,0.09659677752753858,0.2709,200.13,204.12,200.13,0.0,0.552927927927928,0.35714285714285715,0.14074055719474496,0.270754150830166,0.323109474432277,high,0.9313
7742060,49,0.676,12,0.08213016441501957,0.0199,254.89,254.89,264.93,0.35766423357664234,0.543918918918919,0.6428571428571429,0.1196628351277196,0.019703940788157633,0.4115547372161385,medium,0.8473
591934082,32,0.7048,12,0.039209194611395146,0.0795,246.08,246.08,255.78,0.23357664233576642,0.5844594594594594,0.6428571428571429,0.057127377427181436,0.07931586317263452,0.39732532222114547,low,0.9018
591934082,14,0.676,12,0.06248445934382338,0.0199,217.63,217.63,227.7,0.10218978102189781,0.543918918918919,0.6428571428571429,0.09103922377648463,0.019703940788157633,0.35137448719191133,medium,1.0
870987729,18,0.7342,8,0.09530217173337027,0.2541,211.93,222.38,211.93,0.13138686131386862,0.6258445945945946,0.35714285714285715,0.1388543284759976,0.2539507901580316,0.3421681687502019,medium,0.9976
7742060,60,0.8681,12,0.0353115273866657,0.009,308.87,318.76,308.87,0.43795620437956206,0.8143299549549551,0.6428571428571429,0.051448512178375726,0.008801760352070413,0.49874018800271347,low,1.0
"[870987729, 870987724]",42,0.7026,13,0.10673182893752586,0.2541,219.06,224.77,219.06,0.30656934306569344,0.5813626126126127,0.7142857142857143,0.15550723375498704,0.2539507901580316,0.35368414252027003,low,1.0
7742069,0,0.6594,12,0.21575553676118006,0.2406,201.46,211.04,201.46,0.0,0.5205518018018018,0.6428571428571429,0.31435377194262676,0.24044808961792358,0.32525761540200926,medium,0.9993
7742069,0,0.7328,12,0.15513314820305588,0.0947,137.02,139.41,137.02,0.0,0.6238738738738739,0.6428571428571429,0.2260275101473485,0.09451890378075616,0.2211777627031043,medium,0.9998
7742070,0,0.7231,12,0.16899242555597144,0.0666,169.4,177.65,169.4,0.0,0.6102195945945946,0.6428571428571429,0.24622034960621111,0.0664132826565313,0.27347611202635913,medium,1.0
7742069,0,0.7328,12,0.15513314820305582,0.0947,137.02,139.41,137.02,0.0,0.6238738738738739,0.6428571428571429,0.22602751014734843,0.09451890378075616,0.2211777627031043,medium,0.9998
"[31015699, 1353886420, 1353886421]",10,0.6445,11,0.04044286114086749,0.7983,2.48,2.48,10.73,0.072992700729927,0.4995777027027027,0.5714285714285714,0.05892481819851911,0.7982596519303861,0.0038763446070355654,low,1.0
31015699,8,0.8384,11,0.030534847278646852,0.2529,7.22,7.22,13.78,0.058394160583941604,0.7725225225225225,0.5714285714285714,0.04448893325435079,0.252750550110022,0.011532125205930808,low,1.0
637034135,0,0.8875,12,0.03218728145573179,0.5,236.16,236.16,241.76,0.0,0.8416385135135135,0.6428571428571429,0.04689651463139817,0.4998999799959992,0.38130309784539845,low,1.0
4607834,0,0.8088,12,0.02869533977738023,0.4467,367.82,379.79,367.82,0.0,0.7308558558558558,0.6428571428571429,0.041808787766921304,0.4465893178635727,0.5939529024130246,medium,0.951
637034136,0,0.8586,12,0.04201636825224116,0.5,217.81,223.02,217.81,0.0,0.8009572072072072,0.6428571428571429,0.06121740356774566,0.4998999799959992,0.35166521303743903,low,1.0
4607885,0,0.8085,10,0.058333000085672784,0.3633,97.64,105.0,97.64,0.0,0.7304335585585585,0.5,0.08499058587241609,0.3631726345269054,0.15757340827599575,low,1.0
637034136,0,0.8586,12,0.04201636825224115,0.5,217.81,223.02,217.81,0.0,0.8009572072072072,0.6428571428571429,0.061217403567745646,0.4998999799959992,0.35166521303743903,low,1.0
637034136,0,0.7675,12,0.06977276971324183,0.1598,205.91,213.07,205.91,0.0,0.6727195945945946,0.6428571428571429,0.10165822485918322,0.15963192638527704,0.33244500436088764,medium,0.836
"[20201506, 1070356427, 1071583348, 1070356428]",0,0.7391,12,0.03114069623878431,0.2729,88.51,88.51,98.06,0.0,0.6327421171171171,0.6428571428571429,0.045371649609385056,0.272754550910182,0.14282714733339796,low,1.0
76400835,0,0.7974,10,0.0859573839057649,0.5,45.33,56.28,45.33,0.0,0.7148085585585586,0.5,0.12523905867693608,0.4998999799959992,0.07308524727848306,low,1.0
"[9027186, 230547771, 400898260, 400898261]",0,0.7915,14,0.0007320799873294082,0.2951,116.05,116.05,118.25,0.0,0.7065033783783785,0.7857142857142857,0.001066575795228722,0.29495899179835966,0.18730820169913107,low,1.0
586978024,0,0.7762,14,0.006009470388992166,0.5213,221.5,311.31,221.5,0.0,0.6849662162162162,0.7857142857142857,0.008755685005536895,0.5212042408481696,0.3576250928707562,low,1.0
"[9027186, 230547771, 400898260, 400898261]",0,0.7915,14,0.0007320799873294082,0.2951,116.05,116.05,118.25,0.0,0.7065033783783785,0.7857142857142857,0.001066575795228722,0.29495899179835966,0.18730820169913107,low,1.0
9027186,0,0.7786,10,0.01795851527374317,0.4233,22.32,262.91,22.32,0.0,0.6883445945945946,0.5,0.02616533335157865,0.4231846369273855,0.03592079335852958,low,1.0
42407074,0,0.7938,8,0.04428923750172182,0.5,145.82,285.69,145.82,0.0,0.7097409909909911,0.35714285714285715,0.06452895313104909,0.4998999799959992,0.23539102626223468,medium,0.9772
9027185,0,1.0,9,0.01795851527374317,0.5,120.35,146.79,120.35,0.0,1.0,0.42857142857142855,0.02616533335157865,0.4998999799959992,0.19425331912006977,low,1.0
9027186,0,0.7786,10,0.01795851527374317,0.4233,22.32,262.91,22.32,0.0,0.6883445945945946,0.5,0.02616533335157865,0.4231846369273855,0.03592079335852958,low,1.0
564174519,0,0.83,10,0.01795851527374317,0.5,135.98,135.98,136.68,0.0,0.7606981981981983,0.5,0.02616533335157865,0.4998999799959992,0.21949801337338887,low,1.0
"[564174530, 236841161, 400898253, 400898254, 564174522]",0,0.7524,9,0.04382181475999308,0.1504,102.08,102.08,111.22,0.0,0.651463963963964,0.42857142857142855,0.06384792250132695,0.15023004600920184,0.16474464579901155,medium,0.9998
9027682,0,0.8209,10,0.06739157187065613,0.2222,86.99,779.78,86.99,0.0,0.7478885135135135,0.5,0.09818884153343516,0.22204440888177635,0.14037212908227542,low,0.9993
586978715,0,0.9398,12,5.673689848917615e-08,0.5,72.22,746.69,72.22,0.0,0.9152590090090089,0.6428571428571429,2.4661305658848795e-08,0.4998999799959992,0.11651645831314404,low,1.0
586978715,0,0.8518,12,0.007302696014949023,0.1151,125.53,706.39,125.53,0.0,0.7913851351351353,0.6428571428571429,0.01063990283191154,0.11492298459691937,0.20261976289692155,low,1.0
8402463,0,0.7576,12,0.06496170053961485,0.3486,183.28,469.43,183.28,0.0,0.6587837837837839,0.6428571428571429,0.09464854138329151,0.3484696939387878,0.29589430500371483,low,0.9999
1351116392,0,0.7737,14,0.03681937506786393,0.5,219.93,407.08,219.93,0.0,0.6814470720720722,0.7857142857142857,0.05364543236256187,0.4998999799959992,0.35508931744032046,low,1.0
1351116393,0,0.8372,12,0.07055891126708516,0.5,150.23,466.99,150.23,0.0,0.7708333333333336,0.6428571428571429,0.10280362586274706,0.4998999799959992,0.24251380947766255,low,1.0
534033247,0,0.6371,9,0.09818334129544336,0.0148,207.71,238.46,207.71,0.0,0.48916103603603606,0.42857142857142855,0.14305216599228515,0.014602920584116823,0.33535226281616437,high,0.9999
"[971143907, 971143908, 9354230]",0,0.7131,6,0.15508979794478242,0.3778,119.43,335.03,119.43,0.0,0.596143018018018,0.21428571428571427,0.2259643492203012,0.37767553510702145,0.19276738702070617,high,0.9974
"[971143907, 971143908, 9354230]",0,0.7131,6,0.1550897979447824,0.3778,119.43,335.03,119.43,0.0,0.596143018018018,0.21428571428571427,0.22596434922030115,0.37767553510702145,0.19276738702070617,high,0.9974
4264831,0,0.6673,12,0.14204887505912928,0.2852,81.04,86.14,81.04,0.0,0.5316722972972974,0.6428571428571429,0.2069638446831722,0.28505701140228046,0.13076202474399976,low,0.9486
4264831,0,0.5936,12,0.19527349827203166,0.008,170.52,179.97,170.52,0.0,0.42792792792792794,0.6428571428571429,0.2845116305040898,0.007801560312062413,0.27528507284297576,medium,0.5071
10074845,0,0.7269,12,0.130598440221075,0.0131,168.3,172.89,168.3,0.0,0.6155686936936937,0.6428571428571429,0.19028066658295498,0.012902580516103221,0.27169945408146784,medium,1.0
10074845,0,0.7269,12,0.130598440221075,0.0131,168.3,172.89,168.3,0.0,0.6155686936936937,0.6428571428571429,0.19028066658295498,0.012902580516103221,0.27169945408146784,medium,1.0
10074852,0,0.733,12,0.08699825297639688,0.1415,114.51,118.17,114.51,0.0,0.6241554054054054,0.6428571428571429,0.12675559532641337,0.1413282656531306,0.18482088057628324,low,0.993
"[14619731, 10074852]",0,0.6184,12,0.14667083031166445,0.1703,270.94,279.35,270.94,0.0,0.4628378378378378,0.6428571428571429,0.2136979909177777,0.17013402680536108,0.4374777917756889,medium,0.7355
99429676,0,0.5576,12,0.21329645840447575,0.0502,279.57,289.38,279.57,0.0,0.37725225225225223,0.6428571428571429,0.3107709174250896,0.05001000200040008,0.4514164809251543,high,1.0
566876303,0,0.632,12,0.12251388928928948,0.3809,54.62,64.85,54.62,0.0,0.481981981981982,0.6428571428571429,0.1785015503342856,0.38077615523104624,0.08808993119488323,low,0.9999
566876303,0,0.5533,12,0.11218053515032878,0.0913,148.35,148.35,156.99,0.0,0.37119932432432434,0.6428571428571429,0.16344594852430297,0.09111822364472895,0.23947733953548467,medium,1.0
22815086,0,0.792,12,0.05462669605017149,0.053,290.21,476.12,290.21,0.0,0.7072072072072072,0.6428571428571429,0.07959053502785542,0.052810562112422486,0.4686016086830119,medium,1.0
22815086,0,0.6157,12,0.1668204772791412,0.1574,341.36,419.34,341.36,0.0,0.4590371621621622,0.6428571428571429,0.24305584097057437,0.15723144628925786,0.5512162031204575,high,0.9999
99429676,0,0.5576,12,0.21329645840447575,0.0502,279.57,289.38,279.57,0.0,0.37725225225225223,0.6428571428571429,0.3107709174250896,0.05001000200040008,0.4514164809251543,high,1.0
10074850,0,0.679,12,0.12977831189953792,0.0139,193.94,226.0,193.94,0.0,0.548141891891892,0.6428571428571429,0.18908574717188043,0.01370274054810962,0.3131117356332978,medium,1.0
566876303,0,0.5534,10,0.12246423150906414,0.0207,180.0,334.06,180.0,0.0,0.3713400900900901,0.5,0.17842919940584684,0.020504100820164035,0.2905966340407662,high,0.9998
566876303,0,0.5533,12,0.1121805351503288,0.0913,148.35,148.35,156.99,0.0,0.37119932432432434,0.6428571428571429,0.163445948524303,0.09111822364472895,0.23947733953548467,medium,1.0
10074850,0,0.679,12,0.12977831189953792,0.0139,193.94,226.0,193.94,0.0,0.548141891891892,0.6428571428571429,0.18908574717188043,0.01370274054810962,0.3131117356332978,medium,1.0
10074851,0,0.684,10,0.16877424264853821,0.0073,102.48,107.65,102.48,0.0,0.5551801801801802,0.5,0.24590245911955164,0.007101420284056812,0.16539070323351748,medium,0.9892
10074851,0,0.7407,10,0.13454297569521506,0.0081,84.39,244.82,84.39,0.0,0.6349943693693695,0.5,0.19602781843949404,0.007901580316063212,0.1361727557579869,medium,1.0
10074854,0,0.5682,8,0.2375873779660893,0.0037,141.98,141.98,151.35,0.0,0.3921734234234235,0.35714285714285715,0.3461625635063062,0.0035007001400280055,0.22918887489097778,high,1.0
10074854,0,0.6028,12,0.19101272793637603,0.1238,139.29,142.73,139.29,0.0,0.4408783783783784,0.6428571428571429,0.27830372736685455,0.12362472494498898,0.2248441386439254,medium,0.9998
10074855,0,0.5938,9,0.20480911275333888,0.1398,123.85,133.94,123.85,0.0,0.4282094594594595,0.42857142857142855,0.29840493298007603,0.13962792558511702,0.19990632167199665,high,0.9999
10074854,0,0.5682,8,0.2375873779660893,0.0037,141.98,141.98,151.35,0.0,0.3921734234234235,0.35714285714285715,0.3461625635063062,0.0035007001400280055,0.22918887489097778,high,1.0
10074855,0,0.5938,9,0.20480911275333888,0.1398,123.85,133.94,123.85,0.0,0.4282094594594595,0.42857142857142855,0.29840493298007603,0.13962792558511702,0.19990632167199665,high,0.9999
"[775634179, 482765893]",0,0.7335,6,0.0773822719228944,0.5,150.37,150.37,151.77,0.0,0.6248592342342343,0.21428571428571427,0.11274519949491701,0.4998999799959992,0.24273992957973964,medium,0.9831
10074856,0,0.7383,7,0.12012617717465848,0.1505,178.7,186.93,178.7,0.0,0.631615990990991,0.2857142857142857,0.17502267577416417,0.15033006601320262,0.2884969473786219,high,0.9998
99429672,0,0.8481,5,0.057951503331810275,0.5,43.74,43.74,51.95,0.0,0.7861768018018019,0.14285714285714285,0.08443474861563427,0.4998999799959992,0.070517168976322,medium,0.9999
29078577,0,0.709,8,0.1620995904218198,0.2069,509.51,515.99,509.51,0.0,0.5903716216216216,0.35714285714285715,0.23617755229895818,0.20674134826965393,0.8228025971508868,high,1.0
674556625,0,0.8376,12,0.05711378945300667,0.1164,217.11,220.5,217.11,0.0,0.7713963963963966,0.6428571428571429,0.08321420720958587,0.11622324464892977,0.35053461252705365,low,0.9432
11311846,0,0.7929,12,0.07152646707189027,0.1164,169.89,176.92,169.89,0.0,0.7084740990990993,0.6428571428571429,0.10421334575913185,0.11622324464892977,0.2742675323836289,low,0.9715
"[11311845, 11311847]",0,1.0,12,0.05711378945300667,0.0824,247.89,255.02,247.89,0.0,1.0,0.6428571428571429,0.08321420720958587,0.08221644328865772,0.40024873211228473,low,1.0
"[4317512, 746727480]",0,0.6885,11,0.0959909287863775,0.2861,298.67,543.48,298.67,0.0,0.5615146396396397,0.5714285714285714,0.13985784115875724,0.2859571914382877,0.4822657234228124,medium,0.9973
4317512,0,0.5936,11,0.19776307746410818,0.0071,320.98,349.38,320.98,0.0,0.42792792792792794,0.5714285714285714,0.2881389244578507,0.006901380276055212,0.5182995768323805,high,1.0
12535823,0,0.6871,10,0.17326011179427386,0.2373,351.05,486.38,351.05,0.0,0.559543918918919,0.5,0.2524383291499071,0.23714742948589718,0.5668669444713635,high,1.0
30904048,0,0.7772,11,0.11957620514762825,0.0564,366.49,383.39,366.49,0.0,0.6863738738738739,0.5714285714285714,0.174221371596039,0.056211242248449686,0.5918047614432924,high,0.9955
30904048,0,0.7497,8,0.13866457360137455,0.2373,406.68,560.45,406.68,0.0,0.6476632882882883,0.35714285714285715,0.20203294862873544,0.23714742948589718,0.6567173821752754,high,1.0
12535825,0,0.6509,8,0.13469246738670404,0.3794,420.04,630.73,420.04,0.0,0.5085867117117118,0.35714285714285715,0.1962456264571708,0.37927585517103424,0.6782957004877734,high,1.0
"[1353894688, 1353894689, 1353894690, 1353894686, 1353894687]",0,0.6929,11,0.01427998607918079,0.5043,544.03,644.58,544.03,0.0,0.5677083333333333,0.5714285714285714,0.020805750194458916,0.5042008401680336,0.8785573537487482,high,0.9961
"[1353894690, 1353894691, 1067663275]",0,0.6765,11,0.009216120197521493,0.3794,375.34,632.51,375.34,0.0,0.5446227477477478,0.5714285714285714,0.013427744243228934,0.37927585517103424,0.606098782181736,medium,0.9998
11311845,0,0.5865,7,0.1430879541500111,0.0824,331.3,340.34,331.3,0.0,0.4179335585585586,0.2857142857142857,0.2084777733486393,0.08221644328865772,0.5349678586426334,high,1.0
12542953,0,0.732,8,0.08124485117909258,0.2327,240.58,252.59,240.58,0.0,0.6227477477477478,0.35714285714285715,0.11837294189673385,0.23254650930186035,0.38844203249668896,high,0.9633
4286556,0,0.7816,11,0.08654494139747239,0.0852,86.74,87.13,86.74,0.0,0.6925675675675675,0.5714285714285714,0.12609512453093283,0.08501700340068012,0.13996834318570922,low,0.9606
4286556,0,0.7082,13,0.07703992169411734,0.3194,62.92,62.92,64.16,0.0,0.5892454954954957,0.7142857142857143,0.1122463983646441,0.31926385277055414,0.10149562296088123,low,1.0
1462354001,0,0.7742,13,0.12326867288841108,0.5,244.02,249.45,244.02,0.0,0.6821509009009009,0.7142857142857143,0.17960126308662752,0.4998999799959992,0.39399812643343995,low,0.9999
1462354002,27,0.6807,13,0.13361996930442718,0.6325,381.53,388.83,381.53,0.19708029197080293,0.5505349099099099,0.7142857142857143,0.194683006629031,0.6324264852970594,0.6160965209807152,medium,0.8389
14351346,0,0.7841,8,0.12636811821980165,0.5,243.28,251.23,243.28,0.0,0.6960867117117118,0.35714285714285715,0.18411712638848468,0.4998999799959992,0.39280292017960394,medium,0.9915
19823660,2,0.7301,8,0.17364872202898163,0.5,487.03,489.78,487.03,0.014598540145985401,0.6200731981981982,0.35714285714285715,0.2530045306827651,0.4998999799959992,0.7864941693316536,high,1.0
"[851330434, 901462435, 901462441, 901462442, 901462443]",0,0.7611,12,0.09081261059290226,0.5,359.08,371.97,359.08,0.0,0.6637105855855856,0.6428571428571429,0.13231307924332045,0.4998999799959992,0.57983654746907,medium,1.0
"[901462433, 851330434, 250754903, 250754905, 851330429]",0,0.7389,14,0.03139091310743856,0.5,389.63,389.63,389.68,0.0,0.6324605855855856,0.7857142857142857,0.04573621328250988,0.4998999799959992,0.6291791840294603,low,0.9925
2415185,0,0.7251,12,0.17438955804741707,0.4012,236.85,249.38,236.85,0.0,0.6130349099099099,0.6428571428571429,0.25408392193850493,0.40108021604320865,0.38241754691992114,medium,1.0
2415185,0,0.7331,12,0.14948738087148503,0.5,249.34,249.34,249.99,0.0,0.6242961711711712,0.6428571428571429,0.21780167914292617,0.4998999799959992,0.40259069031236877,medium,0.998
19823557,0,0.762,8,0.08542590548384738,0.5,280.4,293.37,280.4,0.0,0.6649774774774775,0.35714285714285715,0.12446469951113351,0.4998999799959992,0.45275705010175404,medium,0.9581
14351385,0,0.7784,10,0.10635141091023821,0.4635,285.25,289.81,285.25,0.0,0.6880630630630631,0.5,0.1549529681928897,0.4633926785357072,0.46059049649513845,medium,1.0
202053028,0,0.7455,13,0.04660850437368376,0.5,295.39,295.39,296.58,0.0,0.6417511261261263,0.7142857142857143,0.06790810360298431,0.4998999799959992,0.4769680524598637,low,0.9999
202053028,0,0.6968,10,0.12794186446239797,0.3448,211.19,211.19,213.31,0.0,0.5731981981981982,0.5,0.18641006016970021,0.34466893378675734,0.3409729624963659,medium,0.9999
"[901462432, 250754905, 901462423, 901462424, 901462425, 901462427, 901462428]",0,0.7448,13,0.00022187986403226725,0.5,439.71,439.71,447.8,0.0,0.6407657657657658,0.7142857142857143,0.00032321891454231537,0.4998999799959992,0.7100655748296023,medium,0.9943
"[851330436, 1484429893, 1484429894, 901462416, 901462418, 901462419, 901462420, 901462421, 901462423]",0,0.7355,11,0.044686012212196424,0.2759,374.67,382.58,374.67,0.0,0.6276745495495496,0.5714285714285714,0.0651070502299043,0.27575515103020604,0.6050166359789386,medium,0.9965
14351420,0,0.7754,12,0.10930672841829535,0.0019,490.06,561.88,490.06,0.0,0.6838400900900901,0.6428571428571429,0.15925883858357134,0.0017003400680136026,0.7913880543980361,high,1.0
14351420,0,0.7658,12,0.10432763862266882,0.0019,454.57,619.51,454.57,0.0,0.6703265765765767,0.6428571428571429,0.15200435060890094,0.0017003400680136026,0.7340666085214976,high,1.0
313842645,0,0.765,10,0.07651192848462422,0.027,387.61,620.09,387.61,0.0,0.6692004504504505,0.5,0.11147711712124499,0.026805361072214443,0.6259165939852054,high,1.0
14351526,0,0.751,8,0.21420214243207653,0.2434,234.16,243.1,234.16,0.0,0.6494932432432433,0.35714285714285715,0.3120904907119285,0.24324864972994598,0.3780728106728688,high,1.0
14351526,0,0.6169,12,0.19209647283035464,0.5,109.05,114.44,109.05,0.0,0.46072635135135137,0.6428571428571429,0.2798827336960603,0.4998999799959992,0.17600219659527733,medium,0.9297
534024688,0,0.5457,12,0.16949692564072377,0.5,170.45,170.45,170.58,0.0,0.36050112612612606,0.6428571428571429,0.24695540158323526,0.4998999799959992,0.27517201279193715,medium,1.0
534024688,0,0.7129,12,0.1103973863396158,0.5,80.05,80.05,80.4,0.0,0.5958614864864865,0.6428571428571429,0.160847917129945,0.4998999799959992,0.12916303259359757,low,1.0
534024688,0,0.6734,12,0.12276231571259365,0.4106,170.88,171.37,170.88,0.0,0.540259009009009,0.6428571428571429,0.1788635053450254,0.4104820964192839,0.27586652453403104,medium,0.7664
14351598,0,0.731,12,0.13779402829312506,0.4223,264.23,264.23,268.85,0.0,0.6213400900900901,0.6428571428571429,0.2007645721323628,0.4221844368873775,0.42664017831185197,medium,1.0
534024688,0,0.7031,12,0.10411521998311977,0.4494,228.35,228.93,228.35,0.0,0.5820664414414414,0.6428571428571429,0.15169485860745965,0.4492898579715944,0.3686888264366702,medium,0.9229
99961291,0,0.7388,11,0.14234601310851555,0.254,123.0,123.0,127.0,0.0,0.6323198198198199,0.5714285714285714,0.20739677208447818,0.25385077015403085,0.19853344962367156,medium,0.9956
202053028,0,0.6968,10,0.12794186446239794,0.3448,211.19,211.19,213.31,0.0,0.5731981981981982,0.5,0.1864100601697002,0.34466893378675734,0.3409729624963659,medium,0.9999
"[469764189, 1071583349]",0,0.6941,8,0.13962992669632596,0.6118,269.68,276.81,269.68,0.0,0.5693975225225226,0.35714285714285715,0.20343945919715042,0.6117223444688938,0.4354427108569952,high,0.9062
"[851321117, 851330430, 1484429895]",0,0.785,12,0.00974275778763767,0.3284,358.48,391.25,358.48,0.0,0.6973536036036037,0.6428571428571429,0.014195050361681142,0.32826565313062617,0.5788674613173111,medium,0.9984
"[851321120, 851321121, 851321122, 851331570, 842034460, 851321117, 851321118, 851321119]",0,0.8028,12,0.02943256302447816,0.5824,312.94,409.1,312.94,0.0,0.7224099099099098,0.6428571428571429,0.042882915248096086,0.5823164632926585,0.5053138223988113,low,0.9999
18942163,0,0.7222,12,0.16735521140494827,0.5,271.8,280.22,271.8,0.0,0.6089527027027026,0.6428571428571429,0.24383494366695888,0.4998999799959992,0.43886681525987664,medium,1.0
18942163,0,0.6448,12,0.146635201756422,0.3929,101.82,109.62,101.82,0.0,0.5000000000000001,0.6428571428571429,0.21364608044092945,0.3927785557111423,0.16432470846658268,low,0.8848
"[23180849, 23180850, 673429315]",0,0.7701,12,0.10082408160705943,0.3524,198.09,198.09,201.71,0.0,0.6763795045045046,0.6428571428571429,0.146899700305017,0.35227045409081814,0.31981458151629677,low,0.981
471506983,0,0.7449,14,0.13948775909061678,0.281,368.19,378.27,368.19,0.0,0.6409065315315315,0.7857142857142857,0.2032323223049998,0.2808561712342469,0.5945505055399425,medium,1.0
209730200,0,0.8842,12,0.09372609099926117,0.4672,438.41,448.64,438.41,0.0,0.8369932432432433,0.6428571428571429,0.13655799336214866,0.46709341868373677,0.7079658881674582,medium,1.0
"[573266108, 404097030]",0,0.7649,12,0.13833376296669553,0.41,463.04,464.96,463.04,0.0,0.6690596846846848,0.6428571428571429,0.2015509605807834,0.40988197639527907,0.7477468746971606,high,0.6872
2466941,0,0.6514,12,0.09245518959823641,0.1847,308.81,315.91,308.81,0.0,0.5092905405405406,0.6428571428571429,0.13470630172589335,0.1845369073814763,0.4986432793875376,medium,0.9942
2466941,0,0.7798,14,0.010613198948563838,0.5,205.66,207.88,205.66,0.0,0.6900337837837839,0.7857142857142857,0.015463275116362923,0.4998999799959992,0.33204121846432144,low,1.0
8386795,0,0.6909,12,0.057874173071860276,0.2307,274.14,278.11,274.14,0.0,0.564893018018018,0.6428571428571429,0.084322079139101,0.23054610922184435,0.4426462512517363,medium,1.0
648549848,0,0.6668,8,0.16211407252303525,0.4696,183.38,183.38,184.8,0.0,0.5309684684684685,0.35714285714285715,0.23619865258704856,0.469493898779756,0.29605581936234127,high,0.847
15693515,0,0.5996,10,0.26889514568039313,0.2258,180.48,184.51,180.48,0.0,0.43637387387387394,0.5,0.39177769272062307,0.22564512902580516,0.2913719029621733,high,1.0
15693515,0,0.5994,8,0.2555904925249124,0.2747,237.13,242.69,237.13,0.0,0.4360923423423424,0.35714285714285715,0.3723929356093185,0.2745549109821965,0.3828697871240753,high,1.0
15693515,0,0.5996,10,0.2688951456803931,0.2258,180.48,184.51,180.48,0.0,0.43637387387387394,0.5,0.391777692720623,0.22564512902580516,0.2913719029621733,high,1.0
1044490000,0,0.6065,12,0.22633541007679928,0.2747,210.73,216.24,210.73,0.0,0.44608671171171177,0.6428571428571429,0.3297685499225523,0.2745549109821965,0.34022999644668406,medium,0.9178
15693515,0,0.5994,8,0.2555904925249124,0.2747,237.13,242.69,237.13,0.0,0.4360923423423424,0.35714285714285715,0.3723929356093185,0.2745549109821965,0.3828697871240753,high,1.0
15693581,0,0.6559,12,0.17872492961401173,0.7817,102.83,108.15,102.83,0.0,0.5156250000000001,0.6428571428571429,0.2604005183821389,0.7816563312662532,0.16595600348871015,low,1.0
36775557,0,0.65,10,0.16001833364474594,0.5525,71.66,74.59,71.66,0.0,0.5073198198198199,0.5,0.2331451803431952,0.5524104820964193,0.11561197790483574,medium,0.9684
1044490000,0,0.5467,12,0.3348724607990845,0.2747,160.55,169.27,160.55,0.0,0.3619087837837837,0.6428571428571429,0.48790603319562303,0.2745549109821965,0.2591820912879155,high,0.9993
59374120,0,0.9901,12,0.050922847986501076,0.0007,78.64,78.64,79.75,0.0,0.9860641891891891,0.6428571428571429,0.07419406251163277,0.0005001000200040008,0.1268856801369642,low,1.0
15693581,0,0.6559,12,0.17872492961401168,0.7817,102.83,108.15,102.83,0.0,0.5156250000000001,0.6428571428571429,0.26040051838213885,0.7816563312662532,0.16595600348871015,low,1.0
"[59374120, 1338576651, 26072428, 188128548]",0,0.8015,12,0.0859949550792108,0.3392,162.57,162.57,163.3,0.0,0.7205799549549551,0.6428571428571429,0.1252937995306152,0.33906781356271254,0.2624446813321704,low,1.0
16292271,0,0.7154,8,0.13603283787044795,0.6611,274.43,282.32,274.43,0.0,0.5993806306306307,0.35714285714285715,0.1981985339071357,0.6610322064412882,0.4431146428917531,medium,0.6873
2466941,0,0.7638,12,0.06095053498354399,0.227,280.38,289.43,280.38,0.0,0.6675112612612614,0.6428571428571429,0.08880431011104419,0.22684536907381475,0.45272474723002876,medium,0.9997
2466941,0,0.6514,12,0.09245518959823638,0.1847,308.81,315.91,308.81,0.0,0.5092905405405406,0.6428571428571429,0.13470630172589332,0.1845369073814763,0.4986432793875376,medium,0.9942
16292271,0,0.7154,8,0.13603283787044793,0.6611,274.43,282.32,274.43,0.0,0.5993806306306307,0.35714285714285715,0.19819853390713568,0.6610322064412882,0.4431146428917531,medium,0.6873
"[1115800628, 16294198]",0,0.3107,8,0.25512299412117845,1.0,78.92,78.92,116.79,0.0,0.029701576576576513,0.35714285714285715,0.3717117947407516,1.0,0.12733792034111832,high,0.9993
"[501181888, 1232039578, 825529982]",0,0.4383,6,0.18139462563272718,0.5186,18.86,18.86,21.73,0.0,0.2093186936936937,0.21428571428571427,0.26429024089343167,0.518503700740148,0.030332396550053303,high,1.0
48379506,0,0.7749,11,0.0415080500692095,0.3613,64.88,72.0,64.88,0.0,0.6831362612612614,0.5714285714285714,0.060476788656693335,0.3611722344468894,0.10466130438996027,low,1.0
"[26072428, 59374120, 1338576651, 188128548]",0,0.8015,12,0.08599495507921079,0.3392,162.57,162.57,163.3,0.0,0.7205799549549551,0.6428571428571429,0.12529379953061517,0.33906781356271254,0.2624446813321704,low,1.0
188128548,0,0.5628,14,0.15791198846854929,0.4975,3.63,3.63,9.94,0.0,0.38457207207207206,0.7857142857142857,0.23007625482097518,0.4973994798959792,0.005733759731240107,low,1.0
2466941,0,0.795,12,0.04131168205758803,0.4688,249.11,257.99,249.11,0.0,0.7114301801801803,0.6428571428571429,0.060190682272315776,0.46869373874774956,0.40221920728752786,low,1.0
2466941,0,0.7638,12,0.06095053498354399,0.227,280.38,289.43,280.38,0.0,0.6675112612612614,0.6428571428571429,0.08880431011104419,0.22684536907381475,0.45272474723002876,medium,0.9997
8386793,0,0.8037,12,0.03908391567371847,0.4688,266.58,266.58,271.57,0.0,0.7236768018018019,0.6428571428571429,0.05694484716880907,0.46869373874774956,0.43043576573957426,low,1.0
25359279,0,0.6027,12,0.16532405354957252,0.5,120.65,120.65,126.26,0.0,0.44073761261261263,0.6428571428571429,0.24087556537869756,0.4998999799959992,0.19473786219594924,medium,0.8908
835476530,0,0.6575,12,0.05039348070448657,0.2848,101.14,101.14,109.6,0.0,0.5178772522522522,0.6428571428571429,0.07342277925722523,0.2846569313862773,0.1632264108279226,low,1.0
"[1210470864, 835476530]",0,0.5594,8,0.06900743323320803,0.1485,119.32,123.88,119.32,0.0,0.37978603603603606,0.35714285714285715,0.10054313665654455,0.1483296659331866,0.192589721226217,high,0.9804
"[1252642673, 16295373]",0,0.7272,8,0.10896976561530715,0.5,38.67,38.67,47.69,0.0,0.615990990990991,0.35714285714285715,0.15876788688305443,0.4998999799959992,0.06232839099395937,medium,0.9533
"[1452712404, 16295492, 1452712403]",0,0.8104,14,0.057233949070816914,0.156,206.99,209.27,206.99,0.0,0.7331081081081081,0.7857142857142857,0.08338927866606194,0.15583116623324664,0.3341893594340537,low,1.0
16295658,0,0.687,12,0.10202283299638187,0.156,252.82,254.86,252.82,0.0,0.5594031531531533,0.6428571428571429,0.14864627003872571,0.15583116623324664,0.40821138999257034,medium,1.0
238802206,0,0.9999,12,0.005014064267711606,0.156,221.23,225.77,221.23,0.0,0.9998592342342343,0.6428571428571429,0.007305387454549573,0.15583116623324664,0.3571890041024647,low,1.0
99961287,0,0.7614,11,0.07774082879976277,0.5,107.04,107.04,108.85,0.0,0.6641328828828829,0.5714285714285714,0.11326761356219528,0.4998999799959992,0.17275575798688506,low,1.0
99961287,0,0.7291,12,0.09951264079404831,0.5,208.19,210.75,208.19,0.0,0.6186655405405406,0.6428571428571429,0.1449889431188667,0.4998999799959992,0.33612753173757143,low,0.9951
1462354001,0,0.7953,14,0.11392213797148254,0.5,190.17,191.86,190.17,0.0,0.7118524774774776,0.7857142857142857,0.16598344779451288,0.4998999799959992,0.3070226443130794,low,1.0
8347025,0,0.5843,6,0.22041960173123937,0.3731,98.05,104.86,98.05,0.0,0.41483671171171177,0.21428571428571427,0.32114927164783325,0.37297459491898377,0.1582356171463643,high,1.0
"[1070366924, 43573215]",0,0.5661,6,0.18511008708822396,0.4728,117.28,119.8,117.28,0.0,0.3892173423423424,0.21428571428571427,0.2697036340145857,0.47269453890778157,0.18929482831023678,high,1.0
16296979,0,0.7956,12,0.06134300344347505,0.2903,233.12,252.46,233.12,0.0,0.7122747747747749,0.6428571428571429,0.08937613304251815,0.2901580316063213,0.3763930613431534,low,0.9758
"[16296979, 27292964]",0,0.7665,12,0.06622302492332266,0.3727,151.98,195.53,151.98,0.0,0.6713119369369369,0.6428571428571429,0.09648627939352064,0.3725745149029806,0.24534031075362597,low,1.0
27292982,0,0.7222,12,0.11753757323407818,0.1091,321.45,321.45,326.1,0.0,0.6089527027027026,0.6428571428571429,0.171251103673854,0.10892178435687137,0.5190586943179248,medium,0.9778
16296979,0,0.7956,12,0.06134300344347506,0.2903,233.12,252.46,233.12,0.0,0.7122747747747749,0.6428571428571429,0.08937613304251818,0.2901580316063213,0.3763930613431534,low,0.9758
16297002,0,0.6978,12,0.1898809694880858,0.4154,159.76,172.43,159.76,0.0,0.5746058558558559,0.6428571428571429,0.2766547657312229,0.41528305661132225,0.25790612785476624,medium,0.9965
16297002,0,0.9345,12,0.0293573413157027,0.5,233.24,242.66,233.24,0.0,0.9077984234234235,0.6428571428571429,0.0427733179112043,0.4998999799959992,0.3765868785735052,low,1.0
16297002,0,0.9345,12,0.0293573413157027,0.5,233.24,242.66,233.24,0.0,0.9077984234234235,0.6428571428571429,0.0427733179112043,0.4998999799959992,0.3765868785735052,low,1.0
16297002,0,0.7522,12,0.0665662772452792,0.0668,258.22,258.22,263.99,0.0,0.6511824324324325,0.6428571428571429,0.09698639486524775,0.0666133226645329,0.4169331653584004,medium,1.0
18017184,0,0.7553,12,0.08792070156118338,0.5,238.42,245.2,238.42,0.0,0.6555461711711712,0.6428571428571429,0.1280995944186698,0.4998999799959992,0.3849533223503569,low,0.9929
16297002,0,0.6245,12,0.17733648615125094,0.4495,98.17,117.3,98.17,0.0,0.47142454954954965,0.6428571428571429,0.2583775690444999,0.44938987797559515,0.1584294343767161,medium,0.6689
16297002,0,0.6342,12,0.16755897933462438,0.2873,95.66,115.55,95.66,0.0,0.48507882882882886,0.6428571428571429,0.2441318316637886,0.2871574314862973,0.15437542397519138,medium,0.9941
27288942,0,0.748,12,0.13701582695248732,0.4914,60.17,79.98,60.17,0.0,0.6452702702702703,0.6428571428571429,0.1996307399463099,0.4912982596519304,0.09705397809865297,low,1.0
2418095,0,0.7643,12,0.07063528419209728,0.4132,89.71,89.71,97.64,0.0,0.6682150900900901,0.6428571428571429,0.10291490051109292,0.4130826165233047,0.14476531963691572,low,1.0
2418095,0,0.6501,12,0.20005616535098797,0.4448,65.3,146.05,65.3,0.0,0.5074605855855856,0.6428571428571429,0.29147993238963044,0.44468893778755747,0.10533966469619149,low,0.9552
16297002,0,0.6342,12,0.16755897933462433,0.2873,95.66,115.55,95.66,0.0,0.48507882882882886,0.6428571428571429,0.24413183166378852,0.2871574314862973,0.15437542397519138,medium,0.9941
16297152,26,0.7129,12,0.08717559504729298,0.1151,138.05,146.49,138.05,0.1897810218978102,0.5958614864864865,0.6428571428571429,0.1270139810903835,0.11492298459691937,0.22284136059695708,low,1.0
"[1370992071, 1370992073, 1416612076, 538314349, 1416612077, 1242593615, 199514512]",78,0.7866,12,0.007335194746568348,0.0777,82.8,106.22,82.8,0.5693430656934306,0.6996058558558559,0.6428571428571429,0.010687253184566661,0.07751550310062012,0.13360467745582583,low,1.0
"[199514512, 201487146, 1068478002]",41,0.8295,14,0.0062084645920145645,0.1784,39.81,39.81,64.95,0.29927007299270075,0.7599943693693695,0.7857142857142857,0.009045617726598305,0.17823564712942588,0.06416965468230126,low,1.0
"[4536595, 179642843]",0,0.8765,9,0.0804130642365889,0.04,158.58,158.58,168.86,0.0,0.8261542792792793,0.42857142857142855,0.11716103598228718,0.03980796159231847,0.2560002584229738,medium,1.0
4536595,0,0.8681,12,0.08234673632574092,0.0406,284.7,284.7,297.84,0.0,0.8143299549549551,0.6428571428571429,0.1199783784070072,0.04040808161632326,0.4597021675226928,medium,1.0
16297152,26,0.7129,12,0.08717559504729297,0.1151,138.05,146.49,138.05,0.1897810218978102,0.5958614864864865,0.6428571428571429,0.1270139810903835,0.11492298459691937,0.22284136059695708,low,1.0
2466941,0,0.5799,12,0.15433551239265988,0.5,159.97,159.97,164.57,0.0,0.408643018018018,0.6428571428571429,0.22486536211784985,0.4998999799959992,0.25824530800788187,medium,0.9997
16629512,0,0.7962,10,0.12062661220868093,0.5,114.55,114.55,120.06,0.0,0.7131193693693694,0.5,0.1757518050097141,0.4998999799959992,0.18488548631973384,low,0.9983
43309287,0,0.5651,8,0.22759304791817492,0.5,81.51,81.51,82.99,0.0,0.38780968468468474,0.35714285714285715,0.3316009166745566,0.4998999799959992,0.13152114222954422,high,0.964
16629512,0,0.9343,10,0.050646006511257974,0.5,69.41,69.41,76.34,0.0,0.9075168918918921,0.5,0.07379070703192137,0.4998999799959992,0.1119779048357399,low,1.0
16629512,0,0.7962,10,0.12062661220868093,0.5,114.55,114.55,120.06,0.0,0.7131193693693694,0.5,0.1757518050097141,0.4998999799959992,0.18488548631973384,low,0.9983
99961322,3,0.5776,11,0.14327885894558656,0.6368,9.86,9.86,171.99,0.021897810218978103,0.40540540540540543,0.5714285714285714,0.20875591987755418,0.6367273454690938,0.01579610427366993,low,1.0
"[929968168, 1288823362, 1444612788, 47048375]",1,0.8229,9,0.0505106773619359,0.5,91.29,91.29,185.13,0.0072992700729927005,0.7507038288288288,0.42857142857142855,0.0735935337077444,0.4998999799959992,0.14731724650321415,low,1.0
246801281,0,0.9659,12,0.12396885836863937,0.1924,230.71,233.15,230.71,0.0,0.9519988738738738,0.6428571428571429,0.18062142688259214,0.19223844768953788,0.3725005653002552,low,0.9993
246801281,0,1.0,12,0.12396885836863937,0.1924,211.61,211.9,211.61,0.0,1.0,0.6428571428571429,0.18062142688259214,0.19223844768953788,0.34165132280259713,low,1.0
19209651,0,0.8234,14,0.06856892035902194,0.4857,112.39,112.39,114.52,0.0,0.7514076576576578,0.7857142857142857,0.09990422743757135,0.4855971194238848,0.18139677617340183,low,1.0
19209651,0,0.8234,14,0.06856892035902194,0.4857,112.39,112.39,114.52,0.0,0.7514076576576578,0.7857142857142857,0.09990422743757135,0.4855971194238848,0.18139677617340183,low,1.0
47009457,0,0.7079,14,0.12420280624388284,0.4235,122.73,124.97,122.73,0.0,0.5888231981981982,0.7857142857142857,0.18096228678215534,0.42338467693538706,0.19809736085538004,low,1.0
227382014,0,0.6331,14,0.15346837895330515,0.5,118.42,123.77,118.42,0.0,0.48353040540540543,0.7857142857142857,0.22360195668303345,0.4998999799959992,0.19113609199857867,low,1.0
1430348666,0,0.7884,14,0.08771195947288611,0.5,25.72,25.72,26.51,0.0,0.7021396396396397,0.7857142857142857,0.1277954591185412,0.4998999799959992,0.04141228155182996,low,1.0
19210470,0,0.803,12,0.07409964795329163,0.3927,64.71,64.71,65.31,0.0,0.7226914414414416,0.6428571428571429,0.10796244660426513,0.3925785157031406,0.10438672998029525,low,1.0
"[1070356416, 31643893, 1136840198]",0,0.7084,13,0.09193339941374089,0.5,167.78,167.78,172.73,0.0,0.5895270270270271,0.7142857142857143,0.1339460582327857,0.4998999799959992,0.2708595794166101,low,1.0
47009457,0,0.7079,14,0.12420280624388287,0.4235,122.73,124.97,122.73,0.0,0.5888231981981982,0.7857142857142857,0.1809622867821554,0.42338467693538706,0.19809736085538004,low,1.0
"[30850336, 16649917]",0,0.7424,8,0.11553193973935925,0.3394,159.78,168.0,159.78,0.0,0.6373873873873873,0.35714285714285715,0.16832891414398957,0.33926785357071415,0.2579384307264916,medium,0.9988
227382014,0,0.7984,12,0.0633718597505252,0.5,197.5,204.89,197.5,0.0,0.7162162162162162,0.6428571428571429,0.09233215799606641,0.4998999799959992,0.3188616468004005,low,1.0
227382014,0,0.6331,14,0.15346837895330515,0.5,118.42,123.77,118.42,0.0,0.48353040540540543,0.7857142857142857,0.22360195668303345,0.4998999799959992,0.19113609199857867,low,1.0
"[30846979, 1442683140, 1442683141]",0,0.7186,8,0.10659788006343966,0.5016,185.14,185.14,195.71,0.0,0.6038851351351352,0.35714285714285715,0.15531207147911635,0.501500300060012,0.29889847207416737,medium,0.9998
"[1113492192, 1113492193]",0,0.4669,11,0.11813107665142497,0.5362,23.81,23.81,24.66,0.0,0.24957770270270266,0.5714285714285714,0.17211583268674505,0.5361072214442889,0.03832735730206416,medium,0.7335
"[1113492193, 198882222]",0,0.5476,11,0.06402521665062405,0.4355,45.53,45.53,46.41,0.0,0.36317567567567566,0.5714285714285714,0.09328409298207495,0.4353870774154831,0.07340827599573603,low,0.9966
55108044,1,0.591,12,0.16395397414240107,0.0066,57.88,57.88,68.05,0.0072992700729927005,0.424268018018018,0.6428571428571429,0.23887937230091874,0.00640128025605121,0.09335529928610654,medium,1.0
"[1113492193, 198882222]",0,0.5476,11,0.06402521665062406,0.4355,45.53,45.53,46.41,0.0,0.36317567567567566,0.5714285714285714,0.09328409298207498,0.4353870774154831,0.07340827599573603,low,0.9966
"[753618488, 753618490, 2818478]",11,0.6734,14,0.009884058054502693,0.2437,71.78,71.78,72.72,0.08029197080291971,0.540259009009009,0.7857142857142857,0.014400923549124037,0.24354870974194837,0.11580579513518753,low,1.0
"[16650088, 1442683140]",0,0.7113,7,0.11913670929186447,0.2414,233.3,241.93,233.3,0.0,0.5936092342342343,0.2857142857142857,0.17358103018196042,0.24124824964992997,0.37668378718868106,high,1.0
16650179,0,0.7941,7,0.05366080831957975,0.2427,242.76,250.91,242.76,0.0,0.7101632882882883,0.2857142857142857,0.07818324550023649,0.24254850970194036,0.39196304551474626,high,0.885
55108044,0,0.7254,10,0.09632993764440853,0.0405,274.34,274.34,284.56,0.0,0.6134572072072073,0.5,0.14035177394262732,0.04030806161232246,0.4429692799689892,high,0.9624
"[1205511173, 753618494, 201781287]",0,0.5666,10,0.16474302342965713,0.0138,236.4,236.4,250.76,0.0,0.38992117117117114,0.5,0.24002900984528464,0.013602720544108821,0.381690732306102,high,1.0
38809712,0,0.9945,7,0.06350126996234957,0.5,95.92,96.02,95.92,0.0,0.9922578828828831,0.2857142857142857,0.09252070748282282,0.4998999799959992,0.15479536130762026,low,1.0
"[224180988, 224180983]",0,0.8989,8,0.06350126996234957,0.5,61.01,61.01,65.48,0.0,0.8576858108108109,0.35714285714285715,0.09252070748282282,0.4998999799959992,0.09841069871111542,low,1.0
1275711882,0,1.0,7,0.051390844088058774,0.2659,150.88,150.88,152.47,0.0,1.0,0.2857142857142857,0.07487592852134504,0.26575315063012606,0.24356365280873468,medium,0.9887
"[23482761, 1212234835, 1212234838]",0,0.7786,7,0.015145220461836395,0.4124,238.8,248.25,238.8,0.0,0.6883445945945946,0.2857142857142857,0.022066388721155062,0.41228245649129824,0.3855670769131376,medium,0.999
41224677,0,0.5389,9,0.11145849559005447,0.3819,188.78,195.67,188.78,0.0,0.3509290540540541,0.42857142857142855,0.162393943534988,0.38177635527105425,0.30477759472817134,high,0.9658
164587415,0,0.9894,12,0.010374501299227958,0.1663,440.8,449.25,440.8,0.0,0.9850788288288289,0.6428571428571429,0.01511549483969263,0.16613322664532906,0.711826081338631,medium,0.9985
164587415,0,0.7749,12,0.09116401372435874,0.1663,364.79,373.24,364.79,0.0,0.6831362612612614,0.6428571428571429,0.13282507036941982,0.16613322664532906,0.5890590173466422,medium,0.9994
227931029,0,0.681,11,0.10427794392316515,0.1663,433.39,441.84,433.39,0.0,0.5509572072072073,0.5714285714285714,0.1519319458894137,0.16613322664532906,0.6998578673644087,high,1.0
25654318,0,0.7545,14,0.138079637402302,0.0902,261.86,268.62,261.86,0.0,0.654420045045045,0.7857142857142857,0.20118070197396565,0.09001800360072014,0.42281228801240434,medium,0.9989
30477246,0,0.797,10,0.13095108561316282,0.0902,351.76,358.73,351.76,0.0,0.7142454954954957,0.5,0.1907944676713529,0.09001800360072014,0.5680136964176116,high,0.9998
25654318,0,0.7391,11,0.09163050530847686,0.0388,388.62,396.26,388.62,0.0,0.6327421171171171,0.5714285714285714,0.13350474431107925,0.038607721544308866,0.6275478890073328,high,0.9998
30477246,0,0.7552,10,0.12369136570649981,0.0902,323.83,331.93,323.83,0.0,0.6554054054054054,0.5,0.18021712262957004,0.09001800360072014,0.5229027360532351,high,0.9995
25654305,0,0.7703,11,0.11370033612957853,0.0388,440.38,440.75,440.38,0.0,0.676661036036036,0.5714285714285714,0.16566028455365997,0.038607721544308866,0.7111477210323998,high,1.0
227931029,0,0.681,11,0.10427794392316514,0.1663,433.39,441.84,433.39,0.0,0.5509572072072073,0.5714285714285714,0.15193194588941367,0.16613322664532906,0.6998578673644087,high,1.0
"[17979698, 27438869]",0,0.7628,8,0.12892753902215356,0.5,189.65,196.16,189.65,0.0,0.6661036036036037,0.35714285714285715,0.1878461789251736,0.4998999799959992,0.3061827696482217,medium,0.9999
30286837,0,0.6942,12,0.21856364297125075,0.4282,153.15,153.15,160.92,0.0,0.5695382882882883,0.6428571428571429,0.3184451568279624,0.42808561712342474,0.24723002874955582,medium,0.9997
30286837,0,0.7149,12,0.1952496114602044,0.5,117.66,118.61,117.66,0.0,0.5986768018018018,0.6428571428571429,0.2844768276392557,0.4998999799959992,0.1899085828730174,low,0.9896
290053779,0,0.7409,10,0.1923119601790353,0.5,124.1,131.88,124.1,0.0,0.6352759009009009,0.5,0.28019669677844344,0.4998999799959992,0.20031010756856285,medium,0.9998
"[4370184, 245598547]",0,0.9078,11,0.047088391280244675,0.5,61.13,61.13,61.97,0.0,0.8702139639639642,0.5714285714285714,0.06860729440607162,0.4998999799959992,0.0986045159414672,low,1.0
25360212,10,0.8705,10,0.009452520227977509,0.1413,134.16,137.11,134.16,0.072992700729927,0.8177083333333334,0.5,0.0137721769103524,0.14112822564512903,0.2165584520463869,low,1.0
1432713181,12,0.9246,10,0.01704272147290811,0.0015,60.61,60.61,61.21,0.08759124087591241,0.8938626126126127,0.5,0.024831030218248708,0.001300260052010402,0.0977646412766095,low,1.0
"[17982515, 17982479]",15,0.6299,10,0.11920239394809143,0.0015,78.87,78.87,84.09,0.10948905109489052,0.47902590090090097,0.5,0.17367673212112555,0.001300260052010402,0.1272571631618051,medium,1.0
25360212,10,0.8705,10,0.009452520227977509,0.1413,134.16,137.11,134.16,0.072992700729927,0.8177083333333334,0.5,0.0137721769103524,0.14112822564512903,0.2165584520463869,low,1.0
1432713181,12,0.9246,10,0.01704272147290811,0.0015,60.61,60.61,61.21,0.08759124087591241,0.8938626126126127,0.5,0.024831030218248708,0.001300260052010402,0.0977646412766095,low,1.0
47048378,48,0.4996,10,0.20417611401146676,0.4735,34.36,34.36,48.65,0.35036496350364965,0.2956081081081081,0.5,0.29748265964310466,0.4733946789357871,0.055367122137158,low,0.7813
1064367030,4,0.7093,6,0.04151379080504563,0.5,66.2,66.2,67.33,0.029197080291970802,0.590793918918919,0.21428571428571427,0.06048515285593424,0.4998999799959992,0.10679329392382984,medium,1.0
"[1128352706, 1205357956, 2624007, 1128116458, 828620490, 1130517552, 239268117, 1128352698, 1128352699, 1128352701, 1128352702]",0,0.9249,9,0.016924691592111837,0.2956,0.73,0.73,8.74,0.0,0.8942849099099099,0.42857142857142855,0.02465906176898707,0.29545909181836366,0.0010498433310721323,low,1.0
30476108,0,0.6929,10,0.14962537746137738,0.5,169.48,178.25,169.48,0.0,0.5677083333333333,0.5,0.21800273890344685,0.4998999799959992,0.2736053235132603,medium,1.0
30476108,0,0.6945,10,0.1162270040839605,0.5,166.02,166.02,169.9,0.0,0.5699605855855856,0.5,0.16934161649251137,0.4998999799959992,0.26801692670478405,medium,0.9999
30476108,0,0.6929,10,0.14962537746137738,0.5,169.48,178.25,169.48,0.0,0.5677083333333333,0.5,0.21800273890344685,0.4998999799959992,0.2736053235132603,medium,1.0
"[56131939, 56131940]",0,0.7207,10,0.1539712458588697,0.5,239.07,239.07,249.93,0.0,0.6068412162162162,0.5,0.22433462913302263,0.4998999799959992,0.38600316568142906,medium,1.0
56131941,0,0.7034,11,0.15922542988717786,0.5,156.27,163.0,156.27,0.0,0.5824887387387389,0.5714285714285714,0.2319899268710845,0.4998999799959992,0.2522692767387021,medium,0.9923
17998945,0,0.87,8,0.05472516709458626,0.5,136.46,136.46,141.59,0.0,0.8170045045045047,0.35714285714285715,0.07973400643264664,0.4998999799959992,0.220273282294796,low,0.9528
17998948,0,0.7436,11,0.09435328918184938,0.5,103.75,111.16,103.75,0.0,0.6390765765765767,0.5714285714285714,0.13747181533766673,0.4998999799959992,0.1674419355880738,low,1.0
30476108,0,0.6945,10,0.11622700408396047,0.5,166.02,166.02,169.9,0.0,0.5699605855855856,0.5,0.16934161649251134,0.4998999799959992,0.26801692670478405,medium,0.9999
"[198992548, 30476103]",0,0.8906,8,0.053168149101478324,0.3859,300.25,307.08,300.25,0.0,0.8460022522522523,0.35714285714285715,0.07746544555686802,0.38577715543108626,0.4848176502891107,medium,0.9999
25654593,0,0.7918,8,0.06961982409012232,0.5,258.97,258.97,262.07,0.0,0.7069256756756758,0.35714285714285715,0.1014353844949316,0.4998999799959992,0.41814452304809907,medium,0.9999
25654593,0,0.7956,12,0.06715571043685815,0.5,103.83,108.86,103.83,0.0,0.7122747747747749,0.6428571428571429,0.09784519359668196,0.4998999799959992,0.16757114707497497,low,1.0
56131941,0,0.7034,11,0.15922542988717792,0.5,156.27,163.0,156.27,0.0,0.5824887387387389,0.5714285714285714,0.23198992687108458,0.4998999799959992,0.2522692767387021,medium,0.9923
2660203,0,0.7615,8,0.11648670623591469,0.4872,267.34,277.97,267.34,0.0,0.6642736486486486,0.35714285714285715,0.16972000013604446,0.4870974194838968,0.4316632748651355,medium,0.7294
31015857,0,0.8679,12,0.03323400401050787,0.2533,21.97,25.92,21.97,0.0,0.8140484234234235,0.6428571428571429,0.04842157975336266,0.25315063012602523,0.03535549310333689,low,1.0
36719933,0,0.7024,12,0.024793317905872227,0.0564,74.0,74.0,74.09,0.0,0.5810810810810811,0.6428571428571429,0.03612357783786565,0.056211242248449686,0.11939141389669543,low,1.0
36719933,0,0.739,12,0.19668515761578126,0.4529,77.74,77.74,79.68,0.0,0.6326013513513514,0.6428571428571429,0.2865684051665106,0.4527905581116224,0.12543205090932583,low,1.0
2558927,0,0.8296,12,0.08664220113087855,0.176,133.82,142.21,133.82,0.0,0.7601351351351353,0.6428571428571429,0.1262368310667407,0.17583516703340665,0.21600930322705686,low,1.0
2558927,0,0.8768,12,0.030774947446651504,0.263,149.42,153.64,149.42,0.0,0.8265765765765766,0.6428571428571429,0.044838756987804256,0.2628525705141028,0.24120554317278803,low,1.0
866431903,0,0.8144,8,0.12826779859136378,0.143,139.48,146.41,139.48,0.0,0.7387387387387387,0.35714285714285715,0.18688494319374088,0.14282856571314262,0.22515101592531572,medium,0.998
30688461,0,0.7945,8,0.14351948800201983,0.2469,237.6,237.6,247.84,0.0,0.7107263513513513,0.35714285714285715,0.20910651419657705,0.246749349869974,0.3836289046096198,high,0.9848
"[2576386, 2558927]",0,0.8299,11,0.07620076227788992,0.1762,196.82,196.82,202.35,0.0,0.7605574324324326,0.5714285714285714,0.11102375082388265,0.17603520704140826,0.3177633491617404,medium,0.925
2558927,0,0.8296,12,0.08664220113087856,0.176,133.82,142.21,133.82,0.0,0.7601351351351353,0.6428571428571429,0.12623683106674072,0.17583516703340665,0.21600930322705686,low,1.0
30691382,0,0.7249,9,0.12483999513949162,0.0639,70.23,75.85,70.23,0.0,0.6127533783783784,0.42857142857142855,0.18189066513452964,0.0637127425485097,0.11330232257647706,medium,1.0
"[206708011, 54244431, 23180919]",0,0.7831,9,0.011172913270494933,0.1471,110.27,118.91,110.27,0.0,0.6946790540540542,0.42857142857142855,0.016278773728431836,0.14692938587717544,0.1779726717705204,medium,0.9541
30692174,0,0.7659,8,0.13186036424132075,0.268,48.29,55.5,48.29,0.0,0.6704673423423424,0.35714285714285715,0.19211927825809721,0.26785357071414284,0.07786607229382693,medium,1.0
"[686204224, 686204226, 237559987, 228479564]",0,0.7306,12,0.030681420156996014,0.1521,32.53,32.53,35.31,0.0,0.6207770270270271,0.6428571428571429,0.04470248858816518,0.15193038607721546,0.05241140937429338,low,1.0
1442484059,0,0.7068,12,0.0738309416603832,0.1135,7.41,7.41,11.71,0.0,0.5872747747747747,0.6428571428571429,0.10757094401029009,0.11332266453290658,0.011839002487321124,low,1.0
8375943,16,0.7265,14,0.059795646551942194,0.2938,302.35,302.35,314.65,0.11678832116788321,0.6150056306306307,0.7857142857142857,0.0871216483027554,0.29365873174634927,0.48820945182026687,low,1.0
8375943,11,0.6993,12,0.05090089760672573,0.2842,169.04,169.04,201.19,0.08029197080291971,0.5767173423423424,0.6428571428571429,0.07416208101046372,0.28405681136227245,0.2728946603353038,low,1.0
18927352,4,0.7307,12,0.08779287453508916,0.2938,181.54,185.31,181.54,0.029197080291970802,0.6209177927927928,0.6428571428571429,0.12791335161894105,0.29365873174634927,0.293083955163614,low,0.9755
4711504,0,0.8419,12,0.032736983956894276,0.0554,158.34,161.02,158.34,0.0,0.7774493243243245,0.6428571428571429,0.04769742611281637,0.05521104220844169,0.25561262396227025,low,1.0
"[4711504, 1071583337, 236957314]",0,0.7955,12,0.0490231900555422,0.0339,281.43,286.77,281.43,0.0,0.7121340090090091,0.6428571428571429,0.07142627840212881,0.033706741348269655,0.45442064799560683,medium,1.0
18927352,4,0.7307,12,0.08779287453508917,0.2938,181.54,185.31,181.54,0.029197080291970802,0.6209177927927928,0.6428571428571429,0.12791335161894107,0.29365873174634927,0.293083955163614,low,0.9755
2466941,0,0.5799,12,0.15433551239265988,0.5,159.97,159.97,164.57,0.0,0.408643018018018,0.6428571428571429,0.22486536211784985,0.4998999799959992,0.25824530800788187,medium,0.9997
2466941,0,0.7798,14,0.010613198948563838,0.5,205.66,207.88,205.66,0.0,0.6900337837837839,0.7857142857142857,0.015463275116362923,0.4998999799959992,0.33204121846432144,low,1.0
19207807,0,0.6965,10,0.1560828995795737,0.4574,159.26,165.62,159.26,0.0,0.5727759009009009,0.5,0.227411289155698,0.4572914582916583,0.25709855606163384,medium,1.0
43309289,0,0.6865,14,0.18814093669782178,0.5,135.18,135.18,136.22,0.0,0.5586993243243243,0.7857142857142857,0.2741195539815593,0.4998999799959992,0.21820589850437702,low,1.0
19207807,0,0.6965,10,0.1560828995795737,0.4574,159.26,165.62,159.26,0.0,0.5727759009009009,0.5,0.227411289155698,0.4572914582916583,0.25709855606163384,medium,1.0
47048136,0,0.7713,12,0.12972066425086115,0.2154,46.33,46.33,47.51,0.0,0.6780686936936937,0.6428571428571429,0.18900175507869485,0.21524304860972193,0.07470039086474788,low,1.0
47048136,0,0.7399,12,0.11454675934644348,0.3019,0.58,0.58,7.88,0.0,0.6338682432432433,0.6428571428571429,0.1668935153850505,0.3017603520704141,0.0008075717931324095,low,1.0
737713207,0,0.7577,9,0.13315597228264156,0.2154,29.02,29.02,36.91,0.0,0.6589245495495496,0.42857142857142855,0.194006967241715,0.21524304860972193,0.04674225538650386,medium,0.9984
166482669,0,0.8145,10,0.06026308136538133,0.0468,164.71,227.07,164.71,0.0,0.7388795045045045,0.5,0.0878026965208484,0.046609321864372874,0.26590108860677714,medium,1.0
19207811,0,0.8631,8,0.001376554827238007,0.5,366.78,366.78,368.89,0.0,0.8072916666666666,0.35714285714285715,0.0020055697013440957,0.4998999799959992,0.5922731530833091,medium,0.9999
99961288,0,0.8335,10,0.01667608542620928,0.5,420.96,420.96,426.63,0.0,0.7656250000000001,0.5,0.024296844874936847,0.4998999799959992,0.679781632587137,medium,1.0
99961288,0,0.7353,11,0.1295546234311961,0.6361,426.88,435.88,426.88,0.0,0.627393018018018,0.5714285714285714,0.18875983513368347,0.6360272054410883,0.6893432826178247,medium,0.9707
19207811,0,0.8631,8,0.001376554827238007,0.5,366.78,366.78,368.89,0.0,0.8072916666666666,0.35714285714285715,0.0020055697013440957,0.4998999799959992,0.5922731530833091,medium,0.9999
99961287,0,0.794,12,0.06578154396192656,0.5,49.05,50.9,49.05,0.0,0.7100225225225225,0.6428571428571429,0.09584304569881863,0.4998999799959992,0.07909358141938819,low,1.0
2450764,0,0.7697,12,0.06804506576244998,0.5,5.92,5.92,10.75,0.0,0.6758164414414416,0.6428571428571429,0.09914097611508162,0.4998999799959992,0.009432438543786543,low,1.0
19208036,0,0.7536,9,0.1195503293286172,0.5132,133.57,142.01,133.57,0.0,0.6531531531531533,0.42857142857142855,0.17418367076605693,0.5131026205241048,0.21560551733049066,medium,0.999
1046359261,0,0.9629,12,0.04829269283581137,0.5,293.95,295.03,293.95,0.0,0.947775900900901,0.6428571428571429,0.070361950680881,0.4998999799959992,0.47464224569564234,low,1.0
19209657,0,0.857,12,0.04529382120350197,0.2712,222.46,309.69,222.46,0.0,0.7987049549549549,0.6428571428571429,0.06599262233229854,0.27105421084216846,0.35917563071357045,low,1.0
47009456,0,0.7115,14,0.08097412254774483,0.0822,157.31,157.31,163.77,0.0,0.5938907657657658,0.7857142857142857,0.11797849277427852,0.08201640328065612,0.25394902606841746,low,1.0
14351728,0,0.7788,12,0.08806578783940185,0.5,258.4,258.96,258.4,0.0,0.6886261261261263,0.6428571428571429,0.1283109837897854,0.4998999799959992,0.41722389120392805,low,0.9861
19209655,0,0.8546,12,0.0937985919226876,0.5,153.17,153.17,159.98,0.0,0.7953265765765766,0.6428571428571429,0.13666362653984543,0.4998999799959992,0.24726233162128108,low,1.0
"[23180849, 23180850, 673429315]",0,0.7701,12,0.10082408160705944,0.3524,198.09,198.09,201.71,0.0,0.6763795045045046,0.6428571428571429,0.14689970030501703,0.35227045409081814,0.31981458151629677,low,0.981
"[778448931, 19209659]",0,0.7155,8,0.11123521225249751,0.4346,110.22,356.76,110.22,0.0,0.5995213963963965,0.35714285714285715,0.16206862176861336,0.4344868973794759,0.17789191459120715,medium,1.0
"[198882134, 246019109, 1113491309, 1113491310]",0,0.6137,10,0.11472045003600692,0.5,174.31,285.37,174.31,0.0,0.4562218468468469,0.5,0.1671465811200483,0.4998999799959992,0.2814064670349194,medium,1.0
"[246019110, 1113491307, 1113491308, 1113491311, 1113491312, 1430348664]",12,0.633,11,0.13858088486280137,0.3827,24.92,277.41,24.92,0.08759124087591241,0.48338963963963966,0.5714285714285714,0.20191101490740998,0.38257651530306064,0.040120166682818106,low,1.0
19209661,0,0.7066,12,0.1540551843227422,0.1158,205.52,399.88,205.52,0.0,0.5869932432432433,0.6428571428571429,0.22445692670180925,0.11562312462492498,0.33181509836224443,medium,1.0
19209663,0,0.7214,12,0.13626802133254842,0.0934,158.49,389.13,158.49,0.0,0.6078265765765767,0.6428571428571429,0.1985411940453698,0.09321864372874573,0.25585489550020996,medium,1.0
19210472,0,0.6668,9,0.10596997572950013,0.2645,124.05,386.8,124.05,0.0,0.5309684684684685,0.42857142857142855,0.1543972206475831,0.26435287057411483,0.2002293503892496,medium,0.9999
19209661,0,0.7066,12,0.15405518432274218,0.1158,205.52,399.88,205.52,0.0,0.5869932432432433,0.6428571428571429,0.2244569267018092,0.11562312462492498,0.33181509836224443,medium,1.0
"[667589129, 667589130]",0,0.8589,11,0.04609442741683825,0.1947,414.09,414.33,414.09,0.0,0.8013795045045045,0.5714285714285714,0.06715909821152369,0.1945389077815563,0.6686855961494977,medium,0.9993
"[697895745, 550988604]",0,0.7954,12,0.06309455484728034,0.3255,18.25,60.03,18.25,0.0,0.7119932432432433,0.6428571428571429,0.09192812730602462,0.32536507301460293,0.029347158962431764,low,1.0
19210472,0,0.6668,9,0.10596997572950013,0.2645,124.05,386.8,124.05,0.0,0.5309684684684685,0.42857142857142855,0.1543972206475831,0.26435287057411483,0.2002293503892496,medium,0.9999
699301056,0,0.9836,10,0.2291307122726345,0.5,166.53,173.34,166.53,0.0,0.9769144144144144,0.5,0.33384127947707215,0.4998999799959992,0.2688406499337791,low,0.9134
"[699301057, 699303959]",0,0.6637,10,0.1405648033589968,0.284,215.03,220.73,215.03,0.0,0.5266047297297297,0.5,0.2048015658844214,0.28385677135427084,0.34717511386762284,medium,0.9379
699301058,0,0.5144,10,0.14594241761585952,0.1055,165.94,172.3,165.94,0.0,0.3164414414414414,0.5,0.2126367003286914,0.10532106421284256,0.26788771521788285,high,0.9999
19209818,6,0.8722,8,0.048486248612202805,0.5,202.99,204.24,202.99,0.043795620437956206,0.8201013513513514,0.35714285714285715,0.07064395966442916,0.4998999799959992,0.3277287850889944,medium,0.9204
"[1071583341, 1071583342, 1071583343]",34,0.655,12,0.10734195968231065,0.5,58.56,58.56,59.08,0.24817518248175183,0.5143581081081081,0.6428571428571429,0.1563961886308171,0.4998999799959992,0.09445359692476663,low,1.0
"[5044804, 1355517576, 1071583339, 1071583340, 1391266861, 1071583341, 1409828883, 1414749784, 1070356412]",18,0.943,12,0.0017583933336851193,0.5,126.35,126.72,126.35,0.13138686131386862,0.9197635135135136,0.6428571428571429,0.0025619048884941227,0.4998999799959992,0.20394418063765868,low,1.0
19209818,6,0.8722,8,0.0484862486122028,0.5,202.99,204.24,202.99,0.043795620437956206,0.8201013513513514,0.35714285714285715,0.07064395966442916,0.4998999799959992,0.3277287850889944,medium,0.9204
19742812,0,0.6492,7,0.19242588456972629,0.2165,174.19,184.04,174.19,0.0,0.5061936936936937,0.2857142857142857,0.2803626835664334,0.21634326865373074,0.2812126498045676,high,1.0
7466481,0,0.9063,10,0.04137476492681918,0.5,106.52,110.75,106.52,0.0,0.8681024774774776,0.5,0.060282593431790564,0.4998999799959992,0.17191588332202734,low,1.0
7466481,0,0.6824,8,0.09659677752753855,0.2709,200.13,204.12,200.13,0.0,0.552927927927928,0.35714285714285715,0.1407405571947449,0.270754150830166,0.323109474432277,high,0.9313
7466481,0,0.9063,10,0.04137476492681918,0.5,106.52,110.75,106.52,0.0,0.8681024774774776,0.5,0.060282593431790564,0.4998999799959992,0.17191588332202734,low,1.0
7466481,0,0.7227,12,0.09253688015511231,0.5,43.24,47.93,43.24,0.0,0.6096565315315315,0.6428571428571429,0.1348253241148892,0.4998999799959992,0.06970959718318959,low,1.0
1208751035,0,0.701,12,0.0872966592824936,0.0918,131.85,136.59,131.85,0.0,0.5791103603603603,0.6428571428571429,0.1271903705660658,0.09161832366473295,0.21282747036211516,medium,0.9183
20200118,0,0.8301,8,0.08751880389612936,0.5,90.6,586.52,90.6,0.0,0.760838963963964,0.35714285714285715,0.12751403322217494,0.4998999799959992,0.1462027974286914,low,0.8417
20200047,0,0.8417,12,0.007787227903982241,0.1878,156.13,552.28,156.13,0.0,0.7771677927927929,0.6428571428571429,0.011345861331680572,0.18763752750550108,0.25204315663662497,low,1.0
20200047,0,0.8462,12,0.009119084201522553,0.2033,86.01,643.84,86.01,0.0,0.7835022522522523,0.6428571428571429,0.01328636369076274,0.2031406281256251,0.1387892883677359,low,1.0
20200152,0,0.8408,8,0.08704397931587818,0.5,180.96,496.54,180.96,0.0,0.7759009009009009,0.35714285714285715,0.12682221818189673,0.4998999799959992,0.29214717188358047,medium,0.9999
20200047,0,0.9312,12,0.0029790325698265145,0.3545,225.95,478.49,225.95,0.0,0.9031531531531531,0.6428571428571429,0.004340365013430338,0.354370874174835,0.3648124818296346,low,1.0
20200047,0,0.8417,12,0.007787227903982241,0.1878,156.13,552.28,156.13,0.0,0.7771677927927929,0.6428571428571429,0.011345861331680572,0.18763752750550108,0.25204315663662497,low,1.0
20200118,0,0.8301,8,0.08751880389612936,0.5,90.6,586.52,90.6,0.0,0.760838963963964,0.35714285714285715,0.12751403322217494,0.4998999799959992,0.1462027974286914,low,0.8417
20200152,0,0.8408,8,0.08704397931587818,0.5,180.96,496.54,180.96,0.0,0.7759009009009009,0.35714285714285715,0.12682221818189673,0.4998999799959992,0.29214717188358047,medium,0.9999
20200209,0,0.8441,8,0.08407774335402866,0.5,269.96,408.61,269.96,0.0,0.7805461711711712,0.35714285714285715,0.12250043970459888,0.4998999799959992,0.43589495106114934,medium,1.0
1208751035,0,0.8395,10,0.007953813106366144,0.4774,200.25,204.89,200.25,0.0,0.7740709459459462,0.5,0.011588574437299506,0.47729545909181836,0.3233032916626288,low,1.0
20200279,0,0.7836,8,0.11265500709518238,0.4044,255.19,255.19,265.33,0.0,0.6953828828828829,0.35714285714285715,0.16413724977805466,0.4042808561712342,0.412039280292018,medium,0.8217
1208751035,0,0.701,12,0.08729665928249361,0.0918,131.85,136.59,131.85,0.0,0.5791103603603603,0.6428571428571429,0.1271903705660658,0.09161832366473295,0.21282747036211516,medium,0.9183
20200279,0,0.7836,8,0.11265500709518238,0.4044,255.19,255.19,265.33,0.0,0.6953828828828829,0.35714285714285715,0.16413724977805466,0.4042808561712342,0.412039280292018,medium,0.8217
"[230547768, 8402481]",0,0.7245,12,0.05585534811138081,0.5,123.5,562.69,123.5,0.0,0.6121903153153154,0.6428571428571429,0.08138066976511726,0.4998999799959992,0.19934102141680396,low,1.0
"[230547772, 230547774]",0,0.6957,12,0.05585534811138081,0.6766,150.17,639.65,150.17,0.0,0.5716497747747747,0.6428571428571429,0.08138066976511726,0.6765353070614123,0.24241690086248663,low,1.0
586978024,0,0.7762,14,0.006009470388992168,0.5213,221.5,311.31,221.5,0.0,0.6849662162162162,0.7857142857142857,0.008755685005536896,0.5212042408481696,0.3576250928707562,low,1.0
230547769,0,0.7886,12,0.01142010819060292,0.3621,312.81,321.3,312.81,0.0,0.7024211711711712,0.6428571428571429,0.016638934450356985,0.3619723944788958,0.5051038537325969,low,0.7993
"[230547769, 230547770, 242046820]",0,0.7771,12,0.010228972712405379,0.4311,275.47,286.93,275.47,0.0,0.6862331081081081,0.6428571428571429,0.014903461029014521,0.43098619723944787,0.44479439222146855,low,0.9998
242046820,0,0.727,10,0.006283317197015724,0.0963,184.95,192.64,184.95,0.0,0.6157094594594594,0.5,0.009154677282690392,0.09611922384476894,0.298591594792777,medium,1.0
20201132,0,0.6599,8,0.09979062272366984,0.4024,93.7,100.44,93.7,0.0,0.5212556306306307,0.35714285714285715,0.14539396023010384,0.40228045609121826,0.15120974254611236,medium,1.0
31015699,0,0.8209,11,0.007391414674756507,0.0817,164.08,164.08,164.19,0.0,0.7478885135135135,0.5714285714285714,0.010769165102149685,0.08151630326065212,0.2648835481474303,low,0.9969
"[397788259, 31015699]",0,0.7188,12,0.001822868776751972,0.5,8.33,8.33,12.35,0.0,0.6041666666666667,0.6428571428571429,0.0026558450152218776,0.4998999799959992,0.013324934586684756,low,1.0
20201132,0,0.6599,8,0.09979062272366984,0.4024,93.7,100.44,93.7,0.0,0.5212556306306307,0.35714285714285715,0.14539396023010384,0.40228045609121826,0.15120974254611236,medium,1.0
20638994,0,0.6842,12,0.12890204470002645,0.1922,230.31,235.5,230.31,0.0,0.5554617117117118,0.6428571428571429,0.18780903393263784,0.1920384076815363,0.37185450786574925,medium,1.0
230838734,0,0.7726,14,0.08210537641996948,0.0153,308.14,308.14,311.21,0.0,0.6798986486486486,0.7857142857142857,0.11962671924722976,0.015103020604120823,0.49756113318474016,medium,0.9996
1141851564,0,0.7616,10,0.1020949069290809,0.1242,305.08,305.08,313.17,0.0,0.6644144144144145,0.5,0.1487512810948652,0.12402480496099219,0.4926187938107698,high,0.8553
20639059,0,0.7594,12,0.0810160046816701,0.277,325.16,403.63,325.16,0.0,0.6613175675675675,0.6428571428571429,0.118039514657672,0.2768553710742149,0.5250508770229674,medium,1.0
120755374,0,0.8088,8,0.03301497706093818,0.1916,346.75,349.06,346.75,0.0,0.7308558558558558,0.35714285714285715,0.04810245950508401,0.1914382876575315,0.5599218270504248,high,0.9977
20639059,0,0.7259,14,0.12292958631951859,0.1062,167.93,176.81,167.93,0.0,0.614161036036036,0.7857142857142857,0.17910721707874805,0.10602120424084817,0.27110185095454986,low,0.9979
20639059,0,0.7594,12,0.08101600468167011,0.277,325.16,403.63,325.16,0.0,0.6613175675675675,0.6428571428571429,0.11803951465767201,0.2768553710742149,0.5250508770229674,medium,1.0
230838734,0,0.7726,14,0.08210537641996948,0.0153,308.14,308.14,311.21,0.0,0.6798986486486486,0.7857142857142857,0.11962671924722976,0.015103020604120823,0.49756113318474016,medium,0.9996
230838734,0,0.7462,12,0.1181962465193078,0.428,181.04,415.08,181.04,0.0,0.6427364864864865,0.6428571428571429,0.172210784584034,0.4278855771154231,0.2922763833704816,low,0.9945
1111558735,0,0.8415,5,0.057535304984349424,0.5,228.15,691.37,228.15,0.0,0.7768862612612615,0.14285714285714285,0.08382835145658234,0.4998999799959992,0.36836579771941724,high,0.7176
"[22617681, 1117401638, 1431967631]",0,0.745,8,0.10782004998085044,0.3615,42.05,42.05,42.33,0.0,0.6410472972972974,0.35714285714285715,0.15709276179256446,0.361372274454891,0.06778757631553445,medium,0.9995
22617681,0,0.8597,10,0.032370454721568166,0.4025,198.07,199.96,198.07,0.0,0.8025056306306307,0.5,0.04716339639269083,0.4023804760952191,0.3197822786445715,low,0.9994
22813755,0,0.614,8,0.18243966659865127,0.0987,52.83,52.83,62.16,0.0,0.45664414414414417,0.35714285714285715,0.2658128559559263,0.09851970394078814,0.0851988241754692,high,0.9964
71245964,0,0.6006,12,0.1657916196812977,0.0987,42.86,42.86,53.17,0.0,0.4377815315315316,0.6428571428571429,0.2415568049263239,0.09851970394078814,0.06909584262040895,medium,0.9998
71245964,0,0.7299,12,0.09968997685235081,0.0987,46.02,46.02,51.34,0.0,0.6197916666666667,0.6428571428571429,0.14524732012254335,0.09851970394078814,0.07419969635300579,low,1.0
22813755,0,0.614,8,0.18243966659865127,0.0987,52.83,52.83,62.16,0.0,0.45664414414414417,0.35714285714285715,0.2658128559559263,0.09851970394078814,0.0851988241754692,high,0.9964
22813756,0,0.6195,8,0.21368123472283612,0.0987,69.68,69.68,79.74,0.0,0.46438626126126137,0.35714285714285715,0.31133153297713995,0.09851970394078814,0.11241399360403141,high,1.0
71245964,0,0.6006,12,0.1657916196812977,0.0987,42.86,42.86,53.17,0.0,0.4377815315315316,0.6428571428571429,0.2415568049263239,0.09851970394078814,0.06909584262040895,medium,0.9998
71245964,0,0.5702,12,0.24473208197155055,0.1468,80.2,80.2,88.84,0.0,0.3949887387387388,0.6428571428571429,0.3565723314393378,0.14662932586517305,0.1294053041315373,medium,0.9997
22813756,0,0.6195,8,0.21368123472283612,0.0987,69.68,69.68,79.74,0.0,0.46438626126126137,0.35714285714285715,0.31133153297713995,0.09851970394078814,0.11241399360403141,high,1.0
22813757,0,0.5649,12,0.20367880843589797,0.1468,117.81,117.81,127.34,0.0,0.3875281531531531,0.6428571428571429,0.2967580899996993,0.14662932586517305,0.19015085441095714,medium,0.9995
71245964,0,0.5702,12,0.24473208197155055,0.1468,80.2,80.2,88.84,0.0,0.3949887387387388,0.6428571428571429,0.3565723314393378,0.14662932586517305,0.1294053041315373,medium,0.9997
"[1067663274, 14001979]",0,0.5866,12,0.14370530766542364,0.1468,130.02,130.02,137.53,0.0,0.41807432432432434,0.6428571428571429,0.20937725173475205,0.14662932586517305,0.20987175759925059,medium,1.0
132682839,0,0.5369,8,0.24596332536757984,0.1468,138.29,138.29,148.54,0.0,0.3481137387387388,0.35714285714285715,0.35836624172756604,0.14662932586517305,0.22322899505766058,high,1.0
22813757,0,0.574,12,0.2074312090503003,0.0019,179.36,179.36,189.62,0.0,0.4003378378378378,0.6428571428571429,0.302225303135168,0.0017003400680136026,0.2895629421455567,high,0.9784
22813757,0,0.5649,12,0.20367880843589803,0.1468,117.81,117.81,127.34,0.0,0.3875281531531531,0.6428571428571429,0.2967580899996994,0.14662932586517305,0.19015085441095714,medium,0.9995
22617681,0,0.9006,8,0.0071186266981117866,0.4333,46.63,443.81,46.63,0.0,0.8600788288288289,0.35714285714285715,0.010371715532563287,0.43318663732746554,0.07518493394062734,low,1.0
22617681,0,0.9674,8,0.002084555147301687,0.5,126.44,465.43,126.44,0.0,0.9541103603603605,0.35714285714285715,0.0030371196469739575,0.4998999799959992,0.20408954356042253,low,1.0
30901819,2,0.6613,10,0.06173295522277459,0.4996,78.58,78.58,79.1,0.014598540145985401,0.5232263513513514,0.5,0.08994428919349069,0.499499899979996,0.1267887715217883,low,0.9995
"[388339792, 239762385, 4247667]",0,0.7079,10,0.10060662658078126,0.4117,191.02,191.6,191.02,0.0,0.5888231981981982,0.5,0.14658287033449666,0.4115823164632927,0.30839551636140455,medium,1.0
1335324967,0,0.5814,11,0.11901419605281967,0.5,162.28,162.28,162.59,0.0,0.41075450450450457,0.5714285714285714,0.17340252952102253,0.4998999799959992,0.26197628969215364,medium,1.0
562087583,0,0.6953,12,0.06598781884030239,0.2914,80.91,80.91,83.41,0.0,0.5710867117117118,0.6428571428571429,0.09614358629681476,0.2912582516503301,0.1305520560777853,low,1.0
562087583,0,0.7357,12,0.08142052004403583,0.4183,126.48,126.48,128.59,0.0,0.6279560810810811,0.6428571428571429,0.11862888981504097,0.4181836367273455,0.20415414930387313,low,1.0
23006834,0,0.6172,12,0.1350613604423218,0.3302,117.47,120.82,117.47,0.0,0.46114864864864863,0.6428571428571429,0.19678310024169043,0.33006601320264056,0.1896017055916271,medium,0.9776
23006834,0,0.6574,12,0.15167035911925372,0.2433,64.75,71.69,64.75,0.0,0.5177364864864865,0.6428571428571429,0.22098225834463392,0.24314862972594517,0.10445133572374585,low,0.7864
23006834,0,0.6172,12,0.13506136044232178,0.3302,117.47,120.82,117.47,0.0,0.46114864864864863,0.6428571428571429,0.1967831002416904,0.33006601320264056,0.1896017055916271,medium,0.9776
23006835,0,0.5956,12,0.16447315747822275,0.5,182.11,193.61,182.11,0.0,0.43074324324324326,0.6428571428571429,0.23963581763951775,0.4998999799959992,0.294004587007785,medium,1.0
562087583,0,0.6953,12,0.06598781884030239,0.2914,80.91,80.91,83.41,0.0,0.5710867117117118,0.6428571428571429,0.09614358629681476,0.2912582516503301,0.1305520560777853,low,1.0
23006834,0,0.6574,12,0.1516703591192537,0.2433,64.75,71.69,64.75,0.0,0.5177364864864865,0.6428571428571429,0.22098225834463386,0.24314862972594517,0.10445133572374585,low,0.7864
562087583,0,0.6958,12,0.08938015057303887,0.3714,6.48,6.48,13.06,0.0,0.5717905405405406,0.6428571428571429,0.1302259981873767,0.3712742548509702,0.010336918952094843,low,1.0
562087583,0,0.7357,12,0.08142052004403583,0.4183,126.48,126.48,128.59,0.0,0.6279560810810811,0.6428571428571429,0.11862888981504097,0.4181836367273455,0.20415414930387313,low,1.0
60451402,0,0.7137,8,0.10737197961374173,0.5,145.3,145.3,152.45,0.0,0.5969876126126127,0.35714285714285715,0.15643992739442777,0.4998999799959992,0.23455115159737702,medium,1.0
562087583,0,0.6403,12,0.117944628431025,0.4595,189.47,189.47,191.42,0.0,0.4936655405405405,0.6428571428571429,0.17184417934681567,0.4593918783756752,0.305892043802694,medium,0.9824
60451402,0,0.7137,8,0.1073719796137417,0.5,145.3,145.3,152.45,0.0,0.5969876126126127,0.35714285714285715,0.15643992739442775,0.4998999799959992,0.23455115159737702,medium,1.0
102247540,0,0.6385,12,0.21118115770645116,0.5,253.24,256.85,253.24,0.0,0.49113175675675674,0.6428571428571429,0.3076889437900469,0.4998999799959992,0.4088897502988016,medium,0.9999
4247626,0,0.6066,8,0.025514569011382472,0.5,269.6,273.19,269.6,0.0,0.44622747747747754,0.35714285714285715,0.037174434055851045,0.4998999799959992,0.43531349937009406,high,0.7198
23023281,0,0.6135,12,0.1548442204886323,0.5,225.07,225.07,225.27,0.0,0.45594031531531537,0.6428571428571429,0.22560654512846576,0.4998999799959992,0.3633911554737216,medium,1.0
4247626,0,0.6066,8,0.025514569011382472,0.5,269.6,273.19,269.6,0.0,0.44622747747747754,0.35714285714285715,0.037174434055851045,0.4998999799959992,0.43531349937009406,high,0.7198
8375959,0,0.7335,8,0.13127865448027282,0.2457,199.57,199.57,204.59,0.0,0.6248592342342343,0.35714285714285715,0.19127173249381368,0.24554910982196437,0.3222049940239687,high,0.9597
23023374,0,0.6461,8,0.11667689655524102,0.5,114.26,460.37,114.26,0.0,0.501829954954955,0.35714285714285715,0.16999710567964474,0.4998999799959992,0.18441709467971704,medium,1.0
"[4252417, 435349867, 562604876, 253359951]",2,0.486,6,0.19239549824994417,0.4497,14.61,14.61,17.22,0.014598540145985401,0.27646396396396394,0.21428571428571427,0.28031841097836974,0.4495899179835967,0.02346803630842782,high,1.0
"[395196466, 4798901]",0,0.735,12,0.08965720600125161,0.5899,3.87,3.87,11.38,0.0,0.6269707207207207,0.6428571428571429,0.13062966539459436,0.5898179635927185,0.006121394191943664,low,1.0
23038104,0,0.7722,12,0.11787315625502653,0.4313,103.49,103.49,103.79,0.0,0.6793355855855856,0.6428571428571429,0.17174004504464666,0.43118623724744953,0.16702199825564493,low,1.0
586457933,0,0.7798,12,0.08114165508503446,0.5,84.31,84.31,117.15,0.0,0.6900337837837839,0.6428571428571429,0.11822258613813011,0.4998999799959992,0.1360435442710857,low,1.0
8117316,0,0.6059,14,0.18051296573539596,0.4747,237.88,237.88,248.44,0.0,0.44524211711711714,0.7857142857142857,0.2630056705431326,0.4745949189837968,0.3840811448137739,medium,0.9968
23046216,8,0.6735,14,0.1010476053637763,0.422,141.96,142.05,141.96,0.058394160583941604,0.5403997747747747,0.7857142857142857,0.14722537235989339,0.42188437687537506,0.22915657201925252,low,1.0
23046216,0,0.6846,14,0.07345041853423558,0.5,177.95,181.26,177.95,0.0,0.5560247747747747,0.7857142857142857,0.10701652532012172,0.4998999799959992,0.2872855896889233,low,1.0
37934751,0,0.7127,10,0.15630371538258744,0.4583,81.72,87.91,81.72,0.0,0.595579954954955,0.5,0.22773301574696928,0.4581916383276655,0.13186032238265982,medium,0.9398
"[7742056, 870987725]",39,0.6925,13,0.09622015511381517,0.0658,210.62,216.04,210.62,0.2846715328467153,0.5671452702702703,0.7142857142857143,0.140191821806653,0.0656131226245249,0.340052330652195,low,0.9999
"[870987728, 23182787]",55,0.741,10,0.1052605223680897,0.2306,139.49,145.37,139.49,0.40145985401459855,0.6354166666666667,0.5,0.15336355363409357,0.23044608921784357,0.22516716736117842,low,1.0
"[23182853, 870987726]",28,0.6434,9,0.08220028590175243,0.2541,175.78,181.31,175.78,0.20437956204379562,0.49802927927927926,0.42857142857142855,0.11976500148806851,0.2539507901580316,0.28378072810672866,medium,1.0
"[870987729, 870987724]",42,0.7026,13,0.10673182893752586,0.2541,219.06,224.77,219.06,0.30656934306569344,0.5813626126126127,0.7142857142857143,0.15550723375498704,0.2539507901580316,0.35368414252027003,low,1.0
"[179642842, 179642844]",0,0.8162,7,0.0910646196590208,0.1624,95.72,95.72,98.85,0.0,0.7412725225225225,0.2857142857142857,0.13268025413164455,0.16223244648929783,0.1544723325903673,medium,0.9999
866431903,0,0.8144,8,0.12826779859136378,0.143,139.48,146.41,139.48,0.0,0.7387387387387387,0.35714285714285715,0.18688494319374088,0.14282856571314262,0.22515101592531572,medium,0.998
23279424,0,0.8728,8,0.066816549437052,0.4256,205.72,213.94,205.72,0.0,0.8209459459459459,0.35714285714285715,0.09735103914364676,0.42548509701940385,0.33213812707949736,medium,1.0
23163673,0,0.7586,14,0.11034488412643864,0.2,429.51,438.29,429.51,0.0,0.6601914414414416,0.7857142857142857,0.16077142188889276,0.1998399679935987,0.6935911102497012,medium,1.0
23279424,0,0.8108,12,0.10412796168667787,0.1993,328.43,337.17,328.43,0.0,0.7336711711711711,0.6428571428571429,0.15171342315219236,0.19913982796559312,0.5303323965500534,medium,1.0
23279424,0,0.7963,8,0.07954207767387364,0.1006,441.75,452.76,441.75,0.0,0.7132601351351351,0.35714285714285715,0.11589201658222187,0.10042008401680334,0.7133604677455826,high,1.0
23279424,0,0.7963,8,0.07954207767387364,0.1006,441.75,452.76,441.75,0.0,0.7132601351351351,0.35714285714285715,0.11589201658222187,0.10042008401680334,0.7133604677455826,high,1.0
23166424,56,0.7265,12,0.19127864350888824,0.0817,124.17,130.11,124.17,0.40875912408759124,0.6150056306306307,0.6428571428571429,0.2786911639069149,0.08151630326065212,0.20042316761960138,low,1.0
"[199514520, 199771388, 1068478005]",94,0.7068,12,0.05974495970313019,0.2016,66.97,66.97,69.39,0.6861313868613139,0.5872747747747747,0.6428571428571429,0.08704779803086363,0.20144028805761152,0.10803695448525374,low,1.0
"[202052944, 199771388, 1068478004]",63,0.7402,12,0.06783687189079182,0.2201,91.72,91.72,92.51,0.45985401459854014,0.6342905405405406,0.6428571428571429,0.0988376395615471,0.21994398879775953,0.14801175824530802,low,1.0
1418305560,0,0.7205,8,0.18012443111332205,0.1148,229.82,238.68,229.82,0.0,0.6065596846846848,0.35714285714285715,0.26243957917718574,0.11462292458491698,0.3710630875084795,high,1.0
23166424,56,0.7265,12,0.19127864350888824,0.0817,124.17,130.11,124.17,0.40875912408759124,0.6150056306306307,0.6428571428571429,0.2786911639069149,0.08151630326065212,0.20042316761960138,low,1.0
"[188645058, 23166477]",0,0.7224,8,0.14820646646142402,0.004,156.0,165.18,156.0,0.0,0.6092342342342343,0.35714285714285715,0.21593539864472514,0.003800760152030406,0.25183318797041054,high,0.9999
23167685,0,0.7041,8,0.18642100393256913,0.5,59.12,67.01,59.12,0.0,0.5834740990990991,0.35714285714285715,0.27161362778321546,0.4998999799959992,0.09535807733307491,medium,1.0
202053019,0,0.6127,14,0.1720734014549676,0.3677,100.16,100.16,100.45,0.0,0.45481418918918926,0.7857142857142857,0.2507093031151736,0.36757351470294064,0.16164357011338307,low,1.0
202053019,0,0.8006,12,0.05331558039571434,0.5,18.53,18.53,21.71,0.0,0.719313063063063,0.6428571428571429,0.07768025159472351,0.4998999799959992,0.029799399166585916,low,1.0
181799764,0,0.7505,11,0.14453559077732042,0.3267,177.04,180.35,177.04,0.0,0.6487894144144144,0.5714285714285714,0.21058696658185477,0.32656531306261255,0.2858158090254223,medium,0.9999
181799764,0,0.7986,13,0.08207156789228692,0.146,169.12,170.0,169.12,0.0,0.7164977477477477,0.7142857142857143,0.11957746053377376,0.1458291658331666,0.273023871822205,low,1.0
199676805,0,0.7851,8,0.09737523142771218,0.2168,313.52,359.5,313.52,0.0,0.6974943693693695,0.35714285714285715,0.14187475735771551,0.21664332866573313,0.5062506056788448,high,0.9999
"[235696902, 25980488, 235696905, 235696907, 23174398]",0,0.7764,12,0.044838887385548684,0.0029,269.41,279.29,269.41,0.0,0.6852477477477478,0.6428571428571429,0.06532978794949389,0.002700540108021604,0.4350066220887038,medium,1.0
199676805,0,0.598,8,0.1522679950162491,0.4994,306.08,361.56,306.08,0.0,0.4341216216216216,0.35714285714285715,0.22185300834231272,0.49929985997199444,0.4942339373970346,high,1.0
199676805,0,0.7851,8,0.09737523142771218,0.2168,313.52,359.5,313.52,0.0,0.6974943693693695,0.35714285714285715,0.14187475735771551,0.21664332866573313,0.5062506056788448,high,0.9999
"[831378080, 23171827]",0,0.56,8,0.13910834167518524,0.7355,64.19,68.14,64.19,0.0,0.38063063063063074,0.35714285714285715,0.20267951462516115,0.7354470894178836,0.10354685531543754,medium,1.0
"[831378082, 831378083]",38,0.5306,12,0.22480752026134854,0.8022,58.78,67.54,58.78,0.2773722627737226,0.33924549549549543,0.6428571428571429,0.32754242853334886,0.8021604320864173,0.09480892851374488,low,1.0
"[831378085, 831378086, 194814759]",0,0.7064,12,0.10694771608503147,0.3876,119.34,126.59,119.34,0.0,0.5867117117117118,0.6428571428571429,0.15582177934057598,0.3874774954990998,0.19262202409794232,low,0.9999
"[210333041, 23171828]",33,0.696,12,0.12489644291790515,0.2489,98.9,106.11,98.9,0.24087591240875914,0.572072072072072,0.6428571428571429,0.1819729090277925,0.24874974994999,0.15960848919468942,low,1.0
"[235696902, 25980488, 235696905, 235696907, 23174398]",0,0.7764,12,0.044838887385548684,0.0029,269.41,279.29,269.41,0.0,0.6852477477477478,0.6428571428571429,0.06532978794949389,0.002700540108021604,0.4350066220887038,medium,1.0
"[831378085, 831378086, 194814759]",0,0.7064,12,0.10694771608503148,0.3876,119.34,126.59,119.34,0.0,0.5867117117117118,0.6428571428571429,0.155821779340576,0.3874774954990998,0.19262202409794232,low,0.9999
199514520,50,0.8172,12,0.048885287209713926,0.3479,82.05,82.05,82.12,0.36496350364963503,0.7426801801801803,0.6428571428571429,0.07122535522584612,0.3477695539107822,0.1323933197661272,low,1.0
199514520,57,0.7363,12,0.018708022052146434,0.3479,14.53,14.53,16.24,0.41605839416058393,0.6288006756756757,0.6428571428571429,0.02725735782473364,0.3477695539107822,0.023338824821526633,low,1.0
"[210333041, 23171828]",33,0.696,12,0.1248964429179052,0.2489,98.9,106.11,98.9,0.24087591240875914,0.572072072072072,0.6428571428571429,0.1819729090277926,0.24874974994999,0.15960848919468942,low,1.0
199771389,24,0.848,11,0.0629587909578771,0.5005,87.91,87.91,89.47,0.17518248175182483,0.7860360360360361,0.5714285714285714,0.09173032056955335,0.5004000800160031,0.14185806118163904,low,1.0
"[199771389, 1068478006]",37,0.7337,12,0.0629587909578771,0.0873,101.59,102.26,101.59,0.27007299270072993,0.6251407657657658,0.6428571428571429,0.09173032056955335,0.08711742348469693,0.1639532254417418,low,1.0
"[831378082, 831378083]",38,0.5306,12,0.2248075202613485,0.8022,58.78,67.54,58.78,0.2773722627737226,0.33924549549549543,0.6428571428571429,0.3275424285333488,0.8021604320864173,0.09480892851374488,low,1.0
"[188645058, 23166477]",0,0.7224,8,0.14820646646142402,0.004,156.0,165.18,156.0,0.0,0.6092342342342343,0.35714285714285715,0.21593539864472514,0.003800760152030406,0.25183318797041054,high,0.9999
8391790,0,0.7271,8,0.1264016241682245,0.2905,199.31,429.76,199.31,0.0,0.6158502252252253,0.35714285714285715,0.18416594424674604,0.29035807161432287,0.3217850566915399,high,0.8313
23174179,0,0.6295,12,0.17982463339112814,0.2437,219.95,415.73,219.95,0.0,0.4784628378378378,0.6428571428571429,0.2620027766570947,0.24354870974194837,0.3551216203120457,medium,0.9987
8391790,0,0.684,12,0.15547681020605778,0.4657,249.76,256.64,249.76,0.0,0.5551801801801802,0.6428571428571429,0.22652822252058555,0.46559311862372477,0.40326905061859997,medium,1.0
39941076,0,0.5618,8,0.16232078672372766,0.2168,268.99,369.45,268.99,0.0,0.3831644144144144,0.35714285714285715,0.23649983327361376,0.21664332866573313,0.4343282617824725,high,1.0
39941076,0,0.592,8,0.11842570416199824,0.4994,247.91,418.95,247.91,0.0,0.42567567567567566,0.35714285714285715,0.17254510225612263,0.49929985997199444,0.4002810349840101,high,0.9999
"[23174179, 833033582]",0,0.8351,12,0.102372166815645,0.4994,246.29,404.28,246.29,0.0,0.7678772522522521,0.6428571428571429,0.14915524619601775,0.49929985997199444,0.39766450237426104,low,0.9999
39941076,0,0.592,8,0.11842570416199824,0.4994,247.91,418.95,247.91,0.0,0.42567567567567566,0.35714285714285715,0.17254510225612263,0.49929985997199444,0.4002810349840101,high,0.9999
39941076,0,0.5618,8,0.16232078672372766,0.2168,268.99,369.45,268.99,0.0,0.3831644144144144,0.35714285714285715,0.23649983327361376,0.21664332866573313,0.4343282617824725,high,1.0
199771389,24,0.848,11,0.0629587909578771,0.5005,87.91,87.91,89.47,0.17518248175182483,0.7860360360360361,0.5714285714285714,0.09173032056955335,0.5004000800160031,0.14185806118163904,low,1.0
23175063,66,0.8351,10,0.011495538560876956,0.4893,62.17,62.17,66.29,0.48175182481751827,0.7678772522522521,0.5,0.016748835805130417,0.48919783956791363,0.10028426527118262,low,1.0
201487428,71,0.9546,11,0.011495538560876956,0.6759,78.21,78.21,82.53,0.5182481751824818,0.9360923423423425,0.5714285714285714,0.016748835805130417,0.6758351670334066,0.1261911683948703,low,1.0
201487427,41,0.794,11,0.07176379791226246,0.0008,57.87,57.87,59.83,0.29927007299270075,0.7100225225225225,0.5714285714285714,0.1045591346077304,0.000600120024004801,0.09333914785024389,low,1.0
"[233066324, 30733077]",21,0.672,11,0.060364432389313105,0.2737,17.22,17.22,22.51,0.15328467153284672,0.5382882882882883,0.5714285714285714,0.08795036402927121,0.2735547109421885,0.027683561068579,low,1.0
202052944,89,0.6347,11,0.07725257372791627,0.2694,5.49,5.49,7.66,0.6496350364963503,0.4857826576576577,0.5714285714285714,0.11255623041935792,0.269253850770154,0.00873792680169267,low,1.0
202052944,70,0.6111,11,0.17453087778880289,0.4631,84.67,84.99,84.67,0.5109489051094891,0.4525619369369369,0.5714285714285714,0.25428982350014523,0.462992598519704,0.13662499596214103,low,1.0
23179827,0,0.6927,10,0.18965871591923053,0.0265,258.65,267.28,258.65,0.0,0.5674268018018018,0.5,0.2763309443283624,0.02630526105221044,0.41762767710049425,high,1.0
173198873,0,0.76,12,0.11707101215496366,0.1556,199.42,209.16,199.42,0.0,0.6621621621621622,0.6428571428571429,0.17057132847862483,0.15543108621724344,0.321962722486029,medium,0.9994
"[23179769, 1296429828]",1,0.746,10,0.12168719628538689,0.0265,168.0,175.3,168.0,0.0072992700729927005,0.642454954954955,0.5,0.17729706624146543,0.02630526105221044,0.27121491100558837,medium,0.9994
23180965,0,0.7984,11,0.055333135122889295,0.1525,103.71,103.71,107.43,0.0,0.7162162162162162,0.5714285714285714,0.08061981025048147,0.15233046609321862,0.1673773298446232,low,0.9999
"[233066324, 30733077]",21,0.672,11,0.060364432389313105,0.2737,17.22,17.22,22.51,0.15328467153284672,0.5382882882882883,0.5714285714285714,0.08795036402927121,0.2735547109421885,0.027683561068579,low,1.0
30733077,0,0.7929,12,0.039761814283321116,0.176,123.75,123.75,126.97,0.0,0.7084740990990993,0.6428571428571429,0.05793253919953481,0.17583516703340665,0.19974480731337016,low,1.0
23180965,0,0.7609,11,0.05779906859553537,0.452,181.12,187.09,181.12,0.0,0.6634290540540542,0.5714285714285714,0.08421265260880996,0.45189037807561516,0.2924055948573828,low,0.9994
23180984,0,0.76,12,0.06110585484583823,0.452,210.04,210.04,220.79,0.0,0.6621621621621622,0.6428571428571429,0.08903060971990658,0.45189037807561516,0.3391155473721614,low,1.0
1351117400,0,0.638,12,0.1604247129838844,0.402,207.8,207.8,218.16,0.0,0.49042792792792794,0.6428571428571429,0.23373727129755476,0.4018803760752151,0.3354976257389282,medium,1.0
23180965,0,0.7609,11,0.05779906859553538,0.452,181.12,187.09,181.12,0.0,0.6634290540540542,0.5714285714285714,0.08421265260880997,0.45189037807561516,0.2924055948573828,low,0.9994
23180965,0,0.7984,11,0.055333135122889295,0.1525,103.71,103.71,107.43,0.0,0.7162162162162162,0.5714285714285714,0.08061981025048147,0.15233046609321862,0.1673773298446232,low,0.9999
23180978,13,0.8047,10,0.12090668648053746,0.0098,83.13,92.23,83.13,0.0948905109489051,0.7250844594594594,0.5,0.17615987064431712,0.009601920384076814,0.1341376748392932,medium,0.9678
"[23180984, 227832674, 1351117399]",4,0.7815,10,0.0308266873785717,0.0037,164.97,174.62,164.97,0.029197080291970802,0.6924268018018018,0.5,0.044914141592085746,0.0035007001400280055,0.266321025939206,medium,0.9999
23180984,0,0.76,12,0.06110585484583822,0.452,210.04,210.04,220.79,0.0,0.6621621621621622,0.6428571428571429,0.08903060971990658,0.45189037807561516,0.3391155473721614,low,1.0
51180534,0,0.5868,8,0.1680530086763019,0.2892,247.09,251.98,247.09,0.0,0.41835585585585583,0.35714285714285715,0.24485162786458858,0.28905781156231247,0.3989566172432729,high,1.0
227832675,5,0.6813,8,0.08326241281026366,0.0037,125.49,125.49,125.84,0.0364963503649635,0.5513795045045046,0.35714285714285715,0.12131251061155057,0.0035007001400280055,0.20255515715347094,high,0.5626
"[23180984, 227832674, 1351117399]",4,0.7815,10,0.030826687378571707,0.0037,164.97,174.62,164.97,0.029197080291970802,0.6924268018018018,0.5,0.04491414159208575,0.0035007001400280055,0.266321025939206,medium,0.9999
51180534,0,0.5868,8,0.16805300867630188,0.2892,247.09,251.98,247.09,0.0,0.41835585585585583,0.35714285714285715,0.24485162786458853,0.28905781156231247,0.3989566172432729,high,1.0
58703911,0,0.6905,8,0.10777612031031082,0.0898,65.09,74.97,65.09,0.0,0.564329954954955,0.35714285714285715,0.15702875666718172,0.08961792358471694,0.1050004845430759,medium,0.9969
58703912,0,0.7116,8,0.104588243728413,0.0898,99.4,104.86,99.4,0.0,0.5940315315315315,0.35714285714285715,0.15238404984778983,0.08961792358471694,0.16041606098782182,medium,0.9783
192382618,0,0.6562,10,0.17619167840908895,0.0357,100.07,108.16,100.07,0.0,0.5160472972972974,0.5,0.25670959470788146,0.03550710142028406,0.16149820719061925,medium,0.9519
7742058,0,0.7446,10,0.0679733705338649,0.1987,91.96,91.96,101.66,0.0,0.6404842342342343,0.5,0.09903651682734824,0.1985397079415883,0.14839939270601157,medium,0.7812
7742058,4,0.6168,11,0.1314490914653615,0.179,158.81,158.81,168.72,0.029197080291970802,0.4605855855855856,0.5714285714285714,0.19152005761135843,0.17883576715343066,0.2563717414478147,medium,1.0
23182788,18,0.6912,8,0.1840175517541956,0.4475,152.0,152.0,153.32,0.13138686131386862,0.5653153153153154,0.35714285714285715,0.2681118200951876,0.44738947789557915,0.2453726136253513,medium,0.9993
870987728,55,0.7444,8,0.11357819738847068,0.4017,64.75,69.31,64.75,0.40145985401459855,0.6402027027027026,0.35714285714285715,0.1654823295327671,0.40158031606321265,0.10445133572374585,low,1.0
"[23182853, 870987726]",28,0.6434,9,0.08220028590175245,0.2541,175.78,181.31,175.78,0.20437956204379562,0.49802927927927926,0.42857142857142855,0.11976500148806854,0.2539507901580316,0.28378072810672866,medium,1.0
30733077,0,0.7929,12,0.03976181428332111,0.176,123.75,123.75,126.97,0.0,0.7084740990990993,0.6428571428571429,0.057932539199534804,0.17583516703340665,0.19974480731337016,low,1.0
30733077,7,0.7149,12,0.041881690142407516,0.176,4.94,4.94,16.26,0.051094890510948905,0.5986768018018018,0.6428571428571429,0.06102117880210724,0.17583516703340665,0.007849597829247022,low,1.0
870987731,0,0.8444,12,0.05385983504102906,0.176,124.4,124.4,136.1,0.0,0.7809684684684685,0.6428571428571429,0.07847322560034642,0.17583516703340665,0.2007946506444423,low,1.0
23188752,0,0.6476,11,0.14947322872762112,0.2017,154.79,154.79,161.38,0.0,0.5039414414414414,0.5714285714285714,0.2177810595996581,0.2015403080616123,0.24987886423103012,medium,1.0
870987731,0,0.8444,12,0.05385983504102906,0.176,124.4,124.4,136.1,0.0,0.7809684684684685,0.6428571428571429,0.07847322560034642,0.17583516703340665,0.2007946506444423,low,1.0
870987731,0,0.7802,9,0.05911803416183877,0.2017,180.73,180.73,189.54,0.0,0.6905968468468469,0.42857142857142855,0.08613437329120395,0.2015403080616123,0.2917756888587395,medium,1.0
23188752,0,0.6476,11,0.14947322872762112,0.2017,154.79,154.79,161.38,0.0,0.5039414414414414,0.5714285714285714,0.2177810595996581,0.2015403080616123,0.24987886423103012,medium,1.0
"[23188752, 199675656]",29,0.7455,11,0.054834367822576,0.2017,134.99,145.2,134.99,0.2116788321167883,0.6417511261261263,0.5714285714285714,0.07989311088758591,0.2015403080616123,0.2178990212229867,low,1.0
23188753,0,0.6826,8,0.12072606571471843,0.2017,214.63,215.44,214.63,0.0,0.5532094594594594,0.35714285714285715,0.17589670785204115,0.2015403080616123,0.3465290564331169,high,0.9999
870987731,0,0.7802,9,0.059118034161838785,0.2017,180.73,180.73,189.54,0.0,0.6905968468468469,0.42857142857142855,0.08613437329120396,0.2015403080616123,0.2917756888587395,medium,1.0
23188756,48,0.8257,12,0.05108757400951914,0.3152,112.98,112.98,121.34,0.35036496350364965,0.7546452702702704,0.6428571428571429,0.07443406681003877,0.3150630126025205,0.18234971088929808,low,1.0
199514520,50,0.8172,12,0.048885287209713926,0.3479,82.05,82.05,82.12,0.36496350364963503,0.7426801801801803,0.6428571428571429,0.07122535522584612,0.3477695539107822,0.1323933197661272,low,1.0
"[199771389, 1068478006]",37,0.7337,12,0.0629587909578771,0.0873,101.59,102.26,101.59,0.27007299270072993,0.6251407657657658,0.6428571428571429,0.09173032056955335,0.08711742348469693,0.1639532254417418,low,1.0
23188756,48,0.8257,12,0.05108757400951914,0.3152,112.98,112.98,121.34,0.35036496350364965,0.7546452702702704,0.6428571428571429,0.07443406681003877,0.3150630126025205,0.18234971088929808,low,1.0
199514520,57,0.7363,12,0.018708022052146438,0.3479,14.53,14.53,16.24,0.41605839416058393,0.6288006756756757,0.6428571428571429,0.027257357824733642,0.3477695539107822,0.023338824821526633,low,1.0
"[199514520, 199771388, 1068478005]",94,0.7068,12,0.05974495970313019,0.2016,66.97,66.97,69.39,0.6861313868613139,0.5872747747747747,0.6428571428571429,0.08704779803086363,0.20144028805761152,0.10803695448525374,low,1.0
7742058,0,0.7446,10,0.0679733705338649,0.1987,91.96,91.96,101.66,0.0,0.6404842342342343,0.5,0.09903651682734824,0.1985397079415883,0.14839939270601157,medium,0.7812
7742058,32,0.6145,11,0.1825384920624835,0.2351,43.82,43.82,52.59,0.23357664233576642,0.4573479729729731,0.5714285714285714,0.26595684374654455,0.23494698939787956,0.07064638046322319,low,0.9578
23197109,19,0.6781,10,0.10746250054610354,0.246,93.87,93.87,102.43,0.1386861313868613,0.5468750000000001,0.5,0.1565718155591786,0.2458491698339668,0.15148431695577738,medium,0.8522
4536592,3,1.0,11,0.08280396415891915,0.0612,138.59,143.74,138.59,0.021897810218978103,1.0,0.5714285714285714,0.12064455514886664,0.06101220244048809,0.22371353813354006,low,1.0
4536592,55,0.6896,11,0.08280396415891915,0.0612,125.82,128.11,125.82,0.40145985401459855,0.5630630630630631,0.5714285714285714,0.12064455514886664,0.06101220244048809,0.20308815453693832,low,1.0
23290622,0,0.7639,12,0.10392128056821272,0.0006,214.2,230.32,214.2,0.0,0.6676520270270271,0.6428571428571429,0.15141229066612755,0.0004000800160032006,0.345834544691023,medium,1.0
163721162,3,0.734,8,0.11401928018853194,0.0006,140.55,155.65,140.55,0.021897810218978103,0.6255630630630631,0.35714285714285715,0.16612498311007132,0.0004000800160032006,0.2268792195626191,high,0.8843
163721162,0,0.6676,12,0.09129139570284753,0.0779,261.39,265.47,261.39,0.0,0.5320945945945946,0.6428571428571429,0.13301066473888634,0.07771554310862172,0.42205317052685987,medium,0.9997
23290622,0,0.7639,12,0.10392128056821272,0.0006,214.2,230.32,214.2,0.0,0.6676520270270271,0.6428571428571429,0.15141229066612755,0.0004000800160032006,0.345834544691023,medium,1.0
"[23290624, 345602197, 345602200, 345602201, 345602202]",0,0.7935,12,0.05812581536152739,0.0085,207.69,218.5,207.69,0.0,0.7093186936936938,0.6428571428571429,0.0846887196375134,0.008301660332066413,0.335319959944439,medium,0.9891
345602199,0,0.6933,8,0.14226749557250112,0.1142,136.41,144.13,136.41,0.0,0.5682713963963965,0.35714285714285715,0.20728237275765388,0.11402280456091217,0.22019252511548273,high,0.9902
23293121,0,0.7314,8,0.10790419704845919,0.1142,79.99,90.64,79.99,0.0,0.6219031531531533,0.35714285714285715,0.15721536329507352,0.11402280456091217,0.12906612397842168,medium,0.9996
23293117,10,0.7609,12,0.09937872710676628,0.407,91.17,99.56,91.17,0.072992700729927,0.6634290540540542,0.6428571428571429,0.14479383210984562,0.40688137627525506,0.14712342927286237,low,1.0
23293121,0,0.7314,8,0.10790419704845922,0.1142,79.99,90.64,79.99,0.0,0.6219031531531533,0.35714285714285715,0.15721536329507357,0.11402280456091217,0.12906612397842168,medium,0.9996
"[23290624, 345602197, 345602200, 345602201, 345602202]",0,0.7935,12,0.058125815361527375,0.0085,207.69,218.5,207.69,0.0,0.7093186936936938,0.6428571428571429,0.08468871963751338,0.008301660332066413,0.335319959944439,medium,0.9891
345602199,0,0.6933,8,0.14226749557250107,0.1142,136.41,144.13,136.41,0.0,0.5682713963963965,0.35714285714285715,0.2072823727576538,0.11402280456091217,0.22019252511548273,high,0.9902
"[23163674, 23163675, 242853621]",0,0.8362,8,0.07399471779642185,0.1006,362.6,373.47,362.6,0.0,0.7694256756756758,0.35714285714285715,0.10780956433211557,0.10042008401680334,0.5855218528927222,high,1.0
8388790,0,0.6993,8,0.1585728633859364,0.4426,45.62,49.16,45.62,0.0,0.5767173423423424,0.35714285714285715,0.23103914348893156,0.4424884976995399,0.07355363891849985,medium,1.0
23359571,35,0.7831,12,0.119950826424133,0.1664,172.06,172.06,173.88,0.25547445255474455,0.6946790540540542,0.6428571428571429,0.1747671913456339,0.16623324664932984,0.27777239396582354,low,1.0
"[1419224890, 1419224891, 1416612077]",39,0.9676,12,0.119950826424133,0.1664,158.59,160.1,158.59,0.2846715328467153,0.9543918918918919,0.6428571428571429,0.1747671913456339,0.16623324664932984,0.25601640985883645,low,1.0
"[1419224891, 230843110]",42,0.8675,12,0.119950826424133,0.1664,76.63,77.25,76.63,0.30656934306569344,0.8134853603603606,0.6428571428571429,0.1747671913456339,0.16623324664932984,0.12363924152857189,low,1.0
23359571,35,0.7831,12,0.11995082642413299,0.1664,172.06,172.06,173.88,0.25547445255474455,0.6946790540540542,0.6428571428571429,0.1747671913456339,0.16623324664932984,0.27777239396582354,low,1.0
"[1419224890, 1419224891, 1416612077]",39,0.9676,12,0.119950826424133,0.1664,158.59,160.1,158.59,0.2846715328467153,0.9543918918918919,0.6428571428571429,0.1747671913456339,0.16623324664932984,0.25601640985883645,low,1.0
"[1370992071, 1370992073, 1416612076, 538314349, 1416612077, 1242593615, 199514512]",78,0.7866,12,0.007335194746568346,0.0777,82.8,106.22,82.8,0.5693430656934306,0.6996058558558559,0.6428571428571429,0.010687253184566658,0.07751550310062012,0.13360467745582583,low,1.0
23279424,0,0.8728,8,0.066816549437052,0.4256,205.72,213.94,205.72,0.0,0.8209459459459459,0.35714285714285715,0.09735103914364676,0.42548509701940385,0.33213812707949736,medium,1.0
23279424,0,0.8108,12,0.10412796168667791,0.1993,328.43,337.17,328.43,0.0,0.7336711711711711,0.6428571428571429,0.1517134231521924,0.19913982796559312,0.5303323965500534,medium,1.0
23430109,0,0.7527,12,0.09969091253913051,0.2,305.03,313.73,305.03,0.0,0.6518862612612614,0.6428571428571429,0.14524868340956365,0.1998399679935987,0.4925380366314565,medium,1.0
209694797,0,0.778,12,0.12436535459374064,0.7823,358.52,366.23,358.52,0.0,0.6875000000000001,0.6428571428571429,0.18119911823082327,0.782256451290258,0.5789320670607617,medium,0.898
23430109,0,0.7527,12,0.09969091253913051,0.2,305.03,313.73,305.03,0.0,0.6518862612612614,0.6428571428571429,0.14524868340956365,0.1998399679935987,0.4925380366314565,medium,1.0
209694797,0,0.7262,14,0.08557156125122062,0.132,413.59,421.28,413.59,0.0,0.6145833333333333,0.7857142857142857,0.1246769186227026,0.1318263652730546,0.6678780243563652,medium,1.0
"[636624667, 1212234830]",0,0.8615,7,0.006598988058556507,0.5,193.07,193.07,193.59,0.0,0.8050394144144146,0.2857142857142857,0.009614606820617773,0.4998999799959992,0.31170656071324737,medium,0.9992
227382449,0,0.7618,9,0.05116149518501511,0.1455,29.84,29.84,30.82,0.0,0.664695945945946,0.42857142857142855,0.07454176928192029,0.14532906581316263,0.048066673127241014,low,0.7455
23482889,2,0.7392,6,0.1103407699655161,0.3759,156.73,156.73,165.51,0.014598540145985401,0.6328828828828829,0.21428571428571427,0.16076542759432016,0.3757751550310062,0.25301224278838386,high,0.954
636624667,8,0.7807,7,0.0032635734773953998,0.1512,159.75,159.75,159.87,0.058394160583941604,0.6913006756756757,0.2857142857142857,0.0047549384951284185,0.15103020604120823,0.2578899764189036,medium,1.0
"[23482761, 1212234831]",0,0.8691,7,0.032094344786934154,0.3585,242.29,243.55,242.29,0.0,0.8157376126126126,0.2857142857142857,0.04676110676090935,0.358371674334867,0.3912039280292018,medium,0.9999
23556854,0,0.9124,6,0.008833087608702559,0.5,204.04,204.04,207.99,0.0,0.8766891891891894,0.21428571428571427,0.012869669289060694,0.4998999799959992,0.32942468585457246,medium,1.0
24240876,0,0.598,8,0.15413758555346582,0.2454,136.21,145.75,136.21,0.0,0.4341216216216216,0.35714285714285715,0.2245769845360559,0.24524904980996198,0.2198694963982298,high,0.9997
24240876,0,0.7,12,0.15371819306051868,0.0972,157.76,172.19,157.76,0.0,0.5777027027027026,0.6428571428571429,0.22396593353644859,0.09701940388077614,0.25467584068223664,medium,1.0
24397111,0,0.8247,8,0.0960177776880582,0.5,95.21,111.35,95.21,0.0,0.7532376126126126,0.35714285714285715,0.1398969597612269,0.4998999799959992,0.15364860936137223,medium,0.6235
24240876,0,0.598,8,0.15413758555346582,0.2454,136.21,145.75,136.21,0.0,0.4341216216216216,0.35714285714285715,0.2245769845360559,0.24524904980996198,0.2198694963982298,high,0.9997
284348476,0,0.6552,8,0.17991586511731003,0.4506,169.99,176.24,169.99,0.0,0.5146396396396397,0.35714285714285715,0.26213570044189494,0.45049009801960394,0.2744290467422554,high,0.9706
566873515,0,0.34,8,0.2765005297156725,0.2125,279.12,287.59,279.12,0.0,0.07094594594594596,0.35714285714285715,0.40285866721422364,0.21234246849369873,0.4506896663113351,high,1.0
24284620,0,0.5485,12,0.30373473727935607,0.3389,347.77,357.52,347.77,0.0,0.36444256756756754,0.6428571428571429,0.4425386568066907,0.33876775355071015,0.5615692735084149,high,1.0
566873515,0,0.6548,12,0.14695653232879485,0.3335,276.84,284.57,276.84,0.0,0.5140765765765767,0.6428571428571429,0.21411425612541304,0.33336667333466696,0.44700713893465127,medium,0.9998
24284620,0,0.6511,8,0.17838555838514966,0.2289,329.84,339.74,329.84,0.0,0.5088682432432433,0.35714285714285715,0.25990605762730545,0.22874574914982995,0.5326097490066867,high,1.0
24284620,0,0.6511,8,0.17838555838514966,0.2289,329.84,339.74,329.84,0.0,0.5088682432432433,0.35714285714285715,0.25990605762730545,0.22874574914982995,0.5326097490066867,high,1.0
24284620,0,0.5485,12,0.3037347372793559,0.3389,347.77,357.52,347.77,0.0,0.36444256756756754,0.6428571428571429,0.44253865680669047,0.33876775355071015,0.5615692735084149,high,1.0
"[10074853, 24284622]",0,0.6863,12,0.1483763137024901,0.2538,257.76,267.58,257.76,0.0,0.5584177927927928,0.6428571428571429,0.21618286451066054,0.25365073014602924,0.4161901993087186,medium,1.0
8376161,0,0.5925,12,0.19627195753942342,0.0019,214.26,214.26,224.62,0.0,0.42637950450450457,0.6428571428571429,0.28596637646084155,0.0017003400680136026,0.3459314533061989,high,0.9947
8376161,0,0.6331,12,0.1512323060949045,0.0019,223.38,223.38,233.48,0.0,0.48353040540540543,0.6428571428571429,0.22034401912263782,0.0017003400680136026,0.36066156281293404,medium,0.7725
22813757,0,0.574,12,0.20743120905030027,0.0019,179.36,179.36,189.62,0.0,0.4003378378378378,0.6428571428571429,0.30222530313516793,0.0017003400680136026,0.2895629421455567,high,0.9784
8376161,0,0.6712,12,0.09165785998295982,0.0019,215.79,215.79,225.95,0.0,0.5371621621621622,0.6428571428571429,0.1335445998198636,0.0017003400680136026,0.3484026229931841,medium,1.0
8376161,0,0.5925,12,0.19627195753942342,0.0019,214.26,214.26,224.62,0.0,0.42637950450450457,0.6428571428571429,0.28596637646084155,0.0017003400680136026,0.3459314533061989,high,0.9947
24397109,0,0.6842,8,0.19090761902451586,0.0019,196.22,196.22,206.51,0.0,0.5554617117117118,0.35714285714285715,0.2781505846503303,0.0017003400680136026,0.3167942630099816,high,1.0
24397109,0,0.6842,8,0.19090761902451586,0.0019,196.22,196.22,206.51,0.0,0.5554617117117118,0.35714285714285715,0.2781505846503303,0.0017003400680136026,0.3167942630099816,high,1.0
24967209,0,0.6794,8,0.14096597963248753,0.1698,124.63,136.86,124.63,0.0,0.548704954954955,0.35714285714285715,0.2053860760200526,0.16963392678535708,0.2011661336692832,high,0.9082
"[26292721, 1256612358]",0,0.6672,12,0.17074564160896546,0.1698,150.6,159.91,150.6,0.0,0.5315315315315315,0.6428571428571429,0.24877476924825412,0.16963392678535708,0.24311141260458052,medium,1.0
26292721,0,0.7081,12,0.1466149551180841,0.1698,167.24,179.79,167.24,0.0,0.5891047297297297,0.6428571428571429,0.21361658127534322,0.16963392678535708,0.2699874018800271,medium,1.0
24967209,0,0.6794,8,0.14096597963248753,0.1698,124.63,136.86,124.63,0.0,0.548704954954955,0.35714285714285715,0.2053860760200526,0.16963392678535708,0.2011661336692832,high,0.9082
23179827,0,0.6927,10,0.18965871591923053,0.0265,258.65,267.28,258.65,0.0,0.5674268018018018,0.5,0.2763309443283624,0.02630526105221044,0.41762767710049425,high,1.0
"[1212234817, 259296871]",1,0.7986,7,0.039608408639171575,0.3957,181.48,181.48,181.62,0.0072992700729927005,0.7164977477477477,0.2857142857142857,0.05770902858887924,0.39557911582316463,0.2929870465484381,medium,1.0
23179775,2,0.7834,10,0.057056290807037946,0.3089,180.17,187.65,180.17,0.014598540145985401,0.6951013513513514,0.5,0.0831304322119736,0.3087617523504701,0.2908712084504312,medium,0.9536
"[1430314261, 363821070]",5,0.6671,8,0.09435899703696611,0.1787,46.07,46.07,47.24,0.0364963503649635,0.5313907657657658,0.35714285714285715,0.1374801316300023,0.17853570714142827,0.07428045353231903,medium,1.0
25359279,0,0.6027,12,0.16532405354957255,0.5,120.65,120.65,126.26,0.0,0.44073761261261263,0.6428571428571429,0.2408755653786976,0.4998999799959992,0.19473786219594924,medium,0.8908
"[1210470865, 1210470866, 238913756]",0,0.6295,12,0.158054163003991,0.3832,3.38,3.38,9.24,0.0,0.4784628378378378,0.6428571428571429,0.23028340180968226,0.3830766153230646,0.005329973834673902,low,1.0
1210470865,0,0.7077,12,0.06961888410100438,0.5,72.01,72.01,75.42,0.0,0.5885416666666667,0.6428571428571429,0.10143401493944408,0.4998999799959992,0.11617727816002844,low,1.0
16295658,0,0.7042,12,0.09675296274674242,0.3001,151.55,151.55,158.96,0.0,0.5836148648648649,0.6428571428571429,0.14096811762065467,0.2999599919983997,0.24464579901153213,low,0.9418
99961323,2,0.8738,12,0.059172392288215095,0.1345,99.46,99.46,105.35,0.014598540145985401,0.8223536036036038,0.6428571428571429,0.08621357258069437,0.13432686537307462,0.1605129696029977,low,1.0
365198126,0,0.7768,12,0.13980093547417777,0.3001,236.87,236.87,246.32,0.0,0.685810810810811,0.6428571428571429,0.20368861741148483,0.2999599919983997,0.3824498497916465,medium,0.9996
25359281,0,0.8412,12,0.04433073009970746,0.0215,435.68,443.96,435.68,0.0,0.7764639639639639,0.6428571428571429,0.06458940746416617,0.021304260852170433,0.7035565461769552,medium,0.9833
25359281,0,0.8073,12,0.05013291708436462,0.3747,394.82,394.82,404.14,0.0,0.7287443693693695,0.6428571428571429,0.07304314046250585,0.3745749149829966,0.6375617792421746,medium,1.0
"[238798322, 59117439]",0,0.6676,8,0.21954697966696424,0.3747,376.45,376.45,385.13,0.0,0.5320945945945946,0.35714285714285715,0.3198778693370582,0.3745749149829966,0.60789159156249,high,1.0
25359281,0,0.6977,8,0.19958010461709386,0.0127,334.38,343.42,334.38,0.0,0.5744650900900901,0.35714285714285715,0.2907863162848795,0.012502500500100018,0.539942500888329,high,1.0
25359281,0,0.7829,12,0.09551223025900406,0.0127,400.35,409.28,400.35,0.0,0.6943975225225226,0.6428571428571429,0.1391603818132011,0.012502500500100018,0.6464935232742192,high,0.8413
59117529,0,0.7275,8,0.14084648761454652,0.0127,399.94,409.34,399.94,0.0,0.6164132882882883,0.35714285714285715,0.2052119772504374,0.012502500500100018,0.6458313144038506,high,1.0
25359281,0,0.6977,8,0.19958010461709386,0.0127,334.38,343.42,334.38,0.0,0.5744650900900901,0.35714285714285715,0.2907863162848795,0.012502500500100018,0.539942500888329,high,1.0
25359282,0,0.7716,8,0.08402774547971388,0.0656,194.75,204.26,194.75,0.0,0.678490990990991,0.35714285714285715,0.12242759326220408,0.0654130826165233,0.31442000193817227,high,0.7732
1210470865,0,0.7077,12,0.06961888410100436,0.5,72.01,72.01,75.42,0.0,0.5885416666666667,0.6428571428571429,0.10143401493944407,0.4998999799959992,0.11617727816002844,low,1.0
"[1210470865, 365198127]",0,0.7724,11,0.09120488385447965,0.5,3.05,3.05,11.25,0.0,0.6796171171171171,0.5714285714285714,0.13288461777259092,0.4998999799959992,0.004796976451206512,low,1.0
"[1252642673, 16295373]",0,0.7272,8,0.10896976561530712,0.5,38.67,38.67,47.69,0.0,0.615990990990991,0.35714285714285715,0.1587678868830544,0.4998999799959992,0.06232839099395937,medium,0.9533
26372299,0,0.6784,8,0.1542477153384791,0.4817,111.52,111.52,117.11,0.0,0.5472972972972974,0.35714285714285715,0.22473744261852183,0.4815963192638528,0.17999160125335142,medium,0.9998
7854720,0,0.9837,12,0.13981253835851049,0.5,159.49,159.49,166.49,0.0,0.9770551801801802,0.6428571428571429,0.20370552270709472,0.4998999799959992,0.2574700390864748,low,1.0
26372299,0,0.7654,14,0.13981253835851049,0.4942,196.93,196.93,204.92,0.0,0.6697635135135135,0.7857142857142857,0.20370552270709472,0.49409881976395276,0.3179410149562296,low,1.0
"[200235137, 207134207]",0,1.0,7,0.10764923600548354,0.5,345.29,345.29,355.92,0.0,1.0,0.2857142857142857,0.1568438874036564,0.4998999799959992,0.5575637174144782,medium,0.9918
207134268,0,0.9979,6,0.10764923600548354,0.5,343.31,343.31,354.05,0.0,0.997043918918919,0.21428571428571427,0.1568438874036564,0.4998999799959992,0.5543657331136739,high,0.7846
25651208,0,0.9995,7,0.10764923600548354,0.1051,350.23,350.23,361.05,0.0,0.9992961711711712,0.2857142857142857,0.1568438874036564,0.10492098419683936,0.5655425267306264,high,0.9999
"[1130423873, 1128359698, 1128359699, 1130423877]",0,0.7181,8,0.0523365252226405,0.5,215.55,218.42,215.55,0.0,0.6031813063063063,0.35714285714285715,0.07625377722468069,0.4998999799959992,0.34801498853248053,medium,1.0
"[1460572597, 511573103]",0,0.6962,6,0.17604548825706826,0.3612,239.54,244.51,239.54,0.0,0.5723536036036037,0.21428571428571427,0.25649659700280275,0.3610722144428886,0.38676228316697353,high,1.0
"[4471957, 25654286]",0,0.7088,10,0.0895757220476405,0.5,350.5,350.5,362.42,0.0,0.5900900900900901,0.5,0.13051094402465246,0.4998999799959992,0.5659786154989179,medium,0.9657
8117311,0,0.8649,12,0.0735038474181754,0.5,501.8,510.6,501.8,0.0,0.8098254504504504,0.6428571428571429,0.10709437071194051,0.4998999799959992,0.810349840100785,medium,1.0
8117311,0,1.0,12,0.16612939892568837,0.4437,550.38,559.24,550.38,0.0,1.0,0.6428571428571429,0.24204894617444472,0.4435887177435487,0.8888135155215298,medium,0.9927
25654288,0,0.708,8,0.10846184444046283,0.5,538.75,544.38,538.75,0.0,0.588963963963964,0.35714285714285715,0.15802785040927464,0.4998999799959992,0.87002939561327,high,1.0
25654288,0,0.708,8,0.10846184444046283,0.5,538.75,544.38,538.75,0.0,0.588963963963964,0.35714285714285715,0.15802785040927464,0.4998999799959992,0.87002939561327,high,1.0
8117311,0,0.725,12,0.10214444397426005,0.1171,442.79,451.5,442.79,0.0,0.6128941441441441,0.6428571428571429,0.14882345611345366,0.11692338467693537,0.7150402170752981,high,0.9996
8117311,0,0.5997,12,0.13032596548642633,0.0276,352.3,360.85,352.3,0.0,0.43651463963963966,0.6428571428571429,0.18988367340407186,0.027405481096219243,0.5688858739541945,high,1.0
25654289,0,0.715,8,0.14357022452785304,0.4846,418.24,427.32,418.24,0.0,0.5988175675675675,0.35714285714285715,0.2091804368474312,0.48449689937987594,0.6753884420324967,high,1.0
25654289,0,0.715,8,0.14357022452785304,0.4846,418.24,427.32,418.24,0.0,0.5988175675675675,0.35714285714285715,0.2091804368474312,0.48449689937987594,0.6753884420324967,high,1.0
8117311,0,0.7043,11,0.1306890297899789,0.0588,230.13,238.43,230.13,0.0,0.5837556306306307,0.5714285714285714,0.19041265475051547,0.05861172234446889,0.37156378202022156,medium,0.9703
8117311,0,0.5997,12,0.13032596548642633,0.0276,352.3,360.85,352.3,0.0,0.43651463963963966,0.6428571428571429,0.18988367340407186,0.027405481096219243,0.5688858739541945,high,1.0
25654290,0,0.5998,8,0.15008888848574164,0.1786,272.54,281.65,272.54,0.0,0.43665540540540543,0.35714285714285715,0.21867807019699598,0.1784356871374275,0.44006202151371265,high,1.0
25654290,0,0.5998,8,0.15008888848574167,0.1786,272.54,281.65,272.54,0.0,0.43665540540540543,0.35714285714285715,0.218678070196996,0.1784356871374275,0.44006202151371265,high,1.0
"[106778917, 30901941]",0,0.7249,8,0.033330813496535515,0.5,444.3,451.84,444.3,0.0,0.6127533783783784,0.35714285714285715,0.04856263028288684,0.4998999799959992,0.7174790838905579,high,1.0
"[23046216, 1353894685, 1353894686]",0,0.6663,14,0.060765952639175176,0.5,472.15,478.29,472.15,0.0,0.5302646396396397,0.7857142857142857,0.08853537533530742,0.4998999799959992,0.7624608327680331,medium,1.0
"[1353894688, 1353894689, 1353894690, 1353894686, 1353894687]",0,0.6929,11,0.014279986079180794,0.5043,544.03,644.58,544.03,0.0,0.5677083333333333,0.5714285714285714,0.02080575019445892,0.5042008401680336,0.8785573537487482,high,0.9961
"[962678724, 25654293]",0,0.7699,8,0.10541162568911226,0.5,219.91,223.29,219.91,0.0,0.676097972972973,0.35714285714285715,0.1535837097811576,0.4998999799959992,0.3550570145685951,medium,0.9998
828621694,1,0.7198,12,0.07737917269908122,0.6419,128.4,129.74,128.4,0.0072992700729927005,0.6055743243243243,0.6428571428571429,0.11274068395436515,0.6418283656731346,0.20725522498950155,low,1.0
1102937730,3,0.5606,12,0.1346035455066978,0.5,192.37,192.37,202.97,0.021897810218978103,0.3814752252252252,0.6428571428571429,0.19611606809697477,0.4998999799959992,0.31057596020286204,medium,1.0
"[962678724, 25654293]",0,0.7699,8,0.10541162568911225,0.5,219.91,223.29,219.91,0.0,0.676097972972973,0.35714285714285715,0.15358370978115757,0.4998999799959992,0.3550570145685951,medium,0.9998
"[8117305, 1211723620]",0,0.7215,6,0.09573769091089451,0.3297,94.77,96.47,94.77,0.0,0.6079673423423424,0.21428571428571427,0.13948887590650652,0.32956591318263656,0.15293794618341572,medium,0.8537
25654298,0,0.737,9,0.14179989168490267,0.0202,85.93,85.93,90.32,0.0,0.629786036036036,0.42857142857142855,0.20660107820006793,0.020004000800160033,0.13866007688083473,medium,0.9993
723903171,0,0.9968,10,0.057806497783594056,0.03,173.46,279.83,173.46,0.0,0.9954954954954957,0.5,0.08422347686738843,0.029805961192238446,0.2800335949865943,low,0.9834
723903171,0,0.7908,11,0.07344204511591662,0.03,200.43,296.08,200.43,0.0,0.705518018018018,0.5714285714285714,0.10700432532675043,0.029805961192238446,0.3235940175081565,medium,1.0
25654306,0,0.7051,12,0.10853349941074182,0.03,236.65,236.65,242.65,0.0,0.5848817567567567,0.6428571428571429,0.15813225104102682,0.029805961192238446,0.3820945182026682,medium,1.0
25654306,0,0.7051,12,0.10853349941074182,0.03,236.65,236.65,242.65,0.0,0.5848817567567567,0.6428571428571429,0.15813225104102682,0.029805961192238446,0.3820945182026682,medium,1.0
61904430,0,0.8348,12,0.053168149101478324,0.0333,239.28,247.62,239.28,0.0,0.7674549549549549,0.6428571428571429,0.07746544555686802,0.033106621324264854,0.3863423458345447,medium,0.9709
61904430,0,0.8431,12,0.04424250253615043,0.1693,135.54,142.2,135.54,0.0,0.7791385135135135,0.6428571428571429,0.06446086071664192,0.16913382676535307,0.21878735019543236,low,1.0
"[25654315, 30477245]",0,0.7138,11,0.1242498229259678,0.1158,320.97,355.28,320.97,0.0,0.5971283783783784,0.5714285714285714,0.18103078965492816,0.11562312462492498,0.5182834253965178,high,0.9671
61904430,0,0.8348,12,0.053168149101478324,0.0333,239.28,247.62,239.28,0.0,0.7674549549549549,0.6428571428571429,0.07746544555686802,0.033106621324264854,0.3863423458345447,medium,0.9709
164587415,0,0.7749,12,0.09116401372435874,0.1663,364.79,373.24,364.79,0.0,0.6831362612612614,0.6428571428571429,0.13282507036941982,0.16613322664532906,0.5890590173466422,medium,0.9994
723903171,0,0.7908,11,0.07344204511591662,0.03,200.43,296.08,200.43,0.0,0.705518018018018,0.5714285714285714,0.10700432532675043,0.029805961192238446,0.3235940175081565,medium,1.0
"[25654315, 30477245]",0,0.7138,11,0.1242498229259678,0.1158,320.97,355.28,320.97,0.0,0.5971283783783784,0.5714285714285714,0.18103078965492816,0.11562312462492498,0.5182834253965178,high,0.9671
210336039,1,0.6482,9,0.05031375988017555,0.3399,148.94,158.79,148.94,0.0072992700729927005,0.504786036036036,0.42857142857142855,0.07330662675043512,0.33976795359071815,0.24043027425138092,medium,1.0
"[210336040, 1064384195]",0,0.6468,8,0.042255314936267226,0.1907,68.02,68.02,72.2,0.0,0.5028153153153154,0.35714285714285715,0.06156554668566594,0.19053810762152432,0.1097328552508318,medium,1.0
25654332,0,0.5711,8,0.2125310941716986,0.1329,241.27,241.27,314.93,0.0,0.39625563063063074,0.35714285714285715,0.3096557887869595,0.1327265453090618,0.3895564815712117,high,1.0
25654332,0,0.5711,8,0.2125310941716986,0.1329,241.27,241.27,314.93,0.0,0.39625563063063074,0.35714285714285715,0.3096557887869595,0.1327265453090618,0.3895564815712117,high,1.0
7742074,0,0.67,12,0.23291617240134274,0.0445,277.11,277.11,409.05,0.0,0.535472972972973,0.6428571428571429,0.3393566600204055,0.04430886177235447,0.44744322770294287,high,0.9999
"[227851377, 25654332, 7742071]",0,0.8251,11,0.12815070405218562,0.0895,395.07,421.58,395.07,0.0,0.7538006756756755,0.5714285714285714,0.1867143375286023,0.08931786357271453,0.6379655651387408,high,0.9922
30479855,0,0.8025,12,0.08655092346897107,0.116,418.03,418.03,448.0,0.0,0.7219876126126126,0.6428571428571429,0.12610384035401134,0.11582316463292658,0.6750492618793811,medium,0.8998
30479855,0,0.7122,12,0.08901581405980524,0.3876,372.89,372.89,411.65,0.0,0.5948761261261263,0.6428571428571429,0.12969516324314487,0.3874774954990998,0.6021416803953872,medium,0.9999
25654327,0,0.7086,12,0.2096559927647,0.1216,247.27,247.27,270.23,0.0,0.5898085585585586,0.6428571428571429,0.3054667925167276,0.12142428485697139,0.3992473430888006,medium,0.9035
1128352686,0,0.9985,6,0.0009227060996686147,0.4969,93.84,93.84,98.52,0.0,0.9978885135135137,0.21428571428571427,0.0013443162852350742,0.49679935987197443,0.15143586264818942,low,1.0
8117309,0,0.7367,8,0.1470506334808238,0.1917,108.77,108.77,116.24,0.0,0.6293637387387389,0.35714285714285715,0.21425136063724498,0.1915383076615323,0.17554995639112317,medium,0.9777
25654593,0,0.7756,10,0.040465224027776206,0.5,81.77,83.8,81.77,0.0,0.6841216216216216,0.5,0.05895740071878229,0.4998999799959992,0.13194107956197307,low,1.0
25654592,0,0.824,7,0.03388301886183591,0.5,64.02,64.02,65.64,0.0,0.7522522522522523,0.2857142857142857,0.04936718841430253,0.4998999799959992,0.10327228090577252,low,0.9802
"[1128352688, 1182853554, 1128352694, 1128352695, 1128352696, 1128352697]",0,0.6724,6,0.07963877830657562,0.3341,29.61,31.58,29.61,0.0,0.5388513513513514,0.21428571428571427,0.1160329085134531,0.33396679335867174,0.04769519010240011,medium,0.9993
4471812,0,0.4459,7,0.2205463740107539,0.7054,192.38,207.03,192.38,0.0,0.2200168918918919,0.2857142857142857,0.3213339776915096,0.7053410682136427,0.3105921116387247,high,1.0
"[1414910035, 1414910036]",0,0.8493,6,0.04940690142975722,0.5,192.41,192.41,197.64,0.0,0.7878659909909912,0.21428571428571427,0.07198534234036752,0.4998999799959992,0.3106405659463126,medium,1.0
25654779,0,0.7812,8,0.091125031025841,0.1378,312.75,312.75,315.04,0.0,0.6920045045045046,0.35714285714285715,0.13276827293671123,0.13762752550510102,0.505006945117421,high,1.0
"[878797488, 945304331]",0,0.8049,12,0.10878663706171302,0.0519,167.67,167.67,183.87,0.0,0.7253659909909909,0.6428571428571429,0.15850107026708693,0.051710342068413684,0.27068191362212096,medium,0.9223
"[878797488, 76587954]",0,0.7458,8,0.13472715607917604,0.1378,297.91,304.49,297.91,0.0,0.6421734234234235,0.35714285714285715,0.19629616756261867,0.13762752550510102,0.4810382142972511,high,1.0
"[513465552, 259349994]",0,0.8814,12,0.024461201243871123,0.8686,31.44,31.44,156.04,0.0,0.8330518018018017,0.6428571428571429,0.03563968692013387,0.8685737147429486,0.050650902865264726,low,1.0
"[878797488, 945304331]",0,0.8049,12,0.10878663706171302,0.0519,167.67,167.67,183.87,0.0,0.7253659909909909,0.6428571428571429,0.15850107026708693,0.051710342068413684,0.27068191362212096,medium,0.9223
"[945304336, 945304332]",0,1.0,12,0.024461201243871127,0.8686,53.12,53.12,196.18,0.0,1.0,0.6428571428571429,0.03563968692013387,0.8685737147429486,0.085667215815486,low,1.0
"[699301057, 699303959]",0,0.6637,10,0.1405648033589968,0.284,215.03,220.73,215.03,0.0,0.5266047297297297,0.5,0.2048015658844214,0.28385677135427084,0.34717511386762284,medium,0.9379
894763117,0,0.6585,7,0.15927378642278509,0.2819,294.09,301.84,294.09,0.0,0.5192849099099099,0.2857142857142857,0.23206038189809916,0.28175635127025406,0.4748683657977194,high,1.0
19210470,0,0.803,12,0.07409964795329162,0.3927,64.71,64.71,65.31,0.0,0.7226914414414416,0.6428571428571429,0.10796244660426511,0.3925785157031406,0.10438672998029525,low,1.0
19210470,0,0.7389,12,0.09673829343470608,0.2158,43.55,43.55,47.39,0.0,0.6324605855855856,0.6428571428571429,0.1409467445681225,0.21564312862572513,0.07021029169493168,low,1.0
25859300,0,0.7798,12,0.14853713756420567,0.5,51.55,51.55,54.29,0.0,0.6900337837837839,0.6428571428571429,0.2164171833959878,0.4998999799959992,0.08313144038505023,low,1.0
25859300,0,0.753,8,0.15114161520003241,0.5,140.62,150.38,140.62,0.0,0.6523085585585586,0.35714285714285715,0.22021188332407488,0.4998999799959992,0.22699227961365764,medium,1.0
"[4357264, 1409593715, 745708734]",0,0.7295,10,0.09214001220233697,0.2097,62.3,62.3,69.22,0.0,0.6192286036036037,0.5,0.13424709116286057,0.20954190838167633,0.10049423393739704,medium,0.7479
199515776,0,0.7333,12,0.029407930671260924,0.3361,30.62,30.62,32.9,0.0,0.6245777027027026,0.6428571428571429,0.04284702613632324,0.33596719343868775,0.04932648512452758,low,1.0
381871425,0,0.8635,13,0.069595838847379,0.2097,60.97,66.15,60.97,0.0,0.8078547297297299,0.7142857142857143,0.10140043821715933,0.20954190838167633,0.09834609296766483,low,1.0
"[1068477998, 1068477999, 1068478000, 1068478001, 232718096]",0,0.8193,13,0.05992281440721826,0.2055,62.07,63.13,62.07,0.0,0.7456362612612615,0.7142857142857143,0.0873069306966731,0.2053410682136427,0.10012275091255614,low,1.0
"[482768616, 1377919083, 246017145, 460424730, 1377919069]",0,0.9001,6,0.014797920069538624,0.4998,179.39,188.36,179.39,0.0,0.8593750000000001,0.21428571428571427,0.02156037524822362,0.4996999399879976,0.28961139645314465,medium,1.0
4798827,0,0.7943,8,0.09246928620572697,0.2335,65.57,67.69,65.57,0.0,0.7104448198198198,0.35714285714285715,0.13472684035317695,0.23334666933386677,0.10577575346448298,medium,1.0
4247628,3,0.828,12,0.011056350825713957,0.4631,124.68,138.91,124.68,0.021897810218978103,0.757882882882883,0.6428571428571429,0.016108943319929358,0.462992598519704,0.20124689084859645,low,1.0
4247628,0,0.7426,12,0.049751049856834484,0.3852,302.52,346.71,302.52,0.0,0.637668918918919,0.6428571428571429,0.07248676342900237,0.3850770154030806,0.48848402622993187,medium,0.9939
4247631,0,0.768,12,0.05172254811257283,0.4605,208.32,210.78,208.32,0.0,0.6734234234234235,0.6428571428571429,0.0753592182300586,0.4603920784156832,0.33633750040378585,low,1.0
1298327176,0,0.8999,11,0.037703204236486536,0.5,165.0,165.0,167.38,0.0,0.8590934684684687,0.5714285714285714,0.05493316332115343,0.4998999799959992,0.2663694802467939,low,1.0
4247628,0,0.7426,12,0.049751049856834484,0.3852,302.52,346.71,302.52,0.0,0.637668918918919,0.6428571428571429,0.07248676342900237,0.3850770154030806,0.48848402622993187,medium,0.9939
1298327178,0,0.6587,12,0.06487407054292049,0.2552,101.25,101.25,103.76,0.0,0.5195664414414414,0.6428571428571429,0.09452086528518257,0.2550510102020404,0.16340407662241174,low,0.9996
34063830,0,0.778,11,0.050959913726497226,0.3529,283.24,444.6,283.24,0.0,0.6875000000000001,0.5714285714285714,0.07424806695343066,0.35277055411082214,0.4573440578867462,medium,0.9998
193958142,0,0.815,12,0.05789039779115738,0.0333,310.91,478.37,310.91,0.0,0.7395833333333333,0.6428571428571429,0.08434571840568676,0.033106621324264854,0.5020350809186938,medium,1.0
193958142,0,0.5153,12,0.11538876183471912,0.2081,269.05,468.17,269.05,0.0,0.3177083333333333,0.6428571428571429,0.16812030525560143,0.20794158831766352,0.4344251703976484,high,0.8624
26292721,0,0.8237,12,0.08902487923137463,0.2519,193.47,206.36,193.47,0.0,0.7518299549549551,0.6428571428571429,0.129708371114631,0.251750350070014,0.31235261814775334,low,0.9986
26292496,0,0.6982,12,0.09368578420421116,0.037,265.78,278.6,265.78,0.0,0.575168918918919,0.6428571428571429,0.1364992667329875,0.03680736147229446,0.4291436508705624,medium,0.9997
274469882,0,0.7504,8,0.09792176301540885,0.2519,224.38,231.46,224.38,0.0,0.6486486486486486,0.35714285714285715,0.1426710488474182,0.251750350070014,0.36227670639919884,high,0.7587
26292496,0,0.8372,8,0.11059389389174185,0.037,344.3,356.88,344.3,0.0,0.7708333333333336,0.35714285714285715,0.16113422682355255,0.03680736147229446,0.555964725264076,high,1.0
26292496,0,0.6982,12,0.09368578420421116,0.037,265.78,278.6,265.78,0.0,0.575168918918919,0.6428571428571429,0.1364992667329875,0.03680736147229446,0.4291436508705624,medium,0.9997
1217377507,0,0.7737,8,0.08714823215933605,0.037,339.64,352.39,339.64,0.0,0.6814470720720722,0.35714285714285715,0.12697411361464322,0.03680736147229446,0.5484381561520819,high,1.0
26292496,0,0.8372,8,0.11059389389174185,0.037,344.3,356.88,344.3,0.0,0.7708333333333336,0.35714285714285715,0.16113422682355255,0.03680736147229446,0.555964725264076,high,1.0
1242256464,0,0.6095,8,0.08042052633363374,0.2519,182.78,182.78,191.75,0.0,0.45030968468468474,0.35714285714285715,0.1171719081889554,0.251750350070014,0.29508673321058243,high,0.9932
26294015,0,0.7516,10,0.08624705444551162,0.2867,96.89,143.26,96.89,0.0,0.6503378378378379,0.5,0.1256611059854732,0.28655731146229246,0.15636205058629712,low,0.528
1082517336,0,0.7682,12,0.1909054816738883,0.2428,19.87,150.12,19.87,0.0,0.673704954954955,0.6428571428571429,0.278147470550151,0.24264852970594117,0.03196369157218077,low,1.0
"[1082517336, 1144903502]",6,0.7498,12,0.11649332584767451,0.4896,63.38,63.38,71.4,0.043795620437956206,0.6478040540540542,0.6428571428571429,0.16972964484941172,0.48949789957991596,0.10223858901056304,low,1.0
26294015,0,0.7516,10,0.08624705444551162,0.2867,96.89,143.26,96.89,0.0,0.6503378378378379,0.5,0.1256611059854732,0.28655731146229246,0.15636205058629712,low,0.528
26294019,2,0.5604,11,0.18728576131757296,0.384,69.02,80.2,69.02,0.014598540145985401,0.3811936936936937,0.5714285714285714,0.27287357132872614,0.38387677535507103,0.11134799883709662,medium,1.0
26294018,0,0.7494,9,0.08835321486212648,0.1784,188.62,294.62,188.62,0.0,0.647240990990991,0.42857142857142855,0.12872976231468422,0.17823564712942588,0.30451917175436893,medium,0.9994
34063830,0,0.778,11,0.05095991372649723,0.3529,283.24,444.6,283.24,0.0,0.6875000000000001,0.5714285714285714,0.07424806695343066,0.35277055411082214,0.4573440578867462,medium,0.9998
"[26294016, 34063830]",0,0.7391,7,0.08943353544370526,0.1666,321.36,357.54,321.36,0.0,0.6327421171171171,0.2857142857142857,0.13030377945226146,0.16643328665733145,0.518913331395161,high,1.0
26372295,0,0.6624,8,0.15650305258199235,0.2166,112.97,112.97,119.96,0.0,0.5247747747747747,0.35714285714285715,0.22802344821060097,0.21644328865773152,0.1823335594534354,high,0.9002
6010083,0,0.6718,8,0.1448959255952391,0.4933,57.12,67.34,57.12,0.0,0.5380067567567567,0.35714285714285715,0.21111197109286844,0.49319863972794564,0.09212779016054527,medium,1.0
26372299,0,0.6784,8,0.1542477153384791,0.4817,111.52,111.52,117.11,0.0,0.5472972972972974,0.35714285714285715,0.22473744261852183,0.4815963192638528,0.17999160125335142,medium,0.9998
6010075,0,0.6664,8,0.1549229638261634,0.338,122.83,129.91,122.83,0.0,0.5304054054054054,0.35714285714285715,0.22572127344602022,0.337867573514703,0.19825887521400654,medium,0.7813
26374214,0,0.6465,8,0.10850548960840449,0.5,110.77,110.77,122.62,0.0,0.502393018018018,0.35714285714285715,0.15809144101699238,0.4998999799959992,0.1787802435636528,medium,1.0
623074134,0,0.7365,7,0.1508105927776877,0.5,161.88,161.88,180.1,0.0,0.6290822072072073,0.2857142857142857,0.2197295867034445,0.4998999799959992,0.2613302322576477,medium,0.8543
623074134,0,0.7365,7,0.15081059277768774,0.5,161.88,161.88,180.1,0.0,0.6290822072072073,0.2857142857142857,0.21972958670344453,0.4998999799959992,0.2613302322576477,medium,0.8543
26374214,0,0.6465,8,0.10850548960840449,0.5,110.77,110.77,122.62,0.0,0.502393018018018,0.35714285714285715,0.15809144101699238,0.4998999799959992,0.1787802435636528,medium,1.0
26374216,2,0.7444,8,0.1315303337669114,0.5487,84.35,84.35,85.55,0.014598540145985401,0.6402027027027026,0.35714285714285715,0.19163842689647276,0.5486097219443888,0.1361081500145363,medium,0.9995
534024692,3,0.6157,10,0.17836772305048695,0.6083,47.18,57.79,47.18,0.021897810218978103,0.4590371621621622,0.5,0.2598800717089658,0.6082216443288657,0.07607326291307298,medium,0.8421
534024692,2,0.6811,11,0.12024579692422509,0.3945,82.57,93.96,82.57,0.014598540145985401,0.551097972972973,0.5714285714285714,0.17519696064758145,0.39437887577515507,0.1332331944309849,low,0.9901
1443564020,14,0.5477,13,0.22900249571859438,0.3476,217.41,271.77,217.41,0.10218978102189781,0.3633164414414414,0.7142857142857143,0.33365446913871377,0.3474694938987798,0.35101915560293306,medium,1.0
26617891,5,0.2927,8,0.6863461765761701,0.5,222.5,313.17,222.5,0.0364963503649635,0.004363738738738727,0.35714285714285715,1.0,0.4998999799959992,0.359240236457021,high,1.0
1133353966,5,0.5079,12,0.2534750431414289,0.3121,187.88,351.55,187.88,0.0364963503649635,0.3072916666666667,0.6428571428571429,0.3693107453409315,0.3119623924784957,0.303323965500533,high,0.862
26617891,5,0.2927,8,0.6863461765761701,0.5,222.5,313.17,222.5,0.0364963503649635,0.004363738738738727,0.35714285714285715,1.0,0.4998999799959992,0.359240236457021,high,1.0
26943778,0,0.7817,8,0.11259104729929555,0.5,195.5,205.74,195.5,0.0,0.6927083333333333,0.35714285714285715,0.1640440609445191,0.4998999799959992,0.3156313596278709,medium,1.0
8173089,0,0.7533,12,0.11555964693784952,0.2534,146.82,157.15,146.82,0.0,0.6527308558558559,0.6428571428571429,0.16836928327700582,0.253250650130026,0.2370061698484995,low,0.9701
8173089,0,0.7237,14,0.13206052613712435,0.3913,59.86,63.51,59.86,0.0,0.6110641891891893,0.7857142857142857,0.19241091229678636,0.39117823564712945,0.09655328358691088,low,1.0
31113216,0,0.6749,8,0.13185425401266032,0.5,93.66,107.73,93.66,0.0,0.5423704954954957,0.35714285714285715,0.19211037571121434,0.4998999799959992,0.15114513680266176,medium,1.0
"[17979698, 27438869]",0,0.7628,8,0.12892753902215356,0.5,189.65,196.16,189.65,0.0,0.6661036036036037,0.35714285714285715,0.1878461789251736,0.4998999799959992,0.3061827696482217,medium,0.9999
"[26943957, 17979614]",0,0.746,8,0.11717118351215919,0.5,104.17,108.83,104.17,0.0,0.642454954954955,0.35714285714285715,0.17071727722347768,0.4998999799959992,0.16812029589430502,medium,1.0
8173089,0,0.7014,12,0.10471438939164568,0.5,243.15,254.84,243.15,0.0,0.5796734234234235,0.6428571428571429,0.15256784291731473,0.4998999799959992,0.3925929515133895,medium,0.9312
8173089,0,0.7533,12,0.11555964693784952,0.2534,146.82,157.15,146.82,0.0,0.6527308558558559,0.6428571428571429,0.16836928327700582,0.253250650130026,0.2370061698484995,low,0.9701
26943972,0,0.6004,8,0.17150409804149833,0.5,186.29,200.37,186.29,0.0,0.43750000000000006,0.35714285714285715,0.24987983328504934,0.4998999799959992,0.30075588719837193,high,0.9989
26943972,0,0.6004,8,0.1715040980414983,0.5,186.29,200.37,186.29,0.0,0.43750000000000006,0.35714285714285715,0.2498798332850493,0.4998999799959992,0.30075588719837193,high,0.9989
2418095,0,0.6501,12,0.20005616535098797,0.4448,65.3,146.05,65.3,0.0,0.5074605855855856,0.6428571428571429,0.29147993238963044,0.44468893778755747,0.10533966469619149,low,0.9552
2418095,0,0.6859,12,0.1864507299587777,0.5,39.89,156.71,39.89,0.0,0.5578547297297297,0.6428571428571429,0.27165693832962384,0.4998999799959992,0.06429886616920245,low,1.0
"[1175974339, 400898250, 400898252, 371906799, 27267644]",0,0.7737,13,0.13461210644347896,0.4066,94.17,149.81,94.17,0.0,0.6814470720720722,0.7142857142857143,0.1961285413030184,0.4064812962592519,0.15196886003165683,low,1.0
1026785656,0,0.8797,8,0.0242313076146249,0.009,117.51,124.85,117.51,0.0,0.830658783783784,0.35714285714285715,0.035304734019648926,0.008801760352070413,0.1896663113350777,medium,1.0
27268425,0,0.7147,10,0.12216172536593227,0.009,143.37,148.97,143.37,0.0,0.5983952702702703,0.5,0.17798845074139383,0.008801760352070413,0.2314339244758859,medium,0.999
27928334,0,0.8097,8,0.11031396758974348,0.0048,104.21,113.91,104.21,0.0,0.7321227477477479,0.35714285714285715,0.16072637677967008,0.004600920184036807,0.1681849016377556,medium,0.999
27928334,0,0.8097,8,0.11031396758974348,0.0048,104.21,113.91,104.21,0.0,0.7321227477477479,0.35714285714285715,0.16072637677967008,0.004600920184036807,0.1681849016377556,medium,0.999
27268487,0,0.6986,6,0.18765764862312742,0.2127,138.82,169.26,138.82,0.0,0.575731981981982,0.21428571428571427,0.2734154077078264,0.21254250850170034,0.22408502115838094,high,1.0
901612637,0,0.7009,10,0.14196153507063744,0.4481,46.3,154.02,46.3,0.0,0.5789695945945946,0.5,0.20683659112434336,0.4479895979195839,0.07465193655715993,low,0.9193
30078099,0,0.6908,9,0.181918589913417,0.4745,112.34,149.91,112.34,0.0,0.5647522522522522,0.42857142857142855,0.26505365202467096,0.47439487897579513,0.18131601899408858,medium,1.0
332579426,0,0.6593,11,0.1842639383119824,0.4673,94.16,98.68,94.16,0.0,0.520411036036036,0.5714285714285714,0.26847080304065585,0.46719343868773755,0.15195270859579416,medium,0.9914
230843465,0,0.997,10,0.14809965919603793,0.1825,153.17,153.17,155.26,0.0,0.9957770270270272,0.5,0.21577978144275553,0.18233646729345868,0.24726233162128108,low,0.8882
2558927,0,0.8768,12,0.03077494744665149,0.263,149.42,153.64,149.42,0.0,0.8265765765765766,0.6428571428571429,0.044838756987804235,0.2628525705141028,0.24120554317278803,low,1.0
"[196819984, 686204498]",0,0.7758,12,0.07300892200701876,0.3577,37.18,38.77,37.18,0.0,0.6844031531531533,0.6428571428571429,0.1063732689461623,0.3575715143028606,0.059921827050424786,low,1.0
27290573,0,0.739,8,0.10611602814509749,0.3575,138.36,157.26,138.36,0.0,0.6326013513513514,0.35714285714285715,0.15461001767196159,0.357371474294859,0.22334205510869917,medium,1.0
16297002,0,0.6245,12,0.17733648615125094,0.4495,98.17,117.3,98.17,0.0,0.47142454954954965,0.6428571428571429,0.2583775690444999,0.44938987797559515,0.1584294343767161,medium,0.6689
27290573,0,0.739,8,0.10611602814509749,0.3575,138.36,157.26,138.36,0.0,0.6326013513513514,0.35714285714285715,0.15461001767196159,0.357371474294859,0.22334205510869917,medium,1.0
16297002,0,0.6978,12,0.1898809694880858,0.4154,159.76,172.43,159.76,0.0,0.5746058558558559,0.6428571428571429,0.2766547657312229,0.41528305661132225,0.25790612785476624,medium,0.9965
30725357,13,0.6136,8,0.16028303041868033,0.5,94.64,94.64,100.79,0.0948905109489051,0.45608108108108114,0.35714285714285715,0.23353084110495287,0.4998999799959992,0.1527279775172013,medium,1.0
199515248,46,0.6573,11,0.1209809959753218,0.4852,23.14,24.04,23.14,0.3357664233576642,0.5175957207207207,0.5714285714285714,0.17626813889382537,0.4850970194038808,0.03724521109926673,low,1.0
"[1105774248, 199515249]",15,0.687,14,0.05547714715700885,0.5826,45.89,45.89,106.98,0.10948905109489052,0.5594031531531533,0.7857142857142857,0.08082963445783876,0.5825165033006602,0.07398972768679137,low,1.0
4957359,6,0.809,13,0.054378871337115525,0.511,51.6,51.6,110.13,0.043795620437956206,0.7311373873873875,0.7142857142857143,0.07922945670340548,0.5109021804360873,0.08321219756436347,low,1.0
199515776,0,0.7333,12,0.029407930671260928,0.3361,30.62,30.62,32.9,0.0,0.6245777027027026,0.6428571428571429,0.04284702613632325,0.33596719343868775,0.04932648512452758,low,1.0
27288942,0,0.8106,8,0.10577647275674679,0.5,25.85,44.86,25.85,0.0,0.7333896396396395,0.35714285714285715,0.1541152885984493,0.4998999799959992,0.04162225021804439,low,0.9986
27288942,0,0.748,12,0.13701582695248735,0.4914,60.17,79.98,60.17,0.0,0.6452702702702703,0.6428571428571429,0.19963073994630995,0.4912982596519304,0.09705397809865297,low,1.0
27292880,0,0.7175,12,0.1461090327581374,0.3914,125.92,131.39,125.92,0.0,0.6023367117117118,0.6428571428571429,0.2128794570564601,0.3912782556511303,0.20324966889556484,low,0.9945
"[18017184, 27292988, 27289094]",0,0.8231,12,0.10081027949898948,0.3509,125.88,131.75,125.88,0.0,0.7509853603603606,0.6428571428571429,0.1468795907606769,0.3507701540308062,0.2031850631521142,low,1.0
18017184,0,0.7553,12,0.08792070156118338,0.5,238.42,245.2,238.42,0.0,0.6555461711711712,0.6428571428571429,0.1280995944186698,0.4998999799959992,0.3849533223503569,low,0.9929
27292880,0,0.7175,12,0.14610903275813736,0.3914,125.92,131.39,125.92,0.0,0.6023367117117118,0.6428571428571429,0.21287945705646003,0.3912782556511303,0.20324966889556484,low,0.9945
2418095,0,0.6859,12,0.18645072995877768,0.5,39.89,156.71,39.89,0.0,0.5578547297297297,0.6428571428571429,0.2716569383296238,0.4998999799959992,0.06429886616920245,low,1.0
"[16296979, 27292964]",0,0.7665,12,0.0662230249233227,0.3727,151.98,195.53,151.98,0.0,0.6713119369369369,0.6428571428571429,0.0964862793935207,0.3725745149029806,0.24534031075362597,low,1.0
1027231321,0,0.8311,8,0.10641961605901237,0.5,64.03,135.74,64.03,0.0,0.7622466216216215,0.35714285714285715,0.1550523424664823,0.4998999799959992,0.10328843234163518,low,0.955
27292982,0,0.7222,12,0.11753757323407814,0.1091,321.45,321.45,326.1,0.0,0.6089527027027026,0.6428571428571429,0.17125110367385393,0.10892178435687137,0.5190586943179248,medium,0.9778
30686960,0,0.6456,8,0.057270868437775416,0.1091,231.05,231.05,239.78,0.0,0.5011261261261261,0.35714285714285715,0.08344306984369206,0.10892178435687137,0.37304971411958526,high,1.0
30686960,0,0.7646,12,0.13709545173278392,0.1029,182.42,182.42,190.69,0.0,0.6686373873873873,0.6428571428571429,0.1997467525178556,0.10272054410882177,0.29450528151952704,medium,0.9999
16297002,0,0.7522,12,0.06656627724527925,0.0668,258.22,258.22,263.99,0.0,0.6511824324324325,0.6428571428571429,0.09698639486524782,0.0666133226645329,0.4169331653584004,medium,1.0
"[18017184, 27292988, 27289094]",0,0.8231,12,0.10081027949898942,0.3509,125.88,131.75,125.88,0.0,0.7509853603603606,0.6428571428571429,0.1468795907606768,0.3507701540308062,0.2031850631521142,low,1.0
30686960,0,0.7646,12,0.13709545173278392,0.1029,182.42,182.42,190.69,0.0,0.6686373873873873,0.6428571428571429,0.1997467525178556,0.10272054410882177,0.29450528151952704,medium,0.9999
202053018,0,0.7605,12,0.06471791213391077,0.2507,129.65,130.04,129.65,0.0,0.662865990990991,0.6428571428571429,0.09429334392147877,0.2505501100220044,0.20927415447233258,low,1.0
30686613,0,0.6471,8,0.12136762873636109,0.2768,137.43,137.43,144.31,0.0,0.5032376126126127,0.35714285714285715,0.17683145926576097,0.27665533106621326,0.22183997157347288,high,0.6141
202053019,0,0.8006,12,0.05331558039571433,0.5,18.53,18.53,21.71,0.0,0.719313063063063,0.6428571428571429,0.0776802515947235,0.4998999799959992,0.029799399166585916,low,1.0
27292992,0,0.7764,8,0.06168242036741399,0.2059,96.07,102.42,96.07,0.0,0.6852477477477478,0.35714285714285715,0.08987066037465775,0.20574114822964593,0.15503763284555996,medium,1.0
27292992,0,0.7764,8,0.06168242036741399,0.2059,96.07,102.42,96.07,0.0,0.6852477477477478,0.35714285714285715,0.08987066037465775,0.20574114822964593,0.15503763284555996,medium,1.0
686204498,0,0.8522,12,0.023032965908338605,0.1998,85.02,85.02,86.83,0.0,0.7919481981981983,0.6428571428571429,0.033558761190350714,0.19963992798559713,0.13719029621733372,low,1.0
"[1442584800, 686204498]",0,0.8303,13,0.023032965908338605,0.2649,21.17,21.17,24.14,0.0,0.7611204954954955,0.7142857142857143,0.033558761190350714,0.26475295059011805,0.03406337823432504,low,1.0
"[30097936, 30097937, 972556338, 972556339, 319902970, 319902971, 19742814]",15,0.6011,8,0.1603214334413905,0.5948,173.51,181.67,173.51,0.10948905109489052,0.43848536036036034,0.35714285714285715,0.23358679395534865,0.5947189437887578,0.2801143521659075,medium,0.9896
598147041,0,1.0,12,0.11097303376929611,0.4797,290.46,290.46,298.17,0.0,1.0,0.6428571428571429,0.16168663013326015,0.4795959191838368,0.4690053945795781,low,1.0
27474073,0,0.6981,8,0.1692202663100415,0.1281,267.14,267.14,275.84,0.0,0.5750281531531533,0.35714285714285715,0.24655231148647141,0.1279255851170234,0.4313402461478826,high,1.0
598147041,0,0.5791,14,0.19752695458376301,0.4546,203.72,203.72,209.15,0.0,0.40751689189189183,0.7857142857142857,0.28779489559588617,0.45449089817963595,0.3289078399069677,medium,0.9984
2418032,0,0.7082,12,0.10104044898291796,0.4541,378.61,378.61,387.01,0.0,0.5892454954954957,0.6428571428571429,0.14721494557889325,0.45399079815963195,0.611380301708822,medium,0.9999
"[313842643, 901443606]",0,0.7143,8,0.12283428891169731,0.5,325.64,325.64,333.64,0.0,0.5978322072072073,0.35714285714285715,0.17896836963324425,0.4998999799959992,0.5258261459443745,high,0.9999
"[27474089, 175994561]",0,0.6649,8,0.09247168904785771,0.5,303.19,311.57,303.19,0.0,0.528293918918919,0.35714285714285715,0.13473034127203118,0.4998999799959992,0.4895661724327293,high,0.9992
"[851330425, 901462413, 901462414, 901462415]",0,0.707,12,0.12976798964267708,0.3074,310.07,310.07,320.95,0.0,0.5875563063063063,0.6428571428571429,0.18907070773870246,0.3072614522904581,0.5006783603062313,medium,0.9999
"[901462411, 23180860]",0,0.7766,12,0.12540393107223874,0.326,298.79,298.79,314.69,0.0,0.6855292792792793,0.6428571428571429,0.18271231459467632,0.32586517303460694,0.48245954065316415,medium,1.0
"[851330435, 901462410, 901462412, 23180859, 23180860]",0,0.9021,12,0.03225524732856143,0.5,291.47,291.47,313.37,0.0,0.8621903153153154,0.6428571428571429,0.046995540282143346,0.4998999799959992,0.4706366896017057,low,1.0
"[851330432, 901462402, 851330435, 901462404, 901462407, 901462408, 851330426, 851330427, 851330428]",0,0.747,12,0.050254940270377954,0.0833,316.15,316.15,351.37,0.0,0.6438626126126127,0.6428571428571429,0.07322092712069028,0.08311662332466492,0.5104984333107213,medium,1.0
"[993238392, 27474091, 993239062]",0,0.8396,8,0.08217346234115404,0.4535,98.96,98.96,131.35,0.0,0.7742117117117119,0.35714285714285715,0.1197259198073224,0.45339067813562717,0.15970539780986528,low,0.5167
"[993238392, 27474091, 993239062]",0,0.8396,8,0.08217346234115411,0.4535,98.96,98.96,131.35,0.0,0.7742117117117119,0.35714285714285715,0.1197259198073225,0.45339067813562717,0.15970539780986528,low,0.5167
27474094,41,0.6416,12,0.1429010827657142,0.5,66.48,77.17,66.48,0.29927007299270075,0.49549549549549543,0.6428571428571429,0.20820550346280942,0.4998999799959992,0.10724553412798399,low,1.0
"[1186355842, 1186355843, 325227908, 685334339, 198358155, 950217966, 950217967, 950217968, 950217969, 367986266, 43585213, 685540638]",2,0.6746,10,0.07865637547934376,0.6579,33.22,33.22,34.94,0.014598540145985401,0.5419481981981982,0.5,0.11460155664213403,0.6578315663132627,0.053525858448816105,low,1.0
198882135,38,0.6582,12,0.0946496846236756,0.5,63.12,63.12,64.12,0.2773722627737226,0.5188626126126127,0.6428571428571429,0.13790366076659716,0.4998999799959992,0.10181865167813418,low,1.0
2425502,3,0.7448,11,0.15576785403412638,0.2203,585.39,603.93,585.39,0.021897810218978103,0.6407657657657658,0.5714285714285714,0.22695227069755963,0.22014402880576114,0.9453596924766611,high,1.0
27548210,0,0.7383,11,0.16668953102082124,0.187,536.11,558.37,536.11,0.0,0.631615990990991,0.5714285714285714,0.2428650534782209,0.1868373674734947,0.8657654165455309,high,1.0
"[676195904, 782080689, 99961290]",0,0.7032,11,0.13710410344208454,0.4927,460.63,473.06,460.63,0.0,0.5822072072072073,0.5714285714285714,0.1997593579786241,0.4925985197039408,0.7438543786542624,high,0.9997
27548210,0,0.9984,8,0.18664121601135292,0.5,485.12,560.09,485.12,0.0,0.9977477477477477,0.35714285714285715,0.27193447475384397,0.4998999799959992,0.7834092450818878,high,1.0
30198464,0,0.5624,8,0.18664121601135292,0.2137,485.67,548.43,485.67,0.0,0.38400900900900903,0.35714285714285715,0.27193447475384397,0.21354270854170834,0.7842975740543335,high,1.0
27548210,0,0.7383,11,0.16668953102082124,0.187,536.11,558.37,536.11,0.0,0.631615990990991,0.5714285714285714,0.2428650534782209,0.1868373674734947,0.8657654165455309,high,1.0
27548816,0,0.7619,8,0.08423078554182464,0.4113,196.63,481.0,196.63,0.0,0.6648367117117118,0.35714285714285715,0.12272342076269475,0.41118223644728946,0.31745647188035014,medium,0.9999
4253383,0,0.5886,12,0.2508068688539552,0.6551,12.3,386.57,12.3,0.0,0.42088963963963966,0.6428571428571429,0.3654232399780428,0.6550310062012402,0.01973705462415609,low,0.9994
4253383,3,0.6045,12,0.24966809182598174,0.2765,112.61,393.55,112.61,0.021897810218978103,0.44327139639639646,0.6428571428571429,0.36376405233645404,0.27635527105421087,0.18175210776238007,medium,1.0
27792710,0,0.5684,12,0.20103823083227954,0.5644,35.89,370.1,35.89,0.0,0.39245495495495497,0.6428571428571429,0.29291079275102144,0.5643128625725146,0.05783829182414317,low,0.9916
"[27098360, 27792710]",1,0.6024,8,0.2286160771391432,0.1976,105.7,331.57,105.7,0.0072992700729927005,0.44031531531531537,0.35714285714285715,0.3330914608273794,0.1974394878975795,0.17059146558129018,high,1.0
27792710,0,0.5684,12,0.2010382308322795,0.5644,35.89,370.1,35.89,0.0,0.39245495495495497,0.6428571428571429,0.29291079275102144,0.5643128625725146,0.05783829182414317,low,0.9916
27792782,0,0.5439,12,0.3090164700643158,0.7661,26.44,352.35,26.44,0.0,0.3579673423423424,0.6428571428571429,0.4502340928294691,0.7660532106421284,0.042575184933940635,medium,0.7414
19209657,0,0.7838,8,0.08038537564112404,0.5,87.7,351.27,87.7,0.0,0.6956644144144145,0.35714285714285715,0.11712069395370764,0.4998999799959992,0.14151888102852345,medium,0.761
19209657,0,0.8681,12,0.06701950694458979,0.1595,125.67,337.5,125.67,0.0,0.8143299549549551,0.6428571428571429,0.09764674636288496,0.15933186637327465,0.2028458829989986,low,1.0
27813827,0,0.6088,12,0.13430685766244038,0.4449,193.7,204.29,193.7,0.0,0.44932432432432434,0.6428571428571429,0.1956837966403951,0.44478895779155836,0.3127241011725942,medium,1.0
"[7742369, 1071583350, 1070356422, 1070356423]",0,0.477,12,0.19883966212572837,0.5,116.64,123.31,116.64,0.0,0.26379504504504503,0.6428571428571429,0.2897074983944562,0.4998999799959992,0.1882611364150273,medium,1.0
"[7742369, 1070356420, 1070356421, 1136600654, 1136600655]",0,0.8007,14,0.06429545772689531,0.3122,36.91,47.14,36.91,0.0,0.7194538288288288,0.7857142857142857,0.09367783174127424,0.3120624124824965,0.05948573828213328,low,1.0
27813827,0,0.6088,12,0.13430685766244035,0.4449,193.7,204.29,193.7,0.0,0.44932432432432434,0.6428571428571429,0.19568379664039506,0.44478895779155836,0.3127241011725942,medium,1.0
19209657,0,0.8681,12,0.0670195069445898,0.1595,125.67,337.5,125.67,0.0,0.8143299549549551,0.6428571428571429,0.09764674636288498,0.15933186637327465,0.2028458829989986,low,1.0
19209657,0,0.857,12,0.04529382120350197,0.2712,222.46,309.69,222.46,0.0,0.7987049549549549,0.6428571428571429,0.06599262233229854,0.27105421084216846,0.35917563071357045,low,1.0
"[1430348667, 27813829]",0,0.6583,8,0.16503510874468535,0.4571,220.83,230.76,220.83,0.0,0.5190033783783784,0.35714285714285715,0.24045457545916676,0.45699139827965596,0.35654294666795877,high,0.9993
"[1430348667, 27813829]",0,0.6583,8,0.16503510874468535,0.4571,220.83,230.76,220.83,0.0,0.5190033783783784,0.35714285714285715,0.24045457545916676,0.45699139827965596,0.35654294666795877,high,0.9993
"[1430350329, 27813831]",0,0.6845,11,0.057925820572428136,0.3985,120.6,126.99,120.6,0.0,0.555884009009009,0.5714285714285714,0.08439732907175344,0.3983796759351871,0.19465710501663597,low,0.9988
27813831,0,0.6293,11,0.15301429257837681,0.4871,83.97,83.97,92.19,0.0,0.4781813063063063,0.5714285714285714,0.2229403570169112,0.48699739947989595,0.13549439545175568,medium,0.7812
19209657,0,0.7838,8,0.08038537564112404,0.5,87.7,351.27,87.7,0.0,0.6956644144144145,0.35714285714285715,0.11712069395370764,0.4998999799959992,0.14151888102852345,medium,0.761
246801281,0,1.0,12,0.12396885836863937,0.1924,211.61,211.9,211.61,0.0,1.0,0.6428571428571429,0.18062142688259214,0.19223844768953788,0.34165132280259713,low,1.0
8173092,0,0.6967,12,0.1239688583686394,0.1924,191.0,191.0,193.31,0.0,0.5730574324324325,0.6428571428571429,0.18062142688259217,0.19223844768953788,0.3083632134896792,medium,1.0
27814375,0,0.6958,12,0.1251031427569873,0.5276,136.35,139.85,136.35,0.0,0.5717905405405406,0.6428571428571429,0.18227406878962388,0.52750550110022,0.22009561650030685,low,1.0
27814375,0,0.6958,12,0.12510314275698733,0.5276,136.35,139.85,136.35,0.0,0.5717905405405406,0.6428571428571429,0.1822740687896239,0.52750550110022,0.22009561650030685,low,1.0
1462354004,0,0.73,14,0.11078460876496492,0.464,49.52,54.95,49.52,0.0,0.6199324324324325,0.7857142857142857,0.1614120966373492,0.4638927785557112,0.07985269890493266,low,1.0
"[1288490778, 1462354004]",0,0.6098,8,0.19969831004535463,0.7999,121.84,128.76,121.84,0.0,0.450731981981982,0.35714285714285715,0.2909585405051801,0.799859971994399,0.19665988306360438,medium,0.9998
25359285,0,0.7213,12,0.10960802198678438,0.5,301.64,311.79,301.64,0.0,0.607685810810811,0.6428571428571429,0.15969782053793757,0.4998999799959992,0.4870626998740188,medium,0.9999
25359285,0,0.7144,12,0.1408078173170754,0.3387,288.15,301.78,288.15,0.0,0.597972972972973,0.6428571428571429,0.20515563498317652,0.33856771354270854,0.4652744128953064,medium,1.0
27814376,0,0.8007,8,0.14255435356993404,0.5,276.67,283.96,276.67,0.0,0.7194538288288288,0.35714285714285715,0.2077003222179434,0.4998999799959992,0.44673256452498633,medium,0.6488
27814376,0,0.8007,8,0.14255435356993404,0.5,276.67,283.96,276.67,0.0,0.7194538288288288,0.35714285714285715,0.2077003222179434,0.4998999799959992,0.44673256452498633,medium,0.6488
27814377,0,0.753,8,0.07643899136754363,0.5,125.08,125.08,129.02,0.0,0.6523085585585586,0.35714285714285715,0.11137084841341147,0.4998999799959992,0.20189294828310236,medium,0.9998
31731184,0,0.7076,12,0.11556637137376387,0.5,153.26,153.26,155.2,0.0,0.5884009009009009,0.6428571428571429,0.16837908071820076,0.4998999799959992,0.24740769454404493,low,0.9999
31731184,0,0.6839,14,0.13589378615627837,0.5,76.21,76.21,78.18,0.0,0.5550394144144144,0.7857142857142857,0.19799593684026084,0.4998999799959992,0.12296088122234067,low,1.0
27814377,0,0.753,8,0.07643899136754363,0.5,125.08,125.08,129.02,0.0,0.6523085585585586,0.35714285714285715,0.11137084841341147,0.4998999799959992,0.20189294828310236,medium,0.9998
19210470,0,0.7389,12,0.09673829343470608,0.2158,43.55,43.55,47.39,0.0,0.6324605855855856,0.6428571428571429,0.1409467445681225,0.21564312862572513,0.07021029169493168,low,1.0
19210470,0,0.7482,12,0.07880619385525407,0.1592,157.69,157.69,159.39,0.0,0.6455518018018018,0.6428571428571429,0.1148198406360039,0.15903180636127226,0.2545627806311981,low,0.8942
27814381,0,0.7796,12,0.14783147197643048,0.2021,135.98,139.72,135.98,0.0,0.6897522522522522,0.6428571428571429,0.21538903513379934,0.20194038807761552,0.21949801337338887,low,0.7526
27814382,0,0.9268,12,0.023048282029623657,0.5,157.23,165.7,157.23,0.0,0.8969594594594595,0.6428571428571429,0.033581076638001126,0.4998999799959992,0.25381981458151626,low,1.0
27814382,0,0.761,12,0.12966069872745603,0.439,136.44,145.64,136.44,0.0,0.6635698198198199,0.6428571428571429,0.18891438586337775,0.4388877775555111,0.2202409794230707,low,1.0
27814381,0,0.7796,12,0.1478314719764305,0.2021,135.98,139.72,135.98,0.0,0.6897522522522522,0.6428571428571429,0.21538903513379937,0.20194038807761552,0.21949801337338887,low,0.7526
27814382,0,0.9268,12,0.023048282029623657,0.5,157.23,165.7,157.23,0.0,0.8969594594594595,0.6428571428571429,0.033581076638001126,0.4998999799959992,0.25381981458151626,low,1.0
30245233,0,0.7588,8,0.19516180786765086,0.4716,207.76,212.81,207.76,0.0,0.660472972972973,0.35714285714285715,0.28434889861357876,0.471494298859772,0.3354330199954776,high,0.7304
30245233,0,0.7965,12,0.15228675244107423,0.5,139.34,149.57,139.34,0.0,0.7135416666666666,0.6428571428571429,0.22188033773752652,0.4998999799959992,0.22492489582323869,low,1.0
30245233,0,0.7588,8,0.19516180786765086,0.4716,207.76,212.81,207.76,0.0,0.660472972972973,0.35714285714285715,0.28434889861357876,0.471494298859772,0.3354330199954776,high,0.7304
27814382,0,0.723,12,0.21886522925734872,0.4839,82.71,97.96,82.71,0.0,0.6100788288288288,0.6428571428571429,0.3188845652691889,0.4837967593518704,0.13345931453306198,low,0.9984
25859300,0,0.7798,12,0.1485371375642057,0.5,51.55,51.55,54.29,0.0,0.6900337837837839,0.6428571428571429,0.21641718339598784,0.4998999799959992,0.08313144038505023,low,1.0
25859300,0,0.753,8,0.15114161520003241,0.5,140.62,150.38,140.62,0.0,0.6523085585585586,0.35714285714285715,0.22021188332407488,0.4998999799959992,0.22699227961365764,medium,1.0
8259861,15,0.8172,12,0.057963371195287036,0.5,192.45,202.67,192.45,0.10948905109489052,0.7426801801801803,0.6428571428571429,0.08445203998341656,0.4998999799959992,0.3107051716897632,low,1.0
8259861,0,0.7223,12,0.11148734650267408,0.3284,332.32,332.32,336.85,0.0,0.6090934684684686,0.6428571428571429,0.16243597904895707,0.32826565313062617,0.5366153051006235,medium,1.0
27890697,0,0.7594,8,0.2096427179589487,0.5,222.51,222.51,259.78,0.0,0.6613175675675675,0.35714285714285715,0.3054474512470093,0.4998999799959992,0.35925638789288367,high,0.9566
25654318,0,0.7545,14,0.138079637402302,0.0902,261.86,268.62,261.86,0.0,0.654420045045045,0.7857142857142857,0.20118070197396565,0.09001800360072014,0.42281228801240434,medium,0.9989
25654318,0,0.7198,8,0.15945603187174728,0.0198,167.98,172.32,167.98,0.0,0.6055743243243243,0.35714285714285715,0.23232591183875137,0.019603920784156834,0.2711826081338631,high,1.0
27820980,0,0.7518,14,0.11352762632706224,0.0198,265.07,268.68,265.07,0.0,0.6506193693693695,0.7857142857142857,0.1654086479620559,0.019603920784156834,0.4279968989243144,medium,0.9994
27822612,0,0.5862,9,0.22284786869888498,0.3841,251.79,274.14,251.79,0.0,0.41751126126126137,0.42857142857142855,0.3246872342552856,0.3839767953590718,0.40654779209871755,high,1.0
782086194,0,0.7155,10,0.16550507696347008,0.064,228.05,347.62,228.05,0.0,0.5995213963963965,0.5,0.24113931482551554,0.06381276255251049,0.3682042833607908,high,0.993
"[7742073, 894763116]",0,0.6929,7,0.17391700548612896,0.0102,349.78,349.78,371.86,0.0,0.5677083333333333,0.2857142857142857,0.25339541720893055,0.010002000400080016,0.5648157121168071,high,1.0
"[27822610, 1046042373, 1046042374]",0,0.6121,7,0.08491683947813312,0.2998,275.89,325.27,275.89,0.0,0.45396959459459457,0.2857142857142857,0.1237229950293201,0.2996599319863973,0.44547275252769974,high,1.0
"[27098360, 27792710]",1,0.6024,8,0.22861607713914311,0.1976,105.7,331.57,105.7,0.0072992700729927005,0.44031531531531537,0.35714285714285715,0.3330914608273793,0.1974394878975795,0.17059146558129018,high,1.0
27890697,0,0.7594,8,0.20964271795894873,0.5,222.51,222.51,259.78,0.0,0.6613175675675675,0.35714285714285715,0.30544745124700934,0.4998999799959992,0.35925638789288367,high,0.9566
110415718,0,0.7128,8,0.13375742018631104,0.5405,200.65,217.94,200.65,0.0,0.5957207207207207,0.35714285714285715,0.19488327129800928,0.5404080816163233,0.32394934909713474,medium,0.9931
27890698,0,1.0,8,0.13375742018631104,0.3097,187.96,205.32,187.96,0.0,1.0,0.35714285714285715,0.19488327129800928,0.3095619123824765,0.3034531769874342,medium,1.0
27927827,0,0.7618,10,0.07298088938686137,0.1168,397.27,398.03,397.27,0.0,0.664695945945946,0.5,0.1063324256767742,0.11662332466493298,0.6415188810285234,high,0.9999
27927829,0,0.7024,8,0.04942230700014135,0.2718,316.47,319.63,316.47,0.0,0.5810810810810811,0.35714285714285715,0.07200778811453146,0.27165433086617324,0.5110152792583261,high,0.9999
27928094,0,0.7766,10,0.10858914228281079,0.5,176.1,176.1,188.09,0.0,0.6855292792792793,0.5,0.15821332219315887,0.4998999799959992,0.2842975740543334,medium,0.9111
227382965,0,0.774,8,0.06350126996234957,0.5,17.44,17.44,19.82,0.0,0.6818693693693695,0.35714285714285715,0.09252070748282282,0.4998999799959992,0.02803889265755726,low,0.9999
17940467,0,0.7755,12,0.08440873291094386,0.5,262.52,262.52,264.48,0.0,0.6839808558558559,0.6428571428571429,0.12298268844060117,0.4998999799959992,0.4238782827793391,low,0.9793
17940467,0,0.7997,12,0.0599863052702178,0.5,298.77,300.84,298.77,0.0,0.7180461711711712,0.6428571428571429,0.0873994362993108,0.4998999799959992,0.48242723778143876,low,0.9832
27928094,0,0.7766,10,0.10858914228281079,0.5,176.1,176.1,188.09,0.0,0.6855292792792793,0.5,0.15821332219315887,0.4998999799959992,0.2842975740543334,medium,0.9111
27928879,0,0.7675,10,0.12282849986901045,0.5,183.04,188.33,183.04,0.0,0.6727195945945946,0.5,0.17895993505136676,0.4998999799959992,0.2955066705430113,medium,0.9972
27929741,11,0.8524,12,0.07418665862472827,0.6238,369.73,378.72,369.73,0.08029197080291971,0.7922297297297298,0.6428571428571429,0.10808922035117759,0.6237247449489898,0.5970378266627904,low,0.9994
202053028,113,0.7111,14,0.10076583471454298,0.4626,477.25,486.33,477.25,0.8248175182481752,0.5933277027027026,0.7857142857142857,0.14681483511907606,0.4624924984997,0.7706980650579837,low,1.0
202053028,34,0.8718,14,0.09085010777579343,0.5,385.32,385.32,386.19,0.24817518248175183,0.8195382882882885,0.7857142857142857,0.1323677122934428,0.4998999799959992,0.6222179151726589,low,1.0
27929812,0,0.7638,10,0.12219661218767747,0.5,141.95,141.95,203.77,0.0,0.6675112612612614,0.5,0.17803928051936796,0.4998999799959992,0.22914042058338982,medium,0.6148
1318554051,0,0.7135,8,0.10409630570095059,0.4026,64.11,405.79,64.11,0.0,0.5967060810810811,0.35714285714285715,0.15166730067254022,0.4024804960992199,0.10341764382853635,medium,1.0
28853824,0,0.8066,12,0.1086346389547758,0.3131,46.99,46.99,55.62,0.0,0.7277590090090089,0.6428571428571429,0.15827961042518626,0.3129625925185037,0.07576638563168267,low,1.0
"[28853824, 909101521]",0,0.7568,8,0.05976469889465023,0.2304,95.23,99.51,95.23,0.0,0.6576576576576577,0.35714285714285715,0.0870765578511098,0.23024604920984196,0.15368091223309754,medium,1.0
"[1430350329, 1430350330, 28853818]",0,0.7865,12,0.0770263564941779,0.2304,127.28,127.28,135.04,0.0,0.6994650900900901,0.6428571428571429,0.11222663399326821,0.23024604920984196,0.20544626417288497,low,1.0
28853817,0,0.7756,8,0.07479359721976346,0.5563,170.99,177.74,170.99,0.0,0.6841216216216216,0.35714285714285715,0.10897352429422227,0.5562112422484498,0.27604419032852023,medium,1.0
"[1430350329, 28853818, 1430350330]",0,0.7865,12,0.07702635649417787,0.2304,127.28,127.28,135.04,0.0,0.6994650900900901,0.6428571428571429,0.11222663399326817,0.23024604920984196,0.20544626417288497,low,1.0
"[1430350329, 27813831]",0,0.6845,11,0.05792582057242815,0.3985,120.6,126.99,120.6,0.0,0.555884009009009,0.5714285714285714,0.08439732907175346,0.3983796759351871,0.19465710501663597,low,0.9988
28853817,0,0.7756,8,0.07479359721976347,0.5563,170.99,177.74,170.99,0.0,0.6841216216216216,0.35714285714285715,0.10897352429422229,0.5562112422484498,0.27604419032852023,medium,1.0
28853823,0,0.6307,12,0.13676425031240957,0.2855,32.86,34.18,32.86,0.0,0.4801520270270271,0.6428571428571429,0.19926419509874457,0.28535707141428285,0.05294440675776077,low,0.9991
164587414,0,0.8098,12,0.05057611347866708,0.2428,67.98,67.98,68.89,0.0,0.7322635135135136,0.6428571428571429,0.07368887352715323,0.24264852970594117,0.10966824950738122,low,1.0
1430348666,0,0.7884,14,0.08771195947288611,0.5,25.72,25.72,26.51,0.0,0.7021396396396397,0.7857142857142857,0.1277954591185412,0.4998999799959992,0.04141228155182996,low,1.0
28853823,0,0.9714,8,0.13676425031240957,0.3131,50.31,57.56,50.31,0.0,0.9597409909909911,0.35714285714285715,0.19926419509874457,0.3129625925185037,0.08112866233808186,low,0.9968
"[28853824, 909101521]",0,0.7568,8,0.05976469889465023,0.2304,95.23,99.51,95.23,0.0,0.6576576576576577,0.35714285714285715,0.0870765578511098,0.23024604920984196,0.15368091223309754,medium,1.0
28853823,0,0.9714,8,0.13676425031240957,0.3131,50.31,57.56,50.31,0.0,0.9597409909909911,0.35714285714285715,0.19926419509874457,0.3129625925185037,0.08112866233808186,low,0.9968
28853823,0,0.6307,12,0.1367642503124096,0.2855,32.86,34.18,32.86,0.0,0.4801520270270271,0.6428571428571429,0.19926419509874463,0.28535707141428285,0.05294440675776077,low,0.9991
28853824,0,0.8066,12,0.1086346389547758,0.3131,46.99,46.99,55.62,0.0,0.7277590090090089,0.6428571428571429,0.15827961042518626,0.3129625925185037,0.07576638563168267,low,1.0
471118554,0,0.7834,12,0.05329120988319666,0.0481,540.13,542.93,540.13,0.0,0.6951013513513514,0.6428571428571429,0.07764474398243836,0.047909581916383275,0.8722582937623155,high,1.0
2483869,0,0.6544,14,0.1525657494703341,0.3531,491.17,498.54,491.17,0.0,0.5135135135135135,0.7857142857142857,0.22228683383958764,0.3529705941188238,0.79318086377879,high,0.953
8255605,0,0.7281,14,0.13764720357195007,0.2971,594.79,609.0,594.79,0.0,0.6172578828828829,0.7857142857142857,0.20055064986587065,0.29695939187837567,0.9605420421875503,high,0.9999
30049307,0,0.6475,10,0.20667092285319824,0.413,80.07,80.07,86.71,0.0,0.5038006756756757,0.5,0.3011175731482476,0.4128825765153031,0.12919533546532286,medium,1.0
"[41225408, 504125578, 504125579]",0,0.8097,13,0.0735666512526628,0.2345,145.88,154.92,145.88,0.0,0.7321227477477479,0.7142857142857143,0.10718587532036358,0.23434686937387475,0.23548793487741057,low,1.0
"[41225408, 41225409]",0,0.645,7,0.11616761449458278,0.1678,123.41,126.61,123.41,0.0,0.5002815315315315,0.2857142857142857,0.16925508640776782,0.16763352670534107,0.1991956584940401,high,0.9998
30060843,0,0.8432,8,0.0732812153800417,0.0582,280.69,476.99,280.69,0.0,0.7792792792792792,0.35714285714285715,0.10676999788282708,0.058011602320464095,0.4532254417417709,high,0.9917
30060850,0,0.7089,14,0.10904644425081692,0.2206,372.26,372.26,378.81,0.0,0.5902308558558559,0.7857142857142857,0.15887960694877978,0.22044408881776353,0.6011241399360403,medium,1.0
30060850,0,0.846,8,0.05857542110273117,0.0582,345.04,412.63,345.04,0.0,0.7832207207207208,0.35714285714285715,0.08534379106156575,0.058011602320464095,0.557159931517912,high,1.0
30060851,0,0.5955,8,0.13822179037154111,0.1823,359.83,408.16,359.83,0.0,0.43060247747747754,0.35714285714285715,0.20138781754091417,0.18213642728545706,0.5810479051587686,high,1.0
30060850,0,0.846,8,0.05857542110273117,0.0582,345.04,412.63,345.04,0.0,0.7832207207207208,0.35714285714285715,0.08534379106156575,0.058011602320464095,0.557159931517912,high,1.0
30060851,0,0.5955,8,0.13822179037154111,0.1823,359.83,408.16,359.83,0.0,0.43060247747747754,0.35714285714285715,0.20138781754091417,0.18213642728545706,0.5810479051587686,high,1.0
30073419,0,0.7761,8,0.08623954588955213,0.5,292.81,292.81,301.74,0.0,0.6848254504504505,0.35714285714285715,0.12565016608859425,0.4998999799959992,0.4728009820073005,medium,0.9363
30073420,0,0.7484,8,0.10167698400184215,0.5,232.54,232.54,240.73,0.0,0.6458333333333333,0.35714285714285715,0.14814237123896032,0.4998999799959992,0.37545627806311976,medium,0.9971
4884668,0,0.7342,12,0.10654121112772146,0.5,247.16,247.16,256.14,0.0,0.6258445945945946,0.6428571428571429,0.15522950536169744,0.4998999799959992,0.3990696772943114,medium,0.6148
4884668,0,0.7297,12,0.09216796169062992,0.5,189.69,189.69,197.78,0.0,0.6195101351351352,0.6428571428571429,0.13428781330988782,0.4998999799959992,0.3062473753916723,low,0.9999
30073420,0,0.7484,8,0.10167698400184215,0.5,232.54,232.54,240.73,0.0,0.6458333333333333,0.35714285714285715,0.14814237123896032,0.4998999799959992,0.37545627806311976,medium,0.9971
4884668,0,1.0,12,0.08895989273464754,0.5,163.66,163.66,170.84,0.0,1.0,0.6428571428571429,0.12961368638742707,0.4998999799959992,0.26420518784119906,low,1.0
4884668,0,0.791,14,0.09412334462919143,0.5,137.23,137.23,142.03,0.0,0.7057995495495497,0.7857142857142857,0.13713678824223993,0.4998999799959992,0.2215169428562199,low,1.0
30073423,0,0.7781,8,0.08895989273464754,0.5,184.71,184.71,191.11,0.0,0.6876407657657658,0.35714285714285715,0.12961368638742707,0.4998999799959992,0.2982039603320735,medium,1.0
30073423,0,0.7781,8,0.08895989273464754,0.5,184.71,184.71,191.11,0.0,0.6876407657657658,0.35714285714285715,0.12961368638742707,0.4998999799959992,0.2982039603320735,medium,1.0
311561503,0,0.7513,7,0.1762976673503154,0.166,422.77,535.67,422.77,0.0,0.6499155405405406,0.2857142857142857,0.2568640196190873,0.16583316663332667,0.6827050424782763,high,1.0
8258983,0,0.7306,8,0.0697989741169815,0.0981,292.68,572.0,292.68,0.0,0.6207770270270271,0.35714285714285715,0.10169640443408862,0.09791958391678336,0.47259101334108605,high,1.0
30080799,0,0.7445,7,0.02639280348530627,0.4778,427.74,427.74,437.41,0.0,0.6403434684684686,0.2857142857142857,0.03845401359579374,0.4776955391078216,0.6907323061020125,high,1.0
99961288,0,0.8335,10,0.01667608542620928,0.5,420.96,420.96,426.63,0.0,0.7656250000000001,0.5,0.024296844874936847,0.4998999799959992,0.679781632587137,medium,1.0
47009631,1,0.8105,12,0.07768501053372853,0.5,291.93,291.93,292.35,0.0072992700729927005,0.7332488738738738,0.6428571428571429,0.1131862868626712,0.4998999799959992,0.47137965565138745,low,0.9855
1106625737,0,0.8049,8,0.06444143786587925,0.5,389.02,389.02,398.49,0.0,0.7253659909909909,0.35714285714285715,0.09389052345929264,0.4998999799959992,0.6281939464418387,high,0.9774
18942159,0,0.6372,6,0.0029891552115933915,0.5,433.45,433.45,443.1,0.0,0.48930180180180183,0.21428571428571427,0.004355113609254862,0.4998999799959992,0.6999547759795846,high,1.0
"[1106625736, 311561501, 311561502]",0,0.8667,7,0.07066402106328704,0.4289,404.02,404.02,413.59,0.0,0.8123592342342343,0.2857142857142857,0.10295676986774902,0.4287857571514303,0.652421100235811,high,1.0
68501768,0,0.7451,10,0.12364644691047261,0.5,241.59,241.59,248.68,0.0,0.6411880630630631,0.5,0.1801516763574618,0.4998999799959992,0.3900733275188164,medium,1.0
68501768,0,0.8351,14,0.06809392445400428,0.5,163.89,168.03,163.89,0.0,0.7678772522522521,0.7857142857142857,0.0992121627786863,0.4998999799959992,0.26457667086604,low,1.0
232717964,0,0.766,16,0.10645090355365515,0.5,199.61,225.25,199.61,0.0,0.6706081081081081,0.9285714285714286,0.15509792805801811,0.4998999799959992,0.3222695997674193,low,1.0
617094407,6,0.7351,11,0.06847798401998655,0.4157,167.82,196.05,167.82,0.043795620437956206,0.6271114864864865,0.5714285714285714,0.09977173402912302,0.4155831166233247,0.2709241851600607,low,0.999
68501768,0,0.7607,9,0.10263784789408444,0.5,90.65,90.65,96.35,0.0,0.6631475225225226,0.42857142857142855,0.1495423410803738,0.4998999799959992,0.14628355460800466,low,0.7648
"[4370466, 8400411]",0,0.833,14,0.09465812222466863,0.4657,94.84,94.84,99.35,0.0,0.7649211711711711,0.7857142857142857,0.13791595427353345,0.46559311862372477,0.15305100623445425,low,1.0
68501768,0,0.8351,14,0.06809392445400428,0.5,163.89,168.03,163.89,0.0,0.7678772522522521,0.7857142857142857,0.0992121627786863,0.4998999799959992,0.26457667086604,low,1.0
30198798,0,0.4916,6,0.2806128538534833,0.5,407.72,420.49,407.72,0.0,0.2843468468468468,0.21428571428571427,0.4088502856083926,0.4998999799959992,0.6583971315049909,high,1.0
30193003,0,0.6221,9,0.20007958636369538,0.5,558.53,571.41,558.53,0.0,0.46804617117117114,0.42857142857142855,0.29151405658943697,0.4998999799959992,0.901976935749588,high,1.0
2430956,0,0.6018,10,0.1866550611179193,0.5,528.15,541.13,528.15,0.0,0.43947072072072074,0.5,0.2719546469465974,0.4998999799959992,0.8529088735988628,high,1.0
2430956,38,0.8319,13,0.08088786132517511,0.3669,534.15,542.04,534.15,0.2773722627737226,0.7633727477477479,0.7142857142857143,0.11785281096746272,0.3667733546709342,0.8625997351164517,medium,0.9999
2430956,0,0.6881,11,0.12407357721125101,0.5,379.46,392.43,379.46,0.0,0.5609515765765767,0.5714285714285714,0.18077400127181378,0.4998999799959992,0.612753173757147,medium,0.7839
2430956,0,0.6018,10,0.1866550611179193,0.5,528.15,541.13,528.15,0.0,0.43947072072072074,0.5,0.2719546469465974,0.4998999799959992,0.8529088735988628,high,1.0
30193003,0,0.5692,9,0.25064382559456183,0.5,403.42,416.33,403.42,0.0,0.39358108108108114,0.42857142857142855,0.3651856874507397,0.4998999799959992,0.6514520140840522,high,1.0
30198798,0,0.4916,6,0.2806128538534833,0.5,407.72,420.49,407.72,0.0,0.2843468468468468,0.21428571428571427,0.4088502856083926,0.4998999799959992,0.6583971315049909,high,1.0
32636980,0,0.6911,8,0.13942080380959865,0.6472,218.17,224.85,218.17,0.0,0.5651745495495496,0.35714285714285715,0.20313476907721642,0.6471294258851771,0.3522466647284943,medium,0.9889
27928471,0,0.7783,14,0.10458883141962598,0.5,265.27,268.5,265.27,0.0,0.6879222972972974,0.7857142857142857,0.1523849061084745,0.4998999799959992,0.42831992764156734,low,1.0
32636450,0,0.709,12,0.1230447598973135,0.5276,285.42,292.99,285.42,0.0,0.5903716216216216,0.6428571428571429,0.17927502392084332,0.52750550110022,0.4608650709048035,medium,0.9999
32636980,0,0.6911,8,0.13942080380959865,0.6472,218.17,224.85,218.17,0.0,0.5651745495495496,0.35714285714285715,0.20313476907721642,0.6471294258851771,0.3522466647284943,medium,0.9889
30199424,0,0.8567,14,0.07819906931632473,0.5,124.57,124.57,134.13,0.0,0.7982826576576577,0.7857142857142857,0.11393526577441797,0.4998999799959992,0.20106922505410732,low,1.0
30199425,0,0.8325,14,0.08478253790809682,0.5,114.07,123.47,114.07,0.0,0.7642173423423423,0.7857142857142857,0.12352731887869847,0.4998999799959992,0.1841102173983267,low,1.0
1462432302,0,0.7693,14,0.08633604787185171,0.5,173.1,181.54,173.1,0.0,0.6752533783783784,0.7857142857142857,0.12579076858801877,0.4998999799959992,0.27945214329553897,low,1.0
27929741,11,0.8524,12,0.07418665862472827,0.6238,369.73,378.72,369.73,0.08029197080291971,0.7922297297297298,0.6428571428571429,0.10808922035117759,0.6237247449489898,0.5970378266627904,low,0.9994
27929741,1,0.8466,14,0.05107204615149578,0.4921,280.51,289.66,280.51,0.0072992700729927005,0.7840653153153153,0.7857142857142857,0.07441144286391074,0.49199839967993597,0.4529347158962432,low,1.0
32636450,0,0.709,12,0.1230447598973135,0.5276,285.42,292.99,285.42,0.0,0.5903716216216216,0.6428571428571429,0.17927502392084332,0.52750550110022,0.4608650709048035,medium,0.9999
30198464,0,0.5624,8,0.18664121601135292,0.2137,485.67,548.43,485.67,0.0,0.38400900900900903,0.35714285714285715,0.27193447475384397,0.21354270854170834,0.7842975740543335,high,1.0
27548210,0,0.9984,8,0.18664121601135292,0.5,485.12,560.09,485.12,0.0,0.9977477477477477,0.35714285714285715,0.27193447475384397,0.4998999799959992,0.7834092450818878,high,1.0
30199824,0,0.845,14,0.056282992431187846,0.1117,352.42,352.42,355.86,0.0,0.781813063063063,0.7857142857142857,0.08200374360045985,0.11152230446089216,0.5690796911845464,medium,0.5218
30199824,0,0.7644,12,0.032529998314877774,0.3033,358.83,367.18,358.83,0.0,0.6683558558558559,0.6428571428571429,0.04739584993874193,0.3031606321264253,0.5794327615725038,medium,1.0
30241013,0,0.9448,8,0.01686982566990477,0.3033,376.57,385.17,376.57,0.0,0.9222972972972974,0.35714285714285715,0.024579122625648063,0.3031606321264253,0.6080854087928417,medium,0.9973
30243097,0,0.7731,9,0.0881611709176282,0.4676,50.55,60.06,50.55,0.0,0.6806024774774775,0.42857142857142855,0.12844995605628037,0.46749349869974,0.08151629679878541,low,0.9997
30243098,0,0.7377,10,0.12370409566433611,0.4643,95.18,95.18,150.88,0.0,0.6307713963963965,0.5,0.18023567006089428,0.46419283856771354,0.1536001550537843,low,0.875
238913755,0,0.8603,10,0.09525405015543734,0.5,27.74,28.89,27.74,0.0,0.8033502252252253,0.5,0.1387842157801504,0.4998999799959992,0.044674871596084895,low,1.0
"[1210470865, 365198127]",0,0.7724,11,0.09120488385447965,0.5,3.05,3.05,11.25,0.0,0.6796171171171171,0.5714285714285714,0.13288461777259092,0.4998999799959992,0.004796976451206512,low,1.0
27814382,0,0.761,12,0.12966069872745603,0.439,136.44,145.64,136.44,0.0,0.6635698198198199,0.6428571428571429,0.18891438586337775,0.4388877775555111,0.2202409794230707,low,1.0
27814382,0,0.723,12,0.21886522925734872,0.4839,82.71,97.96,82.71,0.0,0.6100788288288288,0.6428571428571429,0.3188845652691889,0.4837967593518704,0.13345931453306198,low,0.9984
30245233,0,0.7965,12,0.15228675244107426,0.5,139.34,149.57,139.34,0.0,0.7135416666666666,0.6428571428571429,0.22188033773752655,0.4998999799959992,0.22492489582323869,low,1.0
30246250,0,0.8817,8,0.017644384220608576,0.5,246.66,261.82,246.66,0.0,0.8334740990990993,0.35714285714285715,0.02570764730031741,0.4998999799959992,0.398262105501179,medium,0.9985
25359285,0,0.7144,12,0.14080781731707542,0.3387,288.15,301.78,288.15,0.0,0.597972972972973,0.6428571428571429,0.20515563498317654,0.33856771354270854,0.4652744128953064,medium,1.0
25359285,0,0.7891,13,0.04961664948940672,0.3872,244.92,259.01,244.92,0.0,0.7031250000000001,0.7142857142857143,0.0722909433314913,0.3870774154830966,0.39545175566107826,low,1.0
30246250,0,0.8817,8,0.017644384220608576,0.5,246.66,261.82,246.66,0.0,0.8334740990990993,0.35714285714285715,0.02570764730031741,0.4998999799959992,0.398262105501179,medium,0.9985
30248046,0,0.6896,8,0.10481997442176877,0.368,94.91,98.28,94.91,0.0,0.5630630630630631,0.35714285714285715,0.152721679333763,0.367873574714943,0.15316406628549278,medium,1.0
1432749564,0,0.4812,11,0.13230145116625544,0.312,14.49,14.49,18.15,0.0,0.2697072072072072,0.5714285714285714,0.19276193784530404,0.3118623724744949,0.02327421907807604,medium,0.9999
1432749564,0,0.7601,12,0.02878483887949493,0.307,158.73,158.73,187.95,0.0,0.662302927927928,0.6428571428571429,0.041939187134413164,0.3068613722744549,0.2562425299609135,low,1.0
7742909,0,0.6583,10,0.034228601468600864,0.4413,166.56,166.56,168.82,0.0,0.5190033783783784,0.5,0.04987069908953351,0.44118823764752957,0.268889104241367,medium,0.9913
27820980,0,0.7505,10,0.10893170755071259,0.043,250.92,250.92,256.92,0.0,0.6487894144144144,0.5,0.15871243663345602,0.042808561712342465,0.4051426171786672,medium,0.5042
27820980,0,0.7518,14,0.11352762632706229,0.0198,265.07,268.68,265.07,0.0,0.6506193693693695,0.7857142857142857,0.16540864796205595,0.019603920784156834,0.4279968989243144,medium,0.9994
723903169,15,0.697,14,0.21448867242659908,0.3954,261.8,261.8,267.65,0.10948905109489052,0.5734797297297297,0.7857142857142857,0.31250796227499855,0.39527905581116224,0.4227153793972285,medium,0.8488
723903169,0,0.7532,14,0.20491743075634916,0.043,335.32,335.32,341.71,0.0,0.6525900900900901,0.7857142857142857,0.29856275131285015,0.042808561712342465,0.5414607358594179,medium,0.9969
723903169,15,0.697,14,0.21448867242659908,0.3954,261.8,261.8,267.65,0.10948905109489052,0.5734797297297297,0.7857142857142857,0.31250796227499855,0.39527905581116224,0.4227153793972285,medium,0.8488
"[1187063721, 1187063722, 130886143, 1187063719]",14,0.6598,10,0.0008372572027240125,0.2184,207.95,207.95,209.51,0.10218978102189781,0.5211148648648649,0.5,0.00121981802937354,0.21824364872974594,0.33573989727686787,medium,0.9999
"[1187063720, 1187063724, 1187063718]",17,0.6085,10,5.148785835940945e-05,0.2832,168.1,168.1,175.59,0.12408759124087591,0.4489020270270271,0.5,7.495933159214025e-05,0.28305661132226445,0.27137642536421486,medium,0.9834
30286030,0,0.753,6,0.1047659096619209,0.1321,103.79,111.04,103.79,0.0,0.6523085585585586,0.21428571428571427,0.15264290747660259,0.13192638527705539,0.1675065413315244,high,0.9898
"[1064384192, 1064384193]",0,0.7138,7,4.177079203677756e-05,0.3931,39.9,39.9,42.47,0.0,0.5971283783783784,0.2857142857142857,6.080165545452052e-05,0.39297859571914384,0.0643150176050651,medium,0.9467
30286031,12,0.8666,6,0.06129693447972706,0.5,200.04,200.04,201.53,0.08759124087591241,0.8122184684684685,0.21428571428571427,0.0893090109866338,0.4998999799959992,0.32296411150951315,medium,1.0
38809713,14,0.87,8,0.00031931652438579075,0.5,164.4,164.4,166.61,0.10218978102189781,0.8170045045045047,0.35714285714285715,0.0004651832312830087,0.4998999799959992,0.265400394095035,low,1.0
30286031,12,0.8666,6,0.06129693447972706,0.5,200.04,200.04,201.53,0.08759124087591241,0.8122184684684685,0.21428571428571427,0.0893090109866338,0.4998999799959992,0.32296411150951315,medium,1.0
2450764,0,0.7697,12,0.06804506576244997,0.5,5.92,5.92,10.75,0.0,0.6758164414414416,0.6428571428571429,0.0991409761150816,0.4998999799959992,0.009432438543786543,low,1.0
30286838,0,0.7742,12,0.06062246698263524,0.5,58.07,58.87,58.07,0.0,0.6821509009009009,0.6428571428571429,0.08832631805523568,0.4998999799959992,0.09366217656749685,low,1.0
"[1340413294, 1071583346, 1071583347, 1442653015, 557694267, 557694269]",0,0.6857,12,0.15566428535111462,0.5,117.66,127.28,117.66,0.0,0.5575731981981982,0.6428571428571429,0.22680137208028198,0.4998999799959992,0.1899085828730174,low,0.999
30446158,0,0.5192,8,0.17146322338267428,0.5,94.26,102.72,94.26,0.0,0.32319819819819817,0.35714285714285715,0.24982027928359948,0.4998999799959992,0.15211422295442067,high,0.9172
41518095,0,0.6376,14,0.12777527598376315,0.4398,60.84,178.19,60.84,0.0,0.4898648648648648,0.7857142857142857,0.18616734229061388,0.43968793758751756,0.09813612430145041,low,1.0
41518095,0,0.5576,12,0.15909799884658193,0.6662,80.86,85.21,80.86,0.0,0.37725225225225223,0.6428571428571429,0.2318042610185797,0.666133226645329,0.1304712988984721,low,0.9992
30446394,0,0.6184,12,0.344918376636724,0.2999,177.18,177.18,177.84,0.0,0.4628378378378378,0.6428571428571429,0.5025428400478955,0.2997599519903981,0.28604192912749943,high,0.9828
30446395,0,0.7903,7,0.05253219638697285,0.2872,191.48,191.48,197.28,0.0,0.7048141891891891,0.2857142857142857,0.07653886830897598,0.28705741148229647,0.3091384824110863,medium,0.9935
30446395,0,0.6267,11,0.05774346265967299,0.2872,148.32,148.32,153.74,0.0,0.47452139639639646,0.5714285714285714,0.08413163527239072,0.28705741148229647,0.23942888522789674,medium,0.999
725187385,0,0.9445,12,0.05774346265967299,0.2872,113.57,113.57,119.29,0.0,0.9218750000000001,0.6428571428571429,0.08413163527239072,0.28705741148229647,0.1833026456051943,low,1.0
30446395,0,0.6267,11,0.05774346265967299,0.2872,148.32,148.32,153.74,0.0,0.47452139639639646,0.5714285714285714,0.08413163527239072,0.28705741148229647,0.23942888522789674,medium,0.999
"[48379761, 725187386, 725187383]",0,0.7382,14,0.025848063819934666,0.2032,30.99,30.99,32.89,0.0,0.6314752252252253,0.7857142857142857,0.037660332920415,0.2030406081216243,0.04992408825144556,low,1.0
30446395,0,0.7903,7,0.05253219638697285,0.2872,191.48,191.48,197.28,0.0,0.7048141891891891,0.2857142857142857,0.07653886830897598,0.28705741148229647,0.3091384824110863,medium,0.9935
30446946,0,0.461,9,0.2149984986902578,0.6143,106.46,106.46,107.85,0.0,0.24127252252252254,0.42857142857142855,0.31325077444563504,0.6142228445689137,0.17181897470685142,high,0.9118
"[591927089, 591927087]",0,0.4513,6,0.2163350330443358,0.5149,164.88,164.88,165.9,0.0,0.2276182432432432,0.21428571428571427,0.31519809269000754,0.5148029605921185,0.26617566301644213,high,1.0
30446158,0,0.5192,8,0.17146322338267428,0.5,94.26,102.72,94.26,0.0,0.32319819819819817,0.35714285714285715,0.24982027928359948,0.4998999799959992,0.15211422295442067,high,0.9172
723903170,0,0.8793,5,0.057806497783594056,0.03,154.04,258.73,154.04,0.0,0.8300957207207207,0.14285714285714285,0.08422347686738843,0.029805961192238446,0.2486675065413315,high,0.9973
30477239,0,0.9378,8,0.057806497783594056,0.03,162.67,261.15,162.67,0.0,0.9124436936936936,0.35714285714285715,0.08422347686738843,0.029805961192238446,0.26260619569079685,medium,1.0
30477242,0,0.8739,7,0.049041777937807715,0.2415,143.78,233.54,143.78,0.0,0.8224943693693695,0.2857142857142857,0.07145336077539476,0.24134826965393077,0.23209613334625448,medium,1.0
25654301,0,1.0,5,0.057806497783594056,0.03,163.31,271.01,163.31,0.0,1.0,0.14285714285714285,0.08422347686738843,0.029805961192238446,0.26363988758600637,medium,0.8634
723903171,0,0.9968,10,0.057806497783594056,0.03,173.46,279.83,173.46,0.0,0.9954954954954957,0.5,0.08422347686738843,0.029805961192238446,0.2800335949865943,low,0.9834
30477246,0,0.7552,10,0.12369136570649984,0.0902,323.83,331.93,323.83,0.0,0.6554054054054054,0.5,0.1802171226295701,0.09001800360072014,0.5229027360532351,high,0.9995
30477246,0,0.797,10,0.13095108561316282,0.0902,351.76,358.73,351.76,0.0,0.7142454954954957,0.5,0.1907944676713529,0.09001800360072014,0.5680136964176116,high,0.9998
"[8117353, 1442650642, 237323557, 201783839]",18,0.5632,12,0.14855755084252042,0.4185,171.33,171.33,181.96,0.13138686131386862,0.3851351351351352,0.6428571428571429,0.21644692535448554,0.41838367673534704,0.2765933391478502,medium,0.9969
828645300,0,0.9999,7,0.10764923600548354,0.5,321.73,321.73,332.49,0.0,0.9998592342342343,0.2857142857142857,0.1568438874036564,0.4998999799959992,0.5195109345220791,medium,0.9994
2481098,0,0.6631,9,0.18299433244899688,0.1894,89.42,89.42,96.17,0.0,0.5257601351351352,0.42857142857142855,0.26662099899139174,0.1892378475695139,0.14429692799689894,medium,0.9549
27268425,0,0.7147,10,0.12216172536593228,0.009,143.37,148.97,143.37,0.0,0.5983952702702703,0.5,0.17798845074139383,0.008801760352070413,0.2314339244758859,medium,0.999
"[1099987456, 1420326652, 1263399909]",1,0.7721,9,0.0011580349243646539,0.4575,101.07,102.96,101.07,0.0072992700729927005,0.6791948198198199,0.42857142857142855,0.0016871882154320895,0.4573914782956592,0.16311335077688405,low,1.0
"[1420329866, 160532844]",8,0.856,12,0.05468450301314942,0.344,15.81,15.81,19.93,0.058394160583941604,0.7972972972972974,0.6428571428571429,0.0796747592405105,0.34386877375475094,0.025406208611945605,low,1.0
"[562623113, 1420329867]",0,0.8465,8,0.09822148353213012,0.4051,105.5,114.95,105.5,0.0,0.7839245495495496,0.35714285714285715,0.14310773887984668,0.4049809961992399,0.17026843686403723,medium,0.9862
4390272,0,0.7693,7,0.09572843123776212,0.5,173.31,192.46,173.31,0.0,0.6752533783783784,0.2857142857142857,0.13947538464803447,0.4998999799959992,0.2797913234486546,medium,0.9998
4390228,0,0.6406,11,0.14121572834518337,0.4214,146.27,176.71,146.27,0.0,0.4940878378378378,0.5714285714285714,0.20574995759425774,0.4212842568513703,0.2361178408760539,medium,1.0
562623114,0,0.7329,10,0.11904917579655802,0.2583,171.09,225.79,171.09,0.0,0.6240146396396397,0.5,0.17345349468548488,0.2581516303260652,0.27620570468714667,medium,1.0
30575232,0,0.5079,10,0.18867198106309996,0.5,174.3,189.48,174.3,0.0,0.3072916666666667,0.5,0.274893280730836,0.4998999799959992,0.28139031559905675,high,0.8281
30575232,0,0.887,10,0.04940274536617567,0.5,196.26,198.76,196.26,0.0,0.8409346846846847,0.5,0.07197928699400667,0.4998999799959992,0.31685886875343217,low,1.0
30576515,0,0.7513,10,0.08449618110390787,0.6207,137.51,141.53,137.51,0.0,0.6499155405405406,0.5,0.12311009965234941,0.620624124824965,0.22196918306037403,low,0.9999
"[772035081, 330341]",0,0.8511,5,0.016183959480502608,0.5,184.79,185.53,184.79,0.0,0.7903997747747747,0.14285714285714285,0.02357982190453607,0.4998999799959992,0.2983331718189747,medium,0.9998
30575233,0,0.8854,5,0.016183959480502608,0.4846,168.89,168.89,168.98,0.0,0.8386824324324323,0.14285714285714285,0.02357982190453607,0.48449689937987594,0.27265238879736403,medium,1.0
330341,0,0.999,7,0.08449618110390787,0.5,145.51,146.0,145.51,0.0,0.9985923423423425,0.2857142857142857,0.12311009965234941,0.4998999799959992,0.2348903317504926,low,0.8747
30576515,0,0.7513,10,0.08449618110390787,0.6207,137.51,141.53,137.51,0.0,0.6499155405405406,0.5,0.12311009965234941,0.620624124824965,0.22196918306037403,low,0.9999
8386793,0,0.6123,12,0.17773184596681027,0.1557,261.87,265.18,261.87,0.0,0.45425112612612606,0.6428571428571429,0.2589536046544948,0.15553110622124425,0.422828439448267,high,0.8838
8386793,0,0.8037,12,0.03908391567371847,0.4688,266.58,266.58,271.57,0.0,0.7236768018018019,0.6428571428571429,0.05694484716880907,0.46869373874774956,0.43043576573957426,low,1.0
30583367,0,0.8387,8,0.13667706665402313,0.1444,172.84,172.84,179.46,0.0,0.7729448198198198,0.35714285714285715,0.1991371693114395,0.14422884576915382,0.2790322059631101,medium,0.9702
30583367,0,0.8387,8,0.1366770666540231,0.1444,172.84,172.84,179.46,0.0,0.7729448198198198,0.35714285714285715,0.19913716931143943,0.14422884576915382,0.2790322059631101,medium,0.9702
"[495529501, 30584286]",0,0.5686,7,0.10361166482290571,0.5,187.6,194.17,187.6,0.0,0.3927364864864865,0.2857142857142857,0.150961183376785,0.4998999799959992,0.30287172529637885,high,0.9998
8117362,0,0.7182,12,0.20748834562031368,0.3384,305.59,305.59,395.03,0.0,0.603322072072072,0.6428571428571429,0.30230855059144807,0.33826765353070615,0.4934425170397648,medium,0.9821
"[945432161, 945432162, 4707370, 164587413, 699304735]",0,0.7562,12,0.09302902617635174,0.13,105.3,105.3,133.25,0.0,0.6568130630630631,0.6428571428571429,0.1355423763351563,0.1298259651930386,0.16994540814678424,low,0.9991
"[919200905, 164587412, 699304735]",28,0.6565,12,0.07770894216693425,0.3384,348.84,348.84,388.45,0.20437956204379562,0.5164695945945946,0.6428571428571429,0.11322115503184091,0.33826765353070615,0.5632974771457182,medium,1.0
30686613,0,0.6471,8,0.12136762873636109,0.2768,137.43,137.43,144.31,0.0,0.5032376126126127,0.35714285714285715,0.17683145926576097,0.27665533106621326,0.22183997157347288,high,0.6141
30686960,0,0.6456,8,0.057270868437775416,0.1091,231.05,231.05,239.78,0.0,0.5011261261261261,0.35714285714285715,0.08344306984369206,0.10892178435687137,0.37304971411958526,high,1.0
30688461,0,0.7945,8,0.14351948800201983,0.2469,237.6,237.6,247.84,0.0,0.7107263513513513,0.35714285714285715,0.20910651419657705,0.246749349869974,0.3836289046096198,high,0.9848
43585221,0,0.7616,10,0.07623301437494846,0.2935,82.01,82.01,91.23,0.0,0.6644144144144145,0.5,0.11107074183225421,0.2933586717343469,0.13232871402267662,low,0.9899
43585222,0,0.7953,11,0.08909391716512118,0.2333,53.2,56.22,53.2,0.0,0.7118524774774776,0.5714285714285714,0.12980895874825837,0.23314662932586516,0.0857964273023872,low,1.0
8258986,0,0.6087,12,0.23256775691646714,0.235,74.68,83.8,74.68,0.0,0.4491835585585586,0.6428571428571429,0.33884902186785815,0.23484696939387875,0.12048971153535551,medium,1.0
30691386,0,0.7517,12,0.12083136617507928,0.105,75.03,75.03,83.37,0.0,0.6504786036036037,0.6428571428571429,0.17605012965296668,0.10482096419283855,0.12105501179054819,low,0.9981
257005240,0,0.7066,12,0.17616488867099703,0.3103,182.3,182.3,187.29,0.0,0.5869932432432433,0.6428571428571429,0.25667056230621577,0.3101620324064813,0.2943114642891753,medium,1.0
30691386,0,0.7517,12,0.12083136617507928,0.105,75.03,75.03,83.37,0.0,0.6504786036036037,0.6428571428571429,0.17605012965296668,0.10482096419283855,0.12105501179054819,low,0.9981
1442484059,0,0.8381,14,0.05141727467669249,0.2651,71.24,71.24,72.21,0.0,0.7721002252252253,0.7857142857142857,0.0749144376455579,0.26495299059811966,0.11493361759860451,low,1.0
1442484059,0,0.7068,12,0.07383094166038319,0.1135,7.41,7.41,11.71,0.0,0.5872747747747747,0.6428571428571429,0.10757094401029008,0.11332266453290658,0.011839002487321124,low,1.0
30692174,0,0.7659,8,0.13186036424132072,0.268,48.29,55.5,48.29,0.0,0.6704673423423424,0.35714285714285715,0.19211927825809716,0.26785357071414284,0.07786607229382693,medium,1.0
30725357,13,0.6136,8,0.16028303041868033,0.5,94.64,94.64,100.79,0.0948905109489051,0.45608108108108114,0.35714285714285715,0.23353084110495287,0.4998999799959992,0.1527279775172013,medium,1.0
"[246645453, 30727694]",0,0.9199,8,0.009210465779192498,0.2105,111.97,111.97,113.74,0.0,0.8872466216216218,0.35714285714285715,0.01341950580780094,0.21034206841368272,0.1807184158671706,low,0.9859
"[237559984, 30727695]",12,0.7667,12,0.06239071183747967,0.2759,23.7,23.7,25.56,0.08759124087591241,0.6715934684684686,0.6428571428571429,0.09090263452315903,0.27575515103020604,0.03814969150757502,low,1.0
230843465,0,0.997,10,0.14809965919603793,0.1825,153.17,153.17,155.26,0.0,0.9957770270270272,0.5,0.21577978144275553,0.18233646729345868,0.24726233162128108,low,0.8882
"[30727696, 1070356433, 1070356432]",0,1.0,7,0.14809965919603793,0.1825,133.82,133.82,136.58,0.0,1.0,0.2857142857142857,0.21577978144275553,0.18233646729345868,0.21600930322705686,medium,1.0
163718531,0,0.6882,6,0.14809965919603793,0.1825,118.65,118.65,122.67,0.0,0.5610923423423424,0.21428571428571427,0.21577978144275553,0.18233646729345868,0.19150757502341959,high,1.0
"[4536595, 179642843]",0,0.8765,9,0.0804130642365889,0.04,158.58,158.58,168.86,0.0,0.8261542792792793,0.42857142857142855,0.11716103598228718,0.03980796159231847,0.2560002584229738,medium,1.0
23303981,0,0.9392,12,0.03361733883649248,0.366,362.77,362.77,370.52,0.0,0.9144144144144144,0.6428571428571429,0.048980095064297687,0.36587317463492697,0.5857964273023872,low,0.995
4536593,9,0.6989,12,0.05726445969327288,0.1058,255.88,266.85,255.88,0.06569343065693431,0.5761542792792793,0.6428571428571429,0.08343373236197658,0.10562112422484497,0.41315372936654066,medium,1.0
163721162,0,0.6676,12,0.09129139570284753,0.0779,261.39,265.47,261.39,0.0,0.5320945945945946,0.6428571428571429,0.13301066473888634,0.07771554310862172,0.42205317052685987,medium,0.9997
30728430,0,0.8412,12,0.027622457049936256,0.1317,306.93,306.93,315.35,0.0,0.7764639639639639,0.6428571428571429,0.040245607514315614,0.13152630526105222,0.49560680944535973,medium,0.9926
"[564174521, 30728820, 230242293]",0,0.7842,12,0.04388971399931195,0.1025,292.7,292.7,324.65,0.0,0.6962274774774775,0.6428571428571429,0.06394685106766063,0.10232046409281854,0.47262331621281134,medium,1.0
30728820,0,0.785,12,0.024224894790684886,0.1317,321.75,321.75,330.85,0.0,0.6973536036036037,0.6428571428571429,0.03529539059423062,0.13152630526105222,0.5195432373938044,medium,1.0
30728430,0,0.8412,12,0.02762245704993625,0.1317,306.93,306.93,315.35,0.0,0.7764639639639639,0.6428571428571429,0.04024560751431561,0.13152630526105222,0.49560680944535973,medium,0.9926
271949474,0,0.7737,12,0.052943041111082986,0.1902,167.06,167.06,175.8,0.0,0.6814470720720722,0.6428571428571429,0.07713746528811295,0.19003800760152031,0.2696966760344995,low,0.9995
271949474,0,0.7737,12,0.052943041111083,0.1902,167.06,167.06,175.8,0.0,0.6814470720720722,0.6428571428571429,0.07713746528811297,0.19003800760152031,0.2696966760344995,low,0.9995
7742070,0,0.7231,12,0.1689924255559714,0.0666,169.4,177.65,169.4,0.0,0.6102195945945946,0.6428571428571429,0.2462203496062111,0.0664132826565313,0.27347611202635913,medium,1.0
7742070,0,0.6941,12,0.21266597539246795,0.3931,121.94,132.03,121.94,0.0,0.5693975225225226,0.6428571428571429,0.30985230948336057,0.39297859571914384,0.19682139742223084,medium,0.9898
"[349861792, 30729924, 965911806]",0,0.6947,12,0.18186216903548513,0.2788,235.17,245.03,235.17,0.0,0.5702421171171171,0.6428571428571429,0.2649714473251621,0.27865573114622927,0.37970410569499624,medium,1.0
7742064,0,0.8684,9,0.01117291327049493,0.1471,28.73,28.73,30.99,0.0,0.8147522522522523,0.42857142857142855,0.016278773728431832,0.14692938587717544,0.046273863746487065,low,1.0
"[30731850, 1070356430, 1363897073, 1363897074, 400898258]",0,0.8111,9,0.04044286114086749,0.5594,38.61,38.61,40.46,0.0,0.7340934684684687,0.42857142857142855,0.05892481819851911,0.5593118623724745,0.062231482378783474,low,1.0
54244432,0,0.8634,10,0.01117291327049493,0.1471,47.61,47.61,50.57,0.0,0.8077139639639639,0.5,0.016278773728431832,0.14692938587717544,0.07676777465516685,low,1.0
30731849,0,0.9057,9,0.01117291327049493,0.1471,25.69,25.69,29.88,0.0,0.8672578828828827,0.42857142857142855,0.016278773728431832,0.14692938587717544,0.04136382724424202,low,1.0
"[31015699, 1353886420, 1353886421]",10,0.6445,11,0.04044286114086749,0.7983,2.48,2.48,10.73,0.072992700729927,0.4995777027027027,0.5714285714285714,0.05892481819851911,0.7982596519303861,0.0038763446070355654,low,1.0
30733077,1,0.7652,10,0.052456531116325276,0.0037,79.93,79.93,80.17,0.0072992700729927005,0.669481981981982,0.5,0.07642862470652174,0.0035007001400280055,0.12896921536324582,medium,0.9744
30733077,7,0.7149,12,0.041881690142407516,0.176,4.94,4.94,16.26,0.051094890510948905,0.5986768018018018,0.6428571428571429,0.06102117880210724,0.17583516703340665,0.007849597829247022,low,1.0
"[199675656, 23188752]",29,0.7455,11,0.054834367822576,0.2017,134.99,145.2,134.99,0.2116788321167883,0.6417511261261263,0.5714285714285714,0.07989311088758591,0.2015403080616123,0.2178990212229867,low,1.0
770245071,0,1.0,8,0.11936202680337499,0.1409,280.53,280.53,280.99,0.0,1.0,0.35714285714285715,0.1739093157210506,0.1407281456291258,0.45296701876796847,medium,0.992
164587414,0,0.8098,12,0.05057611347866708,0.2428,67.98,67.98,68.89,0.0,0.7322635135135136,0.6428571428571429,0.07368887352715323,0.24264852970594117,0.10966824950738122,low,1.0
783989748,0,0.7394,8,0.13785242852784135,0.5,15.09,15.09,21.08,0.0,0.6331644144144144,0.35714285714285715,0.20084966073647662,0.4998999799959992,0.024243305229834932,medium,0.9083
"[1430348665, 1070356418, 1070356419]",0,0.711,14,0.13651917055500978,0.3624,38.82,38.82,40.36,0.0,0.5931869369369369,0.7857142857142857,0.19890711614940457,0.3622724544908982,0.0625706625318991,low,1.0
783989748,0,0.7394,8,0.13785242852784135,0.5,15.09,15.09,21.08,0.0,0.6331644144144144,0.35714285714285715,0.20084966073647662,0.4998999799959992,0.024243305229834932,medium,0.9083
55108044,1,0.591,12,0.16395397414240104,0.0066,57.88,57.88,68.05,0.0072992700729927005,0.424268018018018,0.6428571428571429,0.23887937230091869,0.00640128025605121,0.09335529928610654,medium,1.0
55108044,0,0.7254,10,0.09632993764440856,0.0405,274.34,274.34,284.56,0.0,0.6134572072072073,0.5,0.14035177394262735,0.04030806161232246,0.4429692799689892,high,0.9624
"[30844907, 1430350453]",0,0.6989,8,0.11188552777692028,0.289,139.96,149.06,139.96,0.0,0.5761542792792793,0.35714285714285715,0.16301612549827302,0.28885777155431086,0.22592628484672286,medium,0.9877
"[30844907, 1430350453]",0,0.6989,8,0.11188552777692029,0.289,139.96,149.06,139.96,0.0,0.5761542792792793,0.35714285714285715,0.16301612549827305,0.28885777155431086,0.22592628484672286,medium,0.9877
30848660,0,0.672,10,0.12139986919743388,0.4997,138.12,147.72,138.12,0.0,0.5382882882882883,0.5,0.17687843332060846,0.4995999199839968,0.2229544206479956,medium,0.9997
245342723,0,0.6208,12,0.07103986386327214,0.4552,268.03,268.03,271.19,0.0,0.4662162162162163,0.6428571428571429,0.10350436936580452,0.45509101820364073,0.43277772393965824,medium,1.0
"[1442691377, 222708117, 1430314262]",0,0.6728,8,0.10763976372883995,0.3344,101.76,101.76,110.84,0.0,0.5394144144144144,0.35714285714285715,0.15683008638382662,0.33426685337067413,0.1642277998514068,medium,0.9998
"[1274535965, 1274535963, 25359284, 1274535964]",16,0.704,9,0.10407711016157015,0.38,35.7,41.86,35.7,0.11678832116788321,0.5833333333333333,0.42857142857142855,0.1516393329484544,0.379875975195039,0.05753141454275286,low,0.9967
30848660,0,0.672,10,0.12139986919743394,0.4997,138.12,147.72,138.12,0.0,0.5382882882882883,0.5,0.17687843332060854,0.4995999199839968,0.2229544206479956,medium,0.9997
199772908,0,0.7234,7,0.010105923925567547,0.2051,72.91,72.91,74.49,0.0,0.610641891891892,0.2857142857142857,0.0147241800798746,0.20494098819763953,0.11763090738766677,medium,1.0
"[1187063721, 1187063722, 1187063719, 130886143]",14,0.6598,10,0.0008372572027240128,0.2184,207.95,207.95,209.51,0.10218978102189781,0.5211148648648649,0.5,0.0012198180293735404,0.21824364872974594,0.33573989727686787,medium,0.9999
"[4471957, 25654286]",0,0.7088,10,0.08957572204764049,0.5,350.5,350.5,362.42,0.0,0.5900900900900901,0.5,0.13051094402465246,0.4998999799959992,0.5659786154989179,medium,0.9657
4471957,0,0.6775,14,0.10739751006858009,0.4189,328.09,328.09,339.81,0.0,0.5460304054054054,0.7857142857142857,0.15647712503199104,0.41878375675135027,0.5297832477307233,medium,0.9935
31009415,0,0.7437,14,0.06194760222440949,0.5,215.04,215.04,227.19,0.0,0.6392173423423424,0.7857142857142857,0.0902570278979678,0.4998999799959992,0.34719126530348543,low,1.0
31009415,0,0.6746,10,0.13787312596750623,0.5,378.52,378.52,390.8,0.0,0.5419481981981982,0.5,0.20087981671544433,0.4998999799959992,0.6112349387860581,high,0.9992
31009415,0,0.7535,8,0.08089376878890744,0.5,84.82,84.82,95.43,0.0,0.6530123873873873,0.35714285714285715,0.11786141808771283,0.4998999799959992,0.13686726750008074,medium,0.9713
"[31646048, 30899773]",1,0.722,12,0.10451453360819625,0.4096,171.69,171.69,179.33,0.0072992700729927005,0.6086711711711712,0.6428571428571429,0.15227665488150632,0.4094818963792759,0.27717479083890556,low,0.9967
31009415,0,0.7535,8,0.08089376878890746,0.5,84.82,84.82,95.43,0.0,0.6530123873873873,0.35714285714285715,0.11786141808771285,0.4998999799959992,0.13686726750008074,medium,0.9713
31009415,0,0.7437,14,0.06194760222440949,0.5,215.04,215.04,227.19,0.0,0.6392173423423424,0.7857142857142857,0.0902570278979678,0.4998999799959992,0.34719126530348543,low,1.0
30901452,0,1.0,8,0.041711330692743256,0.5,368.07,374.83,368.07,0.0,1.0,0.35714285714285715,0.060772966652961745,0.4998999799959992,0.5943566883095908,medium,1.0
30901452,0,1.0,8,0.041711330692743256,0.5,351.73,358.48,351.73,0.0,1.0,0.35714285714285715,0.060772966652961745,0.4998999799959992,0.5679652421100236,medium,1.0
30901054,0,0.754,14,0.04171133069274326,0.5,360.08,366.57,360.08,0.0,0.6537162162162162,0.7857142857142857,0.06077296665296176,0.4998999799959992,0.5814516910553348,low,0.9999
30901452,0,1.0,8,0.041711330692743256,0.5,368.07,374.83,368.07,0.0,1.0,0.35714285714285715,0.060772966652961745,0.4998999799959992,0.5943566883095908,medium,1.0
30901452,0,1.0,8,0.041711330692743256,0.5,351.73,358.48,351.73,0.0,1.0,0.35714285714285715,0.060772966652961745,0.4998999799959992,0.5679652421100236,medium,1.0
23046214,0,1.0,8,0.19375267264648888,0.4323,241.74,241.74,252.33,0.0,1.0,0.35714285714285715,0.2822958015745209,0.43218643728745754,0.39031559905675617,medium,1.0
1423869859,0,1.0,8,0.19375267264648888,0.4323,229.94,229.94,240.52,0.0,1.0,0.35714285714285715,0.2822958015745209,0.43218643728745754,0.3712569047388313,medium,1.0
23046214,0,0.7676,12,0.06742017680712743,0.4081,189.25,195.96,189.25,0.0,0.6728603603603603,0.6428571428571429,0.09823051866242156,0.4079815963192639,0.3055367122137158,low,1.0
23046214,0,1.0,8,0.19375267264648888,0.4323,241.74,241.74,252.33,0.0,1.0,0.35714285714285715,0.2822958015745209,0.43218643728745754,0.39031559905675617,medium,1.0
"[106778917, 30901941]",0,0.7249,8,0.03333081349653551,0.5,444.3,451.84,444.3,0.0,0.6127533783783784,0.35714285714285715,0.048562630282886834,0.4998999799959992,0.7174790838905579,high,1.0
30904048,0,0.7497,8,0.13866457360137455,0.2373,406.68,560.45,406.68,0.0,0.6476632882882883,0.35714285714285715,0.20203294862873544,0.23714742948589718,0.6567173821752754,high,1.0
30904054,0,0.6238,12,0.1352801110468074,0.5,266.06,569.42,266.06,0.0,0.47043918918918926,0.6428571428571429,0.1971018178577267,0.4998999799959992,0.4295958910747166,medium,1.0
746727479,0,0.6199,11,0.07235298483108664,0.3431,224.68,595.42,224.68,0.0,0.46494932432432434,0.5714285714285714,0.10541757452202909,0.3429685937187438,0.3627612494750783,medium,1.0
746727479,0,0.7588,12,0.0021188622893995404,0.4138,282.09,611.91,282.09,0.0,0.660472972972973,0.6428571428571429,0.0030871048370407837,0.41368273654730947,0.4554866427625416,low,0.9982
30904054,0,0.8642,8,0.12426590855543587,0.071,316.28,503.64,316.28,0.0,0.8088400900900902,0.35714285714285715,0.18105422626891404,0.0708141628325665,0.5107084019769358,high,1.0
30904054,0,0.6238,12,0.1352801110468074,0.5,266.06,569.42,266.06,0.0,0.47043918918918926,0.6428571428571429,0.1971018178577267,0.4998999799959992,0.4295958910747166,medium,1.0
30904055,0,0.5394,8,0.16447650254347404,0.5,260.65,522.84,260.65,0.0,0.35163288288288286,0.35714285714285715,0.23964069136878074,0.4998999799959992,0.42085796427302385,high,1.0
30904054,0,0.8642,8,0.12426590855543587,0.071,316.28,503.64,316.28,0.0,0.8088400900900902,0.35714285714285715,0.18105422626891404,0.0708141628325665,0.5107084019769358,high,1.0
30904055,0,0.5394,8,0.16447650254347404,0.5,260.65,522.84,260.65,0.0,0.35163288288288286,0.35714285714285715,0.23964069136878074,0.4998999799959992,0.42085796427302385,high,1.0
8117310,0,0.7099,12,0.1369122874344507,0.5,360.63,369.45,360.63,0.0,0.5916385135135135,0.6428571428571429,0.19947988382213241,0.4998999799959992,0.5823400200277805,medium,0.9999
8117310,0,0.7419,14,0.1360603185449064,0.4055,416.02,423.8,416.02,0.0,0.6366835585585586,0.7857142857142857,0.1982385729967239,0.4053810762152431,0.6718028232709888,medium,1.0
30904305,0,0.8112,12,0.08637143256822902,0.5,299.75,307.43,299.75,0.0,0.7342342342342344,0.6428571428571429,0.12584232376474644,0.4998999799959992,0.4840100784959783,low,0.8409
1377259870,0,0.7456,11,0.12161115833036311,0.2131,207.94,214.63,207.94,0.0,0.641891891891892,0.5714285714285714,0.17718627964130748,0.21294258851770353,0.33572374584100523,medium,1.0
30904305,0,0.8112,12,0.08637143256822902,0.5,299.75,307.43,299.75,0.0,0.7342342342342344,0.6428571428571429,0.12584232376474644,0.4998999799959992,0.4840100784959783,low,0.8409
"[1377259870, 1377259871]",0,0.7301,14,0.11829002326446347,0.1898,242.46,242.46,245.34,0.0,0.6200731981981982,0.7857142857142857,0.17234741643803936,0.1896379275855171,0.39147850243886684,low,0.594
31009415,0,0.6746,10,0.13787312596750623,0.5,378.52,378.52,390.8,0.0,0.5419481981981982,0.5,0.20087981671544433,0.4998999799959992,0.6112349387860581,high,0.9992
8402455,0,0.6827,12,0.15857657220713414,0.1892,257.13,267.34,257.13,0.0,0.5533502252252253,0.6428571428571429,0.23104454720725834,0.1890378075615123,0.4151726588493717,medium,0.9988
8402455,2,0.7331,12,0.1404319309733342,0.0966,106.79,116.24,106.79,0.014598540145985401,0.6242961711711712,0.6428571428571429,0.2046079720422694,0.09641928385677136,0.17235197209031886,medium,0.8373
31015639,0,0.696,12,0.16245803027269973,0.0966,203.21,212.21,203.21,0.0,0.572072072072072,0.6428571428571429,0.23669979586044912,0.09641928385677136,0.32808411667797266,medium,1.0
31015639,0,0.696,12,0.16245803027269973,0.0966,203.21,212.21,203.21,0.0,0.572072072072072,0.6428571428571429,0.23669979586044912,0.09641928385677136,0.32808411667797266,medium,1.0
878794039,1,0.7194,12,0.11921451677692173,0.4831,151.15,151.15,156.66,0.0072992700729927005,0.6050112612612614,0.6428571428571429,0.1736943949710797,0.48299659931986394,0.2439997415770262,low,0.9999
878794039,0,0.6914,12,0.06389155662102616,0.0293,233.47,233.47,241.99,0.0,0.5655968468468469,0.6428571428571429,0.09308935154996348,0.029105821164232847,0.37695836159834606,medium,1.0
31015708,0,0.876,12,0.0024436044450101054,0.2082,100.88,142.35,100.88,0.0,0.8254504504504506,0.6428571428571429,0.003560251166880963,0.20804160832166432,0.16280647349549374,low,1.0
263347114,0,0.95,12,0.001822868776751972,0.5,36.63,52.17,36.63,0.0,0.929617117117117,0.6428571428571429,0.0026558450152218776,0.4998999799959992,0.05903349807797914,low,1.0
"[263347113, 263347114, 878794027, 668010677]",0,0.7245,8,0.05390396544849956,0.4467,247.84,288.52,247.84,0.0,0.6121903153153154,0.35714285714285715,0.07853752319758865,0.4465893178635727,0.4001679749329715,medium,0.9955
8402503,0,0.8812,8,0.020319655328546665,0.3014,308.21,308.21,317.63,0.0,0.8327702702702702,0.35714285714285715,0.029605492665260837,0.30126025205041007,0.49767419323577866,medium,0.9998
31113216,0,0.6749,8,0.13185425401266032,0.5,93.66,107.73,93.66,0.0,0.5423704954954957,0.35714285714285715,0.19211037571121434,0.4998999799959992,0.15114513680266176,medium,1.0
851330426,0,1.0,12,0.009083061964357432,0.3284,374.31,374.31,389.51,0.0,1.0,0.6428571428571429,0.013233879622978978,0.32826565313062617,0.6044351842878832,low,1.0
8259861,0,0.7223,12,0.11148734650267408,0.3284,332.32,332.32,336.85,0.0,0.6090934684684686,0.6428571428571429,0.16243597904895707,0.32826565313062617,0.5366153051006235,medium,1.0
"[851330432, 901462402, 851330435, 901462404, 901462407, 901462408, 851330426, 851330427, 851330428]",0,0.747,12,0.05025494027037795,0.0833,316.15,316.15,351.37,0.0,0.6438626126126127,0.6428571428571429,0.07322092712069028,0.08311662332466492,0.5104984333107213,medium,1.0
2415103,40,0.811,9,6.666257243970499e-05,0.7094,72.88,72.88,77.33,0.291970802919708,0.7339527027027029,0.42857142857142855,9.706875024758612e-05,0.7093418683736747,0.11758245308007882,low,1.0
"[31324122, 1207034955]",13,0.6732,10,0.0973428838532103,0.4518,56.67,56.67,58.28,0.0948905109489051,0.5399774774774775,0.5,0.14182762723958833,0.4516903380676135,0.09140097554672612,low,1.0
"[31324113, 813749604]",108,0.7521,11,0.06097712071584583,0.5005,38.58,38.58,38.79,0.7883211678832117,0.6510416666666667,0.5714285714285714,0.08884304527815262,0.5004000800160031,0.06218302807119553,low,1.0
"[38907609, 1257353510]",38,0.542,9,0.0901826640632968,0.4051,122.75,122.75,123.0,0.2773722627737226,0.35529279279279286,0.42857142857142855,0.1313952529515106,0.4049809961992399,0.19812966372710536,medium,0.9996
31645359,0,0.5744,8,0.15737749773424295,0.2598,106.47,106.47,112.72,0.0,0.40090090090090097,0.35714285714285715,0.2292975067437656,0.2596519303860772,0.1718351261427141,high,0.9985
51238445,15,0.5846,12,0.2215838960245455,0.1789,3.64,3.64,6.5,0.10948905109489052,0.41525900900900903,0.6428571428571429,0.322845637709997,0.17873574714942989,0.005749911167102756,medium,0.8029
51238445,0,0.4936,11,0.23567141324013008,0.33,3.0,3.0,11.7,0.0,0.2871621621621621,0.5714285714285714,0.3433710205466728,0.32986597319463895,0.004716219271893272,medium,1.0
31645359,0,0.5744,8,0.15737749773424295,0.2598,106.47,106.47,112.72,0.0,0.40090090090090097,0.35714285714285715,0.2292975067437656,0.2596519303860772,0.1718351261427141,high,0.9985
"[17278803, 482768614]",0,0.8871,9,0.010964124163542711,0.3809,44.74,47.09,44.74,0.0,0.8410754504504504,0.42857142857142855,0.01597456992255601,0.38077615523104624,0.07213231256258683,low,1.0
"[130883595, 403966476, 1377919068]",0,0.8838,6,0.0511015749518724,0.3809,15.69,15.69,19.58,0.0,0.8364301801801803,0.21428571428571427,0.07445446605409839,0.38077615523104624,0.025212391381593823,low,0.752
32056763,0,0.7421,8,0.17233451984884937,0.2771,155.51,155.51,200.7,0.0,0.6369650900900901,0.35714285714285715,0.25108975021015156,0.27695539107821565,0.2510417676131408,high,0.6658
8375943,11,0.6993,12,0.05090089760672573,0.2842,169.04,169.04,201.19,0.08029197080291971,0.5767173423423424,0.6428571428571429,0.07416208101046372,0.28405681136227245,0.2728946603353038,low,1.0
8375943,0,0.8099,12,0.03659596433530613,0.2771,120.74,120.74,169.17,0.0,0.7324042792792793,0.6428571428571429,0.053319924982844304,0.27695539107821565,0.19488322511871306,low,1.0
32056763,0,0.7421,8,0.17233451984884934,0.2771,155.51,155.51,200.7,0.0,0.6369650900900901,0.35714285714285715,0.2510897502101515,0.27695539107821565,0.2510417676131408,high,0.6658
2466940,0,0.7145,10,0.18691732385339854,0.3418,171.94,218.72,171.94,0.0,0.5981137387387389,0.5,0.27233676133674345,0.3416683336667334,0.27757857673547176,medium,0.9998
246802103,0,0.8116,8,0.08023637160648382,0.48,41.03,242.67,41.03,0.0,0.7347972972972974,0.35714285714285715,0.1169035964475682,0.47989597919583915,0.06614012985754435,low,0.999
6578219,1,0.8609,14,0.07895747004176162,0.5,147.73,147.73,158.65,0.0072992700729927005,0.8041948198198198,0.7857142857142857,0.11504024864648744,0.4998999799959992,0.2384759505120005,low,1.0
6578219,0,0.7588,12,0.05524583777365975,0.5,65.04,65.04,69.84,0.0,0.660472972972973,0.6428571428571429,0.08049261881666508,0.4998999799959992,0.10491972736376265,low,1.0
32140003,0,0.6963,8,0.08587498080594691,0.5,94.41,94.41,100.24,0.0,0.5724943693693695,0.35714285714285715,0.12511899811943614,0.4998999799959992,0.15235649449236038,medium,1.0
32140003,0,0.6963,8,0.0858749808059469,0.5,94.41,94.41,100.24,0.0,0.5724943693693695,0.35714285714285715,0.1251189981194361,0.4998999799959992,0.15235649449236038,medium,1.0
227382449,0,0.7463,7,0.05116149518501511,0.4114,95.84,95.84,96.64,0.0,0.6428772522522522,0.2857142857142857,0.07454176928192029,0.41128225645129024,0.15466614982071908,medium,1.0
8385234,0,0.7482,10,0.05519850653587352,0.4196,160.08,250.31,160.08,0.0,0.6455518018018018,0.5,0.08042365763913258,0.4194838967793559,0.25842297380237106,low,0.6487
26944030,0,0.6812,8,0.21280241101797615,0.3661,32.89,32.89,134.1,0.0,0.5512387387387389,0.35714285714285715,0.3100510949331501,0.3659731946389278,0.052992861065348715,medium,0.9995
"[1237115246, 1237115247, 837464374, 564115127, 825529981]",0,0.6312,9,0.09744832340732049,1.0,50.02,50.02,140.4,0.0,0.48085585585585583,0.42857142857142855,0.1419812516988256,1.0,0.08066027069806507,low,1.0
"[1272910830, 1065258323, 825529978, 825529981, 22813886, 1212624127]",0,0.5983,9,0.04910019686203903,1.0,65.53,65.53,228.9,0.0,0.434543918918919,0.42857142857142855,0.07153847660995984,1.0,0.1057111477210324,low,1.0
97175531,0,0.4798,10,0.2631347841277503,0.4843,74.34,101.74,74.34,0.0,0.2677364864864865,0.5,0.3833848989915149,0.4841968393678736,0.11994056271602546,high,0.6176
10338067,0,0.8756,10,0.047618398490396924,0.5,62.7,62.7,77.16,0.0,0.8248873873873875,0.5,0.06937951002988209,0.4998999799959992,0.10114029137190297,low,1.0
"[10338067, 385346460, 22617709]",0,0.7667,14,0.10554152968319239,0.3871,8.85,8.85,65.55,0.0,0.6715934684684686,0.7857142857142857,0.15377297870411288,0.3869773954790958,0.014164809251542461,low,1.0
33654919,0,0.6061,12,0.10481492834798509,0.1328,107.11,107.11,155.91,0.0,0.44552364864864863,0.6428571428571429,0.15271432725073464,0.132626525305061,0.1728688180379236,medium,0.9996
33654925,0,0.7833,10,0.05793793101440389,0.5,205.73,205.73,210.46,0.0,0.6949605855855856,0.5,0.0844149738741746,0.4998999799959992,0.33215427851536,low,0.6258
132682380,0,0.759,12,0.03221832757881264,0.4316,67.83,71.89,67.83,0.0,0.6607545045045046,0.6428571428571429,0.046941748546791305,0.43148629725945187,0.10942597796944148,low,1.0
132682380,0,0.6734,12,0.03997921439114843,0.5,133.28,137.41,133.28,0.0,0.540259009009009,0.6428571428571429,0.05824928915437808,0.4998999799959992,0.21513712569047386,low,1.0
16776906,0,0.555,12,0.17441700017795422,0.1871,66.21,75.15,66.21,0.0,0.3735923423423424,0.6428571428571429,0.25412390486995473,0.18693738747749547,0.10680944535969247,medium,1.0
16776906,0,0.6565,12,0.1265320379564034,0.308,241.59,251.73,241.59,0.0,0.5164695945945946,0.6428571428571429,0.184355955935008,0.30786157231446293,0.3900733275188164,medium,1.0
33710728,0,0.6696,12,0.18103220442024925,0.1871,117.17,127.14,117.17,0.0,0.5349099099099099,0.6428571428571429,0.2637621965247609,0.18693738747749547,0.18911716251574767,medium,1.0
938233313,0,0.6194,8,0.08154326620654476,0.0268,126.03,134.16,126.03,0.0,0.46424549549549543,0.35714285714285715,0.11880772984332086,0.026605321064212845,0.20342733469005395,high,0.9966
33710728,0,0.6696,12,0.18103220442024925,0.1871,117.17,127.14,117.17,0.0,0.5349099099099099,0.6428571428571429,0.2637621965247609,0.18693738747749547,0.18911716251574767,medium,1.0
33710728,0,0.6276,12,0.17554813144213532,0.0268,75.15,81.18,75.15,0.0,0.4757882882882884,0.6428571428571429,0.25577195270411573,0.026605321064212845,0.12124882902089998,medium,1.0
4798839,0,0.7701,8,0.08242808606670049,0.3499,394.33,438.83,394.33,0.0,0.6763795045045046,0.35714285714285715,0.12009690423035188,0.3497699539907982,0.6367703588849049,high,1.0
5832085,0,0.6902,12,0.1614029282326781,0.5,403.4,403.4,413.81,0.0,0.5639076576576577,0.6428571428571429,0.23516252190565715,0.4998999799959992,0.6514197112123268,medium,0.764
404097026,0,0.8369,12,0.11066338662202246,0.485,284.96,284.96,295.14,0.0,0.770411036036036,0.6428571428571429,0.1612354770915414,0.48489697939587917,0.4601221048551216,low,0.9104
404097028,0,0.8533,14,0.06211666315377535,0.4935,310.54,310.54,313.07,0.0,0.7934966216216215,0.7857142857142857,0.09050334811499794,0.4933986797359472,0.5014374777917757,low,1.0
26372295,0,0.6098,12,0.15978702916157925,0.2495,192.25,192.25,201.85,0.0,0.450731981981982,0.6428571428571429,0.23280817184154215,0.24934986997399478,0.31038214297251027,medium,1.0
6010068,0,0.8381,14,0.0634645477845753,0.5,225.09,225.09,230.34,0.0,0.7721002252252253,0.7857142857142857,0.092467203608018,0.4998999799959992,0.3634234583454469,low,1.0
404097026,0,0.8369,12,0.11066338662202246,0.485,284.96,284.96,295.14,0.0,0.770411036036036,0.6428571428571429,0.1612354770915414,0.48489697939587917,0.4601221048551216,low,0.9104
8117374,0,0.728,8,0.1761119968481996,0.2152,282.28,515.81,282.28,0.0,0.6171171171171171,0.35714285714285715,0.2565934994075351,0.21504300860172035,0.4557935200439319,high,1.0
34115405,0,0.6667,8,0.17354064376572853,0.2152,356.03,497.11,356.03,0.0,0.5308277027027026,0.35714285714285715,0.2528470616486092,0.21504300860172035,0.5749103595309623,high,1.0
34115406,0,0.605,8,0.13191344858407247,0.3636,375.68,482.82,375.68,0.0,0.4439752252252252,0.35714285714285715,0.19219662165657816,0.3634726945389078,0.6066479310010661,high,1.0
4859718,0,0.8482,12,0.11296306551213314,0.5,386.53,480.83,386.53,0.0,0.7863175675675677,0.6428571428571429,0.16458608805432523,0.4998999799959992,0.6241722389120393,medium,1.0
4859718,0,0.841,12,0.11853294092214148,0.3811,424.07,490.8,424.07,0.0,0.7761824324324323,0.6428571428571429,0.17270134522799774,0.3809761952390478,0.6848047291404206,medium,1.0
34115406,0,0.605,8,0.13191344858407247,0.3636,375.68,482.82,375.68,0.0,0.4439752252252252,0.35714285714285715,0.19219662165657816,0.3634726945389078,0.6066479310010661,high,1.0
34115553,0,0.7141,8,0.15134829125427715,0.1208,419.77,439.94,419.77,0.0,0.5975506756756757,0.35714285714285715,0.22051300843161717,0.12062412482496498,0.6778596117194818,high,1.0
"[34115555, 17943469]",0,0.8293,8,0.0995814726485555,0.2589,221.41,221.41,227.16,0.0,0.759712837837838,0.35714285714285715,0.14508923049694036,0.25875175035007003,0.3574797299479924,medium,0.9933
34115908,0,0.6429,8,0.16834429079660876,0.271,166.58,174.73,166.58,0.0,0.4973254504504505,0.35714285714285715,0.2452760232311591,0.27085417083416685,0.26892140711309237,high,0.9999
34116601,0,0.7326,8,0.10110296650450895,0.5,274.08,274.08,290.31,0.0,0.6235923423423424,0.35714285714285715,0.1473060330320632,0.4998999799959992,0.4425493426365604,medium,0.5297
4265038,0,0.734,8,0.08894722618864093,0.0783,62.1,70.35,62.1,0.0,0.6255630630630631,0.35714285714285715,0.12959523134655468,0.07811562312462492,0.10017120522014408,medium,1.0
4265038,0,0.7264,12,0.12557828310439276,0.1269,78.18,78.18,83.99,0.0,0.6148648648648649,0.6428571428571429,0.1829663438997376,0.1267253450690138,0.12614271408728236,low,0.9807
34293992,0,0.7602,12,0.26125303359018615,0.0783,110.15,119.13,110.15,0.0,0.6624436936936937,0.6428571428571429,0.3806432057892594,0.07811562312462492,0.17777885454016865,medium,1.0
34293992,0,0.7301,8,0.2825036340142453,0.5,112.61,122.08,112.61,0.0,0.6200731981981982,0.35714285714285715,0.4116051348884842,0.4998999799959992,0.18175210776238007,high,0.57
1238262961,0,0.6078,8,0.18091173773935404,0.229,124.04,133.19,124.04,0.0,0.4479166666666667,0.35714285714285715,0.2635866776801981,0.22884576915383076,0.20021319895338696,high,0.9999
34293992,0,0.7602,12,0.2612530335901861,0.0783,110.15,119.13,110.15,0.0,0.6624436936936937,0.6428571428571429,0.38064320578925936,0.07811562312462492,0.17777885454016865,medium,1.0
8386793,0,0.6123,12,0.17773184596681027,0.1557,261.87,265.18,261.87,0.0,0.45425112612612606,0.6428571428571429,0.2589536046544948,0.15553110622124425,0.422828439448267,high,0.8838
8386793,0,0.6902,12,0.16013862659748315,0.2426,257.83,270.64,257.83,0.0,0.5639076576576577,0.6428571428571429,0.23332044606743185,0.24244848969793958,0.4163032593597571,medium,0.9999
"[246901382, 34293998, 246901383]",0,0.6321,12,0.1523581542948638,0.1847,338.38,349.15,338.38,0.0,0.48212274774774777,0.6428571428571429,0.22198436958088483,0.1845369073814763,0.5464030752333883,high,0.9963
8386795,0,0.6076,12,0.14333933495623322,0.287,235.2,246.42,235.2,0.0,0.4476351351351352,0.6428571428571429,0.2088440328680806,0.28685737147429485,0.37975256000258417,medium,0.9998
8386795,0,0.6909,12,0.05787417307186029,0.2307,274.14,278.11,274.14,0.0,0.564893018018018,0.6428571428571429,0.08432207913910102,0.23054610922184435,0.4426462512517363,medium,1.0
"[34293998, 246901382, 246901383]",0,0.6321,12,0.15235815429486377,0.1847,338.38,349.15,338.38,0.0,0.48212274774774777,0.6428571428571429,0.22198436958088477,0.1845369073814763,0.5464030752333883,high,0.9963
8386795,0,0.8054,12,0.07842923287440783,0.3472,227.26,238.94,227.26,0.0,0.72606981981982,0.6428571428571429,0.11427061195873217,0.34706941388277657,0.3669283199276415,low,0.9965
8386795,0,0.6076,12,0.14333933495623322,0.287,235.2,246.42,235.2,0.0,0.4476351351351352,0.6428571428571429,0.2088440328680806,0.28685737147429485,0.37975256000258417,medium,0.9998
34293999,0,0.7092,10,0.08485333917150881,0.3472,249.28,260.96,249.28,0.0,0.5906531531531533,0.5,0.12363047566740809,0.34706941388277657,0.40249378169719285,medium,1.0
34293999,0,0.7092,10,0.08485333917150883,0.3472,249.28,260.96,249.28,0.0,0.5906531531531533,0.5,0.12363047566740813,0.34706941388277657,0.40249378169719285,medium,1.0
119579783,0,0.7672,8,0.07156788824779084,0.3472,280.63,292.29,280.63,0.0,0.6722972972972974,0.35714285714285715,0.10427369603092879,0.34706941388277657,0.45312853312659496,high,0.5782
34294002,0,0.7201,12,0.1243464975464023,0.1436,332.89,344.03,332.89,0.0,0.6059966216216216,0.6428571428571429,0.18117164368652525,0.14342868573714743,0.5375359369447944,medium,0.9449
119579783,0,0.7291,8,0.06194789309696184,0.3472,330.43,343.57,330.43,0.0,0.6186655405405406,0.35714285714285715,0.09025745169659763,0.34706941388277657,0.533562683722583,high,0.9995
34294007,0,0.6537,8,0.1527132799703651,0.4316,117.28,128.83,117.28,0.0,0.5125281531531531,0.35714285714285715,0.22250178441937274,0.43148629725945187,0.18929482831023678,medium,0.9875
50212049,0,0.5784,10,0.10246791739215218,0.5,221.93,230.75,221.93,0.0,0.4065315315315316,0.5,0.1492947539041232,0.4998999799959992,0.35831960461285006,medium,0.999
"[1128359699, 1200992339, 1128359700]",0,0.4964,8,0.19259138816586985,0.2737,267.81,277.56,267.81,0.0,0.2911036036036036,0.35714285714285715,0.28060382078172175,0.2735547109421885,0.43242239235068003,high,1.0
50212049,0,0.7377,12,0.005005627217178052,0.4478,291.0,297.13,291.0,0.0,0.6307713963963965,0.6428571428571429,0.0072930947496276585,0.4476895379075815,0.46987757211616116,low,0.9863
50212049,0,0.5784,10,0.10246791739215219,0.5,221.93,230.75,221.93,0.0,0.4065315315315316,0.5,0.14929475390412322,0.4998999799959992,0.35831960461285006,medium,0.999
815847619,0,0.4989,8,0.2184482103974915,0.5,192.6,199.25,192.6,0.0,0.29462274774774777,0.35714285714285715,0.31827697263113236,0.4998999799959992,0.3109474432277029,high,1.0
35468477,0,0.4902,6,0.16393052331248112,0.5431,93.77,93.77,101.03,0.0,0.28237612612612617,0.21428571428571427,0.23884520465770817,0.5430086017203442,0.1513228025971509,high,1.0
43892837,0,0.3631,6,0.19873387517116275,0.8991,81.79,166.53,81.79,0.0,0.10346283783783779,0.21428571428571427,0.289553367775955,0.8990798159631926,0.13197338243369838,high,1.0
35468756,0,0.7388,8,0.1457604979260754,0.245,358.07,365.09,358.07,0.0,0.6323198198198199,0.35714285714285715,0.2123716450161614,0.2448489697939588,0.5782052524469425,high,1.0
"[73058401, 627472868]",0,0.4077,12,0.22688641080714989,0.5,1.01,1.01,9.4,0.0,0.16624436936936937,0.6428571428571429,0.33057135291194084,0.4998999799959992,0.0015020835352262817,medium,1.0
"[4255399, 100306119]",0,0.5591,12,0.17330592175464235,0.5709,50.08,58.36,50.08,0.0,0.3793637387387388,0.6428571428571429,0.25250507384025295,0.5708141628325665,0.08075717931324095,low,0.9968
600378579,0,0.3715,12,0.23158752169654945,0.3532,40.88,40.88,44.31,0.0,0.11528716216216214,0.6428571428571429,0.3374208281804321,0.3530706141228246,0.06589785831960462,medium,0.9984
"[38319995, 35739445]",10,0.6127,11,0.14181494251922624,0.4373,67.74,76.22,67.74,0.072992700729927,0.45481418918918926,0.5714285714285714,0.20662300712705878,0.43718743748749755,0.10928061504667765,low,0.9649
38663462,0,0.696,10,0.1281208696812714,0.2707,98.09,98.09,107.61,0.0,0.572072072072072,0.5,0.1866708691249557,0.27055411082216446,0.1583002228898149,medium,1.0
37329814,17,0.5158,6,0.08744850277371456,1.0,68.3,68.3,70.26,0.12408759124087591,0.3184121621621622,0.21428571428571427,0.1274116051342919,1.0,0.11018509545498595,medium,0.9999
"[578170385, 1146786427, 1146786429]",32,0.7442,6,0.05894627601542467,0.9832,4.78,4.78,10.61,0.23357664233576642,0.6399211711711712,0.21428571428571427,0.08588412325377597,0.9831966393278655,0.007591174855444649,low,1.0
3754854,0,0.6162,12,0.2058971234948906,0.7957,73.12,73.12,84.63,0.0,0.45974099099099097,0.6428571428571429,0.2999901546099073,0.7956591318263653,0.11797008754078239,low,1.0
43317958,0,0.7221,8,0.20237415863306066,0.2221,118.47,118.47,122.37,0.0,0.6088119369369369,0.35714285714285715,0.2948572272528268,0.22194438887777554,0.19121684917789192,high,0.9478
20199976,0,0.8239,12,0.005718016066594054,0.1522,233.26,591.69,233.26,0.0,0.7521114864864865,0.6428571428571429,0.008331038742105376,0.15203040608121624,0.37661918144523043,low,0.9993
586978715,0,0.9189,10,0.0015014641043581125,0.4765,94.62,767.63,94.62,0.0,0.885838963963964,0.5,0.0021875613676901233,0.47639527905581114,0.152695674645476,low,1.0
586978715,0,0.9398,12,5.673689848917616e-08,0.5,72.22,746.69,72.22,0.0,0.9152590090090089,0.6428571428571429,2.4661305658848805e-08,0.4998999799959992,0.11651645831314404,low,1.0
36775547,0,0.4524,6,0.19322858703673926,0.4902,39.49,44.96,39.49,0.0,0.22916666666666669,0.21428571428571427,0.28153221366795894,0.4900980196039208,0.06365280873469652,high,1.0
"[1070366920, 1070366921, 1070366923]",1,0.5231,6,0.16587793172540713,0.5836,71.87,71.87,73.07,0.0072992700729927005,0.3286880630630631,0.21428571428571427,0.24168256077965494,0.5835167033406682,0.11595115805795136,high,0.9997
26072429,0,0.8186,7,0.049555880734028786,0.3638,79.06,79.06,79.93,0.0,0.7446509009009009,0.2857142857142857,0.0722024038145876,0.3636727345469094,0.12756404044319541,medium,0.9983
36775548,0,0.7915,6,0.08946579145966202,0.2992,113.58,113.58,113.73,0.0,0.7065033783783785,0.21428571428571427,0.13035077617043164,0.2990598119623925,0.18331879704105694,medium,0.9873
1070366926,0,0.6475,6,0.22673237239147667,0.4261,207.86,208.43,207.86,0.0,0.5038006756756757,0.21428571428571427,0.33034692035900315,0.42598519703940785,0.3355945343541041,high,1.0
"[500005091, 36775549]",0,0.768,8,0.0703515456801772,0.3075,102.65,105.43,102.65,0.0,0.6734234234234235,0.35714285714285715,0.10250149611246506,0.3073614722944589,0.1656652776431825,medium,1.0
36775550,0,0.8588,6,0.09315612841700673,0.432,115.04,115.75,115.04,0.0,0.8012387387387387,0.21428571428571427,0.13572756312917542,0.4318863772754551,0.1856769066770036,medium,1.0
26072429,0,0.8498,8,0.014558330970407101,0.3074,47.75,47.75,49.34,0.0,0.78856981981982,0.35714285714285715,0.02121129613741135,0.3072614522904581,0.07699389475724393,low,1.0
36775557,0,0.65,10,0.160018333644746,0.5525,71.66,74.59,71.66,0.0,0.5073198198198199,0.5,0.23314518034319529,0.5524104820964193,0.11561197790483574,medium,0.9684
36775559,0,0.6862,10,0.2898467183241252,0.1103,157.45,157.45,162.04,0.0,0.5582770270270271,0.5,0.4223039410979656,0.11012202440488096,0.2541751461704945,high,1.0
1044490000,0,0.5467,12,0.3348724607990845,0.2747,160.55,169.27,160.55,0.0,0.3619087837837837,0.6428571428571429,0.48790603319562303,0.2745549109821965,0.2591820912879155,high,0.9993
1044490000,0,0.6065,12,0.22633541007679928,0.2747,210.73,216.24,210.73,0.0,0.44608671171171177,0.6428571428571429,0.3297685499225523,0.2745549109821965,0.34022999644668406,medium,0.9178
36775559,0,0.6862,10,0.2898467183241252,0.1103,157.45,157.45,162.04,0.0,0.5582770270270271,0.5,0.4223039410979656,0.11012202440488096,0.2541751461704945,high,1.0
"[648549848, 1238203869]",0,0.6024,7,0.19199744460072538,0.2687,127.71,127.71,131.39,0.0,0.44031531531531537,0.2857142857142857,0.27973845047754325,0.26855371074214845,0.20614077591497884,high,1.0
4136312,0,0.6458,6,0.15177326038419875,0.5,239.48,243.93,239.48,0.0,0.5014076576576577,0.21428571428571427,0.22113218453993527,0.4998999799959992,0.3866653745517976,high,1.0
"[584351058, 824211199]",0,0.6651,9,0.23075781719347332,0.3721,207.41,213.25,207.41,0.0,0.5285754504504505,0.42857142857142855,0.33621195636105206,0.3719743948789758,0.3348677197402849,high,0.9998
36834285,0,0.8478,9,0.07274389123987456,0.1504,97.68,106.67,97.68,0.0,0.7857545045045047,0.42857142857142855,0.10598712155937404,0.15023004600920184,0.15763801401944635,medium,0.9566
500005090,0,0.7954,13,0.033100155736775744,0.5204,209.38,215.32,209.38,0.0,0.7119932432432433,0.7142857142857143,0.04822656405128133,0.5203040608121624,0.33804955260522657,low,1.0
36834286,0,0.815,9,0.0635129445447618,0.5596,127.16,127.16,130.62,0.0,0.7395833333333333,0.42857142857142855,0.0925377172418742,0.5595119023804761,0.2052524469425332,low,0.9998
37329814,17,0.5158,6,0.08744850277371455,1.0,68.3,68.3,70.26,0.12408759124087591,0.3184121621621622,0.21428571428571427,0.12741160513429187,1.0,0.11018509545498595,medium,0.9999
37371122,0,0.6628,9,0.12259114597503162,0.2655,432.64,432.64,533.03,0.0,0.5253378378378378,0.42857142857142855,0.17861411261387566,0.26535307061412283,0.6986465096747101,high,1.0
667589131,0,0.8366,8,0.028463253552564672,0.2655,490.73,493.58,490.73,0.0,0.7699887387387387,0.35714285714285715,0.041470640274885714,0.26535307061412283,0.7924702006008335,high,1.0
37371123,0,0.7257,8,0.1982318938365062,0.3913,178.39,178.39,185.55,0.0,0.6138795045045046,0.35714285714285715,0.2888219855946226,0.39117823564712945,0.28799625286687985,high,0.9594
"[6578289, 1136840197, 1070356414, 1070356415]",0,0.8006,13,0.07289845301750762,0.0619,204.27,210.9,204.27,0.0,0.719313063063063,0.7142857142857143,0.10621231664586708,0.0617123424684937,0.3297961688794134,low,0.9899
"[1071583344, 6578289, 1071583345]",7,0.7648,14,0.08509728774982527,0.3473,152.34,152.34,157.03,0.051094890510948905,0.668918918918919,0.7857142857142857,0.12398590649924189,0.34716943388677735,0.24592176244468134,low,1.0
37371123,0,0.7257,8,0.1982318938365062,0.3913,178.39,178.39,185.55,0.0,0.6138795045045046,0.35714285714285715,0.2888219855946226,0.39117823564712945,0.28799625286687985,high,0.9594
37934751,0,0.7127,10,0.15630371538258744,0.4583,81.72,87.91,81.72,0.0,0.595579954954955,0.5,0.22773301574696928,0.4581916383276655,0.13186032238265982,medium,0.9398
164254082,0,0.8795,6,0.06918976443787281,0.0752,165.26,388.29,165.26,0.0,0.8303772522522521,0.21428571428571427,0.10080879154246558,0.07501500300060011,0.26678941757922275,high,0.643
"[675863899, 3754068, 166585294]",0,0.8636,10,0.012600026397695894,0.4621,30.47,240.06,30.47,0.0,0.8079954954954957,0.5,0.01835806441101148,0.461992398479696,0.04908421358658785,low,1.0
32592873,0,0.6677,12,0.09285680224741338,0.2909,87.94,143.83,87.94,0.0,0.5322353603603603,0.6428571428571429,0.13529144765688036,0.2907581516303261,0.141906515489227,low,0.9998
"[1263102882, 166585299, 38663463]",0,0.8494,8,0.08591324904672785,0.4621,75.61,192.75,75.61,0.0,0.7880067567567569,0.35714285714285715,0.1251747545938024,0.461992398479696,0.12199179507058178,low,0.9828
8402490,0,0.6501,14,0.1591624719002217,0.5,291.89,291.89,301.9,0.0,0.5074605855855856,0.7857142857142857,0.2318981976639342,0.4998999799959992,0.4713150499079368,medium,0.996
8402490,0,0.6914,12,0.11736267372628288,0.6649,135.64,135.64,144.33,0.0,0.5655968468468469,0.6428571428571429,0.17099627670182563,0.6648329665933187,0.21894886455405882,low,1.0
38732022,0,0.6937,12,0.1567408915381948,0.5,238.35,238.35,248.56,0.0,0.5688344594594594,0.6428571428571429,0.22836997737928444,0.4998999799959992,0.3848402622993184,medium,0.9999
51175591,0,0.6709,12,0.12439502637301529,0.5,219.81,227.48,219.81,0.0,0.5367398648648649,0.6428571428571429,0.18124234973994852,0.4998999799959992,0.3548955002099687,medium,0.9897
38732022,0,0.6937,12,0.1567408915381948,0.5,238.35,238.35,248.56,0.0,0.5688344594594594,0.6428571428571429,0.22836997737928444,0.4998999799959992,0.3848402622993184,medium,0.9999
51175591,0,0.7201,14,0.12240729387224354,0.5,313.61,319.37,313.61,0.0,0.6059966216216216,0.7857142857142857,0.17834624179339648,0.4998999799959992,0.5063959686016087,low,0.9095
38732673,0,0.5922,9,0.19780035089334447,0.2273,174.73,176.6,174.73,0.0,0.42595720720720714,0.42857142857142855,0.28819323150095866,0.22714542908581714,0.2820848273411506,high,1.0
"[689252818, 1128359692, 1128359693]",0,0.5828,7,0.07950821695987638,0.5,129.84,129.84,129.89,0.0,0.4127252252252252,0.2857142857142857,0.115842681833786,0.4998999799959992,0.2095810317537229,medium,0.7921
38732673,0,0.5922,9,0.1978003508933444,0.2273,174.73,176.6,174.73,0.0,0.42595720720720714,0.42857142857142855,0.28819323150095855,0.22714542908581714,0.2820848273411506,high,1.0
210707503,0,0.6678,10,0.1959727674693411,0.0588,211.57,217.91,211.57,0.0,0.5323761261261261,0.5,0.2855304592842806,0.05861172234446889,0.34158671705914656,high,0.9999
"[678961769, 4307862]",0,0.8006,11,0.047780392423576123,0.3117,271.59,274.8,271.59,0.0,0.719313063063063,0.5714285714285714,0.0696155336985555,0.3115623124624925,0.43852763510676096,medium,0.9978
38732676,0,0.7854,8,0.14730129469862757,0.0671,417.11,424.53,417.11,0.0,0.6979166666666667,0.35714285714285715,0.21461657172298818,0.06691338267653531,0.6735633297800175,high,1.0
"[4317203, 1377259876, 1377259877]",0,0.7378,12,0.08234629945962521,0.7689,424.27,424.27,430.19,0.0,0.6309121621621622,0.6428571428571429,0.11997774189710016,0.7688537707541508,0.6851277578576735,medium,1.0
1377259877,0,0.7716,12,0.078003565753905,0.1627,472.8,481.08,472.8,0.0,0.678490990990991,0.6428571428571429,0.11365041888456576,0.16253250650130027,0.7635106760991053,high,0.9764
20639244,0,0.7354,7,0.09751280339246873,0.5,139.81,610.64,139.81,0.0,0.6275337837837839,0.2857142857142857,0.14207519844332414,0.4998999799959992,0.22568401330878313,medium,0.9999
230838734,0,0.7462,12,0.11819624651930784,0.428,181.04,415.08,181.04,0.0,0.6427364864864865,0.6428571428571429,0.17221078458403405,0.4278855771154231,0.2922763833704816,low,0.9945
156232231,0,0.8004,6,0.029417514023942246,0.4498,70.14,70.14,72.9,0.0,0.7190315315315315,0.21428571428571427,0.04286098899291698,0.4496899379875975,0.11315695965371322,medium,0.9997
188429710,0,0.7301,5,0.14169670339405488,0.4213,83.87,83.87,85.59,0.0,0.6200731981981982,0.14285714285714285,0.20645073381066978,0.4211842368473695,0.1353328810931292,high,0.9832
204347362,0,0.783,5,0.06419963128584609,0.4323,91.71,91.71,97.46,0.0,0.6945382882882883,0.14285714285714285,0.09353821349922975,0.43218643728745754,0.14799560680944535,medium,0.9992
"[38772473, 38772474, 38772475]",0,0.7705,12,0.1346422358541177,0.0344,156.87,156.87,215.89,0.0,0.6769425675675675,0.6428571428571429,0.19617243957682634,0.034206841368273656,0.253238362890461,medium,0.9997
43585222,0,0.7225,12,0.14949353835690507,0.0054,247.6,247.6,305.46,0.0,0.6093750000000001,0.6428571428571429,0.21781065054247256,0.005201040208041609,0.39978034047226796,medium,0.9951
43585222,0,0.7314,12,0.12401562842318334,0.0023,131.63,131.63,135.45,0.0,0.6219031531531533,0.6428571428571429,0.18068957042130918,0.002100420084016803,0.21247213877313692,medium,0.9997
"[38772473, 38772474, 38772475]",0,0.7705,12,0.1346422358541176,0.0344,156.87,156.87,215.89,0.0,0.6769425675675675,0.6428571428571429,0.1961724395768262,0.034206841368273656,0.253238362890461,medium,0.9997
43585222,0,0.7225,12,0.14949353835690507,0.0054,247.6,247.6,305.46,0.0,0.6093750000000001,0.6428571428571429,0.21781065054247256,0.005201040208041609,0.39978034047226796,medium,0.9951
43585222,0,0.7895,12,0.08072914755795758,0.1025,200.06,200.06,227.56,0.0,0.7036880630630631,0.6428571428571429,0.11762156647038506,0.10232046409281854,0.3229964143812385,medium,0.9345
4536590,0,0.8644,12,0.0073896129284218666,0.0301,230.42,240.92,230.42,0.0,0.8091216216216217,0.6428571428571429,0.010766539974334247,0.029905981196239245,0.3720321736602384,low,0.9973
6008169,0,0.7345,11,0.11904456891177938,0.2706,120.7,129.51,120.7,0.0,0.626266891891892,0.5714285714285714,0.17344678249679193,0.27045409081816363,0.1948186193752625,medium,0.8679
26291686,0,0.7584,12,0.1921599989909622,0.4792,340.83,472.93,340.83,0.0,0.6599099099099099,0.6428571428571429,0.2799752907269878,0.4790958191638328,0.550360177019737,medium,0.9999
26291686,0,0.7227,14,0.1935061783184445,0.4094,375.9,470.43,375.9,0.0,0.6096565315315315,0.7857142857142857,0.28193666160877995,0.40928185637127423,0.6070032625900442,medium,1.0
"[38893516, 683978621, 683978622]",0,0.7243,8,0.15773407023785907,0.255,397.54,519.7,397.54,0.0,0.6119087837837839,0.35714285714285715,0.22981702959749145,0.25485097019403885,0.641954969796815,high,1.0
"[38893516, 683978621, 683978622]",0,0.7243,8,0.15773407023785907,0.255,397.54,519.7,397.54,0.0,0.6119087837837839,0.35714285714285715,0.22981702959749145,0.25485097019403885,0.641954969796815,high,1.0
38893925,46,0.8525,8,0.09571497700719511,0.2527,12.86,40.55,12.86,0.3357664233576642,0.7923704954954955,0.35714285714285715,0.1394557819580122,0.2525505101020204,0.020641535032464384,low,1.0
617094407,6,0.7351,11,0.06847798401998656,0.4157,167.82,196.05,167.82,0.043795620437956206,0.6271114864864865,0.5714285714285714,0.09977173402912305,0.4155831166233247,0.2709241851600607,low,0.999
2687034,0,1.0,11,0.10042317511725887,0.1878,24.88,24.88,31.45,0.0,1.0,0.5714285714285714,0.14631558324173768,0.18763752750550108,0.04005556093936751,low,1.0
"[39189208, 39189209]",0,0.7447,8,0.13155230547816338,0.5,113.64,123.25,113.64,0.0,0.6406250000000001,0.35714285714285715,0.1916704394774068,0.4998999799959992,0.18341570565623286,medium,1.0
1430090716,0,0.6404,11,0.10042317511725887,0.1878,21.75,22.1,21.75,0.0,0.4938063063063063,0.5714285714285714,0.14631558324173768,0.18763752750550108,0.03500016151435863,low,0.8984
"[39189208, 39189209]",0,0.7447,8,0.13155230547816338,0.5,113.64,123.25,113.64,0.0,0.6406250000000001,0.35714285714285715,0.1916704394774068,0.4998999799959992,0.18341570565623286,medium,1.0
"[1238199840, 224180697, 1359913999]",0,0.9723,5,0.004763885009929074,0.5,70.48,70.48,70.78,0.0,0.9610078828828831,0.14285714285714285,0.006940878580118446,0.4998999799959992,0.11370610847304327,low,0.9909
192382618,0,0.6562,10,0.17619167840908898,0.0357,100.07,108.16,100.07,0.0,0.5160472972972974,0.5,0.2567095947078815,0.03550710142028406,0.16149820719061925,medium,0.9519
261118582,0,0.6839,10,0.042385918437931006,0.1217,41.73,41.73,44.0,0.0,0.5550394144144144,0.5,0.06175583478472813,0.12152430486097218,0.0672707303679297,low,0.5435
39658929,0,0.7658,8,0.1194785716211458,0.0694,82.9,104.69,82.9,0.0,0.6703265765765767,0.35714285714285715,0.1740791204471616,0.0692138427685537,0.13376619181445232,medium,0.9994
"[227833720, 120756731, 7742063]",1,0.8556,12,0.04344355782575128,0.1025,170.35,185.86,170.35,0.0072992700729927005,0.7967342342342344,0.6428571428571429,0.06329680563189367,0.10232046409281854,0.2750104984333107,low,1.0
"[1418351985, 236840721, 23180923, 23180924, 1056521469]",0,0.7918,10,0.07526362448570903,0.0694,56.72,56.72,123.94,0.0,0.7069256756756758,0.5,0.10965834969174058,0.0692138427685537,0.09148173272603935,low,0.8014
"[3076785, 1505406513]",0,0.5685,8,0.18099146392419085,0.5148,39.52,160.39,39.52,0.0,0.39259572072072074,0.35714285714285715,0.26370283799722494,0.5147029405881177,0.06370126304228446,medium,0.9989
39693965,0,0.5431,6,0.22848703558105052,0.5333,14.29,186.37,14.29,0.0,0.3568412162162163,0.21428571428571427,0.33290344846571474,0.5332066413282657,0.022951190360823076,high,0.9998
4247627,0,0.6663,12,0.09460421422094159,0.4021,344.22,374.82,344.22,0.0,0.5302646396396397,0.6428571428571429,0.1378374108085974,0.4019803960792159,0.5558355137771749,medium,0.9999
50836161,0,0.8251,12,0.021312542702176866,0.2917,210.81,534.77,210.81,0.0,0.7538006756756755,0.6428571428571429,0.03105212042411932,0.2915583116623325,0.34035920793358526,low,1.0
50836161,0,0.6203,12,0.00891718556682573,0.2917,137.89,486.02,137.89,0.0,0.46551238738738737,0.6428571428571429,0.012992199239501588,0.2915583116623325,0.22258293762315465,low,0.9996
23023374,0,0.6461,8,0.11667689655524102,0.5,114.26,460.37,114.26,0.0,0.501829954954955,0.35714285714285715,0.16999710567964474,0.4998999799959992,0.18441709467971704,medium,1.0
50836161,0,0.712,10,0.06455815628724039,0.4267,102.45,473.0,102.45,0.0,0.5945945945945946,0.5,0.09406058112423588,0.42658531706341274,0.16534224892592952,low,0.9885
50836161,0,0.6203,12,0.008917185566825728,0.2917,137.89,486.02,137.89,0.0,0.46551238738738737,0.6428571428571429,0.012992199239501585,0.2915583116623325,0.22258293762315465,low,0.9996
4253920,0,0.6774,9,0.1303084380361958,0.6951,90.47,101.06,90.47,0.0,0.5458896396396397,0.42857142857142855,0.18985813607051427,0.6950390078015604,0.145992828762477,medium,0.8036
45887558,0,1.0,8,0.08396222210349481,0.2115,31.18,33.12,31.18,0.0,1.0,0.35714285714285715,0.12233212630652504,0.21134226845369072,0.050230965532835875,low,1.0
10074852,0,0.733,12,0.08699825297639686,0.1415,114.51,118.17,114.51,0.0,0.6241554054054054,0.6428571428571429,0.12675559532641334,0.1413282656531306,0.18482088057628324,low,0.993
"[1064395416, 25975781, 1064395415]",0,0.6143,11,0.04295495586519991,0.3285,157.29,157.29,157.96,0.0,0.4570664414414414,0.5714285714285714,0.06258491707540817,0.32836567313462695,0.2539167231966922,medium,0.9965
"[1072612936, 1064395417, 1067663276, 388339797]",0,0.7712,11,0.04661349286204047,0.2887,9.9,9.9,12.47,0.0,0.677927927927928,0.5714285714285714,0.06791537178457593,0.28855771154230847,0.015860710017120524,low,1.0
11303483,0,0.6591,9,0.09654335279087083,0.4272,248.65,248.65,257.68,0.0,0.5201295045045046,0.42857142857142855,0.14066271784546336,0.42708541708341674,0.40147624123784603,medium,0.853
745710894,0,0.6227,8,0.08651810782758576,0.2956,139.28,139.28,144.45,0.0,0.4688907657657658,0.35714285714285715,0.12605602826674595,0.29545909181836366,0.2248279872080628,medium,0.8453
4333547,0,0.9124,12,0.049607489992131514,0.5,221.27,247.63,221.27,0.0,0.8766891891891894,0.6428571428571429,0.07227759802832055,0.4998999799959992,0.3572536098459153,low,1.0
40875843,0,0.8794,8,0.06691057972298044,0.5,211.4,255.9,211.4,0.0,0.8302364864864864,0.35714285714285715,0.09748804040422292,0.4998999799959992,0.3413121426494815,medium,0.9997
4333547,9,0.477,12,0.20922562214054208,0.5407,135.05,205.58,135.05,0.06569343065693431,0.26379504504504503,0.6428571428571429,0.3048397464810551,0.5406081216243248,0.21799592983816263,medium,1.0
40875843,0,0.8794,8,0.06691057972298044,0.5,211.4,255.9,211.4,0.0,0.8302364864864864,0.35714285714285715,0.09748804040422292,0.4998999799959992,0.3413121426494815,medium,0.9997
40875845,0,0.6601,8,0.15253860252254048,0.5,294.33,294.33,298.86,0.0,0.5215371621621622,0.35714285714285715,0.22224728098667648,0.4998999799959992,0.47525600025842296,high,1.0
40875845,0,0.6601,8,0.15253860252254048,0.5,294.33,294.33,298.86,0.0,0.5215371621621622,0.35714285714285715,0.22224728098667648,0.4998999799959992,0.47525600025842296,high,1.0
4333547,0,0.577,12,0.09564739486879825,0.4115,313.66,313.66,321.71,0.0,0.40456081081081074,0.6428571428571429,0.13935731540480137,0.4113822764552911,0.506476725780922,medium,0.9986
4333547,0,0.5764,12,0.13910979160940126,0.4476,253.81,259.27,253.81,0.0,0.4037162162162163,0.6428571428571429,0.20268162716595997,0.4474894978995799,0.4098103821429725,medium,1.0
41225402,2,0.6873,8,0.0821414104024707,0.4999,161.56,322.99,161.56,0.014598540145985401,0.5598254504504505,0.35714285714285715,0.11967922042786003,0.49979995999199844,0.26081338631004297,medium,1.0
4471803,2,0.7285,12,0.04904527725304651,0.5,319.16,420.2,319.16,0.014598540145985401,0.617820945945946,0.6428571428571429,0.0714584592454689,0.4998999799959992,0.5153600155053785,medium,0.9423
4471803,76,0.6127,12,0.13774909571420357,0.3318,104.8,318.61,104.8,0.5547445255474452,0.45481418918918926,0.6428571428571429,0.2006991057787045,0.33166633326665335,0.16913783635365184,low,1.0
41225402,2,0.6873,8,0.0821414104024707,0.4999,161.56,322.99,161.56,0.014598540145985401,0.5598254504504505,0.35714285714285715,0.11967922042786003,0.49979995999199844,0.26081338631004297,medium,1.0
"[41225408, 41225409]",0,0.645,7,0.11616761449458278,0.1678,123.41,126.61,123.41,0.0,0.5002815315315315,0.2857142857142857,0.16925508640776782,0.16763352670534107,0.1991956584940401,high,0.9998
35739174,0,0.4892,9,0.2161916042657527,0.5,60.29,60.29,66.57,0.0,0.2809684684684685,0.42857142857142855,0.3149891182805951,0.4998999799959992,0.09724779532900475,medium,0.7042
600378579,0,0.3715,12,0.23158752169654945,0.3532,40.88,40.88,44.31,0.0,0.11528716216216214,0.6428571428571429,0.3374208281804321,0.3530706141228246,0.06589785831960462,medium,0.9984
600378579,0,0.7487,14,0.10679342947384404,0.5068,112.48,112.48,113.24,0.0,0.6462556306306307,0.7857142857142857,0.15559698516905995,0.5067013402680537,0.18154213909616565,low,1.0
42471572,0,0.5829,12,0.16669178201149926,0.5295,279.83,335.14,279.83,0.0,0.41286599099099097,0.6428571428571429,0.24286833315090708,0.5294058811762352,0.4518364182575831,medium,0.9995
"[471131241, 42471572, 6246735]",0,0.7061,12,0.13834866399428572,0.5531,129.6,248.15,129.6,0.0,0.5862894144144144,0.6428571428571429,0.20157267124074343,0.5530106021204241,0.20919339729301933,low,1.0
369663856,0,0.4312,12,0.21107957199212646,0.5,243.65,253.57,243.65,0.0,0.19932432432432434,0.6428571428571429,0.3075409343398831,0.4998999799959992,0.3934005233065219,high,0.9921
4253529,0,0.5522,8,0.2080074373503394,0.7431,247.86,247.86,258.04,0.0,0.36965090090090097,0.35714285714285715,0.3030648624612461,0.7430486097219444,0.40020027780469686,high,1.0
"[1116365560, 4253530, 851813171]",0,0.6314,8,0.25286135049028935,0.5801,288.34,288.34,298.65,0.0,0.48113738738738737,0.35714285714285715,0.3684166008003479,0.5800160032006401,0.4655812901766967,high,1.0
829495990,9,0.5052,6,0.17836096278495114,0.9647,47.0,47.0,83.25,0.06569343065693431,0.30349099099099097,0.21428571428571427,0.2598702220643424,0.9646929385877175,0.07578253706754531,medium,0.9996
43309289,0,0.9888,8,0.006993271591217871,0.5,99.74,102.29,99.74,0.0,0.9842342342342344,0.35714285714285715,0.010189074296342922,0.4998999799959992,0.16096520980715184,low,1.0
43312361,0,0.5119,8,0.215669939158378,0.5,226.89,235.96,226.89,0.0,0.3129222972972973,0.35714285714285715,0.3142290570237005,0.4998999799959992,0.36633071680072354,high,1.0
2466941,0,0.795,12,0.04131168205758803,0.4688,249.11,257.99,249.11,0.0,0.7114301801801803,0.6428571428571429,0.060190682272315776,0.46869373874774956,0.40221920728752786,low,1.0
2466941,0,0.6803,14,0.07739099905128954,0.2787,142.35,142.35,150.44,0.0,0.5499718468468469,0.7857142857142857,0.11275791484061164,0.2785557111422285,0.22978647801789576,low,1.0
43312361,0,0.5119,8,0.215669939158378,0.5,226.89,235.96,226.89,0.0,0.3129222972972973,0.35714285714285715,0.3142290570237005,0.4998999799959992,0.36633071680072354,high,1.0
44130721,0,0.7535,12,0.14964829107042232,0.1978,448.11,576.21,448.11,0.0,0.6530123873873873,0.6428571428571429,0.21803612382079035,0.19763952790558112,0.7236327809542269,high,0.9998
18122226,0,0.6358,14,0.17339487886288968,0.2406,437.3,516.32,437.3,0.0,0.48733108108108114,0.7857142857142857,0.2526346835276719,0.24044808961792358,0.7061730787867042,high,0.9861
18122226,0,0.7107,14,0.15572621353520258,0.0273,518.15,605.47,518.15,0.0,0.5927646396396397,0.7857142857142857,0.22689160087413782,0.027105421084216846,0.8367574377362147,high,1.0
44130721,0,0.7535,12,0.14964829107042232,0.1978,448.11,576.21,448.11,0.0,0.6530123873873873,0.6428571428571429,0.21803612382079035,0.19763952790558112,0.7236327809542269,high,0.9998
958991293,0,0.9653,8,0.02767510273586068,0.5,438.07,606.69,438.07,0.0,0.9511542792792793,0.35714285714285715,0.04032231179383925,0.4998999799959992,0.7074167393481281,medium,0.9978
958991293,0,0.927,8,0.05720205359571742,0.5,426.38,595.63,426.38,0.0,0.8972409909909911,0.35714285714285715,0.0833428072526002,0.4998999799959992,0.6885357108246923,medium,0.8418
4317585,0,0.6264,11,0.18563906695181903,0.0321,188.46,199.87,188.46,0.0,0.47409909909909903,0.5714285714285714,0.27047435280392423,0.031906381276255245,0.3042607487805666,high,0.9813
4317585,1,0.5721,11,0.16209382582263343,0.5,63.23,69.12,63.23,0.0072992700729927005,0.3976632882882884,0.5714285714285714,0.23616915333103577,0.4998999799959992,0.10199631747262332,medium,0.9744
45879362,6,0.982,8,0.017632264045091463,0.4453,58.94,58.94,63.05,0.043795620437956206,0.9746621621621622,0.35714285714285715,0.025689988316216137,0.44518903780756147,0.09506735148754725,low,1.0
8391790,0,0.684,12,0.15547681020605778,0.4657,249.76,256.64,249.76,0.0,0.5551801801801802,0.6428571428571429,0.22652822252058555,0.46559311862372477,0.40326905061859997,medium,1.0
"[1418296428, 8391790]",31,0.712,12,0.12299189605694558,0.4401,48.47,48.47,51.28,0.22627737226277372,0.5945945945945946,0.6428571428571429,0.17919800179230472,0.4399879975995199,0.0781567981393546,low,1.0
45879362,6,0.982,8,0.017632264045091463,0.4453,58.94,58.94,63.05,0.043795620437956206,0.9746621621621622,0.35714285714285715,0.025689988316216137,0.44518903780756147,0.09506735148754725,low,1.0
45887559,0,0.7011,8,0.11796306089363626,0.5006,167.71,177.05,167.71,0.0,0.5792511261261261,0.35714285714285715,0.17187103527507674,0.500500100020004,0.2707465193655716,medium,0.9997
1460562803,0,0.9051,12,0.00554251881712528,0.0815,137.57,227.78,137.57,0.0,0.8664132882882883,0.6428571428571429,0.00807534086596399,0.08131626325265053,0.22206609167554994,low,1.0
45887559,0,0.7011,8,0.11796306089363626,0.5006,167.71,177.05,167.71,0.0,0.5792511261261261,0.35714285714285715,0.17187103527507674,0.500500100020004,0.2707465193655716,medium,0.9997
1460562803,0,0.664,11,0.045867578144761216,0.4745,115.42,205.39,115.42,0.0,0.5270270270270271,0.5714285714285714,0.06682858091139564,0.47439487897579513,0.18629066123978422,low,1.0
38752553,0,0.9428,12,0.13503176184668245,0.5,73.33,183.02,73.33,0.0,0.919481981981982,0.6428571428571429,0.1967399753604478,0.4998999799959992,0.11830926769389799,low,1.0
38752553,0,0.6893,11,0.13843870657174978,0.3551,31.54,168.81,31.54,0.0,0.5626407657657658,0.5714285714285714,0.20170386244681388,0.3549709941988398,0.05081241722389121,low,0.9995
45887561,0,0.6748,8,0.13503176184668245,0.4935,77.26,190.23,77.26,0.0,0.5422297297297297,0.35714285714285715,0.1967399753604478,0.4933986797359472,0.12465678198791874,medium,1.0
45887561,0,0.6748,8,0.13503176184668245,0.4935,77.26,190.23,77.26,0.0,0.5422297297297297,0.35714285714285715,0.1967399753604478,0.4933986797359472,0.12465678198791874,medium,1.0
"[4253429, 4255831]",0,0.4299,8,0.24789933310113876,0.6489,102.67,102.67,110.23,0.0,0.19749436936936937,0.35714285714285715,0.36118698716467557,0.6488297659531906,0.1656975805149078,high,1.0
45994661,0,0.48,8,0.2865416948697251,0.5915,70.05,70.05,77.66,0.0,0.268018018018018,0.35714285714285715,0.4174885523642639,0.5914182836567314,0.11301159673094938,high,1.0
4253429,0,0.6772,14,0.06595071491482199,0.6665,74.22,74.22,78.68,0.0,0.5456081081081081,0.7857142857142857,0.09608952621911802,0.6664332866573315,0.11974674548567368,low,1.0
"[4253429, 4255831]",0,0.4299,8,0.2478993331011387,0.6489,102.67,102.67,110.23,0.0,0.19749436936936937,0.35714285714285715,0.3611869871646755,0.6488297659531906,0.1656975805149078,high,1.0
45994661,0,0.48,8,0.2865416948697251,0.5915,70.05,70.05,77.66,0.0,0.268018018018018,0.35714285714285715,0.4174885523642639,0.5914182836567314,0.11301159673094938,high,1.0
8399705,0,0.6635,12,0.13484092248338989,0.0792,267.37,267.37,269.62,0.0,0.5263231981981982,0.6428571428571429,0.19646192416576647,0.07901580316063213,0.4317117291727235,medium,0.9425
8399705,0,0.6071,12,0.17223943639909656,0.0793,358.16,358.16,367.44,0.0,0.4469313063063063,0.6428571428571429,0.25095121449958296,0.07911582316463292,0.5783506153697064,high,1.0
58716165,0,0.7616,12,0.0795978197552476,0.2721,336.9,336.9,345.13,0.0,0.6644144144144145,0.6428571428571429,0.1159732322813976,0.27195439087817563,0.5440126627257164,medium,1.0
58716165,0,0.968,12,0.016882359744569125,0.0287,223.78,223.78,230.2,0.0,0.9549549549549549,0.6428571428571429,0.02459738465699485,0.028505701140228046,0.36130762024744,low,1.0
58716164,0,0.7198,12,0.12305021059530774,0.0792,176.87,176.87,183.25,0.0,0.6055743243243243,0.6428571428571429,0.17928296553761985,0.07901580316063213,0.2855412346157573,medium,1.0
58716165,0,0.6972,12,0.08922195443763288,0.0287,248.46,248.46,255.55,0.0,0.5737612612612614,0.6428571428571429,0.12999550787508105,0.028505701140228046,0.40116936395645575,medium,1.0
48379494,10,1.0,10,0.032176079939677915,0.962,52.27,52.42,52.27,0.072992700729927,1.0,0.5,0.04688019412567395,0.9619923984796959,0.08429434376716091,low,1.0
48379490,7,0.7948,8,0.032176079939677915,0.5255,46.66,46.66,68.01,0.051094890510948905,0.7111486486486486,0.35714285714285715,0.04688019412567395,0.5254050810162032,0.07523338824821527,low,1.0
48379494,10,1.0,10,0.032176079939677915,0.962,52.27,52.42,52.27,0.072992700729927,1.0,0.5,0.04688019412567395,0.9619923984796959,0.08429434376716091,low,1.0
"[233811549, 1207034953, 201733596, 280251141]",43,0.7148,9,0.03436331309703228,0.6381,14.65,14.65,18.98,0.31386861313868614,0.598536036036036,0.42857142857142855,0.05006697269146018,0.6380276055211043,0.023532642051878414,low,1.0
"[48379497, 280251139, 48379493]",10,0.525,11,0.1465532978695564,0.6465,77.83,77.83,85.36,0.072992700729927,0.33136261261261263,0.5714285714285714,0.21352674723210338,0.6464292858571714,0.12557741383208967,low,0.9154
48379498,0,0.9132,8,0.035010680129962564,0.5,253.22,253.22,260.26,0.0,0.8778153153153153,0.35714285714285715,0.051010180496170975,0.4998999799959992,0.40885744742707625,medium,0.9988
562087583,0,0.7702,12,0.04947886934019979,0.5,102.21,103.18,102.21,0.0,0.6765202702702703,0.6428571428571429,0.07209019892305586,0.4998999799959992,0.16495461446522597,low,1.0
4247638,0,0.6594,12,0.13528361619221876,0.4802,161.98,169.96,161.98,0.0,0.5205518018018018,0.6428571428571429,0.19710692482230857,0.4800960192038408,0.26149174661627417,low,0.5426
562087583,0,0.6456,12,0.13927487167475217,0.4666,142.8,144.31,142.8,0.0,0.5011261261261261,0.6428571428571429,0.20292214730078417,0.466493298659732,0.23051329263171497,low,0.6244
1298327174,0,1.0,12,0.08867729854328418,0.3205,48.4,48.4,51.44,0.0,1.0,0.6428571428571429,0.12920194925331113,0.3203640728145629,0.07804373808831605,low,1.0
4247631,0,0.7198,12,0.0886772985432842,0.3205,58.55,62.2,58.55,0.0,0.6055743243243243,0.6428571428571429,0.12920194925331116,0.3203640728145629,0.09443744548890397,low,1.0
1298327178,0,0.6587,12,0.06487407054292049,0.2552,101.25,101.25,103.76,0.0,0.5195664414414414,0.6428571428571429,0.09452086528518257,0.2550510102020404,0.16340407662241174,low,0.9996
4264830,0,0.7583,12,0.07942594061956877,0.007,89.27,94.77,89.27,0.0,0.6597691441441441,0.6428571428571429,0.11572280596372522,0.006801360272054411,0.1440546564589592,low,0.9973
25975781,0,0.7693,12,0.07763322451788388,0.4152,26.36,26.36,31.42,0.0,0.6752533783783784,0.6428571428571429,0.11311083511453619,0.4150830166033207,0.042445973447039445,low,1.0
30901815,0,0.8606,12,0.04509630461462672,0.5,71.11,71.11,75.65,0.0,0.8037725225225225,0.6428571428571429,0.06570484248144065,0.4998999799959992,0.1147236489323901,low,1.0
22815086,0,0.792,12,0.05462669605017149,0.053,290.21,476.12,290.21,0.0,0.7072072072072072,0.6428571428571429,0.07959053502785542,0.052810562112422486,0.4686016086830119,medium,1.0
22815086,0,0.6186,12,0.14608039735434242,0.053,243.26,458.66,243.26,0.0,0.4631193693693694,0.6428571428571429,0.2128377355368637,0.052810562112422486,0.39277061730787866,medium,0.5504
8399709,0,0.5854,12,0.19848985381702144,0.0435,281.38,467.83,281.38,0.0,0.4163851351351352,0.6428571428571429,0.2891978309104146,0.043308661732346466,0.4543398908162936,high,1.0
4264830,0,0.7327,12,0.0769300727753469,0.1915,290.88,298.8,290.88,0.0,0.6237331081081081,0.6428571428571429,0.1120863495017072,0.1913382676535307,0.4696837548858094,medium,1.0
4264830,0,0.7335,8,0.04347039516041971,0.1877,444.65,507.63,444.65,0.0,0.6248592342342343,0.35714285714285715,0.06333590738133296,0.1875375075015003,0.7180443841457506,high,1.0
8399709,0,0.6054,12,0.18592087446830527,0.043,382.68,387.27,382.68,0.0,0.4445382882882884,0.6428571428571429,0.2708849437599895,0.042808561712342465,0.6179539361049198,high,1.0
10074847,0,0.6178,12,0.2000261134215396,0.0502,255.31,265.89,255.31,0.0,0.46199324324324326,0.6428571428571429,0.29143614700520326,0.05001000200040008,0.41223309752236975,high,0.9988
482768614,0,0.9141,11,0.0164325262594253,0.4355,156.01,158.22,156.01,0.0,0.8790822072072074,0.5714285714285714,0.023941981412119385,0.4353870774154831,0.2518493394062732,low,1.0
482768614,0,0.863,12,0.04445048423728653,0.5,44.99,50.52,44.99,0.0,0.8071509009009009,0.6428571428571429,0.06476388813967988,0.4998999799959992,0.07253609845915303,low,1.0
7742913,0,0.7062,12,0.12211379906212584,0.5,182.93,182.93,191.43,0.0,0.5864301801801802,0.6428571428571429,0.17791862255815047,0.4998999799959992,0.29532900474852214,low,0.9808
7742913,0,0.7039,12,0.1362825011608686,0.5,135.49,135.49,158.73,0.0,0.5831925675675675,0.6428571428571429,0.19856229102187264,0.4998999799959992,0.21870659301611914,low,0.9998
48967467,0,0.7104,8,0.12883016441292547,0.5,150.61,150.61,154.15,0.0,0.5923423423423424,0.35714285714285715,0.1877043050163512,0.4998999799959992,0.2431275640404432,medium,0.9999
48967467,0,0.7104,8,0.12883016441292544,0.5,150.61,150.61,154.15,0.0,0.5923423423423424,0.35714285714285715,0.18770430501635113,0.4998999799959992,0.2431275640404432,medium,0.9999
"[15692877, 1365389559]",54,0.6848,5,0.13061214449782457,0.5,48.56,48.76,48.56,0.39416058394160586,0.5563063063063063,0.14285714285714285,0.19030063358796231,0.4998999799959992,0.07830216106211843,medium,0.9999
50212047,0,0.5811,8,0.16904954002763356,0.0836,449.15,449.15,453.71,0.0,0.41033220720720714,0.35714285714285715,0.24630356486539692,0.08341668333666732,0.7253125302839423,high,1.0
4317203,0,0.8614,12,0.05177798677755784,0.3572,365.81,365.81,371.34,0.0,0.8048986486486489,0.6428571428571429,0.07543999185435009,0.3570714142828566,0.5907064638046323,medium,0.9908
50212047,0,0.7254,12,0.09110849581665685,0.3572,403.42,403.42,408.6,0.0,0.6134572072072073,0.6428571428571429,0.13274418128921964,0.3570714142828566,0.6514520140840522,medium,0.9974
"[4317203, 1377259876, 1377259877]",0,0.7378,12,0.08234629945962518,0.7689,424.27,424.27,430.19,0.0,0.6309121621621622,0.6428571428571429,0.11997774189710012,0.7688537707541508,0.6851277578576735,medium,1.0
50212048,0,0.8124,8,0.0108092003547265,0.0703,338.27,338.27,343.98,0.0,0.7359234234234234,0.35714285714285715,0.01574884735996344,0.0701140228045609,0.5462254094388991,high,0.9988
4317203,0,0.8614,12,0.05177798677755784,0.3572,365.81,365.81,371.34,0.0,0.8048986486486489,0.6428571428571429,0.07543999185435009,0.3570714142828566,0.5907064638046323,medium,0.9908
"[4317203, 1377259871]",0,0.7203,14,0.08671164230265842,0.0703,308.21,308.21,313.06,0.0,0.6062781531531533,0.7857142857142857,0.12633800621446883,0.0701140228045609,0.49767419323577866,medium,1.0
50212048,0,0.8124,8,0.0108092003547265,0.0703,338.27,338.27,343.98,0.0,0.7359234234234234,0.35714285714285715,0.01574884735996344,0.0701140228045609,0.5462254094388991,high,0.9988
25654593,0,0.7918,8,0.06961982409012232,0.5,258.97,258.97,262.07,0.0,0.7069256756756758,0.35714285714285715,0.1014353844949316,0.4998999799959992,0.41814452304809907,medium,0.9999
68829598,0,0.7177,8,0.1562414123868397,0.0629,232.46,232.46,234.64,0.0,0.6026182432432433,0.35714285714285715,0.22764224085597715,0.0627125425085017,0.3753270665762186,high,1.0
1205659429,0,0.6991,7,0.026263590777704696,0.5,49.54,49.54,49.93,0.0,0.576435810810811,0.2857142857142857,0.03826575187087093,0.4998999799959992,0.07988500177665794,medium,0.9861
50212053,1,0.664,6,0.11855662331847257,0.3355,78.09,80.3,78.09,0.0072992700729927005,0.5270270270270271,0.21428571428571427,0.1727358502613366,0.33536707341468297,0.12599735116451855,high,0.9079
50212054,0,0.6937,12,0.13199895586074556,0.5,94.28,94.28,95.85,0.0,0.5688344594594594,0.6428571428571429,0.19232120497116642,0.4998999799959992,0.15214652582614596,low,1.0
50212060,0,0.7786,8,0.14354070109436917,0.5,108.42,108.42,111.54,0.0,0.6883445945945946,0.35714285714285715,0.20913742147675685,0.4998999799959992,0.1749846561359305,medium,1.0
50212060,0,0.6845,12,0.20667506943157063,0.5,82.04,82.04,86.4,0.0,0.555884009009009,0.6428571428571429,0.3011236146747461,0.4998999799959992,0.13237716833026458,low,0.9952
50212054,0,0.6937,12,0.13199895586074556,0.5,94.28,94.28,95.85,0.0,0.5688344594594594,0.6428571428571429,0.19232120497116642,0.4998999799959992,0.15214652582614596,low,1.0
393299900,0,0.6263,12,0.03486901360242132,0.2841,169.59,170.2,169.59,0.0,0.4739583333333333,0.6428571428571429,0.05080377367029609,0.2839567913582717,0.27378298930774947,low,0.6035
393299900,0,0.6798,12,0.05970501193590649,0.2594,64.55,64.95,64.55,0.0,0.549268018018018,0.6428571428571429,0.08698959450193874,0.25925185037007403,0.10412830700649288,low,1.0
50212061,0,0.6892,12,0.13906759110306097,0.5,46.12,46.12,50.1,0.0,0.5625000000000001,0.6428571428571429,0.20262014141689,0.4998999799959992,0.07436121071163226,low,1.0
393299900,0,0.6798,12,0.05970501193590649,0.2594,64.55,64.95,64.55,0.0,0.549268018018018,0.6428571428571429,0.08698959450193874,0.25925185037007403,0.10412830700649288,low,1.0
"[393299900, 4289839]",0,0.7295,12,0.020948417404666804,0.1113,16.86,16.86,19.45,0.0,0.6192286036036037,0.6428571428571429,0.030521593219251422,0.11112222444488896,0.027102109377523664,low,1.0
50212060,0,0.7882,8,0.13594495827095024,0.5,61.01,61.01,67.12,0.0,0.7018581081081081,0.35714285714285715,0.19807049414004113,0.4998999799959992,0.09841069871111542,medium,0.9825
50212060,0,0.6845,12,0.20667506943157063,0.5,82.04,82.04,86.4,0.0,0.555884009009009,0.6428571428571429,0.3011236146747461,0.4998999799959992,0.13237716833026458,low,0.9952
50212060,0,0.7882,8,0.13594495827095024,0.5,61.01,61.01,67.12,0.0,0.7018581081081081,0.35714285714285715,0.19807049414004113,0.4998999799959992,0.09841069871111542,medium,0.9825
50212061,0,0.6892,12,0.13906759110306097,0.5,46.12,46.12,50.1,0.0,0.5625000000000001,0.6428571428571429,0.20262014141689,0.4998999799959992,0.07436121071163226,low,1.0
50212060,0,0.7786,8,0.14354070109436917,0.5,108.42,108.42,111.54,0.0,0.6883445945945946,0.35714285714285715,0.20913742147675685,0.4998999799959992,0.1749846561359305,medium,1.0
815847619,0,0.4989,8,0.21844821039749146,0.5,192.6,199.25,192.6,0.0,0.29462274774774777,0.35714285714285715,0.3182769726311323,0.4998999799959992,0.3109474432277029,high,1.0
50212047,0,0.7254,12,0.09110849581665685,0.3572,403.42,403.42,408.6,0.0,0.6134572072072073,0.6428571428571429,0.13274418128921964,0.3570714142828566,0.6514520140840522,medium,0.9974
50212047,0,0.5811,8,0.16904954002763356,0.0836,449.15,449.15,453.71,0.0,0.41033220720720714,0.35714285714285715,0.24630356486539692,0.08341668333666732,0.7253125302839423,high,1.0
74308324,0,0.7183,12,0.13932841740423313,0.3593,524.49,524.49,529.96,0.0,0.6034628378378379,0.6428571428571429,0.20300016293548026,0.3591718343668734,0.8469974480731337,high,1.0
8117374,0,0.6505,8,0.1863661820990851,0.0092,178.85,475.14,178.85,0.0,0.5080236486486486,0.35714285714285715,0.27153375287673986,0.009001800360072013,0.2887392189165617,high,1.0
30286030,0,0.753,6,0.1047659096619209,0.1321,103.79,111.04,103.79,0.0,0.6523085585585586,0.21428571428571427,0.15264290747660259,0.13192638527705539,0.1675065413315244,high,0.9898
236959505,0,0.7229,12,0.07410463118956483,0.6005,258.22,264.96,258.22,0.0,0.6099380630630631,0.6428571428571429,0.10796970713361943,0.6004200840168034,0.4169331653584004,low,0.9951
1274304834,0,0.7042,10,0.013260988921562265,0.8303,109.22,115.88,109.22,0.0,0.5836148648648649,0.5,0.01932108072080129,0.8302660532106422,0.17627677100494235,low,1.0
1430090717,0,0.8696,12,0.08501059207451214,0.5,108.28,118.44,108.28,0.0,0.8164414414414416,0.6428571428571429,0.12385959169878029,0.4998999799959992,0.1747585360338534,low,1.0
50592246,0,0.8805,8,0.03770935569340224,0.5,137.81,140.12,137.81,0.0,0.8317849099099099,0.35714285714285715,0.054942125937224515,0.4998999799959992,0.2224537261362535,low,0.9972
"[365198126, 2387302]",0,0.5609,9,0.1395816286740678,0.957,365.23,365.23,376.9,0.0,0.38189752252252246,0.42857142857142855,0.20336908942354642,0.9569913982796558,0.5897696805245987,high,0.9913
16646846,0,0.4026,8,0.1872837656966955,0.7005,191.21,191.21,203.09,0.0,0.15906531531531531,0.35714285714285715,0.2728706637274874,0.7004400880176035,0.30870239364279484,high,1.0
8179134,51,0.4418,12,0.16188706697646638,0.616,286.11,286.11,296.02,0.3722627737226277,0.2142454954954955,0.6428571428571429,0.2358679075964252,0.6159231846369274,0.46197951997932624,medium,1.0
8179134,11,0.4689,12,0.19190134412427665,0.2418,70.96,70.96,73.13,0.08029197080291971,0.252393018018018,0.6428571428571429,0.27959843296844555,0.24164832966593316,0.11448137739445036,medium,1.0
"[1211612192, 1211612193, 854240675]",1,0.5072,12,0.1949687537825873,0.4268,62.44,70.74,62.44,0.0072992700729927005,0.3063063063063063,0.6428571428571429,0.2840676205896747,0.4266853370674135,0.10072035403947412,medium,0.9999
23180952,0,0.7306,12,0.14742734042171338,0.2988,19.61,19.61,22.28,0.0,0.6207770270270271,0.6428571428571429,0.21480021918063952,0.2986597319463893,0.03154375423975192,low,1.0
"[403510502, 403510503, 1070356425, 1070356426, 204348402]",0,0.6579,10,0.10636690384802377,0.0389,96.23,96.23,97.27,0.0,0.5184403153153154,0.5,0.15497554126055288,0.03870774154830966,0.15529605581936234,medium,1.0
1418329089,0,0.7198,12,0.1193889293658303,0.1185,66.77,66.77,67.38,0.0,0.6055743243243243,0.6428571428571429,0.17394851250677462,0.11832366473294657,0.10771392576800078,low,0.9952
51166450,0,0.7317,8,0.21354617107617807,0.2356,193.41,403.93,193.41,0.0,0.6223254504504505,0.35714285714285715,0.3111347464878991,0.23544708941788356,0.3122557095325774,high,1.0
"[6273672, 6273670]",0,0.8264,12,0.07068743672138912,0.0695,128.29,421.43,128.29,0.0,0.7556306306306306,0.6428571428571429,0.10299088626594488,0.06931386277255451,0.20707755919501242,low,1.0
6273672,0,0.7421,12,0.0881070156704443,0.2488,215.84,353.51,215.84,0.0,0.6369650900900901,0.6428571428571429,0.12837105235990476,0.2486497299459892,0.3484833801724973,medium,0.9776
51166450,0,0.7317,8,0.21354617107617807,0.2356,193.41,403.93,193.41,0.0,0.6223254504504505,0.35714285714285715,0.3111347464878991,0.23544708941788356,0.3122557095325774,high,1.0
31015584,0,0.7637,8,0.1424942885099168,0.3663,292.92,302.56,292.92,0.0,0.6673704954954957,0.35714285714285715,0.2076128079786992,0.3661732346469294,0.47297864780178966,high,0.9998
25654782,0,0.7208,12,0.10454728518460212,0.1892,339.52,349.79,339.52,0.0,0.606981981981982,0.6428571428571429,0.15232437362668674,0.1890378075615123,0.5482443389217302,medium,0.9966
25654782,0,0.6551,12,0.11924416551867195,0.3663,347.16,357.22,347.16,0.0,0.5144988738738739,0.6428571428571429,0.17373759291474403,0.3661732346469294,0.5605840359207934,medium,0.99
36719933,0,0.8386,12,0.09758699169011018,0.0293,115.81,115.81,116.46,0.0,0.7728040540540541,0.6428571428571429,0.1421832901097114,0.029105821164232847,0.1869205672384275,low,0.9997
51175591,0,0.7815,12,0.12142438637047809,0.5,137.42,141.56,137.42,0.0,0.6924268018018018,0.6428571428571429,0.17691415461593002,0.4998999799959992,0.2218238201376102,low,1.0
1351116396,0,0.922,12,0.09758699169011018,0.4831,131.56,131.56,132.18,0.0,0.8902027027027029,0.6428571428571429,0.1421832901097114,0.48299659931986394,0.2123590787220984,low,1.0
51175590,0,0.6458,8,0.08806992296571202,0.5,160.04,450.5,160.04,0.0,0.5014076576576577,0.35714285714285715,0.1283170086307347,0.4998999799959992,0.25835836805892043,medium,0.9996
230547774,0,0.8729,12,0.014149824075178754,0.5,38.87,617.75,38.87,0.0,0.8210867117117117,0.6428571428571429,0.02061610535342368,0.4998999799959992,0.06265141971121233,low,1.0
230547774,0,0.761,12,0.002702370825643202,0.5,102.07,621.54,102.07,0.0,0.6635698198198199,0.6428571428571429,0.00393727140021772,0.4998999799959992,0.16472849436314888,low,1.0
"[51175588, 681002367]",0,0.8837,12,0.06732707108926718,0.4872,142.6,766.11,142.6,0.0,0.8362894144144146,0.6428571428571429,0.09809486448900546,0.4870974194838968,0.23019026391446198,low,1.0
8402484,0,0.9984,12,0.06307872723870679,0.5,180.67,643.94,180.67,0.0,0.9977477477477477,0.6428571428571429,0.09190506662610569,0.4998999799959992,0.29167878024356364,low,1.0
8402484,0,0.9059,12,0.06307872723870679,0.5,169.41,700.58,169.41,0.0,0.8675394144144146,0.6428571428571429,0.09190506662610569,0.4998999799959992,0.2734922634622218,low,1.0
51175598,0,0.8733,8,0.06307872723870679,0.5,210.9,688.68,210.9,0.0,0.8216497747747747,0.35714285714285715,0.09190506662610569,0.4998999799959992,0.3405045708563491,medium,0.9997
68501768,0,0.7607,9,0.10263784789408444,0.5,90.65,90.65,96.35,0.0,0.6631475225225226,0.42857142857142855,0.1495423410803738,0.4998999799959992,0.14628355460800466,low,0.7648
53368567,0,0.7747,8,0.11658499811671487,0.403,382.46,405.95,382.46,0.0,0.6828547297297298,0.35714285714285715,0.16986321050109934,0.4028805761152231,0.6175986045159415,high,1.0
53368576,0,0.7472,8,0.1523052461804553,0.5,296.55,334.25,296.55,0.0,0.6441441441441441,0.35714285714285715,0.22190728294547687,0.4998999799959992,0.47884161901993094,high,0.9985
53368576,0,0.7472,8,0.1523052461804553,0.5,296.55,334.25,296.55,0.0,0.6441441441441441,0.35714285714285715,0.22190728294547687,0.4998999799959992,0.47884161901993094,high,0.9985
119695444,0,0.6535,8,0.11722200927958662,0.2825,258.18,258.18,258.74,0.0,0.5122466216216216,0.35714285714285715,0.1707913298985127,0.28235647129425884,0.41686855961494984,high,1.0
119695444,0,0.6942,12,0.0941692739423285,0.5,341.08,363.06,341.08,0.0,0.5695382882882883,0.6428571428571429,0.13720370682847036,0.4998999799959992,0.5507639629163033,medium,1.0
53368577,0,0.752,8,0.15742460329439054,0.5,335.92,380.27,335.92,0.0,0.6509009009009009,0.35714285714285715,0.22936613911105708,0.4998999799959992,0.5424298220111768,high,1.0
119695444,0,0.6884,12,0.14485288377796943,0.5,374.59,396.22,374.59,0.0,0.5613738738738739,0.6428571428571429,0.2110492595615229,0.4998999799959992,0.6048874244920374,medium,0.9973
53368577,0,0.752,8,0.1574246032943905,0.5,335.92,380.27,335.92,0.0,0.6509009009009009,0.35714285714285715,0.22936613911105705,0.4998999799959992,0.5424298220111768,high,1.0
119695444,0,0.6942,12,0.09416927394232849,0.5,341.08,363.06,341.08,0.0,0.5695382882882883,0.6428571428571429,0.13720370682847036,0.4998999799959992,0.5507639629163033,medium,1.0
119695444,0,0.8259,12,0.013382451200625253,0.5,388.71,395.56,388.71,0.0,0.7549268018018019,0.6428571428571429,0.019498050142725046,0.4998999799959992,0.6276932519300966,medium,0.5383
119695444,0,0.8138,12,0.013382451200625253,0.5,377.15,383.83,377.15,0.0,0.7378941441441442,0.6428571428571429,0.019498050142725046,0.4998999799959992,0.6090221920728753,low,0.5891
53368567,0,0.7747,8,0.11658499811671486,0.403,382.46,405.95,382.46,0.0,0.6828547297297298,0.35714285714285715,0.16986321050109932,0.4028805761152231,0.6175986045159415,high,1.0
207977706,0,0.6118,10,0.23753883779447854,0.315,62.15,62.15,63.09,0.0,0.4535472972972973,0.5,0.3460918409233257,0.3148629725945189,0.10025196239945731,medium,0.9993
"[471138776, 1425510085, 1425510086]",0,0.7119,12,0.15974277883363694,0.2541,186.75,186.75,194.97,0.0,0.5944538288288288,0.6428571428571429,0.232743699521277,0.2539507901580316,0.30149885324805376,medium,1.0
54582253,0,0.7751,7,0.12107809132312017,0.1595,233.73,235.5,233.73,0.0,0.6834177927927928,0.2857142857142857,0.1764096059213167,0.15933186637327465,0.3773782989307749,high,1.0
4471806,0,0.5862,7,0.1651510208428321,0.5321,108.36,117.49,108.36,0.0,0.41751126126126137,0.2857142857142857,0.24062345831861287,0.5320064012802561,0.1748877475207546,high,0.9718
8117343,0,0.6677,8,0.17374676413890808,0.0201,319.77,328.96,319.77,0.0,0.5322353603603603,0.35714285714285715,0.25314737713395735,0.019903980796159234,0.516345253093,high,1.0
4340906,0,0.7995,8,0.008802930198879993,0.5,154.6,497.56,154.6,0.0,0.7177646396396398,0.35714285714285715,0.012825730220699811,0.4998999799959992,0.2495719869496398,medium,0.5074
726583329,0,0.569,8,0.03672479360622506,0.5,138.0,547.16,138.0,0.0,0.3932995495495495,0.35714285714285715,0.053507628044051965,0.4998999799959992,0.2227606034176438,medium,0.9999
898443087,0,0.7778,8,0.06782174278067704,0.5,45.88,54.46,45.88,0.0,0.6872184684684686,0.35714285714285715,0.0988155965874494,0.4998999799959992,0.07397357625092872,low,0.9964
17998948,0,0.7436,11,0.09435328918184938,0.5,103.75,111.16,103.75,0.0,0.6390765765765767,0.5714285714285714,0.13747181533766673,0.4998999799959992,0.1674419355880738,low,1.0
898443087,0,0.7083,12,0.155016336445131,0.5,64.11,69.19,64.11,0.0,0.5893862612612614,0.6428571428571429,0.22585731649189153,0.4998999799959992,0.10341764382853635,low,1.0
25654593,0,0.7756,10,0.040465224027776206,0.5,81.77,83.8,81.77,0.0,0.6841216216216216,0.5,0.05895740071878229,0.4998999799959992,0.13194107956197307,low,1.0
25654593,0,0.7956,12,0.06715571043685814,0.5,103.83,108.86,103.83,0.0,0.7122747747747749,0.6428571428571429,0.09784519359668194,0.4998999799959992,0.16757114707497497,low,1.0
898443087,0,0.7083,12,0.15501633644513102,0.5,64.11,69.19,64.11,0.0,0.5893862612612614,0.6428571428571429,0.22585731649189159,0.4998999799959992,0.10341764382853635,low,1.0
58602417,0,0.6342,8,0.24021831996223658,0.5,124.13,419.76,124.13,0.0,0.48507882882882886,0.35714285714285715,0.3499958217636428,0.4998999799959992,0.20035856187615078,high,0.9865
259182798,0,0.8242,8,0.12545366215468515,0.5,279.59,350.95,279.59,0.0,0.7525337837837838,0.35714285714285715,0.18278477232377607,0.4998999799959992,0.4514487837968795,medium,0.9763
58602419,0,0.6663,8,0.21710627398076635,0.5,222.97,390.0,222.97,0.0,0.5302646396396397,0.35714285714285715,0.3163217836312361,0.4998999799959992,0.3599993539425655,high,1.0
259182798,0,0.8242,8,0.12545366215468515,0.5,279.59,350.95,279.59,0.0,0.7525337837837838,0.35714285714285715,0.18278477232377607,0.4998999799959992,0.4514487837968795,medium,0.9763
259182798,0,0.7883,12,0.14006668870994654,0.3761,159.9,364.53,159.9,0.0,0.7019988738738739,0.6428571428571429,0.20407581742840514,0.3759751950390078,0.25813224795684336,low,0.999
58602419,0,0.6663,8,0.21710627398076635,0.5,222.97,390.0,222.97,0.0,0.5302646396396397,0.35714285714285715,0.3163217836312361,0.4998999799959992,0.3599993539425655,high,1.0
4370174,0,0.7076,12,0.16475191793128255,0.5,238.35,307.36,238.35,0.0,0.5884009009009009,0.6428571428571429,0.24004196905223424,0.4998999799959992,0.3848402622993184,medium,0.9999
4370174,0,0.6661,12,0.1426062206453286,0.5,270.27,331.35,270.27,0.0,0.5299831081081081,0.6428571428571429,0.20777589206909605,0.4998999799959992,0.43639564557289146,medium,1.0
58602420,0,0.6578,8,0.20510565004058354,0.5,211.86,361.24,211.86,0.0,0.5182995495495496,0.35714285714285715,0.29883698507647477,0.4998999799959992,0.3420551086991634,high,0.9999
58602421,0,0.7078,8,0.20190997715704345,0.5,164.48,323.04,164.48,0.0,0.5886824324324325,0.35714285714285715,0.29418091911739425,0.4998999799959992,0.2655296055819362,medium,0.6015
4370174,0,0.6724,12,0.10497861114714943,0.5,214.43,289.18,214.43,0.0,0.5388513513513514,0.6428571428571429,0.15295281158159388,0.4998999799959992,0.34620602771586395,medium,0.7803
4370174,0,0.6918,12,0.09256219232116196,0.5,199.26,279.14,199.26,0.0,0.5661599099099099,0.6428571428571429,0.13486220370769778,0.4998999799959992,0.3217042995122266,low,0.9836
58602421,0,0.7078,8,0.20190997715704345,0.5,164.48,323.04,164.48,0.0,0.5886824324324325,0.35714285714285715,0.29418091911739425,0.4998999799959992,0.2655296055819362,medium,0.6015
4370174,0,0.7076,12,0.16475191793128255,0.5,238.35,307.36,238.35,0.0,0.5884009009009009,0.6428571428571429,0.24004196905223424,0.4998999799959992,0.3848402622993184,medium,0.9999
4370174,0,0.6724,12,0.10497861114714943,0.5,214.43,289.18,214.43,0.0,0.5388513513513514,0.6428571428571429,0.15295281158159388,0.4998999799959992,0.34620602771586395,medium,0.7803
58602423,0,0.7002,12,0.18526131733032455,0.5,246.37,280.38,246.37,0.0,0.5779842342342343,0.6428571428571429,0.26992397508449145,0.4998999799959992,0.39779371386116225,medium,1.0
58602423,0,0.6325,8,0.23284796912124878,0.5,235.14,236.57,235.14,0.0,0.48268581081081074,0.35714285714285715,0.3392572884694627,0.4998999799959992,0.3796556513874083,high,1.0
58602430,0,0.7253,8,0.14201979977942153,0.5,294.37,300.24,294.37,0.0,0.6133164414414414,0.35714285714285715,0.20692148226842216,0.4998999799959992,0.4753206060018736,high,0.9989
4370174,0,0.6864,12,0.1184474317934315,0.5,318.18,339.38,318.18,0.0,0.5585585585585586,0.6428571428571429,0.17257675921500878,0.4998999799959992,0.513777174790839,medium,1.0
4370174,0,0.6661,12,0.1426062206453286,0.5,270.27,331.35,270.27,0.0,0.5299831081081081,0.6428571428571429,0.20777589206909605,0.4998999799959992,0.43639564557289146,medium,1.0
58602430,0,0.7253,8,0.1420197997794216,0.5,294.37,300.24,294.37,0.0,0.6133164414414414,0.35714285714285715,0.20692148226842227,0.4998999799959992,0.4753206060018736,high,0.9989
58602436,0,0.7241,8,0.11431347382675296,0.5,281.63,291.54,281.63,0.0,0.6116272522522522,0.35714285714285715,0.1665536205314276,0.4998999799959992,0.4547436767128598,high,0.9353
4370174,0,0.692,12,0.166356949365597,0.5,270.12,277.88,270.12,0.0,0.5664414414414414,0.6428571428571429,0.24238048506964563,0.4998999799959992,0.43615337403495175,medium,1.0
4370174,0,0.6864,12,0.11844743179343149,0.5,318.18,339.38,318.18,0.0,0.5585585585585586,0.6428571428571429,0.17257675921500876,0.4998999799959992,0.513777174790839,medium,1.0
58602436,0,0.7241,8,0.11431347382675296,0.5,281.63,291.54,281.63,0.0,0.6116272522522522,0.35714285714285715,0.1665536205314276,0.4998999799959992,0.4547436767128598,high,0.9353
8385224,0,0.7751,12,0.07314439464413196,0.5,177.8,177.8,178.46,0.0,0.6834177927927928,0.6428571428571429,0.10657065133072942,0.4998999799959992,0.2870433181509836,low,1.0
8385224,0,0.8881,14,0.03133276954762346,0.5,97.19,97.19,103.12,0.0,0.8424831081081082,0.7857142857142857,0.04565149865136311,0.4998999799959992,0.15684659366217657,low,1.0
1116776779,0,0.8566,8,0.03264619466925338,0.5,88.89,99.12,88.89,0.0,0.7981418918918919,0.35714285714285715,0.04756514695689548,0.4998999799959992,0.14344090189617859,low,1.0
1116776779,0,0.8566,8,0.032646194669253385,0.5,88.89,99.12,88.89,0.0,0.7981418918918919,0.35714285714285715,0.047565146956895496,0.4998999799959992,0.14344090189617859,low,1.0
50592246,0,0.8805,8,0.037709355693402245,0.5,137.81,140.12,137.81,0.0,0.8317849099099099,0.35714285714285715,0.05494212593722453,0.4998999799959992,0.2224537261362535,low,0.9972
58602509,1,0.6928,8,0.07486164360625606,0.4812,61.34,71.94,61.34,0.0072992700729927005,0.5675675675675675,0.35714285714285715,0.10907266725263286,0.4810962192438488,0.09894369609458283,medium,0.9949
1430090717,0,0.8696,12,0.08501059207451214,0.5,108.28,118.44,108.28,0.0,0.8164414414414416,0.6428571428571429,0.12385959169878029,0.4998999799959992,0.1747585360338534,low,1.0
58602509,1,0.6928,8,0.07486164360625606,0.4812,61.34,71.94,61.34,0.0072992700729927005,0.5675675675675675,0.35714285714285715,0.10907266725263286,0.4810962192438488,0.09894369609458283,medium,0.9949
20200047,0,0.8936,12,0.005781368266252945,0.5,267.72,434.57,267.72,0.0,0.8502252252252251,0.6428571428571429,0.008423342313532834,0.4998999799959992,0.43227702942791624,low,1.0
20200047,0,0.9312,12,0.002979032569826515,0.3545,225.95,478.49,225.95,0.0,0.9031531531531531,0.6428571428571429,0.004340365013430339,0.354370874174835,0.3648124818296346,low,1.0
58700264,0,0.9633,12,0.0014672923607493933,0.5,320.18,412.55,320.18,0.0,0.948338963963964,0.6428571428571429,0.002137773451974942,0.4998999799959992,0.5170074619633686,low,1.0
20199976,0,0.854,10,0.00045999139186440066,0.0556,326.02,330.75,326.02,0.0,0.794481981981982,0.5,0.0006701452175798457,0.05541108221644329,0.5264399005071551,medium,1.0
20199976,0,0.8239,12,0.005718016066594055,0.1522,233.26,591.69,233.26,0.0,0.7521114864864865,0.6428571428571429,0.008331038742105378,0.15203040608121624,0.37661918144523043,low,0.9993
58700264,0,0.9633,12,0.0014672923607493933,0.5,320.18,412.55,320.18,0.0,0.948338963963964,0.6428571428571429,0.002137773451974942,0.4998999799959992,0.5170074619633686,low,1.0
51175591,0,0.6709,12,0.12439502637301529,0.5,219.81,227.48,219.81,0.0,0.5367398648648649,0.6428571428571429,0.18124234973994852,0.4998999799959992,0.3548955002099687,medium,0.9897
51175591,0,0.7815,12,0.12142438637047809,0.5,137.42,141.56,137.42,0.0,0.6924268018018018,0.6428571428571429,0.17691415461593002,0.4998999799959992,0.2218238201376102,low,1.0
58700476,0,0.6455,8,0.21356957369655832,0.5381,164.39,164.39,173.48,0.0,0.5009853603603603,0.35714285714285715,0.3111688438902544,0.5380076015203041,0.2653842426591724,high,0.9818
58700476,0,0.6455,8,0.21356957369655832,0.5381,164.39,164.39,173.48,0.0,0.5009853603603603,0.35714285714285715,0.3111688438902544,0.5380076015203041,0.2653842426591724,high,0.9818
31015857,0,0.8679,12,0.03323400401050787,0.2533,21.97,25.92,21.97,0.0,0.8140484234234235,0.6428571428571429,0.04842157975336266,0.25315063012602523,0.03535549310333689,low,1.0
"[31015857, 8402479]",0,0.7153,12,0.1252089204745635,0.0046,208.82,216.89,208.82,0.0,0.5992398648648649,0.6428571428571429,0.1824281859499166,0.0044008801760352075,0.3371450721969183,medium,1.0
58700515,0,0.7849,12,0.16464970906013693,0.0008,26.49,26.49,35.88,0.0,0.6972128378378379,0.6428571428571429,0.23989305166832167,0.000600120024004801,0.04265594211325387,low,0.9976
36719933,0,0.8386,12,0.09758699169011018,0.0293,115.81,115.81,116.46,0.0,0.7728040540540541,0.6428571428571429,0.1421832901097114,0.029105821164232847,0.1869205672384275,low,0.9997
36719933,0,0.7057,12,0.16464970906013693,0.2012,43.87,43.87,45.09,0.0,0.5857263513513514,0.6428571428571429,0.23989305166832167,0.2010402080416083,0.07072713764253642,low,0.9938
58700515,0,0.7849,12,0.16464970906013693,0.0008,26.49,26.49,35.88,0.0,0.6972128378378379,0.6428571428571429,0.23989305166832167,0.000600120024004801,0.04265594211325387,low,0.9976
58703594,0,0.8068,8,0.03717889586032348,0.0043,233.05,560.72,233.05,0.0,0.7280405405405405,0.35714285714285715,0.054169250845978796,0.004100820164032807,0.37628000129211486,high,0.5774
"[1418343213, 6273670]",0,0.7865,12,0.08034674167780256,0.2059,190.63,565.96,190.63,0.0,0.6994650900900901,0.6428571428571429,0.11706440462496814,0.20574114822964593,0.30776561036276123,low,0.9423
"[6273672, 6273670]",0,0.8264,12,0.07068743672138915,0.0695,128.29,421.43,128.29,0.0,0.7556306306306306,0.6428571428571429,0.10299088626594492,0.06931386277255451,0.20707755919501242,low,1.0
58703594,0,0.8068,8,0.03717889586032348,0.0043,233.05,560.72,233.05,0.0,0.7280405405405405,0.35714285714285715,0.054169250845978796,0.004100820164032807,0.37628000129211486,high,0.5774
58703911,0,0.6905,8,0.1077761203103108,0.0898,65.09,74.97,65.09,0.0,0.564329954954955,0.35714285714285715,0.1570287566671817,0.08961792358471694,0.1050004845430759,medium,0.9969
58714011,0,0.7953,8,0.017598512446869812,0.5,185.81,185.81,219.5,0.0,0.7118524774774776,0.35714285714285715,0.025640812548460363,0.4998999799959992,0.2999806182769648,medium,0.997
58714011,0,0.7162,14,0.024765232507415025,0.4494,71.16,78.93,71.16,0.0,0.6005067567567567,0.7857142857142857,0.03608265767098082,0.4492898579715944,0.11480440611170332,low,1.0
58714011,0,0.7365,12,0.007793122374438659,0.5,131.94,131.94,143.6,0.0,0.6290822072072073,0.6428571428571429,0.011354449520847335,0.4998999799959992,0.212972833284879,low,1.0
58714013,0,0.7846,12,0.12156821442868546,0.5,150.29,151.58,150.29,0.0,0.6967905405405406,0.6428571428571429,0.1771237107720777,0.4998999799959992,0.24261071809283843,low,1.0
112318451,0,0.9982,12,0.007793122374438659,0.5,150.51,150.51,167.95,0.0,0.9974662162162162,0.6428571428571429,0.011354449520847335,0.4998999799959992,0.24296604968181668,low,1.0
58714013,0,0.7846,12,0.12156821442868547,0.5,150.29,151.58,150.29,0.0,0.6967905405405406,0.6428571428571429,0.1771237107720777,0.4998999799959992,0.24261071809283843,low,1.0
112318451,0,0.766,8,0.08932850962636454,0.5,251.55,251.55,253.8,0.0,0.6706081081081081,0.35714285714285715,0.1301507578036868,0.4998999799959992,0.40616015763801405,medium,0.9981
112318451,0,0.766,8,0.08932850962636453,0.5,251.55,251.55,253.8,0.0,0.6706081081081081,0.35714285714285715,0.13015075780368676,0.4998999799959992,0.40616015763801405,medium,0.9981
8376167,0,0.8569,14,0.027805385531846024,0.0508,227.06,230.06,227.06,0.0,0.7985641891891891,0.7857142857142857,0.04051213262768167,0.05061012202440488,0.3666052912103886,low,1.0
8376167,0,0.6745,10,0.07979586330034467,0.0508,261.38,261.38,264.77,0.0,0.5418074324324325,0.5,0.1162617799026174,0.05061012202440488,0.4220370190909972,high,0.9702
58716084,0,0.7812,8,0.09461362703779595,0.0508,312.75,315.27,312.75,0.0,0.6920045045045046,0.35714285714285715,0.1378511251960619,0.05061012202440488,0.505006945117421,high,1.0
58716165,0,0.968,12,0.016882359744569125,0.0287,223.78,223.78,230.2,0.0,0.9549549549549549,0.6428571428571429,0.02459738465699485,0.028505701140228046,0.36130762024744,low,1.0
58716166,0,0.6574,8,0.11466590756971286,0.0287,198.56,198.56,205.8,0.0,0.5177364864864865,0.35714285714285715,0.16706711324899548,0.028505701140228046,0.32057369900184124,high,1.0
58716165,0,0.6409,8,0.0706107989646024,0.0287,218.71,218.71,222.65,0.0,0.4945101351351352,0.35714285714285715,0.10287922576014252,0.028505701140228046,0.3531188422650774,high,1.0
58716165,0,0.7616,12,0.0795978197552476,0.2721,336.9,336.9,345.13,0.0,0.6644144144144145,0.6428571428571429,0.1159732322813976,0.27195439087817563,0.5440126627257164,medium,1.0
58716165,0,0.7566,12,0.08054830578560486,0.0287,290.28,290.28,298.09,0.0,0.6573761261261263,0.6428571428571429,0.11735808167362496,0.028505701140228046,0.46871466873405043,medium,1.0
58716167,0,0.6797,8,0.16360358454035023,0.0064,297.68,297.68,306.58,0.0,0.5491272522522522,0.35714285714285715,0.2383688578778288,0.006201240248049611,0.48066673127241016,high,1.0
58716166,0,0.6574,8,0.11466590756971286,0.0287,198.56,198.56,205.8,0.0,0.5177364864864865,0.35714285714285715,0.16706711324899548,0.028505701140228046,0.32057369900184124,high,1.0
58716167,0,0.6797,8,0.16360358454035023,0.0064,297.68,297.68,306.58,0.0,0.5491272522522522,0.35714285714285715,0.2383688578778288,0.006201240248049611,0.48066673127241016,high,1.0
674556625,0,0.8376,12,0.05711378945300667,0.1164,217.11,220.5,217.11,0.0,0.7713963963963966,0.6428571428571429,0.08321420720958587,0.11622324464892977,0.35053461252705365,low,0.9432
50212056,0,0.7452,12,0.12353451932524376,0.1328,83.45,83.45,91.2,0.0,0.6413288288288288,0.6428571428571429,0.17998859889663957,0.132626525305061,0.13465452078689796,low,0.9954
674556625,0,0.8252,12,0.10883051694057548,0.1328,226.57,226.57,233.46,0.0,0.7539414414414416,0.6428571428571429,0.15856500284645464,0.132626525305061,0.36581387085311884,medium,0.9953
"[59117416, 238802206]",0,0.6894,8,0.22417929361576322,0.156,251.81,258.09,251.81,0.0,0.5627815315315315,0.35714285714285715,0.3266271080967162,0.15583116623324664,0.40658009497044284,high,1.0
25359282,0,0.7716,8,0.0840277454797138,0.0656,194.75,204.26,194.75,0.0,0.678490990990991,0.35714285714285715,0.12242759326220395,0.0654130826165233,0.31442000193817227,high,0.7732
238802206,0,0.9999,12,0.005014064267711606,0.156,221.23,225.77,221.23,0.0,0.9998592342342343,0.6428571428571429,0.007305387454549573,0.15583116623324664,0.3571890041024647,low,1.0
"[59117416, 238802206]",0,0.6894,8,0.22417929361576322,0.156,251.81,258.09,251.81,0.0,0.5627815315315315,0.35714285714285715,0.3266271080967162,0.15583116623324664,0.40658009497044284,high,1.0
"[238798321, 59117422]",0,0.6689,8,0.21836956191053306,0.3001,259.45,259.45,266.12,0.0,0.5339245495495496,0.35714285714285715,0.31816238250998874,0.2999599919983997,0.41891979196950613,high,1.0
16295658,0,0.7276,12,0.09383622209303889,0.2352,196.19,196.19,202.01,0.0,0.6165540540540542,0.6428571428571429,0.13671845335147234,0.23504700940188036,0.3167458087023936,medium,0.9748
16295658,0,0.687,12,0.10202283299638186,0.156,252.82,254.86,252.82,0.0,0.5594031531531533,0.6428571428571429,0.1486462700387257,0.15583116623324664,0.40821138999257034,medium,1.0
"[238798321, 59117422]",0,0.6689,8,0.2183695619105331,0.3001,259.45,259.45,266.12,0.0,0.5339245495495496,0.35714285714285715,0.3181623825099888,0.2999599919983997,0.41891979196950613,high,1.0
"[59117432, 238797315]",0,0.7101,8,0.1664095313358053,0.3001,208.8,208.8,216.86,0.0,0.591920045045045,0.35714285714285715,0.24245709651595768,0.2999599919983997,0.337112769325193,high,0.9995
16295658,0,0.7276,12,0.09383622209303889,0.2352,196.19,196.19,202.01,0.0,0.6165540540540542,0.6428571428571429,0.13671845335147234,0.23504700940188036,0.3167458087023936,medium,0.9748
16295658,0,0.7042,12,0.09675296274674244,0.3001,151.55,151.55,158.96,0.0,0.5836148648648649,0.6428571428571429,0.1409681176206547,0.2999599919983997,0.24464579901153213,low,0.9418
"[59117432, 238797315]",0,0.7101,8,0.16640953133580533,0.3001,208.8,208.8,216.86,0.0,0.591920045045045,0.35714285714285715,0.24245709651595773,0.2999599919983997,0.337112769325193,high,0.9995
"[238798322, 59117439]",0,0.6676,8,0.2195469796669642,0.3747,376.45,376.45,385.13,0.0,0.5320945945945946,0.35714285714285715,0.31987786933705814,0.3745749149829966,0.60789159156249,high,1.0
"[59117450, 238797318]",0,0.6996,8,0.1818857768179859,0.1065,327.1,327.1,336.43,0.0,0.5771396396396397,0.35714285714285715,0.2650058436468374,0.10632126425285056,0.5281842555803211,high,1.0
25359281,0,0.8177,12,0.05581464608911071,0.1065,351.21,351.21,360.84,0.0,0.7433840090090091,0.6428571428571429,0.08132136729353649,0.10632126425285056,0.5671253674451658,medium,1.0
25359281,0,0.8073,12,0.0501329170843646,0.3747,394.82,394.82,404.14,0.0,0.7287443693693695,0.6428571428571429,0.07304314046250582,0.3745749149829966,0.6375617792421746,medium,1.0
"[59117450, 238797318]",0,0.6996,8,0.1818857768179859,0.1065,327.1,327.1,336.43,0.0,0.5771396396396397,0.35714285714285715,0.2650058436468374,0.10632126425285056,0.5281842555803211,high,1.0
25359281,0,0.8177,12,0.05581464608911071,0.1065,351.21,351.21,360.84,0.0,0.7433840090090091,0.6428571428571429,0.08132136729353649,0.10632126425285056,0.5671253674451658,medium,1.0
365198126,0,0.7768,12,0.13980093547417777,0.3001,236.87,236.87,246.32,0.0,0.685810810810811,0.6428571428571429,0.20368861741148483,0.2999599919983997,0.3824498497916465,medium,0.9996
"[2387302, 365198126]",0,0.5609,9,0.1395816286740677,0.957,365.23,365.23,376.9,0.0,0.38189752252252246,0.42857142857142855,0.20336908942354628,0.9569913982796558,0.5897696805245987,high,0.9913
25359281,0,0.7829,12,0.09551223025900406,0.0127,400.35,409.28,400.35,0.0,0.6943975225225226,0.6428571428571429,0.1391603818132011,0.012502500500100018,0.6464935232742192,high,0.8413
25359281,0,0.8412,12,0.044330730099707456,0.0215,435.68,443.96,435.68,0.0,0.7764639639639639,0.6428571428571429,0.06458940746416615,0.021304260852170433,0.7035565461769552,medium,0.9833
"[238802204, 59117543]",0,0.6733,8,0.21253259642725453,0.0215,367.1,375.35,367.1,0.0,0.5401182432432433,0.35714285714285715,0.30965797755946867,0.021304260852170433,0.5927899990309139,high,1.0
59117529,0,0.7275,8,0.14084648761454652,0.0127,399.94,409.34,399.94,0.0,0.6164132882882883,0.35714285714285715,0.2052119772504374,0.012502500500100018,0.6458313144038506,high,1.0
"[238802204, 59117543]",0,0.6733,8,0.21253259642725453,0.0215,367.1,375.35,367.1,0.0,0.5401182432432433,0.35714285714285715,0.30965797755946867,0.021304260852170433,0.5927899990309139,high,1.0
4253383,0,0.5886,12,0.2508068688539552,0.6551,12.3,386.57,12.3,0.0,0.42088963963963966,0.6428571428571429,0.3654232399780428,0.6550310062012402,0.01973705462415609,low,0.9994
4253383,0,0.5934,10,0.18255610038812262,0.5237,84.63,355.68,84.63,0.0,0.42764639639639646,0.5,0.26598249891482756,0.5236047209441889,0.13656039021869043,medium,1.0
27792782,0,0.5439,12,0.3090164700643159,0.7661,26.44,352.35,26.44,0.0,0.3579673423423424,0.6428571428571429,0.4502340928294692,0.7660532106421284,0.042575184933940635,medium,0.7414
534033246,0,0.9058,7,0.022842582017157876,0.109,407.99,407.99,412.72,0.0,0.8673986486486489,0.2857142857142857,0.0332813736143414,0.10882176435287057,0.6588332202732824,high,1.0
61948694,0,0.6492,8,0.16700260993946756,0.5,213.3,217.59,213.3,0.0,0.5061936936936937,0.35714285714285715,0.24332120657922293,0.4998999799959992,0.3443809154633847,high,0.997
102247540,0,0.6385,12,0.21118115770645116,0.5,253.24,256.85,253.24,0.0,0.49113175675675674,0.6428571428571429,0.3076889437900469,0.4998999799959992,0.4088897502988016,medium,0.9999
61948694,0,0.6492,8,0.16700260993946756,0.5,213.3,217.59,213.3,0.0,0.5061936936936937,0.35714285714285715,0.24332120657922293,0.4998999799959992,0.3443809154633847,high,0.997
78148640,0,0.6694,8,0.2142876730281967,0.5,227.8,233.54,227.8,0.0,0.5346283783783784,0.35714285714285715,0.3122151080027364,0.4998999799959992,0.36780049746422455,high,1.0
78148640,0,0.6694,8,0.2142351667882573,0.5,227.8,233.54,227.8,0.0,0.5346283783783784,0.35714285714285715,0.31213860689472867,0.4998999799959992,0.36780049746422455,high,1.0
4252579,0,0.5707,9,0.21087014094762452,0.7593,82.61,150.66,82.61,0.0,0.39569256756756754,0.42857142857142855,0.3072357952369096,0.759251850370074,0.13329780017443552,medium,1.0
63193188,0,0.4254,8,0.2440203143518573,0.8671,156.98,167.52,156.98,0.0,0.1911599099099099,0.35714285714285715,0.3555352925728446,0.8670734146829365,0.25341602868495006,high,1.0
4255856,0,0.4836,9,0.26316515764576126,0.6527,180.38,192.37,180.38,0.0,0.27308558558558554,0.42857142857142855,0.3834291529275159,0.652630526105221,0.2912103886035468,high,1.0
63193188,0,0.4254,8,0.24402031435185736,0.8671,156.98,167.52,156.98,0.0,0.1911599099099099,0.35714285714285715,0.35553529257284466,0.8670734146829365,0.25341602868495006,high,1.0
205144193,0,0.8226,6,0.05200431626397827,0.5,73.22,73.22,74.69,0.0,0.7502815315315315,0.21428571428571427,0.0757697518315637,0.4998999799959992,0.11813160189940886,medium,0.9993
66651517,2,0.4118,5,0.2808424698445193,0.5986,114.73,124.84,114.73,0.014598540145985401,0.17201576576576574,0.14285714285714285,0.4091848339925624,0.5985197039407882,0.1851762121652615,high,1.0
1256909807,0,0.813,8,0.15012343893432878,0.5,61.28,132.2,61.28,0.0,0.736768018018018,0.35714285714285715,0.21872840988237682,0.4998999799959992,0.09884678747940692,medium,0.9742
"[66651537, 1330781221, 1432702839]",0,0.6815,6,0.06641028721115497,0.5033,59.88,134.36,59.88,0.0,0.551661036036036,0.21428571428571427,0.09675911882220135,0.5032006401280256,0.09658558645863619,medium,1.0
398992765,2,0.4769,6,0.24166357788395976,0.5,67.24,67.24,68.84,0.014598540145985401,0.26365427927927926,0.21428571428571427,0.3521015492447272,0.4998999799959992,0.10847304325354523,high,1.0
"[991384120, 1420171384, 2498964, 1420171383]",0,0.6668,10,0.13715573715094606,0.3596,157.76,166.42,157.76,0.0,0.5309684684684685,0.5,0.19983458781688743,0.3594718943788758,0.25467584068223664,medium,1.0
67381615,0,0.577,8,0.15021484831912676,0.5,243.07,243.07,253.94,0.0,0.40456081081081074,0.35714285714285715,0.21886159251414447,0.4998999799959992,0.3924637400264883,high,1.0
1317153686,0,0.6664,12,0.2527110941367403,0.4396,210.1,222.02,210.1,0.0,0.5304054054054054,0.6428571428571429,0.3681976786770922,0.4394878975795159,0.33921245598733724,medium,0.9999
2514019,0,0.5766,12,0.14900963034617096,0.3033,276.85,284.63,276.85,0.0,0.40399774774774777,0.6428571428571429,0.21710560102763937,0.3031606321264253,0.447023290370514,medium,0.8327
1317153686,0,0.519,12,0.18209919133986713,0.1108,226.39,238.67,226.39,0.0,0.3229166666666667,0.6428571428571429,0.26531678663966457,0.11062212442488496,0.36552314500759114,high,0.9989
"[39658930, 29057532]",0,0.7468,10,0.13708472417551965,0.0414,522.24,683.02,522.24,0.0,0.6435810810810811,0.5,0.19973112256572265,0.04120824164832967,0.8433633750040378,high,1.0
29078577,0,0.8488,12,0.03940534709413531,0.2069,528.15,534.89,528.15,0.0,0.7871621621621622,0.6428571428571429,0.05741316978796396,0.20674134826965393,0.8529088735988628,medium,0.7499
2483870,0,0.7204,12,0.16422296183796994,0.3891,507.88,518.3,507.88,0.0,0.606418918918919,0.6428571428571429,0.23927128489597832,0.3889777955591118,0.8201699131052751,high,1.0
29078577,0,0.8057,12,0.08736730955705256,0.0266,560.11,569.23,560.11,0.0,0.7264921171171173,0.6428571428571429,0.12729330736540717,0.026405281056211243,0.9045288626158865,high,1.0
"[280612194, 259107123]",0,0.7958,8,0.10969033947376707,0.0942,159.31,167.86,159.31,0.0,0.7125563063063064,0.35714285714285715,0.15981775635832499,0.09401880376075215,0.2571793132409471,medium,0.9469
1430090716,0,0.6404,11,0.10042317511725889,0.1878,21.75,22.1,21.75,0.0,0.4938063063063063,0.5714285714285714,0.1463155832417377,0.18763752750550108,0.03500016151435863,low,0.8984
1430090716,0,0.9473,9,0.017211398425029334,0.5,75.98,75.98,77.89,0.0,0.9258164414414415,0.42857142857142855,0.025076790983969845,0.4998999799959992,0.12258939819749977,low,1.0
4370176,0,0.6046,11,0.12089913621390515,0.1447,209.1,340.88,209.1,0.0,0.4434121621621622,0.5714285714285714,0.17614886997537202,0.1445289057811562,0.33759731240107244,medium,0.9231
4370176,0,0.8858,7,0.020431371683076793,0.0137,263.71,290.79,263.71,0.0,0.8392454954954957,0.2857142857142857,0.029768262364900457,0.013502700540108022,0.4258003036469942,high,0.8953
67711980,0,0.7649,8,0.12957962797306596,0.1447,255.15,357.91,255.15,0.0,0.6690596846846848,0.35714285714285715,0.18879626652089534,0.1445289057811562,0.41197467454856734,high,1.0
67711964,0,0.7997,8,0.07281571244032661,0.2624,74.75,79.68,74.75,0.0,0.7180461711711712,0.35714285714285715,0.1060917643869574,0.26225245049009804,0.12060277158639404,medium,0.9991
"[67711968, 8385231]",0,0.7976,12,0.10180418536856274,0.099,185.88,185.88,194.02,0.0,0.7150900900900902,0.6428571428571429,0.14832770245874405,0.09881976395279056,0.3000936783280033,medium,0.9408
"[1377379976, 1377379974]",0,0.8232,12,0.10283804268605044,0.2624,114.81,125.27,114.81,0.0,0.7511261261261263,0.6428571428571429,0.14983402304846857,0.26225245049009804,0.18530542365216268,low,1.0
67711971,0,0.7452,8,0.10350928831032562,0.1484,190.41,267.25,190.41,0.0,0.6413288288288288,0.35714285714285715,0.15081202174084637,0.14822964592918583,0.30741027877378296,high,0.8593
22943124,0,0.7572,12,0.08913097698802609,0.1266,158.51,306.49,158.51,0.0,0.6582207207207207,0.6428571428571429,0.1298629545689088,0.1264252850570114,0.25588719837193524,low,0.5386
22943124,0,0.7178,8,0.1584871054791648,0.1484,228.69,240.03,228.69,0.0,0.602759009009009,0.35714285714285715,0.2309141950085981,0.14822964592918583,0.3692379752560002,high,1.0
67711971,0,0.7452,8,0.10350928831032562,0.1484,190.41,267.25,190.41,0.0,0.6413288288288288,0.35714285714285715,0.15081202174084637,0.14822964592918583,0.30741027877378296,high,0.8593
67712518,0,0.719,12,0.02528144200260778,0.5,117.63,121.34,117.63,0.0,0.6044481981981982,0.6428571428571429,0.03683477015117265,0.4998999799959992,0.18986012856542947,low,1.0
67712520,0,0.7711,12,0.12067738009867805,0.5365,235.99,248.86,235.99,0.0,0.6777871621621622,0.6428571428571429,0.1758257733578662,0.5364072814562912,0.38102852343573346,low,0.9842
67712520,0,0.7711,12,0.12067738009867823,0.5365,235.99,248.86,235.99,0.0,0.6777871621621622,0.6428571428571429,0.17582577335786648,0.5364072814562912,0.38102852343573346,low,0.9842
43309289,0,0.9888,8,0.006993271591217871,0.5,99.74,102.29,99.74,0.0,0.9842342342342344,0.35714285714285715,0.010189074296342922,0.4998999799959992,0.16096520980715184,low,1.0
67712518,0,0.719,12,0.02528144200260778,0.5,117.63,121.34,117.63,0.0,0.6044481981981982,0.6428571428571429,0.03683477015117265,0.4998999799959992,0.18986012856542947,low,1.0
43309289,0,0.6865,14,0.18814093669782178,0.5,135.18,135.18,136.22,0.0,0.5586993243243243,0.7857142857142857,0.2741195539815593,0.4998999799959992,0.21820589850437702,low,1.0
"[68506857, 77103500]",0,0.7381,12,0.1393049236804454,0.4069,106.8,118.95,106.8,0.0,0.6313344594594594,0.6428571428571429,0.20296593279629938,0.4067813562712542,0.17236812352618147,low,1.0
381871425,0,0.8635,13,0.06959583884737898,0.2097,60.97,66.15,60.97,0.0,0.8078547297297299,0.7142857142857143,0.10140043821715931,0.20954190838167633,0.09834609296766483,low,1.0
381871425,0,0.7224,12,0.044902775629467394,0.2187,115.65,115.65,124.23,0.0,0.6092342342342343,0.6428571428571429,0.06542287253247092,0.21854370874174833,0.18666214426462513,low,1.0
8173114,1,0.7476,9,0.1235694553393036,0.5,93.71,93.71,100.84,0.0072992700729927005,0.6447072072072073,0.42857142857142855,0.18003950034736307,0.4998999799959992,0.151225893981975,medium,0.9286
8173114,0,0.647,12,0.15286473873236237,0.5,159.53,172.05,159.53,0.0,0.5030968468468469,0.6428571428571429,0.22272245844066327,0.4998999799959992,0.2575346448299254,medium,0.8756
"[68506857, 77103500]",0,0.7381,12,0.1393049236804454,0.4069,106.8,118.95,106.8,0.0,0.6313344594594594,0.6428571428571429,0.20296593279629938,0.4067813562712542,0.17236812352618147,low,1.0
1380063211,0,1.0,8,0.13528361619221876,0.4802,260.11,269.62,260.11,0.0,1.0,0.35714285714285715,0.19710692482230857,0.4800960192038408,0.41998578673644094,medium,1.0
4264828,0,0.796,9,0.04953968611113452,0.254,147.55,156.97,147.55,0.0,0.7128378378378378,0.42857142857142855,0.07217880839818358,0.25385077015403085,0.23818522466647285,medium,0.9993
284348477,0,0.682,8,0.16362912757820514,0.2979,429.76,438.68,429.76,0.0,0.5523648648648649,0.35714285714285715,0.23840607384873128,0.2977595519103821,0.6939948961462674,high,1.0
284348477,0,0.682,8,0.16362912757820514,0.2979,429.76,438.68,429.76,0.0,0.5523648648648649,0.35714285714285715,0.23840607384873128,0.2977595519103821,0.6939948961462674,high,1.0
11303483,0,0.7302,12,0.08353448369291726,0.0192,395.44,404.53,395.44,0.0,0.620213963963964,0.6428571428571429,0.12170891538179637,0.01900380076015203,0.6385631682656588,high,0.9715
11303483,0,0.6387,12,0.1087634770132053,0.4678,395.83,395.83,403.71,0.0,0.4914132882882884,0.6428571428571429,0.15846732628971588,0.46769353870774155,0.6391930742643022,medium,0.9224
151942042,0,0.6407,6,0.1599229584613644,0.4035,135.89,191.31,135.89,0.0,0.4942286036036037,0.21428571428571427,0.23300621957941645,0.4033806761352271,0.21935265045062502,high,1.0
19207808,0,0.6846,7,0.2576828569353011,0.0757,141.86,141.86,143.73,0.0,0.5560247747747747,0.2857142857142857,0.3754414912845196,0.07551510302060412,0.22899505766062603,high,1.0
737713205,0,0.7072,6,0.16785291474047212,0.0757,188.63,189.31,188.63,0.0,0.5878378378378379,0.21428571428571427,0.24456009284295538,0.07551510302060412,0.3045353231902316,high,1.0
48379506,0,0.7749,11,0.0415080500692095,0.3613,64.88,72.0,64.88,0.0,0.6831362612612614,0.5714285714285714,0.060476788656693335,0.3611722344468894,0.10466130438996027,low,1.0
48379506,0,0.8201,11,0.0034457479611670508,0.0757,174.64,183.54,174.64,0.0,0.7467623873873874,0.5714285714285714,0.00502036504015158,0.07551510302060412,0.28193946441838674,low,0.989
73427436,0,0.7239,9,0.10542764414666028,0.0757,137.47,139.65,137.47,0.0,0.6113457207207207,0.42857142857142855,0.1536070485262746,0.07551510302060412,0.22190457731692345,medium,0.9977
73847585,0,0.7501,12,0.09381537357740957,0.1777,249.8,315.02,249.8,0.0,0.6482263513513514,0.6428571428571429,0.13668807725621582,0.17753550710142027,0.4033336563620506,medium,1.0
8385196,0,0.7089,12,0.11136412922070348,0.3064,323.34,331.62,323.34,0.0,0.5902308558558559,0.6428571428571429,0.16225645260396054,0.3062612522504501,0.5221113156959654,medium,1.0
8385196,0,0.5945,12,0.17476526659592298,0.1937,167.35,465.22,167.35,0.0,0.4291948198198199,0.6428571428571429,0.2546313258333917,0.1935387077415483,0.27016506767451626,medium,0.9999
73847585,0,0.7501,12,0.09381537357740957,0.1777,249.8,315.02,249.8,0.0,0.6482263513513514,0.6428571428571429,0.13668807725621582,0.17753550710142027,0.4033336563620506,medium,1.0
34022688,11,0.6608,12,0.09334293543372986,0.3249,122.81,347.38,122.81,0.08029197080291971,0.5225225225225226,0.6428571428571429,0.13599973923204312,0.32476495299059815,0.19822657234228125,low,0.9999
34022688,0,0.6907,12,0.08114292673516338,0.5,195.52,209.1,195.52,0.0,0.5646114864864865,0.6428571428571429,0.11822443892065601,0.4998999799959992,0.3156636624995962,low,0.9974
74012066,0,0.5824,7,0.16569638290908337,0.0429,180.53,349.1,180.53,0.0,0.4121621621621622,0.2857142857142857,0.24141804582634097,0.04270854170834167,0.2914526601414866,high,1.0
74012066,0,0.5824,7,0.1656963829090834,0.0429,180.53,349.1,180.53,0.0,0.4121621621621622,0.2857142857142857,0.241418045826341,0.04270854170834167,0.2914526601414866,high,1.0
74012073,0,0.6477,11,0.10001153240680606,0.0467,202.14,368.0,202.14,0.0,0.5040822072072073,0.5714285714285714,0.1457158236038489,0.046509301860372075,0.3263559130406693,medium,0.9943
1460562803,0,0.9051,12,0.00554251881712528,0.0815,137.57,227.78,137.57,0.0,0.8664132882882883,0.6428571428571429,0.00807534086596399,0.08131626325265053,0.22206609167554994,low,1.0
800398675,0,0.7736,9,0.10028513074233632,0.3092,142.61,267.38,142.61,0.0,0.6813063063063063,0.42857142857142855,0.1461144538588681,0.3090618123624725,0.23020641535032466,medium,1.0
"[1065218296, 1065218295]",0,0.8862,14,0.00554251881712528,0.0815,107.39,252.45,107.39,0.0,0.8398085585585586,0.7857142857142857,0.00807534086596399,0.08131626325265053,0.17332105824207772,low,1.0
"[100306119, 4255399]",0,0.5591,12,0.17330592175464235,0.5709,50.08,58.36,50.08,0.0,0.3793637387387388,0.6428571428571429,0.25250507384025295,0.5708141628325665,0.08075717931324095,low,0.9968
4255399,3,0.6798,10,0.12814092670416402,0.5,107.42,107.42,111.61,0.021897810218978103,0.549268018018018,0.5,0.1867000920225845,0.4998999799959992,0.17336951254966568,medium,0.9288
74167678,0,0.6267,8,0.23691306102460616,0.5287,75.55,75.55,82.68,0.0,0.47452139639639646,0.35714285714285715,0.34518008993304333,0.5286057211442288,0.12189488645540589,medium,0.8694
74167678,0,0.6267,8,0.23691306102460616,0.5287,75.55,75.55,82.68,0.0,0.47452139639639646,0.35714285714285715,0.34518008993304333,0.5286057211442288,0.12189488645540589,medium,0.8694
445829210,0,0.9791,8,0.01066900344911424,0.3117,242.85,246.31,242.85,0.0,0.9705799549549551,0.35714285714285715,0.015544581759703836,0.3115623124624925,0.39210840843751005,medium,0.9877
4307862,0,0.715,12,0.06583179818224813,0.3117,228.74,228.74,255.68,0.0,0.5988175675675675,0.6428571428571429,0.09591626563498437,0.3115623124624925,0.3693187324353135,medium,0.9257
"[678961769, 4307862]",0,0.8006,11,0.047780392423576123,0.3117,271.59,274.8,271.59,0.0,0.719313063063063,0.5714285714285714,0.0696155336985555,0.3115623124624925,0.43852763510676096,medium,0.9978
8117311,0,0.6239,12,0.16612939892568837,0.4437,576.09,584.98,576.09,0.0,0.47057995495495497,0.6428571428571429,0.24204894617444472,0.4435887177435487,0.9303388571243983,high,1.0
8117311,0,0.6804,12,0.1422042888230501,0.449,598.23,598.23,610.17,0.0,0.5501126126126127,0.6428571428571429,0.2071902811058397,0.44888977795559115,0.9660981361243014,high,1.0
74308320,0,0.5321,8,0.2747546220025845,0.2675,581.67,581.67,587.03,0.0,0.341356981981982,0.35714285714285715,0.4003148957561137,0.26735347069413884,0.9393513583357559,high,1.0
74308320,0,0.5321,8,0.27475462200258444,0.2675,581.67,581.67,587.03,0.0,0.341356981981982,0.35714285714285715,0.4003148957561136,0.26735347069413884,0.9393513583357559,high,1.0
8117311,0,1.0,12,0.16612939892568837,0.4437,550.38,559.24,550.38,0.0,1.0,0.6428571428571429,0.24204894617444472,0.4435887177435487,0.8888135155215298,medium,0.9927
8117311,0,0.6239,12,0.16612939892568837,0.4437,576.09,584.98,576.09,0.0,0.47057995495495497,0.6428571428571429,0.24204894617444472,0.4435887177435487,0.9303388571243983,high,1.0
74308324,0,0.7183,12,0.13932841740423313,0.3593,524.49,524.49,529.96,0.0,0.6034628378378379,0.6428571428571429,0.20300016293548026,0.3591718343668734,0.8469974480731337,high,1.0
74308331,5,0.7117,6,0.1126468524809081,0.5,17.84,19.56,17.84,0.0364963503649635,0.5941722972972974,0.21428571428571427,0.16412536858016127,0.4998999799959992,0.028684950092063188,medium,1.0
"[1206688198, 1128365325, 1128365326, 210321013, 210321014]",14,0.7179,9,0.08779447162357544,0.4778,53.49,53.49,54.11,0.10218978102189781,0.6028997747747747,0.42857142857142855,0.12791567856215633,0.4776955391078216,0.08626481894240398,low,0.9999
74308331,5,0.7117,6,0.11264685248090808,0.5,17.84,19.56,17.84,0.0364963503649635,0.5941722972972974,0.21428571428571427,0.16412536858016125,0.4998999799959992,0.028684950092063188,medium,1.0
4254089,0,0.4614,5,0.2997604604888584,0.5,174.08,174.08,179.33,0.0,0.24183558558558554,0.14285714285714285,0.4367481721261369,0.4998999799959992,0.2810349840100785,high,1.0
76371089,0,0.3482,6,0.2971513630790908,0.5,185.89,185.89,197.69,0.0,0.08248873873873873,0.21428571428571427,0.4329467412299663,0.4998999799959992,0.30010982976386597,high,1.0
76400835,0,0.7974,10,0.0859573839057649,0.5,45.33,56.28,45.33,0.0,0.7148085585585586,0.5,0.12523905867693608,0.4998999799959992,0.07308524727848306,low,1.0
"[878797488, 76587954]",0,0.7458,8,0.13472715607917604,0.1378,297.91,304.49,297.91,0.0,0.6421734234234235,0.35714285714285715,0.19629616756261867,0.13762752550510102,0.4810382142972511,high,1.0
77339749,0,0.789,8,0.04819746416174551,0.3651,381.14,382.8,381.14,0.0,0.7029842342342343,0.35714285714285715,0.07022320337982581,0.3649729945989198,0.6154666149820719,high,0.9991
4247631,0,0.768,12,0.0517225481125728,0.4605,208.32,210.78,208.32,0.0,0.6734234234234235,0.6428571428571429,0.07535921823005855,0.4603920784156832,0.33633750040378585,low,1.0
4247631,0,0.7477,12,0.06314074644777656,0.1201,255.67,263.17,255.67,0.0,0.644847972972973,0.6428571428571429,0.09199542804252168,0.11992398479695938,0.41281454921342503,medium,1.0
77339749,0,0.789,8,0.0481974641617455,0.3651,381.14,382.8,381.14,0.0,0.7029842342342343,0.35714285714285715,0.07022320337982581,0.3649729945989198,0.6154666149820719,high,0.9991
4798248,0,0.6427,11,0.1399940521015704,0.0374,264.57,268.15,264.57,0.0,0.497043918918919,0.5714285714285714,0.20396998655898632,0.03720744148829766,0.42718932713118196,high,0.9985
4798248,8,0.5974,11,0.11305708273608857,0.5,79.18,216.42,79.18,0.058394160583941604,0.4332770270270271,0.5714285714285714,0.16472307028372699,0.4998999799959992,0.1277578576735472,low,0.9967
77339760,0,0.4965,10,0.2623426554602548,0.3679,136.46,142.91,136.46,0.0,0.29124436936936937,0.5,0.3822307748185013,0.3677735547109422,0.220273282294796,high,1.0
82256929,0,0.4469,6,0.24947955495356455,0.3433,92.87,92.87,99.62,0.0,0.22142454954954957,0.21428571428571427,0.3634893558497721,0.34316863372674533,0.14986917336951255,high,1.0
8376176,0,0.6337,10,0.17402785068711835,0.0045,229.49,236.72,229.49,0.0,0.48437500000000006,0.5,0.25355691764588467,0.004300860172034407,0.3705300901250121,high,1.0
82256929,0,0.4469,6,0.24947955495356455,0.3433,92.87,92.87,99.62,0.0,0.22142454954954957,0.21428571428571427,0.3634893558497721,0.34316863372674533,0.14986917336951255,high,1.0
4370466,0,0.794,14,0.06609251135547811,0.5,192.26,329.56,192.26,0.0,0.7100225225225225,0.7857142857142857,0.09629612232720478,0.4998999799959992,0.31039829440837285,low,1.0
4370466,0,0.755,14,0.11870243251795178,0.5,164.62,297.46,164.62,0.0,0.6551238738738739,0.7857142857142857,0.17294829292207095,0.4998999799959992,0.2657557256840133,low,1.0
84822222,0,0.7541,8,0.0914684961467486,0.5,258.77,286.3,258.77,0.0,0.653856981981982,0.35714285714285715,0.1332686984545501,0.4998999799959992,0.41782149433084603,medium,0.9874
7742060,60,0.8681,12,0.0353115273866657,0.009,308.87,318.76,308.87,0.43795620437956206,0.8143299549549551,0.6428571428571429,0.051448512178375726,0.008801760352070413,0.49874018800271347,low,1.0
7742060,49,0.676,12,0.08213016441501954,0.0199,254.89,254.89,264.93,0.35766423357664234,0.543918918918919,0.6428571428571429,0.11966283512771955,0.019703940788157633,0.4115547372161385,medium,0.8473
"[242853521, 242853523, 84822238]",13,0.7143,8,0.10950255256579222,0.0119,338.13,338.13,347.98,0.0948905109489051,0.5978322072072073,0.35714285714285715,0.15954415256292837,0.011702340468093618,0.5459992893368221,high,1.0
22943124,0,0.7178,8,0.15848710547916484,0.1484,228.69,240.03,228.69,0.0,0.602759009009009,0.35714285714285715,0.23091419500859814,0.14822964592918583,0.3692379752560002,high,1.0
4252418,0,1.0,10,0.03659596433530613,0.2771,125.43,125.43,176.35,0.0,1.0,0.5,0.053319924982844304,0.27695539107821565,0.20245824853829508,low,1.0
4252418,0,0.6628,10,0.0316750977348369,0.2771,204.7,204.7,254.83,0.0,0.5253378378378378,0.5,0.04615026766728083,0.27695539107821565,0.3304906806215072,medium,1.0
1065218283,0,0.8892,12,0.05882225568299475,0.5,232.28,232.77,232.28,0.0,0.8440315315315315,0.6428571428571429,0.08570342677165634,0.4998999799959992,0.375036340730691,low,1.0
"[1417213553, 1065218284]",0,0.8103,9,0.07088115833778669,0.5,211.69,213.3,211.69,0.0,0.7329673423423423,0.42857142857142855,0.10327313687685458,0.4998999799959992,0.34178053428949834,medium,0.9992
"[98985497, 1443799571]",0,0.5441,7,0.13790444710744507,0.4365,57.21,64.49,57.21,0.0,0.35824887387387394,0.2857142857142857,0.20092545132786666,0.4363872774554911,0.0922731530833091,high,0.8022
800398675,0,0.7736,9,0.10028513074233633,0.3092,142.61,267.38,142.61,0.0,0.6813063063063063,0.42857142857142855,0.14611445385886812,0.3090618123624725,0.23020641535032466,medium,1.0
800398676,0,0.7748,8,0.12126144430345656,0.0467,145.44,311.06,145.44,0.0,0.6829954954954957,0.35714285714285715,0.1766767495249807,0.046509301860372075,0.23477727169945406,medium,0.5311
"[4352250, 83398075, 444894366, 444894367]",0,0.5773,6,0.19371597831799833,0.3767,141.64,150.25,141.64,0.0,0.40498310810810817,0.21428571428571427,0.282242338275866,0.3765753150630126,0.22863972607164773,high,1.0
230498742,0,0.7858,8,0.07830692968775224,0.5,36.39,36.39,36.77,0.0,0.6984797297297298,0.35714285714285715,0.11409241734219079,0.4998999799959992,0.05864586361727558,low,0.9982
1423637105,0,0.7389,8,0.1172147893584947,0.0315,168.33,168.33,178.53,0.0,0.6324605855855856,0.35714285714285715,0.17078081053997746,0.03130626125225045,0.27174790838905577,high,0.9942
4253919,1,0.5759,12,0.11912294282454082,0.5002,36.9,49.53,36.9,0.0072992700729927005,0.40301238738738737,0.6428571428571429,0.1735609725658594,0.5001000200040008,0.059469586846270635,low,1.0
4352300,0,0.7429,12,0.03278888091098284,0.331,97.85,109.15,97.85,0.0,0.6380912162162162,0.6428571428571429,0.04777303949695099,0.33086617323464695,0.15791258842911135,low,1.0
"[205144457, 1301510516, 4352297]",0,0.6527,11,0.13749319139802624,0.3647,141.95,141.95,153.24,0.0,0.5111204954954954,0.5714285714285714,0.2003262555469201,0.36457291458291663,0.22914042058338982,medium,1.0
"[164254081, 675863898, 555578164, 555578165]",0,0.7073,12,0.09573812990873086,0.4046,90.05,474.11,90.05,0.0,0.5879786036036037,0.6428571428571429,0.1394895155223109,0.4044808961792359,0.14531446845624577,low,1.0
164254083,0,0.785,8,0.13318835813758167,0.4962,120.97,430.76,120.97,0.0,0.6973536036036037,0.35714285714285715,0.19405415313408814,0.49609921984396876,0.19525470814355397,medium,1.0
"[4798050, 558663139, 99388758]",0,0.7935,8,0.10454422545598042,0.1382,460.99,470.2,460.99,0.0,0.7093186936936938,0.35714285714285715,0.15231991563026512,0.1380276055211042,0.7444358303453178,high,1.0
17278816,0,0.6974,7,0.1261644386286673,0.3275,237.12,241.02,237.12,0.0,0.5740427927927928,0.2857142857142857,0.1838203671000967,0.32736547309461894,0.3828536356882127,high,1.0
35739174,0,0.4892,9,0.2161916042657527,0.5,60.29,60.29,66.57,0.0,0.2809684684684685,0.42857142857142855,0.3149891182805951,0.4998999799959992,0.09724779532900475,medium,0.7042
552877485,0,0.6871,7,0.12571230209577772,0.5,88.7,88.7,97.41,0.0,0.559543918918919,0.2857142857142857,0.1831616083358668,0.4998999799959992,0.14313402461478827,medium,0.9999
627472868,2,0.6741,10,0.09667187730638957,0.773,128.95,129.27,128.95,0.014598540145985401,0.5412443693693695,0.5,0.14084997688085976,0.7729545909181836,0.20814355396194717,low,0.9999
627472868,0,0.4862,11,0.12549123016408623,0.7395,94.77,95.4,94.77,0.0,0.27674549549549554,0.5714285714285714,0.18283950856747103,0.7394478895779156,0.15293794618341572,medium,0.7986
88389212,0,0.6336,8,0.14797794417924584,0.5139,172.89,172.89,183.53,0.0,0.48423423423423434,0.35714285714285715,0.2156024437842882,0.5138027605521105,0.27911296314242334,high,0.507
112318451,0,0.9982,12,0.007793122374438659,0.5,150.51,150.51,167.95,0.0,0.9974662162162162,0.6428571428571429,0.011354449520847335,0.4998999799959992,0.24296604968181668,low,1.0
58714011,0,0.7365,12,0.007793122374438659,0.5,131.94,131.94,143.6,0.0,0.6290822072072073,0.6428571428571429,0.011354449520847335,0.4998999799959992,0.212972833284879,low,1.0
58714011,0,0.7953,8,0.017598512446869812,0.5,185.81,185.81,219.5,0.0,0.7118524774774776,0.35714285714285715,0.025640812548460363,0.4998999799959992,0.2999806182769648,medium,0.997
5049112,0,0.7501,10,0.08924074032029986,0.5,180.73,180.73,191.35,0.0,0.6482263513513514,0.5,0.1300228787331083,0.4998999799959992,0.2917756888587395,medium,0.9482
33654925,0,0.7833,10,0.057937931014403886,0.5,205.73,205.73,210.46,0.0,0.6949605855855856,0.5,0.0844149738741746,0.4998999799959992,0.33215427851536,low,0.6258
37329807,1,0.3846,8,0.2481626385534613,0.7689,39.59,161.52,39.59,0.0072992700729927005,0.13372747747747746,0.35714285714285715,0.36157062078365887,0.7688537707541508,0.06381432309332301,high,0.9867
"[633729740, 978195956, 978195957, 978195958, 978195959, 978195961]",16,0.339,12,0.2618657347867694,1.0,41.76,108.52,41.76,0.11678832116788321,0.0695382882882883,0.6428571428571429,0.3815359057896859,1.0,0.06731918467551766,low,0.8396
"[978195960, 978195961, 18131101]",7,0.3527,11,0.20590464663088093,0.8057,17.2,225.04,17.2,0.051094890510948905,0.0888231981981982,0.5714285714285714,0.3000011157497569,0.8056611322264453,0.0276512581968537,medium,0.9987
1252217850,14,1.0,11,0.01045562440522684,1.0,74.34,74.34,82.1,0.10218978102189781,1.0,0.5714285714285714,0.015233690457986906,1.0,0.11994056271602546,low,1.0
"[840276314, 1482102869, 166585558]",32,0.6177,10,0.10940723780086994,0.9578,46.74,46.74,53.77,0.23357664233576642,0.46185247747747754,0.5,0.15940527982828828,0.9577915583116623,0.07536259973511646,low,1.0
"[633729740, 978195956, 978195957, 978195958, 978195959, 978195961]",16,0.339,12,0.2618657347867694,1.0,41.76,108.52,41.76,0.11678832116788321,0.0695382882882883,0.6428571428571429,0.3815359057896859,1.0,0.06731918467551766,low,0.8396
10879272,0,0.5179,7,0.14255008489391527,0.186,133.19,266.09,133.19,0.0,0.32136824324324326,0.2857142857142857,0.20769410279629869,0.1858371674334867,0.21499176276771004,high,1.0
201756810,0,0.6443,6,0.11016598570716558,0.199,148.37,250.87,148.37,0.0,0.49929617117117114,0.21428571428571427,0.1605107685396714,0.1988397679535907,0.23950964240720998,high,1.0
201762123,0,0.8024,7,0.019342795435699226,0.5,13.23,22.47,13.23,0.0,0.7218468468468469,0.2857142857142857,0.02818221679828929,0.4998999799959992,0.02123913815938237,low,1.0
1232318842,0,0.7802,6,0.06483210332980358,0.5,38.31,43.13,38.31,0.0,0.6905968468468469,0.21428571428571427,0.09445971944219045,0.4998999799959992,0.061746939302904036,medium,0.9996
"[1232318843, 1420128092]",0,0.8822,6,0.025532140869941593,0.1735,2.99,2.99,4.05,0.0,0.834177927927928,0.21428571428571427,0.037200036091934376,0.17333466693338664,0.004700067836030624,medium,0.9461
119438251,0,0.4007,6,0.21026869294396763,0.5,105.72,115.03,105.72,0.0,0.15639076576576574,0.21428571428571427,0.3063594910349346,0.4998999799959992,0.17062376845301547,high,1.0
119438251,0,0.4007,6,0.21026869294396758,0.5,105.72,115.03,105.72,0.0,0.15639076576576574,0.21428571428571427,0.3063594910349345,0.4998999799959992,0.17062376845301547,high,1.0
1200970515,0,0.517,9,0.21168322349101173,0.4696,95.13,153.38,95.13,0.0,0.32010135135135137,0.42857142857142855,0.3084204490141116,0.469493898779756,0.15351939787447105,high,0.8292
246902463,0,0.7122,8,0.14130768833271934,0.5,238.99,247.44,238.99,0.0,0.5948761261261263,0.35714285714285715,0.20588394244914357,0.4998999799959992,0.3858739541945279,high,0.8163
119695444,0,0.8138,12,0.013382451200625253,0.5,377.15,383.83,377.15,0.0,0.7378941441441442,0.6428571428571429,0.019498050142725046,0.4998999799959992,0.6090221920728753,low,0.5891
35468756,0,0.7388,8,0.14576049792607537,0.245,358.07,365.09,358.07,0.0,0.6323198198198199,0.35714285714285715,0.21237164501616135,0.2448489697939588,0.5782052524469425,high,1.0
"[119695444, 119695445, 35468693]",0,0.7135,12,0.15447758258758562,0.0871,361.89,368.25,361.89,0.0,0.5967060810810811,0.6428571428571429,0.22507235708338616,0.08691738347669532,0.5843751009464742,high,0.9971
119695444,0,0.6884,12,0.14485288377796943,0.5,374.59,396.22,374.59,0.0,0.5613738738738739,0.6428571428571429,0.2110492595615229,0.4998999799959992,0.6048874244920374,medium,0.9973
119695444,0,0.8259,12,0.013382451200625253,0.5,388.71,395.56,388.71,0.0,0.7549268018018019,0.6428571428571429,0.019498050142725046,0.4998999799959992,0.6276932519300966,medium,0.5383
119695446,0,0.7416,8,0.12823060567013247,0.3923,379.66,379.66,381.64,0.0,0.6362612612612614,0.35714285714285715,0.18683075345005473,0.39217843568713745,0.6130762024744001,high,1.0
8179128,0,0.8406,13,0.05500322513792688,0.2856,223.03,223.03,229.54,0.0,0.7756193693693694,0.7142857142857143,0.0801391344408715,0.2854570914182837,0.36009626255774135,low,1.0
8179128,0,0.6481,12,0.021211500675730584,0.006,346.75,346.75,351.5,0.0,0.5046452702702703,0.6428571428571429,0.030904903122187,0.0058011602320464095,0.5599218270504248,medium,0.8529
"[8491226, 166483493, 558371517]",0,0.8432,12,0.058688314486350604,0.245,274.17,281.74,274.17,0.0,0.7792792792792792,0.6428571428571429,0.08550827568174801,0.2448489697939588,0.4426947055593243,low,0.6686
119695446,0,0.7416,8,0.12823060567013247,0.3923,379.66,379.66,381.64,0.0,0.6362612612612614,0.35714285714285715,0.18683075345005473,0.39217843568713745,0.6130762024744001,high,1.0
4390272,0,0.7693,7,0.09572843123776212,0.5,173.31,192.46,173.31,0.0,0.6752533783783784,0.2857142857142857,0.13947538464803447,0.4998999799959992,0.2797913234486546,medium,0.9998
87082517,0,0.5775,6,0.25792714946453615,0.3416,154.13,290.7,154.13,0.0,0.40526463963963966,0.21428571428571427,0.375797423249674,0.34146829365873177,0.24881286946409534,high,1.0
120825123,0,1.0,6,0.057535304984349424,0.5,215.68,678.96,215.68,0.0,1.0,0.21428571428571427,0.08382835145658234,0.4998999799959992,0.34822495719869495,medium,1.0
"[1428780932, 120755374]",0,0.8318,7,0.03925371477833138,0.2647,210.14,539.88,210.14,0.0,0.763231981981982,0.2857142857142857,0.05719224290037554,0.26455291058211644,0.3392770617307878,medium,0.9986
"[1408796093, 1408796094, 120755373]",0,0.7654,3,0.063791253369501,0.23,248.25,779.66,248.25,0.0,0.6697635135135135,0.0,0.09294321063628709,0.22984596919383876,0.4008301838033401,high,1.0
609058172,1,0.368,8,0.27808285934007093,0.5694,85.68,85.68,123.56,0.0072992700729927005,0.11036036036036033,0.35714285714285715,0.40516410690367166,0.5693138627725546,0.13825629098426853,high,1.0
4254652,0,0.7474,8,0.10597645439295693,0.4592,150.0,178.59,150.0,0.0,0.6444256756756757,0.35714285714285715,0.15440666000057096,0.45909181836367274,0.24214232645282163,medium,1.0
130628449,0,0.6789,9,0.13203231111719657,0.4302,57.63,271.34,57.63,0.0,0.5480011261261261,0.42857142857142855,0.19236980327261272,0.43008601720344075,0.09295151338954034,medium,0.9997
8376161,0,0.884,12,0.0210719042510757,0.0124,219.45,219.45,229.37,0.0,0.8367117117117119,0.6428571428571429,0.030701512417151845,0.012202440488097618,0.3543140485189133,low,0.9988
132682842,0,0.6976,8,0.1499183585475251,0.0124,202.72,202.72,212.52,0.0,0.5743243243243243,0.35714285714285715,0.21842960964760003,0.012202440488097618,0.3272926963207029,high,1.0
8376161,0,0.6321,12,0.07575788146194908,0.0116,226.67,226.67,236.2,0.0,0.48212274774774777,0.6428571428571429,0.11037847755400164,0.011402280456091216,0.3659753852117453,medium,0.9998
132682842,0,0.6976,8,0.1499183585475251,0.0124,202.72,202.72,212.52,0.0,0.5743243243243243,0.35714285714285715,0.21842960964760003,0.012202440488097618,0.3272926963207029,high,1.0
132682837,0,0.6174,8,0.11720401268493001,0.4039,90.44,90.44,95.22,0.0,0.4614301801801801,0.35714285714285715,0.17076510902584718,0.4037807561512302,0.14594437445488903,medium,0.9994
132682839,0,0.5369,8,0.24596332536757984,0.1468,138.29,138.29,148.54,0.0,0.3481137387387388,0.35714285714285715,0.35836624172756604,0.14662932586517305,0.22322899505766058,high,1.0
236957434,0,0.6751,8,0.06957227522896547,0.196,372.86,372.86,378.58,0.0,0.5426520270270271,0.35714285714285715,0.10136610624215242,0.19583916783356672,0.6020932260877992,high,1.0
135556937,0,0.7738,10,0.05903266410478309,0.1055,379.77,379.77,384.81,0.0,0.6815878378378379,0.5,0.08600998990433445,0.10532106421284256,0.6132538682688892,high,0.9961
737713205,0,0.7072,6,0.1678529147404721,0.0757,188.63,189.31,188.63,0.0,0.5878378378378379,0.21428571428571427,0.24456009284295532,0.07551510302060412,0.3045353231902316,high,1.0
140463816,0,1.0,9,0.026284749325868068,0.0568,198.49,216.28,198.49,0.0,1.0,0.42857142857142855,0.03829657968067414,0.056611322264452896,0.32046063895080273,medium,0.8293
737713206,0,0.795,6,0.08585334577678841,0.0568,152.89,152.89,160.91,0.0,0.7114301801801803,0.21428571428571427,0.12508747608121143,0.056611322264452896,0.24681009141712695,high,0.9995
19207808,0,0.8057,6,0.08671792329086157,0.2154,84.94,84.94,94.22,0.0,0.7264921171171173,0.21428571428571427,0.12634715755643275,0.21524304860972193,0.13706108473043255,medium,0.9976
737713207,0,0.7577,9,0.13315597228264156,0.2154,29.02,29.02,36.91,0.0,0.6589245495495496,0.42857142857142855,0.194006967241715,0.21524304860972193,0.04674225538650386,medium,0.9984
4253686,0,0.7729,8,0.08071867866791718,0.0856,117.06,125.18,117.06,0.0,0.680320945945946,0.35714285714285715,0.11760631339401496,0.08541708341668333,0.18893949672125854,medium,0.9998
152514480,2,0.7246,8,0.11187726478512375,0.5,74.97,76.41,74.97,0.014598540145985401,0.6123310810810811,0.35714285714285715,0.16300408639532787,0.4998999799959992,0.1209581031753723,medium,0.9995
207134129,3,0.6322,11,0.09883037153411205,0.5,73.52,73.52,74.72,0.021897810218978103,0.4822635135135135,0.5714285714285714,0.1439948830908587,0.4998999799959992,0.1186161449752883,low,0.9999
"[1263326144, 1263326145, 1263326146, 1231143212, 1231143213, 1000397302, 1263326143]",44,0.6449,11,0.106638262240497,0.4739,74.98,75.24,74.98,0.32116788321167883,0.5001407657657658,0.5714285714285714,0.1553709079391679,0.47379475895179035,0.12097425461123495,low,1.0
"[210324432, 1182143427, 1128359701, 1130423871]",0,0.378,7,0.18821641444424617,0.4336,138.71,147.06,138.71,0.0,0.12443693693693691,0.2857142857142857,0.27422952436294745,0.4334866973394679,0.22390735536389184,high,1.0
615648531,0,0.5717,7,0.1067146451002495,0.5,50.22,50.22,51.63,0.0,0.3971002252252252,0.2857142857142857,0.155482197062339,0.4998999799959992,0.08098329941531802,medium,0.9988
"[931223869, 63972390]",0,0.552,8,0.16923689718971988,0.3871,100.25,104.86,100.25,0.0,0.3693693693693694,0.35714285714285715,0.24657654252499195,0.3869773954790958,0.16178893303614691,high,0.9866
154540885,0,0.6877,8,0.12169255177047791,0.412,146.61,146.61,149.53,0.0,0.5603885135135135,0.35714285714285715,0.17730486913391888,0.4118823764752951,0.23666698969538394,medium,0.9976
"[250325170, 250325164]",0,0.8493,12,0.03041268200831613,0.2466,87.93,87.93,90.86,0.0,0.7878659909909912,0.6428571428571429,0.044310939580624514,0.2464492898579716,0.14189036405336436,low,1.0
250325170,0,1.0,11,0.12169255177047791,0.412,147.19,147.19,149.86,0.0,1.0,0.5714285714285714,0.17730486913391888,0.4118823764752951,0.2376037729754175,low,1.0
77105053,4,0.8274,9,0.07283961628128414,0.5,261.5,261.5,263.99,0.029197080291970802,0.7570382882882885,0.42857142857142855,0.10612659206307747,0.4998999799959992,0.422230836321349,medium,1.0
201760800,0,0.8091,8,0.01990480585153785,0.5,264.83,264.83,272.51,0.0,0.7312781531531534,0.35714285714285715,0.029001060798034377,0.4998999799959992,0.4276092644636108,medium,1.0
1420148375,0,0.68,12,0.13500828402206738,0.3208,259.56,259.56,263.68,0.0,0.5495495495495496,0.6428571428571429,0.19670576838621506,0.3206641328265653,0.41909745776399526,medium,1.0
154540879,0,0.6927,12,0.12639869871292914,0.349,231.13,231.13,231.7,0.0,0.5674268018018018,0.6428571428571429,0.1841616818853242,0.34886977395479096,0.3731789256064864,medium,1.0
"[154540870, 1420148375]",0,0.6787,12,0.12344662580293839,0.3584,295.64,295.64,297.35,0.0,0.5477195945945946,0.6428571428571429,0.17986053884414246,0.35827165433086616,0.4773718383564299,medium,1.0
34083185,0,0.6904,12,0.18163190053410375,0.5,180.07,183.06,180.07,0.0,0.5641891891891893,0.6428571428571429,0.2646359482394288,0.4998999799959992,0.29070969409180475,medium,0.9891
"[1420128106, 154540879]",0,0.803,12,0.058264332046154464,0.5,206.32,210.96,206.32,0.0,0.7226914414414416,0.6428571428571429,0.08489053717127247,0.4998999799959992,0.33310721323125625,low,1.0
154540879,0,0.6927,12,0.1263986987129291,0.349,231.13,231.13,231.7,0.0,0.5674268018018018,0.6428571428571429,0.18416168188532417,0.34886977395479096,0.3731789256064864,medium,1.0
"[1420128104, 1420128105, 154540889, 34083183]",0,0.6016,12,0.17440189272969828,0.4535,285.45,289.05,285.45,0.0,0.43918918918918926,0.6428571428571429,0.25410189345698586,0.45339067813562717,0.4609135252123914,medium,0.9934
"[1420128106, 154540879]",0,0.803,12,0.058264332046154464,0.5,206.32,210.96,206.32,0.0,0.7226914414414416,0.6428571428571429,0.08489053717127247,0.4998999799959992,0.33310721323125625,low,1.0
1420157466,0,0.6138,8,0.07852525164805507,0.5,201.4,208.07,201.4,0.0,0.45636261261261263,0.35714285714285715,0.1144105104276006,0.4998999799959992,0.32516070678683334,medium,0.8656
154540870,0,0.5326,12,0.19058942423455347,0.4754,313.53,313.53,323.65,0.0,0.34206081081081074,0.6428571428571429,0.27768697777193807,0.47529505901180236,0.5062667571147075,high,0.9825
"[154540870, 1420148375]",0,0.6787,12,0.12344662580293841,0.3584,295.64,295.64,297.35,0.0,0.5477195945945946,0.6428571428571429,0.1798605388441425,0.35827165433086616,0.4773718383564299,medium,1.0
154540890,0,0.7172,12,0.20301970618498982,0.488,397.81,399.37,397.81,0.0,0.6019144144144144,0.6428571428571429,0.29579778409047647,0.4878975795159032,0.6423910585651065,high,0.6966
154540886,0,0.7226,12,0.18245494678839672,0.2658,319.49,321.34,319.49,0.0,0.6095157657657658,0.6428571428571429,0.26583511905165447,0.2656531306261252,0.5158930128888459,medium,0.9441
154540870,0,0.6574,12,0.1509023827770715,0.4977,237.97,238.43,237.97,0.0,0.5177364864864865,0.6428571428571429,0.21986332388715818,0.49759951990398077,0.38422650773653777,medium,1.0
154540870,0,0.5326,12,0.1905894242345534,0.4754,313.53,313.53,323.65,0.0,0.34206081081081074,0.6428571428571429,0.277686977771938,0.47529505901180236,0.5062667571147075,high,0.9825
2514019,0,0.5766,12,0.149009630346171,0.3033,276.85,284.63,276.85,0.0,0.40399774774774777,0.6428571428571429,0.21710560102763946,0.3031606321264253,0.447023290370514,medium,0.8327
"[1420128104, 154540889, 1420128105, 34083183]",0,0.6016,12,0.17440189272969828,0.4535,285.45,289.05,285.45,0.0,0.43918918918918926,0.6428571428571429,0.25410189345698586,0.45339067813562717,0.4609135252123914,medium,0.9934
154540889,0,0.7442,12,0.15559561105658304,0.1804,392.99,398.55,392.99,0.0,0.6399211711711712,0.6428571428571429,0.22670131426564166,0.1802360472094419,0.6346060664793101,high,0.9822
19803901,0,0.8585,9,0.03959859533226196,0.4981,134.7,135.4,134.7,0.0,0.8008164414414415,0.42857142857142855,0.057694730691092766,0.497999599919984,0.21743062958296988,low,1.0
19803901,0,0.8775,12,0.07862496087814605,0.4642,255.33,257.86,255.33,0.0,0.8275619369369368,0.6428571428571429,0.11455578585751833,0.46409281856371276,0.41226540039409504,low,1.0
154540870,0,0.6574,12,0.15090238277707152,0.4977,237.97,238.43,237.97,0.0,0.5177364864864865,0.6428571428571429,0.21986332388715824,0.49759951990398077,0.38422650773653777,medium,1.0
154540889,0,0.7442,12,0.15559561105658304,0.1804,392.99,398.55,392.99,0.0,0.6399211711711712,0.6428571428571429,0.22670131426564166,0.1802360472094419,0.6346060664793101,high,0.9822
1420128096,0,0.6837,12,0.15683211391433907,0.2185,333.83,343.31,333.83,0.0,0.5547578828828829,0.6428571428571429,0.228502887541166,0.21834366873374675,0.5390541719158833,high,0.6533
"[1420128096, 1255793036, 2498997]",0,0.8325,12,0.09299204206457407,0.4081,451.53,456.85,451.53,0.0,0.7642173423423423,0.6428571428571429,0.13548849082492095,0.4079815963192639,0.7291565720192525,medium,1.0
"[1420128096, 1255793036, 2498997]",0,0.8325,12,0.09299204206457407,0.4081,451.53,456.85,451.53,0.0,0.7642173423423423,0.6428571428571429,0.13548849082492095,0.4079815963192639,0.7291565720192525,medium,1.0
2498997,0,0.8873,12,0.07756461462567261,0.2063,450.7,451.5,450.7,0.0,0.8413569819819819,0.6428571428571429,0.11301087113348343,0.20614122824564912,0.7278160028426527,medium,0.9998
154540890,0,0.7172,12,0.20301970618498982,0.488,397.81,399.37,397.81,0.0,0.6019144144144144,0.6428571428571429,0.29579778409047647,0.4878975795159032,0.6423910585651065,high,0.6966
2498997,0,0.8873,12,0.07756461462567261,0.2063,450.7,451.5,450.7,0.0,0.8413569819819819,0.6428571428571429,0.11301087113348343,0.20614122824564912,0.7278160028426527,medium,0.9998
2498997,0,0.8695,12,0.07928059986010916,0.0969,350.36,350.36,351.18,0.0,0.8163006756756759,0.6428571428571429,0.11551104581578506,0.09671934386877375,0.5657524953968408,medium,1.0
154540886,0,0.7393,12,0.16879231996664984,0.0447,386.53,387.44,386.53,0.0,0.6330236486486486,0.6428571428571429,0.24592879760554767,0.04450890178035607,0.6241722389120393,high,0.9999
2467171,1,0.7087,9,0.03437139502861454,0.7009,31.73,31.73,105.92,0.0072992700729927005,0.5899493243243243,0.42857142857142855,0.05007874799134072,0.7008401680336067,0.05111929450528152,low,1.0
4484039,12,0.6009,10,0.032176079939677915,0.962,59.27,59.27,73.21,0.08759124087591241,0.43820382882882886,0.5,0.04688019412567395,0.9619923984796959,0.09560034887101464,low,1.0
155341957,0,0.5125,12,0.17733501910383553,0.4619,57.32,64.86,57.32,0.0,0.31376689189189183,0.6428571428571429,0.2583754315699272,0.4617923584716943,0.09245081887779824,medium,0.9892
627472868,0,0.4862,11,0.12549123016408625,0.7395,94.77,95.4,94.77,0.0,0.27674549549549554,0.5714285714285714,0.18283950856747105,0.7394478895779156,0.15293794618341572,medium,0.7986
627472868,0,0.391,12,0.24248038928837362,0.7148,0.08,0.08,10.04,0.0,0.14273648648648649,0.6428571428571429,0.35329163593810214,0.714742948589718,0.0,medium,0.9925
3754849,0,0.4395,6,0.08036630538074264,0.1993,238.49,363.34,238.49,0.0,0.21100788288288289,0.21428571428571427,0.11709290875996958,0.19913982796559312,0.3850663824013955,high,1.0
"[156225745, 1418329091]",0,0.7241,8,0.11942729354386619,0.2918,92.56,95.75,92.56,0.0,0.6116272522522522,0.35714285714285715,0.17400440876083775,0.29165833166633326,0.14936847885777046,medium,1.0
"[1335728929, 1384106187]",0,0.6918,10,0.08176328024825759,0.4002,127.76,127.76,136.74,0.0,0.5661599099099099,0.5,0.11912828827576091,0.40008001600320064,0.2062215330942921,medium,0.9836
"[188429704, 1418329098, 403510517]",0,0.8688,6,0.000607032323385783,0.2829,23.29,23.29,25.53,0.0,0.8153153153153153,0.21428571428571427,0.0008843825005553725,0.28275655131026206,0.03748748263720645,low,0.7085
"[596680098, 1062366357]",53,0.6527,12,0.10417442343602758,0.5,50.58,50.58,51.08,0.38686131386861317,0.5111204954954954,0.6428571428571429,0.15178111749308085,0.4998999799959992,0.08156475110637336,low,1.0
"[1069720384, 596680097, 596680099, 227387820, 1062366356, 1069111992, 1069111993, 896847197]",37,0.7611,12,0.050525621940767436,0.7881,11.45,11.45,18.21,0.27007299270072993,0.6637105855855856,0.6428571428571429,0.07361530782146194,0.7880576115223045,0.01836418257583099,low,1.0
1021998718,0,0.8978,8,0.021843010005486902,0.5602,33.5,214.6,33.5,0.0,0.8561373873873875,0.35714285714285715,0.03182500639942321,0.560112022404481,0.053978098652970256,low,1.0
4253371,0,0.5695,9,0.15358989550448404,0.765,101.76,181.39,101.76,0.0,0.3940033783783784,0.42857142857142855,0.22377900517893023,0.7649529905981196,0.1642277998514068,medium,1.0
156311092,0,0.7916,11,0.04012077301028007,0.2818,65.74,209.98,65.74,0.0,0.7066441441441442,0.5714285714285714,0.058455538758694,0.2816563312662533,0.106050327874148,low,1.0
1432757150,0,0.5881,7,0.15214627639547715,0.4653,73.95,181.53,73.95,0.0,0.42018581081081074,0.2857142857142857,0.22167566543287992,0.46519303860772154,0.11931065671738218,high,0.6277
82443340,0,0.708,6,0.08912382279571084,0.3429,76.02,263.57,76.02,0.0,0.588963963963964,0.21428571428571427,0.1298525309765958,0.34276855371074216,0.12265400394095034,medium,0.9818
472247058,0,0.4376,7,0.20038909545664335,0.2885,124.29,124.29,124.3,0.0,0.20833333333333331,0.2857142857142857,0.29196500848727464,0.28835767153430686,0.2006169848499532,high,1.0
4255916,0,0.7202,6,0.1251806450585907,0.2306,152.18,258.68,152.18,0.0,0.6061373873873873,0.21428571428571427,0.1823869889292616,0.23044608921784357,0.24566333947087896,high,1.0
4254651,0,0.5196,10,0.25053245783673644,0.3842,158.45,168.34,158.45,0.0,0.3237612612612612,0.5,0.3650234256532883,0.3840768153630726,0.2557902897567593,high,0.9999
"[1453476954, 83173836]",0,0.5577,7,0.11573877068836176,0.1646,209.81,219.52,209.81,0.0,0.377393018018018,0.2857142857142857,0.16863026493176736,0.16443288657731545,0.33874406434732046,high,1.0
472247058,0,0.4849,6,0.21894109719939772,0.4866,90.28,90.28,112.99,0.0,0.2749155405405405,0.21428571428571427,0.3189951041620084,0.48649729945989195,0.14568595148108668,high,1.0
4252510,0,0.4434,8,0.25147291155587037,0.7037,44.63,63.23,44.63,0.0,0.21649774774774777,0.35714285714285715,0.36639365806046115,0.7036407281456292,0.0719546467680977,high,0.9709
"[649331889, 649331890, 20188575]",0,0.4963,8,0.20884214887147795,0.5087,75.79,75.79,128.16,0.0,0.2909628378378379,0.35714285714285715,0.30428102945982827,0.5086017203440689,0.12228252091610946,high,0.9958
47009633,0,0.437,11,0.1552713617417065,0.7207,111.9,118.49,111.9,0.0,0.20748873873873871,0.5714285714285714,0.22622888600021188,0.7206441288257651,0.18060535581613207,medium,1.0
"[901462501, 901462503, 901462504, 901462505, 1484429771]",0,0.7651,14,0.0760504329142848,0.3997,96.67,96.67,99.23,0.0,0.6693412162162162,0.7857142857142857,0.11080472232564767,0.39957991598319664,0.15600671899731888,low,1.0
"[1173825223, 1484429131, 1484429132, 1484429133, 1484429134, 1484429135, 1484429136, 1484429137, 1484429138, 1484429139, 1484429140, 534024693, 1484429141, 1484429143, 1484429142, 711130966, 299392150, 157467038]",0,0.7088,13,0.08071835133852956,0.4172,117.98,117.98,120.16,0.0,0.5900900900900901,0.7142857142857143,0.11760583647811192,0.4170834166833367,0.19042542882062216,low,1.0
157467036,0,0.7371,10,0.18946851138941354,0.3302,153.89,178.78,153.89,0.0,0.6299268018018018,0.5,0.2760538180802081,0.33006601320264056,0.24842523500339175,medium,1.0
157467037,0,0.6798,14,0.16846627885171095,0.4164,52.39,56.86,52.39,0.0,0.549268018018018,0.7857142857142857,0.24545375870392958,0.41628325665133026,0.08448816099751269,low,1.0
"[901462501, 901462503, 901462504, 901462505, 1484429771]",0,0.7651,14,0.07605043291428482,0.3997,96.67,96.67,99.23,0.0,0.6693412162162162,0.7857142857142857,0.11080472232564768,0.39957991598319664,0.15600671899731888,low,1.0
"[901462498, 901462499, 901462500, 901462501, 1484429772, 1484429773]",0,0.6614,13,0.07908956282541267,0.2701,112.06,138.94,112.06,0.0,0.5233671171171171,0.7142857142857143,0.11523270661568875,0.2699539907981597,0.18086377878993443,low,1.0
19742812,0,0.6492,7,0.19242588456972629,0.2165,174.19,184.04,174.19,0.0,0.5061936936936937,0.2857142857142857,0.2803626835664334,0.21634326865373074,0.2812126498045676,high,1.0
19742812,0,0.9338,11,0.029296886447168047,0.5,122.72,131.91,122.72,0.0,0.906813063063063,0.5714285714285714,0.04268523572454035,0.4998999799959992,0.1980812094195174,low,1.0
157467035,0,0.7195,10,0.15429954402009982,0.3166,128.52,132.93,128.52,0.0,0.6051520270270271,0.5,0.2248129565302996,0.31646329265853174,0.20744904221985336,medium,1.0
"[901462498, 901462499, 901462500, 901462501, 1484429772, 1484429773]",0,0.6614,13,0.07908956282541268,0.2701,112.06,138.94,112.06,0.0,0.5233671171171171,0.7142857142857143,0.11523270661568878,0.2699539907981597,0.18086377878993443,low,1.0
"[901462488, 901462497, 901462498, 1484429774]",0,0.5849,10,0.06769727229883113,0.5,35.25,209.83,35.25,0.0,0.4156813063063063,0.5,0.09863424424177657,0.4998999799959992,0.056804599928933684,low,0.9939
157467034,0,0.5201,8,0.2286001927205451,0.5,106.86,287.06,106.86,0.0,0.3244650900900901,0.35714285714285715,0.3330683173757779,0.4998999799959992,0.17246503214135736,high,0.9999
"[901462483, 901462484, 901462485, 901462486, 901462488]",0,0.6677,11,0.02829330550387359,0.5,41.32,281.22,41.32,0.0,0.5322353603603603,0.5714285714285714,0.04122302753316913,0.4998999799959992,0.06660852149756114,low,1.0
"[1148079786, 901462476, 901462477, 901462478, 901462479, 901462480, 901462481, 901462482, 534024686, 901462485]",0,0.7637,12,0.03593669485300035,0.4709,108.25,396.2,108.25,0.0,0.6673704954954957,0.6428571428571429,0.05235937541901531,0.47079415883176634,0.17471008172626548,low,1.0
157467034,0,0.5201,8,0.2286001927205451,0.5,106.86,287.06,106.86,0.0,0.3244650900900901,0.35714285714285715,0.3330683173757779,0.4998999799959992,0.17246503214135736,high,0.9999
"[3076785, 2953548]",27,0.4244,7,0.292434257731756,0.7663,103.11,103.11,131.25,0.19708029197080293,0.18975225225225223,0.2857142857142857,0.4260739621835728,0.7662532506501301,0.1664082436928643,high,0.9999
4253976,0,0.4674,11,0.23699288705818072,0.5248,177.7,177.7,178.61,0.0,0.2502815315315315,0.5714285714285714,0.3452963957287614,0.5247049409881976,0.2868818037923571,high,0.9402
4255808,0,0.3923,10,0.26852403367394184,0.509,211.87,261.91,211.87,0.0,0.1445664414414414,0.5,0.3912369859451756,0.5089017803560713,0.342071260135026,high,1.0
"[503247144, 158615404]",0,0.5654,9,0.19567286663088945,0.9123,110.37,124.79,110.37,0.0,0.388231981981982,0.42857142857142855,0.28509350652475174,0.9122824564912982,0.1781341861291469,medium,1.0
584351060,0,0.4472,9,0.20706720348920793,0.7107,181.2,206.28,181.2,0.0,0.22184684684684683,0.42857142857142855,0.30169495038515787,0.7106421284256852,0.29253480634428397,high,0.9995
"[242853521, 242853523, 84822238]",13,0.7143,8,0.1095025525657922,0.0119,338.13,338.13,347.98,0.0948905109489051,0.5978322072072073,0.35714285714285715,0.1595441525629283,0.011702340468093618,0.5459992893368221,high,1.0
38907608,38,0.5858,7,0.15810416789896392,0.4764,95.17,95.17,99.3,0.2773722627737226,0.41694819819819817,0.2857142857142857,0.23035625848111133,0.47629525905181036,0.15358400361792166,medium,1.0
156201849,15,0.4796,8,0.062372704699842546,0.3758,107.71,107.71,109.7,0.10948905109489052,0.26745495495495497,0.35714285714285715,0.09087639828946797,0.37567513502700545,0.17383790418968245,medium,0.9958
23167685,0,0.7041,8,0.18642100393256913,0.5,59.12,67.01,59.12,0.0,0.5834740990990991,0.35714285714285715,0.27161362778321546,0.4998999799959992,0.09535807733307491,medium,1.0
"[227851377, 25654332, 7742071]",0,0.8251,11,0.12815070405218562,0.0895,395.07,421.58,395.07,0.0,0.7538006756756755,0.5714285714285714,0.1867143375286023,0.08931786357271453,0.6379655651387408,high,0.9922
"[667589129, 667589130]",0,0.8589,11,0.04609442741683824,0.1947,414.09,414.33,414.09,0.0,0.8013795045045045,0.5714285714285714,0.06715909821152366,0.1945389077815563,0.6686855961494977,medium,0.9993
164254083,0,0.9231,8,0.06918976443787281,0.5,162.1,396.72,162.1,0.0,0.8917511261261262,0.35714285714285715,0.10080879154246558,0.4998999799959992,0.26168556384662595,low,0.9165
216981325,0,0.7868,7,0.06918976443787281,0.5,153.08,411.88,153.08,0.0,0.6998873873873875,0.2857142857142857,0.10080879154246558,0.4998999799959992,0.2471169686985173,medium,1.0
164254083,0,0.9954,8,0.06918976443787281,0.5,151.42,359.94,151.42,0.0,0.9935247747747749,0.35714285714285715,0.10080879154246558,0.4998999799959992,0.24443583034531766,low,1.0
216981324,0,1.0,7,0.06918976443787281,0.5,167.23,374.71,167.23,0.0,1.0,0.2857142857142857,0.10080879154246558,0.4998999799959992,0.2699712504441645,low,0.7221
164254082,0,0.7373,7,0.06918976443787281,0.0752,150.78,357.99,150.78,0.0,0.6302083333333333,0.2857142857142857,0.10080879154246558,0.07501500300060011,0.2434021384501082,high,0.9591
"[675863899, 3754068, 166585294]",0,0.8636,10,0.012600026397695894,0.4621,30.47,240.06,30.47,0.0,0.8079954954954957,0.5,0.01835806441101148,0.461992398479696,0.04908421358658785,low,1.0
25654328,1,0.6994,8,0.1707170656154281,0.1329,190.6,190.6,311.98,0.0072992700729927005,0.5768581081081081,0.35714285714285715,0.24873313428885588,0.1327265453090618,0.3077171560551733,high,1.0
"[513465552, 259349994]",0,0.8814,12,0.024461201243871127,0.8686,31.44,31.44,156.04,0.0,0.8330518018018017,0.6428571428571429,0.03563968692013387,0.8685737147429486,0.050650902865264726,low,1.0
"[919290688, 259349995, 945304335]",32,0.8735,12,0.001091919306678444,0.2967,95.81,95.81,101.98,0.23357664233576642,0.8219313063063065,0.6428571428571429,0.0015908583693899857,0.2965593118623725,0.15461769551313112,low,1.0
67711964,0,0.7997,8,0.07281571244032661,0.2624,74.75,79.68,74.75,0.0,0.7180461711711712,0.35714285714285715,0.1060917643869574,0.26225245049009804,0.12060277158639404,medium,0.9991
586978715,0,0.9189,10,0.0015014641043581125,0.4765,94.62,767.63,94.62,0.0,0.885838963963964,0.5,0.0021875613676901233,0.47639527905581114,0.152695674645476,low,1.0
"[948576928, 582888957, 948576920, 951591417, 951591418, 948576918, 948576919, 951970808, 948576921, 948576922, 948576923, 951970809, 948576926, 948576927]",0,0.9602,6,4.651733316458501e-05,0.3923,115.34,852.57,115.34,0.0,0.9439752252252255,0.21428571428571427,6.771732216195829e-05,0.39217843568713745,0.18616144975288304,low,0.7413
261114693,0,0.8808,10,0.015432563614774929,0.0294,13.45,13.45,140.11,0.0,0.8322072072072072,0.5,0.02248504504854796,0.029205841168233646,0.02159446974836063,low,1.0
"[1419988577, 930849131, 1068477996, 1068477995, 1068477997, 534022320]",0,0.6847,10,0.16429368170051084,0.3764,3.24,3.24,11.26,0.0,0.5561655405405406,0.5,0.23937432308436848,0.3762752550510102,0.005103853732596828,low,0.7493
171908451,0,0.6699,12,0.1995441437112506,0.0012,73.89,78.07,73.89,0.0,0.5353322072072073,0.6428571428571429,0.2907339215762668,0.0010002000400080014,0.1192137481022063,medium,1.0
230851670,0,0.8537,11,0.051234335406173795,0.0242,141.04,141.04,143.94,0.0,0.7940596846846848,0.5714285714285714,0.074647896813288,0.024004800960192037,0.22767063991988884,low,0.9814
1419988575,0,0.8124,12,0.08001045252841306,0.0249,0.69,0.69,11.2,0.0,0.7359234234234234,0.6428571428571429,0.11657443443154018,0.02470494098819764,0.0009852375876215395,low,1.0
172676615,0,1.0,8,0.027327422498385254,0.5302,80.23,142.6,80.23,0.0,1.0,0.35714285714285715,0.039815744889982345,0.5301060212042409,0.12945375843912524,low,1.0
"[1128114475, 130885444, 246017142]",0,0.6462,8,0.07046137627090948,0.4552,29.83,145.6,29.83,0.0,0.5019707207207207,0.35714285714285715,0.10266151827161916,0.45509101820364073,0.04805052169137836,medium,0.9977
23179775,2,0.7834,10,0.057056290807037925,0.3089,180.17,187.65,180.17,0.014598540145985401,0.6951013513513514,0.5,0.08313043221197357,0.3087617523504701,0.2908712084504312,medium,0.9536
"[1296759010, 23179775]",0,0.8011,10,0.02844883772522616,0.3279,130.75,137.3,130.75,0.0,0.7200168918918921,0.5,0.04144963654722368,0.32776555311062217,0.21105081241722387,low,0.9999
173198873,0,0.76,12,0.11707101215496364,0.1556,199.42,209.16,199.42,0.0,0.6621621621621622,0.6428571428571429,0.1705713284786248,0.15543108621724344,0.321962722486029,medium,0.9994
38056402,0,0.6907,8,0.11504447448959727,0.1443,33.63,41.33,33.63,0.0,0.5646114864864865,0.35714285714285715,0.16761868176465508,0.14412882576515304,0.054188067319184685,medium,1.0
230851672,0,0.8942,9,0.07572637325336361,0.9336,200.48,200.48,204.0,0.0,0.85106981981982,0.42857142857142855,0.11033257038428411,0.9335867173434687,0.3236747746874697,low,1.0
538653570,0,0.8551,11,0.07572637325336361,0.9608,212.66,212.66,215.44,0.0,0.7960304054054054,0.5714285714285714,0.11033257038428411,0.9607921584316863,0.3433472235681752,low,1.0
236678750,0,0.7027,8,0.011209204769483606,0.1811,167.94,167.94,192.27,0.0,0.5815033783783784,0.35714285714285715,0.0163316501082126,0.1809361872374475,0.2711180023904125,medium,0.9997
250328430,0,0.6959,10,0.02535071953833638,0.4837,81.76,81.76,106.26,0.0,0.5719313063063063,0.5,0.03693570688268116,0.48359671934386883,0.13192492812611042,low,1.0
2514020,0,0.6966,12,0.15765313799786027,0.5,150.32,156.04,150.32,0.0,0.5729166666666667,0.6428571428571429,0.2296991120692014,0.4998999799959992,0.24265917240042637,low,0.9581
"[1420139112, 34083185, 1420139111]",0,0.6834,12,0.17452826067739724,0.2895,86.96,87.66,86.96,0.0,0.5543355855855856,0.6428571428571429,0.25428601039293086,0.28935787157431486,0.14032367477468746,medium,0.5837
34083185,0,0.6904,12,0.1816319005341038,0.5,180.07,183.06,180.07,0.0,0.5641891891891893,0.6428571428571429,0.2646359482394289,0.4998999799959992,0.29070969409180475,medium,0.9891
2514020,0,0.6519,12,0.202176164787371,0.4649,179.28,189.86,179.28,0.0,0.5099943693693695,0.6428571428571429,0.2945687520431859,0.4647929585917183,0.2894337306586555,medium,1.0
2514020,0,0.6966,12,0.15765313799786027,0.5,150.32,156.04,150.32,0.0,0.5729166666666667,0.6428571428571429,0.2296991120692014,0.4998999799959992,0.24265917240042637,low,0.9581
"[2499055, 1420138055]",0,0.6151,12,0.21172128193207163,0.482,74.33,87.04,74.33,0.0,0.45819256756756754,0.6428571428571429,0.30847589981221657,0.48189637927585516,0.1199244112801628,medium,0.7645
2660144,0,0.7981,12,0.045038350087719274,0.2202,130.64,137.06,130.64,0.0,0.715793918918919,0.6428571428571429,0.06562040326949932,0.22004400880176034,0.21087314662273474,low,1.0
2660144,0,0.8059,12,0.09001542505904835,0.3142,249.55,278.97,249.55,0.0,0.7267736486486487,0.6428571428571429,0.13115158726259657,0.3140628125625125,0.4029298704654844,medium,0.553
8259861,15,0.8172,12,0.057963371195287036,0.5,192.45,202.67,192.45,0.10948905109489052,0.7426801801801803,0.6428571428571429,0.08445203998341656,0.4998999799959992,0.3107051716897632,low,1.0
"[175994561, 27474089]",0,0.6649,8,0.09247168904785771,0.5,303.19,311.57,303.19,0.0,0.528293918918919,0.35714285714285715,0.13473034127203118,0.4998999799959992,0.4895661724327293,high,0.9992
"[176022354, 1432629091]",0,0.5906,12,0.19251950015852362,0.4785,250.37,252.62,250.37,0.0,0.42370495495495497,0.6428571428571429,0.2804990806171089,0.47839567913582715,0.4042542882062215,medium,0.9992
"[176022354, 176022356]",0,0.7311,12,0.16726526959308424,0.1226,278.42,285.11,278.42,0.0,0.6214808558558559,0.6428571428571429,0.24370389927543962,0.1224244848969794,0.4495590658009498,medium,0.9909
176022355,0,0.7293,12,0.14231904382082597,0.4676,204.7,210.42,204.7,0.0,0.618947072072072,0.6428571428571429,0.20735747808070237,0.46749349869974,0.3304906806215072,medium,0.7106
181799764,0,0.7145,12,0.07462316179187793,0.2723,196.45,201.41,196.45,0.0,0.5981137387387389,0.6428571428571429,0.10872520144550815,0.27215443088617725,0.31716574603482245,medium,0.7088
8258987,0,0.7001,8,0.18218598283712575,0.4835,145.55,151.5,145.55,0.0,0.5778434684684685,0.35714285714285715,0.2654432410518182,0.48339667933586716,0.23495493749394322,medium,0.9674
181799764,0,0.7505,11,0.14453559077732042,0.3267,177.04,180.35,177.04,0.0,0.6487894144144144,0.5714285714285714,0.21058696658185477,0.32656531306261255,0.2858158090254223,medium,0.9999
4253402,0,0.5293,11,0.11908865950528907,0.832,191.93,400.79,191.93,0.0,0.3374155405405405,0.5714285714285714,0.17351102208545996,0.8319663932786557,0.3098652970249055,medium,0.998
4253383,3,0.6045,12,0.24966809182598174,0.2765,112.61,393.55,112.61,0.021897810218978103,0.44327139639639646,0.6428571428571429,0.36376405233645404,0.27635527105421087,0.18175210776238007,medium,1.0
1133353966,5,0.5079,12,0.2534750431414289,0.3121,187.88,351.55,187.88,0.0364963503649635,0.3072916666666667,0.6428571428571429,0.3693107453409315,0.3119623924784957,0.303323965500533,high,0.862
201760879,7,0.713,7,0.01990480585153785,0.605,240.4,240.4,248.28,0.051094890510948905,0.5960022522522522,0.2857142857142857,0.029001060798034377,0.6049209841968394,0.38815130665116127,medium,1.0
"[201760880, 1099982062]",3,0.5082,7,0.2212005635519657,0.549,201.68,239.34,201.68,0.021897810218978103,0.30771396396396394,0.2857142857142857,0.3222871258279511,0.5489097819563913,0.3256129469909875,high,1.0
201758516,0,1.0,7,0.019342795435699226,0.5,13.47,13.47,20.3,0.0,1.0,0.2857142857142857,0.02818221679828929,0.4998999799959992,0.021626772620085926,low,1.0
1232318841,0,0.7669,7,3.981070662263302e-08,0.6649,44.17,44.17,44.82,0.0,0.6718750000000001,0.2857142857142857,0.0,0.6648329665933187,0.07121168071841587,low,1.0
"[670636345, 201758599]",1,0.6506,7,0.04352671994181419,0.7902,86.93,87.13,86.93,0.0072992700729927005,0.5081644144144144,0.2857142857142857,0.0634179720690719,0.7901580316063213,0.14027522046709953,medium,0.9589
"[38575041, 628451989, 1070339797, 1062366358, 1163998074]",27,0.509,11,0.18723635232226057,0.5934,118.21,125.17,118.21,0.19708029197080293,0.3088400900900901,0.5714285714285714,0.27280158287761425,0.5933186637327466,0.19079691184546305,medium,0.9852
"[4253408, 710580609, 1068361596]",0,0.5627,8,0.1578916411497651,0.3503,192.73,192.73,198.74,0.0,0.3844313063063063,0.35714285714285715,0.23004660896490597,0.35017003400680136,0.3111574118939173,high,1.0
496742426,0,0.8561,6,0.005003236748484202,0.5,46.75,52.48,46.75,0.0,0.7974380630630632,0.21428571428571427,0.0072896118587570035,0.4998999799959992,0.0753787511709791,low,0.9943
2430840,4,0.6915,14,0.10662814487567404,0.3446,175.71,175.71,181.4,0.029197080291970802,0.5657376126126127,0.7857142857142857,0.15535616703180208,0.3444688937787558,0.28366766805569016,low,1.0
2498965,15,0.7161,9,0.1706842643596407,0.3183,197.95,206.43,197.95,0.10948905109489052,0.600365990990991,0.42857142857142855,0.24868534316127414,0.31816363272654535,0.3195884614142197,medium,0.9973
228533742,3,0.6546,11,0.09496239182996462,0.2843,262.99,272.38,262.99,0.021897810218978103,0.513795045045045,0.5714285714285714,0.13835927228611808,0.2841568313662733,0.4246374002648836,medium,0.9998
4255948,0,0.6047,8,0.1456216872487942,0.4467,269.09,308.55,269.09,0.0,0.44355292792792794,0.35714285714285715,0.21216939913781296,0.4465893178635727,0.43448977614109896,high,1.0
30241013,0,0.9448,8,0.01686982566990477,0.3033,376.57,385.17,376.57,0.0,0.9222972972972974,0.35714285714285715,0.024579122625648063,0.3031606321264253,0.6080854087928417,medium,0.9973
4254686,0,0.5623,6,0.16323771382645355,0.3927,61.73,494.32,61.73,0.0,0.38386824324324326,0.21428571428571427,0.2378357876173609,0.3925785157031406,0.09957360209322609,high,1.0
58703910,1,0.6679,8,0.16750630615623746,0.1375,143.77,143.77,146.08,0.0072992700729927005,0.532516891891892,0.35714285714285715,0.2440550873280003,0.13732746549309863,0.23207998191039184,high,0.9998
58703912,0,0.7116,8,0.10458824372841301,0.0898,99.4,104.86,99.4,0.0,0.5940315315315315,0.35714285714285715,0.15238404984778986,0.08961792358471694,0.16041606098782182,medium,0.9783
1141851561,0,0.9714,10,0.05228437136764379,0.5,41.21,42.36,41.21,0.0,0.9597409909909911,0.5,0.07617778953828895,0.4998999799959992,0.06643085570307201,low,1.0
188750086,0,0.8537,10,0.09275017475303604,0.1353,154.91,154.91,163.33,0.0,0.7940596846846848,0.5,0.13513609237961483,0.135127025405081,0.2500726814613819,medium,0.9975
"[1070356424, 192382574, 199768304]",0,0.6871,9,0.07721401571555897,0.086,49.31,51.45,49.31,0.0,0.559543918918919,0.42857142857142855,0.1125000517504737,0.08581716343268653,0.07951351875181704,medium,1.0
24397111,0,0.8247,8,0.09601777768805819,0.5,95.21,111.35,95.21,0.0,0.7532376126126126,0.35714285714285715,0.13989695976122687,0.4998999799959992,0.15364860936137223,medium,0.6235
"[4253408, 710580609, 1068361596]",0,0.5627,8,0.15789164114976514,0.3503,192.73,192.73,198.74,0.0,0.3844313063063063,0.35714285714285715,0.23004660896490606,0.35017003400680136,0.3111574118939173,high,1.0
"[189443878, 797200694]",3,0.5524,7,0.18096012681139173,0.453,162.24,164.14,162.24,0.021897810218978103,0.36993243243243246,0.2857142857142857,0.26365718011249234,0.45289057811562317,0.26191168394870307,high,1.0
"[1394847330, 1394847331]",0,0.5741,8,0.10122642315937495,0.7321,145.11,644.02,145.11,0.0,0.4004786036036037,0.35714285714285715,0.14748590824116367,0.7320464092818564,0.2342442743159867,medium,1.0
42407074,0,0.7938,8,0.04428923750172182,0.5,145.82,285.69,145.82,0.0,0.7097409909909911,0.35714285714285715,0.06452895313104909,0.4998999799959992,0.23539102626223468,medium,0.9772
197476947,7,1.0,9,0.0724418123808931,0.3999,148.87,148.87,149.23,0.051094890510948905,1.0,0.42857142857142855,0.10554699544399286,0.39977995599119825,0.2403172142003424,low,1.0
197476947,8,0.5149,10,0.1316922285347092,0.3953,109.22,109.22,115.65,0.058394160583941604,0.3171452702702703,0.5,0.19187430608209877,0.3951790358071614,0.17627677100494235,medium,1.0
"[228015712, 29046088, 230498539]",0,0.6907,9,0.10095051459100576,0.5733,2.91,2.91,11.17,0.0,0.5646114864864865,0.42857142857142855,0.14708391199817547,0.5732146429285857,0.004570856349129438,low,1.0
"[330437, 1256523631]",4,0.8628,8,0.017402129262975855,0.9069,72.72,72.72,72.79,0.029197080291970802,0.8068693693693694,0.35714285714285715,0.02535468405822153,0.9068813762752551,0.11732403010627646,low,1.0
199773279,9,0.8202,10,0.004913424634420351,0.2566,75.1,302.42,75.1,0.06569343065693431,0.7469031531531531,0.5,0.007158756435738076,0.25645129025805163,0.12116807184158672,low,1.0
199773279,9,0.7216,12,0.004913424634420351,0.2566,67.23,319.67,67.23,0.06569343065693431,0.6081081081081081,0.6428571428571429,0.007158756435738076,0.25645129025805163,0.1084568918176826,low,1.0
4471803,76,0.6127,12,0.13774909571420357,0.3318,104.8,318.61,104.8,0.5547445255474452,0.45481418918918926,0.6428571428571429,0.2006991057787045,0.33166633326665335,0.16913783635365184,low,1.0
199773280,0,0.7519,6,0.014816461846033862,0.4817,82.01,92.51,82.01,0.0,0.6507601351351352,0.21428571428571427,0.021587390445806896,0.4815963192638528,0.13232871402267662,medium,1.0
201491584,0,0.3734,6,0.26337078870177727,0.6694,61.66,61.66,61.7,0.0,0.1179617117117117,0.21428571428571427,0.3837287554822634,0.6693338667733547,0.09946054204218754,high,1.0
201757213,0,0.7036,8,0.10765399167588725,0.5,124.9,274.6,124.9,0.0,0.5827702702702703,0.35714285714285715,0.15685081637163475,0.4998999799959992,0.20160222243757472,medium,1.0
1385471633,0,0.4584,10,0.17517021556486337,0.5,81.75,317.71,81.75,0.0,0.23761261261261257,0.5,0.2552213327515464,0.4998999799959992,0.13190877669024778,medium,0.9985
2428140,0,0.3548,7,0.21863605553194343,0.0529,188.57,210.7,188.57,0.0,0.09177927927927926,0.2857142857142857,0.31855066126196985,0.05271054210842169,0.3044384145750557,high,1.0
1256523628,1,0.9624,8,0.11769094779046065,0.5,103.96,103.96,108.47,0.0072992700729927005,0.9470720720720722,0.35714285714285715,0.17147456898991925,0.4998999799959992,0.1677811157411894,low,0.9997
"[47047809, 1256523639]",7,0.5795,10,0.11769094779046065,0.5,103.99,103.99,112.6,0.051094890510948905,0.40807995495495497,0.5,0.17147456898991925,0.4998999799959992,0.16782957004877733,medium,0.9996
753620636,0,0.8138,10,0.04357907275008036,0.5,150.69,156.99,150.69,0.0,0.7378941441441442,0.5,0.06349424962854487,0.4998999799959992,0.24325677552734437,low,1.0
"[1113492188, 1113492189, 753621324]",0,0.566,8,0.12065125445181733,0.5389,162.63,169.84,162.63,0.0,0.3890765765765765,0.35714285714285715,0.17578770853100809,0.5388077615523105,0.2625415899473463,high,0.5503
4252418,0,0.7795,9,0.0073296875444074615,0.0554,63.45,63.45,140.89,0.0,0.6896114864864865,0.42857142857142855,0.010679229241739736,0.05521104220844169,0.10235164906160159,medium,0.5776
224180703,0,0.9283,7,0.007337357530977082,0.17,172.44,172.44,246.65,0.0,0.8990709459459462,0.2857142857142857,0.01069040434153088,0.1698339667933587,0.27838614852860416,medium,1.0
968622890,0,0.6791,10,0.02991293860961298,0.5629,5.18,5.18,113.08,0.0,0.5482826576576577,0.5,0.04358281805136483,0.5628125625125024,0.008237232289950576,low,1.0
"[4252418, 395196459, 395196460]",0,0.6135,10,0.12165405491439625,0.3342,9.97,9.97,44.3,0.0,0.45594031531531537,0.5,0.17724877956916502,0.3340668133626725,0.01597377006815906,medium,0.9325
201756811,0,0.807,7,0.01990480585153785,0.5,250.03,250.03,257.97,0.0,0.7283220720720722,0.2857142857142857,0.029001060798034377,0.4998999799959992,0.4037051393868915,medium,1.0
201760799,4,0.6633,7,0.01990480585153785,0.5183,260.72,260.72,268.69,0.029197080291970802,0.5260416666666667,0.2857142857142857,0.029001060798034377,0.5182036407281456,0.42097102432406247,medium,0.6608
2428140,0,0.4314,8,0.19146247317173815,0.2275,158.39,158.39,158.6,0.0,0.19960585585585586,0.35714285714285715,0.2789590020326108,0.22734546909381875,0.25569338114158346,high,1.0
1263397973,0,1.0,6,0.19146247317173815,0.2275,183.91,183.91,184.25,0.0,1.0,0.21428571428571427,0.2789590020326108,0.22734546909381875,0.29691184546306165,high,0.737
204347358,0,0.9623,4,0.0014176428249453614,0.2609,69.86,69.86,71.29,0.0,0.9469313063063065,0.07142857142857142,0.002065434535582093,0.26075215043008604,0.11270471944955907,medium,1.0
260394917,0,0.7263,8,0.07219634394577974,0.4927,185.31,185.31,195.44,0.0,0.6147240990990991,0.35714285714285715,0.10518935019480391,0.4925985197039408,0.2991730464838324,medium,1.0
"[403510502, 403510503, 1070356425, 1070356426, 204348402]",0,0.6579,10,0.10636690384802368,0.0389,96.23,96.23,97.27,0.0,0.5184403153153154,0.5,0.15497554126055274,0.03870774154830966,0.15529605581936234,medium,1.0
"[1070356429, 204348401, 204349397]",0,0.8185,8,0.01261363711824461,0.0136,181.58,186.18,181.58,0.0,0.7445101351351351,0.35714285714285715,0.018377895105495836,0.01340268053610722,0.29314856090706465,medium,0.9999
260395189,0,0.8171,8,0.07219634394577974,0.4927,161.59,161.59,171.76,0.0,0.7425394144144146,0.35714285714285715,0.10518935019480391,0.4925985197039408,0.2608618406176309,medium,0.9995
"[204348042, 836252710]",0,0.8372,7,0.07219634394577974,0.4927,187.53,187.53,196.96,0.0,0.7708333333333336,0.2857142857142857,0.10518935019480391,0.4925985197039408,0.3027586652453403,medium,1.0
"[146535600, 204348308, 1428780933]",0,0.8409,6,0.06431053205653728,0.1916,278.2,383.6,278.2,0.0,0.7760416666666666,0.21428571428571427,0.09369979490072759,0.1914382876575315,0.44920373421197146,high,1.0
204348400,0,1.0,6,0.07219634394577974,0.4927,175.85,175.85,184.95,0.0,1.0,0.21428571428571427,0.10518935019480391,0.4925985197039408,0.2838937881577672,medium,0.9998
586978023,0,0.8187,7,0.07219634394577974,0.4927,161.42,161.42,170.75,0.0,0.7447916666666666,0.2857142857142857,0.10518935019480391,0.4925985197039408,0.26058726620796585,medium,1.0
"[1071583348, 20201506, 1070356427, 1070356428]",0,0.7391,12,0.031140696238784304,0.2729,88.51,88.51,98.06,0.0,0.6327421171171171,0.6428571428571429,0.04537164960938505,0.272754550910182,0.14282714733339796,low,1.0
405214745,0,0.851,8,0.13839109623623375,0.1451,140.17,140.17,141.97,0.0,0.7902590090090089,0.35714285714285715,0.20163449462645955,0.14492898579715943,0.22626546499983846,medium,0.9996
"[204349397, 204348401, 1070356429]",0,0.8185,8,0.01261363711824461,0.0136,181.58,186.18,181.58,0.0,0.7445101351351351,0.35714285714285715,0.018377895105495836,0.01340268053610722,0.29314856090706465,medium,0.9999
204349339,0,0.6858,10,0.15487502862095912,0.0433,162.46,168.7,162.46,0.0,0.557713963963964,0.5,0.22565143229352216,0.04310862172434487,0.2622670155376813,medium,0.6401
405214746,0,0.5568,8,0.13839109623623375,0.1451,137.29,137.29,141.26,0.0,0.37612612612612606,0.35714285714285715,0.20163449462645955,0.14492898579715943,0.22161385147139578,high,1.0
204349340,0,0.8366,8,0.008013030163165073,0.066,122.73,122.73,124.12,0.0,0.7699887387387387,0.35714285714285715,0.011674853143664782,0.0658131626325265,0.19809736085538004,medium,1.0
"[564174530, 236841161, 400898253, 400898254, 564174522]",0,0.7524,9,0.04382181475999309,0.1504,102.08,102.08,111.22,0.0,0.651463963963964,0.42857142857142855,0.06384792250132695,0.15023004600920184,0.16474464579901155,medium,0.9998
"[236840721, 1418351985, 23180923, 23180924, 1056521469]",0,0.7918,10,0.075263624485709,0.0694,56.72,56.72,123.94,0.0,0.7069256756756758,0.5,0.10965834969174054,0.0692138427685537,0.09148173272603935,low,0.8014
242054993,0,1.0,8,0.13839109623623375,0.1451,120.48,120.48,124.44,0.0,1.0,0.35714285714285715,0.20163449462645955,0.14492898579715943,0.19446328778628422,medium,0.9998
20638866,0,0.696,10,0.1474207745963901,0.0389,137.13,137.13,146.08,0.0,0.572072072072072,0.5,0.21479065283361495,0.03870774154830966,0.2213554284975934,medium,0.9914
"[204348403, 120755374]",0,0.8591,7,6.934786178345972e-05,0.4927,204.19,204.19,211.25,0.0,0.801661036036036,0.2857142857142857,0.00010098119208984615,0.4925985197039408,0.32966695739251217,medium,0.9998
120755374,0,0.7834,8,0.009921645900379573,0.1242,267.25,267.25,269.89,0.0,0.6951013513513514,0.35714285714285715,0.014455688694381531,0.12402480496099219,0.4315179119423717,medium,0.7276
1141851564,0,0.7616,10,0.1020949069290809,0.1242,305.08,305.08,313.17,0.0,0.6644144144144145,0.5,0.1487512810948652,0.12402480496099219,0.4926187938107698,high,0.8553
228533858,0,0.8639,12,0.14540025002290843,0.1336,264.18,470.45,264.18,0.0,0.8084177927927929,0.6428571428571429,0.21184676713914047,0.1334266853370674,0.42655942113253875,medium,1.0
"[8265571, 26291686]",0,0.9239,12,0.025018181896487388,0.5152,293.9,493.71,293.9,0.0,0.8928772522522525,0.6428571428571429,0.03645120260118824,0.5151030206041208,0.4745614885163291,low,1.0
205686400,0,0.6474,11,0.1454002500229084,0.1336,310.56,517.06,310.56,0.0,0.5036599099099099,0.5714285714285714,0.21184676713914044,0.1334266853370674,0.501469780663501,high,0.9998
618828413,0,1.0,7,0.014816461846033862,0.5,83.71,83.71,85.8,0.0,1.0,0.2857142857142857,0.021587390445806896,0.4998999799959992,0.1350744581193268,low,1.0
210336733,0,0.8014,7,0.017393902245422636,0.5,63.8,63.8,65.06,0.0,0.7204391891891894,0.2857142857142857,0.025342697369417553,0.4998999799959992,0.10291694931679427,low,0.9817
210336731,0,0.9382,9,0.0028692025260099946,0.3637,53.23,53.23,54.82,0.0,0.9130067567567569,0.42857142857142855,0.00418034365112747,0.3635727145429086,0.08584488160997512,low,1.0
210336730,0,0.7023,8,0.10243294509355542,0.5,58.31,60.4,58.31,0.0,0.5809403153153154,0.35714285714285715,0.14924379958716358,0.4998999799959992,0.09404981102820041,medium,0.9992
1432749564,0,0.4812,11,0.1323014511662554,0.312,14.49,14.49,18.15,0.0,0.2697072072072072,0.5714285714285714,0.192761937845304,0.3118623724744949,0.02327421907807604,medium,0.9999
130885443,0,0.6093,7,0.059031236925998515,0.4213,29.28,29.28,30.83,0.0,0.4500281531531531,0.2857142857142857,0.08600791051798969,0.4211842368473695,0.04716219271893272,medium,1.0
8117311,6,0.6245,9,0.1391877642808342,0.2986,94.9,101.86,94.9,0.043795620437956206,0.47142454954954965,0.42857142857142855,0.20279523263010726,0.2984596919383877,0.15314791484963014,medium,1.0
8117311,0,0.7043,11,0.13068902978997887,0.0588,230.13,238.43,230.13,0.0,0.5837556306306307,0.5714285714285714,0.19041265475051544,0.05861172234446889,0.37156378202022156,medium,0.9703
222707932,0,0.5171,10,0.2869085828797557,0.1434,164.7,170.5,164.7,0.0,0.32024211711711714,0.5,0.4180231048158296,0.14322864572914581,0.26588493717091444,high,1.0
"[1323682202, 1239223038]",0,0.4883,11,0.21291315402075,0.2461,59.07,65.01,59.07,0.0,0.27970157657657657,0.5714285714285714,0.3102124464682454,0.2459491898379676,0.09527732015376167,medium,0.9931
1323682202,0,0.6901,11,0.14003524571383533,0.3889,160.75,171.01,160.75,0.0,0.563766891891892,0.5714285714285714,0.204030005272662,0.38877775555111027,0.25950512000516845,medium,0.9999
4264828,0,0.706,11,0.07777143609788859,0.254,109.07,117.56,109.07,0.0,0.5861486486486486,0.5714285714285714,0.11331220811367052,0.25385077015403085,0.17603449946700261,low,0.8363
4264828,0,0.6951,11,0.12101275750323529,0.0503,71.96,76.2,71.96,0.0,0.5708051801801802,0.5714285714285714,0.17631441514747073,0.05011002200440088,0.11609652098071518,medium,0.9997
2687034,0,1.0,11,0.10042317511725887,0.1878,24.88,24.88,31.45,0.0,1.0,0.5714285714285714,0.14631558324173768,0.18763752750550108,0.04005556093936751,low,1.0
2687034,0,0.5872,10,0.0756423404306284,0.5,76.77,76.77,81.85,0.0,0.418918918918919,0.5,0.11021013533550357,0.4998999799959992,0.12386536163064896,medium,0.8021
"[1442691377, 222708117, 1430314262]",0,0.6728,8,0.10763976372883995,0.3344,101.76,101.76,110.84,0.0,0.5394144144144144,0.35714285714285715,0.15683008638382662,0.33426685337067413,0.1642277998514068,medium,0.9998
"[224180698, 1377379978]",0,0.8543,10,0.04059061108649298,0.17,230.63,230.63,271.88,0.0,0.7949042792792793,0.5,0.05914008850851428,0.1698339667933587,0.372371353813354,medium,0.9998
224180703,0,0.9394,6,0.00288446612080871,0.17,204.3,204.3,277.59,0.0,0.9146959459459459,0.21428571428571427,0.0042025825681710595,0.1698339667933587,0.3298446231870013,medium,0.9999
"[224180984, 224180986, 1097201004]",0,1.0,7,0.06350126996234957,0.5,63.37,64.19,63.37,0.0,1.0,0.2857142857142857,0.09252070748282282,0.4998999799959992,0.1022224375747004,low,1.0
224181625,0,0.8362,10,0.10858914228281079,0.4398,64.46,64.46,65.91,0.0,0.7694256756756758,0.5,0.15821332219315887,0.43968793758751756,0.10398294408372905,low,1.0
23023280,0,0.7213,8,0.09569399942106759,0.5,249.88,249.88,252.21,0.0,0.607685810810811,0.35714285714285715,0.13942521780822853,0.4998999799959992,0.40346286784895175,medium,0.9271
225677995,0,0.7776,9,0.09281919442285932,0.3174,162.08,490.53,162.08,0.0,0.6869369369369369,0.42857142857142855,0.13523665340287422,0.31726345269053813,0.26165326097490066,medium,1.0
"[1430314258, 1430314259]",0,0.4385,10,0.11991213942004969,0.9511,153.74,214.88,153.74,0.0,0.20960022522522523,0.5,0.17471082473699293,0.9510902180436087,0.24818296346545207,medium,1.0
"[1430314260, 227382862]",0,0.7617,10,0.03158967604510667,0.943,33.89,36.68,33.89,0.0,0.6645551801801802,0.5,0.04602580905208006,0.9429885977195439,0.054608004651613536,low,1.0
33654919,0,0.6061,12,0.10481492834798507,0.1328,107.11,107.11,155.91,0.0,0.44552364864864863,0.6428571428571429,0.1527143272507346,0.132626525305061,0.1728688180379236,medium,0.9996
50212056,0,0.7452,12,0.12353451932524376,0.1328,83.45,83.45,91.2,0.0,0.6413288288288288,0.6428571428571429,0.17998859889663957,0.132626525305061,0.13465452078689796,low,0.9954
674556625,0,0.8252,12,0.10883051694057544,0.1328,226.57,226.57,233.46,0.0,0.7539414414414416,0.6428571428571429,0.15856500284645456,0.132626525305061,0.36581387085311884,medium,0.9953
39658929,0,0.7658,8,0.1194785716211458,0.0694,82.9,104.69,82.9,0.0,0.6703265765765767,0.35714285714285715,0.1740791204471616,0.0692138427685537,0.13376619181445232,medium,0.9994
25654318,0,0.7391,11,0.09163050530847686,0.0388,388.62,396.26,388.62,0.0,0.6327421171171171,0.5714285714285714,0.13350474431107925,0.038607721544308866,0.6275478890073328,high,0.9998
227931030,0,0.7284,8,0.12789726524735148,0.1663,431.85,440.26,431.85,0.0,0.6176801801801802,0.35714285714285715,0.1863450795241375,0.16613322664532906,0.6973705462415609,high,1.0
2428138,0,0.7555,10,0.05628496330849673,0.027,490.89,493.22,490.89,0.0,0.6558277027027026,0.5,0.08200661515054707,0.026805361072214443,0.7927286235746358,high,1.0
51175598,0,0.8733,8,0.06307872723870679,0.5,210.9,688.68,210.9,0.0,0.8216497747747747,0.35714285714285715,0.09190506662610569,0.4998999799959992,0.3405045708563491,medium,0.9997
2687034,0,0.8502,11,0.022045285546511754,0.1882,204.84,270.21,204.84,0.0,0.789132882882883,0.5714285714285714,0.03211971999973299,0.1880376075215043,0.33071680072358434,low,0.9957
2687034,0,0.5766,11,0.057228659301979685,0.5,226.08,226.08,230.58,0.0,0.40399774774774777,0.5714285714285714,0.08338157152158501,0.4998999799959992,0.3650224504958491,medium,1.0
"[4352250, 83398075, 444894366, 444894367]",0,0.5773,6,0.19371597831799842,0.3767,141.64,150.25,141.64,0.0,0.40498310810810817,0.21428571428571427,0.2822423382758661,0.3765753150630126,0.22863972607164773,high,1.0
"[30193920, 2831540]",0,0.9202,11,0.002486276058631794,0.2115,130.16,130.32,130.16,0.0,0.8876689189189191,0.5714285714285714,0.003622423314920998,0.21134226845369072,0.21009787770132762,low,1.0
2831540,1,0.7152,11,0.06165917770983562,0.3386,73.01,74.34,73.01,0.0072992700729927005,0.5990990990990991,0.5714285714285714,0.0898367960366316,0.33846769353870776,0.11779242174629326,low,1.0
1111558737,0,0.9245,6,0.057535304984349424,0.5,204.77,670.75,204.77,0.0,0.893721846846847,0.21428571428571427,0.08382835145658234,0.4998999799959992,0.3306037406725458,medium,1.0
20639244,0,0.7354,7,0.09751280339246873,0.5,139.81,610.64,139.81,0.0,0.6275337837837839,0.2857142857142857,0.14207519844332414,0.4998999799959992,0.22568401330878313,medium,0.9999
"[230851669, 230851671]",0,0.921,12,0.1246107825634006,0.9336,190.77,190.77,193.59,0.0,0.8887950450450451,0.6428571428571429,0.18155670452221928,0.9335867173434687,0.30799173046483835,low,1.0
230851670,0,0.8537,11,0.05123433540617381,0.0242,141.04,141.04,143.94,0.0,0.7940596846846848,0.5714285714285714,0.07464789681328803,0.024004800960192037,0.22767063991988884,low,0.9814
230851672,0,0.8942,9,0.07572637325336361,0.9336,200.48,200.48,204.0,0.0,0.85106981981982,0.42857142857142855,0.11033257038428411,0.9335867173434687,0.3236747746874697,low,1.0
1130423855,0,1.0,7,0.1859324051136244,0.5037,29.99,29.99,32.95,0.0,1.0,0.2857142857142857,0.27090174380402193,0.5036007201440289,0.048308944665180736,low,0.9956
4471806,0,0.5862,7,0.1651510208428321,0.5321,108.36,117.49,108.36,0.0,0.41751126126126137,0.2857142857142857,0.24062345831861287,0.5320064012802561,0.1748877475207546,high,0.9718
25654779,0,0.7812,8,0.091125031025841,0.1378,312.75,312.75,315.04,0.0,0.6920045045045046,0.35714285714285715,0.13276827293671123,0.13762752550510102,0.505006945117421,high,1.0
235757577,0,0.5146,6,0.19539480918851157,0.1336,357.52,559.49,357.52,0.0,0.3167229729729729,0.21428571428571427,0.28468837939212405,0.1334266853370674,0.5773169234744969,high,1.0
"[452787289, 244932320, 404097031, 235757579, 549062315, 471651024, 471651025, 573266105]",1,0.7162,7,0.13665900099339484,0.0673,511.63,636.86,511.63,0.0072992700729927005,0.6005067567567567,0.2857142857142857,0.19911084781028932,0.0671134226845369,0.8262267015537682,high,1.0
235757577,0,0.5146,6,0.1953948091885116,0.1336,357.52,559.49,357.52,0.0,0.3167229729729729,0.21428571428571427,0.2846883793921241,0.1334266853370674,0.5773169234744969,high,1.0
31015708,0,0.8162,8,0.07906523173069128,0.086,292.69,335.69,292.69,0.0,0.7412725225225225,0.35714285714285715,0.11519725643476977,0.08581716343268653,0.4726071647769487,high,0.9996
236957435,0,0.8475,12,0.08111287861080498,0.5,151.77,151.77,157.95,0.0,0.7853322072072074,0.6428571428571429,0.11818065908020989,0.4998999799959992,0.24500113060051038,low,1.0
34116601,0,0.7326,8,0.10110296650450898,0.5,274.08,274.08,290.31,0.0,0.6235923423423424,0.35714285714285715,0.14730603303206324,0.4998999799959992,0.4425493426365604,medium,0.5297
586457933,0,0.7488,12,0.08111287861080498,0.5,208.01,208.01,222.33,0.0,0.6463963963963965,0.6428571428571429,0.11818065908020989,0.4998999799959992,0.3358368058920438,low,0.9999
"[1064589072, 823987478, 236959582, 1430090719]",13,0.6693,7,0.038392109901049035,0.7849,100.59,101.84,100.59,0.0948905109489051,0.5344876126126127,0.2857142857142857,0.05593689252958039,0.7848569713942789,0.16233808185547696,low,0.9242
1274304834,0,0.7042,10,0.013260988921562264,0.8303,109.22,115.88,109.22,0.0,0.5836148648648649,0.5,0.019321080720801288,0.8302660532106422,0.17627677100494235,low,1.0
8402473,0,0.723,8,0.11583231444525618,0.1597,221.62,230.38,221.62,0.0,0.6100788288288288,0.35714285714285715,0.16876655732402188,0.15953190638127626,0.357818910101108,high,0.9996
1037801143,0,0.9467,7,0.022396828575156836,0.1543,165.59,263.42,165.59,0.0,0.924971846846847,0.2857142857142857,0.03263191495474766,0.15413082616523302,0.26732241496269016,medium,1.0
"[303994872, 1255793044, 4253789, 4253788]",0,0.6236,8,0.15558309789761857,0.2688,257.32,383.46,257.32,0.0,0.4701576576576577,0.35714285714285715,0.22668308270827697,0.26865373074614923,0.41547953613076205,high,1.0
31015699,1,1.0,10,0.0327784939133819,0.0817,100.29,100.29,100.93,0.0072992700729927005,1.0,0.5,0.047757905737110966,0.08151630326065212,0.16185353877959752,low,1.0
31015699,8,0.8384,11,0.030534847278646852,0.2529,7.22,7.22,13.78,0.058394160583941604,0.7725225225225225,0.5714285714285714,0.04448893325435079,0.252750550110022,0.011532125205930808,low,1.0
"[20201074, 965906219]",2,0.7586,9,0.0327784939133819,0.0817,94.08,95.19,94.08,0.014598540145985401,0.6601914414414416,0.42857142857142855,0.047757905737110966,0.08151630326065212,0.15182349710889298,medium,0.9995
242046820,0,0.727,10,0.006283317197015722,0.0963,184.95,192.64,184.95,0.0,0.6157094594594594,0.5,0.009154677282690388,0.09611922384476894,0.298591594792777,medium,1.0
243346496,0,0.3284,7,0.3435117604804533,0.5,196.62,274.6,196.62,0.0,0.05461711711711713,0.2857142857142857,0.5004934132631836,0.4998999799959992,0.3174403204444875,high,1.0
"[191969345, 195209116]",20,0.688,11,0.09013006542117294,0.1375,13.41,13.41,18.76,0.145985401459854,0.5608108108108107,0.5714285714285714,0.13131861721437113,0.13732746549309863,0.021529864004910037,low,1.0
243464995,67,0.7179,11,0.16251334662505293,0.1986,29.3,29.3,30.83,0.48905109489051096,0.6028997747747747,0.5714285714285714,0.23678039127636258,0.1984396879375875,0.04719449559065801,low,1.0
4536592,3,1.0,11,0.08280396415891915,0.0612,138.59,143.74,138.59,0.021897810218978103,1.0,0.5714285714285714,0.12064455514886664,0.06101220244048809,0.22371353813354006,low,1.0
4536592,53,0.6727,12,0.019309559098959796,0.0795,190.49,198.96,190.49,0.38686131386861317,0.5392736486486486,0.6428571428571429,0.028133791761767536,0.07931586317263452,0.30753949026068417,low,1.0
23293117,10,0.7609,12,0.09937872710676628,0.407,91.17,99.56,91.17,0.072992700729927,0.6634290540540542,0.6428571428571429,0.14479383210984562,0.40688137627525506,0.14712342927286237,low,1.0
"[332579417, 772274937]",0,0.6708,10,0.16088091577604471,0.3838,335.96,347.97,335.96,0.0,0.5365990990990991,0.5,0.23440195456409177,0.3836767353470694,0.5424944277546274,high,0.9999
497294204,0,0.8022,10,0.1419325021303866,0.4001,379.99,392.21,379.99,0.0,0.7215653153153153,0.5,0.2067942903977921,0.39997999599919987,0.6136091998578674,high,0.8608
245290328,0,0.7441,11,0.0032374466521269637,0.5,389.28,401.63,389.28,0.0,0.6397804054054054,0.5714285714285714,0.004716871951341105,0.4998999799959992,0.6286138837742675,medium,1.0
497294209,0,0.7418,9,0.09673154787375957,0.5,372.93,385.24,372.93,0.0,0.6365427927927928,0.42857142857142855,0.14093691634795025,0.4998999799959992,0.6022062861388378,high,0.9746
"[901462443, 901462444, 901462456, 901462458, 901462459]",0,0.6921,11,0.16394722301319026,0.5,363.23,376.01,363.23,0.0,0.5665822072072073,0.5714285714285714,0.23886953596783667,0.4998999799959992,0.5865393933520691,high,0.65
250754902,0,0.7366,13,0.004022856119801339,0.4621,74.26,75.65,74.26,0.0,0.629222972972973,0.7142857142857143,0.005861206312099318,0.461992398479696,0.11981135122912429,low,1.0
27813832,0,0.6981,10,0.14686475378641806,0.3806,66.27,66.27,73.84,0.0,0.5750281531531533,0.5,0.21398053563445302,0.3804760952190438,0.10690635397486836,medium,0.9825
"[157573005, 250754902]",0,0.6423,11,0.10777578927640086,0.5,30.0,30.0,32.65,0.0,0.49648085585585583,0.5714285714285714,0.15702827435382374,0.4998999799959992,0.04832509610104339,low,1.0
25654328,1,0.6994,8,0.17071703679732791,0.1329,190.6,190.6,311.98,0.0072992700729927005,0.5768581081081081,0.35714285714285715,0.24873309230114932,0.1327265453090618,0.3077171560551733,high,1.0
8139716,0,0.7932,10,0.05449154123745178,0.2488,102.32,108.15,102.32,0.0,0.7088963963963966,0.5,0.07939361571050244,0.2486497299459892,0.16513228025971508,low,0.9956
"[253285243, 8139715]",0,0.9356,8,0.04836264083033677,0.5,66.54,66.54,70.41,0.0,0.9093468468468469,0.35714285714285715,0.0704638642646815,0.4998999799959992,0.10734244274315988,low,1.0
253285243,0,0.4356,5,0.2585715016429765,0.5,21.73,22.08,21.73,0.0,0.205518018018018,0.14285714285714285,0.3767362384391598,0.4998999799959992,0.03496785864263333,high,1.0
58602423,0,0.6325,8,0.23284796912124878,0.5,235.14,236.57,235.14,0.0,0.48268581081081074,0.35714285714285715,0.3392572884694627,0.4998999799959992,0.3796556513874083,high,1.0
256632748,0,0.7997,8,0.09392835362227335,0.5,264.07,265.38,264.07,0.0,0.7180461711711712,0.35714285714285715,0.13685268814103296,0.4998999799959992,0.42638175533804956,medium,0.9989
58602423,0,0.7002,12,0.18526131733032455,0.5,246.37,280.38,246.37,0.0,0.5779842342342343,0.6428571428571429,0.26992397508449145,0.4998999799959992,0.39779371386116225,medium,1.0
256632748,0,0.7997,8,0.09392835362227335,0.5,264.07,265.38,264.07,0.0,0.7180461711711712,0.35714285714285715,0.13685268814103296,0.4998999799959992,0.42638175533804956,medium,0.9989
2687034,0,0.7418,11,0.025795911463786538,0.5,176.92,176.92,181.5,0.0,0.6365427927927928,0.5714285714285714,0.03758434741783185,0.4998999799959992,0.28562199179507053,low,1.0
2687034,0,0.5766,11,0.057228659301979685,0.5,226.08,226.08,230.58,0.0,0.40399774774774777,0.5714285714285714,0.08338157152158501,0.4998999799959992,0.3650224504958491,medium,1.0
256632749,0,0.7079,8,0.09127406622135921,0.5,197.92,197.92,198.8,0.0,0.5888231981981982,0.35714285714285715,0.1329854158439629,0.4998999799959992,0.3195400071066318,medium,0.9996
256632749,0,0.7079,8,0.09127406622135921,0.5,197.92,197.92,198.8,0.0,0.5888231981981982,0.35714285714285715,0.1329854158439629,0.4998999799959992,0.3195400071066318,medium,0.9996
2415184,0,0.7931,12,0.11267734890663884,0.3097,89.71,89.71,94.55,0.0,0.7087556306306307,0.6428571428571429,0.16416980159157804,0.3095619123824765,0.14476531963691572,low,1.0
313583263,0,0.3833,8,0.29307341479082283,0.8026,96.99,96.99,112.98,0.0,0.13189752252252246,0.35714285714285715,0.4270052081319786,0.8025605121024205,0.15652356494492362,high,1.0
572500680,0,0.4047,8,0.2328034358898833,0.8724,38.02,38.02,113.01,0.0,0.1620213963963964,0.35714285714285715,0.3391924039615155,0.872374474894979,0.06127854766288724,medium,0.8835
4370175,0,0.7254,8,0.09241739801897939,0.1484,154.92,239.54,154.92,0.0,0.6134572072072073,0.35714285714285715,0.13465123974297738,0.14822964592918583,0.25008883289724454,medium,0.8616
58602420,0,0.6578,8,0.2051056500405835,0.5,211.86,361.24,211.86,0.0,0.5182995495495496,0.35714285714285715,0.2988369850764747,0.4998999799959992,0.3420551086991634,high,0.9999
753622268,0,0.7839,10,0.013198894180421342,0.26,112.11,117.82,112.11,0.0,0.6958051801801802,0.5,0.019230609254853284,0.25985197039407887,0.18094453596924767,low,0.9999
259286470,0,0.7022,12,0.14486849419762488,0.1025,147.88,176.17,147.88,0.0,0.5807995495495496,0.6428571428571429,0.21107200379918847,0.10232046409281854,0.23871822204994023,medium,1.0
753622268,0,0.6208,10,0.05539385927843199,0.3562,35.28,196.57,35.28,0.0,0.4662162162162163,0.5,0.080708284785836,0.3560712142428486,0.056853054236521636,low,0.9768
8117358,0,1.0,8,0.11953247753881081,0.0067,324.33,324.33,334.99,0.0,1.0,0.35714285714285715,0.17415766087272452,0.006501300260052011,0.5237103078463675,high,0.9905
227382014,0,0.7984,12,0.06337185975052521,0.5,197.5,204.89,197.5,0.0,0.7162162162162162,0.6428571428571429,0.09233215799606642,0.4998999799959992,0.3188616468004005,low,1.0
245342723,0,0.6208,12,0.07103986386327216,0.4552,268.03,268.03,271.19,0.0,0.4662162162162163,0.6428571428571429,0.10350436936580454,0.45509101820364073,0.43277772393965824,medium,1.0
259651981,0,0.6272,8,0.07216553613745097,0.4857,229.63,237.53,229.63,0.0,0.4752252252252252,0.35714285714285715,0.10514446350180967,0.4855971194238848,0.37075621022708916,high,0.54
259656293,0,1.0,8,0.1028473634182572,0.3097,201.09,213.28,201.09,0.0,1.0,0.35714285714285715,0.14984760326944963,0.3095619123824765,0.3246600122750912,medium,0.9998
25654318,0,0.7198,8,0.1594560318717473,0.0198,167.98,172.32,167.98,0.0,0.6055743243243243,0.35714285714285715,0.2323259118387514,0.019603920784156834,0.2711826081338631,high,1.0
4352300,0,0.7429,12,0.03278888091098284,0.331,97.85,109.15,97.85,0.0,0.6380912162162162,0.6428571428571429,0.04777303949695099,0.33086617323464695,0.15791258842911135,low,1.0
32592873,0,0.6677,12,0.09285680224741336,0.2909,87.94,143.83,87.94,0.0,0.5322353603603603,0.6428571428571429,0.13529144765688034,0.2907581516303261,0.141906515489227,low,0.9998
303559649,2,0.6593,11,0.07140448327495455,0.5,106.44,116.64,106.44,0.014598540145985401,0.520411036036036,0.5714285714285714,0.10403561649047072,0.4998999799959992,0.17178667183512614,low,1.0
146418662,23,0.6323,13,0.11023624813958101,0.5,109.6,114.73,109.6,0.1678832116788321,0.48240427927927926,0.7142857142857143,0.1606131402565817,0.4998999799959992,0.17689052556772297,low,1.0
303559649,2,0.6593,11,0.07140448327495455,0.5,106.44,116.64,106.44,0.014598540145985401,0.520411036036036,0.5714285714285714,0.10403561649047072,0.4998999799959992,0.17178667183512614,low,1.0
274469882,0,0.7504,8,0.09792176301540882,0.2519,224.38,231.46,224.38,0.0,0.6486486486486486,0.35714285714285715,0.14267104884741819,0.251750350070014,0.36227670639919884,high,0.7587
2687034,0,0.7418,11,0.025795911463786538,0.5,176.92,176.92,181.5,0.0,0.6365427927927928,0.5714285714285714,0.03758434741783185,0.4998999799959992,0.28562199179507053,low,1.0
2687034,0,0.8846,10,0.001194923678135035,0.5,143.82,143.82,148.49,0.0,0.8375563063063064,0.5,0.001740934789929072,0.4998999799959992,0.23216073908970505,low,1.0
222708026,0,0.5539,8,0.2271803623428368,0.269,83.6,83.6,96.31,0.0,0.37204391891891886,0.35714285714285715,0.33099963759213474,0.26885377075415084,0.13489679232483767,high,1.0
"[280612193, 280612194]",1,0.7661,8,0.1295959468734961,0.5197,170.19,170.19,181.54,0.0072992700729927005,0.6707488738738739,0.35714285714285715,0.18882004300852454,0.5196039207841568,0.2747520754595083,medium,1.0
67711963,0,0.6321,8,0.21809434563247773,0.2554,223.51,273.42,223.51,0.0,0.48212274774774777,0.35714285714285715,0.3177613949276118,0.255251050210042,0.36087153147914847,high,1.0
"[67711979, 67711980]",0,0.7911,8,0.10936850947791829,0.5313,201.85,201.85,212.31,0.0,0.7059403153153154,0.35714285714285715,0.15934885301843665,0.5312062412482497,0.32588752140065247,medium,1.0
2687034,0,0.8846,10,0.0011949236781350352,0.5,143.82,143.82,148.49,0.0,0.8375563063063064,0.5,0.0017409347899290724,0.4998999799959992,0.23216073908970505,low,1.0
2687034,0,0.5872,10,0.0756423404306284,0.5,76.77,76.77,81.85,0.0,0.418918918918919,0.5,0.11021013533550357,0.4998999799959992,0.12386536163064896,medium,0.8021
566873515,0,1.0,12,0.14695653232879485,0.3335,277.94,284.82,277.94,0.0,1.0,0.6428571428571429,0.21411425612541304,0.33336667333466696,0.4487837968795426,low,0.9989
284348476,0,0.6552,8,0.17991586511731003,0.4506,169.99,176.24,169.99,0.0,0.5146396396396397,0.35714285714285715,0.26213570044189494,0.45049009801960394,0.2744290467422554,high,0.9706
566873515,0,0.6426,12,0.16866171175674163,0.0749,248.63,261.35,248.63,0.0,0.4969031531531531,0.6428571428571429,0.2457385026466167,0.07471494298859771,0.40144393836612074,high,0.5446
"[495497220, 733010998]",10,0.2998,6,0.27318749085816063,0.7413,99.76,275.99,99.76,0.072992700729927,0.014358108108108092,0.21428571428571427,0.39803160011201016,0.74124824964993,0.16099751267887716,high,1.0
2558885,0,0.8428,8,0.1028473634182572,0.3097,207.78,221.51,207.78,0.0,0.7787162162162162,0.35714285714285715,0.14984760326944963,0.3095619123824765,0.3354653228672029,medium,0.9999
"[295993258, 43317963]",1,0.9162,10,0.024891279260783963,0.5192,92.92,92.92,100.16,0.0072992700729927005,0.8820382882882885,0.5,0.036266306629745206,0.5191038207641528,0.1499499305488258,low,1.0
311561494,0,0.9504,12,0.10361166482290571,0.5,184.96,188.07,184.96,0.0,0.9301801801801803,0.6428571428571429,0.150961183376785,0.4998999799959992,0.2986077462286397,low,1.0
311561499,0,0.7646,9,0.1352430278134087,0.4277,159.16,165.27,159.16,0.0,0.6686373873873873,0.42857142857142855,0.1970477879282024,0.42758551710342074,0.25693704170300735,medium,1.0
"[495529501, 30584286]",0,0.5686,7,0.10361166482290571,0.5,187.6,194.17,187.6,0.0,0.3927364864864865,0.2857142857142857,0.150961183376785,0.4998999799959992,0.30287172529637885,high,0.9998
311561498,0,0.7845,11,0.09909179174379829,0.4879,160.65,164.31,160.65,0.0,0.6966497747747747,0.5714285714285714,0.14437576992868403,0.4877975595119024,0.25934360564654196,low,0.9998
"[47009515, 1068477988, 1068477989]",0,0.7234,12,0.12859786216720812,0.514,75.49,75.49,83.72,0.0,0.610641891891892,0.6428571428571429,0.18736584278385124,0.5139027805561113,0.12179797784023,low,1.0
313583263,0,0.3833,8,0.29307341479082283,0.8026,96.99,96.99,112.98,0.0,0.13189752252252246,0.35714285714285715,0.4270052081319786,0.8025605121024205,0.15652356494492362,high,1.0
311561503,0,0.7548,9,0.15068706373760796,0.3283,310.72,566.58,310.72,0.0,0.6548423423423424,0.42857142857142855,0.21954960602975424,0.32816563312662533,0.5017282036373034,high,0.9991
313842645,0,0.765,10,0.07651192848462422,0.027,387.61,620.09,387.61,0.0,0.6692004504504505,0.5,0.11147711712124499,0.026805361072214443,0.6259165939852054,high,1.0
572500680,0,0.4047,8,0.2328034358898833,0.8724,38.02,38.02,113.01,0.0,0.1620213963963964,0.35714285714285715,0.3391924039615155,0.872374474894979,0.06127854766288724,medium,0.8835
566873515,0,1.0,12,0.16866171175674163,0.0749,203.2,214.22,203.2,0.0,1.0,0.6428571428571429,0.2457385026466167,0.07471494298859771,0.32806796524211,low,0.9704
24240876,0,0.7,12,0.15371819306051862,0.0972,157.76,172.19,157.76,0.0,0.5777027027027026,0.6428571428571429,0.2239659335364485,0.09701940388077614,0.25467584068223664,medium,1.0
566873515,0,0.6426,12,0.16866171175674163,0.0749,248.63,261.35,248.63,0.0,0.4969031531531531,0.6428571428571429,0.2457385026466167,0.07471494298859771,0.40144393836612074,high,0.5446
4252418,0,0.9928,10,0.07036737727405773,0.5,284.34,286.31,284.34,0.0,0.989864864864865,0.5,0.10252456259893958,0.4998999799959992,0.45912071583163744,low,0.9989
4252418,0,0.6419,10,0.07036737727405773,0.0365,308.99,308.99,325.38,0.0,0.49591779279279286,0.5,0.10252456259893958,0.036307261452290455,0.49893400523306525,high,1.0
4252418,0,0.6628,10,0.0316750977348369,0.2771,204.7,204.7,254.83,0.0,0.5253378378378378,0.5,0.04615026766728083,0.27695539107821565,0.3304906806215072,medium,1.0
4252418,0,0.6419,10,0.07036737727405772,0.0365,308.99,308.99,325.38,0.0,0.49591779279279286,0.5,0.10252456259893956,0.036307261452290455,0.49893400523306525,high,1.0
8370292,9,0.7642,12,0.06453205147941977,0.1878,279.79,279.79,327.98,0.06569343065693431,0.6680743243243243,0.6428571428571429,0.09402254665966725,0.18763752750550108,0.45177181251413256,medium,0.9979
4252418,0,0.941,10,0.0068971413744058395,0.2933,51.79,51.79,52.84,0.0,0.9169481981981983,0.5,0.0100490134558098,0.29315863172634526,0.08351907484575379,low,1.0
"[4252418, 395196459, 395196460]",0,0.6135,10,0.12165405491439625,0.3342,9.97,9.97,44.3,0.0,0.45594031531531537,0.5,0.17724877956916502,0.3340668133626725,0.01597377006815906,medium,0.9325
23038104,0,0.7722,12,0.11787315625502655,0.4313,103.49,103.49,103.79,0.0,0.6793355855855856,0.6428571428571429,0.17174004504464666,0.43118623724744953,0.16702199825564493,low,1.0
4252418,0,0.7962,10,0.032553491962748,0.0554,21.32,21.32,23.38,0.0,0.7131193693693694,0.5,0.047430079967311696,0.05521104220844169,0.03430564977226476,low,1.0
4252418,0,0.7175,8,0.06885434787284335,0.0554,132.54,134.22,132.54,0.0,0.6023367117117118,0.35714285714285715,0.10032009269641369,0.05521104220844169,0.2139419194366379,medium,0.9509
331022417,0,0.8373,8,0.0952956934311576,0.0899,217.34,217.34,226.24,0.0,0.7709740990990993,0.35714285714285715,0.13884488964933908,0.08971794358871774,0.35090609555189456,medium,0.6732
8376161,0,0.7651,12,0.037239258659654585,0.3399,244.63,244.63,252.94,0.0,0.6693412162162162,0.6428571428571429,0.05425719888866112,0.33976795359071815,0.39498336402106143,low,0.9891
8376161,0,0.6321,12,0.07575788146194908,0.0116,226.67,226.67,236.2,0.0,0.48212274774774777,0.6428571428571429,0.11037847755400164,0.011402280456091216,0.3659753852117453,medium,0.9998
331022417,0,0.8373,8,0.09529569343115757,0.0899,217.34,217.34,226.24,0.0,0.7709740990990993,0.35714285714285715,0.13884488964933905,0.08971794358871774,0.35090609555189456,medium,0.6732
"[6272741, 1418274918]",50,0.6697,8,0.15334784260450787,0.2516,91.7,95.34,91.7,0.36496350364963503,0.5350506756756757,0.35714285714285715,0.22342633633297898,0.2514502900580116,0.14797945537358273,medium,0.9998
"[367991, 1418274919]",55,0.6489,8,0.13964134656615904,0.4002,112.13,112.13,113.6,0.40145985401459855,0.5057713963963965,0.35714285714285715,0.20345609784231988,0.40008001600320064,0.18097683884097296,medium,0.9593
878797486,0,0.6896,12,0.11953247753881081,0.0067,313.02,315.61,313.02,0.0,0.5630630630630631,0.6428571428571429,0.17415766087272452,0.006501300260052011,0.5054430338857124,high,0.7899
"[355129118, 355129119]",0,0.6269,8,0.06724216669760946,0.1378,260.79,260.79,281.64,0.0,0.47480292792792794,0.35714285714285715,0.09797115957233202,0.13762752550510102,0.42108408437510103,high,1.0
878797486,0,0.6486,8,0.15803174417634164,0.0107,272.79,282.75,272.79,0.0,0.5053490990990991,0.35714285714285715,0.23025073778427518,0.010502100420084015,0.44046580741027885,high,1.0
"[355129118, 355129119]",0,0.6269,8,0.06724216669760946,0.1378,260.79,260.79,281.64,0.0,0.47480292792792794,0.35714285714285715,0.09797115957233202,0.13762752550510102,0.42108408437510103,high,1.0
"[1096451370, 1096451371]",1,0.8573,11,0.04945205672775222,0.1653,135.72,145.21,135.72,0.0072992700729927005,0.7991272522522521,0.5714285714285714,0.07205113319366467,0.16513302660532106,0.21907807604096002,low,1.0
1096451370,13,0.5183,10,0.1925661082118238,0.4225,96.34,101.03,96.34,0.0948905109489051,0.3219313063063063,0.5,0.28056698812150577,0.42238447689537906,0.15547372161385148,medium,0.9999
1489265999,0,0.5849,5,0.16155492309663616,0.5,51.22,137.0,51.22,0.0,0.4156813063063063,0.14285714285714285,0.23538397702256708,0.4998999799959992,0.08259844300158284,high,1.0
194508904,0,0.8576,11,0.08179368314756848,0.0037,83.87,83.87,84.85,0.0,0.7995495495495497,0.5714285714285714,0.11917258502004532,0.0035007001400280055,0.1353328810931292,low,0.9994
23180952,0,0.7306,12,0.14742734042171338,0.2988,19.61,19.61,22.28,0.0,0.6207770270270271,0.6428571428571429,0.21480021918063952,0.2986597319463893,0.03154375423975192,low,1.0
204349339,0,0.6858,10,0.15487502862095906,0.0433,162.46,168.7,162.46,0.0,0.557713963963964,0.5,0.22565143229352208,0.04310862172434487,0.2622670155376813,medium,0.6401
329553,0,0.6977,10,0.14615987664009222,0.0766,89.57,93.37,89.57,0.0,0.5744650900900901,0.5,0.21295353612419468,0.07641528305661131,0.14453919953483865,medium,1.0
20638866,0,0.696,10,0.14742077459639008,0.0389,137.13,137.13,146.08,0.0,0.572072072072072,0.5,0.21479065283361493,0.03870774154830966,0.2213554284975934,medium,0.9914
1418329089,0,0.7198,12,0.1193889293658303,0.1185,66.77,66.77,67.38,0.0,0.6055743243243243,0.6428571428571429,0.17394851250677462,0.11832366473294657,0.10771392576800078,low,0.9952
20638994,0,0.6874,8,0.16329604383839127,0.184,134.81,134.81,137.71,0.0,0.5599662162162162,0.35714285714285715,0.23792077390753313,0.18383676735347068,0.21760829537745904,high,0.9902
20638994,0,0.6842,12,0.12890204470002645,0.1922,230.31,235.5,230.31,0.0,0.5554617117117118,0.6428571428571429,0.18780903393263784,0.1920384076815363,0.37185450786574925,medium,1.0
20639059,0,0.7259,14,0.12292958631951856,0.1062,167.93,176.81,167.93,0.0,0.614161036036036,0.7857142857142857,0.179107217078748,0.10602120424084817,0.27110185095454986,low,0.9979
188429707,1,0.7465,5,0.07334771689923149,0.5299,33.27,33.27,36.5,0.0072992700729927005,0.6431587837837839,0.14285714285714285,0.10686688998380572,0.5298059611922386,0.05360661562812935,medium,1.0
"[1128345666, 388339780]",0,1.0,7,0.00014541252731828714,0.5,90.67,90.67,92.08,0.0,1.0,0.2857142857142857,0.00021180670921637447,0.4998999799959992,0.14631585747972994,low,1.0
823520720,0,1.0,6,0.014797920069538624,0.4998,133.23,136.12,133.23,0.0,1.0,0.21428571428571427,0.02156037524822362,0.4996999399879976,0.2150563685111606,low,0.9921
823520722,0,1.0,6,0.014797920069538624,0.4998,139.41,141.49,139.41,0.0,1.0,0.21428571428571427,0.02156037524822362,0.4996999399879976,0.2250379558742772,low,0.9818
156232229,3,0.925,6,0.06199112723430027,0.2605,39.96,39.96,44.32,0.021897810218978103,0.8944256756756758,0.21428571428571427,0.0903204434365121,0.2603520704140828,0.06441192622024099,medium,0.9747
"[1418329090, 188429706]",2,0.9532,7,0.01008219605218001,0.2605,42.83,42.83,43.74,0.014598540145985401,0.9341216216216217,0.2857142857142857,0.014689608786883341,0.2603520704140828,0.069047388312821,low,1.0
329019,3,0.7935,7,0.06199112723430027,0.2605,57.08,57.08,60.19,0.021897810218978103,0.7093186936936938,0.2857142857142857,0.0903204434365121,0.2603520704140828,0.09206318441709468,medium,1.0
329553,0,0.6977,10,0.1461598766400922,0.0766,89.57,93.37,89.57,0.0,0.5744650900900901,0.5,0.21295353612419465,0.07641528305661131,0.14453919953483865,medium,1.0
194508904,0,0.8576,11,0.08179368314756848,0.0037,83.87,83.87,84.85,0.0,0.7995495495495497,0.5714285714285714,0.11917258502004532,0.0035007001400280055,0.1353328810931292,low,0.9994
"[1141851553, 1141851554, 194508870]",0,0.9451,10,0.010512769403760953,0.0037,129.52,129.52,130.2,0.0,0.9227195945945946,0.5,0.01531695019454406,0.0035007001400280055,0.20906418580611816,low,1.0
154540885,0,0.6877,8,0.12169255177047791,0.412,146.61,146.61,149.53,0.0,0.5603885135135135,0.35714285714285715,0.17730486913391888,0.4118823764752951,0.23666698969538394,medium,0.9976
2430957,8,0.6048,12,0.06297982553578764,0.3416,31.15,31.15,32.69,0.058394160583941604,0.4436936936936937,0.6428571428571429,0.09176096775583996,0.34146829365873177,0.050182511225247924,low,1.0
2430957,9,0.6107,14,0.058370691847108365,0.3946,69.34,69.34,70.0,0.06569343065693431,0.45199887387387394,0.7857142857142857,0.08504550242168554,0.39447889577915585,0.11186484478470136,low,1.0
"[1289799282, 1289799283, 1289799284, 1289799285, 401465784]",0,0.6124,12,0.18860067512457143,0.2515,45.99,45.99,55.64,0.0,0.454391891891892,0.6428571428571429,0.27478938863512964,0.25135027005401084,0.07415124204541784,medium,0.9876
"[1289799282, 1289799283, 1289799284, 1289799285, 401465784]",0,0.6124,12,0.18860067512457143,0.2515,45.99,45.99,55.64,0.0,0.454391891891892,0.6428571428571429,0.27478938863512964,0.25135027005401084,0.07415124204541784,medium,0.9876
1289799286,0,0.6856,12,0.1965811567923428,0.4533,148.09,148.09,157.83,0.0,0.5574324324324325,0.6428571428571429,0.28641687692461126,0.4531906381276255,0.23905740220305585,medium,0.9876
1289799286,0,0.6856,12,0.1965811567923428,0.4533,148.09,148.09,157.83,0.0,0.5574324324324325,0.6428571428571429,0.28641687692461126,0.4531906381276255,0.23905740220305585,medium,0.9876
10074856,0,0.7383,7,0.12012617717465847,0.1505,178.7,186.93,178.7,0.0,0.631615990990991,0.2857142857142857,0.17502267577416417,0.15033006601320262,0.2884969473786219,high,0.9998
131929959,0,0.6235,10,0.06044025322458176,0.5,171.1,171.1,172.26,0.0,0.470016891891892,0.5,0.08806083428794562,0.4998999799959992,0.2762218561230093,medium,0.9999
432641897,0,0.6984,12,0.05816015684225328,0.0066,157.03,158.96,157.03,0.0,0.5754504504504505,0.6428571428571429,0.08473875485864502,0.00640128025605121,0.25349678586426333,medium,0.9977
4798827,0,0.713,12,0.2084133588053009,0.0066,179.85,181.57,179.85,0.0,0.5960022522522522,0.6428571428571429,0.3036562862825769,0.00640128025605121,0.2903543625028265,medium,0.9982
4798827,0,0.6336,12,0.22768906665865896,0.2335,81.73,86.08,81.73,0.0,0.48423423423423434,0.6428571428571429,0.33174081509510656,0.23334666933386677,0.13187647381852247,medium,1.0
432641897,0,0.6984,12,0.05816015684225328,0.0066,157.03,158.96,157.03,0.0,0.5754504504504505,0.6428571428571429,0.08473875485864502,0.00640128025605121,0.25349678586426333,medium,0.9977
4798827,0,0.713,12,0.2084133588053009,0.0066,179.85,181.57,179.85,0.0,0.5960022522522522,0.6428571428571429,0.3036562862825769,0.00640128025605121,0.2903543625028265,medium,0.9982
4798827,0,0.7943,8,0.09246928620572697,0.2335,65.57,67.69,65.57,0.0,0.7104448198198198,0.35714285714285715,0.13472684035317695,0.23334666933386677,0.10577575346448298,medium,1.0
445829210,0,0.9791,8,0.01066900344911424,0.3117,242.85,246.31,242.85,0.0,0.9705799549549551,0.35714285714285715,0.015544581759703836,0.3115623124624925,0.39210840843751005,medium,0.9877
8376163,0,0.9988,12,0.0012161006172001323,0.5,161.12,161.12,168.39,0.0,0.998310810810811,0.6428571428571429,0.0017717893951067127,0.4998999799959992,0.26010272313208643,low,1.0
447749630,0,0.9432,8,0.0012161006172001323,0.5,163.26,163.26,170.33,0.0,0.9200450450450451,0.35714285714285715,0.0017717893951067127,0.4998999799959992,0.2635591304066931,low,1.0
8376163,0,0.8101,8,0.08598928069566747,0.2291,256.83,256.83,263.95,0.0,0.7326858108108109,0.35714285714285715,0.12528553200605377,0.22894578915783156,0.4146881157734923,high,0.5
447749630,0,0.9432,8,0.0012161006172001323,0.5,163.26,163.26,170.33,0.0,0.9200450450450451,0.35714285714285715,0.0017717893951067127,0.4998999799959992,0.2635591304066931,low,1.0
4317584,0,0.5327,8,0.132197060043724,0.1594,39.88,39.88,49.55,0.0,0.3422015765765765,0.35714285714285715,0.1926098409412209,0.15923184636927384,0.0642827147333398,high,0.9513
843575088,0,1.0,8,0.00014541252731828714,0.5,70.12,70.12,76.59,0.0,1.0,0.35714285714285715,0.00021180670921637447,0.4998999799959992,0.11312465678198794,low,1.0
843575089,0,1.0,7,0.00014541252731828714,0.5,66.82,66.82,70.24,0.0,1.0,0.2857142857142857,0.00021180670921637447,0.4998999799959992,0.10779468294731401,low,1.0
22815086,0,0.8673,12,0.0398281873916154,0.1574,360.83,360.83,365.84,0.0,0.8132038288288288,0.6428571428571429,0.05802924420702139,0.15723144628925786,0.5826630487450335,medium,1.0
8399705,0,0.6071,12,0.17223943639909658,0.0793,358.16,358.16,367.44,0.0,0.4469313063063063,0.6428571428571429,0.250951214499583,0.07911582316463292,0.5783506153697064,high,1.0
22815086,0,0.6157,12,0.1668204772791412,0.1574,341.36,419.34,341.36,0.0,0.4590371621621622,0.6428571428571429,0.24305584097057437,0.15723144628925786,0.5512162031204575,high,0.9999
84822222,0,0.7541,8,0.0914684961467486,0.5,258.77,286.3,258.77,0.0,0.653856981981982,0.35714285714285715,0.1332686984545501,0.4998999799959992,0.41782149433084603,medium,0.9874
235757579,0,0.6405,9,0.13457378821551438,0.1336,365.94,572.34,365.94,0.0,0.49394707207207206,0.42857142857142855,0.196072711997786,0.1334266853370674,0.5909164324708467,high,1.0
205686400,0,0.6474,11,0.14540025002290843,0.1336,310.56,517.06,310.56,0.0,0.5036599099099099,0.5714285714285714,0.21184676713914047,0.1334266853370674,0.501469780663501,high,0.9998
"[611355658, 471651020, 480770669, 471651023, 726565783]",0,0.7594,10,0.11228321188156569,0.2353,481.58,664.74,481.58,0.0,0.6613175675675675,0.5,0.16359554757605957,0.23514702940588117,0.7776916367865103,high,1.0
472244534,0,0.8199,8,0.1613037638779241,0.5,94.73,94.73,94.95,0.0,0.7464808558558559,0.35714285714285715,0.2350180403540871,0.4998999799959992,0.15287334043996512,medium,0.9999
51240701,0,0.8597,12,0.03150929021830983,0.3279,3.87,3.87,10.29,0.0,0.8025056306306307,0.6428571428571429,0.045908687642792795,0.32776555311062217,0.006121394191943664,low,1.0
51240701,0,0.8633,12,0.05119186242844851,0.3304,160.58,160.58,160.76,0.0,0.8075731981981981,0.6428571428571429,0.07458601407591958,0.3302660532106422,0.25923054559550346,low,1.0
472244534,0,0.8199,8,0.16130376387792403,0.5,94.73,94.73,94.95,0.0,0.7464808558558559,0.35714285714285715,0.235018040354087,0.4998999799959992,0.15287334043996512,medium,0.9999
460808647,0,1.0,8,0.00014541252731828714,0.5,63.42,63.42,70.55,0.0,1.0,0.35714285714285715,0.00021180670921637447,0.4998999799959992,0.10230319475401364,low,1.0
482577186,0,0.8319,8,0.09935257250012297,0.5,41.56,41.56,50.73,0.0,0.7633727477477479,0.35714285714285715,0.14475572508885098,0.4998999799959992,0.06699615595826469,low,0.9992
482771194,0,0.6702,8,0.09935257250012297,0.6581,37.93,37.93,50.46,0.0,0.5357545045045046,0.35714285714285715,0.14475572508885098,0.6580316063212642,0.0611331847401234,medium,0.5246
1377865002,0,0.9242,7,0.00014541252731828714,0.5,69.15,69.15,79.14,0.0,0.8932995495495497,0.2857142857142857,0.00021180670921637447,0.4998999799959992,0.11155796750331105,low,1.0
47034326,0,0.7885,7,0.09935257250012297,0.5,23.74,23.74,30.62,0.0,0.7022804054054054,0.2857142857142857,0.14475572508885098,0.4998999799959992,0.03821429725102562,medium,0.8682
482934765,0,0.7439,9,0.018597375334771543,0.5,10.18,10.18,19.28,0.0,0.6394988738738739,0.42857142857142855,0.02709614657657781,0.4998999799959992,0.016312950221274672,low,1.0
482764870,0,0.5217,7,0.11912366288225047,0.454,64.0,64.0,67.8,0.0,0.3267173423423424,0.2857142857142857,0.1735620216833106,0.45389077815563117,0.10323997803404723,high,0.7865
482765891,0,0.9857,7,0.00739488315448452,0.5,62.41,62.41,64.69,0.0,0.9798704954954955,0.2857142857142857,0.010774218645168603,0.4998999799959992,0.10067189973188616,low,1.0
"[1377919073, 1377816930, 1377919068]",0,0.8539,6,0.07692415138806392,0.4355,133.9,134.28,133.9,0.0,0.7943412162162163,0.21428571428571427,0.11207772209497206,0.4353870774154831,0.21613851471395806,medium,1.0
71245964,0,0.6994,9,0.05546449810522571,0.4039,76.31,76.31,77.34,0.0,0.5768581081081081,0.42857142857142855,0.08081120490588886,0.4037807561512302,0.12312239558096716,medium,0.617
71245964,0,0.7299,12,0.0996899768523508,0.0987,46.02,46.02,51.34,0.0,0.6197916666666667,0.6428571428571429,0.14524732012254332,0.09851970394078814,0.07419969635300579,low,1.0
132682837,0,0.6174,8,0.11720401268493001,0.4039,90.44,90.44,95.22,0.0,0.4614301801801801,0.35714285714285715,0.17076510902584718,0.4037807561512302,0.14594437445488903,medium,0.9994
6270628,0,0.6404,10,0.0914496400468838,0.5,46.15,47.44,46.15,0.0,0.4938063063063063,0.5,0.13324122529071233,0.4998999799959992,0.07440966501922021,low,0.9962
8391744,1,0.489,8,0.23846233033810427,0.5,90.14,90.14,90.42,0.0072992700729927005,0.2806869369369369,0.35714285714285715,0.347437361053996,0.4998999799959992,0.1454598313790096,high,1.0
"[130883593, 1128345668]",5,0.4884,12,0.16128675346223126,0.5,85.27,89.12,85.27,0.0364963503649635,0.27984234234234234,0.6428571428571429,0.23499325633508902,0.4998999799959992,0.13759408211389992,medium,0.9903
259651981,0,0.6272,8,0.07216553613745097,0.4857,229.63,237.53,229.63,0.0,0.4752252252252252,0.35714285714285715,0.10514446350180967,0.4855971194238848,0.37075621022708916,high,0.54
494045613,6,0.5986,7,0.14248174984478565,0.7431,148.85,148.85,154.86,0.043795620437956206,0.4349662162162163,0.2857142857142857,0.20759453925908455,0.7430486097219444,0.2402849113286171,medium,0.9889
1316549430,3,0.7925,5,0.05470408524669046,0.5291,96.49,96.63,96.49,0.021897810218978103,0.707911036036036,0.14285714285714285,0.07970329037442687,0.5290058011602321,0.1557159931517912,medium,1.0
"[494045611, 1430090718]",3,0.7592,7,0.08519855806997365,0.5373,91.23,93.21,91.23,0.021897810218978103,0.661036036036036,0.2857142857142857,0.12413345642299557,0.5372074414882977,0.14722033788803826,medium,0.9999
"[459433619, 496742429]",0,0.8772,7,0.02772736243093998,0.1154,16.13,23.12,16.13,0.0,0.8271396396396395,0.2857142857142857,0.04039845368825652,0.11522304460892178,0.025923054559550344,medium,0.5678
"[1420164780, 496742428]",22,0.6625,6,0.15021484831912676,0.3388,128.32,128.32,138.94,0.16058394160583941,0.5249155405405406,0.21428571428571427,0.21886159251414447,0.33866773354670937,0.20712601350260035,high,0.9666
496742427,1,0.606,6,0.01990480585153785,0.6948,237.78,237.78,245.98,0.0072992700729927005,0.44538288288288286,0.21428571428571427,0.029001060798034377,0.6947389477895579,0.38391963045514743,high,0.9009
1070366925,0,0.9146,6,0.15177326038419875,0.5,237.0,237.0,239.72,0.0,0.8797860360360361,0.21428571428571427,0.22113218453993527,0.4998999799959992,0.3826598184578609,medium,0.5197
500005092,0,0.6983,6,0.17808084876044733,0.4027,173.72,173.72,179.02,0.0,0.5753096846846848,0.21428571428571427,0.2594620985104984,0.40258051610322065,0.28045353231902315,high,1.0
19208036,0,0.7536,9,0.1195503293286172,0.5132,133.57,142.01,133.57,0.0,0.6531531531531533,0.42857142857142855,0.17418367076605693,0.5131026205241048,0.21560551733049066,medium,0.999
500688227,0,0.7792,8,0.036829283315477766,0.6129,176.65,176.65,179.83,0.0,0.6891891891891893,0.35714285714285715,0.05365986858807999,0.6128225645129026,0.2851859030267791,medium,0.9732
39693965,0,0.5431,6,0.22848703558105052,0.5333,14.29,186.37,14.29,0.0,0.3568412162162163,0.21428571428571427,0.33290344846571474,0.5332066413282657,0.022951190360823076,high,0.9998
550989298,0,0.4043,7,0.160291903079754,0.5,175.64,183.69,175.64,0.0,0.16145833333333331,0.2857142857142857,0.23354376849041975,0.4998999799959992,0.2835546080046516,high,1.0
939332802,0,0.9856,8,0.160291903079754,0.3876,186.48,194.87,186.48,0.0,0.9797297297297298,0.35714285714285715,0.23354376849041975,0.3874774954990998,0.3010627644797622,medium,1.0
"[1064384194, 699301059, 965284077, 504124793, 164587417]",0,0.5946,6,0.1528724264897514,0.359,196.06,203.3,196.06,0.0,0.4293355855855856,0.21428571428571427,0.22273365943237466,0.358871774354871,0.3165358400361792,high,1.0
"[825960481, 504126055, 504126057, 1137746166, 775605914]",0,0.6874,9,0.1300816619687838,0.3708,196.72,196.72,205.68,0.0,0.5599662162162162,0.42857142857142855,0.18952772542890897,0.37067413482696543,0.317601834803114,medium,0.9869
"[4471649, 1064395413, 1064395414]",0,0.5172,10,0.20473068783956863,0.5677,102.01,102.01,108.87,0.0,0.32038288288288286,0.5,0.29829066860300846,0.5676135227045409,0.164631585747973,medium,0.9996
504126672,0,0.7057,6,0.11819297464462514,0.0593,193.67,203.16,193.67,0.0,0.5857263513513514,0.21428571428571427,0.17220601749275544,0.05911182236447289,0.31267564686500626,high,1.0
"[504126673, 4471690]",0,0.7285,9,0.07593211256409552,0.0593,277.77,287.23,277.77,0.0,0.617820945945946,0.42857142857142855,0.11063233066515564,0.05911182236447289,0.44850922246987757,high,0.999
54647803,0,0.9686,9,0.018597375334771543,0.9437,9.16,9.16,12.65,0.0,0.9557995495495497,0.42857142857142855,0.02709614657657781,0.9436887377475495,0.014665503763284557,low,1.0
482934765,0,0.7439,9,0.018597375334771543,0.5,10.18,10.18,19.28,0.0,0.6394988738738739,0.42857142857142855,0.02709614657657781,0.4998999799959992,0.016312950221274672,low,1.0
4255807,0,0.3335,6,0.3253140762361587,0.7691,156.9,256.98,156.9,0.0,0.06179617117117117,0.21428571428571427,0.47397955492043164,0.7690538107621524,0.2532868171980489,high,1.0
"[504896206, 504896207]",0,0.393,6,0.3091862070255492,1.0,181.07,229.42,181.07,0.0,0.1455518018018018,0.21428571428571427,0.45048139801870396,1.0,0.29232483767806955,high,1.0
509330072,0,0.6593,8,0.01653867487623017,0.0287,250.19,250.19,258.57,0.0,0.520411036036036,0.35714285714285715,0.024096638969172326,0.028505701140228046,0.40396356236069386,high,1.0
58716165,0,0.7566,12,0.08054830578560486,0.0287,290.28,290.28,298.09,0.0,0.6573761261261263,0.6428571428571429,0.11735808167362496,0.028505701140228046,0.46871466873405043,medium,1.0
58716165,0,0.6972,12,0.08922195443763288,0.0287,248.46,248.46,255.55,0.0,0.5737612612612614,0.6428571428571429,0.12999550787508105,0.028505701140228046,0.40116936395645575,medium,1.0
509330072,0,0.6593,8,0.01653867487623017,0.0287,250.19,250.19,258.57,0.0,0.520411036036036,0.35714285714285715,0.024096638969172326,0.028505701140228046,0.40396356236069386,high,1.0
"[1460572597, 511573103]",0,0.6962,6,0.17604548825706823,0.3612,239.54,244.51,239.54,0.0,0.5723536036036037,0.21428571428571427,0.2564965970028027,0.3610722144428886,0.38676228316697353,high,1.0
25654281,9,0.6233,8,0.1333792600924534,0.3282,226.89,235.08,226.89,0.06569343065693431,0.46973536036036034,0.35714285714285715,0.19433229552412384,0.32806561312262456,0.36633071680072354,high,0.9998
531680120,0,0.8417,8,0.04041646409475498,0.0127,238.63,406.53,238.63,0.0,0.7771677927927929,0.35714285714285715,0.058886357945450725,0.012502500500100018,0.3852925025034725,medium,0.8269
23174179,0,0.6295,12,0.17982463339112814,0.2437,219.95,415.73,219.95,0.0,0.4784628378378378,0.6428571428571429,0.2620027766570947,0.24354870974194837,0.3551216203120457,medium,0.9987
531680120,0,0.8417,8,0.04041646409475498,0.0127,238.63,406.53,238.63,0.0,0.7771677927927929,0.35714285714285715,0.058886357945450725,0.012502500500100018,0.3852925025034725,medium,0.8269
"[23174179, 833033582]",0,0.8351,12,0.10237216681564498,0.4994,246.29,404.28,246.29,0.0,0.7678772522522521,0.6428571428571429,0.14915524619601772,0.49929985997199444,0.39766450237426104,low,0.9999
10074851,0,0.684,10,0.16877424264853816,0.0073,102.48,107.65,102.48,0.0,0.5551801801801802,0.5,0.24590245911955155,0.007101420284056812,0.16539070323351748,medium,0.9892
395164398,0,0.6924,8,0.09914854610764413,0.0081,112.3,144.21,112.3,0.0,0.5670045045045046,0.35714285714285715,0.14445846051409814,0.007901580316063212,0.18125141325063798,high,0.7784
10074851,0,0.7407,10,0.13454297569521506,0.0081,84.39,244.82,84.39,0.0,0.6349943693693695,0.5,0.19602781843949404,0.007901580316063212,0.1361727557579869,medium,1.0
395164398,0,0.6924,8,0.09914854610764409,0.0081,112.3,144.21,112.3,0.0,0.5670045045045046,0.35714285714285715,0.14445846051409808,0.007901580316063212,0.18125141325063798,high,0.7784
22815086,0,0.8256,10,0.006796870598740032,0.053,201.23,425.65,201.23,0.0,0.7545045045045047,0.5,0.009902919859161393,0.052810562112422486,0.3248861323771683,medium,0.9995
566876303,0,0.5534,10,0.12246423150906414,0.0207,180.0,334.06,180.0,0.0,0.3713400900900901,0.5,0.17842919940584684,0.020504100820164035,0.2905966340407662,high,0.9998
482768614,0,0.863,12,0.04445048423728653,0.5,44.99,50.52,44.99,0.0,0.8071509009009009,0.6428571428571429,0.06476388813967988,0.4998999799959992,0.07253609845915303,low,1.0
"[17278803, 482768614]",0,0.8871,9,0.010964124163542711,0.3809,44.74,47.09,44.74,0.0,0.8410754504504504,0.42857142857142855,0.01597456992255601,0.38077615523104624,0.07213231256258683,low,1.0
566876303,0,0.632,12,0.12251388928928948,0.3809,54.62,64.85,54.62,0.0,0.481981981981982,0.6428571428571429,0.1785015503342856,0.38077615523104624,0.08808993119488323,low,0.9999
17278816,0,0.6974,7,0.12616443862866727,0.3275,237.12,241.02,237.12,0.0,0.5740427927927928,0.2857142857142857,0.18382036710009667,0.32736547309461894,0.3828536356882127,high,1.0
482768614,0,0.9141,11,0.016432526259425304,0.4355,156.01,158.22,156.01,0.0,0.8790822072072074,0.5714285714285714,0.02394198141211939,0.4353870774154831,0.2518493394062732,low,1.0
482768615,0,0.7257,8,0.06697728478232924,0.5,221.93,223.04,221.93,0.0,0.6138795045045046,0.35714285714285715,0.09758522906133865,0.4998999799959992,0.35831960461285006,medium,0.9999
"[484940168, 1377872273, 388339778]",0,0.9024,6,0.04005114780961275,0.5,196.02,205.04,196.02,0.0,0.8626126126126127,0.21428571428571427,0.058354095482571776,0.4998999799959992,0.3164712342927286,medium,1.0
482764863,0,1.0,7,0.00739488315448452,0.5,46.43,46.43,48.34,0.0,1.0,0.2857142857142857,0.010774218645168603,0.4998999799959992,0.07486190522337437,low,1.0
"[482764866, 482764862]",0,0.7655,6,0.0511015749518724,0.5,15.7,15.7,25.41,0.0,0.6699042792792793,0.21428571428571427,0.07445446605409839,0.4998999799959992,0.02522854281745647,medium,0.9876
482765892,0,0.748,6,0.07692415138806392,0.4866,112.81,112.81,113.9,0.0,0.6452702702702703,0.21428571428571427,0.11207772209497206,0.48649729945989195,0.18207513647963305,medium,0.9999
10074854,0,0.6028,12,0.19101272793637605,0.1238,139.29,142.73,139.29,0.0,0.4408783783783784,0.6428571428571429,0.27830372736685455,0.12362472494498898,0.2248441386439254,medium,0.9998
131929959,0,0.8164,12,0.01688248545416916,0.5648,11.91,11.91,16.43,0.0,0.7415540540540541,0.6428571428571429,0.024597567814724313,0.5647129425885177,0.01910714862551281,low,1.0
131929959,0,0.6235,10,0.06044025322458176,0.5,171.1,171.1,172.26,0.0,0.470016891891892,0.5,0.08806083428794562,0.4998999799959992,0.2762218561230093,medium,0.9999
1298327177,0,0.8355,11,0.019552511547413186,0.5,185.73,185.73,188.08,0.0,0.7684403153153154,0.5714285714285714,0.02848777124156522,0.4998999799959992,0.2998514067900636,low,1.0
23023281,0,0.6135,12,0.1548442204886323,0.5,225.07,225.07,225.27,0.0,0.45594031531531537,0.6428571428571429,0.22560654512846576,0.4998999799959992,0.3633911554737216,medium,1.0
1298327177,0,0.5355,12,0.08198792936473231,0.5,245.77,245.77,248.12,0.0,0.346143018018018,0.6428571428571429,0.1194555999694399,0.4998999799959992,0.39682462770940335,medium,1.0
1380063211,0,1.0,8,0.13528361619221876,0.4802,260.11,269.62,260.11,0.0,1.0,0.35714285714285715,0.19710692482230857,0.4800960192038408,0.41998578673644094,medium,1.0
"[4247636, 4247638]",0,0.648,12,0.13746234087308065,0.5,176.12,177.18,176.12,0.0,0.5045045045045046,0.6428571428571429,0.20028130661620858,0.4998999799959992,0.2843298769260587,medium,0.9022
4247638,0,0.6594,12,0.13528361619221876,0.4802,161.98,169.96,161.98,0.0,0.5205518018018018,0.6428571428571429,0.19710692482230857,0.4800960192038408,0.26149174661627417,low,0.5426
4264830,0,0.7583,12,0.07942594061956879,0.007,89.27,94.77,89.27,0.0,0.6597691441441441,0.6428571428571429,0.11572280596372525,0.006801360272054411,0.1440546564589592,low,0.9973
4264830,0,0.7299,12,0.08185327817004882,0.1915,188.15,195.72,188.15,0.0,0.6197916666666667,0.6428571428571429,0.11925941441892735,0.1913382676535307,0.3037600542688245,medium,0.9369
58716164,0,0.7198,12,0.12305021059530771,0.0792,176.87,176.87,183.25,0.0,0.6055743243243243,0.6428571428571429,0.17928296553761983,0.07901580316063213,0.2855412346157573,medium,1.0
22815086,0,0.8673,12,0.0398281873916154,0.1574,360.83,360.83,365.84,0.0,0.8132038288288288,0.6428571428571429,0.05802924420702139,0.15723144628925786,0.5826630487450335,medium,1.0
10074847,0,0.6178,12,0.20002611342153964,0.0502,255.31,265.89,255.31,0.0,0.46199324324324326,0.6428571428571429,0.2914361470052033,0.05001000200040008,0.41223309752236975,high,0.9988
22815086,0,0.7119,12,0.1549065956335869,0.153,288.2,288.2,290.56,0.0,0.5944538288288288,0.6428571428571429,0.22569742514018779,0.15283056611322263,0.46535517007461963,medium,0.9888
4264831,0,0.6673,12,0.14204887505912928,0.2852,81.04,86.14,81.04,0.0,0.5316722972972974,0.6428571428571429,0.2069638446831722,0.28505701140228046,0.13076202474399976,low,0.9486
25975781,0,0.8001,12,0.059297528320795705,0.5,18.07,18.07,20.46,0.0,0.7186092342342343,0.6428571428571429,0.08639589462765793,0.4998999799959992,0.029056433116904097,low,1.0
25975781,0,0.7491,11,0.0841407753426863,0.4979,109.8,109.8,111.11,0.0,0.6468186936936937,0.5714285714285714,0.12259227673154666,0.49779955991198244,0.17721355428497593,low,1.0
25975781,0,0.7491,11,0.0841407753426863,0.4979,109.8,109.8,111.11,0.0,0.6468186936936937,0.5714285714285714,0.12259227673154666,0.49779955991198244,0.17721355428497593,low,1.0
"[1064395416, 25975781, 1064395415]",0,0.6143,11,0.042954955865199915,0.3285,157.29,157.29,157.96,0.0,0.4570664414414414,0.5714285714285714,0.06258491707540818,0.32836567313462695,0.2539167231966922,medium,0.9965
4259842,0,0.8815,10,0.02175171108994141,0.5,74.75,74.75,76.66,0.0,0.8331925675675674,0.5,0.03169198472033902,0.4998999799959992,0.12060277158639404,low,1.0
"[1072612936, 1064395417, 1067663276, 388339797]",0,0.7712,11,0.04661349286204047,0.2887,9.9,9.9,12.47,0.0,0.677927927927928,0.5714285714285714,0.06791537178457593,0.28855771154230847,0.015860710017120524,low,1.0
2495383,0,0.8574,10,0.025437975172714115,0.5,101.57,101.57,102.9,0.0,0.7992680180180183,0.5,0.03706283753834267,0.4998999799959992,0.16392092257001648,low,1.0
"[1377865001, 460424732]",0,0.7666,8,0.06310455108406625,0.5,114.15,114.15,120.96,0.0,0.6714527027027026,0.35714285714285715,0.09194269173095607,0.4998999799959992,0.1842394288852279,medium,0.9848
"[460425289, 482771660]",0,0.6241,10,0.11418564350704058,0.5,84.51,85.61,84.51,0.0,0.4708614864864865,0.5,0.16636737293292753,0.4998999799959992,0.13636657298833868,medium,0.9819
"[6270625, 388339795, 246017143]",0,0.8758,9,0.004875023652070202,0.5,13.74,13.74,17.76,0.0,0.8251689189189191,0.42857142857142855,0.00710280655812804,0.4998999799959992,0.022062861388377427,low,1.0
"[241169593, 47034327]",0,0.7116,10,0.1070989525920958,0.5,56.37,56.37,58.47,0.0,0.5940315315315315,0.5,0.15604212953847624,0.4998999799959992,0.09091643247084666,low,0.9998
"[460425289, 482771660]",0,0.6241,10,0.11418564350704057,0.5,84.51,85.61,84.51,0.0,0.4708614864864865,0.5,0.16636737293292753,0.4998999799959992,0.13636657298833868,medium,0.9819
4264830,0,0.7335,8,0.04347039516041972,0.1877,444.65,507.63,444.65,0.0,0.6248592342342343,0.35714285714285715,0.06333590738133299,0.1875375075015003,0.7180443841457506,high,1.0
17981557,0,0.8894,6,0.04489869302846616,0.5,62.78,72.54,62.78,0.0,0.844313063063063,0.21428571428571427,0.065416924220413,0.4998999799959992,0.10126950285880415,low,0.7193
2576387,0,0.7944,6,0.14637707715874299,0.2091,57.38,57.38,76.47,0.0,0.7105855855855856,0.21428571428571427,0.21326999527944596,0.20894178835767152,0.09254772749297413,medium,0.886
422323614,1,0.7885,10,0.03565875393495297,0.5,90.6,90.6,90.65,0.0072992700729927005,0.7022804054054054,0.5,0.051954418061263975,0.4998999799959992,0.1462027974286914,low,1.0
"[3754855, 562832542, 109612287]",2,0.9605,9,0.03565875393495297,0.4851,77.87,77.87,81.62,0.014598540145985401,0.9443975225225227,0.42857142857142855,0.051954418061263975,0.48499699939987995,0.12564201957554028,low,1.0
"[627472867, 1065201829, 670642182, 552492779, 582946704, 1052870931, 1052870932, 517613525]",22,0.7675,11,0.08031233150329513,0.4528,9.28,9.28,15.03,0.16058394160583941,0.6727195945945946,0.5714285714285714,0.11701426931762948,0.4526905381076215,0.014859320993636333,low,1.0
230242294,0,1.0,10,0.021107556964991225,0.1025,212.74,212.95,212.74,0.0,1.0,0.5,0.030753458092964266,0.10232046409281854,0.3434764350550764,low,0.9987
564174523,4,0.9648,8,0.021107556964991225,0.1025,186.23,186.23,186.32,0.029197080291970802,0.9504504504504506,0.35714285714285715,0.030753458092964266,0.10232046409281854,0.300658978583196,medium,0.998
2427982,0,0.843,10,0.07830193792971059,0.1868,81.44,81.44,91.01,0.0,0.7789977477477477,0.5,0.11408514439669833,0.18663732746549308,0.13140808217850566,low,0.9992
570393675,0,0.9481,8,0.029546621081255768,0.1762,139.76,139.76,147.93,0.0,0.9269425675675678,0.35714285714285715,0.04304909678634314,0.17603520704140826,0.22560325612946988,medium,0.7412
"[250324165, 23180914, 23180916, 572499061]",0,0.7647,8,0.09309143587959967,0.5518,138.25,138.25,143.83,0.0,0.6687781531531533,0.35714285714285715,0.13563330669799342,0.5517103420684136,0.22316438931421,medium,0.9999
27890698,0,1.0,8,0.13375742018631104,0.3097,187.96,205.32,187.96,0.0,1.0,0.35714285714285715,0.19488327129800928,0.3095619123824765,0.3034531769874342,medium,1.0
110415718,0,0.7128,8,0.13375742018631104,0.5405,200.65,217.94,200.65,0.0,0.5957207207207207,0.35714285714285715,0.19488327129800928,0.5404080816163233,0.32394934909713474,medium,0.9931
110415718,0,0.7113,12,0.12227368529082082,0.5405,125.8,141.1,125.8,0.0,0.5936092342342343,0.6428571428571429,0.17815157532080236,0.5404080816163233,0.20305585166521303,low,1.0
2558885,0,0.8428,8,0.1028473634182572,0.3097,207.78,221.51,207.78,0.0,0.7787162162162162,0.35714285714285715,0.14984760326944963,0.3095619123824765,0.3354653228672029,medium,0.9999
259656293,0,1.0,8,0.1028473634182572,0.3097,201.09,213.28,201.09,0.0,1.0,0.35714285714285715,0.14984760326944963,0.3095619123824765,0.3246600122750912,medium,0.9998
2558885,0,0.822,12,0.07014105518362757,0.3074,253.15,253.15,254.09,0.0,0.749436936936937,0.6428571428571429,0.10219481339761567,0.3072614522904581,0.40874438737603774,low,0.9487
"[581735920, 1482102868]",31,0.4449,10,0.13933263061295212,0.9051,45.56,45.56,47.67,0.22627737226277372,0.21860923423423426,0.5,0.20300630154178004,0.9050810162032407,0.07345673030332397,low,1.0
"[1065201853, 841715182]",1,0.4239,9,0.14402222747266424,0.8093,5.59,5.59,11.13,0.0072992700729927005,0.1890484234234234,0.42857142857142855,0.20983900097506125,0.8092618523704741,0.008899441160319153,medium,0.9998
27474073,0,0.6981,8,0.16922026631004153,0.1281,267.14,267.14,275.84,0.0,0.5750281531531533,0.35714285714285715,0.24655231148647147,0.1279255851170234,0.4313402461478826,high,1.0
"[971500065, 886593635, 886590026, 896847185, 657134491]",2,0.8399,6,0.006819637175759795,0.9482,51.92,51.92,168.09,0.014598540145985401,0.7746340090090091,0.21428571428571427,0.009936090552198368,0.9481896379275856,0.08372904351196822,low,1.0
"[1264780819, 1482101909]",3,0.7402,6,0.006819637175759795,0.9332,56.33,56.33,179.47,0.021897810218978103,0.6342905405405406,0.21428571428571427,0.009936090552198368,0.9331866373274655,0.09085182672739607,low,1.0
609054981,0,0.4735,6,0.23396929357337484,0.2943,133.54,275.51,133.54,0.0,0.2588682432432432,0.21428571428571427,0.34089104786878055,0.29415883176635327,0.2155570630229027,high,1.0
"[609056649, 992553386]",0,0.5745,6,0.21154374958406305,0.2508,135.93,139.42,135.93,0.0,0.4010416666666667,0.21428571428571427,0.308217236816246,0.2506501300260052,0.21941725619407565,high,1.0
1256523637,2,1.0,10,0.04352671994181419,0.7902,98.81,98.81,99.36,0.014598540145985401,1.0,0.5,0.0634179720690719,0.7901580316063213,0.15946312627192558,low,1.0
"[609061152, 609061151]",4,0.6354,8,0.025860030535343456,0.5,93.99,93.99,97.78,0.029197080291970802,0.486768018018018,0.35714285714285715,0.03767776831455182,0.4998999799959992,0.15167813418612913,medium,0.9986
210336731,0,0.9382,9,0.0028692025260099946,0.3637,53.23,53.23,54.82,0.0,0.9130067567567569,0.42857142857142855,0.00418034365112747,0.3635727145429086,0.08584488160997512,low,1.0
210336727,0,0.7695,8,0.013326886430518,0.5185,69.44,69.53,69.44,0.0,0.6755349099099099,0.35714285714285715,0.019417092784431877,0.5184036807361472,0.11202635914332784,low,0.9999
38732676,0,0.7854,8,0.14730129469862757,0.0671,417.11,424.53,417.11,0.0,0.6979166666666667,0.35714285714285715,0.21461657172298818,0.06691338267653531,0.6735633297800175,high,1.0
628446081,0,0.6909,9,0.09194948611959629,0.5,113.97,113.97,173.82,0.0,0.564893018018018,0.42857142857142855,0.13396949641505798,0.4998999799959992,0.18394870303970023,medium,0.999
"[250328433, 250328427]",0,0.6644,9,0.06342480959696162,0.3329,127.52,127.52,128.96,0.0,0.5275900900900901,0.42857142857142855,0.09240930543465468,0.3327665533106621,0.20583389863358853,medium,1.0
1489265999,0,0.5849,5,0.16155492309663616,0.5,51.22,137.0,51.22,0.0,0.4156813063063063,0.14285714285714285,0.23538397702256708,0.4998999799959992,0.08259844300158284,high,1.0
"[840274114, 840274117]",9,0.5873,6,0.14034093941715686,0.7676,26.72,136.72,26.72,0.06569343065693431,0.41905968468468474,0.21428571428571427,0.20447539818295382,0.7675535107021404,0.04302742513809478,medium,1.0
37329807,1,0.3846,8,0.24816263855346135,0.7689,39.59,161.52,39.59,0.0072992700729927005,0.13372747747747746,0.35714285714285715,0.3615706207836589,0.7688537707541508,0.06381432309332301,high,0.9867
630490578,0,0.8144,8,0.07450985792136362,0.0445,267.13,274.81,267.13,0.0,0.7387387387387387,0.35714285714285715,0.10856011874970065,0.04430886177235447,0.43132409471201993,high,0.9974
76371089,0,0.3482,6,0.29715136307909074,0.5,185.89,185.89,197.69,0.0,0.08248873873873873,0.21428571428571427,0.4329467412299662,0.4998999799959992,0.30010982976386597,high,1.0
4340873,0,0.7616,7,0.07781995055503346,0.251,177.61,434.44,177.61,0.0,0.6644144144144145,0.2857142857142857,0.11338289323091108,0.25085017003400684,0.2867364408695933,medium,0.6729
4340872,0,0.5963,11,0.14224933675007703,0.5,71.7,347.1,71.7,0.0,0.4317286036036037,0.5714285714285714,0.20725591552062525,0.4998999799959992,0.11567658364828634,medium,0.6527
1065218300,0,0.5175,11,0.14939195690705515,0.458,78.57,297.85,78.57,0.0,0.3208051801801801,0.5714285714285714,0.21766264730560925,0.4578915783156632,0.12677262008592563,medium,1.0
1065218300,0,0.5466,11,0.15046168936284657,0.6713,43.9,419.64,43.9,0.0,0.361768018018018,0.5714285714285714,0.21922123764143125,0.6712342468493699,0.07077559195012437,low,0.9932
4253740,0,0.7377,8,0.195118523853141,0.0666,79.01,343.78,79.01,0.0,0.6307713963963965,0.35714285714285715,0.28428583420308484,0.0664132826565313,0.12748328326388217,high,0.8711
586457933,0,0.8823,12,0.008827417981481471,0.5,141.77,141.77,174.49,0.0,0.8343186936936938,0.6428571428571429,0.012861408694416996,0.4998999799959992,0.2288496947378622,low,1.0
7742915,0,0.781,12,0.015409900794503986,0.5,149.7,149.7,183.28,0.0,0.691722972972973,0.6428571428571429,0.022452025528138412,0.4998999799959992,0.2416577833769422,low,1.0
586457933,0,0.7488,12,0.08111287861080498,0.5,208.01,208.01,222.33,0.0,0.6463963963963965,0.6428571428571429,0.11818065908020989,0.4998999799959992,0.3358368058920438,low,0.9999
673408361,0,0.8576,8,0.13259143800224377,0.1319,240.6,240.6,429.5,0.0,0.7995495495495497,0.35714285714285715,0.1931844459945521,0.1317263452690538,0.38847433536841425,high,0.9383
4707370,0,0.7276,8,0.16895445548989138,0.0735,113.4,113.4,307.87,0.0,0.6165540540540542,0.35714285714285715,0.24616502756963785,0.07331466293258651,0.1830280711955293,high,0.9739
"[1065218274, 679330694]",0,0.8859,10,0.0017542364026156393,0.2053,98.72,98.72,99.47,0.0,0.8393862612612615,0.5,0.0025558482782113427,0.20514102820564112,0.15931776334916176,low,1.0
197476948,2,0.9908,11,0.003317547569031403,0.1014,55.58,55.58,56.55,0.014598540145985401,0.9870495495495497,0.5714285714285714,0.004833578249539169,0.10122024404880976,0.08964046903769746,low,1.0
679330695,17,0.7404,9,0.09607734715781997,0.1178,11.66,11.66,13.94,0.12408759124087591,0.634572072072072,0.42857142857142855,0.1399837519300333,0.11762352470494099,0.018703362728946602,low,0.9317
4607885,0,0.8085,10,0.058333000085672784,0.3633,97.64,105.0,97.64,0.0,0.7304335585585585,0.5,0.08499058587241609,0.3631726345269054,0.15757340827599575,low,1.0
679330695,1,0.9596,7,0.005944138834513599,0.234,18.55,18.55,23.1,0.0072992700729927005,0.9431306306306306,0.2857142857142857,0.00866049753236708,0.23384676935387078,0.02983170203831121,low,1.0
"[679330697, 1209438647]",0,0.9388,6,0.0017542364026156393,0.5,49.99,49.99,51.09,0.0,0.9138513513513514,0.21428571428571427,0.0025558482782113427,0.4998999799959992,0.08061181639047713,low,1.0
679330700,18,0.8132,8,0.005944138834513599,0.133,15.0,15.0,20.92,0.13138686131386862,0.7370495495495497,0.35714285714285715,0.00866049753236708,0.1328265653130626,0.0240979423070711,low,1.0
"[18017473, 686204225, 686188420, 685541830, 228479564, 686188432]",0,1.0,12,0.003034790503458198,0.5,77.46,77.46,78.85,0.0,1.0,0.6428571428571429,0.0044216038091995594,0.4998999799959992,0.12497981070517168,low,1.0
"[43585216, 969804220]",0,0.9725,11,0.003034790503458198,0.5,98.23,106.79,98.23,0.0,0.9612894144144146,0.5714285714285714,0.0044216038091995594,0.4998999799959992,0.158526342991892,low,1.0
"[401508456, 43585219, 688133748, 685338940]",0,0.8138,11,0.05079236012566341,0.6158,97.14,97.14,112.05,0.0,0.7378941441441442,0.5714285714285714,0.07400394290018918,0.6157231446289259,0.15676583648286332,low,1.0
685336980,0,0.838,10,0.004777873084586676,0.4946,73.47,79.06,73.47,0.0,0.7719594594594595,0.5,0.00696125907606401,0.494498899779956,0.11853538779597507,low,1.0
1031053442,0,0.8247,7,0.032411858180181434,0.5683,83.65,89.22,83.65,0.0,0.7532376126126126,0.2857142857142857,0.04722372085056333,0.5682136427285458,0.13497754950415095,low,0.9871
194329112,0,0.5432,11,0.049328118985974605,0.5162,63.77,69.0,63.77,0.0,0.356981981981982,0.5714285714285714,0.07187055704536478,0.5161032206441288,0.10286849500920633,low,0.9997
"[1028658850, 1173531367, 233333808, 605424626, 685336982]",0,0.6494,10,0.16307103697556513,0.325,30.42,30.42,35.94,0.0,0.5064752252252253,0.5,0.23759294098071498,0.32486497299459893,0.04900345640727461,medium,0.9996
685336983,0,0.7467,11,0.04168843312188874,0.4411,74.26,81.09,74.26,0.0,0.6434403153153154,0.5714285714285714,0.060739605103113985,0.4409881976395279,0.11981135122912429,low,1.0
685336984,0,0.9799,8,0.04168843312188874,0.5,83.68,90.33,83.68,0.0,0.971706081081081,0.35714285714285715,0.060739605103113985,0.4998999799959992,0.13502600381173888,low,1.0
"[43585216, 969804220]",0,0.9725,11,0.0030347905034581986,0.5,98.23,106.79,98.23,0.0,0.9612894144144146,0.5714285714285714,0.00442160380919956,0.4998999799959992,0.158526342991892,low,1.0
43585214,0,0.9819,7,0.04686050843708309,0.0179,97.52,102.72,97.52,0.0,0.9745213963963963,0.2857142857142857,0.0682752712023926,0.01770354070814163,0.15737959104564395,medium,0.9998
2428027,0,0.7112,9,0.12386849430295552,0.3975,101.08,101.08,110.09,0.0,0.5934684684684686,0.42857142857142855,0.18047519736324663,0.3973794758951791,0.16312950221274672,medium,1.0
30692658,0,0.7292,8,0.10922797656805038,0.3975,47.19,47.19,51.55,0.0,0.6188063063063063,0.35714285714285715,0.15914409786307115,0.3973794758951791,0.07608941434893562,medium,0.9998
2467171,1,0.7087,9,0.03437139502861454,0.7009,31.73,31.73,105.92,0.0072992700729927005,0.5899493243243243,0.42857142857142855,0.05007874799134072,0.7008401680336067,0.05111929450528152,low,1.0
1256523633,9,0.456,9,0.15245156114110103,0.5,20.77,20.77,118.95,0.06569343065693431,0.23423423423423426,0.42857142857142855,0.2221204624955728,0.4998999799959992,0.03341732079981911,medium,1.0
888020115,1,0.4412,9,0.06274176418407669,0.2269,45.56,45.56,154.61,0.0072992700729927005,0.21340090090090086,0.42857142857142855,0.09141411455894886,0.22674534906981395,0.07345673030332397,medium,0.9961
"[888020120, 1176717545, 1176717544, 293598611]",0,0.4571,10,0.21806434875569247,0.3432,83.36,83.36,117.64,0.0,0.23578265765765766,0.5,0.31771768975440773,0.34306861372274455,0.13450915786413412,high,0.9676
896847182,6,0.5401,8,0.11557008387363667,0.4858,34.86,34.86,166.49,0.043795620437956206,0.35261824324324326,0.35714285714285715,0.1683844897963232,0.4856971394278856,0.056174693930290405,medium,1.0
"[217063331, 886590029]",13,0.8113,8,0.0010137571182646636,0.7426,23.91,23.91,198.51,0.0948905109489051,0.7343750000000001,0.35714285714285715,0.0014769767807470678,0.7425485097019404,0.03848887166069064,low,1.0
"[1069111991, 657134509, 3076852, 693294644, 780411383, 1168157113, 1168157114]",12,0.7516,11,0.022680781236837942,0.6396,36.54,36.54,152.1,0.08759124087591241,0.6503378378378379,0.5714285714285714,0.03304563136760501,0.6395279055811162,0.0588881351552153,low,1.0
894935973,1,0.9021,6,0.006819637175759795,0.5,65.27,65.27,156.87,0.0072992700729927005,0.8621903153153154,0.21428571428571427,0.009936090552198368,0.4998999799959992,0.10529121038860355,low,0.999
699301056,0,0.9836,10,0.2291307122726345,0.5,166.53,173.34,166.53,0.0,0.9769144144144144,0.5,0.33384127947707215,0.4998999799959992,0.2688406499337791,low,0.9134
"[939332803, 699301052]",0,0.5938,7,0.1398827820767301,0.5,169.8,177.24,169.8,0.0,0.4282094594594595,0.2857142857142857,0.20380786715759408,0.4998999799959992,0.2741221694608651,high,0.9998
699301066,0,0.5437,8,0.2291307122726345,0.5,157.71,164.28,157.71,0.0,0.35768581081081074,0.35714285714285715,0.33384127947707215,0.4998999799959992,0.2545950835029234,high,1.0
"[1267830816, 945304577, 201787032, 1267830815]",0,0.473,10,0.18529701827310405,0.4319,150.92,154.56,150.92,0.0,0.2581644144144144,0.5,0.26997599102931447,0.4317863572714543,0.24362825855218526,high,0.97
5832085,0,0.7995,9,0.09205971460519569,0.5,486.84,486.84,497.33,0.0,0.7177646396396398,0.42857142857142855,0.13413009830336886,0.4998999799959992,0.7861872920502633,high,1.0
"[8117313, 1377259873]",0,0.5736,13,0.09271526670095667,0.3005,193.88,193.88,199.77,0.0,0.3997747747747748,0.7142857142857143,0.1350852316692393,0.3003600720144029,0.3130148270181219,medium,0.9986
8117313,0,0.5681,11,0.10254103437796382,0.5,181.97,181.97,198.21,0.0,0.3920326576576577,0.5714285714285714,0.14940128467904126,0.4998999799959992,0.2937784669057079,medium,1.0
726583327,0,0.7571,7,0.039561902429571645,0.0153,195.91,579.83,195.91,0.0,0.658079954954955,0.2857142857142857,0.05764126946981565,0.015103020604120823,0.3162935684982395,high,0.997
4263197,0,0.6858,14,0.07270581346522008,0.366,151.62,323.14,151.62,0.0,0.557713963963964,0.7857142857142857,0.10593164259239983,0.36587317463492697,0.24475885906257067,low,1.0
"[25672360, 1301510517, 1301510518, 1065218293, 1065218294, 39939644]",0,0.6347,14,0.10598368545585786,0.4829,133.38,187.48,133.38,0.0,0.4857826576576577,0.7857142857142857,0.15441719559261932,0.4827965593118624,0.21529864004910035,low,1.0
"[1065218296, 1065218297, 1065218298, 1068540425]",0,0.6512,14,0.04433567687622723,0.4057,14.6,334.43,14.6,0.0,0.509009009009009,0.7857142857142857,0.06459661487199551,0.40558111622324466,0.023451884872565172,low,1.0
"[1065218296, 1065218295]",0,0.8862,14,0.00554251881712528,0.0815,107.39,252.45,107.39,0.0,0.8398085585585586,0.7857142857142857,0.00807534086596399,0.08131626325265053,0.17332105824207772,low,1.0
71245964,0,0.6994,9,0.05546449810522571,0.4039,76.31,76.31,77.34,0.0,0.5768581081081081,0.42857142857142855,0.08081120490588886,0.4037807561512302,0.12312239558096716,medium,0.617
746810979,0,0.5195,8,0.15788671432206736,0.0852,84.39,86.39,84.39,0.0,0.32362049549549543,0.35714285714285715,0.2300394306223266,0.08501700340068012,0.1361727557579869,high,1.0
27355342,0,0.5736,8,0.12712799290798624,0.5,279.74,279.74,279.92,0.0,0.3997747747747748,0.35714285714285715,0.1852242568107023,0.4998999799959992,0.4516910553348193,high,1.0
752165471,0,0.7018,9,0.1114490114144147,0.5079,232.74,248.12,232.74,0.0,0.5802364864864865,0.42857142857142855,0.1623801251784304,0.5078015603120625,0.3757793067803728,medium,0.9996
"[753621321, 198882134]",0,0.646,9,0.09963869470871622,0.3991,188.35,197.61,188.35,0.0,0.5016891891891893,0.42857142857142855,0.14517260251157774,0.39897979595919186,0.30408308298607745,medium,0.9981
"[1113492187, 201787030]",0,0.6554,8,0.11049254203745072,0.4771,152.81,160.21,152.81,0.0,0.5149211711711712,0.35714285714285715,0.16098655810530382,0.476995399079816,0.24668087993022578,medium,0.9982
52564620,0,0.5133,12,0.09819088710966914,0.5598,147.54,152.75,147.54,0.0,0.314893018018018,0.6428571428571429,0.14306316017411497,0.5597119423884777,0.23816907323061018,medium,0.9449
753620636,0,0.8138,10,0.04357907275008036,0.5,150.69,156.99,150.69,0.0,0.7378941441441442,0.5,0.06349424962854487,0.4998999799959992,0.24325677552734437,low,1.0
"[7742369, 1070356422, 1071583350, 1070356423]",0,0.477,12,0.19883966212572834,0.5,116.64,123.31,116.64,0.0,0.26379504504504503,0.6428571428571429,0.2897074983944562,0.4998999799959992,0.1882611364150273,medium,1.0
753622268,0,0.6208,10,0.055393859278432,0.3562,35.28,196.57,35.28,0.0,0.4662162162162163,0.5,0.08070828478583601,0.3560712142428486,0.056853054236521636,low,0.9768
753622269,20,0.6578,8,0.004913424634420351,0.0271,52.82,277.02,52.82,0.145985401459854,0.5182995495495496,0.35714285714285715,0.007158756435738076,0.02690538107621524,0.08518267273960656,medium,0.9999
199773279,9,0.7216,12,0.004913424634420351,0.2566,67.23,319.67,67.23,0.06569343065693431,0.6081081081081081,0.6428571428571429,0.007158756435738076,0.25645129025805163,0.1084568918176826,low,1.0
34022688,11,0.6608,12,0.09334293543372989,0.3249,122.81,347.38,122.81,0.08029197080291971,0.5225225225225226,0.6428571428571429,0.13599973923204314,0.32476495299059815,0.19822657234228125,low,0.9999
199773279,13,0.6632,12,0.00042502621892848846,0.5278,22.2,404.65,22.2,0.0948905109489051,0.5259009009009009,0.6428571428571429,0.0006192012826424506,0.5277055411082217,0.035726976128177795,low,1.0
753622268,0,0.7839,10,0.013198894180421342,0.26,112.11,117.82,112.11,0.0,0.6958051801801802,0.5,0.019230609254853284,0.25985197039407887,0.18094453596924767,low,0.9999
246017140,0,0.7039,7,0.058549336781642515,0.4761,60.59,60.59,63.87,0.0,0.5831925675675675,0.2857142857142857,0.08530578644597692,0.47599519903980797,0.09773233840488421,medium,1.0
199773279,9,0.8202,10,0.004913424634420351,0.2566,75.1,302.42,75.1,0.06569343065693431,0.7469031531531531,0.5,0.007158756435738076,0.25645129025805163,0.12116807184158672,low,1.0
4798900,26,0.564,8,0.11390539770006136,0.1753,48.52,277.12,48.52,0.1897810218978102,0.3862612612612612,0.35714285714285715,0.1659590573732306,0.1751350270054011,0.07823755531866784,medium,1.0
246801281,0,0.6976,12,0.11936202680337499,0.1409,296.13,296.13,302.8,0.0,0.5743243243243243,0.6428571428571429,0.1739093157210506,0.1407281456291258,0.4781632587136997,medium,0.9967
246801281,0,0.7842,12,0.06183356176564243,0.0735,297.19,301.58,297.19,0.0,0.6962274774774775,0.6428571428571429,0.09009087199986004,0.07331466293258651,0.4798753109151404,medium,1.0
770245071,0,1.0,8,0.11936202680337499,0.1409,280.53,280.53,280.99,0.0,1.0,0.35714285714285715,0.1739093157210506,0.1407281456291258,0.45296701876796847,medium,0.992
188429708,0,0.774,4,0.0016792048670068044,0.7282,46.6,47.31,46.6,0.0,0.6818693693693695,0.07142857142857142,0.0024465280218718298,0.7281456291258251,0.07513647963303939,medium,0.9993
75687497,0,0.8229,6,0.0894808236528493,0.0667,206.36,206.36,206.61,0.0,0.7507038288288288,0.21428571428571427,0.1303726779374586,0.0665133026605321,0.3331718189747069,high,1.0
332579402,0,0.7672,10,0.0718316252350491,0.4834,269.43,280.8,269.43,0.0,0.6722972972972974,0.5,0.10465795839233898,0.4832966593318664,0.435038924960429,medium,1.0
772274938,0,0.6847,8,0.10568325063986556,0.0476,291.36,302.86,291.36,0.0,0.5561655405405406,0.35714285714285715,0.15397946483273167,0.04740948189637928,0.4704590238072165,high,1.0
772274937,0,1.0,10,0.09750564859115067,0.4834,303.96,315.75,303.96,0.0,1.0,0.5,0.14206477396369963,0.4832966593318664,0.4908098329941532,low,0.6542
772274939,0,0.7147,8,0.09750564859115067,0.4834,284.78,296.49,284.78,0.0,0.5983952702702703,0.35714285714285715,0.14206477396369963,0.4832966593318664,0.4598313790095939,high,0.9296
17943467,2,0.5424,12,0.08106565549480223,0.1184,314.73,314.73,336.32,0.014598540145985401,0.35585585585585583,0.6428571428571429,0.11811185543512012,0.11822364472894578,0.5082049294182254,high,0.9786
4333534,2,0.6518,12,0.10944387957388295,0.0906,175.07,175.07,209.12,0.014598540145985401,0.5098536036036037,0.6428571428571429,0.15945866655409646,0.09041808361672334,0.28263397616048064,medium,1.0
"[775613849, 4471651, 775613847]",6,0.6637,12,0.16988561799089671,0.1184,428.4,428.4,437.28,0.043795620437956206,0.5266047297297297,0.6428571428571429,0.24752172275756973,0.11822364472894578,0.6917983008689472,high,1.0
4289839,0,0.7317,12,0.010483743141890258,0.0135,50.0,50.0,51.43,0.0,0.6223254504504505,0.6428571428571429,0.01527465919833115,0.01330266053210642,0.08062796782633977,low,1.0
"[393299900, 4289839]",0,0.7295,12,0.020948417404666807,0.1113,16.86,16.86,19.45,0.0,0.6192286036036037,0.6428571428571429,0.030521593219251426,0.11112222444488896,0.027102109377523664,low,1.0
4317514,0,0.7045,14,0.12456588272488177,0.0135,86.04,88.87,86.04,0.0,0.5840371621621622,0.7857142857142857,0.18149128587102614,0.01330266053210642,0.13883774267532384,low,1.0
779186343,0,1.0,8,0.1331821000540971,0.3202,577.53,590.21,577.53,0.0,1.0,0.35714285714285715,0.19404503516408825,0.3200640128025605,0.9326646638886196,high,1.0
8173114,1,0.7476,9,0.1235694553393036,0.5,93.71,93.71,100.84,0.0072992700729927005,0.6447072072072073,0.42857142857142855,0.18003950034736307,0.4998999799959992,0.151225893981975,medium,0.9286
782734819,0,0.7214,8,0.13350814938334288,0.5,90.59,93.06,90.59,0.0,0.6078265765765767,0.35714285714285715,0.1945200860338758,0.4998999799959992,0.14618664599282877,medium,1.0
"[30850336, 16649917]",0,0.7424,8,0.11553193973935925,0.3394,159.78,168.0,159.78,0.0,0.6373873873873873,0.35714285714285715,0.16832891414398957,0.33926785357071415,0.2579384307264916,medium,0.9988
8258987,0,0.7001,8,0.18218598283712575,0.4835,145.55,151.5,145.55,0.0,0.5778434684684685,0.35714285714285715,0.2654432410518182,0.48339667933586716,0.23495493749394322,medium,0.9674
386356201,0,0.7635,10,0.09091383735765814,0.3701,189.3,192.18,189.3,0.0,0.667088963963964,0.5,0.1324605657072684,0.3699739947989598,0.30561746939302903,medium,0.9998
797329175,0,0.7746,11,0.1182807235004454,0.4485,207.52,207.52,210.02,0.0,0.682713963963964,0.5714285714285714,0.1723338667675161,0.44838967793558715,0.33504538553477403,medium,0.9334
819273391,0,1.0,8,0.07862496087814604,0.4642,287.33,296.96,287.33,0.0,1.0,0.35714285714285715,0.11455578585751831,0.46409281856371276,0.46394999515456925,medium,1.0
16629512,0,0.9343,10,0.05064600651125798,0.5,69.41,69.41,76.34,0.0,0.9075168918918921,0.5,0.07379070703192138,0.4998999799959992,0.1119779048357399,low,1.0
"[166369924, 5044805, 5044806, 564115147, 825529979, 1272910831, 837464369, 1272910643, 837464375, 835624889, 835624890, 564115131, 1256019036, 1256019037]",4,0.7801,8,0.03940409364079679,0.3796,54.15,54.15,55.61,0.029197080291970802,0.6904560810810811,0.35714285714285715,0.05741134351799408,0.3794758951790358,0.08733081370933876,low,0.9931
363821070,0,0.9852,7,0.002508997694953697,0.5,54.21,54.21,61.01,0.0,0.9791666666666667,0.2857142857142857,0.003655528529775099,0.4998999799959992,0.08742772232451465,low,1.0
17981557,0,0.8894,6,0.044898693028466156,0.5,62.78,72.54,62.78,0.0,0.844313063063063,0.21428571428571427,0.065416924220413,0.4998999799959992,0.10126950285880415,low,0.7193
"[39188794, 25360213]",1,0.9002,9,0.002508997694953697,0.5,43.37,43.37,48.69,0.0072992700729927005,0.8595157657657659,0.42857142857142855,0.003655528529775099,0.4998999799959992,0.06991956584940401,low,1.0
"[1071583338, 39188796, 227382246]",2,1.0,8,0.002508997694953697,0.5,64.03,64.03,68.02,0.014598540145985401,1.0,0.35714285714285715,0.003655528529775099,0.4998999799959992,0.10328843234163518,low,1.0
8391790,0,0.7271,8,0.1264016241682245,0.2905,199.31,429.76,199.31,0.0,0.6158502252252253,0.35714285714285715,0.18416594424674604,0.29035807161432287,0.3217850566915399,high,0.8313
192656541,0,0.7976,8,0.057118908289543274,0.0798,8.25,532.8,8.25,0.0,0.7150900900900902,0.35714285714285715,0.08322166530727508,0.07961592318463692,0.013195723099783572,medium,0.9795
"[831378080, 23171827]",0,0.56,8,0.13910834167518524,0.7355,64.19,68.14,64.19,0.0,0.38063063063063074,0.35714285714285715,0.20267951462516115,0.7354470894178836,0.10354685531543754,medium,1.0
6005936,0,0.7335,9,0.19251776162988318,0.8714,214.23,214.23,216.02,0.0,0.6248592342342343,0.42857142857142855,0.2804965475968917,0.871374274854971,0.34588299899861097,medium,1.0
831386032,0,0.6398,8,0.1675719466322082,0.2301,177.72,177.72,178.11,0.0,0.49296171171171177,0.35714285714285715,0.24415072489693904,0.22994598919783957,0.2869141066640824,high,1.0
4254685,0,0.6649,7,0.14701670777745243,0.2026,126.49,434.72,126.49,0.0,0.528293918918919,0.2857142857142857,0.21420193119988956,0.20244048809761953,0.20417030073973577,high,0.9999
831783069,0,0.3925,9,0.25891028888419276,0.1729,128.74,429.77,128.74,0.0,0.14484797297297297,0.42857142857142855,0.3772298483293719,0.17273454690938186,0.2078043738088316,high,1.0
230851673,0,0.799,9,0.1246107825634006,0.9861,191.69,191.69,193.49,0.0,0.717060810810811,0.42857142857142855,0.18155670452221928,0.9860972194438887,0.30947766256420195,low,0.9998
975128883,0,0.7559,7,0.05824531529796954,1.0,18.69,18.69,100.57,0.0,0.6563907657657658,0.2857142857142857,0.08486282994431182,1.0,0.030057822140388286,low,1.0
"[840276312, 578170386, 841715180, 1065201847]",37,0.6829,9,0.06103311971293227,0.5861,2.45,2.45,9.66,0.27007299270072993,0.5536317567567567,0.42857142857142855,0.08892463530115523,0.5860172034406881,0.0038278902994476212,low,1.0
"[840276313, 1065201855]",50,0.8915,9,0.01045562440522684,1.0,47.09,47.09,56.56,0.36496350364963503,0.8472691441441441,0.42857142857142855,0.015233690457986906,1.0,0.07592789999030915,low,1.0
2418032,0,0.7082,12,0.10104044898291796,0.4541,378.61,378.61,387.01,0.0,0.5892454954954957,0.6428571428571429,0.14721494557889325,0.45399079815963195,0.611380301708822,medium,0.9999
2513470,6,0.7642,16,0.13682895719344731,0.5,380.89,384.28,380.89,0.043795620437956206,0.6680743243243243,0.9285714285714286,0.19935847242846436,0.4998999799959992,0.6150628290855057,low,1.0
"[901462433, 851330434, 250754903, 250754905, 851330429]",0,0.7389,14,0.031390913107438564,0.5,389.63,389.63,389.68,0.0,0.6324605855855856,0.7857142857142857,0.045736213282509895,0.4998999799959992,0.6291791840294603,low,0.9925
"[901462432, 901462425, 901462423, 901462424, 250754905, 901462427, 901462428]",0,0.7448,13,0.00022187986403226725,0.5,439.71,439.71,447.8,0.0,0.6407657657657658,0.7142857142857143,0.00032321891454231537,0.4998999799959992,0.7100655748296023,medium,0.9943
"[851786603, 1255793043]",0,0.8836,7,0.11388849006208762,0.5,277.14,416.58,277.14,0.0,0.8361486486486489,0.2857142857142857,0.1659344231004227,0.4998999799959992,0.44749168201053074,medium,0.9649
851786599,0,0.8815,8,0.06512840576636336,0.5,242.6,479.66,242.6,0.0,0.8331925675675674,0.35714285714285715,0.09489142936330425,0.4998999799959992,0.39170462254094385,medium,1.0
266640846,0,0.8226,8,0.08667027594657296,0.5,198.38,418.44,198.38,0.0,0.7502815315315315,0.35714285714285715,0.1262777358146376,0.4998999799959992,0.3202829731563136,medium,1.0
851786606,0,0.8697,8,0.11772566384430547,0.5,286.84,428.64,286.84,0.0,0.8165822072072074,0.35714285714285715,0.1715251499606353,0.4998999799959992,0.4631585747972995,medium,0.9991
"[1211612192, 1211612193, 854240675]",1,0.5072,12,0.1949687537825873,0.4268,62.44,70.74,62.44,0.0072992700729927005,0.3063063063063063,0.6428571428571429,0.2840676205896747,0.4266853370674135,0.10072035403947412,medium,0.9999
"[1071583341, 1071583342, 1071583343]",34,0.655,12,0.10734195968231072,0.5,58.56,58.56,59.08,0.24817518248175183,0.5143581081081081,0.6428571428571429,0.15639618863081722,0.4998999799959992,0.09445359692476663,low,1.0
"[1478889576, 1070356413, 1478889575]",7,0.6557,14,0.08877763965219825,0.5,109.66,109.66,110.66,0.051094890510948905,0.5153434684684685,0.7857142857142857,0.12934814532485447,0.4998999799959992,0.17698743418289886,low,1.0
30733077,1,0.7652,10,0.052456531116325276,0.0037,79.93,79.93,80.17,0.0072992700729927005,0.669481981981982,0.5,0.07642862470652174,0.0035007001400280055,0.12896921536324582,medium,0.9744
"[30733075, 230242295]",11,0.7461,8,0.021107556964991225,0.1025,149.09,149.5,149.09,0.08029197080291971,0.6425957207207207,0.35714285714285715,0.030753458092964266,0.10232046409281854,0.24067254578932065,medium,1.0
8402484,0,0.9059,12,0.06307872723870679,0.5,169.41,700.58,169.41,0.0,0.8675394144144146,0.6428571428571429,0.09190506662610569,0.4998999799959992,0.2734922634622218,low,1.0
8402484,0,0.8283,10,0.0359263762615519,0.0035,164.37,782.03,164.37,0.0,0.7583051801801802,0.5,0.05234434132630943,0.0033006601320264054,0.2653519397874471,medium,0.9997
"[51175588, 681002367]",0,0.8837,12,0.06732707108926717,0.4872,142.6,766.11,142.6,0.0,0.8362894144144146,0.6428571428571429,0.09809486448900545,0.4870974194838968,0.23019026391446198,low,1.0
1173185853,2,1.0,6,0.08853336406245364,0.5,69.53,69.53,171.03,0.014598540145985401,1.0,0.21428571428571427,0.12899223804038168,0.4998999799959992,0.11217172206609169,low,0.9951
692834825,0,0.9922,6,0.035934451410598686,0.5,74.28,74.28,167.95,0.0,0.9890202702702702,0.21428571428571427,0.052356106744098255,0.4998999799959992,0.11984365410084957,low,0.9999
77105053,4,0.8274,9,0.07283961628128414,0.5,261.5,261.5,263.99,0.029197080291970802,0.7570382882882885,0.42857142857142855,0.10612659206307747,0.4998999799959992,0.422230836321349,medium,1.0
"[250325170, 859453205]",0,0.8247,10,0.07283961628128414,0.1886,204.28,204.28,206.85,0.0,0.7532376126126126,0.5,0.10612659206307747,0.18843768753750748,0.329812320315276,medium,1.0
"[1070366924, 1070366925]",0,0.5618,6,0.2170930624528746,0.6807,187.26,190.92,187.26,0.0,0.3831644144144144,0.21428571428571427,0.31630253455677637,0.6806361272254451,0.3023225764770488,high,1.0
866724156,0,0.5753,8,0.2121156569045353,0.5,259.37,268.16,259.37,0.0,0.40216779279279286,0.35714285714285715,0.30905050051489147,0.4998999799959992,0.4187905804826049,high,1.0
8117276,0,0.736,12,0.09158237403724587,0.5,240.27,249.48,240.27,0.0,0.6283783783783784,0.6428571428571429,0.13343461749218608,0.4998999799959992,0.38794133798494684,low,0.9246
866724156,0,0.5753,8,0.2121156569045353,0.5,259.37,268.16,259.37,0.0,0.40216779279279286,0.35714285714285715,0.30905050051489147,0.4998999799959992,0.4187905804826049,high,1.0
8117276,0,0.6669,12,0.16969250456172882,0.3965,315.53,315.53,319.37,0.0,0.5311092342342343,0.6428571428571429,0.24724035826985225,0.3963792758551711,0.5094970442872371,medium,0.9929
870987729,18,0.7342,8,0.09530217173337027,0.2541,211.93,222.38,211.93,0.13138686131386862,0.6258445945945946,0.35714285714285715,0.1388543284759976,0.2539507901580316,0.3421681687502019,medium,0.9976
878044887,0,0.8737,8,0.04777665600244501,0.5,229.63,229.63,276.57,0.0,0.822212837837838,0.35714285714285715,0.06961008976738,0.4998999799959992,0.37075621022708916,medium,0.9998
7466478,0,0.7772,8,0.060440660125065715,0.5,297.15,302.15,297.15,0.0,0.6863738738738739,0.35714285714285715,0.08806142713820317,0.4998999799959992,0.4798107051716898,medium,0.9924
878794037,0,0.7302,10,0.1996109233939668,0.0069,376.18,376.18,498.16,0.0,0.620213963963964,0.5,0.2908312189589416,0.006701340268053611,0.6074555027941985,high,1.0
1269192612,0,0.7581,8,0.18404771082237598,0.0069,352.86,404.74,352.86,0.0,0.6594876126126127,0.35714285714285715,0.26815576157976057,0.006701340268053611,0.5697903543625029,high,1.0
878794039,0,0.8194,8,0.045204001024103393,0.1967,487.0,487.0,496.29,0.0,0.7457770270270272,0.35714285714285715,0.06586175515816119,0.1965393078615723,0.7864457150240657,high,1.0
878794033,0,0.7187,8,0.14625327788072276,0.1319,270.57,270.57,431.97,0.0,0.6040259009009009,0.35714285714285715,0.21308962087156533,0.1317263452690538,0.4368801886487709,high,1.0
"[263347113, 263347114, 878794027, 668010677]",0,0.7245,8,0.05390396544849955,0.4467,247.84,288.52,247.84,0.0,0.6121903153153154,0.35714285714285715,0.07853752319758862,0.4465893178635727,0.4001679749329715,medium,0.9955
878797486,0,0.6486,8,0.15803174417634164,0.0107,272.79,282.75,272.79,0.0,0.5053490990990991,0.35714285714285715,0.23025073778427518,0.010502100420084015,0.44046580741027885,high,1.0
"[1064384194, 699301059, 965284077, 504124793, 164587417]",0,0.5946,6,0.15287242648975144,0.359,196.06,203.3,196.06,0.0,0.4293355855855856,0.21428571428571427,0.2227336594323747,0.358871774354871,0.3165358400361792,high,1.0
4370186,0,0.7459,9,0.09621621451830803,0.0367,196.55,196.55,206.76,0.0,0.6423141891891893,0.42857142857142855,0.1401860803952921,0.03650730146029206,0.317327260393449,medium,0.6585
882664194,0,0.9123,6,0.0004321436202609203,0.4892,32.86,32.86,37.04,0.0,0.8765484234234235,0.21428571428571427,0.0006295712708323367,0.4890978195639128,0.05294440675776077,low,1.0
888020115,1,0.4412,9,0.06274176418407669,0.2269,45.56,45.56,154.61,0.0072992700729927005,0.21340090090090086,0.42857142857142855,0.09141411455894886,0.22674534906981395,0.07345673030332397,medium,0.9961
2495401,8,0.684,7,0.011766591288255043,0.4207,30.45,30.45,169.42,0.058394160583941604,0.5551801801801802,0.2857142857142857,0.017143757132517024,0.4205841168233647,0.049051910714862555,medium,0.7093
"[896867416, 890800651]",8,0.8936,8,0.030093624615461848,0.2673,12.53,12.53,187.34,0.058394160583941604,0.8502252252252251,0.35714285714285715,0.04384607589776342,0.2671534306861372,0.020108537648996994,low,1.0
"[894935974, 894935977, 1245969681, 1245969682, 971510106]",0,0.9222,4,0.01422580971197663,0.7533,43.05,43.05,108.98,0.0,0.8904842342342344,0.07142857142857142,0.020726815726408325,0.753250650130026,0.06940271990179928,low,0.9974
898443087,0,0.7778,8,0.06782174278067704,0.5,45.88,54.46,45.88,0.0,0.6872184684684686,0.35714285714285715,0.0988155965874494,0.4998999799959992,0.07397357625092872,low,0.9964
2415176,0,0.8518,10,0.07704902371566945,0.5,47.64,252.49,47.64,0.0,0.7913851351351353,0.5,0.11225965992621564,0.4998999799959992,0.07681622896275479,low,1.0
901612639,0,0.8367,8,0.07560007990006497,0.4878,51.74,239.11,51.74,0.0,0.7701295045045045,0.35714285714285715,0.11014856213169333,0.4876975395079016,0.08343831766644055,low,0.9998
901612637,0,0.8421,9,0.0765890363064897,0.5,29.77,215.61,29.77,0.0,0.7777308558558559,0.42857142857142855,0.11158946250753776,0.4998999799959992,0.04795361307620248,low,1.0
901612640,0,0.6829,8,0.20559430691575015,0.5,53.69,234.08,53.69,0.0,0.5536317567567567,0.35714285714285715,0.2995489536430489,0.4998999799959992,0.08658784765965695,medium,1.0
19823557,0,0.762,8,0.08542590548384738,0.5,280.4,293.37,280.4,0.0,0.6649774774774775,0.35714285714285715,0.12446469951113351,0.4998999799959992,0.45275705010175404,medium,0.9581
4253762,0,0.8895,8,0.061364577826496514,0.1897,67.86,67.86,78.67,0.0,0.8444538288288288,0.35714285714285715,0.08940756671987975,0.1895379075815163,0.10947443227702944,low,0.5559
"[8399712, 1394847330]",0,0.6904,12,0.10961726525884855,0.7321,159.01,650.3,159.01,0.0,0.5641891891891893,0.6428571428571429,0.15971128790020428,0.7320464092818564,0.25669477016506764,low,1.0
8399712,0,0.5661,12,0.1396258655565294,0.0369,203.2,582.83,203.2,0.0,0.3892173423423424,0.6428571428571429,0.20343354215387005,0.03670734146829366,0.32806796524211,medium,0.7228
923811070,0,0.7447,8,0.19335600219804777,0.0369,110.19,575.35,110.19,0.0,0.6406250000000001,0.35714285714285715,0.2817178563844882,0.03670734146829366,0.17784346028361922,high,0.9967
923811070,0,0.7447,8,0.19335600219804774,0.0369,110.19,575.35,110.19,0.0,0.6406250000000001,0.35714285714285715,0.28171785638448815,0.03670734146829366,0.17784346028361922,high,0.9967
58716084,0,0.7812,8,0.094613627037796,0.0508,312.75,315.27,312.75,0.0,0.6920045045045046,0.35714285714285715,0.13785112519606196,0.05061012202440488,0.505006945117421,high,1.0
"[504124792, 945304333, 778448934, 945304334]",0,0.7671,10,0.00252594322600396,0.2863,231.34,231.34,306.23,0.0,0.6721565315315315,0.5,0.0036802180124465137,0.2861572314462893,0.37351810575960204,medium,0.9986
550989299,0,0.6411,7,0.09881408552541544,0.5,199.37,207.31,199.37,0.0,0.4947916666666667,0.2857142857142857,0.14397115452618234,0.4998999799959992,0.32188196530671576,high,0.9841
938233313,0,0.6194,8,0.08154326620654476,0.0268,126.03,134.16,126.03,0.0,0.46424549549549543,0.35714285714285715,0.11880772984332086,0.026605321064212845,0.20342733469005395,high,0.9966
"[886590033, 971510105, 886590030]",10,0.7683,6,0.029820942803539106,0.8922,39.64,39.64,194.38,0.072992700729927,0.6738457207207207,0.21428571428571427,0.04344878100919916,0.8921784356871374,0.06389508027263624,low,1.0
6570833,0,0.7077,10,0.09896833747478014,0.361,226.92,226.92,235.96,0.0,0.5885416666666667,0.5,0.14419589819574188,0.360872174434887,0.3663791711083115,medium,1.0
"[1256612364, 26291687]",0,0.7064,8,0.0733376997702325,0.3961,328.92,328.92,338.15,0.0,0.5867117117117118,0.35714285714285715,0.10685229511911223,0.39597919583916785,0.5311238169073231,high,0.9998
958991293,0,0.9653,8,0.02767510273586068,0.5,438.07,606.69,438.07,0.0,0.9511542792792793,0.35714285714285715,0.04032231179383925,0.4998999799959992,0.7074167393481281,medium,0.9978
958991293,0,0.927,8,0.05720205359571742,0.5,426.38,595.63,426.38,0.0,0.8972409909909911,0.35714285714285715,0.0833428072526002,0.4998999799959992,0.6885357108246923,medium,0.8418
19803901,0,0.8585,9,0.03959859533226196,0.4981,134.7,135.4,134.7,0.0,0.8008164414414415,0.42857142857142855,0.057694730691092766,0.497999599919984,0.21743062958296988,low,1.0
"[959922448, 747156617, 1255793040]",0,0.8785,6,0.0381932327326492,0.4919,43.21,45.77,43.21,0.0,0.8289695945945946,0.21428571428571427,0.05564713032688615,0.4917983596719344,0.06966114287560164,low,0.9592
"[154540881, 959924582]",0,0.7252,9,0.07283961628128414,0.2421,249.63,249.63,254.34,0.0,0.6131756756756757,0.42857142857142855,0.10612659206307747,0.24194838967793558,0.40305908195238555,medium,0.9278
959924583,2,1.0,8,0.07283961628128414,0.5,245.82,245.82,248.76,0.014598540145985401,1.0,0.35714285714285715,0.10612659206307747,0.4998999799959992,0.3969053848887166,medium,0.8614
30479855,0,0.6631,12,0.12382274180431116,0.3356,350.61,350.61,395.09,0.0,0.5257601351351352,0.6428571428571429,0.18040853639410362,0.33546709341868375,0.566156281293407,medium,0.9642
"[919200905, 164587412, 699304735]",28,0.6565,12,0.07770894216693426,0.3384,348.84,348.84,388.45,0.20437956204379562,0.5164695945945946,0.6428571428571429,0.11322115503184092,0.33826765353070615,0.5632974771457182,medium,1.0
"[919290688, 919200905, 965284078, 699303214]",54,0.6046,12,0.026399603434528112,0.0837,180.54,180.54,220.0,0.39416058394160586,0.4434121621621622,0.6428571428571429,0.03846392105918224,0.08351670334066812,0.2914688115773492,low,1.0
968622889,0,0.7896,12,0.02991293860961298,0.5,2.52,2.52,106.32,0.0,0.7038288288288288,0.6428571428571429,0.04358281805136483,0.4998999799959992,0.003940950350486158,low,1.0
22617682,0,0.6299,10,0.12331698288779899,0.5,25.99,25.99,90.49,0.0,0.47902590090090097,0.5,0.17967165031079926,0.4998999799959992,0.04184837032012146,low,0.9687
"[1064395424, 1064395422, 1064395423]",0,0.606,12,0.15150673784514845,0.3686,36.3,36.3,38.59,0.0,0.44538288288288286,0.6428571428571429,0.22074386365521909,0.3684736947389478,0.058500500694511744,low,0.9974
968622889,0,0.7896,12,0.02991293860961298,0.5,2.52,2.52,106.32,0.0,0.7038288288288288,0.6428571428571429,0.04358281805136483,0.4998999799959992,0.003940950350486158,low,1.0
968622890,0,0.6791,10,0.02991293860961298,0.5629,5.18,5.18,113.08,0.0,0.5482826576576577,0.5,0.04358281805136483,0.5628125625125024,0.008237232289950576,low,1.0
"[395196466, 4798901]",0,0.735,12,0.08965720600125161,0.5899,3.87,3.87,11.38,0.0,0.6269707207207207,0.6428571428571429,0.13062966539459436,0.5898179635927185,0.006121394191943664,low,1.0
8258986,0,0.6087,12,0.2325677569164671,0.235,74.68,83.8,74.68,0.0,0.4491835585585586,0.6428571428571429,0.33884902186785815,0.23484696939387875,0.12048971153535551,medium,1.0
"[686204224, 686204226, 237559987, 228479564]",0,0.7306,12,0.030681420156996014,0.1521,32.53,32.53,35.31,0.0,0.6207770270270271,0.6428571428571429,0.04470248858816518,0.15193038607721546,0.05241140937429338,low,1.0
"[686204225, 18017473, 686188420, 685541830, 228479564, 686188432]",0,1.0,12,0.003034790503458198,0.5,77.46,77.46,78.85,0.0,1.0,0.6428571428571429,0.0044216038091995594,0.4998999799959992,0.12497981070517168,low,1.0
"[1263102882, 166585299, 38663463]",0,0.8494,8,0.08591324904672785,0.4621,75.61,192.75,75.61,0.0,0.7880067567567569,0.35714285714285715,0.1251747545938024,0.461992398479696,0.12199179507058178,low,0.9828
4607884,15,0.6082,8,0.1579896597703189,0.1014,61.05,62.27,61.05,0.10948905109489052,0.4484797297297297,0.35714285714285715,0.23018942119229863,0.10122024404880976,0.09847530445456601,medium,0.7504
971974759,0,0.6484,8,0.17217229061476058,0.5,158.56,161.83,158.56,0.0,0.5050675675675675,0.35714285714285715,0.25085338371022003,0.4998999799959992,0.2559679555512485,high,0.5639
156311092,0,0.7916,11,0.04012077301028006,0.2818,65.74,209.98,65.74,0.0,0.7066441441441442,0.5714285714285714,0.05845553875869399,0.2816563312662533,0.106050327874148,low,1.0
971974759,0,0.6484,8,0.17217229061476058,0.5,158.56,161.83,158.56,0.0,0.5050675675675675,0.35714285714285715,0.25085338371022003,0.4998999799959992,0.2559679555512485,high,0.5639
"[1115393738, 1163998076]",6,0.5986,9,0.131578296986689,0.5,118.85,118.85,126.93,0.043795620437956206,0.4349662162162163,0.42857142857142855,0.19170830886594611,0.4998999799959992,0.19183060374067254,medium,1.0
"[293598609, 1062483020, 971143901]",0,0.6838,9,0.10011762428844835,0.7222,70.81,70.81,72.68,0.0,0.5548986486486486,0.42857142857142855,0.1458703984982925,0.7221444288857771,0.11423910585651065,low,0.9989
"[1068540384, 1482101905, 1065201843, 1065201844, 4253691]",11,0.6081,9,0.11568804703920905,0.6696,1.28,1.28,11.55,0.08029197080291971,0.44833896396396394,0.42857142857142855,0.1685563610421181,0.6695339067813563,0.0019381723035177827,low,1.0
119695444,0,0.6535,8,0.11722200927958662,0.2825,258.18,258.18,258.74,0.0,0.5122466216216216,0.35714285714285715,0.1707913298985127,0.28235647129425884,0.41686855961494984,high,1.0
8117343,0,0.7578,8,0.16172484158323566,0.1319,261.38,261.38,297.9,0.0,0.6590653153153154,0.35714285714285715,0.23563154669258848,0.1317263452690538,0.4220370190909972,high,1.0
1051388674,0,0.9382,12,0.1236445528353746,0.0174,29.48,148.31,29.48,0.0,0.9130067567567569,0.6428571428571429,0.18014891670748848,0.017203440688137627,0.04748522143618568,low,1.0
4253920,0,0.6774,9,0.13030843803619574,0.6951,90.47,101.06,90.47,0.0,0.5458896396396397,0.42857142857142855,0.1898581360705142,0.6950390078015604,0.145992828762477,medium,0.8036
"[1051388674, 29057421, 166490391]",0,0.5085,13,0.21115537670650253,0.6709,16.21,83.96,16.21,0.0,0.3081362612612612,0.7142857142857143,0.30765138111056545,0.6708341668333667,0.026052266046451535,low,1.0
4884668,0,1.0,12,0.08623954588955213,0.5,281.4,281.4,290.62,0.0,1.0,0.6428571428571429,0.12565016608859425,0.4998999799959992,0.45437219368801884,low,1.0
30073419,0,0.7761,8,0.08623954588955213,0.5,292.81,292.81,301.74,0.0,0.6848254504504505,0.35714285714285715,0.12565016608859425,0.4998999799959992,0.4728009820073005,medium,0.9363
4884668,0,0.7342,12,0.10654121112772146,0.5,247.16,247.16,256.14,0.0,0.6258445945945946,0.6428571428571429,0.15522950536169744,0.4998999799959992,0.3990696772943114,medium,0.6148
4859713,0,0.6046,8,0.09919405935314048,0.0957,485.76,485.76,501.12,0.0,0.4434121621621622,0.35714285714285715,0.14452477289360804,0.09551910382076415,0.7844429369770973,high,1.0
4252418,0,0.941,10,0.0068971413744058395,0.2933,51.79,51.79,52.84,0.0,0.9169481981981983,0.5,0.0100490134558098,0.29315863172634526,0.08351907484575379,low,1.0
4252418,0,0.6949,10,0.04724220354920299,0.1462,172.25,172.49,172.25,0.0,0.5705236486486486,0.5,0.06883139746532856,0.1460292058411682,0.2780792712472139,medium,1.0
1027231321,0,0.8311,8,0.10641961605901237,0.5,64.03,135.74,64.03,0.0,0.7622466216216215,0.35714285714285715,0.1550523424664823,0.4998999799959992,0.10328843234163518,low,0.955
1026759085,0,0.705,8,0.19753498167001582,0.5,104.05,105.93,104.05,0.0,0.584740990990991,0.35714285714285715,0.2878065909866268,0.4998999799959992,0.16792647866395322,medium,0.9994
1026764882,0,0.7943,8,0.10423400824592105,0.3297,182.34,182.34,184.69,0.0,0.7104448198198198,0.35714285714285715,0.15186793201231785,0.32956591318263656,0.2943760700326259,medium,0.9998
27288942,0,0.8106,8,0.10577647275674679,0.5,25.85,44.86,25.85,0.0,0.7333896396396395,0.35714285714285715,0.1541152885984493,0.4998999799959992,0.04162225021804439,low,0.9986
1026775179,0,0.7697,8,0.0882025129062686,0.1029,74.77,74.77,83.63,0.0,0.6758164414414416,0.35714285714285715,0.12851019095296853,0.10272054410882177,0.12063507445811933,medium,1.0
1026785656,0,0.8797,8,0.0242313076146249,0.009,117.51,124.85,117.51,0.0,0.830658783783784,0.35714285714285715,0.035304734019648926,0.008801760352070413,0.1896663113350777,medium,1.0
831382945,0,0.6905,10,0.08455139711189094,0.5,251.64,257.8,251.64,0.0,0.564329954954955,0.5,0.12319054886743976,0.4998999799959992,0.40630552056077784,medium,1.0
19992579,12,0.772,8,0.03376861539803489,0.0541,271.8,280.78,271.8,0.08759124087591241,0.6790540540540542,0.35714285714285715,0.049200503621203574,0.05391078215643129,0.43886681525987664,high,0.6743
68501768,0,0.7451,10,0.12364644691047258,0.5,241.59,241.59,248.68,0.0,0.6411880630630631,0.5,0.18015167635746174,0.4998999799959992,0.3900733275188164,medium,1.0
"[1031053441, 2418014]",0,0.7585,8,0.1254593284018377,0.5374,78.2,82.58,78.2,0.0,0.6600506756756757,0.35714285714285715,0.18279302799369107,0.5373074614922985,0.12617501695900768,medium,0.9979
1028658849,0,0.7466,7,0.032411858180181434,0.3684,86.9,91.88,86.9,0.0,0.6432995495495496,0.2857142857142857,0.04722372085056333,0.3682736547309462,0.1402267661595116,medium,1.0
685336980,0,0.838,10,0.004777873084586676,0.4946,73.47,79.06,73.47,0.0,0.7719594594594595,0.5,0.00696125907606401,0.494498899779956,0.11853538779597507,low,1.0
194329112,0,0.5432,11,0.049328118985974605,0.5162,63.77,69.0,63.77,0.0,0.356981981981982,0.5714285714285714,0.07187055704536478,0.5161032206441288,0.10286849500920633,low,0.9997
685336983,0,0.7467,11,0.04168843312188874,0.4411,74.26,81.09,74.26,0.0,0.6434403153153154,0.5714285714285714,0.060739605103113985,0.4409881976395279,0.11981135122912429,low,1.0
50212053,1,0.664,6,0.11855662331847257,0.3355,78.09,80.3,78.09,0.0072992700729927005,0.5270270270270271,0.21428571428571427,0.1727358502613366,0.33536707341468297,0.12599735116451855,high,0.9079
19209653,0,0.6985,12,0.22652198172544494,0.0388,310.47,315.95,310.47,0.0,0.5755912162162162,0.6428571428571429,0.33004038309629885,0.038607721544308866,0.5013244177407372,high,1.0
"[851321120, 851321121, 851321122, 851331570, 842034460, 851321117, 851321118, 851321119]",0,0.8028,12,0.02943256302447816,0.5824,312.94,409.1,312.94,0.0,0.7224099099099098,0.6428571428571429,0.042882915248096086,0.5823164632926585,0.5053138223988113,low,0.9999
"[1484429897, 1484429898, 842034460]",0,0.8832,12,0.04829269283581137,0.2614,292.7,318.55,292.7,0.0,0.8355855855855856,0.6428571428571429,0.070361950680881,0.26125225045009004,0.47262331621281134,low,0.9759
1046359261,0,0.9629,12,0.04829269283581137,0.5,293.95,295.03,293.95,0.0,0.947775900900901,0.6428571428571429,0.070361950680881,0.4998999799959992,0.47464224569564234,low,1.0
246801281,0,0.6976,12,0.11936202680337497,0.1409,296.13,296.13,302.8,0.0,0.5743243243243243,0.6428571428571429,0.1739093157210506,0.1407281456291258,0.4781632587136997,medium,0.9967
"[1484429897, 1484429898, 842034460]",0,0.8832,12,0.04829269283581137,0.2614,292.7,318.55,292.7,0.0,0.8355855855855856,0.6428571428571429,0.070361950680881,0.26125225045009004,0.47262331621281134,low,0.9759
1046706708,0,1.0,12,0.13455843285784883,0.5,117.26,123.14,117.26,0.0,1.0,0.6428571428571429,0.19605033938309055,0.4998999799959992,0.1892625254385115,low,1.0
4248704,0,0.7503,11,0.06603658181800981,0.1596,135.27,146.13,135.27,0.0,0.6485078828828829,0.5714285714285714,0.09621463350622607,0.15943188637727543,0.21835126142714087,medium,0.6363
"[100514387, 1146156714, 596678299]",4,0.6292,11,0.12463793222137572,0.4662,159.64,160.76,159.64,0.029197080291970802,0.4780405405405405,0.5714285714285714,0.18159626132383994,0.46609321864372877,0.25771231062441446,medium,0.9993
8376163,0,0.8101,8,0.08598928069566748,0.2291,256.83,256.83,263.95,0.0,0.7326858108108109,0.35714285714285715,0.1252855320060538,0.22894578915783156,0.4146881157734923,high,0.5
43309287,0,0.5651,8,0.22759304791817492,0.5,81.51,81.51,82.99,0.0,0.38780968468468474,0.35714285714285715,0.3316009166745566,0.4998999799959992,0.13152114222954422,high,0.964
2498965,15,0.7161,9,0.17068426435964074,0.3183,197.95,206.43,197.95,0.10948905109489052,0.600365990990991,0.42857142857142855,0.2486853431612742,0.31816363272654535,0.3195884614142197,medium,0.9973
"[1173997577, 1084146443, 1157826289, 1157826290, 1286267889]",18,0.3991,6,0.25788421017148827,0.4015,156.99,160.46,156.99,0.13138686131386862,0.15413851351351351,0.21428571428571427,0.37573486109517534,0.4013802760552111,0.25343218012081276,high,1.0
2498957,0,0.8197,9,0.1320056305804328,0.3603,174.74,180.36,174.74,0.0,0.7461993243243245,0.42857142857142855,0.19233092997627638,0.3601720344068814,0.2821009787770133,medium,1.0
157467036,0,0.7371,10,0.18946851138941354,0.3302,153.89,178.78,153.89,0.0,0.6299268018018018,0.5,0.2760538180802081,0.33006601320264056,0.24842523500339175,medium,1.0
58716165,0,0.6409,8,0.0706107989646024,0.0287,218.71,218.71,222.65,0.0,0.4945101351351352,0.35714285714285715,0.10287922576014252,0.028505701140228046,0.3531188422650774,high,1.0
30248046,0,0.6896,8,0.1048199744217688,0.368,94.91,98.28,94.91,0.0,0.5630630630630631,0.35714285714285715,0.15272167933376302,0.367873574714943,0.15316406628549278,medium,1.0
1128365321,4,0.7911,6,0.07465046467527081,0.3764,12.28,12.28,12.62,0.029197080291970802,0.7059403153153154,0.21428571428571427,0.10876498149515125,0.3762752550510102,0.01970475175243079,medium,0.9997
1128365322,0,0.4982,6,0.09191207262867478,0.488,21.17,21.17,22.78,0.0,0.29363738738738737,0.21428571428571427,0.13391498530336465,0.4878975795159032,0.03406337823432504,high,0.6225
"[210321021, 1130423883, 1130423885]",14,0.6617,6,0.0949420505613043,0.5,43.16,43.16,44.91,0.10218978102189781,0.5237894144144144,0.21428571428571427,0.13832963524502365,0.4998999799959992,0.0695803856962884,medium,1.0
1190856657,2,0.5689,6,0.09560454382502984,0.3984,8.06,8.06,11.29,0.014598540145985401,0.3931587837837837,0.21428571428571427,0.1392948818286901,0.39827965593118625,0.012888845818393255,medium,0.9685
1096451370,13,0.5183,10,0.19256610821182377,0.4225,96.34,101.03,96.34,0.0948905109489051,0.3219313063063063,0.5,0.2805669881215057,0.42238447689537906,0.15547372161385148,medium,0.9999
1137752030,10,0.3609,10,0.21769932456710891,0.5,99.02,99.29,99.02,0.072992700729927,0.10036599099099097,0.5,0.3171858528735246,0.4998999799959992,0.15980230642504117,high,0.9572
1000397302,7,0.586,10,0.124295428785835,0.1954,39.26,39.26,42.14,0.051094890510948905,0.4172297297297297,0.5,0.1810972369727234,0.1952390478095619,0.0632813257098556,medium,1.0
"[1137752035, 1137752029]",17,0.5357,9,0.15327139016598462,0.4093,77.91,78.39,77.91,0.12408759124087591,0.3464245495495495,0.42857142857142855,0.22331494583417974,0.40918183636727345,0.12570662531899085,medium,1.0
4254638,0,0.6222,12,0.12861116117480384,0.5,146.54,373.97,146.54,0.0,0.4681869369369369,0.6428571428571429,0.18738521931543398,0.4998999799959992,0.23655392964434535,low,0.6583
166585298,0,0.8758,12,0.000659331695223008,0.5,176.49,407.44,176.49,0.0,0.8251689189189191,0.6428571428571429,0.0009605822036435196,0.4998999799959992,0.2849274800529767,low,1.0
"[166585298, 1065218285, 1065218286]",0,0.639,14,0.08375812914031157,0.5,73.45,440.87,73.45,0.0,0.4918355855855856,0.7857142857142857,0.122034764738869,0.4998999799959992,0.11850308492424978,low,1.0
163721162,3,0.734,8,0.11401928018853195,0.0006,140.55,155.65,140.55,0.021897810218978103,0.6255630630630631,0.35714285714285715,0.16612498311007132,0.0004000800160032006,0.2268792195626191,high,0.8843
1163998075,8,1.0,9,0.131578296986689,0.5,106.9,106.9,109.86,0.058394160583941604,1.0,0.42857142857142855,0.19170830886594611,0.4998999799959992,0.17252963788480796,low,1.0
"[1115393738, 1163998076]",6,0.5986,9,0.131578296986689,0.5,118.85,118.85,126.93,0.043795620437956206,0.4349662162162163,0.42857142857142855,0.19170830886594611,0.4998999799959992,0.19183060374067254,medium,1.0
201757213,0,0.6258,7,0.14331523970844603,0.0939,146.05,253.61,146.05,0.0,0.47325450450450457,0.2857142857142857,0.20880892631397258,0.09371874374874974,0.23576250928707562,high,1.0
609054981,0,0.4735,6,0.23396929357337487,0.2943,133.54,275.51,133.54,0.0,0.2588682432432432,0.21428571428571427,0.3408910478687806,0.29415883176635327,0.2155570630229027,high,1.0
6570897,0,0.6936,8,0.1236764540619523,0.5,101.83,105.12,101.83,0.0,0.5686936936936937,0.35714285714285715,0.180195396500801,0.4998999799959992,0.16434085990244532,medium,1.0
1186078677,0,0.7173,8,0.0966724788327255,0.5,101.04,104.84,101.04,0.0,0.6020551801801802,0.35714285714285715,0.14085085329919114,0.4998999799959992,0.16306489646929614,medium,1.0
6570897,0,0.7428,14,0.17623069779756165,0.5,83.82,154.11,83.82,0.0,0.6379504504504505,0.7857142857142857,0.25676644559751655,0.4998999799959992,0.13525212391381594,low,1.0
6570897,0,0.6936,8,0.1236764540619523,0.5,101.83,105.12,101.83,0.0,0.5686936936936937,0.35714285714285715,0.180195396500801,0.4998999799959992,0.16434085990244532,medium,1.0
1186078677,0,0.7173,8,0.0966724788327255,0.5,101.04,104.84,101.04,0.0,0.6020551801801802,0.35714285714285715,0.14085085329919114,0.4998999799959992,0.16306489646929614,medium,1.0
"[164441840, 130886156, 201783838]",26,0.817,12,0.03075916052582782,0.5694,32.35,32.35,39.06,0.1897810218978102,0.7423986486486486,0.6428571428571429,0.04481575558956213,0.5693138627725546,0.05212068352876571,low,1.0
"[1187063720, 1187063724, 1187063718]",17,0.6085,10,5.148785835940946e-05,0.2832,168.1,168.1,175.59,0.12408759124087591,0.4489020270270271,0.5,7.495933159214026e-05,0.28305661132226445,0.27137642536421486,medium,0.9834
"[58703796, 1384817517]",0,0.8503,8,0.08535724133965876,0.4854,193.7,193.7,195.82,0.0,0.7892736486486487,0.35714285714285715,0.12436465648544939,0.4852970594118824,0.3127241011725942,medium,1.0
1190856658,1,0.762,7,0.09560454382502984,0.5,14.99,14.99,16.78,0.0072992700729927005,0.6649774774774775,0.2857142857142857,0.1392948818286901,0.4998999799959992,0.02408179087120845,medium,0.8925
"[1193908604, 250325173]",0,0.7538,11,0.04012087445356068,0.5,143.05,145.56,143.05,0.0,0.6534346846846848,0.5714285714285714,0.058455686560619564,0.4998999799959992,0.23091707852828117,low,1.0
1433140122,0,0.5913,11,0.058549600046374974,0.5,75.19,77.26,75.19,0.0,0.42469031531531537,0.5714285714285714,0.08530617002026743,0.4998999799959992,0.12131343476435055,low,0.9999
281500654,0,1.0,11,0.21168322349101173,0.4696,80.41,176.45,80.41,0.0,1.0,0.5714285714285714,0.3084204490141116,0.469493898779756,0.1297444842846529,low,1.0
4607841,0,0.6947,8,0.1171081479563743,0.3938,85.6,212.34,85.6,0.0,0.5702421171171171,0.35714285714285715,0.17062543499925834,0.3936787357471494,0.1381270794973673,medium,1.0
"[1484429128, 1484429129, 166482549, 281500654]",0,0.6481,13,0.036358281729471136,0.372,130.24,135.36,130.24,0.0,0.5046452702702703,0.7142857142857143,0.05297362361520622,0.371874374874975,0.21022708918822883,low,1.0
1208751035,0,0.8395,10,0.007953813106366144,0.4774,200.25,204.89,200.25,0.0,0.7740709459459462,0.5,0.011588574437299506,0.47729545909181836,0.3233032916626288,low,1.0
1208751036,0,0.6949,8,0.05809851847329056,0.4774,217.94,222.64,217.94,0.0,0.5705236486486486,0.35714285714285715,0.08464894832275745,0.47729545909181836,0.35187518170365345,medium,0.9993
20199976,0,0.854,10,0.00045999139186440066,0.0556,326.02,330.75,326.02,0.0,0.794481981981982,0.5,0.0006701452175798457,0.05541108221644329,0.5264399005071551,medium,1.0
1208751033,0,0.9885,8,0.05809851847329056,0.4774,242.49,247.16,242.49,0.0,0.9838119369369371,0.35714285714285715,0.08464894832275745,0.47729545909181836,0.39152695674645477,medium,0.918
20200047,0,0.8936,12,0.005781368266252945,0.5,267.72,434.57,267.72,0.0,0.8502252252252251,0.6428571428571429,0.008423342313532834,0.4998999799959992,0.43227702942791624,low,1.0
20200209,0,0.8441,8,0.08407774335402866,0.5,269.96,408.61,269.96,0.0,0.7805461711711712,0.35714285714285715,0.12250043970459888,0.4998999799959992,0.43589495106114934,medium,1.0
20200047,0,0.8962,10,0.00045999139186440066,0.5,325.79,330.49,325.79,0.0,0.8538851351351353,0.5,0.0006701452175798457,0.4998999799959992,0.5260684174823143,low,0.7714
20200047,0,0.8962,10,0.0004599913918644006,0.5,325.79,330.49,325.79,0.0,0.8538851351351353,0.5,0.0006701452175798456,0.4998999799959992,0.5260684174823143,low,0.7714
1208751034,0,0.9528,8,0.05809851847329056,0.4774,220.77,223.95,220.77,0.0,0.9335585585585586,0.35714285714285715,0.08464894832275745,0.47729545909181836,0.3564460380527829,medium,0.9311
25359276,0,0.743,10,0.10776147369400188,0.5,193.1,193.1,197.98,0.0,0.638231981981982,0.5,0.15700741668211535,0.4998999799959992,0.3117550150208353,medium,0.9995
2558883,0,0.7193,8,0.08725819985972015,0.4118,129.85,353.12,129.85,0.0,0.6048704954954957,0.35714285714285715,0.12713433554129724,0.41168233646729346,0.20959718318958553,medium,1.0
835476530,0,0.6575,12,0.050393480704486564,0.2848,101.14,101.14,109.6,0.0,0.5178772522522522,0.6428571428571429,0.07342277925722522,0.2846569313862773,0.1632264108279226,low,1.0
1210470863,0,0.9731,8,0.10896976561530712,0.5,73.05,73.05,82.87,0.0,0.9621340090090091,0.35714285714285715,0.1587678868830544,0.4998999799959992,0.11785702748974385,low,1.0
"[1210470862, 1210078301, 1252646118]",0,0.7795,12,0.0746988058431743,0.0632,235.87,235.87,245.81,0.0,0.6896114864864865,0.6428571428571429,0.10883541413156311,0.0630126025205041,0.3808347062053817,medium,0.9999
1210470863,0,0.9731,8,0.10896976561530712,0.5,73.05,73.05,82.87,0.0,0.9621340090090091,0.35714285714285715,0.1587678868830544,0.4998999799959992,0.11785702748974385,low,1.0
199676805,0,0.598,8,0.15226799501624907,0.4994,306.08,361.56,306.08,0.0,0.4341216216216216,0.35714285714285715,0.22185300834231267,0.49929985997199444,0.4942339373970346,high,1.0
19823660,2,0.7301,8,0.1736487220289817,0.5,487.03,489.78,487.03,0.014598540145985401,0.6200731981981982,0.35714285714285715,0.25300453068276524,0.4998999799959992,0.7864941693316536,high,1.0
8117306,0,0.6249,6,0.1138845108041634,0.5,101.63,101.63,109.79,0.0,0.47198761261261263,0.21428571428571427,0.16592862535827618,0.4998999799959992,0.16401783118519236,high,0.8879
239268119,0,0.7567,7,0.06777593461804564,0.4379,168.99,168.99,169.91,0.0,0.657516891891892,0.2857142857142857,0.09874885451638993,0.43778755751150233,0.2728139031559906,medium,0.9998
1217377507,0,0.7737,8,0.08714823215933602,0.037,339.64,352.39,339.64,0.0,0.6814470720720722,0.35714285714285715,0.1269741136146432,0.03680736147229446,0.5484381561520819,high,1.0
"[1237115243, 1521456121, 201491587, 825529980]",0,0.8969,7,0.08254952043333273,1.0,105.29,106.65,105.29,0.0,0.8548704954954955,0.2857142857142857,0.12027383298412112,1.0,0.16992925671092163,low,1.0
"[1237115246, 1237115247, 837464374, 564115127, 825529981]",0,0.6312,9,0.09744832340732049,1.0,50.02,50.02,140.4,0.0,0.48085585585585583,0.42857142857142855,0.1419812516988256,1.0,0.08066027069806507,low,1.0
1238262961,0,0.6078,8,0.18091173773935404,0.229,124.04,133.19,124.04,0.0,0.4479166666666667,0.35714285714285715,0.2635866776801981,0.22884576915383076,0.20021319895338696,high,0.9999
34293992,0,0.7301,8,0.2825036340142453,0.5,112.61,122.08,112.61,0.0,0.6200731981981982,0.35714285714285715,0.4116051348884842,0.4998999799959992,0.18175210776238007,high,0.57
"[1068477987, 166482670]",4,0.8662,14,0.021292993265025383,0.029,72.74,75.81,72.74,0.029197080291970802,0.8116554054054055,0.7857142857142857,0.031023637074240478,0.02880576115223045,0.11735633297800174,low,1.0
1068477987,1,0.8705,14,0.022783262736292404,0.029,154.46,160.84,154.46,0.0072992700729927005,0.8177083333333334,0.7857142857142857,0.03319494596845266,0.02880576115223045,0.24934586684756274,low,1.0
1238268006,0,0.7729,8,0.14322308972898207,0.2032,42.73,49.96,42.73,0.0,0.680320945945946,0.35714285714285715,0.20867466464259748,0.2030406081216243,0.06888587395419453,medium,1.0
1238268006,0,0.7729,8,0.14322308972898204,0.2032,42.73,49.96,42.73,0.0,0.680320945945946,0.35714285714285715,0.20867466464259743,0.2030406081216243,0.06888587395419453,medium,1.0
1238417904,0,0.6084,8,0.15763607922959863,0.6486,103.56,596.27,103.56,0.0,0.44876126126126137,0.35714285714285715,0.22967425760095594,0.6485297059411882,0.1671350583066835,medium,0.9999
1238417904,0,0.6084,8,0.15763607922959863,0.6486,103.56,596.27,103.56,0.0,0.44876126126126137,0.35714285714285715,0.22967425760095594,0.6485297059411882,0.1671350583066835,medium,0.9999
"[1394847330, 1394847331]",0,0.5741,8,0.10122642315937495,0.7321,145.11,644.02,145.11,0.0,0.4004786036036037,0.35714285714285715,0.14748590824116367,0.7320464092818564,0.2342442743159867,medium,1.0
"[8399712, 1394847330]",0,0.6904,12,0.10961726525884855,0.7321,159.01,650.3,159.01,0.0,0.5641891891891893,0.6428571428571429,0.15971128790020428,0.7320464092818564,0.25669477016506764,low,1.0
1240930662,0,0.686,8,0.16381666376473228,0.2676,228.56,228.56,232.56,0.0,0.5579954954954957,0.35714285714285715,0.23867931234528775,0.2674534906981397,0.36902800658978585,high,1.0
980948850,0,0.865,12,0.03218728145573179,0.5,205.9,205.9,211.09,0.0,0.8099662162162162,0.6428571428571429,0.04689651463139817,0.4998999799959992,0.33242885292502505,low,1.0
1240930662,0,0.686,8,0.16381666376473228,0.2676,228.56,228.56,232.56,0.0,0.5579954954954957,0.35714285714285715,0.23867931234528775,0.2674534906981397,0.36902800658978585,high,1.0
"[637034137, 980948850]",0,0.7665,13,0.0992160792495728,0.1612,147.71,147.71,150.9,0.0,0.6713119369369369,0.7142857142857143,0.14455685567990606,0.16103220644128827,0.23844364764027523,low,1.0
1252217850,14,1.0,11,0.01045562440522684,1.0,74.34,74.34,82.1,0.10218978102189781,1.0,0.5714285714285714,0.015233690457986906,1.0,0.11994056271602546,low,1.0
"[1168423904, 442428176, 1065201854]",39,0.4573,9,0.1263258044974554,1.0,45.63,45.65,45.63,0.2846715328467153,0.23606418918918917,0.42857142857142855,0.18405547568473676,1.0,0.07356979035436251,low,1.0
330481,2,1.0,8,0.17215713099417754,0.5,99.67,99.67,114.35,0.014598540145985401,1.0,0.35714285714285715,0.25083129628265105,0.4998999799959992,0.16085214975611334,low,0.9972
1256523632,5,0.4595,8,0.17215713099417754,0.5243,76.01,76.01,141.32,0.0364963503649635,0.23916103603603606,0.35714285714285715,0.25083129628265105,0.5242048409681936,0.12263785250508771,high,0.8927
690824735,7,0.4827,8,0.17554977142404568,0.5001,72.66,72.66,141.04,0.051094890510948905,0.2718186936936937,0.35714285714285715,0.2557743421426549,0.5,0.11722712149110055,high,0.619
1256523633,9,0.456,9,0.15245156114110103,0.5,20.77,20.77,118.95,0.06569343065693431,0.23423423423423426,0.42857142857142855,0.2221204624955728,0.4998999799959992,0.03341732079981911,medium,1.0
1256523627,1,1.0,8,0.0821044629671829,0.5,107.68,107.68,108.24,0.0072992700729927005,1.0,0.35714285714285715,0.11962538835493264,0.4998999799959992,0.17378944988209455,low,1.0
1256523635,0,0.8068,8,0.012520922549091299,0.6677,106.66,108.51,106.66,0.0,0.7280405405405405,0.35714285714285715,0.01824281083214326,0.667633526705341,0.1721420034241044,low,1.0
41518094,0,0.7351,9,0.0009629156561668334,0.3489,18.57,18.57,18.82,0.0,0.6271114864864865,0.42857142857142855,0.0014029012387218292,0.3487697539507902,0.029864004910036508,low,1.0
1256523636,0,0.6687,8,0.0821044629671829,0.6702,114.29,114.29,116.1,0.0,0.533643018018018,0.35714285714285715,0.11962538835493264,0.670134026805361,0.184465548987305,medium,0.9997
1256523634,1,1.0,8,0.017402129262975855,0.5,101.24,101.24,101.97,0.0072992700729927005,1.0,0.35714285714285715,0.02535468405822153,0.4998999799959992,0.16338792518654907,low,1.0
"[1256523629, 1256523630]",4,0.7854,8,0.09551205576057908,0.5126,72.06,72.06,73.55,0.029197080291970802,0.6979166666666667,0.35714285714285715,0.13916012757060303,0.5125025005000999,0.11625803533934168,low,0.8315
1256523637,2,1.0,10,0.04352671994181419,0.7902,98.81,98.81,99.36,0.014598540145985401,1.0,0.5,0.0634179720690719,0.7901580316063213,0.15946312627192558,low,1.0
609058172,1,0.368,8,0.27808285934007093,0.5694,85.68,85.68,123.56,0.0072992700729927005,0.11036036036036033,0.35714285714285715,0.40516410690367166,0.5693138627725546,0.13825629098426853,high,1.0
"[1420164777, 1420164778, 201759853, 1256523638, 609061150]",2,0.7281,9,0.040746766221090136,0.7123,56.59,56.59,59.23,0.014598540145985401,0.6172578828828829,0.42857142857142855,0.05936760510142914,0.712242448489698,0.09127176405982493,low,1.0
1257353509,8,1.0,10,0.002267818972401373,0.5,160.32,160.51,160.32,0.058394160583941604,1.0,0.5,0.0033041333522792014,0.4998999799959992,0.25881060826307456,low,1.0
1286267890,7,0.9977,7,0.002267818972401373,0.5,160.88,161.53,160.88,0.051094890510948905,0.9967623873873874,0.2857142857142857,0.0033041333522792014,0.4998999799959992,0.2597150886713829,low,1.0
1257712747,0,0.8976,8,0.014816461846033862,0.4817,86.7,86.7,86.73,0.0,0.8558558558558558,0.35714285714285715,0.021587390445806896,0.4815963192638528,0.13990373744225862,low,1.0
207134035,0,0.7182,8,0.05216852261602472,0.4817,74.0,74.0,75.51,0.0,0.603322072072072,0.35714285714285715,0.07600899897415024,0.4815963192638528,0.11939141389669543,medium,0.9138
1257712749,0,1.0,7,0.014816461846033862,0.4817,78.29,96.89,78.29,0.0,1.0,0.2857142857142857,0.021587390445806896,0.4815963192638528,0.1263203798817715,low,1.0
"[246017138, 1257712748]",0,0.6163,7,0.027327422498385254,0.5302,11.3,156.32,11.3,0.0,0.45988175675675674,0.2857142857142857,0.039815744889982345,0.5301060212042409,0.01812191103789127,medium,0.9946
"[1128360288, 1064384196, 39188797]",0,0.6796,7,0.022929414044649543,0.2468,95.82,133.1,95.82,0.0,0.5489864864864865,0.2857142857142857,0.03340788707867134,0.24664932986597318,0.15463384694899376,medium,0.9999
"[1128114474, 246017139, 753614484, 1262141758]",3,0.6632,8,0.03476247882887667,0.2871,29.23,230.08,29.23,0.021897810218978103,0.5259009009009009,0.35714285714285715,0.05064855348642981,0.2869573914782957,0.04708143553961948,medium,0.9969
1262141759,0,1.0,8,0.022929414044649543,0.2468,93.87,93.87,94.71,0.0,1.0,0.35714285714285715,0.03340788707867134,0.24664932986597318,0.15148431695577738,low,1.0
"[1262141760, 47009458]",2,0.6863,8,0.04336692139926535,0.7561,59.87,59.87,59.97,0.014598540145985401,0.5584177927927928,0.35714285714285715,0.06318514706432733,0.7560512102420484,0.09656943502277353,low,1.0
1263397973,0,1.0,6,0.19146247317173815,0.2275,183.91,183.91,184.25,0.0,1.0,0.21428571428571427,0.2789590020326108,0.22734546909381875,0.29691184546306165,high,0.737
"[896847187, 1069113135]",8,0.6124,5,0.08853336406245364,0.9888,77.9,77.9,154.1,0.058394160583941604,0.454391891891892,0.14285714285714285,0.12899223804038168,0.9887977595519104,0.12569047388312823,medium,1.0
"[972707730, 1264780822]",5,0.6304,5,0.035934451410598686,0.8757,81.91,81.91,154.14,0.0364963503649635,0.4797297297297297,0.14285714285714285,0.052356106744098255,0.8756751350270054,0.13216719966405013,medium,1.0
1113492191,0,0.639,10,0.10861401752309337,0.5,146.65,150.72,146.65,0.0,0.4918355855855856,0.5,0.15824956518914893,0.4998999799959992,0.2367315954388345,medium,1.0
1265700773,0,0.4524,10,0.1611776825725628,0.5,107.3,107.47,107.3,0.0,0.22916666666666669,0.5,0.23483434105338805,0.4998999799959992,0.1731756953193139,medium,0.9904
27813831,0,0.6293,11,0.15301429257837676,0.4871,83.97,83.97,92.19,0.0,0.4781813063063063,0.5714285714285714,0.22294035701691112,0.48699739947989595,0.13549439545175568,medium,0.7812
"[157573005, 250754902]",0,0.6423,11,0.10777578927640084,0.5,30.0,30.0,32.65,0.0,0.49648085585585583,0.5714285714285714,0.15702827435382372,0.4998999799959992,0.04832509610104339,low,1.0
157573005,0,0.6999,12,0.12381449549074411,0.5,70.01,70.01,72.26,0.0,0.5775619369369369,0.6428571428571429,0.1803965215911852,0.4998999799959992,0.1129469909874988,low,1.0
230372460,0,0.6815,8,0.15633143072814973,0.0062,51.72,61.57,51.72,0.0,0.551661036036036,0.35714285714285715,0.2277733967501944,0.006001200240048009,0.08340601479471525,high,0.7506
"[1212234833, 17940467]",0,0.757,10,0.0592044186830471,0.5,184.55,189.48,184.55,0.0,0.6579391891891893,0.5,0.0862602347430006,0.4998999799959992,0.2979455373582712,low,0.7171
"[1275711881, 227382965]",0,0.7774,8,0.051390844088058774,0.2659,93.72,93.72,95.37,0.0,0.6866554054054054,0.35714285714285715,0.07487592852134504,0.26575315063012606,0.15124204541783764,medium,0.9999
8362783,0,0.7674,8,0.04598244507713974,0.5,119.23,119.23,126.74,0.0,0.6725788288288288,0.35714285714285715,0.06699594097394347,0.4998999799959992,0.1924443583034532,medium,0.9346
1277948128,0,0.9997,12,0.05134064854710003,0.5,73.97,73.97,75.38,0.0,0.9995777027027027,0.6428571428571429,0.0748027940804705,0.4998999799959992,0.11934295958910747,low,1.0
51238445,0,0.6612,11,0.11331679668738348,0.0945,94.84,100.39,94.84,0.0,0.5230855855855856,0.5714285714285714,0.16510147111879087,0.09431886377275454,0.15305100623445425,medium,1.0
4289839,0,0.6103,10,0.047305190296968995,0.0796,152.3,152.3,153.16,0.0,0.45143581081081074,0.5,0.06892316857671389,0.07941588317663532,0.24585715670123073,medium,0.9997
1067663278,0,0.7505,9,0.05134064854710003,0.1773,59.98,60.19,59.98,0.0,0.6487894144144144,0.42857142857142855,0.0748027940804705,0.17713542708541707,0.09674710081726265,medium,0.9401
210335525,29,0.6457,7,0.09204930873049304,0.4387,127.42,127.42,128.17,0.2116788321167883,0.501266891891892,0.2857142857142857,0.13411493703976549,0.43858771754350867,0.20567238427496207,medium,1.0
"[1288490778, 1462354004]",0,0.6098,8,0.19969831004535463,0.7999,121.84,128.76,121.84,0.0,0.450731981981982,0.35714285714285715,0.2909585405051801,0.799859971994399,0.19665988306360438,medium,0.9998
"[469764189, 1071583349]",0,0.6941,8,0.13962992669632596,0.6118,269.68,276.81,269.68,0.0,0.5693975225225226,0.35714285714285715,0.20343945919715042,0.6117223444688938,0.4354427108569952,high,0.9062
636624667,0,0.7405,7,0.010149063124447832,0.5,81.07,81.07,81.98,0.0,0.6347128378378379,0.2857142857142857,0.014787033495329937,0.4998999799959992,0.13081047905158769,medium,0.9482
"[1296759010, 23179775]",0,0.8011,10,0.028448837725226172,0.3279,130.75,137.3,130.75,0.0,0.7200168918918921,0.5,0.041449636547223695,0.32776555311062217,0.21105081241722387,low,0.9999
23556854,0,0.9124,6,0.008833087608702559,0.5,204.04,204.04,207.99,0.0,0.8766891891891894,0.21428571428571427,0.012869669289060694,0.4998999799959992,0.32942468585457246,medium,1.0
1298327174,0,1.0,12,0.08867729854328418,0.3205,48.4,48.4,51.44,0.0,1.0,0.6428571428571429,0.12920194925331113,0.3203640728145629,0.07804373808831605,low,1.0
4247625,0,0.6841,12,0.14957832446871216,0.5,106.23,108.48,106.23,0.0,0.555320945945946,0.6428571428571429,0.21793418312649301,0.4998999799959992,0.17144749168201054,low,0.9999
562087583,0,0.6958,12,0.08938015057303889,0.3714,6.48,6.48,13.06,0.0,0.5717905405405406,0.6428571428571429,0.1302259981873767,0.3712742548509702,0.010336918952094843,low,1.0
4317585,0,0.717,10,0.12235102003356915,0.1433,303.98,314.34,303.98,0.0,0.6016328828828829,0.5,0.17826425132873153,0.14312862572514504,0.49084213586587855,high,0.9981
1323682204,0,0.522,8,0.1373914446855224,0.1433,287.26,297.63,287.26,0.0,0.32713963963963966,0.35714285714285715,0.20017801152389209,0.14312862572514504,0.46383693510353075,high,1.0
1323682202,0,0.657,10,0.12448669471476016,0.3889,262.98,273.35,262.98,0.0,0.5171734234234235,0.5,0.18137590966960276,0.38877775555111027,0.42462124882902097,medium,0.8864
1323682203,0,0.5615,8,0.16829425477052212,0.1433,285.96,296.33,285.96,0.0,0.38274211711711714,0.35714285714285715,0.2452031212019841,0.14312862572514504,0.4617372484413864,high,1.0
1330897541,0,0.4175,6,0.2417988279486252,0.8616,154.46,185.84,154.46,0.0,0.18003941441441437,0.21428571428571427,0.3522986073432879,0.8615723144628926,0.24934586684756274,high,1.0
"[1330781216, 1427347885, 1513862790]",0,0.495,6,0.1168746568303711,0.6453,158.97,158.97,166.86,0.0,0.28913288288288286,0.21428571428571427,0.17028524057913155,0.6452290458091618,0.25663016442161707,high,1.0
4247627,0,0.6663,12,0.09460421422094152,0.4021,344.22,374.82,344.22,0.0,0.5302646396396397,0.6428571428571429,0.1378374108085973,0.4019803960792159,0.5558355137771749,medium,0.9999
1298327177,0,0.5355,12,0.08198792936473233,0.5,245.77,245.77,248.12,0.0,0.346143018018018,0.6428571428571429,0.11945559996943991,0.4998999799959992,0.39682462770940335,medium,1.0
1335324967,0,0.5814,11,0.11901419605281967,0.5,162.28,162.28,162.59,0.0,0.41075450450450457,0.5714285714285714,0.17340252952102253,0.4998999799959992,0.26197628969215364,medium,1.0
4247634,0,0.8071,10,0.004923730217210491,0.269,179.13,193.24,179.13,0.0,0.728462837837838,0.5,0.007173771574948603,0.26885377075415084,0.2891914591207158,low,0.9584
"[50836153, 241175195, 1072612935]",0,0.8627,11,0.013488436047792374,0.4744,11.04,11.04,14.74,0.0,0.8067286036036037,0.5714285714285714,0.01965246908892411,0.47429485897179435,0.017701973705462413,low,1.0
131929959,0,0.8164,12,0.016882485454169156,0.5648,11.91,11.91,16.43,0.0,0.7415540540540541,0.6428571428571429,0.024597567814724306,0.5647129425885177,0.01910714862551281,low,1.0
"[50836153, 241175195, 1072612935]",0,0.8627,11,0.013488436047792375,0.4744,11.04,11.04,14.74,0.0,0.8067286036036037,0.5714285714285714,0.019652469088924113,0.47429485897179435,0.017701973705462413,low,1.0
"[1209455153, 1064395419, 22734893]",0,0.7284,9,0.04900811996839255,0.6678,24.92,25.52,24.92,0.0,0.6176801801801802,0.42857142857142855,0.0714043214239477,0.6677335467093418,0.040120166682818106,low,1.0
2660144,0,0.7981,12,0.04503835008771929,0.2202,130.64,137.06,130.64,0.0,0.715793918918919,0.6428571428571429,0.06562040326949935,0.22004400880176034,0.21087314662273474,low,1.0
8390305,1,0.7792,12,0.10009446309892157,0.5,114.51,123.84,114.51,0.0072992700729927005,0.6891891891891893,0.6428571428571429,0.1458366528584672,0.4998999799959992,0.18482088057628324,low,1.0
1106626571,0,0.7073,12,0.12372704602284122,0.4801,105.31,108.23,105.31,0.0,0.5879786036036037,0.6428571428571429,0.18026910852186276,0.47999599919984,0.16996155958264691,low,1.0
"[156225746, 1418329093]",0,0.7938,7,0.06692909954883451,0.0659,79.19,81.92,79.19,0.0,0.7097409909909911,0.2857142857142857,0.09751502361992419,0.06571314262852569,0.12777400910940984,medium,0.9999
"[199768304, 192382574, 1070356424]",0,0.6871,9,0.07721401571555896,0.086,49.31,51.45,49.31,0.0,0.559543918918919,0.42857142857142855,0.11250005175047369,0.08581716343268653,0.07951351875181704,medium,1.0
1353894692,0,1.0,12,0.0021188622893995404,0.4138,323.25,619.44,323.25,0.0,1.0,0.6428571428571429,0.0030871048370407837,0.41368273654730947,0.5219659527732016,low,1.0
746727479,0,0.7588,12,0.002118862289399541,0.4138,282.09,611.91,282.09,0.0,0.660472972972973,0.6428571428571429,0.003087104837040784,0.41368273654730947,0.4554866427625416,low,0.9982
"[746727480, 4317512]",0,0.6885,11,0.09599092878637752,0.2861,298.67,543.48,298.67,0.0,0.5615146396396397,0.5714285714285714,0.1398578411587573,0.2859571914382877,0.4822657234228124,medium,0.9973
36776003,0,0.4909,9,0.2481768780050532,0.4959,126.03,139.18,126.03,0.0,0.2833614864864865,0.42857142857142855,0.36159136753348253,0.49579915983196643,0.20342733469005395,high,0.9999
1154366923,0,0.7594,6,0.0816179013314719,0.5971,74.17,84.52,74.17,0.0,0.6613175675675675,0.21428571428571427,0.1189164725329481,0.5970194038807761,0.11966598830636044,medium,1.0
"[1385475416, 1385475417, 199521016, 197476574]",0,0.5794,9,0.06918070731805553,0.4698,14.76,21.12,14.76,0.0,0.40793918918918926,0.42857142857142855,0.10079559540230815,0.46969393878775756,0.023710307846367542,medium,0.8334
772274937,0,1.0,10,0.09750564859115067,0.4834,303.96,315.75,303.96,0.0,1.0,0.5,0.14206477396369963,0.4832966593318664,0.4908098329941532,low,0.6542
246803971,0,0.7083,12,0.048400895972139334,0.2387,345.05,356.02,345.05,0.0,0.5893862612612614,0.6428571428571429,0.0705196016539569,0.23854770954190838,0.5571760829537746,medium,1.0
"[332579417, 772274937]",0,0.6708,10,0.16088091577604474,0.3838,335.96,347.97,335.96,0.0,0.5365990990990991,0.5,0.2344019545640918,0.3836767353470694,0.5424944277546274,high,0.9999
"[188429705, 261116623]",0,0.8908,6,0.008433464409284564,0.0395,20.19,20.19,21.54,0.0,0.8462837837837838,0.21428571428571427,0.012287421968049616,0.039307861572314466,0.03248053751978552,medium,0.9997
156225745,0,0.86,7,0.03395803742013882,0.0981,85.97,85.97,86.59,0.0,0.802927927927928,0.2857142857142857,0.049476489762826835,0.09791958391678336,0.1387246826242853,medium,1.0
188429703,0,0.9864,6,0.03395803742013882,0.0981,74.74,74.74,76.24,0.0,0.9808558558558561,0.21428571428571427,0.049476489762826835,0.09791958391678336,0.12058662015053138,medium,0.9995
1384106187,0,0.8561,12,0.006966421837849972,0.1108,157.71,157.71,168.61,0.0,0.7974380630630632,0.6428571428571429,0.010149954452972879,0.11062212442488496,0.2545950835029234,low,1.0
4333615,0,0.7522,12,0.11696220562105078,0.2344,146.4,146.4,156.32,0.0,0.6511824324324325,0.6428571428571429,0.170412798360825,0.23424684936987397,0.2363278095422683,low,0.9213
"[1384106187, 1462341476]",0,0.7276,12,0.11649905531472846,0.0318,221.57,221.57,232.19,0.0,0.6165540540540542,0.6428571428571429,0.16973799263014078,0.031606321264252855,0.3577381529217947,medium,1.0
"[1101475690, 39028323]",0,0.4632,5,0.1350220517149901,0.5994,135.32,143.91,135.32,0.0,0.24436936936936937,0.14285714285714285,0.19672582778800263,0.5993198639727946,0.2184320186064541,high,1.0
"[1374522009, 1385473274, 379356932, 39035433]",0,0.5779,6,0.109518546887334,0.5833,112.85,121.89,112.85,0.0,0.4058277027027027,0.21428571428571427,0.15956745614210657,0.5832166433286657,0.18213974222308363,high,0.9699
20638994,0,0.6874,8,0.16329604383839127,0.184,134.81,134.81,137.71,0.0,0.5599662162162162,0.35714285714285715,0.23792077390753313,0.18383676735347068,0.21760829537745904,high,0.9902
598147041,0,1.0,10,0.11097303376929611,0.4797,296.29,296.29,304.08,0.0,1.0,0.5,0.16168663013326015,0.4795959191838368,0.4784216816875021,medium,0.5361
"[313842644, 901443607]",0,0.6947,8,0.11097303376929611,0.4797,320.3,320.3,328.39,0.0,0.5702421171171171,0.35714285714285715,0.16168663013326015,0.4795959191838368,0.5172012791937204,high,0.9999
598147041,0,1.0,12,0.11097303376929611,0.4797,290.46,290.46,298.17,0.0,1.0,0.6428571428571429,0.16168663013326015,0.4795959191838368,0.4690053945795781,low,1.0
598147041,0,1.0,10,0.11097303376929611,0.4797,296.29,296.29,304.08,0.0,1.0,0.5,0.16168663013326015,0.4795959191838368,0.4784216816875021,medium,0.5361
2415185,0,0.7331,12,0.149487380871485,0.5,249.34,249.34,249.99,0.0,0.6242961711711712,0.6428571428571429,0.2178016791429261,0.4998999799959992,0.40259069031236877,medium,0.998
1384106187,0,0.8561,12,0.006966421837849972,0.1108,157.71,157.71,168.61,0.0,0.7974380630630632,0.6428571428571429,0.010149954452972879,0.11062212442488496,0.2545950835029234,low,1.0
"[1335728929, 1384106187]",0,0.6918,10,0.08176328024825756,0.4002,127.76,127.76,136.74,0.0,0.5661599099099099,0.5,0.11912828827576089,0.40008001600320064,0.2062215330942921,medium,0.9836
"[58703796, 1384817517]",0,0.8503,8,0.08535724133965876,0.4854,193.7,193.7,195.82,0.0,0.7892736486486487,0.35714285714285715,0.12436465648544939,0.4852970594118824,0.3127241011725942,medium,1.0
"[30047762, 8117301]",0,0.7513,9,0.13393976460449705,0.5,243.65,243.65,253.39,0.0,0.6499155405405406,0.42857142857142855,0.19514894543590908,0.4998999799959992,0.3934005233065219,medium,0.9996
4471813,0,0.6348,9,0.18821031206273378,0.4863,170.23,170.23,175.8,0.0,0.4859234234234235,0.42857142857142855,0.274220633249287,0.4861972394478896,0.27481668120295893,medium,0.8225
30477242,0,0.8739,7,0.049041777937807715,0.2415,143.78,233.54,143.78,0.0,0.8224943693693695,0.2857142857142857,0.07145336077539476,0.24134826965393077,0.23209613334625448,medium,1.0
1414910039,0,0.8701,6,0.01644996784169239,0.2563,135.02,214.88,135.02,0.0,0.8171452702702704,0.21428571428571427,0.023967393636845066,0.2561512302460492,0.21794747553057467,medium,1.0
1128116456,0,1.0,6,0.01644996784169239,0.2563,137.7,208.12,137.7,0.0,1.0,0.21428571428571427,0.023967393636845066,0.2561512302460492,0.22227606034176434,medium,0.9981
8117296,0,0.7858,8,0.07241788876285045,0.2563,156.8,190.11,156.8,0.0,0.6984797297297298,0.35714285714285715,0.10551213895284192,0.2561512302460492,0.2531253028394224,medium,1.0
25654300,0,0.7641,8,0.09654439751292132,0.5,206.45,206.45,215.28,0.0,0.6679335585585586,0.35714285714285715,0.14066423999586902,0.4998999799959992,0.33331718189747067,medium,1.0
8117299,0,1.0,11,0.09654439751292132,0.5,190.9,193.5,190.9,0.0,1.0,0.5714285714285714,0.14066423999586902,0.4998999799959992,0.3082016991310527,low,1.0
8117299,0,0.6639,12,0.12355307580948098,0.5,102.32,102.32,111.24,0.0,0.5268862612612614,0.6428571428571429,0.18001563552326746,0.4998999799959992,0.16513228025971508,low,1.0
25654300,0,0.7641,8,0.09654439751292132,0.5,206.45,206.45,215.28,0.0,0.6679335585585586,0.35714285714285715,0.14066423999586902,0.4998999799959992,0.33331718189747067,medium,1.0
40621563,0,0.6921,8,0.09205909626366492,0.4435,125.4,125.97,125.4,0.0,0.5665822072072073,0.35714285714285715,0.13412919738545345,0.44338867773554713,0.20240979423070712,medium,1.0
1417213555,0,0.894,12,0.006955275257308592,0.1211,217.23,219.92,217.23,0.0,0.8507882882882885,0.6428571428571429,0.01013371398778441,0.12092418483696739,0.3507284297574054,low,1.0
493711859,0,0.7629,11,0.07088115833778669,0.5,190.43,193.1,190.43,0.0,0.6662443693693695,0.5714285714285714,0.10327313687685458,0.4998999799959992,0.3074425816455083,low,0.9988
1418305560,0,0.7205,8,0.18012443111332205,0.1148,229.82,238.68,229.82,0.0,0.6065596846846848,0.35714285714285715,0.26243957917718574,0.11462292458491698,0.3710630875084795,high,1.0
"[188842324, 1447583639]",0,0.8826,8,0.007739198214219363,0.1072,150.16,280.46,150.16,0.0,0.8347409909909911,0.35714285714285715,0.011275882516050856,0.10702140428085617,0.242400749426624,medium,0.9998
40708683,0,0.826,8,0.102222489108486,0.2575,159.35,159.35,202.18,0.0,0.7550675675675677,0.35714285714285715,0.14893716715522298,0.25735147029405886,0.2572439189843977,medium,1.0
154540886,0,0.7226,12,0.18245494678839672,0.2658,319.49,321.34,319.49,0.0,0.6095157657657658,0.6428571428571429,0.26583511905165447,0.2656531306261252,0.5158930128888459,medium,0.9441
154540886,0,0.7393,12,0.16879231996664987,0.0447,386.53,387.44,386.53,0.0,0.6330236486486486,0.6428571428571429,0.2459287976055477,0.04450890178035607,0.6241722389120393,high,0.9999
"[1420128101, 1420128102, 1420128103]",0,0.7465,8,0.14295766496815315,0.1274,332.67,333.4,332.67,0.0,0.6431587837837839,0.35714285714285715,0.2082879432106393,0.1272254450890178,0.5371806053558162,high,1.0
"[1420128101, 1420128102, 1420128103]",0,0.7465,8,0.14295766496815315,0.1274,332.67,333.4,332.67,0.0,0.6431587837837839,0.35714285714285715,0.2082879432106393,0.1272254450890178,0.5371806053558162,high,1.0
1420148375,0,0.68,12,0.13500828402206738,0.3208,259.56,259.56,263.68,0.0,0.5495495495495496,0.6428571428571429,0.19670576838621506,0.3206641328265653,0.41909745776399526,medium,1.0
67381615,0,0.577,8,0.15021484831912676,0.5,243.07,243.07,253.94,0.0,0.40456081081081074,0.35714285714285715,0.21886159251414447,0.4998999799959992,0.3924637400264883,high,1.0
"[154540881, 959924582]",0,0.7252,9,0.07283961628128416,0.2421,249.63,249.63,254.34,0.0,0.6131756756756757,0.42857142857142855,0.1061265920630775,0.24194838967793558,0.40305908195238555,medium,0.9278
1420157466,0,0.6138,8,0.07852525164805507,0.5,201.4,208.07,201.4,0.0,0.45636261261261263,0.35714285714285715,0.1144105104276006,0.4998999799959992,0.32516070678683334,medium,0.8656
1423869859,0,1.0,8,0.19375267264648888,0.4323,229.94,229.94,240.52,0.0,1.0,0.35714285714285715,0.2822958015745209,0.43218643728745754,0.3712569047388313,medium,1.0
"[47009681, 1055385140, 1055385141]",0,0.434,11,0.18398955217143312,0.6412,166.96,174.21,166.96,0.0,0.20326576576576574,0.5714285714285714,0.2680710249609796,0.6411282256451291,0.269535161675873,medium,0.995
8179134,51,0.4418,12,0.16188706697646646,0.616,286.11,286.11,296.02,0.3722627737226277,0.2142454954954955,0.6428571428571429,0.2358679075964253,0.6159231846369274,0.46197951997932624,medium,1.0
237396464,0,0.8666,10,0.0505106773619359,0.5,121.93,121.93,154.5,0.0,0.8122184684684685,0.5,0.0735935337077444,0.4998999799959992,0.1968052459863682,low,1.0
"[1238201155, 562604873, 1355517578, 1394054254, 237396463, 237396464, 237396465, 929968152, 857641113, 47048379]",5,0.6483,12,0.12209637340748879,0.4137,9.93,9.93,13.01,0.0364963503649635,0.5049268018018018,0.6428571428571429,0.17789323353983505,0.4135827165433087,0.015909164324708465,low,1.0
1450344102,0,0.7852,7,0.06763601666360024,0.1651,249.23,331.45,249.23,0.0,0.6976351351351352,0.2857142857142857,0.09854499534541128,0.16493298659731945,0.40241302451787964,high,0.9994
630490578,0,0.8144,8,0.07450985792136362,0.0445,267.13,274.81,267.13,0.0,0.7387387387387387,0.35714285714285715,0.10856011874970065,0.04430886177235447,0.43132409471201993,high,0.9974
4323936,0,0.8323,12,0.06561284053270484,0.0445,234.11,241.27,234.11,0.0,0.7639358108108109,0.6428571428571429,0.09559724635620592,0.04430886177235447,0.3779920534935556,medium,0.9837
4323936,0,0.6771,12,0.1667165992528897,0.0031,205.2,212.97,205.2,0.0,0.5454673423423424,0.6428571428571429,0.24290449164304548,0.0029005801160232043,0.3312982524146396,medium,0.9929
566873515,0,0.34,8,0.2765005297156725,0.2125,279.12,287.59,279.12,0.0,0.07094594594594596,0.35714285714285715,0.40285866721422364,0.21234246849369873,0.4506896663113351,high,1.0
36775547,0,0.4524,6,0.19322858703673929,0.4902,39.49,44.96,39.49,0.0,0.22916666666666669,0.21428571428571427,0.281532213667959,0.4900980196039208,0.06365280873469652,high,1.0
8364690,0,0.6567,8,0.14150521451594508,0.1828,153.79,162.87,153.79,0.0,0.5167511261261261,0.35714285714285715,0.20617173627888177,0.18263652730546107,0.2482637206447653,high,0.9989
"[888020107, 888023668]",16,0.6409,7,0.030093624615461848,0.0075,26.06,26.06,182.53,0.11678832116788321,0.4945101351351352,0.2857142857142857,0.04384607589776342,0.007301460292058411,0.04196143037116,medium,1.0
888020113,10,0.7777,8,0.0010137571182646636,0.0731,22.7,22.7,200.05,0.072992700729927,0.6870777027027026,0.35714285714285715,0.0014769767807470678,0.0729145829165833,0.03653454792131021,low,0.9743
"[1210470864, 835476530]",0,0.5594,8,0.06900743323320802,0.1485,119.32,123.88,119.32,0.0,0.37978603603603606,0.35714285714285715,0.10054313665654452,0.1483296659331866,0.192589721226217,high,0.9804
16295338,0,0.6837,8,0.09907862346660606,0.102,76.79,76.79,85.43,0.0,0.5547578828828829,0.35714285714285715,0.14435658387009517,0.10182036407281454,0.12389766450237427,medium,0.9949
4333613,0,0.8283,9,0.04573456000556302,0.1647,331.18,339.69,331.18,0.0,0.7583051801801802,0.42857142857142855,0.06663477470768468,0.16453290658131628,0.5347740414122816,medium,0.7399
"[536399773, 536399774, 6273295]",0,0.8937,10,0.036490286633871015,0.4737,367.48,375.14,367.48,0.0,0.8503659909909912,0.5,0.05316595354514795,0.4735947189437888,0.5934037535936946,medium,1.0
1141851562,0,0.6516,11,0.08993914525483226,0.4737,304.34,334.84,304.34,0.0,0.509572072072072,0.5714285714285714,0.13104044829039288,0.4735947189437888,0.4914235875569338,medium,0.9999
