id,lon,lat,first_seen_at,last_seen_at,object_type
241930491264388,2.1798666,41.38311,2021-10-26T13:59:16+0000,2021-10-26T13:59:16+0000,panoptic
241930507931053,2.1795955,41.383293,2021-10-26T13:59:22+0000,2021-10-26T13:59:22+0000,panoptic
241930541264383,2.1799169,41.383068,2021-10-26T13:59:21+0000,2021-10-26T13:59:21+0000,panoptic
241930574597713,2.179932,41.383057,2021-10-26T13:59:22+0000,2021-10-26T13:59:22+0000,trafficsign
241930637931040,2.1797483,41.383015,2021-10-26T13:59:03+0000,2021-10-26T13:59:03+0000,panoptic
241930654597705,2.1800096,41.383007,2021-10-26T13:59:18+0000,2021-10-26T13:59:18+0000,panoptic
241930681264369,2.1798682,41.383102,2021-10-26T13:59:18+0000,2021-10-26T13:59:18+0000,panoptic
241930691264368,2.1799324,41.383057,2021-10-26T13:59:18+0000,2021-10-26T13:59:18+0000,panoptic
241930721264365,2.1796663,41.383236,2021-10-26T13:59:20+0000,2021-10-26T13:59:20+0000,panoptic
241930737931030,2.1799383,41.383053,2021-10-26T13:59:18+0000,2021-10-26T13:59:18+0000,panoptic
959607951480468,2.1683104,41.38312,2020-05-08T08:30:45+0000,2020-05-08T08:30:45+0000,mvd_fast
959772858130644,2.1683059,41.38322,2020-05-08T08:31:05+0000,2020-05-08T08:31:05+0000,mvd_fast
959928654781731,2.168313,41.383152,2020-05-08T08:30:54+0000,2020-05-08T08:30:54+0000,mvd_fast
3799089436864291,2.1575887,41.396095,2015-07-07T20:34:12+0000,2015-07-07T20:34:12+0000,mvd_fast
3799430023496899,2.1573272,41.396008,2015-07-07T20:34:17+0000,2024-02-22T14:32:54+0000,mvd_fast
3799835040123064,2.1571815,41.39617,2015-07-07T20:34:17+0000,2015-07-07T20:34:17+0000,mvd_fast
3799990916774143,2.1576083,41.396076,2015-07-07T20:34:14+0000,2024-02-22T13:04:58+0000,mvd_fast
3800408976732337,2.1576424,41.396152,2015-07-07T20:34:12+0000,2024-02-22T13:05:00+0000,mvd_fast
298538288654191,2.169029,41.384262,2020-05-08T08:34:37+0000,2020-05-08T08:34:37+0000,mvd_fast
298647518643268,2.168843,41.384415,2020-05-08T08:34:59+0000,2020-05-08T08:34:59+0000,mvd_fast
750651141211568,2.1741018,41.395782,2025-08-23T14:12:24+0000,2025-08-23T14:12:24+0000,panoptic
750651157878233,2.1741016,41.395786,2025-08-23T14:12:25+0000,2025-08-23T14:12:25+0000,trafficsign
1089852422280603,2.16491,41.390495,2024-03-29T10:08:19+0000,2024-03-29T10:08:19+0000,panoptic
1089852425613936,2.1647892,41.390324,2024-03-29T10:08:12+0000,2024-03-29T10:08:12+0000,panoptic
1089852428947269,2.1645782,41.390152,2024-03-29T10:08:20+0000,2025-08-19T13:06:12+0000,panoptic
1089852432280602,2.164686,41.39038,2024-03-29T10:08:12+0000,2024-03-29T10:08:12+0000,panoptic
1089852435613935,2.1649137,41.39041,2024-03-29T10:08:12+0000,2024-03-29T10:08:12+0000,panoptic
1089852438947268,2.164817,41.390274,2024-03-29T10:08:19+0000,2025-08-19T13:35:42+0000,panoptic
1089852442280601,2.1647708,41.390415,2024-03-29T10:08:32+0000,2025-08-19T13:06:12+0000,panoptic
1089852445613934,2.1650062,41.390526,2024-03-29T10:08:15+0000,2025-08-19T13:35:58+0000,panoptic
1089852448947267,2.1648557,41.390427,2024-03-29T10:08:17+0000,2024-03-29T10:08:17+0000,panoptic
1089852452280600,2.1649816,41.390583,2024-03-29T10:08:12+0000,2024-03-29T10:08:12+0000,panoptic
1089852455613933,2.1648052,41.39042,2024-03-29T10:08:32+0000,2024-03-29T10:08:32+0000,panoptic
1089852458947266,2.1647496,41.390385,2024-03-29T10:08:30+0000,2024-03-29T10:08:30+0000,panoptic
1089852462280599,2.1647522,41.390575,2024-03-29T10:08:12+0000,2024-03-29T10:08:12+0000,panoptic
1089852465613932,2.1649704,41.390415,2024-03-29T10:08:12+0000,2025-08-19T13:35:47+0000,panoptic
1089852468947265,2.1646695,41.389904,2024-03-29T10:08:30+0000,2024-03-29T10:08:30+0000,panoptic
1089852472280598,2.1645148,41.39041,2024-03-29T10:08:24+0000,2025-08-19T13:06:07+0000,panoptic
1089852475613931,2.1644542,41.390385,2024-03-29T10:08:27+0000,2024-03-29T10:08:27+0000,trafficsign
1089852478947264,2.1644356,41.390377,2024-03-29T10:08:38+0000,2024-03-29T10:08:38+0000,trafficsign
1089852482280597,2.1643384,41.390312,2024-03-29T10:08:19+0000,2024-03-29T10:08:19+0000,trafficsign
1089852485613930,2.1642418,41.390266,2024-03-29T10:08:32+0000,2024-03-29T10:08:32+0000,trafficsign
1089852488947263,2.1644545,41.390385,2024-03-29T10:08:27+0000,2024-03-29T10:08:27+0000,trafficsign
1089852492280596,2.1648161,41.390327,2024-03-29T10:08:12+0000,2025-08-19T13:35:47+0000,panoptic
1089852495613929,2.1646144,41.390434,2024-03-29T10:08:15+0000,2024-03-29T10:08:15+0000,panoptic
1089852498947262,2.1646664,41.390427,2024-03-29T10:08:32+0000,2025-08-19T13:06:12+0000,panoptic
1089852502280595,2.1642423,41.390266,2024-03-29T10:08:22+0000,2024-03-29T10:08:22+0000,panoptic
1089852505613928,2.1644342,41.390366,2024-03-29T10:08:32+0000,2025-08-19T13:06:10+0000,panoptic
1089852508947261,2.1644964,41.390392,2024-03-29T10:08:12+0000,2025-08-19T13:06:07+0000,panoptic
1089852512280594,2.1644347,41.390366,2024-03-29T10:08:32+0000,2025-08-19T13:06:19+0000,panoptic
1089852515613927,2.1644962,41.390392,2024-03-29T10:08:12+0000,2025-08-19T13:06:19+0000,panoptic
1089852518947260,2.1643398,41.390312,2024-03-29T10:08:15+0000,2024-03-29T10:08:15+0000,panoptic
1089852522280593,2.1643305,41.3903,2024-03-29T10:08:32+0000,2024-03-29T10:08:32+0000,panoptic
1089852525613926,2.1647437,41.390087,2024-03-29T10:08:30+0000,2025-08-19T13:35:28+0000,panoptic
1089852528947259,2.1645184,41.390438,2024-03-29T10:08:19+0000,2024-03-29T10:08:19+0000,panoptic
1089852532280592,2.164656,41.390305,2024-03-29T10:08:24+0000,2025-08-19T13:06:10+0000,panoptic
1089852535613925,2.164637,41.390247,2024-03-29T10:08:15+0000,2024-03-29T10:08:15+0000,panoptic
1089852538947258,2.1646712,41.3903,2024-03-29T10:08:32+0000,2025-08-19T13:06:11+0000,panoptic
1089852542280591,2.164265,41.39022,2024-03-29T10:08:35+0000,2024-03-29T10:08:35+0000,panoptic
1089852545613924,2.1646292,41.39024,2024-03-29T10:08:19+0000,2025-08-19T13:35:36+0000,panoptic
1089852548947257,2.1648192,41.39034,2024-03-29T10:08:17+0000,2025-08-19T13:35:47+0000,panoptic
1089852552280590,2.1646237,41.390236,2024-03-29T10:08:17+0000,2024-03-29T10:08:17+0000,panoptic
1089852555613923,2.1644897,41.39039,2024-03-29T10:08:27+0000,2025-08-19T13:06:10+0000,panoptic
1089852558947256,2.16457,41.39016,2024-03-29T10:08:15+0000,2025-08-19T13:35:27+0000,panoptic
1089852562280589,2.1643643,41.390488,2024-03-29T10:08:17+0000,2024-03-29T10:08:17+0000,panoptic
1089852565613922,2.1647615,41.39052,2024-03-29T10:08:19+0000,2024-03-29T10:08:19+0000,panoptic
1089852568947255,2.1647537,41.390526,2024-03-29T10:08:12+0000,2024-03-29T10:08:12+0000,panoptic
1089852572280588,2.164341,41.390312,2024-03-29T10:08:12+0000,2024-03-29T10:08:12+0000,panoptic
1089852575613921,2.1646276,41.390015,2024-03-29T10:08:30+0000,2025-08-19T13:35:27+0000,panoptic
289833376523393,2.1802542,41.384777,2021-09-06T11:03:36+0000,2021-09-06T11:03:36+0000,panoptic
289833379856726,2.180276,41.384773,2021-09-06T11:03:47+0000,2021-09-06T11:03:47+0000,panoptic
344566231739107,2.1696632,41.38807,2024-02-05T08:29:04+0000,2024-02-05T08:29:04+0000,panoptic
344566235072440,2.169661,41.388065,2024-02-05T08:29:08+0000,2024-02-05T08:29:08+0000,panoptic
344566238405773,2.16966,41.38807,2024-02-05T08:29:04+0000,2024-02-05T08:29:04+0000,panoptic
344566241739106,2.1696603,41.38807,2024-02-05T08:29:04+0000,2024-02-05T08:29:04+0000,panoptic
926752502394474,2.179908,41.40163,2023-12-27T11:43:14+0000,2023-12-27T11:43:14+0000,panoptic
926752509061140,2.1797574,41.401657,2023-12-27T11:43:11+0000,2023-12-27T11:43:11+0000,panoptic
926752515727806,2.180147,41.40183,2023-12-27T11:43:16+0000,2023-12-27T11:43:16+0000,panoptic
926752519061139,2.179907,41.401558,2023-12-27T11:43:10+0000,2025-08-09T14:57:16+0000,panoptic
926752529061138,2.1800032,41.40161,2023-12-27T11:43:14+0000,2023-12-27T11:43:14+0000,panoptic
926752532394471,2.1797724,41.401257,2023-12-27T11:43:05+0000,2023-12-27T11:43:05+0000,panoptic
926752569061134,2.1794071,41.401176,2023-12-27T11:43:05+0000,2023-12-27T11:43:05+0000,panoptic
926752572394467,2.1798964,41.40158,2023-12-27T11:43:11+0000,2023-12-27T11:43:11+0000,panoptic
926752575727800,2.1804628,41.402,2023-12-27T11:43:16+0000,2023-12-27T11:43:16+0000,panoptic
926752579061133,2.1798403,41.401955,2023-12-27T11:43:13+0000,2023-12-27T11:43:13+0000,panoptic
926752589061132,2.1794453,41.401234,2023-12-27T11:43:05+0000,2023-12-27T11:43:05+0000,panoptic
926752602394464,2.1796982,41.401344,2023-12-27T11:43:10+0000,2023-12-27T11:43:10+0000,panoptic
926752605727797,2.180178,41.401943,2023-12-27T11:43:16+0000,2023-12-27T11:43:16+0000,panoptic
926752612394463,2.1799347,41.40157,2023-12-27T11:43:10+0000,2023-12-27T11:43:10+0000,trafficsign
926752615727796,2.1798692,41.401684,2023-12-27T11:43:14+0000,2023-12-27T11:43:14+0000,trafficsign
926752619061129,2.1794808,41.40118,2023-12-27T11:43:05+0000,2023-12-27T11:43:05+0000,panoptic
926752629061128,2.1794302,41.40114,2023-12-27T11:43:05+0000,2023-12-27T11:43:05+0000,panoptic
926752639061127,2.1798236,41.40169,2023-12-27T11:43:08+0000,2023-12-27T11:43:08+0000,panoptic
926752642394460,2.1795921,41.401203,2023-12-27T11:43:05+0000,2023-12-27T11:43:05+0000,panoptic
926752649061126,2.1798632,41.40168,2023-12-27T11:43:12+0000,2023-12-27T11:43:12+0000,panoptic
926752652394459,2.1797862,41.40157,2023-12-27T11:43:10+0000,2023-12-27T11:43:10+0000,panoptic
926752655727792,2.179932,41.40157,2023-12-27T11:43:11+0000,2023-12-27T11:43:11+0000,panoptic
926752659061125,2.1799145,41.401672,2023-12-27T11:43:10+0000,2025-08-09T14:57:20+0000,panoptic
926752675727790,2.179482,41.401188,2023-12-27T11:43:05+0000,2023-12-27T11:43:05+0000,panoptic
926752682394456,2.1800218,41.401596,2023-12-27T11:43:12+0000,2023-12-27T11:43:12+0000,panoptic
926752695727788,2.1794798,41.40118,2023-12-27T11:43:05+0000,2023-12-27T11:43:05+0000,panoptic
926752699061121,2.180179,41.401943,2023-12-27T11:43:17+0000,2023-12-27T11:43:17+0000,panoptic
926752709061120,2.179743,41.40165,2023-12-27T11:43:10+0000,2023-12-27T11:43:10+0000,panoptic
926752712394453,2.1798966,41.40158,2023-12-27T11:43:11+0000,2023-12-27T11:43:11+0000,trafficsign
1381237633181123,2.169503,41.389854,2025-05-27T20:41:01+0000,2025-05-27T20:41:01+0000,panoptic
4131610613527964,2.164962,41.391907,2016-02-27T12:42:00+0000,2021-05-22T08:34:31+0000,trafficsign
4181145708574454,2.165207,41.39168,2016-02-27T12:42:06+0000,2016-02-27T12:42:12+0000,mvd_fast
4181464321875926,2.1650019,41.391865,2016-02-27T12:42:00+0000,2021-05-22T08:34:31+0000,mvd_fast
4182592438429781,2.165113,41.39197,2016-02-27T12:42:00+0000,2025-05-27T20:37:43+0000,mvd_fast
4182629395092752,2.1649387,41.39191,2016-02-27T12:42:04+0000,2025-05-27T20:37:41+0000,mvd_fast
4182755725080119,2.1650808,41.39186,2016-02-27T12:42:02+0000,2016-02-27T12:42:02+0000,mvd_fast
4182950048394020,2.1649685,41.391914,2016-02-27T12:42:02+0000,2021-05-22T08:34:34+0000,mvd_fast
4186085021413856,2.164941,41.39154,2016-02-27T12:42:16+0000,2016-02-27T12:42:16+0000,mvd_fast
557769028522400,2.1785553,41.401134,2015-12-27T12:44:12+0000,2015-12-27T12:44:12+0000,mvd_fast
557779685188001,2.178562,41.40117,2015-12-27T12:44:16+0000,2015-12-27T12:44:16+0000,mvd_fast
557839471848689,2.1790695,41.401314,2015-12-27T12:44:16+0000,2015-12-27T12:44:16+0000,mvd_fast
557878868511416,2.1788864,41.40121,2015-12-27T12:44:12+0000,2015-12-27T12:44:12+0000,mvd_fast
557920768507226,2.178924,41.401314,2015-12-27T12:44:12+0000,2025-08-09T14:56:51+0000,mvd_fast
946726549809144,2.179861,41.39102,2023-04-18T17:45:56+0000,2023-04-18T17:45:56+0000,panoptic
946726553142477,2.179913,41.39121,2023-04-18T17:45:56+0000,2023-04-18T17:45:56+0000,panoptic
946726559809143,2.1798015,41.391018,2023-04-18T17:45:58+0000,2024-02-27T15:22:04+0000,panoptic
946726563142476,2.1797724,41.39101,2023-04-18T17:45:58+0000,2024-02-27T15:22:04+0000,panoptic
946726566475809,2.1800296,41.391087,2023-04-18T17:46:01+0000,2024-03-01T17:15:41+0000,panoptic
946726569809142,2.1799989,41.391155,2023-04-18T17:45:56+0000,2024-02-27T15:21:47+0000,panoptic
946726573142475,2.1800146,41.39108,2023-04-18T17:46:01+0000,2024-03-01T17:15:45+0000,panoptic
1312044690548993,2.1657355,41.398014,2025-09-19T07:32:47+0000,2025-09-19T07:32:47+0000,panoptic
1312044693882326,2.1656876,41.39792,2025-09-19T07:32:51+0000,2025-09-19T07:32:51+0000,panoptic
1312044697215659,2.1660328,41.398052,2025-09-19T07:33:18+0000,2025-11-05T08:32:21+0000,panoptic
1312044703882325,2.1653209,41.39792,2025-09-19T07:32:38+0000,2025-09-19T07:32:38+0000,panoptic
1312044707215658,2.1657963,41.398083,2025-09-19T07:33:12+0000,2025-09-19T07:33:12+0000,panoptic
1312044710548991,2.1657379,41.397774,2025-09-19T07:32:53+0000,2025-09-19T07:32:53+0000,panoptic
1312044713882324,2.1655233,41.398026,2025-09-19T07:32:59+0000,2025-09-19T07:32:59+0000,panoptic
1312044717215657,2.1653225,41.397907,2025-09-19T07:32:40+0000,2025-09-19T07:32:40+0000,panoptic
1312044720548990,2.1658075,41.398014,2025-09-19T07:32:58+0000,2025-09-19T07:32:58+0000,panoptic
1312044727215656,2.1654682,41.39796,2025-09-19T07:32:49+0000,2025-09-19T07:32:49+0000,panoptic
1312044730548989,2.1654112,41.397934,2025-09-19T07:32:46+0000,2025-09-19T07:32:46+0000,panoptic
1312044733882322,2.1661928,41.398075,2025-09-19T07:33:24+0000,2025-11-05T08:32:23+0000,panoptic
1312044737215655,2.1656513,41.397842,2025-09-19T07:32:40+0000,2025-09-19T07:32:40+0000,panoptic
1312044740548988,2.1661408,41.39819,2025-09-19T07:33:12+0000,2025-09-19T07:33:12+0000,panoptic
1312044743882321,2.1656451,41.397846,2025-09-19T07:32:44+0000,2025-09-19T07:32:44+0000,panoptic
1312044747215654,2.165839,41.397953,2025-09-19T07:33:09+0000,2025-09-19T07:33:09+0000,panoptic
1312044753882320,2.1652164,41.39782,2025-09-19T07:32:34+0000,2025-09-19T07:32:34+0000,trafficsign
1312044760548986,2.1661136,41.398186,2025-09-19T07:32:46+0000,2025-09-19T07:32:46+0000,panoptic
175444007804739,2.1783721,41.38385,2017-05-29T12:07:34+0000,2017-05-29T12:07:34+0000,trafficsign
175457551136718,2.1779616,41.383656,2017-05-29T12:06:44+0000,2017-05-29T12:06:44+0000,trafficsign
175766324439174,2.1778588,41.383595,2017-05-29T12:06:44+0000,2017-05-29T12:06:44+0000,trafficsign
175894551093018,2.1779346,41.3837,2017-05-29T12:06:59+0000,2017-05-29T12:06:59+0000,trafficsign
175902751092198,2.1783888,41.383938,2017-05-29T12:07:04+0000,2017-05-29T12:07:04+0000,trafficsign
175969774418829,2.1782446,41.383854,2017-05-29T12:07:19+0000,2017-05-29T12:07:19+0000,trafficsign
184978360184637,2.1782315,41.383873,2017-05-29T12:07:34+0000,2017-05-29T12:07:34+0000,mvd_fast
185059536843186,2.1779838,41.383686,2017-05-29T12:07:04+0000,2017-05-29T12:07:04+0000,mvd_fast
185172626831877,2.1778848,41.383686,2017-05-29T12:06:59+0000,2024-03-27T14:11:46+0000,mvd_fast
185886110093862,2.1783025,41.384098,2017-05-29T12:07:24+0000,2017-05-29T12:07:24+0000,mvd_fast
708929251438376,2.1661701,41.398426,2024-02-22T13:01:34+0000,2024-02-22T13:01:34+0000,panoptic
708929254771709,2.1665258,41.3985,2024-02-22T13:01:29+0000,2024-02-22T13:01:29+0000,panoptic
708929258105042,2.164527,41.398006,2024-02-22T13:01:56+0000,2024-02-22T13:01:56+0000,panoptic
708929261438375,2.163425,41.39762,2024-02-22T13:02:36+0000,2024-02-22T13:02:36+0000,panoptic
708929264771708,2.1633842,41.397785,2024-02-22T13:02:36+0000,2024-02-22T13:02:36+0000,panoptic
708929268105041,2.1633866,41.397736,2024-02-22T13:02:36+0000,2024-02-22T13:02:36+0000,panoptic
708929274771707,2.1632833,41.397594,2024-02-22T13:02:40+0000,2024-02-22T13:02:40+0000,panoptic
708929278105040,2.164193,41.397694,2024-02-22T13:01:59+0000,2024-02-22T13:01:59+0000,panoptic
708929281438373,2.1641567,41.39784,2024-02-22T13:02:14+0000,2024-02-22T13:02:14+0000,panoptic
708929284771706,2.1661031,41.39839,2024-02-22T13:01:36+0000,2024-02-22T13:01:36+0000,panoptic
708929288105039,2.1646273,41.398087,2024-02-22T13:01:52+0000,2024-02-22T13:01:52+0000,panoptic
708929291438372,2.1633854,41.397778,2024-02-22T13:02:36+0000,2024-02-22T13:02:36+0000,panoptic
708929294771705,2.1634045,41.397682,2024-02-22T13:02:40+0000,2024-02-22T13:02:40+0000,panoptic
708929298105038,2.1647594,41.397972,2024-02-22T13:01:56+0000,2024-02-22T13:01:56+0000,panoptic
708929301438371,2.1644285,41.39801,2024-02-22T13:02:23+0000,2024-02-22T13:02:23+0000,panoptic
708929304771704,2.1663554,41.398582,2024-02-22T13:01:30+0000,2024-02-22T13:01:30+0000,panoptic
708929308105037,2.163486,41.39772,2024-02-22T13:02:41+0000,2024-02-22T13:02:41+0000,panoptic
708929311438370,2.1647246,41.39807,2024-02-22T13:01:55+0000,2024-02-22T13:01:55+0000,panoptic
708929314771703,2.1661742,41.398502,2024-02-22T13:01:30+0000,2024-02-22T14:35:57+0000,panoptic
708929318105036,2.1665983,41.39851,2024-02-22T13:01:29+0000,2024-02-22T13:01:29+0000,panoptic
708929321438369,2.1661963,41.398464,2024-02-22T13:01:31+0000,2024-02-22T14:36:01+0000,panoptic
708929324771702,2.1660001,41.398266,2024-02-22T13:01:34+0000,2024-02-22T13:01:34+0000,panoptic
708929328105035,2.1661448,41.398376,2024-02-22T13:01:31+0000,2024-02-22T14:35:59+0000,panoptic
708929331438368,2.164753,41.39804,2024-02-22T13:01:57+0000,2024-02-22T13:01:57+0000,panoptic
708929334771701,2.1659093,41.39832,2024-02-22T13:01:37+0000,2024-02-22T13:01:37+0000,panoptic
708929341438367,2.1633124,41.39759,2024-02-22T13:02:36+0000,2024-02-22T13:02:36+0000,panoptic
708929344771700,2.166273,41.398422,2024-02-22T13:01:30+0000,2024-02-22T14:36:01+0000,panoptic
708929348105033,2.1634512,41.39775,2024-02-22T13:02:37+0000,2024-02-22T13:02:37+0000,panoptic
708929351438366,2.1649218,41.39815,2024-02-22T13:01:52+0000,2024-02-22T13:01:52+0000,panoptic
708929354771699,2.1647682,41.398117,2024-02-22T13:01:56+0000,2024-02-22T13:01:56+0000,panoptic
708929358105032,2.1634037,41.397686,2024-02-22T13:02:41+0000,2024-02-22T13:02:41+0000,panoptic
708929361438365,2.1634521,41.397697,2024-02-22T13:02:41+0000,2024-02-22T13:02:41+0000,panoptic
708929364771698,2.163451,41.39775,2024-02-22T13:02:33+0000,2024-02-22T13:02:33+0000,panoptic
708929368105031,2.1646168,41.39809,2024-02-22T13:01:56+0000,2024-02-22T13:01:56+0000,panoptic
708929371438364,2.1663156,41.398388,2024-02-22T13:01:33+0000,2024-02-22T13:01:33+0000,panoptic
708929374771697,2.1642375,41.397728,2024-02-22T13:01:56+0000,2024-02-22T13:01:56+0000,panoptic
708929378105030,2.1643715,41.398132,2024-02-22T13:02:00+0000,2024-02-22T13:02:00+0000,panoptic
708929381438363,2.1655602,41.398224,2024-02-22T13:01:39+0000,2024-02-22T13:01:39+0000,panoptic
708929384771696,2.1647627,41.398045,2024-02-22T13:01:52+0000,2024-02-22T13:01:52+0000,panoptic
708929388105029,2.1633875,41.39773,2024-02-22T13:02:41+0000,2024-02-22T13:02:41+0000,panoptic
708929391438362,2.1634314,41.39782,2024-02-22T13:02:33+0000,2024-02-22T13:02:33+0000,panoptic
708929394771695,2.1643496,41.39798,2024-02-22T13:02:24+0000,2024-02-22T13:02:24+0000,panoptic
708929398105028,2.1663733,41.398594,2024-02-22T13:01:29+0000,2024-02-22T13:01:29+0000,panoptic
708929401438361,2.1663268,41.398384,2024-02-22T13:01:31+0000,2024-02-22T14:35:57+0000,panoptic
708929404771694,2.166299,41.398403,2024-02-22T13:01:34+0000,2024-02-22T14:35:57+0000,panoptic
708929408105027,2.1640973,41.397892,2024-02-22T13:02:29+0000,2024-02-22T13:02:29+0000,panoptic
708929411438360,2.1646023,41.398106,2024-02-22T13:02:00+0000,2024-02-22T13:02:00+0000,panoptic
708929414771693,2.164632,41.398083,2024-02-22T13:01:57+0000,2024-02-22T13:01:57+0000,panoptic
708929418105026,2.1662138,41.39843,2024-02-22T13:01:30+0000,2024-02-22T14:35:58+0000,panoptic
708929421438359,2.1647816,41.39807,2024-02-22T13:01:57+0000,2024-02-22T13:01:57+0000,panoptic
708929424771692,2.1660938,41.398518,2024-02-22T13:01:30+0000,2024-02-22T14:35:59+0000,panoptic
708929431438358,2.163653,41.397514,2024-02-22T13:02:29+0000,2024-02-22T14:34:41+0000,panoptic
708929434771691,2.1659844,41.39845,2024-02-22T13:01:29+0000,2024-02-22T14:35:59+0000,panoptic
708929438105024,2.1636996,41.397842,2024-02-22T13:02:33+0000,2024-02-22T13:02:33+0000,panoptic
708929441438357,2.1633558,41.397606,2024-02-22T13:02:41+0000,2024-02-22T13:02:41+0000,panoptic
708929444771690,2.163563,41.397724,2024-02-22T13:02:39+0000,2024-02-22T13:02:39+0000,panoptic
708929448105023,2.1636949,41.397835,2024-02-22T13:02:31+0000,2024-02-22T13:02:31+0000,panoptic
708929451438356,2.16492,41.398075,2024-02-22T13:01:53+0000,2024-02-22T13:01:53+0000,panoptic
708929454771689,2.1634345,41.397823,2024-02-22T13:02:33+0000,2024-02-22T13:02:33+0000,panoptic
708929461438355,2.1642454,41.397736,2024-02-22T13:01:59+0000,2024-02-22T13:01:59+0000,panoptic
708929464771688,2.165912,41.39837,2024-02-22T13:01:36+0000,2024-02-22T14:36:02+0000,panoptic
708929468105021,2.1638596,41.397816,2024-02-22T13:02:33+0000,2024-02-22T13:02:33+0000,panoptic
708929471438354,2.1636863,41.397533,2024-02-22T13:02:24+0000,2024-02-22T14:34:48+0000,panoptic
708929474771687,2.1634192,41.39761,2024-02-22T13:02:41+0000,2024-02-22T13:02:41+0000,panoptic
708929478105020,2.1640413,41.39789,2024-02-22T13:02:14+0000,2024-02-22T13:02:14+0000,panoptic
708929481438353,2.1642573,41.397964,2024-02-22T13:02:14+0000,2024-02-22T13:02:14+0000,panoptic
708929484771686,2.1642363,41.39795,2024-02-22T13:02:00+0000,2024-02-22T13:02:00+0000,panoptic
708929488105019,2.163432,41.39772,2024-02-22T13:02:41+0000,2024-02-22T13:02:41+0000,panoptic
708929491438352,2.1666205,41.39854,2024-02-22T13:01:29+0000,2024-02-22T13:01:29+0000,panoptic
708929494771685,2.163207,41.397644,2024-02-22T13:02:47+0000,2024-02-22T13:02:47+0000,panoptic
708929498105018,2.1632957,41.397667,2024-02-22T13:02:45+0000,2024-02-22T13:02:45+0000,panoptic
708929501438351,2.1647046,41.398064,2024-02-22T13:01:57+0000,2024-02-22T13:01:57+0000,panoptic
708929508105017,2.1653743,41.39817,2024-02-22T13:01:41+0000,2024-02-22T13:01:41+0000,panoptic
708929511438350,2.165008,41.398098,2024-02-22T13:01:49+0000,2024-02-22T13:01:49+0000,panoptic
708929514771683,2.1646183,41.39809,2024-02-22T13:01:55+0000,2024-02-22T13:01:55+0000,panoptic
708929518105016,2.164597,41.397987,2024-02-22T13:01:59+0000,2024-02-22T13:01:59+0000,panoptic
708929521438349,2.1651957,41.398136,2024-02-22T13:01:49+0000,2024-02-22T13:01:49+0000,panoptic
708929524771682,2.1652768,41.398075,2024-02-22T13:01:46+0000,2024-02-22T13:01:46+0000,panoptic
708929528105015,2.1648006,41.398056,2024-02-22T13:01:49+0000,2024-02-22T13:01:49+0000,panoptic
708929531438348,2.1643176,41.39796,2024-02-22T13:02:03+0000,2024-02-22T13:02:03+0000,panoptic
708929534771681,2.1642513,41.397877,2024-02-22T13:02:25+0000,2024-02-22T13:02:25+0000,panoptic
708929538105014,2.1644242,41.398006,2024-02-22T13:02:23+0000,2024-02-22T13:02:23+0000,panoptic
708929541438347,2.1643019,41.397972,2024-02-22T13:02:02+0000,2024-02-22T13:02:02+0000,panoptic
708929544771680,2.1651049,41.398186,2024-02-22T13:01:46+0000,2024-02-22T13:01:46+0000,panoptic
708929548105013,2.1643493,41.39801,2024-02-22T13:02:01+0000,2024-02-22T13:02:01+0000,panoptic
708929551438346,2.1660037,41.398533,2024-02-22T13:01:30+0000,2024-02-22T14:36:02+0000,panoptic
708929558105012,2.1660013,41.39851,2024-02-22T13:01:30+0000,2024-02-22T14:35:58+0000,panoptic
708929561438345,2.1658146,41.39837,2024-02-22T13:01:38+0000,2024-02-22T13:01:38+0000,panoptic
708929564771678,2.163217,41.39778,2024-02-22T13:02:39+0000,2024-02-22T13:02:39+0000,panoptic
708929568105011,2.1636136,41.397743,2024-02-22T13:02:33+0000,2024-02-22T13:02:33+0000,panoptic
708929571438344,2.1642473,41.39809,2024-02-22T13:01:58+0000,2024-02-22T13:01:58+0000,panoptic
708929574771677,2.1642323,41.39812,2024-02-22T13:02:20+0000,2024-02-22T13:02:20+0000,panoptic
708929578105010,2.163488,41.397713,2024-02-22T13:02:33+0000,2024-02-22T13:02:33+0000,panoptic
708929581438343,2.1649377,41.398155,2024-02-22T13:01:52+0000,2024-02-22T13:01:52+0000,panoptic
708929584771676,2.1655273,41.39829,2024-02-22T13:01:41+0000,2024-02-22T13:01:41+0000,panoptic
708929591438342,2.1665282,41.398495,2024-02-22T13:01:29+0000,2024-02-22T13:01:29+0000,trafficsign
708929594771675,2.1647625,41.398045,2024-02-22T13:01:58+0000,2024-02-22T13:01:58+0000,panoptic
708929598105008,2.1634426,41.39758,2024-02-22T13:02:36+0000,2024-02-22T13:02:36+0000,panoptic
708929601438341,2.1634507,41.39775,2024-02-22T13:02:33+0000,2024-02-22T13:02:33+0000,trafficsign
708929604771674,2.1629062,41.397606,2024-02-22T13:02:43+0000,2024-02-22T13:03:40+0000,trafficsign
708929608105007,2.1636434,41.397865,2024-02-22T13:02:34+0000,2024-02-22T13:02:34+0000,trafficsign
708929611438340,2.1634016,41.397682,2024-02-22T13:02:43+0000,2024-02-22T13:02:43+0000,trafficsign
708929614771673,2.164234,41.39803,2024-02-22T13:02:18+0000,2024-02-22T13:02:18+0000,trafficsign
708929618105006,2.166146,41.398376,2024-02-22T13:01:30+0000,2024-02-22T14:35:58+0000,trafficsign
708929621438339,2.1633868,41.39778,2024-02-22T13:02:37+0000,2024-02-22T13:02:37+0000,panoptic
708929628105005,2.1644275,41.398014,2024-02-22T13:02:24+0000,2024-02-22T13:02:24+0000,trafficsign
708929631438338,2.1664336,41.398563,2024-02-22T13:01:29+0000,2024-02-22T13:01:29+0000,panoptic
708929634771671,2.1643229,41.39797,2024-02-22T13:01:59+0000,2024-02-22T13:01:59+0000,trafficsign
708929638105004,2.1662471,41.39842,2024-02-22T13:01:30+0000,2024-02-22T13:01:30+0000,trafficsign
708929641438337,2.1647985,41.398056,2024-02-22T13:01:58+0000,2024-02-22T13:01:58+0000,trafficsign
708929644771670,2.164823,41.39806,2024-02-22T13:01:55+0000,2024-02-22T13:01:55+0000,trafficsign
708929648105003,2.1663442,41.398327,2024-02-22T13:01:30+0000,2024-02-22T13:01:30+0000,panoptic
708929654771669,2.1649175,41.39816,2024-02-22T13:01:52+0000,2024-02-22T13:01:52+0000,trafficsign
708929658105002,2.16652,41.3985,2024-02-22T13:01:30+0000,2024-02-22T13:01:30+0000,trafficsign
708929661438335,2.165523,41.398212,2024-02-22T13:01:44+0000,2024-02-22T13:01:44+0000,panoptic
708929664771668,2.166199,41.39839,2024-02-22T13:01:34+0000,2024-02-22T14:36:01+0000,panoptic
708929671438334,2.1648448,41.39803,2024-02-22T13:01:49+0000,2024-02-22T13:01:49+0000,panoptic
708929674771667,2.1644258,41.398014,2024-02-22T13:02:23+0000,2024-02-22T13:02:23+0000,panoptic
708929678105000,2.166356,41.398575,2024-02-22T13:01:29+0000,2024-02-22T13:01:29+0000,panoptic
708929681438333,2.1665218,41.398502,2024-02-22T13:01:29+0000,2024-02-22T13:01:29+0000,panoptic
708929684771666,2.1665373,41.3985,2024-02-22T13:01:30+0000,2024-02-22T13:01:30+0000,trafficsign
708929688104999,2.1629064,41.397606,2024-02-22T13:02:43+0000,2024-02-22T13:03:40+0000,panoptic
708929691438332,2.1646042,41.3981,2024-02-22T13:02:00+0000,2024-02-22T13:02:00+0000,panoptic
708929694771665,2.1644309,41.3981,2024-02-22T13:01:58+0000,2024-02-22T13:01:58+0000,panoptic
708929698104998,2.1643999,41.398064,2024-02-22T13:02:23+0000,2024-02-22T13:02:23+0000,trafficsign
708929701438331,2.1647627,41.397976,2024-02-22T13:01:52+0000,2024-02-22T13:01:52+0000,panoptic
708929704771664,2.1663089,41.398376,2024-02-22T13:01:30+0000,2024-02-22T13:01:30+0000,trafficsign
708929708104997,2.164735,41.397987,2024-02-22T13:01:55+0000,2024-02-22T13:01:55+0000,panoptic
708929711438330,2.1648254,41.398064,2024-02-22T13:01:49+0000,2024-02-22T13:01:49+0000,trafficsign
708929718104996,2.164823,41.398064,2024-02-22T13:01:53+0000,2024-02-22T13:01:53+0000,panoptic
708929721438329,2.1648905,41.398003,2024-02-22T13:01:53+0000,2024-02-22T13:01:53+0000,panoptic
708929724771662,2.1641731,41.397923,2024-02-22T13:02:24+0000,2024-02-22T13:02:24+0000,panoptic
708929728104995,2.1643522,41.397976,2024-02-22T13:01:59+0000,2024-02-22T13:01:59+0000,panoptic
708929731438328,2.1643994,41.398052,2024-02-22T13:02:03+0000,2024-02-22T13:02:03+0000,panoptic
708929734771661,2.1645386,41.397964,2024-02-22T13:02:00+0000,2024-02-22T13:02:00+0000,panoptic
708929738104994,2.166356,41.398396,2024-02-22T13:01:33+0000,2025-02-25T10:20:00+0000,panoptic
708929741438327,2.1645114,41.39793,2024-02-22T13:01:50+0000,2024-02-22T13:01:50+0000,panoptic
708929744771660,2.1636753,41.397694,2024-02-22T13:02:31+0000,2024-02-22T13:02:31+0000,panoptic
708929748104993,2.1649175,41.39816,2024-02-22T13:01:52+0000,2024-02-22T13:01:52+0000,panoptic
708929751438326,2.1662648,41.39832,2024-02-22T13:01:31+0000,2025-02-25T10:20:01+0000,panoptic
708929754771659,2.1654274,41.398266,2024-02-22T13:01:43+0000,2024-02-22T13:01:43+0000,panoptic
708929758104992,2.1663291,41.398357,2024-02-22T13:01:30+0000,2025-11-05T08:32:55+0000,panoptic
708929761438325,2.1665285,41.398495,2024-02-22T13:01:29+0000,2024-02-22T13:01:29+0000,panoptic
708929764771658,2.1629188,41.397396,2024-02-22T13:02:43+0000,2024-02-22T13:03:40+0000,panoptic
708929768104991,2.166529,41.398495,2024-02-22T13:01:29+0000,2024-02-22T13:01:29+0000,panoptic
708929771438324,2.166145,41.398376,2024-02-22T13:01:30+0000,2024-02-22T14:35:57+0000,panoptic
708929778104990,2.1633458,41.3976,2024-02-22T13:02:36+0000,2024-02-22T13:02:36+0000,panoptic
708929781438323,2.164893,41.398006,2024-02-22T13:01:53+0000,2024-02-22T13:01:53+0000,trafficsign
708929784771656,2.166198,41.398502,2024-02-22T13:01:30+0000,2024-02-22T14:36:02+0000,panoptic
708929788104989,2.1663668,41.398556,2024-02-22T13:01:29+0000,2024-02-22T13:01:29+0000,panoptic
708929791438322,2.1662009,41.398464,2024-02-22T13:01:30+0000,2024-02-22T14:35:58+0000,panoptic
708929794771655,2.1657503,41.398273,2024-02-22T13:01:39+0000,2024-02-22T13:01:39+0000,panoptic
708929798104988,2.1639018,41.39783,2024-02-22T13:02:29+0000,2024-02-22T13:02:29+0000,panoptic
708929801438321,2.166594,41.398518,2024-02-22T13:01:29+0000,2024-02-22T13:01:29+0000,panoptic
708929804771654,2.1643445,41.39797,2024-02-22T13:02:03+0000,2024-02-22T13:02:03+0000,panoptic
708929814771653,2.1649182,41.398144,2024-02-22T13:01:42+0000,2024-02-22T13:01:42+0000,panoptic
708929818104986,2.1634128,41.397743,2024-02-22T13:02:37+0000,2024-02-22T13:02:37+0000,panoptic
708929821438319,2.1647618,41.398045,2024-02-22T13:01:58+0000,2024-02-22T13:01:58+0000,panoptic
708929824771652,2.166021,41.398354,2024-02-22T13:01:36+0000,2024-02-22T13:01:36+0000,panoptic
708929828104985,2.1648228,41.398064,2024-02-22T13:01:49+0000,2024-02-22T13:01:49+0000,panoptic
708929831438318,2.1648803,41.398,2024-02-22T13:01:45+0000,2024-02-22T13:01:45+0000,panoptic
708929834771651,2.16492,41.398155,2024-02-22T13:01:52+0000,2024-02-22T13:01:52+0000,panoptic
708929838104984,2.1651423,41.3982,2024-02-22T13:01:49+0000,2024-02-22T13:01:49+0000,panoptic
298186438651272,2.162935,41.39571,2015-03-07T12:22:22+0000,2015-03-07T12:22:22+0000,trafficsign
298379518631964,2.1631029,41.395725,2015-03-07T12:22:24+0000,2015-03-07T12:22:24+0000,trafficsign
298395321963717,2.163493,41.39607,2015-03-07T12:22:33+0000,2015-03-07T12:22:33+0000,trafficsign
298673561935893,2.1632168,41.395977,2015-03-07T12:22:31+0000,2015-03-07T12:22:31+0000,trafficsign
298954858574430,2.1628535,41.396027,2015-03-07T12:21:56+0000,2015-03-07T12:21:56+0000,trafficsign
299153608554555,2.1637564,41.395832,2015-03-07T12:22:40+0000,2015-03-07T12:22:40+0000,trafficsign
309906034145979,2.1628597,41.396034,2015-03-07T12:22:22+0000,2015-03-07T12:22:22+0000,mvd_fast
309915187478397,2.1629536,41.395947,2015-03-07T12:22:24+0000,2015-03-07T12:22:24+0000,mvd_fast
309952250808024,2.162891,41.39602,2015-03-07T12:22:24+0000,2021-05-22T09:29:06+0000,mvd_fast
309962010807048,2.162939,41.39593,2015-03-07T12:22:22+0000,2015-03-07T12:22:22+0000,mvd_fast
309982247471691,2.1629465,41.395947,2015-03-07T12:22:22+0000,2015-03-07T12:22:22+0000,mvd_fast
309994307470485,2.1631513,41.396034,2015-03-07T12:22:40+0000,2015-03-07T12:22:40+0000,mvd_fast
310008657469050,2.1631835,41.39604,2015-03-07T12:22:33+0000,2015-03-07T12:22:33+0000,mvd_fast
310057857464130,2.1632562,41.396107,2015-03-07T12:22:43+0000,2015-03-07T12:22:43+0000,mvd_fast
310087464127836,2.16318,41.396122,2015-03-07T12:22:36+0000,2015-03-07T12:22:36+0000,mvd_fast
310102760792973,2.16289,41.396034,2015-03-07T12:22:27+0000,2015-03-07T12:22:27+0000,mvd_fast
310134000789849,2.1632385,41.39597,2015-03-07T12:22:36+0000,2015-03-07T12:22:36+0000,mvd_fast
310166290786620,2.1631129,41.39603,2015-03-07T12:22:36+0000,2015-03-07T12:22:36+0000,mvd_fast
310196480783601,2.1629503,41.395947,2015-03-07T12:22:24+0000,2015-03-07T12:22:24+0000,mvd_fast
310228020780447,2.1631706,41.396046,2015-03-07T12:22:36+0000,2021-05-22T09:28:58+0000,mvd_fast
310267984109784,2.1633139,41.396057,2015-03-07T12:22:43+0000,2015-03-07T12:22:43+0000,mvd_fast
310281037441812,2.1632135,41.395977,2015-03-07T12:22:33+0000,2015-03-07T12:22:33+0000,mvd_fast
310297520773497,2.1628945,41.396034,2015-03-07T12:22:27+0000,2015-03-07T12:22:27+0000,mvd_fast
310324914104091,2.162928,41.39605,2015-03-07T12:22:22+0000,2021-05-22T09:29:04+0000,mvd_fast
310325234104059,2.162993,41.39605,2015-03-07T12:22:31+0000,2015-03-07T12:22:31+0000,mvd_fast
389323869241028,2.1768372,41.383083,2021-09-06T12:28:19+0000,2021-09-06T12:28:19+0000,panoptic
463099551345459,2.1800046,41.383465,2021-09-06T10:59:16+0000,2021-09-06T10:59:30+0000,panoptic
1365270290667376,2.170192,41.39061,2022-09-10T12:45:47+0000,2022-09-10T12:45:47+0000,panoptic
1365270294000709,2.169893,41.390392,2022-09-10T12:45:29+0000,2022-09-10T12:45:29+0000,panoptic
1365270297334042,2.1699154,41.390423,2022-09-10T12:45:31+0000,2022-09-10T12:45:31+0000,panoptic
1365270300667375,2.1699958,41.390537,2022-09-10T12:45:26+0000,2022-09-10T12:45:26+0000,panoptic
1365270304000708,2.168688,41.389484,2022-09-10T12:44:52+0000,2025-04-05T12:53:19+0000,panoptic
1365270307334041,2.1698868,41.390385,2022-09-10T12:45:22+0000,2022-09-10T12:45:22+0000,panoptic
1365270310667374,2.1700683,41.390564,2022-09-10T12:45:50+0000,2022-09-10T12:45:50+0000,panoptic
1365270314000707,2.1699858,41.39043,2022-09-10T12:45:23+0000,2022-09-10T12:45:23+0000,panoptic
1365270317334040,2.1688714,41.389637,2022-09-10T12:45:06+0000,2025-04-05T12:53:23+0000,panoptic
1365270320667373,2.1700003,41.390488,2022-09-10T12:45:24+0000,2022-09-10T12:45:24+0000,panoptic
1365270324000706,2.169109,41.389824,2022-09-10T12:45:10+0000,2022-09-10T12:45:10+0000,panoptic
1365270327334039,2.1685991,41.389633,2022-09-10T12:44:52+0000,2022-09-10T12:44:52+0000,panoptic
1365270330667372,2.1700125,41.3905,2022-09-10T12:45:22+0000,2022-09-10T12:45:22+0000,panoptic
1365270334000705,2.1698987,41.390392,2022-09-10T12:45:24+0000,2022-09-10T12:45:24+0000,panoptic
1365270337334038,2.1689098,41.389664,2022-09-10T12:45:06+0000,2025-04-05T12:53:24+0000,panoptic
1365270340667371,2.169966,41.39046,2022-09-10T12:45:25+0000,2022-09-10T12:45:25+0000,panoptic
1365270344000704,2.1702416,41.390644,2022-09-10T12:45:51+0000,2022-09-10T12:45:51+0000,panoptic
1365270347334037,2.1701372,41.390587,2022-09-10T12:45:47+0000,2022-09-10T12:45:47+0000,panoptic
1365270350667370,2.170203,41.390495,2022-09-10T12:45:25+0000,2022-09-10T12:45:25+0000,panoptic
1365270354000703,2.1700919,41.39041,2022-09-10T12:45:25+0000,2022-09-10T12:45:25+0000,panoptic
1365270357334036,2.170233,41.39066,2022-09-10T12:45:58+0000,2022-09-10T12:45:58+0000,panoptic
1365270360667369,2.1700058,41.390457,2022-09-10T12:45:25+0000,2022-09-10T12:45:25+0000,panoptic
1365270364000702,2.1700923,41.39041,2022-09-10T12:45:42+0000,2022-09-10T12:45:42+0000,panoptic
1365270367334035,2.1699133,41.390533,2022-09-10T12:45:21+0000,2022-09-10T12:45:21+0000,panoptic
1365270374000701,2.1701932,41.390488,2022-09-10T12:45:25+0000,2022-09-10T12:45:25+0000,panoptic
1365270377334034,2.1694605,41.390106,2022-09-10T12:45:16+0000,2022-09-10T12:45:16+0000,panoptic
1365270380667367,2.1701906,41.390503,2022-09-10T12:45:32+0000,2022-09-10T12:45:32+0000,panoptic
1365270384000700,2.17027,41.390713,2022-09-10T12:46:02+0000,2022-09-10T12:46:02+0000,panoptic
1365270390667366,2.170226,41.390545,2022-09-10T12:45:23+0000,2022-09-10T12:45:23+0000,panoptic
1365270394000699,2.1702738,41.390606,2022-09-10T12:46:01+0000,2022-09-10T12:46:01+0000,panoptic
1365270397334032,2.1704798,41.390327,2022-09-10T12:45:44+0000,2022-09-10T12:45:44+0000,panoptic
1365270400667365,2.169305,41.389988,2022-09-10T12:45:13+0000,2022-09-10T12:45:13+0000,panoptic
1365270404000698,2.170353,41.39066,2022-09-10T12:45:48+0000,2022-09-10T12:45:48+0000,panoptic
1365270407334031,2.1701,41.39042,2022-09-10T12:45:23+0000,2022-09-10T12:45:23+0000,panoptic
1365270410667364,2.1699464,41.390457,2022-09-10T12:45:25+0000,2022-09-10T12:45:25+0000,panoptic
1365270414000697,2.1697588,41.390835,2022-09-10T12:45:22+0000,2022-09-10T12:45:22+0000,panoptic
1365270420667363,2.1701252,41.390606,2022-09-10T12:45:27+0000,2022-09-10T12:45:27+0000,panoptic
1365270424000696,2.1700327,41.39046,2022-09-10T12:45:40+0000,2022-09-10T12:45:40+0000,panoptic
1365270430667362,2.1698968,41.39044,2022-09-10T12:45:28+0000,2022-09-10T12:45:28+0000,panoptic
1365270434000695,2.1702878,41.390415,2022-09-10T12:45:25+0000,2022-09-10T12:45:25+0000,panoptic
1365270444000694,2.1703036,41.390636,2022-09-10T12:45:47+0000,2022-09-10T12:45:47+0000,panoptic
1365270447334027,2.170101,41.390434,2022-09-10T12:45:43+0000,2022-09-10T12:45:43+0000,panoptic
1365270450667360,2.1701093,41.390423,2022-09-10T12:45:24+0000,2022-09-10T12:45:24+0000,panoptic
1365270457334026,2.170556,41.390747,2022-09-10T12:45:22+0000,2022-09-10T12:45:22+0000,panoptic
1365270460667359,2.169299,41.38987,2022-09-10T12:45:09+0000,2025-04-05T12:53:27+0000,panoptic
1365270464000692,2.1689227,41.389973,2022-09-10T12:44:54+0000,2022-09-10T12:44:54+0000,panoptic
1365270467334025,2.1701994,41.39052,2022-09-10T12:45:22+0000,2022-09-10T12:45:22+0000,panoptic
1365270474000691,2.170342,41.390446,2022-09-10T12:45:44+0000,2022-09-10T12:45:44+0000,panoptic
1365270477334024,2.1703157,41.390514,2022-09-10T12:45:29+0000,2022-09-10T12:45:29+0000,panoptic
1365270480667357,2.1689482,41.389706,2022-09-10T12:45:05+0000,2025-08-23T14:15:59+0000,panoptic
1365270484000690,2.1690724,41.38971,2022-09-10T12:45:04+0000,2025-08-23T14:16:00+0000,panoptic
1365270490667356,2.1694012,41.38996,2022-09-10T12:45:05+0000,2025-04-05T12:53:26+0000,panoptic
1365270494000689,2.1699064,41.390434,2022-09-10T12:45:24+0000,2022-09-10T12:45:24+0000,panoptic
1365270497334022,2.16988,41.390312,2022-09-10T12:45:21+0000,2022-09-10T12:45:21+0000,panoptic
1365270504000688,2.1701016,41.391018,2022-09-10T12:45:47+0000,2025-05-27T20:34:57+0000,panoptic
1365270517334020,2.1691742,41.389786,2022-09-10T12:45:09+0000,2025-08-23T14:16:02+0000,panoptic
1365270520667353,2.1697178,41.39085,2022-09-10T12:45:26+0000,2022-09-10T12:45:26+0000,panoptic
1365270524000686,2.1697602,41.390335,2022-09-10T12:45:16+0000,2022-09-10T12:45:16+0000,panoptic
1365270527334019,2.170392,41.3904,2022-09-10T12:45:25+0000,2022-09-10T12:45:25+0000,panoptic
1365270530667352,2.1699946,41.390816,2022-09-10T12:45:27+0000,2022-09-10T12:45:27+0000,panoptic
1365270534000685,2.169165,41.38989,2022-09-10T12:45:10+0000,2022-09-10T12:45:10+0000,panoptic
1365270540667351,2.169794,41.390514,2022-09-10T12:45:19+0000,2022-09-10T12:45:19+0000,panoptic
1365270544000684,2.1703677,41.390488,2022-09-10T12:45:35+0000,2022-09-10T12:45:35+0000,panoptic
1365270550667350,2.1701045,41.390594,2022-09-10T12:45:24+0000,2022-09-10T12:45:24+0000,panoptic
1365270554000683,2.1702454,41.39112,2022-09-10T12:46:03+0000,2025-05-27T20:34:52+0000,panoptic
1365270557334016,2.1690881,41.389805,2022-09-10T12:45:07+0000,2025-08-23T14:16:02+0000,panoptic
1365270564000682,2.1700997,41.390587,2022-09-10T12:45:37+0000,2022-09-10T12:45:37+0000,panoptic
1365270574000681,2.1699572,41.390396,2022-09-10T12:45:20+0000,2022-09-10T12:45:20+0000,panoptic
1365270577334014,2.1703377,41.39068,2022-09-10T12:46:04+0000,2022-09-10T12:46:04+0000,panoptic
1365270584000680,2.1695318,41.39046,2022-09-10T12:45:17+0000,2022-09-10T12:45:17+0000,panoptic
1365270587334013,2.1702302,41.390636,2022-09-10T12:45:51+0000,2022-09-10T12:45:51+0000,panoptic
1365270590667346,2.1700432,41.39063,2022-09-10T12:45:51+0000,2022-09-10T12:45:51+0000,panoptic
1365270594000679,2.1697648,41.390343,2022-09-10T12:45:18+0000,2022-09-10T12:45:18+0000,panoptic
1365270597334012,2.170194,41.390503,2022-09-10T12:45:28+0000,2022-09-10T12:45:28+0000,panoptic
1365270600667345,2.1698883,41.390743,2022-09-10T12:45:37+0000,2022-09-10T12:45:37+0000,panoptic
1365270604000678,2.1702569,41.390617,2022-09-10T12:46:01+0000,2022-09-10T12:46:01+0000,panoptic
1365270607334011,2.1703131,41.390594,2022-09-10T12:45:59+0000,2022-09-10T12:45:59+0000,panoptic
1365270610667344,2.1702259,41.39054,2022-09-10T12:45:22+0000,2022-09-10T12:45:22+0000,panoptic
1365270620667343,2.1687458,41.389664,2022-09-10T12:44:52+0000,2022-09-10T12:44:52+0000,panoptic
1365270624000676,2.169901,41.390438,2022-09-10T12:45:23+0000,2022-09-10T12:45:23+0000,panoptic
1365270637334008,2.1698444,41.390488,2022-09-10T12:45:26+0000,2022-09-10T12:45:26+0000,panoptic
1365270640667341,2.1694055,41.38996,2022-09-10T12:45:08+0000,2025-04-05T12:53:24+0000,panoptic
1365270644000674,2.1699562,41.390484,2022-09-10T12:45:25+0000,2022-09-10T12:45:25+0000,panoptic
1365270647334007,2.170273,41.39063,2022-09-10T12:45:38+0000,2022-09-10T12:45:38+0000,panoptic
1365270650667340,2.169897,41.390526,2022-09-10T12:45:19+0000,2022-09-10T12:45:19+0000,panoptic
1365270667334005,2.1700697,41.390602,2022-09-10T12:45:46+0000,2022-09-10T12:45:46+0000,panoptic
1365270670667338,2.1701272,41.390396,2022-09-10T12:45:25+0000,2022-09-10T12:45:25+0000,panoptic
1365270674000671,2.1700976,41.39059,2022-09-10T12:45:45+0000,2022-09-10T12:45:45+0000,panoptic
1365270677334004,2.1699617,41.390392,2022-09-10T12:45:22+0000,2022-09-10T12:45:22+0000,panoptic
1365270684000670,2.1700418,41.390625,2022-09-10T12:45:25+0000,2022-09-10T12:45:25+0000,panoptic
1365270690667336,2.168989,41.38983,2022-09-10T12:44:52+0000,2025-04-05T12:53:23+0000,panoptic
1365270697334002,2.1698813,41.390663,2022-09-10T12:45:29+0000,2022-09-10T12:45:29+0000,panoptic
1365270700667335,2.1699026,41.39044,2022-09-10T12:45:26+0000,2022-09-10T12:45:26+0000,trafficsign
1365270704000668,2.1699615,41.390392,2022-09-10T12:45:18+0000,2022-09-10T12:45:18+0000,panoptic
1365270707334001,2.169901,41.390438,2022-09-10T12:45:23+0000,2022-09-10T12:45:23+0000,panoptic
1365270710667334,2.1700451,41.390625,2022-09-10T12:45:29+0000,2022-09-10T12:45:29+0000,panoptic
1365270714000667,2.1699615,41.390392,2022-09-10T12:45:20+0000,2022-09-10T12:45:20+0000,panoptic
1365270724000666,2.170208,41.390656,2022-09-10T12:45:44+0000,2022-09-10T12:45:44+0000,panoptic
1365270727333999,2.170276,41.390713,2022-09-10T12:46:03+0000,2022-09-10T12:46:03+0000,panoptic
1365270730667332,2.1694899,41.389984,2022-09-10T12:45:08+0000,2025-05-27T20:41:12+0000,panoptic
1365270740667331,2.1700892,41.39059,2022-09-10T12:45:51+0000,2022-09-10T12:45:51+0000,panoptic
1365270744000664,2.1699004,41.390526,2022-09-10T12:45:26+0000,2022-09-10T12:45:26+0000,panoptic
1365270747333997,2.1683166,41.389744,2022-09-10T12:44:52+0000,2025-05-27T20:36:06+0000,panoptic
1365270750667330,2.1696994,41.390198,2022-09-10T12:45:10+0000,2022-09-10T12:45:10+0000,panoptic
1365270757333996,2.170262,41.390438,2022-09-10T12:45:37+0000,2022-09-10T12:45:37+0000,panoptic
1365270764000662,2.1702082,41.390656,2022-09-10T12:45:47+0000,2022-09-10T12:45:47+0000,trafficsign
1365270767333995,2.1696506,41.39013,2022-09-10T12:45:15+0000,2022-09-10T12:45:15+0000,panoptic
1365270770667328,2.1699204,41.390366,2022-09-10T12:45:21+0000,2022-09-10T12:45:21+0000,panoptic
1365270774000661,2.1699002,41.390438,2022-09-10T12:45:24+0000,2022-09-10T12:45:24+0000,trafficsign
1365270777333994,2.1696746,41.390354,2022-09-10T12:45:11+0000,2022-09-10T12:45:11+0000,panoptic
1365270780667327,2.1702275,41.390545,2022-09-10T12:45:28+0000,2022-09-10T12:45:28+0000,panoptic
1365270787333993,2.1696517,41.39012,2022-09-10T12:45:17+0000,2022-09-10T12:45:17+0000,panoptic
1365270797333992,2.1698997,41.390438,2022-09-10T12:45:20+0000,2022-09-10T12:45:20+0000,panoptic
1365270800667325,2.1699703,41.390434,2022-09-10T12:45:24+0000,2022-09-10T12:45:24+0000,panoptic
1365270804000658,2.170292,41.390423,2022-09-10T12:45:24+0000,2022-09-10T12:45:24+0000,panoptic
1365270807333991,2.1697168,41.390987,2022-09-10T12:45:27+0000,2022-09-10T12:45:27+0000,panoptic
1365270810667324,2.1704211,41.390377,2022-09-10T12:45:45+0000,2022-09-10T12:45:45+0000,panoptic
1365270814000657,2.169524,41.390156,2022-09-10T12:45:16+0000,2022-09-10T12:45:16+0000,panoptic
1365270820667323,2.1701415,41.390602,2022-09-10T12:45:58+0000,2022-09-10T12:45:58+0000,panoptic
1365270824000656,2.1703057,41.390736,2022-09-10T12:46:03+0000,2022-09-10T12:46:03+0000,panoptic
1365270827333989,2.1691756,41.389786,2022-09-10T12:45:09+0000,2025-08-23T14:16:01+0000,panoptic
1365270830667322,2.1702197,41.390587,2022-09-10T12:45:38+0000,2022-09-10T12:45:38+0000,panoptic
1365270837333988,2.1692574,41.38985,2022-09-10T12:45:12+0000,2025-04-05T12:53:27+0000,panoptic
1365270840667321,2.1703143,41.390476,2022-09-10T12:45:36+0000,2022-09-10T12:45:36+0000,panoptic
1365270847333987,2.170143,41.390884,2022-09-10T12:45:29+0000,2022-09-10T12:45:29+0000,panoptic
1365270850667320,2.1703947,41.390812,2022-09-10T12:46:02+0000,2022-09-10T12:46:02+0000,panoptic
1365270854000653,2.1691515,41.389763,2022-09-10T12:45:07+0000,2025-04-05T12:53:20+0000,panoptic
1365270857333986,2.1702576,41.390724,2022-09-10T12:46:02+0000,2022-09-10T12:46:02+0000,panoptic
1365270860667319,2.169933,41.39046,2022-09-10T12:45:35+0000,2022-09-10T12:45:35+0000,panoptic
1365270864000652,2.170221,41.390545,2022-09-10T12:45:22+0000,2022-09-10T12:45:22+0000,panoptic
1365270887333983,2.170191,41.390503,2022-09-10T12:45:46+0000,2022-09-10T12:45:46+0000,panoptic
1365270890667316,2.170193,41.3905,2022-09-10T12:45:24+0000,2022-09-10T12:45:24+0000,panoptic
1365270894000649,2.1702037,41.39066,2022-09-10T12:46:01+0000,2022-09-10T12:46:01+0000,panoptic
1365270897333982,2.1700456,41.390625,2022-09-10T12:45:41+0000,2022-09-10T12:45:41+0000,panoptic
1365270900667315,2.1699045,41.390434,2022-09-10T12:45:26+0000,2022-09-10T12:45:26+0000,panoptic
1365270904000648,2.169917,41.39053,2022-09-10T12:45:21+0000,2022-09-10T12:45:21+0000,panoptic
1365270910667314,2.169903,41.390434,2022-09-10T12:45:21+0000,2022-09-10T12:45:21+0000,panoptic
1365270917333980,2.1692367,41.39003,2022-09-10T12:45:10+0000,2022-09-10T12:45:10+0000,panoptic
1365270920667313,2.1697612,41.390335,2022-09-10T12:45:21+0000,2022-09-10T12:45:21+0000,panoptic
1365270924000646,2.170135,41.390656,2022-09-10T12:45:42+0000,2022-09-10T12:45:42+0000,panoptic
1365270930667312,2.1702685,41.390438,2022-09-10T12:45:26+0000,2022-09-10T12:45:26+0000,panoptic
1365270934000645,2.1701932,41.390644,2022-09-10T12:45:32+0000,2022-09-10T12:45:32+0000,panoptic
1365270940667311,2.1698859,41.390854,2022-09-10T12:45:32+0000,2025-05-27T20:35:00+0000,panoptic
1365270944000644,2.1702704,41.39063,2022-09-10T12:46:02+0000,2022-09-10T12:46:02+0000,trafficsign
1365270947333977,2.1692872,41.389862,2022-09-10T12:45:05+0000,2025-04-05T12:53:21+0000,panoptic
1365270950667310,2.1699662,41.390396,2022-09-10T12:45:19+0000,2022-09-10T12:45:19+0000,panoptic
1365270954000643,2.1687326,41.38957,2022-09-10T12:44:52+0000,2022-09-10T12:44:52+0000,panoptic
1365270957333976,2.169946,41.39047,2022-09-10T12:45:21+0000,2022-09-10T12:45:21+0000,panoptic
2140050856751145,2.1476088,41.39339,2026-02-14T14:00:02+0000,2026-02-14T14:00:10+0000,panoptic
2140050903417807,2.147628,41.393524,2026-02-14T14:00:03+0000,2026-02-14T14:00:03+0000,panoptic
2140050953417802,2.1474102,41.393314,2026-02-14T14:00:04+0000,2026-02-14T14:00:04+0000,panoptic
2140050963417801,2.1471503,41.393173,2026-02-14T13:59:54+0000,2026-05-23T12:53:29+0000,panoptic
2140050970084467,2.147529,41.393387,2026-02-14T14:00:06+0000,2026-02-14T14:00:06+0000,panoptic
2140050990084465,2.147707,41.393314,2026-02-14T14:00:07+0000,2026-02-14T14:00:09+0000,panoptic
970590841871716,2.1600053,41.39222,2025-03-17T16:25:37+0000,2025-03-17T16:25:37+0000,panoptic
970590845205049,2.1600175,41.39221,2025-03-17T16:25:37+0000,2025-03-17T16:25:37+0000,panoptic
970590848538382,2.1599433,41.392254,2025-03-17T16:25:37+0000,2025-03-17T16:25:37+0000,panoptic
970590851871715,2.1592424,41.392845,2025-03-17T16:24:38+0000,2025-03-17T16:24:38+0000,panoptic
970590855205048,2.1599603,41.392258,2025-03-17T16:25:31+0000,2025-03-17T16:25:31+0000,panoptic
970590858538381,2.1598165,41.392376,2025-03-17T16:25:22+0000,2025-03-17T16:25:22+0000,panoptic
970590861871714,2.1594229,41.39271,2025-03-17T16:24:45+0000,2025-03-17T16:24:45+0000,panoptic
970590865205047,2.159634,41.39254,2025-03-17T16:24:58+0000,2025-03-17T16:24:58+0000,panoptic
970590868538380,2.1594949,41.392624,2025-03-17T16:24:58+0000,2025-03-17T16:24:58+0000,panoptic
970590871871713,2.159696,41.39248,2025-03-17T16:25:11+0000,2025-03-17T16:25:11+0000,panoptic
970590875205046,2.1601315,41.392097,2025-03-17T16:25:34+0000,2025-03-17T16:25:34+0000,panoptic
970590878538379,2.1601024,41.39214,2025-03-17T16:25:39+0000,2025-03-17T16:25:39+0000,panoptic
970590881871712,2.1600008,41.3922,2025-03-17T16:25:39+0000,2025-03-17T16:25:39+0000,panoptic
970590885205045,2.1592553,41.392853,2025-03-17T16:24:36+0000,2025-03-17T16:24:36+0000,panoptic
970590888538378,2.1597643,41.39245,2025-03-17T16:25:09+0000,2025-03-17T16:25:09+0000,panoptic
970590891871711,2.1601145,41.392124,2025-03-17T16:25:29+0000,2025-03-17T16:25:29+0000,panoptic
970590895205044,2.160121,41.39212,2025-03-17T16:25:34+0000,2025-03-17T16:25:34+0000,panoptic
970590898538377,2.1600015,41.3922,2025-03-17T16:25:31+0000,2025-03-17T16:25:31+0000,panoptic
970590901871710,2.1601229,41.392117,2025-03-17T16:25:40+0000,2025-03-17T16:25:40+0000,panoptic
970590905205043,2.1599977,41.392204,2025-03-17T16:25:34+0000,2025-03-17T16:25:34+0000,panoptic
970590908538376,2.1600015,41.3922,2025-03-17T16:25:39+0000,2025-03-17T16:25:39+0000,panoptic
970590911871709,2.1597152,41.392517,2025-03-17T16:25:07+0000,2025-03-17T16:25:07+0000,panoptic
970590915205042,2.1599739,41.392212,2025-03-17T16:25:40+0000,2025-03-17T16:25:40+0000,panoptic
970590918538375,2.1592238,41.39286,2025-03-17T16:24:36+0000,2025-03-17T16:24:36+0000,trafficsign
970590921871708,2.1599944,41.39221,2025-03-17T16:25:37+0000,2025-03-17T16:25:37+0000,trafficsign
993205084756458,2.1624777,41.396114,2015-03-07T12:21:49+0000,2015-03-07T12:21:49+0000,trafficsign
1003045437105756,2.1631033,41.395676,2015-03-07T12:22:05+0000,2015-03-07T12:22:05+0000,mvd_fast
1003117547098545,2.1623447,41.396458,2015-03-07T12:21:45+0000,2015-03-07T12:21:45+0000,mvd_fast
1003150493761917,2.162626,41.396088,2015-03-07T12:22:03+0000,2022-09-10T12:34:24+0000,mvd_fast
1003177747092525,2.1625829,41.396225,2015-03-07T12:21:38+0000,2015-03-07T12:21:38+0000,mvd_fast
1003197427090557,2.16297,41.395924,2015-03-07T12:22:05+0000,2015-03-07T12:22:05+0000,mvd_fast
1003205893756377,2.1622458,41.39646,2015-03-07T12:21:33+0000,2015-03-07T12:21:33+0000,mvd_fast
1003229723753994,2.1626055,41.39619,2015-03-07T12:21:51+0000,2015-03-07T12:21:51+0000,mvd_fast
1003236917086608,2.162791,41.395954,2015-03-07T12:21:56+0000,2015-03-07T12:21:56+0000,mvd_fast
1003256567084643,2.1622565,41.39647,2015-03-07T12:21:33+0000,2015-03-07T12:21:33+0000,mvd_fast
1003284327081867,2.1628337,41.396084,2015-03-07T12:22:05+0000,2015-03-07T12:22:05+0000,mvd_fast
1003352907075009,2.16237,41.39644,2015-03-07T12:21:33+0000,2015-03-07T12:21:33+0000,mvd_fast
1003381403738826,2.1628327,41.39586,2015-03-07T12:21:45+0000,2015-03-07T12:21:45+0000,mvd_fast
1004100917000208,2.1628866,41.395855,2015-03-07T12:21:58+0000,2022-09-10T12:34:28+0000,mvd_fast
1004117806998519,2.1622407,41.396477,2015-03-07T12:21:33+0000,2015-03-07T12:21:33+0000,mvd_fast
2521979834826801,2.1700065,41.39442,2025-08-19T13:02:20+0000,2025-08-19T13:02:20+0000,panoptic
2521979838160134,2.1698532,41.394417,2025-08-19T13:02:20+0000,2025-08-19T13:02:25+0000,panoptic
2521979841493467,2.169925,41.394157,2025-08-19T13:02:20+0000,2025-08-19T13:02:20+0000,panoptic
2521979848160133,2.1700952,41.394436,2025-08-19T13:02:20+0000,2025-08-19T13:02:20+0000,panoptic
2521979868160131,2.1699324,41.394417,2025-08-19T13:02:21+0000,2025-08-19T13:02:21+0000,panoptic
2521979874826797,2.1696656,41.39435,2025-08-19T13:02:21+0000,2025-08-19T13:02:25+0000,panoptic
440394245072231,2.1788688,41.39212,2024-03-01T12:43:30+0000,2024-03-01T12:43:30+0000,panoptic
440394248405564,2.1788468,41.39217,2024-03-01T12:43:28+0000,2024-03-01T12:43:28+0000,panoptic
440394251738897,2.1788287,41.392128,2024-03-01T12:43:29+0000,2024-03-01T12:43:29+0000,panoptic
440394255072230,2.1787016,41.391827,2024-03-01T12:43:28+0000,2024-03-01T12:43:28+0000,panoptic
440394258405563,2.178054,41.39157,2024-03-01T12:43:34+0000,2024-03-01T12:43:34+0000,panoptic
440394261738896,2.1787958,41.39211,2024-03-01T12:43:27+0000,2024-03-01T12:43:27+0000,panoptic
440394265072229,2.1786463,41.39182,2024-03-01T12:43:28+0000,2024-03-01T12:43:28+0000,panoptic
440394268405562,2.178687,41.391888,2024-03-01T12:43:25+0000,2024-03-01T12:43:25+0000,panoptic
440394271738895,2.1787753,41.391922,2024-03-01T12:43:28+0000,2024-03-01T12:43:28+0000,panoptic
440394275072228,2.1787987,41.3919,2024-03-01T12:43:27+0000,2024-03-01T12:43:27+0000,panoptic
440394278405561,2.1779525,41.39134,2024-03-01T12:43:43+0000,2024-03-01T12:43:43+0000,panoptic
440394281738894,2.1781409,41.391506,2024-03-01T12:43:41+0000,2024-03-01T12:43:41+0000,panoptic
440394288405560,2.1779528,41.39134,2024-03-01T12:43:45+0000,2024-03-01T12:43:45+0000,trafficsign
440394291738893,2.1788788,41.39206,2024-03-01T12:43:29+0000,2024-11-24T09:12:17+0000,panoptic
440394295072226,2.1787043,41.392025,2024-03-01T12:43:28+0000,2024-03-01T12:43:28+0000,panoptic
440394301738892,2.1773076,41.390877,2024-03-01T12:43:56+0000,2024-03-01T12:43:56+0000,panoptic
440394305072225,2.1786942,41.392002,2024-03-01T12:43:26+0000,2024-03-01T12:43:26+0000,panoptic
440394308405558,2.1786532,41.391975,2024-03-01T12:43:26+0000,2024-03-01T12:43:26+0000,panoptic
440394311738891,2.1788154,41.392128,2024-03-01T12:43:28+0000,2024-03-01T12:43:28+0000,panoptic
440394315072224,2.1786091,41.391975,2024-03-01T12:43:26+0000,2024-03-01T12:43:26+0000,panoptic
440394318405557,2.1772895,41.390823,2024-03-01T12:43:50+0000,2024-11-24T09:12:35+0000,panoptic
440394321738890,2.1787384,41.39192,2024-03-01T12:43:33+0000,2024-03-01T12:43:33+0000,panoptic
440394328405556,2.1779325,41.391335,2024-03-01T12:43:41+0000,2024-03-01T12:43:41+0000,panoptic
440394331738889,2.1782176,41.391544,2024-03-01T12:43:41+0000,2024-03-01T12:43:41+0000,panoptic
440394335072222,2.178225,41.391544,2024-03-01T12:43:42+0000,2024-03-01T12:43:42+0000,panoptic
440394338405555,2.1781828,41.391487,2024-03-01T12:43:42+0000,2024-03-01T12:43:42+0000,panoptic
440394341738888,2.1772943,41.39086,2024-03-01T12:43:54+0000,2024-11-24T09:12:35+0000,panoptic
440394345072221,2.178118,41.391617,2024-03-01T12:43:43+0000,2024-03-01T12:43:43+0000,panoptic
440394348405554,2.1782248,41.39155,2024-03-01T12:43:35+0000,2024-03-01T12:43:35+0000,panoptic
440394351738887,2.1778202,41.39125,2024-03-01T12:43:48+0000,2024-03-01T12:43:48+0000,panoptic
440394358405553,2.1787064,41.39206,2024-03-01T12:43:26+0000,2024-03-01T12:43:26+0000,panoptic
440394361738886,2.1791549,41.391888,2024-03-01T12:43:30+0000,2024-03-01T12:43:30+0000,panoptic
440394365072219,2.178848,41.39197,2024-03-01T12:43:27+0000,2024-03-01T12:43:27+0000,panoptic
1115249777039671,2.180515,41.391308,2025-02-25T08:10:01+0000,2025-02-25T08:10:01+0000,panoptic
1115249813706334,2.1804266,41.391785,2025-02-25T08:09:54+0000,2025-02-25T08:09:54+0000,panoptic
1115249853706330,2.1804388,41.391277,2025-02-25T08:09:59+0000,2025-02-25T08:09:59+0000,panoptic
1115249860372996,2.1800961,41.3915,2025-02-25T08:10:10+0000,2025-02-25T08:10:10+0000,panoptic
1115249903706325,2.1800897,41.39163,2025-02-25T08:10:10+0000,2025-02-25T08:10:10+0000,panoptic
1115249913706324,2.1806862,41.391434,2025-02-25T08:09:58+0000,2025-02-25T08:09:58+0000,panoptic
1115249917039657,2.1805906,41.39155,2025-02-25T08:09:56+0000,2025-02-25T08:09:56+0000,panoptic
1115249923706323,2.1803129,41.391506,2025-02-25T08:10:00+0000,2025-02-25T08:10:00+0000,panoptic
1115249943706321,2.1801536,41.391674,2025-02-25T08:10:11+0000,2025-02-25T08:10:11+0000,panoptic
1115249947039654,2.1803777,41.391823,2025-02-25T08:09:51+0000,2025-02-25T08:09:51+0000,panoptic
1115249950372987,2.1803162,41.39106,2025-02-25T08:10:00+0000,2025-02-25T08:10:00+0000,panoptic
1115249970372985,2.1804407,41.39128,2025-02-25T08:10:01+0000,2025-02-25T08:10:01+0000,panoptic
1115249977039651,2.1806536,41.391434,2025-02-25T08:09:54+0000,2025-02-25T08:09:54+0000,panoptic
1115249980372984,2.1799133,41.391617,2025-02-25T08:10:06+0000,2025-02-25T08:10:06+0000,panoptic
1115250000372982,2.1803336,41.391357,2025-02-25T08:09:59+0000,2025-02-25T08:09:59+0000,panoptic
1115250017039647,2.1809819,41.39164,2025-02-25T08:09:55+0000,2025-02-25T08:09:55+0000,trafficsign
1115250043706311,2.1798892,41.391796,2025-02-25T08:10:12+0000,2025-02-25T08:10:49+0000,trafficsign
1115250063706309,2.1802862,41.391613,2025-02-25T08:09:55+0000,2025-10-27T11:43:35+0000,panoptic
1115250083706307,2.180868,41.39146,2025-02-25T08:09:54+0000,2025-02-25T08:09:54+0000,panoptic
1115250087039640,2.1804616,41.39129,2025-02-25T08:09:59+0000,2025-02-25T08:09:59+0000,panoptic
1115250107039638,2.1802578,41.39132,2025-02-25T08:10:02+0000,2025-02-25T08:10:02+0000,panoptic
1115250110372971,2.1802611,41.391323,2025-02-25T08:10:01+0000,2025-02-25T08:10:01+0000,panoptic
1115250117039637,2.1801372,41.390755,2025-02-25T08:10:00+0000,2025-10-27T11:40:37+0000,panoptic
1115250137039635,2.180658,41.391438,2025-02-25T08:09:50+0000,2025-02-25T08:09:50+0000,panoptic
1115250140372968,2.180656,41.391434,2025-02-25T08:09:54+0000,2025-02-25T08:09:54+0000,panoptic
1115250147039634,2.1798959,41.3913,2025-02-25T08:10:02+0000,2025-02-25T08:10:02+0000,panoptic
1115250163706299,2.1803308,41.391357,2025-02-25T08:09:56+0000,2025-02-25T08:09:56+0000,panoptic
1115250190372963,2.1803277,41.391384,2025-02-25T08:09:54+0000,2025-02-25T08:09:54+0000,panoptic
1115250203706295,2.1794074,41.39153,2025-02-25T08:10:05+0000,2025-02-25T08:10:05+0000,panoptic
1115250207039628,2.1801198,41.39149,2025-02-25T08:10:04+0000,2025-02-25T08:10:04+0000,panoptic
1115250220372960,2.180136,41.39162,2025-02-25T08:09:59+0000,2025-02-25T08:09:59+0000,panoptic
1115250250372957,2.180473,41.391285,2025-02-25T08:10:01+0000,2025-02-25T08:10:01+0000,panoptic
1115250253706290,2.1806598,41.3917,2025-02-25T08:09:50+0000,2025-02-25T08:09:50+0000,panoptic
1115250273706288,2.1801016,41.391636,2025-02-25T08:09:52+0000,2025-02-25T08:09:52+0000,panoptic
1115250293706286,2.1798897,41.391792,2025-02-25T08:09:57+0000,2025-02-25T08:10:49+0000,panoptic
1115250303706285,2.1795816,41.391624,2025-02-25T08:10:06+0000,2025-02-25T08:10:06+0000,panoptic
1115250333706282,2.1803305,41.391354,2025-02-25T08:10:04+0000,2025-02-25T08:10:04+0000,panoptic
1115250340372948,2.1806695,41.39146,2025-02-25T08:09:55+0000,2025-10-27T11:43:35+0000,panoptic
2121418311689474,2.1803038,41.401836,2025-08-09T14:58:54+0000,2025-08-09T14:58:54+0000,panoptic
2121418318356140,2.1807837,41.40189,2025-08-09T14:59:01+0000,2025-08-09T14:59:01+0000,panoptic
2121418348356137,2.1807787,41.40194,2025-08-09T14:59:04+0000,2025-08-09T14:59:04+0000,panoptic
2121418481689457,2.1803508,41.401833,2025-08-09T14:58:57+0000,2025-08-09T14:58:57+0000,panoptic
2121418505022788,2.1803465,41.401894,2025-08-09T14:58:54+0000,2025-08-09T14:58:54+0000,panoptic
2121418531689452,2.1804895,41.40193,2025-08-09T14:58:54+0000,2025-08-09T14:58:54+0000,panoptic
2121418535022785,2.1805873,41.401844,2025-08-09T14:58:55+0000,2025-08-09T14:58:55+0000,panoptic
2121418558356116,2.1803458,41.401894,2025-08-09T14:58:54+0000,2025-08-09T14:58:54+0000,trafficsign
2121418578356114,2.1803324,41.401794,2025-08-09T14:58:54+0000,2025-08-09T14:58:54+0000,trafficsign
2121418585022780,2.1803486,41.40189,2025-08-09T14:58:54+0000,2025-08-09T14:58:54+0000,trafficsign
2121418618356110,2.180337,41.401794,2025-08-09T14:58:55+0000,2025-08-09T14:58:55+0000,panoptic
2121418658356106,2.180346,41.401894,2025-08-09T14:58:54+0000,2025-08-09T14:58:54+0000,panoptic
2121418661689439,2.1803486,41.40189,2025-08-09T14:58:54+0000,2025-08-09T14:58:54+0000,panoptic
2121418671689438,2.180349,41.40189,2025-08-09T14:58:54+0000,2025-08-09T14:58:54+0000,panoptic
2121418675022771,2.1807668,41.401894,2025-08-09T14:58:58+0000,2025-08-09T14:58:58+0000,panoptic
4226054010793383,2.1713355,41.39759,2016-02-21T14:34:03+0000,2016-02-21T14:34:03+0000,mvd_fast
328979518575365,2.1663566,41.401714,2017-11-18T12:21:46+0000,2017-11-18T12:21:46+0000,mvd_fast
328998101906840,2.1665218,41.401478,2017-11-18T12:21:46+0000,2017-11-18T12:21:46+0000,mvd_fast
329014925238491,2.16672,41.401463,2017-11-18T12:21:58+0000,2017-11-18T12:21:58+0000,mvd_fast
329035225236461,2.166483,41.401592,2017-11-18T12:21:46+0000,2017-11-18T12:21:46+0000,mvd_fast
329192091887441,2.1664007,41.401546,2017-11-18T12:21:47+0000,2017-11-18T12:21:47+0000,mvd_fast
329235355216448,2.1665876,41.401268,2017-11-18T12:21:47+0000,2017-11-18T12:21:47+0000,mvd_fast
329270911879559,2.1665852,41.40147,2017-11-18T12:21:52+0000,2017-11-18T12:21:52+0000,mvd_fast
975956106312533,2.1722353,41.40092,2021-07-26T12:12:21+0000,2021-07-26T12:12:21+0000,panoptic
975956109645866,2.1720407,41.400936,2021-07-26T12:12:23+0000,2021-07-26T12:12:23+0000,trafficsign
975956112979199,2.1723654,41.401134,2021-07-26T12:12:19+0000,2025-11-05T08:42:19+0000,panoptic
975956116312532,2.1723337,41.40114,2021-07-26T12:12:19+0000,2025-11-05T08:42:01+0000,panoptic
975956119645865,2.172099,41.400856,2021-07-26T12:12:21+0000,2021-07-26T12:12:21+0000,panoptic
975956122979198,2.1720235,41.40092,2021-07-26T12:12:22+0000,2021-07-26T12:12:22+0000,panoptic
975956126312531,2.172689,41.40132,2021-07-26T12:12:15+0000,2021-07-26T12:12:15+0000,panoptic
3026295547589235,2.1809876,41.401905,2017-05-31T13:44:32+0000,2017-05-31T13:44:32+0000,trafficsign
3026649167553873,2.1808522,41.401867,2017-05-31T13:44:42+0000,2017-05-31T13:44:42+0000,trafficsign
3038112176407572,2.180642,41.401833,2017-05-31T13:44:57+0000,2017-05-31T13:44:57+0000,mvd_fast
3038150406403749,2.180381,41.401882,2017-05-31T13:44:57+0000,2017-05-31T13:44:57+0000,mvd_fast
3038273986391391,2.1809788,41.401722,2017-05-31T13:44:37+0000,2017-05-31T13:44:37+0000,mvd_fast
4132655803681365,2.170876,41.39456,2025-08-19T13:43:41+0000,2025-08-19T13:43:41+0000,panoptic
4132655807014698,2.1714447,41.394764,2025-08-19T13:43:48+0000,2025-09-19T07:02:49+0000,panoptic
4132655810348031,2.1712704,41.39474,2025-08-19T13:43:50+0000,2025-08-19T13:43:50+0000,panoptic
4132655813681364,2.1711688,41.39481,2025-08-19T13:43:55+0000,2025-08-19T13:43:55+0000,panoptic
4132655817014697,2.1699374,41.394672,2025-08-19T13:43:41+0000,2025-08-19T13:43:41+0000,panoptic
4132655820348030,2.1713734,41.394726,2025-08-19T13:43:47+0000,2025-08-19T13:43:47+0000,trafficsign
4132655823681363,2.170578,41.394966,2025-08-19T13:43:41+0000,2025-08-19T13:43:41+0000,panoptic
4132655827014696,2.171682,41.394657,2025-08-19T13:43:50+0000,2025-08-19T13:43:50+0000,panoptic
4132655830348029,2.1710403,41.394623,2025-08-19T13:43:41+0000,2025-08-19T13:43:41+0000,panoptic
4132655833681362,2.17037,41.394627,2025-08-19T13:43:41+0000,2025-08-19T13:43:41+0000,panoptic
4132655837014695,2.171168,41.394596,2025-08-19T13:43:48+0000,2025-08-19T13:43:48+0000,panoptic
4132655840348028,2.171152,41.39484,2025-08-19T13:43:48+0000,2025-08-19T13:43:48+0000,panoptic
4132655843681361,2.1704454,41.394848,2025-08-19T13:43:41+0000,2025-09-19T07:03:58+0000,panoptic
4132655847014694,2.1704168,41.39467,2025-08-19T13:43:41+0000,2025-08-19T13:43:41+0000,panoptic
4132655850348027,2.1712708,41.394604,2025-08-19T13:43:50+0000,2025-08-19T13:43:50+0000,panoptic
4132655853681360,2.1713822,41.394665,2025-08-19T13:43:48+0000,2025-08-19T13:43:48+0000,panoptic
4132655857014693,2.171454,41.39463,2025-08-19T13:43:48+0000,2025-09-19T07:01:56+0000,panoptic
4132655860348026,2.1704438,41.394833,2025-08-19T13:43:41+0000,2025-09-19T07:04:02+0000,panoptic
4132655863681359,2.1713414,41.39468,2025-08-19T13:43:47+0000,2025-08-19T13:43:47+0000,panoptic
4132655867014692,2.1712024,41.394707,2025-08-19T13:43:47+0000,2025-08-19T13:43:47+0000,panoptic
4132655870348025,2.1713486,41.394726,2025-08-19T13:43:54+0000,2025-08-19T13:43:54+0000,panoptic
7612538892187688,2.180983,41.39913,2024-08-12T09:13:25+0000,2024-08-12T09:13:25+0000,panoptic
7612538898854354,2.1806345,41.399414,2024-08-12T09:13:27+0000,2024-08-12T09:13:27+0000,panoptic
7612538915521019,2.1806314,41.399406,2024-08-12T09:12:59+0000,2024-08-12T09:12:59+0000,panoptic
7612538932187684,2.1809847,41.399136,2024-08-12T09:13:24+0000,2024-08-12T09:13:24+0000,panoptic
7612538975521013,2.1807308,41.39936,2024-08-12T09:13:27+0000,2024-08-12T09:13:27+0000,panoptic
7612538995521011,2.1807315,41.39936,2024-08-12T09:13:27+0000,2024-08-12T09:13:27+0000,panoptic
7612539058854338,2.180845,41.399246,2024-08-12T09:13:03+0000,2024-08-12T09:13:03+0000,panoptic
7612539098854334,2.1807845,41.39939,2024-08-12T09:13:03+0000,2024-08-12T09:13:03+0000,panoptic
7612539102187667,2.1807363,41.399357,2024-08-12T09:13:24+0000,2024-08-12T09:13:24+0000,panoptic
7612539138854330,2.1807668,41.399197,2024-08-12T09:13:02+0000,2024-08-12T09:13:02+0000,panoptic
7612539145520996,2.180875,41.39926,2024-08-12T09:13:25+0000,2024-08-12T09:13:29+0000,panoptic
7612539155520995,2.180688,41.399406,2024-08-12T09:13:27+0000,2024-08-12T09:13:29+0000,panoptic
7612539248854319,2.1809766,41.399143,2024-08-12T09:13:25+0000,2024-08-12T09:13:25+0000,panoptic
7612539368854307,2.1809938,41.39909,2024-08-12T09:13:27+0000,2024-08-12T09:13:27+0000,trafficsign
7612539435520967,2.1807961,41.399162,2024-08-12T09:12:59+0000,2024-08-12T09:12:59+0000,panoptic
7612539438854300,2.1806128,41.399307,2024-08-12T09:12:59+0000,2024-08-12T09:12:59+0000,panoptic
7612539452187632,2.1808558,41.39925,2024-08-12T09:12:58+0000,2024-08-12T09:12:58+0000,panoptic
7612539465520964,2.1806512,41.399403,2024-08-12T09:13:27+0000,2024-08-12T09:13:27+0000,panoptic
240526164510189,2.1571202,41.391457,2021-05-22T09:25:39+0000,2021-05-22T09:25:39+0000,panoptic
240526167843522,2.1574485,41.39173,2021-05-22T09:25:47+0000,2023-04-15T19:15:40+0000,panoptic
240526171176855,2.1564429,41.390938,2021-05-22T09:25:17+0000,2021-05-22T09:25:17+0000,panoptic
240526174510188,2.156426,41.390697,2021-05-22T09:25:09+0000,2021-05-22T09:25:09+0000,panoptic
240526177843521,2.1564014,41.39083,2021-05-22T09:25:12+0000,2021-05-22T09:25:12+0000,panoptic
240526181176854,2.156464,41.39097,2021-05-22T09:25:13+0000,2021-05-22T09:25:13+0000,panoptic
240526184510187,2.1563983,41.390816,2021-05-22T09:25:14+0000,2021-05-22T09:25:14+0000,panoptic
240526187843520,2.157367,41.391586,2021-05-22T09:25:48+0000,2021-05-22T09:25:48+0000,panoptic
240526191176853,2.157128,41.391434,2021-05-22T09:25:35+0000,2021-05-22T09:25:35+0000,panoptic
240526194510186,2.1569402,41.391384,2021-05-22T09:25:37+0000,2021-05-22T09:25:37+0000,panoptic
240526197843519,2.1563752,41.39074,2021-05-22T09:25:08+0000,2021-05-22T09:25:08+0000,panoptic
240526201176852,2.1573868,41.391724,2021-05-22T09:25:50+0000,2021-05-22T09:25:50+0000,panoptic
240526204510185,2.1566825,41.391197,2021-05-22T09:25:29+0000,2021-05-22T09:25:29+0000,panoptic
240526207843518,2.15742,41.391575,2021-05-22T09:25:49+0000,2021-05-22T09:25:49+0000,panoptic
240526211176851,2.1567092,41.39117,2021-05-22T09:25:30+0000,2021-05-22T09:25:30+0000,panoptic
240526214510184,2.156412,41.390884,2021-05-22T09:25:17+0000,2021-05-22T09:25:17+0000,panoptic
240526217843517,2.1582246,41.392212,2021-05-22T09:26:15+0000,2021-05-22T09:26:15+0000,panoptic
240526221176850,2.1569476,41.39139,2021-05-22T09:25:35+0000,2021-05-22T09:25:35+0000,panoptic
240526224510183,2.156656,41.39119,2021-05-22T09:25:27+0000,2021-05-22T09:25:27+0000,panoptic
240526227843516,2.1577094,41.392002,2021-05-22T09:26:01+0000,2021-05-22T09:26:01+0000,panoptic
240526231176849,2.157964,41.392,2021-05-22T09:26:08+0000,2021-05-22T09:26:08+0000,panoptic
240526234510182,2.1582506,41.392296,2021-05-22T09:26:18+0000,2021-05-22T09:26:18+0000,panoptic
240526237843515,2.15706,41.39142,2021-05-22T09:25:41+0000,2021-05-22T09:25:41+0000,panoptic
240526241176848,2.1578557,41.39205,2021-05-22T09:26:06+0000,2021-05-22T09:26:06+0000,panoptic
240526244510181,2.1567965,41.39117,2021-05-22T09:25:27+0000,2021-05-22T09:25:27+0000,panoptic
240526247843514,2.1562142,41.390774,2021-05-22T09:25:08+0000,2021-05-22T09:25:08+0000,panoptic
240526251176847,2.157617,41.391693,2021-05-22T09:25:54+0000,2021-05-22T09:25:54+0000,panoptic
240526254510180,2.158389,41.392258,2021-05-22T09:25:58+0000,2021-05-22T09:25:58+0000,panoptic
240526257843513,2.1574688,41.391743,2021-05-22T09:25:49+0000,2023-04-15T19:15:44+0000,panoptic
240526261176846,2.1564343,41.390938,2021-05-22T09:25:08+0000,2021-05-22T09:25:08+0000,panoptic
240526264510179,2.1564686,41.390907,2021-05-22T09:25:18+0000,2021-05-22T09:25:18+0000,panoptic
240526267843512,2.1570423,41.391342,2021-05-22T09:25:37+0000,2021-05-22T09:25:37+0000,panoptic
240526271176845,2.157272,41.391533,2021-05-22T09:25:46+0000,2021-05-22T09:25:46+0000,panoptic
240526274510178,2.1575184,41.391678,2021-05-22T09:25:54+0000,2021-05-22T09:25:54+0000,panoptic
240526277843511,2.1570375,41.39134,2021-05-22T09:25:34+0000,2021-05-22T09:25:34+0000,panoptic
240526284510177,2.1563942,41.39104,2021-05-22T09:25:09+0000,2021-05-22T09:25:09+0000,panoptic
240526287843510,2.157882,41.392117,2021-05-22T09:26:05+0000,2021-05-22T09:26:05+0000,panoptic
240526291176843,2.156357,41.39075,2021-05-22T09:25:11+0000,2021-05-22T09:25:11+0000,panoptic
240526294510176,2.1580033,41.39221,2021-05-22T09:25:58+0000,2021-05-22T09:25:58+0000,panoptic
240526301176842,2.1566854,41.391285,2021-05-22T09:25:21+0000,2021-05-22T09:25:21+0000,panoptic
240526304510175,2.1565132,41.390816,2021-05-22T09:25:08+0000,2021-05-22T09:25:08+0000,panoptic
240526307843508,2.1568823,41.39117,2021-05-22T09:25:29+0000,2021-05-22T09:25:29+0000,panoptic
240526311176841,2.1565082,41.390846,2021-05-22T09:25:07+0000,2021-05-22T09:25:07+0000,panoptic
240526314510174,2.1565084,41.390686,2021-05-22T09:25:07+0000,2021-05-22T09:25:07+0000,panoptic
240526317843507,2.1575706,41.391853,2021-05-22T09:25:53+0000,2021-05-22T09:25:53+0000,panoptic
240526321176840,2.1575084,41.39169,2021-05-22T09:25:54+0000,2021-05-22T09:25:54+0000,panoptic
240526324510173,2.1577487,41.391983,2021-05-22T09:26:01+0000,2021-05-22T09:26:01+0000,panoptic
240526327843506,2.1565032,41.390816,2021-05-22T09:25:07+0000,2021-05-22T09:25:07+0000,panoptic
240526331176839,2.1569648,41.391277,2021-05-22T09:25:23+0000,2021-05-22T09:25:23+0000,panoptic
240526337843505,2.1565084,41.390846,2021-05-22T09:25:07+0000,2021-05-22T09:25:07+0000,panoptic
240526341176838,2.156906,41.391193,2021-05-22T09:25:32+0000,2021-05-22T09:25:32+0000,panoptic
240526344510171,2.1565483,41.391186,2021-05-22T09:25:22+0000,2021-05-22T09:25:22+0000,panoptic
240526347843504,2.1573155,41.39182,2021-05-22T09:25:46+0000,2021-05-22T09:25:46+0000,panoptic
240526351176837,2.15812,41.3923,2021-05-22T09:26:12+0000,2021-05-22T09:26:12+0000,panoptic
240526357843503,2.157703,41.39175,2021-05-22T09:25:53+0000,2021-05-22T09:25:53+0000,panoptic
240526364510169,2.156325,41.391003,2021-05-22T09:25:08+0000,2021-05-22T09:25:08+0000,panoptic
240526367843502,2.156353,41.39078,2021-05-22T09:25:10+0000,2023-04-15T19:16:36+0000,panoptic
240526371176835,2.156883,41.39118,2021-05-22T09:25:27+0000,2021-05-22T09:25:27+0000,panoptic
240526374510168,2.1579168,41.391914,2021-05-22T09:26:00+0000,2021-05-22T09:26:00+0000,panoptic
240526377843501,2.1580582,41.392258,2021-05-22T09:26:09+0000,2021-05-22T09:26:09+0000,panoptic
240526381176834,2.1581447,41.392372,2021-05-22T09:26:15+0000,2021-05-22T09:26:15+0000,panoptic
240526384510167,2.1568265,41.39116,2021-05-22T09:25:30+0000,2021-05-22T09:25:30+0000,panoptic
240526387843500,2.1577039,41.392006,2021-05-22T09:25:56+0000,2021-05-22T09:25:56+0000,panoptic
240526391176833,2.1565487,41.39089,2021-05-22T09:25:07+0000,2021-05-22T09:25:07+0000,panoptic
240526394510166,2.1579475,41.391926,2021-05-22T09:26:01+0000,2021-05-22T09:26:01+0000,panoptic
240526401176832,2.1580806,41.392258,2021-05-22T09:26:09+0000,2023-04-15T19:15:18+0000,panoptic
240526404510165,2.1580982,41.392284,2021-05-22T09:26:10+0000,2021-05-22T09:26:10+0000,panoptic
240526407843498,2.1586242,41.39241,2021-05-22T09:26:14+0000,2021-05-22T09:26:14+0000,panoptic
240526411176831,2.1570108,41.391266,2021-05-22T09:25:30+0000,2021-05-22T09:25:30+0000,panoptic
240526414510164,2.1576223,41.391735,2021-05-22T09:25:53+0000,2023-04-15T19:15:42+0000,panoptic
240526417843497,2.1577322,41.391743,2021-05-22T09:25:54+0000,2021-05-22T09:25:54+0000,panoptic
240526421176830,2.1581137,41.39206,2021-05-22T09:26:01+0000,2021-05-22T09:26:01+0000,panoptic
240526424510163,2.158136,41.392418,2021-05-22T09:25:57+0000,2021-05-22T09:25:57+0000,panoptic
240526427843496,2.1578345,41.392025,2021-05-22T09:25:59+0000,2021-05-22T09:25:59+0000,panoptic
240526431176829,2.1565459,41.390587,2021-05-22T09:25:08+0000,2021-05-22T09:25:08+0000,panoptic
240526434510162,2.1569843,41.391247,2021-05-22T09:25:30+0000,2021-05-22T09:25:30+0000,panoptic
240526437843495,2.1572793,41.39172,2021-05-22T09:25:42+0000,2021-05-22T09:25:42+0000,panoptic
240526447843494,2.1578014,41.39191,2021-05-22T09:26:01+0000,2021-05-22T09:26:01+0000,panoptic
240526451176827,2.1584568,41.392258,2021-05-22T09:26:17+0000,2021-05-22T09:26:22+0000,panoptic
240526454510160,2.1578755,41.391888,2021-05-22T09:26:00+0000,2021-05-22T09:26:00+0000,panoptic
240526457843493,2.156809,41.391106,2021-05-22T09:25:25+0000,2021-05-22T09:25:25+0000,panoptic
240526461176826,2.1573963,41.39173,2021-05-22T09:25:50+0000,2021-05-22T09:25:50+0000,panoptic
240526464510159,2.1581697,41.39228,2021-05-22T09:26:17+0000,2021-05-22T09:26:17+0000,panoptic
240526467843492,2.1570954,41.391605,2021-05-22T09:25:38+0000,2021-05-22T09:25:38+0000,panoptic
240526471176825,2.157655,41.391964,2021-05-22T09:25:58+0000,2021-05-22T09:25:58+0000,panoptic
240526474510158,2.1563587,41.39096,2021-05-22T09:25:15+0000,2021-05-22T09:25:15+0000,panoptic
240526477843491,2.1572928,41.391685,2021-05-22T09:25:39+0000,2021-05-22T09:25:39+0000,panoptic
240526481176824,2.1562078,41.390945,2021-05-22T09:25:07+0000,2021-05-22T09:25:07+0000,panoptic
240526484510157,2.1582227,41.392418,2021-05-22T09:26:13+0000,2021-05-22T09:26:13+0000,panoptic
240526487843490,2.1574955,41.391663,2021-05-22T09:25:52+0000,2021-05-22T09:25:52+0000,panoptic
240526491176823,2.156466,41.390667,2021-05-22T09:25:09+0000,2021-05-22T09:25:09+0000,panoptic
240526494510156,2.1574,41.39174,2021-05-22T09:25:51+0000,2021-05-22T09:25:51+0000,panoptic
240526497843489,2.1572876,41.391743,2021-05-22T09:25:47+0000,2021-05-22T09:25:47+0000,panoptic
240526501176822,2.1574914,41.391663,2021-05-22T09:25:50+0000,2021-05-22T09:25:50+0000,panoptic
240526504510155,2.1564937,41.39092,2021-05-22T09:25:13+0000,2021-05-22T09:25:13+0000,panoptic
240526507843488,2.157743,41.39203,2021-05-22T09:25:56+0000,2021-05-22T09:25:56+0000,panoptic
240526511176821,2.1582475,41.39221,2021-05-22T09:26:13+0000,2021-05-22T09:26:13+0000,panoptic
240526514510154,2.1572871,41.391735,2021-05-22T09:25:37+0000,2021-05-22T09:25:37+0000,panoptic
240526517843487,2.1564345,41.390778,2021-05-22T09:25:09+0000,2021-05-22T09:25:09+0000,panoptic
240526521176820,2.1577845,41.39201,2021-05-22T09:25:55+0000,2021-05-22T09:25:55+0000,panoptic
240526524510153,2.1568968,41.39136,2021-05-22T09:25:31+0000,2023-04-15T19:16:04+0000,panoptic
240526527843486,2.1579309,41.391926,2021-05-22T09:25:58+0000,2021-05-22T09:25:58+0000,panoptic
240526531176819,2.157633,41.39161,2021-05-22T09:25:51+0000,2023-04-15T19:15:42+0000,panoptic
240526534510152,2.1571841,41.39174,2021-05-22T09:25:43+0000,2021-05-22T09:25:43+0000,panoptic
240526537843485,2.1582246,41.39232,2021-05-22T09:26:15+0000,2021-05-22T09:26:15+0000,panoptic
240526541176818,2.1573164,41.39168,2021-05-22T09:25:42+0000,2021-05-22T09:25:42+0000,panoptic
240526544510151,2.1565242,41.3911,2021-05-22T09:25:19+0000,2021-05-22T09:25:19+0000,panoptic
240526547843484,2.1574602,41.391644,2021-05-22T09:25:50+0000,2023-04-15T19:15:42+0000,panoptic
240526551176817,2.1582735,41.39235,2021-05-22T09:26:12+0000,2021-05-22T09:26:12+0000,panoptic
240526554510150,2.1572685,41.391685,2021-05-22T09:25:44+0000,2021-05-22T09:25:44+0000,panoptic
240526557843483,2.158225,41.39232,2021-05-22T09:26:14+0000,2021-05-22T09:26:14+0000,panoptic
240526561176816,2.1567128,41.391117,2021-05-22T09:25:25+0000,2021-05-22T09:25:25+0000,panoptic
240526564510149,2.1571846,41.391735,2021-05-22T09:25:43+0000,2021-05-22T09:25:43+0000,panoptic
240526567843482,2.1564567,41.391037,2021-05-22T09:25:18+0000,2021-05-22T09:25:18+0000,panoptic
240526571176815,2.1575835,41.391727,2021-05-22T09:25:51+0000,2021-05-22T09:25:51+0000,panoptic
240526577843481,2.1574612,41.39158,2021-05-22T09:25:49+0000,2021-05-22T09:25:49+0000,panoptic
240526581176814,2.1582928,41.39223,2021-05-22T09:26:17+0000,2021-05-22T09:26:17+0000,panoptic
240526584510147,2.1575773,41.391724,2021-05-22T09:25:50+0000,2021-05-22T09:25:50+0000,panoptic
240526587843480,2.1563504,41.39093,2021-05-22T09:25:07+0000,2021-05-22T09:25:07+0000,panoptic
240526591176813,2.1563582,41.39096,2021-05-22T09:25:11+0000,2021-05-22T09:25:11+0000,panoptic
240526597843479,2.15719,41.39144,2021-05-22T09:25:44+0000,2021-05-22T09:25:44+0000,panoptic
240526601176812,2.157483,41.391575,2021-05-22T09:25:49+0000,2021-05-22T09:25:49+0000,panoptic
240526604510145,2.1563997,41.39073,2021-05-22T09:25:07+0000,2021-05-22T09:25:07+0000,panoptic
240526607843478,2.1571515,41.391697,2021-05-22T09:25:38+0000,2023-04-15T19:16:10+0000,panoptic
240526611176811,2.1572397,41.39172,2021-05-22T09:25:35+0000,2023-04-15T19:16:04+0000,panoptic
240526614510144,2.1569633,41.391273,2021-05-22T09:25:21+0000,2021-05-22T09:25:21+0000,panoptic
240526617843477,2.1563597,41.390965,2021-05-22T09:25:09+0000,2021-05-22T09:25:09+0000,panoptic
240526624510143,2.1562986,41.39096,2021-05-22T09:25:09+0000,2021-05-22T09:25:09+0000,panoptic
240526627843476,2.1574056,41.391743,2021-05-22T09:25:38+0000,2021-05-22T09:25:38+0000,panoptic
240526631176809,2.1560934,41.39091,2021-05-22T09:25:07+0000,2023-04-15T19:16:40+0000,panoptic
240526634510142,2.156455,41.39078,2021-05-22T09:25:07+0000,2021-05-22T09:25:07+0000,panoptic
240526637843475,2.1582522,41.39234,2021-05-22T09:26:12+0000,2021-05-22T09:26:12+0000,panoptic
240526641176808,2.1564631,41.390667,2021-05-22T09:25:09+0000,2021-05-22T09:25:09+0000,panoptic
240526644510141,2.156485,41.39091,2021-05-22T09:25:14+0000,2021-05-22T09:25:14+0000,panoptic
240526647843474,2.156967,41.39141,2021-05-22T09:25:35+0000,2021-05-22T09:25:35+0000,panoptic
240526651176807,2.157401,41.391747,2021-05-22T09:25:50+0000,2023-04-15T19:15:46+0000,panoptic
240526654510140,2.1584256,41.392544,2021-05-22T09:26:14+0000,2021-05-22T09:26:22+0000,panoptic
240526657843473,2.1570256,41.39144,2021-05-22T09:25:33+0000,2021-05-22T09:25:33+0000,panoptic
240526661176806,2.1570082,41.39145,2021-05-22T09:25:30+0000,2021-05-22T09:25:30+0000,panoptic
240526664510139,2.158122,41.392246,2021-05-22T09:26:10+0000,2021-05-22T09:26:10+0000,panoptic
240526667843472,2.1570494,41.39146,2021-05-22T09:25:33+0000,2021-05-22T09:25:33+0000,panoptic
240526671176805,2.1569862,41.391415,2021-05-22T09:25:33+0000,2021-05-22T09:25:33+0000,panoptic
240526674510138,2.1578708,41.39205,2021-05-22T09:25:56+0000,2021-05-22T09:25:56+0000,panoptic
240526677843471,2.1582022,41.392303,2021-05-22T09:26:16+0000,2021-05-22T09:26:16+0000,panoptic
240526684510137,2.1575308,41.391685,2021-05-22T09:25:54+0000,2021-05-22T09:25:54+0000,panoptic
240526687843470,2.156156,41.39092,2021-05-22T09:25:08+0000,2021-05-22T09:25:08+0000,panoptic
240526691176803,2.1570044,41.391426,2021-05-22T09:25:33+0000,2021-05-22T09:25:33+0000,panoptic
240526694510136,2.1579063,41.39207,2021-05-22T09:25:43+0000,2021-05-22T09:25:43+0000,panoptic
240526697843469,2.1563308,41.39091,2021-05-22T09:25:08+0000,2021-05-22T09:25:08+0000,panoptic
240526701176802,2.1575773,41.391724,2021-05-22T09:25:50+0000,2021-05-22T09:25:50+0000,trafficsign
240526704510135,2.1578863,41.39206,2021-05-22T09:25:54+0000,2021-05-22T09:25:54+0000,panoptic
240526707843468,2.1564684,41.390667,2021-05-22T09:25:10+0000,2021-05-22T09:25:10+0000,trafficsign
240526711176801,2.1564128,41.390713,2021-05-22T09:25:08+0000,2021-05-22T09:25:08+0000,panoptic
240526714510134,2.1579673,41.392113,2021-05-22T09:26:10+0000,2021-05-22T09:26:10+0000,trafficsign
240526717843467,2.1570745,41.391514,2021-05-22T09:25:36+0000,2023-04-15T19:15:44+0000,panoptic
240526721176800,2.1563597,41.390965,2021-05-22T09:25:15+0000,2021-05-22T09:25:15+0000,trafficsign
240526724510133,2.1561465,41.39092,2021-05-22T09:25:07+0000,2021-05-22T09:25:07+0000,panoptic
368069241561380,2.1808853,41.40194,2016-02-23T17:29:24+0000,2016-02-23T17:29:24+0000,mvd_fast
368085018226469,2.1806219,41.401733,2016-02-23T17:27:58+0000,2016-02-23T17:27:58+0000,mvd_fast
368148291553475,2.1808314,41.401653,2016-02-23T17:28:07+0000,2016-02-23T17:28:07+0000,mvd_fast
368212911547013,2.180806,41.401638,2016-02-23T17:27:53+0000,2016-02-23T17:27:53+0000,mvd_fast
750258034480497,2.1647325,41.389908,2025-08-19T13:35:31+0000,2025-08-19T13:35:31+0000,panoptic
750258037813830,2.1646178,41.39011,2025-08-19T13:35:40+0000,2025-08-19T13:35:40+0000,panoptic
750258041147163,2.1645243,41.39007,2025-08-19T13:35:28+0000,2025-08-19T13:35:28+0000,trafficsign
750258044480496,2.1648064,41.39023,2025-08-19T13:35:36+0000,2025-08-19T13:35:36+0000,panoptic
750258051147162,2.1641972,41.389866,2025-08-19T13:35:25+0000,2025-08-19T13:35:25+0000,panoptic
750258054480495,2.164669,41.390255,2025-08-19T13:35:47+0000,2025-08-19T13:35:47+0000,panoptic
750258057813828,2.164622,41.39015,2025-08-19T13:35:27+0000,2025-08-19T13:35:27+0000,panoptic
750258061147161,2.164213,41.389893,2025-08-19T13:35:27+0000,2025-08-19T13:35:27+0000,panoptic
750258064480494,2.1642501,41.389908,2025-08-19T13:35:27+0000,2025-08-19T13:35:27+0000,panoptic
750258067813827,2.1649191,41.39004,2025-08-19T13:35:42+0000,2025-08-19T13:35:42+0000,panoptic
750258071147160,2.1648538,41.39016,2025-08-19T13:35:34+0000,2025-08-19T13:35:34+0000,panoptic
750258074480493,2.1648164,41.390224,2025-08-19T13:35:33+0000,2025-08-19T13:35:33+0000,panoptic
750258077813826,2.1648772,41.390114,2025-08-19T13:35:37+0000,2025-08-19T13:35:37+0000,panoptic
750258081147159,2.1644816,41.39,2025-08-19T13:35:30+0000,2025-08-19T13:35:30+0000,trafficsign
750258084480492,2.1644814,41.389996,2025-08-19T13:35:29+0000,2025-08-19T13:35:29+0000,panoptic
750258087813825,2.164899,41.39036,2025-08-19T13:35:47+0000,2025-08-19T13:35:47+0000,panoptic
750258091147158,2.164479,41.389996,2025-08-19T13:35:25+0000,2025-08-19T13:35:25+0000,panoptic
750258094480491,2.1645806,41.389954,2025-08-19T13:35:33+0000,2025-08-19T13:35:33+0000,panoptic
750258097813824,2.1646214,41.39015,2025-08-19T13:35:27+0000,2025-08-19T13:35:27+0000,trafficsign
750258107813823,2.1647835,41.390045,2025-08-19T13:35:39+0000,2025-08-19T13:35:39+0000,panoptic
750258111147156,2.1647837,41.390045,2025-08-19T13:35:37+0000,2025-08-19T13:35:37+0000,panoptic
750258114480489,2.1649086,41.39004,2025-08-19T13:35:31+0000,2025-08-19T13:35:31+0000,panoptic
750258117813822,2.1642473,41.389904,2025-08-19T13:35:27+0000,2025-08-19T13:35:27+0000,panoptic
750258121147155,2.1642284,41.38988,2025-08-19T13:35:27+0000,2025-08-19T13:35:27+0000,panoptic
750258124480488,2.1642284,41.38988,2025-08-19T13:35:27+0000,2025-08-19T13:35:27+0000,panoptic
750258127813821,2.1646214,41.39015,2025-08-19T13:35:36+0000,2025-08-19T13:35:36+0000,panoptic
750258134480487,2.1645243,41.39007,2025-08-19T13:35:30+0000,2025-08-19T13:35:30+0000,panoptic
750258137813820,2.1644814,41.389996,2025-08-19T13:35:32+0000,2025-08-19T13:35:32+0000,trafficsign
750258141147153,2.16426,41.38991,2025-08-19T13:35:25+0000,2025-08-19T13:35:25+0000,trafficsign
750258147813819,2.1645854,41.390022,2025-08-19T13:35:30+0000,2025-08-19T13:35:30+0000,panoptic
750258151147152,2.1651611,41.39055,2025-08-19T13:35:49+0000,2025-08-19T13:35:58+0000,panoptic
750258154480485,2.1645963,41.390156,2025-08-19T13:35:42+0000,2025-08-19T13:35:42+0000,panoptic
750258157813818,2.1645615,41.39012,2025-08-19T13:35:42+0000,2025-08-19T13:35:42+0000,panoptic
750258161147151,2.1649194,41.39007,2025-08-19T13:35:32+0000,2025-08-19T13:35:32+0000,panoptic
750258164480484,2.1648765,41.39033,2025-08-19T13:35:47+0000,2025-08-19T13:35:47+0000,panoptic
750258167813817,2.1646903,41.390102,2025-08-19T13:35:31+0000,2025-08-19T13:35:31+0000,panoptic
750258171147150,2.1648116,41.390217,2025-08-19T13:35:39+0000,2025-08-19T13:35:39+0000,panoptic
750258174480483,2.1649668,41.3899,2025-08-19T13:35:36+0000,2025-08-19T13:35:36+0000,panoptic
750258177813816,2.164825,41.390358,2025-08-19T13:35:52+0000,2025-08-19T13:35:52+0000,panoptic
750258181147149,2.1651049,41.39051,2025-08-19T13:35:49+0000,2025-08-19T13:35:58+0000,panoptic
750258184480482,2.1648686,41.39039,2025-08-19T13:35:53+0000,2025-08-19T13:35:53+0000,panoptic
750258187813815,2.164944,41.390385,2025-08-19T13:35:42+0000,2025-08-19T13:35:42+0000,panoptic
750258197813814,2.165027,41.39045,2025-08-19T13:35:45+0000,2025-08-19T13:35:45+0000,panoptic
750258201147147,2.1645238,41.39007,2025-08-19T13:35:27+0000,2025-08-19T13:35:27+0000,panoptic
750258204480480,2.1644852,41.38999,2025-08-19T13:35:30+0000,2025-08-19T13:35:30+0000,panoptic
750258211147146,2.164784,41.39005,2025-08-19T13:35:31+0000,2025-08-19T13:35:31+0000,panoptic
750258214480479,2.1647856,41.39004,2025-08-19T13:35:31+0000,2025-08-19T13:35:31+0000,panoptic
750258217813812,2.1648304,41.3901,2025-08-19T13:35:33+0000,2025-08-19T13:35:33+0000,panoptic
750258221147145,2.1646059,41.39017,2025-08-19T13:35:30+0000,2025-08-19T13:35:30+0000,panoptic
750258224480478,2.1648602,41.390385,2025-08-19T13:35:53+0000,2025-08-19T13:35:53+0000,panoptic
750258227813811,2.164247,41.389904,2025-08-19T13:35:27+0000,2025-08-19T13:35:27+0000,panoptic
750258231147144,2.1642394,41.389885,2025-08-19T13:35:25+0000,2025-08-19T13:35:25+0000,panoptic
750258234480477,2.1646843,41.3902,2025-08-19T13:35:27+0000,2025-08-19T13:35:27+0000,panoptic
750258237813810,2.1644816,41.39,2025-08-19T13:35:29+0000,2025-08-19T13:35:29+0000,panoptic
750258244480476,2.1649022,41.39051,2025-08-19T13:35:49+0000,2025-08-19T13:35:49+0000,panoptic
1105840658143731,2.1495457,41.393887,2025-11-08T13:54:34+0000,2026-05-23T12:54:56+0000,panoptic
1105840661477064,2.1497498,41.39383,2025-11-08T13:54:35+0000,2026-02-14T14:01:26+0000,panoptic
1105840678143729,2.1497328,41.393803,2025-11-08T13:54:34+0000,2026-05-23T12:55:00+0000,panoptic
1105840684810395,2.1494727,41.393936,2025-11-08T13:54:31+0000,2026-02-14T14:01:21+0000,panoptic
1105840694810394,2.1494765,41.39393,2025-11-08T13:54:32+0000,2026-05-23T12:54:54+0000,panoptic
1105840704810393,2.1496155,41.393852,2025-11-08T13:54:35+0000,2026-02-14T14:01:23+0000,panoptic
1105840728143724,2.1496491,41.39388,2025-11-08T13:54:34+0000,2026-02-14T14:01:25+0000,panoptic
1105840734810390,2.1496537,41.393833,2025-11-08T13:53:37+0000,2025-11-08T13:53:37+0000,panoptic
1105840738143723,2.149851,41.393803,2025-11-08T13:54:36+0000,2026-05-23T12:54:56+0000,panoptic
1105840741477056,2.1497316,41.393795,2025-11-08T13:54:31+0000,2026-05-23T12:54:56+0000,panoptic
1105840748143722,2.1496959,41.39407,2025-11-08T13:54:35+0000,2025-11-08T13:54:35+0000,panoptic
1105840758143721,2.1495638,41.39393,2025-11-08T13:54:34+0000,2026-02-14T14:01:23+0000,panoptic
1105840768143720,2.1495087,41.393906,2025-11-08T13:54:33+0000,2026-02-14T14:01:23+0000,panoptic
1105840788143718,2.1495073,41.393898,2025-11-08T13:54:31+0000,2026-05-23T12:54:54+0000,panoptic
1493655521627074,2.168094,41.392963,2025-08-19T13:03:22+0000,2025-08-19T13:03:24+0000,panoptic
1493655531627073,2.1681485,41.393124,2025-08-19T13:03:26+0000,2025-08-19T13:03:26+0000,panoptic
1493655541627072,2.168223,41.392956,2025-08-19T13:03:21+0000,2025-09-19T07:06:47+0000,panoptic
1493655551627071,2.1682017,41.39308,2025-08-19T13:03:24+0000,2025-08-19T13:03:26+0000,panoptic
1493655561627070,2.1681564,41.393013,2025-08-19T13:03:22+0000,2025-08-19T13:03:22+0000,panoptic
1493655564960403,2.1682768,41.393158,2025-08-19T13:03:21+0000,2025-08-19T13:03:21+0000,panoptic
1493655574960402,2.1683173,41.39315,2025-08-19T13:03:23+0000,2025-08-19T13:03:23+0000,panoptic
1493655578293735,2.1682007,41.39308,2025-08-19T13:03:28+0000,2025-08-19T13:03:28+0000,panoptic
2089858084843145,2.1670086,41.390594,2025-05-27T20:36:29+0000,2025-05-27T20:36:29+0000,panoptic
2089858088176478,2.1664736,41.39113,2025-05-27T20:36:31+0000,2025-05-27T20:36:31+0000,panoptic
2089858091509811,2.1669803,41.39057,2025-05-27T20:36:29+0000,2025-05-27T20:36:29+0000,panoptic
2089858094843144,2.1665857,41.390953,2025-05-27T20:36:35+0000,2025-05-27T20:36:35+0000,panoptic
2089858101509810,2.1663167,41.39096,2025-05-27T20:36:36+0000,2025-05-27T20:36:36+0000,trafficsign
2089858104843143,2.1665401,41.39107,2025-05-27T20:36:34+0000,2025-05-27T20:36:34+0000,panoptic
2089858108176476,2.1664217,41.391182,2025-05-27T20:36:34+0000,2025-05-27T20:36:34+0000,panoptic
2089858111509809,2.1665912,41.39104,2025-05-27T20:36:31+0000,2025-05-27T20:36:31+0000,panoptic
2089858114843142,2.166306,41.390965,2025-05-27T20:36:35+0000,2025-05-27T20:36:35+0000,panoptic
2089858121509808,2.16706,41.39014,2025-05-27T20:36:21+0000,2025-05-27T20:36:21+0000,panoptic
2089858124843141,2.166287,41.39097,2025-05-27T20:36:32+0000,2025-05-27T20:36:32+0000,panoptic
2089858128176474,2.1662564,41.390644,2025-05-27T20:36:29+0000,2025-05-27T20:36:29+0000,panoptic
2089858131509807,2.1664467,41.391064,2025-05-27T20:36:33+0000,2025-05-27T20:36:33+0000,panoptic
2089858138176473,2.167187,41.390553,2025-05-27T20:36:21+0000,2025-05-27T20:36:21+0000,panoptic
2089858141509806,2.1674154,41.390392,2025-05-27T20:36:24+0000,2025-05-27T20:36:24+0000,panoptic
2089858144843139,2.1664815,41.39082,2025-05-27T20:36:33+0000,2025-05-27T20:36:33+0000,panoptic
2089858148176472,2.1664822,41.390854,2025-05-27T20:36:34+0000,2025-05-27T20:36:34+0000,panoptic
2089858151509805,2.1665597,41.39088,2025-05-27T20:36:35+0000,2025-05-27T20:36:35+0000,panoptic
2089858154843138,2.1667683,41.390804,2025-05-27T20:36:32+0000,2025-05-27T20:36:32+0000,panoptic
2089858158176471,2.1667502,41.390724,2025-05-27T20:36:32+0000,2025-05-27T20:36:32+0000,panoptic
2089858161509804,2.1665797,41.390907,2025-05-27T20:36:34+0000,2025-05-27T20:36:34+0000,panoptic
2089858164843137,2.166916,41.390568,2025-05-27T20:36:29+0000,2025-05-27T20:36:29+0000,panoptic
2089858168176470,2.1667736,41.390747,2025-05-27T20:36:31+0000,2025-05-27T20:36:31+0000,panoptic
480077033324337,2.1599586,41.393612,2016-03-08T17:40:08+0000,2016-03-08T17:40:08+0000,trafficsign
696138669509338,2.1719005,41.39085,2025-05-27T21:39:07+0000,2025-05-27T21:39:07+0000,panoptic
696138672842671,2.171539,41.39104,2025-05-27T21:39:08+0000,2025-05-27T21:39:08+0000,panoptic
696138676176004,2.1719034,41.390865,2025-05-27T21:39:04+0000,2025-05-27T21:39:04+0000,panoptic
696138679509337,2.171749,41.39099,2025-05-27T21:39:07+0000,2025-05-27T21:39:07+0000,panoptic
696138682842670,2.1716557,41.39094,2025-05-27T21:39:11+0000,2025-05-27T21:39:11+0000,panoptic
696138686176003,2.1721027,41.390728,2025-05-27T21:38:59+0000,2025-05-27T21:38:59+0000,panoptic
696138689509336,2.1716733,41.39096,2025-05-27T21:39:08+0000,2025-05-27T21:39:08+0000,panoptic
696138692842669,2.1715739,41.391037,2025-05-27T21:39:11+0000,2025-05-27T21:39:11+0000,panoptic
696138696176002,2.171869,41.3908,2025-05-27T21:39:06+0000,2025-05-27T21:39:06+0000,trafficsign
696138699509335,2.1718652,41.390804,2025-05-27T21:39:06+0000,2025-05-27T21:39:06+0000,trafficsign
696138702842668,2.1718688,41.3908,2025-05-27T21:39:06+0000,2025-05-27T21:39:06+0000,trafficsign
696138706176001,2.1716375,41.39099,2025-05-27T21:39:12+0000,2025-05-27T21:39:12+0000,panoptic
696138709509334,2.1719227,41.39086,2025-05-27T21:39:04+0000,2025-05-27T21:39:04+0000,panoptic
696138712842667,2.1719184,41.39087,2025-05-27T21:39:04+0000,2025-05-27T21:39:04+0000,panoptic
696138716176000,2.1716406,41.3911,2025-05-27T21:39:11+0000,2025-05-27T21:39:11+0000,panoptic
696138719509333,2.171439,41.39111,2025-05-27T21:39:09+0000,2025-05-27T21:39:09+0000,panoptic
696138722842666,2.171752,41.390892,2025-05-27T21:39:08+0000,2025-05-27T21:39:08+0000,panoptic
696138726175999,2.1716807,41.390965,2025-05-27T21:39:11+0000,2025-05-27T21:39:11+0000,panoptic
696138729509332,2.1717777,41.39097,2025-05-27T21:39:11+0000,2025-05-27T21:39:11+0000,panoptic
696138732842665,2.1716585,41.391045,2025-05-27T21:39:10+0000,2025-05-27T21:39:10+0000,panoptic
696138739509331,2.17167,41.39096,2025-05-27T21:39:09+0000,2025-05-27T21:39:09+0000,panoptic
696138742842664,2.1723213,41.390663,2025-05-27T21:38:59+0000,2025-05-27T21:38:59+0000,panoptic
696138746175997,2.1722336,41.390526,2025-05-27T21:38:59+0000,2025-05-27T21:38:59+0000,panoptic
696138749509330,2.1717677,41.390884,2025-05-27T21:39:07+0000,2025-05-27T21:39:07+0000,panoptic
696138752842663,2.1716695,41.39105,2025-05-27T21:39:14+0000,2025-05-27T21:39:14+0000,panoptic
696138756175996,2.1716821,41.391045,2025-05-27T21:39:09+0000,2025-05-27T21:39:09+0000,panoptic
696138759509329,2.1713176,41.39125,2025-05-27T21:39:07+0000,2025-05-27T21:39:07+0000,panoptic
696138762842662,2.1716685,41.391052,2025-05-27T21:39:10+0000,2025-05-27T21:39:10+0000,panoptic
696138766175995,2.1719213,41.390873,2025-05-27T21:39:03+0000,2025-05-27T21:39:03+0000,panoptic
696138769509328,2.171665,41.39105,2025-05-27T21:39:11+0000,2025-05-27T21:39:11+0000,panoptic
696138772842661,2.1716123,41.39102,2025-05-27T21:39:09+0000,2025-05-27T21:39:09+0000,panoptic
696138776175994,2.1716793,41.39096,2025-05-27T21:39:09+0000,2025-05-27T21:39:09+0000,panoptic
762492881113916,2.1798618,41.401985,2016-02-23T17:30:35+0000,2016-02-23T17:30:35+0000,trafficsign
936356890457180,2.1647282,41.39806,2015-07-07T20:30:58+0000,2015-07-07T20:30:58+0000,trafficsign
946335046126031,2.1646821,41.398067,2015-07-07T20:30:58+0000,2015-07-07T20:30:58+0000,mvd_fast
946373499455519,2.1649117,41.39802,2015-07-07T20:30:56+0000,2024-02-22T13:01:52+0000,mvd_fast
946392322786970,2.1647666,41.39804,2015-07-07T20:31:01+0000,2015-07-07T20:31:01+0000,mvd_fast
946444472781755,2.1644034,41.397842,2015-07-07T20:31:03+0000,2015-07-07T20:31:03+0000,mvd_fast
946473642778838,2.164885,41.39802,2015-07-07T20:30:56+0000,2015-07-07T20:30:56+0000,mvd_fast
946519632774239,2.1646366,41.397915,2015-07-07T20:30:50+0000,2015-07-07T20:30:50+0000,mvd_fast
1145332362648964,2.166033,41.385765,2016-11-17T10:01:31+0000,2016-11-17T10:01:31+0000,trafficsign
1145792639269603,2.1661015,41.38556,2016-11-17T10:01:45+0000,2016-11-17T10:01:45+0000,trafficsign
1145871412595059,2.1667037,41.38571,2016-11-17T10:02:13+0000,2016-11-17T10:02:13+0000,trafficsign
1145894549259412,2.1662524,41.38571,2016-11-17T10:01:59+0000,2016-11-17T10:01:59+0000,trafficsign
1145896615925872,2.165868,41.385918,2016-11-17T10:01:37+0000,2016-11-17T10:01:37+0000,trafficsign
1145972422584958,2.1670444,41.38567,2016-11-17T10:02:45+0000,2016-11-17T10:02:45+0000,trafficsign
1146061512576049,2.166357,41.385895,2016-11-17T10:01:53+0000,2016-11-17T10:01:53+0000,trafficsign
1146216509227216,2.166036,41.38576,2016-11-17T10:01:37+0000,2016-11-17T10:01:37+0000,trafficsign
1146220832560117,2.1674006,41.385887,2016-11-17T10:03:03+0000,2016-11-17T10:03:03+0000,trafficsign
1146308869217980,2.1669862,41.385628,2016-11-17T10:02:47+0000,2016-11-17T10:02:47+0000,trafficsign
1146336985881835,2.1663172,41.385746,2016-11-17T10:01:51+0000,2016-11-17T10:01:51+0000,trafficsign
1146367089212158,2.1656628,41.38563,2016-11-17T10:01:17+0000,2016-11-17T10:01:17+0000,trafficsign
1146370505878483,2.167456,41.385895,2016-11-17T10:03:11+0000,2016-11-17T10:03:11+0000,trafficsign
1146380485877485,2.1658409,41.38578,2016-11-17T10:01:29+0000,2016-11-17T10:01:29+0000,trafficsign
1146390429209824,2.1671038,41.385826,2016-11-17T10:02:59+0000,2016-11-17T10:02:59+0000,trafficsign
1146397089209158,2.1668217,41.385693,2016-11-17T10:02:25+0000,2016-11-17T10:02:25+0000,trafficsign
1146399205875613,2.1665802,41.385826,2016-11-17T10:01:57+0000,2016-11-17T10:01:57+0000,trafficsign
1146422462539954,2.1665723,41.384968,2016-11-17T10:00:35+0000,2016-11-17T10:00:35+0000,trafficsign
1146466729202194,2.166035,41.385765,2016-11-17T10:01:31+0000,2016-11-17T10:01:31+0000,trafficsign
1146484812533719,2.1671016,41.385826,2016-11-17T10:02:57+0000,2016-11-17T10:02:57+0000,trafficsign
1146729725842561,2.1672285,41.385963,2016-11-17T10:03:13+0000,2016-11-17T10:03:13+0000,trafficsign
1156840148164852,2.1675138,41.385994,2016-11-17T10:02:57+0000,2016-11-17T10:02:57+0000,mvd_fast
1156846744830859,2.1657588,41.385605,2016-11-17T10:01:21+0000,2016-11-17T10:01:21+0000,mvd_fast
1156859498162917,2.1656165,41.385483,2016-11-17T10:00:59+0000,2016-11-17T10:00:59+0000,mvd_fast
1156861248162742,2.1661978,41.385895,2016-11-17T10:01:53+0000,2016-11-17T10:01:53+0000,mvd_fast
1156862124829321,2.1664999,41.386257,2016-11-17T10:02:59+0000,2016-11-17T10:02:59+0000,mvd_fast
1156870904828443,2.166138,41.38578,2016-11-17T10:01:31+0000,2016-11-17T10:01:31+0000,mvd_fast
1156875914827942,2.167107,41.385868,2016-11-17T10:02:25+0000,2023-04-18T15:27:54+0000,mvd_fast
1156878441494356,2.1668699,41.3858,2016-11-17T10:02:13+0000,2023-04-18T15:27:48+0000,mvd_fast
1156884921493708,2.1676402,41.38597,2016-11-17T10:03:19+0000,2016-11-17T10:03:19+0000,mvd_fast
1156884994827034,2.1655724,41.385822,2016-11-17T10:01:27+0000,2016-11-17T10:01:27+0000,mvd_fast
1156885214827012,2.167162,41.385624,2016-11-17T10:02:47+0000,2016-11-17T10:02:47+0000,mvd_fast
1156886098160257,2.1664925,41.38576,2016-11-17T10:02:09+0000,2023-04-18T15:27:24+0000,mvd_fast
1156890498159817,2.1666243,41.385715,2016-11-17T10:02:19+0000,2016-11-17T10:02:19+0000,mvd_fast
1156896618159205,2.167402,41.38584,2016-11-17T10:02:57+0000,2016-11-17T10:02:57+0000,mvd_fast
1156901031492097,2.1670675,41.385677,2016-11-17T10:02:47+0000,2016-11-17T10:02:47+0000,mvd_fast
1156903238158543,2.1667142,41.385746,2016-11-17T10:01:55+0000,2023-04-18T15:27:28+0000,mvd_fast
1156906401491560,2.1670573,41.38563,2016-11-17T10:02:39+0000,2016-11-17T10:02:39+0000,mvd_fast
1156908378158029,2.1671634,41.385685,2016-11-17T10:02:49+0000,2016-11-17T10:02:49+0000,mvd_fast
1156910084824525,2.1658976,41.38593,2016-11-17T10:01:29+0000,2023-04-18T15:27:13+0000,mvd_fast
1156911374824396,2.1670663,41.385674,2016-11-17T10:02:23+0000,2016-11-17T10:02:23+0000,mvd_fast
1156913088157558,2.166374,41.385887,2016-11-17T10:01:53+0000,2023-04-18T15:27:18+0000,mvd_fast
1156916401490560,2.1670036,41.385696,2016-11-17T10:02:15+0000,2016-11-17T10:02:15+0000,mvd_fast
1156919841490216,2.1656418,41.38573,2016-11-17T10:01:15+0000,2016-11-17T10:01:15+0000,mvd_fast
1156921631490037,2.1672757,41.386047,2016-11-17T10:02:49+0000,2016-11-17T10:02:49+0000,mvd_fast
1156928608156006,2.1658561,41.385815,2016-11-17T10:01:29+0000,2016-11-17T10:01:29+0000,mvd_fast
1156929164822617,2.166301,41.385845,2016-11-17T10:01:57+0000,2023-04-18T15:27:20+0000,mvd_fast
1156929361489264,2.165982,41.385803,2016-11-17T10:01:31+0000,2023-04-18T15:27:18+0000,mvd_fast
1156930654822468,2.1675172,41.385956,2016-11-17T10:03:19+0000,2016-11-17T10:03:19+0000,mvd_fast
1156934948155372,2.1669796,41.385883,2016-11-17T10:02:37+0000,2023-04-18T15:27:48+0000,mvd_fast
1156936374821896,2.1670306,41.38599,2016-11-17T10:02:53+0000,2016-11-17T10:02:53+0000,mvd_fast
1156946141487586,2.167103,41.385826,2016-11-17T10:02:57+0000,2016-11-17T10:02:57+0000,mvd_fast
1156946644820869,2.1671143,41.38569,2016-11-17T10:02:47+0000,2016-11-17T10:02:47+0000,mvd_fast
1156952128153654,2.167234,41.385963,2016-11-17T10:02:43+0000,2016-11-17T10:02:43+0000,mvd_fast
1156955504819983,2.1656733,41.385513,2016-11-17T10:01:09+0000,2016-11-17T10:01:09+0000,mvd_fast
1156955688153298,2.167751,41.38588,2016-11-17T10:02:29+0000,2023-04-18T15:27:52+0000,mvd_fast
1156957544819779,2.1657336,41.385494,2016-11-17T10:01:01+0000,2016-11-17T10:01:01+0000,mvd_fast
1156974521484748,2.1657398,41.385887,2016-11-17T10:01:11+0000,2023-04-18T15:27:11+0000,mvd_fast
1156975918151275,2.1675446,41.385784,2016-11-17T10:02:43+0000,2016-11-17T10:02:43+0000,mvd_fast
1156978954817638,2.1663365,41.385742,2016-11-17T10:01:59+0000,2016-11-17T10:01:59+0000,mvd_fast
1156980531484147,2.1660674,41.385727,2016-11-17T10:01:43+0000,2016-11-17T10:01:43+0000,mvd_fast
1156982664817267,2.1670687,41.385815,2016-11-17T10:02:43+0000,2016-11-17T10:02:43+0000,mvd_fast
1156995258149341,2.167684,41.38598,2016-11-17T10:03:23+0000,2016-11-17T10:03:23+0000,mvd_fast
1156996464815887,2.1657,41.385735,2016-11-17T10:01:19+0000,2016-11-17T10:01:19+0000,mvd_fast
1157004461481754,2.1662595,41.385746,2016-11-17T10:01:55+0000,2016-11-17T10:01:55+0000,mvd_fast
1157004871481713,2.1676428,41.38611,2016-11-17T10:03:23+0000,2016-11-17T10:03:23+0000,mvd_fast
1157011254814408,2.1668017,41.38568,2016-11-17T10:02:29+0000,2023-04-18T15:27:48+0000,mvd_fast
1157012814814252,2.1662707,41.385895,2016-11-17T10:01:41+0000,2016-11-17T10:01:41+0000,mvd_fast
1157015334814000,2.1660123,41.385868,2016-11-17T10:01:41+0000,2023-04-18T15:27:15+0000,mvd_fast
1157017571480443,2.1656628,41.385616,2016-11-17T10:01:05+0000,2016-11-17T10:01:05+0000,mvd_fast
1157019198146947,2.1659226,41.385925,2016-11-17T10:01:29+0000,2023-04-18T15:27:11+0000,mvd_fast
1157024444813089,2.1676831,41.386124,2016-11-17T10:03:21+0000,2016-11-17T10:03:21+0000,mvd_fast
1157028361479364,2.1656983,41.38565,2016-11-17T10:01:21+0000,2016-11-17T10:01:21+0000,mvd_fast
1157028461479354,2.166229,41.385887,2016-11-17T10:02:01+0000,2023-04-18T15:27:15+0000,mvd_fast
1157031831479017,2.1670685,41.385902,2016-11-17T10:02:45+0000,2023-04-18T15:27:54+0000,mvd_fast
1157033268145540,2.1671152,41.385822,2016-11-17T10:02:19+0000,2016-11-17T10:02:19+0000,mvd_fast
1157036391478561,2.1664064,41.38588,2016-11-17T10:01:49+0000,2016-11-17T10:01:49+0000,mvd_fast
1157036684811865,2.1670408,41.38579,2016-11-17T10:02:03+0000,2016-11-17T10:02:03+0000,mvd_fast
1157041224811411,2.1660886,41.38574,2016-11-17T10:01:33+0000,2023-04-18T15:27:16+0000,mvd_fast
1157041431478057,2.1670902,41.38569,2016-11-17T10:02:33+0000,2016-11-17T10:02:33+0000,mvd_fast
1157041534811380,2.1673574,41.386066,2016-11-17T10:03:05+0000,2016-11-17T10:03:05+0000,mvd_fast
1157042101477990,2.1657379,41.38599,2016-11-17T10:01:23+0000,2016-11-17T10:01:23+0000,mvd_fast
1157042698144597,2.167513,41.38567,2016-11-17T10:02:45+0000,2016-11-17T10:02:45+0000,mvd_fast
1157042984811235,2.1674314,41.385918,2016-11-17T10:02:51+0000,2016-11-17T10:02:51+0000,mvd_fast
1157050801477120,2.1658628,41.38581,2016-11-17T10:01:29+0000,2023-04-18T15:27:13+0000,mvd_fast
1157051491477051,2.1673157,41.38593,2016-11-17T10:02:51+0000,2016-11-17T10:02:51+0000,mvd_fast
1157056578143209,2.16626,41.385723,2016-11-17T10:01:57+0000,2023-04-18T15:27:20+0000,mvd_fast
1157056911476509,2.1660972,41.385906,2016-11-17T10:01:29+0000,2016-11-17T10:01:29+0000,mvd_fast
1157059091476291,2.1675344,41.385925,2016-11-17T10:03:15+0000,2016-11-17T10:03:15+0000,mvd_fast
1157060714809462,2.1670744,41.385674,2016-11-17T10:02:47+0000,2016-11-17T10:02:47+0000,mvd_fast
1157065091475691,2.1652439,41.385765,2016-11-17T10:01:55+0000,2023-04-18T15:25:43+0000,mvd_fast
1157069074808626,2.1656475,41.385406,2016-11-17T10:00:57+0000,2016-11-17T10:00:57+0000,mvd_fast
1157069311475269,2.166414,41.385838,2016-11-17T10:01:51+0000,2016-11-17T10:01:51+0000,mvd_fast
1157070661475134,2.1667747,41.3857,2016-11-17T10:02:25+0000,2016-11-17T10:02:25+0000,mvd_fast
1157073738141493,2.16758,41.38598,2016-11-17T10:03:19+0000,2016-11-17T10:03:19+0000,mvd_fast
1157088148140052,2.1674166,41.385597,2016-11-17T10:02:53+0000,2016-11-17T10:02:53+0000,mvd_fast
1157091574806376,2.1655402,41.385803,2016-11-17T10:01:29+0000,2016-11-17T10:01:29+0000,mvd_fast
1157092528139614,2.1665745,41.385807,2016-11-17T10:01:45+0000,2016-11-17T10:01:45+0000,mvd_fast
1157095001472700,2.1660483,41.3858,2016-11-17T10:01:43+0000,2016-11-17T10:01:43+0000,mvd_fast
1157105608138306,2.1657243,41.385437,2016-11-17T10:00:59+0000,2016-11-17T10:00:59+0000,mvd_fast
1157105688138298,2.1671956,41.385693,2016-11-17T10:02:51+0000,2016-11-17T10:02:51+0000,mvd_fast
1157105778138289,2.1670945,41.385822,2016-11-17T10:02:25+0000,2016-11-17T10:02:25+0000,mvd_fast
1157106021471598,2.167198,41.385674,2016-11-17T10:02:49+0000,2016-11-17T10:02:49+0000,mvd_fast
1157114424804091,2.1669023,41.385643,2016-11-17T10:02:35+0000,2016-11-17T10:02:35+0000,mvd_fast
1157116888137178,2.1661916,41.385754,2016-11-17T10:01:59+0000,2016-11-17T10:01:59+0000,mvd_fast
1157131898135677,2.1661086,41.385963,2016-11-17T10:01:29+0000,2016-11-17T10:01:29+0000,mvd_fast
1157133241468876,2.1657166,41.385418,2016-11-17T10:01:01+0000,2016-11-17T10:01:01+0000,mvd_fast
1157135998135267,2.1659741,41.38592,2016-11-17T10:01:37+0000,2023-04-18T15:27:11+0000,mvd_fast
1157136598135207,2.167069,41.385674,2016-11-17T10:02:29+0000,2016-11-17T10:02:29+0000,mvd_fast
1157137171468483,2.1665087,41.38587,2016-11-17T10:02:03+0000,2016-11-17T10:02:03+0000,mvd_fast
1157137364801797,2.166362,41.38588,2016-11-17T10:01:51+0000,2016-11-17T10:01:51+0000,mvd_fast
1157137458135121,2.1665967,41.385746,2016-11-17T10:01:31+0000,2016-11-17T10:01:31+0000,mvd_fast
1157138281468372,2.1666636,41.385685,2016-11-17T10:02:13+0000,2016-11-17T10:02:13+0000,mvd_fast
1157139874801546,2.1657858,41.385956,2016-11-17T10:01:03+0000,2023-04-18T15:27:12+0000,mvd_fast
1157141138134753,2.1663182,41.385883,2016-11-17T10:02:07+0000,2016-11-17T10:02:07+0000,mvd_fast
1157142088134658,2.1672904,41.38567,2016-11-17T10:02:29+0000,2016-11-17T10:02:29+0000,mvd_fast
1157146981467502,2.1667895,41.3857,2016-11-17T10:02:27+0000,2016-11-17T10:02:27+0000,mvd_fast
1157151478133719,2.1671345,41.38569,2016-11-17T10:02:47+0000,2016-11-17T10:02:47+0000,mvd_fast
1157151624800371,2.1665566,41.385754,2016-11-17T10:02:15+0000,2023-04-18T15:27:31+0000,mvd_fast
1157158391466361,2.166457,41.385887,2016-11-17T10:01:59+0000,2023-04-18T15:27:18+0000,mvd_fast
1157169978131869,2.1667597,41.385815,2016-11-17T10:02:29+0000,2016-11-17T10:02:29+0000,mvd_fast
1157172261464974,2.166112,41.38572,2016-11-17T10:01:45+0000,2016-11-17T10:01:45+0000,mvd_fast
1157177938131073,2.1670702,41.385815,2016-11-17T10:02:49+0000,2016-11-17T10:02:49+0000,mvd_fast
1157182021463998,2.167764,41.385963,2016-11-17T10:03:17+0000,2016-11-17T10:03:17+0000,mvd_fast
1157187691463431,2.1674075,41.386013,2016-11-17T10:03:19+0000,2016-11-17T10:03:19+0000,mvd_fast
1157190131463187,2.1669946,41.385643,2016-11-17T10:02:39+0000,2016-11-17T10:02:39+0000,mvd_fast
1157213534794180,2.1669915,41.38588,2016-11-17T10:02:33+0000,2016-11-17T10:02:33+0000,mvd_fast
1157219541460246,2.167393,41.385624,2016-11-17T10:03:11+0000,2016-11-17T10:03:11+0000,mvd_fast
1157718248077042,2.166375,41.385754,2016-11-17T10:01:45+0000,2016-11-17T10:01:45+0000,mvd_fast
1157727754742758,2.1660626,41.38591,2016-11-17T10:01:29+0000,2016-11-17T10:01:29+0000,mvd_fast
1157793308069536,2.1674912,41.385628,2016-11-17T10:02:49+0000,2016-11-17T10:02:49+0000,mvd_fast
1157807981401402,2.1675415,41.385567,2016-11-17T10:03:23+0000,2016-11-17T10:03:23+0000,mvd_fast
1157808784734655,2.1673849,41.386173,2016-11-17T10:02:55+0000,2016-11-17T10:02:55+0000,mvd_fast
1157809851401215,2.1658635,41.385807,2016-11-17T10:01:37+0000,2016-11-17T10:01:37+0000,mvd_fast
1157819554733578,2.166541,41.385864,2016-11-17T10:02:01+0000,2016-11-17T10:02:01+0000,mvd_fast
1157827548066112,2.1672351,41.386063,2016-11-17T10:02:53+0000,2016-11-17T10:02:53+0000,mvd_fast
1157831171399083,2.166846,41.386032,2016-11-17T10:02:55+0000,2016-11-17T10:02:55+0000,mvd_fast
1157839518064915,2.1656504,41.38551,2016-11-17T10:01:05+0000,2016-11-17T10:01:05+0000,mvd_fast
1157887658060101,2.1674373,41.385788,2016-11-17T10:02:37+0000,2016-11-17T10:02:37+0000,mvd_fast
1184951853789848,2.1478372,41.393543,2025-11-08T16:58:07+0000,2025-11-22T16:55:49+0000,panoptic
1184951857123181,2.1477108,41.393463,2025-11-08T16:58:08+0000,2025-11-08T16:58:08+0000,panoptic
1184951870456513,2.1475527,41.393753,2025-11-08T16:58:07+0000,2025-11-08T16:58:07+0000,panoptic
1184951877123179,2.1477106,41.39366,2025-11-08T16:58:07+0000,2025-11-08T16:58:07+0000,panoptic
1184951883789845,2.147712,41.39367,2025-11-08T16:58:07+0000,2026-02-14T17:55:38+0000,panoptic
1184951893789844,2.147392,41.393726,2025-11-08T16:58:07+0000,2025-11-08T16:58:07+0000,panoptic
1184951900456510,2.1477072,41.39367,2025-11-08T16:58:07+0000,2025-11-08T16:58:07+0000,panoptic
1184951913789842,2.1475186,41.39374,2025-11-08T16:58:07+0000,2026-02-14T17:55:38+0000,trafficsign
1184951917123175,2.1475725,41.39375,2025-11-08T16:58:07+0000,2025-11-08T16:58:07+0000,trafficsign
1184951927123174,2.1477368,41.39362,2025-11-08T16:58:08+0000,2025-11-08T16:58:08+0000,panoptic
1184951933789840,2.1471405,41.39367,2025-11-08T16:58:10+0000,2025-11-08T16:58:10+0000,panoptic
1184951937123173,2.147463,41.39374,2025-11-08T16:58:07+0000,2025-11-22T16:55:47+0000,panoptic
1184951940456506,2.1471908,41.39351,2025-11-08T16:58:13+0000,2025-11-08T16:58:13+0000,panoptic
1184951950456505,2.1476974,41.39363,2025-11-08T16:58:07+0000,2026-02-14T17:55:37+0000,panoptic
1184951960456504,2.1474724,41.393414,2025-11-08T16:58:07+0000,2025-11-22T16:55:49+0000,panoptic
1184951963789837,2.1470652,41.39364,2025-11-08T16:58:10+0000,2026-02-14T17:55:41+0000,panoptic
1184951967123170,2.1471748,41.39329,2025-11-08T16:58:13+0000,2026-05-23T12:53:29+0000,panoptic
1184951973789836,2.1475108,41.393288,2025-11-08T16:58:09+0000,2025-11-08T16:58:09+0000,panoptic
1963500200467172,2.1753066,41.390053,2020-05-08T09:06:33+0000,2020-05-08T09:06:33+0000,trafficsign
141018678069240,2.1717684,41.38304,2020-05-02T07:53:25+0000,2020-05-02T07:53:25+0000,mvd_fast
141302378040870,2.1710846,41.38436,2020-05-02T07:54:55+0000,2021-10-26T17:11:06+0000,mvd_fast
324737595732013,2.176266,41.395447,2017-03-12T09:12:08+0000,2017-03-12T09:12:08+0000,trafficsign
334178724787900,2.1766953,41.39569,2017-03-12T09:12:09+0000,2017-03-12T09:12:09+0000,mvd_fast
334186161453823,2.1762104,41.395744,2017-03-12T09:12:10+0000,2017-03-12T09:12:10+0000,mvd_fast
785051257693809,2.1487565,41.39324,2025-09-27T17:57:17+0000,2025-11-08T16:57:03+0000,panoptic
785051261027142,2.148741,41.39325,2025-09-27T17:57:17+0000,2025-11-08T16:56:58+0000,panoptic
785051264360475,2.148741,41.39325,2025-09-27T17:57:17+0000,2025-11-08T16:56:56+0000,panoptic
785051267693808,2.1487408,41.393253,2025-09-27T17:57:17+0000,2025-11-08T16:57:01+0000,trafficsign
785051271027141,2.1487346,41.39326,2025-09-27T17:57:17+0000,2025-11-08T16:56:59+0000,panoptic
1970598123359277,2.1725645,41.392387,2024-07-04T17:35:55+0000,2024-07-04T17:35:55+0000,panoptic
1970598126692610,2.1725256,41.392235,2024-07-04T17:36:09+0000,2024-07-04T17:36:09+0000,panoptic
1970598130025943,2.1728444,41.392635,2024-07-04T17:35:30+0000,2024-07-04T17:35:30+0000,panoptic
1970598133359276,2.1725261,41.392265,2024-07-04T17:36:12+0000,2024-07-04T17:36:12+0000,panoptic
1970598136692609,2.1728108,41.392567,2024-07-04T17:35:38+0000,2024-07-04T17:35:38+0000,panoptic
1970598140025942,2.1725116,41.392365,2024-07-04T17:35:58+0000,2024-07-04T17:35:58+0000,panoptic
1970598143359275,2.1731038,41.39284,2024-07-04T17:35:08+0000,2024-07-04T17:35:08+0000,panoptic
1970598150025941,2.1724463,41.392223,2024-07-04T17:35:44+0000,2024-07-04T17:35:44+0000,panoptic
1970598153359274,2.1724348,41.392372,2024-07-04T17:35:25+0000,2024-07-04T17:35:25+0000,panoptic
1970598163359273,2.1724524,41.392227,2024-07-04T17:36:12+0000,2024-07-04T17:36:12+0000,panoptic
1970598170025939,2.1722717,41.39229,2024-07-04T17:35:55+0000,2024-07-04T17:35:55+0000,panoptic
1970598173359272,2.1725183,41.39228,2024-07-04T17:36:07+0000,2024-07-04T17:36:07+0000,panoptic
1970598176692605,2.1725101,41.39227,2024-07-04T17:36:10+0000,2024-07-04T17:36:10+0000,panoptic
1970598180025938,2.1724877,41.392456,2024-07-04T17:35:44+0000,2024-07-04T17:35:44+0000,panoptic
1970598183359271,2.1731277,41.392876,2024-07-04T17:35:01+0000,2024-07-04T17:35:01+0000,panoptic
1970598186692604,2.1724799,41.3922,2024-07-04T17:36:07+0000,2024-07-04T17:36:07+0000,panoptic
1970598190025937,2.1725185,41.39228,2024-07-04T17:35:58+0000,2024-07-04T17:35:58+0000,panoptic
1970598193359270,2.1725516,41.392254,2024-07-04T17:36:10+0000,2024-07-04T17:36:10+0000,panoptic
1970598196692603,2.1732583,41.392906,2024-07-04T17:34:54+0000,2024-07-04T17:34:54+0000,panoptic
1970598200025936,2.1732612,41.39291,2024-07-04T17:34:45+0000,2024-07-04T17:34:45+0000,panoptic
1970598206692602,2.172464,41.392353,2024-07-04T17:35:41+0000,2024-07-04T17:35:41+0000,panoptic
1970598210025935,2.1722414,41.39226,2024-07-04T17:36:01+0000,2024-07-04T17:36:01+0000,panoptic
1970598213359268,2.1725671,41.392242,2024-07-04T17:36:09+0000,2024-07-04T17:36:09+0000,panoptic
1970598216692601,2.1724393,41.39222,2024-07-04T17:35:48+0000,2024-07-04T17:35:48+0000,panoptic
1970598220025934,2.1724908,41.39219,2024-07-04T17:36:10+0000,2024-07-04T17:36:10+0000,panoptic
1970598223359267,2.1724885,41.392185,2024-07-04T17:36:07+0000,2024-07-04T17:36:07+0000,panoptic
1970598226692600,2.1725612,41.392357,2024-07-04T17:35:29+0000,2024-07-04T17:35:29+0000,panoptic
1970598230025933,2.172122,41.392166,2024-07-04T17:36:01+0000,2024-07-04T17:36:01+0000,panoptic
1970598233359266,2.1728234,41.39264,2024-07-04T17:35:08+0000,2024-07-04T17:35:08+0000,panoptic
1970598236692599,2.1729515,41.392647,2024-07-04T17:35:03+0000,2024-07-04T17:35:03+0000,panoptic
1970598243359265,2.1725137,41.39232,2024-07-04T17:35:48+0000,2024-07-04T17:35:48+0000,panoptic
1970598246692598,2.1732612,41.39291,2024-07-04T17:34:45+0000,2024-07-04T17:34:45+0000,trafficsign
1970598250025931,2.1725073,41.39231,2024-07-04T17:35:24+0000,2024-07-04T17:35:24+0000,panoptic
1970598253359264,2.1726387,41.39249,2024-07-04T17:35:46+0000,2024-07-04T17:35:46+0000,panoptic
1970598260025930,2.1727667,41.392532,2024-07-04T17:35:44+0000,2024-07-04T17:35:44+0000,panoptic
1970598270025929,2.1725988,41.39246,2024-07-04T17:35:41+0000,2024-07-04T17:35:41+0000,panoptic
1970598273359262,2.1725354,41.39234,2024-07-04T17:35:58+0000,2024-07-04T17:35:58+0000,panoptic
1970598276692595,2.1723337,41.39225,2024-07-04T17:35:41+0000,2024-07-04T17:35:41+0000,panoptic
1970598280025928,2.1728363,41.392574,2024-07-04T17:35:41+0000,2024-07-04T17:35:41+0000,panoptic
1970598283359261,2.1725197,41.392323,2024-07-04T17:35:53+0000,2024-07-04T17:35:53+0000,panoptic
1970598286692594,2.1728094,41.392548,2024-07-04T17:35:41+0000,2024-07-04T17:35:41+0000,panoptic
1970598290025927,2.1727066,41.39247,2024-07-04T17:35:55+0000,2024-07-04T17:35:55+0000,panoptic
1970598293359260,2.1729531,41.392662,2024-07-04T17:35:29+0000,2024-07-04T17:35:29+0000,panoptic
1970598296692593,2.172557,41.392326,2024-07-04T17:36:09+0000,2024-07-04T17:36:09+0000,panoptic
1970598310025925,2.172302,41.39213,2024-07-04T17:35:44+0000,2024-07-04T17:35:44+0000,panoptic
1970598313359258,2.173061,41.39273,2024-07-04T17:35:05+0000,2024-07-04T17:35:05+0000,panoptic
1970598326692590,2.1730213,41.392696,2024-07-04T17:35:03+0000,2024-07-04T17:35:24+0000,panoptic
1970598330025923,2.1730213,41.392796,2024-07-04T17:34:45+0000,2024-07-04T17:34:45+0000,panoptic
1970598343359255,2.1726887,41.392536,2024-07-04T17:35:16+0000,2024-07-04T17:35:16+0000,panoptic
3892699560851114,2.15383,41.38888,2015-07-23T17:23:08+0000,2015-07-23T17:23:08+0000,trafficsign
672218631216083,2.160125,41.396225,2022-12-02T14:18:33+0000,2022-12-02T14:18:33+0000,panoptic
672218634549416,2.1598778,41.396103,2022-12-02T14:18:33+0000,2025-02-25T10:17:37+0000,panoptic
672218641216082,2.1592772,41.39684,2022-12-02T14:18:57+0000,2022-12-02T14:18:57+0000,panoptic
672218654549414,2.1601112,41.39622,2022-12-02T14:18:33+0000,2022-12-02T14:18:33+0000,panoptic
672218657882747,2.1601293,41.39595,2022-12-02T14:18:34+0000,2022-12-02T14:18:34+0000,panoptic
672218661216080,2.159904,41.396107,2022-12-02T14:18:36+0000,2025-02-25T10:17:37+0000,panoptic
672218671216079,2.1594841,41.396584,2022-12-02T14:18:59+0000,2025-11-22T16:52:36+0000,panoptic
672218684549411,2.1596594,41.396282,2022-12-02T14:18:40+0000,2022-12-02T14:18:40+0000,panoptic
672218687882744,2.1596572,41.396282,2022-12-02T14:18:40+0000,2022-12-02T14:18:40+0000,panoptic
672218701216076,2.1591368,41.396935,2022-12-02T14:19:02+0000,2025-11-22T16:52:34+0000,panoptic
672218704549409,2.159878,41.396328,2022-12-02T14:18:38+0000,2022-12-02T14:18:38+0000,panoptic
672218717882741,2.1593077,41.396767,2022-12-02T14:19:02+0000,2025-11-22T16:52:37+0000,panoptic
672218734549406,2.1590629,41.397007,2022-12-02T14:19:00+0000,2022-12-02T14:19:00+0000,panoptic
672218741216072,2.1593266,41.396782,2022-12-02T14:18:59+0000,2025-11-22T16:52:37+0000,panoptic
672218754549404,2.15944,41.396957,2022-12-02T14:18:59+0000,2022-12-02T14:18:59+0000,panoptic
672218757882737,2.1599302,41.396366,2022-12-02T14:18:42+0000,2022-12-02T14:18:42+0000,trafficsign
672218764549403,2.1595852,41.39695,2022-12-02T14:18:57+0000,2025-11-22T16:52:33+0000,panoptic
672218767882736,2.1591027,41.396732,2022-12-02T14:19:04+0000,2022-12-02T14:19:04+0000,trafficsign
755881071753838,2.1471658,41.39371,2015-11-27T13:46:38+0000,2015-11-27T13:46:38+0000,mvd_fast
858063896590388,2.1513712,41.394627,2025-11-22T16:54:34+0000,2025-11-22T16:54:34+0000,panoptic
858063899923721,2.1516962,41.394634,2025-11-22T16:54:35+0000,2025-11-22T16:54:35+0000,panoptic
858063906590387,2.1516967,41.39447,2025-11-22T16:54:36+0000,2025-11-22T16:54:36+0000,panoptic
858063919923719,2.15158,41.394314,2025-11-22T16:54:36+0000,2025-11-22T16:54:36+0000,panoptic
858063936590384,2.1516395,41.3946,2025-11-22T16:55:18+0000,2025-11-22T16:55:18+0000,panoptic
858063943257050,2.1516798,41.394592,2025-11-22T16:54:36+0000,2025-11-22T16:54:36+0000,panoptic
858063963257048,2.1516547,41.39434,2025-11-22T16:54:36+0000,2025-11-22T16:54:36+0000,panoptic
858063983257046,2.1514957,41.394646,2025-11-22T16:55:18+0000,2025-11-22T16:55:18+0000,trafficsign
858063989923712,2.1514049,41.394714,2025-11-22T16:54:36+0000,2025-11-22T16:54:36+0000,trafficsign
939624823461461,2.148263,41.385048,2016-03-12T13:54:22+0000,2016-03-12T13:54:22+0000,trafficsign
940126013411342,2.1483655,41.38488,2016-03-12T13:54:28+0000,2016-03-12T13:54:28+0000,trafficsign
940209126736364,2.14834,41.38484,2016-03-12T13:54:30+0000,2016-03-12T13:54:30+0000,trafficsign
949754709115139,2.147622,41.384514,2016-03-12T13:54:10+0000,2016-03-12T13:54:10+0000,mvd_fast
949775252446418,2.1484306,41.385075,2016-03-12T13:54:34+0000,2016-03-12T13:54:34+0000,mvd_fast
949794262444517,2.1484149,41.384846,2016-03-12T13:54:32+0000,2016-03-12T13:54:32+0000,mvd_fast
949841889106421,2.1483805,41.38497,2016-03-12T13:54:28+0000,2016-03-12T13:54:28+0000,mvd_fast
949863672437576,2.1482682,41.385048,2016-03-12T13:54:20+0000,2016-03-12T13:54:20+0000,mvd_fast
949874842436459,2.1482313,41.384827,2016-03-12T13:54:30+0000,2016-03-12T13:54:30+0000,mvd_fast
949875705769706,2.1483493,41.384995,2016-03-12T13:54:24+0000,2016-03-12T13:54:24+0000,mvd_fast
949886402435303,2.1483212,41.3849,2016-03-12T13:54:32+0000,2016-03-12T13:54:32+0000,mvd_fast
949925119098098,2.148338,41.384865,2016-03-12T13:54:26+0000,2016-03-12T13:54:26+0000,mvd_fast
950641902359753,2.1486835,41.385174,2016-03-12T13:54:28+0000,2016-03-12T13:54:28+0000,mvd_fast
1806291026242832,2.1576555,41.395485,2020-05-24T07:23:55+0000,2020-05-24T07:23:55+0000,trafficsign
1806356959569572,2.1572948,41.395847,2020-05-24T07:23:57+0000,2020-05-24T07:23:57+0000,trafficsign
1806362719568996,2.1569164,41.396084,2020-05-24T07:24:21+0000,2021-07-26T12:19:23+0000,trafficsign
1806417136230221,2.1571598,41.395912,2020-05-24T07:24:05+0000,2020-05-24T07:24:05+0000,trafficsign
1806514692887132,2.157156,41.39571,2020-05-24T07:24:04+0000,2020-05-24T07:24:04+0000,trafficsign
1806566522881949,2.1572757,41.395874,2020-05-24T07:23:57+0000,2020-05-24T07:23:57+0000,trafficsign
1806653812873220,2.1569827,41.396137,2020-05-24T07:24:09+0000,2021-07-26T12:19:21+0000,trafficsign
1806695879535680,2.1569169,41.396137,2020-05-24T07:25:29+0000,2020-05-24T07:25:29+0000,trafficsign
1806740769531191,2.156688,41.396217,2020-05-24T07:25:20+0000,2020-05-24T07:25:20+0000,trafficsign
1806754279529840,2.1568675,41.39609,2020-05-24T07:24:09+0000,2022-12-02T14:19:41+0000,trafficsign
1806785712860030,2.1573453,41.395657,2020-05-24T07:23:58+0000,2020-05-24T07:23:58+0000,trafficsign
1807580889447179,2.1568763,41.39629,2020-05-24T07:25:20+0000,2020-05-24T07:25:20+0000,trafficsign
1808684546003480,2.1573906,41.39579,2020-05-24T07:24:01+0000,2020-05-24T07:24:01+0000,mvd_fast
176436334350088,2.1734715,41.38561,2015-08-31T06:40:34+0000,2015-08-31T06:40:34+0000,trafficsign
206624491129272,2.1617534,41.392117,2020-05-17T16:58:53+0000,2020-05-17T16:58:53+0000,trafficsign
206806341111087,2.1617534,41.392117,2020-05-17T16:58:54+0000,2020-05-17T16:58:54+0000,trafficsign
208272887631099,2.1617591,41.392056,2020-05-17T16:58:52+0000,2020-05-17T16:58:52+0000,mvd_fast
208349970956724,2.1616943,41.39211,2020-05-17T16:58:53+0000,2020-05-17T16:58:53+0000,mvd_fast
298051975096356,2.1800697,41.400257,2016-06-16T12:03:18+0000,2016-06-16T12:03:18+0000,trafficsign
298079295093624,2.1795278,41.400665,2016-06-16T12:03:24+0000,2016-06-16T12:03:24+0000,trafficsign
298093531758867,2.1793218,41.40088,2016-06-16T12:03:26+0000,2016-06-16T12:03:26+0000,trafficsign
298098265091727,2.1794915,41.400646,2016-06-16T12:03:24+0000,2016-06-16T12:03:24+0000,trafficsign
298121478422739,2.1795328,41.400608,2016-06-16T12:03:24+0000,2016-06-16T12:03:24+0000,trafficsign
298125151755705,2.1795502,41.40075,2016-06-16T12:03:25+0000,2016-06-16T12:03:25+0000,trafficsign
298206825080871,2.1801727,41.400177,2016-06-16T12:03:19+0000,2016-06-16T12:03:19+0000,trafficsign
298221868412700,2.1799924,41.400158,2016-06-16T12:03:18+0000,2016-06-16T12:03:18+0000,trafficsign
298250615076492,2.179509,41.40063,2016-06-16T12:03:24+0000,2016-06-16T12:03:24+0000,trafficsign
298333988401488,2.1796145,41.40059,2016-06-16T12:03:23+0000,2016-06-16T12:03:23+0000,trafficsign
298399428394944,2.1794581,41.400627,2016-06-16T12:03:24+0000,2016-06-16T12:03:24+0000,trafficsign
301298604771693,2.1792865,41.400764,2016-06-16T12:03:30+0000,2016-06-16T12:03:30+0000,trafficsign
301308131437407,2.1794465,41.400692,2016-06-16T12:03:25+0000,2016-06-16T12:03:25+0000,trafficsign
301330388101848,2.1794562,41.400726,2016-06-16T12:03:24+0000,2016-06-16T12:03:26+0000,trafficsign
307408640827356,2.1801684,41.40026,2016-06-16T12:03:16+0000,2016-06-16T12:03:16+0000,mvd_fast
307423110825909,2.1802518,41.39996,2016-06-16T12:03:16+0000,2016-06-16T12:03:16+0000,mvd_fast
307430250825195,2.1801553,41.40035,2016-06-16T12:03:19+0000,2023-12-27T11:40:54+0000,mvd_fast
307448470823373,2.1793184,41.400726,2016-06-16T12:03:27+0000,2016-06-16T12:03:27+0000,mvd_fast
307468040821416,2.1798122,41.400562,2016-06-16T12:03:22+0000,2016-06-16T12:03:22+0000,mvd_fast
307480287486858,2.1802554,41.400043,2016-06-16T12:03:16+0000,2016-06-16T12:03:16+0000,mvd_fast
307493820818838,2.1802585,41.399956,2016-06-16T12:03:16+0000,2016-06-16T12:03:16+0000,mvd_fast
307498690818351,2.1801593,41.400326,2016-06-16T12:03:16+0000,2016-06-16T12:03:16+0000,mvd_fast
307510324150521,2.1802254,41.4,2016-06-16T12:03:16+0000,2016-06-16T12:03:16+0000,mvd_fast
307510914150462,2.1802146,41.400005,2016-06-16T12:03:16+0000,2016-06-16T12:03:16+0000,mvd_fast
307514104150143,2.179789,41.400448,2016-06-16T12:03:21+0000,2016-06-16T12:03:21+0000,mvd_fast
307518854149668,2.18024,41.39991,2016-06-16T12:03:16+0000,2016-06-16T12:03:16+0000,mvd_fast
307519257482961,2.1803756,41.400272,2016-06-16T12:03:20+0000,2016-06-16T12:03:20+0000,mvd_fast
307519627482924,2.1804082,41.40015,2016-06-16T12:03:19+0000,2016-06-16T12:03:19+0000,mvd_fast
307530990815121,2.1800365,41.400414,2016-06-16T12:03:20+0000,2016-06-16T12:03:20+0000,mvd_fast
307532167481670,2.179952,41.400543,2016-06-16T12:03:22+0000,2016-06-16T12:03:22+0000,mvd_fast
307536050814615,2.1794746,41.400677,2016-06-16T12:03:24+0000,2016-06-16T12:03:24+0000,mvd_fast
307536054147948,2.17964,41.400513,2016-06-16T12:03:22+0000,2016-06-16T12:03:22+0000,mvd_fast
307542947480592,2.1802535,41.40032,2016-06-16T12:03:16+0000,2016-06-16T12:03:16+0000,mvd_fast
307554864146067,2.1794066,41.400665,2016-06-16T12:03:24+0000,2023-12-27T11:41:11+0000,mvd_fast
307554930812727,2.1794548,41.40064,2016-06-16T12:03:24+0000,2016-06-16T12:03:24+0000,mvd_fast
307560200812200,2.1800902,41.400455,2016-06-16T12:03:20+0000,2016-06-16T12:03:20+0000,mvd_fast
307571814144372,2.1799548,41.400547,2016-06-16T12:03:20+0000,2016-06-16T12:03:20+0000,mvd_fast
307573014144252,2.1794398,41.400635,2016-06-16T12:03:24+0000,2023-12-27T11:41:06+0000,mvd_fast
307578490810371,2.1797829,41.40044,2016-06-16T12:03:22+0000,2016-06-16T12:03:22+0000,mvd_fast
307591494142404,2.1803138,41.399956,2016-06-16T12:03:16+0000,2016-06-16T12:03:16+0000,mvd_fast
307622947472592,2.1803489,41.400375,2016-06-16T12:03:15+0000,2016-06-16T12:03:15+0000,mvd_fast
307633324138221,2.1803813,41.40001,2016-06-16T12:03:15+0000,2016-06-16T12:03:15+0000,mvd_fast
307634180804802,2.1795638,41.40085,2016-06-16T12:03:27+0000,2016-06-16T12:03:27+0000,mvd_fast
307640860804134,2.1802368,41.40021,2016-06-16T12:03:20+0000,2016-06-16T12:03:20+0000,mvd_fast
307650247469862,2.1797528,41.400528,2016-06-16T12:03:22+0000,2016-06-16T12:03:22+0000,mvd_fast
307656920802528,2.179367,41.400673,2016-06-16T12:03:28+0000,2023-12-27T11:41:11+0000,mvd_fast
307673720800848,2.1802332,41.400322,2016-06-16T12:03:16+0000,2016-06-16T12:03:16+0000,mvd_fast
307704054131148,2.1799183,41.400238,2016-06-16T12:03:20+0000,2016-06-16T12:03:20+0000,mvd_fast
307762937458593,2.1801488,41.400246,2016-06-16T12:03:17+0000,2016-06-16T12:03:17+0000,mvd_fast
308289344072619,2.1802516,41.400013,2016-06-16T12:03:17+0000,2016-06-16T12:03:17+0000,mvd_fast
308303740737846,2.179482,41.400932,2016-06-16T12:03:26+0000,2016-06-16T12:03:26+0000,mvd_fast
308330037401883,2.1800065,41.40009,2016-06-16T12:03:18+0000,2016-06-16T12:03:18+0000,mvd_fast
308350377399849,2.180058,41.400196,2016-06-16T12:03:17+0000,2025-08-23T14:09:44+0000,mvd_fast
484526246096427,2.1692023,41.386917,2015-03-07T13:49:12+0000,2015-03-07T13:49:12+0000,mvd_fast
484609306088121,2.1696723,41.38686,2015-03-07T13:49:12+0000,2015-03-07T13:49:12+0000,mvd_fast
1409889499369259,2.158257,41.390923,2020-05-17T16:50:49+0000,2020-05-17T16:50:49+0000,mvd_fast
2866416293574565,2.1613944,41.39645,2017-03-14T16:29:43+0000,2017-03-14T16:29:43+0000,trafficsign
2866644713551723,2.1615882,41.3966,2017-03-14T16:29:58+0000,2017-03-14T16:29:58+0000,trafficsign
2877694475780080,2.1615365,41.396564,2017-03-14T16:29:49+0000,2017-03-14T16:29:49+0000,mvd_fast
2877704619112399,2.1615846,41.396465,2017-03-14T16:29:40+0000,2017-03-14T16:29:40+0000,mvd_fast
2877714242444770,2.1616437,41.39653,2017-03-14T16:29:48+0000,2017-03-14T16:29:48+0000,mvd_fast
2877738622442332,2.1616542,41.39649,2017-03-14T16:29:49+0000,2017-03-14T16:29:49+0000,mvd_fast
2877785389104322,2.1615672,41.3966,2017-03-14T16:29:53+0000,2017-03-14T16:29:53+0000,mvd_fast
2877787375770790,2.1619885,41.39693,2017-03-14T16:29:58+0000,2021-10-27T07:42:18+0000,mvd_fast
2877799052436289,2.1613941,41.39644,2017-03-14T16:29:37+0000,2017-03-14T16:29:37+0000,mvd_fast
2877837289099132,2.1615925,41.39661,2017-03-14T16:29:43+0000,2017-03-14T16:29:43+0000,mvd_fast
2877851515764376,2.1616118,41.39668,2017-03-14T16:29:47+0000,2017-03-14T16:29:47+0000,mvd_fast
2877855199097341,2.161679,41.3965,2017-03-14T16:29:52+0000,2017-03-14T16:29:52+0000,mvd_fast
2877871082429086,2.16182,41.396595,2017-03-14T16:29:47+0000,2022-09-10T12:33:57+0000,mvd_fast
2877900712426123,2.1621444,41.396782,2017-03-14T16:29:54+0000,2017-03-14T16:29:54+0000,mvd_fast
2877938185755709,2.1615584,41.396576,2017-03-14T16:30:16+0000,2017-03-14T16:30:16+0000,mvd_fast
2877943755755152,2.1615434,41.39657,2017-03-14T16:29:48+0000,2017-03-14T16:29:48+0000,mvd_fast
2877950952421099,2.1618288,41.396492,2017-03-14T16:29:36+0000,2017-03-14T16:29:36+0000,mvd_fast
2877995639083297,2.161933,41.396694,2017-03-14T16:29:51+0000,2022-09-10T12:33:52+0000,mvd_fast
2878007749082086,2.1613781,41.39625,2017-03-14T16:29:14+0000,2017-03-14T16:29:14+0000,mvd_fast
2878020219080839,2.1615462,41.396435,2017-03-14T16:29:39+0000,2017-03-14T16:29:39+0000,mvd_fast
2878031395746388,2.1622941,41.396873,2017-03-14T16:29:55+0000,2017-03-14T16:29:55+0000,mvd_fast
496784121471935,2.1531463,41.395073,2016-07-12T08:18:53+0000,2016-07-12T08:18:53+0000,trafficsign
499810294502651,2.1530492,41.394962,2016-07-12T08:18:57+0000,2025-05-27T21:46:59+0000,trafficsign
819492842073393,2.149971,41.399673,2021-06-02T07:57:41+0000,2021-06-02T07:57:41+0000,panoptic
819492848740059,2.149844,41.399628,2021-06-02T07:57:41+0000,2021-06-02T07:57:41+0000,panoptic
819492852073392,2.1488082,41.400433,2021-06-02T07:57:24+0000,2021-06-02T07:57:24+0000,panoptic
819492855406725,2.149106,41.400093,2021-06-02T07:57:32+0000,2021-06-02T07:57:32+0000,panoptic
819492858740058,2.1489568,41.400185,2021-06-02T07:57:29+0000,2021-06-02T07:57:29+0000,panoptic
819492862073391,2.14962,41.399727,2021-06-02T07:57:37+0000,2021-06-02T07:57:37+0000,panoptic
819492868740057,2.1501253,41.39924,2021-06-02T07:57:45+0000,2021-06-02T07:57:45+0000,panoptic
819492872073390,2.1498504,41.399635,2021-06-02T07:57:41+0000,2021-06-02T07:57:41+0000,panoptic
819492882073389,2.150079,41.399612,2021-06-02T07:57:42+0000,2021-06-02T07:57:42+0000,panoptic
819492898740054,2.148936,41.400196,2021-06-02T07:57:27+0000,2021-06-02T07:57:27+0000,panoptic
819492902073387,2.1500301,41.399563,2021-06-02T07:57:40+0000,2021-06-02T07:57:40+0000,panoptic
819492912073386,2.149983,41.39953,2021-06-02T07:57:41+0000,2021-06-02T07:57:41+0000,panoptic
819492915406719,2.1490858,41.40011,2021-06-02T07:57:32+0000,2021-06-02T07:57:32+0000,panoptic
819492922073385,2.1488478,41.40033,2021-06-02T07:57:27+0000,2021-06-02T07:57:27+0000,panoptic
819492942073383,2.147413,41.40126,2021-06-02T07:57:14+0000,2021-06-02T07:57:14+0000,panoptic
819492945406716,2.1475441,41.401054,2021-06-02T07:57:15+0000,2021-06-02T07:57:15+0000,panoptic
819492955406715,2.1489623,41.400185,2021-06-02T07:57:26+0000,2021-06-02T07:57:26+0000,panoptic
819492958740048,2.1482632,41.400806,2021-06-02T07:57:17+0000,2021-06-02T07:57:17+0000,panoptic
819492962073381,2.1499457,41.399555,2021-06-02T07:57:42+0000,2021-06-02T07:57:42+0000,panoptic
819492968740047,2.1490855,41.40011,2021-06-02T07:57:32+0000,2021-06-02T07:57:32+0000,panoptic
819492972073380,2.1492934,41.40011,2021-06-02T07:57:31+0000,2021-06-02T07:57:31+0000,panoptic
819492975406713,2.1478503,41.401077,2021-06-02T07:57:16+0000,2021-06-02T07:57:16+0000,panoptic
819492978740046,2.1469421,41.401497,2021-06-02T07:57:09+0000,2021-06-02T07:57:09+0000,panoptic
819492982073379,2.1501722,41.39956,2021-06-02T07:57:43+0000,2021-06-02T07:57:43+0000,panoptic
819492988740045,2.1469538,41.40149,2021-06-02T07:57:11+0000,2021-06-02T07:57:11+0000,panoptic
819492992073378,2.1496174,41.399727,2021-06-02T07:57:35+0000,2021-06-02T07:57:35+0000,panoptic
819492995406711,2.1485476,41.400467,2021-06-02T07:57:24+0000,2021-06-02T07:57:24+0000,panoptic
819493002073377,2.1473694,41.401226,2021-06-02T07:57:14+0000,2021-06-02T07:57:14+0000,panoptic
819493015406709,2.1502895,41.39945,2021-06-02T07:57:47+0000,2023-07-07T11:42:23+0000,panoptic
819493022073375,2.1501722,41.39956,2021-06-02T07:57:43+0000,2021-06-02T07:57:43+0000,trafficsign
819493025406708,2.1476579,41.401226,2021-06-02T07:57:15+0000,2021-06-02T07:57:15+0000,panoptic
819493032073374,2.1501634,41.39943,2021-06-02T07:57:47+0000,2021-06-02T07:57:47+0000,panoptic
819493045406706,2.1484387,41.40048,2021-06-02T07:57:24+0000,2021-06-02T07:57:24+0000,panoptic
819493065406704,2.1473684,41.401226,2021-06-02T07:57:14+0000,2021-06-02T07:57:14+0000,trafficsign
819493072073370,2.147367,41.40123,2021-06-02T07:57:13+0000,2021-06-02T07:57:13+0000,panoptic
819493075406703,2.148072,41.40084,2021-06-02T07:57:20+0000,2021-06-02T07:57:20+0000,panoptic
819493085406702,2.147061,41.40141,2021-06-02T07:57:11+0000,2021-06-02T07:57:11+0000,panoptic
819493088740035,2.147068,41.40141,2021-06-02T07:57:11+0000,2021-06-02T07:57:11+0000,panoptic
819493092073368,2.149069,41.400265,2021-06-02T07:57:28+0000,2021-06-02T07:57:28+0000,panoptic
819493095406701,2.1490939,41.40011,2021-06-02T07:57:31+0000,2021-06-02T07:57:31+0000,panoptic
819493098740034,2.1473384,41.40131,2021-06-02T07:57:14+0000,2021-06-02T07:57:14+0000,panoptic
819493102073367,2.1476629,41.401226,2021-06-02T07:57:14+0000,2021-06-02T07:57:14+0000,panoptic
819493105406700,2.1473494,41.401226,2021-06-02T07:57:14+0000,2021-06-02T07:57:14+0000,panoptic
819493108740033,2.1469514,41.401688,2021-06-02T07:57:04+0000,2021-06-02T07:57:04+0000,panoptic
819493115406699,2.1468413,41.401546,2021-06-02T07:57:10+0000,2021-06-02T07:57:10+0000,panoptic
819493128740031,2.1482875,41.400845,2021-06-02T07:57:19+0000,2021-06-02T07:57:19+0000,panoptic
819493138740030,2.1495705,41.39979,2021-06-02T07:57:34+0000,2021-06-02T07:57:34+0000,panoptic
819493142073363,2.1481156,41.400745,2021-06-02T07:57:21+0000,2021-06-02T07:57:21+0000,panoptic
819493148740029,2.147217,41.401253,2021-06-02T07:57:12+0000,2021-06-02T07:57:12+0000,panoptic
819493158740028,2.1499834,41.39953,2021-06-02T07:57:42+0000,2021-06-02T07:57:42+0000,panoptic
819493162073361,2.1469862,41.40153,2021-06-02T07:57:10+0000,2021-06-02T07:57:10+0000,panoptic
819493165406694,2.1468992,41.40152,2021-06-02T07:57:10+0000,2021-06-02T07:57:10+0000,panoptic
819493168740027,2.1478417,41.401085,2021-06-02T07:57:13+0000,2021-06-02T07:57:13+0000,panoptic
819493172073360,2.1475012,41.40111,2021-06-02T07:57:14+0000,2021-06-02T07:57:14+0000,panoptic
819493175406693,2.1470551,41.401417,2021-06-02T07:57:11+0000,2021-06-02T07:57:11+0000,panoptic
819493182073359,2.150145,41.39943,2021-06-02T07:57:47+0000,2021-06-02T07:57:47+0000,panoptic
819493185406692,2.1483507,41.400597,2021-06-02T07:57:24+0000,2021-06-02T07:57:24+0000,panoptic
1448273798856291,2.1782093,41.384018,2014-02-23T19:53:57+0000,2014-02-23T19:53:57+0000,mvd_fast
1448488769808294,2.1696355,41.3924,2025-08-23T14:14:04+0000,2025-08-23T14:14:04+0000,panoptic
1448488773141627,2.169481,41.39234,2025-08-23T14:13:59+0000,2025-08-23T14:13:59+0000,panoptic
1448488776474960,2.1696856,41.392357,2025-08-23T14:13:58+0000,2025-08-23T14:13:58+0000,panoptic
1448488779808293,2.1692307,41.39215,2025-08-23T14:14:00+0000,2025-08-23T14:14:00+0000,panoptic
1448488783141626,2.170307,41.392807,2025-08-23T14:13:18+0000,2025-08-23T14:13:18+0000,panoptic
1448488786474959,2.1701078,41.3928,2025-08-23T14:13:15+0000,2025-08-23T14:13:15+0000,panoptic
1448488789808292,2.170335,41.392967,2025-08-23T14:13:14+0000,2025-08-23T14:13:14+0000,panoptic
1448488796474958,2.1695724,41.392452,2025-08-23T14:13:58+0000,2025-08-23T14:13:58+0000,panoptic
1448488803141624,2.1694322,41.39215,2025-08-23T14:14:03+0000,2025-08-23T14:14:03+0000,panoptic
1448488806474957,2.1697004,41.39234,2025-08-23T14:13:58+0000,2025-08-23T14:13:58+0000,panoptic
1448488809808290,2.169534,41.392567,2025-08-23T14:13:58+0000,2025-08-23T14:13:58+0000,panoptic
1448488813141623,2.1703932,41.392876,2025-08-23T14:13:14+0000,2025-08-23T14:13:14+0000,panoptic
1448488816474956,2.1695755,41.392452,2025-08-23T14:14:02+0000,2025-08-23T14:14:02+0000,trafficsign
1448488819808289,2.1697006,41.39234,2025-08-23T14:14:05+0000,2025-08-23T14:14:05+0000,trafficsign
1448488823141622,2.1695745,41.392452,2025-08-23T14:14:01+0000,2025-08-23T14:14:01+0000,trafficsign
507145588457435,2.1484318,41.383205,2024-08-12T09:26:22+0000,2024-08-12T09:26:22+0000,panoptic
507145601790767,2.1483512,41.383034,2024-08-12T09:26:24+0000,2024-08-12T09:26:24+0000,panoptic
507145605124100,2.1483393,41.383064,2024-08-12T09:26:24+0000,2024-08-12T09:26:24+0000,panoptic
507145615124099,2.148385,41.38325,2024-08-12T09:26:22+0000,2024-08-12T09:26:22+0000,panoptic
507145621790765,2.1485786,41.38335,2024-08-12T09:26:20+0000,2024-08-12T09:26:20+0000,panoptic
507145675124093,2.1485999,41.38328,2024-08-12T09:26:16+0000,2024-08-12T09:26:16+0000,panoptic
507145681790759,2.148541,41.383316,2024-08-12T09:26:18+0000,2024-08-12T09:26:18+0000,panoptic
507145685124092,2.1484997,41.383205,2024-08-12T09:26:19+0000,2024-08-12T09:26:19+0000,panoptic
507145688457425,2.1484942,41.383358,2024-08-12T09:26:16+0000,2024-08-12T09:26:16+0000,panoptic
507145725124088,2.148314,41.383015,2024-08-12T09:26:25+0000,2024-08-12T09:26:25+0000,panoptic
507145728457421,2.148639,41.38344,2024-08-12T09:26:18+0000,2024-08-12T09:26:18+0000,panoptic
507145731790754,2.148141,41.38308,2024-08-12T09:26:24+0000,2024-08-12T09:26:24+0000,panoptic
507145738457420,2.1492193,41.383892,2024-08-12T09:26:14+0000,2024-08-12T09:26:14+0000,panoptic
507145741790753,2.1485586,41.38305,2024-08-12T09:26:19+0000,2024-08-12T09:26:19+0000,panoptic
507145765124084,2.1483855,41.38302,2024-08-12T09:26:20+0000,2024-08-12T09:26:20+0000,panoptic
507145788457415,2.14814,41.383076,2024-08-12T09:26:22+0000,2024-08-12T09:26:22+0000,panoptic
507145791790748,2.1483195,41.383034,2024-08-12T09:26:20+0000,2024-08-12T09:26:20+0000,panoptic
507145795124081,2.1485772,41.38306,2024-08-12T09:26:17+0000,2024-08-12T09:26:17+0000,panoptic
507145798457414,2.148546,41.383057,2024-08-12T09:26:19+0000,2024-08-12T09:26:19+0000,panoptic
507145868457407,2.1480007,41.383034,2024-08-12T09:26:24+0000,2024-08-12T09:26:24+0000,panoptic
507145871790740,2.1481438,41.383087,2024-08-12T09:26:21+0000,2024-08-12T09:26:21+0000,panoptic
507145875124073,2.1479926,41.383125,2024-08-12T09:26:23+0000,2024-08-12T09:26:23+0000,panoptic
507145878457406,2.148142,41.383118,2024-08-12T09:26:21+0000,2024-08-12T09:26:21+0000,panoptic
507145891790738,2.149147,41.383842,2024-08-12T09:26:14+0000,2024-08-12T09:26:14+0000,panoptic
507145895124071,2.1491983,41.38388,2024-08-12T09:26:14+0000,2024-08-12T09:26:14+0000,panoptic
507145901790737,2.148168,41.383034,2024-08-12T09:26:22+0000,2024-08-12T09:26:22+0000,panoptic
507145991790728,2.1481283,41.38305,2024-08-12T09:26:22+0000,2024-08-12T09:26:22+0000,panoptic
507145998457394,2.14854,41.383392,2024-08-12T09:26:19+0000,2024-08-12T09:26:19+0000,panoptic
507146001790727,2.1482623,41.38328,2024-08-12T09:26:20+0000,2024-08-12T09:26:20+0000,panoptic
507146005124060,2.1486464,41.38332,2024-08-12T09:26:18+0000,2024-08-12T09:26:18+0000,panoptic
507146011790726,2.148138,41.383167,2024-08-12T09:26:19+0000,2024-08-12T09:26:19+0000,panoptic
507146061790721,2.1483438,41.383022,2024-08-12T09:26:25+0000,2024-08-12T09:26:25+0000,trafficsign
507146071790720,2.148625,41.383453,2024-08-12T09:26:17+0000,2024-08-12T09:26:17+0000,trafficsign
507146075124053,2.1486242,41.383453,2024-08-12T09:26:20+0000,2024-08-12T09:26:20+0000,trafficsign
507146085124052,2.1483314,41.38304,2024-08-12T09:26:21+0000,2024-08-12T09:26:21+0000,trafficsign
507146091790718,2.1484897,41.383354,2024-08-12T09:26:20+0000,2024-08-12T09:26:20+0000,trafficsign
507146115124049,2.1483443,41.383026,2024-08-12T09:26:24+0000,2024-08-12T09:26:24+0000,trafficsign
507146118457382,2.1493113,41.383816,2024-08-12T09:26:14+0000,2024-08-12T09:26:14+0000,trafficsign
507146125124048,2.1481144,41.383015,2024-08-12T09:26:22+0000,2024-08-12T09:26:22+0000,trafficsign
507146128457381,2.1486242,41.383453,2024-08-12T09:26:20+0000,2024-08-12T09:26:20+0000,trafficsign
507146141790713,2.1484916,41.383354,2024-08-12T09:26:19+0000,2024-08-12T09:26:19+0000,panoptic
507146148457379,2.1486251,41.383453,2024-08-12T09:26:17+0000,2024-08-12T09:26:17+0000,panoptic
507146201790707,2.1485639,41.38325,2024-08-12T09:26:19+0000,2024-08-12T09:26:19+0000,panoptic
507146205124040,2.1483467,41.383026,2024-08-12T09:26:24+0000,2024-08-12T09:26:24+0000,panoptic
507146228457371,2.149179,41.383865,2024-08-12T09:26:14+0000,2024-08-12T09:26:14+0000,panoptic
507146231790704,2.1481433,41.383087,2024-08-12T09:26:24+0000,2024-08-12T09:26:24+0000,panoptic
507146235124037,2.1481144,41.383015,2024-08-12T09:26:22+0000,2024-08-12T09:26:22+0000,panoptic
507146238457370,2.1481423,41.383087,2024-08-12T09:26:20+0000,2024-08-12T09:26:20+0000,panoptic
507146241790703,2.1483448,41.383038,2024-08-12T09:26:22+0000,2024-08-12T09:26:22+0000,panoptic
507146248457369,2.1483324,41.383045,2024-08-12T09:26:19+0000,2024-08-12T09:26:19+0000,panoptic
507146251790702,2.148345,41.383038,2024-08-12T09:26:23+0000,2024-08-12T09:26:23+0000,panoptic
507146255124035,2.148332,41.38304,2024-08-12T09:26:20+0000,2024-08-12T09:26:20+0000,panoptic
507146261790701,2.1483338,41.383045,2024-08-12T09:26:23+0000,2024-08-12T09:26:23+0000,panoptic
507146268457367,2.1484911,41.383354,2024-08-12T09:26:17+0000,2024-08-12T09:26:17+0000,panoptic
507146271790700,2.1486251,41.383453,2024-08-12T09:26:16+0000,2024-08-12T09:26:16+0000,panoptic
507146275124033,2.1486256,41.383453,2024-08-12T09:26:16+0000,2024-08-12T09:26:16+0000,panoptic
898040620813761,2.1757424,41.386326,2021-09-06T08:57:03+0000,2021-09-06T08:57:03+0000,panoptic
898040624147094,2.175427,41.386127,2021-09-06T08:56:28+0000,2021-09-06T08:56:28+0000,panoptic
898040627480427,2.1754413,41.38612,2021-09-06T08:56:28+0000,2021-09-06T08:56:28+0000,panoptic
898040630813760,2.1757379,41.386303,2021-09-06T08:56:53+0000,2021-09-06T08:56:53+0000,panoptic
898040634147093,2.175425,41.386066,2021-09-06T08:56:39+0000,2021-09-06T08:56:39+0000,panoptic
898040637480426,2.1757264,41.386322,2021-09-06T08:57:01+0000,2021-09-06T08:57:01+0000,panoptic
898040647480425,2.17573,41.3863,2021-09-06T08:56:56+0000,2021-09-06T08:56:56+0000,panoptic
898040650813758,2.1757889,41.386127,2021-09-06T08:56:46+0000,2021-09-06T08:56:46+0000,panoptic
898040654147091,2.174856,41.386513,2021-09-06T08:55:49+0000,2021-09-06T08:55:49+0000,panoptic
898040657480424,2.1748605,41.386513,2021-09-06T08:55:49+0000,2021-09-06T08:55:49+0000,panoptic
898040660813757,2.1756458,41.38622,2021-09-06T08:56:49+0000,2021-09-06T08:56:49+0000,panoptic
898040667480423,2.1748126,41.386486,2021-09-06T08:55:49+0000,2021-09-06T08:55:49+0000,panoptic
898040670813756,2.175525,41.38607,2021-09-06T08:56:28+0000,2021-09-06T08:56:28+0000,panoptic
898040674147089,2.175806,41.386375,2021-09-06T08:56:56+0000,2021-09-06T08:56:56+0000,panoptic
898040677480422,2.1756256,41.386253,2021-09-06T08:56:52+0000,2021-09-06T08:56:52+0000,panoptic
898040680813755,2.1750534,41.386234,2021-09-06T08:55:49+0000,2021-09-06T08:55:49+0000,panoptic
898040684147088,2.1744142,41.38673,2021-09-06T08:55:04+0000,2021-09-06T08:55:04+0000,panoptic
898040687480421,2.1755626,41.386047,2021-09-06T08:56:39+0000,2021-09-06T08:56:39+0000,trafficsign
898040690813754,2.175763,41.38635,2021-09-06T08:57:03+0000,2021-09-06T08:57:03+0000,panoptic
898040694147087,2.1745715,41.38663,2021-09-06T08:55:04+0000,2021-09-06T08:55:04+0000,panoptic
898040697480420,2.1748087,41.386494,2021-09-06T08:55:27+0000,2021-09-06T08:55:27+0000,panoptic
898040700813753,2.1755657,41.386177,2021-09-06T08:56:35+0000,2021-09-06T08:56:35+0000,panoptic
898040704147086,2.1758225,41.385895,2021-09-06T08:56:31+0000,2021-09-06T08:56:31+0000,panoptic
898040707480419,2.1743639,41.386772,2021-09-06T08:55:04+0000,2022-01-22T14:02:45+0000,panoptic
898040710813752,2.1754205,41.38613,2021-09-06T08:56:24+0000,2021-09-06T08:56:24+0000,panoptic
898040714147085,2.1755707,41.386242,2021-09-06T08:56:48+0000,2021-09-06T08:56:48+0000,panoptic
898040717480418,2.1748483,41.386414,2021-09-06T08:55:49+0000,2021-09-06T08:55:49+0000,panoptic
898040720813751,2.1754487,41.386116,2021-09-06T08:56:28+0000,2021-09-06T08:56:28+0000,panoptic
898040727480417,2.1757257,41.386295,2021-09-06T08:56:56+0000,2021-09-06T08:56:56+0000,panoptic
898040730813750,2.1744277,41.38671,2021-09-06T08:55:04+0000,2022-01-22T14:02:43+0000,panoptic
898040734147083,2.1753838,41.386208,2021-09-06T08:56:28+0000,2021-09-06T08:56:28+0000,trafficsign
898040737480416,2.1755621,41.386047,2021-09-06T08:56:20+0000,2021-09-06T08:56:20+0000,panoptic
898040740813749,2.175668,41.38626,2021-09-06T08:56:56+0000,2021-09-06T08:56:56+0000,trafficsign
898040744147082,2.175455,41.386116,2021-09-06T08:56:28+0000,2021-09-06T08:56:28+0000,panoptic
898040747480415,2.175721,41.386265,2021-09-06T08:56:56+0000,2021-10-26T14:01:12+0000,panoptic
898040750813748,2.1750286,41.386356,2021-09-06T08:55:49+0000,2021-09-06T08:55:49+0000,trafficsign
898040754147081,2.174806,41.38649,2021-09-06T08:55:37+0000,2021-09-06T08:55:37+0000,panoptic
898040757480414,2.175971,41.38646,2021-09-06T08:56:56+0000,2021-09-06T08:56:56+0000,panoptic
898040760813747,2.1752708,41.385914,2021-09-06T08:55:50+0000,2021-09-06T08:55:50+0000,panoptic
898040764147080,2.174377,41.386738,2021-09-06T08:55:04+0000,2022-01-22T14:02:45+0000,panoptic
898040767480413,2.1754205,41.386135,2021-09-06T08:56:28+0000,2021-09-06T08:56:28+0000,trafficsign
898040770813746,2.175893,41.386406,2021-09-06T08:56:54+0000,2021-09-06T08:56:54+0000,panoptic
898040774147079,2.1750276,41.386356,2021-09-06T08:55:37+0000,2021-09-06T08:55:37+0000,panoptic
898040777480412,2.1750026,41.386295,2021-09-06T08:55:49+0000,2021-09-06T08:55:49+0000,panoptic
898040780813745,2.1755626,41.386047,2021-09-06T08:55:59+0000,2021-09-06T08:55:59+0000,panoptic
898040784147078,2.175028,41.386356,2021-09-06T08:55:49+0000,2021-09-06T08:55:49+0000,panoptic
898040787480411,2.1743853,41.386734,2021-09-06T08:55:04+0000,2022-01-22T14:02:45+0000,panoptic
898040790813744,2.1758096,41.386333,2021-09-06T08:56:54+0000,2021-09-06T08:56:54+0000,panoptic
898040794147077,2.175386,41.3862,2021-09-06T08:56:20+0000,2021-09-06T08:56:20+0000,panoptic
898040797480410,2.1747854,41.386414,2021-09-06T08:55:32+0000,2021-09-06T08:55:32+0000,panoptic
898040800813743,2.1756713,41.386208,2021-09-06T08:56:48+0000,2021-09-06T08:56:48+0000,panoptic
898040804147076,2.175619,41.386227,2021-09-06T08:56:48+0000,2021-09-06T08:56:48+0000,panoptic
898040807480409,2.1747744,41.3866,2021-09-06T08:55:49+0000,2021-09-06T08:55:49+0000,panoptic
898040810813742,2.175395,41.38621,2021-09-06T08:55:37+0000,2021-09-06T08:55:37+0000,panoptic
898040814147075,2.1756759,41.38622,2021-09-06T08:56:49+0000,2021-09-06T08:56:49+0000,panoptic
898040817480408,2.1755204,41.38607,2021-09-06T08:56:28+0000,2021-09-06T08:56:28+0000,panoptic
898040820813741,2.1756415,41.386227,2021-09-06T08:56:48+0000,2021-09-06T08:56:48+0000,panoptic
898040824147074,2.1755764,41.386185,2021-09-06T08:56:35+0000,2021-09-06T08:56:35+0000,panoptic
898040827480407,2.1757753,41.38633,2021-09-06T08:56:55+0000,2021-09-06T08:56:55+0000,panoptic
244483187864182,2.1637578,41.39663,2022-01-22T14:10:17+0000,2022-01-22T14:10:17+0000,panoptic
285840069591160,2.1806862,41.38376,2021-09-06T11:02:54+0000,2021-09-06T11:02:54+0000,panoptic
434427554623910,2.1611824,41.38929,2021-05-22T08:36:11+0000,2021-05-22T08:36:11+0000,panoptic
434427557957243,2.1615555,41.389576,2021-05-22T08:36:02+0000,2021-05-22T08:36:02+0000,panoptic
434427561290576,2.1613111,41.389336,2021-05-22T08:36:09+0000,2021-05-22T08:36:09+0000,panoptic
434427564623909,2.1632013,41.39082,2021-05-22T08:35:30+0000,2021-05-22T08:35:30+0000,panoptic
434427567957242,2.1606784,41.38888,2021-05-22T08:36:08+0000,2021-05-22T08:36:08+0000,panoptic
434427571290575,2.1635985,41.39108,2021-05-22T08:35:16+0000,2024-08-12T09:21:22+0000,panoptic
434427574623908,2.1632745,41.390835,2021-05-22T08:35:23+0000,2025-05-27T20:38:20+0000,panoptic
434427577957241,2.162735,41.39038,2021-05-22T08:35:38+0000,2021-05-22T08:35:38+0000,panoptic
434427581290574,2.161392,41.389454,2021-05-22T08:36:07+0000,2021-05-22T08:36:07+0000,panoptic
434427584623907,2.163533,41.39102,2021-05-22T08:35:23+0000,2021-05-22T08:35:23+0000,panoptic
434427587957240,2.1634462,41.391003,2021-05-22T08:35:22+0000,2021-05-22T08:35:22+0000,panoptic
434427591290573,2.1618326,41.389748,2021-05-22T08:35:54+0000,2021-05-22T08:35:54+0000,panoptic
434427594623906,2.1636066,41.391026,2021-05-22T08:35:17+0000,2021-05-22T08:35:17+0000,panoptic
434427597957239,2.1631327,41.391083,2021-05-22T08:35:17+0000,2021-05-22T08:35:17+0000,panoptic
434427601290572,2.1611423,41.38926,2021-05-22T08:36:11+0000,2021-05-22T08:36:11+0000,panoptic
434427604623905,2.1634107,41.390854,2021-05-22T08:35:19+0000,2021-05-22T08:35:19+0000,panoptic
434427607957238,2.1620157,41.38971,2021-05-22T08:35:56+0000,2025-05-27T20:38:47+0000,panoptic
434427611290571,2.1628673,41.390457,2021-05-22T08:35:34+0000,2025-05-27T20:38:29+0000,panoptic
434427614623904,2.162385,41.39012,2021-05-22T08:35:37+0000,2021-05-22T08:35:37+0000,panoptic
434427617957237,2.161057,41.38908,2021-05-22T08:36:12+0000,2021-05-22T08:36:12+0000,panoptic
434427624623903,2.1608953,41.3891,2021-05-22T08:36:16+0000,2021-05-22T08:36:16+0000,panoptic
434427627957236,2.1605303,41.388615,2021-05-22T08:36:23+0000,2021-05-22T08:36:23+0000,panoptic
434427631290569,2.160238,41.388992,2021-05-22T08:36:17+0000,2021-05-22T08:36:17+0000,panoptic
434427634623902,2.1630821,41.39123,2021-05-22T08:35:17+0000,2025-05-27T20:38:14+0000,panoptic
434427637957235,2.1614575,41.38948,2021-05-22T08:36:03+0000,2021-05-22T08:36:03+0000,panoptic
434427641290568,2.1602395,41.38898,2021-05-22T08:36:19+0000,2021-05-22T08:36:19+0000,panoptic
434427644623901,2.1609917,41.389145,2021-05-22T08:36:14+0000,2021-05-22T08:36:14+0000,panoptic
434427651290567,2.1607497,41.388943,2021-05-22T08:36:16+0000,2021-05-22T08:36:16+0000,panoptic
434427657957233,2.1632695,41.390778,2021-05-22T08:35:19+0000,2024-08-12T09:21:28+0000,panoptic
434427661290566,2.1619096,41.389816,2021-05-22T08:35:54+0000,2024-09-22T04:40:47+0000,panoptic
434427664623899,2.1614556,41.38948,2021-05-22T08:36:03+0000,2024-09-22T04:40:48+0000,panoptic
434427667957232,2.1633956,41.390923,2021-05-22T08:35:22+0000,2025-05-27T20:38:19+0000,panoptic
434427671290565,2.162652,41.39035,2021-05-22T08:35:42+0000,2025-05-27T20:38:33+0000,panoptic
434427674623898,2.1610553,41.38942,2021-05-22T08:36:07+0000,2025-08-23T15:42:04+0000,panoptic
434427677957231,2.1603053,41.388783,2021-05-22T08:36:16+0000,2024-08-12T09:22:04+0000,panoptic
434427681290564,2.1610496,41.38916,2021-05-22T08:36:12+0000,2024-08-12T09:21:58+0000,panoptic
434427684623897,2.1635237,41.39103,2021-05-22T08:35:16+0000,2025-05-27T20:38:17+0000,panoptic
434427687957230,2.1607935,41.38897,2021-05-22T08:36:11+0000,2021-05-22T08:36:11+0000,panoptic
434427691290563,2.1602623,41.388817,2021-05-22T08:36:19+0000,2024-08-12T09:22:04+0000,panoptic
434427694623896,2.160666,41.389065,2021-05-22T08:36:14+0000,2025-08-23T15:42:09+0000,panoptic
434427697957229,2.162046,41.390087,2021-05-22T08:35:43+0000,2025-05-27T20:38:32+0000,panoptic
434427701290562,2.1633363,41.39115,2021-05-22T08:35:18+0000,2021-05-22T08:35:18+0000,panoptic
434427704623895,2.1635714,41.390877,2021-05-22T08:35:16+0000,2021-05-22T08:35:16+0000,panoptic
434427707957228,2.1629298,41.39052,2021-05-22T08:35:36+0000,2021-05-22T08:35:36+0000,panoptic
434427711290561,2.1630907,41.391033,2021-05-22T08:35:22+0000,2021-05-22T08:35:22+0000,panoptic
434427714623894,2.1630282,41.39066,2021-05-22T08:35:19+0000,2024-08-12T09:21:33+0000,panoptic
434427717957227,2.1618474,41.389774,2021-05-22T08:35:54+0000,2024-09-22T04:40:47+0000,panoptic
434427724623893,2.162058,41.39017,2021-05-22T08:35:44+0000,2025-05-27T20:38:37+0000,panoptic
434427727957226,2.1632452,41.390823,2021-05-22T08:35:26+0000,2024-08-12T09:21:30+0000,panoptic
434427731290559,2.1635716,41.390877,2021-05-22T08:35:16+0000,2021-05-22T08:35:16+0000,panoptic
434427734623892,2.1604416,41.38862,2021-05-22T08:36:21+0000,2021-05-22T08:36:21+0000,panoptic
434427737957225,2.1622586,41.390022,2021-05-22T08:35:48+0000,2021-05-22T08:35:48+0000,panoptic
434427741290558,2.1628573,41.390465,2021-05-22T08:35:37+0000,2021-05-22T08:35:37+0000,trafficsign
434427744623891,2.1625957,41.390377,2021-05-22T08:35:40+0000,2025-05-27T20:38:32+0000,panoptic
434427747957224,2.161244,41.38925,2021-05-22T08:36:05+0000,2024-08-12T09:21:55+0000,panoptic
434427751290557,2.1622384,41.390087,2021-05-22T08:35:48+0000,2024-08-12T09:21:45+0000,panoptic
434427754623890,2.1635287,41.39101,2021-05-22T08:35:22+0000,2021-05-22T08:35:22+0000,trafficsign
434427757957223,2.1618376,41.389725,2021-05-22T08:35:55+0000,2025-05-27T20:38:47+0000,trafficsign
434427761290556,2.1615288,41.389767,2021-05-22T08:35:48+0000,2025-05-27T20:38:41+0000,panoptic
434427764623889,2.1614935,41.389545,2021-05-22T08:36:03+0000,2025-08-23T15:42:01+0000,panoptic
434427767957222,2.1635714,41.390877,2021-05-22T08:35:16+0000,2021-05-22T08:35:16+0000,trafficsign
434427771290555,2.160911,41.38931,2021-05-22T08:36:09+0000,2024-08-12T09:21:56+0000,panoptic
434427774623888,2.1622076,41.390076,2021-05-22T08:35:50+0000,2021-05-22T08:35:50+0000,panoptic
434427777957221,2.160093,41.388695,2021-05-22T08:36:23+0000,2024-08-12T09:22:07+0000,panoptic
434427781290554,2.163559,41.391087,2021-05-22T08:35:21+0000,2021-05-22T08:35:21+0000,panoptic
434427784623887,2.1635385,41.391136,2021-05-22T08:35:17+0000,2021-05-22T08:35:17+0000,panoptic
434427787957220,2.1623123,41.39023,2021-05-22T08:35:43+0000,2021-05-22T08:35:43+0000,panoptic
434427791290553,2.1628337,41.39054,2021-05-22T08:35:38+0000,2021-05-22T08:35:38+0000,panoptic
434427794623886,2.1633346,41.390953,2021-05-22T08:35:23+0000,2021-05-22T08:35:23+0000,panoptic
434427797957219,2.163429,41.39092,2021-05-22T08:35:26+0000,2021-05-22T08:35:26+0000,panoptic
434427801290552,2.1633236,41.390873,2021-05-22T08:35:21+0000,2021-05-22T08:35:21+0000,panoptic
434427804623885,2.1637154,41.391182,2021-05-22T08:35:16+0000,2021-05-22T08:35:16+0000,panoptic
434427807957218,2.1617815,41.389713,2021-05-22T08:35:59+0000,2021-05-22T08:35:59+0000,panoptic
434427811290551,2.162933,41.39054,2021-05-22T08:35:34+0000,2025-05-27T20:38:24+0000,panoptic
434427814623884,2.1628711,41.390858,2021-05-22T08:35:28+0000,2024-08-12T09:21:34+0000,panoptic
434427817957217,2.1624546,41.39054,2021-05-22T08:35:30+0000,2025-05-27T20:38:29+0000,panoptic
434427821290550,2.1635296,41.39083,2021-05-22T08:35:16+0000,2021-05-22T08:35:16+0000,panoptic
434427824623883,2.1621015,41.390266,2021-05-22T08:35:41+0000,2025-05-27T20:38:32+0000,panoptic
434427827957216,2.1635299,41.39102,2021-05-22T08:35:16+0000,2025-05-27T20:38:17+0000,panoptic
434427831290549,2.1632729,41.390816,2021-05-22T08:35:25+0000,2025-08-23T15:41:44+0000,panoptic
434427834623882,2.1630406,41.390926,2021-05-22T08:35:16+0000,2024-08-12T09:21:28+0000,panoptic
434427837957215,2.1615167,41.38977,2021-05-22T08:35:49+0000,2024-08-12T09:21:49+0000,panoptic
434427841290548,2.1634862,41.390884,2021-05-22T08:35:16+0000,2025-05-27T20:38:20+0000,panoptic
434427844623881,2.160562,41.388847,2021-05-22T08:36:17+0000,2021-05-22T08:36:17+0000,panoptic
434427847957214,2.160194,41.388565,2021-05-22T08:36:27+0000,2021-05-22T08:36:27+0000,panoptic
434427851290547,2.1615112,41.38957,2021-05-22T08:36:04+0000,2021-05-22T08:36:04+0000,panoptic
434427854623880,2.1629477,41.390625,2021-05-22T08:35:36+0000,2021-05-22T08:35:36+0000,panoptic
434427857957213,2.1617992,41.38978,2021-05-22T08:35:58+0000,2025-05-27T20:38:46+0000,panoptic
434427861290546,2.1635826,41.391106,2021-05-22T08:35:17+0000,2021-05-22T08:35:17+0000,panoptic
434427864623879,2.162096,41.390015,2021-05-22T08:35:52+0000,2021-05-22T08:35:52+0000,panoptic
434427867957212,2.163622,41.391087,2021-05-22T08:35:16+0000,2021-05-22T08:35:16+0000,panoptic
434427871290545,2.1616898,41.389675,2021-05-22T08:36:01+0000,2021-05-22T08:36:01+0000,panoptic
434427874623878,2.163543,41.39108,2021-05-22T08:35:20+0000,2021-05-22T08:35:20+0000,panoptic
434427877957211,2.1626992,41.390438,2021-05-22T08:35:40+0000,2021-05-22T08:35:40+0000,panoptic
434427881290544,2.1632216,41.390835,2021-05-22T08:35:27+0000,2021-05-22T08:35:27+0000,panoptic
434427884623877,2.1604476,41.38873,2021-05-22T08:36:24+0000,2021-05-22T08:36:24+0000,panoptic
434427887957210,2.1635318,41.391125,2021-05-22T08:35:18+0000,2021-05-22T08:35:18+0000,panoptic
434427891290543,2.1622362,41.390137,2021-05-22T08:35:48+0000,2024-09-22T04:40:45+0000,panoptic
434427894623876,2.1627526,41.3905,2021-05-22T08:35:40+0000,2025-05-27T20:38:30+0000,panoptic
434427897957209,2.1603928,41.388687,2021-05-22T08:36:25+0000,2021-05-22T08:36:25+0000,panoptic
434427901290542,2.1619964,41.389908,2021-05-22T08:35:55+0000,2021-05-22T08:35:55+0000,panoptic
434427904623875,2.1609125,41.389084,2021-05-22T08:36:16+0000,2021-05-22T08:36:16+0000,panoptic
434427907957208,2.1627586,41.3904,2021-05-22T08:35:35+0000,2021-05-22T08:35:35+0000,panoptic
434427911290541,2.161303,41.38938,2021-05-22T08:36:08+0000,2021-05-22T08:36:08+0000,panoptic
434427914623874,2.160761,41.38897,2021-05-22T08:36:18+0000,2021-05-22T08:36:18+0000,panoptic
434427917957207,2.1604972,41.388718,2021-05-22T08:36:18+0000,2021-05-22T08:36:18+0000,panoptic
434427921290540,2.1633663,41.390877,2021-05-22T08:35:28+0000,2025-05-27T20:38:20+0000,panoptic
434427924623873,2.163272,41.391186,2021-05-22T08:35:17+0000,2021-05-22T08:35:17+0000,panoptic
434427927957206,2.1636117,41.39095,2021-05-22T08:35:20+0000,2021-05-22T08:35:20+0000,panoptic
434427931290539,2.1634262,41.390877,2021-05-22T08:35:24+0000,2025-05-27T20:38:19+0000,panoptic
434427934623872,2.1608992,41.38905,2021-05-22T08:36:09+0000,2021-05-22T08:36:09+0000,panoptic
434427937957205,2.1632288,41.391212,2021-05-22T08:35:18+0000,2021-05-22T08:35:18+0000,panoptic
434427941290538,2.1617672,41.38948,2021-05-22T08:35:52+0000,2021-05-22T08:35:52+0000,panoptic
434427944623871,2.1619153,41.389694,2021-05-22T08:35:56+0000,2025-05-27T20:38:45+0000,panoptic
434427947957204,2.1629963,41.390938,2021-05-22T08:35:24+0000,2021-05-22T08:35:24+0000,panoptic
434427951290537,2.1626441,41.390686,2021-05-22T08:35:32+0000,2021-05-22T08:35:32+0000,panoptic
434427954623870,2.161857,41.389664,2021-05-22T08:35:55+0000,2025-05-27T20:38:36+0000,panoptic
434427957957203,2.1621294,41.39001,2021-05-22T08:35:52+0000,2021-05-22T08:35:52+0000,panoptic
434427961290536,2.1633387,41.390812,2021-05-22T08:35:16+0000,2025-05-27T20:38:16+0000,panoptic
434427964623869,2.162038,41.389698,2021-05-22T08:35:56+0000,2025-05-27T20:38:47+0000,panoptic
434427967957202,2.1628015,41.39081,2021-05-22T08:35:28+0000,2024-08-12T09:21:33+0000,panoptic
434427971290535,2.1601014,41.38862,2021-05-22T08:36:26+0000,2021-05-22T08:36:26+0000,panoptic
434427974623868,2.1623447,41.39008,2021-05-22T08:35:48+0000,2021-05-22T08:35:48+0000,panoptic
434427977957201,2.1619837,41.38965,2021-05-22T08:35:54+0000,2025-05-27T20:38:45+0000,panoptic
434427981290534,2.1632311,41.390812,2021-05-22T08:35:26+0000,2024-08-12T09:21:28+0000,panoptic
434427984623867,2.1635036,41.390873,2021-05-22T08:35:17+0000,2024-08-12T09:21:24+0000,panoptic
434427987957200,2.162456,41.39053,2021-05-22T08:35:40+0000,2025-05-27T20:38:31+0000,panoptic
434427991290533,2.1634707,41.390896,2021-05-22T08:35:22+0000,2025-05-27T20:38:18+0000,panoptic
434427994623866,2.163351,41.390846,2021-05-22T08:35:18+0000,2021-05-22T08:35:18+0000,panoptic
434427997957199,2.1624172,41.390446,2021-05-22T08:35:39+0000,2024-08-12T09:21:40+0000,panoptic
434428001290532,2.162467,41.390266,2021-05-22T08:35:45+0000,2021-05-22T08:35:45+0000,panoptic
434428004623865,2.1629305,41.390594,2021-05-22T08:35:26+0000,2021-05-22T08:35:26+0000,panoptic
434428007957198,2.161874,41.38976,2021-05-22T08:35:55+0000,2025-05-27T20:38:44+0000,panoptic
434428011290531,2.16316,41.39111,2021-05-22T08:35:20+0000,2024-08-12T09:21:29+0000,panoptic
434428014623864,2.1614916,41.389732,2021-05-22T08:35:59+0000,2024-09-22T04:40:50+0000,panoptic
434428017957197,2.1607428,41.38893,2021-05-22T08:36:16+0000,2024-08-12T09:22:01+0000,panoptic
434428021290530,2.1600788,41.38867,2021-05-22T08:36:26+0000,2024-08-12T09:22:05+0000,panoptic
434428024623863,2.1630788,41.390953,2021-05-22T08:35:22+0000,2021-05-22T08:35:22+0000,panoptic
434428027957196,2.1620216,41.389744,2021-05-22T08:35:56+0000,2021-05-22T08:35:56+0000,panoptic
434428031290529,2.1610603,41.389175,2021-05-22T08:36:11+0000,2021-05-22T08:36:11+0000,panoptic
434428034623862,2.1634672,41.390835,2021-05-22T08:35:19+0000,2021-05-22T08:35:19+0000,panoptic
434428037957195,2.1616092,41.390053,2021-05-22T08:35:53+0000,2024-08-12T09:21:49+0000,panoptic
434428041290528,2.1604352,41.388706,2021-05-22T08:36:22+0000,2024-08-12T09:22:04+0000,panoptic
434428044623861,2.1618688,41.390102,2021-05-22T08:35:51+0000,2024-09-22T04:40:46+0000,panoptic
434428047957194,2.1620655,41.39018,2021-05-22T08:35:48+0000,2024-09-22T04:40:43+0000,panoptic
434428051290527,2.1618757,41.389786,2021-05-22T08:35:54+0000,2024-09-22T04:40:42+0000,panoptic
434428054623860,2.161302,41.38942,2021-05-22T08:36:04+0000,2025-08-23T15:42:03+0000,panoptic
434428057957193,2.1620653,41.39018,2021-05-22T08:35:46+0000,2021-05-22T08:35:46+0000,panoptic
434428061290526,2.1607406,41.389,2021-05-22T08:36:13+0000,2025-08-23T15:42:08+0000,panoptic
434428067957192,2.161345,41.389412,2021-05-22T08:36:05+0000,2024-09-22T04:41:11+0000,panoptic
434428071290525,2.1610389,41.389404,2021-05-22T08:36:08+0000,2024-08-12T09:21:57+0000,panoptic
434428074623858,2.160422,41.38893,2021-05-22T08:36:19+0000,2024-08-12T09:22:03+0000,panoptic
434428077957191,2.162158,41.389988,2021-05-22T08:35:50+0000,2025-05-27T20:38:38+0000,panoptic
434428081290524,2.1635153,41.39103,2021-05-22T08:35:22+0000,2021-05-22T08:35:22+0000,panoptic
434428084623857,2.1635308,41.391014,2021-05-22T08:35:22+0000,2021-05-22T08:35:22+0000,panoptic
434428087957190,2.163613,41.391087,2021-05-22T08:35:17+0000,2021-05-22T08:35:17+0000,panoptic
434428091290523,2.1615863,41.389935,2021-05-22T08:35:57+0000,2024-08-12T09:21:50+0000,panoptic
434428094623856,2.1603813,41.388725,2021-05-22T08:36:20+0000,2024-08-12T09:22:03+0000,panoptic
434428097957189,2.1622787,41.390095,2021-05-22T08:35:50+0000,2021-05-22T08:35:50+0000,panoptic
434428101290522,2.160429,41.38869,2021-05-22T08:36:22+0000,2024-08-12T09:22:04+0000,panoptic
434428104623855,2.160714,41.389153,2021-05-22T08:36:12+0000,2024-08-12T09:22:01+0000,panoptic
434428107957188,2.1635776,41.39086,2021-05-22T08:35:16+0000,2024-08-12T09:21:26+0000,panoptic
434428111290521,2.1619902,41.390118,2021-05-22T08:35:46+0000,2025-05-27T20:38:36+0000,panoptic
434428114623854,2.162108,41.39002,2021-05-22T08:35:47+0000,2025-05-27T20:38:36+0000,panoptic
434428117957187,2.1607625,41.38929,2021-05-22T08:36:11+0000,2021-05-22T08:36:11+0000,panoptic
434428121290520,2.1602628,41.388817,2021-05-22T08:36:21+0000,2024-08-12T09:22:05+0000,panoptic
434428124623853,2.1603315,41.38862,2021-05-22T08:36:24+0000,2021-05-22T08:36:24+0000,panoptic
434428127957186,2.1622953,41.39036,2021-05-22T08:35:39+0000,2025-05-27T20:38:32+0000,panoptic
434428131290519,2.1621602,41.389984,2021-05-22T08:35:48+0000,2025-05-27T20:38:37+0000,panoptic
434428134623852,2.1615875,41.39003,2021-05-22T08:35:53+0000,2024-08-12T09:21:48+0000,panoptic
434428137957185,2.1628647,41.39079,2021-05-22T08:35:32+0000,2025-08-23T15:41:45+0000,panoptic
434428141290518,2.1618848,41.389767,2021-05-22T08:35:58+0000,2021-05-22T08:35:58+0000,panoptic
434428144623851,2.1604266,41.388695,2021-05-22T08:36:20+0000,2024-08-12T09:22:04+0000,panoptic
434428147957184,2.1630507,41.390934,2021-05-22T08:35:18+0000,2021-05-22T08:35:18+0000,panoptic
434428151290517,2.1618395,41.389767,2021-05-22T08:35:55+0000,2024-08-12T09:21:50+0000,panoptic
434428154623850,2.1622787,41.390095,2021-05-22T08:35:50+0000,2021-05-22T08:35:50+0000,panoptic
434428157957183,2.163126,41.39111,2021-05-22T08:35:17+0000,2024-08-12T09:21:25+0000,panoptic
434428161290516,2.1628804,41.390545,2021-05-22T08:35:24+0000,2021-05-22T08:35:24+0000,panoptic
434428164623849,2.163247,41.390823,2021-05-22T08:35:24+0000,2025-05-27T20:38:21+0000,panoptic
434428167957182,2.1635432,41.391033,2021-05-22T08:35:16+0000,2025-05-27T20:38:18+0000,panoptic
434428171290515,2.1626523,41.39035,2021-05-22T08:35:42+0000,2025-05-27T20:38:33+0000,panoptic
434428174623848,2.16287,41.39086,2021-05-22T08:35:21+0000,2024-08-12T09:21:30+0000,panoptic
434428177957181,2.163516,41.391006,2021-05-22T08:35:17+0000,2024-08-12T09:21:26+0000,panoptic
434428184623847,2.1620088,41.389736,2021-05-22T08:35:55+0000,2021-05-22T08:35:55+0000,panoptic
434428187957180,2.1628573,41.390465,2021-05-22T08:35:37+0000,2021-05-22T08:35:37+0000,panoptic
434428191290513,2.1621552,41.390003,2021-05-22T08:35:52+0000,2021-05-22T08:35:52+0000,panoptic
434428194623846,2.160336,41.388615,2021-05-22T08:36:24+0000,2021-05-22T08:36:24+0000,panoptic
434428197957179,2.1635308,41.391018,2021-05-22T08:35:16+0000,2025-05-27T20:38:18+0000,panoptic
434428204623845,2.1600866,41.38868,2021-05-22T08:36:20+0000,2021-05-22T08:36:20+0000,panoptic
434428207957178,2.1610966,41.389442,2021-05-22T08:36:02+0000,2024-09-22T04:41:10+0000,panoptic
434428211290511,2.161591,41.389935,2021-05-22T08:35:55+0000,2024-08-12T09:21:48+0000,panoptic
434428214623844,2.1632829,41.390842,2021-05-22T08:35:22+0000,2021-05-22T08:35:22+0000,panoptic
434428217957177,2.1635325,41.391014,2021-05-22T08:35:21+0000,2025-05-27T20:38:19+0000,panoptic
434428221290510,2.1622725,41.39013,2021-05-22T08:35:48+0000,2025-05-27T20:38:36+0000,panoptic
434428224623843,2.1622603,41.390118,2021-05-22T08:35:50+0000,2025-05-27T20:38:39+0000,panoptic
434428227957176,2.1613295,41.389233,2021-05-22T08:36:09+0000,2021-05-22T08:36:09+0000,panoptic
434428231290509,2.1633132,41.390865,2021-05-22T08:35:22+0000,2021-05-22T08:35:22+0000,panoptic
434428237957175,2.1634274,41.390877,2021-05-22T08:35:18+0000,2021-05-22T08:35:18+0000,panoptic
434428241290508,2.1622717,41.390335,2021-05-22T08:35:41+0000,2025-05-27T20:38:34+0000,panoptic
434428244623841,2.1601965,41.388557,2021-05-22T08:36:28+0000,2021-05-22T08:36:28+0000,panoptic
434428247957174,2.1635303,41.39102,2021-05-22T08:35:16+0000,2025-05-27T20:38:18+0000,trafficsign
434428251290507,2.1617644,41.389706,2021-05-22T08:36:00+0000,2021-05-22T08:36:00+0000,panoptic
434428254623840,2.1629298,41.39052,2021-05-22T08:35:38+0000,2021-05-22T08:35:38+0000,trafficsign
434428257957173,2.1612585,41.389263,2021-05-22T08:36:05+0000,2021-05-22T08:36:05+0000,trafficsign
434428261290506,2.1612582,41.389263,2021-05-22T08:36:08+0000,2021-05-22T08:36:08+0000,trafficsign
434428264623839,2.160873,41.38903,2021-05-22T08:36:16+0000,2021-05-22T08:36:16+0000,panoptic
434428267957172,2.1603355,41.388615,2021-05-22T08:36:25+0000,2021-05-22T08:36:25+0000,trafficsign
434428271290505,2.1602626,41.388817,2021-05-22T08:36:19+0000,2024-08-12T09:22:05+0000,trafficsign
434428274623838,2.161581,41.39003,2021-05-22T08:35:54+0000,2024-08-12T09:21:49+0000,trafficsign
434428277957171,2.161569,41.38961,2021-05-22T08:36:02+0000,2024-08-12T09:21:52+0000,panoptic
434428281290504,2.1609347,41.389328,2021-05-22T08:36:09+0000,2024-08-12T09:21:54+0000,panoptic
434428284623837,2.162538,41.39033,2021-05-22T08:35:44+0000,2025-05-27T20:38:35+0000,panoptic
434428287957170,2.1611154,41.389275,2021-05-22T08:36:08+0000,2021-05-22T08:36:08+0000,panoptic
434428291290503,2.1635716,41.390877,2021-05-22T08:35:17+0000,2021-05-22T08:35:17+0000,trafficsign
434428294623836,2.163239,41.390804,2021-05-22T08:35:28+0000,2024-08-12T09:21:32+0000,trafficsign
434428297957169,2.1604266,41.388695,2021-05-22T08:36:20+0000,2024-08-12T09:22:05+0000,trafficsign
434428301290502,2.161058,41.389492,2021-05-22T08:36:08+0000,2024-08-12T09:21:54+0000,trafficsign
434428304623835,2.1620667,41.390186,2021-05-22T08:35:47+0000,2021-05-22T08:35:47+0000,trafficsign
434428307957168,2.161965,41.389774,2021-05-22T08:35:55+0000,2021-05-22T08:35:55+0000,panoptic
434428311290501,2.1633296,41.390884,2021-05-22T08:35:17+0000,2021-05-22T08:35:17+0000,panoptic
434428314623834,2.1613932,41.389423,2021-05-22T08:36:04+0000,2021-05-22T08:36:04+0000,panoptic
920308265228334,2.1620963,41.395126,2021-05-22T09:29:48+0000,2021-05-22T09:29:48+0000,panoptic
920308268561667,2.1608224,41.395996,2021-05-22T09:30:40+0000,2021-05-22T09:30:40+0000,panoptic
920308275228333,2.1610804,41.395515,2021-05-22T09:30:21+0000,2021-05-22T09:30:21+0000,panoptic
920308285228332,2.1608717,41.39569,2021-05-22T09:30:34+0000,2021-05-22T09:30:34+0000,panoptic
920308288561665,2.1602454,41.396065,2021-05-22T09:30:28+0000,2025-02-25T10:17:12+0000,panoptic
920308295228331,2.1606798,41.39588,2021-05-22T09:30:46+0000,2021-05-22T09:30:46+0000,panoptic
920308305228330,2.1612394,41.395386,2021-05-22T09:30:20+0000,2021-05-22T09:30:20+0000,panoptic
920308308561663,2.1617563,41.394707,2021-05-22T09:29:56+0000,2021-05-22T09:29:56+0000,panoptic
920308315228329,2.1620252,41.39506,2021-05-22T09:29:52+0000,2021-05-22T09:29:52+0000,panoptic
920308318561662,2.1615293,41.39516,2021-05-22T09:30:04+0000,2021-05-22T09:30:04+0000,panoptic
920308325228328,2.1608126,41.395996,2021-05-22T09:30:40+0000,2021-05-22T09:30:40+0000,panoptic
920308328561661,2.161199,41.395283,2021-05-22T09:30:09+0000,2021-05-22T09:30:09+0000,panoptic
920308335228327,2.1609995,41.395184,2021-05-22T09:30:08+0000,2021-05-22T09:30:08+0000,panoptic
920308338561660,2.1612384,41.395393,2021-05-22T09:30:20+0000,2021-05-22T09:30:20+0000,panoptic
920308341894993,2.1613052,41.39538,2021-05-22T09:30:19+0000,2021-05-22T09:30:19+0000,panoptic
920308348561659,2.1617868,41.394913,2021-05-22T09:29:58+0000,2021-05-22T09:29:58+0000,panoptic
920308351894992,2.1608136,41.396,2021-05-22T09:30:39+0000,2021-05-22T09:30:39+0000,panoptic
920308358561658,2.1609538,41.395622,2021-05-22T09:30:21+0000,2021-05-22T09:30:21+0000,panoptic
920308361894991,2.1616583,41.395054,2021-05-22T09:30:05+0000,2021-05-22T09:30:05+0000,panoptic
920308365228324,2.1613538,41.395172,2021-05-22T09:30:04+0000,2021-10-27T07:41:29+0000,panoptic
920308368561657,2.1616673,41.395046,2021-05-22T09:30:05+0000,2021-05-22T09:30:05+0000,panoptic
920308371894990,2.1608083,41.395782,2021-05-22T09:30:38+0000,2021-05-22T09:30:38+0000,panoptic
920308378561656,2.1601148,41.395897,2021-05-22T09:30:40+0000,2021-05-22T09:30:40+0000,panoptic
920308381894989,2.1605518,41.395878,2021-05-22T09:30:54+0000,2021-05-22T09:30:54+0000,panoptic
920308385228322,2.161956,41.39471,2021-05-22T09:29:52+0000,2021-05-22T09:29:52+0000,panoptic
920308388561655,2.1606252,41.395927,2021-05-22T09:30:53+0000,2021-05-22T09:30:53+0000,panoptic
920308391894988,2.1615586,41.39513,2021-05-22T09:30:08+0000,2021-05-22T09:30:08+0000,panoptic
920308401894987,2.1608665,41.396076,2021-05-22T09:30:38+0000,2021-05-22T09:30:38+0000,panoptic
920308405228320,2.1616838,41.394966,2021-05-22T09:30:00+0000,2021-05-22T09:30:00+0000,panoptic
920308408561653,2.1619282,41.394867,2021-05-22T09:29:56+0000,2021-05-22T09:29:56+0000,panoptic
920308415228319,2.1618645,41.39493,2021-05-22T09:29:57+0000,2021-05-22T09:29:57+0000,panoptic
920308425228318,2.1609764,41.395596,2021-05-22T09:30:31+0000,2021-05-22T09:30:31+0000,panoptic
920308428561651,2.1613247,41.39532,2021-05-22T09:30:17+0000,2021-05-22T09:30:17+0000,panoptic
920308435228317,2.1600244,41.395714,2021-05-22T09:30:42+0000,2021-05-22T09:30:42+0000,panoptic
920308438561650,2.1615882,41.395115,2021-05-22T09:30:08+0000,2021-05-22T09:30:08+0000,panoptic
920308441894983,2.1606448,41.39579,2021-05-22T09:30:39+0000,2021-05-22T09:30:39+0000,panoptic
920308445228316,2.161197,41.395287,2021-05-22T09:30:01+0000,2021-05-22T09:30:01+0000,panoptic
920308451894982,2.161275,41.395363,2021-05-22T09:30:17+0000,2021-05-22T09:30:17+0000,panoptic
920308455228315,2.161759,41.395004,2021-05-22T09:30:02+0000,2021-05-22T09:30:02+0000,panoptic
920308458561648,2.1605754,41.39526,2021-05-22T09:30:06+0000,2021-05-22T09:30:06+0000,panoptic
920308461894981,2.161777,41.39484,2021-05-22T09:29:56+0000,2021-05-22T09:29:56+0000,panoptic
920308465228314,2.160014,41.39566,2021-05-22T09:30:42+0000,2022-12-02T14:17:42+0000,panoptic
920308468561647,2.1611614,41.394836,2021-05-22T09:29:50+0000,2021-05-22T09:29:50+0000,panoptic
920308471894980,2.1604729,41.39616,2021-05-22T09:30:37+0000,2021-05-22T09:30:57+0000,panoptic
920308475228313,2.1618693,41.394905,2021-05-22T09:29:48+0000,2021-05-22T09:29:48+0000,panoptic
920308481894979,2.1615076,41.394978,2021-05-22T09:29:56+0000,2021-10-27T07:41:27+0000,panoptic
920308498561644,2.1602128,41.395718,2021-05-22T09:30:36+0000,2022-12-02T14:18:17+0000,panoptic
920308505228310,2.1611288,41.394936,2021-05-22T09:29:57+0000,2021-05-22T09:29:57+0000,panoptic
920308508561643,2.160675,41.39572,2021-05-22T09:30:30+0000,2021-05-22T09:30:30+0000,panoptic
920308521894975,2.160847,41.395157,2021-05-22T09:30:09+0000,2021-05-22T09:30:09+0000,panoptic
920308528561641,2.161252,41.39521,2021-05-22T09:30:12+0000,2021-05-22T09:30:12+0000,panoptic
920308531894974,2.160681,41.395718,2021-05-22T09:30:27+0000,2021-05-22T09:30:27+0000,panoptic
920308538561640,2.1601095,41.39576,2021-05-22T09:30:38+0000,2021-05-22T09:30:38+0000,panoptic
920308558561638,2.1609354,41.39509,2021-05-22T09:30:08+0000,2021-05-22T09:30:08+0000,panoptic
920308565228304,2.1602578,41.39585,2021-05-22T09:30:44+0000,2022-12-02T14:18:20+0000,panoptic
920308571894970,2.160051,41.395817,2021-05-22T09:30:39+0000,2021-05-22T09:30:39+0000,panoptic
920308575228303,2.1604037,41.39608,2021-05-22T09:30:52+0000,2021-10-27T07:41:42+0000,panoptic
920308588561635,2.1614575,41.39509,2021-05-22T09:30:04+0000,2021-05-22T09:30:04+0000,panoptic
920308598561634,2.1613288,41.395332,2021-05-22T09:30:11+0000,2021-05-22T09:30:11+0000,panoptic
920308605228300,2.160689,41.395752,2021-05-22T09:30:36+0000,2021-05-22T09:30:36+0000,panoptic
920308608561633,2.1608045,41.39519,2021-05-22T09:30:12+0000,2021-05-22T09:30:12+0000,panoptic
920308618561632,2.160482,41.395863,2021-05-22T09:30:41+0000,2021-05-22T09:30:41+0000,panoptic
920308625228298,2.1616573,41.39492,2021-05-22T09:29:56+0000,2021-05-22T09:29:56+0000,panoptic
920308628561631,2.1607525,41.395798,2021-05-22T09:30:28+0000,2021-05-22T09:30:28+0000,panoptic
920308631894964,2.160742,41.395245,2021-05-22T09:30:14+0000,2021-05-22T09:30:14+0000,panoptic
920308635228297,2.1602206,41.395634,2021-05-22T09:30:28+0000,2021-05-22T09:30:28+0000,panoptic
920308645228296,2.1607049,41.395763,2021-05-22T09:30:20+0000,2021-05-22T09:30:20+0000,panoptic
920308648561629,2.1617942,41.395016,2021-05-22T09:29:45+0000,2021-05-22T09:29:45+0000,panoptic
920308651894962,2.1603518,41.395653,2021-05-22T09:30:39+0000,2021-05-22T09:30:39+0000,panoptic
920308655228295,2.160735,41.395927,2021-05-22T09:30:46+0000,2021-05-22T09:30:46+0000,panoptic
920308661894961,2.1608267,41.39586,2021-05-22T09:30:38+0000,2021-05-22T09:30:38+0000,panoptic
920308665228294,2.1617932,41.394848,2021-05-22T09:29:59+0000,2021-05-22T09:29:59+0000,panoptic
920308668561627,2.16068,41.3957,2021-05-22T09:30:24+0000,2021-05-22T09:30:24+0000,panoptic
920308678561626,2.160598,41.395832,2021-05-22T09:30:41+0000,2021-05-22T09:30:41+0000,panoptic
920308681894959,2.1604886,41.39586,2021-05-22T09:30:37+0000,2021-05-22T09:30:37+0000,panoptic
920308685228292,2.161588,41.394966,2021-05-22T09:29:53+0000,2021-05-22T09:29:53+0000,panoptic
920308688561625,2.1607366,41.395355,2021-05-22T09:30:14+0000,2021-05-22T09:30:14+0000,panoptic
920308691894958,2.1607525,41.395798,2021-05-22T09:30:39+0000,2021-05-22T09:30:39+0000,panoptic
920308698561624,2.1601887,41.39536,2021-05-22T09:30:26+0000,2021-05-22T09:30:26+0000,panoptic
920308705228290,2.1606245,41.395905,2021-05-22T09:30:49+0000,2021-05-22T09:30:49+0000,panoptic
920308711894956,2.1605444,41.395817,2021-05-22T09:30:40+0000,2021-05-22T09:30:40+0000,panoptic
920308715228289,2.1619112,41.39488,2021-05-22T09:29:55+0000,2021-05-22T09:29:55+0000,panoptic
920308718561622,2.1606445,41.39575,2021-05-22T09:30:35+0000,2022-12-02T14:18:21+0000,panoptic
920308721894955,2.1614542,41.395233,2021-05-22T09:30:05+0000,2021-05-22T09:30:05+0000,panoptic
920308725228288,2.1600087,41.39586,2021-05-22T09:30:54+0000,2021-05-22T09:30:54+0000,panoptic
920308728561621,2.160238,41.395405,2021-05-22T09:30:26+0000,2021-05-22T09:30:26+0000,panoptic
920308731894954,2.160376,41.395683,2021-05-22T09:30:36+0000,2021-05-22T09:30:36+0000,panoptic
920308735228287,2.160455,41.39588,2021-05-22T09:30:29+0000,2022-12-02T14:18:20+0000,panoptic
920308741894953,2.162014,41.395042,2021-05-22T09:29:45+0000,2021-05-22T09:29:45+0000,panoptic
920308745228286,2.1608157,41.395596,2021-05-22T09:30:29+0000,2021-05-22T09:30:29+0000,panoptic
920308748561619,2.1600752,41.395874,2021-05-22T09:30:41+0000,2021-05-22T09:30:41+0000,panoptic
920308758561618,2.1610653,41.394985,2021-05-22T09:29:59+0000,2021-05-22T09:29:59+0000,panoptic
920308761894951,2.161519,41.395184,2021-05-22T09:29:53+0000,2021-05-22T09:29:53+0000,panoptic
920308765228284,2.1608155,41.395596,2021-05-22T09:30:26+0000,2021-05-22T09:30:26+0000,panoptic
920308768561617,2.160691,41.395756,2021-05-22T09:30:40+0000,2021-05-22T09:30:40+0000,trafficsign
