id,lon,lat,first_seen_at,last_seen_at,object_type
1399170827463259,12.465821,41.8822,2019-03-07T14:27:07+0000,2019-03-07T14:27:07+0000,panoptic
1399170830796592,12.465888,41.882103,2019-03-07T14:27:14+0000,2019-03-07T14:27:14+0000,panoptic
1399170834129925,12.465914,41.882072,2019-03-07T14:27:22+0000,2019-03-07T14:27:22+0000,panoptic
1399170837463258,12.465906,41.882065,2019-03-07T14:27:22+0000,2019-03-07T14:27:22+0000,panoptic
1399170840796591,12.465734,41.88227,2019-03-07T14:27:03+0000,2019-03-07T14:27:03+0000,panoptic
1399170844129924,12.465832,41.88219,2019-03-07T14:27:09+0000,2019-03-07T14:27:09+0000,panoptic
1399170847463257,12.465746,41.882256,2019-03-07T14:27:03+0000,2019-03-07T14:27:03+0000,panoptic
1399170850796590,12.46583,41.8822,2019-03-07T14:27:14+0000,2019-03-07T14:27:14+0000,panoptic
1399170854129923,12.465723,41.882286,2019-03-07T14:26:53+0000,2019-03-07T14:26:53+0000,panoptic
1399170857463256,12.465914,41.88201,2019-03-07T14:27:17+0000,2019-03-07T14:27:17+0000,panoptic
1399170860796589,12.465989,41.882107,2019-03-07T14:26:55+0000,2019-03-07T14:26:55+0000,panoptic
1399170864129922,12.46573,41.882214,2019-03-07T14:26:43+0000,2019-03-07T14:26:43+0000,panoptic
1399170867463255,12.465809,41.882275,2019-03-07T14:26:45+0000,2019-03-07T14:26:45+0000,panoptic
1399170870796588,12.465976,41.882088,2019-03-07T14:27:30+0000,2019-03-07T14:27:30+0000,panoptic
7239652616140701,12.46505,41.882645,2019-03-07T14:26:10+0000,2019-03-07T14:26:10+0000,panoptic
7239652619474034,12.465249,41.882553,2019-03-07T14:26:10+0000,2019-03-07T14:26:10+0000,panoptic
7239652626140700,12.465118,41.882515,2019-03-07T14:26:12+0000,2019-03-07T14:26:12+0000,panoptic
7239652642807365,12.465118,41.882515,2019-03-07T14:26:14+0000,2019-03-07T14:26:14+0000,trafficsign
7239652646140698,12.465002,41.882713,2019-03-07T14:25:54+0000,2019-03-07T14:25:54+0000,panoptic
7239652652807364,12.465292,41.88246,2019-03-07T14:26:22+0000,2019-03-07T14:26:22+0000,panoptic
7239652656140697,12.465332,41.88244,2019-03-07T14:26:27+0000,2019-03-07T14:26:27+0000,panoptic
7239652659474030,12.46548,41.882423,2019-03-07T14:26:32+0000,2019-03-07T14:26:32+0000,panoptic
7239652666140696,12.465366,41.882454,2019-03-07T14:26:32+0000,2019-03-07T14:26:32+0000,panoptic
7239652672807362,12.4651575,41.882572,2019-03-07T14:26:18+0000,2019-03-07T14:26:18+0000,panoptic
444667504841823,12.466406,41.882492,2019-03-07T14:33:24+0000,2019-03-07T14:33:24+0000,panoptic
444667508175156,12.466624,41.882576,2019-03-07T14:33:13+0000,2019-03-07T14:33:13+0000,panoptic
444667511508489,12.466533,41.882484,2019-03-07T14:33:36+0000,2019-03-07T14:33:36+0000,panoptic
444667514841822,12.4665365,41.88248,2019-03-07T14:33:02+0000,2019-03-07T14:33:02+0000,panoptic
444667518175155,12.466747,41.882656,2019-03-07T14:33:39+0000,2019-03-07T14:33:39+0000,panoptic
444667528175154,12.466469,41.882492,2019-03-07T14:33:02+0000,2019-03-07T14:33:02+0000,panoptic
444667531508487,12.4665365,41.88248,2019-03-07T14:33:18+0000,2019-03-07T14:33:18+0000,trafficsign
444667534841820,12.466299,41.882378,2019-03-07T14:33:05+0000,2019-03-07T14:33:05+0000,panoptic
986579929693075,12.477922,41.89078,2019-03-08T14:09:08+0000,2019-03-08T14:09:08+0000,panoptic
1019682276215574,12.466602,41.88258,2019-03-07T14:34:10+0000,2019-03-07T14:34:10+0000,panoptic
1019682279548907,12.466799,41.88267,2019-03-07T14:34:00+0000,2019-03-07T14:34:17+0000,panoptic
1130507984825295,12.466182,41.8823,2019-03-07T14:28:15+0000,2019-03-07T14:28:15+0000,panoptic
1130507988158628,12.466285,41.88237,2019-03-07T14:28:21+0000,2019-03-07T14:33:02+0000,panoptic
1130507991491961,12.466361,41.882427,2019-03-07T14:28:19+0000,2019-03-07T14:28:19+0000,panoptic
1130507994825294,12.466038,41.882317,2019-03-07T14:28:10+0000,2019-03-07T14:28:10+0000,panoptic
1130507998158627,12.46643,41.882507,2019-03-07T14:28:19+0000,2019-03-07T14:33:02+0000,panoptic
1130508001491960,12.466429,41.882507,2019-03-07T14:28:19+0000,2019-03-07T14:33:02+0000,trafficsign
1130508004825293,12.466038,41.882317,2019-03-07T14:28:10+0000,2019-03-07T14:28:10+0000,trafficsign
1541916469690263,12.46965,41.8836,2019-03-07T14:37:58+0000,2019-03-07T14:37:58+0000,panoptic
1541916473023596,12.469449,41.88343,2019-03-07T14:38:08+0000,2019-03-07T14:38:08+0000,panoptic
1541916476356929,12.469115,41.883377,2019-03-07T14:37:48+0000,2019-03-07T14:37:48+0000,panoptic
1541916479690262,12.468995,41.88345,2019-03-07T14:37:34+0000,2019-03-07T14:37:34+0000,panoptic
1541916483023595,12.468441,41.883423,2019-03-07T14:36:43+0000,2019-03-07T14:36:43+0000,panoptic
1541916486356928,12.468398,41.883423,2019-03-07T14:36:57+0000,2019-03-07T14:36:57+0000,panoptic
1541916489690261,12.469368,41.883408,2019-03-07T14:37:32+0000,2025-05-27T16:50:29+0000,panoptic
1541916493023594,12.469587,41.883404,2019-03-07T14:37:48+0000,2019-03-07T14:38:14+0000,panoptic
1541916496356927,12.469634,41.883495,2019-03-07T14:38:04+0000,2019-03-07T14:38:23+0000,panoptic
1541916499690260,12.469916,41.883568,2019-03-07T14:37:49+0000,2019-03-07T14:38:16+0000,panoptic
1541916503023593,12.469778,41.88369,2019-03-07T14:37:50+0000,2019-03-07T14:38:23+0000,panoptic
1541916506356926,12.469603,41.88368,2019-03-07T14:37:50+0000,2019-03-07T14:37:50+0000,panoptic
1541916509690259,12.469511,41.883583,2019-03-07T14:37:50+0000,2019-03-07T14:37:50+0000,panoptic
1541916513023592,12.469615,41.883507,2019-03-07T14:37:53+0000,2019-03-07T14:37:53+0000,panoptic
1541916516356925,12.469276,41.883415,2019-03-07T14:37:42+0000,2019-03-07T14:37:42+0000,panoptic
1541916519690258,12.469481,41.883545,2019-03-07T14:37:34+0000,2019-03-07T14:37:34+0000,panoptic
1541916523023591,12.469546,41.883423,2019-03-07T14:37:32+0000,2019-03-07T14:37:32+0000,panoptic
1541916526356924,12.46944,41.883476,2019-03-07T14:37:29+0000,2019-03-07T14:37:29+0000,panoptic
1541916529690257,12.469822,41.88358,2019-03-07T14:38:00+0000,2019-03-07T14:38:14+0000,panoptic
1541916533023590,12.469014,41.88345,2019-03-07T14:37:03+0000,2019-03-07T14:37:03+0000,panoptic
1541916536356923,12.469015,41.88345,2019-03-07T14:36:58+0000,2019-03-07T14:36:58+0000,panoptic
1541916539690256,12.46868,41.883457,2019-03-07T14:37:05+0000,2019-03-07T14:37:05+0000,panoptic
1541916543023589,12.469217,41.88357,2019-03-07T14:37:29+0000,2025-05-27T16:50:29+0000,panoptic
1541916546356922,12.46868,41.883457,2019-03-07T14:36:43+0000,2019-03-07T14:36:43+0000,panoptic
1541916549690255,12.469643,41.883476,2019-03-07T14:38:08+0000,2019-03-07T14:38:08+0000,panoptic
1541916553023588,12.4696455,41.88348,2019-03-07T14:38:06+0000,2019-03-07T14:38:06+0000,panoptic
1541916556356921,12.469171,41.883415,2019-03-07T14:37:37+0000,2019-03-07T14:37:37+0000,panoptic
1541916559690254,12.469279,41.88342,2019-03-07T14:37:49+0000,2019-03-07T14:37:49+0000,panoptic
1541916563023587,12.469729,41.883694,2019-03-07T14:37:50+0000,2019-03-07T14:38:25+0000,panoptic
1541916566356920,12.468376,41.88348,2019-03-07T14:36:53+0000,2019-03-07T14:36:53+0000,panoptic
1541916569690253,12.469778,41.88369,2019-03-07T14:37:50+0000,2019-03-07T14:38:23+0000,trafficsign
1541916573023586,12.469013,41.88345,2019-03-07T14:36:58+0000,2019-03-07T14:36:58+0000,trafficsign
1541916576356919,12.468679,41.883457,2019-03-07T14:37:19+0000,2019-03-07T14:37:19+0000,trafficsign
1541916579690252,12.469617,41.883507,2019-03-07T14:37:53+0000,2019-03-07T14:37:53+0000,trafficsign
1541916583023585,12.4694805,41.883545,2019-03-07T14:37:34+0000,2019-03-07T14:37:34+0000,trafficsign
1541916586356918,12.469591,41.883675,2019-03-07T14:37:50+0000,2019-03-07T14:37:50+0000,trafficsign
1541916589690251,12.469412,41.883446,2019-03-07T14:37:29+0000,2025-05-27T16:50:29+0000,trafficsign
1541916593023584,12.469276,41.883415,2019-03-07T14:37:37+0000,2019-03-07T14:37:37+0000,trafficsign
1541916596356917,12.469014,41.88345,2019-03-07T14:37:09+0000,2019-03-07T14:37:09+0000,trafficsign
1541916599690250,12.469353,41.8834,2019-03-07T14:37:32+0000,2019-03-07T14:37:32+0000,trafficsign
1541916603023583,12.469829,41.88358,2019-03-07T14:38:02+0000,2019-03-07T14:38:14+0000,trafficsign
1541916606356916,12.469171,41.88341,2019-03-07T14:37:45+0000,2019-03-07T14:37:45+0000,panoptic
1541916609690249,12.468359,41.883465,2019-03-07T14:36:53+0000,2019-03-07T14:36:53+0000,panoptic
1541916613023582,12.468776,41.883415,2019-03-07T14:37:07+0000,2019-03-07T14:37:07+0000,panoptic
1541916616356915,12.468659,41.883446,2019-03-07T14:37:05+0000,2019-03-07T14:37:05+0000,panoptic
1541916619690248,12.469391,41.8834,2019-03-07T14:37:32+0000,2025-05-27T16:50:29+0000,panoptic
1541916623023581,12.468673,41.883446,2019-03-07T14:36:57+0000,2019-03-07T14:36:57+0000,panoptic
1541916626356914,12.470011,41.88368,2019-03-07T14:37:42+0000,2019-03-07T14:37:42+0000,panoptic
1541916629690247,12.468677,41.883457,2019-03-07T14:37:13+0000,2019-03-07T14:37:13+0000,panoptic
1541916633023580,12.467633,41.88343,2019-03-07T14:35:59+0000,2019-03-07T14:35:59+0000,panoptic
1541916636356913,12.470186,41.883728,2019-03-07T14:38:04+0000,2019-03-07T14:38:16+0000,panoptic
1541916639690246,12.469754,41.883442,2019-03-07T14:38:00+0000,2025-05-27T16:50:27+0000,panoptic
1541916643023579,12.4684925,41.88342,2019-03-07T14:37:07+0000,2019-03-07T14:37:07+0000,panoptic
1541916646356912,12.46849,41.883526,2019-03-07T14:36:51+0000,2019-03-07T14:36:51+0000,panoptic
1541916649690245,12.469451,41.883385,2019-03-07T14:37:32+0000,2019-03-07T14:37:32+0000,panoptic
1541916653023578,12.469161,41.883606,2019-03-07T14:36:53+0000,2019-03-07T14:36:53+0000,panoptic
1541916656356911,12.469567,41.88343,2019-03-07T14:37:50+0000,2025-05-27T16:50:28+0000,panoptic
1541916659690244,12.469414,41.88343,2019-03-07T14:37:11+0000,2019-03-07T14:37:11+0000,panoptic
1541916663023577,12.469414,41.88345,2019-03-07T14:37:17+0000,2019-03-07T14:37:17+0000,panoptic
1541916666356910,12.469745,41.88366,2019-03-07T14:37:36+0000,2019-03-07T14:37:36+0000,panoptic
1541916669690243,12.469579,41.883636,2019-03-07T14:37:09+0000,2019-03-07T14:37:09+0000,panoptic
1541916673023576,12.469065,41.883392,2019-03-07T14:37:37+0000,2019-03-07T14:37:37+0000,panoptic
1541916676356909,12.469051,41.883408,2019-03-07T14:37:32+0000,2019-03-07T14:37:32+0000,panoptic
1541916679690242,12.469048,41.88343,2019-03-07T14:36:58+0000,2019-03-07T14:36:58+0000,panoptic
1541916683023575,12.468898,41.883526,2019-03-07T14:37:17+0000,2019-03-07T14:37:17+0000,panoptic
1541916686356908,12.467898,41.883404,2019-03-07T14:36:29+0000,2019-03-07T14:36:29+0000,panoptic
1541916689690241,12.469448,41.883423,2019-03-07T14:38:06+0000,2019-03-07T14:38:06+0000,panoptic
1541916693023574,12.469003,41.883442,2019-03-07T14:37:36+0000,2019-03-07T14:37:36+0000,panoptic
1541916696356907,12.469019,41.883427,2019-03-07T14:37:15+0000,2019-03-07T14:37:15+0000,panoptic
1541916699690240,12.468954,41.88344,2019-03-07T14:37:32+0000,2019-03-07T14:37:32+0000,panoptic
1541916703023573,12.468695,41.88341,2019-03-07T14:37:17+0000,2019-03-07T14:37:17+0000,panoptic
1541916706356906,12.469732,41.883617,2019-03-07T14:37:56+0000,2019-03-07T14:38:14+0000,panoptic
1541916709690239,12.469704,41.883568,2019-03-07T14:37:32+0000,2019-03-07T14:38:14+0000,panoptic
1541916713023572,12.469675,41.883514,2019-03-07T14:37:51+0000,2019-03-07T14:38:16+0000,panoptic
1541916716356905,12.469205,41.883423,2019-03-07T14:37:50+0000,2019-03-07T14:37:50+0000,panoptic
1541916719690238,12.469486,41.883453,2019-03-07T14:37:32+0000,2025-05-27T16:50:28+0000,panoptic
1541916723023571,12.469171,41.88341,2019-03-07T14:37:45+0000,2019-03-07T14:37:45+0000,panoptic
1541916726356904,12.469178,41.883415,2019-03-07T14:37:49+0000,2019-03-07T14:37:49+0000,panoptic
1541916729690237,12.469122,41.883556,2019-03-07T14:37:29+0000,2019-03-07T14:37:29+0000,panoptic
1541916733023570,12.469351,41.8834,2019-03-07T14:37:32+0000,2019-03-07T14:37:32+0000,panoptic
1541916736356903,12.469301,41.883556,2019-03-07T14:37:29+0000,2019-03-07T14:37:29+0000,panoptic
1541916739690236,12.469349,41.883556,2019-03-07T14:37:29+0000,2025-05-27T16:50:28+0000,panoptic
1541916743023569,12.469011,41.88345,2019-03-07T14:37:23+0000,2019-03-07T14:37:23+0000,panoptic
1541916746356902,12.469515,41.883537,2019-03-07T14:37:42+0000,2019-03-07T14:37:42+0000,panoptic
1541916749690235,12.469469,41.88348,2019-03-07T14:37:49+0000,2025-05-27T16:50:28+0000,panoptic
1541916753023568,12.469518,41.883533,2019-03-07T14:37:42+0000,2019-03-07T14:37:42+0000,panoptic
1541916756356901,12.467697,41.883423,2019-03-07T14:36:11+0000,2019-03-07T14:36:11+0000,panoptic
1541916759690234,12.469273,41.883415,2019-03-07T14:37:25+0000,2019-03-07T14:37:25+0000,panoptic
1541916763023567,12.469352,41.883396,2019-03-07T14:37:32+0000,2019-03-07T14:37:32+0000,panoptic
1541916766356900,12.469277,41.883415,2019-03-07T14:37:21+0000,2019-03-07T14:37:21+0000,panoptic
1541916769690233,12.469354,41.8834,2019-03-07T14:37:45+0000,2019-03-07T14:37:45+0000,panoptic
1541916773023566,12.469019,41.88345,2019-03-07T14:37:27+0000,2019-03-07T14:37:27+0000,panoptic
1541916776356899,12.469316,41.883408,2019-03-07T14:37:49+0000,2019-03-07T14:37:49+0000,panoptic
1541916779690232,12.469205,41.883587,2019-03-07T14:37:32+0000,2019-03-07T14:37:32+0000,panoptic
1541916783023565,12.469616,41.88369,2019-03-07T14:37:32+0000,2019-03-07T14:37:32+0000,panoptic
1541916786356898,12.469499,41.883442,2019-03-07T14:37:29+0000,2025-05-27T16:50:28+0000,panoptic
1541916789690231,12.469337,41.883453,2019-03-07T14:37:49+0000,2019-03-07T14:37:49+0000,panoptic
1456754861875189,12.467102,41.882828,2019-03-07T14:34:54+0000,2019-03-07T14:34:54+0000,panoptic
1456754865208522,12.467105,41.882835,2019-03-07T14:34:54+0000,2019-03-07T14:34:54+0000,panoptic
1456754868541855,12.467095,41.882847,2019-03-07T14:34:59+0000,2019-03-07T14:34:59+0000,trafficsign
1456754871875188,12.467103,41.882828,2019-03-07T14:35:03+0000,2019-03-07T14:35:03+0000,panoptic
1456754875208521,12.467226,41.88297,2019-03-07T14:34:59+0000,2019-03-07T14:35:24+0000,trafficsign
1456754878541854,12.467113,41.88281,2019-03-07T14:34:54+0000,2019-03-07T14:34:54+0000,panoptic
1456754881875187,12.467169,41.88282,2019-03-07T14:35:12+0000,2019-03-07T14:35:12+0000,panoptic
1456754885208520,12.467104,41.88283,2019-03-07T14:35:01+0000,2019-03-07T14:35:01+0000,panoptic
1456754888541853,12.467094,41.882847,2019-03-07T14:34:54+0000,2019-03-07T14:34:54+0000,panoptic
1456754891875186,12.467064,41.88277,2019-03-07T14:35:01+0000,2019-03-07T14:35:01+0000,panoptic
1456754895208519,12.467226,41.88297,2019-03-07T14:34:59+0000,2019-03-07T14:35:24+0000,panoptic
2301692333495609,12.466952,41.88273,2019-03-07T14:34:35+0000,2019-03-07T14:34:35+0000,panoptic
1176878243492980,12.476954,41.882023,2017-11-08T13:04:04+0000,2017-11-08T13:04:04+0000,panoptic
420339224166355,12.476626,41.882046,2017-11-08T13:05:48+0000,2017-11-08T13:08:29+0000,panoptic
1202257584279526,12.477014,41.882015,2017-11-08T13:08:30+0000,2017-11-08T13:08:30+0000,panoptic
1202257587612859,12.4765835,41.882095,2017-11-08T13:08:29+0000,2017-11-08T13:08:29+0000,panoptic
1106867614594023,12.469469,41.88364,2025-05-27T16:50:28+0000,2025-05-27T16:50:28+0000,panoptic
1106867624594022,12.469357,41.883343,2025-05-27T16:50:29+0000,2025-05-27T16:50:29+0000,panoptic
1106867634594021,12.4693985,41.883953,2025-05-27T16:50:24+0000,2025-05-27T16:50:24+0000,trafficsign
1106867637927354,12.469334,41.883533,2025-05-27T16:50:30+0000,2025-05-27T16:50:30+0000,trafficsign
1106867644594020,12.469464,41.88385,2025-05-27T16:50:26+0000,2025-05-27T16:50:26+0000,panoptic
1106867647927353,12.46955,41.88389,2025-05-27T16:50:25+0000,2025-05-27T16:50:25+0000,panoptic
1106867651260686,12.469495,41.883434,2025-05-27T16:50:29+0000,2025-05-27T16:50:29+0000,panoptic
1106867654594019,12.469397,41.883957,2025-05-27T16:50:24+0000,2025-05-27T16:50:24+0000,panoptic
1106867661260685,12.469473,41.883442,2025-05-27T16:50:28+0000,2025-05-27T16:50:28+0000,panoptic
1106867664594018,12.469309,41.88411,2025-05-27T16:50:24+0000,2025-05-27T16:50:24+0000,panoptic
1106867667927351,12.469396,41.883556,2025-05-27T16:50:27+0000,2025-05-27T16:50:27+0000,panoptic
1106867671260684,12.469329,41.883617,2025-05-27T16:50:27+0000,2025-05-27T16:50:27+0000,panoptic
1106867677927350,12.469134,41.883976,2025-05-27T16:50:25+0000,2025-05-27T16:50:25+0000,trafficsign
1106867681260683,12.469642,41.883976,2025-05-27T16:50:23+0000,2025-05-27T16:50:23+0000,trafficsign
1106867684594016,12.469391,41.88324,2025-05-27T16:50:29+0000,2025-05-27T16:50:29+0000,panoptic
1106867687927349,12.469618,41.883316,2025-05-27T16:50:31+0000,2025-05-27T16:50:31+0000,panoptic
1106867691260682,12.46983,41.88348,2025-05-27T16:50:27+0000,2025-05-27T16:50:27+0000,panoptic
1106867694594015,12.4692955,41.883827,2025-05-27T16:50:25+0000,2025-05-27T16:50:25+0000,panoptic
1106867701260681,12.46938,41.883244,2025-05-27T16:50:32+0000,2025-05-27T16:50:32+0000,panoptic
1106867707927347,12.469307,41.88411,2025-05-27T16:50:24+0000,2025-05-27T16:50:24+0000,panoptic
1106867711260680,12.469562,41.883606,2025-05-27T16:50:26+0000,2025-05-27T16:50:26+0000,panoptic
1106867714594013,12.469312,41.883724,2025-05-27T16:50:26+0000,2025-05-27T16:50:26+0000,panoptic
1106867717927346,12.4693985,41.883556,2025-05-27T16:50:27+0000,2025-05-27T16:50:27+0000,panoptic
1106867727927345,12.469334,41.883533,2025-05-27T16:50:30+0000,2025-05-27T16:50:30+0000,panoptic
1106867731260678,12.469133,41.883976,2025-05-27T16:50:25+0000,2025-05-27T16:50:25+0000,panoptic
1106867734594011,12.469643,41.883976,2025-05-27T16:50:23+0000,2025-05-27T16:50:23+0000,panoptic
1106867737927344,12.469515,41.883945,2025-05-27T16:50:25+0000,2025-05-27T16:50:25+0000,panoptic
427661516679251,12.478916,41.88566,2016-07-07T11:34:34+0000,2016-07-07T11:34:34+0000,panoptic
1129224971496261,12.480783,41.884922,2019-02-13T14:28:27+0000,2019-02-13T14:28:27+0000,panoptic
1129224974829594,12.480544,41.88496,2019-02-13T14:28:29+0000,2019-02-13T14:28:29+0000,panoptic
1129224978162927,12.480647,41.884872,2019-02-13T14:28:27+0000,2019-02-13T14:28:27+0000,panoptic
1129224981496260,12.480422,41.884922,2019-02-13T14:28:29+0000,2019-02-13T14:28:29+0000,panoptic
1129224984829593,12.480631,41.88505,2019-02-13T14:28:27+0000,2019-02-13T14:28:27+0000,panoptic
1129224988162926,12.480638,41.884895,2019-02-13T14:28:27+0000,2019-02-13T14:28:27+0000,panoptic
1129224991496259,12.480696,41.88497,2019-02-13T14:28:27+0000,2019-02-13T14:28:27+0000,panoptic
1129224994829592,12.480694,41.88507,2019-02-13T14:28:29+0000,2019-02-13T14:28:29+0000,panoptic
1129224998162925,12.480135,41.88516,2019-02-13T14:29:15+0000,2019-02-13T14:29:15+0000,panoptic
1129225001496258,12.480618,41.885044,2019-02-13T14:28:45+0000,2019-02-13T14:28:45+0000,panoptic
1129225004829591,12.48056,41.884937,2019-02-13T14:28:27+0000,2019-02-13T14:28:27+0000,panoptic
1129225008162924,12.480653,41.885006,2019-02-13T14:28:27+0000,2019-02-13T14:28:27+0000,panoptic
1129225011496257,12.480441,41.88495,2019-02-13T14:28:38+0000,2019-02-13T14:28:38+0000,panoptic
1129225014829590,12.480178,41.885334,2019-02-13T14:29:05+0000,2019-02-13T14:29:05+0000,panoptic
1129225018162923,12.4804125,41.885246,2019-02-13T14:28:38+0000,2019-02-13T14:28:38+0000,panoptic
1129225021496256,12.480216,41.885113,2019-02-13T14:28:38+0000,2019-02-13T14:28:38+0000,panoptic
1129225024829589,12.480646,41.885082,2019-02-13T14:28:27+0000,2019-02-13T14:28:27+0000,panoptic
1129225028162922,12.480088,41.885258,2019-02-13T14:28:50+0000,2019-02-13T14:28:50+0000,panoptic
1129225031496255,12.480547,41.885345,2019-02-13T14:28:38+0000,2019-02-13T14:28:38+0000,panoptic
1129225034829588,12.480356,41.885227,2019-02-13T14:29:12+0000,2019-02-13T14:29:12+0000,panoptic
1129225038162921,12.480335,41.885315,2019-02-13T14:29:15+0000,2019-02-13T14:29:15+0000,panoptic
1129225041496254,12.480356,41.885227,2019-02-13T14:28:50+0000,2019-02-13T14:28:50+0000,panoptic
1129225044829587,12.480237,41.88514,2019-02-13T14:28:56+0000,2019-02-13T14:28:56+0000,panoptic
1129225048162920,12.480357,41.885227,2019-02-13T14:28:48+0000,2019-02-13T14:28:48+0000,panoptic
1129225051496253,12.480238,41.88514,2019-02-13T14:29:15+0000,2019-02-13T14:29:15+0000,panoptic
1129225054829586,12.48015,41.885353,2019-02-13T14:29:29+0000,2019-02-13T14:29:29+0000,panoptic
1129225058162919,12.480655,41.885002,2019-02-13T14:28:35+0000,2019-02-13T14:28:35+0000,panoptic
1129225061496252,12.480604,41.885044,2019-02-13T14:28:38+0000,2019-02-13T14:28:38+0000,panoptic
1129225064829585,12.480639,41.884995,2019-02-13T14:28:35+0000,2019-02-13T14:28:35+0000,panoptic
1129225068162918,12.480697,41.884987,2019-02-13T14:28:35+0000,2019-02-13T14:28:35+0000,panoptic
1129225071496251,12.480216,41.885174,2019-02-13T14:28:38+0000,2019-02-13T14:28:38+0000,panoptic
1129225074829584,12.480499,41.88497,2019-02-13T14:28:29+0000,2019-02-13T14:28:29+0000,panoptic
1129225078162917,12.480457,41.88527,2019-02-13T14:28:38+0000,2019-02-13T14:28:38+0000,panoptic
1129225081496250,12.48025,41.885143,2019-02-13T14:29:05+0000,2019-02-13T14:29:05+0000,panoptic
1129225084829583,12.480354,41.88522,2019-02-13T14:29:03+0000,2019-02-13T14:29:03+0000,panoptic
1129225088162916,12.480126,41.885387,2019-02-13T14:29:18+0000,2019-02-13T14:29:18+0000,panoptic
1129225091496249,12.4801035,41.885372,2019-02-13T14:29:39+0000,2019-02-13T14:29:39+0000,panoptic
1129225094829582,12.479931,41.885307,2019-02-13T14:29:21+0000,2019-02-13T14:30:23+0000,panoptic
1129225098162915,12.480561,41.884953,2019-02-13T14:28:27+0000,2019-02-13T14:28:27+0000,panoptic
1129225101496248,12.480646,41.884975,2019-02-13T14:28:35+0000,2019-02-13T14:28:35+0000,panoptic
1129225104829581,12.480105,41.88521,2019-02-13T14:28:49+0000,2019-02-13T14:28:49+0000,panoptic
1129225108162914,12.480239,41.885155,2019-02-13T14:28:48+0000,2019-02-13T14:28:48+0000,panoptic
1129225111496247,12.4805155,41.88533,2019-02-13T14:28:48+0000,2019-02-13T14:28:48+0000,panoptic
1129225114829580,12.480362,41.885235,2019-02-13T14:28:43+0000,2019-02-13T14:28:43+0000,panoptic
1129225118162913,12.480337,41.885223,2019-02-13T14:28:55+0000,2019-02-13T14:28:55+0000,panoptic
1129225121496246,12.48038,41.885223,2019-02-13T14:28:52+0000,2019-02-13T14:28:52+0000,panoptic
1129225124829579,12.480232,41.8853,2019-02-13T14:29:06+0000,2019-02-13T14:29:06+0000,panoptic
1129225128162912,12.480359,41.885193,2019-02-13T14:29:11+0000,2019-02-13T14:29:11+0000,panoptic
1129225131496245,12.480176,41.885082,2019-02-13T14:28:27+0000,2019-02-13T14:28:27+0000,panoptic
1129225134829578,12.480266,41.88512,2019-02-13T14:28:46+0000,2019-02-13T14:28:46+0000,panoptic
1129225138162911,12.480366,41.8852,2019-02-13T14:28:48+0000,2019-02-13T14:28:48+0000,panoptic
1129225141496244,12.480238,41.88513,2019-02-13T14:28:43+0000,2019-02-13T14:28:43+0000,panoptic
1129225144829577,12.480524,41.884964,2019-02-13T14:28:27+0000,2019-02-13T14:28:27+0000,panoptic
1129225148162910,12.480204,41.885197,2019-02-13T14:29:19+0000,2019-02-13T14:29:19+0000,panoptic
1129225151496243,12.4801,41.885376,2019-02-13T14:29:24+0000,2019-02-13T14:29:24+0000,panoptic
1129225154829576,12.480125,41.885365,2019-02-13T14:29:24+0000,2019-02-13T14:29:24+0000,panoptic
1129225158162909,12.480054,41.88528,2019-02-13T14:29:18+0000,2019-02-13T14:29:18+0000,panoptic
1129225161496242,12.480192,41.885345,2019-02-13T14:29:05+0000,2019-02-13T14:29:05+0000,panoptic
1129225164829575,12.480054,41.885437,2019-02-13T14:28:50+0000,2019-02-13T14:28:50+0000,panoptic
1129225168162908,12.479965,41.885384,2019-02-13T14:29:24+0000,2019-02-13T14:29:54+0000,panoptic
1129225171496241,12.479959,41.88526,2019-02-13T14:29:13+0000,2019-02-13T14:29:13+0000,panoptic
1129225174829574,12.480339,41.885307,2019-02-13T14:29:13+0000,2019-02-13T14:29:13+0000,panoptic
1129225178162907,12.480137,41.88521,2019-02-13T14:29:25+0000,2019-02-13T14:29:25+0000,panoptic
1129225181496240,12.480154,41.88537,2019-02-13T14:29:42+0000,2019-02-13T14:29:42+0000,panoptic
1129225184829573,12.480431,41.884926,2019-02-13T14:28:38+0000,2019-02-13T14:28:38+0000,panoptic
1129225188162906,12.4805,41.884964,2019-02-13T14:28:42+0000,2019-02-13T14:28:42+0000,panoptic
439992162109730,12.47607,41.882454,2017-11-08T13:08:19+0000,2017-11-08T13:08:19+0000,panoptic
439992165443063,12.476327,41.88257,2017-11-08T13:08:24+0000,2017-11-08T13:08:24+0000,panoptic
439992168776396,12.475906,41.882294,2017-11-08T13:08:15+0000,2017-11-08T13:08:15+0000,panoptic
439992172109729,12.476085,41.882607,2017-11-08T13:08:21+0000,2017-11-08T13:08:21+0000,panoptic
439992175443062,12.476451,41.88274,2017-11-08T13:08:14+0000,2017-11-08T13:08:14+0000,panoptic
439992178776395,12.476475,41.88274,2017-11-08T13:08:16+0000,2017-11-08T13:08:16+0000,panoptic
439992182109728,12.475481,41.882015,2017-11-08T13:08:02+0000,2017-11-08T13:08:02+0000,panoptic
439992185443061,12.475482,41.882015,2017-11-08T13:08:04+0000,2017-11-08T13:08:04+0000,panoptic
439992188776394,12.476593,41.882687,2017-11-08T13:08:20+0000,2017-11-08T13:08:20+0000,panoptic
439992192109727,12.476264,41.882526,2017-11-08T13:08:14+0000,2017-11-08T13:08:14+0000,panoptic
439992195443060,12.4762335,41.882504,2017-11-08T13:08:16+0000,2017-11-08T13:08:16+0000,panoptic
439992198776393,12.476132,41.882637,2017-11-08T13:08:16+0000,2017-11-08T13:08:16+0000,panoptic
439992202109726,12.476119,41.882633,2017-11-08T13:08:21+0000,2017-11-08T13:08:21+0000,panoptic
439992205443059,12.475473,41.88201,2017-11-08T13:07:59+0000,2017-11-08T13:07:59+0000,panoptic
439992208776392,12.476493,41.88268,2017-11-08T13:08:20+0000,2017-11-08T13:08:20+0000,panoptic
439992212109725,12.47627,41.88253,2017-11-08T13:08:17+0000,2017-11-08T13:08:17+0000,panoptic
439992215443058,12.47646,41.882668,2017-11-08T13:08:19+0000,2017-11-08T13:08:19+0000,panoptic
439992218776391,12.476273,41.88252,2017-11-08T13:08:19+0000,2017-11-08T13:08:19+0000,panoptic
439992222109724,12.476131,41.88264,2017-11-08T13:08:18+0000,2017-11-08T13:08:18+0000,panoptic
439992225443057,12.476202,41.88256,2017-11-08T13:08:20+0000,2017-11-08T13:08:20+0000,panoptic
439992228776390,12.476136,41.88264,2017-11-08T13:08:19+0000,2017-11-08T13:08:19+0000,panoptic
439992232109723,12.476266,41.882523,2017-11-08T13:08:21+0000,2017-11-08T13:08:21+0000,panoptic
439992235443056,12.476492,41.882687,2017-11-08T13:08:20+0000,2017-11-08T13:08:20+0000,panoptic
439992238776389,12.475601,41.8821,2017-11-08T13:08:06+0000,2017-11-08T13:08:06+0000,panoptic
439992242109722,12.47536,41.882046,2017-11-08T13:07:55+0000,2017-11-08T13:07:55+0000,panoptic
439992245443055,12.475566,41.882076,2017-11-08T13:08:06+0000,2017-11-08T13:08:06+0000,panoptic
439992248776388,12.475679,41.882248,2017-11-08T13:08:02+0000,2017-11-08T13:08:02+0000,panoptic
439992255443054,12.476588,41.882683,2017-11-08T13:08:23+0000,2017-11-08T13:08:23+0000,panoptic
439992258776387,12.475511,41.88202,2017-11-08T13:07:59+0000,2017-11-08T13:07:59+0000,panoptic
439992262109720,12.475367,41.88204,2017-11-08T13:08:02+0000,2017-11-08T13:08:02+0000,panoptic
439992265443053,12.475406,41.88216,2017-11-08T13:08:02+0000,2017-11-08T13:08:02+0000,panoptic
439992272109719,12.475695,41.88221,2017-11-08T13:08:02+0000,2017-11-08T13:08:02+0000,panoptic
439992278776385,12.476132,41.882637,2017-11-08T13:08:16+0000,2017-11-08T13:08:16+0000,trafficsign
439992282109718,12.475485,41.882015,2017-11-08T13:08:06+0000,2017-11-08T13:08:06+0000,trafficsign
439992285443051,12.475638,41.88214,2017-11-08T13:07:59+0000,2017-11-08T13:07:59+0000,panoptic
439992288776384,12.475338,41.882145,2017-11-08T13:08:01+0000,2017-11-08T13:08:01+0000,panoptic
439992292109717,12.47607,41.882416,2017-11-08T13:08:16+0000,2017-11-08T13:08:16+0000,panoptic
439992295443050,12.475686,41.882217,2017-11-08T13:08:06+0000,2017-11-08T13:08:06+0000,panoptic
439992298776383,12.476263,41.882526,2017-11-08T13:08:16+0000,2017-11-08T13:08:16+0000,trafficsign
1113971313224308,12.478691,41.891296,2019-03-08T13:38:28+0000,2019-03-08T13:38:28+0000,panoptic
1113971316557641,12.478772,41.89127,2019-03-08T13:37:58+0000,2019-03-08T13:37:58+0000,panoptic
1113971319890974,12.478481,41.891464,2019-03-08T13:38:38+0000,2019-03-08T13:38:38+0000,panoptic
1113971323224307,12.478639,41.891205,2019-03-08T13:38:32+0000,2019-03-08T13:38:32+0000,panoptic
1113971326557640,12.478479,41.891468,2019-03-08T13:38:24+0000,2019-03-08T13:38:24+0000,panoptic
1113971329890973,12.478449,41.891277,2019-03-08T13:38:12+0000,2019-03-08T13:38:12+0000,panoptic
1113971333224306,12.47845,41.891323,2019-03-08T13:38:34+0000,2019-03-08T13:38:34+0000,panoptic
1113971336557639,12.47879,41.89128,2019-03-08T13:37:50+0000,2019-03-08T13:37:50+0000,panoptic
1113971339890972,12.478894,41.891018,2019-03-08T13:37:54+0000,2019-03-08T13:37:54+0000,panoptic
1113971343224305,12.478534,41.89146,2019-03-08T13:38:30+0000,2019-03-08T13:38:30+0000,panoptic
1113971346557638,12.478533,41.89146,2019-03-08T13:38:28+0000,2019-03-08T13:38:28+0000,panoptic
1113971349890971,12.4789915,41.891228,2019-03-08T13:37:46+0000,2019-03-08T13:37:46+0000,panoptic
1113971353224304,12.478686,41.891296,2019-03-08T13:38:00+0000,2019-03-08T13:38:00+0000,panoptic
1113971356557637,12.478929,41.89098,2019-03-08T13:38:04+0000,2019-03-08T13:38:04+0000,panoptic
1113971359890970,12.47864,41.89125,2019-03-08T13:38:16+0000,2019-03-08T13:38:16+0000,panoptic
1113971363224303,12.478693,41.891293,2019-03-08T13:38:04+0000,2019-03-08T13:38:04+0000,panoptic
1113971366557636,12.478948,41.89098,2019-03-08T13:37:58+0000,2019-03-08T13:37:58+0000,panoptic
1113971369890969,12.4790125,41.891197,2019-03-08T13:37:46+0000,2019-03-08T13:37:46+0000,panoptic
1113971373224302,12.478598,41.891502,2019-03-08T13:38:28+0000,2019-03-08T13:38:28+0000,panoptic
1113971376557635,12.478543,41.89133,2019-03-08T13:38:40+0000,2019-03-08T13:38:40+0000,panoptic
1113971379890968,12.478787,41.891106,2019-03-08T13:38:00+0000,2019-03-08T13:38:00+0000,panoptic
1113971396557633,12.478799,41.89132,2019-03-08T13:38:20+0000,2019-03-08T13:38:20+0000,panoptic
1113971399890966,12.478728,41.89128,2019-03-08T13:38:04+0000,2019-03-08T13:38:04+0000,panoptic
1113971403224299,12.478904,41.891285,2019-03-08T13:37:50+0000,2019-03-08T13:37:50+0000,panoptic
1113971406557632,12.478772,41.89127,2019-03-08T13:38:10+0000,2019-03-08T13:38:10+0000,panoptic
1113971409890965,12.478991,41.891228,2019-03-08T13:37:48+0000,2019-03-08T13:37:48+0000,panoptic
1113971413224298,12.478977,41.89108,2019-03-08T13:37:46+0000,2019-03-08T13:37:46+0000,panoptic
1113971419890964,12.478454,41.89132,2019-03-08T13:37:54+0000,2019-03-08T13:37:54+0000,panoptic
1113971423224297,12.47854,41.89126,2019-03-08T13:38:34+0000,2019-03-08T13:38:34+0000,panoptic
1113971426557630,12.4784565,41.89131,2019-03-08T13:38:42+0000,2019-03-08T13:38:42+0000,panoptic
1113971429890963,12.478449,41.891277,2019-03-08T13:38:26+0000,2019-03-08T13:38:26+0000,trafficsign
1113971433224296,12.478977,41.89108,2019-03-08T13:37:46+0000,2019-03-08T13:37:46+0000,trafficsign
1113971436557629,12.478638,41.89121,2019-03-08T13:38:34+0000,2019-03-08T13:38:34+0000,trafficsign
1113971439890962,12.478728,41.89128,2019-03-08T13:38:04+0000,2019-03-08T13:38:04+0000,trafficsign
1113971443224295,12.478772,41.89127,2019-03-08T13:38:14+0000,2019-03-08T13:38:14+0000,trafficsign
1113971446557628,12.478772,41.89127,2019-03-08T13:38:10+0000,2019-03-08T13:38:10+0000,trafficsign
1409233896447494,12.475754,41.882584,2017-11-08T13:05:19+0000,2017-11-08T13:05:19+0000,panoptic
1409233899780827,12.475574,41.882603,2017-11-08T13:05:17+0000,2017-11-08T13:05:17+0000,panoptic
1409233903114160,12.475032,41.882633,2017-11-08T13:05:08+0000,2017-11-08T13:05:08+0000,panoptic
1409233906447493,12.475625,41.88254,2017-11-08T13:05:17+0000,2017-11-08T13:05:17+0000,panoptic
1409233909780826,12.475328,41.88268,2017-11-08T13:05:10+0000,2017-11-08T13:05:10+0000,panoptic
1409233913114159,12.47528,41.882572,2017-11-08T13:05:11+0000,2017-11-08T13:05:11+0000,panoptic
1409233916447492,12.475746,41.88255,2017-11-08T13:05:17+0000,2017-11-08T13:05:17+0000,panoptic
1409233919780825,12.475424,41.882732,2017-11-08T13:05:11+0000,2017-11-08T13:05:11+0000,panoptic
1409233923114158,12.475326,41.882668,2017-11-08T13:05:10+0000,2017-11-08T13:05:10+0000,panoptic
1409233926447491,12.475956,41.88248,2017-11-08T13:05:21+0000,2017-11-08T13:05:21+0000,trafficsign
1409233929780824,12.475249,41.88257,2017-11-08T13:05:10+0000,2017-11-08T13:05:10+0000,panoptic
1409233933114157,12.475699,41.88255,2017-11-08T13:05:17+0000,2017-11-08T13:05:17+0000,trafficsign
1409233936447490,12.476009,41.882507,2017-11-08T13:05:18+0000,2017-11-08T13:05:18+0000,panoptic
1409233939780823,12.475699,41.88255,2017-11-08T13:05:17+0000,2017-11-08T13:05:17+0000,panoptic
1409233943114156,12.475619,41.882557,2017-11-08T13:05:17+0000,2017-11-08T13:05:17+0000,panoptic
1409233946447489,12.475699,41.88255,2017-11-08T13:05:17+0000,2017-11-08T13:05:17+0000,panoptic
1409233949780822,12.475387,41.882713,2017-11-08T13:05:11+0000,2017-11-08T13:05:11+0000,panoptic
1409233953114155,12.475054,41.882652,2017-11-08T13:05:08+0000,2017-11-08T13:05:08+0000,panoptic
1409233956447488,12.476141,41.88246,2017-11-08T13:05:20+0000,2017-11-08T13:05:20+0000,panoptic
1409233959780821,12.476135,41.88247,2017-11-08T13:05:20+0000,2017-11-08T13:05:20+0000,panoptic
1409233963114154,12.47536,41.88273,2017-11-08T13:05:08+0000,2017-11-08T13:05:08+0000,panoptic
1409233966447487,12.475964,41.882767,2017-11-08T13:05:15+0000,2017-11-08T13:05:15+0000,panoptic
1409233969780820,12.476051,41.88248,2017-11-08T13:05:17+0000,2017-11-08T13:08:04+0000,panoptic
1409233973114153,12.4756365,41.882652,2017-11-08T13:05:15+0000,2017-11-08T13:05:15+0000,panoptic
1000661265006655,12.476369,41.882355,2017-11-08T13:05:33+0000,2017-11-08T13:05:33+0000,panoptic
1000661268339988,12.4763,41.882374,2017-11-08T13:05:33+0000,2017-11-08T13:05:33+0000,panoptic
1000661271673321,12.476419,41.882618,2017-11-08T13:05:33+0000,2017-11-08T13:05:33+0000,panoptic
470292358710234,12.467213,41.883034,2019-03-07T14:35:28+0000,2019-03-07T14:35:28+0000,panoptic
470292365376900,12.46718,41.883,2019-03-07T14:35:26+0000,2019-03-07T14:35:26+0000,panoptic
470292368710233,12.467232,41.88291,2019-03-07T14:35:23+0000,2019-03-07T14:35:23+0000,panoptic
470292372043566,12.467322,41.883255,2019-03-07T14:35:39+0000,2019-03-07T14:35:39+0000,panoptic
1632123544239437,12.4735,41.883434,2017-05-16T20:36:58+0000,2017-05-16T20:36:58+0000,panoptic
1632123547572770,12.473674,41.883682,2017-05-16T20:36:58+0000,2017-05-16T20:36:58+0000,panoptic
1632123550906103,12.472871,41.88319,2017-05-16T20:37:04+0000,2017-05-16T20:37:04+0000,panoptic
1632123554239436,12.473098,41.883446,2017-05-16T20:36:58+0000,2017-05-16T20:36:58+0000,panoptic
1632123557572769,12.473371,41.883446,2017-05-16T20:37:02+0000,2017-05-16T20:37:02+0000,panoptic
1632123560906102,12.4737015,41.883713,2017-05-16T20:36:58+0000,2017-05-16T20:36:58+0000,panoptic
1632123564239435,12.473668,41.883564,2017-05-16T20:36:58+0000,2017-05-16T20:36:58+0000,panoptic
1632123567572768,12.473113,41.883373,2017-05-16T20:37:04+0000,2017-05-16T20:37:04+0000,panoptic
1632123570906101,12.473151,41.883274,2017-05-16T20:37:04+0000,2017-05-16T20:37:04+0000,panoptic
1632123574239434,12.473677,41.88374,2017-05-16T20:36:58+0000,2017-05-16T20:36:58+0000,panoptic
1632123577572767,12.473158,41.88328,2017-05-16T20:37:05+0000,2017-05-16T20:37:05+0000,panoptic
1632123580906100,12.472919,41.883095,2017-05-16T20:37:06+0000,2017-05-16T20:37:06+0000,panoptic
1632123584239433,12.473688,41.88377,2017-05-16T20:36:58+0000,2019-03-07T14:43:00+0000,panoptic
1702457470286402,12.470108,41.883976,2019-03-07T14:38:32+0000,2019-03-07T14:38:32+0000,panoptic
1702457473619735,12.469982,41.88359,2019-03-07T14:38:19+0000,2019-03-07T14:38:19+0000,panoptic
1702457476953068,12.470235,41.883793,2019-03-07T14:38:50+0000,2019-03-07T14:38:50+0000,panoptic
1702457480286401,12.469965,41.883785,2019-03-07T14:38:34+0000,2019-03-07T14:38:34+0000,panoptic
1702457483619734,12.469905,41.88404,2019-03-07T14:38:30+0000,2019-03-07T14:38:30+0000,panoptic
1702457486953067,12.470036,41.88409,2019-03-07T14:38:27+0000,2019-03-07T14:38:27+0000,panoptic
1702457490286400,12.470355,41.883965,2019-03-07T14:39:13+0000,2019-03-07T14:39:13+0000,panoptic
1702457493619733,12.469756,41.883446,2019-03-07T14:38:18+0000,2025-05-27T16:50:30+0000,trafficsign
1702457496953066,12.470189,41.883747,2019-03-07T14:38:25+0000,2019-03-07T14:38:25+0000,panoptic
1702457500286399,12.469768,41.88383,2019-03-07T14:38:25+0000,2019-03-07T14:38:25+0000,trafficsign
1702457506953065,12.469768,41.88383,2019-03-07T14:38:25+0000,2019-03-07T14:38:25+0000,panoptic
1702457510286398,12.469767,41.883873,2019-03-07T14:38:25+0000,2019-03-07T14:38:25+0000,panoptic
1702457513619731,12.469651,41.88347,2019-03-07T14:38:14+0000,2019-03-07T14:38:14+0000,panoptic
1702457516953064,12.469772,41.883533,2019-03-07T14:38:18+0000,2019-03-07T14:38:18+0000,panoptic
1702457520286397,12.470158,41.88378,2019-03-07T14:38:32+0000,2019-03-07T14:38:32+0000,panoptic
1702457523619730,12.470284,41.883923,2019-03-07T14:38:59+0000,2019-03-07T14:38:59+0000,panoptic
1702457530286396,12.469771,41.883656,2019-03-07T14:38:30+0000,2019-03-07T14:38:30+0000,panoptic
1702457533619729,12.469767,41.883835,2019-03-07T14:38:30+0000,2019-03-07T14:38:30+0000,panoptic
1702457536953062,12.46977,41.88384,2019-03-07T14:38:25+0000,2019-03-07T14:38:25+0000,panoptic
1702457540286395,12.46986,41.88398,2019-03-07T14:38:32+0000,2019-03-07T14:38:32+0000,panoptic
1702457556953060,12.469857,41.88398,2019-03-07T14:38:25+0000,2019-03-07T14:38:25+0000,panoptic
1702457560286393,12.469855,41.883488,2019-03-07T14:38:14+0000,2019-03-07T14:38:14+0000,panoptic
1702457563619726,12.47033,41.883976,2019-03-07T14:39:13+0000,2019-03-07T14:39:13+0000,panoptic
1702457566953059,12.469666,41.883396,2019-03-07T14:38:19+0000,2019-03-07T14:38:19+0000,panoptic
1702457573619725,12.469626,41.883385,2019-03-07T14:38:14+0000,2019-03-07T14:38:14+0000,trafficsign
1702457576953058,12.469769,41.88383,2019-03-07T14:38:25+0000,2019-03-07T14:38:25+0000,trafficsign
1702457580286391,12.470439,41.883877,2019-03-07T14:38:38+0000,2019-03-07T14:38:38+0000,panoptic
1702457586953057,12.46986,41.88398,2019-03-07T14:38:32+0000,2019-03-07T14:38:32+0000,trafficsign
1702457590286390,12.470184,41.883728,2019-03-07T14:38:23+0000,2019-03-07T14:38:23+0000,trafficsign
1702457593619723,12.469802,41.883907,2019-03-07T14:38:28+0000,2019-03-07T14:38:28+0000,panoptic
1702457596953056,12.469797,41.88358,2019-03-07T14:38:19+0000,2019-03-07T14:38:19+0000,panoptic
1702457600286389,12.470875,41.88403,2019-03-07T14:39:13+0000,2019-03-07T14:39:13+0000,panoptic
1702457606953055,12.4699,41.884026,2019-03-07T14:38:40+0000,2019-03-07T14:38:40+0000,panoptic
1702457610286388,12.469806,41.88386,2019-03-07T14:38:25+0000,2019-03-07T14:38:25+0000,panoptic
1702457613619721,12.470315,41.883957,2019-03-07T14:38:47+0000,2019-03-07T14:38:47+0000,panoptic
1702457616953054,12.469963,41.883785,2019-03-07T14:38:43+0000,2019-03-07T14:38:43+0000,panoptic
1702457620286387,12.470436,41.883877,2019-03-07T14:38:50+0000,2019-03-07T14:38:50+0000,panoptic
1702457623619720,12.470435,41.883877,2019-03-07T14:39:02+0000,2019-03-07T14:39:02+0000,panoptic
1702457630286386,12.469852,41.883488,2019-03-07T14:38:14+0000,2019-03-07T14:38:14+0000,panoptic
1702457633619719,12.469918,41.88376,2019-03-07T14:38:36+0000,2019-03-07T14:38:36+0000,panoptic
1702457636953052,12.4697695,41.883457,2019-03-07T14:38:14+0000,2019-03-07T14:38:14+0000,panoptic
1702457643619718,12.469873,41.883797,2019-03-07T14:38:23+0000,2019-03-07T14:38:23+0000,panoptic
1702457646953051,12.469859,41.883667,2019-03-07T14:38:23+0000,2019-03-07T14:38:23+0000,panoptic
474350585706149,12.470483,41.88509,2025-04-29T15:13:28+0000,2025-04-29T15:13:28+0000,panoptic
474350589039482,12.470282,41.88491,2025-04-29T15:13:24+0000,2025-04-29T15:13:24+0000,panoptic
474350592372815,12.470388,41.885143,2025-04-29T15:13:26+0000,2025-04-29T15:13:26+0000,panoptic
474350595706148,12.470485,41.885098,2025-04-29T15:13:28+0000,2025-04-29T15:13:28+0000,panoptic
474350599039481,12.470388,41.885143,2025-04-29T15:13:27+0000,2025-04-29T15:13:27+0000,trafficsign
474350602372814,12.470516,41.8851,2025-04-29T15:13:28+0000,2025-04-29T15:13:28+0000,panoptic
474350605706147,12.470242,41.88501,2025-04-29T15:13:24+0000,2025-04-29T15:13:24+0000,panoptic
474350609039480,12.470285,41.884888,2025-04-29T15:13:24+0000,2025-04-29T15:13:24+0000,panoptic
474350612372813,12.469918,41.884705,2025-04-29T15:14:30+0000,2025-04-29T15:14:30+0000,trafficsign
474350615706146,12.470391,41.885143,2025-04-29T15:13:27+0000,2025-04-29T15:13:27+0000,panoptic
474350619039479,12.470487,41.885002,2025-04-29T15:14:36+0000,2025-04-29T15:14:36+0000,panoptic
474350622372812,12.470242,41.88501,2025-04-29T15:13:24+0000,2025-04-29T15:13:24+0000,trafficsign
474350625706145,12.470388,41.885143,2025-04-29T15:13:27+0000,2025-04-29T15:13:27+0000,trafficsign
1577401019469942,12.480862,41.885178,2019-02-13T14:26:56+0000,2019-02-13T14:26:56+0000,panoptic
3963944517180021,12.471121,41.88531,2025-05-27T16:49:57+0000,2025-05-27T16:49:57+0000,panoptic
3963944520513354,12.471132,41.885323,2025-05-27T16:49:57+0000,2025-05-27T16:49:57+0000,panoptic
3963944523846687,12.4715605,41.885784,2025-05-27T16:49:42+0000,2025-05-27T16:49:42+0000,panoptic
3963944527180020,12.471411,41.88571,2025-05-27T16:49:42+0000,2025-05-27T16:49:42+0000,panoptic
3963944530513353,12.471458,41.885727,2025-05-27T16:49:45+0000,2025-05-27T16:49:45+0000,panoptic
3963944533846686,12.47122,41.885525,2025-05-27T16:49:53+0000,2025-05-27T16:49:53+0000,panoptic
3963944537180019,12.471282,41.885654,2025-05-27T16:49:51+0000,2025-05-27T16:49:51+0000,panoptic
3963944540513352,12.471395,41.88572,2025-05-27T16:49:50+0000,2025-05-27T16:49:50+0000,panoptic
3963944543846685,12.471598,41.885693,2025-05-27T16:49:47+0000,2025-05-27T16:49:47+0000,panoptic
3963944547180018,12.471428,41.885853,2025-05-27T16:49:47+0000,2025-05-27T16:49:47+0000,panoptic
3963944550513351,12.471497,41.885796,2025-05-27T16:49:44+0000,2025-05-27T16:49:44+0000,panoptic
3963944553846684,12.471508,41.885796,2025-05-27T16:49:47+0000,2025-05-27T16:49:47+0000,panoptic
3963944557180017,12.471499,41.885796,2025-05-27T16:49:44+0000,2025-05-27T16:49:44+0000,panoptic
3963944560513350,12.4714155,41.885708,2025-05-27T16:49:46+0000,2025-05-27T16:49:46+0000,panoptic
3963944563846683,12.471084,41.88531,2025-05-27T16:49:57+0000,2025-05-27T16:49:57+0000,panoptic
3963944567180016,12.471077,41.88531,2025-05-27T16:49:57+0000,2025-05-27T16:49:57+0000,panoptic
3963944570513349,12.471409,41.885708,2025-05-27T16:49:46+0000,2025-05-27T16:49:46+0000,panoptic
3963944573846682,12.471428,41.88585,2025-05-27T16:49:47+0000,2025-05-27T16:49:47+0000,panoptic
3963944577180015,12.470898,41.885155,2025-05-27T16:50:04+0000,2025-05-27T16:50:04+0000,panoptic
3963944580513348,12.471352,41.88567,2025-05-27T16:49:45+0000,2025-05-27T16:49:45+0000,panoptic
3963944583846681,12.471491,41.885796,2025-05-27T16:49:47+0000,2025-05-27T16:49:47+0000,panoptic
3963944587180014,12.471245,41.885555,2025-05-27T16:49:52+0000,2025-05-27T16:49:52+0000,panoptic
3963944590513347,12.471245,41.88555,2025-05-27T16:49:52+0000,2025-05-27T16:49:52+0000,panoptic
3963944593846680,12.471244,41.885555,2025-05-27T16:49:52+0000,2025-05-27T16:49:52+0000,panoptic
3963944597180013,12.471188,41.885414,2025-05-27T16:49:58+0000,2025-05-27T16:49:58+0000,panoptic
3963944600513346,12.471496,41.88579,2025-05-27T16:49:44+0000,2025-05-27T16:49:44+0000,panoptic
3963944603846679,12.471492,41.88579,2025-05-27T16:49:44+0000,2025-05-27T16:49:44+0000,panoptic
3963944607180012,12.471085,41.88531,2025-05-27T16:49:57+0000,2025-05-27T16:49:57+0000,panoptic
3963944610513345,12.471414,41.88571,2025-05-27T16:49:46+0000,2025-05-27T16:49:46+0000,panoptic
1385135678773326,12.480919,41.88472,2019-02-13T14:27:56+0000,2019-02-13T14:28:08+0000,panoptic
1385135682106659,12.48094,41.884735,2019-02-13T14:27:58+0000,2019-02-13T14:28:08+0000,trafficsign
1385135688773325,12.480941,41.884735,2019-02-13T14:27:58+0000,2019-02-13T14:28:08+0000,panoptic
439641212028039,12.480881,41.88482,2019-02-13T14:28:16+0000,2019-02-13T14:28:16+0000,panoptic
439641215361372,12.480947,41.884857,2019-02-13T14:28:12+0000,2019-02-13T14:28:12+0000,panoptic
439641222028038,12.480801,41.884514,2019-02-13T14:28:13+0000,2019-02-13T14:28:13+0000,panoptic
439641225361371,12.48087,41.884792,2019-02-13T14:28:08+0000,2019-02-13T14:28:08+0000,panoptic
439641228694704,12.480943,41.884853,2019-02-13T14:28:13+0000,2019-02-13T14:28:13+0000,panoptic
439641232028037,12.480902,41.884815,2019-02-13T14:28:08+0000,2019-02-13T14:28:08+0000,panoptic
439641235361370,12.480901,41.884815,2019-02-13T14:28:08+0000,2019-02-13T14:28:08+0000,panoptic
439641238694703,12.480903,41.884815,2019-02-13T14:28:08+0000,2019-02-13T14:28:08+0000,panoptic
439641245361369,12.480881,41.88482,2019-02-13T14:28:18+0000,2019-02-13T14:28:18+0000,panoptic
439641248694702,12.480869,41.884792,2019-02-13T14:28:14+0000,2019-02-13T14:28:14+0000,trafficsign
439641255361368,12.480902,41.884815,2019-02-13T14:28:08+0000,2019-02-13T14:28:08+0000,trafficsign
1931148134010387,12.475423,41.883133,2016-07-07T11:32:35+0000,2016-07-07T11:32:35+0000,panoptic
1931148137343720,12.475536,41.883064,2016-07-07T11:32:51+0000,2016-07-07T11:32:51+0000,panoptic
1931148140677053,12.475533,41.88309,2016-07-07T11:32:51+0000,2016-07-07T11:32:51+0000,panoptic
1931148144010386,12.475565,41.883068,2016-07-07T11:32:51+0000,2016-07-07T11:32:51+0000,panoptic
1931148147343719,12.475195,41.88333,2016-07-07T11:32:29+0000,2016-07-07T11:32:29+0000,panoptic
1931148150677052,12.47553,41.88309,2016-07-07T11:32:51+0000,2016-07-07T11:32:51+0000,panoptic
1931148154010385,12.475576,41.88306,2016-07-07T11:32:53+0000,2016-07-07T11:32:53+0000,panoptic
1240088970902749,12.475643,41.882824,2025-05-28T12:07:13+0000,2025-05-28T12:07:13+0000,panoptic
1240088977569415,12.475643,41.882824,2025-05-28T12:07:13+0000,2025-05-28T12:07:13+0000,trafficsign
1709165723811055,12.471756,41.88608,2025-05-27T16:49:34+0000,2025-05-27T16:49:34+0000,panoptic
1709165727144388,12.471842,41.886063,2025-05-27T16:49:30+0000,2025-05-27T16:49:30+0000,panoptic
1709165730477721,12.471813,41.886044,2025-05-27T16:49:29+0000,2025-05-27T16:49:29+0000,panoptic
1709165733811054,12.471869,41.88609,2025-05-27T16:49:30+0000,2025-05-27T16:49:30+0000,panoptic
1709165737144387,12.471721,41.885967,2025-05-27T16:49:32+0000,2025-05-27T16:49:32+0000,panoptic
1709165740477720,12.471695,41.88594,2025-05-27T16:49:34+0000,2025-05-27T16:49:34+0000,panoptic
1709165743811053,12.471848,41.886185,2025-05-27T16:49:29+0000,2025-05-27T16:49:29+0000,panoptic
1709165747144386,12.471773,41.886005,2025-05-27T16:49:31+0000,2025-05-27T16:49:31+0000,panoptic
1709165750477719,12.472034,41.886246,2025-05-27T16:49:28+0000,2025-05-27T16:49:28+0000,panoptic
1709165753811052,12.4717455,41.885986,2025-05-27T16:49:33+0000,2025-05-27T16:49:33+0000,panoptic
1709165757144385,12.472066,41.886276,2025-05-27T16:49:27+0000,2025-05-27T16:49:27+0000,panoptic
1709165760477718,12.47225,41.886497,2025-05-27T16:49:25+0000,2025-05-27T16:49:25+0000,trafficsign
1709165763811051,12.471931,41.886154,2025-05-27T16:49:26+0000,2025-05-27T16:49:26+0000,panoptic
1709165767144384,12.471958,41.886177,2025-05-27T16:49:27+0000,2025-05-27T16:49:27+0000,panoptic
1709165770477717,12.471896,41.886227,2025-05-27T16:49:27+0000,2025-05-27T16:49:27+0000,panoptic
679255981368342,12.471556,41.886333,2025-04-29T15:14:57+0000,2025-04-29T15:14:57+0000,panoptic
679255984701675,12.471539,41.88631,2025-04-29T15:14:57+0000,2025-04-29T15:14:57+0000,panoptic
679255988035008,12.471162,41.886074,2025-04-29T15:14:53+0000,2025-04-29T15:14:53+0000,panoptic
1677515213020118,12.478224,41.886635,2017-05-16T20:35:24+0000,2017-05-16T20:35:24+0000,panoptic
1353438509392159,12.478345,41.886837,2017-05-16T20:35:16+0000,2017-05-16T20:35:16+0000,panoptic
1353438512725492,12.478114,41.886593,2017-05-16T20:35:19+0000,2017-05-16T20:35:19+0000,panoptic
999184498450621,12.47478,41.88382,2017-05-16T20:36:00+0000,2017-05-16T20:36:00+0000,panoptic
999184505117287,12.4745,41.88362,2017-05-16T20:35:57+0000,2017-05-16T20:36:46+0000,panoptic
999184508450620,12.475135,41.88401,2017-05-16T20:35:52+0000,2017-05-16T20:35:52+0000,panoptic
999184511783953,12.477044,41.885597,2017-05-16T20:35:34+0000,2017-05-16T20:35:34+0000,panoptic
999184515117286,12.476601,41.88523,2017-05-16T20:35:40+0000,2017-05-16T20:35:40+0000,panoptic
999184518450619,12.476811,41.885406,2017-05-16T20:35:38+0000,2017-05-16T20:35:38+0000,panoptic
999184521783952,12.477252,41.885777,2017-05-16T20:35:33+0000,2017-05-16T20:35:33+0000,panoptic
999184525117285,12.477703,41.886173,2017-05-16T20:35:28+0000,2017-05-16T20:35:28+0000,panoptic
999184528450618,12.477939,41.886417,2017-05-16T20:35:27+0000,2017-05-16T20:35:27+0000,panoptic
999184531783951,12.477205,41.885704,2017-05-16T20:35:37+0000,2017-05-16T20:35:37+0000,panoptic
999184535117284,12.477694,41.886086,2017-05-16T20:35:32+0000,2017-05-16T20:35:32+0000,panoptic
999184538450617,12.477205,41.885704,2017-05-16T20:35:38+0000,2017-05-16T20:35:38+0000,trafficsign
423998827174179,12.476133,41.88473,2016-07-07T11:31:13+0000,2016-07-07T11:31:13+0000,panoptic
423998830507512,12.475403,41.88422,2016-07-07T11:31:39+0000,2017-05-16T20:35:49+0000,panoptic
423998833840845,12.475653,41.88443,2016-07-07T11:31:24+0000,2016-07-07T11:31:24+0000,panoptic
1495835104379052,12.475164,41.88228,2017-11-08T13:04:53+0000,2017-11-08T13:04:53+0000,panoptic
1495835114379051,12.475149,41.882282,2017-11-08T13:04:52+0000,2017-11-08T13:04:52+0000,panoptic
1495835117712384,12.475149,41.882282,2017-11-08T13:04:56+0000,2017-11-08T13:04:56+0000,trafficsign
1495835144379048,12.47538,41.88204,2017-11-08T13:04:42+0000,2017-11-08T13:04:42+0000,panoptic
1495835164379046,12.474858,41.882343,2017-11-08T13:04:57+0000,2017-11-08T13:04:57+0000,panoptic
1495835171045712,12.475149,41.882282,2017-11-08T13:04:52+0000,2017-11-08T13:04:52+0000,trafficsign
1495835174379045,12.475129,41.882233,2017-11-08T13:04:52+0000,2017-11-08T13:04:52+0000,panoptic
1495835181045711,12.475149,41.882282,2017-11-08T13:04:56+0000,2017-11-08T13:04:56+0000,panoptic
1495835184379044,12.475036,41.88224,2017-11-08T13:04:55+0000,2017-11-08T13:04:55+0000,panoptic
342894508901033,12.4718,41.884087,2019-03-07T14:40:50+0000,2019-03-07T14:40:50+0000,panoptic
342894512234366,12.471376,41.884212,2019-03-07T14:40:07+0000,2019-03-07T14:40:07+0000,panoptic
342894515567699,12.471778,41.884083,2019-03-07T14:40:48+0000,2019-03-07T14:40:48+0000,panoptic
342894518901032,12.472778,41.883778,2019-03-07T14:41:53+0000,2019-03-07T14:41:53+0000,panoptic
342894522234365,12.472922,41.88392,2019-03-07T14:41:41+0000,2019-03-07T14:41:41+0000,panoptic
342894525567698,12.471661,41.88412,2019-03-07T14:40:31+0000,2019-03-07T14:40:31+0000,panoptic
342894528901031,12.473397,41.883915,2019-03-07T14:41:46+0000,2019-03-07T14:42:03+0000,panoptic
342894532234364,12.472915,41.883915,2019-03-07T14:41:06+0000,2019-03-07T14:42:03+0000,panoptic
342894535567697,12.47166,41.88412,2019-03-07T14:40:07+0000,2019-03-07T14:40:07+0000,panoptic
342894538901030,12.471542,41.88424,2019-03-07T14:40:13+0000,2019-03-07T14:40:13+0000,panoptic
342894542234363,12.471337,41.884132,2019-03-07T14:40:17+0000,2019-03-07T14:40:17+0000,panoptic
342894545567696,12.471537,41.88424,2019-03-07T14:40:15+0000,2019-03-07T14:40:15+0000,panoptic
342894548901029,12.472072,41.884136,2019-03-07T14:40:44+0000,2019-03-07T14:40:44+0000,panoptic
342894552234362,12.472914,41.883915,2019-03-07T14:41:04+0000,2019-03-07T14:42:03+0000,panoptic
342894555567695,12.471361,41.884136,2019-03-07T14:40:07+0000,2019-03-07T14:40:07+0000,panoptic
342894558901028,12.471347,41.884132,2019-03-07T14:40:07+0000,2019-03-07T14:40:07+0000,panoptic
342894562234361,12.471342,41.884132,2019-03-07T14:40:07+0000,2019-03-07T14:40:07+0000,panoptic
342894565567694,12.47165,41.88412,2019-03-07T14:40:21+0000,2019-03-07T14:40:21+0000,trafficsign
342894568901027,12.471212,41.884125,2019-03-07T14:40:07+0000,2019-03-07T14:40:07+0000,panoptic
342894572234360,12.473051,41.88384,2019-03-07T14:41:45+0000,2019-03-07T14:42:15+0000,panoptic
342894575567693,12.4712925,41.884132,2019-03-07T14:40:07+0000,2019-03-07T14:40:07+0000,panoptic
342894578901026,12.47127,41.88413,2019-03-07T14:40:07+0000,2019-03-07T14:40:07+0000,panoptic
342894582234359,12.4715395,41.88424,2019-03-07T14:40:07+0000,2019-03-07T14:40:07+0000,panoptic
342894585567692,12.471859,41.88408,2019-03-07T14:40:54+0000,2019-03-07T14:40:54+0000,panoptic
342894588901025,12.471875,41.884075,2019-03-07T14:40:56+0000,2019-03-07T14:40:56+0000,panoptic
342894592234358,12.471674,41.884167,2019-03-07T14:40:35+0000,2019-03-07T14:40:35+0000,panoptic
342894595567691,12.472062,41.88402,2019-03-07T14:41:08+0000,2019-03-07T14:41:08+0000,panoptic
342894598901024,12.472369,41.883923,2019-03-07T14:41:26+0000,2019-03-07T14:41:26+0000,panoptic
342894602234357,12.472787,41.88383,2019-03-07T14:41:52+0000,2019-03-07T14:41:52+0000,panoptic
342894605567690,12.47154,41.88424,2019-03-07T14:40:07+0000,2019-03-07T14:40:07+0000,panoptic
342894608901023,12.471528,41.884235,2019-03-07T14:40:07+0000,2019-03-07T14:40:07+0000,panoptic
342894612234356,12.471853,41.884064,2019-03-07T14:40:52+0000,2019-03-07T14:40:52+0000,panoptic
342894615567689,12.473478,41.88401,2019-03-07T14:41:50+0000,2019-03-07T14:42:07+0000,panoptic
342894618901022,12.472639,41.883846,2019-03-07T14:41:36+0000,2019-03-07T14:41:36+0000,panoptic
342894622234355,12.472706,41.883797,2019-03-07T14:41:36+0000,2019-03-07T14:41:36+0000,panoptic
342894625567688,12.471901,41.884106,2019-03-07T14:40:38+0000,2019-03-07T14:40:38+0000,panoptic
342894628901021,12.472906,41.883728,2019-03-07T14:41:37+0000,2019-03-07T14:41:37+0000,panoptic
342894632234354,12.472123,41.88403,2019-03-07T14:40:54+0000,2019-03-07T14:40:54+0000,panoptic
342894635567687,12.471546,41.884247,2019-03-07T14:40:23+0000,2019-03-07T14:40:23+0000,panoptic
342894638901020,12.471492,41.884235,2019-03-07T14:40:11+0000,2019-03-07T14:40:11+0000,panoptic
725733193254698,12.470927,41.884697,2025-05-27T16:50:10+0000,2025-05-27T16:50:10+0000,panoptic
995871135463923,12.478152,41.88654,2016-07-07T11:30:35+0000,2016-07-07T11:30:35+0000,panoptic
995871138797256,12.4777975,41.886257,2016-07-07T11:30:39+0000,2016-07-07T11:30:39+0000,panoptic
995871142130589,12.477792,41.886303,2016-07-07T11:30:37+0000,2016-07-07T11:30:37+0000,panoptic
995871145463922,12.478034,41.88651,2016-07-07T11:30:32+0000,2016-07-07T11:30:32+0000,panoptic
995871148797255,12.477797,41.886257,2016-07-07T11:30:41+0000,2016-07-07T11:30:41+0000,panoptic
376515131512091,12.474463,41.88207,2017-11-08T13:07:24+0000,2017-11-08T13:07:24+0000,panoptic
376515138178757,12.474394,41.882015,2017-11-08T13:07:20+0000,2017-11-08T13:07:20+0000,panoptic
376515148178756,12.474548,41.882114,2017-11-08T13:07:22+0000,2017-11-08T13:07:22+0000,panoptic
358729040647969,12.471056,41.88417,2019-03-07T14:39:22+0000,2019-03-07T14:39:22+0000,panoptic
358729043981302,12.47099,41.884068,2019-03-07T14:39:22+0000,2019-03-07T14:39:22+0000,panoptic
358729047314635,12.470995,41.884068,2019-03-07T14:39:35+0000,2019-03-07T14:39:35+0000,trafficsign
731133356010186,12.472456,41.88681,2025-05-27T16:49:19+0000,2025-05-27T16:49:19+0000,panoptic
835120778490776,12.474799,41.883614,2016-07-07T11:32:11+0000,2016-07-07T11:32:11+0000,panoptic
835120781824109,12.47484,41.883736,2016-07-07T11:32:11+0000,2016-07-07T11:32:11+0000,panoptic
835120785157442,12.474839,41.883713,2016-07-07T11:32:11+0000,2016-07-07T11:32:11+0000,panoptic
3612795405688536,12.472768,41.887455,2025-04-29T15:15:17+0000,2025-04-29T15:15:17+0000,panoptic
3612795409021869,12.472767,41.887455,2025-04-29T15:15:17+0000,2025-04-29T15:15:17+0000,panoptic
3612795412355202,12.472767,41.887455,2025-04-29T15:15:17+0000,2025-04-29T15:15:17+0000,trafficsign
1209353474178985,12.472806,41.88768,2025-04-29T15:16:06+0000,2025-04-29T15:16:06+0000,panoptic
1209353477512318,12.472757,41.887802,2025-04-29T15:16:07+0000,2025-04-29T15:16:07+0000,panoptic
1209353480845651,12.472808,41.887707,2025-04-29T15:16:06+0000,2025-04-29T15:16:06+0000,panoptic
1209353484178984,12.472768,41.88784,2025-04-29T15:16:06+0000,2025-04-29T15:16:06+0000,panoptic
1209353487512317,12.472885,41.887825,2025-04-29T15:16:09+0000,2025-04-29T15:16:09+0000,panoptic
1209353490845650,12.472779,41.887722,2025-04-29T15:16:07+0000,2025-04-29T15:16:07+0000,panoptic
1209353494178983,12.472903,41.887836,2025-04-29T15:16:09+0000,2025-04-29T15:16:09+0000,panoptic
1209353497512316,12.472768,41.88784,2025-04-29T15:16:06+0000,2025-04-29T15:16:06+0000,panoptic
1209353500845649,12.472879,41.887817,2025-04-29T15:16:09+0000,2025-04-29T15:16:09+0000,panoptic
1209353504178982,12.472876,41.887814,2025-04-29T15:16:10+0000,2025-04-29T15:16:10+0000,panoptic
1209353507512315,12.472763,41.88777,2025-04-29T15:16:08+0000,2025-04-29T15:16:08+0000,panoptic
1209353510845648,12.472804,41.887688,2025-04-29T15:16:06+0000,2025-04-29T15:16:06+0000,panoptic
1209353514178981,12.47281,41.887814,2025-04-29T15:16:08+0000,2025-04-29T15:16:08+0000,panoptic
911472474002420,12.476865,41.887646,2019-03-07T17:05:05+0000,2019-03-07T17:05:05+0000,panoptic
911472477335753,12.476983,41.887615,2019-03-07T17:04:57+0000,2019-03-07T17:04:57+0000,panoptic
911472480669086,12.476683,41.886925,2019-03-07T17:03:35+0000,2019-03-07T17:03:35+0000,panoptic
911472487335752,12.476946,41.887615,2019-03-07T17:04:59+0000,2019-03-07T17:04:59+0000,panoptic
911472490669085,12.476834,41.887653,2019-03-07T17:05:03+0000,2019-03-07T17:05:03+0000,panoptic
911472494002418,12.477189,41.88754,2019-03-07T17:04:43+0000,2019-03-07T17:04:43+0000,panoptic
911472497335751,12.47718,41.887524,2019-03-07T17:04:41+0000,2019-03-07T17:04:41+0000,panoptic
911472500669084,12.477265,41.88758,2019-03-07T17:04:41+0000,2019-03-07T17:04:41+0000,panoptic
911472504002417,12.476809,41.886837,2019-03-07T17:03:35+0000,2019-03-07T17:03:35+0000,panoptic
911472507335750,12.477025,41.887257,2019-03-07T17:04:17+0000,2019-03-07T17:04:17+0000,panoptic
911472510669083,12.4768305,41.887684,2019-03-07T17:04:51+0000,2019-03-07T17:04:51+0000,panoptic
911472514002416,12.477119,41.8876,2019-03-07T17:04:45+0000,2019-03-07T17:04:45+0000,panoptic
911472517335749,12.476709,41.887245,2019-03-07T17:03:43+0000,2019-03-07T17:03:43+0000,panoptic
911472520669082,12.477146,41.887474,2019-03-07T17:04:33+0000,2019-03-07T17:04:33+0000,panoptic
911472524002415,12.477139,41.8874,2019-03-07T17:04:23+0000,2019-03-07T17:04:23+0000,panoptic
911472527335748,12.477122,41.88738,2019-03-07T17:04:25+0000,2019-03-07T17:04:25+0000,panoptic
911472530669081,12.477039,41.88728,2019-03-07T17:04:05+0000,2019-03-07T17:04:05+0000,panoptic
911472534002414,12.477252,41.887604,2019-03-07T17:04:39+0000,2019-03-07T17:04:39+0000,panoptic
911472537335747,12.476824,41.887676,2019-03-07T17:04:49+0000,2019-03-07T17:04:49+0000,panoptic
911472540669080,12.476757,41.886917,2019-03-07T17:03:37+0000,2019-03-07T17:03:37+0000,panoptic
911472544002413,12.476893,41.8872,2019-03-07T17:03:51+0000,2019-03-07T17:03:51+0000,panoptic
911472547335746,12.4766865,41.886925,2019-03-07T17:03:35+0000,2019-03-07T17:03:35+0000,panoptic
911472550669079,12.477142,41.887432,2019-03-07T17:04:07+0000,2019-03-07T17:04:07+0000,panoptic
911472554002412,12.476709,41.887234,2019-03-07T17:03:49+0000,2019-03-07T17:03:49+0000,panoptic
911472557335745,12.476713,41.887253,2019-03-07T17:03:49+0000,2019-03-07T17:03:49+0000,panoptic
911472560669078,12.4771595,41.88749,2019-03-07T17:04:19+0000,2019-03-07T17:04:19+0000,panoptic
911472564002411,12.477139,41.88746,2019-03-07T17:04:27+0000,2019-03-07T17:04:27+0000,panoptic
911472567335744,12.47717,41.88752,2019-03-07T17:04:39+0000,2019-03-07T17:04:39+0000,panoptic
911472570669077,12.476824,41.887676,2019-03-07T17:04:57+0000,2019-03-07T17:04:57+0000,trafficsign
911472574002410,12.476756,41.886917,2019-03-07T17:03:37+0000,2019-03-07T17:03:37+0000,panoptic
911472577335743,12.476582,41.88769,2019-03-07T17:05:07+0000,2019-03-07T17:05:07+0000,panoptic
911472580669076,12.476884,41.887657,2019-03-07T17:04:47+0000,2019-03-07T17:04:47+0000,panoptic
911472584002409,12.477228,41.887577,2019-03-07T17:04:41+0000,2019-03-07T17:04:41+0000,panoptic
911472587335742,12.477344,41.88751,2019-03-07T17:04:27+0000,2019-03-07T17:04:27+0000,panoptic
911472590669075,12.476832,41.887684,2019-03-07T17:04:49+0000,2019-03-07T17:04:49+0000,panoptic
911472594002408,12.476936,41.887257,2019-03-07T17:04:11+0000,2019-03-07T17:04:11+0000,panoptic
911472597335741,12.476606,41.88707,2019-03-07T17:03:35+0000,2019-03-07T17:03:35+0000,panoptic
911472607335740,12.476707,41.88723,2019-03-07T17:03:39+0000,2019-03-07T17:03:39+0000,panoptic
911472610669073,12.477196,41.887573,2019-03-07T17:04:37+0000,2019-03-07T17:04:37+0000,panoptic
911472614002406,12.476646,41.887714,2019-03-07T17:04:49+0000,2019-03-07T17:04:49+0000,panoptic
911472617335739,12.476871,41.887672,2019-03-07T17:05:01+0000,2019-03-07T17:05:01+0000,panoptic
911472620669072,12.47703,41.887623,2019-03-07T17:04:49+0000,2019-03-07T17:04:49+0000,panoptic
911472624002405,12.477015,41.887627,2019-03-07T17:04:57+0000,2019-03-07T17:04:57+0000,panoptic
911472627335738,12.477132,41.887596,2019-03-07T17:04:49+0000,2019-03-07T17:04:49+0000,panoptic
911472630669071,12.477158,41.88759,2019-03-07T17:04:43+0000,2019-03-07T17:04:43+0000,panoptic
911472634002404,12.477134,41.887585,2019-03-07T17:04:43+0000,2019-03-07T17:04:43+0000,panoptic
911472637335737,12.477264,41.887566,2019-03-07T17:04:15+0000,2019-03-07T17:04:15+0000,panoptic
1028357345392779,12.476261,41.886017,2019-03-07T14:51:11+0000,2019-03-07T14:51:11+0000,panoptic
1028357348726112,12.476337,41.88626,2019-03-07T14:51:32+0000,2019-03-07T14:51:32+0000,panoptic
1028357352059445,12.476338,41.886093,2019-03-07T14:51:25+0000,2019-03-07T14:51:25+0000,panoptic
1028357355392778,12.476437,41.88646,2019-03-07T14:52:04+0000,2019-03-07T14:52:04+0000,panoptic
1028357358726111,12.476786,41.88685,2019-03-07T14:52:56+0000,2019-03-07T14:52:56+0000,panoptic
1028357362059444,12.476617,41.886497,2019-03-07T14:52:04+0000,2019-03-07T14:52:04+0000,panoptic
1028357365392777,12.47657,41.886314,2019-03-07T14:51:09+0000,2019-03-07T14:51:09+0000,panoptic
1028357368726110,12.476291,41.886063,2019-03-07T14:51:30+0000,2019-03-07T14:51:30+0000,panoptic
1028357378726109,12.476282,41.88631,2019-03-07T14:51:28+0000,2019-03-07T14:51:28+0000,panoptic
1028357382059442,12.4767475,41.886757,2019-03-07T14:52:38+0000,2019-03-07T14:52:38+0000,panoptic
1028357385392775,12.476798,41.886833,2019-03-07T14:52:44+0000,2019-03-07T14:52:44+0000,panoptic
1028357388726108,12.476601,41.88653,2019-03-07T14:51:42+0000,2019-03-07T14:51:42+0000,panoptic
1028357392059441,12.476454,41.88653,2019-03-07T14:51:49+0000,2019-03-07T14:51:49+0000,panoptic
1028357395392774,12.476796,41.88683,2019-03-07T14:52:30+0000,2019-03-07T14:52:30+0000,panoptic
1028357398726107,12.476423,41.88624,2019-03-07T14:51:13+0000,2019-03-07T14:51:13+0000,panoptic
1028357402059440,12.476331,41.886375,2019-03-07T14:51:25+0000,2019-03-07T14:51:25+0000,panoptic
1028357405392773,12.476413,41.886524,2019-03-07T14:52:00+0000,2019-03-07T14:52:00+0000,panoptic
1028357408726106,12.476195,41.886005,2019-03-07T14:51:27+0000,2019-03-07T14:51:27+0000,panoptic
1028357412059439,12.476797,41.886833,2019-03-07T14:52:22+0000,2019-03-07T14:52:22+0000,panoptic
1028357415392772,12.476745,41.88675,2019-03-07T14:52:02+0000,2019-03-07T14:52:02+0000,panoptic
1028357418726105,12.476681,41.886883,2019-03-07T14:52:07+0000,2019-03-07T14:52:07+0000,panoptic
1028357425392771,12.476593,41.88646,2019-03-07T14:51:47+0000,2019-03-07T14:51:47+0000,panoptic
1028357428726104,12.476601,41.88653,2019-03-07T14:52:22+0000,2019-03-07T14:52:22+0000,panoptic
1028357432059437,12.476325,41.886375,2019-03-07T14:51:40+0000,2019-03-07T14:51:40+0000,panoptic
1028357435392770,12.476269,41.886,2019-03-07T14:51:19+0000,2019-03-07T14:51:19+0000,panoptic
1028357438726103,12.476424,41.886242,2019-03-07T14:51:36+0000,2019-03-07T14:51:36+0000,panoptic
1028357442059436,12.476454,41.88653,2019-03-07T14:51:49+0000,2019-03-07T14:51:49+0000,trafficsign
1028357445392769,12.476331,41.88638,2019-03-07T14:51:32+0000,2019-03-07T14:51:32+0000,panoptic
1028357452059435,12.476593,41.88646,2019-03-07T14:51:47+0000,2019-03-07T14:51:47+0000,trafficsign
1028357455392768,12.476479,41.886204,2019-03-07T14:51:28+0000,2019-03-07T14:51:28+0000,panoptic
1028357458726101,12.476423,41.88624,2019-03-07T14:51:13+0000,2019-03-07T14:51:13+0000,trafficsign
1028357462059434,12.476282,41.88631,2019-03-07T14:51:28+0000,2019-03-07T14:51:28+0000,trafficsign
1028357468726100,12.476658,41.886604,2019-03-07T14:52:34+0000,2019-03-07T14:52:34+0000,panoptic
1028357472059433,12.476382,41.88621,2019-03-07T14:51:40+0000,2019-03-07T14:51:40+0000,panoptic
1028357475392766,12.476706,41.88668,2019-03-07T14:52:42+0000,2019-03-07T14:52:42+0000,panoptic
1028357478726099,12.476596,41.88652,2019-03-07T14:52:00+0000,2019-03-07T14:52:00+0000,panoptic
1028357482059432,12.476353,41.886177,2019-03-07T14:51:38+0000,2019-03-07T14:51:38+0000,panoptic
1028357485392765,12.476206,41.885998,2019-03-07T14:51:21+0000,2019-03-07T14:51:21+0000,panoptic
1028357488726098,12.476169,41.88595,2019-03-07T14:51:17+0000,2019-03-07T14:51:17+0000,panoptic
1028357492059431,12.476326,41.886375,2019-03-07T14:51:36+0000,2019-03-07T14:51:36+0000,panoptic
1028357495392764,12.476795,41.886826,2019-03-07T14:52:38+0000,2019-03-07T14:52:38+0000,panoptic
1028357498726097,12.47633,41.886383,2019-03-07T14:51:47+0000,2019-03-07T14:51:47+0000,panoptic
1028357502059430,12.476471,41.88621,2019-03-07T14:51:11+0000,2019-03-07T14:51:11+0000,panoptic
1028357505392763,12.476621,41.886448,2019-03-07T14:51:47+0000,2019-03-07T14:51:47+0000,panoptic
1028357508726096,12.476335,41.88608,2019-03-07T14:51:09+0000,2019-03-07T14:51:09+0000,panoptic
1028357512059429,12.476835,41.88684,2019-03-07T14:52:44+0000,2019-03-07T17:03:35+0000,panoptic
1028357515392762,12.476705,41.886677,2019-03-07T14:51:47+0000,2019-03-07T14:51:47+0000,panoptic
1028357518726095,12.476619,41.88652,2019-03-07T14:51:40+0000,2019-03-07T14:51:40+0000,panoptic
1028357522059428,12.476683,41.886616,2019-03-07T14:52:22+0000,2019-03-07T14:52:22+0000,panoptic
1028357525392761,12.4762125,41.88614,2019-03-07T14:51:25+0000,2019-03-07T14:51:25+0000,panoptic
1028357528726094,12.476212,41.886143,2019-03-07T14:51:25+0000,2019-03-07T14:51:25+0000,panoptic
1028357532059427,12.476138,41.885967,2019-03-07T14:51:09+0000,2019-03-07T14:51:09+0000,panoptic
1028357535392760,12.476197,41.885944,2019-03-07T14:51:17+0000,2019-03-07T14:51:17+0000,panoptic
1028357538726093,12.476817,41.886837,2019-03-07T14:52:06+0000,2019-03-07T14:52:06+0000,panoptic
1028357542059426,12.476875,41.88706,2019-03-07T14:52:38+0000,2019-03-07T17:03:53+0000,panoptic
1028357545392759,12.476891,41.88727,2019-03-07T14:52:54+0000,2019-03-07T17:03:35+0000,panoptic
1028357548726092,12.476397,41.886444,2019-03-07T14:51:25+0000,2019-03-07T14:51:25+0000,panoptic
1028357552059425,12.476397,41.886448,2019-03-07T14:51:58+0000,2019-03-07T14:51:58+0000,panoptic
1028357555392758,12.476628,41.88657,2019-03-07T14:52:22+0000,2019-03-07T14:52:22+0000,panoptic
1391879151522102,12.475571,41.8854,2019-03-07T14:50:07+0000,2019-03-07T14:50:07+0000,panoptic
1391879154855435,12.475047,41.884983,2019-03-07T14:49:08+0000,2019-03-07T14:49:13+0000,panoptic
1391879161522101,12.474827,41.884842,2019-03-07T14:48:53+0000,2019-03-07T14:48:53+0000,panoptic
1391879164855434,12.474712,41.884735,2019-03-07T14:48:40+0000,2019-03-07T14:48:40+0000,panoptic
1391879168188767,12.475779,41.885593,2019-03-07T14:50:19+0000,2019-03-07T14:50:19+0000,panoptic
1391879171522100,12.474902,41.884888,2019-03-07T14:49:01+0000,2019-03-07T14:49:01+0000,panoptic
1391879174855433,12.475166,41.885094,2019-03-07T14:49:24+0000,2019-03-07T14:49:24+0000,panoptic
1391879178188766,12.47514,41.8851,2019-03-07T14:49:33+0000,2019-03-07T14:49:33+0000,panoptic
1391879181522099,12.47591,41.8857,2019-03-07T14:50:43+0000,2019-03-07T14:50:43+0000,panoptic
1391879184855432,12.474876,41.884903,2019-03-07T14:49:15+0000,2019-03-07T14:49:15+0000,panoptic
1391879188188765,12.474842,41.884857,2019-03-07T14:48:38+0000,2019-03-07T14:48:38+0000,panoptic
1391879191522098,12.475016,41.884987,2019-03-07T14:49:01+0000,2019-03-07T14:49:01+0000,panoptic
1391879198188764,12.475685,41.88553,2019-03-07T14:49:55+0000,2019-03-07T14:49:55+0000,panoptic
1391879201522097,12.4757805,41.885593,2019-03-07T14:50:27+0000,2019-03-07T14:50:27+0000,panoptic
1391879204855430,12.476011,41.8858,2019-03-07T14:50:27+0000,2019-03-07T14:50:27+0000,panoptic
1391879208188763,12.476177,41.885937,2019-03-07T14:50:41+0000,2019-03-07T14:51:09+0000,panoptic
1391879211522096,12.475381,41.885353,2019-03-07T14:50:05+0000,2019-03-07T14:50:05+0000,panoptic
1391879214855429,12.474718,41.884743,2019-03-07T14:48:55+0000,2019-03-07T14:48:55+0000,panoptic
1391879218188762,12.475812,41.885612,2019-03-07T14:50:19+0000,2019-03-07T14:50:19+0000,panoptic
1391879221522095,12.476198,41.88594,2019-03-07T14:50:43+0000,2019-03-07T14:51:09+0000,panoptic
1391879224855428,12.4762,41.885944,2019-03-07T14:50:47+0000,2019-03-07T14:51:09+0000,panoptic
1391879228188761,12.476198,41.88594,2019-03-07T14:50:43+0000,2019-03-07T14:51:09+0000,trafficsign
1391879231522094,12.474947,41.884922,2019-03-07T14:48:53+0000,2019-03-07T14:48:53+0000,panoptic
1391879238188760,12.47464,41.884735,2019-03-07T14:48:53+0000,2019-03-07T14:48:53+0000,panoptic
1391879241522093,12.475184,41.885117,2019-03-07T14:49:15+0000,2019-03-07T14:49:15+0000,panoptic
1391879244855426,12.474983,41.884956,2019-03-07T14:49:11+0000,2019-03-07T14:49:11+0000,panoptic
1391879248188759,12.475338,41.88523,2019-03-07T14:49:43+0000,2019-03-07T14:49:43+0000,panoptic
1391879251522092,12.475853,41.885666,2019-03-07T14:50:11+0000,2019-03-07T14:50:11+0000,panoptic
1391879254855425,12.475162,41.885094,2019-03-07T14:49:26+0000,2019-03-07T14:49:26+0000,panoptic
1391879258188758,12.475674,41.8856,2019-03-07T14:50:25+0000,2019-03-07T14:50:25+0000,panoptic
1391879261522091,12.47577,41.885586,2019-03-07T14:50:33+0000,2019-03-07T14:50:33+0000,panoptic
1391879264855424,12.474505,41.884583,2019-03-07T14:48:36+0000,2019-03-07T14:48:36+0000,panoptic
1391879268188757,12.474716,41.884743,2019-03-07T14:48:36+0000,2019-03-07T14:48:36+0000,panoptic
1391879271522090,12.474948,41.884922,2019-03-07T14:48:59+0000,2019-03-07T14:48:59+0000,panoptic
1391879274855423,12.4762,41.885944,2019-03-07T14:50:49+0000,2019-03-07T14:51:09+0000,trafficsign
1391879278188756,12.475706,41.885517,2019-03-07T14:50:25+0000,2019-03-07T14:50:25+0000,panoptic
1391879281522089,12.475854,41.885685,2019-03-07T14:50:37+0000,2019-03-07T14:50:37+0000,panoptic
1391879284855422,12.475176,41.885094,2019-03-07T14:48:47+0000,2019-03-07T14:48:47+0000,panoptic
1391879288188755,12.474637,41.88468,2019-03-07T14:48:40+0000,2019-03-07T14:48:40+0000,panoptic
1401159203888607,12.474321,41.884216,2019-03-07T14:47:59+0000,2019-03-07T14:47:59+0000,panoptic
1401159207221940,12.474399,41.88419,2019-03-07T14:47:51+0000,2019-03-07T14:47:51+0000,panoptic
1401159210555273,12.474302,41.883827,2019-03-07T14:46:59+0000,2019-03-07T14:46:59+0000,panoptic
1401159213888606,12.474367,41.88397,2019-03-07T14:47:44+0000,2019-03-07T14:47:44+0000,panoptic
1401159217221939,12.474133,41.884373,2019-03-07T14:48:03+0000,2019-03-07T14:48:03+0000,panoptic
1401159220555272,12.47413,41.884373,2019-03-07T14:48:03+0000,2019-03-07T14:48:03+0000,panoptic
1401159223888605,12.474231,41.88435,2019-03-07T14:47:24+0000,2019-03-07T14:47:24+0000,panoptic
1401159227221938,12.474066,41.884327,2019-03-07T14:47:24+0000,2019-03-07T14:47:24+0000,panoptic
1401159230555271,12.474155,41.884396,2019-03-07T14:47:24+0000,2019-03-07T14:47:24+0000,panoptic
1401159233888604,12.474349,41.88423,2019-03-07T14:47:22+0000,2019-03-07T14:47:22+0000,panoptic
1401159237221937,12.47413,41.88437,2019-03-07T14:47:24+0000,2019-03-07T14:47:24+0000,panoptic
1401159240555270,12.474129,41.88437,2019-03-07T14:47:53+0000,2019-03-07T14:47:53+0000,panoptic
1401159243888603,12.47423,41.884354,2019-03-07T14:47:29+0000,2019-03-07T14:47:29+0000,panoptic
1401159247221936,12.47419,41.88415,2019-03-07T14:47:29+0000,2019-03-07T14:47:29+0000,panoptic
1401159250555269,12.474515,41.88395,2019-03-07T14:47:16+0000,2019-03-07T14:47:16+0000,panoptic
1401159253888602,12.474287,41.88384,2019-03-07T14:46:58+0000,2019-03-07T14:46:58+0000,panoptic
1401159257221935,12.474346,41.88423,2019-03-07T14:47:55+0000,2019-03-07T14:47:55+0000,panoptic
1401159260555268,12.474287,41.88384,2019-03-07T14:46:58+0000,2019-03-07T14:46:58+0000,trafficsign
1401159263888601,12.4741535,41.88439,2019-03-07T14:47:24+0000,2019-03-07T14:47:24+0000,panoptic
1401159267221934,12.474145,41.883934,2019-03-07T14:46:58+0000,2019-03-07T14:46:58+0000,panoptic
1401159270555267,12.474189,41.88415,2019-03-07T14:47:24+0000,2019-03-07T14:47:24+0000,trafficsign
1401159273888600,12.474349,41.884228,2019-03-07T14:47:22+0000,2019-03-07T14:47:22+0000,trafficsign
1401159277221933,12.47409,41.88435,2019-03-07T14:48:07+0000,2019-03-07T14:48:07+0000,trafficsign
1401159280555266,12.474144,41.883934,2019-03-07T14:46:59+0000,2019-03-07T14:46:59+0000,trafficsign
1401159283888599,12.474129,41.88437,2019-03-07T14:48:04+0000,2019-03-07T14:48:04+0000,trafficsign
1401159287221932,12.474488,41.884083,2019-03-07T14:47:06+0000,2019-03-07T14:47:06+0000,panoptic
1401159290555265,12.474298,41.884434,2019-03-07T14:48:23+0000,2019-03-07T14:48:23+0000,panoptic
1401159293888598,12.47423,41.88433,2019-03-07T14:48:09+0000,2019-03-07T14:48:09+0000,panoptic
1401159297221931,12.474255,41.884327,2019-03-07T14:48:11+0000,2019-03-07T14:48:11+0000,panoptic
1401159300555264,12.474328,41.883976,2019-03-07T14:47:04+0000,2019-03-07T14:47:04+0000,panoptic
1401159303888597,12.474572,41.884033,2019-03-07T14:47:21+0000,2019-03-07T14:47:21+0000,panoptic
1401159307221930,12.474566,41.884045,2019-03-07T14:47:44+0000,2019-03-07T14:47:44+0000,panoptic
1401159310555263,12.474178,41.884346,2019-03-07T14:47:52+0000,2019-03-07T14:47:52+0000,panoptic
1401159313888596,12.474506,41.884598,2019-03-07T14:48:22+0000,2019-03-07T14:48:31+0000,panoptic
1401159317221929,12.474129,41.884373,2019-03-07T14:48:04+0000,2019-03-07T14:48:04+0000,panoptic
1401159320555262,12.4741745,41.88435,2019-03-07T14:48:15+0000,2019-03-07T14:48:15+0000,panoptic
1401159323888595,12.474689,41.884735,2019-03-07T14:48:23+0000,2019-03-07T14:48:31+0000,panoptic
1401159327221928,12.474345,41.884575,2019-03-07T14:48:22+0000,2019-03-07T14:48:22+0000,panoptic
1401159330555261,12.474287,41.884266,2019-03-07T14:47:22+0000,2019-03-07T14:47:22+0000,panoptic
1401159333888594,12.474167,41.883907,2019-03-07T14:46:58+0000,2019-03-07T14:46:58+0000,panoptic
1401159337221927,12.474377,41.88398,2019-03-07T14:47:16+0000,2019-03-07T14:47:16+0000,panoptic
1401159340555260,12.474245,41.884315,2019-03-07T14:47:59+0000,2019-03-07T14:47:59+0000,panoptic
1401159343888593,12.474135,41.88437,2019-03-07T14:48:13+0000,2019-03-07T14:48:13+0000,panoptic
1401159347221926,12.474233,41.88435,2019-03-07T14:47:24+0000,2019-03-07T14:47:24+0000,panoptic
1215469593384067,12.473234,41.887783,2025-05-27T16:49:06+0000,2025-05-27T16:49:06+0000,panoptic
1215469596717400,12.473246,41.8878,2025-05-27T16:49:06+0000,2025-05-27T16:49:06+0000,panoptic
1215469600050733,12.473309,41.887936,2025-05-27T16:49:05+0000,2025-05-27T16:49:05+0000,panoptic
687520826810944,12.478731,41.887287,2016-07-07T11:30:17+0000,2016-07-07T11:30:17+0000,panoptic
687520830144277,12.478668,41.887245,2016-07-07T11:30:17+0000,2016-07-07T11:30:17+0000,panoptic
2138749133192432,12.473703,41.883812,2019-03-07T14:43:00+0000,2019-03-07T14:43:00+0000,panoptic
2138749139859098,12.473473,41.884014,2019-03-07T14:42:15+0000,2019-03-07T14:42:15+0000,panoptic
2138749143192431,12.473265,41.883766,2019-03-07T14:42:13+0000,2019-03-07T14:42:13+0000,panoptic
2138749146525764,12.473428,41.8839,2019-03-07T14:42:27+0000,2019-03-07T14:42:27+0000,panoptic
2138749149859097,12.473684,41.88385,2019-03-07T14:42:47+0000,2019-03-07T14:42:47+0000,panoptic
2138749153192430,12.4740095,41.883938,2019-03-07T14:43:04+0000,2019-03-07T14:43:04+0000,panoptic
2138749156525763,12.473581,41.88406,2019-03-07T14:42:37+0000,2019-03-07T14:42:37+0000,panoptic
2138749159859096,12.473931,41.883995,2019-03-07T14:42:43+0000,2019-03-07T14:42:43+0000,panoptic
2138749163192429,12.473722,41.884106,2019-03-07T14:42:33+0000,2019-03-07T14:42:33+0000,trafficsign
2138749166525762,12.473932,41.883995,2019-03-07T14:42:45+0000,2019-03-07T14:42:45+0000,trafficsign
2138749169859095,12.474017,41.883877,2019-03-07T14:42:49+0000,2019-03-07T14:42:49+0000,trafficsign
2138749173192428,12.473887,41.88402,2019-03-07T14:42:37+0000,2019-03-07T14:42:37+0000,trafficsign
2138749176525761,12.4739685,41.883976,2019-03-07T14:42:49+0000,2019-03-07T14:42:49+0000,trafficsign
2138749179859094,12.47409,41.88407,2019-03-07T14:43:25+0000,2019-03-07T14:43:25+0000,trafficsign
2138749183192427,12.473696,41.883797,2019-03-07T14:43:00+0000,2019-03-07T14:43:00+0000,trafficsign
2138749193192426,12.473488,41.883858,2019-03-07T14:42:37+0000,2019-03-07T14:42:37+0000,panoptic
2138749196525759,12.473722,41.884106,2019-03-07T14:42:33+0000,2019-03-07T14:42:33+0000,panoptic
2138749199859092,12.474111,41.8841,2019-03-07T14:43:19+0000,2019-03-07T14:43:19+0000,panoptic
2138749203192425,12.473928,41.88399,2019-03-07T14:43:05+0000,2019-03-07T14:43:05+0000,panoptic
2138749206525758,12.474015,41.883877,2019-03-07T14:43:10+0000,2019-03-07T14:43:10+0000,panoptic
2138749209859091,12.4739685,41.883976,2019-03-07T14:42:49+0000,2019-03-07T14:42:49+0000,panoptic
2138749213192424,12.473289,41.883858,2019-03-07T14:42:30+0000,2019-03-07T14:42:30+0000,panoptic
2138749216525757,12.474018,41.88395,2019-03-07T14:43:05+0000,2019-03-07T14:43:05+0000,panoptic
2138749219859090,12.474016,41.883877,2019-03-07T14:42:49+0000,2019-03-07T14:42:49+0000,panoptic
2138749223192423,12.474018,41.88395,2019-03-07T14:42:49+0000,2019-03-07T14:42:49+0000,panoptic
2138749226525756,12.4739275,41.884,2019-03-07T14:42:37+0000,2019-03-07T14:42:37+0000,panoptic
2138749229859089,12.473401,41.883865,2019-03-07T14:42:27+0000,2019-03-07T14:42:27+0000,panoptic
2138749233192422,12.473716,41.883816,2019-03-07T14:42:49+0000,2019-03-07T14:42:49+0000,panoptic
2138749236525755,12.473716,41.883816,2019-03-07T14:42:49+0000,2019-03-07T14:42:49+0000,panoptic
2138749239859088,12.473697,41.883797,2019-03-07T14:43:00+0000,2019-03-07T14:43:00+0000,panoptic
2138749249859087,12.474086,41.88412,2019-03-07T14:43:23+0000,2019-03-07T14:43:23+0000,panoptic
2138749253192420,12.473711,41.883812,2019-03-07T14:42:50+0000,2019-03-07T14:42:50+0000,panoptic
2138749256525753,12.473673,41.88384,2019-03-07T14:42:39+0000,2019-03-07T14:42:39+0000,panoptic
2138749263192419,12.4734,41.88387,2019-03-07T14:42:03+0000,2019-03-07T14:42:03+0000,panoptic
1270622441238008,12.473954,41.88861,2025-05-27T16:48:57+0000,2025-05-27T16:48:57+0000,panoptic
1270622444571341,12.47387,41.888527,2025-05-27T16:48:58+0000,2025-05-27T16:48:58+0000,panoptic
1270622447904674,12.473893,41.88852,2025-05-27T16:48:57+0000,2025-05-27T16:48:57+0000,panoptic
1270622451238007,12.473842,41.888504,2025-05-27T16:48:58+0000,2025-05-27T16:48:58+0000,panoptic
1270622454571340,12.473954,41.888515,2025-05-27T16:48:57+0000,2025-05-27T16:48:57+0000,panoptic
1270622457904673,12.473907,41.888477,2025-05-27T16:48:58+0000,2025-05-27T16:48:58+0000,panoptic
1270622461238006,12.473914,41.888496,2025-05-27T16:48:58+0000,2025-05-27T16:48:58+0000,panoptic
1159093441935396,12.476995,41.887882,2019-03-07T17:05:15+0000,2019-03-07T17:05:15+0000,panoptic
1159093445268729,12.476988,41.88799,2019-03-07T17:05:27+0000,2019-03-07T17:05:27+0000,panoptic
1159093448602062,12.477064,41.88805,2019-03-07T17:05:19+0000,2019-03-07T17:05:19+0000,panoptic
1159093451935395,12.47698,41.88798,2019-03-07T17:05:25+0000,2019-03-07T17:05:25+0000,panoptic
1159093455268728,12.47722,41.888336,2019-03-07T17:05:59+0000,2019-03-07T17:06:05+0000,panoptic
7793612610731375,12.477375,41.889004,2019-03-07T17:07:03+0000,2019-03-07T17:07:03+0000,panoptic
7793612614064708,12.477389,41.889412,2019-03-07T17:08:42+0000,2019-03-07T17:08:42+0000,panoptic
7793612617398041,12.477137,41.88859,2019-03-07T17:06:29+0000,2019-03-07T17:06:29+0000,panoptic
7793612620731374,12.47723,41.88947,2019-03-07T17:08:50+0000,2019-03-07T17:08:50+0000,panoptic
7793612624064707,12.477106,41.889328,2019-03-07T17:08:42+0000,2019-03-07T17:08:42+0000,panoptic
7793612627398040,12.476849,41.88849,2019-03-07T17:06:19+0000,2019-03-07T17:06:19+0000,panoptic
7793612630731373,12.476597,41.888527,2019-03-07T17:06:13+0000,2019-03-07T17:06:13+0000,panoptic
7793612634064706,12.477688,41.88918,2019-03-07T17:08:10+0000,2019-03-07T17:08:10+0000,panoptic
7793612637398039,12.476776,41.888493,2019-03-07T17:06:13+0000,2019-03-07T17:06:13+0000,panoptic
7793612640731372,12.477019,41.888454,2019-03-07T17:06:23+0000,2019-03-07T17:06:23+0000,panoptic
7793612644064705,12.476864,41.88849,2019-03-07T17:06:19+0000,2019-03-07T17:06:19+0000,panoptic
7793612647398038,12.477321,41.889614,2019-03-07T17:08:36+0000,2019-03-07T17:08:36+0000,panoptic
7793612650731371,12.477185,41.889656,2019-03-07T17:08:30+0000,2019-03-07T17:08:30+0000,panoptic
7793612657398037,12.477456,41.889343,2019-03-07T17:08:18+0000,2019-03-07T17:08:18+0000,panoptic
7793612660731370,12.4772625,41.88944,2019-03-07T17:08:36+0000,2019-03-07T17:08:36+0000,panoptic
7793612664064703,12.47729,41.88944,2019-03-07T17:08:52+0000,2019-03-07T17:08:52+0000,panoptic
7793612667398036,12.477216,41.888737,2019-03-07T17:06:55+0000,2019-03-07T17:06:55+0000,panoptic
7793612670731369,12.477138,41.888622,2019-03-07T17:06:45+0000,2019-03-07T17:06:45+0000,panoptic
7793612674064702,12.476985,41.888386,2019-03-07T17:06:21+0000,2019-03-07T17:06:21+0000,panoptic
7793612677398035,12.4770155,41.888416,2019-03-07T17:06:21+0000,2019-03-07T17:06:21+0000,panoptic
7793612680731368,12.477455,41.889194,2019-03-07T17:08:16+0000,2019-03-07T17:08:16+0000,panoptic
7793612684064701,12.477461,41.88936,2019-03-07T17:08:24+0000,2019-03-07T17:08:24+0000,panoptic
7793612687398034,12.477207,41.888767,2019-03-07T17:06:53+0000,2019-03-07T17:06:53+0000,trafficsign
7793612690731367,12.477482,41.889336,2019-03-07T17:08:30+0000,2019-03-07T17:08:30+0000,panoptic
7793612694064700,12.477207,41.888767,2019-03-07T17:06:37+0000,2019-03-07T17:06:37+0000,panoptic
7793612697398033,12.477099,41.88841,2019-03-07T17:06:11+0000,2019-03-07T17:06:11+0000,panoptic
7793612700731366,12.476913,41.888386,2019-03-07T17:06:19+0000,2019-03-07T17:06:19+0000,panoptic
7793612704064699,12.477492,41.88932,2019-03-07T17:08:26+0000,2019-03-07T17:08:26+0000,panoptic
7793612707398032,12.477286,41.889435,2019-03-07T17:08:46+0000,2019-03-07T17:08:46+0000,panoptic
7793612710731365,12.477007,41.888424,2019-03-07T17:06:19+0000,2019-03-07T17:06:19+0000,panoptic
7793612714064698,12.477486,41.889347,2019-03-07T17:08:34+0000,2019-03-07T17:08:34+0000,panoptic
7793612717398031,12.477452,41.889317,2019-03-07T17:08:20+0000,2019-03-07T17:08:20+0000,panoptic
7793612720731364,12.477493,41.88932,2019-03-07T17:08:30+0000,2019-03-07T17:08:30+0000,panoptic
7793612724064697,12.477419,41.889378,2019-03-07T17:08:32+0000,2019-03-07T17:08:32+0000,panoptic
7793612727398030,12.477443,41.88937,2019-03-07T17:08:22+0000,2019-03-07T17:08:22+0000,panoptic
7793612730731363,12.477183,41.888733,2019-03-07T17:06:51+0000,2019-03-07T17:06:51+0000,panoptic
7793612734064696,12.477038,41.88954,2019-03-07T17:08:42+0000,2019-03-07T17:09:50+0000,panoptic
7793612737398029,12.477184,41.88966,2019-03-07T17:08:30+0000,2019-03-07T17:10:39+0000,panoptic
7793612740731362,12.477196,41.889683,2019-03-07T17:08:34+0000,2019-03-07T17:10:39+0000,panoptic
7793612744064695,12.477121,41.88968,2019-03-07T17:08:36+0000,2019-03-07T17:09:50+0000,panoptic
7793612747398028,12.477391,41.88939,2019-03-07T17:08:30+0000,2019-03-07T17:08:30+0000,panoptic
7793612750731361,12.477114,41.889618,2019-03-07T17:08:46+0000,2019-03-07T17:08:46+0000,panoptic
7793612754064694,12.47707,41.889626,2019-03-07T17:08:36+0000,2019-03-07T17:09:50+0000,panoptic
7793612757398027,12.477934,41.889248,2019-03-07T17:08:12+0000,2019-03-07T17:08:12+0000,panoptic
7793612760731360,12.477562,41.889473,2019-03-07T17:08:22+0000,2019-03-07T17:08:22+0000,panoptic
7793612764064693,12.4772835,41.889515,2019-03-07T17:08:48+0000,2019-03-07T17:08:48+0000,panoptic
7793612767398026,12.477271,41.88964,2019-03-07T17:08:42+0000,2019-03-07T17:08:42+0000,panoptic
7793612770731359,12.477053,41.88956,2019-03-07T17:08:44+0000,2019-03-07T17:09:50+0000,panoptic
7793612774064692,12.477189,41.889656,2019-03-07T17:08:40+0000,2019-03-07T17:08:40+0000,panoptic
7793612777398025,12.4773445,41.88888,2019-03-07T17:06:53+0000,2019-03-07T17:06:53+0000,panoptic
7793612780731358,12.477301,41.88986,2019-03-07T17:08:42+0000,2019-03-07T17:10:39+0000,panoptic
7793612784064691,12.477475,41.88904,2019-03-07T17:06:55+0000,2019-03-07T17:06:55+0000,panoptic
7793612787398024,12.477737,41.88929,2019-03-07T17:08:20+0000,2019-03-07T17:08:20+0000,panoptic
7793612790731357,12.477512,41.889404,2019-03-07T17:08:20+0000,2019-03-07T17:08:20+0000,panoptic
7793612794064690,12.477231,41.88874,2019-03-07T17:06:29+0000,2019-03-07T17:06:29+0000,panoptic
7793612797398023,12.477,41.88844,2019-03-07T17:06:13+0000,2019-03-07T17:06:13+0000,panoptic
7793612800731356,12.477509,41.88931,2019-03-07T17:08:22+0000,2019-03-07T17:08:22+0000,panoptic
7793612804064689,12.477279,41.889587,2019-03-07T17:08:28+0000,2019-03-07T17:08:28+0000,panoptic
7793612807398022,12.477298,41.889416,2019-03-07T17:08:42+0000,2019-03-07T17:08:42+0000,panoptic
7793612810731355,12.476919,41.888386,2019-03-07T17:06:15+0000,2019-03-07T17:06:15+0000,panoptic
7793612814064688,12.477405,41.889328,2019-03-07T17:08:20+0000,2019-03-07T17:08:20+0000,panoptic
7793612817398021,12.477408,41.888947,2019-03-07T17:07:42+0000,2019-03-07T17:07:42+0000,panoptic
7793612820731354,12.4769125,41.888386,2019-03-07T17:06:17+0000,2019-03-07T17:06:17+0000,panoptic
7793612824064687,12.477451,41.889164,2019-03-07T17:06:47+0000,2019-03-07T17:06:47+0000,panoptic
7793612827398020,12.4774885,41.889313,2019-03-07T17:08:26+0000,2019-03-07T17:08:26+0000,panoptic
7793612830731353,12.477881,41.889294,2019-03-07T17:08:08+0000,2019-03-07T17:08:08+0000,panoptic
7793612834064686,12.47736,41.8889,2019-03-07T17:07:50+0000,2019-03-07T17:07:50+0000,panoptic
7793612837398019,12.4772625,41.88965,2019-03-07T17:08:56+0000,2019-03-07T17:10:43+0000,panoptic
7793612840731352,12.476964,41.889572,2019-03-07T17:08:58+0000,2019-03-07T17:09:50+0000,panoptic
7793612844064685,12.477118,41.88941,2019-03-07T17:08:44+0000,2019-03-07T17:08:44+0000,panoptic
7793612847398018,12.477491,41.88932,2019-03-07T17:08:16+0000,2019-03-07T17:08:16+0000,panoptic
7793612850731351,12.477497,41.889343,2019-03-07T17:08:16+0000,2019-03-07T17:08:16+0000,panoptic
7793612854064684,12.477512,41.88933,2019-03-07T17:08:16+0000,2019-03-07T17:08:16+0000,panoptic
7793612857398017,12.476914,41.888386,2019-03-07T17:06:17+0000,2019-03-07T17:06:17+0000,panoptic
7793612860731350,12.477252,41.88963,2019-03-07T17:08:38+0000,2019-03-07T17:08:38+0000,panoptic
1131386944809319,12.472467,41.882816,2017-05-16T20:37:12+0000,2017-05-16T20:37:12+0000,panoptic
1131386948142652,12.472482,41.88264,2017-05-16T20:37:12+0000,2017-05-16T20:37:12+0000,panoptic
1131386951475985,12.472293,41.882484,2017-05-16T20:37:12+0000,2017-05-16T20:37:12+0000,panoptic
1131386954809318,12.472142,41.882355,2017-05-16T20:37:13+0000,2017-05-16T20:37:17+0000,panoptic
808919591222873,12.474776,41.8881,2016-08-11T15:03:22+0000,2016-08-11T15:03:22+0000,panoptic
808919594556206,12.475029,41.888287,2016-08-11T15:02:51+0000,2016-08-11T15:02:51+0000,panoptic
808919597889539,12.475029,41.888287,2016-08-11T15:02:51+0000,2016-08-11T15:02:51+0000,trafficsign
808919601222872,12.4752,41.88857,2016-08-11T15:01:53+0000,2016-08-11T15:01:53+0000,panoptic
808919604556205,12.475387,41.888737,2016-08-11T15:01:35+0000,2016-08-11T15:01:35+0000,panoptic
724297680252628,12.474234,41.889004,2025-05-27T16:48:50+0000,2025-05-27T16:48:50+0000,panoptic
724297683585961,12.474333,41.889297,2025-05-27T16:48:49+0000,2025-05-27T16:48:49+0000,panoptic
724297686919294,12.474302,41.889774,2025-05-27T16:48:44+0000,2025-05-27T16:48:44+0000,panoptic
724297690252627,12.4745455,41.89027,2025-05-27T16:48:38+0000,2025-05-27T16:48:38+0000,panoptic
724297693585960,12.474343,41.889877,2025-05-27T16:48:43+0000,2025-05-27T16:48:43+0000,panoptic
724297700252626,12.474561,41.89028,2025-05-27T16:48:39+0000,2025-05-27T16:48:39+0000,trafficsign
724297703585959,12.474274,41.889683,2025-05-27T16:48:46+0000,2025-05-27T16:48:46+0000,panoptic
724297706919292,12.474527,41.89025,2025-05-27T16:48:38+0000,2025-05-27T16:48:38+0000,panoptic
724297710252625,12.474466,41.889744,2025-05-27T16:48:43+0000,2025-05-27T16:48:43+0000,panoptic
724297713585958,12.474326,41.889465,2025-05-27T16:48:48+0000,2025-05-27T16:48:48+0000,panoptic
724297716919291,12.474739,41.889706,2025-05-27T16:48:43+0000,2025-05-27T16:48:43+0000,panoptic
724297720252624,12.474354,41.88991,2025-05-27T16:48:43+0000,2025-05-27T16:48:43+0000,panoptic
724297723585957,12.474406,41.889908,2025-05-27T16:48:41+0000,2025-05-27T16:48:41+0000,panoptic
724297726919290,12.47435,41.889877,2025-05-27T16:48:42+0000,2025-05-27T16:48:42+0000,panoptic
724297730252623,12.474544,41.890266,2025-05-27T16:48:38+0000,2025-05-27T16:48:38+0000,panoptic
724297733585956,12.474544,41.88997,2025-05-27T16:48:38+0000,2025-05-27T16:48:38+0000,panoptic
724297736919289,12.474457,41.890297,2025-05-27T16:48:38+0000,2025-05-27T16:48:38+0000,panoptic
724297740252622,12.474428,41.88913,2025-05-27T16:48:49+0000,2025-05-27T16:48:49+0000,panoptic
724297743585955,12.4745245,41.889957,2025-05-27T16:48:39+0000,2025-05-27T16:48:39+0000,panoptic
724297746919288,12.4745,41.890247,2025-05-27T16:48:38+0000,2025-05-27T16:48:38+0000,panoptic
724297750252621,12.474342,41.889343,2025-05-27T16:48:49+0000,2025-05-27T16:48:49+0000,panoptic
1169959730868585,12.477685,41.890533,2015-03-26T10:26:27+0000,2019-03-08T13:40:18+0000,trafficsign
322021500938408,12.4786415,41.888844,2016-07-07T11:29:39+0000,2016-07-07T11:29:39+0000,panoptic
322021504271741,12.478415,41.88921,2016-07-07T11:29:27+0000,2016-07-07T11:29:27+0000,panoptic
322021507605074,12.478346,41.889236,2016-07-07T11:29:27+0000,2016-07-07T11:29:27+0000,panoptic
322021510938407,12.478761,41.88858,2016-07-07T11:29:43+0000,2016-07-07T11:29:43+0000,panoptic
322021514271740,12.4787855,41.888676,2016-07-07T11:29:39+0000,2016-07-07T11:29:39+0000,panoptic
828739189288134,12.473942,41.89035,2017-05-16T20:34:01+0000,2017-05-16T20:34:01+0000,panoptic
828739192621467,12.473335,41.890404,2017-05-16T20:33:59+0000,2017-05-16T20:33:59+0000,panoptic
828739195954800,12.473655,41.89034,2017-05-16T20:34:01+0000,2017-05-16T20:34:01+0000,panoptic
828739199288133,12.473573,41.89043,2017-05-16T20:33:59+0000,2017-05-16T20:33:59+0000,panoptic
828739202621466,12.473711,41.890324,2017-05-16T20:34:04+0000,2017-05-16T20:34:04+0000,panoptic
828739205954799,12.47389,41.890446,2017-05-16T20:34:02+0000,2017-05-16T20:34:02+0000,panoptic
784971640281259,12.47848,41.888863,2017-05-16T20:34:58+0000,2017-05-16T20:34:58+0000,panoptic
784971643614592,12.478196,41.888573,2017-05-16T20:34:57+0000,2017-05-16T20:34:57+0000,panoptic
784971646947925,12.478297,41.88881,2017-05-16T20:34:58+0000,2017-05-16T20:34:58+0000,panoptic
784971650281258,12.478664,41.888786,2017-05-16T20:34:58+0000,2017-05-16T20:34:58+0000,panoptic
649120754627859,12.473825,41.889084,2025-04-29T15:16:28+0000,2025-04-29T15:16:28+0000,panoptic
1150096856116762,12.48099,41.889038,2019-03-08T14:14:44+0000,2019-03-08T14:14:44+0000,panoptic
1150096859450095,12.480166,41.889187,2019-03-08T14:13:36+0000,2019-03-08T14:13:36+0000,panoptic
1150096862783428,12.480161,41.88934,2019-03-08T14:13:22+0000,2019-03-08T14:13:22+0000,panoptic
1150096866116761,12.479796,41.889088,2019-03-08T14:13:22+0000,2019-03-08T14:13:22+0000,panoptic
1150096872783427,12.480302,41.889217,2019-03-08T14:13:22+0000,2019-03-08T14:13:22+0000,panoptic
1150096876116760,12.480512,41.889397,2019-03-08T14:13:12+0000,2019-03-08T14:13:12+0000,panoptic
1150096882783426,12.480705,41.88903,2019-03-08T14:14:26+0000,2019-03-08T14:14:26+0000,panoptic
1150096886116759,12.480784,41.88899,2019-03-08T14:14:22+0000,2019-03-08T14:14:22+0000,panoptic
1150096889450092,12.480284,41.88915,2019-03-08T14:13:34+0000,2019-03-08T14:13:34+0000,panoptic
1150096892783425,12.480015,41.889187,2019-03-08T14:13:16+0000,2019-03-08T14:13:16+0000,panoptic
1150096899450091,12.48019,41.889004,2019-03-08T14:13:30+0000,2019-03-08T14:13:30+0000,panoptic
1150096902783424,12.480339,41.88897,2019-03-08T14:13:40+0000,2019-03-08T14:13:40+0000,panoptic
1150096906116757,12.48026,41.889008,2019-03-08T14:13:42+0000,2019-03-08T14:13:42+0000,panoptic
1150096909450090,12.4802885,41.88917,2019-03-08T14:13:22+0000,2019-03-08T14:13:22+0000,panoptic
1150096912783423,12.480307,41.88907,2019-03-08T14:13:20+0000,2019-03-08T14:13:20+0000,panoptic
1150096916116756,12.480406,41.888824,2019-03-08T14:13:54+0000,2019-03-08T14:13:54+0000,panoptic
1150096919450089,12.480189,41.889008,2019-03-08T14:13:30+0000,2019-03-08T14:13:30+0000,panoptic
1150096922783422,12.4803,41.889053,2019-03-08T14:13:22+0000,2019-03-08T14:13:22+0000,panoptic
1150096926116755,12.480449,41.889297,2019-03-08T14:13:10+0000,2019-03-08T14:13:10+0000,panoptic
1150096932783421,12.480268,41.889133,2019-03-08T14:13:18+0000,2019-03-08T14:13:18+0000,panoptic
1150096936116754,12.480144,41.889282,2019-03-08T14:13:14+0000,2019-03-08T14:13:14+0000,panoptic
1150096939450087,12.4802,41.888943,2019-03-08T14:13:34+0000,2019-03-08T14:13:34+0000,panoptic
1150096942783420,12.480219,41.888996,2019-03-08T14:13:16+0000,2019-03-08T14:13:16+0000,panoptic
1885343381894206,12.471975,41.88221,2017-05-16T20:37:17+0000,2017-05-16T20:37:17+0000,panoptic
1885343388560872,12.471896,41.882103,2017-05-16T20:37:18+0000,2017-05-16T20:37:18+0000,panoptic
322644490877518,12.470693,41.889156,2016-08-11T15:36:04+0000,2016-08-11T15:36:04+0000,panoptic
725384769566783,12.470307,41.889412,2020-06-27T13:07:35+0000,2020-06-27T13:07:35+0000,panoptic
838716657615093,12.480542,41.889603,2023-08-08T07:41:13+0000,2023-08-08T07:41:13+0000,panoptic
838716660948426,12.480765,41.889687,2023-08-08T07:41:13+0000,2023-08-08T07:41:13+0000,panoptic
838716664281759,12.480766,41.889687,2023-08-08T07:41:14+0000,2023-08-08T07:41:14+0000,trafficsign
982956560171517,12.474431,41.89027,2017-05-16T20:34:16+0000,2017-05-16T20:34:16+0000,panoptic
982956563504850,12.474577,41.89039,2017-05-16T20:34:15+0000,2025-05-27T16:47:44+0000,panoptic
982956566838183,12.474223,41.890324,2017-05-16T20:34:15+0000,2017-05-16T20:34:15+0000,panoptic
982956570171516,12.474779,41.890255,2017-05-16T20:34:16+0000,2017-05-16T20:34:16+0000,panoptic
1937349817081658,12.474563,41.890354,2025-05-27T16:47:43+0000,2025-05-27T16:47:43+0000,panoptic
1937349820414991,12.474565,41.890472,2025-05-27T16:47:41+0000,2025-05-27T16:47:41+0000,panoptic
1937349823748324,12.474597,41.890385,2025-05-27T16:47:46+0000,2025-05-27T16:47:46+0000,panoptic
1937349827081657,12.474537,41.890446,2025-05-27T16:47:43+0000,2025-05-27T16:47:43+0000,panoptic
1937349830414990,12.474568,41.890495,2025-05-27T16:47:40+0000,2025-05-27T16:47:40+0000,panoptic
1937349833748323,12.474619,41.890377,2025-05-27T16:47:44+0000,2025-05-27T16:47:44+0000,panoptic
1937349840414989,12.474607,41.89038,2025-05-27T16:47:45+0000,2025-05-27T16:47:45+0000,panoptic
1937349843748322,12.474507,41.890255,2025-05-27T16:47:45+0000,2025-05-27T16:48:38+0000,panoptic
1937349847081655,12.47447,41.890514,2025-05-27T16:47:47+0000,2025-05-27T16:47:47+0000,panoptic
1937349850414988,12.474471,41.89051,2025-05-27T16:47:44+0000,2025-05-27T16:47:44+0000,panoptic
1937349853748321,12.474488,41.890446,2025-05-27T16:47:46+0000,2025-05-27T16:47:46+0000,panoptic
1937349857081654,12.474567,41.89045,2025-05-27T16:47:42+0000,2025-05-27T16:47:42+0000,panoptic
1937349860414987,12.474471,41.89051,2025-05-27T16:47:44+0000,2025-05-27T16:47:44+0000,panoptic
1937349863748320,12.474471,41.89051,2025-05-27T16:47:44+0000,2025-05-27T16:47:44+0000,panoptic
890632516410769,12.47717,41.890488,2019-03-08T13:42:00+0000,2019-03-08T14:06:15+0000,panoptic
890632519744102,12.476183,41.8908,2019-03-08T13:42:42+0000,2019-03-08T13:42:42+0000,panoptic
890632523077435,12.476003,41.890854,2019-03-08T13:42:24+0000,2019-03-08T13:42:24+0000,panoptic
890632526410768,12.474956,41.891636,2019-03-08T13:43:54+0000,2019-03-08T13:43:54+0000,panoptic
890632533077434,12.477103,41.890503,2019-03-08T13:42:00+0000,2019-03-08T14:06:15+0000,panoptic
890632539744100,12.4763975,41.89074,2019-03-08T13:42:22+0000,2019-03-08T13:42:22+0000,panoptic
890632546410766,12.474554,41.89102,2019-03-08T13:43:42+0000,2019-03-08T13:43:42+0000,panoptic
890632553077432,12.474775,41.891014,2019-03-08T13:43:22+0000,2019-03-08T13:43:22+0000,panoptic
890632556410765,12.476224,41.890804,2019-03-08T13:42:10+0000,2019-03-08T13:42:10+0000,panoptic
890632559744098,12.475101,41.891647,2019-03-08T13:43:56+0000,2019-03-08T13:43:56+0000,panoptic
890632563077431,12.475059,41.890316,2019-03-08T13:43:14+0000,2019-03-08T13:43:14+0000,panoptic
341850741980048,12.475583,41.890274,2016-07-07T11:28:24+0000,2016-07-07T11:28:24+0000,panoptic
341850745313381,12.475585,41.890274,2016-07-07T11:28:22+0000,2016-07-07T11:28:22+0000,panoptic
2149781125392225,12.475459,41.890144,2017-05-16T20:34:25+0000,2017-05-16T20:34:25+0000,panoptic
2149781128725558,12.476118,41.889957,2017-05-16T20:34:29+0000,2017-05-16T20:34:29+0000,panoptic
2149781132058891,12.475808,41.89005,2017-05-16T20:34:28+0000,2017-05-16T20:34:28+0000,panoptic
2149781135392224,12.47644,41.88986,2017-05-16T20:34:30+0000,2017-05-16T20:34:30+0000,panoptic
2149781138725557,12.47645,41.889797,2017-05-16T20:34:36+0000,2017-05-16T20:34:36+0000,panoptic
1698664764272358,12.477353,41.890156,2019-03-07T17:11:11+0000,2019-03-07T17:11:11+0000,panoptic
1698664767605691,12.477008,41.889572,2019-03-07T17:09:52+0000,2019-03-07T17:09:52+0000,panoptic
1698664770939024,12.4770775,41.889668,2019-03-07T17:10:41+0000,2019-03-07T17:10:41+0000,panoptic
1698664774272357,12.476996,41.889576,2019-03-07T17:09:54+0000,2019-03-07T17:09:54+0000,panoptic
1698664777605690,12.477886,41.890766,2019-03-07T17:13:00+0000,2019-03-08T14:08:19+0000,panoptic
1698664780939023,12.477228,41.889812,2019-03-07T17:10:57+0000,2019-03-07T17:10:57+0000,panoptic
1698664787605689,12.477307,41.89004,2019-03-07T17:10:57+0000,2019-03-07T17:10:57+0000,panoptic
1698664790939022,12.47751,41.890617,2019-03-07T17:12:50+0000,2019-03-07T17:12:50+0000,panoptic
1698664794272355,12.477252,41.889896,2019-03-07T17:11:01+0000,2019-03-07T17:11:01+0000,panoptic
1698664797605688,12.477053,41.890583,2019-03-07T17:12:34+0000,2019-03-08T13:40:34+0000,panoptic
1698664800939021,12.477499,41.89037,2019-03-07T17:12:30+0000,2019-03-07T17:12:30+0000,panoptic
1698664804272354,12.47733,41.89044,2019-03-07T17:12:30+0000,2019-03-07T17:12:30+0000,panoptic
1698664810939020,12.477366,41.89041,2019-03-07T17:12:34+0000,2019-03-07T17:12:34+0000,panoptic
1698664817605686,12.476945,41.889664,2019-03-07T17:09:50+0000,2019-03-07T17:09:50+0000,panoptic
1698664820939019,12.47706,41.889687,2019-03-07T17:09:50+0000,2019-03-07T17:09:50+0000,panoptic
1698664827605685,12.477309,41.890057,2019-03-07T17:10:47+0000,2019-03-07T17:10:47+0000,panoptic
1698664834272351,12.477053,41.889694,2019-03-07T17:09:50+0000,2019-03-07T17:09:50+0000,panoptic
1698664840939017,12.47701,41.889545,2019-03-07T17:09:50+0000,2019-03-07T17:09:50+0000,panoptic
1698664847605683,12.477058,41.88969,2019-03-07T17:09:54+0000,2019-03-07T17:09:54+0000,panoptic
1698664850939016,12.477356,41.890427,2019-03-07T17:12:30+0000,2019-03-07T17:12:30+0000,panoptic
1698664857605682,12.478095,41.890533,2019-03-07T17:13:00+0000,2019-03-08T14:08:07+0000,panoptic
1698664860939015,12.477062,41.88969,2019-03-07T17:09:54+0000,2019-03-07T17:09:54+0000,panoptic
1698664864272348,12.477908,41.890778,2019-03-07T17:13:26+0000,2019-03-08T13:39:46+0000,panoptic
1698664870939014,12.477711,41.890587,2019-03-07T17:12:44+0000,2019-03-07T17:12:44+0000,panoptic
1698664874272347,12.477612,41.89041,2019-03-07T17:12:30+0000,2019-03-07T17:12:30+0000,panoptic
1698664877605680,12.477854,41.89075,2019-03-07T17:13:14+0000,2019-03-07T17:13:14+0000,panoptic
1698664880939013,12.477323,41.89055,2019-03-07T17:12:28+0000,2019-03-08T13:40:22+0000,panoptic
1698664884272346,12.477549,41.89038,2019-03-07T17:12:30+0000,2019-03-08T14:05:41+0000,panoptic
1698664887605679,12.477576,41.890594,2019-03-07T17:12:56+0000,2019-03-07T17:12:56+0000,panoptic
1698664910939010,12.477862,41.89074,2019-03-07T17:13:04+0000,2019-03-08T14:08:58+0000,panoptic
1698664917605676,12.477577,41.890594,2019-03-07T17:12:56+0000,2019-03-07T17:12:56+0000,panoptic
1698664920939009,12.477532,41.89061,2019-03-07T17:12:48+0000,2019-03-07T17:12:48+0000,panoptic
1698664937605674,12.477194,41.88968,2019-03-07T17:10:39+0000,2019-03-07T17:10:39+0000,panoptic
1698664940939007,12.477194,41.88968,2019-03-07T17:10:39+0000,2019-03-07T17:10:39+0000,panoptic
1698664944272340,12.476995,41.889713,2019-03-07T17:09:58+0000,2019-03-07T17:09:58+0000,panoptic
1698664947605673,12.477193,41.88968,2019-03-07T17:10:39+0000,2019-03-07T17:10:39+0000,panoptic
1698664950939006,12.477923,41.890793,2019-03-07T17:13:18+0000,2019-03-08T14:09:05+0000,panoptic
1698664957605672,12.477924,41.890785,2019-03-07T17:13:26+0000,2019-03-08T13:39:46+0000,panoptic
1698664960939005,12.477959,41.890816,2019-03-07T17:13:28+0000,2019-03-08T14:09:05+0000,panoptic
1698664970939004,12.47766,41.89065,2019-03-07T17:11:29+0000,2019-03-08T13:39:30+0000,panoptic
1698664977605670,12.477312,41.890095,2019-03-07T17:10:51+0000,2019-03-07T17:10:51+0000,panoptic
1698664980939003,12.477187,41.889675,2019-03-07T17:10:43+0000,2019-03-07T17:10:43+0000,panoptic
1698664984272336,12.477865,41.890755,2019-03-07T17:13:26+0000,2019-03-08T13:39:34+0000,panoptic
1698664987605669,12.47792,41.890884,2019-03-07T17:13:02+0000,2019-03-08T14:09:05+0000,panoptic
1698664990939002,12.477281,41.890152,2019-03-07T17:11:25+0000,2019-03-07T17:11:25+0000,panoptic
1698664997605668,12.477207,41.889915,2019-03-07T17:11:07+0000,2019-03-07T17:11:07+0000,panoptic
1698665000939001,12.47727,41.89002,2019-03-07T17:11:15+0000,2019-03-07T17:11:15+0000,panoptic
1698665004272334,12.477116,41.88972,2019-03-07T17:10:43+0000,2019-03-07T17:10:43+0000,panoptic
1698665007605667,12.47716,41.889713,2019-03-07T17:10:49+0000,2019-03-07T17:10:49+0000,panoptic
1698665010939000,12.477076,41.889523,2019-03-07T17:09:50+0000,2019-03-07T17:09:50+0000,panoptic
1698665014272333,12.477076,41.889507,2019-03-07T17:09:50+0000,2019-03-07T17:09:50+0000,panoptic
1698665017605666,12.477707,41.890675,2019-03-07T17:13:10+0000,2019-03-07T17:13:10+0000,panoptic
1698665020938999,12.477415,41.890396,2019-03-07T17:12:42+0000,2019-03-07T17:12:42+0000,panoptic
1698665024272332,12.477243,41.889668,2019-03-07T17:10:43+0000,2019-03-07T17:10:43+0000,panoptic
1698665027605665,12.477842,41.890896,2019-03-07T17:13:30+0000,2019-03-07T17:13:30+0000,panoptic
1698665030938998,12.477181,41.889664,2019-03-07T17:10:41+0000,2019-03-07T17:10:41+0000,panoptic
1698665037605664,12.477926,41.890812,2019-03-07T17:13:26+0000,2019-03-07T17:13:26+0000,panoptic
1698665040938997,12.477852,41.890724,2019-03-07T17:13:08+0000,2019-03-08T13:39:48+0000,panoptic
1698665044272330,12.478113,41.890987,2019-03-07T17:13:16+0000,2019-03-08T13:49:44+0000,panoptic
1698665050938996,12.478275,41.891163,2019-03-07T17:13:20+0000,2019-03-08T14:09:39+0000,panoptic
1698665054272329,12.478074,41.891006,2019-03-07T17:13:02+0000,2019-03-08T14:09:05+0000,panoptic
1698665057605662,12.477045,41.890537,2019-03-07T17:11:31+0000,2019-03-08T14:07:01+0000,panoptic
1698665064272328,12.477529,41.89037,2019-03-07T17:11:21+0000,2019-03-08T14:05:15+0000,panoptic
1698665070938994,12.477912,41.890633,2019-03-07T17:12:34+0000,2019-03-07T17:12:34+0000,panoptic
1698665074272327,12.477603,41.890343,2019-03-07T17:11:15+0000,2019-03-08T14:05:09+0000,panoptic
1698665077605660,12.477331,41.890087,2019-03-07T17:11:25+0000,2019-03-07T17:11:25+0000,panoptic
1698665120938989,12.477307,41.89004,2019-03-07T17:10:57+0000,2019-03-07T17:10:57+0000,trafficsign
1698665124272322,12.477301,41.890045,2019-03-07T17:11:01+0000,2019-03-07T17:11:01+0000,trafficsign
1698665127605655,12.477252,41.889896,2019-03-07T17:11:03+0000,2019-03-07T17:11:03+0000,trafficsign
1698665144272320,12.477323,41.890553,2019-03-07T17:12:34+0000,2019-03-08T13:40:22+0000,trafficsign
1698665147605653,12.477052,41.88969,2019-03-07T17:09:50+0000,2019-03-07T17:09:50+0000,panoptic
1698665154272319,12.477351,41.89056,2019-03-07T17:12:30+0000,2019-03-08T13:40:22+0000,panoptic
1698665157605652,12.477873,41.890892,2019-03-07T17:13:10+0000,2019-03-08T14:09:05+0000,panoptic
1698665160938985,12.477862,41.890892,2019-03-07T17:13:28+0000,2019-03-08T14:09:08+0000,panoptic
1698665164272318,12.477898,41.8908,2019-03-07T17:13:18+0000,2019-03-07T17:13:18+0000,panoptic
1698665167605651,12.477876,41.890892,2019-03-07T17:13:22+0000,2019-03-08T14:09:08+0000,panoptic
1698665170938984,12.477182,41.889717,2019-03-07T17:10:39+0000,2019-03-07T17:10:39+0000,panoptic
1698665174272317,12.47717,41.889683,2019-03-07T17:10:41+0000,2019-03-07T17:10:41+0000,panoptic
1698665177605650,12.47717,41.88968,2019-03-07T17:10:39+0000,2019-03-07T17:10:39+0000,panoptic
1698665180938983,12.477303,41.89005,2019-03-07T17:11:09+0000,2019-03-07T17:11:09+0000,panoptic
1698665184272316,12.47731,41.890045,2019-03-07T17:11:09+0000,2019-03-07T17:11:09+0000,panoptic
1698665187605649,12.477341,41.890125,2019-03-07T17:11:13+0000,2019-03-07T17:11:13+0000,panoptic
974237941152132,12.477063,41.88974,2017-05-16T20:34:41+0000,2019-03-07T17:09:50+0000,panoptic
974237944485465,12.476839,41.889706,2017-05-16T20:34:41+0000,2017-05-16T20:34:41+0000,panoptic
974237947818798,12.4771385,41.88959,2017-05-16T20:34:42+0000,2017-05-16T20:34:42+0000,panoptic
974237951152131,12.476906,41.889645,2017-05-16T20:34:42+0000,2019-03-07T17:09:50+0000,panoptic
974237954485464,12.476631,41.88973,2017-05-16T20:34:41+0000,2017-05-16T20:34:41+0000,panoptic
764693202482087,12.477704,41.88922,2017-05-16T20:34:54+0000,2017-05-16T20:34:54+0000,panoptic
764693205815420,12.477788,41.889206,2017-05-16T20:34:54+0000,2017-05-16T20:34:54+0000,panoptic
422104854042311,12.478751,41.890022,2019-03-08T13:56:38+0000,2019-03-08T13:56:38+0000,panoptic
422104860708977,12.477944,41.890224,2019-03-08T13:57:22+0000,2019-03-08T14:05:01+0000,panoptic
422104864042310,12.478118,41.8902,2019-03-08T13:56:46+0000,2019-03-08T14:05:01+0000,panoptic
947408787177579,12.478111,41.889442,2016-07-07T11:29:16+0000,2016-07-07T11:29:16+0000,panoptic
498401639186888,12.479831,41.8902,2019-03-08T14:12:22+0000,2019-03-08T14:12:22+0000,panoptic
498401642520221,12.479938,41.890182,2019-03-08T14:12:04+0000,2019-03-08T14:12:04+0000,panoptic
498401649186887,12.48001,41.890083,2019-03-08T14:12:24+0000,2019-03-08T14:12:24+0000,panoptic
498401652520220,12.4800415,41.89003,2019-03-08T14:12:22+0000,2019-03-08T14:12:22+0000,panoptic
498401655853553,12.479821,41.890327,2019-03-08T14:12:06+0000,2019-03-08T14:12:06+0000,panoptic
498401659186886,12.47982,41.890327,2019-03-08T14:12:08+0000,2019-03-08T14:12:08+0000,panoptic
498401662520219,12.479956,41.89024,2019-03-08T14:12:08+0000,2019-03-08T14:12:08+0000,panoptic
498401665853552,12.479974,41.890236,2019-03-08T14:12:04+0000,2019-03-08T14:12:04+0000,panoptic
498401669186885,12.480165,41.889824,2019-03-08T14:12:38+0000,2019-03-08T14:12:38+0000,panoptic
1036792634538621,12.476832,41.889908,2016-07-07T11:28:54+0000,2016-07-07T11:28:54+0000,panoptic
952281909712856,12.477473,41.890656,2017-09-17T15:41:36+0000,2017-09-17T15:41:36+0000,panoptic
952281913046189,12.477639,41.890614,2017-09-17T15:41:19+0000,2019-03-08T13:39:20+0000,panoptic
952281916379522,12.477863,41.890743,2017-09-17T15:42:18+0000,2019-03-08T14:08:21+0000,panoptic
952281919712855,12.477872,41.890736,2017-09-17T15:42:45+0000,2019-03-08T13:39:24+0000,panoptic
952281923046188,12.477569,41.890602,2017-09-17T15:42:06+0000,2019-03-07T17:12:56+0000,panoptic
952281926379521,12.4773,41.890175,2017-09-17T15:41:04+0000,2019-03-08T14:05:17+0000,panoptic
952281929712854,12.477313,41.89022,2017-09-17T15:41:09+0000,2019-03-08T13:41:58+0000,panoptic
952281933046187,12.477387,41.890186,2017-09-17T15:41:04+0000,2019-03-08T14:07:19+0000,panoptic
952281936379520,12.477213,41.889973,2017-09-17T15:41:04+0000,2019-03-08T14:05:21+0000,panoptic
952281939712853,12.477305,41.88994,2017-09-17T15:41:04+0000,2019-03-08T14:05:15+0000,panoptic
952281943046186,12.477364,41.89015,2017-09-17T15:41:04+0000,2019-03-08T14:07:19+0000,panoptic
952281946379519,12.477746,41.89061,2017-09-17T15:42:06+0000,2019-03-08T13:40:10+0000,panoptic
952281949712852,12.477691,41.890583,2017-09-17T15:42:02+0000,2019-03-07T17:12:38+0000,trafficsign
952281956379518,12.477673,41.890537,2017-09-17T15:42:18+0000,2017-09-17T15:42:18+0000,trafficsign
952281959712851,12.477737,41.890617,2017-09-17T15:42:06+0000,2019-03-07T17:13:04+0000,trafficsign
952281963046184,12.477533,41.89061,2017-09-17T15:41:58+0000,2019-03-07T17:12:50+0000,trafficsign
952281966379517,12.477889,41.890873,2017-09-17T15:41:50+0000,2017-09-17T15:41:50+0000,panoptic
952281969712850,12.47739,41.890434,2017-09-17T15:41:46+0000,2019-03-07T17:11:29+0000,panoptic
952281973046183,12.477682,41.890602,2017-09-17T15:41:58+0000,2019-03-07T17:12:58+0000,panoptic
952281976379516,12.477431,41.89061,2017-09-17T15:41:58+0000,2019-03-08T13:40:22+0000,panoptic
952281979712849,12.477535,41.890614,2017-09-17T15:42:02+0000,2019-03-07T17:12:34+0000,panoptic
952281983046182,12.477531,41.890606,2017-09-17T15:42:06+0000,2019-03-07T17:12:34+0000,panoptic
952281986379515,12.477644,41.890503,2017-09-17T15:42:06+0000,2019-03-07T17:12:42+0000,panoptic
952281989712848,12.477688,41.890537,2017-09-17T15:42:14+0000,2019-03-08T13:40:08+0000,panoptic
952281993046181,12.477183,41.889927,2017-09-17T15:41:04+0000,2019-03-07T17:10:49+0000,panoptic
952281996379514,12.477689,41.890537,2017-09-17T15:42:14+0000,2019-03-08T13:40:12+0000,panoptic
952281999712847,12.477688,41.890537,2017-09-17T15:42:14+0000,2019-03-08T13:40:16+0000,panoptic
952282003046180,12.477369,41.89042,2017-09-17T15:41:46+0000,2019-03-07T17:11:25+0000,panoptic
952282006379513,12.477534,41.890614,2017-09-17T15:41:49+0000,2019-03-07T17:11:27+0000,panoptic
952282009712846,12.477373,41.890434,2017-09-17T15:41:37+0000,2019-03-08T13:40:30+0000,panoptic
952282013046179,12.477696,41.890614,2017-09-17T15:42:02+0000,2019-03-08T13:40:00+0000,panoptic
952282016379512,12.477815,41.890728,2017-09-17T15:42:06+0000,2019-03-07T17:12:56+0000,panoptic
952282019712845,12.47772,41.89059,2017-09-17T15:41:50+0000,2019-03-08T13:40:06+0000,panoptic
952282023046178,12.47728,41.89044,2017-09-17T15:41:26+0000,2019-03-08T14:05:53+0000,panoptic
952282026379511,12.477392,41.890427,2017-09-17T15:41:32+0000,2019-03-08T14:07:25+0000,panoptic
952282029712844,12.477754,41.890614,2017-09-17T15:41:49+0000,2019-03-08T13:39:48+0000,panoptic
952282033046177,12.477662,41.890503,2017-09-17T15:41:32+0000,2019-03-08T13:39:46+0000,panoptic
1648363045991734,12.476996,41.890686,2019-03-08T13:40:58+0000,2019-03-08T13:40:58+0000,panoptic
1648363049325067,12.477662,41.890564,2019-03-08T13:40:18+0000,2019-03-08T13:40:18+0000,panoptic
1648363052658400,12.477808,41.890675,2019-03-08T13:39:34+0000,2019-03-08T13:39:34+0000,panoptic
1648363059325066,12.477026,41.890747,2019-03-08T13:40:24+0000,2019-03-08T13:40:24+0000,panoptic
1648363062658399,12.47686,41.890617,2019-03-08T13:41:00+0000,2019-03-08T13:41:00+0000,panoptic
1648363065991732,12.476909,41.890663,2019-03-08T13:40:56+0000,2019-03-08T13:40:56+0000,panoptic
1648363069325065,12.477348,41.89057,2019-03-08T13:40:34+0000,2019-03-08T13:40:34+0000,panoptic
1648363085991730,12.476842,41.89063,2019-03-08T13:40:58+0000,2019-03-08T13:40:58+0000,panoptic
1648363089325063,12.477384,41.890453,2019-03-08T13:40:26+0000,2019-03-08T13:40:26+0000,panoptic
1648363092658396,12.476991,41.89075,2019-03-08T13:40:30+0000,2019-03-08T13:40:30+0000,panoptic
1648363095991729,12.47742,41.890427,2019-03-08T13:40:30+0000,2019-03-08T13:40:30+0000,panoptic
1648363099325062,12.477419,41.890427,2019-03-08T13:40:30+0000,2019-03-08T13:40:30+0000,panoptic
1648363105991728,12.477746,41.89037,2019-03-08T13:40:00+0000,2019-03-08T13:40:00+0000,panoptic
1648363109325061,12.477378,41.89056,2019-03-08T13:40:22+0000,2019-03-08T14:07:19+0000,panoptic
1648363112658394,12.476844,41.89063,2019-03-08T13:40:46+0000,2019-03-08T13:40:46+0000,panoptic
1648363129325059,12.477414,41.89042,2019-03-08T13:40:14+0000,2019-03-08T13:40:14+0000,panoptic
1648363142658391,12.477419,41.890427,2019-03-08T13:40:30+0000,2019-03-08T13:40:30+0000,trafficsign
1648363149325057,12.477078,41.890583,2019-03-08T13:41:06+0000,2019-03-08T13:41:06+0000,trafficsign
1648363152658390,12.476844,41.89063,2019-03-08T13:40:46+0000,2019-03-08T13:40:46+0000,trafficsign
1648363155991723,12.477371,41.890583,2019-03-08T13:40:28+0000,2019-03-08T13:40:28+0000,trafficsign
1648363162658389,12.477736,41.89059,2019-03-08T13:40:06+0000,2019-03-08T13:40:06+0000,trafficsign
1648363165991722,12.476833,41.890633,2019-03-08T13:41:08+0000,2019-03-08T13:41:08+0000,panoptic
1648363169325055,12.477705,41.89039,2019-03-08T13:40:10+0000,2019-03-08T13:40:10+0000,panoptic
1648363172658388,12.477035,41.890564,2019-03-08T13:40:38+0000,2019-03-08T13:40:38+0000,panoptic
1648363175991721,12.47697,41.89059,2019-03-08T13:40:48+0000,2019-03-08T13:40:48+0000,panoptic
1648363179325054,12.477202,41.89075,2019-03-08T13:40:40+0000,2019-03-08T13:40:40+0000,panoptic
1648363182658387,12.477078,41.890583,2019-03-08T13:41:04+0000,2019-03-08T13:41:04+0000,panoptic
1648363185991720,12.476982,41.890694,2019-03-08T13:40:56+0000,2019-03-08T13:40:56+0000,panoptic
1648363189325053,12.477035,41.890564,2019-03-08T13:40:58+0000,2019-03-08T13:40:58+0000,panoptic
1648363192658386,12.476966,41.89059,2019-03-08T13:40:58+0000,2019-03-08T13:40:58+0000,panoptic
1648363195991719,12.476984,41.89075,2019-03-08T13:40:26+0000,2019-03-08T13:40:26+0000,panoptic
1648363209325051,12.477409,41.890663,2019-03-08T13:40:24+0000,2019-03-08T13:40:24+0000,panoptic
1648363225991716,12.477157,41.890755,2019-03-08T13:40:24+0000,2019-03-08T13:40:24+0000,panoptic
1648363229325049,12.477023,41.890816,2019-03-08T13:40:44+0000,2019-03-08T13:40:44+0000,panoptic
1648363232658382,12.476898,41.89065,2019-03-08T13:40:56+0000,2019-03-08T13:40:56+0000,panoptic
1648363235991715,12.476913,41.890587,2019-03-08T13:41:28+0000,2019-03-08T14:06:17+0000,panoptic
1648363239325048,12.476598,41.890682,2019-03-08T13:41:38+0000,2019-03-08T14:06:31+0000,panoptic
1648363242658381,12.476815,41.89062,2019-03-08T13:41:26+0000,2019-03-08T14:06:27+0000,panoptic
1648363245991714,12.476955,41.89074,2019-03-08T13:40:50+0000,2019-03-08T13:40:50+0000,panoptic
1648363265991712,12.477627,41.890343,2019-03-08T13:39:52+0000,2019-03-08T14:05:37+0000,panoptic
1648363275991711,12.477344,41.89044,2019-03-08T13:40:18+0000,2019-03-08T14:07:15+0000,panoptic
1648363279325044,12.477914,41.89031,2019-03-08T13:40:02+0000,2019-03-08T13:40:02+0000,panoptic
1648363282658377,12.477445,41.89018,2019-03-08T13:40:16+0000,2019-03-08T14:07:19+0000,panoptic
1648363289325043,12.477426,41.890137,2019-03-08T13:40:18+0000,2019-03-08T14:07:23+0000,panoptic
1648363295991709,12.477735,41.89059,2019-03-08T13:40:12+0000,2019-03-08T13:40:12+0000,panoptic
1648363299325042,12.477202,41.89075,2019-03-08T13:40:38+0000,2019-03-08T13:40:38+0000,panoptic
2827448527426407,12.480577,41.8878,2025-05-28T12:09:01+0000,2025-05-28T12:09:01+0000,panoptic
2827448530759740,12.480675,41.888233,2025-05-28T12:09:01+0000,2025-05-28T12:09:01+0000,panoptic
2827448534093073,12.4808855,41.887867,2025-05-28T12:09:01+0000,2025-05-28T12:09:01+0000,panoptic
2827448537426406,12.480653,41.887787,2025-05-28T12:09:02+0000,2025-05-28T12:09:02+0000,panoptic
1003761381330614,12.479413,41.89086,2019-03-08T13:37:08+0000,2019-03-08T13:37:08+0000,panoptic
1003761384663947,12.479919,41.89088,2019-03-08T13:36:44+0000,2019-03-08T13:36:44+0000,panoptic
1003761387997280,12.47942,41.89082,2019-03-08T13:37:08+0000,2019-03-08T13:37:08+0000,panoptic
1003761391330613,12.480092,41.890923,2019-03-08T13:36:32+0000,2019-03-08T13:36:32+0000,panoptic
1003761394663946,12.47954,41.890846,2019-03-08T13:37:06+0000,2019-03-08T13:37:06+0000,panoptic
1003761397997279,12.479701,41.890884,2019-03-08T13:37:02+0000,2019-03-08T13:37:02+0000,panoptic
1003761401330612,12.47994,41.89089,2019-03-08T13:36:28+0000,2019-03-08T13:36:28+0000,panoptic
1003761404663945,12.479353,41.890633,2019-03-08T13:36:46+0000,2019-03-08T13:36:46+0000,panoptic
1003761407997278,12.479801,41.89056,2019-03-08T13:36:32+0000,2019-03-08T13:36:32+0000,panoptic
1003761411330611,12.479331,41.89097,2019-03-08T13:37:06+0000,2019-03-08T13:37:06+0000,panoptic
1003761414663944,12.479561,41.890877,2019-03-08T13:36:36+0000,2019-03-08T13:36:36+0000,panoptic
1003761417997277,12.479543,41.890865,2019-03-08T13:36:28+0000,2019-03-08T13:36:28+0000,panoptic
1003761421330610,12.479637,41.89081,2019-03-08T13:36:32+0000,2019-03-08T13:36:32+0000,panoptic
1003761424663943,12.479063,41.891052,2019-03-08T13:37:18+0000,2019-03-08T13:37:18+0000,panoptic
1003761427997276,12.479326,41.890827,2019-03-08T13:36:56+0000,2019-03-08T13:36:56+0000,panoptic
1003761434663942,12.47933,41.890823,2019-03-08T13:37:10+0000,2019-03-08T13:37:10+0000,panoptic
1003761437997275,12.4798,41.89085,2019-03-08T13:36:32+0000,2019-03-08T13:36:32+0000,panoptic
1003761441330608,12.480273,41.890953,2019-03-08T13:36:28+0000,2025-05-28T12:10:15+0000,panoptic
1003761444663941,12.479638,41.89081,2019-03-08T13:36:52+0000,2019-03-08T13:36:52+0000,panoptic
1003761447997274,12.479595,41.8908,2019-03-08T13:36:54+0000,2019-03-08T13:36:54+0000,panoptic
1003761451330607,12.479371,41.890934,2019-03-08T13:37:20+0000,2019-03-08T13:37:20+0000,panoptic
1003761454663940,12.479301,41.89068,2019-03-08T13:37:06+0000,2019-03-08T13:37:06+0000,panoptic
1003761457997273,12.479712,41.89058,2019-03-08T13:36:46+0000,2019-03-08T13:36:46+0000,panoptic
1003761461330606,12.4798,41.89085,2019-03-08T13:36:32+0000,2019-03-08T13:36:32+0000,trafficsign
1003761464663939,12.4798,41.89067,2019-03-08T13:36:34+0000,2019-03-08T13:36:34+0000,trafficsign
1003761467997272,12.479371,41.890934,2019-03-08T13:37:20+0000,2019-03-08T13:37:20+0000,trafficsign
1003761471330605,12.479595,41.8908,2019-03-08T13:36:52+0000,2019-03-08T13:36:52+0000,panoptic
1003761474663938,12.479594,41.8908,2019-03-08T13:37:04+0000,2019-03-08T13:37:04+0000,trafficsign
1003761477997271,12.47948,41.890495,2019-03-08T13:36:58+0000,2019-03-08T13:36:58+0000,panoptic
1003761481330604,12.479869,41.890686,2019-03-08T13:36:34+0000,2019-03-08T13:36:34+0000,panoptic
1003761484663937,12.479295,41.890804,2019-03-08T13:37:28+0000,2019-03-08T13:37:28+0000,panoptic
1003761487997270,12.479172,41.890976,2019-03-08T13:37:18+0000,2019-03-08T13:37:18+0000,panoptic
1003761491330603,12.47946,41.89091,2019-03-08T13:37:08+0000,2019-03-08T13:37:08+0000,panoptic
1003761497997269,12.479328,41.890823,2019-03-08T13:37:06+0000,2019-03-08T13:37:06+0000,panoptic
1003761501330602,12.479905,41.890697,2019-03-08T13:36:32+0000,2019-03-08T13:36:32+0000,panoptic
1003761511330601,12.479787,41.890896,2019-03-08T13:36:56+0000,2019-03-08T13:36:56+0000,panoptic
1003761514663934,12.479156,41.890812,2019-03-08T13:36:46+0000,2019-03-08T13:36:46+0000,panoptic
1003761524663933,12.479701,41.890522,2019-03-08T13:36:46+0000,2019-03-08T13:36:46+0000,panoptic
1003761527997266,12.479298,41.890675,2019-03-08T13:37:28+0000,2019-03-08T13:37:28+0000,panoptic
1003761531330599,12.479336,41.890648,2019-03-08T13:37:16+0000,2019-03-08T13:37:16+0000,panoptic
1003761537997265,12.4798,41.89067,2019-03-08T13:36:28+0000,2019-03-08T13:36:28+0000,panoptic
778734700698928,12.479465,41.890945,2019-03-08T14:11:12+0000,2019-03-08T14:11:12+0000,panoptic
778734704032261,12.479237,41.89091,2019-03-08T14:11:16+0000,2019-03-08T14:11:16+0000,panoptic
778734707365594,12.479515,41.890903,2019-03-08T14:11:16+0000,2019-03-08T14:11:16+0000,panoptic
778734710698927,12.479646,41.890564,2019-03-08T14:11:34+0000,2019-03-08T14:11:46+0000,panoptic
778734714032260,12.479389,41.890606,2019-03-08T14:11:32+0000,2019-03-08T14:11:32+0000,panoptic
778734717365593,12.479762,41.8908,2019-03-08T14:11:16+0000,2019-03-08T14:11:16+0000,panoptic
778734720698926,12.479497,41.890896,2019-03-08T14:11:16+0000,2019-03-08T14:11:16+0000,panoptic
778734724032259,12.479881,41.890827,2019-03-08T14:11:18+0000,2019-03-08T14:11:18+0000,panoptic
778734727365592,12.479688,41.890945,2019-03-08T14:11:18+0000,2019-03-08T14:11:18+0000,panoptic
778734730698925,12.479388,41.890606,2019-03-08T14:11:30+0000,2019-03-08T14:11:30+0000,trafficsign
778734734032258,12.479236,41.890915,2019-03-08T14:11:12+0000,2019-03-08T14:11:12+0000,panoptic
778734737365591,12.47922,41.890774,2019-03-08T14:11:16+0000,2019-03-08T14:11:16+0000,panoptic
1016220846605056,12.479721,41.89048,2019-03-08T14:11:50+0000,2019-03-08T14:11:50+0000,panoptic
1016220849938389,12.479641,41.890564,2019-03-08T14:11:46+0000,2019-03-08T14:11:46+0000,panoptic
1016220856605055,12.479802,41.890358,2019-03-08T14:11:56+0000,2019-03-08T14:12:06+0000,panoptic
1180361706290751,12.4741745,41.890675,2016-07-07T11:27:48+0000,2016-07-07T11:27:48+0000,panoptic
1180361709624084,12.473121,41.890797,2016-07-07T11:27:33+0000,2016-07-07T11:27:33+0000,panoptic
574186998517512,12.474087,41.89019,2025-04-29T15:17:56+0000,2025-04-29T15:17:56+0000,panoptic
1097235762248622,12.474819,41.89168,2025-05-27T16:46:42+0000,2025-05-27T16:46:42+0000,panoptic
421291857339694,12.477633,41.890556,2019-03-08T14:08:09+0000,2019-03-08T14:08:09+0000,panoptic
421291864006360,12.477385,41.890556,2019-03-08T14:07:27+0000,2019-03-08T14:07:27+0000,panoptic
421291870673026,12.477656,41.890606,2019-03-08T14:07:45+0000,2019-03-08T14:07:45+0000,panoptic
421291874006359,12.477919,41.890774,2019-03-08T14:08:21+0000,2019-03-08T14:09:05+0000,panoptic
421291877339692,12.477695,41.890667,2019-03-08T14:08:09+0000,2019-03-08T14:08:09+0000,panoptic
421291880673025,12.477614,41.890602,2019-03-08T14:08:01+0000,2019-03-08T14:08:01+0000,panoptic
421291884006358,12.477614,41.8906,2019-03-08T14:07:59+0000,2019-03-08T14:07:59+0000,panoptic
421291887339691,12.477615,41.890602,2019-03-08T14:07:57+0000,2019-03-08T14:07:57+0000,panoptic
421291894006357,12.477777,41.890617,2019-03-08T14:07:37+0000,2019-03-08T14:07:37+0000,panoptic
421291897339690,12.477548,41.890373,2019-03-08T14:07:39+0000,2019-03-08T14:07:39+0000,panoptic
421291900673023,12.477571,41.890617,2019-03-08T14:07:39+0000,2019-03-08T14:07:39+0000,panoptic
421291904006356,12.477551,41.890625,2019-03-08T14:08:01+0000,2019-03-08T14:08:01+0000,panoptic
421291907339689,12.477712,41.890537,2019-03-08T14:07:53+0000,2019-03-08T14:07:53+0000,panoptic
421291910673022,12.477727,41.890587,2019-03-08T14:07:45+0000,2019-03-08T14:07:45+0000,panoptic
421291914006355,12.477772,41.890617,2019-03-08T14:07:37+0000,2019-03-08T14:07:37+0000,panoptic
421291917339688,12.47775,41.89059,2019-03-08T14:07:45+0000,2019-03-08T14:07:45+0000,panoptic
421291920673021,12.477712,41.890537,2019-03-08T14:07:31+0000,2019-03-08T14:07:31+0000,panoptic
421291924006354,12.477712,41.890537,2019-03-08T14:07:47+0000,2019-03-08T14:07:47+0000,panoptic
421291927339687,12.4775715,41.890617,2019-03-08T14:07:19+0000,2019-03-08T14:07:19+0000,panoptic
421291930673020,12.477571,41.890617,2019-03-08T14:07:19+0000,2019-03-08T14:07:19+0000,panoptic
421291934006353,12.477496,41.890633,2019-03-08T14:07:25+0000,2019-03-08T14:07:25+0000,panoptic
421291937339686,12.477682,41.890507,2019-03-08T14:07:43+0000,2019-03-08T14:07:43+0000,panoptic
421291940673019,12.477571,41.890617,2019-03-08T14:07:47+0000,2019-03-08T14:07:47+0000,panoptic
421291944006352,12.4782,41.89046,2019-03-08T14:08:29+0000,2019-03-08T14:08:29+0000,panoptic
421291947339685,12.477662,41.890415,2019-03-08T14:07:45+0000,2019-03-08T14:07:45+0000,panoptic
421291950673018,12.477658,41.890415,2019-03-08T14:07:41+0000,2019-03-08T14:07:41+0000,panoptic
421291957339684,12.47784,41.890736,2019-03-08T14:08:29+0000,2019-03-08T14:08:29+0000,panoptic
421291960673017,12.477754,41.890594,2019-03-08T14:08:24+0000,2019-03-08T14:08:24+0000,panoptic
421291964006350,12.477326,41.890553,2019-03-08T14:08:50+0000,2019-03-08T14:08:50+0000,trafficsign
421291967339683,12.477773,41.890617,2019-03-08T14:08:01+0000,2019-03-08T14:08:01+0000,trafficsign
421291970673016,12.477712,41.890537,2019-03-08T14:08:09+0000,2019-03-08T14:08:09+0000,trafficsign
421291974006349,12.4775715,41.890617,2019-03-08T14:07:39+0000,2019-03-08T14:07:39+0000,trafficsign
421291977339682,12.477571,41.890614,2019-03-08T14:07:47+0000,2019-03-08T14:07:47+0000,trafficsign
421291980673015,12.477727,41.890587,2019-03-08T14:07:45+0000,2019-03-08T14:07:45+0000,trafficsign
421292004006346,12.477859,41.890728,2019-03-08T14:08:25+0000,2019-03-08T14:08:25+0000,panoptic
421292007339679,12.47785,41.890728,2019-03-08T14:07:59+0000,2019-03-08T14:07:59+0000,panoptic
421292017339678,12.47741,41.89042,2019-03-08T14:07:15+0000,2019-03-08T14:07:15+0000,panoptic
421292020673011,12.477954,41.890636,2019-03-08T14:07:47+0000,2019-03-08T14:07:47+0000,panoptic
421292024006344,12.477689,41.890503,2019-03-08T14:07:25+0000,2019-03-08T14:07:25+0000,panoptic
421292030673010,12.477629,41.890347,2019-03-08T14:07:25+0000,2019-03-08T14:07:25+0000,panoptic
421292034006343,12.47792,41.8903,2019-03-08T14:07:57+0000,2019-03-08T14:07:57+0000,panoptic
421292037339676,12.4774,41.890434,2019-03-08T14:07:17+0000,2019-03-08T14:07:17+0000,panoptic
421292040673009,12.477399,41.89056,2019-03-08T14:07:19+0000,2019-03-08T14:07:19+0000,panoptic
421292044006342,12.477366,41.890553,2019-03-08T14:07:19+0000,2019-03-08T14:07:19+0000,panoptic
421292047339675,12.477392,41.890583,2019-03-08T14:07:19+0000,2019-03-08T14:07:19+0000,panoptic
421292050673008,12.477413,41.89042,2019-03-08T14:07:15+0000,2019-03-08T14:07:15+0000,panoptic
421292054006341,12.47741,41.89042,2019-03-08T14:07:15+0000,2019-03-08T14:07:15+0000,panoptic
421292057339674,12.47741,41.89042,2019-03-08T14:07:15+0000,2019-03-08T14:07:15+0000,panoptic
421292060673007,12.477748,41.890594,2019-03-08T14:08:24+0000,2019-03-08T14:08:24+0000,panoptic
421292064006340,12.4778805,41.890697,2019-03-08T14:08:21+0000,2019-03-08T14:08:21+0000,panoptic
1515894596010202,12.477631,41.890293,2019-03-08T14:05:21+0000,2019-03-08T14:05:21+0000,trafficsign
1515894609343534,12.477626,41.890297,2019-03-08T14:05:27+0000,2019-03-08T14:05:27+0000,panoptic
1515894612676867,12.477623,41.890297,2019-03-08T14:05:19+0000,2019-03-08T14:05:19+0000,panoptic
1515894629343532,12.477674,41.890316,2019-03-08T14:05:15+0000,2019-03-08T14:05:15+0000,panoptic
2154047994948455,12.478455,41.89051,2019-03-08T13:52:08+0000,2019-03-08T13:52:08+0000,panoptic
2154047998281788,12.478101,41.890778,2019-03-08T13:51:36+0000,2019-03-08T13:51:36+0000,panoptic
2154048001615121,12.478273,41.890648,2019-03-08T13:51:48+0000,2019-03-08T13:51:48+0000,panoptic
2154048004948454,12.478795,41.89024,2019-03-08T13:52:42+0000,2019-03-08T13:52:42+0000,panoptic
2154048008281787,12.478663,41.890343,2019-03-08T13:52:28+0000,2019-03-08T13:52:28+0000,panoptic
2154048011615120,12.478463,41.890503,2019-03-08T13:52:10+0000,2019-03-08T13:52:10+0000,panoptic
2154048014948453,12.478395,41.890488,2019-03-08T13:52:06+0000,2019-03-08T13:52:06+0000,panoptic
2154048018281786,12.478375,41.890522,2019-03-08T13:51:44+0000,2019-03-08T13:51:44+0000,panoptic
2154048021615119,12.478728,41.89024,2019-03-08T13:51:56+0000,2019-03-08T13:51:56+0000,panoptic
2154048024948452,12.478536,41.89039,2019-03-08T13:51:40+0000,2019-03-08T13:51:40+0000,panoptic
2154048028281785,12.478545,41.890045,2019-03-08T13:53:18+0000,2019-03-08T13:56:44+0000,panoptic
2154048031615118,12.478369,41.8901,2019-03-08T13:53:18+0000,2019-03-08T13:56:58+0000,panoptic
2154048034948451,12.47878,41.89011,2019-03-08T13:52:52+0000,2019-03-08T13:52:52+0000,panoptic
815062276736524,12.480921,41.88811,2023-08-08T07:41:58+0000,2023-08-08T07:41:58+0000,panoptic
815062280069857,12.480977,41.888245,2023-08-08T07:41:56+0000,2023-08-08T07:41:56+0000,panoptic
815062286736523,12.48076,41.888275,2023-08-08T07:41:57+0000,2023-08-08T07:41:57+0000,panoptic
815062293403189,12.480959,41.88826,2023-08-08T07:41:56+0000,2025-05-28T12:09:39+0000,panoptic
815062300069855,12.480598,41.888668,2023-08-08T07:41:55+0000,2025-05-28T12:09:39+0000,panoptic
647840328285382,12.480862,41.88984,2025-05-28T12:10:03+0000,2025-05-28T12:10:03+0000,panoptic
647840331618715,12.480408,41.891144,2025-05-28T12:10:21+0000,2025-05-28T12:10:21+0000,panoptic
647840338285381,12.480914,41.889626,2025-05-28T12:09:58+0000,2025-05-28T12:09:58+0000,panoptic
647840348285380,12.480974,41.888287,2025-05-28T12:09:40+0000,2025-05-28T12:09:40+0000,panoptic
647840354952046,12.480858,41.888203,2025-05-28T12:09:39+0000,2025-05-28T12:09:39+0000,panoptic
647840358285379,12.480408,41.891144,2025-05-28T12:10:21+0000,2025-05-28T12:10:21+0000,panoptic
647840361618712,12.480671,41.89031,2025-05-28T12:10:06+0000,2025-05-28T12:10:06+0000,panoptic
647840368285378,12.480652,41.89035,2025-05-28T12:10:07+0000,2025-05-28T12:10:07+0000,panoptic
647840371618711,12.480692,41.890244,2025-05-28T12:10:06+0000,2025-05-28T12:10:06+0000,panoptic
647840374952044,12.480665,41.890045,2025-05-28T12:10:05+0000,2025-05-28T12:10:05+0000,panoptic
647840378285377,12.480411,41.89108,2025-05-28T12:10:18+0000,2025-05-28T12:10:18+0000,panoptic
647840381618710,12.480906,41.88962,2025-05-28T12:10:00+0000,2025-05-28T12:10:00+0000,trafficsign
647840394952042,12.480522,41.89072,2025-05-28T12:10:13+0000,2025-05-28T12:10:13+0000,panoptic
647840404952041,12.480808,41.888493,2025-05-28T12:09:40+0000,2025-05-28T12:09:40+0000,panoptic
647840411618707,12.480729,41.88956,2025-05-28T12:09:56+0000,2025-05-28T12:09:56+0000,panoptic
647840421618706,12.480897,41.88816,2025-05-28T12:09:39+0000,2025-05-28T12:09:39+0000,panoptic
1145607886689176,12.480797,41.888443,2019-03-08T14:14:54+0000,2023-08-08T07:41:55+0000,panoptic
1145607923355839,12.480892,41.88809,2019-03-08T14:15:16+0000,2019-03-08T14:29:07+0000,panoptic
1145607926689172,12.480468,41.888462,2019-03-08T14:15:38+0000,2019-03-08T14:15:38+0000,panoptic
1145607960022502,12.480772,41.88808,2019-03-08T14:15:26+0000,2019-03-08T14:15:26+0000,panoptic
1145607966689168,12.480961,41.88822,2019-03-08T14:16:02+0000,2023-08-08T07:41:56+0000,panoptic
1145607970022501,12.480824,41.88842,2019-03-08T14:15:40+0000,2019-03-08T14:15:40+0000,panoptic
1637594846762866,12.480895,41.88873,2023-08-08T07:41:24+0000,2023-08-08T07:41:24+0000,panoptic
1637594853429532,12.480605,41.88855,2023-08-08T07:41:47+0000,2023-08-08T07:41:47+0000,panoptic
869546088545167,12.4806,41.890434,2017-01-30T15:45:19+0000,2017-01-30T15:45:19+0000,panoptic
869546091878500,12.480661,41.89243,2017-01-30T15:45:45+0000,2017-01-30T15:45:45+0000,panoptic
869546118545164,12.48069,41.891083,2017-01-30T15:45:21+0000,2019-03-08T13:35:52+0000,panoptic
869546121878497,12.480349,41.892246,2017-01-30T15:45:41+0000,2017-01-30T15:45:41+0000,panoptic
869546135211829,12.4808235,41.88991,2017-01-30T15:45:09+0000,2025-05-28T12:10:02+0000,panoptic
869546141878495,12.480386,41.892372,2017-01-30T15:45:45+0000,2017-01-30T15:45:45+0000,panoptic
869546148545161,12.48021,41.8915,2017-01-30T15:45:34+0000,2017-01-30T15:45:34+0000,panoptic
869546151878494,12.480839,41.889862,2017-01-30T15:45:09+0000,2017-01-30T15:45:09+0000,panoptic
869546165211826,12.480706,41.892487,2017-01-30T15:45:47+0000,2017-01-30T15:45:47+0000,panoptic
869546185211824,12.480721,41.890156,2017-01-30T15:45:11+0000,2017-01-30T15:45:11+0000,panoptic
869546191878490,12.480224,41.891426,2017-01-30T15:45:34+0000,2017-01-30T15:45:34+0000,panoptic
869546195211823,12.480559,41.892807,2017-01-30T15:45:50+0000,2017-01-30T15:45:50+0000,panoptic
869546208545155,12.480626,41.8904,2017-01-30T15:45:19+0000,2025-05-28T12:10:08+0000,panoptic
869546218545154,12.480474,41.89198,2017-01-30T15:45:41+0000,2017-01-30T15:45:41+0000,panoptic
869546228545153,12.480927,41.8897,2017-01-30T15:45:05+0000,2025-05-28T12:09:58+0000,panoptic
869546235211819,12.480728,41.890182,2017-01-30T15:45:12+0000,2025-05-28T12:10:06+0000,panoptic
869546238545152,12.480892,41.890488,2017-01-30T15:45:16+0000,2017-01-30T15:45:16+0000,panoptic
869546248545151,12.480606,41.89041,2017-01-30T15:45:14+0000,2017-01-30T15:45:14+0000,panoptic
869546251878484,12.480838,41.890324,2017-01-30T15:45:16+0000,2017-01-30T15:45:16+0000,panoptic
869546258545150,12.480986,41.890263,2017-01-30T15:45:12+0000,2017-01-30T15:45:12+0000,panoptic
869546261878483,12.480827,41.889935,2017-01-30T15:45:09+0000,2025-05-28T12:10:02+0000,panoptic
869546268545149,12.480839,41.890656,2017-01-30T15:45:16+0000,2017-01-30T15:45:16+0000,panoptic
869546271878482,12.480647,41.89032,2017-01-30T15:45:11+0000,2017-01-30T15:45:11+0000,panoptic
869546281878481,12.480852,41.89045,2017-01-30T15:45:20+0000,2017-01-30T15:45:20+0000,panoptic
869546285211814,12.480775,41.8906,2017-01-30T15:45:20+0000,2017-01-30T15:45:20+0000,panoptic
869546288545147,12.480819,41.890495,2017-01-30T15:45:20+0000,2017-01-30T15:45:20+0000,panoptic
869546291878480,12.48067,41.890266,2017-01-30T15:45:10+0000,2017-01-30T15:45:10+0000,panoptic
869546301878479,12.480793,41.89294,2017-01-30T15:45:52+0000,2025-05-28T12:10:45+0000,panoptic
869546305211812,12.480894,41.88972,2017-01-30T15:45:01+0000,2017-01-30T15:45:01+0000,panoptic
869546315211811,12.480811,41.892647,2017-01-30T15:45:48+0000,2017-01-30T15:45:48+0000,panoptic
869546325211810,12.4804125,41.89241,2017-01-30T15:45:43+0000,2017-01-30T15:45:43+0000,panoptic
869546331878476,12.480632,41.890358,2017-01-30T15:45:11+0000,2017-01-30T15:45:11+0000,panoptic
869546335211809,12.480569,41.89221,2017-01-30T15:45:42+0000,2017-01-30T15:45:42+0000,panoptic
869546338545142,12.480625,41.890423,2017-01-30T15:45:16+0000,2017-01-30T15:45:16+0000,panoptic
869546341878475,12.480184,41.891766,2017-01-30T15:45:34+0000,2017-01-30T15:45:34+0000,panoptic
869546345211808,12.480462,41.891518,2017-01-30T15:45:32+0000,2017-01-30T15:45:32+0000,panoptic
869546351878474,12.480257,41.891487,2017-01-30T15:45:34+0000,2025-05-28T12:10:24+0000,panoptic
869546355211807,12.480415,41.89174,2017-01-30T15:45:33+0000,2017-01-30T15:45:33+0000,panoptic
459069536607489,12.480382,41.89095,2019-03-08T13:35:58+0000,2019-03-08T13:35:58+0000,panoptic
459069539940822,12.480647,41.8911,2019-03-08T13:35:52+0000,2019-03-08T13:35:52+0000,panoptic
459069543274155,12.480805,41.891117,2019-03-08T13:35:38+0000,2019-03-08T13:35:38+0000,panoptic
459069546607488,12.480347,41.89116,2019-03-08T13:36:02+0000,2019-03-08T13:36:02+0000,panoptic
459069549940821,12.4807825,41.890766,2019-03-08T13:35:32+0000,2019-03-08T13:35:32+0000,panoptic
459069553274154,12.480015,41.89072,2019-03-08T13:35:46+0000,2019-03-08T13:36:28+0000,panoptic
459069556607487,12.480351,41.89085,2019-03-08T13:36:04+0000,2019-03-08T13:36:04+0000,panoptic
459069559940820,12.480358,41.891163,2019-03-08T13:36:04+0000,2019-03-08T13:36:04+0000,panoptic
459069566607486,12.48092,41.89091,2019-03-08T13:35:16+0000,2019-03-08T13:35:16+0000,panoptic
459069569940819,12.480374,41.89081,2019-03-08T13:35:54+0000,2019-03-08T13:35:54+0000,panoptic
459069573274152,12.480409,41.89107,2019-03-08T13:36:06+0000,2019-03-08T13:36:06+0000,panoptic
459069576607485,12.480688,41.891098,2019-03-08T13:35:46+0000,2019-03-08T13:35:46+0000,panoptic
459069579940818,12.480422,41.891068,2019-03-08T13:35:46+0000,2025-05-28T12:10:18+0000,panoptic
459069583274151,12.480376,41.890812,2019-03-08T13:36:12+0000,2019-03-08T13:36:12+0000,panoptic
459069586607484,12.480383,41.890812,2019-03-08T13:36:06+0000,2019-03-08T13:36:06+0000,panoptic
459069589940817,12.480521,41.890736,2019-03-08T13:35:30+0000,2019-03-08T13:35:30+0000,panoptic
459069593274150,12.480402,41.891075,2019-03-08T13:35:44+0000,2019-03-08T13:35:44+0000,panoptic
459069596607483,12.4804125,41.89107,2019-03-08T13:35:44+0000,2019-03-08T13:35:44+0000,panoptic
459069599940816,12.480441,41.89107,2019-03-08T13:35:46+0000,2025-05-28T12:10:18+0000,panoptic
459069603274149,12.48031,41.89098,2019-03-08T13:36:00+0000,2019-03-08T13:36:00+0000,panoptic
459069606607482,12.480352,41.89085,2019-03-08T13:35:54+0000,2019-03-08T13:35:54+0000,panoptic
459069613274148,12.480518,41.89121,2019-03-08T13:35:50+0000,2019-03-08T13:35:50+0000,trafficsign
459069616607481,12.480571,41.89122,2019-03-08T13:35:52+0000,2019-03-08T13:35:52+0000,panoptic
459069626607480,12.480576,41.89122,2019-03-08T13:35:58+0000,2019-03-08T13:35:58+0000,trafficsign
459069629940813,12.480518,41.89121,2019-03-08T13:35:50+0000,2019-03-08T13:35:50+0000,panoptic
459069633274146,12.4804,41.891068,2019-03-08T13:36:02+0000,2019-03-08T13:36:02+0000,panoptic
459069636607479,12.480381,41.890804,2019-03-08T13:36:06+0000,2019-03-08T13:36:06+0000,panoptic
459069639940812,12.480686,41.8911,2019-03-08T13:35:48+0000,2019-03-08T13:35:48+0000,panoptic
459069643274145,12.479944,41.890892,2019-03-08T13:35:58+0000,2019-03-08T13:36:32+0000,panoptic
459069646607478,12.480573,41.891224,2019-03-08T13:35:56+0000,2019-03-08T13:35:56+0000,panoptic
459069659940810,12.480376,41.890812,2019-03-08T13:36:10+0000,2019-03-08T13:36:10+0000,panoptic
459069663274143,12.480249,41.890957,2019-03-08T13:36:00+0000,2019-03-08T13:36:28+0000,panoptic
459069666607476,12.480271,41.890972,2019-03-08T13:36:20+0000,2019-03-08T13:36:20+0000,panoptic
459069669940809,12.480458,41.890705,2019-03-08T13:35:38+0000,2025-05-28T12:10:13+0000,panoptic
459069676607475,12.480305,41.891136,2019-03-08T13:35:56+0000,2019-03-08T13:35:56+0000,panoptic
459069679940808,12.480437,41.89108,2019-03-08T13:36:06+0000,2019-03-08T13:36:06+0000,panoptic
459069683274141,12.480297,41.89108,2019-03-08T13:36:14+0000,2019-03-08T13:36:14+0000,panoptic
459069686607474,12.480306,41.891052,2019-03-08T13:35:54+0000,2019-03-08T13:35:54+0000,panoptic
459069689940807,12.480305,41.891113,2019-03-08T13:35:36+0000,2025-05-28T12:10:17+0000,panoptic
459069693274140,12.480691,41.891087,2019-03-08T13:35:54+0000,2019-03-08T13:35:54+0000,panoptic
459069696607473,12.4803705,41.89074,2019-03-08T13:36:00+0000,2019-03-08T13:36:00+0000,panoptic
459069699940806,12.480329,41.89098,2019-03-08T13:36:18+0000,2019-03-08T13:36:18+0000,panoptic
459069703274139,12.480239,41.89097,2019-03-08T13:36:20+0000,2019-03-08T13:36:20+0000,panoptic
459069706607472,12.480348,41.890995,2019-03-08T13:36:16+0000,2019-03-08T13:36:16+0000,panoptic
459069709940805,12.480397,41.891018,2019-03-08T13:36:12+0000,2019-03-08T13:36:12+0000,panoptic
459069713274138,12.480389,41.89101,2019-03-08T13:36:16+0000,2019-03-08T13:36:16+0000,panoptic
459069716607471,12.480366,41.890778,2019-03-08T13:36:10+0000,2019-03-08T13:36:10+0000,panoptic
459069719940804,12.480706,41.89108,2019-03-08T13:35:44+0000,2019-03-08T13:35:44+0000,panoptic
459069723274137,12.48034,41.89101,2019-03-08T13:36:10+0000,2019-03-08T13:36:10+0000,panoptic
459069726607470,12.480333,41.890804,2019-03-08T13:35:56+0000,2025-05-28T12:10:13+0000,panoptic
459069729940803,12.479876,41.890697,2019-03-08T13:36:18+0000,2019-03-08T13:36:28+0000,panoptic
459069733274136,12.480181,41.891045,2019-03-08T13:36:12+0000,2019-03-08T13:36:12+0000,panoptic
459069736607469,12.480219,41.891056,2019-03-08T13:36:10+0000,2019-03-08T13:36:10+0000,panoptic
459069739940802,12.480259,41.891068,2019-03-08T13:36:02+0000,2019-03-08T13:36:02+0000,panoptic
459069743274135,12.480239,41.89106,2019-03-08T13:36:10+0000,2019-03-08T13:36:10+0000,panoptic
459069746607468,12.480278,41.89107,2019-03-08T13:36:02+0000,2019-03-08T13:36:02+0000,panoptic
459069749940801,12.480199,41.891052,2019-03-08T13:36:12+0000,2019-03-08T13:36:12+0000,panoptic
459069753274134,12.480564,41.89124,2019-03-08T13:35:58+0000,2019-03-08T13:35:58+0000,panoptic
459069756607467,12.480248,41.891197,2019-03-08T13:35:58+0000,2019-03-08T13:35:58+0000,panoptic
459069759940800,12.480184,41.89094,2019-03-08T13:36:08+0000,2019-03-08T13:36:28+0000,panoptic
459069763274133,12.48031,41.891327,2019-03-08T13:35:52+0000,2019-03-08T13:35:52+0000,panoptic
459069766607466,12.480205,41.89093,2019-03-08T13:35:56+0000,2025-05-28T12:10:17+0000,panoptic
459069769940799,12.480664,41.891087,2019-03-08T13:35:48+0000,2019-03-08T13:35:48+0000,panoptic
459069776607465,12.480979,41.891254,2019-03-08T13:35:14+0000,2019-03-08T13:35:14+0000,panoptic
459069779940798,12.48028,41.89102,2019-03-08T13:35:56+0000,2019-03-08T13:35:56+0000,panoptic
219540537746241,12.480056,41.890953,2023-08-08T07:41:01+0000,2023-08-08T07:41:01+0000,panoptic
352401884159623,12.470323,41.891438,2015-03-11T14:31:12+0000,2015-03-11T14:31:12+0000,panoptic
352401887492956,12.470349,41.891533,2015-03-11T14:31:12+0000,2015-03-11T14:31:12+0000,panoptic
352401890826289,12.47026,41.89148,2015-03-11T14:31:12+0000,2015-03-11T14:31:12+0000,trafficsign
352401894159622,12.470342,41.891537,2015-03-11T14:31:12+0000,2015-03-11T14:31:12+0000,panoptic
352401897492955,12.470335,41.89149,2015-03-11T14:31:12+0000,2015-03-11T14:31:12+0000,panoptic
352401900826288,12.470335,41.891487,2015-03-11T14:31:12+0000,2015-03-11T14:31:12+0000,trafficsign
352401904159621,12.47026,41.89148,2015-03-11T14:31:12+0000,2015-03-11T14:31:12+0000,panoptic
411446838386340,12.471314,41.891197,2017-05-16T20:33:38+0000,2017-05-16T20:33:38+0000,panoptic
411446841719673,12.471372,41.89102,2017-05-16T20:33:41+0000,2017-05-16T20:33:41+0000,panoptic
411446845053006,12.47079,41.8915,2017-05-16T20:33:37+0000,2017-05-16T20:33:37+0000,panoptic
411446851719672,12.471048,41.89134,2017-05-16T20:33:38+0000,2017-05-16T20:33:38+0000,panoptic
828345322545814,12.471754,41.89094,2017-05-16T20:33:46+0000,2017-05-16T20:33:46+0000,panoptic
828345325879147,12.471858,41.890835,2017-05-16T20:33:48+0000,2017-05-16T20:33:48+0000,panoptic
828345329212480,12.471925,41.89095,2017-05-16T20:33:47+0000,2017-05-16T20:33:47+0000,panoptic
828345332545813,12.4720545,41.890823,2017-05-16T20:33:47+0000,2017-05-16T20:33:47+0000,panoptic
828345335879146,12.471858,41.890835,2017-05-16T20:33:48+0000,2017-05-16T20:33:48+0000,panoptic
1363812771610204,12.474374,41.891357,2025-04-29T15:18:23+0000,2025-04-29T15:18:23+0000,panoptic
25528170850159892,12.478413,41.893803,2019-03-07T17:27:36+0000,2019-03-07T17:27:36+0000,panoptic
25528170853493225,12.478412,41.893784,2019-03-07T17:27:38+0000,2019-03-07T17:27:38+0000,panoptic
25528170856826558,12.477723,41.893867,2019-03-07T17:26:50+0000,2019-03-07T17:26:50+0000,panoptic
25528170860159891,12.478474,41.893845,2019-03-07T17:27:40+0000,2019-03-07T17:27:40+0000,panoptic
25528170863493224,12.477782,41.893845,2019-03-07T17:26:52+0000,2019-03-07T17:26:52+0000,panoptic
25528170866826557,12.47777,41.89384,2019-03-07T17:26:48+0000,2019-03-07T17:26:48+0000,panoptic
25528170870159890,12.477802,41.893898,2019-03-07T17:26:52+0000,2019-03-07T17:26:52+0000,panoptic
25528170873493223,12.47858,41.89375,2019-03-07T17:27:06+0000,2019-03-07T17:27:06+0000,panoptic
25528170880159889,12.477939,41.893826,2019-03-07T17:26:56+0000,2019-03-07T17:26:56+0000,panoptic
25528170883493222,12.477781,41.893845,2019-03-07T17:26:52+0000,2019-03-07T17:26:52+0000,panoptic
25528170886826555,12.477801,41.893898,2019-03-07T17:26:48+0000,2019-03-07T17:26:48+0000,panoptic
25528170890159888,12.478475,41.893845,2019-03-07T17:27:40+0000,2019-03-07T17:27:40+0000,panoptic
25528170896826554,12.478474,41.893845,2019-03-07T17:27:42+0000,2019-03-07T17:27:42+0000,panoptic
25528170903493220,12.478766,41.89379,2019-03-07T17:27:40+0000,2019-03-07T17:49:13+0000,panoptic
25528170910159886,12.477634,41.893925,2019-03-07T17:26:38+0000,2019-03-07T17:26:38+0000,panoptic
25528170913493219,12.477774,41.893833,2019-03-07T17:26:48+0000,2019-03-07T17:26:48+0000,panoptic
25528170916826552,12.477776,41.89384,2019-03-07T17:26:50+0000,2019-03-07T17:26:50+0000,panoptic
25528170920159885,12.478766,41.89379,2019-03-07T17:27:46+0000,2019-03-07T17:49:13+0000,trafficsign
25528170923493218,12.47815,41.893806,2019-03-07T17:27:20+0000,2019-03-07T17:27:20+0000,panoptic
25528170926826551,12.477688,41.893913,2019-03-07T17:26:40+0000,2019-03-07T17:26:40+0000,panoptic
25528170930159884,12.4777565,41.893864,2019-03-07T17:26:54+0000,2019-03-07T17:26:54+0000,panoptic
25528170933493217,12.478409,41.893772,2019-03-07T17:27:38+0000,2019-03-07T17:27:38+0000,panoptic
25528170936826550,12.47846,41.893757,2019-03-07T17:27:36+0000,2019-03-07T17:27:36+0000,panoptic
25528170943493216,12.478422,41.893814,2019-03-07T17:27:38+0000,2019-03-07T17:27:38+0000,panoptic
25528170946826549,12.478421,41.89378,2019-03-07T17:27:34+0000,2019-03-07T17:27:34+0000,panoptic
25528170950159882,12.47846,41.893784,2019-03-07T17:27:36+0000,2019-03-07T17:27:36+0000,panoptic
25528170953493215,12.477565,41.893936,2019-03-07T17:26:42+0000,2019-03-07T17:26:42+0000,panoptic
25528170960159881,12.47779,41.893898,2019-03-07T17:26:48+0000,2019-03-07T17:26:48+0000,panoptic
25528170963493214,12.47758,41.893932,2019-03-07T17:26:42+0000,2019-03-07T17:26:42+0000,panoptic
25528170966826547,12.478757,41.893787,2019-03-07T17:27:28+0000,2019-03-07T17:49:13+0000,panoptic
25528170970159880,12.47823,41.893803,2019-03-07T17:26:42+0000,2019-03-07T17:26:42+0000,panoptic
25528170973493213,12.477778,41.893845,2019-03-07T17:26:38+0000,2019-03-07T17:26:38+0000,panoptic
25528170976826546,12.478862,41.8938,2019-03-07T17:27:40+0000,2019-03-07T17:49:13+0000,panoptic
25528170980159879,12.479117,41.89379,2019-03-07T17:27:46+0000,2019-03-07T17:27:46+0000,panoptic
25528170983493212,12.4782715,41.893806,2019-03-07T17:27:14+0000,2019-03-07T17:27:14+0000,panoptic
25528170986826545,12.47804,41.893833,2019-03-07T17:27:02+0000,2019-03-07T17:27:02+0000,panoptic
853067573521946,12.478545,41.89124,2019-03-07T17:14:40+0000,2019-03-07T17:14:40+0000,panoptic
853067576855279,12.478447,41.891315,2019-03-07T17:14:20+0000,2019-03-07T17:14:20+0000,panoptic
853067580188612,12.478548,41.891373,2019-03-07T17:15:48+0000,2019-03-07T17:15:48+0000,panoptic
853067583521945,12.478352,41.892136,2019-03-07T17:16:34+0000,2019-03-07T17:16:34+0000,panoptic
853067586855278,12.478519,41.891987,2019-03-07T17:16:28+0000,2019-03-07T17:16:28+0000,panoptic
853067590188611,12.478461,41.89175,2019-03-07T17:16:10+0000,2019-03-07T17:16:10+0000,panoptic
853067593521944,12.4785185,41.891987,2019-03-07T17:16:12+0000,2019-03-07T17:16:12+0000,panoptic
853067596855277,12.47844,41.89199,2019-03-07T17:16:20+0000,2019-03-07T17:16:20+0000,panoptic
853067600188610,12.478378,41.892292,2019-03-07T17:16:40+0000,2019-03-07T17:17:06+0000,panoptic
853067603521943,12.478343,41.8922,2019-03-07T17:16:44+0000,2019-03-07T17:16:44+0000,panoptic
853067606855276,12.478523,41.892002,2019-03-07T17:16:12+0000,2019-03-07T17:16:12+0000,panoptic
853067610188609,12.478432,41.89196,2019-03-07T17:16:08+0000,2019-03-07T17:16:08+0000,panoptic
853067613521942,12.478522,41.891983,2019-03-07T17:16:30+0000,2019-03-07T17:16:30+0000,panoptic
853067616855275,12.478669,41.89127,2019-03-07T17:14:42+0000,2019-03-07T17:14:42+0000,panoptic
853067620188608,12.478716,41.89126,2019-03-07T17:14:32+0000,2019-03-07T17:14:32+0000,panoptic
853067623521941,12.478638,41.891968,2019-03-07T17:16:16+0000,2019-03-07T17:16:16+0000,panoptic
853067626855274,12.478295,41.89155,2019-03-07T17:15:25+0000,2019-03-07T17:15:25+0000,panoptic
853067630188607,12.478562,41.89123,2019-03-07T17:14:00+0000,2019-03-07T17:14:00+0000,panoptic
853067633521940,12.478524,41.892006,2019-03-07T17:16:26+0000,2019-03-07T17:16:26+0000,panoptic
853067636855273,12.478479,41.89147,2019-03-07T17:14:24+0000,2019-03-08T14:10:12+0000,panoptic
853067640188606,12.478342,41.891132,2019-03-07T17:13:46+0000,2019-03-08T14:09:39+0000,panoptic
853067643521939,12.4784975,41.89176,2019-03-07T17:15:22+0000,2019-03-07T17:15:22+0000,panoptic
853067646855272,12.4783,41.89243,2019-03-07T17:16:54+0000,2019-03-07T17:17:06+0000,panoptic
853067650188605,12.478557,41.891224,2019-03-07T17:14:12+0000,2019-03-08T14:10:20+0000,panoptic
853067653521938,12.47848,41.89147,2019-03-07T17:14:20+0000,2019-03-08T14:10:14+0000,panoptic
853067656855271,12.478646,41.891293,2019-03-07T17:14:14+0000,2019-03-08T14:09:51+0000,panoptic
853067660188604,12.478627,41.89129,2019-03-07T17:14:32+0000,2019-03-07T17:14:32+0000,panoptic
853067663521937,12.478377,41.89132,2019-03-07T17:15:22+0000,2019-03-07T17:15:22+0000,panoptic
853067666855270,12.478519,41.891987,2019-03-07T17:16:28+0000,2019-03-07T17:16:28+0000,trafficsign
853067670188603,12.478681,41.891277,2019-03-07T17:14:24+0000,2019-03-08T14:10:12+0000,trafficsign
853067673521936,12.478411,41.89129,2019-03-07T17:14:26+0000,2019-03-07T17:14:26+0000,trafficsign
853067676855269,12.478667,41.891506,2019-03-07T17:14:14+0000,2019-03-07T17:14:14+0000,panoptic
853067680188602,12.478732,41.89127,2019-03-07T17:14:26+0000,2019-03-07T17:14:26+0000,panoptic
853067683521935,12.478519,41.891983,2019-03-07T17:16:26+0000,2019-03-07T17:16:26+0000,trafficsign
853067686855268,12.47841,41.891476,2019-03-07T17:15:22+0000,2019-03-07T17:15:22+0000,trafficsign
853067690188601,12.478645,41.89128,2019-03-07T17:14:30+0000,2019-03-07T17:14:30+0000,panoptic
853067693521934,12.478432,41.89196,2019-03-07T17:16:10+0000,2019-03-07T17:16:10+0000,trafficsign
853067696855267,12.478473,41.891483,2019-03-07T17:15:58+0000,2019-03-07T17:15:58+0000,panoptic
853067700188600,12.479014,41.891064,2019-03-07T17:14:02+0000,2019-03-08T13:37:44+0000,panoptic
853067703521933,12.478623,41.89129,2019-03-07T17:14:36+0000,2019-03-07T17:14:36+0000,panoptic
853067706855266,12.478463,41.891266,2019-03-07T17:14:28+0000,2019-03-08T14:10:16+0000,panoptic
853067710188599,12.478376,41.89132,2019-03-07T17:15:22+0000,2019-03-07T17:15:22+0000,panoptic
853067713521932,12.478441,41.891537,2019-03-07T17:14:44+0000,2019-03-07T17:14:44+0000,panoptic
853067716855265,12.478327,41.89135,2019-03-07T17:14:16+0000,2019-03-07T17:14:16+0000,panoptic
853067720188598,12.478683,41.89128,2019-03-07T17:14:24+0000,2019-03-08T14:10:08+0000,panoptic
853067723521931,12.478608,41.891212,2019-03-07T17:14:12+0000,2019-03-08T14:10:08+0000,panoptic
853067726855264,12.478422,41.891476,2019-03-07T17:14:24+0000,2019-03-08T14:10:14+0000,panoptic
853067730188597,12.478411,41.891285,2019-03-07T17:14:22+0000,2019-03-08T14:10:14+0000,panoptic
853067733521930,12.478606,41.891365,2019-03-07T17:14:18+0000,2019-03-07T17:14:18+0000,panoptic
853067736855263,12.478422,41.891476,2019-03-07T17:14:24+0000,2019-03-08T14:10:14+0000,panoptic
853067740188596,12.478391,41.892033,2019-03-07T17:16:46+0000,2019-03-07T17:16:46+0000,panoptic
853067743521929,12.478461,41.89175,2019-03-07T17:16:20+0000,2019-03-07T17:16:20+0000,panoptic
853067746855262,12.478518,41.891563,2019-03-07T17:16:02+0000,2019-03-07T17:16:02+0000,panoptic
853067750188595,12.478432,41.891846,2019-03-07T17:16:20+0000,2019-03-07T17:16:20+0000,panoptic
853067753521928,12.478574,41.891464,2019-03-07T17:16:00+0000,2019-03-07T17:16:00+0000,panoptic
853067756855261,12.478497,41.891632,2019-03-07T17:16:04+0000,2019-03-07T17:16:04+0000,panoptic
853067760188594,12.478366,41.89127,2019-03-07T17:14:14+0000,2019-03-08T14:10:00+0000,panoptic
853067763521927,12.478757,41.8916,2019-03-07T17:14:42+0000,2019-03-07T17:14:42+0000,panoptic
853067766855260,12.47839,41.89126,2019-03-07T17:14:22+0000,2019-03-07T17:14:22+0000,panoptic
853067770188593,12.478437,41.891262,2019-03-07T17:14:30+0000,2019-03-07T17:14:30+0000,panoptic
853067773521926,12.47822,41.891052,2019-03-07T17:14:02+0000,2019-03-07T17:14:02+0000,panoptic
853067776855259,12.478115,41.890976,2019-03-07T17:13:50+0000,2019-03-07T17:13:50+0000,panoptic
853067780188592,12.478619,41.892136,2019-03-07T17:16:30+0000,2019-03-07T17:16:30+0000,panoptic
853067783521925,12.478474,41.891483,2019-03-07T17:15:27+0000,2019-03-07T17:15:27+0000,panoptic
853067786855258,12.478199,41.89102,2019-03-07T17:13:50+0000,2019-03-07T17:13:50+0000,panoptic
853067790188591,12.478363,41.89124,2019-03-07T17:14:12+0000,2019-03-08T14:10:04+0000,panoptic
853067793521924,12.478497,41.89153,2019-03-07T17:14:44+0000,2019-03-07T17:14:44+0000,panoptic
853067796855257,12.478495,41.891525,2019-03-07T17:16:00+0000,2019-03-07T17:16:00+0000,panoptic
853067800188590,12.478651,41.89129,2019-03-07T17:14:40+0000,2019-03-07T17:14:40+0000,panoptic
853067803521923,12.478384,41.89128,2019-03-07T17:14:14+0000,2019-03-07T17:14:14+0000,panoptic
853067806855256,12.47867,41.8913,2019-03-07T17:14:32+0000,2019-03-07T17:14:32+0000,panoptic
853067810188589,12.478556,41.891224,2019-03-07T17:14:34+0000,2019-03-08T14:10:20+0000,panoptic
853067813521922,12.478648,41.891415,2019-03-07T17:15:54+0000,2019-03-07T17:15:54+0000,panoptic
853067816855255,12.478399,41.892315,2019-03-07T17:16:12+0000,2019-03-07T17:16:12+0000,panoptic
853067820188588,12.478717,41.89126,2019-03-07T17:14:26+0000,2019-03-07T17:14:26+0000,panoptic
853067823521921,12.478624,41.891285,2019-03-07T17:14:30+0000,2019-03-07T17:14:30+0000,panoptic
853067826855254,12.478574,41.891235,2019-03-07T17:14:04+0000,2019-03-08T14:09:51+0000,panoptic
853067836855253,12.477828,41.8918,2019-03-07T17:15:22+0000,2019-03-07T17:15:22+0000,panoptic
853067840188586,12.478156,41.89096,2019-03-07T17:13:46+0000,2019-03-08T14:09:08+0000,panoptic
853067843521919,12.478479,41.891342,2019-03-07T17:14:30+0000,2019-03-07T17:14:30+0000,panoptic
853067846855252,12.478389,41.892,2019-03-07T17:16:32+0000,2019-03-07T17:16:32+0000,panoptic
853067850188585,12.478551,41.891533,2019-03-07T17:14:26+0000,2019-03-08T14:10:18+0000,panoptic
853067853521918,12.478228,41.892147,2019-03-07T17:16:30+0000,2019-03-07T17:16:30+0000,panoptic
853067856855251,12.47861,41.891582,2019-03-07T17:14:42+0000,2019-03-07T17:14:42+0000,panoptic
853067860188584,12.478371,41.8922,2019-03-07T17:16:28+0000,2019-03-07T17:17:06+0000,panoptic
853067863521917,12.478343,41.89216,2019-03-07T17:16:48+0000,2019-03-07T17:16:48+0000,panoptic
853067866855250,12.478421,41.891983,2019-03-07T17:16:44+0000,2019-03-07T17:16:44+0000,panoptic
853067870188583,12.478695,41.891502,2019-03-07T17:15:54+0000,2019-03-07T17:15:54+0000,panoptic
853067873521916,12.478417,41.891983,2019-03-07T17:16:26+0000,2019-03-07T17:16:26+0000,panoptic
853067876855249,12.478698,41.8915,2019-03-07T17:14:10+0000,2019-03-07T17:14:10+0000,panoptic
853067880188582,12.478609,41.89215,2019-03-07T17:16:50+0000,2019-03-07T17:16:50+0000,panoptic
853067883521915,12.478668,41.89151,2019-03-07T17:14:26+0000,2019-03-07T17:14:26+0000,panoptic
853067886855248,12.478455,41.89155,2019-03-07T17:14:42+0000,2019-03-08T14:10:06+0000,panoptic
853067890188581,12.478432,41.89199,2019-03-07T17:16:12+0000,2019-03-07T17:16:12+0000,panoptic
776308234611174,12.479391,41.891174,2019-03-08T14:10:40+0000,2019-03-08T14:10:40+0000,panoptic
776308237944507,12.478887,41.89115,2019-03-08T14:10:32+0000,2019-03-08T14:10:32+0000,panoptic
776308241277840,12.478878,41.891262,2019-03-08T14:10:32+0000,2019-03-08T14:10:32+0000,panoptic
776308244611173,12.47886,41.891167,2019-03-08T14:10:36+0000,2019-03-08T14:10:36+0000,panoptic
473046415291584,12.478406,41.891262,2019-03-08T14:10:10+0000,2019-03-08T14:10:10+0000,panoptic
473046475291578,12.478606,41.891216,2019-03-08T14:10:12+0000,2019-03-08T14:10:12+0000,trafficsign
427056350108295,12.480901,41.889515,2019-03-08T14:29:51+0000,2019-03-08T14:29:51+0000,panoptic
2056648634824832,12.474309,41.89279,2025-04-29T15:20:09+0000,2025-04-29T15:20:09+0000,panoptic
2056648638158165,12.474606,41.89266,2025-04-29T15:20:01+0000,2025-04-29T15:20:01+0000,panoptic
2056648641491498,12.474504,41.89254,2025-04-29T15:20:33+0000,2025-04-29T15:20:33+0000,panoptic
2056648644824831,12.474774,41.892857,2025-04-29T15:21:22+0000,2025-04-29T15:21:22+0000,trafficsign
976963050828631,12.477626,41.89105,2019-03-08T13:49:24+0000,2019-03-08T13:49:24+0000,panoptic
976963054161964,12.476085,41.891796,2019-03-08T13:47:32+0000,2019-03-08T13:47:32+0000,panoptic
976963057495297,12.477427,41.89111,2019-03-08T13:49:26+0000,2019-03-08T13:49:26+0000,panoptic
976963060828630,12.4778385,41.890972,2019-03-08T13:49:40+0000,2019-03-08T13:49:40+0000,panoptic
976963070828629,12.476966,41.89124,2019-03-08T13:48:50+0000,2019-03-08T13:48:50+0000,panoptic
976963074161962,12.477193,41.891174,2019-03-08T13:49:08+0000,2019-03-08T13:49:08+0000,panoptic
976963077495295,12.476733,41.891277,2019-03-08T13:48:10+0000,2019-03-08T13:48:10+0000,panoptic
976963080828628,12.476502,41.89124,2019-03-08T13:48:04+0000,2019-03-08T13:48:04+0000,panoptic
976963084161961,12.476281,41.891182,2019-03-08T13:47:54+0000,2019-03-08T13:47:54+0000,panoptic
976963087495294,12.476057,41.89113,2019-03-08T13:47:44+0000,2019-03-08T13:47:44+0000,panoptic
473595631812190,12.470204,41.89175,2017-05-16T20:33:26+0000,2017-05-16T20:33:26+0000,panoptic
473595635145523,12.470562,41.891666,2017-05-16T20:33:27+0000,2017-05-16T20:33:27+0000,panoptic
473595638478856,12.470324,41.89208,2017-05-16T20:33:27+0000,2017-05-16T20:33:27+0000,panoptic
473595641812189,12.470266,41.89201,2017-05-16T20:33:27+0000,2017-05-16T20:33:27+0000,panoptic
473595645145522,12.470264,41.89201,2017-05-16T20:33:27+0000,2017-05-16T20:33:27+0000,panoptic
988251029106132,12.469065,41.892834,2017-05-16T20:33:06+0000,2017-05-16T20:33:06+0000,panoptic
988251032439465,12.4688225,41.893017,2017-05-16T20:33:01+0000,2017-05-16T20:33:01+0000,panoptic
988251035772798,12.469803,41.89226,2017-05-16T20:33:19+0000,2017-05-16T20:33:19+0000,panoptic
988251039106131,12.46893,41.893024,2017-05-16T20:33:01+0000,2017-05-16T20:33:01+0000,panoptic
988251042439464,12.468773,41.89315,2017-05-16T20:33:01+0000,2017-05-16T20:33:01+0000,panoptic
988251045772797,12.469724,41.892403,2017-05-16T20:33:23+0000,2017-05-16T20:33:23+0000,panoptic
988251049106130,12.469727,41.8924,2017-05-16T20:33:23+0000,2017-05-16T20:33:23+0000,panoptic
1205552300616547,12.470875,41.89165,2016-07-07T11:26:48+0000,2016-07-07T11:26:48+0000,panoptic
1299306614578258,12.476855,41.893173,2019-03-07T17:19:24+0000,2019-03-07T17:19:24+0000,panoptic
1299306617911591,12.4771595,41.892956,2019-03-07T17:18:40+0000,2019-03-07T17:18:40+0000,panoptic
1299306621244924,12.477282,41.893017,2019-03-07T17:18:46+0000,2019-03-07T17:18:46+0000,panoptic
1299306624578257,12.47718,41.89295,2019-03-07T17:18:46+0000,2019-03-07T17:18:46+0000,panoptic
1299306627911590,12.477319,41.892765,2019-03-07T17:18:30+0000,2019-03-07T17:18:30+0000,panoptic
1299306631244923,12.47761,41.89279,2019-03-07T17:17:36+0000,2019-03-07T17:17:36+0000,panoptic
1299306634578256,12.476622,41.893246,2019-03-07T17:19:00+0000,2019-03-07T17:19:00+0000,panoptic
1299306641244922,12.477282,41.892925,2019-03-07T17:18:10+0000,2019-03-07T17:18:10+0000,panoptic
1299306647911588,12.478292,41.892414,2019-03-07T17:17:08+0000,2019-03-07T17:17:08+0000,panoptic
1299306651244921,12.477991,41.89274,2019-03-07T17:17:50+0000,2019-03-07T17:17:50+0000,panoptic
1299306654578254,12.477046,41.893112,2019-03-07T17:18:54+0000,2019-03-07T17:18:54+0000,panoptic
1299306657911587,12.476806,41.893276,2019-03-07T17:19:08+0000,2019-03-07T17:19:36+0000,panoptic
1299306661244920,12.478298,41.89242,2019-03-07T17:17:14+0000,2019-03-07T17:17:14+0000,panoptic
1299306664578253,12.478251,41.892612,2019-03-07T17:17:18+0000,2019-03-07T17:17:18+0000,panoptic
1299306667911586,12.476716,41.893147,2019-03-07T17:18:54+0000,2019-03-07T17:18:54+0000,panoptic
1299306671244919,12.477541,41.892796,2019-03-07T17:18:08+0000,2019-03-07T17:18:08+0000,panoptic
1299306674578252,12.476968,41.89307,2019-03-07T17:18:34+0000,2019-03-07T17:18:34+0000,panoptic
1299306677911585,12.477686,41.89277,2019-03-07T17:18:16+0000,2019-03-07T17:18:16+0000,panoptic
1299306681244918,12.477962,41.892757,2019-03-07T17:17:50+0000,2019-03-07T17:17:50+0000,panoptic
1299306684578251,12.47702,41.89302,2019-03-07T17:18:54+0000,2019-03-07T17:18:54+0000,panoptic
1299306687911584,12.4782095,41.892654,2019-03-07T17:17:30+0000,2019-03-07T17:17:30+0000,panoptic
1299306691244917,12.478052,41.89271,2019-03-07T17:17:26+0000,2019-03-07T17:17:26+0000,panoptic
1299306694578250,12.477924,41.89262,2019-03-07T17:17:48+0000,2019-03-07T17:17:48+0000,panoptic
1299306697911583,12.478294,41.89261,2019-03-07T17:17:06+0000,2019-03-07T17:17:06+0000,panoptic
1299306701244916,12.477695,41.892857,2019-03-07T17:18:24+0000,2019-03-07T17:18:24+0000,panoptic
1299306704578249,12.4775095,41.892956,2019-03-07T17:18:26+0000,2019-03-07T17:18:26+0000,panoptic
1299306707911582,12.477698,41.892708,2019-03-07T17:18:08+0000,2019-03-07T17:18:08+0000,panoptic
1299306711244915,12.477403,41.892887,2019-03-07T17:18:40+0000,2019-03-07T17:18:40+0000,panoptic
1299306714578248,12.477485,41.892952,2019-03-07T17:18:16+0000,2019-03-07T17:18:16+0000,panoptic
1299306717911581,12.47745,41.892925,2019-03-07T17:18:18+0000,2019-03-07T17:18:18+0000,panoptic
1299306721244914,12.478223,41.89258,2019-03-07T17:17:16+0000,2019-03-07T17:17:16+0000,trafficsign
1299306724578247,12.477667,41.89273,2019-03-07T17:18:10+0000,2019-03-07T17:18:10+0000,panoptic
1299306727911580,12.477519,41.892952,2019-03-07T17:18:28+0000,2019-03-07T17:18:28+0000,panoptic
1299306731244913,12.477371,41.892864,2019-03-07T17:18:10+0000,2019-03-07T17:18:10+0000,panoptic
1299306734578246,12.477481,41.892956,2019-03-07T17:18:10+0000,2019-03-07T17:18:10+0000,panoptic
1299306737911579,12.477884,41.892628,2019-03-07T17:17:54+0000,2019-03-07T17:17:54+0000,panoptic
1299306744578245,12.477449,41.892925,2019-03-07T17:18:42+0000,2019-03-07T17:18:42+0000,panoptic
1299306747911578,12.477542,41.892807,2019-03-07T17:17:54+0000,2019-03-07T17:17:54+0000,panoptic
1299306751244911,12.478166,41.892536,2019-03-07T17:17:30+0000,2019-03-07T17:17:30+0000,panoptic
1299306754578244,12.477902,41.892654,2019-03-07T17:17:32+0000,2019-03-07T17:17:32+0000,panoptic
1299306757911577,12.478223,41.89258,2019-03-07T17:17:06+0000,2019-03-07T17:17:06+0000,panoptic
1299306761244910,12.478222,41.89258,2019-03-07T17:17:40+0000,2019-03-07T17:17:40+0000,panoptic
1299306764578243,12.478161,41.89261,2019-03-07T17:17:22+0000,2019-03-07T17:17:22+0000,panoptic
1299306767911576,12.477347,41.892815,2019-03-07T17:18:24+0000,2019-03-07T17:18:24+0000,panoptic
1299306771244909,12.478163,41.89253,2019-03-07T17:17:38+0000,2019-03-07T17:17:38+0000,panoptic
1299306774578242,12.478293,41.892414,2019-03-07T17:17:22+0000,2019-03-07T17:17:22+0000,panoptic
1299306777911575,12.47715,41.893036,2019-03-07T17:19:02+0000,2019-03-07T17:19:02+0000,panoptic
1299306781244908,12.477833,41.892807,2019-03-07T17:17:50+0000,2019-03-07T17:17:50+0000,panoptic
1299306784578241,12.477216,41.89309,2019-03-07T17:18:58+0000,2019-03-07T17:18:58+0000,panoptic
1299306787911574,12.476905,41.893147,2019-03-07T17:19:24+0000,2019-03-07T17:19:24+0000,panoptic
1299306791244907,12.477161,41.893074,2019-03-07T17:18:38+0000,2019-03-07T17:18:38+0000,panoptic
1299306794578240,12.477159,41.892956,2019-03-07T17:18:52+0000,2019-03-07T17:18:52+0000,panoptic
1299306797911573,12.47796,41.892654,2019-03-07T17:17:54+0000,2019-03-07T17:17:54+0000,panoptic
1299306801244906,12.477202,41.892982,2019-03-07T17:19:00+0000,2019-03-07T17:19:00+0000,panoptic
1299306804578239,12.477451,41.89286,2019-03-07T17:18:30+0000,2019-03-07T17:18:30+0000,panoptic
1299306807911572,12.478213,41.89254,2019-03-07T17:17:34+0000,2019-03-07T17:17:34+0000,panoptic
1299306811244905,12.47737,41.892937,2019-03-07T17:18:42+0000,2019-03-07T17:18:42+0000,panoptic
1299306814578238,12.477908,41.892776,2019-03-07T17:17:54+0000,2019-03-07T17:17:54+0000,panoptic
1299306817911571,12.477301,41.89289,2019-03-07T17:18:42+0000,2019-03-07T17:18:42+0000,panoptic
1299306821244904,12.477704,41.89274,2019-03-07T17:18:16+0000,2019-03-07T17:18:16+0000,panoptic
1299306824578237,12.477825,41.892784,2019-03-07T17:18:12+0000,2019-03-07T17:18:12+0000,panoptic
1299306827911570,12.478214,41.89259,2019-03-07T17:17:20+0000,2019-03-07T17:17:20+0000,panoptic
1299306831244903,12.476752,41.893265,2019-03-07T17:19:24+0000,2019-03-07T17:19:24+0000,panoptic
1299306834578236,12.477316,41.892876,2019-03-07T17:18:32+0000,2019-03-07T17:18:32+0000,panoptic
1299306837911569,12.478088,41.892567,2019-03-07T17:17:44+0000,2019-03-07T17:17:44+0000,panoptic
1299306841244902,12.477212,41.89301,2019-03-07T17:19:00+0000,2019-03-07T17:19:00+0000,panoptic
1299306844578235,12.477169,41.892967,2019-03-07T17:18:52+0000,2019-03-07T17:18:52+0000,panoptic
1299306847911568,12.477982,41.89271,2019-03-07T17:17:58+0000,2019-03-07T17:17:58+0000,panoptic
1299306851244901,12.477603,41.892754,2019-03-07T17:17:48+0000,2019-03-07T17:17:48+0000,panoptic
1299306854578234,12.478262,41.89263,2019-03-07T17:17:12+0000,2019-03-07T17:17:12+0000,panoptic
1299306857911567,12.477757,41.89284,2019-03-07T17:18:16+0000,2019-03-07T17:18:16+0000,panoptic
1299306861244900,12.477848,41.892643,2019-03-07T17:17:56+0000,2019-03-07T17:17:56+0000,panoptic
1299306864578233,12.477449,41.892925,2019-03-07T17:18:02+0000,2019-03-07T17:18:02+0000,panoptic
1299306867911566,12.476711,41.89313,2019-03-07T17:19:02+0000,2019-03-07T17:19:02+0000,panoptic
1299306871244899,12.477558,41.892773,2019-03-07T17:17:52+0000,2019-03-07T17:17:52+0000,panoptic
1299306874578232,12.477852,41.892643,2019-03-07T17:17:46+0000,2019-03-07T17:17:46+0000,panoptic
1299306877911565,12.47763,41.892754,2019-03-07T17:17:54+0000,2019-03-07T17:17:54+0000,panoptic
1299306881244898,12.477999,41.89273,2019-03-07T17:17:28+0000,2019-03-07T17:17:28+0000,panoptic
1299306884578231,12.478047,41.89271,2019-03-07T17:17:28+0000,2019-03-07T17:17:28+0000,panoptic
1299306887911564,12.478158,41.89252,2019-03-07T17:17:38+0000,2019-03-07T17:17:38+0000,panoptic
1299306891244897,12.476747,41.893433,2019-03-07T17:19:04+0000,2019-03-07T17:19:04+0000,panoptic
1299306894578230,12.477896,41.892624,2019-03-07T17:17:46+0000,2019-03-07T17:17:46+0000,panoptic
1299306897911563,12.477436,41.8929,2019-03-07T17:18:08+0000,2019-03-07T17:18:08+0000,panoptic
1299306901244896,12.476786,41.893265,2019-03-07T17:18:26+0000,2019-03-07T17:18:26+0000,panoptic
1299306904578229,12.476835,41.893143,2019-03-07T17:19:22+0000,2019-03-07T17:19:22+0000,panoptic
1299306907911562,12.477891,41.892662,2019-03-07T17:18:00+0000,2019-03-07T17:18:00+0000,panoptic
1299306911244895,12.477906,41.892647,2019-03-07T17:17:58+0000,2019-03-07T17:17:58+0000,panoptic
1299306914578228,12.47744,41.89292,2019-03-07T17:18:34+0000,2019-03-07T17:18:34+0000,panoptic
1299306917911561,12.477921,41.89261,2019-03-07T17:17:50+0000,2019-03-07T17:17:50+0000,panoptic
1299306921244894,12.478027,41.892727,2019-03-07T17:17:50+0000,2019-03-07T17:17:50+0000,panoptic
975937693857329,12.476958,41.893997,2019-03-07T17:21:22+0000,2019-03-07T17:21:22+0000,panoptic
975937697190662,12.476477,41.89379,2019-03-07T17:20:40+0000,2019-03-07T17:20:40+0000,panoptic
975937700523995,12.476473,41.893818,2019-03-07T17:20:44+0000,2019-03-07T17:20:44+0000,panoptic
975937703857328,12.476602,41.893784,2019-03-07T17:20:22+0000,2019-03-07T17:20:22+0000,panoptic
975937707190661,12.47675,41.893963,2019-03-07T17:21:20+0000,2019-03-07T17:21:20+0000,panoptic
975937710523994,12.476465,41.89397,2019-03-07T17:20:58+0000,2019-03-07T17:20:58+0000,panoptic
975937713857327,12.477195,41.89393,2019-03-07T17:21:48+0000,2019-03-07T17:21:48+0000,panoptic
975937717190660,12.476811,41.893963,2019-03-07T17:21:14+0000,2019-03-07T17:21:14+0000,panoptic
975937720523993,12.477199,41.89393,2019-03-07T17:21:48+0000,2019-03-07T17:21:48+0000,panoptic
975937723857326,12.477239,41.893967,2019-03-07T17:21:54+0000,2019-03-07T17:21:54+0000,panoptic
975937727190659,12.476775,41.89363,2019-03-07T17:20:12+0000,2019-03-07T17:20:12+0000,panoptic
975937737190658,12.477249,41.89394,2019-03-07T17:21:56+0000,2019-03-07T17:21:56+0000,panoptic
975937740523991,12.477456,41.89391,2019-03-07T17:22:10+0000,2019-03-07T17:22:10+0000,panoptic
975937747190657,12.477426,41.893944,2019-03-07T17:21:56+0000,2019-03-07T17:21:56+0000,panoptic
975937750523990,12.477282,41.893963,2019-03-07T17:21:58+0000,2019-03-07T17:21:58+0000,panoptic
975937757190656,12.476448,41.893967,2019-03-07T17:20:44+0000,2019-03-07T17:20:44+0000,panoptic
975937760523989,12.476473,41.893814,2019-03-07T17:19:58+0000,2019-03-07T17:19:58+0000,panoptic
975937767190655,12.477184,41.89393,2019-03-07T17:21:52+0000,2019-03-07T17:21:52+0000,panoptic
975937770523988,12.476403,41.893974,2019-03-07T17:20:56+0000,2019-03-07T17:20:56+0000,panoptic
975937773857321,12.477432,41.893944,2019-03-07T17:21:58+0000,2019-03-07T17:21:58+0000,panoptic
975937783857320,12.476404,41.893993,2019-03-07T17:20:46+0000,2019-03-07T17:20:46+0000,panoptic
975937790523986,12.47646,41.893925,2019-03-07T17:20:46+0000,2019-03-07T17:20:46+0000,panoptic
975937793857319,12.476493,41.893806,2019-03-07T17:20:42+0000,2019-03-07T17:20:42+0000,panoptic
975937797190652,12.477802,41.89388,2019-03-07T17:21:50+0000,2019-03-07T17:26:46+0000,panoptic
975937800523985,12.476377,41.893757,2019-03-07T17:20:34+0000,2019-03-07T17:20:34+0000,trafficsign
975937803857318,12.476377,41.893757,2019-03-07T17:20:34+0000,2019-03-07T17:20:34+0000,panoptic
975937807190651,12.4763775,41.893757,2019-03-07T17:20:34+0000,2019-03-07T17:20:34+0000,panoptic
975937810523984,12.477423,41.893944,2019-03-07T17:21:42+0000,2019-03-07T17:21:42+0000,panoptic
975937813857317,12.476844,41.893707,2019-03-07T17:19:52+0000,2019-03-07T17:19:52+0000,panoptic
975937817190650,12.4763775,41.893757,2019-03-07T17:20:34+0000,2019-03-07T17:20:34+0000,trafficsign
975937823857316,12.476991,41.893982,2019-03-07T17:21:08+0000,2019-03-07T17:21:08+0000,panoptic
975937830523982,12.477197,41.89393,2019-03-07T17:21:14+0000,2019-03-07T17:21:14+0000,panoptic
975937833857315,12.476785,41.89373,2019-03-07T17:19:58+0000,2019-03-07T17:19:58+0000,panoptic
975937837190648,12.476886,41.893402,2019-03-07T17:19:38+0000,2019-03-07T17:19:38+0000,panoptic
975937840523981,12.476913,41.893417,2019-03-07T17:19:36+0000,2019-03-07T17:19:36+0000,panoptic
975937843857314,12.477495,41.893932,2019-03-07T17:21:40+0000,2019-03-07T17:21:40+0000,panoptic
975937847190647,12.47685,41.893356,2019-03-07T17:19:38+0000,2019-03-07T17:19:38+0000,panoptic
975937850523980,12.477738,41.893803,2019-03-07T17:22:08+0000,2019-03-07T17:22:16+0000,panoptic
975937853857313,12.477692,41.893906,2019-03-07T17:21:58+0000,2019-03-07T17:26:38+0000,panoptic
975937857190646,12.476931,41.893497,2019-03-07T17:19:36+0000,2019-03-07T17:19:36+0000,panoptic
975937867190645,12.476739,41.893543,2019-03-07T17:19:58+0000,2019-03-07T17:19:58+0000,panoptic
975937870523978,12.477215,41.893955,2019-03-07T17:21:14+0000,2019-03-07T17:21:14+0000,panoptic
975937873857311,12.476961,41.893642,2019-03-07T17:19:42+0000,2019-03-07T17:19:42+0000,panoptic
975937877190644,12.476595,41.893772,2019-03-07T17:20:02+0000,2019-03-07T17:20:02+0000,panoptic
975937880523977,12.476614,41.893654,2019-03-07T17:19:58+0000,2019-03-07T17:19:58+0000,panoptic
975937883857310,12.476505,41.893997,2019-03-07T17:20:54+0000,2019-03-07T17:20:54+0000,panoptic
975937890523976,12.476764,41.893726,2019-03-07T17:20:02+0000,2019-03-07T17:20:02+0000,panoptic
1393657444678946,12.47754,41.893856,2019-03-07T17:22:20+0000,2019-03-07T17:22:20+0000,panoptic
1393657448012279,12.477538,41.89373,2019-03-07T17:22:16+0000,2019-03-07T17:22:16+0000,panoptic
1393657451345612,12.477548,41.893887,2019-03-07T17:22:18+0000,2019-03-07T17:22:18+0000,panoptic
1393657461345611,12.477447,41.893753,2019-03-07T17:22:18+0000,2019-03-07T17:22:18+0000,panoptic
1393657464678944,12.477525,41.893856,2019-03-07T17:22:22+0000,2019-03-07T17:22:22+0000,panoptic
1393657471345610,12.477643,41.89371,2019-03-07T17:22:16+0000,2019-03-07T17:26:38+0000,panoptic
1393657474678943,12.477524,41.893726,2019-03-07T17:22:18+0000,2019-03-07T17:22:18+0000,panoptic
9642873862461648,12.475411,41.893982,2025-04-29T15:23:01+0000,2025-04-29T15:23:01+0000,panoptic
768927498767714,12.479312,41.893692,2019-03-07T17:51:02+0000,2019-03-07T17:51:02+0000,panoptic
768927502101047,12.479359,41.893867,2019-03-07T17:51:00+0000,2019-03-07T17:51:00+0000,panoptic
768927505434380,12.479411,41.89387,2019-03-07T17:51:14+0000,2019-03-07T17:51:14+0000,panoptic
768927508767713,12.479193,41.893475,2019-03-07T17:50:44+0000,2019-03-07T17:50:44+0000,panoptic
768927512101046,12.478703,41.89367,2019-03-07T17:49:32+0000,2019-03-07T17:49:32+0000,panoptic
768927515434379,12.479368,41.893787,2019-03-07T17:51:14+0000,2019-03-07T17:51:14+0000,panoptic
768927518767712,12.478805,41.89361,2019-03-07T17:50:18+0000,2019-03-07T17:50:18+0000,panoptic
768927528767711,12.4794035,41.893867,2019-03-07T17:51:12+0000,2019-03-07T17:51:12+0000,panoptic
768927535434377,12.479445,41.893826,2019-03-07T17:50:52+0000,2019-03-07T17:50:52+0000,panoptic
768927538767710,12.479277,41.893543,2019-03-07T17:50:44+0000,2019-03-07T17:50:44+0000,panoptic
768927542101043,12.478754,41.893803,2019-03-07T17:49:13+0000,2019-03-07T17:49:13+0000,panoptic
768927552101042,12.478823,41.893597,2019-03-07T17:49:36+0000,2019-03-07T17:49:36+0000,panoptic
768927555434375,12.479424,41.89379,2019-03-07T17:51:12+0000,2019-03-07T17:51:12+0000,panoptic
768927558767708,12.478822,41.893597,2019-03-07T17:49:13+0000,2019-03-07T17:49:13+0000,panoptic
768927562101041,12.479367,41.893692,2019-03-07T17:51:02+0000,2019-03-07T17:51:02+0000,panoptic
768927568767707,12.478823,41.893597,2019-03-07T17:49:36+0000,2019-03-07T17:49:36+0000,panoptic
768927572101040,12.479112,41.893543,2019-03-07T17:50:32+0000,2019-03-07T17:50:32+0000,panoptic
768927575434373,12.4792795,41.89354,2019-03-07T17:50:48+0000,2019-03-07T17:50:48+0000,panoptic
768927578767706,12.479366,41.893692,2019-03-07T17:51:02+0000,2019-03-07T17:51:02+0000,panoptic
768927582101039,12.478798,41.89356,2019-03-07T17:49:28+0000,2019-03-07T17:49:28+0000,panoptic
768927585434372,12.4792795,41.89354,2019-03-07T17:50:48+0000,2019-03-07T17:50:48+0000,panoptic
768927595434371,12.4792795,41.89354,2019-03-07T17:50:50+0000,2019-03-07T17:50:50+0000,panoptic
768927605434370,12.478822,41.893593,2019-03-07T17:50:24+0000,2019-03-07T17:50:24+0000,trafficsign
768927618767702,12.479126,41.893536,2019-03-07T17:50:38+0000,2019-03-07T17:50:38+0000,panoptic
768927622101035,12.479295,41.893513,2019-03-07T17:50:38+0000,2019-03-07T17:50:38+0000,panoptic
768927645434366,12.478771,41.89367,2019-03-07T17:49:13+0000,2019-03-07T17:49:13+0000,panoptic
768927648767699,12.478757,41.89352,2019-03-07T17:49:28+0000,2019-03-07T17:49:28+0000,panoptic
768927652101032,12.478942,41.893593,2019-03-07T17:50:18+0000,2019-03-07T17:50:18+0000,panoptic
768927655434365,12.4791155,41.893536,2019-03-07T17:50:18+0000,2019-03-07T17:50:18+0000,panoptic
768927658767698,12.479467,41.89337,2019-03-07T17:50:30+0000,2019-03-07T17:50:30+0000,panoptic
768927662101031,12.479559,41.893932,2019-03-07T17:51:00+0000,2019-03-07T17:51:00+0000,panoptic
768927665434364,12.479374,41.893726,2019-03-07T17:50:52+0000,2019-03-07T17:50:52+0000,panoptic
768927668767697,12.479632,41.89324,2019-03-07T17:50:34+0000,2019-03-07T17:50:34+0000,panoptic
768927672101030,12.478674,41.893826,2019-03-07T17:49:13+0000,2019-03-07T17:49:13+0000,panoptic
768927675434363,12.479299,41.893604,2019-03-07T17:50:52+0000,2019-03-07T17:50:52+0000,panoptic
768927682101029,12.479113,41.893543,2019-03-07T17:50:40+0000,2019-03-07T17:50:40+0000,panoptic
2404925116541218,12.4751625,41.893723,2025-04-29T15:21:33+0000,2025-04-29T15:21:33+0000,panoptic
2404925119874551,12.475037,41.89376,2025-04-29T15:21:32+0000,2025-04-29T15:21:32+0000,panoptic
6497178207031519,12.480266,41.89279,2023-08-08T07:40:46+0000,2023-08-08T07:40:46+0000,panoptic
6497178210364852,12.480248,41.89278,2023-08-08T07:40:45+0000,2023-08-08T07:40:45+0000,panoptic
6497178213698185,12.480311,41.89276,2023-08-08T07:40:45+0000,2023-08-08T07:40:45+0000,panoptic
6497178217031518,12.480176,41.892746,2023-08-08T07:40:45+0000,2023-08-08T07:40:45+0000,panoptic
6497178220364851,12.480176,41.892746,2023-08-08T07:40:45+0000,2023-08-08T07:40:45+0000,panoptic
417247557889982,12.46777,41.89378,2017-05-16T20:32:49+0000,2017-05-16T20:32:49+0000,panoptic
417247561223315,12.467565,41.89397,2017-05-16T20:32:48+0000,2017-05-16T20:32:48+0000,panoptic
