id,lon,lat,first_seen_at,last_seen_at,object_type
957664258341504,2.1689622,41.38251,2020-05-08T08:30:12+0000,2020-05-08T08:30:12+0000,trafficsign
959607951480468,2.1683104,41.38312,2020-05-08T08:30:45+0000,2020-05-08T08:30:45+0000,mvd_fast
959772858130644,2.1683059,41.38322,2020-05-08T08:31:05+0000,2020-05-08T08:31:05+0000,mvd_fast
959859044788692,2.1689186,41.38255,2020-05-08T08:30:12+0000,2020-05-08T08:30:12+0000,mvd_fast
959928654781731,2.168313,41.383152,2020-05-08T08:30:54+0000,2020-05-08T08:30:54+0000,mvd_fast
960388474735749,2.1691267,41.382294,2020-05-08T08:29:55+0000,2020-05-08T08:29:55+0000,mvd_fast
1308073853830444,2.1740832,41.37642,2025-02-27T15:32:18+0000,2025-02-27T15:32:18+0000,panoptic
1308073857163777,2.174036,41.376476,2025-02-27T15:32:15+0000,2025-02-27T15:32:15+0000,panoptic
1308073860497110,2.1743417,41.376434,2025-02-27T15:32:21+0000,2025-02-27T15:32:21+0000,panoptic
1308073863830443,2.1748993,41.376595,2025-02-27T15:32:34+0000,2025-02-27T15:32:34+0000,panoptic
1308073867163776,2.1745355,41.376434,2025-02-27T15:32:35+0000,2025-03-05T15:31:15+0000,panoptic
1308073873830442,2.1748013,41.37647,2025-02-27T15:32:44+0000,2025-02-27T15:32:44+0000,panoptic
1308073880497108,2.174693,41.37647,2025-02-27T15:32:32+0000,2025-02-27T15:32:32+0000,panoptic
1308073890497107,2.1739924,41.376663,2025-02-27T15:32:13+0000,2025-02-27T15:32:13+0000,panoptic
1308073893830440,2.1747766,41.376534,2025-02-27T15:32:34+0000,2025-02-27T15:32:34+0000,panoptic
1308073903830439,2.1748466,41.376366,2025-02-27T15:32:40+0000,2025-02-27T15:32:40+0000,panoptic
1308073913830438,2.1739633,41.37645,2025-02-27T15:32:14+0000,2025-03-05T15:31:08+0000,panoptic
1308073917163771,2.1742704,41.37639,2025-02-27T15:32:13+0000,2025-03-05T15:31:08+0000,panoptic
1308073920497104,2.1739945,41.376656,2025-02-27T15:32:17+0000,2025-03-05T15:31:08+0000,panoptic
1308073923830437,2.174269,41.37639,2025-02-27T15:32:13+0000,2025-03-05T15:31:08+0000,panoptic
1308073953830434,2.1748512,41.3765,2025-02-27T15:32:32+0000,2025-02-27T15:32:32+0000,panoptic
1308073960497100,2.1739926,41.376663,2025-02-27T15:32:13+0000,2025-03-05T15:31:08+0000,trafficsign
1308073963830433,2.1747766,41.376534,2025-02-27T15:32:34+0000,2025-02-27T15:32:34+0000,trafficsign
1308073977163765,2.174879,41.3765,2025-02-27T15:32:37+0000,2025-02-27T15:32:37+0000,panoptic
1308073980497098,2.1748793,41.376488,2025-02-27T15:32:34+0000,2025-02-27T15:32:34+0000,panoptic
1308073983830431,2.1749198,41.376495,2025-02-27T15:32:34+0000,2025-02-27T15:32:34+0000,panoptic
1308073993830430,2.1740584,41.376415,2025-02-27T15:32:17+0000,2025-03-05T15:31:08+0000,panoptic
1308073997163763,2.1746647,41.37667,2025-02-27T15:32:17+0000,2025-02-27T15:32:17+0000,panoptic
1308074023830427,2.1745944,41.376465,2025-02-27T15:32:36+0000,2025-02-27T15:32:36+0000,panoptic
1308074027163760,2.174624,41.376682,2025-02-27T15:32:17+0000,2025-03-05T15:31:10+0000,panoptic
1308074030497093,2.1746583,41.376743,2025-02-27T15:32:17+0000,2025-02-27T15:32:17+0000,panoptic
1308074033830426,2.174378,41.376522,2025-02-27T15:32:30+0000,2025-02-27T15:32:30+0000,panoptic
1308074040497092,2.174109,41.376842,2025-02-27T15:32:15+0000,2025-03-05T15:31:08+0000,panoptic
1308074043830425,2.1745286,41.37659,2025-02-27T15:32:30+0000,2025-02-27T15:32:30+0000,panoptic
1308074057163757,2.1740947,41.376385,2025-02-27T15:32:18+0000,2025-02-27T15:32:18+0000,panoptic
1308074060497090,2.1743321,41.37661,2025-02-27T15:32:13+0000,2025-03-05T15:31:08+0000,panoptic
1308074063830423,2.1745496,41.376434,2025-02-27T15:32:35+0000,2025-02-27T15:32:35+0000,panoptic
1308074067163756,2.174385,41.37658,2025-02-27T15:32:19+0000,2025-02-27T15:32:19+0000,panoptic
1308074070497089,2.1746156,41.376396,2025-02-27T15:32:35+0000,2025-02-27T15:32:35+0000,panoptic
1308074073830422,2.1743927,41.376488,2025-02-27T15:32:19+0000,2025-03-05T15:31:10+0000,panoptic
1308074077163755,2.1743066,41.37644,2025-02-27T15:32:22+0000,2025-02-27T15:32:22+0000,panoptic
1308074083830421,2.1746242,41.37652,2025-02-27T15:32:21+0000,2025-02-27T15:32:21+0000,panoptic
1308074090497087,2.1744993,41.37644,2025-02-27T15:32:22+0000,2025-02-27T15:32:22+0000,panoptic
1308074130497083,2.1745288,41.376453,2025-02-27T15:32:22+0000,2025-02-27T15:32:22+0000,panoptic
1308074160497080,2.1738245,41.376705,2025-02-27T15:32:14+0000,2025-03-05T15:31:08+0000,panoptic
796751260977207,2.1708705,41.384365,2017-11-20T09:21:59+0000,2017-11-20T09:21:59+0000,trafficsign
796810600971273,2.1702209,41.384666,2017-11-20T09:21:28+0000,2017-11-20T09:21:28+0000,trafficsign
800942027224797,2.1703157,41.384567,2017-11-20T09:21:55+0000,2017-11-20T09:21:55+0000,mvd_fast
801032100549123,2.1702123,41.38467,2017-11-20T09:21:21+0000,2017-11-20T09:21:21+0000,mvd_fast
801047960547537,2.1699855,41.38473,2017-11-20T09:21:21+0000,2017-11-20T09:21:21+0000,mvd_fast
801065440545789,2.1701827,41.38469,2017-11-20T09:21:38+0000,2017-11-20T09:21:38+0000,mvd_fast
801085500543783,2.1703863,41.384567,2017-11-20T09:21:55+0000,2017-11-20T09:21:55+0000,mvd_fast
801127133872953,2.1702197,41.38468,2017-11-20T09:21:40+0000,2017-11-20T09:21:40+0000,mvd_fast
801139677205032,2.1704962,41.384357,2017-11-20T09:22:01+0000,2021-09-06T13:17:23+0000,mvd_fast
801162227202777,2.1703243,41.3846,2017-11-20T09:21:53+0000,2017-11-20T09:21:53+0000,mvd_fast
801773253808341,2.170112,41.384686,2017-11-20T09:21:38+0000,2017-11-20T09:21:38+0000,mvd_fast
801780693807597,2.1700063,41.384727,2017-11-20T09:21:21+0000,2017-11-20T09:21:21+0000,mvd_fast
801843160468017,2.170031,41.384697,2017-11-20T09:21:21+0000,2017-11-20T09:21:21+0000,mvd_fast
1699594234236209,2.1747532,41.37631,2025-03-05T15:31:24+0000,2025-03-05T15:31:24+0000,panoptic
1699594250902874,2.1749444,41.376373,2025-03-05T15:31:25+0000,2025-03-05T15:31:25+0000,panoptic
1699594257569540,2.1749446,41.376373,2025-03-05T15:31:25+0000,2025-03-05T15:31:25+0000,panoptic
1699594264236206,2.175,41.376255,2025-03-05T15:31:28+0000,2025-03-05T15:31:28+0000,panoptic
1003357874976387,2.1749935,41.376377,2025-02-19T08:29:01+0000,2025-02-19T08:29:01+0000,panoptic
1003357878309720,2.1745882,41.376373,2025-02-19T08:28:59+0000,2025-03-05T15:31:21+0000,panoptic
1003357881643053,2.1749265,41.376358,2025-02-19T08:29:04+0000,2025-02-27T15:27:19+0000,panoptic
1003357884976386,2.1744463,41.376404,2025-02-19T08:28:58+0000,2025-02-19T08:28:58+0000,panoptic
1003357888309719,2.1746302,41.376392,2025-02-19T08:28:58+0000,2025-02-19T08:28:58+0000,panoptic
1003357891643052,2.1746836,41.37643,2025-02-19T08:28:58+0000,2025-02-27T15:32:28+0000,panoptic
1003357898309718,2.1747649,41.376434,2025-02-19T08:29:01+0000,2025-03-05T15:31:21+0000,panoptic
1003357901643051,2.1748621,41.376415,2025-02-19T08:28:58+0000,2025-03-05T15:31:20+0000,panoptic
1003357904976384,2.1749306,41.37635,2025-02-19T08:29:01+0000,2025-02-27T15:27:20+0000,panoptic
1003357908309717,2.174871,41.37654,2025-02-19T08:29:00+0000,2025-02-27T15:32:34+0000,panoptic
1003357911643050,2.1746564,41.37654,2025-02-19T08:28:58+0000,2025-02-27T15:32:30+0000,panoptic
1003357914976383,2.1749258,41.376347,2025-02-19T08:29:06+0000,2025-02-19T08:29:06+0000,panoptic
1003357918309716,2.1745093,41.37648,2025-02-19T08:28:57+0000,2025-02-19T08:28:57+0000,panoptic
1003357921643049,2.1747715,41.37631,2025-02-19T08:29:02+0000,2025-03-05T15:31:22+0000,panoptic
309637197283636,2.168109,41.37969,2021-10-26T14:12:36+0000,2021-10-26T14:12:36+0000,panoptic
309637200616969,2.168117,41.379665,2021-10-26T14:12:36+0000,2021-10-26T14:12:36+0000,panoptic
1275111590070687,2.162501,41.386208,2023-04-18T15:22:56+0000,2023-04-18T15:22:56+0000,panoptic
1275111593404020,2.1621022,41.386158,2023-04-18T15:22:59+0000,2023-04-18T15:22:59+0000,panoptic
1275111600070686,2.1620955,41.386208,2023-04-18T15:23:03+0000,2023-04-18T15:23:03+0000,panoptic
1275111603404019,2.162344,41.38629,2023-04-18T15:22:58+0000,2023-04-18T15:22:58+0000,panoptic
1275111610070685,2.1623845,41.386272,2023-04-18T15:22:57+0000,2023-04-18T15:22:57+0000,panoptic
1275111613404018,2.1622975,41.38631,2023-04-18T15:22:58+0000,2023-04-18T15:22:58+0000,panoptic
1275111626737350,2.162531,41.38621,2023-04-18T15:22:56+0000,2023-04-18T15:22:56+0000,panoptic
1275111630070683,2.162119,41.386143,2023-04-18T15:23:02+0000,2023-04-18T15:23:02+0000,panoptic
1275111633404016,2.1620688,41.386356,2023-04-18T15:23:00+0000,2023-04-18T15:23:00+0000,panoptic
1275111636737349,2.1623073,41.386055,2023-04-18T15:22:58+0000,2023-04-18T15:22:58+0000,panoptic
1275111646737348,2.162022,41.386185,2023-04-18T15:23:03+0000,2023-04-18T15:23:03+0000,panoptic
1275111650070681,2.162072,41.386356,2023-04-18T15:23:02+0000,2023-04-18T15:23:02+0000,panoptic
1275111653404014,2.1623173,41.38611,2023-04-18T15:22:58+0000,2023-04-18T15:22:58+0000,panoptic
1275111656737347,2.1622236,41.386112,2023-04-18T15:22:57+0000,2023-04-18T15:22:57+0000,panoptic
1275111690070677,2.1620722,41.386356,2023-04-18T15:23:02+0000,2023-04-18T15:23:02+0000,trafficsign
1411337655868079,2.1731644,41.38116,2017-08-26T19:55:33+0000,2017-08-26T19:55:33+0000,mvd_fast
1411499419185236,2.1728067,41.381165,2017-08-26T19:59:11+0000,2017-08-26T19:59:11+0000,mvd_fast
775517413328927,2.1749246,41.386818,2020-05-02T07:27:52+0000,2020-05-02T07:27:52+0000,trafficsign
777440579803277,2.1749504,41.38688,2020-05-02T07:27:48+0000,2020-05-02T07:27:48+0000,mvd_fast
777715439775791,2.1749063,41.38689,2020-05-02T07:27:48+0000,2020-05-02T07:27:48+0000,mvd_fast
1249034598930990,2.1749105,41.386963,2021-10-26T14:01:24+0000,2021-10-26T14:01:24+0000,panoptic
1249034695597647,2.1749194,41.386955,2021-10-26T14:01:24+0000,2021-10-26T14:01:24+0000,panoptic
376927290385674,2.1749809,41.386982,2016-02-25T13:01:23+0000,2016-02-25T13:01:23+0000,mvd_fast
731494776653922,2.1621675,41.38284,2026-04-25T06:30:03+0000,2026-04-25T06:30:03+0000,panoptic
2995007520719247,2.1735468,41.38213,2017-11-18T16:09:25+0000,2017-11-18T16:09:25+0000,mvd_fast
2995034377383228,2.1733027,41.381836,2017-11-18T16:08:04+0000,2017-11-18T16:08:04+0000,mvd_fast
2995045707382095,2.1734664,41.38202,2017-11-18T16:08:57+0000,2017-11-18T16:08:57+0000,mvd_fast
2995099210710078,2.173546,41.38212,2017-11-18T16:09:09+0000,2017-11-18T16:09:09+0000,mvd_fast
2995110404042292,2.1735497,41.382114,2017-11-18T16:09:09+0000,2017-11-18T16:09:09+0000,mvd_fast
2995136547373011,2.1734066,41.3819,2017-11-18T16:08:00+0000,2017-11-18T16:08:00+0000,mvd_fast
2995142387372427,2.173702,41.382286,2017-11-18T16:08:04+0000,2017-11-18T16:08:04+0000,mvd_fast
2995155637371102,2.1734974,41.38207,2017-11-18T16:08:10+0000,2017-11-18T16:08:10+0000,mvd_fast
2995157754037557,2.1734166,41.38203,2017-11-18T16:09:00+0000,2017-11-18T16:09:00+0000,mvd_fast
2995161290703870,2.1731186,41.381603,2017-11-18T16:08:34+0000,2017-11-18T16:08:34+0000,mvd_fast
2995164014036931,2.1734746,41.382015,2017-11-18T16:08:00+0000,2017-11-18T16:08:00+0000,mvd_fast
2995177240702275,2.1734326,41.381874,2017-11-18T16:08:21+0000,2017-11-18T16:08:21+0000,mvd_fast
2995190247367641,2.1736076,41.382195,2017-11-18T16:08:32+0000,2017-11-18T16:08:32+0000,mvd_fast
2995199537366712,2.173175,41.381683,2017-11-18T16:08:10+0000,2017-11-18T16:08:10+0000,mvd_fast
2995208737365792,2.1735053,41.3821,2017-11-18T16:08:06+0000,2017-11-18T16:08:06+0000,mvd_fast
2995225450697454,2.1732693,41.381775,2017-11-18T16:08:00+0000,2017-11-18T16:08:00+0000,mvd_fast
2995227147363951,2.1732843,41.38154,2017-11-18T16:08:12+0000,2017-11-18T16:08:12+0000,mvd_fast
2995247420695257,2.1733162,41.38195,2017-11-18T16:09:00+0000,2017-11-18T16:09:00+0000,mvd_fast
2995254464027886,2.1734066,41.381897,2017-11-18T16:08:57+0000,2017-11-18T16:08:57+0000,mvd_fast
2995285110691488,2.1734035,41.3819,2017-11-18T16:08:04+0000,2017-11-18T16:08:04+0000,mvd_fast
2995293354023997,2.1736186,41.38211,2017-11-18T16:08:04+0000,2017-11-18T16:08:04+0000,mvd_fast
2995316764021656,2.173732,41.382248,2017-11-18T16:07:58+0000,2017-11-18T16:07:58+0000,mvd_fast
2995420720677927,2.1733909,41.381886,2017-11-18T16:08:00+0000,2017-11-18T16:08:00+0000,mvd_fast
305129484432000,2.1739624,41.386635,2020-05-02T08:25:17+0000,2020-05-02T08:25:17+0000,mvd_fast
305935717684710,2.1734633,41.386524,2020-05-02T08:24:43+0000,2020-05-02T08:24:43+0000,mvd_fast
726038053323139,2.1628747,41.385437,2025-04-05T12:49:38+0000,2025-04-05T12:49:38+0000,panoptic
726038079989803,2.162776,41.385406,2025-04-05T12:49:39+0000,2025-04-05T12:49:39+0000,panoptic
726038109989800,2.1620889,41.385197,2025-04-05T12:49:33+0000,2025-04-05T12:49:33+0000,panoptic
726038126656465,2.1621137,41.385212,2025-04-05T12:49:35+0000,2025-04-05T12:49:35+0000,panoptic
726038139989797,2.1627932,41.385242,2025-04-05T12:49:39+0000,2025-04-05T12:49:39+0000,panoptic
726038153323129,2.1621265,41.38507,2025-04-05T12:49:32+0000,2025-04-05T12:49:32+0000,panoptic
476956406856296,2.1698337,41.3852,2017-08-26T19:21:13+0000,2017-08-26T19:21:13+0000,mvd_fast
476979120187358,2.1698909,41.385307,2017-08-26T19:21:13+0000,2024-02-05T08:35:42+0000,mvd_fast
477081336843803,2.1698346,41.385265,2017-08-26T19:21:13+0000,2017-08-26T19:21:13+0000,mvd_fast
463864374872304,2.1706452,41.381077,2020-05-08T08:27:47+0000,2020-05-08T08:27:47+0000,mvd_fast
463972898194785,2.1706984,41.381065,2020-05-08T08:27:25+0000,2020-05-08T08:27:25+0000,mvd_fast
463988778193197,2.1705368,41.381413,2020-05-08T08:27:47+0000,2020-05-08T08:27:47+0000,mvd_fast
1237110470867020,2.1740577,41.376183,2025-02-27T15:31:54+0000,2025-02-27T15:31:54+0000,panoptic
1237110474200353,2.1740434,41.376087,2025-02-27T15:32:02+0000,2025-02-27T15:32:02+0000,panoptic
1237110490867018,2.1740222,41.376244,2025-02-27T15:32:02+0000,2025-02-27T15:32:02+0000,panoptic
1237110500867017,2.1741188,41.376083,2025-02-27T15:32:05+0000,2025-02-27T15:32:05+0000,panoptic
465745398014911,2.1681397,41.38612,2017-05-07T14:48:55+0000,2017-05-07T14:48:55+0000,trafficsign
465910257998425,2.1686122,41.3864,2017-05-07T14:49:06+0000,2017-05-07T14:49:06+0000,trafficsign
467315074524610,2.1693256,41.386562,2017-05-07T14:49:25+0000,2017-05-07T14:49:25+0000,trafficsign
467334737855977,2.1692355,41.386707,2017-05-07T14:49:23+0000,2017-05-07T14:49:23+0000,trafficsign
467362347853216,2.1670501,41.386097,2017-05-07T14:48:34+0000,2017-05-07T14:48:34+0000,trafficsign
467409041181880,2.1680632,41.386093,2017-05-07T14:48:54+0000,2017-05-07T14:48:54+0000,trafficsign
467424531180331,2.1678755,41.385715,2017-05-07T14:48:47+0000,2017-05-07T14:48:47+0000,trafficsign
467425837846867,2.169275,41.386604,2017-05-07T14:49:27+0000,2017-05-07T14:49:27+0000,trafficsign
467426591180125,2.167848,41.385727,2017-05-07T14:48:48+0000,2017-05-07T14:48:48+0000,trafficsign
467451241177660,2.1686106,41.386288,2017-05-07T14:49:20+0000,2017-05-07T14:49:20+0000,trafficsign
467456054510512,2.168318,41.386177,2017-05-07T14:48:59+0000,2017-05-07T14:48:59+0000,trafficsign
467515244504593,2.1670523,41.386097,2017-05-07T14:48:34+0000,2017-05-07T14:48:34+0000,trafficsign
467540104502107,2.168141,41.38612,2017-05-07T14:48:53+0000,2017-05-07T14:48:53+0000,trafficsign
471433030779481,2.1694715,41.386616,2017-05-07T14:49:25+0000,2017-05-07T14:49:25+0000,mvd_fast
471439844112133,2.1678548,41.385513,2017-05-07T14:48:41+0000,2017-05-07T14:48:41+0000,mvd_fast
471444687444982,2.168438,41.386185,2017-05-07T14:48:57+0000,2017-05-07T14:48:57+0000,mvd_fast
471514200771364,2.1674776,41.385605,2017-05-07T14:48:41+0000,2017-05-07T14:48:41+0000,mvd_fast
471552450767539,2.1693416,41.386555,2017-05-07T14:49:24+0000,2017-05-07T14:49:24+0000,mvd_fast
471560684100049,2.1687007,41.386353,2017-05-07T14:49:19+0000,2017-05-07T14:49:19+0000,mvd_fast
471561090766675,2.167186,41.385918,2017-05-07T14:48:39+0000,2017-05-07T14:48:39+0000,mvd_fast
471604444095673,2.1678066,41.386097,2017-05-07T14:48:50+0000,2017-05-07T14:48:50+0000,mvd_fast
471614427428008,2.1664236,41.3864,2017-05-07T14:48:25+0000,2024-11-24T09:16:56+0000,mvd_fast
471617950760989,2.1690931,41.386494,2017-05-07T14:49:23+0000,2017-05-07T14:49:23+0000,mvd_fast
471620034094114,2.1676736,41.38601,2017-05-07T14:48:51+0000,2017-05-07T14:48:51+0000,mvd_fast
471671744088943,2.1674318,41.38593,2017-05-07T14:48:49+0000,2017-05-07T14:48:49+0000,mvd_fast
655203202688962,2.1650045,41.386757,2022-09-10T12:42:47+0000,2022-09-10T12:42:47+0000,panoptic
655203212688961,2.164328,41.38623,2022-09-10T12:42:35+0000,2022-09-10T12:42:35+0000,panoptic
655203219355627,2.1636105,41.38571,2022-09-10T12:42:20+0000,2023-04-18T15:25:29+0000,panoptic
655203232688959,2.1643953,41.3864,2022-09-10T12:42:30+0000,2022-09-10T12:42:30+0000,panoptic
655203239355625,2.1637185,41.385693,2022-09-10T12:42:20+0000,2023-04-18T15:25:27+0000,panoptic
655203266022289,2.1643884,41.3864,2022-09-10T12:42:29+0000,2022-09-10T12:42:29+0000,panoptic
655203276022288,2.164102,41.385975,2022-09-10T12:42:28+0000,2022-09-10T12:42:28+0000,panoptic
655203279355621,2.1646097,41.38628,2022-09-10T12:42:34+0000,2022-09-10T12:42:34+0000,panoptic
655203289355620,2.165192,41.386833,2022-09-10T12:42:51+0000,2022-09-10T12:42:51+0000,panoptic
655203349355614,2.1640902,41.386593,2022-09-10T12:42:28+0000,2022-09-10T12:42:28+0000,panoptic
655203352688947,2.1639678,41.38568,2022-09-10T12:42:21+0000,2022-09-10T12:42:21+0000,panoptic
655203382688944,2.1638606,41.385883,2022-09-10T12:42:25+0000,2022-09-10T12:42:25+0000,panoptic
655203386022277,2.1641226,41.386047,2022-09-10T12:42:29+0000,2022-09-10T12:42:29+0000,panoptic
655203389355610,2.1638808,41.38586,2022-09-10T12:42:25+0000,2022-09-10T12:42:25+0000,panoptic
655203406022275,2.1650145,41.386738,2022-09-10T12:42:48+0000,2022-09-10T12:42:48+0000,panoptic
655203409355608,2.1639411,41.38596,2022-09-10T12:42:22+0000,2022-09-10T12:42:22+0000,panoptic
655203432688939,2.163991,41.385708,2022-09-10T12:42:21+0000,2022-09-10T12:42:21+0000,panoptic
655203456022270,2.1648788,41.38655,2022-09-10T12:42:40+0000,2022-09-10T12:42:40+0000,panoptic
655203459355603,2.1648562,41.386536,2022-09-10T12:42:39+0000,2022-09-10T12:42:39+0000,panoptic
655203486022267,2.1650748,41.386703,2022-09-10T12:42:40+0000,2022-09-10T12:42:40+0000,panoptic
655203502688932,2.1644354,41.38617,2022-09-10T12:42:33+0000,2022-09-10T12:42:33+0000,panoptic
655203516022264,2.1640522,41.386173,2022-09-10T12:42:24+0000,2023-04-18T15:25:31+0000,panoptic
655203532688929,2.1649854,41.38671,2022-09-10T12:42:47+0000,2025-04-05T12:50:09+0000,panoptic
655203536022262,2.1651266,41.38673,2022-09-10T12:42:48+0000,2022-09-10T12:42:48+0000,panoptic
655203539355595,2.165196,41.386738,2022-09-10T12:42:44+0000,2025-04-05T12:50:08+0000,panoptic
655203542688928,2.164089,41.38615,2022-09-10T12:42:29+0000,2023-04-18T15:25:32+0000,panoptic
655203556022260,2.1638143,41.38572,2022-09-10T12:42:20+0000,2022-09-10T12:42:20+0000,panoptic
655203586022257,2.1660075,41.386913,2022-09-10T12:43:01+0000,2022-09-10T12:43:01+0000,panoptic
655203612688921,2.163973,41.385784,2022-09-10T12:42:24+0000,2022-09-10T12:42:24+0000,panoptic
655203619355587,2.16403,41.38619,2022-09-10T12:42:24+0000,2023-04-18T15:25:32+0000,panoptic
655203622688920,2.1643105,41.386276,2022-09-10T12:42:34+0000,2023-04-18T15:25:37+0000,trafficsign
655203642688918,2.1644874,41.386288,2022-09-10T12:42:37+0000,2022-09-10T12:42:37+0000,panoptic
655203646022251,2.1641786,41.38605,2022-09-10T12:42:24+0000,2023-04-18T15:25:31+0000,panoptic
655203652688917,2.1642158,41.38606,2022-09-10T12:42:29+0000,2022-09-10T12:42:29+0000,panoptic
655203656022250,2.1643922,41.386295,2022-09-10T12:42:32+0000,2023-04-18T15:25:38+0000,panoptic
655203669355582,2.1650078,41.386757,2022-09-10T12:42:49+0000,2022-09-10T12:42:49+0000,panoptic
655203682688914,2.1643682,41.386383,2022-09-10T12:42:37+0000,2022-09-10T12:42:37+0000,panoptic
655203699355579,2.1650076,41.386757,2022-09-10T12:42:49+0000,2022-09-10T12:42:49+0000,panoptic
655203709355578,2.1637387,41.385704,2022-09-10T12:42:21+0000,2023-04-18T15:25:21+0000,panoptic
655203716022244,2.1652062,41.386997,2022-09-10T12:42:52+0000,2022-09-10T12:42:52+0000,panoptic
655203722688910,2.1644864,41.386288,2022-09-10T12:42:34+0000,2022-09-10T12:42:34+0000,panoptic
655203726022243,2.1640532,41.386147,2022-09-10T12:42:30+0000,2022-09-10T12:42:30+0000,panoptic
655203729355576,2.16371,41.385685,2022-09-10T12:42:20+0000,2023-04-18T15:25:27+0000,panoptic
655203732688909,2.1643765,41.386284,2022-09-10T12:42:31+0000,2023-04-18T15:25:38+0000,panoptic
655203766022239,2.1643045,41.38633,2022-09-10T12:42:34+0000,2022-09-10T12:42:34+0000,panoptic
655203776022238,2.1642385,41.386044,2022-09-10T12:42:30+0000,2022-09-10T12:42:30+0000,panoptic
655203779355571,2.1642976,41.386272,2022-09-10T12:42:32+0000,2023-04-18T15:25:37+0000,panoptic
655203789355570,2.1637416,41.385704,2022-09-10T12:42:20+0000,2023-04-18T15:25:23+0000,panoptic
655203792688903,2.1640003,41.38589,2022-09-10T12:42:25+0000,2022-09-10T12:42:25+0000,panoptic
655203796022236,2.1651413,41.38689,2022-09-10T12:42:48+0000,2025-05-27T20:39:51+0000,panoptic
655203802688902,2.1643915,41.3864,2022-09-10T12:42:36+0000,2022-09-10T12:42:36+0000,trafficsign
655203819355567,2.163837,41.38598,2022-09-10T12:42:22+0000,2022-09-10T12:42:22+0000,panoptic
655203829355566,2.1637447,41.385704,2022-09-10T12:42:20+0000,2023-04-18T15:25:24+0000,panoptic
655203842688898,2.1652086,41.38699,2022-09-10T12:42:46+0000,2025-04-05T12:50:13+0000,panoptic
655203852688897,2.1650093,41.386757,2022-09-10T12:42:48+0000,2022-09-10T12:42:48+0000,panoptic
655203876022228,2.1652076,41.387,2022-09-10T12:42:55+0000,2022-09-10T12:42:55+0000,trafficsign
655203879355561,2.164169,41.38613,2022-09-10T12:42:31+0000,2022-09-10T12:42:31+0000,panoptic
655203909355558,2.1637414,41.385704,2022-09-10T12:42:20+0000,2023-04-18T15:25:26+0000,panoptic
655203919355557,2.164187,41.386166,2022-09-10T12:42:31+0000,2022-09-10T12:42:31+0000,panoptic
655203922688890,2.164109,41.38609,2022-09-10T12:42:30+0000,2022-09-10T12:42:30+0000,panoptic
655203936022222,2.1650345,41.386745,2022-09-10T12:42:48+0000,2025-04-05T12:50:11+0000,panoptic
655203949355554,2.165202,41.386993,2022-09-10T12:42:51+0000,2025-04-05T12:50:12+0000,panoptic
655203952688887,2.1641383,41.386,2022-09-10T12:42:24+0000,2022-09-10T12:42:24+0000,panoptic
655203956022220,2.1641648,41.38613,2022-09-10T12:42:27+0000,2022-09-10T12:42:27+0000,panoptic
100100236116966,2.1741405,41.38244,2022-06-30T08:22:01+0000,2022-06-30T08:22:01+0000,panoptic
100100239450299,2.174092,41.382507,2022-06-30T08:22:01+0000,2022-06-30T08:22:01+0000,panoptic
100100242783632,2.1741078,41.382484,2022-06-30T08:22:01+0000,2022-06-30T08:22:01+0000,panoptic
100100246116965,2.1741354,41.382435,2022-06-30T08:22:02+0000,2022-06-30T08:22:06+0000,panoptic
100100252783631,2.1741412,41.38244,2022-06-30T08:22:00+0000,2022-06-30T08:22:13+0000,panoptic
100100259450297,2.1741319,41.382435,2022-06-30T08:22:02+0000,2022-06-30T08:22:05+0000,panoptic
1171860074571638,2.1739552,41.376343,2025-02-19T08:28:42+0000,2025-02-27T15:32:13+0000,panoptic
1171860077904971,2.1741436,41.376568,2025-02-19T08:28:47+0000,2025-02-19T08:28:47+0000,panoptic
1171860081238304,2.1740458,41.376373,2025-02-19T08:28:46+0000,2025-02-19T08:28:46+0000,panoptic
1171860087904970,2.1740723,41.3765,2025-02-19T08:28:47+0000,2025-02-19T08:28:47+0000,trafficsign
1171860091238303,2.1741483,41.376453,2025-02-19T08:28:49+0000,2025-02-19T08:28:49+0000,panoptic
1171860094571636,2.1740685,41.376274,2025-02-19T08:28:38+0000,2025-02-19T08:28:38+0000,panoptic
1171860097904969,2.1741045,41.376183,2025-02-19T08:28:40+0000,2025-02-19T08:28:40+0000,panoptic
1171860101238302,2.174026,41.37653,2025-02-19T08:28:48+0000,2025-03-05T15:31:08+0000,panoptic
1171860104571635,2.174267,41.376472,2025-02-19T08:28:42+0000,2025-02-19T08:28:42+0000,panoptic
1171860107904968,2.1742537,41.376358,2025-02-19T08:28:42+0000,2025-02-27T15:32:13+0000,panoptic
1171860111238301,2.1740737,41.3765,2025-02-19T08:28:48+0000,2025-02-19T08:28:48+0000,panoptic
1171860117904967,2.1744287,41.37652,2025-02-19T08:28:50+0000,2025-02-19T08:28:50+0000,panoptic
444520600366760,2.1730418,41.381466,2021-10-26T17:09:24+0000,2021-10-26T17:09:24+0000,panoptic
167491928636030,2.1747665,41.379433,2017-11-20T11:29:16+0000,2017-11-20T11:29:16+0000,trafficsign
167996545252235,2.174847,41.37934,2017-11-20T11:29:16+0000,2017-11-20T11:29:16+0000,trafficsign
168126911905865,2.1746628,41.379345,2017-11-20T11:29:23+0000,2017-11-20T11:29:23+0000,trafficsign
172311034820786,2.1748157,41.379387,2017-11-20T11:29:21+0000,2021-10-26T17:07:39+0000,mvd_fast
526415208375365,2.1698604,41.385395,2009-10-05T00:02:59+0000,2009-10-05T00:02:59+0000,mvd_fast
526487381701481,2.1698685,41.38543,2009-10-05T00:02:59+0000,2009-10-05T00:02:59+0000,mvd_fast
526543941695825,2.1698017,41.38534,2009-10-05T00:02:59+0000,2009-10-05T00:02:59+0000,mvd_fast
924177141702554,2.1714888,41.38145,2017-11-20T09:31:53+0000,2017-11-20T09:31:53+0000,mvd_fast
924234781696790,2.1713865,41.38181,2017-11-20T09:32:05+0000,2017-11-20T09:32:05+0000,mvd_fast
924272911692977,2.171254,41.381718,2017-11-20T09:32:05+0000,2017-11-20T09:32:05+0000,mvd_fast
924289718357963,2.1712303,41.381943,2017-11-20T09:31:52+0000,2017-11-20T09:31:52+0000,mvd_fast
924338621686406,2.17109,41.38187,2017-11-20T09:32:05+0000,2017-11-20T09:32:05+0000,mvd_fast
924407595012842,2.1710844,41.38173,2017-11-20T09:31:37+0000,2017-11-20T09:31:37+0000,mvd_fast
898040654147091,2.174856,41.386513,2021-09-06T08:55:49+0000,2021-09-06T08:55:49+0000,panoptic
898040657480424,2.1748605,41.386513,2021-09-06T08:55:49+0000,2021-09-06T08:55:49+0000,panoptic
898040667480423,2.1748126,41.386486,2021-09-06T08:55:49+0000,2021-09-06T08:55:49+0000,panoptic
898040684147088,2.1744142,41.38673,2021-09-06T08:55:04+0000,2021-09-06T08:55:04+0000,panoptic
898040694147087,2.1745715,41.38663,2021-09-06T08:55:04+0000,2021-09-06T08:55:04+0000,panoptic
898040697480420,2.1748087,41.386494,2021-09-06T08:55:27+0000,2021-09-06T08:55:27+0000,panoptic
898040707480419,2.1743639,41.386772,2021-09-06T08:55:04+0000,2022-01-22T14:02:45+0000,panoptic
898040717480418,2.1748483,41.386414,2021-09-06T08:55:49+0000,2021-09-06T08:55:49+0000,panoptic
898040730813750,2.1744277,41.38671,2021-09-06T08:55:04+0000,2022-01-22T14:02:43+0000,panoptic
898040754147081,2.174806,41.38649,2021-09-06T08:55:37+0000,2021-09-06T08:55:37+0000,panoptic
898040764147080,2.174377,41.386738,2021-09-06T08:55:04+0000,2022-01-22T14:02:45+0000,panoptic
898040787480411,2.1743853,41.386734,2021-09-06T08:55:04+0000,2022-01-22T14:02:45+0000,panoptic
898040797480410,2.1747854,41.386414,2021-09-06T08:55:32+0000,2021-09-06T08:55:32+0000,panoptic
898040807480409,2.1747744,41.3866,2021-09-06T08:55:49+0000,2021-09-06T08:55:49+0000,panoptic
178923554028355,2.1697552,41.385986,2017-08-26T19:18:52+0000,2024-02-05T08:34:32+0000,mvd_fast
179034434017267,2.1700523,41.38584,2017-08-26T19:18:52+0000,2017-08-26T19:18:52+0000,mvd_fast
482877442957463,2.1726663,41.382114,2017-11-20T10:05:19+0000,2017-11-20T10:05:19+0000,trafficsign
483606762884531,2.1723816,41.38211,2017-11-20T09:27:31+0000,2017-11-20T09:27:31+0000,trafficsign
492442658667608,2.172659,41.38215,2017-11-20T10:05:13+0000,2017-11-20T10:05:13+0000,mvd_fast
492456775332863,2.172785,41.382217,2017-11-20T10:05:13+0000,2017-11-20T10:05:13+0000,mvd_fast
492472401997967,2.1734183,41.381817,2017-11-20T10:05:39+0000,2017-11-20T10:05:39+0000,mvd_fast
492527425325798,2.1728234,41.381824,2017-11-20T10:05:37+0000,2017-11-20T10:05:37+0000,mvd_fast
492554621989745,2.1726596,41.382133,2017-11-20T10:05:29+0000,2017-11-20T10:05:29+0000,mvd_fast
492556201989587,2.1729052,41.381557,2017-11-20T10:06:01+0000,2017-11-20T10:06:01+0000,mvd_fast
492559735322567,2.1731784,41.38223,2017-11-20T10:05:23+0000,2017-11-20T10:05:23+0000,mvd_fast
492571095321431,2.1726706,41.38179,2017-11-20T10:05:41+0000,2017-11-20T10:05:41+0000,mvd_fast
492578625320678,2.1727176,41.381924,2017-11-20T10:05:37+0000,2017-11-20T10:05:37+0000,mvd_fast
492591951986012,2.172543,41.382133,2017-11-20T10:05:29+0000,2017-11-20T10:05:29+0000,mvd_fast
492592608652613,2.172693,41.38179,2017-11-20T10:05:47+0000,2017-11-20T10:05:47+0000,mvd_fast
492597028652171,2.1728098,41.381847,2017-11-20T10:06:04+0000,2017-11-20T10:06:04+0000,mvd_fast
492610318650842,2.1727614,41.381664,2017-11-20T10:05:54+0000,2017-11-20T10:05:54+0000,mvd_fast
492612138650660,2.1729434,41.38169,2017-11-20T10:05:47+0000,2017-11-20T10:05:47+0000,mvd_fast
492621141983093,2.17286,41.38185,2017-11-20T10:05:31+0000,2017-11-20T10:05:31+0000,mvd_fast
492623145316226,2.1727347,41.381943,2017-11-20T10:05:37+0000,2017-11-20T10:05:37+0000,mvd_fast
492635298648344,2.1725552,41.382122,2017-11-20T10:05:23+0000,2017-11-20T10:05:23+0000,mvd_fast
492670398644834,2.1726344,41.38208,2017-11-20T10:05:33+0000,2017-11-20T10:05:33+0000,mvd_fast
492684175310123,2.1731188,41.381927,2017-11-20T10:05:37+0000,2017-11-20T10:05:37+0000,mvd_fast
492688868642987,2.1726785,41.38227,2017-11-20T10:05:21+0000,2017-11-20T10:05:21+0000,mvd_fast
492717441973463,2.1726637,41.382008,2017-11-20T10:05:41+0000,2017-11-20T10:05:41+0000,mvd_fast
492721765306364,2.1728592,41.38179,2017-11-20T10:05:59+0000,2017-11-20T10:05:59+0000,mvd_fast
493192318592642,2.1728315,41.381622,2017-11-20T10:05:50+0000,2017-11-20T10:05:50+0000,mvd_fast
493317691913438,2.1726675,41.381985,2017-11-20T10:05:35+0000,2017-11-20T10:05:35+0000,mvd_fast
831016247495079,2.1722052,41.376972,2018-11-24T17:01:52+0000,2018-11-24T17:01:52+0000,trafficsign
831582964105074,2.172211,41.377155,2018-11-24T17:02:00+0000,2018-11-24T17:02:00+0000,trafficsign
831587150771322,2.1722865,41.377213,2018-11-24T17:02:16+0000,2018-11-24T17:02:16+0000,trafficsign
831662750763762,2.1720822,41.377193,2018-11-24T17:01:58+0000,2018-11-24T17:01:58+0000,trafficsign
832152160714821,2.1721752,41.377098,2018-11-24T17:02:06+0000,2018-11-24T17:02:06+0000,trafficsign
832162754047095,2.1727097,41.376892,2018-11-24T17:01:51+0000,2018-11-24T17:01:51+0000,trafficsign
832199700710067,2.1722727,41.37716,2018-11-24T17:02:18+0000,2018-11-24T17:02:18+0000,trafficsign
832215040708533,2.1724238,41.37697,2018-11-24T17:01:54+0000,2018-11-24T17:01:54+0000,trafficsign
832228630707174,2.1721816,41.377083,2018-11-24T17:02:04+0000,2018-11-24T17:02:04+0000,trafficsign
832240937372610,2.172197,41.377213,2018-11-24T17:01:58+0000,2018-11-24T17:01:58+0000,trafficsign
832277090702328,2.172361,41.377003,2018-11-24T17:01:54+0000,2018-11-24T17:01:54+0000,trafficsign
832287230701314,2.1721697,41.37708,2018-11-24T17:02:04+0000,2018-11-24T17:02:04+0000,trafficsign
832288494034521,2.1722064,41.377163,2018-11-24T17:01:59+0000,2018-11-24T17:01:59+0000,trafficsign
832669863996384,2.1722105,41.377144,2018-11-24T17:02:01+0000,2018-11-24T17:02:01+0000,trafficsign
836212150308822,2.172078,41.376972,2018-11-24T17:02:00+0000,2018-11-24T17:02:00+0000,mvd_fast
836226450307392,2.172464,41.37735,2018-11-24T17:02:31+0000,2018-11-24T17:02:31+0000,mvd_fast
836230906973613,2.1722975,41.376965,2018-11-24T17:01:58+0000,2018-11-24T17:01:58+0000,mvd_fast
836244766972227,2.1724122,41.377296,2018-11-24T17:02:24+0000,2018-11-24T17:02:24+0000,mvd_fast
836246450305392,2.1724472,41.377262,2018-11-24T17:02:25+0000,2018-11-24T17:02:25+0000,mvd_fast
836251656971538,2.1723485,41.37725,2018-11-24T17:02:21+0000,2018-11-24T17:02:21+0000,mvd_fast
836251840304853,2.1728535,41.377495,2018-11-24T17:02:15+0000,2018-11-24T17:02:15+0000,mvd_fast
836257716970932,2.1722848,41.37697,2018-11-24T17:01:56+0000,2018-11-24T17:01:56+0000,mvd_fast
836265086970195,2.1724498,41.377335,2018-11-24T17:02:26+0000,2018-11-24T17:02:26+0000,mvd_fast
836265113636859,2.1722827,41.377197,2018-11-24T17:02:14+0000,2018-11-24T17:02:14+0000,mvd_fast
836268053636565,2.1724045,41.377365,2018-11-24T17:02:14+0000,2018-11-24T17:02:14+0000,mvd_fast
836275540302483,2.1724167,41.3769,2018-11-24T17:01:56+0000,2018-11-24T17:01:56+0000,mvd_fast
836280453635325,2.1725426,41.37739,2018-11-24T17:02:15+0000,2020-05-08T08:21:07+0000,mvd_fast
836283890301648,2.1725404,41.377327,2018-11-24T17:02:31+0000,2018-11-24T17:02:31+0000,mvd_fast
836286670301370,2.1723735,41.37728,2018-11-24T17:02:27+0000,2018-11-24T17:02:27+0000,mvd_fast
836287676967936,2.1724665,41.37693,2018-11-24T17:01:54+0000,2018-11-24T17:01:54+0000,mvd_fast
836288753634495,2.172471,41.37729,2018-11-24T17:02:23+0000,2018-11-24T17:02:23+0000,mvd_fast
836292890300748,2.1720684,41.377117,2018-11-24T17:02:04+0000,2018-11-24T17:02:04+0000,mvd_fast
836306500299387,2.172451,41.377335,2018-11-24T17:02:28+0000,2018-11-24T17:02:28+0000,mvd_fast
836307546965949,2.1726873,41.3774,2018-11-24T17:02:26+0000,2018-11-24T17:02:26+0000,mvd_fast
836310276965676,2.1722026,41.377148,2018-11-24T17:01:59+0000,2018-11-24T17:01:59+0000,mvd_fast
836317303631640,2.1725888,41.377502,2018-11-24T17:02:26+0000,2018-11-24T17:02:26+0000,mvd_fast
836323903630980,2.172256,41.3769,2018-11-24T17:01:56+0000,2018-11-24T17:01:56+0000,mvd_fast
836325200297517,2.172135,41.377056,2018-11-24T17:02:02+0000,2018-11-24T17:02:02+0000,mvd_fast
836328290297208,2.1724107,41.37724,2018-11-24T17:02:23+0000,2018-11-24T17:02:23+0000,mvd_fast
836329096963794,2.1724908,41.37731,2018-11-24T17:02:23+0000,2018-11-24T17:02:23+0000,mvd_fast
836338043629566,2.1726224,41.37747,2018-11-24T17:02:25+0000,2018-11-24T17:02:25+0000,mvd_fast
836351660294871,2.1723924,41.37717,2018-11-24T17:02:14+0000,2018-11-24T17:02:14+0000,mvd_fast
836356790294358,2.1722598,41.377056,2018-11-24T17:02:01+0000,2018-11-24T17:02:01+0000,mvd_fast
836358753627495,2.172819,41.377773,2018-11-24T17:02:12+0000,2018-11-24T17:02:12+0000,mvd_fast
836359323627438,2.1725476,41.377327,2018-11-24T17:02:21+0000,2018-11-24T17:02:21+0000,mvd_fast
836365183626852,2.1722755,41.377186,2018-11-24T17:02:16+0000,2018-11-24T17:02:16+0000,mvd_fast
836371456959558,2.1724288,41.377304,2018-11-24T17:02:23+0000,2018-11-24T17:02:23+0000,mvd_fast
836385830291454,2.1724873,41.377346,2018-11-24T17:02:28+0000,2018-11-24T17:02:28+0000,mvd_fast
836386386958065,2.1722996,41.37716,2018-11-24T17:02:12+0000,2018-11-24T17:02:12+0000,mvd_fast
836388080291229,2.1725953,41.376923,2018-11-24T17:01:52+0000,2018-11-24T17:01:52+0000,mvd_fast
836394946957209,2.172266,41.377197,2018-11-24T17:02:01+0000,2018-11-24T17:02:01+0000,mvd_fast
836404053622965,2.17236,41.377003,2018-11-24T17:01:56+0000,2018-11-24T17:01:56+0000,mvd_fast
836417476954956,2.1725934,41.37739,2018-11-24T17:02:27+0000,2018-11-24T17:02:27+0000,mvd_fast
836450113618359,2.1724775,41.37733,2018-11-24T17:02:28+0000,2018-11-24T17:02:28+0000,mvd_fast
836465960283441,2.1724863,41.377304,2018-11-24T17:02:24+0000,2018-11-24T17:02:24+0000,mvd_fast
836468910283146,2.1722543,41.37717,2018-11-24T17:02:14+0000,2018-11-24T17:02:14+0000,mvd_fast
836486783614692,2.1724417,41.377342,2018-11-24T17:02:23+0000,2018-11-24T17:02:23+0000,mvd_fast
836500530279984,2.1725967,41.376892,2018-11-24T17:01:52+0000,2018-11-24T17:01:52+0000,mvd_fast
836535283609842,2.1723616,41.3772,2018-11-24T17:02:15+0000,2018-11-24T17:02:15+0000,mvd_fast
837028510227186,2.1726327,41.376884,2018-11-24T17:01:50+0000,2018-11-24T17:01:50+0000,mvd_fast
837030410226996,2.172263,41.37716,2018-11-24T17:02:15+0000,2018-11-24T17:02:15+0000,mvd_fast
283874146721683,2.164718,41.385193,2016-11-17T09:58:23+0000,2016-11-17T09:58:23+0000,mvd_fast
283965326712565,2.164992,41.385105,2016-11-17T09:58:23+0000,2016-11-17T09:58:23+0000,mvd_fast
283968640045567,2.164596,41.385136,2016-11-17T09:58:19+0000,2016-11-17T09:58:19+0000,mvd_fast
284036190038812,2.165274,41.385086,2016-11-17T09:58:25+0000,2016-11-17T09:58:25+0000,mvd_fast
284049073370857,2.1648314,41.385185,2016-11-17T09:58:19+0000,2016-11-17T09:58:19+0000,mvd_fast
284061873369577,2.1648731,41.385185,2016-11-17T09:58:19+0000,2016-11-17T09:58:19+0000,mvd_fast
490469415429154,2.1745877,41.386395,2015-08-31T06:37:54+0000,2015-08-31T06:37:54+0000,trafficsign
113823717724138,2.1744945,41.386784,2022-01-22T14:02:45+0000,2022-01-22T14:02:45+0000,panoptic
113823734390803,2.1739364,41.386616,2022-01-22T14:02:45+0000,2022-01-22T14:02:45+0000,panoptic
113823737724136,2.1744442,41.386715,2022-01-22T14:02:43+0000,2022-01-22T14:02:43+0000,panoptic
183219007317275,2.1740434,41.376476,2021-10-26T14:14:46+0000,2025-02-19T08:28:42+0000,panoptic
183219010650608,2.174015,41.376476,2021-10-26T14:14:46+0000,2021-10-26T14:14:46+0000,trafficsign
183219013983941,2.174138,41.37643,2021-10-26T14:14:46+0000,2025-02-19T08:28:46+0000,panoptic
183219017317274,2.1741867,41.376427,2021-10-26T14:14:46+0000,2021-10-26T14:14:46+0000,panoptic
114678067344846,2.173239,41.37669,2018-11-24T17:01:38+0000,2018-11-24T17:01:38+0000,trafficsign
115315093947810,2.1727283,41.37688,2018-11-24T17:01:49+0000,2018-11-24T17:01:49+0000,trafficsign
115337437278909,2.1730628,41.376812,2018-11-24T17:01:43+0000,2018-11-24T17:01:43+0000,trafficsign
115383227274330,2.1735523,41.376705,2018-11-24T17:01:36+0000,2018-11-24T17:01:36+0000,trafficsign
115384143940905,2.1735008,41.376713,2018-11-24T17:01:34+0000,2018-11-24T17:01:34+0000,trafficsign
119099806902672,2.1728673,41.376854,2018-11-24T17:01:41+0000,2018-11-24T17:01:41+0000,mvd_fast
119102010235785,2.173073,41.37681,2018-11-24T17:01:42+0000,2018-11-24T17:01:42+0000,mvd_fast
119108476901805,2.174083,41.376453,2018-11-24T17:01:28+0000,2025-02-19T08:28:47+0000,mvd_fast
119115310234455,2.1734335,41.37667,2018-11-24T17:01:37+0000,2021-10-26T14:14:39+0000,mvd_fast
119116223567697,2.172378,41.376785,2018-11-24T17:01:43+0000,2018-11-24T17:01:43+0000,mvd_fast
119121730233813,2.1728146,41.37673,2018-11-24T17:01:46+0000,2021-10-26T14:14:32+0000,mvd_fast
119137303565589,2.1739342,41.376602,2018-11-24T17:01:33+0000,2018-11-24T17:01:33+0000,mvd_fast
119140623565257,2.1732357,41.376698,2018-11-24T17:01:38+0000,2018-11-24T17:01:38+0000,mvd_fast
119161320229854,2.172973,41.376755,2018-11-24T17:01:45+0000,2018-11-24T17:01:45+0000,mvd_fast
119181070227879,2.173155,41.376625,2018-11-24T17:01:38+0000,2018-11-24T17:01:38+0000,mvd_fast
119211823558137,2.1725247,41.37677,2018-11-24T17:01:50+0000,2018-11-24T17:01:50+0000,mvd_fast
119213126891340,2.1729672,41.376667,2018-11-24T17:01:42+0000,2018-11-24T17:01:42+0000,mvd_fast
119221686890484,2.1724367,41.376686,2018-11-24T17:01:44+0000,2018-11-24T17:01:44+0000,mvd_fast
119227770223209,2.1729825,41.376675,2018-11-24T17:01:40+0000,2021-10-26T14:14:33+0000,mvd_fast
119229953556324,2.1726952,41.37682,2018-11-24T17:01:45+0000,2018-11-24T17:01:45+0000,mvd_fast
119237783555541,2.1742253,41.37654,2018-11-24T17:01:29+0000,2018-11-24T17:01:29+0000,mvd_fast
119249443554375,2.1734018,41.376575,2018-11-24T17:01:37+0000,2018-11-24T17:01:37+0000,mvd_fast
119273996885253,2.1739814,41.376595,2018-11-24T17:01:32+0000,2018-11-24T17:01:32+0000,mvd_fast
119295143549805,2.1724873,41.377182,2018-11-24T17:01:50+0000,2018-11-24T17:01:50+0000,mvd_fast
119305870215399,2.17406,41.376564,2018-11-24T17:01:28+0000,2018-11-24T17:01:28+0000,mvd_fast
119332463546073,2.1740835,41.37656,2018-11-24T17:01:30+0000,2018-11-24T17:01:30+0000,mvd_fast
119857236826929,2.1734648,41.37661,2018-11-24T17:01:36+0000,2018-11-24T17:01:36+0000,mvd_fast
227252242679184,2.1747534,41.376377,2021-10-26T14:14:53+0000,2021-10-26T14:14:53+0000,panoptic
227252246012517,2.1744897,41.376392,2021-10-26T14:14:50+0000,2025-02-27T15:32:32+0000,panoptic
381609586513948,2.17422,41.385586,2020-05-02T07:31:19+0000,2020-05-02T07:31:19+0000,mvd_fast
382189193122654,2.174098,41.385544,2020-05-02T07:31:28+0000,2020-05-02T07:31:28+0000,mvd_fast
503459884031917,2.1693954,41.38283,2017-11-18T15:07:22+0000,2017-11-18T15:07:22+0000,mvd_fast
503520254025880,2.169342,41.382812,2017-11-18T15:07:17+0000,2017-11-18T15:07:17+0000,mvd_fast
503593557351883,2.1694372,41.38275,2017-11-18T15:07:17+0000,2017-11-18T15:07:17+0000,mvd_fast
110309215086881,2.1741571,41.382595,2022-06-30T08:22:05+0000,2022-06-30T08:22:05+0000,panoptic
110309225086880,2.1743178,41.382526,2022-06-30T08:22:08+0000,2022-06-30T08:22:13+0000,panoptic
110309228420213,2.1741867,41.382584,2022-06-30T08:22:04+0000,2022-06-30T08:22:04+0000,panoptic
110309231753546,2.1741498,41.382664,2022-06-30T08:22:05+0000,2022-06-30T08:22:05+0000,panoptic
110309245086878,2.1741784,41.38258,2022-06-30T08:22:05+0000,2022-06-30T08:22:05+0000,panoptic
110309251753544,2.1741118,41.382572,2022-06-30T08:22:05+0000,2022-06-30T08:22:06+0000,panoptic
110309255086877,2.1741457,41.38242,2022-06-30T08:22:12+0000,2022-06-30T08:22:12+0000,panoptic
110309258420210,2.174124,41.382484,2022-06-30T08:22:04+0000,2022-06-30T08:22:04+0000,panoptic
110309265086876,2.1741624,41.382587,2022-06-30T08:22:04+0000,2022-06-30T08:22:04+0000,panoptic
110309268420209,2.1740477,41.382637,2022-06-30T08:22:05+0000,2022-06-30T08:22:05+0000,panoptic
1149874348772357,2.1695952,41.385292,2017-08-26T19:18:41+0000,2017-08-26T19:18:41+0000,mvd_fast
1149880035438455,2.169709,41.3856,2017-08-26T19:18:41+0000,2017-08-26T19:18:41+0000,mvd_fast
1149987415427717,2.169619,41.38534,2017-08-26T19:18:41+0000,2017-08-26T19:18:41+0000,mvd_fast
1150789998680792,2.1696868,41.385406,2017-08-26T19:18:41+0000,2024-02-05T08:35:31+0000,mvd_fast
4474259579270634,2.1747394,41.376472,2018-11-24T17:01:19+0000,2018-11-24T17:01:19+0000,mvd_fast
4475234525839806,2.1745079,41.37642,2018-11-24T17:01:20+0000,2018-11-24T17:01:20+0000,mvd_fast
856446898416503,2.1748247,41.38451,2016-11-17T10:12:17+0000,2016-11-17T10:12:17+0000,trafficsign
856608538400339,2.17421,41.38462,2016-11-17T10:11:39+0000,2016-11-17T10:11:39+0000,trafficsign
856637418397451,2.1748009,41.384388,2016-11-17T10:12:27+0000,2016-11-17T10:12:27+0000,trafficsign
857029945024865,2.1749668,41.384235,2016-11-17T10:12:37+0000,2016-11-17T10:12:37+0000,trafficsign
857032921691234,2.1748438,41.38433,2016-11-17T10:12:31+0000,2016-11-17T10:12:31+0000,trafficsign
857298038331389,2.1748617,41.384274,2016-11-17T10:12:33+0000,2016-11-17T10:12:33+0000,trafficsign
857314631663063,2.1746006,41.384502,2016-11-17T10:12:11+0000,2016-11-17T10:12:11+0000,trafficsign
865740994153760,2.1736705,41.385086,2016-11-17T10:10:57+0000,2016-11-17T10:10:57+0000,mvd_fast
865757397485453,2.174985,41.384563,2016-11-17T10:12:27+0000,2016-11-17T10:12:27+0000,mvd_fast
865762174151642,2.1745822,41.384613,2016-11-17T10:12:01+0000,2016-11-17T10:12:01+0000,mvd_fast
865767934151066,2.1742353,41.38461,2016-11-17T10:11:29+0000,2016-11-17T10:11:29+0000,mvd_fast
865773890817137,2.1741138,41.384773,2016-11-17T10:11:09+0000,2016-11-17T10:11:09+0000,mvd_fast
865779660816560,2.1748822,41.384583,2016-11-17T10:11:59+0000,2016-11-17T10:11:59+0000,mvd_fast
865802220814304,2.1739435,41.384903,2016-11-17T10:11:07+0000,2016-11-17T10:11:07+0000,mvd_fast
865806877480505,2.1738608,41.384853,2016-11-17T10:11:17+0000,2016-11-17T10:11:17+0000,mvd_fast
865810860813440,2.174089,41.38486,2016-11-17T10:11:27+0000,2016-11-17T10:11:27+0000,mvd_fast
865812237479969,2.1745896,41.38462,2016-11-17T10:12:03+0000,2016-11-17T10:12:03+0000,mvd_fast
865822844145575,2.1740358,41.38473,2016-11-17T10:11:31+0000,2016-11-17T10:11:31+0000,mvd_fast
865825454145314,2.1742032,41.384808,2016-11-17T10:11:39+0000,2016-11-17T10:11:39+0000,mvd_fast
865831920811334,2.1740575,41.38484,2016-11-17T10:11:25+0000,2016-11-17T10:11:25+0000,mvd_fast
865832254144634,2.1740081,41.384865,2016-11-17T10:11:19+0000,2016-11-17T10:11:19+0000,mvd_fast
865836087477584,2.1745946,41.38473,2016-11-17T10:10:59+0000,2016-11-17T10:10:59+0000,mvd_fast
865837377477455,2.17393,41.38476,2016-11-17T10:11:21+0000,2016-11-17T10:11:21+0000,mvd_fast
865837977477395,2.1747565,41.384544,2016-11-17T10:12:17+0000,2016-11-17T10:12:17+0000,mvd_fast
865840314143828,2.1741421,41.384808,2016-11-17T10:11:23+0000,2016-11-17T10:11:23+0000,mvd_fast
865848107476382,2.1744354,41.384686,2016-11-17T10:11:53+0000,2016-11-17T10:11:53+0000,mvd_fast
865856217475571,2.1742957,41.384796,2016-11-17T10:11:37+0000,2016-11-17T10:11:37+0000,mvd_fast
865867740807752,2.174305,41.38472,2016-11-17T10:11:43+0000,2016-11-17T10:11:43+0000,mvd_fast
865870520807474,2.1740212,41.384865,2016-11-17T10:11:19+0000,2016-11-17T10:11:19+0000,mvd_fast
865874647473728,2.173986,41.38488,2016-11-17T10:11:09+0000,2016-11-17T10:11:09+0000,mvd_fast
865875820806944,2.1739857,41.384876,2016-11-17T10:11:25+0000,2016-11-17T10:11:25+0000,mvd_fast
865876307473562,2.1739538,41.384724,2016-11-17T10:11:25+0000,2016-11-17T10:11:25+0000,mvd_fast
865878544140005,2.1746156,41.384785,2016-11-17T10:11:01+0000,2016-11-17T10:11:01+0000,mvd_fast
865881917473001,2.1739717,41.384888,2016-11-17T10:11:09+0000,2016-11-17T10:11:09+0000,mvd_fast
865883044139555,2.174617,41.384636,2016-11-17T10:11:51+0000,2016-11-17T10:11:51+0000,mvd_fast
865889517472241,2.173882,41.384983,2016-11-17T10:10:59+0000,2016-11-17T10:10:59+0000,mvd_fast
865889850805541,2.1747031,41.384567,2016-11-17T10:12:03+0000,2016-11-17T10:12:03+0000,mvd_fast
865890357472157,2.1749592,41.38455,2016-11-17T10:12:27+0000,2016-11-17T10:12:27+0000,mvd_fast
865894777471715,2.1742551,41.384834,2016-11-17T10:11:41+0000,2016-11-17T10:11:41+0000,mvd_fast
865895524138307,2.1747801,41.38451,2016-11-17T10:12:11+0000,2016-11-17T10:12:11+0000,mvd_fast
865896680804858,2.173901,41.384956,2016-11-17T10:11:05+0000,2016-11-17T10:11:05+0000,mvd_fast
865897957471397,2.1737797,41.385067,2016-11-17T10:11:01+0000,2016-11-17T10:11:01+0000,mvd_fast
865902047470988,2.174317,41.38478,2016-11-17T10:11:33+0000,2016-11-17T10:11:37+0000,mvd_fast
865908904136969,2.1736941,41.385048,2016-11-17T10:10:59+0000,2016-11-17T10:10:59+0000,mvd_fast
865910317470161,2.173692,41.385056,2016-11-17T10:11:01+0000,2016-11-17T10:11:01+0000,mvd_fast
865910627470130,2.1748302,41.38446,2016-11-17T10:12:15+0000,2016-11-17T10:12:15+0000,mvd_fast
865912724136587,2.174549,41.384647,2016-11-17T10:11:51+0000,2016-11-17T10:11:51+0000,mvd_fast
865925317468661,2.174429,41.384724,2016-11-17T10:11:51+0000,2016-11-17T10:11:51+0000,mvd_fast
865933600801166,2.1738286,41.38487,2016-11-17T10:11:15+0000,2016-11-17T10:11:15+0000,mvd_fast
865934264134433,2.1744058,41.38462,2016-11-17T10:12:09+0000,2016-11-17T10:12:09+0000,mvd_fast
865941014133758,2.1740887,41.38452,2016-11-17T10:11:33+0000,2016-11-17T10:11:33+0000,mvd_fast
865965224131337,2.1735742,41.38493,2016-11-17T10:11:11+0000,2016-11-17T10:11:11+0000,mvd_fast
865974970797029,2.1737719,41.38537,2016-11-17T10:10:59+0000,2016-11-17T10:10:59+0000,mvd_fast
865976994130160,2.173907,41.384792,2016-11-17T10:11:21+0000,2016-11-17T10:11:21+0000,mvd_fast
865987257462467,2.1737757,41.3852,2016-11-17T10:10:59+0000,2016-11-17T10:10:59+0000,mvd_fast
865990760795450,2.1738946,41.384842,2016-11-17T10:10:57+0000,2016-11-17T10:10:57+0000,mvd_fast
866001797461013,2.1739087,41.38495,2016-11-17T10:11:07+0000,2016-11-17T10:11:07+0000,mvd_fast
866005920793934,2.1738997,41.3847,2016-11-17T10:11:13+0000,2016-11-17T10:11:13+0000,mvd_fast
866008374127022,2.174239,41.384834,2016-11-17T10:11:39+0000,2016-11-17T10:11:39+0000,mvd_fast
866012960793230,2.1738844,41.384823,2016-11-17T10:11:21+0000,2016-11-17T10:11:21+0000,mvd_fast
866021387459054,2.1747572,41.384476,2016-11-17T10:12:11+0000,2016-11-17T10:12:11+0000,mvd_fast
866026214125238,2.1740685,41.384556,2016-11-17T10:11:33+0000,2016-11-17T10:11:33+0000,mvd_fast
866035864124273,2.174101,41.38485,2016-11-17T10:11:21+0000,2016-11-17T10:11:21+0000,mvd_fast
866055637455629,2.174132,41.38471,2016-11-17T10:11:33+0000,2016-11-17T10:11:33+0000,mvd_fast
866079164119943,2.174335,41.384766,2016-11-17T10:11:45+0000,2016-11-17T10:11:45+0000,mvd_fast
866080360786490,2.1744456,41.384747,2016-11-17T10:11:23+0000,2016-11-17T10:11:23+0000,mvd_fast
866526070741919,2.1739316,41.384933,2016-11-17T10:11:17+0000,2016-11-17T10:11:17+0000,mvd_fast
866601164067743,2.1737597,41.38496,2016-11-17T10:11:05+0000,2016-11-17T10:11:05+0000,mvd_fast
866601854067674,2.174729,41.38454,2016-11-17T10:11:55+0000,2016-11-17T10:11:55+0000,mvd_fast
866838704043989,2.1739254,41.384922,2016-11-17T10:11:03+0000,2016-11-17T10:11:03+0000,mvd_fast
1896948350463514,2.1746297,41.3764,2018-11-24T17:01:24+0000,2025-02-19T08:28:57+0000,mvd_fast
2382447718867793,2.1662896,41.38649,2026-04-25T06:28:37+0000,2026-04-25T06:28:37+0000,panoptic
2382447722201126,2.1640139,41.385128,2026-04-25T06:29:28+0000,2026-04-25T06:29:28+0000,panoptic
2382447725534459,2.1666875,41.386635,2026-04-25T06:28:33+0000,2026-04-25T06:28:33+0000,panoptic
2382447728867792,2.1666567,41.38657,2026-04-25T06:28:27+0000,2026-04-25T06:28:27+0000,panoptic
2382447735534458,2.1674674,41.386913,2026-04-25T06:28:23+0000,2026-04-25T06:28:23+0000,panoptic
2382447742201124,2.1659408,41.38635,2026-04-25T06:28:41+0000,2026-04-25T06:28:41+0000,panoptic
2382447752201123,2.1650016,41.386013,2026-04-25T06:28:54+0000,2026-04-25T06:28:54+0000,panoptic
2382447755534456,2.1666884,41.386635,2026-04-25T06:28:32+0000,2026-04-25T06:28:32+0000,panoptic
2382447765534455,2.1659398,41.386322,2026-04-25T06:28:42+0000,2026-04-25T06:28:42+0000,panoptic
2382447788867786,2.166256,41.386436,2026-04-25T06:28:31+0000,2026-04-25T06:28:31+0000,panoptic
2382447792201119,2.166559,41.38679,2026-04-25T06:28:27+0000,2026-04-25T06:28:27+0000,panoptic
2382447812201117,2.1640909,41.38495,2026-04-25T06:29:23+0000,2026-04-25T06:29:23+0000,panoptic
2382447815534450,2.1649382,41.385883,2026-04-25T06:29:09+0000,2026-04-25T06:29:09+0000,panoptic
2382447818867783,2.16469,41.385765,2026-04-25T06:29:12+0000,2026-04-25T06:29:12+0000,panoptic
2382447832201115,2.16639,41.38668,2026-04-25T06:28:33+0000,2026-04-25T06:28:33+0000,panoptic
2382447838867781,2.1665225,41.386696,2026-04-25T06:28:32+0000,2026-04-25T06:28:32+0000,panoptic
2382447852201113,2.1640499,41.385136,2026-04-25T06:29:22+0000,2026-04-25T06:29:22+0000,panoptic
2382447855534446,2.1641796,41.385395,2026-04-25T06:29:21+0000,2026-04-25T06:29:21+0000,panoptic
2382447865534445,2.1668024,41.38664,2026-04-25T06:28:30+0000,2026-04-25T06:28:30+0000,panoptic
2382447875534444,2.166755,41.386642,2026-04-25T06:28:27+0000,2026-04-25T06:28:27+0000,panoptic
2382447905534441,2.1650019,41.386005,2026-04-25T06:28:57+0000,2026-04-25T06:28:57+0000,panoptic
2382447915534440,2.1633816,41.38532,2026-04-25T06:29:22+0000,2026-04-25T06:29:22+0000,panoptic
2382447932201105,2.1649935,41.38601,2026-04-25T06:28:55+0000,2026-04-25T06:28:55+0000,panoptic
2382448005534431,2.1643677,41.385525,2026-04-25T06:29:18+0000,2026-04-25T06:29:18+0000,panoptic
2382448008867764,2.164066,41.384953,2026-04-25T06:29:29+0000,2026-04-25T06:29:29+0000,panoptic
2382448015534430,2.1664639,41.386414,2026-04-25T06:28:34+0000,2026-04-25T06:28:34+0000,panoptic
2382448058867759,2.16437,41.385567,2026-04-25T06:29:18+0000,2026-04-25T06:29:18+0000,panoptic
2382448065534425,2.1639335,41.385334,2026-04-25T06:29:22+0000,2026-04-25T06:29:22+0000,panoptic
2382448072201091,2.164583,41.385723,2026-04-25T06:29:15+0000,2026-04-25T06:29:15+0000,panoptic
2382448092201089,2.1646097,41.38611,2026-04-25T06:29:08+0000,2026-04-25T06:29:08+0000,trafficsign
472364743877338,2.1671388,41.38569,2017-11-20T09:17:19+0000,2017-11-20T09:17:19+0000,trafficsign
472385383875274,2.167093,41.385696,2017-11-20T09:17:20+0000,2017-11-20T09:17:20+0000,trafficsign
472389933874819,2.1671803,41.38567,2017-11-20T09:17:19+0000,2017-11-20T09:17:19+0000,trafficsign
472415487205597,2.1671124,41.3857,2017-11-20T09:17:19+0000,2017-11-20T09:17:19+0000,trafficsign
472570210523458,2.167538,41.385628,2017-11-20T09:17:19+0000,2017-11-20T09:17:19+0000,trafficsign
480742933039519,2.1671371,41.385628,2017-11-20T09:17:31+0000,2017-11-20T09:17:31+0000,mvd_fast
480752053038607,2.1671808,41.38569,2017-11-20T09:17:20+0000,2017-11-20T09:17:20+0000,mvd_fast
480771283036684,2.167155,41.38566,2017-11-20T09:17:21+0000,2023-04-18T15:27:56+0000,mvd_fast
480824143344398,2.1730914,41.385643,2016-11-17T10:10:09+0000,2016-11-17T10:10:09+0000,trafficsign
480824493344363,2.1723776,41.386215,2016-11-17T10:09:11+0000,2016-11-17T10:09:11+0000,trafficsign
480838983029914,2.1669972,41.385635,2017-11-20T09:17:21+0000,2017-11-20T09:17:21+0000,mvd_fast
480842099696269,2.1680152,41.385315,2017-11-20T09:17:31+0000,2017-11-20T09:17:31+0000,mvd_fast
480898956357250,2.1670241,41.385715,2017-11-20T09:17:21+0000,2017-11-20T09:17:21+0000,mvd_fast
480941019686377,2.1672106,41.385628,2017-11-20T09:17:19+0000,2017-11-20T09:17:19+0000,mvd_fast
480954736351672,2.1670778,41.385666,2017-11-20T09:17:23+0000,2017-11-20T09:17:23+0000,mvd_fast
480965379683941,2.1671348,41.38566,2017-11-20T09:17:20+0000,2023-04-18T15:27:52+0000,mvd_fast
481342656625880,2.1737807,41.385326,2016-11-17T10:10:53+0000,2016-11-17T10:10:53+0000,trafficsign
481423639951115,2.1723459,41.3861,2016-11-17T10:09:13+0000,2016-11-17T10:09:13+0000,trafficsign
481430026304143,2.167271,41.385597,2017-11-20T09:17:19+0000,2017-11-20T09:17:19+0000,mvd_fast
481491789944300,2.173674,41.38526,2016-11-17T10:10:51+0000,2016-11-17T10:10:51+0000,trafficsign
490586162368196,2.1731474,41.385654,2016-11-17T10:10:15+0000,2016-11-17T10:10:15+0000,mvd_fast
490600209033458,2.172745,41.385986,2016-11-17T10:09:15+0000,2016-11-17T10:09:15+0000,mvd_fast
490603865699759,2.1730185,41.385944,2016-11-17T10:09:47+0000,2016-11-17T10:09:47+0000,mvd_fast
490608842365928,2.1724534,41.38588,2016-11-17T10:09:31+0000,2016-11-17T10:09:31+0000,mvd_fast
490614135698732,2.1724677,41.38601,2016-11-17T10:09:17+0000,2016-11-17T10:09:17+0000,mvd_fast
490619499031529,2.1725,41.386116,2016-11-17T10:08:49+0000,2016-11-17T10:08:49+0000,mvd_fast
490620672364745,2.172735,41.38593,2016-11-17T10:09:05+0000,2016-11-17T10:09:05+0000,mvd_fast
490621665697979,2.1721282,41.38651,2016-11-17T10:08:31+0000,2016-11-17T10:08:31+0000,mvd_fast
490621989031280,2.1728518,41.385834,2016-11-17T10:09:11+0000,2016-11-17T10:09:11+0000,mvd_fast
490622315697914,2.1737487,41.384995,2016-11-17T10:10:49+0000,2016-11-17T10:10:49+0000,mvd_fast
490632129030266,2.1736162,41.385307,2016-11-17T10:10:31+0000,2016-11-17T10:10:31+0000,mvd_fast
490638169029662,2.1724198,41.385998,2016-11-17T10:09:19+0000,2016-11-17T10:09:19+0000,mvd_fast
490639152362897,2.1737015,41.385246,2016-11-17T10:10:43+0000,2016-11-17T10:10:43+0000,mvd_fast
490648629028616,2.1726518,41.385754,2016-11-17T10:09:43+0000,2016-11-17T10:09:43+0000,mvd_fast
490650439028435,2.1736584,41.385277,2016-11-17T10:10:35+0000,2016-11-17T10:10:35+0000,mvd_fast
490652202361592,2.173347,41.385376,2016-11-17T10:10:15+0000,2016-11-17T10:10:15+0000,mvd_fast
490656609027818,2.173767,41.38516,2016-11-17T10:10:47+0000,2016-11-17T10:10:47+0000,mvd_fast
490670695693076,2.172754,41.38584,2016-11-17T10:09:35+0000,2016-11-17T10:09:35+0000,mvd_fast
490673662359446,2.1737366,41.385216,2016-11-17T10:10:39+0000,2016-11-17T10:10:39+0000,mvd_fast
490682829025196,2.1726077,41.386105,2016-11-17T10:09:13+0000,2016-11-17T10:09:13+0000,mvd_fast
490697152357097,2.173284,41.385414,2016-11-17T10:10:05+0000,2016-11-17T10:10:05+0000,mvd_fast
490699022356910,2.1726787,41.38604,2016-11-17T10:09:13+0000,2016-11-17T10:09:13+0000,mvd_fast
490709155689230,2.172999,41.385494,2016-11-17T10:09:59+0000,2016-11-17T10:09:59+0000,mvd_fast
490712459022233,2.1731522,41.385567,2016-11-17T10:10:03+0000,2016-11-17T10:10:03+0000,mvd_fast
490713675688778,2.1722345,41.386036,2016-11-17T10:09:01+0000,2016-11-17T10:09:01+0000,mvd_fast
490719895688156,2.173485,41.385406,2016-11-17T10:10:35+0000,2016-11-17T10:10:35+0000,mvd_fast
490723019021177,2.1724524,41.38593,2016-11-17T10:09:17+0000,2016-11-17T10:09:17+0000,mvd_fast
490725742354238,2.1728234,41.385685,2016-11-17T10:09:37+0000,2016-11-17T10:09:37+0000,mvd_fast
490725812354231,2.1726613,41.38588,2016-11-17T10:09:37+0000,2016-11-17T10:09:37+0000,mvd_fast
490726892354123,2.173288,41.38558,2016-11-17T10:10:17+0000,2016-11-17T10:10:17+0000,mvd_fast
490727769020702,2.1719847,41.38619,2016-11-17T10:08:47+0000,2016-11-17T10:08:47+0000,mvd_fast
490728775687268,2.17266,41.386078,2016-11-17T10:09:11+0000,2016-11-17T10:09:11+0000,mvd_fast
490731029020376,2.173233,41.38517,2016-11-17T10:10:35+0000,2016-11-17T10:10:35+0000,mvd_fast
490732502353562,2.1727366,41.385815,2016-11-17T10:09:39+0000,2016-11-17T10:09:39+0000,mvd_fast
490732972353515,2.1726236,41.38602,2016-11-17T10:09:09+0000,2016-11-17T10:09:09+0000,mvd_fast
490733102353502,2.173051,41.385674,2016-11-17T10:09:55+0000,2016-11-17T10:09:55+0000,mvd_fast
490739859019493,2.1727576,41.38571,2016-11-17T10:09:45+0000,2016-11-17T10:09:45+0000,mvd_fast
490740392352773,2.172569,41.386124,2016-11-17T10:09:09+0000,2016-11-17T10:09:09+0000,mvd_fast
490740535686092,2.172718,41.3858,2016-11-17T10:09:29+0000,2016-11-17T10:09:29+0000,mvd_fast
490740685686077,2.1723773,41.386284,2016-11-17T10:08:57+0000,2016-11-17T10:08:57+0000,mvd_fast
490746549018824,2.172287,41.3863,2016-11-17T10:08:31+0000,2016-11-17T10:08:31+0000,mvd_fast
490752365684909,2.172845,41.38584,2016-11-17T10:09:39+0000,2016-11-17T10:09:39+0000,mvd_fast
490754059018073,2.1734006,41.38586,2016-11-17T10:09:19+0000,2016-11-17T10:09:19+0000,mvd_fast
490761355684010,2.1739738,41.385067,2016-11-17T10:10:55+0000,2016-11-17T10:10:55+0000,mvd_fast
490767392350073,2.1726553,41.385757,2016-11-17T10:09:37+0000,2016-11-17T10:09:37+0000,mvd_fast
490767849016694,2.1724722,41.386223,2016-11-17T10:09:05+0000,2016-11-17T10:09:05+0000,mvd_fast
490770079016471,2.172919,41.385685,2016-11-17T10:09:49+0000,2016-11-17T10:09:49+0000,mvd_fast
490773459016133,2.1730053,41.385544,2016-11-17T10:09:57+0000,2016-11-17T10:09:57+0000,mvd_fast
490776855682460,2.1720793,41.38617,2016-11-17T10:08:49+0000,2016-11-17T10:08:49+0000,mvd_fast
490785082348304,2.1721058,41.386513,2016-11-17T10:08:33+0000,2016-11-17T10:08:33+0000,mvd_fast
490806349012844,2.1719959,41.386234,2016-11-17T10:08:39+0000,2016-11-17T10:08:39+0000,mvd_fast
490807062346106,2.1736538,41.38524,2016-11-17T10:10:47+0000,2016-11-17T10:10:47+0000,mvd_fast
490807372346075,2.1721156,41.38652,2016-11-17T10:08:37+0000,2016-11-17T10:08:37+0000,mvd_fast
490808389012640,2.1737337,41.385036,2016-11-17T10:10:55+0000,2016-11-17T10:10:55+0000,mvd_fast
490808629012616,2.173673,41.385223,2016-11-17T10:10:31+0000,2016-11-17T10:10:31+0000,mvd_fast
490816612345151,2.1722534,41.38607,2016-11-17T10:08:55+0000,2016-11-17T10:08:55+0000,mvd_fast
490819359011543,2.1724305,41.386135,2016-11-17T10:09:11+0000,2016-11-17T10:09:11+0000,mvd_fast
490819832344829,2.1732435,41.38539,2016-11-17T10:10:13+0000,2016-11-17T10:10:13+0000,mvd_fast
490820515678094,2.1732445,41.385593,2016-11-17T10:10:09+0000,2016-11-17T10:10:09+0000,mvd_fast
490821472344665,2.172341,41.38614,2016-11-17T10:09:03+0000,2016-11-17T10:09:03+0000,mvd_fast
490826895677456,2.173504,41.385254,2016-11-17T10:10:27+0000,2016-11-17T10:10:27+0000,mvd_fast
490828822343930,2.173092,41.385643,2016-11-17T10:09:33+0000,2016-11-17T10:09:33+0000,mvd_fast
490828965677249,2.172377,41.386215,2016-11-17T10:08:45+0000,2016-11-17T10:08:45+0000,mvd_fast
490834715676674,2.1730745,41.385494,2016-11-17T10:10:11+0000,2016-11-17T10:10:11+0000,mvd_fast
490837832343029,2.17333,41.385452,2016-11-17T10:10:21+0000,2016-11-17T10:10:21+0000,mvd_fast
490839005676245,2.1737297,41.385326,2016-11-17T10:10:21+0000,2016-11-17T10:10:21+0000,mvd_fast
490840045676141,2.173336,41.385513,2016-11-17T10:10:07+0000,2016-11-17T10:10:07+0000,mvd_fast
490842962342516,2.1721632,41.386395,2016-11-17T10:08:43+0000,2016-11-17T10:08:43+0000,mvd_fast
490845412342271,2.172342,41.38605,2016-11-17T10:09:11+0000,2016-11-17T10:09:11+0000,mvd_fast
490845595675586,2.1733816,41.38549,2016-11-17T10:10:23+0000,2016-11-17T10:10:23+0000,mvd_fast
490848172341995,2.1724253,41.3859,2016-11-17T10:09:25+0000,2016-11-17T10:09:25+0000,mvd_fast
490849459008533,2.1719854,41.386353,2016-11-17T10:08:57+0000,2016-11-17T10:08:57+0000,mvd_fast
490860625674083,2.1722243,41.386417,2016-11-17T10:08:45+0000,2016-11-17T10:08:45+0000,mvd_fast
490862939007185,2.1729803,41.385735,2016-11-17T10:09:19+0000,2016-11-17T10:09:19+0000,mvd_fast
490867292340083,2.1726613,41.385983,2016-11-17T10:09:37+0000,2016-11-17T10:09:37+0000,mvd_fast
490868079006671,2.1738882,41.38502,2016-11-17T10:10:55+0000,2016-11-17T10:10:55+0000,mvd_fast
490869915673154,2.1735349,41.385166,2016-11-17T10:10:53+0000,2016-11-17T10:10:53+0000,mvd_fast
490872069006272,2.1723552,41.38624,2016-11-17T10:08:59+0000,2016-11-17T10:08:59+0000,mvd_fast
490880652338747,2.1717033,41.386322,2016-11-17T10:08:33+0000,2016-11-17T10:08:33+0000,mvd_fast
490887879004691,2.1729794,41.385593,2016-11-17T10:10:03+0000,2016-11-17T10:10:03+0000,mvd_fast
490899032336909,2.1728237,41.38593,2016-11-17T10:09:35+0000,2016-11-17T10:09:35+0000,mvd_fast
490899625670183,2.1727693,41.38585,2016-11-17T10:09:37+0000,2016-11-17T10:09:37+0000,mvd_fast
490914915668654,2.173914,41.385036,2016-11-17T10:10:53+0000,2016-11-17T10:10:53+0000,mvd_fast
490915832335229,2.1728594,41.385635,2016-11-17T10:09:47+0000,2016-11-17T10:09:47+0000,mvd_fast
490916249001854,2.1728952,41.385612,2016-11-17T10:09:43+0000,2016-11-17T10:09:43+0000,mvd_fast
490917995668346,2.1736023,41.385254,2016-11-17T10:10:39+0000,2016-11-17T10:10:39+0000,mvd_fast
490935552333257,2.174427,41.3849,2016-11-17T10:10:45+0000,2016-11-17T10:10:45+0000,mvd_fast
490936872333125,2.173729,41.385456,2016-11-17T10:10:11+0000,2016-11-17T10:10:11+0000,mvd_fast
491467458946733,2.1738558,41.385056,2016-11-17T10:10:43+0000,2016-11-17T10:10:43+0000,mvd_fast
491528942273918,2.172293,41.38636,2016-11-17T10:08:33+0000,2016-11-17T10:08:33+0000,mvd_fast
491538728939606,2.1744356,41.38512,2016-11-17T10:10:35+0000,2016-11-17T10:10:35+0000,mvd_fast
491601175600028,2.172887,41.385803,2016-11-17T10:09:41+0000,2016-11-17T10:09:41+0000,mvd_fast
491606178932861,2.1739433,41.38505,2016-11-17T10:10:53+0000,2016-11-17T10:10:53+0000,mvd_fast
491608632265949,2.1736236,41.385063,2016-11-17T10:10:55+0000,2016-11-17T10:10:55+0000,mvd_fast
1055962088572931,2.1651368,41.380367,2021-10-26T14:11:35+0000,2021-10-26T14:11:35+0000,panoptic
1055962091906264,2.1654577,41.38051,2021-10-26T14:11:38+0000,2021-10-26T14:11:38+0000,panoptic
1055962095239597,2.165205,41.380466,2021-10-26T14:11:35+0000,2021-10-26T14:11:35+0000,panoptic
1055962098572930,2.164993,41.38043,2021-10-26T14:11:32+0000,2021-10-26T14:11:32+0000,panoptic
1055962101906263,2.1654541,41.380512,2021-10-26T14:11:35+0000,2021-10-26T14:11:35+0000,panoptic
1055962105239596,2.1654356,41.380466,2021-10-26T14:11:40+0000,2021-10-26T14:11:40+0000,panoptic
1055962108572929,2.1653557,41.380455,2021-10-26T14:11:36+0000,2021-10-26T14:11:36+0000,panoptic
1055962111906262,2.1651447,41.380405,2021-10-26T14:11:33+0000,2021-10-26T14:11:33+0000,panoptic
1055962115239595,2.1653583,41.38044,2021-10-26T14:11:35+0000,2021-10-26T14:11:35+0000,panoptic
1055962118572928,2.1657617,41.38047,2021-10-26T14:11:38+0000,2021-10-26T14:11:38+0000,panoptic
103542852125402,2.173645,41.376606,2021-10-26T14:14:41+0000,2021-10-26T14:14:41+0000,panoptic
103542855458735,2.173365,41.376637,2021-10-26T14:14:36+0000,2021-10-26T14:14:36+0000,panoptic
103542858792068,2.1730194,41.376747,2021-10-26T14:14:32+0000,2021-10-26T14:14:32+0000,panoptic
103542868792067,2.1727326,41.376743,2021-10-26T14:14:28+0000,2021-10-26T14:14:28+0000,panoptic
103542872125400,2.1733658,41.376637,2021-10-26T14:14:38+0000,2021-10-26T14:14:38+0000,panoptic
103542875458733,2.1733332,41.37664,2021-10-26T14:14:37+0000,2021-10-26T14:14:37+0000,panoptic
103542882125399,2.1736152,41.3766,2021-10-26T14:14:39+0000,2021-10-26T14:14:39+0000,panoptic
103542885458732,2.1736293,41.37661,2021-10-26T14:14:35+0000,2021-10-26T14:14:35+0000,panoptic
103542888792065,2.1736498,41.376614,2021-10-26T14:14:41+0000,2021-10-26T14:14:41+0000,panoptic
145614954160858,2.168149,41.382996,2017-05-29T13:01:31+0000,2017-05-29T13:01:31+0000,mvd_fast
498340424621302,2.1749747,41.377205,2020-05-08T08:18:15+0000,2020-05-08T08:18:15+0000,trafficsign
500266571095354,2.1743824,41.377705,2020-05-08T08:18:42+0000,2020-05-08T08:18:42+0000,mvd_fast
500287707759907,2.174406,41.377666,2020-05-08T08:18:59+0000,2020-05-08T08:18:59+0000,mvd_fast
500357101086301,2.1733508,41.37812,2020-05-08T08:20:03+0000,2020-05-08T08:20:03+0000,mvd_fast
500531107735567,2.174401,41.3777,2020-05-08T08:18:42+0000,2020-05-08T08:18:42+0000,mvd_fast
573700153824995,2.1738567,41.38386,2017-11-18T16:05:17+0000,2017-11-18T16:05:17+0000,mvd_fast
573750323819978,2.173493,41.38396,2017-11-18T16:04:29+0000,2017-11-18T16:04:29+0000,mvd_fast
573760427152301,2.1738029,41.383907,2017-11-18T16:05:21+0000,2017-11-18T16:05:21+0000,mvd_fast
573796567148687,2.1735327,41.383915,2017-11-18T16:04:43+0000,2017-11-18T16:04:43+0000,mvd_fast
573800067148337,2.1738667,41.383938,2017-11-18T16:05:23+0000,2017-11-18T16:05:23+0000,mvd_fast
573813453813665,2.1739874,41.383488,2017-11-18T16:05:40+0000,2017-11-18T16:05:40+0000,mvd_fast
573828017145542,2.1734297,41.383976,2017-11-18T16:04:27+0000,2017-11-18T16:04:27+0000,mvd_fast
573838880477789,2.173604,41.383762,2017-11-18T16:04:31+0000,2017-11-18T16:04:31+0000,mvd_fast
573839640477713,2.1738446,41.383728,2017-11-18T16:05:40+0000,2017-11-18T16:05:40+0000,mvd_fast
573841233810887,2.1736128,41.383766,2017-11-18T16:04:27+0000,2017-11-18T16:04:27+0000,mvd_fast
573848690476808,2.1736557,41.38378,2017-11-18T16:04:31+0000,2017-11-18T16:04:31+0000,mvd_fast
573853983809612,2.1736827,41.3838,2017-11-18T16:04:50+0000,2017-11-18T16:04:50+0000,mvd_fast
573860623808948,2.1736379,41.383778,2017-11-18T16:04:33+0000,2017-11-18T16:04:33+0000,mvd_fast
573864607141883,2.1738377,41.383858,2017-11-18T16:05:17+0000,2017-11-18T16:05:17+0000,mvd_fast
573869630474714,2.1736438,41.38377,2017-11-18T16:04:45+0000,2017-11-18T16:04:45+0000,mvd_fast
573872070474470,2.173845,41.383873,2017-11-18T16:05:17+0000,2017-11-18T16:05:17+0000,mvd_fast
573876873807323,2.1738548,41.383884,2017-11-18T16:05:21+0000,2017-11-18T16:05:21+0000,mvd_fast
573877857140558,2.1736627,41.38379,2017-11-18T16:04:51+0000,2017-11-18T16:04:51+0000,mvd_fast
573884523806558,2.173602,41.383835,2017-11-18T16:04:29+0000,2017-11-18T16:04:29+0000,mvd_fast
573896807138663,2.1738737,41.383884,2017-11-18T16:05:17+0000,2017-11-18T16:05:17+0000,mvd_fast
573948063800204,2.1739457,41.383648,2017-11-18T16:05:07+0000,2017-11-18T16:05:07+0000,mvd_fast
573957937132550,2.1734424,41.384007,2017-11-18T16:04:23+0000,2017-11-18T16:04:23+0000,mvd_fast
573963990465278,2.1735802,41.383793,2017-11-18T16:04:35+0000,2017-11-18T16:04:35+0000,mvd_fast
573986260463051,2.173964,41.383568,2017-11-18T16:05:40+0000,2017-11-18T16:05:40+0000,mvd_fast
573996083795402,2.1739247,41.38368,2017-11-18T16:05:40+0000,2017-11-18T16:05:40+0000,mvd_fast
574560167072327,2.1735446,41.383816,2017-11-18T16:04:59+0000,2017-11-18T16:04:59+0000,mvd_fast
795361958379166,2.1631398,41.385754,2022-09-10T12:41:29+0000,2022-09-10T12:41:29+0000,panoptic
795361961712499,2.1641612,41.386517,2022-09-10T12:41:05+0000,2022-09-10T12:41:05+0000,panoptic
795361965045832,2.1629875,41.385654,2022-09-10T12:41:35+0000,2022-09-10T12:41:35+0000,panoptic
795361968379165,2.1631167,41.385693,2022-09-10T12:41:33+0000,2022-09-10T12:41:33+0000,panoptic
795361971712498,2.1630547,41.385674,2022-09-10T12:41:34+0000,2022-09-10T12:41:34+0000,panoptic
795361975045831,2.1629903,41.3855,2022-09-10T12:41:34+0000,2022-09-10T12:41:34+0000,panoptic
795361978379164,2.1640346,41.386395,2022-09-10T12:41:09+0000,2022-09-10T12:41:09+0000,panoptic
795361981712497,2.163973,41.38635,2022-09-10T12:41:10+0000,2022-09-10T12:41:10+0000,panoptic
795361985045830,2.1634345,41.385937,2022-09-10T12:41:23+0000,2022-09-10T12:41:23+0000,panoptic
795361988379163,2.1636353,41.38609,2022-09-10T12:41:19+0000,2022-09-10T12:41:19+0000,panoptic
795361991712496,2.1642315,41.386505,2022-09-10T12:41:04+0000,2022-09-10T12:42:32+0000,panoptic
795361995045829,2.163393,41.385883,2022-09-10T12:41:23+0000,2022-09-10T12:41:23+0000,panoptic
795361998379162,2.1636777,41.38578,2022-09-10T12:41:08+0000,2022-09-10T12:42:20+0000,panoptic
795362001712495,2.1638057,41.385883,2022-09-10T12:41:10+0000,2022-09-10T12:42:20+0000,panoptic
795362005045828,2.163551,41.38599,2022-09-10T12:41:20+0000,2022-09-10T12:42:20+0000,panoptic
795362008379161,2.1638718,41.38625,2022-09-10T12:41:09+0000,2022-09-10T12:41:09+0000,panoptic
795362011712494,2.163743,41.386135,2022-09-10T12:41:12+0000,2022-09-10T12:42:23+0000,panoptic
795362015045827,2.163889,41.38625,2022-09-10T12:41:10+0000,2022-09-10T12:42:25+0000,panoptic
795362018379160,2.1639364,41.385975,2022-09-10T12:41:10+0000,2022-09-10T12:42:22+0000,panoptic
795362021712493,2.1635542,41.385994,2022-09-10T12:41:12+0000,2022-09-10T12:42:20+0000,panoptic
795362025045826,2.164052,41.386066,2022-09-10T12:41:10+0000,2022-09-10T12:42:27+0000,panoptic
795362028379159,2.1637444,41.386135,2022-09-10T12:41:10+0000,2022-09-10T12:42:23+0000,panoptic
795362031712492,2.1630554,41.385406,2022-09-10T12:41:24+0000,2022-09-10T12:41:24+0000,panoptic
795362035045825,2.1627555,41.38518,2022-09-10T12:41:30+0000,2022-09-10T12:41:30+0000,panoptic
795362038379158,2.1629503,41.38533,2022-09-10T12:41:31+0000,2022-09-10T12:41:31+0000,panoptic
795362041712491,2.1629384,41.385315,2022-09-10T12:41:30+0000,2022-09-10T12:41:30+0000,panoptic
795362045045824,2.1640618,41.386063,2022-09-10T12:41:11+0000,2022-09-10T12:42:26+0000,panoptic
795362048379157,2.163249,41.385754,2022-09-10T12:41:25+0000,2022-09-10T12:42:04+0000,panoptic
795362051712490,2.1638026,41.385754,2022-09-10T12:41:09+0000,2022-09-10T12:42:20+0000,panoptic
795362055045823,2.1629288,41.385307,2022-09-10T12:41:35+0000,2022-09-10T12:41:35+0000,panoptic
795362058379156,2.1625757,41.385036,2022-09-10T12:41:35+0000,2022-09-10T12:41:35+0000,panoptic
795362061712489,2.163208,41.385803,2022-09-10T12:41:29+0000,2022-09-10T12:41:29+0000,panoptic
795362065045822,2.1638913,41.386314,2022-09-10T12:41:11+0000,2022-09-10T12:41:11+0000,panoptic
795362068379155,2.1638699,41.38627,2022-09-10T12:41:13+0000,2022-09-10T12:41:13+0000,panoptic
795362071712488,2.1632,41.385784,2022-09-10T12:41:30+0000,2022-09-10T12:41:30+0000,panoptic
795362075045821,2.1642313,41.386505,2022-09-10T12:41:05+0000,2022-09-10T12:42:32+0000,panoptic
795362078379154,2.1636624,41.385876,2022-09-10T12:41:07+0000,2022-09-10T12:41:07+0000,panoptic
795362081712487,2.1638148,41.385876,2022-09-10T12:41:11+0000,2022-09-10T12:42:21+0000,panoptic
795362085045820,2.163678,41.38578,2022-09-10T12:41:14+0000,2022-09-10T12:42:20+0000,panoptic
795362088379153,2.1638536,41.38603,2022-09-10T12:41:05+0000,2022-09-10T12:41:05+0000,panoptic
795362091712486,2.163862,41.38601,2022-09-10T12:41:07+0000,2022-09-10T12:42:21+0000,panoptic
795362095045819,2.163403,41.38587,2022-09-10T12:41:23+0000,2022-09-10T12:42:11+0000,panoptic
795362098379152,2.1636705,41.385868,2022-09-10T12:41:11+0000,2022-09-10T12:41:11+0000,panoptic
795362101712485,2.16411,41.386425,2022-09-10T12:41:04+0000,2022-09-10T12:41:04+0000,panoptic
795362108379151,2.1632874,41.3859,2022-09-10T12:41:24+0000,2022-09-10T12:42:05+0000,panoptic
795362111712484,2.1627696,41.385185,2022-09-10T12:41:31+0000,2022-09-10T12:41:31+0000,panoptic
795362115045817,2.1632404,41.38575,2022-09-10T12:41:20+0000,2022-09-10T12:42:01+0000,panoptic
795362118379150,2.1632063,41.385838,2022-09-10T12:41:24+0000,2022-09-10T12:41:24+0000,panoptic
795362121712483,2.1634665,41.38603,2022-09-10T12:41:19+0000,2022-09-10T12:42:11+0000,panoptic
795362125045816,2.163986,41.38644,2022-09-10T12:41:05+0000,2022-09-10T12:41:05+0000,panoptic
795362128379149,2.1642594,41.386593,2022-09-10T12:41:04+0000,2022-09-10T12:41:04+0000,panoptic
795362131712482,2.163338,41.385944,2022-09-10T12:41:17+0000,2022-09-10T12:41:17+0000,panoptic
795362135045815,2.162853,41.38565,2022-09-10T12:41:29+0000,2022-09-10T12:41:29+0000,panoptic
795362138379148,2.1625688,41.385437,2022-09-10T12:41:30+0000,2022-09-10T12:41:30+0000,panoptic
795362141712481,2.1638904,41.38623,2022-09-10T12:41:13+0000,2022-09-10T12:41:13+0000,panoptic
795362145045814,2.163183,41.385292,2022-09-10T12:41:29+0000,2022-09-10T12:41:45+0000,panoptic
795362151712480,2.1625147,41.385414,2022-09-10T12:41:27+0000,2025-04-05T12:49:36+0000,panoptic
795362155045813,2.163845,41.38603,2022-09-10T12:41:13+0000,2022-09-10T12:41:13+0000,panoptic
795362158379146,2.164046,41.38647,2022-09-10T12:41:06+0000,2022-09-10T12:41:06+0000,panoptic
795362161712479,2.1642115,41.3865,2022-09-10T12:41:05+0000,2022-09-10T12:41:05+0000,panoptic
795362165045812,2.1636474,41.385887,2022-09-10T12:41:10+0000,2022-09-10T12:41:10+0000,panoptic
795362168379145,2.1638737,41.386242,2022-09-10T12:41:13+0000,2022-09-10T12:41:13+0000,panoptic
795362171712478,2.162878,41.385536,2022-09-10T12:41:39+0000,2023-04-18T15:22:38+0000,panoptic
795362175045811,2.162957,41.385586,2022-09-10T12:41:28+0000,2022-09-10T12:41:28+0000,panoptic
795362178379144,2.1629548,41.38559,2022-09-10T12:41:30+0000,2022-09-10T12:41:30+0000,panoptic
795362181712477,2.1630385,41.385784,2022-09-10T12:41:29+0000,2022-09-10T12:41:29+0000,panoptic
795362185045810,2.1630208,41.38542,2022-09-10T12:41:28+0000,2022-09-10T12:41:44+0000,panoptic
795362188379143,2.1631062,41.385475,2022-09-10T12:41:24+0000,2022-09-10T12:41:47+0000,panoptic
795362191712476,2.163145,41.385693,2022-09-10T12:41:30+0000,2022-09-10T12:41:30+0000,panoptic
795362195045809,2.163023,41.38552,2022-09-10T12:41:32+0000,2022-09-10T12:41:32+0000,panoptic
795362198379142,2.1628463,41.38572,2022-09-10T12:41:31+0000,2022-09-10T12:41:31+0000,panoptic
795362201712475,2.1628404,41.385597,2022-09-10T12:41:34+0000,2022-09-10T12:41:34+0000,panoptic
795362205045808,2.1631408,41.38569,2022-09-10T12:41:26+0000,2022-09-10T12:41:26+0000,panoptic
795362208379141,2.163426,41.38569,2022-09-10T12:41:26+0000,2022-09-10T12:41:26+0000,panoptic
795362211712474,2.1631496,41.385693,2022-09-10T12:41:25+0000,2022-09-10T12:41:25+0000,panoptic
795362215045807,2.1635199,41.38599,2022-09-10T12:41:10+0000,2022-09-10T12:41:10+0000,panoptic
795362218379140,2.164352,41.386406,2022-09-10T12:41:04+0000,2022-09-10T12:41:04+0000,panoptic
795362221712473,2.162951,41.3858,2022-09-10T12:41:32+0000,2022-09-10T12:41:32+0000,panoptic
795362225045806,2.1635494,41.386,2022-09-10T12:41:07+0000,2022-09-10T12:41:07+0000,panoptic
795362228379139,2.1637816,41.385735,2022-09-10T12:41:17+0000,2022-09-10T12:41:17+0000,panoptic
795362231712472,2.164038,41.386227,2022-09-10T12:41:06+0000,2022-09-10T12:41:06+0000,panoptic
795362235045805,2.1629286,41.385624,2022-09-10T12:41:26+0000,2022-09-10T12:41:26+0000,panoptic
795362238379138,2.163057,41.385784,2022-09-10T12:41:30+0000,2022-09-10T12:41:30+0000,panoptic
795362241712471,2.1627927,41.385757,2022-09-10T12:41:32+0000,2022-09-10T12:41:32+0000,panoptic
795362245045804,2.1628098,41.385746,2022-09-10T12:41:31+0000,2022-09-10T12:41:31+0000,panoptic
795362248379137,2.1628094,41.385746,2022-09-10T12:41:34+0000,2022-09-10T12:41:34+0000,panoptic
795362251712470,2.163194,41.38573,2022-09-10T12:41:28+0000,2022-09-10T12:41:28+0000,panoptic
795362255045803,2.1640565,41.385937,2022-09-10T12:41:11+0000,2022-09-10T12:42:26+0000,panoptic
795362258379136,2.1630576,41.385788,2022-09-10T12:41:31+0000,2022-09-10T12:41:31+0000,trafficsign
795362261712469,2.1638794,41.38635,2022-09-10T12:41:08+0000,2022-09-10T12:41:08+0000,panoptic
795362265045802,2.1627266,41.385468,2022-09-10T12:41:41+0000,2022-09-10T12:41:41+0000,panoptic
795362268379135,2.1631985,41.385727,2022-09-10T12:41:28+0000,2022-09-10T12:41:28+0000,trafficsign
795362271712468,2.1628103,41.385746,2022-09-10T12:41:34+0000,2022-09-10T12:41:34+0000,trafficsign
795362275045801,2.1629434,41.385624,2022-09-10T12:41:35+0000,2022-09-10T12:41:35+0000,panoptic
795362278379134,2.1628013,41.385723,2022-09-10T12:41:35+0000,2023-04-18T15:22:52+0000,panoptic
795362281712467,2.1631956,41.38573,2022-09-10T12:41:30+0000,2022-09-10T12:41:30+0000,trafficsign
795362285045800,2.1630583,41.385788,2022-09-10T12:41:30+0000,2022-09-10T12:41:30+0000,panoptic
795362288379133,2.1631942,41.38573,2022-09-10T12:41:26+0000,2022-09-10T12:41:26+0000,panoptic
795362291712466,2.162928,41.38562,2022-09-10T12:41:28+0000,2022-09-10T12:41:28+0000,trafficsign
795362295045799,2.1629794,41.38556,2022-09-10T12:41:32+0000,2022-09-10T12:41:32+0000,panoptic
795362301712465,2.1633794,41.385647,2022-09-10T12:41:14+0000,2023-04-18T15:25:20+0000,panoptic
795362305045798,2.1630037,41.385548,2022-09-10T12:41:28+0000,2022-09-10T12:41:28+0000,panoptic
795362311712464,2.1627717,41.385777,2022-09-10T12:41:28+0000,2022-09-10T12:41:28+0000,panoptic
795362315045797,2.162722,41.38539,2022-09-10T12:41:37+0000,2023-04-18T15:22:25+0000,panoptic
795362318379130,2.1639707,41.38607,2022-09-10T12:41:11+0000,2022-09-10T12:42:27+0000,panoptic
795362321712463,2.1625888,41.38547,2022-09-10T12:41:28+0000,2022-09-10T12:41:28+0000,panoptic
795362325045796,2.1632903,41.385563,2022-09-10T12:41:19+0000,2022-09-10T12:41:19+0000,panoptic
795362328379129,2.1643164,41.38628,2022-09-10T12:41:04+0000,2023-04-18T15:25:38+0000,panoptic
795362331712462,2.163409,41.385696,2022-09-10T12:41:19+0000,2022-09-10T12:41:44+0000,panoptic
795362338379128,2.1627834,41.38541,2022-09-10T12:41:34+0000,2022-09-10T12:41:34+0000,panoptic
795362341712461,2.1628487,41.385715,2022-09-10T12:41:34+0000,2022-09-10T12:41:34+0000,panoptic
795362345045794,2.1629467,41.385593,2022-09-10T12:41:26+0000,2022-09-10T12:41:26+0000,panoptic
795362348379127,2.1629274,41.385544,2022-09-10T12:41:34+0000,2023-04-18T15:22:38+0000,panoptic
795362351712460,2.1641307,41.386448,2022-09-10T12:41:04+0000,2022-09-10T12:41:04+0000,panoptic
795362355045793,2.1628616,41.38567,2022-09-10T12:41:28+0000,2022-09-10T12:41:28+0000,panoptic
795362358379126,2.1631522,41.38546,2022-09-10T12:41:29+0000,2022-09-10T12:41:29+0000,panoptic
795362361712459,2.1628304,41.385674,2022-09-10T12:41:37+0000,2023-04-18T15:22:52+0000,panoptic
795362365045792,2.1631985,41.385727,2022-09-10T12:41:27+0000,2022-09-10T12:41:27+0000,panoptic
795362368379125,2.1628616,41.38567,2022-09-10T12:41:30+0000,2022-09-10T12:41:30+0000,panoptic
795362371712458,2.1627665,41.385784,2022-09-10T12:41:32+0000,2022-09-10T12:41:32+0000,panoptic
795362375045791,2.1628618,41.38567,2022-09-10T12:41:29+0000,2022-09-10T12:41:29+0000,trafficsign
795362378379124,2.163058,41.385788,2022-09-10T12:41:30+0000,2022-09-10T12:41:30+0000,panoptic
803894967181865,2.1703672,41.38515,2020-05-02T07:57:51+0000,2020-05-02T07:57:51+0000,mvd_fast
1942673655895371,2.1744168,41.385334,2017-03-31T10:54:10+0000,2017-03-31T10:54:10+0000,mvd_fast
1942770539219016,2.1744084,41.38533,2017-03-31T10:54:15+0000,2017-03-31T10:54:15+0000,mvd_fast
1942786185884118,2.1745954,41.38558,2017-03-31T10:53:33+0000,2017-03-31T10:53:33+0000,mvd_fast
1942802782549125,2.1745942,41.385426,2017-03-31T10:53:57+0000,2017-03-31T10:53:57+0000,mvd_fast
1942813832548020,2.1746218,41.385597,2017-03-31T10:53:38+0000,2017-03-31T10:53:38+0000,mvd_fast
1942874669208603,2.174575,41.38544,2017-03-31T10:54:02+0000,2017-03-31T10:54:02+0000,mvd_fast
1942892479206822,2.1745093,41.38555,2017-03-31T10:53:32+0000,2017-03-31T10:53:32+0000,mvd_fast
1942902822539121,2.174566,41.385452,2017-03-31T10:53:47+0000,2017-03-31T10:53:47+0000,mvd_fast
1942925572536846,2.1744707,41.385532,2017-03-31T10:53:41+0000,2017-03-31T10:53:41+0000,mvd_fast
1942966109199459,2.1745012,41.38539,2017-03-31T10:54:08+0000,2017-03-31T10:54:08+0000,mvd_fast
1942979852531418,2.1746314,41.38542,2017-03-31T10:53:46+0000,2017-03-31T10:53:46+0000,mvd_fast
1943004022529001,2.1745555,41.385395,2017-03-31T10:53:52+0000,2017-03-31T10:53:52+0000,mvd_fast
1943143369181733,2.174372,41.385303,2017-03-31T10:54:06+0000,2017-03-31T10:54:06+0000,mvd_fast
519594572381860,2.174793,41.385826,2017-03-31T10:51:58+0000,2017-03-31T10:51:58+0000,trafficsign
528815784793072,2.174724,41.385674,2017-03-31T10:51:46+0000,2017-03-31T10:51:46+0000,mvd_fast
528832534791397,2.1747649,41.385853,2017-03-31T10:51:46+0000,2017-03-31T10:51:46+0000,mvd_fast
528848688123115,2.1747398,41.385895,2017-03-31T10:52:18+0000,2017-03-31T10:52:18+0000,mvd_fast
528848894789761,2.1747677,41.38586,2017-03-31T10:53:09+0000,2017-03-31T10:53:09+0000,mvd_fast
528937278114256,2.174259,41.38519,2017-03-31T10:52:31+0000,2017-03-31T10:52:31+0000,mvd_fast
529019651439352,2.1748369,41.38579,2017-03-31T10:51:58+0000,2017-03-31T10:51:58+0000,mvd_fast
529053374769313,2.1747637,41.385857,2017-03-31T10:53:19+0000,2017-03-31T10:53:19+0000,mvd_fast
529067944767856,2.174628,41.385773,2017-03-31T10:52:13+0000,2017-03-31T10:52:13+0000,mvd_fast
529083321432985,2.1745882,41.385654,2017-03-31T10:52:06+0000,2017-03-31T10:52:06+0000,mvd_fast
773308520220795,2.1737144,41.385155,2019-05-30T18:02:39+0000,2019-05-30T18:02:39+0000,trafficsign
773309513554029,2.173803,41.385372,2020-05-02T07:31:45+0000,2020-05-02T07:31:45+0000,trafficsign
773383530213294,2.1734426,41.385178,2020-05-02T07:31:38+0000,2020-05-02T07:31:38+0000,trafficsign
176436334350088,2.1734715,41.38561,2015-08-31T06:40:34+0000,2015-08-31T06:40:34+0000,trafficsign
484526246096427,2.1692023,41.386917,2015-03-07T13:49:12+0000,2015-03-07T13:49:12+0000,mvd_fast
484609306088121,2.1696723,41.38686,2015-03-07T13:49:12+0000,2015-03-07T13:49:12+0000,mvd_fast
1124970081779449,2.1633604,41.385494,2022-09-10T12:41:59+0000,2022-09-10T12:41:59+0000,panoptic
1124970085112782,2.1632621,41.385544,2022-09-10T12:42:01+0000,2022-09-10T12:42:01+0000,panoptic
1124970088446115,2.1632502,41.385464,2022-09-10T12:42:08+0000,2022-09-10T12:42:08+0000,panoptic
1124970091779448,2.163441,41.385574,2022-09-10T12:42:14+0000,2022-09-10T12:42:14+0000,panoptic
1124970095112781,2.163228,41.385475,2022-09-10T12:41:44+0000,2022-09-10T12:41:44+0000,panoptic
1124970098446114,2.1633186,41.38543,2022-09-10T12:41:59+0000,2022-09-10T12:41:59+0000,panoptic
1124970101779447,2.1632063,41.385468,2022-09-10T12:41:52+0000,2022-09-10T12:41:52+0000,panoptic
1124970105112780,2.1634102,41.38529,2022-09-10T12:41:44+0000,2022-09-10T12:41:44+0000,panoptic
1124970108446113,2.163154,41.38535,2022-09-10T12:41:53+0000,2022-09-10T12:41:53+0000,panoptic
1124970111779446,2.163423,41.38556,2022-09-10T12:41:58+0000,2022-09-10T12:41:58+0000,panoptic
1124970115112779,2.163226,41.38549,2022-09-10T12:41:50+0000,2022-09-10T12:41:50+0000,panoptic
1124970121779445,2.1634173,41.385582,2022-09-10T12:41:46+0000,2022-09-10T12:41:46+0000,panoptic
1124970125112778,2.163549,41.38567,2022-09-10T12:41:46+0000,2022-09-10T12:41:46+0000,panoptic
1124970128446111,2.163427,41.385574,2022-09-10T12:41:47+0000,2022-09-10T12:41:47+0000,panoptic
1124970135112777,2.1635382,41.385674,2022-09-10T12:41:46+0000,2022-09-10T12:41:46+0000,panoptic
1124970138446110,2.163357,41.38539,2022-09-10T12:41:52+0000,2022-09-10T12:41:52+0000,panoptic
1124970145112776,2.1632833,41.38539,2022-09-10T12:41:57+0000,2022-09-10T12:41:57+0000,panoptic
1124970148446109,2.1636572,41.3856,2022-09-10T12:41:45+0000,2022-09-10T12:41:45+0000,panoptic
1124970151779442,2.1633053,41.385555,2022-09-10T12:41:52+0000,2023-04-18T15:22:39+0000,panoptic
1124970158446108,2.163008,41.385494,2022-09-10T12:41:46+0000,2022-09-10T12:41:46+0000,panoptic
1124970161779441,2.1634371,41.385677,2022-09-10T12:41:48+0000,2022-09-10T12:41:48+0000,panoptic
1124970165112774,2.1634407,41.385635,2022-09-10T12:42:16+0000,2022-09-10T12:42:16+0000,panoptic
1124970168446107,2.1632552,41.38535,2022-09-10T12:41:52+0000,2022-09-10T12:41:52+0000,panoptic
1124970171779440,2.1632242,41.38571,2022-09-10T12:42:02+0000,2022-09-10T12:42:02+0000,panoptic
1124970175112773,2.1632316,41.38551,2022-09-10T12:41:48+0000,2022-09-10T12:41:48+0000,panoptic
1124970178446106,2.163463,41.38551,2022-09-10T12:42:12+0000,2022-09-10T12:42:12+0000,panoptic
1124970181779439,2.1633322,41.385612,2022-09-10T12:42:02+0000,2022-09-10T12:42:02+0000,panoptic
1124970191779438,2.1634755,41.385506,2022-09-10T12:41:50+0000,2022-09-10T12:41:50+0000,panoptic
1124970195112771,2.1632805,41.38555,2022-09-10T12:41:45+0000,2022-09-10T12:41:45+0000,panoptic
1124970198446104,2.1634717,41.385506,2022-09-10T12:41:45+0000,2022-09-10T12:41:45+0000,panoptic
1124970201779437,2.1637537,41.38539,2022-09-10T12:41:45+0000,2022-09-10T12:41:45+0000,panoptic
1124970205112770,2.1630697,41.38533,2022-09-10T12:41:44+0000,2023-04-18T15:25:14+0000,panoptic
1124970211779436,2.1633313,41.38561,2022-09-10T12:41:58+0000,2022-09-10T12:41:58+0000,panoptic
1124970215112769,2.1630569,41.385357,2022-09-10T12:41:46+0000,2022-09-10T12:41:46+0000,panoptic
1124970218446102,2.1634593,41.38543,2022-09-10T12:41:55+0000,2022-09-10T12:41:55+0000,panoptic
1124970221779435,2.163778,41.385586,2022-09-10T12:42:14+0000,2022-09-10T12:42:14+0000,panoptic
1124970225112768,2.1632657,41.385338,2022-09-10T12:41:53+0000,2022-09-10T12:41:53+0000,panoptic
1124970228446101,2.1632736,41.38538,2022-09-10T12:41:53+0000,2022-09-10T12:41:53+0000,panoptic
1124970231779434,2.1632638,41.38536,2022-09-10T12:41:54+0000,2023-04-18T15:25:17+0000,panoptic
1124970241779433,2.1632464,41.385345,2022-09-10T12:41:46+0000,2022-09-10T12:41:46+0000,panoptic
1124970248446099,2.1634455,41.38543,2022-09-10T12:41:56+0000,2022-09-10T12:41:56+0000,panoptic
1124970251779432,2.1631782,41.385323,2022-09-10T12:41:53+0000,2022-09-10T12:41:53+0000,panoptic
1124970255112765,2.163112,41.385452,2022-09-10T12:41:45+0000,2022-09-10T12:41:45+0000,panoptic
1124970258446098,2.1638343,41.385773,2022-09-10T12:41:44+0000,2022-09-10T12:42:20+0000,panoptic
1124970265112764,2.1632903,41.385376,2022-09-10T12:41:56+0000,2022-09-10T12:41:56+0000,panoptic
1124970271779430,2.1638227,41.385403,2022-09-10T12:41:51+0000,2022-09-10T12:41:51+0000,panoptic
1124970275112763,2.1633308,41.38561,2022-09-10T12:42:00+0000,2022-09-10T12:42:00+0000,panoptic
1124970278446096,2.1633942,41.385662,2022-09-10T12:41:49+0000,2023-04-18T15:25:18+0000,panoptic
1124970281779429,2.1630208,41.385193,2022-09-10T12:41:47+0000,2023-04-18T15:25:16+0000,panoptic
1124970285112762,2.1633043,41.385582,2022-09-10T12:41:46+0000,2022-09-10T12:41:46+0000,panoptic
1124970291779428,2.1632862,41.38558,2022-09-10T12:41:50+0000,2022-09-10T12:41:50+0000,panoptic
1124970295112761,2.1636097,41.38532,2022-09-10T12:41:47+0000,2022-09-10T12:41:47+0000,panoptic
1124970298446094,2.163124,41.385365,2022-09-10T12:41:51+0000,2022-09-10T12:41:51+0000,panoptic
1124970301779427,2.163399,41.385563,2022-09-10T12:41:49+0000,2022-09-10T12:41:49+0000,panoptic
1124970305112760,2.1637542,41.385708,2022-09-10T12:41:50+0000,2023-04-18T15:25:20+0000,panoptic
1124970308446093,2.1634536,41.38543,2022-09-10T12:41:52+0000,2022-09-10T12:41:52+0000,panoptic
1124970311779426,2.1634777,41.385506,2022-09-10T12:41:57+0000,2022-09-10T12:41:57+0000,panoptic
1124970315112759,2.1632903,41.385548,2022-09-10T12:41:44+0000,2023-04-18T15:22:42+0000,panoptic
1124970318446092,2.1638112,41.385403,2022-09-10T12:41:50+0000,2022-09-10T12:41:50+0000,panoptic
1124970321779425,2.1632912,41.38537,2022-09-10T12:41:53+0000,2022-09-10T12:41:53+0000,panoptic
1124970325112758,2.1634564,41.38543,2022-09-10T12:41:46+0000,2022-09-10T12:41:46+0000,panoptic
1124970328446091,2.163436,41.385494,2022-09-10T12:41:45+0000,2023-04-18T15:25:21+0000,panoptic
1124970331779424,2.163116,41.385414,2022-09-10T12:41:44+0000,2023-04-18T15:25:19+0000,panoptic
1124970338446090,2.1635592,41.385677,2022-09-10T12:41:49+0000,2022-09-10T12:41:49+0000,panoptic
1124970341779423,2.163229,41.385334,2022-09-10T12:41:53+0000,2022-09-10T12:41:53+0000,panoptic
1124970345112756,2.1632307,41.385365,2022-09-10T12:41:49+0000,2022-09-10T12:41:49+0000,panoptic
1124970348446089,2.163135,41.385406,2022-09-10T12:41:45+0000,2023-04-18T15:25:20+0000,panoptic
1124970351779422,2.16336,41.38556,2022-09-10T12:41:44+0000,2023-04-18T15:25:21+0000,panoptic
1124970355112755,2.1633933,41.385662,2022-09-10T12:41:44+0000,2023-04-18T15:25:22+0000,panoptic
1124970358446088,2.163378,41.38562,2022-09-10T12:41:50+0000,2022-09-10T12:41:50+0000,panoptic
1124970361779421,2.1636255,41.3856,2022-09-10T12:41:44+0000,2023-04-18T15:25:26+0000,panoptic
1124970365112754,2.1632798,41.385548,2022-09-10T12:42:00+0000,2022-09-10T12:42:00+0000,panoptic
1124970371779420,2.1633742,41.385574,2022-09-10T12:41:44+0000,2023-04-18T15:25:23+0000,panoptic
1124970375112753,2.1632028,41.385376,2022-09-10T12:41:52+0000,2023-04-18T15:25:18+0000,panoptic
1124970378446086,2.163417,41.385414,2022-09-10T12:42:01+0000,2023-04-18T15:25:22+0000,trafficsign
1124970381779419,2.1631427,41.385456,2022-09-10T12:41:51+0000,2022-09-10T12:41:51+0000,trafficsign
1124970385112752,2.1633184,41.385513,2022-09-10T12:41:52+0000,2023-04-18T15:25:17+0000,panoptic
1124970391779418,2.1634293,41.385452,2022-09-10T12:41:53+0000,2023-04-18T15:25:21+0000,panoptic
1124970395112751,2.1633642,41.38555,2022-09-10T12:41:49+0000,2023-04-18T15:25:21+0000,trafficsign
1124970398446084,2.1632602,41.38536,2022-09-10T12:41:55+0000,2023-04-18T15:25:21+0000,trafficsign
1124970401779417,2.163258,41.38536,2022-09-10T12:41:46+0000,2023-04-18T15:25:20+0000,panoptic
4132794396779154,2.168576,41.386383,2016-11-17T10:04:13+0000,2016-11-17T10:04:13+0000,trafficsign
4133075003417760,2.1682317,41.386272,2016-11-17T10:04:03+0000,2016-11-17T10:04:03+0000,trafficsign
4133453020046625,2.169256,41.386547,2016-11-17T10:05:09+0000,2016-11-17T10:05:09+0000,trafficsign
4134702043255056,2.1688225,41.386448,2016-11-17T10:04:53+0000,2016-11-17T10:04:53+0000,trafficsign
4134908066567787,2.1692383,41.38656,2016-11-17T10:05:23+0000,2016-11-17T10:05:23+0000,trafficsign
4134918023233458,2.1688933,41.38642,2016-11-17T10:04:55+0000,2016-11-17T10:04:55+0000,trafficsign
4135008659891061,2.1693435,41.386494,2016-11-17T10:05:05+0000,2016-11-17T10:05:05+0000,trafficsign
4135093119882615,2.1674578,41.38581,2016-11-17T10:03:27+0000,2016-11-17T10:03:27+0000,trafficsign
4135285156530078,2.1694112,41.38666,2016-11-17T10:05:07+0000,2016-11-17T10:05:07+0000,trafficsign
4135590549832872,2.1678863,41.38604,2016-11-17T10:03:37+0000,2016-11-17T10:03:37+0000,trafficsign
4135844866474107,2.1688561,41.38647,2016-11-17T10:04:51+0000,2016-11-17T10:04:51+0000,trafficsign
4136088736449720,2.1683393,41.38615,2016-11-17T10:04:19+0000,2016-11-17T10:04:19+0000,trafficsign
4136931363032124,2.169208,41.386612,2016-11-17T10:05:21+0000,2016-11-17T10:05:21+0000,trafficsign
4137014269690500,2.1681986,41.38626,2016-11-17T10:04:05+0000,2016-11-17T10:04:05+0000,trafficsign
4183644768360783,2.1673594,41.385612,2016-11-17T10:03:29+0000,2016-11-17T10:03:29+0000,mvd_fast
4183749265017000,2.1691897,41.386337,2016-11-17T10:04:49+0000,2016-11-17T10:04:49+0000,mvd_fast
4183804968344763,2.1684027,41.38622,2016-11-17T10:04:27+0000,2016-11-17T10:04:27+0000,mvd_fast
4183921194999807,2.1678338,41.386024,2016-11-17T10:03:33+0000,2016-11-17T10:03:33+0000,mvd_fast
4183923678332892,2.1694622,41.386536,2016-11-17T10:05:31+0000,2016-11-17T10:05:31+0000,mvd_fast
4183953208329939,2.1694307,41.38661,2016-11-17T10:05:23+0000,2016-11-17T10:05:23+0000,mvd_fast
4184055418319718,2.1692722,41.38657,2016-11-17T10:05:31+0000,2016-11-17T10:05:31+0000,mvd_fast
4184095408315719,2.1677678,41.38584,2016-11-17T10:03:31+0000,2016-11-17T10:03:31+0000,mvd_fast
4184172858307974,2.1693616,41.386574,2016-11-17T10:05:29+0000,2016-11-17T10:05:29+0000,mvd_fast
4184222281636365,2.1694846,41.3868,2016-11-17T10:05:49+0000,2016-11-17T10:05:49+0000,mvd_fast
4184260711632522,2.1679175,41.38617,2016-11-17T10:03:51+0000,2016-11-17T10:03:51+0000,mvd_fast
4184283518296908,2.167953,41.386173,2016-11-17T10:03:35+0000,2016-11-17T10:03:35+0000,mvd_fast
4184339501624643,2.167908,41.386154,2016-11-17T10:03:43+0000,2016-11-17T10:03:43+0000,mvd_fast
4184347608290499,2.1692126,41.386433,2016-11-17T10:04:55+0000,2016-11-17T10:04:55+0000,mvd_fast
4184363288288931,2.1693995,41.386597,2016-11-17T10:05:21+0000,2016-11-17T10:05:21+0000,mvd_fast
4184392121619381,2.1690657,41.386425,2016-11-17T10:05:19+0000,2016-11-17T10:05:19+0000,mvd_fast
4184425698282690,2.1679049,41.386204,2016-11-17T10:03:39+0000,2016-11-17T10:03:39+0000,mvd_fast
4184431188282141,2.168469,41.38632,2016-11-17T10:04:27+0000,2016-11-17T10:04:27+0000,mvd_fast
4184441418281118,2.1690755,41.386322,2016-11-17T10:05:07+0000,2016-11-17T10:05:07+0000,mvd_fast
4184453161613277,2.1694765,41.38655,2016-11-17T10:05:19+0000,2016-11-17T10:05:19+0000,mvd_fast
4184454211613172,2.1692996,41.38621,2016-11-17T10:04:53+0000,2016-11-17T10:04:53+0000,mvd_fast
4184464554945471,2.1688626,41.386307,2016-11-17T10:05:01+0000,2016-11-17T10:05:01+0000,mvd_fast
4184473728277887,2.1676145,41.38595,2016-11-17T10:03:43+0000,2016-11-17T10:03:43+0000,mvd_fast
4184477674944159,2.169559,41.386417,2016-11-17T10:05:21+0000,2016-11-17T10:05:21+0000,mvd_fast
4184489088276351,2.1678855,41.38619,2016-11-17T10:03:39+0000,2016-11-17T10:03:39+0000,mvd_fast
4184561724935754,2.1682024,41.386116,2016-11-17T10:04:05+0000,2016-11-17T10:04:05+0000,mvd_fast
4184588091599784,2.1684644,41.38624,2016-11-17T10:04:17+0000,2016-11-17T10:04:17+0000,mvd_fast
4184593331599260,2.1684082,41.386253,2016-11-17T10:04:23+0000,2016-11-17T10:04:23+0000,mvd_fast
4184629458262314,2.1688318,41.386368,2016-11-17T10:04:49+0000,2016-11-17T10:04:49+0000,mvd_fast
4184630018262258,2.16804,41.386204,2016-11-17T10:03:47+0000,2016-11-17T10:03:47+0000,mvd_fast
4184637038261556,2.1694114,41.386353,2016-11-17T10:05:07+0000,2016-11-17T10:05:07+0000,mvd_fast
4184686958256564,2.1691487,41.386425,2016-11-17T10:05:17+0000,2016-11-17T10:05:17+0000,mvd_fast
4184698634922063,2.1690738,41.38647,2016-11-17T10:04:57+0000,2016-11-17T10:04:57+0000,mvd_fast
4184781198247140,2.16764,41.38611,2016-11-17T10:03:33+0000,2016-11-17T10:03:33+0000,mvd_fast
4184810358244224,2.1683388,41.3862,2016-11-17T10:03:51+0000,2016-11-17T10:03:51+0000,mvd_fast
4184829591575634,2.1692827,41.38655,2016-11-17T10:05:19+0000,2016-11-17T10:05:19+0000,mvd_fast
4184840961574497,2.1691904,41.386578,2016-11-17T10:05:17+0000,2016-11-17T10:05:17+0000,mvd_fast
4184842304907696,2.1685262,41.386265,2016-11-17T10:04:27+0000,2016-11-17T10:04:27+0000,mvd_fast
4184867551571838,2.168041,41.386093,2016-11-17T10:04:09+0000,2016-11-17T10:04:09+0000,mvd_fast
4184878671570726,2.168893,41.386322,2016-11-17T10:05:03+0000,2016-11-17T10:05:03+0000,mvd_fast
4185083158216944,2.1690464,41.386536,2016-11-17T10:05:01+0000,2016-11-17T10:05:01+0000,mvd_fast
4185151608210099,2.169634,41.386703,2016-11-17T10:05:43+0000,2024-02-05T08:34:02+0000,mvd_fast
4185153868209873,2.169463,41.386288,2016-11-17T10:05:03+0000,2016-11-17T10:05:03+0000,mvd_fast
4185158878209372,2.168302,41.386314,2016-11-17T10:04:09+0000,2016-11-17T10:04:09+0000,mvd_fast
4185206268204633,2.1677632,41.385933,2016-11-17T10:03:33+0000,2016-11-17T10:03:33+0000,mvd_fast
4185239644867962,2.1691322,41.386673,2016-11-17T10:05:07+0000,2016-11-17T10:05:07+0000,mvd_fast
4185241851534408,2.1689887,41.386402,2016-11-17T10:04:57+0000,2016-11-17T10:04:57+0000,mvd_fast
4185267988198461,2.1693227,41.386307,2016-11-17T10:05:05+0000,2016-11-17T10:05:05+0000,mvd_fast
4185337938191466,2.1686232,41.386276,2016-11-17T10:04:27+0000,2016-11-17T10:04:27+0000,mvd_fast
4185347971523796,2.1694632,41.386726,2016-11-17T10:05:55+0000,2016-11-17T10:05:55+0000,mvd_fast
4185359098189350,2.1692579,41.386948,2016-11-17T10:05:35+0000,2016-11-17T10:05:35+0000,mvd_fast
4185450494846877,2.168279,41.386173,2016-11-17T10:04:03+0000,2016-11-17T10:04:03+0000,mvd_fast
4188767077848552,2.1690557,41.38637,2016-11-17T10:05:03+0000,2016-11-17T10:05:03+0000,mvd_fast
4188891607836099,2.1684687,41.386356,2016-11-17T10:04:21+0000,2016-11-17T10:04:21+0000,mvd_fast
760443884631800,2.1644468,41.38628,2017-11-18T10:12:15+0000,2023-04-18T15:25:39+0000,trafficsign
760921997917322,2.163832,41.385944,2017-11-18T10:11:49+0000,2017-11-18T10:11:49+0000,trafficsign
761016784574510,2.1641376,41.385296,2017-11-18T10:03:15+0000,2017-11-18T10:03:15+0000,trafficsign
761044814571707,2.164359,41.386368,2017-11-18T10:12:20+0000,2017-11-18T10:12:20+0000,trafficsign
761497034526485,2.1637185,41.385296,2017-11-18T10:10:40+0000,2017-11-18T10:10:40+0000,trafficsign
761550377854484,2.1641839,41.385338,2017-11-18T10:10:03+0000,2017-11-18T10:10:03+0000,trafficsign
761552834520905,2.1640608,41.38616,2017-11-18T10:12:01+0000,2023-04-18T15:25:31+0000,trafficsign
761705431172312,2.163022,41.385574,2017-11-18T10:11:09+0000,2017-11-18T10:11:09+0000,trafficsign
761722487837273,2.1638553,41.38571,2017-11-18T10:11:21+0000,2017-11-18T10:11:21+0000,trafficsign
765625194113669,2.164053,41.38616,2017-11-18T10:11:29+0000,2017-11-18T10:11:29+0000,mvd_fast
765631157446406,2.1642306,41.386467,2017-11-18T10:12:11+0000,2022-09-10T12:41:04+0000,mvd_fast
765633507446171,2.164331,41.386395,2017-11-18T10:12:07+0000,2017-11-18T10:12:07+0000,mvd_fast
765636667445855,2.1644711,41.386787,2017-11-18T10:12:25+0000,2022-09-10T12:40:56+0000,mvd_fast
765649680777887,2.1640792,41.386143,2017-11-18T10:12:05+0000,2017-11-18T10:12:05+0000,mvd_fast
765660247443497,2.164002,41.385857,2017-11-18T10:11:21+0000,2017-11-18T10:11:21+0000,mvd_fast
765665000776355,2.163037,41.385544,2017-11-18T10:11:05+0000,2017-11-18T10:11:05+0000,mvd_fast
765678280775027,2.1635382,41.38529,2017-11-18T10:10:44+0000,2017-11-18T10:10:44+0000,mvd_fast
765679820774873,2.1637244,41.38578,2017-11-18T10:11:33+0000,2017-11-18T10:11:33+0000,mvd_fast
765706664105522,2.1634312,41.38561,2017-11-18T10:11:05+0000,2022-09-10T12:41:44+0000,mvd_fast
765722874103901,2.1638846,41.38516,2017-11-18T10:10:26+0000,2024-11-24T09:18:04+0000,mvd_fast
765723570770498,2.1635273,41.38549,2017-11-18T10:10:56+0000,2017-11-18T10:10:56+0000,mvd_fast
765732000769655,2.1631024,41.385693,2017-11-18T10:11:13+0000,2017-11-18T10:11:13+0000,mvd_fast
765732597436262,2.163942,41.385338,2017-11-18T10:10:18+0000,2026-04-25T06:29:22+0000,mvd_fast
765733574102831,2.1642473,41.385227,2017-11-18T10:09:55+0000,2017-11-18T10:09:55+0000,mvd_fast
765734180769437,2.1635091,41.385414,2017-11-18T10:10:48+0000,2017-11-18T10:10:48+0000,mvd_fast
765736090769246,2.1634595,41.385498,2017-11-18T10:10:50+0000,2022-09-10T12:41:57+0000,mvd_fast
765751430767712,2.16361,41.385406,2017-11-18T10:10:25+0000,2017-11-18T10:10:25+0000,mvd_fast
765752787434243,2.1641579,41.38598,2017-11-18T10:11:47+0000,2017-11-18T10:11:47+0000,mvd_fast
765756054100583,2.1640573,41.385994,2017-11-18T10:11:59+0000,2017-11-18T10:11:59+0000,mvd_fast
765763807433141,2.1645343,41.386417,2017-11-18T10:12:33+0000,2017-11-18T10:12:33+0000,mvd_fast
765768347432687,2.1635466,41.385635,2017-11-18T10:11:19+0000,2017-11-18T10:11:19+0000,mvd_fast
765768487432673,2.1642005,41.386024,2017-11-18T10:11:47+0000,2017-11-18T10:11:47+0000,mvd_fast
765769114099277,2.1637473,41.38529,2017-11-18T10:10:39+0000,2017-11-18T10:10:39+0000,mvd_fast
765776137431908,2.1635118,41.385246,2017-11-18T10:10:26+0000,2024-11-24T09:18:05+0000,mvd_fast
765781070764748,2.1639621,41.385918,2017-11-18T10:11:47+0000,2017-11-18T10:11:47+0000,mvd_fast
765788224097366,2.1644573,41.386375,2017-11-18T10:12:35+0000,2017-11-18T10:12:35+0000,mvd_fast
765790814097107,2.1641698,41.384796,2017-11-18T10:09:54+0000,2017-11-18T10:09:54+0000,mvd_fast
765791194097069,2.163351,41.385708,2017-11-18T10:10:25+0000,2022-09-10T12:41:48+0000,mvd_fast
765796294096559,2.1641562,41.385223,2017-11-18T10:09:55+0000,2017-11-18T10:09:55+0000,mvd_fast
765800707429451,2.1639228,41.385944,2017-11-18T10:11:39+0000,2017-11-18T10:11:39+0000,mvd_fast
765817457427776,2.1641433,41.386097,2017-11-18T10:11:45+0000,2017-11-18T10:11:45+0000,mvd_fast
765829744093214,2.1643984,41.386414,2017-11-18T10:12:27+0000,2022-09-10T12:42:37+0000,mvd_fast
765848294091359,2.1639411,41.385326,2017-11-18T10:10:18+0000,2026-04-25T06:29:21+0000,mvd_fast
765850750757780,2.164361,41.38627,2017-11-18T10:12:23+0000,2017-11-18T10:12:23+0000,mvd_fast
765852824090906,2.1634443,41.385548,2017-11-18T10:10:53+0000,2017-11-18T10:10:53+0000,mvd_fast
765853574090831,2.1638606,41.38599,2017-11-18T10:11:29+0000,2017-11-18T10:11:29+0000,mvd_fast
765863410756514,2.1636498,41.385227,2017-11-18T10:10:34+0000,2017-11-18T10:10:34+0000,mvd_fast
765868747422647,2.163795,41.385845,2017-11-18T10:11:31+0000,2017-11-18T10:11:31+0000,mvd_fast
765890824087106,2.1639996,41.386044,2017-11-18T10:11:47+0000,2023-04-18T15:25:33+0000,mvd_fast
765903867419135,2.1633916,41.385536,2017-11-18T10:10:53+0000,2017-11-18T10:11:05+0000,mvd_fast
765910964085092,2.16445,41.386444,2017-11-18T10:12:37+0000,2017-11-18T10:12:37+0000,mvd_fast
765920317417490,2.1643279,41.386345,2017-11-18T10:12:20+0000,2017-11-18T10:12:20+0000,mvd_fast
765931214083067,2.16377,41.38532,2017-11-18T10:10:25+0000,2017-11-18T10:10:25+0000,mvd_fast
765936737415848,2.1643114,41.38624,2017-11-18T10:12:07+0000,2017-11-18T10:12:07+0000,mvd_fast
765950404081148,2.1638584,41.385178,2017-11-18T10:10:30+0000,2017-11-18T10:10:30+0000,mvd_fast
765951197414402,2.1645114,41.3864,2017-11-18T10:12:11+0000,2017-11-18T10:12:11+0000,mvd_fast
259489523184922,2.1624882,41.38535,2023-04-18T15:22:25+0000,2023-04-18T15:22:25+0000,panoptic
259489533184921,2.1626117,41.384876,2023-04-18T15:22:17+0000,2023-04-18T15:25:04+0000,panoptic
259489543184920,2.1628933,41.385494,2023-04-18T15:22:37+0000,2023-04-18T15:22:37+0000,panoptic
259489546518253,2.1626868,41.385326,2023-04-18T15:22:30+0000,2025-04-05T12:49:39+0000,panoptic
259489549851586,2.1621237,41.3847,2023-04-18T15:22:11+0000,2023-04-18T15:24:33+0000,panoptic
259489553184919,2.1626742,41.385227,2023-04-18T15:22:37+0000,2023-04-18T15:22:37+0000,panoptic
259489559851585,2.162646,41.385117,2023-04-18T15:22:30+0000,2025-04-05T12:49:38+0000,panoptic
259489563184918,2.162253,41.385117,2023-04-18T15:22:21+0000,2025-04-05T12:49:35+0000,panoptic
259489566518251,2.1628778,41.3854,2023-04-18T15:22:38+0000,2023-04-18T15:22:38+0000,panoptic
259489569851584,2.1629028,41.385494,2023-04-18T15:22:36+0000,2023-04-18T15:22:36+0000,panoptic
259489573184917,2.1630855,41.38537,2023-04-18T15:22:39+0000,2023-04-18T15:25:16+0000,panoptic
259489583184916,2.1625078,41.3853,2023-04-18T15:22:30+0000,2025-04-05T12:49:39+0000,panoptic
259489616518246,2.163057,41.38535,2023-04-18T15:22:36+0000,2023-04-18T15:25:14+0000,panoptic
259489619851579,2.1629462,41.385452,2023-04-18T15:22:39+0000,2023-04-18T15:22:39+0000,panoptic
259489629851578,2.163007,41.385403,2023-04-18T15:22:38+0000,2023-04-18T15:22:38+0000,panoptic
259489636518244,2.162924,41.38543,2023-04-18T15:22:38+0000,2025-04-05T12:49:38+0000,panoptic
259489646518243,2.1629734,41.385456,2023-04-18T15:22:38+0000,2023-04-18T15:25:15+0000,panoptic
259489649851576,2.1636944,41.385605,2023-04-18T15:22:40+0000,2023-04-18T15:22:40+0000,panoptic
259489663184908,2.1630611,41.38536,2023-04-18T15:22:38+0000,2023-04-18T15:22:38+0000,trafficsign
259489666518241,2.1630032,41.385433,2023-04-18T15:22:38+0000,2023-04-18T15:25:13+0000,panoptic
259489673184907,2.1627254,41.385326,2023-04-18T15:22:25+0000,2023-04-18T15:22:25+0000,panoptic
259489679851573,2.1621933,41.384727,2023-04-18T15:22:07+0000,2025-04-05T12:49:32+0000,panoptic
259489683184906,2.1628783,41.385464,2023-04-18T15:22:26+0000,2025-04-05T12:49:38+0000,panoptic
259489686518239,2.162519,41.385204,2023-04-18T15:22:23+0000,2025-04-05T12:49:36+0000,panoptic
249594406955861,2.1636534,41.38555,2016-03-23T17:13:33+0000,2016-03-23T17:13:33+0000,trafficsign
249649350283700,2.1647503,41.38668,2016-03-23T17:13:46+0000,2016-03-23T17:13:46+0000,trafficsign
249887963593172,2.164681,41.386597,2016-03-23T17:13:45+0000,2016-03-23T17:13:45+0000,trafficsign
252730209975614,2.1630156,41.38542,2016-03-23T17:13:28+0000,2016-03-23T17:13:28+0000,trafficsign
253409896574312,2.163085,41.385376,2016-03-23T17:13:26+0000,2023-04-18T15:25:18+0000,trafficsign
261378445777457,2.16376,41.385654,2016-03-23T17:13:34+0000,2023-04-18T15:25:28+0000,mvd_fast
261397415775560,2.1652,41.38694,2016-03-23T17:13:50+0000,2016-03-23T17:13:50+0000,mvd_fast
261398279108807,2.1629174,41.3852,2016-03-23T17:13:22+0000,2016-03-23T17:13:22+0000,mvd_fast
261398335775468,2.1626298,41.385185,2016-03-23T17:13:22+0000,2016-03-23T17:13:22+0000,mvd_fast
261404125774889,2.1644995,41.38633,2016-03-23T17:13:42+0000,2016-03-23T17:13:42+0000,mvd_fast
261410282440940,2.1633215,41.385357,2016-03-23T17:13:28+0000,2016-03-23T17:13:28+0000,mvd_fast
261410335774268,2.1646414,41.3865,2016-03-23T17:13:44+0000,2022-09-10T12:42:40+0000,mvd_fast
261422939106341,2.1648138,41.386772,2016-03-23T17:13:48+0000,2016-03-23T17:13:48+0000,mvd_fast
261427452439223,2.1634195,41.385548,2016-03-23T17:13:32+0000,2023-04-18T15:25:23+0000,mvd_fast
261431279105507,2.1645033,41.386284,2016-03-23T17:13:45+0000,2016-03-23T17:13:45+0000,mvd_fast
261440039104631,2.162941,41.385185,2016-03-23T17:13:23+0000,2023-04-18T15:25:14+0000,mvd_fast
261449135770388,2.1648526,41.386665,2016-03-23T17:13:46+0000,2016-03-23T17:13:46+0000,mvd_fast
261452252436743,2.1647637,41.386703,2016-03-23T17:13:46+0000,2016-03-23T17:13:46+0000,mvd_fast
261454719103163,2.1651204,41.386242,2016-03-23T17:13:42+0000,2016-03-23T17:13:42+0000,mvd_fast
261464339102201,2.163894,41.38508,2016-03-23T17:13:34+0000,2016-03-23T17:13:34+0000,mvd_fast
261465732435395,2.163571,41.385628,2016-03-23T17:13:33+0000,2016-03-23T17:13:33+0000,mvd_fast
261476762434292,2.1650229,41.3863,2016-03-23T17:13:48+0000,2021-10-26T14:06:06+0000,mvd_fast
261479435767358,2.1646333,41.386353,2016-03-23T17:13:46+0000,2016-03-23T17:13:46+0000,mvd_fast
261481229100512,2.1644502,41.386253,2016-03-23T17:13:42+0000,2016-03-23T17:13:42+0000,mvd_fast
261489865766315,2.1650755,41.386948,2016-03-23T17:13:48+0000,2016-03-23T17:13:48+0000,mvd_fast
261500449098590,2.1629417,41.385216,2016-03-23T17:13:24+0000,2016-03-23T17:13:24+0000,mvd_fast
261506495764652,2.162889,41.38525,2016-03-23T17:13:22+0000,2023-04-18T15:25:16+0000,mvd_fast
261529339095701,2.1645951,41.386322,2016-03-23T17:13:43+0000,2022-09-10T12:42:37+0000,mvd_fast
261541822427786,2.162893,41.385372,2016-03-23T17:13:27+0000,2016-03-23T17:13:27+0000,mvd_fast
261544282427540,2.1645393,41.386307,2016-03-23T17:13:42+0000,2022-09-10T12:42:38+0000,mvd_fast
261549945760307,2.1635928,41.3856,2016-03-23T17:13:32+0000,2016-03-23T17:13:32+0000,mvd_fast
261559602426008,2.1646187,41.386547,2016-03-23T17:13:46+0000,2016-03-23T17:13:46+0000,mvd_fast
261566575758644,2.165201,41.386936,2016-03-23T17:13:51+0000,2022-09-10T12:42:49+0000,mvd_fast
261572289091406,2.1636245,41.385098,2016-03-23T17:13:36+0000,2016-03-23T17:13:36+0000,mvd_fast
261572579091377,2.1649,41.38672,2016-03-23T17:13:46+0000,2016-03-23T17:13:46+0000,mvd_fast
261574419091193,2.1634796,41.385468,2016-03-23T17:13:32+0000,2016-03-23T17:13:32+0000,mvd_fast
261594242422544,2.1646638,41.3864,2016-03-23T17:13:43+0000,2022-09-10T12:42:38+0000,mvd_fast
261602055755096,2.1631,41.385326,2016-03-23T17:13:26+0000,2016-03-23T17:13:26+0000,mvd_fast
261609942420974,2.1630552,41.38537,2016-03-23T17:13:26+0000,2016-03-23T17:13:26+0000,mvd_fast
261615075753794,2.1633368,41.385426,2016-03-23T17:13:30+0000,2016-03-23T17:13:30+0000,mvd_fast
261640922417876,2.1628957,41.3851,2016-03-23T17:13:27+0000,2016-03-23T17:13:27+0000,mvd_fast
261647852417183,2.1644316,41.386086,2016-03-23T17:13:41+0000,2016-03-23T17:13:41+0000,mvd_fast
261651569083478,2.164569,41.386242,2016-03-23T17:13:43+0000,2016-03-23T17:13:43+0000,mvd_fast
261656975749604,2.1631212,41.385338,2016-03-23T17:13:29+0000,2016-03-23T17:13:29+0000,mvd_fast
261660212415947,2.1650152,41.386997,2016-03-23T17:13:50+0000,2016-03-23T17:13:50+0000,mvd_fast
261662145749087,2.1636775,41.385544,2016-03-23T17:13:33+0000,2016-03-23T17:13:33+0000,mvd_fast
261663832415585,2.1647263,41.386448,2016-03-23T17:13:43+0000,2022-09-10T12:42:42+0000,mvd_fast
261683942413574,2.1635206,41.385265,2016-03-23T17:13:27+0000,2016-03-23T17:13:27+0000,mvd_fast
262437429004892,2.1650512,41.386333,2016-03-23T17:13:42+0000,2016-03-23T17:13:42+0000,mvd_fast
262490712332897,2.1630726,41.38527,2016-03-23T17:13:22+0000,2023-04-18T15:25:15+0000,mvd_fast
262492555666046,2.1627479,41.385048,2016-03-23T17:13:23+0000,2023-04-18T15:25:09+0000,mvd_fast
515919932935595,2.1710458,41.37829,2020-05-08T08:23:09+0000,2020-05-08T08:23:09+0000,trafficsign
515962039598051,2.171056,41.37828,2020-05-08T08:23:09+0000,2020-05-08T08:23:09+0000,trafficsign
516019666258955,2.1711874,41.37817,2020-05-08T08:22:30+0000,2020-05-08T08:22:30+0000,trafficsign
516166452910943,2.1710901,41.378162,2020-05-08T08:22:42+0000,2020-05-08T08:22:42+0000,trafficsign
517763102751278,2.1699786,41.3794,2020-05-08T08:24:04+0000,2020-05-08T08:24:04+0000,mvd_fast
517806622746926,2.1703265,41.379005,2020-05-08T08:23:51+0000,2020-05-08T08:23:51+0000,mvd_fast
517833199410935,2.1709938,41.37824,2020-05-08T08:22:46+0000,2020-05-08T08:22:46+0000,mvd_fast
517836676077254,2.1701586,41.37948,2020-05-08T08:24:01+0000,2020-05-08T08:24:01+0000,mvd_fast
517904459403809,2.171019,41.378216,2020-05-08T08:22:42+0000,2020-05-08T08:22:42+0000,mvd_fast
517940426066879,2.1703963,41.378914,2020-05-08T08:23:57+0000,2020-05-08T08:23:57+0000,mvd_fast
517967726064149,2.1704988,41.378654,2020-05-08T08:22:55+0000,2020-05-08T08:22:55+0000,mvd_fast
517969596063962,2.1704714,41.37888,2020-05-08T08:23:44+0000,2020-05-08T08:23:44+0000,mvd_fast
518035476057374,2.1704977,41.37889,2020-05-08T08:23:44+0000,2020-05-08T08:23:44+0000,mvd_fast
518789099315345,2.1712677,41.378128,2020-05-08T08:22:42+0000,2020-05-08T08:22:42+0000,mvd_fast
545210627534692,2.163056,41.385292,2023-04-18T15:25:18+0000,2023-04-18T15:25:18+0000,panoptic
545210630868025,2.163703,41.38575,2023-04-18T15:25:30+0000,2023-04-18T15:25:30+0000,panoptic
545210650868023,2.1630147,41.3853,2023-04-18T15:25:18+0000,2023-04-18T15:25:18+0000,panoptic
545210654201356,2.1652484,41.38604,2023-04-18T15:27:03+0000,2026-04-25T06:28:53+0000,panoptic
545210660868022,2.1626096,41.384914,2023-04-18T15:25:04+0000,2023-04-18T15:25:04+0000,panoptic
545210667534688,2.1648097,41.385826,2023-04-18T15:25:43+0000,2023-04-18T15:25:43+0000,panoptic
545210674201354,2.1622665,41.38472,2023-04-18T15:24:56+0000,2025-04-05T12:49:30+0000,panoptic
545210677534687,2.164776,41.385807,2023-04-18T15:25:46+0000,2023-04-18T15:25:46+0000,panoptic
545210694201352,2.162663,41.384956,2023-04-18T15:25:04+0000,2023-04-18T15:25:04+0000,panoptic
545210707534684,2.1622865,41.38451,2023-04-18T15:24:52+0000,2023-04-18T15:24:52+0000,panoptic
545210717534683,2.162712,41.385098,2023-04-18T15:25:11+0000,2023-04-18T15:25:11+0000,panoptic
545210727534682,2.162568,41.384995,2023-04-18T15:25:08+0000,2023-04-18T15:25:08+0000,panoptic
545210734201348,2.1652172,41.385845,2023-04-18T15:27:01+0000,2023-04-18T15:27:01+0000,panoptic
545210737534681,2.164144,41.386044,2023-04-18T15:25:34+0000,2023-04-18T15:25:34+0000,panoptic
545210757534679,2.1626663,41.384945,2023-04-18T15:25:09+0000,2023-04-18T15:25:09+0000,panoptic
545210790868009,2.1650634,41.38598,2023-04-18T15:27:01+0000,2023-04-18T15:27:01+0000,panoptic
545210797534675,2.1630116,41.3852,2023-04-18T15:25:10+0000,2023-04-18T15:25:10+0000,panoptic
545210810868007,2.1652286,41.38595,2023-04-18T15:27:03+0000,2023-04-18T15:27:03+0000,panoptic
545210820868006,2.1638522,41.38602,2023-04-18T15:25:29+0000,2023-04-18T15:25:29+0000,panoptic
545210827534672,2.164869,41.385998,2023-04-18T15:26:59+0000,2023-04-18T15:26:59+0000,panoptic
545210830868005,2.1637607,41.385956,2023-04-18T15:25:28+0000,2023-04-18T15:25:28+0000,panoptic
545210834201338,2.164349,41.386196,2023-04-18T15:25:33+0000,2023-04-18T15:25:33+0000,panoptic
545210837534671,2.1631641,41.385334,2023-04-18T15:25:15+0000,2023-04-18T15:25:15+0000,panoptic
545210840868004,2.1646361,41.38586,2023-04-18T15:25:43+0000,2023-04-18T15:25:43+0000,panoptic
545210844201337,2.1621015,41.384693,2023-04-18T15:24:50+0000,2023-04-18T15:24:50+0000,panoptic
545210847534670,2.1652188,41.38585,2023-04-18T15:27:04+0000,2023-04-18T15:27:04+0000,panoptic
545210850868003,2.164575,41.386055,2023-04-18T15:25:41+0000,2023-04-18T15:25:41+0000,panoptic
545210854201336,2.1628516,41.385296,2023-04-18T15:25:11+0000,2023-04-18T15:25:11+0000,panoptic
545210860868002,2.1623158,41.384693,2023-04-18T15:24:56+0000,2023-04-18T15:24:56+0000,panoptic
545210887534666,2.1646767,41.38583,2023-04-18T15:25:43+0000,2023-04-18T15:25:43+0000,panoptic
545210890867999,2.1653104,41.38584,2023-04-18T15:27:03+0000,2023-04-18T15:27:03+0000,panoptic
545210907534664,2.1645775,41.38606,2023-04-18T15:25:41+0000,2023-04-18T15:25:41+0000,panoptic
545210917534663,2.162514,41.385284,2023-04-18T15:25:06+0000,2023-04-18T15:25:06+0000,panoptic
545210920867996,2.1635592,41.38559,2023-04-18T15:25:18+0000,2023-04-18T15:25:18+0000,panoptic
545210924201329,2.1646957,41.38583,2023-04-18T15:25:43+0000,2023-04-18T15:25:43+0000,panoptic
545210927534662,2.1645775,41.38606,2023-04-18T15:25:41+0000,2023-04-18T15:25:41+0000,trafficsign
545210934201328,2.1636562,41.38565,2023-04-18T15:25:28+0000,2023-04-18T15:25:28+0000,panoptic
545210937534661,2.1642632,41.386276,2023-04-18T15:25:37+0000,2023-04-18T15:25:37+0000,panoptic
545210954201326,2.162141,41.384705,2023-04-18T15:24:46+0000,2023-04-18T15:24:46+0000,panoptic
545210957534659,2.1623592,41.38444,2023-04-18T15:24:56+0000,2023-04-18T15:24:56+0000,panoptic
545210967534658,2.1630611,41.38534,2023-04-18T15:25:17+0000,2023-04-18T15:25:17+0000,panoptic
545210980867990,2.1646771,41.38583,2023-04-18T15:25:43+0000,2023-04-18T15:25:43+0000,trafficsign
545211004201321,2.1648788,41.386,2023-04-18T15:26:59+0000,2023-04-18T15:26:59+0000,panoptic
545211024201319,2.1651323,41.385975,2023-04-18T15:25:41+0000,2023-04-18T15:25:41+0000,panoptic
545211047534650,2.1630566,41.385338,2023-04-18T15:25:15+0000,2023-04-18T15:25:15+0000,trafficsign
545211050867983,2.1626396,41.385048,2023-04-18T15:25:06+0000,2023-04-18T15:25:06+0000,panoptic
545211054201316,2.1621928,41.38454,2023-04-18T15:24:54+0000,2023-04-18T15:24:54+0000,panoptic
545211057534649,2.1648858,41.386,2023-04-18T15:25:43+0000,2023-04-18T15:25:43+0000,panoptic
545211074201314,2.1639569,41.386204,2023-04-18T15:25:31+0000,2023-04-18T15:25:31+0000,panoptic
545211077534647,2.1623232,41.38471,2023-04-18T15:24:51+0000,2023-04-18T15:24:51+0000,panoptic
545211084201313,2.1651745,41.38591,2023-04-18T15:27:03+0000,2026-04-25T06:28:53+0000,panoptic
545211087534646,2.1634085,41.38547,2023-04-18T15:25:23+0000,2023-04-18T15:25:23+0000,panoptic
545211090867979,2.1632097,41.385525,2023-04-18T15:25:19+0000,2023-04-18T15:25:19+0000,panoptic
545211107534644,2.1621945,41.384544,2023-04-18T15:24:54+0000,2023-04-18T15:24:54+0000,panoptic
545211127534642,2.1631155,41.3853,2023-04-18T15:25:13+0000,2023-04-18T15:25:13+0000,panoptic
545211130867975,2.1631088,41.38538,2023-04-18T15:25:17+0000,2023-04-18T15:25:17+0000,panoptic
545211134201308,2.1651676,41.385952,2023-04-18T15:25:41+0000,2023-04-18T15:25:41+0000,panoptic
545211137534641,2.1639788,41.385914,2023-04-18T15:25:33+0000,2023-04-18T15:25:33+0000,panoptic
545211144201307,2.1652184,41.385986,2023-04-18T15:26:59+0000,2026-04-25T06:28:44+0000,panoptic
545211150867973,2.1648653,41.385994,2023-04-18T15:25:41+0000,2023-04-18T15:25:41+0000,panoptic
545211164201305,2.1651585,41.38585,2023-04-18T15:27:04+0000,2023-04-18T15:27:04+0000,panoptic
545211177534637,2.1648648,41.385994,2023-04-18T15:25:41+0000,2023-04-18T15:25:41+0000,trafficsign
545211180867970,2.1621406,41.384705,2023-04-18T15:24:56+0000,2023-04-18T15:24:56+0000,trafficsign
545211187534636,2.1655908,41.38582,2023-04-18T15:27:03+0000,2023-04-18T15:27:11+0000,panoptic
545211190867969,2.1653106,41.38584,2023-04-18T15:27:03+0000,2023-04-18T15:27:03+0000,trafficsign
545211194201302,2.1651664,41.385952,2023-04-18T15:26:59+0000,2023-04-18T15:26:59+0000,trafficsign
545211200867968,2.163116,41.3853,2023-04-18T15:25:13+0000,2023-04-18T15:25:13+0000,trafficsign
545211204201301,2.1653001,41.385876,2023-04-18T15:25:43+0000,2023-04-18T15:25:43+0000,panoptic
545211210867967,2.1651816,41.385956,2023-04-18T15:27:04+0000,2023-04-18T15:27:04+0000,panoptic
545211214201300,2.1653159,41.38588,2023-04-18T15:25:43+0000,2023-04-18T15:25:43+0000,panoptic
810291036578315,2.1645935,41.38653,2017-11-18T10:13:14+0000,2017-11-18T10:13:14+0000,trafficsign
817344105873008,2.1646137,41.386494,2017-11-18T10:13:14+0000,2017-11-18T10:13:14+0000,mvd_fast
289591409527254,2.174586,41.385204,2017-03-31T10:54:58+0000,2017-03-31T10:54:58+0000,mvd_fast
289686492851079,2.174602,41.385204,2017-03-31T10:54:57+0000,2017-03-31T10:54:57+0000,mvd_fast
1465669720438456,2.1746614,41.385715,2020-05-02T07:30:57+0000,2020-05-02T07:30:57+0000,mvd_fast
291970085892395,2.1749575,41.384735,2017-03-31T10:55:09+0000,2017-03-31T10:55:09+0000,trafficsign
302722298150507,2.174814,41.385162,2017-03-31T10:55:02+0000,2017-03-31T10:55:02+0000,mvd_fast
302730008149736,2.1748729,41.385044,2017-03-31T10:55:07+0000,2017-03-31T10:55:07+0000,mvd_fast
302753258147411,2.1748993,41.384865,2017-03-31T10:55:16+0000,2017-03-31T10:55:16+0000,mvd_fast
302764094812994,2.1749403,41.384903,2017-03-31T10:55:15+0000,2017-03-31T10:55:15+0000,mvd_fast
302790258143711,2.1748881,41.385006,2017-03-31T10:55:07+0000,2017-03-31T10:55:07+0000,mvd_fast
302854674803936,2.1746984,41.384438,2017-03-31T10:55:52+0000,2017-03-31T10:55:52+0000,mvd_fast
302879291468141,2.1748898,41.38452,2017-03-31T10:55:52+0000,2017-03-31T10:55:52+0000,mvd_fast
302981961457874,2.174904,41.384884,2017-03-31T10:55:08+0000,2017-03-31T10:55:08+0000,mvd_fast
303021984787205,2.1749601,41.384834,2017-03-31T10:55:16+0000,2017-03-31T10:55:16+0000,mvd_fast
303040931451977,2.174834,41.385143,2017-03-31T10:55:01+0000,2017-03-31T10:55:01+0000,mvd_fast
918579963004901,2.1699712,41.385983,2024-02-05T08:35:13+0000,2024-02-05T08:35:13+0000,panoptic
918579966338234,2.1698868,41.38567,2024-02-05T08:35:42+0000,2024-02-05T08:35:42+0000,panoptic
918579969671567,2.16983,41.385914,2024-02-05T08:35:31+0000,2024-02-05T08:35:31+0000,panoptic
918579976338233,2.169981,41.386036,2024-02-05T08:35:28+0000,2024-02-05T08:35:28+0000,panoptic
918579979671566,2.1702325,41.38554,2024-02-05T08:35:11+0000,2024-02-05T08:36:19+0000,panoptic
918579986338232,2.169884,41.386765,2024-02-05T08:33:50+0000,2024-02-05T08:33:50+0000,panoptic
918579989671565,2.1699584,41.386784,2024-02-05T08:33:52+0000,2024-02-05T08:33:52+0000,panoptic
918579993004898,2.1702814,41.38681,2024-02-05T08:33:50+0000,2024-02-05T08:33:50+0000,panoptic
918579999671564,2.1700711,41.38597,2024-02-05T08:34:49+0000,2024-02-05T08:34:49+0000,panoptic
918580003004897,2.1698349,41.385616,2024-02-05T08:35:54+0000,2024-02-05T08:35:54+0000,panoptic
918580006338230,2.1697426,41.385735,2024-02-05T08:35:47+0000,2024-02-05T08:35:47+0000,panoptic
918580009671563,2.1699734,41.385868,2024-02-05T08:35:18+0000,2024-02-05T08:35:18+0000,panoptic
918580016338229,2.1699295,41.385597,2024-02-05T08:35:30+0000,2024-02-05T08:35:30+0000,panoptic
918580019671562,2.1699994,41.38669,2024-02-05T08:34:36+0000,2024-02-05T08:34:36+0000,panoptic
918580023004895,2.169875,41.386353,2024-02-05T08:35:03+0000,2024-02-05T08:35:03+0000,panoptic
918580026338228,2.170348,41.385822,2024-02-05T08:35:12+0000,2024-02-05T08:35:12+0000,panoptic
918580029671561,2.169939,41.38563,2024-02-05T08:35:33+0000,2024-02-05T08:36:19+0000,panoptic
918580033004894,2.1694658,41.385567,2024-02-05T08:35:34+0000,2024-02-05T08:35:34+0000,panoptic
918580036338227,2.1699886,41.38548,2024-02-05T08:35:33+0000,2024-02-05T08:36:52+0000,panoptic
918580046338226,2.1699016,41.385956,2024-02-05T08:35:31+0000,2024-02-05T08:35:31+0000,panoptic
918580049671559,2.1700249,41.38603,2024-02-05T08:35:12+0000,2024-02-05T08:35:12+0000,panoptic
918580053004892,2.1696587,41.38568,2024-02-05T08:35:36+0000,2024-02-05T08:35:36+0000,panoptic
918580069671557,2.1700323,41.38601,2024-02-05T08:34:57+0000,2024-02-05T08:34:57+0000,panoptic
918580079671556,2.1699257,41.386166,2024-02-05T08:34:55+0000,2024-02-05T08:34:55+0000,panoptic
918580083004889,2.1697817,41.386105,2024-02-05T08:34:32+0000,2024-02-05T08:34:32+0000,panoptic
918580086338222,2.1696389,41.38604,2024-02-05T08:34:49+0000,2024-02-05T08:34:49+0000,panoptic
918580103004887,2.1697333,41.386166,2024-02-05T08:34:56+0000,2024-02-05T08:34:56+0000,panoptic
918580106338220,2.1695151,41.386135,2024-02-05T08:34:41+0000,2024-02-05T08:34:41+0000,panoptic
918580109671553,2.1698513,41.385742,2024-02-05T08:35:18+0000,2024-02-05T08:35:18+0000,panoptic
918580116338219,2.169669,41.385544,2024-02-05T08:35:34+0000,2024-02-05T08:35:34+0000,panoptic
918580119671552,2.1697268,41.386166,2024-02-05T08:34:48+0000,2024-02-05T08:34:48+0000,panoptic
918580123004885,2.1697133,41.386147,2024-02-05T08:34:36+0000,2024-02-05T08:34:36+0000,panoptic
918580126338218,2.1698108,41.38629,2024-02-05T08:34:55+0000,2024-02-05T08:34:55+0000,panoptic
918580129671551,2.1698115,41.38629,2024-02-05T08:34:41+0000,2024-02-05T08:34:41+0000,panoptic
918580136338217,2.1699686,41.386112,2024-02-05T08:35:16+0000,2024-02-05T08:35:16+0000,panoptic
918580139671550,2.1699743,41.386097,2024-02-05T08:34:51+0000,2024-02-05T08:34:51+0000,panoptic
918580146338216,2.1696713,41.385693,2024-02-05T08:35:42+0000,2024-02-05T08:35:42+0000,panoptic
918580149671549,2.169835,41.385498,2024-02-05T08:35:43+0000,2024-02-05T08:35:43+0000,panoptic
918580153004882,2.1698072,41.38628,2024-02-05T08:34:51+0000,2024-02-05T08:34:51+0000,panoptic
918580156338215,2.1702058,41.385563,2024-02-05T08:35:31+0000,2024-02-05T08:35:31+0000,panoptic
918580159671548,2.170081,41.385498,2024-02-05T08:35:24+0000,2024-02-05T08:36:19+0000,panoptic
918580163004881,2.1696675,41.38569,2024-02-05T08:35:47+0000,2024-02-05T08:35:47+0000,panoptic
918580166338214,2.1698554,41.385746,2024-02-05T08:35:18+0000,2024-02-05T08:35:18+0000,panoptic
918580169671547,2.1698472,41.385723,2024-02-05T08:35:26+0000,2024-02-05T08:35:26+0000,panoptic
918580173004880,2.1699655,41.386112,2024-02-05T08:35:20+0000,2024-02-05T08:35:20+0000,panoptic
918580176338213,2.169967,41.38611,2024-02-05T08:35:08+0000,2024-02-05T08:35:08+0000,panoptic
918580179671546,2.1698487,41.3857,2024-02-05T08:35:39+0000,2024-02-05T08:35:39+0000,panoptic
918580183004879,2.1700318,41.386013,2024-02-05T08:34:45+0000,2024-02-05T08:34:45+0000,panoptic
918580186338212,2.1699436,41.385628,2024-02-05T08:35:56+0000,2024-02-05T08:36:19+0000,panoptic
918580189671545,2.1698983,41.38596,2024-02-05T08:35:31+0000,2024-02-05T08:35:31+0000,panoptic
918580193004878,2.169657,41.385525,2024-02-05T08:35:33+0000,2024-02-05T08:35:33+0000,panoptic
918580196338211,2.1698062,41.386612,2024-02-05T08:34:17+0000,2024-02-05T08:34:17+0000,panoptic
918580199671544,2.1694996,41.38612,2024-02-05T08:34:41+0000,2024-02-05T08:34:41+0000,panoptic
918580203004877,2.1698718,41.38624,2024-02-05T08:34:52+0000,2024-02-05T08:34:52+0000,panoptic
918580206338210,2.1697104,41.385735,2024-02-05T08:35:43+0000,2024-02-05T08:35:43+0000,panoptic
918580209671543,2.1698709,41.385227,2024-02-05T08:35:51+0000,2024-02-05T08:35:51+0000,panoptic
918580213004876,2.1697145,41.38574,2024-02-05T08:35:31+0000,2024-02-05T08:35:31+0000,panoptic
918580216338209,2.1700714,41.38533,2024-02-05T08:35:31+0000,2024-02-05T08:35:31+0000,panoptic
918580219671542,2.1702917,41.385418,2024-02-05T08:35:20+0000,2024-02-05T08:35:20+0000,panoptic
918580223004875,2.169983,41.38563,2024-02-05T08:35:50+0000,2024-02-05T08:35:50+0000,panoptic
918580226338208,2.16965,41.385715,2024-02-05T08:35:34+0000,2024-02-05T08:35:34+0000,panoptic
918580229671541,2.1702418,41.38553,2024-02-05T08:35:21+0000,2024-02-05T08:35:21+0000,panoptic
918580233004874,2.1697702,41.38579,2024-02-05T08:35:12+0000,2024-02-05T08:35:12+0000,panoptic
918580239671540,2.169757,41.385822,2024-02-05T08:35:33+0000,2024-02-05T08:35:33+0000,panoptic
918580243004873,2.1698496,41.385513,2024-02-05T08:35:31+0000,2024-02-05T08:35:31+0000,panoptic
918580246338206,2.1697593,41.385815,2024-02-05T08:35:36+0000,2024-02-05T08:35:36+0000,panoptic
918580249671539,2.1698709,41.386227,2024-02-05T08:34:05+0000,2024-02-05T08:34:05+0000,panoptic
918580253004872,2.1701906,41.385635,2024-02-05T08:35:06+0000,2024-02-05T08:35:06+0000,panoptic
918580256338205,2.170251,41.385773,2024-02-05T08:35:08+0000,2024-02-05T08:35:08+0000,panoptic
918580259671538,2.169869,41.386227,2024-02-05T08:35:11+0000,2024-02-05T08:35:11+0000,panoptic
918580263004871,2.169836,41.386246,2024-02-05T08:34:32+0000,2024-02-05T08:34:32+0000,panoptic
918580266338204,2.169714,41.386562,2024-02-05T08:34:05+0000,2024-02-05T08:34:05+0000,panoptic
918580269671537,2.1698172,41.386456,2024-02-05T08:34:27+0000,2024-02-05T08:34:27+0000,panoptic
918580273004870,2.1697247,41.386166,2024-02-05T08:34:41+0000,2024-02-05T08:34:41+0000,panoptic
918580276338203,2.1699898,41.38566,2024-02-05T08:35:26+0000,2024-02-05T08:35:26+0000,panoptic
918580279671536,2.1697514,41.38634,2024-02-05T08:34:37+0000,2024-02-05T08:34:37+0000,panoptic
918580283004869,2.1696477,41.386127,2024-02-05T08:34:33+0000,2024-02-05T08:34:33+0000,panoptic
918580293004868,2.1696799,41.386223,2024-02-05T08:34:48+0000,2024-02-05T08:34:48+0000,panoptic
918580296338201,2.1694708,41.386677,2024-02-05T08:34:02+0000,2024-02-05T08:34:02+0000,panoptic
918580299671534,2.169824,41.386703,2024-02-05T08:34:08+0000,2024-02-05T08:34:08+0000,panoptic
918580306338200,2.1699255,41.38662,2024-02-05T08:34:02+0000,2024-02-05T08:34:02+0000,panoptic
918580309671533,2.170536,41.38543,2024-02-05T08:35:31+0000,2024-02-05T08:35:31+0000,panoptic
918580313004866,2.1694522,41.385506,2024-02-05T08:35:46+0000,2024-02-05T08:35:46+0000,panoptic
918580323004865,2.1700125,41.385635,2024-02-05T08:34:56+0000,2024-02-05T08:36:19+0000,panoptic
918580329671531,2.1700068,41.385647,2024-02-05T08:35:11+0000,2024-02-05T08:35:11+0000,panoptic
918580336338197,2.1696732,41.385685,2024-02-05T08:35:35+0000,2024-02-05T08:35:35+0000,panoptic
918580343004863,2.1703992,41.385715,2024-02-05T08:35:08+0000,2024-02-05T08:35:08+0000,panoptic
918580346338196,2.1704729,41.385777,2024-02-05T08:35:12+0000,2024-02-05T08:35:12+0000,panoptic
918580363004861,2.1700988,41.38567,2024-02-05T08:34:59+0000,2024-02-05T08:34:59+0000,panoptic
918580366338194,2.1698163,41.385685,2024-02-05T08:35:42+0000,2024-02-05T08:35:42+0000,panoptic
918580369671527,2.169984,41.386734,2024-02-05T08:34:22+0000,2024-02-05T08:34:22+0000,panoptic
918580373004860,2.1699839,41.38674,2024-02-05T08:33:50+0000,2024-02-05T08:33:50+0000,panoptic
918580376338193,2.1699634,41.3862,2024-02-05T08:35:08+0000,2024-02-05T08:35:08+0000,panoptic
918580379671526,2.1699533,41.3862,2024-02-05T08:35:12+0000,2024-02-05T08:35:12+0000,panoptic
918580383004859,2.1698794,41.386326,2024-02-05T08:34:40+0000,2024-02-05T08:34:40+0000,panoptic
918580386338192,2.169883,41.386322,2024-02-05T08:34:40+0000,2024-02-05T08:34:40+0000,panoptic
918580399671524,2.1695864,41.385635,2024-02-05T08:35:51+0000,2024-02-05T08:35:51+0000,trafficsign
918580403004857,2.1698098,41.386288,2024-02-05T08:34:49+0000,2024-02-05T08:34:49+0000,trafficsign
959948880161509,2.1639576,41.384136,2026-04-25T06:29:40+0000,2026-04-25T06:29:40+0000,panoptic
959948893494841,2.1638904,41.3838,2026-04-25T06:29:39+0000,2026-04-25T06:29:39+0000,panoptic
959948903494840,2.1638687,41.384144,2026-04-25T06:29:40+0000,2026-04-25T06:29:40+0000,panoptic
151777910295352,2.174928,41.385704,2020-05-02T07:30:43+0000,2020-05-02T07:30:43+0000,trafficsign
287363049706259,2.172429,41.377327,2018-11-24T17:02:50+0000,2018-11-24T17:02:50+0000,trafficsign
288243306284900,2.1726599,41.377422,2018-11-24T17:02:15+0000,2018-11-24T17:02:15+0000,trafficsign
288374216271809,2.1724088,41.377323,2018-11-24T17:02:48+0000,2018-11-24T17:02:48+0000,trafficsign
289526869489877,2.172528,41.377354,2018-11-24T17:02:24+0000,2018-11-24T17:02:30+0000,trafficsign
292904549152109,2.1724522,41.377342,2018-11-24T17:02:34+0000,2018-11-24T17:02:34+0000,mvd_fast
292924549150109,2.1725626,41.377407,2018-11-24T17:02:58+0000,2018-11-24T17:02:58+0000,mvd_fast
292931852482712,2.1724515,41.377327,2018-11-24T17:02:33+0000,2018-11-24T17:02:33+0000,mvd_fast
292962232479674,2.1724386,41.377296,2018-11-24T17:03:29+0000,2018-11-24T17:03:29+0000,mvd_fast
292972679145296,2.172671,41.37761,2018-11-24T17:03:06+0000,2018-11-24T17:03:06+0000,mvd_fast
292977022478195,2.172389,41.37735,2018-11-24T17:03:12+0000,2018-11-24T17:03:12+0000,mvd_fast
292979429144621,2.172463,41.37734,2018-11-24T17:02:36+0000,2018-11-24T17:02:36+0000,mvd_fast
292990239143540,2.1725652,41.377377,2018-11-24T17:02:56+0000,2018-11-24T17:02:56+0000,mvd_fast
293018535807377,2.172452,41.377342,2018-11-24T17:02:48+0000,2018-11-24T17:02:48+0000,mvd_fast
293059042469993,2.1725218,41.377388,2018-11-24T17:02:53+0000,2018-11-24T17:02:53+0000,mvd_fast
293083282467569,2.1724133,41.377304,2018-11-24T17:03:08+0000,2018-11-24T17:03:08+0000,mvd_fast
293088145800416,2.1724741,41.377335,2018-11-24T17:02:38+0000,2018-11-24T17:02:38+0000,mvd_fast
293089842466913,2.1725075,41.377323,2018-11-24T17:02:33+0000,2018-11-24T17:02:33+0000,mvd_fast
293103705798860,2.1725316,41.37733,2018-11-24T17:02:50+0000,2018-11-24T17:02:50+0000,mvd_fast
293159522459945,2.1724906,41.377304,2018-11-24T17:02:58+0000,2018-11-24T17:02:58+0000,mvd_fast
293189309123633,2.172454,41.37731,2018-11-24T17:03:22+0000,2018-11-24T17:03:22+0000,mvd_fast
293199432455954,2.172513,41.37737,2018-11-24T17:02:54+0000,2018-11-24T17:02:54+0000,mvd_fast
293201655789065,2.1724117,41.37729,2018-11-24T17:03:22+0000,2018-11-24T17:03:22+0000,mvd_fast
293955445713686,2.1725676,41.377407,2018-11-24T17:02:44+0000,2018-11-24T17:02:44+0000,mvd_fast
293964899046074,2.1724362,41.37729,2018-11-24T17:03:28+0000,2018-11-24T17:03:28+0000,mvd_fast
172129564805980,2.1623118,41.384697,2016-03-23T17:13:13+0000,2016-03-23T17:13:13+0000,trafficsign
172224411463162,2.1621077,41.384415,2016-03-23T17:13:12+0000,2016-03-23T17:13:12+0000,trafficsign
172289041456699,2.1619904,41.384483,2016-03-23T17:13:12+0000,2023-04-18T15:24:54+0000,trafficsign
174740544544882,2.162247,41.384533,2016-03-23T17:13:12+0000,2023-04-18T15:24:54+0000,trafficsign
181469940538609,2.1623034,41.384518,2016-03-23T17:13:10+0000,2016-03-23T17:13:10+0000,mvd_fast
181492680536335,2.1621017,41.38438,2016-03-23T17:13:10+0000,2016-03-23T17:13:10+0000,mvd_fast
181499147202355,2.162833,41.385086,2016-03-23T17:13:21+0000,2016-03-23T17:13:21+0000,mvd_fast
181504993868437,2.1623452,41.38469,2016-03-23T17:13:10+0000,2023-04-18T15:24:46+0000,mvd_fast
181506747201595,2.1624432,41.3848,2016-03-23T17:13:13+0000,2023-04-18T15:25:02+0000,mvd_fast
181508923868044,2.1620831,41.384277,2016-03-23T17:13:10+0000,2016-03-23T17:13:10+0000,mvd_fast
181511303867806,2.1621768,41.38463,2016-03-23T17:13:12+0000,2023-04-18T15:24:46+0000,mvd_fast
181524603866476,2.162151,41.384617,2016-03-23T17:13:11+0000,2016-03-23T17:13:11+0000,mvd_fast
181524690533134,2.1623394,41.384556,2016-03-23T17:13:10+0000,2023-04-18T15:24:50+0000,mvd_fast
181551667197103,2.1620483,41.38446,2016-03-23T17:13:10+0000,2016-03-23T17:13:10+0000,mvd_fast
181560153862921,2.1627324,41.385044,2016-03-23T17:13:21+0000,2023-04-18T15:25:04+0000,mvd_fast
181580153860921,2.1627324,41.385082,2016-03-23T17:13:21+0000,2016-03-23T17:13:21+0000,mvd_fast
181583800527223,2.1622016,41.384586,2016-03-23T17:13:10+0000,2023-04-18T15:24:50+0000,mvd_fast
181638230521780,2.162776,41.38511,2016-03-23T17:13:21+0000,2016-03-23T17:13:21+0000,mvd_fast
181645837187686,2.1623256,41.38481,2016-03-23T17:13:15+0000,2016-03-23T17:13:15+0000,mvd_fast
181646240520979,2.1627247,41.385174,2016-03-23T17:13:21+0000,2016-03-23T17:13:21+0000,mvd_fast
181651757187094,2.1620429,41.384228,2016-03-23T17:13:10+0000,2016-03-23T17:13:10+0000,mvd_fast
181653963853540,2.1628323,41.385147,2016-03-23T17:13:21+0000,2016-03-23T17:13:21+0000,mvd_fast
181661300519473,2.162789,41.38513,2016-03-23T17:13:21+0000,2016-03-23T17:13:21+0000,mvd_fast
181666753852261,2.16231,41.38469,2016-03-23T17:13:13+0000,2016-03-23T17:13:13+0000,mvd_fast
181675557184714,2.162529,41.384956,2016-03-23T17:13:21+0000,2023-04-18T15:25:04+0000,mvd_fast
181720253846911,2.1622512,41.384563,2016-03-23T17:13:10+0000,2016-03-23T17:13:10+0000,mvd_fast
181721073846829,2.1621444,41.384323,2016-03-23T17:13:10+0000,2016-03-23T17:13:10+0000,mvd_fast
181777733841163,2.1622043,41.38459,2016-03-23T17:13:10+0000,2023-04-18T15:24:51+0000,mvd_fast
181811193837817,2.162643,41.38518,2016-03-23T17:13:21+0000,2016-03-23T17:13:21+0000,mvd_fast
517487159427264,2.1634667,41.384823,2017-11-20T15:03:17+0000,2017-11-20T15:03:17+0000,trafficsign
517516152757698,2.1631112,41.384975,2017-11-20T15:03:21+0000,2017-11-20T15:03:21+0000,trafficsign
526634721845841,2.1634483,41.38485,2017-11-20T15:03:18+0000,2017-11-20T15:03:18+0000,mvd_fast
526698841839429,2.1633997,41.384933,2017-11-20T15:03:19+0000,2017-11-20T15:03:19+0000,mvd_fast
467093007695402,2.164324,41.386173,2015-11-08T09:43:56+0000,2023-04-18T15:25:37+0000,mvd_fast
467134591024577,2.1637378,41.386,2015-11-08T09:43:56+0000,2015-11-08T09:43:56+0000,mvd_fast
467167427687960,2.1637664,41.386494,2015-11-08T09:43:56+0000,2015-11-08T09:43:56+0000,mvd_fast
467199814351388,2.1642528,41.386726,2015-11-08T09:43:58+0000,2015-11-08T09:43:58+0000,mvd_fast
167067818704633,2.1637156,41.386147,2017-11-18T10:02:58+0000,2017-11-18T10:02:58+0000,mvd_fast
948713852547570,2.1705842,41.38691,2016-11-17T10:06:51+0000,2016-11-17T10:06:51+0000,mvd_fast
948727139212908,2.170374,41.3869,2016-11-17T10:06:41+0000,2016-11-17T10:06:41+0000,mvd_fast
948748909210731,2.170675,41.386497,2016-11-17T10:07:17+0000,2016-11-17T10:07:17+0000,mvd_fast
948752745877014,2.1703975,41.386917,2016-11-17T10:06:53+0000,2016-11-17T10:06:53+0000,mvd_fast
948781599207462,2.170762,41.3868,2016-11-17T10:06:45+0000,2016-11-17T10:06:45+0000,mvd_fast
948820465870242,2.1702266,41.386715,2016-11-17T10:06:23+0000,2024-02-05T08:33:52+0000,mvd_fast
948835465868742,2.169658,41.386883,2016-11-17T10:05:57+0000,2016-11-17T10:05:57+0000,mvd_fast
948892035863085,2.1720932,41.38643,2016-11-17T10:08:25+0000,2016-11-17T10:08:25+0000,mvd_fast
948903482528607,2.169685,41.386852,2016-11-17T10:06:07+0000,2024-02-05T08:33:50+0000,mvd_fast
223766849175895,2.1747782,41.38439,2019-05-30T18:01:05+0000,2019-05-30T18:01:05+0000,trafficsign
225359512349962,2.1740015,41.384663,2019-05-30T18:01:26+0000,2019-05-30T18:01:26+0000,mvd_fast
180079490568332,2.1679592,41.384907,2020-05-08T08:42:06+0000,2020-05-08T08:42:06+0000,trafficsign
180184437224504,2.1666193,41.384995,2020-05-08T08:40:56+0000,2020-05-08T08:40:56+0000,trafficsign
180261527216795,2.1666133,41.384995,2020-05-08T08:40:56+0000,2020-05-08T08:40:56+0000,trafficsign
181060500470231,2.1665325,41.38499,2020-05-08T08:40:49+0000,2020-05-08T08:40:49+0000,trafficsign
181725050403776,2.1677716,41.384857,2020-05-08T08:41:14+0000,2020-05-08T08:41:14+0000,mvd_fast
305974887725291,2.1719413,41.37681,2021-10-26T14:14:18+0000,2021-10-26T14:14:18+0000,panoptic
305974891058624,2.1719446,41.37681,2021-10-26T14:14:18+0000,2021-10-26T14:14:18+0000,panoptic
305974894391957,2.1721146,41.37682,2021-10-26T14:14:18+0000,2021-10-26T14:14:18+0000,panoptic
305974897725290,2.1719446,41.37681,2021-10-26T14:14:18+0000,2021-10-26T14:14:18+0000,trafficsign
766177674072841,2.1735408,41.382477,2017-11-18T16:13:16+0000,2017-11-18T16:13:16+0000,mvd_fast
766274340729841,2.17355,41.382507,2017-11-18T16:13:11+0000,2017-11-18T16:13:11+0000,mvd_fast
766308340726441,2.173476,41.382523,2017-11-18T16:13:19+0000,2017-11-18T16:13:19+0000,mvd_fast
766411380716137,2.1728966,41.382515,2017-11-18T16:13:24+0000,2017-11-18T16:13:24+0000,mvd_fast
767046047319337,2.1734567,41.382504,2017-11-18T16:13:13+0000,2017-11-18T16:13:13+0000,mvd_fast
543881295129560,2.1635795,41.384018,2024-11-24T09:19:06+0000,2024-11-24T09:19:06+0000,panoptic
543881298462893,2.1634839,41.384132,2024-11-24T09:19:06+0000,2024-11-24T09:19:06+0000,panoptic
543881301796226,2.163772,41.38406,2024-11-24T09:19:05+0000,2024-11-24T09:19:05+0000,panoptic
543881305129559,2.1635048,41.38416,2024-11-24T09:19:07+0000,2024-11-24T09:19:07+0000,panoptic
543881308462892,2.1635046,41.38417,2024-11-24T09:19:07+0000,2024-11-24T09:19:07+0000,panoptic
543881311796225,2.1636841,41.38409,2024-11-24T09:19:05+0000,2024-11-24T09:19:05+0000,panoptic
543881315129558,2.1634138,41.38411,2024-11-24T09:19:06+0000,2024-11-24T09:19:06+0000,panoptic
543881318462891,2.1634376,41.384033,2024-11-24T09:19:07+0000,2024-11-24T09:19:07+0000,panoptic
543881321796224,2.1637206,41.384037,2024-11-24T09:19:05+0000,2024-11-24T09:19:05+0000,panoptic
543881325129557,2.1637275,41.384087,2024-11-24T09:19:05+0000,2024-11-24T09:19:05+0000,panoptic
543881331796223,2.1633947,41.38398,2024-11-24T09:19:05+0000,2024-11-24T09:19:05+0000,panoptic
543881335129556,2.16344,41.384033,2024-11-24T09:19:07+0000,2024-11-24T09:19:07+0000,panoptic
543881338462889,2.1637452,41.384033,2024-11-24T09:19:05+0000,2024-11-24T09:19:05+0000,panoptic
543881341796222,2.1632004,41.38407,2024-11-24T09:19:06+0000,2024-11-24T09:19:06+0000,panoptic
543881345129555,2.1634123,41.38411,2024-11-24T09:19:06+0000,2024-11-24T09:19:06+0000,panoptic
543881348462888,2.163643,41.384068,2024-11-24T09:19:06+0000,2024-11-24T09:19:06+0000,panoptic
543881351796221,2.1634002,41.384106,2024-11-24T09:19:06+0000,2024-11-24T09:19:06+0000,trafficsign
4389412354436790,2.1633124,41.38414,2015-10-22T13:35:27+0000,2015-10-22T13:35:27+0000,mvd_fast
4389498814428144,2.163916,41.38468,2015-10-22T13:35:10+0000,2015-10-22T13:35:10+0000,mvd_fast
4389641231080569,2.1636374,41.384373,2015-10-22T13:35:06+0000,2015-10-22T13:35:06+0000,mvd_fast
4390012067710152,2.1638775,41.384293,2015-10-22T13:35:27+0000,2015-10-22T13:35:27+0000,mvd_fast
4390187837692575,2.163726,41.38423,2015-10-22T13:35:16+0000,2015-10-22T13:35:16+0000,mvd_fast
4390361751008517,2.1639302,41.384624,2015-10-22T13:35:12+0000,2015-10-22T13:35:12+0000,mvd_fast
4390466674331358,2.1638997,41.384716,2015-10-22T13:35:08+0000,2024-11-24T09:18:05+0000,mvd_fast
583452019212168,2.163193,41.383823,2015-10-22T13:36:11+0000,2015-10-22T13:36:11+0000,trafficsign
589078965316140,2.1633925,41.384144,2015-10-22T13:35:48+0000,2015-10-22T13:35:48+0000,mvd_fast
589118621978841,2.1632721,41.38383,2015-10-22T13:36:11+0000,2015-10-22T13:36:11+0000,mvd_fast
589121708645199,2.1632185,41.383858,2015-10-22T13:36:26+0000,2015-10-22T13:36:26+0000,mvd_fast
589148075309229,2.1635911,41.38423,2015-10-22T13:35:48+0000,2015-10-22T13:35:48+0000,mvd_fast
589163335307703,2.1632757,41.383827,2015-10-22T13:36:11+0000,2015-10-22T13:36:11+0000,mvd_fast
589190081971695,2.1633785,41.38404,2015-10-22T13:36:05+0000,2015-10-22T13:36:05+0000,mvd_fast
589199245304112,2.1633136,41.38398,2015-10-22T13:36:17+0000,2015-10-22T13:36:17+0000,mvd_fast
589199975304039,2.163258,41.38399,2015-10-22T13:36:09+0000,2015-10-22T13:36:09+0000,mvd_fast
589200028637367,2.163252,41.383945,2015-10-22T13:36:21+0000,2015-10-22T13:36:21+0000,mvd_fast
589208648636505,2.1632717,41.384014,2015-10-22T13:36:15+0000,2015-10-22T13:36:15+0000,mvd_fast
589262041964499,2.162976,41.38361,2015-10-22T13:36:24+0000,2015-10-22T13:37:25+0000,mvd_fast
4274320725919927,2.1712298,41.38212,2017-05-29T13:11:28+0000,2017-05-29T13:11:28+0000,mvd_fast
523583048816571,2.162059,41.384415,2016-03-23T17:12:19+0000,2016-03-23T17:12:19+0000,mvd_fast
150746207031117,2.1729274,41.381416,2017-05-29T12:41:09+0000,2017-05-29T12:41:09+0000,mvd_fast
150826183689786,2.1732256,41.381344,2017-05-29T12:41:14+0000,2017-05-29T12:41:14+0000,mvd_fast
801112941075937,2.164351,41.386707,2022-09-10T12:40:53+0000,2022-09-10T12:40:53+0000,panoptic
801112954409269,2.1646821,41.386955,2022-09-10T12:40:49+0000,2022-09-10T12:40:49+0000,panoptic
801112981075933,2.165211,41.38681,2022-09-10T12:40:20+0000,2022-09-10T12:42:42+0000,panoptic
801113031075928,2.1647615,41.386906,2022-09-10T12:40:53+0000,2022-09-10T12:40:53+0000,panoptic
801113047742593,2.164692,41.38695,2022-09-10T12:40:50+0000,2022-09-10T12:40:50+0000,panoptic
801113071075924,2.1644933,41.386703,2022-09-10T12:40:59+0000,2022-09-10T12:40:59+0000,panoptic
801113091075922,2.1645997,41.386906,2022-09-10T12:40:51+0000,2025-04-05T12:50:08+0000,panoptic
801113094409255,2.1645653,41.386787,2022-09-10T12:40:58+0000,2022-09-10T12:40:58+0000,panoptic
801113101075921,2.165166,41.386894,2022-09-10T12:40:46+0000,2022-09-10T12:40:46+0000,panoptic
801113127742585,2.1647618,41.386585,2022-09-10T12:40:55+0000,2022-09-10T12:42:42+0000,panoptic
801113131075918,2.164076,41.386494,2022-09-10T12:40:57+0000,2022-09-10T12:41:04+0000,panoptic
801113201075911,2.1642065,41.386604,2022-09-10T12:41:01+0000,2022-09-10T12:41:04+0000,panoptic
801113224409242,2.1652014,41.386925,2022-09-10T12:40:21+0000,2022-09-10T12:42:53+0000,panoptic
801113271075904,2.1648586,41.386658,2022-09-10T12:40:53+0000,2022-09-10T12:42:46+0000,panoptic
801113314409233,2.1645544,41.386433,2022-09-10T12:40:54+0000,2022-09-10T12:42:40+0000,panoptic
801113324409232,2.1644187,41.38677,2022-09-10T12:40:58+0000,2025-04-05T12:50:07+0000,panoptic
801113357742562,2.1641378,41.386543,2022-09-10T12:41:00+0000,2022-09-10T12:41:04+0000,panoptic
801113367742561,2.1646614,41.386597,2022-09-10T12:40:54+0000,2022-09-10T12:42:37+0000,panoptic
801113407742557,2.1644151,41.386375,2022-09-10T12:41:00+0000,2022-09-10T12:42:36+0000,panoptic
801113411075890,2.1642513,41.386536,2022-09-10T12:40:53+0000,2022-09-10T12:40:53+0000,panoptic
176336317613646,2.1680536,41.38483,2017-11-20T09:19:17+0000,2017-11-20T09:19:17+0000,trafficsign
176348174279127,2.1680384,41.384834,2017-11-20T09:19:06+0000,2017-11-20T09:19:06+0000,trafficsign
176412157606062,2.167719,41.385555,2017-11-20T09:18:09+0000,2017-11-20T09:18:09+0000,trafficsign
176856234228321,2.1679292,41.384834,2017-11-20T09:19:06+0000,2017-11-20T09:19:06+0000,trafficsign
180487830531828,2.168054,41.384808,2017-11-20T09:19:06+0000,2017-11-20T09:19:06+0000,mvd_fast
180493280531283,2.168284,41.384853,2017-11-20T09:19:34+0000,2017-11-20T09:19:34+0000,mvd_fast
180499320530679,2.1679,41.385117,2017-11-20T09:18:52+0000,2017-11-20T09:18:52+0000,mvd_fast
180508113863133,2.167858,41.385223,2017-11-20T09:18:17+0000,2017-11-20T09:18:17+0000,mvd_fast
180525077194770,2.1691737,41.384785,2017-11-20T09:19:34+0000,2017-11-20T09:19:34+0000,mvd_fast
180526527194625,2.1683412,41.38486,2017-11-20T09:19:34+0000,2017-11-20T09:19:34+0000,mvd_fast
180527800527831,2.1678572,41.385254,2017-11-20T09:18:37+0000,2017-11-20T09:18:37+0000,mvd_fast
180533780527233,2.1677485,41.38561,2017-11-20T09:18:11+0000,2017-11-20T09:18:11+0000,mvd_fast
180534073860537,2.1678765,41.384987,2017-11-20T09:18:52+0000,2017-11-20T09:18:52+0000,mvd_fast
180540540526557,2.167888,41.385014,2017-11-20T09:18:39+0000,2017-11-20T09:18:39+0000,mvd_fast
180553010525310,2.1684563,41.38487,2017-11-20T09:19:25+0000,2017-11-20T09:19:25+0000,mvd_fast
180559153858029,2.1680286,41.3849,2017-11-20T09:19:13+0000,2017-11-20T09:19:13+0000,mvd_fast
180561977191080,2.1690063,41.384804,2017-11-20T09:19:46+0000,2017-11-20T09:19:46+0000,mvd_fast
180571793856765,2.1686437,41.38484,2017-11-20T09:19:17+0000,2017-11-20T09:19:17+0000,mvd_fast
180575873856357,2.1678002,41.38516,2017-11-20T09:18:37+0000,2017-11-20T09:18:37+0000,mvd_fast
180596257187652,2.1683016,41.38489,2017-11-20T09:19:28+0000,2017-11-20T09:19:28+0000,mvd_fast
180614120519199,2.1678088,41.385384,2017-11-20T09:18:21+0000,2017-11-20T09:18:21+0000,mvd_fast
180619310518680,2.1688306,41.38468,2017-11-20T09:19:51+0000,2017-11-20T09:19:51+0000,mvd_fast
180633257183952,2.168179,41.384758,2017-11-20T09:19:17+0000,2017-11-20T09:19:17+0000,mvd_fast
180634013850543,2.167774,41.384907,2017-11-20T09:18:41+0000,2017-11-20T09:18:41+0000,mvd_fast
180640407183237,2.167984,41.38491,2017-11-20T09:18:25+0000,2017-11-20T09:18:25+0000,mvd_fast
180643757182902,2.1683214,41.38488,2017-11-20T09:19:25+0000,2017-11-20T09:19:25+0000,mvd_fast
180645507182727,2.168037,41.384823,2017-11-20T09:18:52+0000,2017-11-20T09:18:52+0000,mvd_fast
180649317182346,2.1678486,41.385292,2017-11-20T09:18:37+0000,2017-11-20T09:18:37+0000,mvd_fast
180686280511983,2.1684196,41.384796,2017-11-20T09:19:35+0000,2017-11-20T09:19:35+0000,mvd_fast
180687010511910,2.1690245,41.38501,2017-11-20T09:19:38+0000,2017-11-20T09:19:38+0000,mvd_fast
180695733844371,2.167953,41.38484,2017-11-20T09:19:01+0000,2017-11-20T09:19:01+0000,mvd_fast
180703783843566,2.1682417,41.384884,2017-11-20T09:19:22+0000,2017-11-20T09:19:22+0000,mvd_fast
180706260509985,2.167911,41.38473,2017-11-20T09:18:18+0000,2017-11-20T09:18:18+0000,mvd_fast
180725920508019,2.1688132,41.384785,2017-11-20T09:19:39+0000,2017-11-20T09:19:39+0000,mvd_fast
181124383801506,2.1683223,41.384846,2017-11-20T09:19:36+0000,2017-11-20T09:19:36+0000,mvd_fast
181134367133841,2.1678507,41.38527,2017-11-20T09:18:39+0000,2017-11-20T09:18:39+0000,mvd_fast
181229803790964,2.1679971,41.384884,2017-11-20T09:18:16+0000,2017-11-20T09:18:16+0000,mvd_fast
4391229050921997,2.164763,41.385983,2017-11-18T10:01:58+0000,2017-11-18T10:01:58+0000,trafficsign
4394611477250421,2.1648366,41.385757,2017-11-18T10:02:19+0000,2017-11-18T10:02:19+0000,trafficsign
4395884313789804,2.1646535,41.38602,2017-11-18T10:01:54+0000,2017-11-18T10:01:54+0000,trafficsign
4418019781576257,2.1648448,41.38628,2017-11-18T10:01:45+0000,2017-11-18T10:01:45+0000,mvd_fast
4418021101576125,2.165152,41.38573,2017-11-18T10:01:37+0000,2017-11-18T10:01:37+0000,mvd_fast
4418077631570472,2.1648524,41.38579,2017-11-18T10:01:58+0000,2017-11-18T10:01:58+0000,mvd_fast
4418170534894515,2.165098,41.38587,2017-11-18T10:01:18+0000,2017-11-18T10:01:18+0000,mvd_fast
4418199861558249,2.165269,41.385826,2017-11-18T10:01:14+0000,2017-11-18T10:01:14+0000,mvd_fast
4418338551544380,2.1647296,41.385662,2017-11-18T10:02:32+0000,2017-11-18T10:02:32+0000,mvd_fast
4418373261540909,2.1652107,41.38605,2017-11-18T10:01:46+0000,2017-11-18T10:01:46+0000,mvd_fast
4418435191534716,2.1652572,41.385704,2017-11-18T10:01:06+0000,2017-11-18T10:01:06+0000,mvd_fast
4418592514852317,2.1647987,41.385727,2017-11-18T10:02:24+0000,2017-11-18T10:02:24+0000,mvd_fast
4418596671518568,2.1653075,41.3859,2017-11-18T10:01:24+0000,2017-11-18T10:01:24+0000,mvd_fast
4418706801507555,2.164999,41.385902,2017-11-18T10:01:24+0000,2017-11-18T10:01:24+0000,mvd_fast
4418743584837210,2.1645963,41.385532,2017-11-18T10:02:32+0000,2017-11-18T10:02:32+0000,mvd_fast
4418784851499750,2.1651933,41.385715,2017-11-18T10:01:07+0000,2017-11-18T10:01:07+0000,mvd_fast
4418898798155022,2.1650107,41.385895,2017-11-18T10:01:40+0000,2017-11-18T10:01:40+0000,mvd_fast
4418950751483160,2.1654086,41.385853,2017-11-18T10:01:06+0000,2017-11-18T10:01:06+0000,mvd_fast
4418951108149791,2.1651182,41.385777,2017-11-18T10:01:06+0000,2023-04-18T15:25:43+0000,mvd_fast
4418965888148313,2.1639535,41.385334,2017-11-18T10:02:41+0000,2017-11-18T10:02:41+0000,mvd_fast
4418993251478910,2.1644938,41.38631,2017-11-18T10:01:45+0000,2017-11-18T10:01:45+0000,mvd_fast
4419017921476443,2.1644313,41.385517,2017-11-18T10:02:37+0000,2017-11-18T10:02:37+0000,mvd_fast
4419019221476313,2.1648362,41.38581,2017-11-18T10:01:30+0000,2026-04-25T06:29:09+0000,mvd_fast
4419048414806727,2.1652796,41.385815,2017-11-18T10:01:27+0000,2017-11-18T10:01:27+0000,mvd_fast
4419061251472110,2.1642787,41.38532,2017-11-18T10:02:21+0000,2017-11-18T10:02:21+0000,mvd_fast
4419080014803567,2.1654212,41.385826,2017-11-18T10:01:12+0000,2017-11-18T10:01:12+0000,mvd_fast
4419092784802290,2.1653733,41.385822,2017-11-18T10:01:18+0000,2017-11-18T10:01:18+0000,mvd_fast
4419115624800006,2.1645055,41.38648,2017-11-18T10:01:46+0000,2017-11-18T10:01:46+0000,mvd_fast
4419144974797071,2.164735,41.386246,2017-11-18T10:01:45+0000,2017-11-18T10:01:45+0000,mvd_fast
4419196661458569,2.1651628,41.385727,2017-11-18T10:01:10+0000,2017-11-18T10:01:10+0000,mvd_fast
4419237404787828,2.165416,41.38573,2017-11-18T10:01:06+0000,2017-11-18T10:01:06+0000,mvd_fast
4419319288112973,2.1643178,41.385082,2017-11-18T10:02:33+0000,2017-11-18T10:02:33+0000,mvd_fast
4419408774770691,2.164999,41.385914,2017-11-18T10:01:40+0000,2017-11-18T10:01:40+0000,mvd_fast
4419448911433344,2.1649983,41.386536,2017-11-18T10:01:46+0000,2017-11-18T10:01:46+0000,mvd_fast
4419480974763471,2.1654513,41.38573,2017-11-18T10:01:06+0000,2017-11-18T10:01:06+0000,mvd_fast
4419488818096020,2.1643832,41.385403,2017-11-18T10:02:22+0000,2017-11-18T10:02:22+0000,mvd_fast
4419523254759243,2.1650074,41.385906,2017-11-18T10:01:39+0000,2017-11-18T10:01:39+0000,mvd_fast
4419577331420502,2.1650078,41.385918,2017-11-18T10:01:24+0000,2017-11-18T10:01:24+0000,mvd_fast
4419618308083071,2.165328,41.38583,2017-11-18T10:01:18+0000,2017-11-18T10:01:18+0000,mvd_fast
4419671241411111,2.1651258,41.385742,2017-11-18T10:01:07+0000,2017-11-18T10:01:07+0000,mvd_fast
4419761118068790,2.1640706,41.38523,2017-11-18T10:02:53+0000,2017-11-18T10:02:53+0000,mvd_fast
4419807811397454,2.1646638,41.386177,2017-11-18T10:01:51+0000,2017-11-18T10:01:51+0000,mvd_fast
4419869801391255,2.1649342,41.385777,2017-11-18T10:01:24+0000,2017-11-18T10:01:24+0000,mvd_fast
4419909418053960,2.1643994,41.385544,2017-11-18T10:02:49+0000,2017-11-18T10:02:49+0000,mvd_fast
4419924191385816,2.1653905,41.385815,2017-11-18T10:01:10+0000,2017-11-18T10:01:10+0000,mvd_fast
4419981234713445,2.1644168,41.38551,2017-11-18T10:02:39+0000,2017-11-18T10:02:39+0000,mvd_fast
4420110414700527,2.164465,41.386105,2017-11-18T10:01:45+0000,2017-11-18T10:01:45+0000,mvd_fast
4423140854397483,2.1647203,41.385677,2017-11-18T10:02:28+0000,2017-11-18T10:02:28+0000,mvd_fast
4423459534365615,2.1650565,41.38579,2017-11-18T10:01:07+0000,2023-04-18T15:27:03+0000,mvd_fast
4423734811004754,2.164034,41.385376,2017-11-18T10:02:30+0000,2017-11-18T10:02:30+0000,mvd_fast
1399805394370290,2.1641295,41.38641,2025-04-05T12:49:58+0000,2025-04-05T12:49:58+0000,panoptic
1431446997817950,2.1643684,41.386757,2025-04-05T12:50:07+0000,2025-04-05T12:50:07+0000,panoptic
1431447084484608,2.16491,41.386776,2025-04-05T12:50:14+0000,2025-04-05T12:50:14+0000,panoptic
1431447101151273,2.164617,41.38655,2025-04-05T12:50:07+0000,2025-04-05T12:50:07+0000,panoptic
1431447124484604,2.1652696,41.386757,2025-04-05T12:50:08+0000,2025-04-05T12:50:08+0000,panoptic
916820548886387,2.1741977,41.384125,2015-08-31T06:58:30+0000,2015-08-31T06:58:30+0000,mvd_fast
916856412216134,2.174904,41.384327,2015-08-31T07:00:38+0000,2015-08-31T07:00:38+0000,mvd_fast
916928445542264,2.1748989,41.384373,2015-08-31T07:00:38+0000,2015-08-31T07:00:38+0000,mvd_fast
1158762201216867,2.1705494,41.385895,2017-11-18T14:43:38+0000,2017-11-18T14:43:38+0000,trafficsign
1168089113617509,2.1710331,41.386013,2017-11-18T14:43:40+0000,2017-11-18T14:43:40+0000,mvd_fast
1168193190273768,2.1706216,41.385822,2017-11-18T14:43:42+0000,2017-11-18T14:43:42+0000,mvd_fast
1168233703603050,2.1706443,41.38583,2017-11-18T14:43:44+0000,2017-11-18T14:43:44+0000,mvd_fast
1168352293591191,2.170619,41.385822,2017-11-18T14:43:42+0000,2017-11-18T14:43:42+0000,mvd_fast
1168421800250907,2.1710851,41.38608,2017-11-18T14:43:44+0000,2017-11-18T14:43:44+0000,mvd_fast
219901143275240,2.1706324,41.386604,2017-11-18T14:39:06+0000,2017-11-18T14:39:06+0000,mvd_fast
219913536607334,2.170883,41.386234,2017-11-18T14:38:43+0000,2017-11-18T14:38:43+0000,mvd_fast
219923306606357,2.1706612,41.38675,2017-11-18T14:38:55+0000,2017-11-18T14:38:55+0000,mvd_fast
219928483272506,2.170795,41.386604,2017-11-18T14:38:12+0000,2017-11-18T14:38:12+0000,mvd_fast
220099126588775,2.1706023,41.386703,2017-11-18T14:39:06+0000,2017-11-18T14:39:06+0000,mvd_fast
220841333181221,2.170702,41.386776,2017-11-18T14:38:34+0000,2017-11-18T14:38:34+0000,mvd_fast
991691601368853,2.1704414,41.384487,2017-11-20T09:22:19+0000,2017-11-20T09:22:19+0000,trafficsign
991693844701962,2.1703773,41.384407,2017-11-20T09:21:57+0000,2017-11-20T09:21:57+0000,trafficsign
991763181361695,2.1707683,41.38428,2017-11-20T09:22:19+0000,2017-11-20T09:22:19+0000,trafficsign
991826688022011,2.17033,41.384453,2017-11-20T09:22:01+0000,2017-11-20T09:22:01+0000,trafficsign
993747387829941,2.1704364,41.384483,2017-11-20T09:22:17+0000,2017-11-20T09:22:17+0000,trafficsign
996793160858697,2.1707914,41.384136,2017-11-20T09:22:35+0000,2017-11-20T09:22:35+0000,mvd_fast
996832487521431,2.1705556,41.38421,2017-11-20T09:22:43+0000,2017-11-20T09:22:43+0000,mvd_fast
996840514187295,2.17081,41.38456,2017-11-20T09:22:22+0000,2017-11-20T09:22:22+0000,mvd_fast
996957494175597,2.1703846,41.384476,2017-11-20T09:22:04+0000,2017-11-20T09:22:04+0000,mvd_fast
996959150842098,2.1705167,41.384327,2017-11-20T09:22:13+0000,2017-11-20T09:22:13+0000,mvd_fast
996968227507857,2.1708288,41.383938,2017-11-20T09:22:34+0000,2017-11-20T09:22:34+0000,mvd_fast
996995124171834,2.1705973,41.384293,2017-11-20T09:22:43+0000,2017-11-20T09:22:43+0000,mvd_fast
997651004106246,2.1705651,41.38428,2017-11-20T09:22:26+0000,2017-11-20T09:22:26+0000,mvd_fast
990056441814339,2.1729848,41.377888,2020-05-08T08:20:47+0000,2020-05-08T08:20:47+0000,trafficsign
991930358293614,2.172783,41.377697,2020-05-08T08:21:01+0000,2020-05-08T08:21:01+0000,mvd_fast
992001248286525,2.172946,41.377766,2020-05-08T08:20:52+0000,2020-05-08T08:20:52+0000,mvd_fast
992023724950944,2.172966,41.377796,2020-05-08T08:20:52+0000,2020-05-08T08:20:52+0000,mvd_fast
992058878280762,2.1727402,41.37765,2020-05-08T08:20:52+0000,2020-05-08T08:20:52+0000,mvd_fast
992090584944258,2.1727774,41.377686,2020-05-08T08:20:47+0000,2020-05-08T08:20:47+0000,mvd_fast
2587226401574327,2.1709857,41.3806,2017-05-29T12:46:56+0000,2017-05-29T12:46:56+0000,mvd_fast
2587377511559216,2.171078,41.380615,2017-05-29T12:45:26+0000,2017-05-29T12:45:26+0000,mvd_fast
2587379874892313,2.1710174,41.3806,2017-05-29T12:45:11+0000,2017-05-29T12:45:11+0000,mvd_fast
2587428858220748,2.1709023,41.380512,2017-05-29T12:46:46+0000,2017-05-29T12:46:46+0000,mvd_fast
2587437208219913,2.1709833,41.38061,2017-05-29T12:46:46+0000,2017-05-29T12:46:46+0000,mvd_fast
2587447201552247,2.1709177,41.38057,2017-05-29T12:46:46+0000,2017-05-29T12:46:46+0000,mvd_fast
2587474551549512,2.1710982,41.38061,2017-05-29T12:45:11+0000,2017-05-29T12:45:11+0000,mvd_fast
2587613811535586,2.1708982,41.380684,2017-05-29T12:45:51+0000,2017-05-29T12:45:51+0000,mvd_fast
140981691597379,2.1718748,41.376934,2021-10-26T14:14:14+0000,2021-10-26T14:14:14+0000,panoptic
140981694930712,2.1719203,41.377026,2021-10-26T14:14:11+0000,2021-10-26T14:14:11+0000,panoptic
140981698264045,2.1719198,41.377026,2021-10-26T14:14:11+0000,2021-10-26T14:14:11+0000,panoptic
140981701597378,2.1719205,41.377026,2021-10-26T14:14:12+0000,2021-10-26T14:14:12+0000,trafficsign
140981704930711,2.1719198,41.377026,2021-10-26T14:14:11+0000,2021-10-26T14:14:11+0000,trafficsign
522155812156444,2.1746898,41.37945,2017-11-20T11:29:06+0000,2017-11-20T11:29:06+0000,trafficsign
522196692152356,2.1746583,41.379494,2017-11-20T11:29:12+0000,2017-11-20T11:29:12+0000,trafficsign
522882228750469,2.1748466,41.379463,2017-11-20T11:29:12+0000,2017-11-20T11:29:12+0000,trafficsign
522895352082490,2.1745527,41.379707,2017-11-20T11:28:48+0000,2017-11-20T11:28:48+0000,trafficsign
523002715405087,2.174718,41.379375,2017-11-20T11:29:01+0000,2017-11-20T11:29:14+0000,trafficsign
524264871945538,2.1744287,41.379776,2017-11-20T11:28:54+0000,2017-11-20T11:28:54+0000,trafficsign
527386944966664,2.1745634,41.379704,2017-11-20T11:28:46+0000,2017-11-20T11:28:46+0000,mvd_fast
527388324966526,2.1745596,41.379723,2017-11-20T11:28:46+0000,2017-11-20T11:28:46+0000,mvd_fast
527389661633059,2.1745224,41.3796,2017-11-20T11:28:59+0000,2017-11-20T11:28:59+0000,mvd_fast
527405274964831,2.1748989,41.37936,2017-11-20T11:28:48+0000,2017-11-20T11:28:48+0000,mvd_fast
527426321629393,2.174771,41.379513,2017-11-20T11:28:46+0000,2017-11-20T11:28:46+0000,mvd_fast
527466324958726,2.1746905,41.37947,2017-11-20T11:28:56+0000,2017-11-20T11:28:56+0000,mvd_fast
527469541625071,2.174715,41.379414,2017-11-20T11:28:48+0000,2017-11-20T11:28:48+0000,mvd_fast
527481598290532,2.174577,41.37967,2017-11-20T11:28:48+0000,2017-11-20T11:28:48+0000,mvd_fast
527485684956790,2.1746922,41.379486,2017-11-20T11:29:10+0000,2017-11-20T11:29:10+0000,mvd_fast
527487071623318,2.1746728,41.379505,2017-11-20T11:29:04+0000,2017-11-20T11:29:04+0000,mvd_fast
527498621622163,2.1748292,41.37947,2017-11-20T11:28:48+0000,2017-11-20T11:28:48+0000,mvd_fast
527601488278543,2.174594,41.379593,2017-11-20T11:29:01+0000,2017-11-20T11:29:01+0000,mvd_fast
527628581609167,2.174789,41.379383,2017-11-20T11:29:12+0000,2017-11-20T11:29:12+0000,mvd_fast
528308411541184,2.17476,41.379417,2017-11-20T11:29:00+0000,2017-11-20T11:29:00+0000,mvd_fast
528340811537944,2.174544,41.379574,2017-11-20T11:29:08+0000,2017-11-20T11:29:08+0000,mvd_fast
393568295096525,2.1749985,41.37896,2017-11-20T11:33:34+0000,2017-11-20T11:33:34+0000,trafficsign
397223391397682,2.1748977,41.37924,2017-11-20T11:33:04+0000,2017-11-20T11:33:04+0000,mvd_fast
397473218039366,2.1748683,41.379242,2017-11-20T11:33:02+0000,2017-11-20T11:33:02+0000,mvd_fast
397492951370726,2.1747415,41.37931,2017-11-20T11:33:04+0000,2017-11-20T11:33:04+0000,mvd_fast
397979007988787,2.1748254,41.379242,2017-11-20T11:33:02+0000,2017-11-20T11:33:02+0000,mvd_fast
398012184652136,2.1749306,41.37907,2017-11-20T11:33:25+0000,2017-11-20T11:33:25+0000,mvd_fast
4646458998704754,2.1745868,41.37939,2020-05-02T07:47:48+0000,2020-05-02T07:47:48+0000,mvd_fast
4647209855296335,2.17458,41.37931,2020-05-02T07:47:55+0000,2020-05-02T07:47:55+0000,mvd_fast
1127899184395542,2.1746163,41.379284,2017-05-29T13:35:37+0000,2017-05-29T13:35:37+0000,mvd_fast
1127937214391739,2.1743493,41.379997,2017-05-29T13:35:42+0000,2021-10-26T17:07:57+0000,mvd_fast
1128046377714156,2.17426,41.379967,2017-05-29T13:35:37+0000,2017-05-29T13:35:37+0000,mvd_fast
343458633791813,2.1707683,41.384037,2017-11-20T09:23:41+0000,2017-11-20T09:23:41+0000,mvd_fast
343587857112224,2.1707866,41.384087,2017-11-20T09:23:39+0000,2017-11-20T09:23:39+0000,mvd_fast
596432391500768,2.1731982,41.381176,2021-10-26T17:08:55+0000,2021-10-26T17:08:55+0000,panoptic
596432394834101,2.1747322,41.379585,2021-10-26T17:07:51+0000,2021-10-26T17:07:51+0000,panoptic
596432398167434,2.174148,41.38014,2021-10-26T17:07:55+0000,2021-10-26T17:07:55+0000,panoptic
596432401500767,2.174676,41.3796,2021-10-26T17:07:47+0000,2021-10-26T17:07:47+0000,panoptic
596432404834100,2.1743743,41.379917,2021-10-26T17:08:02+0000,2021-10-26T17:08:02+0000,panoptic
596432408167433,2.174501,41.37978,2021-10-26T17:08:02+0000,2021-10-26T17:08:02+0000,panoptic
596432411500766,2.1734245,41.38109,2021-10-26T17:09:08+0000,2021-10-26T17:09:08+0000,panoptic
596432414834099,2.173403,41.381134,2021-10-26T17:09:08+0000,2021-10-26T17:09:08+0000,panoptic
596432418167432,2.1732826,41.38109,2021-10-26T17:08:58+0000,2021-10-26T17:08:58+0000,panoptic
596432428167431,2.1748433,41.379562,2021-10-26T17:07:45+0000,2021-10-26T17:07:45+0000,panoptic
596432434834097,2.1738253,41.380566,2021-10-26T17:08:36+0000,2021-10-26T17:08:36+0000,panoptic
596432438167430,2.1749396,41.379345,2021-10-26T17:07:34+0000,2021-10-26T17:07:34+0000,panoptic
596432441500763,2.1738718,41.380596,2021-10-26T17:08:31+0000,2021-10-26T17:08:31+0000,panoptic
596432444834096,2.1747096,41.37971,2021-10-26T17:07:53+0000,2021-10-26T17:07:53+0000,panoptic
596432448167429,2.1745174,41.37979,2021-10-26T17:07:55+0000,2021-10-26T17:07:55+0000,panoptic
596432454834095,2.1748185,41.37947,2021-10-26T17:07:34+0000,2021-10-26T17:07:34+0000,panoptic
596432458167428,2.1742237,41.3801,2021-10-26T17:08:11+0000,2021-10-26T17:08:11+0000,panoptic
596432461500761,2.1746726,41.379627,2021-10-26T17:07:45+0000,2021-10-26T17:07:45+0000,panoptic
596432464834094,2.174087,41.38032,2021-10-26T17:08:22+0000,2021-10-26T17:08:22+0000,panoptic
596432468167427,2.17385,41.38054,2021-10-26T17:08:39+0000,2021-10-26T17:08:39+0000,panoptic
596432471500760,2.174587,41.379852,2021-10-26T17:08:02+0000,2021-10-26T17:08:02+0000,panoptic
596432474834093,2.1738203,41.380604,2021-10-26T17:08:28+0000,2021-10-26T17:08:28+0000,panoptic
596432478167426,2.1746323,41.37981,2021-10-26T17:07:55+0000,2021-10-26T17:07:55+0000,panoptic
596432484834092,2.1742342,41.38017,2021-10-26T17:08:11+0000,2021-10-26T17:08:11+0000,panoptic
596432488167425,2.1733882,41.38101,2021-10-26T17:08:47+0000,2021-10-26T17:08:47+0000,panoptic
596432494834091,2.1741064,41.38019,2021-10-26T17:08:05+0000,2021-10-26T17:08:05+0000,panoptic
596432498167424,2.1735265,41.38092,2021-10-26T17:08:52+0000,2021-10-26T17:08:52+0000,panoptic
596432501500757,2.1735573,41.380886,2021-10-26T17:08:52+0000,2021-10-26T17:08:52+0000,panoptic
596432508167423,2.1747127,41.379658,2021-10-26T17:07:49+0000,2021-10-26T17:07:49+0000,panoptic
596432511500756,2.1747622,41.379707,2021-10-26T17:07:55+0000,2021-10-26T17:07:55+0000,panoptic
596432514834089,2.1741862,41.380306,2021-10-26T17:08:24+0000,2021-10-26T17:08:24+0000,panoptic
596432518167422,2.174646,41.379734,2021-10-26T17:07:57+0000,2021-10-26T17:07:57+0000,panoptic
596432521500755,2.1743531,41.3801,2021-10-26T17:07:59+0000,2021-10-26T17:07:59+0000,panoptic
596432524834088,2.1733706,41.381126,2021-10-26T17:09:08+0000,2021-10-26T17:09:08+0000,panoptic
596432528167421,2.174735,41.379692,2021-10-26T17:07:47+0000,2021-10-26T17:07:47+0000,panoptic
182827533719859,2.1738756,41.378937,2017-11-20T11:30:19+0000,2017-11-20T11:30:19+0000,mvd_fast
182834333719179,2.1743329,41.379177,2017-11-20T11:29:48+0000,2017-11-20T11:29:48+0000,mvd_fast
182844433718169,2.1743054,41.37915,2017-11-20T11:29:48+0000,2017-11-20T11:29:48+0000,mvd_fast
182860270383252,2.1745493,41.37927,2017-11-20T11:29:40+0000,2017-11-20T11:29:40+0000,mvd_fast
182868270382452,2.1743617,41.37919,2017-11-20T11:29:48+0000,2017-11-20T11:29:48+0000,mvd_fast
182885837047362,2.1739526,41.37902,2017-11-20T11:30:19+0000,2017-11-20T11:30:19+0000,mvd_fast
182895633713049,2.1739855,41.37911,2017-11-20T11:29:48+0000,2017-11-20T11:29:48+0000,mvd_fast
182902043712408,2.174097,41.37903,2017-11-20T11:29:48+0000,2017-11-20T11:29:48+0000,mvd_fast
182924403710172,2.1741958,41.379147,2017-11-20T11:29:48+0000,2017-11-20T11:29:48+0000,mvd_fast
182935557042390,2.173969,41.379086,2017-11-20T11:30:12+0000,2017-11-20T11:30:12+0000,mvd_fast
182949227041023,2.174218,41.37911,2017-11-20T11:29:48+0000,2017-11-20T11:29:48+0000,mvd_fast
182984083704204,2.1739023,41.37905,2017-11-20T11:30:01+0000,2017-11-20T11:30:01+0000,mvd_fast
182994233703189,2.1738932,41.37905,2017-11-20T11:30:10+0000,2017-11-20T11:30:10+0000,mvd_fast
182998667036079,2.173913,41.379066,2017-11-20T11:30:02+0000,2017-11-20T11:30:02+0000,mvd_fast
182999633702649,2.1742313,41.37917,2017-11-20T11:29:49+0000,2017-11-20T11:29:49+0000,mvd_fast
183014787034467,2.1743171,41.379154,2017-11-20T11:29:48+0000,2017-11-20T11:29:48+0000,mvd_fast
183031643699448,2.1743505,41.379158,2017-11-20T11:29:48+0000,2017-11-20T11:29:48+0000,mvd_fast
183070240362255,2.1739423,41.379078,2017-11-20T11:30:00+0000,2017-11-20T11:30:00+0000,mvd_fast
183104767025469,2.173865,41.37894,2017-11-20T11:30:08+0000,2017-11-20T11:30:08+0000,mvd_fast
183112127024733,2.1740854,41.37915,2017-11-20T11:29:48+0000,2017-11-20T11:29:48+0000,mvd_fast
183161250353154,2.1740012,41.37905,2017-11-20T11:30:08+0000,2017-11-20T11:30:08+0000,mvd_fast
183747443627868,2.1741648,41.37919,2017-11-20T11:29:50+0000,2017-11-20T11:29:50+0000,mvd_fast
183755643627048,2.1738088,41.379017,2017-11-20T11:29:51+0000,2017-11-20T11:29:51+0000,mvd_fast
394345794954364,2.1651917,41.38699,2017-11-18T10:16:53+0000,2025-04-05T12:50:15+0000,trafficsign
398526261202984,2.1651623,41.386887,2017-11-18T10:16:53+0000,2017-11-18T10:16:53+0000,mvd_fast
398531107869166,2.165115,41.38696,2017-11-18T10:16:53+0000,2017-11-18T10:16:53+0000,mvd_fast
398579544530989,2.1650648,41.386906,2017-11-18T10:16:54+0000,2017-11-18T10:16:54+0000,mvd_fast
398599721195638,2.1651645,41.386974,2017-11-18T10:17:00+0000,2017-11-18T10:17:00+0000,mvd_fast
398617741193836,2.165187,41.386913,2017-11-18T10:16:53+0000,2022-09-10T12:42:53+0000,mvd_fast
398661094522834,2.1650808,41.386894,2017-11-18T10:16:53+0000,2017-11-18T10:16:53+0000,mvd_fast
1868750986614546,2.1639922,41.3842,2017-11-18T10:04:40+0000,2017-11-18T10:04:40+0000,trafficsign
1869714919851486,2.1639862,41.384167,2017-11-18T10:04:34+0000,2017-11-18T10:04:34+0000,trafficsign
1869735203182791,2.1640055,41.384235,2017-11-18T10:04:40+0000,2017-11-18T10:04:40+0000,trafficsign
1869751696514475,2.1640184,41.384453,2017-11-18T10:04:16+0000,2017-11-18T10:04:16+0000,trafficsign
1875351829287795,2.1641688,41.384933,2017-11-18T10:03:33+0000,2017-11-18T10:03:33+0000,mvd_fast
1875404475949197,2.1641846,41.384876,2017-11-18T10:03:37+0000,2017-11-18T10:03:37+0000,mvd_fast
1875419769281001,2.1642196,41.3853,2017-11-18T10:03:12+0000,2017-11-18T10:03:12+0000,mvd_fast
1875442122612099,2.1640534,41.38462,2017-11-18T10:04:09+0000,2024-11-24T09:18:13+0000,mvd_fast
1875445262611785,2.1640987,41.38476,2017-11-18T10:03:57+0000,2017-11-18T10:03:57+0000,mvd_fast
1875451102611201,2.163725,41.384163,2017-11-18T10:04:11+0000,2017-11-18T10:04:11+0000,mvd_fast
1875460892610222,2.16416,41.38482,2017-11-18T10:03:24+0000,2017-11-18T10:03:24+0000,mvd_fast
1875474589275519,2.1641288,41.38463,2017-11-18T10:04:07+0000,2017-11-18T10:04:07+0000,mvd_fast
1875478459275132,2.1641119,41.38435,2017-11-18T10:04:14+0000,2017-11-18T10:04:14+0000,mvd_fast
1875482309274747,2.1641223,41.38488,2017-11-18T10:03:42+0000,2017-11-18T10:03:42+0000,mvd_fast
1875490175940627,2.1637824,41.384243,2017-11-18T10:04:41+0000,2024-11-24T09:18:20+0000,mvd_fast
1875505249272453,2.1640701,41.384087,2017-11-18T10:04:22+0000,2017-11-18T10:04:22+0000,mvd_fast
1875512029271775,2.163622,41.38417,2017-11-18T10:04:18+0000,2021-10-26T14:07:03+0000,mvd_fast
1875519035937741,2.1640685,41.384613,2017-11-18T10:04:09+0000,2017-11-18T10:04:09+0000,mvd_fast
1875524122603899,2.1640239,41.384483,2017-11-18T10:04:09+0000,2024-11-24T09:18:11+0000,mvd_fast
1875526575936987,2.1640766,41.38428,2017-11-18T10:03:33+0000,2017-11-18T10:03:33+0000,mvd_fast
1875540299268948,2.163722,41.384163,2017-11-18T10:04:41+0000,2017-11-18T10:04:41+0000,mvd_fast
1875549402601371,2.1641161,41.384945,2017-11-18T10:03:27+0000,2026-04-25T06:29:29+0000,mvd_fast
1875550045934640,2.164127,41.384937,2017-11-18T10:03:31+0000,2017-11-18T10:03:31+0000,mvd_fast
1875561325933512,2.1640062,41.384518,2017-11-18T10:03:55+0000,2026-04-25T06:29:33+0000,mvd_fast
1875562099266768,2.164216,41.385105,2017-11-18T10:03:26+0000,2017-11-18T10:03:26+0000,mvd_fast
1875568502599461,2.1637177,41.38426,2017-11-18T10:04:07+0000,2024-11-24T09:18:19+0000,mvd_fast
1875577239265254,2.1636927,41.384007,2017-11-18T10:04:24+0000,2017-11-18T10:04:24+0000,mvd_fast
1875578325931812,2.164071,41.384506,2017-11-18T10:04:12+0000,2024-11-24T09:18:09+0000,mvd_fast
1875580799264898,2.1641324,41.38516,2017-11-18T10:03:15+0000,2017-11-18T10:03:15+0000,mvd_fast
1875587685930876,2.164167,41.384834,2017-11-18T10:03:24+0000,2017-11-18T10:03:24+0000,mvd_fast
1875590609263917,2.1640992,41.383995,2017-11-18T10:04:26+0000,2017-11-18T10:04:26+0000,mvd_fast
1875593419263636,2.1639934,41.38423,2017-11-18T10:04:36+0000,2017-11-18T10:04:36+0000,mvd_fast
1875599635929681,2.1640403,41.38461,2017-11-18T10:04:11+0000,2017-11-18T10:04:11+0000,mvd_fast
1875613365928308,2.1641836,41.385044,2017-11-18T10:03:27+0000,2017-11-18T10:03:27+0000,mvd_fast
1875614555928189,2.1642656,41.385242,2017-11-18T10:03:05+0000,2017-11-18T10:03:05+0000,mvd_fast
1875616872594624,2.1641006,41.38485,2017-11-18T10:03:39+0000,2026-04-25T06:29:30+0000,mvd_fast
1875625859260392,2.1640086,41.384342,2017-11-18T10:04:07+0000,2024-11-24T09:18:17+0000,mvd_fast
1875646979258280,2.1640866,41.38434,2017-11-18T10:04:18+0000,2017-11-18T10:04:18+0000,mvd_fast
1875656515923993,2.164069,41.38461,2017-11-18T10:04:09+0000,2017-11-18T10:04:09+0000,mvd_fast
1875666712589640,2.1641967,41.385082,2017-11-18T10:03:24+0000,2017-11-18T10:03:24+0000,mvd_fast
1875670885922556,2.1637416,41.38375,2017-11-18T10:04:18+0000,2017-11-18T10:04:18+0000,mvd_fast
1875699882586323,2.1640975,41.385338,2017-11-18T10:03:08+0000,2017-11-18T10:03:08+0000,mvd_fast
1875702312586080,2.1641073,41.38446,2017-11-18T10:04:07+0000,2017-11-18T10:04:07+0000,mvd_fast
1875719522584359,2.1642087,41.385307,2017-11-18T10:03:14+0000,2017-11-18T10:03:14+0000,mvd_fast
1875721089250869,2.1640782,41.3846,2017-11-18T10:04:11+0000,2017-11-18T10:04:11+0000,mvd_fast
1875723139250664,2.1637406,41.383938,2017-11-18T10:04:05+0000,2026-04-25T06:29:40+0000,mvd_fast
1875750302581281,2.1641743,41.384926,2017-11-18T10:03:42+0000,2017-11-18T10:03:42+0000,mvd_fast
