id,lon,lat,first_seen_at,last_seen_at,object_type
396351081752680,-3.68043,40.42331,2021-06-27T12:17:51+0000,2021-06-27T12:17:51+0000,panoptic
396351088419346,-3.6805532,40.42329,2021-06-27T12:17:16+0000,2021-06-27T12:17:16+0000,panoptic
396351091752679,-3.6816626,40.423756,2021-06-27T12:16:56+0000,2021-06-27T12:16:56+0000,panoptic
396351098419345,-3.6816556,40.423748,2021-06-27T12:16:55+0000,2021-06-27T12:16:55+0000,panoptic
396351101752678,-3.680403,40.42332,2021-06-27T12:17:51+0000,2021-06-27T12:17:51+0000,panoptic
396351105086011,-3.6804204,40.423325,2021-06-27T12:17:51+0000,2021-06-27T12:17:51+0000,panoptic
396351108419344,-3.681447,40.423923,2021-06-27T12:16:55+0000,2021-06-27T12:16:55+0000,panoptic
396351111752677,-3.680419,40.4233,2021-06-27T12:17:51+0000,2021-06-27T12:17:51+0000,panoptic
396351115086010,-3.681712,40.423714,2021-06-27T12:16:58+0000,2021-06-27T12:16:58+0000,panoptic
396351118419343,-3.6816242,40.42369,2021-06-27T12:16:57+0000,2021-06-27T12:16:57+0000,panoptic
396351121752676,-3.681394,40.423847,2021-06-27T12:16:52+0000,2021-06-27T12:16:52+0000,panoptic
396351125086009,-3.6817665,40.42384,2021-06-27T12:16:49+0000,2021-06-27T12:16:49+0000,panoptic
396351131752675,-3.681792,40.42375,2021-06-27T12:16:55+0000,2021-06-27T12:16:55+0000,trafficsign
396351141752674,-3.6817918,40.42375,2021-06-27T12:16:53+0000,2021-06-27T12:16:53+0000,panoptic
396351161752672,-3.680458,40.42329,2021-06-27T12:17:44+0000,2021-06-27T12:17:51+0000,panoptic
396351165086005,-3.680407,40.423332,2021-06-27T12:17:51+0000,2021-06-27T12:17:51+0000,panoptic
396351168419338,-3.681334,40.423767,2021-06-27T12:16:49+0000,2021-06-27T12:16:49+0000,panoptic
396351171752671,-3.6816556,40.423756,2021-06-27T12:16:52+0000,2021-06-27T12:16:52+0000,panoptic
396351175086004,-3.6814194,40.423756,2021-06-27T12:16:52+0000,2021-06-27T12:16:52+0000,panoptic
396351178419337,-3.6805618,40.423206,2021-06-27T12:17:51+0000,2021-06-27T12:17:51+0000,panoptic
229133418980509,-3.6694186,40.42793,2018-09-12T07:18:08+0000,2021-06-27T12:11:10+0000,mvd_fast
229145365645981,-3.6723752,40.426403,2018-09-12T07:18:35+0000,2018-09-12T07:18:35+0000,mvd_fast
229147592312425,-3.6669,40.4289,2018-09-12T07:17:45+0000,2018-09-12T07:17:45+0000,mvd_fast
229158048978046,-3.6666627,40.429424,2018-09-12T07:17:36+0000,2018-09-12T07:17:36+0000,mvd_fast
229163625644155,-3.6718352,40.42663,2018-09-12T07:18:32+0000,2025-07-17T17:39:09+0000,mvd_fast
229167205643797,-3.667544,40.428635,2018-09-12T07:17:52+0000,2018-09-12T07:17:52+0000,mvd_fast
229167982310386,-3.667538,40.42897,2018-09-12T07:17:50+0000,2018-09-12T07:17:50+0000,mvd_fast
229169772310207,-3.6659915,40.429375,2018-09-12T07:17:30+0000,2018-09-12T07:17:30+0000,mvd_fast
229177522309432,-3.6704917,40.427345,2018-09-12T07:18:17+0000,2018-09-12T07:18:17+0000,mvd_fast
229187692308415,-3.6721113,40.42637,2018-09-12T07:18:34+0000,2018-09-12T07:18:34+0000,mvd_fast
229201512307033,-3.6707323,40.42725,2018-09-12T07:18:17+0000,2025-07-17T17:39:18+0000,mvd_fast
229207312306453,-3.671402,40.4269,2018-09-12T07:18:27+0000,2018-09-12T07:18:27+0000,mvd_fast
229220948971756,-3.6721716,40.426514,2018-09-12T07:18:34+0000,2018-09-12T07:18:34+0000,mvd_fast
229225395637978,-3.6704593,40.427467,2018-09-12T07:18:17+0000,2025-07-17T17:39:23+0000,mvd_fast
229261035634414,-3.667616,40.42876,2018-09-12T07:17:52+0000,2018-09-12T07:17:52+0000,mvd_fast
229313132295871,-3.6665115,40.429287,2018-09-12T07:17:38+0000,2018-09-12T07:17:38+0000,mvd_fast
229350752292109,-3.6695302,40.427624,2018-09-12T07:18:11+0000,2021-06-27T12:11:10+0000,mvd_fast
229354372291747,-3.6690123,40.428066,2018-09-12T07:18:07+0000,2018-09-12T07:18:07+0000,mvd_fast
229359365624581,-3.6671124,40.428795,2018-09-12T07:17:49+0000,2018-09-12T07:17:49+0000,mvd_fast
229364705624047,-3.6666386,40.429073,2018-09-12T07:17:40+0000,2018-09-12T07:17:40+0000,mvd_fast
229371222290062,-3.6727555,40.426044,2018-09-12T07:19:14+0000,2025-07-17T17:38:09+0000,mvd_fast
229375422289642,-3.6705031,40.42734,2018-09-12T07:18:18+0000,2018-09-12T07:18:18+0000,mvd_fast
229378795622638,-3.6671975,40.42893,2018-09-12T07:17:42+0000,2018-09-12T07:17:42+0000,mvd_fast
229387042288480,-3.6670473,40.42913,2018-09-12T07:17:43+0000,2018-09-12T07:17:43+0000,mvd_fast
229391852287999,-3.6723518,40.426113,2018-09-12T07:18:37+0000,2018-09-12T07:18:37+0000,mvd_fast
229393408954510,-3.669241,40.428024,2018-09-12T07:18:07+0000,2018-09-12T07:18:07+0000,mvd_fast
229407988953052,-3.6721394,40.426476,2018-09-12T07:18:31+0000,2018-09-12T07:18:31+0000,mvd_fast
229414722285712,-3.6662092,40.42955,2018-09-12T07:17:32+0000,2018-09-12T07:17:32+0000,mvd_fast
229421578951693,-3.6678438,40.428608,2018-09-12T07:17:53+0000,2018-09-12T07:17:53+0000,mvd_fast
229434898950361,-3.6690462,40.42811,2018-09-12T07:18:07+0000,2018-09-12T07:18:07+0000,mvd_fast
229456538948197,-3.669641,40.427967,2018-09-12T07:18:07+0000,2018-09-12T07:18:07+0000,mvd_fast
229474218946429,-3.6722794,40.42625,2018-09-12T07:18:35+0000,2018-09-12T07:18:35+0000,mvd_fast
229477062279478,-3.6721878,40.42656,2018-09-12T07:18:34+0000,2018-09-12T07:18:34+0000,mvd_fast
229484058945445,-3.667174,40.428814,2018-09-12T07:17:46+0000,2018-09-12T07:17:46+0000,mvd_fast
229486558945195,-3.6717381,40.426834,2018-09-12T07:18:28+0000,2025-07-17T17:39:09+0000,mvd_fast
229488122278372,-3.6725864,40.42631,2018-09-12T07:19:13+0000,2025-07-17T17:38:59+0000,mvd_fast
229490012278183,-3.671271,40.427048,2018-09-12T07:18:23+0000,2025-07-17T17:39:12+0000,mvd_fast
229502938943557,-3.6679125,40.428635,2018-09-12T07:17:57+0000,2018-09-12T07:17:57+0000,mvd_fast
229541458939705,-3.6671093,40.429096,2018-09-12T07:17:42+0000,2018-09-12T07:17:42+0000,mvd_fast
229541562273028,-3.6658092,40.429462,2018-09-12T07:16:57+0000,2018-09-12T07:16:57+0000,mvd_fast
229629862264198,-3.6724122,40.426426,2018-09-12T07:18:34+0000,2025-07-17T17:38:13+0000,mvd_fast
229641898929661,-3.6704829,40.42701,2018-09-12T07:18:18+0000,2018-09-12T07:18:18+0000,trafficsign
229757605584757,-3.6684327,40.42827,2018-09-12T07:18:01+0000,2018-09-12T07:18:01+0000,trafficsign
229816258912225,-3.6679997,40.4286,2018-09-12T07:17:57+0000,2018-09-12T07:17:57+0000,trafficsign
229823398911511,-3.6669905,40.429153,2018-09-12T07:17:42+0000,2018-09-12T07:17:42+0000,trafficsign
229902602236924,-3.6689816,40.427998,2018-09-12T07:18:06+0000,2018-09-12T07:18:06+0000,trafficsign
229972758896575,-3.6724303,40.42639,2018-09-12T07:19:13+0000,2018-09-12T07:19:13+0000,trafficsign
229998792227305,-3.672175,40.426514,2018-09-12T07:18:34+0000,2018-09-12T07:18:34+0000,trafficsign
230364828857368,-3.6664023,40.429504,2018-09-12T07:17:34+0000,2018-09-12T07:17:34+0000,mvd_fast
230599448833906,-3.666233,40.429115,2018-09-12T07:16:57+0000,2018-09-12T07:16:57+0000,mvd_fast
230786048815246,-3.6699555,40.427696,2018-09-12T07:18:14+0000,2025-07-17T17:39:25+0000,mvd_fast
230798232147361,-3.6660738,40.429237,2018-09-12T07:17:30+0000,2018-09-12T07:17:30+0000,mvd_fast
230827572144427,-3.6717842,40.42671,2018-09-12T07:18:31+0000,2018-09-12T07:18:31+0000,mvd_fast
230876272139557,-3.6716168,40.426796,2018-09-12T07:18:28+0000,2025-07-17T17:39:10+0000,mvd_fast
1686267511565585,-3.6810775,40.436134,2021-02-16T08:46:04+0000,2021-02-16T08:46:04+0000,mvd_fast
1686275521564784,-3.6817377,40.436123,2021-02-16T08:45:55+0000,2021-02-16T08:45:55+0000,mvd_fast
1686320481560288,-3.6810849,40.436043,2021-02-16T08:46:03+0000,2021-02-16T08:46:03+0000,mvd_fast
1686324361559900,-3.6819177,40.436127,2021-02-16T08:45:52+0000,2021-02-16T08:45:52+0000,mvd_fast
1686345594891110,-3.680693,40.435944,2021-02-16T08:46:03+0000,2021-02-16T08:46:03+0000,mvd_fast
1686380438220959,-3.6803782,40.43608,2021-02-16T08:46:17+0000,2021-02-16T08:46:17+0000,mvd_fast
1686396268219376,-3.680786,40.43581,2021-02-16T08:46:01+0000,2021-02-16T08:46:01+0000,mvd_fast
1686416421550694,-3.6804907,40.43607,2021-02-16T08:46:22+0000,2021-02-16T08:46:22+0000,mvd_fast
1686484348210568,-3.6807249,40.435997,2021-02-16T08:46:06+0000,2021-02-16T08:46:06+0000,mvd_fast
2187416181676713,-3.6818714,40.430134,2025-04-11T18:22:28+0000,2025-04-11T18:22:40+0000,panoptic
2187416191676712,-3.681969,40.43022,2025-04-11T18:22:22+0000,2025-04-11T18:22:22+0000,panoptic
2187416201676711,-3.6819994,40.430187,2025-04-11T18:22:18+0000,2025-04-11T18:22:18+0000,panoptic
319160902934750,-3.6772568,40.42414,2016-05-22T17:08:03+0000,2016-05-22T17:08:03+0000,trafficsign
319373189580188,-3.6770673,40.424236,2016-05-22T17:08:01+0000,2016-05-22T17:08:01+0000,trafficsign
319672859550221,-3.6770465,40.424213,2016-05-22T17:08:03+0000,2016-05-22T17:08:03+0000,trafficsign
329137638603743,-3.6772547,40.424137,2016-05-22T17:08:01+0000,2016-05-22T17:08:01+0000,mvd_fast
329144238603083,-3.6784394,40.423897,2016-05-22T17:08:09+0000,2016-05-22T17:08:09+0000,mvd_fast
329190788598428,-3.678091,40.424015,2016-05-22T17:08:09+0000,2016-05-22T17:08:09+0000,mvd_fast
329342728583234,-3.6780665,40.423954,2016-05-22T17:08:09+0000,2021-06-27T12:13:07+0000,mvd_fast
329350738582433,-3.6777334,40.42415,2016-05-22T17:08:03+0000,2016-05-22T17:08:03+0000,mvd_fast
329365211914319,-3.6775851,40.42396,2016-05-22T17:08:07+0000,2025-07-17T17:37:22+0000,mvd_fast
329396775244496,-3.6774614,40.424053,2016-05-22T17:08:01+0000,2016-05-22T17:08:01+0000,mvd_fast
330092965174877,-3.6780868,40.42399,2016-05-22T17:08:09+0000,2016-05-22T17:08:09+0000,mvd_fast
771582269157109,-3.679221,40.423344,2025-07-17T17:36:05+0000,2025-07-17T17:36:05+0000,panoptic
771582289157107,-3.6789396,40.423218,2025-07-17T17:36:03+0000,2025-07-18T17:00:00+0000,panoptic
771582295823773,-3.6791625,40.423367,2025-07-17T17:36:05+0000,2025-07-18T17:00:02+0000,panoptic
771582309157105,-3.6789043,40.42325,2025-07-17T17:36:03+0000,2025-07-17T17:36:03+0000,panoptic
771582319157104,-3.6789753,40.4234,2025-07-17T17:36:06+0000,2025-07-17T17:36:06+0000,panoptic
771582332490436,-3.6792145,40.423283,2025-07-17T17:36:04+0000,2025-07-18T17:00:01+0000,panoptic
771582349157101,-3.679431,40.423214,2025-07-17T17:36:00+0000,2025-07-18T16:59:53+0000,panoptic
771582352490434,-3.6794007,40.42328,2025-07-17T17:36:03+0000,2025-07-17T17:36:03+0000,panoptic
771582392490430,-3.6791985,40.42327,2025-07-17T17:36:06+0000,2025-07-17T17:36:06+0000,panoptic
771582405823762,-3.6795123,40.423187,2025-07-17T17:35:59+0000,2025-07-18T16:59:56+0000,panoptic
771582409157095,-3.6795886,40.423187,2025-07-17T17:36:01+0000,2025-07-18T16:59:58+0000,panoptic
771582419157094,-3.679358,40.42333,2025-07-17T17:36:01+0000,2025-07-17T17:36:01+0000,panoptic
771582465823756,-3.6793687,40.423252,2025-07-17T17:36:01+0000,2025-07-17T17:36:01+0000,panoptic
771582509157085,-3.679061,40.42323,2025-07-17T17:36:06+0000,2025-07-18T17:00:04+0000,panoptic
771582519157084,-3.679008,40.423363,2025-07-17T17:36:07+0000,2025-07-18T17:00:01+0000,panoptic
771582522490417,-3.6791573,40.423214,2025-07-17T17:36:05+0000,2025-07-18T17:00:02+0000,panoptic
771582539157082,-3.6794515,40.423214,2025-07-17T17:36:03+0000,2025-07-18T16:59:58+0000,panoptic
771582595823743,-3.678956,40.42325,2025-07-17T17:36:03+0000,2025-07-18T16:59:56+0000,panoptic
771582635823739,-3.678956,40.42325,2025-07-17T17:36:04+0000,2025-07-18T17:00:00+0000,trafficsign
771582645823738,-3.679474,40.423214,2025-07-17T17:36:03+0000,2025-07-17T17:36:03+0000,panoptic
771582652490404,-3.6795213,40.423187,2025-07-17T17:36:03+0000,2025-07-17T17:36:03+0000,panoptic
771582655823737,-3.6786132,40.423565,2025-07-17T17:36:06+0000,2025-07-18T17:00:03+0000,panoptic
771582659157070,-3.6794147,40.423225,2025-07-17T17:36:03+0000,2025-07-18T16:59:59+0000,panoptic
771582672490402,-3.6790264,40.42338,2025-07-17T17:36:05+0000,2025-07-18T17:00:03+0000,panoptic
771582675823735,-3.6787465,40.42322,2025-07-17T17:36:05+0000,2025-07-18T17:00:01+0000,panoptic
771582709157065,-3.67896,40.423256,2025-07-17T17:36:02+0000,2025-07-18T16:59:57+0000,panoptic
771582715823731,-3.6785514,40.42353,2025-07-17T17:36:05+0000,2025-07-18T17:00:01+0000,panoptic
771582722490397,-3.6794324,40.42319,2025-07-17T17:36:03+0000,2025-07-18T16:59:59+0000,panoptic
771582725823730,-3.6792307,40.4233,2025-07-17T17:36:05+0000,2025-07-18T17:00:01+0000,panoptic
771582782490391,-3.6789389,40.423214,2025-07-17T17:36:07+0000,2025-07-18T17:00:03+0000,panoptic
507723280655993,-3.6789794,40.42332,2018-09-12T16:32:43+0000,2018-09-12T16:32:43+0000,mvd_fast
508638113897843,-3.679554,40.42324,2018-09-12T16:32:41+0000,2018-09-12T16:32:41+0000,mvd_fast
508676877227300,-3.678742,40.42331,2018-09-12T16:32:46+0000,2025-07-18T16:59:58+0000,mvd_fast
508816930546628,-3.678735,40.42337,2018-09-12T16:32:44+0000,2018-09-12T16:32:44+0000,mvd_fast
508874957207492,-3.6788707,40.423313,2018-09-12T16:32:44+0000,2018-09-12T16:32:44+0000,mvd_fast
509010867193901,-3.6789567,40.423275,2018-09-12T16:32:45+0000,2018-09-12T16:32:45+0000,mvd_fast
318104126365269,-3.6693711,40.43209,2019-11-01T16:05:56+0000,2019-11-01T16:05:56+0000,trafficsign
318325609676454,-3.6707518,40.431816,2019-11-01T16:06:44+0000,2019-11-01T16:06:44+0000,trafficsign
318344063007942,-3.6711526,40.431755,2019-11-01T16:07:31+0000,2019-11-01T16:07:31+0000,trafficsign
318783419630673,-3.669936,40.43196,2019-11-01T16:06:20+0000,2019-11-01T16:06:20+0000,trafficsign
318837949625220,-3.669916,40.431988,2019-11-01T16:06:23+0000,2019-11-01T16:06:23+0000,trafficsign
318839032958445,-3.6707926,40.431934,2019-11-01T16:07:24+0000,2019-11-01T16:07:24+0000,trafficsign
318884039620611,-3.6721418,40.431705,2019-11-01T16:07:38+0000,2019-11-01T16:07:38+0000,trafficsign
318974116278270,-3.6718261,40.43152,2019-11-01T16:07:37+0000,2019-11-01T16:07:37+0000,trafficsign
319634036212278,-3.67222,40.43173,2019-11-01T16:07:34+0000,2019-11-01T16:07:34+0000,mvd_fast
319665016209180,-3.6713574,40.431854,2019-11-01T16:07:27+0000,2019-11-01T16:07:27+0000,mvd_fast
319676126208069,-3.672035,40.431343,2019-11-01T16:07:41+0000,2019-11-01T16:07:41+0000,mvd_fast
319677222874626,-3.672032,40.431396,2019-11-01T16:07:38+0000,2019-11-01T16:07:38+0000,mvd_fast
319680372874311,-3.6721122,40.43175,2019-11-01T16:07:38+0000,2024-02-15T18:04:30+0000,mvd_fast
319680469540968,-3.6720684,40.431427,2019-11-01T16:07:37+0000,2019-11-01T16:07:37+0000,mvd_fast
319711739537841,-3.671427,40.43167,2019-11-01T16:07:33+0000,2019-11-01T16:07:33+0000,mvd_fast
319727896202892,-3.6720145,40.431454,2019-11-01T16:07:34+0000,2019-11-01T16:07:34+0000,mvd_fast
319728479536167,-3.671475,40.43181,2019-11-01T16:07:25+0000,2019-11-01T16:07:25+0000,mvd_fast
319734626202219,-3.6713955,40.43168,2019-11-01T16:07:29+0000,2021-10-11T13:28:28+0000,mvd_fast
319735219535493,-3.6693575,40.431908,2019-11-01T16:06:02+0000,2019-11-01T16:06:02+0000,mvd_fast
319738282868520,-3.668683,40.43197,2019-11-01T16:05:44+0000,2019-11-01T16:05:44+0000,mvd_fast
319748939534121,-3.670292,40.432034,2019-11-01T16:06:20+0000,2019-11-01T16:06:20+0000,mvd_fast
319759969533018,-3.6717906,40.431763,2019-11-01T16:07:29+0000,2024-09-13T11:01:28+0000,mvd_fast
319770239531991,-3.6714668,40.43184,2019-11-01T16:07:34+0000,2019-11-01T16:07:34+0000,mvd_fast
319770786198603,-3.6721354,40.431652,2019-11-01T16:07:38+0000,2019-11-01T16:07:38+0000,mvd_fast
319789426196739,-3.669928,40.431973,2019-11-01T16:06:04+0000,2019-11-01T16:06:04+0000,mvd_fast
319790392863309,-3.6686609,40.431965,2019-11-01T16:05:46+0000,2019-11-01T16:05:46+0000,mvd_fast
319792992863049,-3.672158,40.431446,2019-11-01T16:07:38+0000,2019-11-01T16:07:38+0000,mvd_fast
319793079529707,-3.672043,40.431423,2019-11-01T16:07:33+0000,2019-11-01T16:07:33+0000,mvd_fast
319811846194497,-3.6715603,40.43186,2019-11-01T16:07:32+0000,2024-02-15T18:04:29+0000,mvd_fast
319823512859997,-3.6720455,40.43142,2019-11-01T16:07:41+0000,2019-11-01T16:07:41+0000,mvd_fast
319829089526106,-3.6714716,40.431835,2019-11-01T16:07:32+0000,2019-11-01T16:07:32+0000,mvd_fast
319837669525248,-3.6699011,40.43201,2019-11-01T16:06:17+0000,2019-11-01T16:06:17+0000,mvd_fast
319838059525209,-3.6719816,40.431473,2019-11-01T16:07:32+0000,2019-11-01T16:07:32+0000,mvd_fast
319849022857446,-3.6705284,40.431946,2019-11-01T16:06:20+0000,2019-11-01T16:06:20+0000,mvd_fast
319855482856800,-3.6715806,40.43188,2019-11-01T16:07:25+0000,2019-11-01T16:07:25+0000,mvd_fast
319856869523328,-3.6705627,40.43191,2019-11-01T16:07:24+0000,2019-11-01T16:07:24+0000,mvd_fast
319876222854726,-3.669904,40.43198,2019-11-01T16:06:23+0000,2019-11-01T16:06:23+0000,mvd_fast
319880326187649,-3.6694815,40.431908,2019-11-01T16:05:56+0000,2019-11-01T16:05:56+0000,mvd_fast
319890892853259,-3.668425,40.432003,2019-11-01T16:05:46+0000,2019-11-01T16:05:46+0000,mvd_fast
319897706185911,-3.6693044,40.431942,2019-11-01T16:06:02+0000,2019-11-01T16:06:02+0000,mvd_fast
319902346185447,-3.6687188,40.43199,2019-11-01T16:05:47+0000,2019-11-01T16:05:47+0000,mvd_fast
319907382851610,-3.6715953,40.431713,2019-11-01T16:07:27+0000,2019-11-01T16:07:27+0000,mvd_fast
319921146183567,-3.6699338,40.431995,2019-11-01T16:06:23+0000,2019-11-01T16:06:23+0000,mvd_fast
319946272847721,-3.6713161,40.43176,2019-11-01T16:07:30+0000,2019-11-01T16:07:30+0000,mvd_fast
319983922843956,-3.6680512,40.432163,2019-11-01T16:05:34+0000,2019-11-01T16:05:34+0000,mvd_fast
319991376176544,-3.669516,40.43205,2019-11-01T16:06:06+0000,2019-11-01T16:06:06+0000,mvd_fast
320530759455939,-3.6718042,40.43151,2019-11-01T16:07:37+0000,2019-11-01T16:07:37+0000,mvd_fast
768739733782537,-3.6778488,40.42375,2016-11-18T10:40:04+0000,2016-11-18T10:40:04+0000,trafficsign
776861116303732,-3.6793609,40.423325,2016-11-18T10:39:37+0000,2016-11-18T10:39:37+0000,mvd_fast
776896596300184,-3.677484,40.42395,2016-11-18T10:39:59+0000,2018-09-12T16:32:56+0000,mvd_fast
776896699633507,-3.6778688,40.42394,2016-11-18T10:40:03+0000,2016-11-18T10:40:03+0000,mvd_fast
776937772962733,-3.6786225,40.423283,2016-11-18T10:39:49+0000,2025-07-17T17:36:08+0000,mvd_fast
776952329627944,-3.6796155,40.42322,2016-11-18T10:39:35+0000,2025-07-18T16:59:53+0000,mvd_fast
776986392957871,-3.6778615,40.42393,2016-11-18T10:40:00+0000,2016-11-18T10:40:00+0000,mvd_fast
776987502957760,-3.678112,40.423496,2016-11-18T10:39:56+0000,2016-11-18T10:39:56+0000,mvd_fast
776989346290909,-3.6786027,40.423393,2016-11-18T10:39:51+0000,2016-11-18T10:39:51+0000,mvd_fast
776996566290187,-3.6791084,40.423492,2016-11-18T10:39:39+0000,2016-11-18T10:39:39+0000,mvd_fast
777014069621770,-3.6776068,40.423847,2016-11-18T10:40:08+0000,2016-11-18T10:40:08+0000,mvd_fast
777018912954619,-3.6783595,40.423725,2016-11-18T10:39:56+0000,2016-11-18T10:39:56+0000,mvd_fast
777024276287416,-3.6795294,40.423214,2016-11-18T10:39:38+0000,2025-07-18T16:59:54+0000,mvd_fast
777059852950525,-3.6784873,40.423748,2016-11-18T10:39:50+0000,2016-11-18T10:39:50+0000,mvd_fast
777099019613275,-3.6783636,40.42371,2016-11-18T10:39:53+0000,2025-07-17T17:36:13+0000,mvd_fast
777134162943094,-3.6777399,40.423763,2016-11-18T10:40:04+0000,2016-11-18T10:40:04+0000,mvd_fast
1063682849200733,-3.6795027,40.423363,2025-07-18T16:59:53+0000,2025-07-18T16:59:53+0000,panoptic
1063682879200730,-3.6787586,40.423206,2025-07-18T17:00:07+0000,2025-07-18T17:00:07+0000,panoptic
1063682889200729,-3.678693,40.423313,2025-07-18T17:00:07+0000,2025-07-18T17:00:07+0000,panoptic
1063683125867372,-3.6787455,40.423256,2025-07-18T17:00:09+0000,2025-07-18T17:00:09+0000,panoptic
1063683195867365,-3.6788726,40.423496,2025-07-18T17:00:06+0000,2025-07-18T17:00:06+0000,panoptic
1063683249200693,-3.6788714,40.423492,2025-07-18T17:00:07+0000,2025-07-18T17:00:07+0000,panoptic
854104585312874,-3.6773949,40.42421,2021-06-27T12:13:02+0000,2021-06-27T12:13:02+0000,panoptic
854104595312873,-3.6781642,40.423843,2021-06-27T12:13:09+0000,2021-06-27T12:13:09+0000,panoptic
854104601979539,-3.6774852,40.42395,2021-06-27T12:13:06+0000,2021-06-27T12:13:06+0000,panoptic
854104608646205,-3.6771796,40.4243,2021-06-27T12:13:04+0000,2021-06-27T12:13:04+0000,panoptic
854104611979538,-3.6773343,40.42424,2021-06-27T12:13:05+0000,2021-06-27T12:13:05+0000,panoptic
854104615312871,-3.676653,40.42447,2021-06-27T12:13:00+0000,2021-06-27T12:13:00+0000,panoptic
854104621979537,-3.678005,40.42396,2021-06-27T12:13:07+0000,2025-07-17T17:36:16+0000,panoptic
854104625312870,-3.677514,40.423977,2021-06-27T12:13:04+0000,2021-06-27T12:13:04+0000,panoptic
854104631979536,-3.6776783,40.424072,2021-06-27T12:13:07+0000,2021-06-27T12:13:07+0000,panoptic
854104635312869,-3.677408,40.4242,2021-06-27T12:13:04+0000,2021-06-27T12:13:04+0000,panoptic
854104638646202,-3.6789684,40.423424,2021-06-27T12:13:15+0000,2025-07-18T17:00:00+0000,panoptic
854104641979535,-3.6789663,40.423523,2021-06-27T12:13:16+0000,2025-07-18T17:00:02+0000,panoptic
854104645312868,-3.6785696,40.423603,2021-06-27T12:13:12+0000,2021-06-27T12:13:12+0000,panoptic
854104661979533,-3.6773846,40.424206,2021-06-27T12:13:03+0000,2021-06-27T12:13:03+0000,panoptic
854104668646199,-3.6771486,40.424255,2021-06-27T12:13:02+0000,2021-06-27T12:13:02+0000,panoptic
854104678646198,-3.67898,40.423306,2021-06-27T12:13:16+0000,2021-06-27T12:13:16+0000,panoptic
854104681979531,-3.6768873,40.42419,2021-06-27T12:13:02+0000,2021-06-27T12:13:02+0000,panoptic
854104685312864,-3.6790788,40.42342,2021-06-27T12:13:13+0000,2021-06-27T12:13:13+0000,panoptic
912502786199720,-3.6644773,40.43003,2018-09-12T16:39:34+0000,2018-09-12T16:39:34+0000,mvd_fast
912745836175415,-3.6642444,40.430145,2018-09-12T16:39:46+0000,2018-09-12T16:39:46+0000,trafficsign
912820456167953,-3.664218,40.430134,2018-09-12T16:39:38+0000,2018-09-12T16:39:38+0000,trafficsign
913249246125074,-3.6642718,40.43019,2018-09-12T16:39:34+0000,2018-09-12T16:39:34+0000,mvd_fast
913250829458249,-3.6642818,40.430145,2018-09-12T16:39:46+0000,2021-06-27T12:09:28+0000,mvd_fast
913360086113990,-3.664246,40.43014,2018-09-12T16:39:38+0000,2018-09-12T16:39:38+0000,mvd_fast
913440202772645,-3.6643097,40.43005,2018-09-12T16:39:41+0000,2018-09-12T16:39:41+0000,mvd_fast
913697859413546,-3.664303,40.4301,2018-09-12T16:39:34+0000,2018-09-12T16:39:34+0000,mvd_fast
1855523242038587,-3.6772838,40.423904,2025-07-17T17:36:59+0000,2025-07-17T17:36:59+0000,panoptic
1855523245371920,-3.6770978,40.42394,2025-07-17T17:37:31+0000,2025-07-17T17:37:31+0000,panoptic
1855523248705253,-3.678314,40.423622,2025-07-17T17:36:14+0000,2025-07-17T17:36:14+0000,panoptic
1855523252038586,-3.677378,40.423943,2025-07-17T17:37:27+0000,2025-07-17T17:37:27+0000,panoptic
1855523255371919,-3.677397,40.423958,2025-07-17T17:37:28+0000,2025-07-17T17:37:28+0000,panoptic
1855523258705252,-3.6780622,40.42365,2025-07-17T17:36:15+0000,2025-07-17T17:36:15+0000,panoptic
1855523262038585,-3.6782947,40.423607,2025-07-17T17:36:14+0000,2025-07-17T17:36:14+0000,panoptic
1855523265371918,-3.677866,40.423733,2025-07-17T17:36:17+0000,2025-07-17T17:36:17+0000,panoptic
1855523268705251,-3.6780639,40.42368,2025-07-17T17:36:15+0000,2025-07-17T17:36:15+0000,panoptic
1855523272038584,-3.6778781,40.423756,2025-07-17T17:36:18+0000,2025-07-17T17:36:18+0000,panoptic
1855523275371917,-3.678656,40.423645,2025-07-17T17:36:11+0000,2025-07-17T17:36:11+0000,panoptic
1855523278705250,-3.677475,40.424046,2025-07-17T17:37:27+0000,2025-07-17T17:37:27+0000,panoptic
1855523282038583,-3.6771126,40.423874,2025-07-17T17:37:30+0000,2025-07-17T17:37:30+0000,panoptic
1855523285371916,-3.6770086,40.424038,2025-07-17T17:37:31+0000,2025-07-17T17:37:31+0000,panoptic
1855523288705249,-3.6771107,40.423862,2025-07-17T17:37:29+0000,2025-07-17T17:37:29+0000,panoptic
1855523292038582,-3.6779807,40.423866,2025-07-17T17:36:18+0000,2025-07-17T17:36:18+0000,panoptic
1855523298705248,-3.6781342,40.423794,2025-07-17T17:36:12+0000,2025-07-17T17:36:12+0000,panoptic
1855523302038581,-3.6779082,40.42389,2025-07-17T17:36:16+0000,2025-07-17T17:36:16+0000,panoptic
1855523305371914,-3.6779325,40.42388,2025-07-17T17:36:17+0000,2025-07-17T17:36:17+0000,panoptic
1855523308705247,-3.6781483,40.42379,2025-07-17T17:36:12+0000,2025-07-17T17:36:12+0000,panoptic
1855523312038580,-3.678303,40.42373,2025-07-17T17:36:12+0000,2025-07-17T17:36:12+0000,panoptic
1855523318705246,-3.677245,40.42386,2025-07-17T17:37:28+0000,2025-07-17T17:37:28+0000,panoptic
1855523322038579,-3.6781833,40.423782,2025-07-17T17:36:12+0000,2025-07-17T17:36:12+0000,panoptic
1855523325371912,-3.678474,40.423653,2025-07-17T17:36:11+0000,2025-07-17T17:36:11+0000,panoptic
1855523328705245,-3.6782627,40.42374,2025-07-17T17:36:11+0000,2025-07-17T17:36:11+0000,panoptic
1855523332038578,-3.678474,40.423336,2025-07-17T17:36:11+0000,2025-07-17T17:36:11+0000,panoptic
1855523335371911,-3.6784153,40.423355,2025-07-17T17:36:10+0000,2025-07-17T17:36:10+0000,panoptic
1855523342038577,-3.6790028,40.423397,2025-07-17T17:36:08+0000,2025-07-18T17:00:04+0000,panoptic
1855523345371910,-3.6786337,40.423298,2025-07-17T17:36:08+0000,2025-07-17T17:36:08+0000,panoptic
1855523348705243,-3.6787271,40.423214,2025-07-17T17:36:08+0000,2025-07-18T17:00:10+0000,panoptic
1855523352038576,-3.6787043,40.42327,2025-07-17T17:36:08+0000,2025-07-18T17:00:06+0000,panoptic
1855523355371909,-3.6786826,40.42329,2025-07-17T17:36:09+0000,2025-07-18T17:00:06+0000,panoptic
1855523358705242,-3.6773827,40.42379,2025-07-17T17:37:27+0000,2025-07-17T17:37:27+0000,panoptic
1855523362038575,-3.678393,40.423626,2025-07-17T17:36:12+0000,2025-07-17T17:36:12+0000,panoptic
1855523365371908,-3.6788967,40.423218,2025-07-17T17:36:08+0000,2025-07-17T17:36:08+0000,panoptic
1855523368705241,-3.6786942,40.423607,2025-07-17T17:36:08+0000,2025-07-18T17:00:08+0000,panoptic
1855523372038574,-3.6789126,40.423237,2025-07-17T17:36:08+0000,2025-07-18T17:00:05+0000,panoptic
1855523378705240,-3.6782153,40.423702,2025-07-17T17:36:16+0000,2025-07-17T17:36:16+0000,panoptic
1855523382038573,-3.6787064,40.423325,2025-07-17T17:36:08+0000,2025-07-18T17:00:08+0000,panoptic
1855523385371906,-3.6780157,40.423786,2025-07-17T17:36:15+0000,2025-07-17T17:36:15+0000,panoptic
1855523388705239,-3.67823,40.423725,2025-07-17T17:36:14+0000,2025-07-17T17:36:14+0000,panoptic
1855523392038572,-3.6780317,40.42381,2025-07-17T17:36:17+0000,2025-07-17T17:36:17+0000,panoptic
1855523395371905,-3.678048,40.42391,2025-07-17T17:36:16+0000,2025-07-17T17:36:16+0000,panoptic
1855523398705238,-3.6774752,40.42417,2025-07-17T17:37:24+0000,2025-07-17T17:37:24+0000,panoptic
1855523402038571,-3.6785662,40.423325,2025-07-17T17:36:09+0000,2025-07-17T17:36:09+0000,panoptic
1855523405371904,-3.6773815,40.423798,2025-07-17T17:37:27+0000,2025-07-17T17:37:27+0000,panoptic
1855523408705237,-3.677323,40.423874,2025-07-17T17:37:26+0000,2025-07-17T17:37:26+0000,panoptic
1855523412038570,-3.6776094,40.423958,2025-07-17T17:37:24+0000,2025-07-17T17:37:24+0000,panoptic
1855523415371903,-3.6776247,40.42398,2025-07-17T17:37:24+0000,2025-07-17T17:37:24+0000,panoptic
1855523418705236,-3.6775236,40.423798,2025-07-17T17:37:21+0000,2025-07-17T17:37:21+0000,panoptic
1855523422038569,-3.677779,40.42388,2025-07-17T17:36:19+0000,2025-07-17T17:36:19+0000,panoptic
1855523425371902,-3.6777978,40.42391,2025-07-17T17:36:17+0000,2025-07-17T17:36:17+0000,panoptic
1855523428705235,-3.6771166,40.424168,2025-07-17T17:37:29+0000,2025-07-17T17:37:29+0000,panoptic
1855523432038568,-3.677028,40.42404,2025-07-17T17:37:28+0000,2025-07-17T17:37:28+0000,panoptic
1855523435371901,-3.6774578,40.42402,2025-07-17T17:37:27+0000,2025-07-17T17:37:27+0000,panoptic
1855523438705234,-3.6772444,40.42385,2025-07-17T17:37:28+0000,2025-07-17T17:37:28+0000,panoptic
1855523442038567,-3.6782928,40.42355,2025-07-17T17:36:13+0000,2025-07-17T17:36:13+0000,panoptic
1855523452038566,-3.6786208,40.423626,2025-07-17T17:36:09+0000,2025-07-18T17:00:01+0000,panoptic
1855523455371899,-3.6786242,40.423622,2025-07-17T17:36:08+0000,2025-07-18T17:00:02+0000,panoptic
1855523465371898,-3.6790092,40.423393,2025-07-17T17:36:08+0000,2025-07-18T17:00:04+0000,panoptic
1855523468705231,-3.6789033,40.423218,2025-07-17T17:36:08+0000,2025-07-18T17:00:04+0000,panoptic
1855523472038564,-3.6774433,40.424057,2025-07-17T17:37:27+0000,2025-07-17T17:37:27+0000,panoptic
1855523475371897,-3.6783001,40.42339,2025-07-17T17:36:10+0000,2025-07-17T17:36:10+0000,panoptic
1855523478705230,-3.6780286,40.423767,2025-07-17T17:36:15+0000,2025-07-17T17:36:15+0000,panoptic
1855523482038563,-3.6782484,40.42367,2025-07-17T17:36:14+0000,2025-07-17T17:36:14+0000,panoptic
1855523485371896,-3.6785898,40.42334,2025-07-17T17:36:10+0000,2025-07-17T17:36:10+0000,panoptic
1855523488705229,-3.6782737,40.423523,2025-07-17T17:36:13+0000,2025-07-17T17:36:13+0000,panoptic
1855523492038562,-3.6776662,40.423904,2025-07-17T17:37:24+0000,2025-07-17T17:37:24+0000,panoptic
1855523495371895,-3.6784585,40.423626,2025-07-17T17:36:12+0000,2025-07-17T17:36:12+0000,panoptic
1855523498705228,-3.6774995,40.423893,2025-07-17T17:37:26+0000,2025-07-17T17:37:26+0000,panoptic
1855523502038561,-3.6775286,40.423878,2025-07-17T17:37:25+0000,2025-07-17T17:37:25+0000,panoptic
1855523505371894,-3.6785731,40.423504,2025-07-17T17:36:11+0000,2025-07-17T17:36:11+0000,panoptic
1855523508705227,-3.6782572,40.423565,2025-07-17T17:36:14+0000,2025-07-17T17:36:14+0000,panoptic
1855523512038560,-3.6782315,40.423576,2025-07-17T17:36:14+0000,2025-07-17T17:36:14+0000,panoptic
1855523515371893,-3.6780884,40.423798,2025-07-17T17:36:17+0000,2025-07-17T17:36:17+0000,panoptic
1855523518705226,-3.678282,40.42342,2025-07-17T17:36:12+0000,2025-07-17T17:36:12+0000,panoptic
1855523522038559,-3.678763,40.42358,2025-07-17T17:36:10+0000,2025-07-17T17:36:10+0000,panoptic
1855523525371892,-3.6781614,40.423786,2025-07-17T17:36:14+0000,2025-07-17T17:36:14+0000,panoptic
1855523528705225,-3.6786768,40.423283,2025-07-17T17:36:08+0000,2025-07-18T17:00:11+0000,panoptic
1855523532038558,-3.6770678,40.424248,2025-07-17T17:37:31+0000,2025-07-17T17:37:31+0000,panoptic
1855523535371891,-3.677209,40.424183,2025-07-17T17:37:31+0000,2025-07-17T17:37:31+0000,panoptic
1855523538705224,-3.677728,40.42398,2025-07-17T17:36:18+0000,2025-07-17T17:36:18+0000,panoptic
1855523542038557,-3.6777763,40.42394,2025-07-17T17:36:15+0000,2025-07-17T17:36:15+0000,panoptic
1855523545371890,-3.677459,40.42409,2025-07-17T17:37:21+0000,2025-07-17T17:37:21+0000,panoptic
1855523548705223,-3.6777537,40.42392,2025-07-17T17:36:21+0000,2025-07-17T17:36:21+0000,panoptic
1855523555371889,-3.6774848,40.423767,2025-07-17T17:36:19+0000,2025-07-17T17:36:19+0000,panoptic
1855523558705222,-3.6778688,40.423668,2025-07-17T17:36:17+0000,2025-07-17T17:36:17+0000,panoptic
1855523565371888,-3.6782134,40.42377,2025-07-17T17:36:15+0000,2025-07-17T17:36:15+0000,panoptic
1855523568705221,-3.6788576,40.423244,2025-07-17T17:36:08+0000,2025-07-18T17:00:09+0000,panoptic
1855523572038554,-3.677218,40.42418,2025-07-17T17:37:31+0000,2025-07-17T17:37:31+0000,panoptic
1855523575371887,-3.6770256,40.42403,2025-07-17T17:37:31+0000,2025-07-17T17:37:31+0000,panoptic
1855523578705220,-3.6770725,40.423866,2025-07-17T17:37:29+0000,2025-07-17T17:37:29+0000,panoptic
1855523582038553,-3.676975,40.423862,2025-07-17T17:37:30+0000,2025-07-17T17:37:30+0000,panoptic
1855523585371886,-3.677309,40.423885,2025-07-17T17:37:22+0000,2025-07-17T17:37:22+0000,panoptic
1855523588705219,-3.6773896,40.42385,2025-07-17T17:36:17+0000,2025-07-17T17:36:17+0000,panoptic
1855523592038552,-3.677431,40.424065,2025-07-17T17:37:27+0000,2025-07-17T17:37:27+0000,panoptic
1855523595371885,-3.6770027,40.42422,2025-07-17T17:37:28+0000,2025-07-17T17:37:28+0000,panoptic
1855523598705218,-3.6785934,40.423367,2025-07-17T17:36:11+0000,2025-07-17T17:36:11+0000,panoptic
1855523602038551,-3.6785927,40.423344,2025-07-17T17:36:10+0000,2025-07-17T17:36:10+0000,panoptic
1855523605371884,-3.6786027,40.423355,2025-07-17T17:36:11+0000,2025-07-17T17:36:11+0000,panoptic
1855523608705217,-3.6779854,40.423626,2025-07-17T17:36:14+0000,2025-07-17T17:36:14+0000,panoptic
1855523612038550,-3.677168,40.423885,2025-07-17T17:37:26+0000,2025-07-17T17:37:26+0000,panoptic
1855523615371883,-3.677392,40.42384,2025-07-17T17:37:24+0000,2025-07-17T17:37:24+0000,panoptic
1855523618705216,-3.6774096,40.42385,2025-07-17T17:36:18+0000,2025-07-17T17:36:18+0000,panoptic
1855523628705215,-3.6769178,40.424076,2025-07-17T17:37:26+0000,2025-07-17T17:37:26+0000,panoptic
1855523632038548,-3.6787138,40.423313,2025-07-17T17:36:08+0000,2025-07-18T17:00:04+0000,panoptic
1855523635371881,-3.6768503,40.42412,2025-07-17T17:37:31+0000,2025-07-17T17:37:31+0000,panoptic
1855523638705214,-3.6780555,40.42379,2025-07-17T17:36:16+0000,2025-07-17T17:36:16+0000,panoptic
1855523642038547,-3.6780074,40.423576,2025-07-17T17:36:16+0000,2025-07-17T17:36:16+0000,panoptic
1855523645371880,-3.6775794,40.424,2025-07-17T17:37:24+0000,2025-07-17T17:37:24+0000,panoptic
1855523648705213,-3.678291,40.423393,2025-07-17T17:36:11+0000,2025-07-17T17:36:11+0000,panoptic
1855523652038546,-3.6784716,40.423615,2025-07-17T17:36:10+0000,2025-07-17T17:36:10+0000,panoptic
1855523655371879,-3.6782563,40.423508,2025-07-17T17:36:10+0000,2025-07-17T17:36:10+0000,panoptic
1855523662038545,-3.6785178,40.42339,2025-07-17T17:36:08+0000,2025-07-17T17:36:08+0000,panoptic
1855523665371878,-3.6786985,40.423317,2025-07-17T17:36:08+0000,2025-07-18T17:00:05+0000,panoptic
1855523675371877,-3.6771228,40.42398,2025-07-17T17:37:32+0000,2025-07-17T17:37:32+0000,panoptic
1855523678705210,-3.6782916,40.423393,2025-07-17T17:36:11+0000,2025-07-17T17:36:11+0000,trafficsign
1855523682038543,-3.677985,40.423626,2025-07-17T17:36:15+0000,2025-07-17T17:36:15+0000,trafficsign
1855523685371876,-3.6772413,40.423927,2025-07-17T17:37:31+0000,2025-07-17T17:37:31+0000,trafficsign
1855523688705209,-3.6771235,40.42398,2025-07-17T17:37:33+0000,2025-07-17T17:37:33+0000,trafficsign
1855523692038542,-3.6785195,40.42339,2025-07-17T17:36:12+0000,2025-07-17T17:36:12+0000,trafficsign
1855523695371875,-3.6772404,40.423927,2025-07-17T17:37:29+0000,2025-07-17T17:37:29+0000,trafficsign
1855523702038541,-3.6786993,40.42331,2025-07-17T17:36:10+0000,2025-07-17T17:36:10+0000,trafficsign
1855523705371874,-3.6780555,40.42379,2025-07-17T17:36:17+0000,2025-07-17T17:36:17+0000,trafficsign
1855523708705207,-3.6775687,40.42401,2025-07-17T17:37:27+0000,2025-07-17T17:37:27+0000,trafficsign
1855523712038540,-3.677472,40.424038,2025-07-17T17:37:26+0000,2025-07-17T17:37:26+0000,trafficsign
1855523715371873,-3.6772408,40.423927,2025-07-17T17:37:29+0000,2025-07-17T17:37:29+0000,panoptic
1855523718705206,-3.6782248,40.42372,2025-07-17T17:36:15+0000,2025-07-17T17:36:15+0000,panoptic
1855523722038539,-3.6777983,40.4239,2025-07-17T17:36:21+0000,2025-07-17T17:36:21+0000,panoptic
1855523728705205,-3.6779356,40.423843,2025-07-17T17:36:18+0000,2025-07-17T17:36:18+0000,panoptic
1855523732038538,-3.6779423,40.42364,2025-07-17T17:36:16+0000,2025-07-17T17:36:16+0000,panoptic
1855523735371871,-3.6786933,40.423607,2025-07-17T17:36:08+0000,2025-07-18T17:00:03+0000,panoptic
1855523738705204,-3.6782928,40.423393,2025-07-17T17:36:13+0000,2025-07-17T17:36:13+0000,panoptic
1855523742038537,-3.6781988,40.42353,2025-07-17T17:36:12+0000,2025-07-17T17:36:12+0000,panoptic
1855523752038536,-3.6771636,40.423885,2025-07-17T17:37:29+0000,2025-07-17T17:37:29+0000,panoptic
1855523755371869,-3.6770272,40.42402,2025-07-17T17:37:28+0000,2025-07-17T17:37:28+0000,panoptic
1855523758705202,-3.6775453,40.423782,2025-07-17T17:36:18+0000,2025-07-17T17:36:18+0000,panoptic
1855523762038535,-3.6774626,40.42404,2025-07-17T17:37:28+0000,2025-07-17T17:37:28+0000,panoptic
1855523765371868,-3.6769695,40.42407,2025-07-17T17:37:28+0000,2025-07-17T17:37:28+0000,panoptic
1855523768705201,-3.6770823,40.423954,2025-07-17T17:37:29+0000,2025-07-17T17:37:29+0000,panoptic
1855523772038534,-3.6770303,40.42402,2025-07-17T17:37:26+0000,2025-07-17T17:37:26+0000,panoptic
1855523775371867,-3.677313,40.423946,2025-07-17T17:36:20+0000,2025-07-17T17:36:20+0000,panoptic
1855523778705200,-3.6777265,40.423786,2025-07-17T17:36:15+0000,2025-07-17T17:36:15+0000,panoptic
1855523782038533,-3.6777008,40.423748,2025-07-17T17:36:14+0000,2025-07-17T17:36:14+0000,panoptic
1855523785371866,-3.677095,40.424175,2025-07-17T17:37:32+0000,2025-07-17T17:37:32+0000,panoptic
1855523795371865,-3.6771083,40.423985,2025-07-17T17:37:30+0000,2025-07-17T17:37:30+0000,panoptic
1855523798705198,-3.6770747,40.424145,2025-07-17T17:36:22+0000,2025-07-17T17:36:22+0000,panoptic
1855523802038531,-3.677442,40.424,2025-07-17T17:36:16+0000,2025-07-17T17:36:16+0000,panoptic
1855523805371864,-3.6772833,40.42391,2025-07-17T17:37:29+0000,2025-07-17T17:37:29+0000,panoptic
1855523808705197,-3.6788256,40.423508,2025-07-17T17:36:09+0000,2025-07-17T17:36:09+0000,panoptic
1855523812038530,-3.6786444,40.423553,2025-07-17T17:36:10+0000,2025-07-17T17:36:10+0000,panoptic
1855523815371863,-3.678627,40.42353,2025-07-17T17:36:09+0000,2025-07-17T17:36:09+0000,panoptic
1855523818705196,-3.6781185,40.42377,2025-07-17T17:36:14+0000,2025-07-17T17:36:14+0000,panoptic
1855523822038529,-3.6771228,40.42398,2025-07-17T17:37:31+0000,2025-07-17T17:37:31+0000,panoptic
1855523825371862,-3.6770158,40.42404,2025-07-17T17:37:27+0000,2025-07-17T17:37:27+0000,panoptic
1855523828705195,-3.6775682,40.42401,2025-07-17T17:37:24+0000,2025-07-17T17:37:24+0000,panoptic
1855523832038528,-3.677472,40.424038,2025-07-17T17:37:23+0000,2025-07-17T17:37:23+0000,panoptic
1855523835371861,-3.6772418,40.423927,2025-07-17T17:37:23+0000,2025-07-17T17:37:23+0000,panoptic
1855523838705194,-3.677464,40.42404,2025-07-17T17:36:21+0000,2025-07-17T17:36:21+0000,panoptic
1855523842038527,-3.678586,40.423527,2025-07-17T17:36:10+0000,2025-07-17T17:36:10+0000,panoptic
1855523845371860,-3.6781187,40.42377,2025-07-17T17:36:15+0000,2025-07-17T17:36:15+0000,panoptic
1855523848705193,-3.6784718,40.423615,2025-07-17T17:36:10+0000,2025-07-17T17:36:10+0000,panoptic
1855523852038526,-3.678377,40.423397,2025-07-17T17:36:12+0000,2025-07-17T17:36:12+0000,panoptic
1855523855371859,-3.6789305,40.423214,2025-07-17T17:36:08+0000,2025-07-17T17:36:08+0000,panoptic
1855523858705192,-3.6778526,40.42387,2025-07-17T17:36:18+0000,2025-07-17T17:36:18+0000,panoptic
1855523862038525,-3.6788747,40.423515,2025-07-17T17:36:08+0000,2025-07-17T17:36:08+0000,panoptic
1855523865371858,-3.6770806,40.42395,2025-07-17T17:37:30+0000,2025-07-17T17:37:30+0000,panoptic
1855523868705191,-3.6770318,40.42402,2025-07-17T17:37:30+0000,2025-07-17T17:37:30+0000,panoptic
1855523872038524,-3.677846,40.42388,2025-07-17T17:36:20+0000,2025-07-17T17:36:20+0000,panoptic
1855523875371857,-3.6775448,40.423786,2025-07-17T17:36:19+0000,2025-07-17T17:36:19+0000,panoptic
1855523878705190,-3.6786044,40.423557,2025-07-17T17:36:12+0000,2025-07-17T17:36:12+0000,panoptic
1855523882038523,-3.6771097,40.423985,2025-07-17T17:37:31+0000,2025-07-17T17:37:31+0000,panoptic
270020164873069,-3.676173,40.424644,2018-09-12T07:21:13+0000,2018-09-12T07:21:13+0000,mvd_fast
270141614860924,-3.6754017,40.424904,2018-09-12T07:20:54+0000,2018-09-12T07:20:54+0000,mvd_fast
270145724860513,-3.676737,40.42417,2018-09-12T07:21:17+0000,2018-09-12T07:21:17+0000,mvd_fast
270174994857586,-3.6790001,40.423244,2018-09-12T07:21:39+0000,2025-07-18T17:00:03+0000,mvd_fast
270195318188887,-3.6767683,40.42414,2018-09-12T07:21:17+0000,2018-09-12T07:21:17+0000,mvd_fast
270204938187925,-3.6761847,40.424652,2018-09-12T07:21:13+0000,2018-09-12T07:21:13+0000,mvd_fast
270219044853181,-3.6770463,40.424202,2018-09-12T07:21:20+0000,2018-09-12T07:21:20+0000,mvd_fast
270290138179405,-3.6784282,40.423584,2018-09-12T07:21:32+0000,2018-09-12T07:21:32+0000,mvd_fast
270341011507651,-3.6763313,40.42441,2018-09-12T07:21:20+0000,2018-09-12T07:21:20+0000,mvd_fast
270403574834728,-3.6754384,40.42495,2018-09-12T07:20:56+0000,2018-09-12T07:20:56+0000,mvd_fast
270410784834007,-3.676723,40.424328,2018-09-12T07:21:19+0000,2018-09-12T07:21:19+0000,mvd_fast
270448354830250,-3.678232,40.42374,2018-09-12T07:21:32+0000,2025-07-17T17:36:15+0000,mvd_fast
270478448160574,-3.676174,40.424675,2018-09-12T07:21:15+0000,2025-07-17T17:37:40+0000,mvd_fast
270535818154837,-3.6788576,40.423492,2018-09-12T07:21:33+0000,2025-07-17T17:36:08+0000,mvd_fast
270725191469233,-3.6753018,40.42454,2018-09-12T07:20:50+0000,2018-09-12T07:20:50+0000,trafficsign
270817908126628,-3.6753085,40.42502,2018-09-12T07:20:56+0000,2018-09-12T07:20:56+0000,trafficsign
270829978125421,-3.678859,40.42349,2018-09-12T07:21:36+0000,2018-09-12T07:21:36+0000,trafficsign
270909838117435,-3.675411,40.424915,2018-09-12T07:20:56+0000,2018-09-12T07:20:56+0000,trafficsign
270916278116791,-3.6753082,40.42502,2018-09-12T07:20:54+0000,2018-09-12T07:20:54+0000,trafficsign
270916568116762,-3.6754405,40.42495,2018-09-12T07:20:56+0000,2018-09-12T07:20:56+0000,trafficsign
270920751449677,-3.6787417,40.423576,2018-09-12T07:21:34+0000,2018-09-12T07:21:34+0000,trafficsign
271892804685805,-3.6772702,40.424164,2018-09-12T07:21:23+0000,2018-09-12T07:21:23+0000,mvd_fast
476362316781084,-3.6793587,40.423313,2016-05-22T17:08:21+0000,2016-05-22T17:08:21+0000,mvd_fast
476381460112503,-3.6793063,40.42335,2016-05-22T17:08:23+0000,2016-05-22T17:08:23+0000,mvd_fast
336076951190565,-3.6784997,40.423622,2016-05-22T17:08:13+0000,2016-05-22T17:08:13+0000,mvd_fast
336078147857112,-3.6784065,40.423874,2016-05-22T17:08:13+0000,2016-05-22T17:08:13+0000,mvd_fast
893595396237715,-3.6816928,40.43279,2024-11-26T08:29:52+0000,2024-11-26T08:30:00+0000,panoptic
893595399571048,-3.6815221,40.432762,2024-11-26T08:29:52+0000,2024-11-26T08:29:52+0000,panoptic
183121923696274,-3.6789927,40.436,2021-02-16T08:46:36+0000,2021-02-16T08:46:36+0000,mvd_fast
183314810343652,-3.679211,40.436058,2021-02-16T08:46:36+0000,2021-02-16T08:46:36+0000,mvd_fast
184012716940528,-3.6791618,40.43608,2021-02-16T08:46:37+0000,2021-02-16T08:46:37+0000,mvd_fast
1498020463863447,-3.6790724,40.436752,2021-02-16T08:47:02+0000,2021-02-16T08:47:02+0000,mvd_fast
962699117809963,-3.6649666,40.432735,2019-11-01T16:03:31+0000,2019-11-01T16:03:31+0000,trafficsign
962755361137672,-3.6658413,40.43256,2019-11-01T16:03:43+0000,2019-11-01T16:03:43+0000,trafficsign
963066891106519,-3.6666086,40.43223,2019-11-01T16:04:20+0000,2019-11-01T16:04:20+0000,trafficsign
963507347729140,-3.6646798,40.433243,2019-11-01T16:03:02+0000,2019-11-01T16:03:02+0000,trafficsign
963616494384892,-3.6652071,40.432632,2019-11-01T16:03:37+0000,2019-11-01T16:03:37+0000,trafficsign
963621034384438,-3.664487,40.433434,2019-11-01T16:03:06+0000,2019-11-01T16:03:06+0000,trafficsign
963711041042104,-3.6674557,40.432396,2019-11-01T16:04:55+0000,2019-11-01T16:04:55+0000,trafficsign
964198337660041,-3.6660824,40.43254,2019-11-01T16:04:15+0000,2019-11-01T16:04:15+0000,trafficsign
964423790970829,-3.6665573,40.432426,2019-11-01T16:04:25+0000,2019-11-01T16:04:25+0000,mvd_fast
964499954296546,-3.665867,40.43255,2019-11-01T16:03:54+0000,2019-11-01T16:03:54+0000,mvd_fast
964503557629519,-3.6670656,40.43242,2019-11-01T16:04:28+0000,2019-11-01T16:04:28+0000,mvd_fast
964505867629288,-3.6674275,40.432404,2019-11-01T16:04:39+0000,2019-11-01T16:04:39+0000,mvd_fast
964507244295817,-3.6675546,40.432377,2019-11-01T16:04:34+0000,2019-11-01T16:04:34+0000,mvd_fast
964511880962020,-3.6669662,40.43231,2019-11-01T16:04:31+0000,2019-11-01T16:04:31+0000,mvd_fast
964518847627990,-3.664224,40.433617,2019-11-01T16:03:01+0000,2021-10-11T13:25:47+0000,mvd_fast
964521880961020,-3.6658108,40.43252,2019-11-01T16:04:13+0000,2019-11-01T16:04:13+0000,mvd_fast
964521890961019,-3.6655726,40.432545,2019-11-01T16:03:54+0000,2019-11-01T16:03:54+0000,mvd_fast
964533957626479,-3.6670277,40.432415,2019-11-01T16:04:34+0000,2019-11-01T16:04:34+0000,mvd_fast
964534617626413,-3.6674457,40.432236,2019-11-01T16:04:34+0000,2019-11-01T16:04:34+0000,mvd_fast
964541520959056,-3.6670473,40.43237,2019-11-01T16:04:23+0000,2019-11-01T16:04:23+0000,mvd_fast
964550754291466,-3.6660032,40.43255,2019-11-01T16:03:48+0000,2021-10-11T13:26:20+0000,mvd_fast
964555640957644,-3.6656303,40.432617,2019-11-01T16:03:48+0000,2019-11-01T16:03:48+0000,mvd_fast
964558094290732,-3.6656325,40.43262,2019-11-01T16:03:48+0000,2019-11-01T16:03:48+0000,mvd_fast
964560900957118,-3.6658869,40.432503,2019-11-01T16:03:44+0000,2019-11-01T16:03:44+0000,mvd_fast
964561164290425,-3.666977,40.432304,2019-11-01T16:04:31+0000,2019-11-01T16:04:31+0000,mvd_fast
964574020955806,-3.6647997,40.432587,2019-11-01T16:03:15+0000,2019-11-01T16:03:15+0000,mvd_fast
964575177622357,-3.667285,40.43225,2019-11-01T16:04:31+0000,2021-10-11T13:27:10+0000,mvd_fast
964576277622247,-3.665627,40.432617,2019-11-01T16:03:44+0000,2019-11-01T16:03:44+0000,mvd_fast
964582850954923,-3.6668918,40.432438,2019-11-01T16:04:28+0000,2019-11-01T16:04:28+0000,mvd_fast
964588000954408,-3.6656616,40.432556,2019-11-01T16:04:08+0000,2019-11-01T16:04:08+0000,mvd_fast
964597127620162,-3.6675608,40.432175,2019-11-01T16:04:34+0000,2019-11-01T16:04:34+0000,mvd_fast
964616670951541,-3.6678872,40.432285,2019-11-01T16:05:20+0000,2021-10-11T13:27:14+0000,mvd_fast
964629290950279,-3.6668005,40.432404,2019-11-01T16:04:28+0000,2019-11-01T16:04:28+0000,mvd_fast
964634907616384,-3.6659203,40.432415,2019-11-01T16:03:48+0000,2019-11-01T16:03:48+0000,mvd_fast
964642674282274,-3.6673775,40.43241,2019-11-01T16:04:33+0000,2019-11-01T16:04:33+0000,mvd_fast
964643014282240,-3.6650028,40.43266,2019-11-01T16:03:28+0000,2019-11-01T16:03:28+0000,mvd_fast
964672600945948,-3.665921,40.432533,2019-11-01T16:03:48+0000,2021-10-11T13:26:15+0000,mvd_fast
964727080940500,-3.6655543,40.43257,2019-11-01T16:03:54+0000,2019-11-01T16:03:54+0000,mvd_fast
965317014214840,-3.666553,40.43234,2019-11-01T16:04:20+0000,2021-10-11T13:27:04+0000,mvd_fast
1439463626480552,-3.670471,40.43177,2021-10-11T13:27:36+0000,2021-10-11T13:27:36+0000,panoptic
1439463629813885,-3.6653638,40.432587,2021-10-11T13:26:10+0000,2021-10-11T13:26:10+0000,panoptic
1439463633147218,-3.6660712,40.43246,2021-10-11T13:26:21+0000,2021-10-11T13:26:21+0000,panoptic
1439463636480551,-3.668826,40.431923,2021-10-11T13:27:20+0000,2021-10-11T13:27:20+0000,panoptic
1439463643147217,-3.6702888,40.431774,2021-10-11T13:27:34+0000,2021-10-11T13:27:34+0000,panoptic
1439463646480550,-3.6652339,40.432632,2021-10-11T13:26:08+0000,2021-10-11T13:26:08+0000,panoptic
1439463649813883,-3.665979,40.43254,2021-10-11T13:26:20+0000,2021-10-11T13:26:20+0000,panoptic
1439463653147216,-3.6659853,40.432514,2021-10-11T13:26:20+0000,2021-10-11T13:26:20+0000,panoptic
1439463656480549,-3.6665537,40.432426,2021-10-11T13:27:05+0000,2021-10-11T13:27:05+0000,panoptic
1439463659813882,-3.6653776,40.432568,2021-10-11T13:26:10+0000,2021-10-11T13:26:10+0000,panoptic
1439463663147215,-3.668842,40.431984,2021-10-11T13:27:20+0000,2021-10-11T13:27:20+0000,panoptic
1439463666480548,-3.6660323,40.43249,2021-10-11T13:26:22+0000,2021-10-11T13:26:22+0000,panoptic
1439463669813881,-3.6707497,40.431816,2021-10-11T13:28:20+0000,2021-10-11T13:28:20+0000,panoptic
1439463673147214,-3.6703594,40.431744,2021-10-11T13:27:35+0000,2021-10-11T13:27:35+0000,panoptic
1439463676480547,-3.6660485,40.432507,2021-10-11T13:26:18+0000,2021-10-11T13:26:18+0000,panoptic
1439463679813880,-3.6659157,40.432503,2021-10-11T13:26:21+0000,2021-10-11T13:26:21+0000,panoptic
1439463683147213,-3.670425,40.43189,2021-10-11T13:27:33+0000,2021-10-11T13:27:33+0000,panoptic
1439463686480546,-3.6659372,40.432495,2021-10-11T13:26:22+0000,2021-10-11T13:26:22+0000,panoptic
1439463689813879,-3.6673071,40.43221,2021-10-11T13:27:07+0000,2021-10-11T13:27:07+0000,panoptic
1439463693147212,-3.6675243,40.432182,2021-10-11T13:27:09+0000,2021-10-11T13:27:09+0000,panoptic
1439463696480545,-3.66894,40.431824,2021-10-11T13:27:21+0000,2021-10-11T13:27:21+0000,panoptic
1439463699813878,-3.6700869,40.431717,2021-10-11T13:27:30+0000,2021-10-11T13:27:30+0000,panoptic
1439463703147211,-3.670193,40.431717,2021-10-11T13:27:29+0000,2021-10-11T13:27:29+0000,panoptic
1439463706480544,-3.6698403,40.431747,2021-10-11T13:27:29+0000,2021-10-11T13:27:29+0000,panoptic
1439463709813877,-3.6670847,40.432365,2021-10-11T13:27:09+0000,2021-10-11T13:27:09+0000,panoptic
1439463713147210,-3.6695151,40.431774,2021-10-11T13:27:23+0000,2021-10-11T13:27:23+0000,panoptic
1439463716480543,-3.6693678,40.43179,2021-10-11T13:27:24+0000,2021-10-11T13:27:24+0000,panoptic
1439463719813876,-3.6707702,40.431644,2021-10-11T13:28:21+0000,2021-10-11T13:28:21+0000,panoptic
1439463723147209,-3.6679366,40.432117,2021-10-11T13:27:15+0000,2021-10-11T13:27:15+0000,panoptic
1439463726480542,-3.6662686,40.432365,2021-10-11T13:26:18+0000,2021-10-11T13:26:18+0000,panoptic
1439463729813875,-3.670559,40.431824,2021-10-11T13:27:35+0000,2021-10-11T13:27:35+0000,panoptic
1439463733147208,-3.6680663,40.432133,2021-10-11T13:27:15+0000,2021-10-11T13:27:15+0000,panoptic
1439463736480541,-3.6685069,40.431873,2021-10-11T13:27:15+0000,2021-10-11T13:27:15+0000,panoptic
1439463739813874,-3.6701152,40.431686,2021-10-11T13:27:25+0000,2021-10-11T13:27:25+0000,panoptic
1439463743147207,-3.6704042,40.431885,2021-10-11T13:27:31+0000,2021-10-11T13:27:31+0000,panoptic
1439463746480540,-3.670368,40.4317,2021-10-11T13:27:30+0000,2021-10-11T13:27:30+0000,panoptic
1439463749813873,-3.67,40.43177,2021-10-11T13:27:28+0000,2021-10-11T13:27:28+0000,panoptic
1439463753147206,-3.670358,40.43174,2021-10-11T13:27:33+0000,2021-10-11T13:27:33+0000,panoptic
1439463756480539,-3.668356,40.432095,2021-10-11T13:27:17+0000,2021-10-11T13:27:17+0000,panoptic
1439463763147205,-3.6686418,40.431854,2021-10-11T13:27:19+0000,2021-10-11T13:27:19+0000,panoptic
1439463766480538,-3.6705194,40.431843,2021-10-11T13:27:37+0000,2021-10-11T13:27:37+0000,panoptic
1439463769813871,-3.66854,40.43231,2021-10-11T13:27:14+0000,2021-10-11T13:27:14+0000,panoptic
1439463773147204,-3.6696715,40.431614,2021-10-11T13:27:23+0000,2021-10-11T13:27:23+0000,panoptic
1439463776480537,-3.6707587,40.431805,2021-10-11T13:27:38+0000,2021-10-11T13:27:38+0000,panoptic
1439463779813870,-3.6708994,40.43171,2021-10-11T13:28:22+0000,2021-10-11T13:28:22+0000,panoptic
1439463783147203,-3.6691086,40.431973,2021-10-11T13:27:21+0000,2021-10-11T13:27:21+0000,panoptic
1439463786480536,-3.6702116,40.431854,2021-10-11T13:27:31+0000,2021-10-11T13:27:31+0000,panoptic
1439463789813869,-3.6650484,40.43269,2021-10-11T13:26:02+0000,2021-10-11T13:26:02+0000,panoptic
1439463793147202,-3.667415,40.432217,2021-10-11T13:27:11+0000,2021-10-11T13:27:11+0000,panoptic
1439463799813868,-3.665596,40.43237,2021-10-11T13:26:12+0000,2021-10-11T13:26:12+0000,panoptic
1439463806480534,-3.664713,40.433136,2021-10-11T13:25:58+0000,2021-10-11T13:25:58+0000,panoptic
1439463809813867,-3.669633,40.431805,2021-10-11T13:27:25+0000,2021-10-11T13:27:25+0000,panoptic
1439463813147200,-3.6653423,40.432762,2021-10-11T13:26:04+0000,2021-10-11T13:26:04+0000,panoptic
1439463816480533,-3.6660671,40.432594,2021-10-11T13:26:22+0000,2021-10-11T13:26:22+0000,panoptic
1439463819813866,-3.6665394,40.432533,2021-10-11T13:27:03+0000,2021-10-11T13:27:03+0000,panoptic
1439463823147199,-3.6693351,40.431835,2021-10-11T13:27:23+0000,2021-10-11T13:27:23+0000,panoptic
1439463826480532,-3.6667097,40.432415,2021-10-11T13:27:05+0000,2021-10-11T13:27:05+0000,panoptic
1439463829813865,-3.6687002,40.43201,2021-10-11T13:27:18+0000,2021-10-11T13:27:18+0000,panoptic
1439463833147198,-3.6660209,40.432545,2021-10-11T13:26:19+0000,2021-10-11T13:26:19+0000,panoptic
1439463836480531,-3.666858,40.432293,2021-10-11T13:27:06+0000,2021-10-11T13:27:06+0000,panoptic
1439463839813864,-3.6698527,40.431892,2021-10-11T13:27:27+0000,2021-10-11T13:27:27+0000,panoptic
1439463843147197,-3.664904,40.43329,2021-10-11T13:25:59+0000,2021-10-11T13:25:59+0000,panoptic
1439463846480530,-3.6656213,40.432568,2021-10-11T13:26:14+0000,2021-10-11T13:26:14+0000,panoptic
1439463849813863,-3.6670477,40.43237,2021-10-11T13:27:08+0000,2021-10-11T13:27:08+0000,panoptic
1439463853147196,-3.6661222,40.432396,2021-10-11T13:26:19+0000,2021-10-11T13:26:19+0000,panoptic
1439463856480529,-3.666141,40.432392,2021-10-11T13:26:59+0000,2021-10-11T13:26:59+0000,panoptic
1439463859813862,-3.666152,40.43242,2021-10-11T13:26:16+0000,2021-10-11T13:26:16+0000,panoptic
1439463863147195,-3.6682293,40.43221,2021-10-11T13:27:16+0000,2021-10-11T13:27:16+0000,panoptic
1439463866480528,-3.6694756,40.43193,2021-10-11T13:27:23+0000,2021-10-11T13:27:23+0000,panoptic
1439463869813861,-3.6663063,40.43247,2021-10-11T13:26:20+0000,2021-10-11T13:26:20+0000,panoptic
1439463873147194,-3.6653814,40.432495,2021-10-11T13:26:10+0000,2021-10-11T13:26:10+0000,panoptic
1439463876480527,-3.6661947,40.43258,2021-10-11T13:26:20+0000,2021-10-11T13:26:20+0000,panoptic
1439463879813860,-3.665199,40.43233,2021-10-11T13:26:07+0000,2021-10-11T13:26:07+0000,panoptic
1439463883147193,-3.6688614,40.431877,2021-10-11T13:27:20+0000,2021-10-11T13:27:20+0000,panoptic
1439463886480526,-3.666239,40.43248,2021-10-11T13:26:20+0000,2021-10-11T13:26:20+0000,panoptic
1439463893147192,-3.6677792,40.432293,2021-10-11T13:27:12+0000,2021-10-11T13:27:12+0000,panoptic
1439463896480525,-3.66587,40.432343,2021-10-11T13:26:09+0000,2021-10-11T13:26:09+0000,panoptic
1439463899813858,-3.6697726,40.431755,2021-10-11T13:27:27+0000,2021-10-11T13:27:27+0000,panoptic
1439463903147191,-3.6662047,40.43258,2021-10-11T13:26:21+0000,2021-10-11T13:26:21+0000,panoptic
1439463906480524,-3.6658888,40.432526,2021-10-11T13:26:16+0000,2021-10-11T13:26:16+0000,panoptic
1439463909813857,-3.6652265,40.432583,2021-10-11T13:26:03+0000,2021-10-11T13:26:03+0000,panoptic
1439463913147190,-3.6653807,40.432518,2021-10-11T13:26:07+0000,2021-10-11T13:26:07+0000,panoptic
1439463916480523,-3.6658843,40.432484,2021-10-11T13:26:15+0000,2021-10-11T13:26:15+0000,panoptic
1439463919813856,-3.6688855,40.431934,2021-10-11T13:27:18+0000,2021-10-11T13:27:18+0000,panoptic
1439463923147189,-3.6706526,40.431637,2021-10-11T13:27:37+0000,2021-10-11T13:27:37+0000,panoptic
1439463926480522,-3.665376,40.4325,2021-10-11T13:26:10+0000,2021-10-11T13:26:10+0000,panoptic
1439463929813855,-3.6654046,40.43246,2021-10-11T13:26:08+0000,2021-10-11T13:26:08+0000,panoptic
1439463933147188,-3.670535,40.431793,2021-10-11T13:27:30+0000,2021-10-11T13:27:30+0000,panoptic
1439463936480521,-3.6658032,40.43236,2021-10-11T13:26:15+0000,2021-10-11T13:26:15+0000,panoptic
1439463939813854,-3.6661355,40.432392,2021-10-11T13:26:59+0000,2021-10-11T13:26:59+0000,panoptic
1439463943147187,-3.6654642,40.432484,2021-10-11T13:26:09+0000,2021-10-11T13:26:09+0000,panoptic
1439463946480520,-3.6689644,40.431835,2021-10-11T13:27:17+0000,2021-10-11T13:27:17+0000,panoptic
1439463949813853,-3.6700633,40.431877,2021-10-11T13:27:28+0000,2021-10-11T13:27:28+0000,panoptic
1439463953147186,-3.6647558,40.433407,2021-10-11T13:25:58+0000,2021-10-11T13:25:58+0000,panoptic
1439463956480519,-3.6705365,40.431828,2021-10-11T13:27:37+0000,2021-10-11T13:27:37+0000,panoptic
1439463959813852,-3.6653788,40.432446,2021-10-11T13:26:09+0000,2021-10-11T13:26:09+0000,panoptic
1439463963147185,-3.6707134,40.431877,2021-10-11T13:28:20+0000,2021-10-11T13:28:20+0000,panoptic
1439463966480518,-3.670461,40.431717,2021-10-11T13:27:35+0000,2021-10-11T13:27:35+0000,panoptic
1439463969813851,-3.670062,40.431877,2021-10-11T13:27:29+0000,2021-10-11T13:27:29+0000,panoptic
1439463973147184,-3.665636,40.432354,2021-10-11T13:26:14+0000,2021-10-11T13:26:14+0000,panoptic
1439463976480517,-3.670642,40.431644,2021-10-11T13:27:38+0000,2021-10-11T13:27:38+0000,panoptic
1439463979813850,-3.6698253,40.431892,2021-10-11T13:27:28+0000,2021-10-11T13:27:28+0000,panoptic
1439463983147183,-3.6653605,40.43268,2021-10-11T13:26:02+0000,2021-10-11T13:26:02+0000,panoptic
1439463986480516,-3.6704123,40.43183,2021-10-11T13:27:32+0000,2021-10-11T13:27:32+0000,panoptic
1439463989813849,-3.6653652,40.43241,2021-10-11T13:26:11+0000,2021-10-11T13:26:11+0000,panoptic
1439463993147182,-3.6660192,40.43254,2021-10-11T13:26:18+0000,2021-10-11T13:26:18+0000,panoptic
1439463996480515,-3.67006,40.431877,2021-10-11T13:27:28+0000,2021-10-11T13:27:28+0000,panoptic
1439463999813848,-3.6689491,40.43197,2021-10-11T13:27:20+0000,2021-10-11T13:27:20+0000,panoptic
1439464003147181,-3.6682088,40.432224,2021-10-11T13:27:15+0000,2021-10-11T13:27:15+0000,panoptic
1439464006480514,-3.667096,40.432247,2021-10-11T13:27:07+0000,2021-10-11T13:27:07+0000,panoptic
1439464009813847,-3.6662939,40.432484,2021-10-11T13:26:17+0000,2021-10-11T13:26:17+0000,panoptic
1439464013147180,-3.6660008,40.43238,2021-10-11T13:26:59+0000,2021-10-11T13:26:59+0000,panoptic
1439464016480513,-3.6707458,40.43181,2021-10-11T13:27:33+0000,2021-10-11T13:27:33+0000,panoptic
1439464019813846,-3.6659393,40.432545,2021-10-11T13:26:17+0000,2021-10-11T13:26:17+0000,panoptic
1439464023147179,-3.666048,40.432503,2021-10-11T13:26:16+0000,2021-10-11T13:26:16+0000,panoptic
1439464026480512,-3.6648588,40.433292,2021-10-11T13:25:57+0000,2021-10-11T13:25:57+0000,panoptic
1439464029813845,-3.6698904,40.43189,2021-10-11T13:27:29+0000,2021-10-11T13:27:29+0000,panoptic
1439464033147178,-3.6707585,40.431835,2021-10-11T13:27:38+0000,2021-10-11T13:27:38+0000,panoptic
1439464036480511,-3.670749,40.431644,2021-10-11T13:27:39+0000,2021-10-11T13:27:39+0000,panoptic
1439464039813844,-3.6652997,40.43253,2021-10-11T13:26:09+0000,2021-10-11T13:26:09+0000,panoptic
1439464043147177,-3.670063,40.43188,2021-10-11T13:27:26+0000,2021-10-11T13:27:26+0000,panoptic
1439464046480510,-3.6700861,40.431744,2021-10-11T13:27:31+0000,2021-10-11T13:27:31+0000,panoptic
1439464049813843,-3.6659548,40.43255,2021-10-11T13:26:21+0000,2021-10-11T13:26:21+0000,panoptic
1439464053147176,-3.6653943,40.432682,2021-10-11T13:26:07+0000,2021-10-11T13:26:07+0000,panoptic
1439464056480509,-3.666284,40.432484,2021-10-11T13:26:19+0000,2021-10-11T13:26:19+0000,panoptic
1439464059813842,-3.670525,40.431828,2021-10-11T13:27:36+0000,2021-10-11T13:27:36+0000,panoptic
1439464063147175,-3.6707525,40.431843,2021-10-11T13:28:21+0000,2021-10-11T13:28:21+0000,panoptic
1439464066480508,-3.6656063,40.432587,2021-10-11T13:26:13+0000,2021-10-11T13:26:13+0000,panoptic
1439464069813841,-3.669377,40.431923,2021-10-11T13:27:23+0000,2021-10-11T13:27:23+0000,panoptic
1439464073147174,-3.6700938,40.431866,2021-10-11T13:27:32+0000,2021-10-11T13:27:32+0000,panoptic
1439464076480507,-3.6704617,40.431713,2021-10-11T13:27:38+0000,2021-10-11T13:27:38+0000,panoptic
1439464079813840,-3.665475,40.4326,2021-10-11T13:26:08+0000,2021-10-11T13:26:08+0000,panoptic
1439464083147173,-3.6650825,40.43286,2021-10-11T13:26:02+0000,2021-10-11T13:26:02+0000,panoptic
1439464086480506,-3.6664145,40.43245,2021-10-11T13:27:02+0000,2021-10-11T13:27:02+0000,panoptic
1439464089813839,-3.6703544,40.431847,2021-10-11T13:27:35+0000,2021-10-11T13:27:35+0000,panoptic
1439464093147172,-3.6656075,40.432587,2021-10-11T13:26:13+0000,2021-10-11T13:26:13+0000,trafficsign
1439464096480505,-3.6648405,40.43316,2021-10-11T13:25:57+0000,2021-10-11T13:25:57+0000,panoptic
1439464099813838,-3.6688702,40.43198,2021-10-11T13:27:20+0000,2021-10-11T13:27:20+0000,panoptic
1439464103147171,-3.665877,40.432537,2021-10-11T13:26:16+0000,2021-10-11T13:26:16+0000,panoptic
1439464106480504,-3.6704612,40.431717,2021-10-11T13:27:36+0000,2021-10-11T13:27:36+0000,panoptic
1439464109813837,-3.6647558,40.433407,2021-10-11T13:25:59+0000,2021-10-11T13:25:59+0000,trafficsign
1439464113147170,-3.665291,40.432583,2021-10-11T13:26:05+0000,2021-10-11T13:26:05+0000,panoptic
1439464116480503,-3.6675112,40.43231,2021-10-11T13:27:12+0000,2021-10-11T13:27:12+0000,panoptic
1439464119813836,-3.6705573,40.431843,2021-10-11T13:27:39+0000,2021-10-11T13:27:39+0000,panoptic
1439464126480502,-3.6663916,40.432457,2021-10-11T13:27:03+0000,2021-10-11T13:27:03+0000,panoptic
1439464129813835,-3.6649058,40.433388,2021-10-11T13:25:57+0000,2021-10-11T13:25:57+0000,panoptic
1439464133147168,-3.6672351,40.432343,2021-10-11T13:27:09+0000,2021-10-11T13:27:09+0000,panoptic
1439464136480501,-3.6653845,40.432518,2021-10-11T13:26:07+0000,2021-10-11T13:26:07+0000,panoptic
1439464139813834,-3.6705303,40.43183,2021-10-11T13:27:34+0000,2021-10-11T13:27:34+0000,panoptic
1439464143147167,-3.6689534,40.43197,2021-10-11T13:27:20+0000,2021-10-11T13:27:20+0000,trafficsign
1439464146480500,-3.6703548,40.431847,2021-10-11T13:27:36+0000,2021-10-11T13:27:36+0000,trafficsign
1439464149813833,-3.6707509,40.43165,2021-10-11T13:27:39+0000,2021-10-11T13:27:39+0000,panoptic
1439464153147166,-3.6652088,40.433,2021-10-11T13:26:01+0000,2021-10-11T13:26:01+0000,panoptic
1439464156480499,-3.6659446,40.43255,2021-10-11T13:26:22+0000,2021-10-11T13:26:22+0000,trafficsign
1439464159813832,-3.670094,40.43187,2021-10-11T13:27:33+0000,2021-10-11T13:27:33+0000,trafficsign
1439464163147165,-3.666215,40.432484,2021-10-11T13:26:59+0000,2021-10-11T13:26:59+0000,panoptic
1439464166480498,-3.670151,40.431866,2021-10-11T13:27:33+0000,2021-10-11T13:27:33+0000,trafficsign
1439464169813831,-3.6652143,40.433,2021-10-11T13:26:03+0000,2021-10-11T13:26:03+0000,panoptic
1439464173147164,-3.6672406,40.432343,2021-10-11T13:27:09+0000,2021-10-11T13:27:09+0000,panoptic
1439464176480497,-3.667249,40.4323,2021-10-11T13:27:07+0000,2021-10-11T13:27:07+0000,panoptic
260826412554433,-3.677326,40.423523,2021-08-26T11:17:15+0000,2021-08-26T11:17:39+0000,panoptic
260826415887766,-3.677675,40.42345,2021-08-26T11:17:03+0000,2021-08-26T11:17:03+0000,panoptic
260826419221099,-3.6773262,40.42351,2021-08-26T11:17:09+0000,2021-08-26T11:17:09+0000,panoptic
260826422554432,-3.677561,40.42343,2021-08-26T11:17:03+0000,2021-08-26T11:17:03+0000,panoptic
260826425887765,-3.6775599,40.42343,2021-08-26T11:17:09+0000,2021-08-26T11:17:09+0000,panoptic
260826429221098,-3.6774442,40.423473,2021-08-26T11:17:09+0000,2021-08-26T11:17:09+0000,panoptic
260826432554431,-3.677561,40.42343,2021-08-26T11:17:03+0000,2021-08-26T11:17:03+0000,trafficsign
4562658977090694,-3.6777012,40.423477,2021-08-26T11:18:27+0000,2021-08-26T11:18:27+0000,panoptic
4562658980424027,-3.677657,40.423466,2021-08-26T11:18:24+0000,2021-08-26T11:18:24+0000,panoptic
1088121695043477,-3.6768262,40.424236,2016-11-18T10:41:03+0000,2016-11-18T10:41:03+0000,trafficsign
1088649591657354,-3.6740174,40.42558,2016-11-18T10:42:14+0000,2016-11-18T10:42:14+0000,trafficsign
1088777834977863,-3.6769435,40.424175,2016-11-18T10:41:03+0000,2016-11-18T10:41:03+0000,trafficsign
1088798944975752,-3.6750636,40.425064,2016-11-18T10:41:30+0000,2016-11-18T10:41:30+0000,trafficsign
1088804851641828,-3.6766222,40.4243,2016-11-18T10:41:07+0000,2016-11-18T10:41:07+0000,trafficsign
1088987891623524,-3.6764143,40.42444,2016-11-18T10:41:09+0000,2016-11-18T10:41:09+0000,trafficsign
1089068704948776,-3.6760263,40.42467,2016-11-18T10:41:12+0000,2016-11-18T10:41:12+0000,trafficsign
1098411320681181,-3.6751401,40.42532,2016-11-18T10:41:27+0000,2016-11-18T10:41:27+0000,mvd_fast
1098430464012600,-3.6754818,40.42463,2016-11-18T10:41:17+0000,2025-07-17T17:37:45+0000,mvd_fast
1098437424011904,-3.676611,40.4243,2016-11-18T10:41:05+0000,2025-07-17T17:37:35+0000,mvd_fast
1098452124010434,-3.6741643,40.425766,2016-11-18T10:42:14+0000,2016-11-18T10:42:14+0000,mvd_fast
1098467547342225,-3.6739566,40.4255,2016-11-18T10:41:41+0000,2016-11-18T10:41:41+0000,mvd_fast
1098469330675380,-3.6768956,40.424187,2016-11-18T10:41:00+0000,2016-11-18T10:41:00+0000,mvd_fast
1098476830674630,-3.6768117,40.424236,2016-11-18T10:41:03+0000,2016-11-18T10:41:03+0000,mvd_fast
1098493754006271,-3.6766176,40.42432,2016-11-18T10:41:04+0000,2016-11-18T10:41:04+0000,mvd_fast
1098502580672055,-3.6772506,40.424347,2016-11-18T10:40:56+0000,2016-11-18T10:40:56+0000,mvd_fast
1098503080672005,-3.6741784,40.425766,2016-11-18T10:42:15+0000,2016-11-18T10:42:15+0000,mvd_fast
1098504414005205,-3.677737,40.423958,2016-11-18T10:40:54+0000,2016-11-18T10:40:54+0000,mvd_fast
1098509760671337,-3.6749713,40.425087,2016-11-18T10:41:30+0000,2016-11-18T10:41:30+0000,mvd_fast
1098513577337622,-3.6766214,40.42431,2016-11-18T10:41:05+0000,2016-11-18T10:41:05+0000,mvd_fast
1098517297337250,-3.6766248,40.424355,2016-11-18T10:41:07+0000,2016-11-18T10:41:07+0000,mvd_fast
1098520964003550,-3.6761198,40.424873,2016-11-18T10:41:10+0000,2016-11-18T10:41:10+0000,mvd_fast
1098524537336526,-3.6768272,40.424244,2016-11-18T10:41:04+0000,2016-11-18T10:41:04+0000,mvd_fast
1098528177336162,-3.6740515,40.425545,2016-11-18T10:42:14+0000,2016-11-18T10:42:14+0000,mvd_fast
1098529574002689,-3.6740453,40.425552,2016-11-18T10:42:15+0000,2016-11-18T10:42:15+0000,mvd_fast
1098530084002638,-3.6762977,40.424587,2016-11-18T10:41:12+0000,2016-11-18T10:41:12+0000,mvd_fast
1098532254002421,-3.6754858,40.425037,2016-11-18T10:41:24+0000,2025-07-17T17:37:41+0000,mvd_fast
1098546937334286,-3.6760955,40.424393,2016-11-18T10:41:08+0000,2016-11-18T10:41:08+0000,mvd_fast
1098547587334221,-3.673638,40.42563,2016-11-18T10:41:41+0000,2016-11-18T10:41:41+0000,mvd_fast
1098553864000260,-3.677137,40.424206,2016-11-18T10:41:00+0000,2016-11-18T10:41:00+0000,mvd_fast
1098564227332557,-3.675154,40.425323,2016-11-18T10:41:28+0000,2016-11-18T10:41:28+0000,mvd_fast
1098570877331892,-3.6745563,40.425037,2016-11-18T10:41:30+0000,2016-11-18T10:41:30+0000,mvd_fast
1098582777330702,-3.6740253,40.425484,2016-11-18T10:42:14+0000,2016-11-18T10:42:14+0000,mvd_fast
1098597853995861,-3.6769645,40.42424,2016-11-18T10:41:05+0000,2016-11-18T10:41:05+0000,mvd_fast
1098609657328014,-3.6766772,40.42418,2016-11-18T10:41:04+0000,2016-11-18T10:41:04+0000,mvd_fast
1098609830661330,-3.6740975,40.42546,2016-11-18T10:42:14+0000,2016-11-18T10:42:14+0000,mvd_fast
1098610063994640,-3.6761377,40.424866,2016-11-18T10:41:11+0000,2016-11-18T10:41:11+0000,mvd_fast
1098620383993608,-3.6765797,40.424374,2016-11-18T10:41:08+0000,2016-11-18T10:41:08+0000,mvd_fast
1098621507326829,-3.6740353,40.42546,2016-11-18T10:42:16+0000,2016-11-18T10:42:16+0000,mvd_fast
1098624517326528,-3.6772137,40.424202,2016-11-18T10:41:00+0000,2016-11-18T10:41:00+0000,mvd_fast
1098632350659078,-3.6739624,40.42581,2016-11-18T10:42:14+0000,2016-11-18T10:42:14+0000,mvd_fast
1098649890657324,-3.6765976,40.42439,2016-11-18T10:41:08+0000,2016-11-18T10:41:08+0000,mvd_fast
1098656393990007,-3.6760569,40.424656,2016-11-18T10:41:13+0000,2016-11-18T10:41:13+0000,mvd_fast
1098665107322469,-3.6766224,40.42465,2016-11-18T10:41:08+0000,2016-11-18T10:41:08+0000,mvd_fast
1098680953987551,-3.675073,40.425076,2016-11-18T10:41:22+0000,2016-11-18T10:41:22+0000,mvd_fast
1098706540651659,-3.673923,40.425827,2016-11-18T10:42:16+0000,2016-11-18T10:42:16+0000,mvd_fast
1099499710572342,-3.6755316,40.42472,2016-11-18T10:41:20+0000,2025-07-17T17:37:42+0000,mvd_fast
384584810287785,-3.664248,40.43359,2021-10-11T13:25:54+0000,2021-10-11T13:25:54+0000,panoptic
384584813621118,-3.6642225,40.4335,2021-10-11T13:25:50+0000,2021-10-11T13:25:50+0000,panoptic
384584820287784,-3.6642146,40.43364,2021-10-11T13:25:53+0000,2021-10-11T13:25:53+0000,panoptic
384584826954450,-3.664144,40.43344,2021-10-11T13:25:48+0000,2021-10-11T13:25:48+0000,panoptic
384584836954449,-3.6641817,40.43346,2021-10-11T13:25:44+0000,2021-10-11T13:25:44+0000,panoptic
384584846954448,-3.6640477,40.43363,2021-10-11T13:25:50+0000,2021-10-11T13:25:50+0000,panoptic
384584860287780,-3.6642108,40.433586,2021-10-11T13:25:51+0000,2021-10-11T13:25:51+0000,panoptic
384584913621108,-3.6641908,40.43363,2021-10-11T13:25:51+0000,2021-10-11T13:25:51+0000,panoptic
384584936954439,-3.6640444,40.43363,2021-10-11T13:25:47+0000,2021-10-11T13:25:47+0000,panoptic
384584943621105,-3.6640399,40.433544,2021-10-11T13:25:48+0000,2021-10-11T13:25:48+0000,panoptic
384584950287771,-3.6642156,40.433586,2021-10-11T13:25:47+0000,2021-10-11T13:25:47+0000,panoptic
384584956954437,-3.664026,40.433537,2021-10-11T13:25:42+0000,2021-10-11T13:25:42+0000,panoptic
384584960287770,-3.6640508,40.433533,2021-10-11T13:25:52+0000,2021-10-11T13:25:52+0000,panoptic
384584970287769,-3.6642528,40.43362,2021-10-11T13:25:54+0000,2021-10-11T13:25:54+0000,panoptic
384584973621102,-3.6641893,40.433502,2021-10-11T13:25:50+0000,2021-10-11T13:25:50+0000,panoptic
384584990287767,-3.664082,40.43365,2021-10-11T13:25:52+0000,2021-10-11T13:25:52+0000,panoptic
384585020287764,-3.6640382,40.43363,2021-10-11T13:25:51+0000,2021-10-11T13:25:51+0000,panoptic
384585023621097,-3.6642132,40.433586,2021-10-11T13:25:53+0000,2021-10-11T13:25:53+0000,trafficsign
384585046954428,-3.6641922,40.43363,2021-10-11T13:25:51+0000,2021-10-11T13:25:51+0000,panoptic
113339027723492,-3.677435,40.423363,2021-08-26T11:18:04+0000,2021-08-26T11:18:04+0000,panoptic
113339031056825,-3.677374,40.423363,2021-08-26T11:18:01+0000,2021-08-26T11:18:01+0000,panoptic
113339034390158,-3.6773615,40.423412,2021-08-26T11:18:01+0000,2021-08-26T11:18:01+0000,panoptic
113339037723491,-3.6773772,40.42335,2021-08-26T11:18:01+0000,2021-08-26T11:18:01+0000,panoptic
113339041056824,-3.677425,40.42334,2021-08-26T11:18:01+0000,2021-08-26T11:18:01+0000,panoptic
280610503431612,-3.6772847,40.42346,2021-08-26T11:17:42+0000,2021-08-26T11:17:42+0000,panoptic
280610506764945,-3.6772842,40.42346,2021-08-26T11:17:39+0000,2021-08-26T11:17:39+0000,panoptic
280610513431611,-3.6772947,40.423534,2021-08-26T11:17:42+0000,2021-08-26T11:17:42+0000,panoptic
280610516764944,-3.6772294,40.423424,2021-08-26T11:17:48+0000,2021-08-26T11:17:48+0000,panoptic
296164652159703,-3.6772604,40.424263,2016-05-22T16:57:21+0000,2016-05-22T16:57:21+0000,mvd_fast
296200958822739,-3.6769395,40.42416,2016-05-22T16:57:19+0000,2016-05-22T16:57:19+0000,mvd_fast
296203462155822,-3.6766875,40.42451,2016-05-22T16:57:19+0000,2016-05-22T16:57:19+0000,mvd_fast
296250645484437,-3.6771233,40.424488,2016-05-22T16:57:21+0000,2016-05-22T16:57:21+0000,mvd_fast
296260905483411,-3.676632,40.42445,2016-05-22T16:57:17+0000,2016-05-22T16:57:17+0000,mvd_fast
296288808813954,-3.677093,40.42447,2016-05-22T16:57:31+0000,2016-05-22T16:57:31+0000,mvd_fast
296337378809097,-3.6770647,40.424084,2016-05-22T16:57:17+0000,2016-05-22T16:57:17+0000,mvd_fast
296405885468913,-3.6766763,40.424515,2016-05-22T16:57:17+0000,2016-05-22T16:57:17+0000,mvd_fast
296409152135253,-3.676648,40.424465,2016-05-22T16:57:19+0000,2016-05-22T16:57:19+0000,mvd_fast
296425215466980,-3.6775155,40.424187,2016-05-22T16:57:23+0000,2016-05-22T16:57:23+0000,mvd_fast
296440262132142,-3.6765535,40.42449,2016-05-22T16:57:15+0000,2016-05-22T16:57:15+0000,mvd_fast
296465278796307,-3.676977,40.42441,2016-05-22T16:57:31+0000,2016-05-22T16:57:31+0000,mvd_fast
922626363311995,-3.6794553,40.43462,2025-06-16T15:57:53+0000,2025-06-16T15:57:53+0000,panoptic
922626366645328,-3.6792545,40.43441,2025-06-16T15:57:51+0000,2025-06-16T15:57:51+0000,panoptic
922626369978661,-3.6792598,40.434597,2025-06-16T15:57:50+0000,2025-06-16T15:57:50+0000,panoptic
922626373311994,-3.6793728,40.434536,2025-06-16T15:57:52+0000,2025-06-16T15:57:52+0000,panoptic
922626376645327,-3.679272,40.434414,2025-06-16T15:57:52+0000,2025-06-16T15:57:52+0000,panoptic
922626379978660,-3.6795542,40.43442,2025-06-16T15:57:52+0000,2025-06-16T15:57:52+0000,panoptic
922626383311993,-3.6792445,40.434597,2025-06-16T15:57:50+0000,2025-06-16T15:57:50+0000,panoptic
922626386645326,-3.6792436,40.434517,2025-06-16T15:57:50+0000,2025-06-16T15:57:50+0000,panoptic
922626389978659,-3.6795766,40.434258,2025-06-16T15:57:50+0000,2025-06-16T15:57:50+0000,panoptic
922626393311992,-3.6794024,40.434673,2025-06-16T15:57:52+0000,2025-06-16T15:57:52+0000,trafficsign
922626396645325,-3.6792536,40.434612,2025-06-16T15:57:50+0000,2025-06-16T15:57:50+0000,trafficsign
922626399978658,-3.6795683,40.434227,2025-06-16T15:57:51+0000,2025-06-16T15:57:51+0000,panoptic
922626403311991,-3.679251,40.4346,2025-06-16T15:57:49+0000,2025-06-16T15:57:49+0000,panoptic
922626406645324,-3.679562,40.43443,2025-06-16T15:57:52+0000,2025-06-16T15:57:52+0000,panoptic
922626409978657,-3.6792536,40.434612,2025-06-16T15:57:50+0000,2025-06-16T15:57:50+0000,panoptic
922626413311990,-3.6795506,40.434658,2025-06-16T15:57:55+0000,2025-06-16T15:57:55+0000,panoptic
922626416645323,-3.6795664,40.43468,2025-06-16T15:57:56+0000,2025-06-16T15:57:56+0000,panoptic
922626419978656,-3.6792557,40.43432,2025-06-16T15:57:53+0000,2025-06-16T15:57:53+0000,panoptic
922626423311989,-3.679402,40.43467,2025-06-16T15:57:52+0000,2025-06-16T15:57:52+0000,panoptic
922626426645322,-3.6795497,40.434597,2025-06-16T15:57:54+0000,2025-06-16T15:57:54+0000,panoptic
922626429978655,-3.6792543,40.43431,2025-06-16T15:57:53+0000,2025-06-16T15:57:53+0000,panoptic
922626433311988,-3.6792467,40.43459,2025-06-16T15:57:49+0000,2025-06-16T15:57:49+0000,panoptic
922626436645321,-3.6792543,40.434616,2025-06-16T15:57:50+0000,2025-06-16T15:57:50+0000,panoptic
922626439978654,-3.6795776,40.434258,2025-06-16T15:57:50+0000,2025-06-16T15:57:50+0000,panoptic
922626443311987,-3.6792443,40.434597,2025-06-16T15:57:49+0000,2025-06-16T15:57:49+0000,panoptic
922626446645320,-3.6795466,40.434593,2025-06-16T15:57:54+0000,2025-06-16T15:57:54+0000,panoptic
922626449978653,-3.6792529,40.43415,2025-06-16T15:57:53+0000,2025-06-16T15:57:53+0000,panoptic
922626453311986,-3.679284,40.434223,2025-06-16T15:57:52+0000,2025-06-16T15:57:52+0000,panoptic
922626456645319,-3.6795511,40.4346,2025-06-16T15:57:55+0000,2025-06-16T15:57:55+0000,panoptic
922626459978652,-3.6793299,40.434605,2025-06-16T15:57:50+0000,2025-06-16T15:57:50+0000,panoptic
458556753925964,-3.6780992,40.4325,2024-11-26T08:06:06+0000,2024-11-26T08:06:18+0000,panoptic
458556780592628,-3.6779974,40.432323,2024-11-26T08:06:05+0000,2024-11-26T08:06:19+0000,panoptic
458556787259294,-3.6780696,40.432617,2024-11-26T08:06:14+0000,2024-11-26T08:06:14+0000,panoptic
458556790592627,-3.6782162,40.43245,2024-11-26T08:06:03+0000,2024-11-26T08:06:03+0000,panoptic
458556793925960,-3.6778677,40.432682,2024-11-26T08:06:13+0000,2024-11-26T08:06:22+0000,panoptic
458556797259293,-3.677841,40.432682,2024-11-26T08:06:14+0000,2024-11-26T08:06:22+0000,trafficsign
458556800592626,-3.6779213,40.43271,2024-11-26T08:06:13+0000,2024-11-26T08:06:22+0000,trafficsign
458556803925959,-3.6779008,40.43268,2024-11-26T08:06:13+0000,2024-11-26T08:06:22+0000,trafficsign
458556807259292,-3.6781943,40.43256,2024-11-26T08:06:07+0000,2024-11-26T08:06:07+0000,panoptic
458556813925958,-3.6782117,40.43251,2024-11-26T08:06:06+0000,2024-11-26T08:06:06+0000,panoptic
458556817259291,-3.678206,40.4325,2024-11-26T08:06:05+0000,2024-11-26T08:06:05+0000,panoptic
458556820592624,-3.678165,40.43245,2024-11-26T08:06:05+0000,2024-11-26T08:06:05+0000,panoptic
458556823925957,-3.6778226,40.432682,2024-11-26T08:06:13+0000,2024-11-26T08:06:22+0000,panoptic
458556827259290,-3.6778831,40.432816,2024-11-26T08:06:14+0000,2024-11-26T08:06:14+0000,panoptic
458556830592623,-3.6779268,40.43273,2024-11-26T08:06:13+0000,2024-11-26T08:06:23+0000,panoptic
458556833925956,-3.6780016,40.432697,2024-11-26T08:06:14+0000,2024-11-26T08:06:23+0000,panoptic
458556837259289,-3.6780896,40.432606,2024-11-26T08:06:13+0000,2024-11-26T08:06:13+0000,panoptic
458556840592622,-3.678194,40.43254,2024-11-26T08:06:03+0000,2024-11-26T08:06:03+0000,panoptic
458556843925955,-3.677968,40.432495,2024-11-26T08:06:06+0000,2024-11-26T08:06:18+0000,panoptic
458556847259288,-3.6779559,40.432457,2024-11-26T08:06:06+0000,2024-11-26T08:06:18+0000,panoptic
458556850592621,-3.6781971,40.432453,2024-11-26T08:06:03+0000,2024-11-26T08:06:03+0000,panoptic
458556857259287,-3.6778693,40.432728,2024-11-26T08:06:13+0000,2024-11-26T08:06:22+0000,panoptic
458556860592620,-3.6777322,40.43271,2024-11-26T08:06:13+0000,2024-11-26T08:06:13+0000,panoptic
458556867259286,-3.6780405,40.432613,2024-11-26T08:06:13+0000,2024-11-26T08:06:13+0000,panoptic
686618197575984,-3.6798017,40.43481,2025-06-16T15:58:02+0000,2025-06-16T15:58:02+0000,panoptic
686618200909317,-3.6798015,40.43486,2025-06-16T15:58:04+0000,2025-06-16T15:58:04+0000,panoptic
686618204242650,-3.6798003,40.43481,2025-06-16T15:58:02+0000,2025-06-16T15:58:02+0000,panoptic
178973034134401,-3.6672742,40.428673,2018-01-23T16:06:56+0000,2018-01-23T16:06:56+0000,mvd_fast
179175737447464,-3.667154,40.42895,2018-01-23T16:06:53+0000,2018-01-23T16:06:53+0000,mvd_fast
179176997447338,-3.667345,40.42878,2018-01-23T16:06:54+0000,2018-01-23T16:06:54+0000,mvd_fast
841269885097876,-3.664314,40.432487,2025-11-06T14:37:14+0000,2025-11-06T14:37:14+0000,panoptic
841269901764541,-3.6644595,40.432766,2025-11-06T14:37:14+0000,2025-11-06T14:37:14+0000,panoptic
841269921764539,-3.6643248,40.43249,2025-11-06T14:37:14+0000,2025-11-06T14:37:14+0000,panoptic
441962954899390,-3.6738381,40.43401,2024-09-13T11:02:37+0000,2024-09-13T11:02:37+0000,panoptic
441962961566056,-3.673225,40.433388,2024-09-13T11:02:31+0000,2024-09-13T11:02:31+0000,panoptic
441962964899389,-3.674878,40.434914,2024-09-13T11:02:46+0000,2024-09-13T11:02:46+0000,panoptic
441962968232722,-3.6731715,40.433334,2024-09-13T11:02:30+0000,2024-09-13T11:02:30+0000,panoptic
441962974899388,-3.6742744,40.43444,2024-09-13T11:02:36+0000,2024-09-13T11:02:36+0000,panoptic
441962978232721,-3.674219,40.434467,2024-09-13T11:02:38+0000,2024-09-13T11:02:38+0000,panoptic
441962981566054,-3.673133,40.43348,2024-09-13T11:02:30+0000,2024-09-13T11:02:30+0000,panoptic
441962984899387,-3.6742315,40.43459,2024-09-13T11:02:40+0000,2024-09-13T11:02:40+0000,panoptic
441962988232720,-3.6732712,40.43337,2024-09-13T11:02:29+0000,2024-09-13T11:02:29+0000,panoptic
441962991566053,-3.6747458,40.43507,2024-09-13T11:02:48+0000,2024-09-13T11:02:48+0000,panoptic
441962994899386,-3.675312,40.43541,2024-09-13T11:02:54+0000,2024-09-13T11:02:54+0000,panoptic
441962998232719,-3.6751614,40.435482,2024-09-13T11:02:52+0000,2024-09-13T11:02:52+0000,panoptic
441963008232718,-3.6752162,40.43554,2024-09-13T11:02:53+0000,2024-09-13T11:02:53+0000,panoptic
441963021566050,-3.6731873,40.433456,2024-09-13T11:02:29+0000,2024-09-13T11:02:29+0000,panoptic
441963024899383,-3.6749475,40.43496,2024-09-13T11:02:45+0000,2024-09-13T11:02:45+0000,panoptic
441963028232716,-3.6753106,40.43541,2024-09-13T11:02:55+0000,2024-09-13T11:02:55+0000,panoptic
441963038232715,-3.67345,40.433575,2024-09-13T11:02:31+0000,2024-09-13T11:02:31+0000,panoptic
441963041566048,-3.6735516,40.433525,2024-09-13T11:02:30+0000,2024-09-13T11:02:30+0000,panoptic
441963048232714,-3.6742356,40.43459,2024-09-13T11:02:41+0000,2024-09-13T11:02:41+0000,panoptic
441963054899380,-3.6751652,40.435482,2024-09-13T11:02:52+0000,2024-09-13T11:02:52+0000,panoptic
441963058232713,-3.6753123,40.435413,2024-09-13T11:02:54+0000,2024-09-13T11:02:54+0000,panoptic
441963061566046,-3.673127,40.433487,2024-09-13T11:02:30+0000,2024-09-13T11:02:30+0000,panoptic
441963064899379,-3.6758292,40.435696,2024-09-13T11:03:42+0000,2024-09-13T11:03:42+0000,panoptic
441963068232712,-3.6742678,40.434605,2024-09-13T11:02:41+0000,2024-09-13T11:02:41+0000,panoptic
441963071566045,-3.675164,40.435482,2024-09-13T11:02:51+0000,2024-09-13T11:02:51+0000,panoptic
441963074899378,-3.6742673,40.434605,2024-09-13T11:02:40+0000,2024-09-13T11:02:40+0000,panoptic
441963078232711,-3.675163,40.435547,2024-09-13T11:02:52+0000,2024-09-13T11:02:52+0000,panoptic
441963081566044,-3.674394,40.434925,2024-09-13T11:02:40+0000,2024-09-13T11:02:40+0000,panoptic
441963084899377,-3.6752481,40.435627,2024-09-13T11:02:52+0000,2024-09-13T11:02:52+0000,panoptic
441963088232710,-3.6743166,40.43441,2024-09-13T11:02:41+0000,2024-09-13T11:02:41+0000,panoptic
441963091566043,-3.6734438,40.433838,2024-09-13T11:02:33+0000,2024-09-13T11:02:33+0000,panoptic
441963094899376,-3.6734443,40.433838,2024-09-13T11:02:33+0000,2024-09-13T11:02:33+0000,panoptic
441963101566042,-3.6750388,40.434883,2024-09-13T11:02:46+0000,2024-09-13T11:02:46+0000,panoptic
441963104899375,-3.6734438,40.433838,2024-09-13T11:02:33+0000,2024-09-13T11:02:33+0000,panoptic
441963111566041,-3.6734428,40.433834,2024-09-13T11:02:30+0000,2024-09-13T11:02:30+0000,panoptic
441963114899374,-3.675304,40.435413,2024-09-13T11:02:54+0000,2024-09-13T11:02:54+0000,panoptic
441963118232707,-3.674325,40.434406,2024-09-13T11:02:42+0000,2024-09-13T11:02:42+0000,panoptic
441963121566040,-3.6740105,40.43446,2024-09-13T11:02:39+0000,2024-09-13T11:02:39+0000,panoptic
441963124899373,-3.6752193,40.43546,2024-09-13T11:02:50+0000,2024-09-13T11:02:50+0000,panoptic
441963128232706,-3.675213,40.43554,2024-09-13T11:02:51+0000,2024-09-13T11:02:51+0000,panoptic
441963131566039,-3.6741772,40.434544,2024-09-13T11:02:39+0000,2024-09-13T11:02:39+0000,panoptic
441963138232705,-3.6734324,40.43381,2024-09-13T11:02:30+0000,2024-09-13T11:02:30+0000,panoptic
441963141566038,-3.6742988,40.4346,2024-09-13T11:02:41+0000,2024-09-13T11:02:41+0000,panoptic
441963151566037,-3.6763754,40.436207,2024-09-13T11:03:49+0000,2024-09-13T11:03:49+0000,panoptic
441963154899370,-3.6737983,40.43425,2024-09-13T11:02:37+0000,2024-09-13T11:02:37+0000,panoptic
441963158232703,-3.6739361,40.434383,2024-09-13T11:02:39+0000,2024-09-13T11:02:39+0000,panoptic
441963161566036,-3.6751752,40.43558,2024-09-13T11:02:51+0000,2024-09-13T11:02:51+0000,panoptic
441963164899369,-3.6755064,40.43604,2024-09-13T11:03:41+0000,2024-09-13T11:03:41+0000,panoptic
441963168232702,-3.6732793,40.433662,2024-09-13T11:02:30+0000,2024-09-13T11:02:30+0000,panoptic
441963171566035,-3.6750343,40.435352,2024-09-13T11:02:51+0000,2024-09-13T11:02:51+0000,panoptic
441963178232701,-3.673838,40.43425,2024-09-13T11:02:35+0000,2024-09-13T11:02:35+0000,panoptic
441963181566034,-3.6734457,40.433308,2024-09-13T11:02:29+0000,2024-09-13T11:02:29+0000,panoptic
441963188232700,-3.6737337,40.434193,2024-09-13T11:02:35+0000,2024-09-13T11:02:35+0000,panoptic
441963191566033,-3.6739125,40.434364,2024-09-13T11:02:36+0000,2024-09-13T11:02:36+0000,panoptic
441963194899366,-3.6733406,40.433735,2024-09-13T11:02:30+0000,2024-09-13T11:02:30+0000,panoptic
441963201566032,-3.6745112,40.434948,2024-09-13T11:02:44+0000,2024-09-13T11:02:44+0000,panoptic
441963204899365,-3.6734324,40.433807,2024-09-13T11:02:31+0000,2024-09-13T11:02:31+0000,panoptic
441963208232698,-3.67432,40.434566,2024-09-13T11:02:43+0000,2024-09-13T11:02:43+0000,panoptic
441963211566031,-3.6732202,40.433334,2024-09-13T11:02:30+0000,2024-09-13T11:02:30+0000,panoptic
441963214899364,-3.6754029,40.435413,2024-09-13T11:02:56+0000,2024-09-13T11:02:56+0000,panoptic
441963218232697,-3.6752512,40.435425,2024-09-13T11:02:54+0000,2024-09-13T11:02:54+0000,panoptic
441963221566030,-3.6735551,40.43347,2024-09-13T11:02:30+0000,2024-09-13T11:02:30+0000,panoptic
441963224899363,-3.6750975,40.43493,2024-09-13T11:02:46+0000,2024-09-13T11:02:46+0000,panoptic
441963228232696,-3.6733396,40.433712,2024-09-13T11:02:30+0000,2024-09-13T11:02:30+0000,panoptic
441963231566029,-3.674352,40.434746,2024-09-13T11:02:43+0000,2024-09-13T11:02:43+0000,panoptic
441963234899362,-3.6753008,40.43559,2024-09-13T11:02:54+0000,2024-09-13T11:02:54+0000,panoptic
441963238232695,-3.6750896,40.434956,2024-09-13T11:02:47+0000,2024-09-13T11:02:47+0000,panoptic
441963241566028,-3.6743212,40.43441,2024-09-13T11:02:41+0000,2024-09-13T11:02:41+0000,panoptic
441963244899361,-3.6760402,40.435883,2024-09-13T11:03:44+0000,2024-09-13T11:03:44+0000,panoptic
441963248232694,-3.674924,40.434708,2024-09-13T11:02:44+0000,2024-09-13T11:02:44+0000,panoptic
441963251566027,-3.6748683,40.434734,2024-09-13T11:02:43+0000,2024-09-13T11:02:43+0000,panoptic
441963254899360,-3.675127,40.43546,2024-09-13T11:02:53+0000,2024-09-13T11:02:53+0000,panoptic
441963258232693,-3.673687,40.43409,2024-09-13T11:02:33+0000,2024-09-13T11:02:33+0000,panoptic
441963261566026,-3.6734757,40.433285,2024-09-13T11:02:29+0000,2024-09-13T11:02:29+0000,panoptic
441963268232692,-3.675265,40.435604,2024-09-13T11:02:54+0000,2024-09-13T11:02:54+0000,panoptic
441963271566025,-3.6738076,40.433678,2024-09-13T11:02:31+0000,2024-09-13T11:02:31+0000,panoptic
441963274899358,-3.676115,40.436005,2024-09-13T11:03:47+0000,2024-09-13T11:03:47+0000,panoptic
441963278232691,-3.6764147,40.436268,2024-09-13T11:03:49+0000,2024-09-13T11:03:49+0000,panoptic
441963281566024,-3.6760175,40.435905,2024-09-13T11:03:46+0000,2024-09-13T11:03:46+0000,panoptic
441963284899357,-3.6753664,40.435783,2024-09-13T11:03:41+0000,2024-09-13T11:03:41+0000,panoptic
441963288232690,-3.6752846,40.435062,2024-09-13T11:02:47+0000,2024-09-13T11:02:47+0000,panoptic
441963291566023,-3.6737285,40.434082,2024-09-13T11:02:36+0000,2024-09-13T11:02:36+0000,panoptic
441963294899356,-3.6752276,40.435734,2024-09-13T11:02:54+0000,2024-09-13T11:02:54+0000,panoptic
441963298232689,-3.6747363,40.435078,2024-09-13T11:02:48+0000,2024-09-13T11:02:48+0000,panoptic
441963304899355,-3.6760895,40.436295,2024-09-13T11:03:49+0000,2024-09-13T11:03:51+0000,trafficsign
441963311566021,-3.6748016,40.435127,2024-09-13T11:02:49+0000,2024-09-13T11:02:49+0000,panoptic
441963314899354,-3.6747217,40.435066,2024-09-13T11:02:47+0000,2024-09-13T11:02:47+0000,panoptic
441963318232687,-3.6732857,40.433662,2024-09-13T11:02:29+0000,2024-09-13T11:02:29+0000,panoptic
441963324899353,-3.6732695,40.43337,2024-09-13T11:02:29+0000,2024-09-13T11:02:29+0000,panoptic
441963328232686,-3.6736898,40.434086,2024-09-13T11:02:33+0000,2024-09-13T11:02:33+0000,panoptic
441963334899352,-3.673875,40.434277,2024-09-13T11:02:39+0000,2024-09-13T11:02:39+0000,panoptic
441963338232685,-3.673544,40.434032,2024-09-13T11:02:35+0000,2024-09-13T11:02:35+0000,trafficsign
441963341566018,-3.674623,40.43501,2024-09-13T11:02:44+0000,2024-09-13T11:02:44+0000,panoptic
441963344899351,-3.674559,40.434658,2024-09-13T11:02:45+0000,2024-09-13T11:02:45+0000,panoptic
441963348232684,-3.673086,40.433434,2024-09-13T11:02:29+0000,2024-09-13T11:02:29+0000,panoptic
441963354899350,-3.676089,40.43629,2024-09-13T11:03:49+0000,2024-09-13T11:03:51+0000,trafficsign
441963358232683,-3.6745732,40.434654,2024-09-13T11:02:45+0000,2024-09-13T11:02:45+0000,trafficsign
441963361566016,-3.6746168,40.43501,2024-09-13T11:02:46+0000,2024-09-13T11:02:46+0000,trafficsign
441963364899349,-3.6746168,40.43501,2024-09-13T11:02:45+0000,2024-09-13T11:02:45+0000,panoptic
441963368232682,-3.6734433,40.433838,2024-09-13T11:02:33+0000,2024-09-13T11:02:33+0000,panoptic
441963371566015,-3.676097,40.436295,2024-09-13T11:03:49+0000,2024-09-13T11:03:49+0000,panoptic
441963374899348,-3.6746254,40.43474,2024-09-13T11:02:44+0000,2024-09-13T11:02:44+0000,panoptic
441963378232681,-3.6760979,40.436295,2024-09-13T11:03:49+0000,2024-09-13T11:03:49+0000,panoptic
441963381566014,-3.6750007,40.43479,2024-09-13T11:02:46+0000,2024-09-13T11:02:46+0000,panoptic
441963384899347,-3.6734426,40.433834,2024-09-13T11:02:33+0000,2024-09-13T11:02:33+0000,panoptic
441963391566013,-3.6751482,40.435574,2024-09-13T11:02:52+0000,2024-09-13T11:02:52+0000,panoptic
441963394899346,-3.6734486,40.43357,2024-09-13T11:02:32+0000,2024-09-13T11:02:32+0000,panoptic
441963398232679,-3.6754668,40.435726,2024-09-13T11:03:43+0000,2024-09-13T11:03:43+0000,panoptic
441963404899345,-3.6747415,40.43507,2024-09-13T11:02:47+0000,2024-09-13T11:02:47+0000,panoptic
441963408232678,-3.6734056,40.433533,2024-09-13T11:02:31+0000,2024-09-13T11:02:31+0000,panoptic
441963411566011,-3.6736488,40.434055,2024-09-13T11:02:32+0000,2024-09-13T11:02:32+0000,panoptic
441963414899344,-3.6751595,40.43548,2024-09-13T11:02:52+0000,2024-09-13T11:02:52+0000,panoptic
441963418232677,-3.6745908,40.435028,2024-09-13T11:02:46+0000,2024-09-13T11:02:46+0000,panoptic
441963421566010,-3.6746228,40.43474,2024-09-13T11:02:43+0000,2024-09-13T11:02:43+0000,panoptic
1252576338549210,-3.676785,40.423515,2021-08-26T11:21:01+0000,2021-08-26T11:21:01+0000,panoptic
1252576341882543,-3.6766014,40.423424,2021-08-26T11:21:12+0000,2021-08-26T11:21:12+0000,panoptic
508097600319045,-3.6642056,40.430458,2018-09-12T07:16:08+0000,2018-09-12T07:16:08+0000,mvd_fast
508119383650200,-3.6640928,40.430492,2018-09-12T07:16:18+0000,2018-09-12T07:16:18+0000,mvd_fast
508134043648734,-3.6640496,40.430527,2018-09-12T07:16:16+0000,2018-09-12T07:16:16+0000,mvd_fast
508136703648468,-3.6641483,40.430435,2018-09-12T07:16:23+0000,2021-06-27T12:09:27+0000,mvd_fast
508172600311545,-3.6640916,40.430016,2018-09-12T07:16:16+0000,2018-09-12T07:16:16+0000,mvd_fast
508191720309633,-3.6643822,40.43026,2018-09-12T07:16:23+0000,2018-09-12T07:16:23+0000,mvd_fast
508217600307045,-3.6647213,40.43007,2018-09-12T07:16:39+0000,2018-09-12T07:16:39+0000,mvd_fast
508257880303017,-3.6641538,40.430157,2018-09-12T07:16:23+0000,2018-09-12T07:16:23+0000,mvd_fast
508425643619574,-3.6641912,40.430458,2018-09-12T07:16:18+0000,2021-06-27T12:09:28+0000,mvd_fast
508426853619453,-3.665288,40.430077,2018-09-12T07:16:33+0000,2018-09-12T07:16:33+0000,mvd_fast
508499290278876,-3.6646929,40.429966,2018-09-12T07:16:33+0000,2018-09-12T07:16:33+0000,mvd_fast
508508326944639,-3.6645105,40.429996,2018-09-12T07:16:26+0000,2018-09-12T07:16:26+0000,mvd_fast
508508903611248,-3.6653914,40.429653,2018-09-12T07:16:44+0000,2018-09-12T07:16:44+0000,mvd_fast
508620316933440,-3.6645503,40.430218,2018-09-12T07:16:33+0000,2018-09-12T07:16:33+0000,mvd_fast
508629503599188,-3.6648831,40.430023,2018-09-12T07:16:37+0000,2018-09-12T07:16:37+0000,mvd_fast
509000946895377,-3.664887,40.430077,2018-09-12T07:16:37+0000,2018-09-12T07:16:37+0000,trafficsign
509559140172891,-3.6642084,40.43016,2018-09-12T07:16:14+0000,2018-09-12T07:16:14+0000,mvd_fast
509819710146834,-3.665428,40.429554,2018-09-12T07:16:46+0000,2018-09-12T07:16:46+0000,mvd_fast
509853430143462,-3.6650178,40.429996,2018-09-12T07:16:41+0000,2018-09-12T07:16:41+0000,mvd_fast
4266433920310042,-3.6751297,40.425056,2025-07-17T17:37:51+0000,2025-07-17T17:37:51+0000,panoptic
4266433923643375,-3.6765754,40.424374,2025-07-17T17:37:36+0000,2025-07-17T17:37:36+0000,panoptic
4266433926976708,-3.6746516,40.425266,2025-07-17T17:37:53+0000,2025-07-17T17:37:53+0000,panoptic
4266433930310041,-3.67437,40.425385,2025-07-17T17:37:57+0000,2025-07-17T17:37:57+0000,panoptic
4266433933643374,-3.6743996,40.42538,2025-07-17T17:37:55+0000,2025-07-17T17:37:55+0000,panoptic
4266433936976707,-3.6754103,40.424816,2025-07-17T17:37:47+0000,2025-07-17T17:37:47+0000,panoptic
4266433940310040,-3.6751509,40.425102,2025-07-17T17:37:51+0000,2025-07-17T17:37:51+0000,panoptic
4266433943643373,-3.6746447,40.42524,2025-07-17T17:37:54+0000,2025-07-17T17:37:54+0000,panoptic
4266433946976706,-3.6743772,40.425358,2025-07-17T17:37:55+0000,2025-07-17T17:37:55+0000,panoptic
4266433956976705,-3.6751363,40.42508,2025-07-17T17:37:49+0000,2025-07-17T17:37:49+0000,panoptic
4266433960310038,-3.6741426,40.42532,2025-07-17T17:37:53+0000,2025-07-17T17:37:53+0000,panoptic
4266433963643371,-3.6751766,40.4252,2025-07-17T17:37:50+0000,2025-07-17T17:37:50+0000,panoptic
4266433973643370,-3.674841,40.425022,2025-07-17T17:37:51+0000,2025-07-17T17:37:51+0000,panoptic
4266433976976703,-3.6754386,40.42513,2025-07-17T17:37:46+0000,2025-07-17T17:37:46+0000,panoptic
4266433980310036,-3.6754625,40.425148,2025-07-17T17:37:47+0000,2025-07-17T17:37:47+0000,panoptic
4266433983643369,-3.6753447,40.425213,2025-07-17T17:37:48+0000,2025-07-17T17:37:48+0000,panoptic
4266433986976702,-3.675531,40.42503,2025-07-17T17:37:40+0000,2025-07-17T17:37:40+0000,panoptic
4266433990310035,-3.6749563,40.424988,2025-07-17T17:37:47+0000,2025-07-17T17:37:47+0000,panoptic
4266433993643368,-3.6754465,40.425125,2025-07-17T17:37:45+0000,2025-07-17T17:37:45+0000,panoptic
4266433996976701,-3.6743634,40.42557,2025-07-17T17:37:57+0000,2025-07-17T17:37:57+0000,panoptic
4266434000310034,-3.6737752,40.42553,2025-07-17T17:37:56+0000,2025-07-17T17:38:00+0000,panoptic
4266434003643367,-3.674544,40.425144,2025-07-17T17:37:54+0000,2025-07-17T17:37:54+0000,panoptic
4266434006976700,-3.6744053,40.425552,2025-07-17T17:37:55+0000,2025-07-17T17:37:55+0000,panoptic
4266434010310033,-3.674229,40.42531,2025-07-17T17:37:54+0000,2025-07-17T17:37:54+0000,panoptic
4266434013643366,-3.674425,40.425293,2025-07-17T17:37:54+0000,2025-07-17T17:37:54+0000,panoptic
4266434016976699,-3.6743424,40.425274,2025-07-17T17:37:53+0000,2025-07-17T17:37:53+0000,panoptic
4266434020310032,-3.674473,40.425285,2025-07-17T17:37:55+0000,2025-07-17T17:37:55+0000,panoptic
4266434023643365,-3.6744978,40.425514,2025-07-17T17:37:55+0000,2025-07-17T17:37:55+0000,panoptic
4266434026976698,-3.6742625,40.425297,2025-07-17T17:37:55+0000,2025-07-17T17:37:55+0000,panoptic
4266434030310031,-3.6742895,40.42528,2025-07-17T17:37:55+0000,2025-07-17T17:37:55+0000,panoptic
4266434033643364,-3.6744108,40.425224,2025-07-17T17:37:55+0000,2025-07-17T17:37:55+0000,panoptic
4266434036976697,-3.674417,40.42522,2025-07-17T17:37:55+0000,2025-07-17T17:37:55+0000,panoptic
4266434040310030,-3.6743052,40.425278,2025-07-17T17:37:55+0000,2025-07-17T17:37:55+0000,panoptic
4266434043643363,-3.6746337,40.42546,2025-07-17T17:37:53+0000,2025-07-17T17:37:53+0000,panoptic
4266434046976696,-3.6741757,40.425404,2025-07-17T17:37:57+0000,2025-07-17T17:37:57+0000,panoptic
4266434053643362,-3.6745336,40.425217,2025-07-17T17:37:55+0000,2025-07-17T17:37:55+0000,panoptic
4266434060310028,-3.6758816,40.42456,2025-07-17T17:37:42+0000,2025-07-17T17:37:42+0000,panoptic
4266434063643361,-3.6741674,40.42538,2025-07-17T17:37:56+0000,2025-07-17T17:37:56+0000,panoptic
4266434066976694,-3.6755576,40.424694,2025-07-17T17:37:44+0000,2025-07-17T17:37:44+0000,panoptic
4266434073643360,-3.6760433,40.424965,2025-07-17T17:37:41+0000,2025-07-17T17:37:41+0000,panoptic
4266434076976693,-3.676145,40.424736,2025-07-17T17:37:39+0000,2025-07-17T17:37:39+0000,panoptic
4266434080310026,-3.6762729,40.42467,2025-07-17T17:37:37+0000,2025-07-17T17:37:37+0000,panoptic
4266434083643359,-3.676343,40.424427,2025-07-17T17:37:37+0000,2025-07-17T17:37:37+0000,panoptic
4266434086976692,-3.6738284,40.425503,2025-07-17T17:37:55+0000,2025-07-17T17:38:00+0000,panoptic
4266434093643358,-3.67635,40.42425,2025-07-17T17:37:35+0000,2025-07-17T17:37:35+0000,panoptic
4266434096976691,-3.6761315,40.42452,2025-07-17T17:37:41+0000,2025-07-17T17:37:41+0000,panoptic
4266434100310024,-3.6746435,40.425117,2025-07-17T17:37:53+0000,2025-07-17T17:37:53+0000,panoptic
4266434103643357,-3.6745896,40.42516,2025-07-17T17:37:54+0000,2025-07-17T17:37:54+0000,panoptic
4266434106976690,-3.6763496,40.42424,2025-07-17T17:37:35+0000,2025-07-17T17:37:35+0000,panoptic
4266434110310023,-3.6745963,40.425472,2025-07-17T17:37:52+0000,2025-07-17T17:37:52+0000,panoptic
4266434113643356,-3.6747522,40.425407,2025-07-17T17:37:52+0000,2025-07-17T17:37:52+0000,panoptic
4266434116976689,-3.6747866,40.425392,2025-07-17T17:37:52+0000,2025-07-17T17:37:52+0000,panoptic
4266434120310022,-3.6747026,40.425426,2025-07-17T17:37:51+0000,2025-07-17T17:37:51+0000,panoptic
4266434123643355,-3.6748986,40.425007,2025-07-17T17:37:51+0000,2025-07-17T17:37:51+0000,panoptic
4266434126976688,-3.674308,40.42535,2025-07-17T17:37:57+0000,2025-07-17T17:37:57+0000,panoptic
4266434130310021,-3.674409,40.42551,2025-07-17T17:37:56+0000,2025-07-17T17:37:56+0000,panoptic
4266434133643354,-3.675615,40.424927,2025-07-17T17:37:42+0000,2025-07-17T17:37:42+0000,panoptic
4266434136976687,-3.6754224,40.425083,2025-07-17T17:37:40+0000,2025-07-17T17:37:40+0000,panoptic
4266434143643353,-3.6754394,40.42513,2025-07-17T17:37:46+0000,2025-07-17T17:37:46+0000,panoptic
4266434153643352,-3.676197,40.424633,2025-07-17T17:37:39+0000,2025-07-17T17:37:39+0000,panoptic
4266434156976685,-3.6762512,40.424442,2025-07-17T17:37:36+0000,2025-07-17T17:37:36+0000,panoptic
4266434160310018,-3.6749284,40.42512,2025-07-17T17:37:52+0000,2025-07-17T17:37:52+0000,panoptic
4266434163643351,-3.674865,40.425095,2025-07-17T17:37:52+0000,2025-07-17T17:37:52+0000,panoptic
4266434166976684,-3.674867,40.42514,2025-07-17T17:37:53+0000,2025-07-17T17:37:53+0000,panoptic
4266434170310017,-3.6753762,40.424675,2025-07-17T17:37:47+0000,2025-07-17T17:37:47+0000,panoptic
4266434173643350,-3.6765594,40.42435,2025-07-17T17:37:36+0000,2025-07-17T17:37:36+0000,panoptic
4266434176976683,-3.675484,40.42476,2025-07-17T17:37:47+0000,2025-07-17T17:37:47+0000,panoptic
4266434183643349,-3.6752763,40.425056,2025-07-17T17:37:50+0000,2025-07-17T17:37:50+0000,panoptic
4266434186976682,-3.6754436,40.42476,2025-07-17T17:37:47+0000,2025-07-17T17:37:47+0000,panoptic
4266434190310015,-3.674335,40.425385,2025-07-17T17:37:56+0000,2025-07-17T17:37:56+0000,panoptic
4266434193643348,-3.6749697,40.42519,2025-07-17T17:37:52+0000,2025-07-17T17:37:52+0000,panoptic
4266434196976681,-3.6748307,40.42515,2025-07-17T17:37:51+0000,2025-07-17T17:37:51+0000,panoptic
4266434200310014,-3.6753933,40.424843,2025-07-17T17:37:48+0000,2025-07-17T17:37:48+0000,panoptic
4266434203643347,-3.6750016,40.425083,2025-07-17T17:37:50+0000,2025-07-17T17:37:50+0000,panoptic
4266434206976680,-3.6765463,40.42439,2025-07-17T17:37:35+0000,2025-07-17T17:37:35+0000,panoptic
4266434210310013,-3.6746638,40.425117,2025-07-17T17:37:53+0000,2025-07-17T17:37:53+0000,panoptic
4266434213643346,-3.6758573,40.42503,2025-07-17T17:37:43+0000,2025-07-17T17:37:43+0000,panoptic
4266434216976679,-3.6754372,40.42445,2025-07-17T17:37:43+0000,2025-07-17T17:37:43+0000,panoptic
4266434220310012,-3.6766243,40.424587,2025-07-17T17:37:36+0000,2025-07-17T17:37:36+0000,panoptic
4266434223643345,-3.6759706,40.42452,2025-07-17T17:37:42+0000,2025-07-17T17:37:42+0000,panoptic
4266434226976678,-3.6760554,40.425007,2025-07-17T17:37:39+0000,2025-07-17T17:37:39+0000,panoptic
4266434230310011,-3.6764448,40.42467,2025-07-17T17:37:36+0000,2025-07-17T17:37:36+0000,panoptic
4266434233643344,-3.6759298,40.425007,2025-07-17T17:37:43+0000,2025-07-17T17:37:43+0000,panoptic
4266434236976677,-3.6763263,40.424355,2025-07-17T17:37:38+0000,2025-07-17T17:37:38+0000,panoptic
4266434240310010,-3.6764252,40.424675,2025-07-17T17:37:37+0000,2025-07-17T17:37:37+0000,panoptic
4266434243643343,-3.67639,40.42432,2025-07-17T17:37:36+0000,2025-07-17T17:37:36+0000,panoptic
4266434246976676,-3.6751935,40.42516,2025-07-17T17:37:50+0000,2025-07-17T17:37:50+0000,panoptic
4266434253643342,-3.6754553,40.424942,2025-07-17T17:37:48+0000,2025-07-17T17:37:48+0000,panoptic
4266434256976675,-3.675225,40.425125,2025-07-17T17:37:50+0000,2025-07-17T17:37:50+0000,panoptic
4266434260310008,-3.6744537,40.425255,2025-07-17T17:37:51+0000,2025-07-17T17:37:51+0000,panoptic
4266434266976674,-3.6747794,40.425354,2025-07-17T17:37:49+0000,2025-07-17T17:37:49+0000,panoptic
4266434270310007,-3.6752043,40.42521,2025-07-17T17:37:49+0000,2025-07-17T17:37:49+0000,panoptic
4266434273643340,-3.674149,40.425327,2025-07-17T17:37:56+0000,2025-07-17T17:37:56+0000,panoptic
4266434276976673,-3.6740875,40.42536,2025-07-17T17:37:57+0000,2025-07-17T17:37:57+0000,panoptic
4266434283643339,-3.6740768,40.42537,2025-07-17T17:37:57+0000,2025-07-17T17:37:57+0000,panoptic
4266434290310005,-3.673924,40.425377,2025-07-17T17:37:57+0000,2025-07-17T17:37:59+0000,panoptic
4266434293643338,-3.6754029,40.425064,2025-07-17T17:37:45+0000,2025-07-17T17:37:45+0000,panoptic
4266434296976671,-3.6749973,40.425014,2025-07-17T17:37:44+0000,2025-07-17T17:37:44+0000,panoptic
4266434300310004,-3.6740723,40.425465,2025-07-17T17:37:56+0000,2025-07-17T17:37:56+0000,panoptic
4266434303643337,-3.6738465,40.425823,2025-07-17T17:37:57+0000,2025-07-17T17:37:59+0000,panoptic
4266434310310003,-3.6741772,40.42539,2025-07-17T17:37:55+0000,2025-07-17T17:37:55+0000,panoptic
4266434313643336,-3.675594,40.42467,2025-07-17T17:37:43+0000,2025-07-17T17:37:43+0000,panoptic
4266434316976669,-3.6755943,40.42467,2025-07-17T17:37:42+0000,2025-07-17T17:37:42+0000,panoptic
4266434320310002,-3.6755927,40.42467,2025-07-17T17:37:43+0000,2025-07-17T17:37:43+0000,panoptic
4266434323643335,-3.6755712,40.425026,2025-07-17T17:37:47+0000,2025-07-17T17:37:47+0000,panoptic
4266434333643334,-3.6750305,40.425003,2025-07-17T17:37:47+0000,2025-07-17T17:37:47+0000,panoptic
4266434336976667,-3.6755714,40.42503,2025-07-17T17:37:45+0000,2025-07-17T17:37:45+0000,panoptic
4266434340310000,-3.6754024,40.425064,2025-07-17T17:37:42+0000,2025-07-17T17:37:42+0000,panoptic
4266434343643333,-3.6757658,40.425026,2025-07-17T17:37:44+0000,2025-07-17T17:37:44+0000,panoptic
4266434346976666,-3.6754022,40.425064,2025-07-17T17:37:44+0000,2025-07-17T17:37:44+0000,panoptic
4266434350309999,-3.675712,40.42502,2025-07-17T17:37:43+0000,2025-07-17T17:37:43+0000,panoptic
4266434353643332,-3.6758204,40.42498,2025-07-17T17:37:42+0000,2025-07-17T17:37:42+0000,panoptic
4266434356976665,-3.6748998,40.424873,2025-07-17T17:37:47+0000,2025-07-17T17:37:47+0000,panoptic
4266434360309998,-3.6754975,40.424957,2025-07-17T17:37:43+0000,2025-07-17T17:37:43+0000,panoptic
4266434363643331,-3.674901,40.424835,2025-07-17T17:37:46+0000,2025-07-17T17:37:46+0000,panoptic
4266434366976664,-3.675126,40.424965,2025-07-17T17:37:50+0000,2025-07-17T17:37:50+0000,panoptic
4266434370309997,-3.674868,40.424698,2025-07-17T17:37:49+0000,2025-07-17T17:37:49+0000,panoptic
4266434373643330,-3.6749892,40.425022,2025-07-17T17:37:50+0000,2025-07-17T17:37:50+0000,panoptic
4266434376976663,-3.6760657,40.42459,2025-07-17T17:37:38+0000,2025-07-17T17:37:38+0000,trafficsign
4266434380309996,-3.6743767,40.425297,2025-07-17T17:37:56+0000,2025-07-17T17:37:56+0000,panoptic
4266434383643329,-3.6741767,40.42539,2025-07-17T17:37:55+0000,2025-07-17T17:37:55+0000,trafficsign
4266434386976662,-3.6751258,40.424965,2025-07-17T17:37:50+0000,2025-07-17T17:37:50+0000,trafficsign
4266434390309995,-3.6745386,40.42545,2025-07-17T17:37:54+0000,2025-07-17T17:37:54+0000,panoptic
4266434393643328,-3.674343,40.425312,2025-07-17T17:37:54+0000,2025-07-17T17:37:54+0000,panoptic
4266434396976661,-3.6745474,40.42522,2025-07-17T17:37:52+0000,2025-07-17T17:37:52+0000,panoptic
4266434400309994,-3.6741822,40.42539,2025-07-17T17:37:57+0000,2025-07-17T17:37:57+0000,panoptic
4266434403643327,-3.6749935,40.42502,2025-07-17T17:37:51+0000,2025-07-17T17:37:51+0000,panoptic
4266434406976660,-3.6752107,40.42515,2025-07-17T17:37:50+0000,2025-07-17T17:37:50+0000,panoptic
4266434410309993,-3.6750302,40.425232,2025-07-17T17:37:50+0000,2025-07-17T17:37:50+0000,panoptic
4266434413643326,-3.6748762,40.424885,2025-07-17T17:37:47+0000,2025-07-17T17:37:47+0000,panoptic
4266434420309992,-3.6758876,40.42457,2025-07-17T17:37:42+0000,2025-07-17T17:37:42+0000,panoptic
4266434423643325,-3.6763453,40.424408,2025-07-17T17:37:37+0000,2025-07-17T17:37:37+0000,panoptic
4266434426976658,-3.6750317,40.425003,2025-07-17T17:37:48+0000,2025-07-17T17:37:48+0000,panoptic
4266434430309991,-3.676394,40.424385,2025-07-17T17:37:35+0000,2025-07-17T17:37:35+0000,panoptic
4266434433643324,-3.6760356,40.42455,2025-07-17T17:37:41+0000,2025-07-17T17:37:41+0000,panoptic
4266434440309990,-3.675597,40.42467,2025-07-17T17:37:43+0000,2025-07-17T17:37:43+0000,panoptic
4266434443643323,-3.676065,40.42459,2025-07-17T17:37:36+0000,2025-07-17T17:37:36+0000,panoptic
4266434446976656,-3.6751237,40.42497,2025-07-17T17:37:49+0000,2025-07-17T17:37:49+0000,panoptic
4266434450309989,-3.6751149,40.425167,2025-07-17T17:37:50+0000,2025-07-17T17:37:50+0000,panoptic
4266434453643322,-3.6737976,40.42571,2025-07-17T17:37:55+0000,2025-07-17T17:37:59+0000,panoptic
4266434456976655,-3.6767302,40.42441,2025-07-17T17:37:35+0000,2025-07-17T17:37:35+0000,panoptic
4266434460309988,-3.6765797,40.424305,2025-07-17T17:37:35+0000,2025-07-17T17:37:35+0000,panoptic
4266434463643321,-3.676037,40.42455,2025-07-17T17:37:41+0000,2025-07-17T17:37:41+0000,panoptic
4266434466976654,-3.6756985,40.42502,2025-07-17T17:37:39+0000,2025-07-17T17:37:39+0000,panoptic
4266434470309987,-3.6750019,40.425034,2025-07-17T17:37:50+0000,2025-07-17T17:37:50+0000,panoptic
4266434473643320,-3.6749911,40.425182,2025-07-17T17:37:45+0000,2025-07-17T17:37:45+0000,panoptic
4266434476976653,-3.674896,40.42482,2025-07-17T17:37:44+0000,2025-07-17T17:37:44+0000,panoptic
4266434480309986,-3.6749868,40.42501,2025-07-17T17:37:49+0000,2025-07-17T17:37:49+0000,panoptic
4266434483643319,-3.6751354,40.425194,2025-07-17T17:37:50+0000,2025-07-17T17:37:50+0000,panoptic
4266434486976652,-3.6754875,40.424946,2025-07-17T17:37:40+0000,2025-07-17T17:37:40+0000,panoptic
4266434490309985,-3.676069,40.4246,2025-07-17T17:37:35+0000,2025-07-17T17:37:35+0000,panoptic
4266434493643318,-3.6748183,40.424877,2025-07-17T17:37:48+0000,2025-07-17T17:37:48+0000,panoptic
4266434496976651,-3.6753647,40.425095,2025-07-17T17:37:47+0000,2025-07-17T17:37:47+0000,panoptic
4266434500309984,-3.675556,40.42503,2025-07-17T17:37:47+0000,2025-07-17T17:37:47+0000,panoptic
4266434503643317,-3.6753378,40.425064,2025-07-17T17:37:48+0000,2025-07-17T17:37:48+0000,panoptic
4266434506976650,-3.675571,40.42501,2025-07-17T17:37:46+0000,2025-07-17T17:37:46+0000,panoptic
4266434510309983,-3.675779,40.42497,2025-07-17T17:37:44+0000,2025-07-17T17:37:44+0000,panoptic
4266434513643316,-3.6755328,40.425026,2025-07-17T17:37:47+0000,2025-07-17T17:37:47+0000,panoptic
4266434516976649,-3.6755707,40.42471,2025-07-17T17:37:43+0000,2025-07-17T17:37:43+0000,panoptic
4266434520309982,-3.6751347,40.424713,2025-07-17T17:37:46+0000,2025-07-17T17:37:46+0000,panoptic
4266434523643315,-3.6747875,40.42513,2025-07-17T17:37:52+0000,2025-07-17T17:37:52+0000,panoptic
4266434526976648,-3.6762989,40.424652,2025-07-17T17:37:39+0000,2025-07-17T17:37:39+0000,panoptic
4266434530309981,-3.6750672,40.425236,2025-07-17T17:37:49+0000,2025-07-17T17:37:49+0000,panoptic
4266434533643314,-3.6738305,40.425755,2025-07-17T17:37:57+0000,2025-07-17T17:37:59+0000,panoptic
4266434536976647,-3.6755257,40.424995,2025-07-17T17:37:47+0000,2025-07-17T17:37:47+0000,panoptic
4266434540309980,-3.6741946,40.42538,2025-07-17T17:37:57+0000,2025-07-17T17:37:57+0000,panoptic
4266434543643313,-3.6763024,40.424652,2025-07-17T17:37:40+0000,2025-07-17T17:37:40+0000,panoptic
4266434546976646,-3.673626,40.425846,2025-07-17T17:37:56+0000,2025-07-17T17:37:59+0000,panoptic
4266434550309979,-3.6760294,40.42455,2025-07-17T17:37:43+0000,2025-07-17T17:37:43+0000,panoptic
4266434553643312,-3.6757665,40.425022,2025-07-17T17:37:46+0000,2025-07-17T17:37:46+0000,panoptic
4266434556976645,-3.675551,40.425114,2025-07-17T17:37:45+0000,2025-07-17T17:37:45+0000,panoptic
4266434560309978,-3.674902,40.425064,2025-07-17T17:37:52+0000,2025-07-17T17:37:52+0000,panoptic
4266434563643311,-3.675028,40.425232,2025-07-17T17:37:51+0000,2025-07-17T17:37:51+0000,panoptic
4266434566976644,-3.6745417,40.42524,2025-07-17T17:37:55+0000,2025-07-17T17:37:55+0000,panoptic
4266434570309977,-3.6756535,40.424503,2025-07-17T17:37:43+0000,2025-07-17T17:37:43+0000,panoptic
4266434573643310,-3.675019,40.425232,2025-07-17T17:37:51+0000,2025-07-17T17:37:51+0000,panoptic
4266434576976643,-3.675524,40.42499,2025-07-17T17:37:47+0000,2025-07-17T17:37:47+0000,panoptic
4266434580309976,-3.6755881,40.424496,2025-07-17T17:37:43+0000,2025-07-17T17:37:43+0000,panoptic
4266434583643309,-3.6739748,40.42541,2025-07-17T17:37:56+0000,2025-07-17T17:37:59+0000,panoptic
4266434586976642,-3.6742003,40.425377,2025-07-17T17:37:52+0000,2025-07-17T17:37:52+0000,panoptic
4266434590309975,-3.674046,40.425377,2025-07-17T17:37:57+0000,2025-07-17T17:37:57+0000,panoptic
4266434593643308,-3.67555,40.425114,2025-07-17T17:37:47+0000,2025-07-17T17:37:47+0000,panoptic
4266434596976641,-3.6749063,40.42506,2025-07-17T17:37:48+0000,2025-07-17T17:37:48+0000,panoptic
4266434600309974,-3.6742282,40.425423,2025-07-17T17:37:51+0000,2025-07-17T17:37:51+0000,panoptic
923649495138754,-3.6724262,40.426228,2018-09-12T16:34:49+0000,2018-09-12T16:34:49+0000,mvd_fast
923659391804431,-3.6703374,40.427162,2018-09-12T16:35:10+0000,2025-07-17T17:39:17+0000,mvd_fast
923711695132534,-3.6707027,40.427044,2018-09-12T16:35:12+0000,2018-09-12T16:35:12+0000,mvd_fast
923779388459098,-3.6739204,40.425533,2018-09-12T16:34:41+0000,2018-09-12T16:34:41+0000,trafficsign
923908408446196,-3.6750886,40.42501,2018-09-12T16:34:30+0000,2018-09-12T16:34:30+0000,trafficsign
923929198444117,-3.6740503,40.4254,2018-09-12T16:34:38+0000,2018-09-12T16:34:38+0000,trafficsign
923956518441385,-3.6724436,40.42615,2018-09-12T16:34:53+0000,2018-09-12T16:34:53+0000,trafficsign
923968268440210,-3.6751187,40.425,2018-09-12T16:34:30+0000,2018-09-12T16:34:30+0000,trafficsign
924012121769158,-3.673995,40.4255,2018-09-12T16:34:41+0000,2018-09-12T16:34:41+0000,trafficsign
924012981769072,-3.6707327,40.427006,2018-09-12T16:35:12+0000,2018-09-12T16:35:12+0000,trafficsign
924115881758782,-3.673052,40.42592,2018-09-12T16:34:50+0000,2018-09-12T16:34:50+0000,trafficsign
924464621723908,-3.672715,40.426155,2018-09-12T16:34:47+0000,2018-09-12T16:34:47+0000,mvd_fast
924472278389809,-3.6724482,40.42616,2018-09-12T16:34:53+0000,2018-09-12T16:34:53+0000,mvd_fast
924477265055977,-3.6726933,40.426105,2018-09-12T16:34:51+0000,2018-09-12T16:34:51+0000,mvd_fast
924483291722041,-3.6728003,40.426147,2018-09-12T16:34:52+0000,2018-09-12T16:34:52+0000,mvd_fast
924494885054215,-3.6709163,40.426964,2018-09-12T16:35:10+0000,2025-07-17T17:39:17+0000,mvd_fast
924527608384276,-3.6729972,40.426193,2018-09-12T16:34:49+0000,2025-07-17T17:38:10+0000,mvd_fast
924538855049818,-3.673058,40.42592,2018-09-12T16:34:48+0000,2025-07-17T17:38:07+0000,mvd_fast
924591508377886,-3.6750088,40.42498,2018-09-12T16:34:25+0000,2025-07-17T17:37:50+0000,mvd_fast
924600581710312,-3.6736526,40.425636,2018-09-12T16:34:43+0000,2025-07-17T17:38:03+0000,mvd_fast
924616731708697,-3.6766152,40.42432,2018-09-12T16:33:00+0000,2018-09-12T16:33:00+0000,mvd_fast
924704775033226,-3.676291,40.42452,2018-09-12T16:33:09+0000,2025-07-17T17:37:40+0000,mvd_fast
924743918362645,-3.673853,40.42574,2018-09-12T16:34:40+0000,2025-07-17T17:38:00+0000,mvd_fast
924757665027937,-3.6743245,40.42541,2018-09-12T16:34:36+0000,2018-09-12T16:34:36+0000,mvd_fast
924840895019614,-3.670324,40.427185,2018-09-12T16:35:09+0000,2025-07-17T17:39:20+0000,mvd_fast
924844018352635,-3.674781,40.42524,2018-09-12T16:34:33+0000,2025-07-17T17:37:54+0000,mvd_fast
924858351684535,-3.6756408,40.424717,2018-09-12T16:33:11+0000,2018-09-12T16:33:11+0000,mvd_fast
924883048348732,-3.673129,40.425873,2018-09-12T16:34:42+0000,2025-07-17T17:38:01+0000,mvd_fast
924909695012734,-3.673239,40.426064,2018-09-12T16:34:46+0000,2025-07-17T17:38:04+0000,mvd_fast
924958925007811,-3.672346,40.426567,2018-09-12T16:34:53+0000,2025-07-17T17:38:15+0000,mvd_fast
925680564935647,-3.6742885,40.425365,2018-09-12T16:34:34+0000,2018-09-12T16:34:34+0000,mvd_fast
925740614929642,-3.6747627,40.425133,2018-09-12T16:34:31+0000,2025-07-17T17:37:51+0000,mvd_fast
1138949568301303,-3.6814642,40.434685,2025-06-16T15:59:03+0000,2025-06-16T15:59:03+0000,panoptic
1138949571634636,-3.6816182,40.434666,2025-06-16T15:59:06+0000,2025-06-16T15:59:29+0000,panoptic
1138949574967969,-3.6814044,40.43468,2025-06-16T15:59:05+0000,2025-06-16T15:59:05+0000,panoptic
1138949578301302,-3.681636,40.43466,2025-06-16T15:59:06+0000,2025-06-16T15:59:30+0000,panoptic
1138949581634635,-3.6812034,40.434658,2025-06-16T15:59:01+0000,2025-06-16T15:59:01+0000,panoptic
644685665259337,-3.6803384,40.434563,2025-06-16T15:58:40+0000,2025-06-16T15:58:40+0000,panoptic
644685668592670,-3.6802857,40.434498,2025-06-16T15:58:37+0000,2025-06-16T15:58:37+0000,panoptic
644685671926003,-3.6801295,40.43448,2025-06-16T15:58:35+0000,2025-06-16T15:58:35+0000,panoptic
644685675259336,-3.6803157,40.4345,2025-06-16T15:58:38+0000,2025-06-16T15:58:38+0000,panoptic
682855304564356,-3.6808286,40.43454,2025-06-16T15:58:56+0000,2025-06-16T15:58:56+0000,panoptic
2091514098261308,-3.665337,40.431515,2025-11-06T14:18:04+0000,2025-11-06T14:32:27+0000,panoptic
2091514101594641,-3.665341,40.431534,2025-11-06T14:18:04+0000,2025-11-06T14:32:17+0000,panoptic
2091514104927974,-3.6653426,40.43153,2025-11-06T14:17:58+0000,2025-11-06T14:32:17+0000,panoptic
2091514108261307,-3.6653244,40.43151,2025-11-06T14:17:58+0000,2025-11-06T14:32:19+0000,panoptic
2091514111594640,-3.6653283,40.431503,2025-11-06T14:17:58+0000,2025-11-06T14:32:17+0000,panoptic
2091514114927973,-3.6653135,40.43152,2025-11-06T14:17:58+0000,2025-11-06T14:33:00+0000,panoptic
2091514118261306,-3.665332,40.431503,2025-11-06T14:17:58+0000,2025-11-06T14:32:17+0000,panoptic
2091514128261305,-3.6653361,40.431488,2025-11-06T14:17:58+0000,2025-11-06T14:32:32+0000,panoptic
2091514138261304,-3.665332,40.431503,2025-11-06T14:18:20+0000,2025-11-06T14:32:17+0000,panoptic
2091514141594637,-3.6653316,40.43151,2025-11-06T14:18:12+0000,2025-11-06T14:32:17+0000,panoptic
2091514148261303,-3.6653323,40.431507,2025-11-06T14:17:58+0000,2025-11-06T14:32:17+0000,panoptic
2091514151594636,-3.6653461,40.431526,2025-11-06T14:18:05+0000,2025-11-06T14:32:28+0000,panoptic
2091514154927969,-3.665342,40.431496,2025-11-06T14:18:11+0000,2025-11-06T14:32:33+0000,panoptic
2091514164927968,-3.6653333,40.4315,2025-11-06T14:18:01+0000,2025-11-06T14:32:32+0000,panoptic
2091514171594634,-3.665366,40.43154,2025-11-06T14:18:03+0000,2025-11-06T14:32:20+0000,panoptic
2091514178261300,-3.665316,40.43149,2025-11-06T14:17:58+0000,2025-11-06T14:32:31+0000,panoptic
2091514181594633,-3.665348,40.431496,2025-11-06T14:17:58+0000,2025-11-06T14:17:58+0000,panoptic
2091514184927966,-3.665326,40.431507,2025-11-06T14:18:21+0000,2025-11-06T14:32:45+0000,panoptic
2091514188261299,-3.665323,40.43147,2025-11-06T14:17:58+0000,2025-11-06T14:18:11+0000,panoptic
2091514191594632,-3.665336,40.43149,2025-11-06T14:17:58+0000,2025-11-06T14:32:20+0000,panoptic
2091514194927965,-3.6653516,40.431526,2025-11-06T14:18:17+0000,2025-11-06T14:18:17+0000,panoptic
2091514198261298,-3.6653447,40.431534,2025-11-06T14:17:58+0000,2025-11-06T14:32:17+0000,panoptic
2091514201594631,-3.6653469,40.43151,2025-11-06T14:18:12+0000,2025-11-06T14:32:24+0000,panoptic
2091514204927964,-3.6653488,40.43151,2025-11-06T14:17:58+0000,2025-11-06T14:32:28+0000,panoptic
2091514208261297,-3.6653433,40.43151,2025-11-06T14:18:12+0000,2025-11-06T14:32:22+0000,panoptic
2091514211594630,-3.6653402,40.431503,2025-11-06T14:17:58+0000,2025-11-06T14:32:19+0000,panoptic
2091514224927962,-3.6653018,40.43153,2025-11-06T14:18:21+0000,2025-11-06T14:32:52+0000,panoptic
2091514228261295,-3.6653554,40.4315,2025-11-06T14:18:09+0000,2025-11-06T14:18:09+0000,panoptic
2074778843293291,-3.665114,40.431763,2025-11-06T14:17:36+0000,2025-11-06T14:17:36+0000,panoptic
2074778846626624,-3.6651998,40.43159,2025-11-06T14:17:31+0000,2025-11-06T14:17:31+0000,panoptic
2074778849959957,-3.6652763,40.431297,2025-11-06T14:17:35+0000,2025-11-06T14:17:35+0000,panoptic
2074778853293290,-3.6653047,40.43157,2025-11-06T14:17:31+0000,2025-11-06T14:17:31+0000,panoptic
2074778856626623,-3.6658552,40.431564,2025-11-06T14:17:36+0000,2025-11-06T14:17:36+0000,panoptic
2074778859959956,-3.664888,40.43172,2025-11-06T14:17:37+0000,2025-11-06T14:17:37+0000,panoptic
2074778863293289,-3.664997,40.431644,2025-11-06T14:17:37+0000,2025-11-06T14:17:37+0000,panoptic
2074778866626622,-3.6656067,40.431477,2025-11-06T14:17:28+0000,2025-11-06T14:17:28+0000,panoptic
2074778873293288,-3.6657956,40.431667,2025-11-06T14:17:30+0000,2025-11-06T14:17:30+0000,panoptic
2074778876626621,-3.66552,40.431477,2025-11-06T14:17:31+0000,2025-11-06T14:17:31+0000,panoptic
2074778883293287,-3.665523,40.431484,2025-11-06T14:17:31+0000,2025-11-06T14:17:31+0000,panoptic
2074778893293286,-3.6656458,40.431274,2025-11-06T14:17:30+0000,2025-11-06T14:17:30+0000,panoptic
2074778896626619,-3.6655874,40.43148,2025-11-06T14:17:30+0000,2025-11-06T14:17:30+0000,panoptic
2074778903293285,-3.6657317,40.431313,2025-11-06T14:17:56+0000,2025-11-06T14:17:56+0000,panoptic
2074778906626618,-3.6653662,40.431667,2025-11-06T14:17:31+0000,2025-11-06T14:17:31+0000,panoptic
2074778909959951,-3.6652732,40.431297,2025-11-06T14:17:35+0000,2025-11-06T14:17:35+0000,panoptic
2074778913293284,-3.6651433,40.431793,2025-11-06T14:17:36+0000,2025-11-06T14:17:36+0000,panoptic
2074778919959950,-3.665767,40.431477,2025-11-06T14:17:32+0000,2025-11-06T14:17:32+0000,panoptic
2074778929959949,-3.6652696,40.431293,2025-11-06T14:17:35+0000,2025-11-06T14:17:35+0000,panoptic
2074778936626615,-3.6655445,40.43126,2025-11-06T14:17:28+0000,2025-11-06T14:17:28+0000,panoptic
2074778939959948,-3.665632,40.431347,2025-11-06T14:17:28+0000,2025-11-06T14:17:28+0000,panoptic
2074778946626614,-3.6655505,40.431423,2025-11-06T14:17:30+0000,2025-11-06T14:17:30+0000,panoptic
2074778949959947,-3.665554,40.43125,2025-11-06T14:17:31+0000,2025-11-06T14:17:31+0000,panoptic
2074778953293280,-3.66554,40.431458,2025-11-06T14:17:31+0000,2025-11-06T14:17:31+0000,panoptic
2074778956626613,-3.6656628,40.431347,2025-11-06T14:17:30+0000,2025-11-06T14:17:30+0000,panoptic
2074778959959946,-3.6655269,40.43147,2025-11-06T14:17:31+0000,2025-11-06T14:17:31+0000,panoptic
2074778963293279,-3.6657364,40.431328,2025-11-06T14:17:34+0000,2025-11-06T14:17:34+0000,panoptic
2074778966626612,-3.6653948,40.43126,2025-11-06T14:17:31+0000,2025-11-06T14:17:31+0000,panoptic
2074778969959945,-3.6655786,40.43122,2025-11-06T14:17:33+0000,2025-11-06T14:17:33+0000,panoptic
2074778973293278,-3.6654677,40.431282,2025-11-06T14:17:34+0000,2025-11-06T14:17:34+0000,panoptic
2074778976626611,-3.6655338,40.43128,2025-11-06T14:17:28+0000,2025-11-06T14:17:28+0000,panoptic
2074778979959944,-3.6655421,40.431458,2025-11-06T14:17:30+0000,2025-11-06T14:17:30+0000,panoptic
2074778983293277,-3.6655114,40.431225,2025-11-06T14:17:30+0000,2025-11-06T14:17:30+0000,panoptic
2074778986626610,-3.665313,40.43153,2025-11-06T14:17:36+0000,2025-11-06T14:17:36+0000,panoptic
2074778989959943,-3.6652825,40.431557,2025-11-06T14:17:39+0000,2025-11-06T14:17:39+0000,panoptic
2074778993293276,-3.6652613,40.431572,2025-11-06T14:17:36+0000,2025-11-06T14:17:36+0000,panoptic
2074778996626609,-3.6655357,40.431385,2025-11-06T14:17:28+0000,2025-11-06T14:17:28+0000,panoptic
2074778999959942,-3.6654809,40.431538,2025-11-06T14:17:36+0000,2025-11-06T14:17:36+0000,panoptic
2074779003293275,-3.6654556,40.43151,2025-11-06T14:17:32+0000,2025-11-06T14:17:32+0000,panoptic
2074779006626608,-3.665391,40.431355,2025-11-06T14:17:31+0000,2025-11-06T14:17:31+0000,panoptic
2074779009959941,-3.665354,40.431545,2025-11-06T14:17:30+0000,2025-11-06T14:17:30+0000,panoptic
2074779013293274,-3.665624,40.431503,2025-11-06T14:17:28+0000,2025-11-06T14:17:28+0000,panoptic
2074779019959940,-3.6655006,40.431458,2025-11-06T14:17:31+0000,2025-11-06T14:17:31+0000,panoptic
858185383229561,-3.665335,40.43151,2025-11-06T14:32:31+0000,2025-11-06T14:32:31+0000,panoptic
858185386562894,-3.665313,40.431515,2025-11-06T14:32:31+0000,2025-11-06T14:32:31+0000,panoptic
858185396562893,-3.6653454,40.431496,2025-11-06T14:32:22+0000,2025-11-06T14:32:22+0000,panoptic
858185423229557,-3.6653023,40.431526,2025-11-06T14:32:26+0000,2025-11-06T14:32:49+0000,panoptic
858185459896220,-3.6653392,40.431507,2025-11-06T14:32:19+0000,2025-11-06T14:32:22+0000,panoptic
858185463229553,-3.6653473,40.431496,2025-11-06T14:32:21+0000,2025-11-06T14:32:21+0000,panoptic
858185466562886,-3.6653454,40.4315,2025-11-06T14:32:21+0000,2025-11-06T14:32:21+0000,panoptic
858185469896219,-3.6653128,40.43152,2025-11-06T14:32:45+0000,2025-11-06T14:32:45+0000,panoptic
858185473229552,-3.6653278,40.43152,2025-11-06T14:32:46+0000,2025-11-06T14:32:46+0000,panoptic
858185486562884,-3.665344,40.431507,2025-11-06T14:32:19+0000,2025-11-06T14:32:24+0000,panoptic
1095594692649314,-3.6652875,40.431515,2025-11-06T14:32:54+0000,2025-11-06T14:32:54+0000,panoptic
1095594695982647,-3.6651213,40.431515,2025-11-06T14:33:07+0000,2025-11-06T14:33:07+0000,panoptic
1095594699315980,-3.6649947,40.431522,2025-11-06T14:33:02+0000,2025-11-06T14:33:14+0000,panoptic
1095594705982646,-3.6649926,40.431557,2025-11-06T14:32:54+0000,2025-11-06T14:33:13+0000,panoptic
1095594709315979,-3.6652143,40.43155,2025-11-06T14:32:58+0000,2025-11-06T14:32:58+0000,panoptic
1095594712649312,-3.665279,40.43153,2025-11-06T14:32:52+0000,2025-11-06T14:32:52+0000,panoptic
1095594715982645,-3.6650603,40.431545,2025-11-06T14:33:01+0000,2025-11-06T14:33:14+0000,panoptic
1095594719315978,-3.6651387,40.431515,2025-11-06T14:33:07+0000,2025-11-06T14:33:07+0000,panoptic
1095594722649311,-3.6651368,40.431564,2025-11-06T14:33:08+0000,2025-11-06T14:33:16+0000,panoptic
1095594725982644,-3.6650784,40.43151,2025-11-06T14:33:08+0000,2025-11-06T14:33:13+0000,panoptic
1095594729315977,-3.6650672,40.431572,2025-11-06T14:33:07+0000,2025-11-06T14:33:07+0000,panoptic
1095594732649310,-3.6651206,40.431538,2025-11-06T14:33:07+0000,2025-11-06T14:33:14+0000,panoptic
1095594739315976,-3.66506,40.43155,2025-11-06T14:32:59+0000,2025-11-06T14:33:16+0000,panoptic
1095594742649309,-3.6652896,40.431515,2025-11-06T14:32:53+0000,2025-11-06T14:32:53+0000,panoptic
746848599315742,-3.6685257,40.428516,2018-01-23T16:07:46+0000,2018-01-23T16:07:46+0000,mvd_fast
746941995973069,-3.6693099,40.428467,2018-01-23T16:07:47+0000,2018-01-23T16:07:47+0000,mvd_fast
2313963049041948,-3.6645734,40.43158,2025-11-06T14:33:26+0000,2025-11-06T14:33:52+0000,panoptic
2313963052375281,-3.6648517,40.43153,2025-11-06T14:33:13+0000,2025-11-06T14:33:13+0000,panoptic
2313963055708614,-3.6646621,40.43154,2025-11-06T14:33:23+0000,2025-11-06T14:33:23+0000,panoptic
2313963059041947,-3.6649058,40.431526,2025-11-06T14:33:18+0000,2025-11-06T14:33:18+0000,panoptic
2313963062375280,-3.6649144,40.43152,2025-11-06T14:33:22+0000,2025-11-06T14:33:22+0000,panoptic
2313963069041946,-3.6650815,40.431557,2025-11-06T14:33:16+0000,2025-11-06T14:33:16+0000,panoptic
2313963075708612,-3.6644332,40.43156,2025-11-06T14:33:14+0000,2025-11-06T14:33:51+0000,panoptic
2313963082375278,-3.6645908,40.43152,2025-11-06T14:33:41+0000,2025-11-06T14:33:48+0000,panoptic
2313963089041944,-3.6648626,40.43153,2025-11-06T14:33:28+0000,2025-11-06T14:33:28+0000,panoptic
2313963092375277,-3.6650448,40.43157,2025-11-06T14:33:13+0000,2025-11-06T14:33:13+0000,panoptic
2313963095708610,-3.6650558,40.431477,2025-11-06T14:33:19+0000,2025-11-06T14:33:19+0000,panoptic
2313963099041943,-3.664849,40.431522,2025-11-06T14:33:18+0000,2025-11-06T14:33:18+0000,panoptic
2313963102375276,-3.6647363,40.43154,2025-11-06T14:33:31+0000,2025-11-06T14:33:31+0000,panoptic
2313963105708609,-3.6650426,40.43155,2025-11-06T14:33:13+0000,2025-11-06T14:33:13+0000,panoptic
2313963112375275,-3.665063,40.431576,2025-11-06T14:33:13+0000,2025-11-06T14:33:13+0000,panoptic
2313963119041941,-3.6644614,40.43154,2025-11-06T14:33:34+0000,2025-11-06T14:33:51+0000,panoptic
2313963122375274,-3.6650872,40.431477,2025-11-06T14:33:13+0000,2025-11-06T14:33:13+0000,panoptic
2313963125708607,-3.6649697,40.431522,2025-11-06T14:33:18+0000,2025-11-06T14:33:18+0000,panoptic
2313963129041940,-3.664444,40.431557,2025-11-06T14:33:36+0000,2025-11-06T14:33:51+0000,panoptic
2313963132375273,-3.6648276,40.431496,2025-11-06T14:33:31+0000,2025-11-06T14:33:31+0000,panoptic
2313963135708606,-3.664623,40.431522,2025-11-06T14:33:41+0000,2025-11-06T14:33:50+0000,panoptic
2313963142375272,-3.6647296,40.431587,2025-11-06T14:33:13+0000,2025-11-06T14:33:13+0000,panoptic
2313963145708605,-3.6645403,40.431507,2025-11-06T14:33:42+0000,2025-11-06T14:33:50+0000,panoptic
2313963149041938,-3.6650789,40.43157,2025-11-06T14:33:16+0000,2025-11-06T14:33:16+0000,panoptic
2313963152375271,-3.6648214,40.43158,2025-11-06T14:33:36+0000,2025-11-06T14:33:36+0000,panoptic
2313963155708604,-3.6648748,40.431522,2025-11-06T14:33:18+0000,2025-11-06T14:33:18+0000,panoptic
2313963162375270,-3.6648934,40.431522,2025-11-06T14:33:13+0000,2025-11-06T14:33:13+0000,panoptic
2313963165708603,-3.6648664,40.431522,2025-11-06T14:33:18+0000,2025-11-06T14:33:18+0000,panoptic
2313963169041936,-3.6650453,40.43157,2025-11-06T14:33:15+0000,2025-11-06T14:33:15+0000,panoptic
1561270691892206,-3.665358,40.430748,2025-11-06T14:16:56+0000,2025-11-06T14:16:56+0000,panoptic
1561270695225539,-3.665341,40.430977,2025-11-06T14:16:56+0000,2025-11-06T14:16:56+0000,panoptic
1561270698558872,-3.6655264,40.43126,2025-11-06T14:17:08+0000,2025-11-06T14:17:28+0000,panoptic
1561270701892205,-3.6652029,40.430737,2025-11-06T14:16:57+0000,2025-11-06T14:16:57+0000,panoptic
1561270705225538,-3.665444,40.431133,2025-11-06T14:17:04+0000,2025-11-06T14:17:04+0000,panoptic
1561270708558871,-3.665365,40.430714,2025-11-06T14:17:05+0000,2025-11-06T14:17:05+0000,panoptic
1561270711892204,-3.6654205,40.430687,2025-11-06T14:17:05+0000,2025-11-06T14:17:05+0000,panoptic
1561270718558870,-3.665543,40.43127,2025-11-06T14:17:08+0000,2025-11-06T14:17:28+0000,panoptic
1561270721892203,-3.665423,40.43126,2025-11-06T14:16:56+0000,2025-11-06T14:16:56+0000,panoptic
1561270725225536,-3.6656344,40.43137,2025-11-06T14:17:22+0000,2025-11-06T14:17:28+0000,panoptic
1561270731892202,-3.665185,40.43076,2025-11-06T14:16:57+0000,2025-11-06T14:16:57+0000,panoptic
1561270735225535,-3.6654246,40.431267,2025-11-06T14:17:17+0000,2025-11-06T14:17:17+0000,panoptic
1561270738558868,-3.665255,40.4308,2025-11-06T14:16:56+0000,2025-11-06T14:16:56+0000,panoptic
1561270741892201,-3.6653402,40.430977,2025-11-06T14:17:03+0000,2025-11-06T14:17:03+0000,panoptic
1561270745225534,-3.665624,40.431324,2025-11-06T14:17:22+0000,2025-11-06T14:17:28+0000,trafficsign
1561270748558867,-3.665414,40.43126,2025-11-06T14:16:56+0000,2025-11-06T14:17:32+0000,trafficsign
1561270751892200,-3.6654274,40.430717,2025-11-06T14:17:04+0000,2025-11-06T14:17:04+0000,panoptic
1561270755225533,-3.665137,40.43075,2025-11-06T14:16:57+0000,2025-11-06T14:16:57+0000,panoptic
1561270758558866,-3.6654973,40.431248,2025-11-06T14:17:03+0000,2025-11-06T14:17:28+0000,panoptic
1561270761892199,-3.665511,40.431316,2025-11-06T14:17:04+0000,2025-11-06T14:17:04+0000,panoptic
1561270765225532,-3.665392,40.430946,2025-11-06T14:16:56+0000,2025-11-06T14:16:56+0000,panoptic
1561270768558865,-3.6654418,40.431137,2025-11-06T14:17:08+0000,2025-11-06T14:17:08+0000,panoptic
1561270771892198,-3.6654353,40.431126,2025-11-06T14:17:26+0000,2025-11-06T14:17:26+0000,panoptic
1561270775225531,-3.665405,40.430798,2025-11-06T14:17:04+0000,2025-11-06T14:17:04+0000,panoptic
1561270778558864,-3.6655505,40.431263,2025-11-06T14:17:08+0000,2025-11-06T14:17:08+0000,panoptic
1561270785225530,-3.66541,40.430832,2025-11-06T14:17:04+0000,2025-11-06T14:17:04+0000,panoptic
1561270788558863,-3.6654637,40.4312,2025-11-06T14:16:56+0000,2025-11-06T14:16:56+0000,panoptic
1561270791892196,-3.6654298,40.43112,2025-11-06T14:17:04+0000,2025-11-06T14:17:04+0000,panoptic
1561270795225529,-3.665561,40.431244,2025-11-06T14:17:08+0000,2025-11-06T14:17:28+0000,panoptic
1561270801892195,-3.6655467,40.431213,2025-11-06T14:17:03+0000,2025-11-06T14:17:29+0000,panoptic
1561270805225528,-3.6656156,40.431396,2025-11-06T14:17:03+0000,2025-11-06T14:17:32+0000,panoptic
1561270808558861,-3.6651547,40.43077,2025-11-06T14:16:57+0000,2025-11-06T14:16:57+0000,panoptic
1561270811892194,-3.6654904,40.431515,2025-11-06T14:17:09+0000,2025-11-06T14:17:30+0000,panoptic
1561270815225527,-3.665174,40.430756,2025-11-06T14:16:58+0000,2025-11-06T14:16:58+0000,panoptic
1561270818558860,-3.6652188,40.430733,2025-11-06T14:16:57+0000,2025-11-06T14:16:57+0000,panoptic
1561270821892193,-3.6655266,40.43126,2025-11-06T14:16:56+0000,2025-11-06T14:17:28+0000,panoptic
843152011510839,-3.6653316,40.4315,2025-11-06T14:18:35+0000,2025-11-06T14:32:17+0000,trafficsign
559909712023725,-3.6761203,40.423466,2021-08-26T11:22:10+0000,2021-08-26T11:22:10+0000,panoptic
559909715357058,-3.6758564,40.423443,2021-08-26T11:22:09+0000,2021-08-26T11:22:09+0000,panoptic
559909718690391,-3.6760414,40.42351,2021-08-26T11:22:12+0000,2021-08-26T11:22:12+0000,panoptic
559909722023724,-3.675776,40.423527,2021-08-26T11:22:10+0000,2021-08-26T11:22:10+0000,panoptic
559909728690390,-3.675757,40.423473,2021-08-26T11:22:07+0000,2021-08-26T11:22:07+0000,panoptic
559909732023723,-3.67571,40.42333,2021-08-26T11:22:12+0000,2021-08-26T11:22:12+0000,panoptic
559909735357056,-3.675753,40.42345,2021-08-26T11:22:00+0000,2021-08-26T11:22:00+0000,panoptic
559909738690389,-3.6757889,40.423527,2021-08-26T11:22:10+0000,2021-08-26T11:22:10+0000,panoptic
559909742023722,-3.6758678,40.42351,2021-08-26T11:22:10+0000,2021-08-26T11:22:10+0000,panoptic
559909752023721,-3.6756976,40.42335,2021-08-26T11:22:07+0000,2021-08-26T11:22:07+0000,panoptic
559909755357054,-3.6760843,40.42351,2021-08-26T11:22:00+0000,2021-08-26T11:22:00+0000,panoptic
559909758690387,-3.6758673,40.423515,2021-08-26T11:22:10+0000,2021-08-26T11:22:10+0000,panoptic
559909762023720,-3.6755934,40.423347,2021-08-26T11:22:07+0000,2021-08-26T11:22:07+0000,trafficsign
559909765357053,-3.675872,40.42355,2021-08-26T11:22:10+0000,2021-08-26T11:22:10+0000,panoptic
559909768690386,-3.6755939,40.423347,2021-08-26T11:22:07+0000,2021-08-26T11:22:07+0000,panoptic
559909772023719,-3.6756973,40.42335,2021-08-26T11:22:07+0000,2021-08-26T11:22:07+0000,trafficsign
646062131802594,-3.6758485,40.424152,2025-06-16T15:45:32+0000,2025-06-16T15:45:32+0000,panoptic
646062135135927,-3.675936,40.424297,2025-06-16T15:45:28+0000,2025-06-16T15:45:28+0000,panoptic
646062138469260,-3.6756375,40.424335,2025-06-16T15:45:36+0000,2025-06-16T15:45:36+0000,panoptic
646062141802593,-3.6757452,40.424263,2025-06-16T15:45:29+0000,2025-06-16T15:45:29+0000,panoptic
646062145135926,-3.6757462,40.424274,2025-06-16T15:45:31+0000,2025-06-16T15:45:31+0000,panoptic
646062148469259,-3.6758602,40.42413,2025-06-16T15:45:32+0000,2025-06-16T15:45:32+0000,panoptic
646062151802592,-3.6757355,40.424282,2025-06-16T15:45:36+0000,2025-06-16T15:45:36+0000,panoptic
646062155135925,-3.6759632,40.424133,2025-06-16T15:45:28+0000,2025-06-16T15:45:28+0000,panoptic
646062158469258,-3.6759353,40.42422,2025-06-16T15:45:29+0000,2025-06-16T15:45:29+0000,panoptic
646062161802591,-3.6756418,40.424454,2025-06-16T15:45:29+0000,2025-06-16T15:45:29+0000,panoptic
646062165135924,-3.6758575,40.424294,2025-06-16T15:45:28+0000,2025-06-16T15:45:28+0000,panoptic
646062168469257,-3.6759427,40.424114,2025-06-16T15:45:32+0000,2025-06-16T15:45:32+0000,panoptic
646062171802590,-3.675755,40.42425,2025-06-16T15:45:28+0000,2025-06-16T15:45:28+0000,panoptic
646062175135923,-3.6757822,40.424274,2025-06-16T15:45:28+0000,2025-06-16T15:45:28+0000,panoptic
646062178469256,-3.6758432,40.42411,2025-06-16T15:45:32+0000,2025-06-16T15:45:32+0000,panoptic
646062181802589,-3.6757553,40.42425,2025-06-16T15:45:35+0000,2025-06-16T15:45:35+0000,panoptic
646062185135922,-3.6757817,40.424274,2025-06-16T15:45:32+0000,2025-06-16T15:45:32+0000,panoptic
646062188469255,-3.6758044,40.42427,2025-06-16T15:45:28+0000,2025-06-16T15:45:28+0000,panoptic
646062191802588,-3.675781,40.42427,2025-06-16T15:45:32+0000,2025-06-16T15:45:32+0000,panoptic
646062195135921,-3.6756516,40.4244,2025-06-16T15:45:37+0000,2025-06-16T15:45:37+0000,panoptic
646062198469254,-3.6756914,40.424335,2025-06-16T15:45:29+0000,2025-06-16T15:45:29+0000,panoptic
646062201802587,-3.675965,40.424133,2025-06-16T15:45:28+0000,2025-06-16T15:45:28+0000,panoptic
646062205135920,-3.6757839,40.424267,2025-06-16T15:45:28+0000,2025-06-16T15:45:28+0000,panoptic
646062208469253,-3.6758668,40.424194,2025-06-16T15:45:28+0000,2025-06-16T15:45:28+0000,panoptic
646062211802586,-3.6758668,40.424194,2025-06-16T15:45:28+0000,2025-06-16T15:45:28+0000,panoptic
646062215135919,-3.6757843,40.424267,2025-06-16T15:45:28+0000,2025-06-16T15:45:28+0000,panoptic
646062218469252,-3.6758041,40.42427,2025-06-16T15:45:32+0000,2025-06-16T15:45:32+0000,panoptic
646062221802585,-3.6756985,40.424343,2025-06-16T15:45:29+0000,2025-06-16T15:45:29+0000,panoptic
646062225135918,-3.6759193,40.42424,2025-06-16T15:45:28+0000,2025-06-16T15:45:28+0000,panoptic
646062228469251,-3.675867,40.424194,2025-06-16T15:45:28+0000,2025-06-16T15:45:28+0000,trafficsign
646062231802584,-3.6757824,40.42427,2025-06-16T15:45:28+0000,2025-06-16T15:45:28+0000,panoptic
646062235135917,-3.675945,40.424114,2025-06-16T15:45:32+0000,2025-06-16T15:45:32+0000,panoptic
646062238469250,-3.6757839,40.424267,2025-06-16T15:45:28+0000,2025-06-16T15:45:28+0000,trafficsign
646062241802583,-3.6757102,40.42421,2025-06-16T15:45:28+0000,2025-06-16T15:45:28+0000,panoptic
646062245135916,-3.6757076,40.424202,2025-06-16T15:45:37+0000,2025-06-16T15:45:37+0000,panoptic
646062248469249,-3.6758184,40.42416,2025-06-16T15:45:34+0000,2025-06-16T15:45:34+0000,panoptic
646062251802582,-3.6757588,40.424206,2025-06-16T15:45:29+0000,2025-06-16T15:45:29+0000,panoptic
646062255135915,-3.6757097,40.424297,2025-06-16T15:45:36+0000,2025-06-16T15:45:36+0000,panoptic
646062258469248,-3.6758442,40.42425,2025-06-16T15:45:28+0000,2025-06-16T15:45:28+0000,panoptic
646062261802581,-3.6757169,40.424232,2025-06-16T15:45:29+0000,2025-06-16T15:45:29+0000,panoptic
646062265135914,-3.6757033,40.424248,2025-06-16T15:45:29+0000,2025-06-16T15:45:29+0000,panoptic
646062268469247,-3.6757472,40.424274,2025-06-16T15:45:32+0000,2025-06-16T15:45:32+0000,panoptic
646062271802580,-3.675788,40.42416,2025-06-16T15:45:32+0000,2025-06-16T15:45:32+0000,panoptic
646062275135913,-3.6757014,40.4242,2025-06-16T15:45:37+0000,2025-06-16T15:45:37+0000,panoptic
646062278469246,-3.6757038,40.424202,2025-06-16T15:45:37+0000,2025-06-16T15:45:37+0000,panoptic
646062281802579,-3.6757073,40.424206,2025-06-16T15:45:36+0000,2025-06-16T15:45:36+0000,panoptic
646062285135912,-3.6758049,40.424225,2025-06-16T15:45:29+0000,2025-06-16T15:45:29+0000,panoptic
646062288469245,-3.6757002,40.42434,2025-06-16T15:45:29+0000,2025-06-16T15:45:29+0000,panoptic
646062291802578,-3.6757054,40.424294,2025-06-16T15:45:29+0000,2025-06-16T15:45:29+0000,panoptic
646062295135911,-3.6757035,40.424347,2025-06-16T15:45:29+0000,2025-06-16T15:45:29+0000,panoptic
646062298469244,-3.6759517,40.424366,2025-06-16T15:45:36+0000,2025-06-16T15:45:36+0000,panoptic
646062301802577,-3.6756861,40.424374,2025-06-16T15:45:29+0000,2025-06-16T15:45:29+0000,panoptic
646062308469243,-3.676045,40.42412,2025-06-16T15:45:28+0000,2025-06-16T15:45:28+0000,panoptic
646062311802576,-3.675752,40.42423,2025-06-16T15:45:32+0000,2025-06-16T15:45:32+0000,panoptic
646062315135909,-3.675874,40.42431,2025-06-16T15:45:29+0000,2025-06-16T15:45:29+0000,panoptic
646062318469242,-3.6757636,40.42423,2025-06-16T15:45:28+0000,2025-06-16T15:45:28+0000,panoptic
646062321802575,-3.6759386,40.424133,2025-06-16T15:45:32+0000,2025-06-16T15:45:32+0000,panoptic
694882220004304,-3.6758447,40.42459,2025-06-16T15:32:39+0000,2025-06-16T15:32:39+0000,panoptic
694882223337637,-3.6756504,40.42465,2025-06-16T15:32:34+0000,2025-06-16T15:32:34+0000,panoptic
694882226670970,-3.675763,40.42449,2025-06-16T15:32:35+0000,2025-06-16T15:32:35+0000,panoptic
694882230004303,-3.6757092,40.42456,2025-06-16T15:32:34+0000,2025-06-16T15:32:34+0000,panoptic
694882233337636,-3.6756825,40.424618,2025-06-16T15:32:35+0000,2025-06-16T15:32:35+0000,panoptic
694882236670969,-3.6757069,40.424557,2025-06-16T15:32:33+0000,2025-06-16T15:32:33+0000,panoptic
694882240004302,-3.6756833,40.424683,2025-06-16T15:32:33+0000,2025-06-16T15:32:33+0000,panoptic
694882243337635,-3.6756926,40.42462,2025-06-16T15:32:33+0000,2025-06-16T15:32:33+0000,panoptic
694882246670968,-3.6756394,40.42468,2025-06-16T15:32:33+0000,2025-07-17T17:37:42+0000,panoptic
694882250004301,-3.675689,40.42462,2025-06-16T15:32:33+0000,2025-06-16T15:32:33+0000,panoptic
694882253337634,-3.6756864,40.42462,2025-06-16T15:32:34+0000,2025-06-16T15:32:34+0000,panoptic
694882256670967,-3.6756923,40.42462,2025-06-16T15:32:33+0000,2025-06-16T15:32:33+0000,panoptic
694882260004300,-3.6756926,40.42462,2025-06-16T15:32:33+0000,2025-06-16T15:32:33+0000,panoptic
694882263337633,-3.6756964,40.42461,2025-06-16T15:32:33+0000,2025-06-16T15:32:33+0000,panoptic
694882266670966,-3.6756964,40.42461,2025-06-16T15:32:34+0000,2025-06-16T15:32:34+0000,panoptic
694882270004299,-3.6756845,40.424683,2025-06-16T15:32:33+0000,2025-06-16T15:32:33+0000,panoptic
694882273337632,-3.6757584,40.4245,2025-06-16T15:32:35+0000,2025-06-16T15:32:35+0000,panoptic
694882276670965,-3.675747,40.424503,2025-06-16T15:32:35+0000,2025-06-16T15:32:35+0000,panoptic
694882280004298,-3.6757014,40.424583,2025-06-16T15:32:33+0000,2025-06-16T15:32:33+0000,panoptic
694882283337631,-3.675751,40.4245,2025-06-16T15:32:35+0000,2025-06-16T15:32:35+0000,panoptic
694882286670964,-3.6756668,40.424675,2025-06-16T15:32:33+0000,2025-06-16T15:32:33+0000,panoptic
694882290004297,-3.6756876,40.424633,2025-06-16T15:32:33+0000,2025-06-16T15:32:33+0000,panoptic
694882293337630,-3.6756878,40.424656,2025-06-16T15:32:33+0000,2025-06-16T15:32:33+0000,panoptic
694882296670963,-3.6757102,40.424587,2025-06-16T15:32:33+0000,2025-06-16T15:32:33+0000,panoptic
694882300004296,-3.6759117,40.424583,2025-06-16T15:32:46+0000,2025-06-16T15:32:46+0000,panoptic
694882303337629,-3.6757526,40.4245,2025-06-16T15:32:35+0000,2025-06-16T15:32:35+0000,panoptic
694882306670962,-3.6757224,40.424526,2025-06-16T15:32:34+0000,2025-06-16T15:32:34+0000,panoptic
694882310004295,-3.6757188,40.424576,2025-06-16T15:32:33+0000,2025-06-16T15:32:33+0000,panoptic
694882313337628,-3.6757357,40.42457,2025-06-16T15:32:34+0000,2025-06-16T15:32:34+0000,panoptic
694882316670961,-3.6757023,40.424595,2025-06-16T15:32:33+0000,2025-06-16T15:32:33+0000,panoptic
694882320004294,-3.6758804,40.424595,2025-06-16T15:32:45+0000,2025-06-16T15:32:45+0000,panoptic
694882323337627,-3.6758735,40.424603,2025-06-16T15:32:37+0000,2025-07-17T17:37:41+0000,panoptic
694882326670960,-3.6759162,40.42458,2025-06-16T15:32:45+0000,2025-06-16T15:32:45+0000,panoptic
694882330004293,-3.6756816,40.424587,2025-06-16T15:32:33+0000,2025-06-16T15:32:33+0000,panoptic
864775740769450,-3.6724536,40.4327,2018-01-23T16:10:29+0000,2018-01-23T16:10:29+0000,trafficsign
864802024100155,-3.6719716,40.432117,2018-01-23T16:10:16+0000,2018-01-23T16:10:16+0000,trafficsign
865043094076048,-3.6721766,40.43238,2018-01-23T16:10:18+0000,2018-01-23T16:10:18+0000,trafficsign
865069977406693,-3.6729164,40.433266,2018-01-23T16:10:38+0000,2018-01-23T16:10:38+0000,trafficsign
865109404069417,-3.6744878,40.434647,2018-01-23T16:10:55+0000,2018-01-23T16:10:55+0000,trafficsign
865113514069006,-3.6719248,40.431778,2018-01-23T16:09:17+0000,2018-01-23T16:09:17+0000,trafficsign
865146600732364,-3.6727538,40.43277,2018-01-23T16:10:31+0000,2018-01-23T16:10:31+0000,trafficsign
865158107397880,-3.6724634,40.43242,2018-01-23T16:10:26+0000,2018-01-23T16:10:26+0000,trafficsign
865169124063445,-3.6745608,40.43502,2018-01-23T16:10:56+0000,2018-01-23T16:10:56+0000,trafficsign
865170070730017,-3.671891,40.432003,2018-01-23T16:09:17+0000,2018-01-23T16:09:17+0000,trafficsign
865199837393707,-3.6728332,40.43317,2018-01-23T16:10:36+0000,2018-01-23T16:10:36+0000,trafficsign
865214690725555,-3.673424,40.433567,2018-01-23T16:10:42+0000,2024-09-13T11:02:31+0000,trafficsign
865237650723259,-3.6734776,40.433884,2018-01-23T16:10:42+0000,2018-01-23T16:10:42+0000,trafficsign
865253137388377,-3.6745555,40.435024,2018-01-23T16:10:57+0000,2018-01-23T16:10:57+0000,trafficsign
865336684046689,-3.672583,40.432568,2018-01-23T16:10:27+0000,2018-01-23T16:10:27+0000,trafficsign
865364494043908,-3.6716402,40.4317,2018-01-23T16:09:15+0000,2018-01-23T16:09:15+0000,trafficsign
865381270708897,-3.6732872,40.433407,2018-01-23T16:10:41+0000,2024-09-13T11:02:30+0000,trafficsign
865403247373366,-3.6731126,40.433502,2018-01-23T16:10:40+0000,2018-01-23T16:10:40+0000,trafficsign
865469927366698,-3.673499,40.433918,2018-01-23T16:10:43+0000,2018-01-23T16:10:43+0000,trafficsign
865476100699414,-3.6745064,40.434647,2018-01-23T16:10:55+0000,2018-01-23T16:10:55+0000,trafficsign
865499524030405,-3.6729772,40.433342,2018-01-23T16:10:38+0000,2018-01-23T16:10:38+0000,trafficsign
873887916524899,-3.6726418,40.432926,2018-01-23T16:10:32+0000,2018-01-23T16:10:32+0000,mvd_fast
873893486524342,-3.6725717,40.43291,2018-01-23T16:10:26+0000,2022-07-23T08:41:47+0000,mvd_fast
873898473190510,-3.672175,40.431797,2018-01-23T16:09:15+0000,2024-02-15T18:04:27+0000,mvd_fast
873915063188851,-3.6740813,40.4345,2018-01-23T16:10:52+0000,2018-01-23T16:10:52+0000,mvd_fast
873923789854645,-3.6728501,40.43317,2018-01-23T16:10:35+0000,2022-07-23T08:41:45+0000,mvd_fast
873944663185891,-3.6724942,40.432667,2018-01-23T16:10:24+0000,2018-01-23T16:10:24+0000,mvd_fast
873957509851273,-3.6719084,40.4319,2018-01-23T16:10:16+0000,2018-01-23T16:10:16+0000,mvd_fast
873964643183893,-3.672577,40.432564,2018-01-23T16:10:29+0000,2018-01-23T16:10:29+0000,mvd_fast
873964743183883,-3.6733253,40.43369,2018-01-23T16:10:42+0000,2024-09-13T11:02:31+0000,mvd_fast
873967693183588,-3.672435,40.432705,2018-01-23T16:10:28+0000,2018-01-23T16:10:28+0000,mvd_fast
873990319847992,-3.6745048,40.435017,2018-01-23T16:10:55+0000,2018-01-23T16:10:55+0000,mvd_fast
874002913180066,-3.67175,40.431625,2018-01-23T16:09:14+0000,2018-01-23T16:09:14+0000,mvd_fast
874003106513380,-3.6733768,40.433777,2018-01-23T16:10:42+0000,2018-01-23T16:10:42+0000,mvd_fast
874013029845721,-3.6746736,40.435097,2018-01-23T16:10:56+0000,2024-09-13T11:02:44+0000,mvd_fast
874013439845680,-3.6723197,40.43256,2018-01-23T16:10:28+0000,2018-01-23T16:10:28+0000,mvd_fast
874015846512106,-3.6735454,40.433704,2018-01-23T16:10:43+0000,2018-01-23T16:10:43+0000,mvd_fast
874037216509969,-3.6741192,40.434433,2018-01-23T16:10:49+0000,2018-01-23T16:10:49+0000,mvd_fast
874042299842794,-3.6751902,40.43547,2018-01-23T16:11:03+0000,2018-01-23T16:11:03+0000,mvd_fast
874052726508418,-3.6722848,40.432,2018-01-23T16:10:16+0000,2024-02-15T18:04:29+0000,mvd_fast
874054949841529,-3.6728106,40.43316,2018-01-23T16:10:34+0000,2018-01-23T16:10:34+0000,mvd_fast
874058393174518,-3.673164,40.433556,2018-01-23T16:10:41+0000,2018-01-23T16:10:41+0000,mvd_fast
874066906507000,-3.6728115,40.432846,2018-01-23T16:10:33+0000,2018-01-23T16:10:33+0000,mvd_fast
874074799839544,-3.6720552,40.432266,2018-01-23T16:10:16+0000,2018-01-23T16:10:16+0000,mvd_fast
874079333172424,-3.672014,40.43209,2018-01-23T16:10:18+0000,2018-01-23T16:10:18+0000,mvd_fast
874082476505443,-3.6725254,40.432884,2018-01-23T16:10:29+0000,2018-01-23T16:10:29+0000,mvd_fast
874087786504912,-3.6746805,40.435116,2018-01-23T16:10:57+0000,2024-09-13T11:02:44+0000,mvd_fast
874096616504029,-3.6724508,40.432697,2018-01-23T16:10:28+0000,2018-01-23T16:10:28+0000,mvd_fast
874097146503976,-3.6720614,40.432243,2018-01-23T16:10:18+0000,2018-01-23T16:10:18+0000,mvd_fast
874114819835542,-3.6748285,40.435005,2018-01-23T16:10:58+0000,2018-01-23T16:10:58+0000,mvd_fast
874115993168758,-3.6732345,40.43365,2018-01-23T16:10:38+0000,2018-01-23T16:10:38+0000,mvd_fast
874119133168444,-3.6722162,40.432133,2018-01-23T16:10:16+0000,2018-01-23T16:10:16+0000,mvd_fast
874135583166799,-3.6717548,40.431854,2018-01-23T16:09:15+0000,2024-02-15T18:04:27+0000,mvd_fast
874138283166529,-3.6732059,40.43351,2018-01-23T16:10:37+0000,2018-01-23T16:10:37+0000,mvd_fast
874149006498790,-3.674735,40.435043,2018-01-23T16:10:56+0000,2018-01-23T16:10:56+0000,mvd_fast
874158699831154,-3.6725655,40.43285,2018-01-23T16:10:29+0000,2018-01-23T16:10:29+0000,mvd_fast
874159966497694,-3.6721165,40.432182,2018-01-23T16:10:16+0000,2018-01-23T16:10:16+0000,mvd_fast
874196983160659,-3.6721647,40.432064,2018-01-23T16:10:18+0000,2018-01-23T16:10:18+0000,mvd_fast
874676833112674,-3.6740756,40.43448,2018-01-23T16:10:50+0000,2018-01-23T16:10:50+0000,mvd_fast
874704949776529,-3.6741855,40.43442,2018-01-23T16:10:50+0000,2018-01-23T16:10:50+0000,mvd_fast
874801589766865,-3.6727521,40.433033,2018-01-23T16:10:34+0000,2022-07-23T08:41:46+0000,mvd_fast
874813419765682,-3.6719508,40.432007,2018-01-23T16:10:17+0000,2018-01-23T16:10:17+0000,mvd_fast
527495015087561,-3.6760683,40.424683,2016-05-22T16:56:47+0000,2016-05-22T16:56:47+0000,mvd_fast
527659495071113,-3.675805,40.42434,2016-05-22T16:56:47+0000,2025-06-16T15:45:32+0000,mvd_fast
738855782557649,-3.664395,40.43159,2025-11-06T14:33:53+0000,2025-11-06T14:33:53+0000,panoptic
738855789224315,-3.6642597,40.431576,2025-11-06T14:34:15+0000,2025-11-06T14:34:15+0000,panoptic
738855792557648,-3.6642792,40.431614,2025-11-06T14:33:52+0000,2025-11-06T14:34:26+0000,panoptic
738855795890981,-3.664602,40.431515,2025-11-06T14:33:50+0000,2025-11-06T14:34:38+0000,panoptic
738855799224314,-3.6644719,40.431778,2025-11-06T14:33:53+0000,2025-11-06T14:33:53+0000,panoptic
738855802557647,-3.6644402,40.431545,2025-11-06T14:33:52+0000,2025-11-06T14:33:52+0000,panoptic
738855805890980,-3.6643815,40.431576,2025-11-06T14:33:52+0000,2025-11-06T14:33:52+0000,panoptic
738855809224313,-3.6642811,40.431618,2025-11-06T14:33:52+0000,2025-11-06T14:34:26+0000,panoptic
738855815890979,-3.66429,40.431618,2025-11-06T14:33:52+0000,2025-11-06T14:33:52+0000,panoptic
738855822557645,-3.6644428,40.431545,2025-11-06T14:33:52+0000,2025-11-06T14:33:52+0000,panoptic
738855832557644,-3.6641269,40.43148,2025-11-06T14:34:14+0000,2025-11-06T14:34:26+0000,panoptic
738855835890977,-3.6645412,40.43152,2025-11-06T14:33:51+0000,2025-11-06T14:33:51+0000,panoptic
738855842557643,-3.664148,40.43151,2025-11-06T14:33:56+0000,2025-11-06T14:34:26+0000,panoptic
738855849224309,-3.6641357,40.4315,2025-11-06T14:34:24+0000,2025-11-06T14:34:34+0000,panoptic
738855852557642,-3.6640034,40.43107,2025-11-06T14:34:03+0000,2025-11-06T14:34:34+0000,panoptic
738855855890975,-3.6641204,40.431313,2025-11-06T14:34:08+0000,2025-11-06T14:34:08+0000,panoptic
738855859224308,-3.6644895,40.431522,2025-11-06T14:33:59+0000,2025-11-06T14:33:59+0000,panoptic
738855862557641,-3.664484,40.43153,2025-11-06T14:33:57+0000,2025-11-06T14:33:57+0000,panoptic
738855865890974,-3.6644304,40.43147,2025-11-06T14:34:03+0000,2025-11-06T14:34:03+0000,panoptic
738855869224307,-3.6645372,40.431606,2025-11-06T14:33:54+0000,2025-11-06T14:33:54+0000,panoptic
738855872557640,-3.6645124,40.431576,2025-11-06T14:33:56+0000,2025-11-06T14:33:56+0000,panoptic
738855875890973,-3.6645908,40.43161,2025-11-06T14:33:53+0000,2025-11-06T14:33:53+0000,panoptic
738855879224306,-3.6646168,40.431595,2025-11-06T14:33:54+0000,2025-11-06T14:33:54+0000,panoptic
738855882557639,-3.6646109,40.43159,2025-11-06T14:33:53+0000,2025-11-06T14:33:53+0000,panoptic
738855885890972,-3.6643867,40.431625,2025-11-06T14:33:53+0000,2025-11-06T14:33:53+0000,panoptic
738855889224305,-3.6641753,40.431496,2025-11-06T14:34:14+0000,2025-11-06T14:34:42+0000,panoptic
738855892557638,-3.664383,40.431175,2025-11-06T14:34:03+0000,2025-11-06T14:34:03+0000,panoptic
738855895890971,-3.664265,40.431267,2025-11-06T14:34:05+0000,2025-11-06T14:34:05+0000,panoptic
738855899224304,-3.6644917,40.431496,2025-11-06T14:33:50+0000,2025-11-06T14:34:38+0000,panoptic
738855905890970,-3.6641757,40.431564,2025-11-06T14:33:51+0000,2025-11-06T14:33:51+0000,panoptic
738855909224303,-3.6642222,40.431538,2025-11-06T14:33:50+0000,2025-11-06T14:33:50+0000,panoptic
738855912557636,-3.664012,40.43126,2025-11-06T14:34:02+0000,2025-11-06T14:34:34+0000,panoptic
738855915890969,-3.6641443,40.43153,2025-11-06T14:33:53+0000,2025-11-06T14:34:43+0000,panoptic
738855919224302,-3.6644192,40.431473,2025-11-06T14:33:56+0000,2025-11-06T14:33:56+0000,panoptic
738855922557635,-3.6644192,40.431473,2025-11-06T14:33:56+0000,2025-11-06T14:33:56+0000,panoptic
738855925890968,-3.6642313,40.43168,2025-11-06T14:33:52+0000,2025-11-06T14:34:26+0000,panoptic
738855929224301,-3.6641977,40.431488,2025-11-06T14:33:59+0000,2025-11-06T14:33:59+0000,panoptic
738855932557634,-3.6644084,40.43147,2025-11-06T14:33:57+0000,2025-11-06T14:34:38+0000,panoptic
738855935890967,-3.6644042,40.4315,2025-11-06T14:33:57+0000,2025-11-06T14:34:38+0000,panoptic
738855939224300,-3.664406,40.4315,2025-11-06T14:33:56+0000,2025-11-06T14:34:38+0000,panoptic
738855942557633,-3.6641948,40.43155,2025-11-06T14:34:24+0000,2025-11-06T14:34:26+0000,panoptic
738855945890966,-3.6640046,40.43107,2025-11-06T14:34:03+0000,2025-11-06T14:34:34+0000,trafficsign
738855949224299,-3.6644192,40.431473,2025-11-06T14:33:56+0000,2025-11-06T14:33:56+0000,trafficsign
738855952557632,-3.6641958,40.43155,2025-11-06T14:33:53+0000,2025-11-06T14:33:53+0000,trafficsign
738855955890965,-3.6641352,40.431503,2025-11-06T14:33:57+0000,2025-11-06T14:34:36+0000,trafficsign
738855959224298,-3.664419,40.431473,2025-11-06T14:33:56+0000,2025-11-06T14:33:56+0000,trafficsign
143146801307026,-3.6756485,40.424427,2021-08-26T11:24:05+0000,2021-08-26T11:24:05+0000,panoptic
1038394691730128,-3.6819355,40.43467,2025-06-16T15:59:34+0000,2025-06-16T15:59:34+0000,panoptic
1038394695063461,-3.6818755,40.434727,2025-06-16T15:59:33+0000,2025-06-16T15:59:33+0000,panoptic
1038394698396794,-3.6816914,40.43475,2025-06-16T15:59:29+0000,2025-06-16T15:59:29+0000,panoptic
1038394701730127,-3.6817973,40.434708,2025-06-16T15:59:30+0000,2025-06-16T15:59:30+0000,panoptic
1038394715063459,-3.681847,40.43454,2025-06-16T15:59:36+0000,2025-06-16T15:59:36+0000,panoptic
1038394731730124,-3.681847,40.434692,2025-06-16T15:59:31+0000,2025-06-16T15:59:31+0000,panoptic
1038394735063457,-3.681801,40.434704,2025-06-16T15:59:31+0000,2025-06-16T15:59:31+0000,panoptic
1038394738396790,-3.681878,40.434616,2025-06-16T15:59:31+0000,2025-06-16T15:59:31+0000,panoptic
1038394741730123,-3.6818376,40.434643,2025-06-16T15:59:31+0000,2025-06-16T15:59:31+0000,panoptic
1038394745063456,-3.68156,40.434673,2025-06-16T15:59:30+0000,2025-06-16T15:59:30+0000,panoptic
1038394755063455,-3.6819687,40.434624,2025-06-16T15:59:34+0000,2025-06-16T15:59:34+0000,panoptic
1038394768396787,-3.6818795,40.434635,2025-06-16T15:59:31+0000,2025-06-16T15:59:31+0000,panoptic
1038394771730120,-3.6818032,40.434708,2025-06-16T15:59:31+0000,2025-06-16T15:59:31+0000,panoptic
1038394788396785,-3.6818478,40.434635,2025-06-16T15:59:31+0000,2025-06-16T15:59:31+0000,panoptic
1038394791730118,-3.6818266,40.43465,2025-06-16T15:59:30+0000,2025-06-16T15:59:30+0000,panoptic
1038394795063451,-3.6817617,40.4347,2025-06-16T15:59:30+0000,2025-06-16T15:59:30+0000,panoptic
1038394798396784,-3.6818824,40.434685,2025-06-16T15:59:33+0000,2025-06-16T15:59:33+0000,panoptic
1038394821730115,-3.6818774,40.4347,2025-06-16T15:59:33+0000,2025-06-16T15:59:33+0000,panoptic
1038394851730112,-3.6818566,40.434586,2025-06-16T15:59:33+0000,2025-06-16T15:59:33+0000,panoptic
1038394855063445,-3.6816595,40.434673,2025-06-16T15:59:29+0000,2025-06-16T15:59:29+0000,panoptic
1485091552607344,-3.6640165,40.431484,2025-11-06T14:34:50+0000,2025-11-06T14:34:50+0000,panoptic
1485091555940677,-3.664153,40.431545,2025-11-06T14:34:31+0000,2025-11-06T14:34:31+0000,panoptic
1485091559274010,-3.664112,40.431515,2025-11-06T14:34:44+0000,2025-11-06T14:34:44+0000,panoptic
1485091562607343,-3.6642444,40.431454,2025-11-06T14:34:36+0000,2025-11-06T14:34:36+0000,panoptic
1485091569274009,-3.664281,40.431183,2025-11-06T14:34:36+0000,2025-11-06T14:34:36+0000,panoptic
1485091575940675,-3.6644375,40.431404,2025-11-06T14:34:38+0000,2025-11-06T14:34:38+0000,panoptic
1485091582607341,-3.664228,40.431396,2025-11-06T14:34:41+0000,2025-11-06T14:34:41+0000,panoptic
1485091595940673,-3.6642945,40.431248,2025-11-06T14:34:36+0000,2025-11-06T14:34:36+0000,trafficsign
1485091599274006,-3.6643121,40.431248,2025-11-06T14:34:40+0000,2025-11-06T14:34:40+0000,panoptic
1485091615940671,-3.6641731,40.431602,2025-11-06T14:34:26+0000,2025-11-06T14:34:26+0000,panoptic
1485091619274004,-3.664161,40.431488,2025-11-06T14:34:36+0000,2025-11-06T14:34:36+0000,panoptic
1485091635940669,-3.6642945,40.431248,2025-11-06T14:34:36+0000,2025-11-06T14:34:36+0000,panoptic
1485091639274002,-3.6642885,40.43146,2025-11-06T14:34:40+0000,2025-11-06T14:34:40+0000,panoptic
1485091645940668,-3.66415,40.43142,2025-11-06T14:34:36+0000,2025-11-06T14:34:36+0000,panoptic
1485091649274001,-3.6641495,40.43142,2025-11-06T14:34:36+0000,2025-11-06T14:34:36+0000,panoptic
1485091655940667,-3.6644258,40.431538,2025-11-06T14:34:38+0000,2025-11-06T14:34:38+0000,panoptic
1485091672607332,-3.6644068,40.43149,2025-11-06T14:34:38+0000,2025-11-06T14:34:38+0000,panoptic
1485091675940665,-3.6643126,40.431408,2025-11-06T14:34:40+0000,2025-11-06T14:34:40+0000,panoptic
1485091682607331,-3.6644244,40.431297,2025-11-06T14:34:36+0000,2025-11-06T14:34:36+0000,panoptic
1485091685940664,-3.6643996,40.431267,2025-11-06T14:34:36+0000,2025-11-06T14:34:36+0000,panoptic
2841087986140765,-3.6748133,40.42397,2021-08-26T11:25:09+0000,2021-08-26T11:25:09+0000,panoptic
2841087989474098,-3.6740582,40.42417,2021-08-26T11:25:14+0000,2021-08-26T11:25:14+0000,panoptic
2841087992807431,-3.67518,40.424004,2021-08-26T11:24:37+0000,2021-08-26T11:24:37+0000,panoptic
2841087996140764,-3.6732495,40.423634,2021-08-26T11:26:16+0000,2021-08-26T11:26:16+0000,panoptic
2841087999474097,-3.6741555,40.42369,2021-08-26T11:25:25+0000,2021-08-26T11:25:25+0000,panoptic
2841088002807430,-3.6743162,40.423767,2021-08-26T11:25:32+0000,2021-08-26T11:25:32+0000,panoptic
26915773664681763,-3.6771977,40.43693,2026-04-06T09:30:21+0000,2026-04-06T09:30:21+0000,panoptic
1036052557721484,-3.6769328,40.436665,2024-09-13T11:03:52+0000,2024-09-13T11:03:52+0000,panoptic
1036052564388150,-3.6769161,40.436703,2024-09-13T11:03:53+0000,2024-09-13T11:03:53+0000,panoptic
1036052567721483,-3.6770344,40.436874,2024-09-13T11:03:55+0000,2024-09-13T11:03:55+0000,panoptic
478383904101159,-3.6763706,40.435818,2021-10-11T13:29:49+0000,2021-10-11T13:29:49+0000,panoptic
478383907434492,-3.676076,40.435764,2021-10-11T13:29:51+0000,2021-10-11T13:29:51+0000,panoptic
478383910767825,-3.6757157,40.435925,2021-10-11T13:29:50+0000,2021-10-11T13:29:50+0000,panoptic
478383914101158,-3.6759713,40.435642,2021-10-11T13:29:50+0000,2021-10-11T13:29:50+0000,panoptic
478383917434491,-3.6749444,40.434868,2021-10-11T13:29:43+0000,2021-10-11T13:29:43+0000,panoptic
478383920767824,-3.6750562,40.434982,2021-10-11T13:29:44+0000,2021-10-11T13:29:44+0000,panoptic
478383924101157,-3.6756258,40.435402,2021-10-11T13:29:48+0000,2021-10-11T13:29:48+0000,panoptic
478383927434490,-3.6754527,40.435463,2021-10-11T13:29:47+0000,2021-10-11T13:29:47+0000,panoptic
478383937434489,-3.6751995,40.435135,2021-10-11T13:29:44+0000,2021-10-11T13:29:44+0000,panoptic
478383940767822,-3.6750038,40.435093,2021-10-11T13:29:43+0000,2021-10-11T13:29:43+0000,panoptic
478383944101155,-3.6753917,40.435303,2021-10-11T13:29:47+0000,2021-10-11T13:29:47+0000,panoptic
478383947434488,-3.676026,40.43609,2021-10-11T13:29:53+0000,2021-10-11T13:29:53+0000,panoptic
478383950767821,-3.676234,40.43628,2021-10-11T13:29:55+0000,2021-10-11T13:29:55+0000,panoptic
478383954101154,-3.6756127,40.43539,2021-10-11T13:29:47+0000,2021-10-11T13:29:47+0000,panoptic
478383957434487,-3.6751525,40.43502,2021-10-11T13:29:44+0000,2021-10-11T13:29:44+0000,panoptic
478383964101153,-3.675062,40.43507,2021-10-11T13:29:43+0000,2021-10-11T13:29:43+0000,panoptic
478383967434486,-3.6760266,40.43609,2021-10-11T13:29:53+0000,2021-10-11T13:29:53+0000,panoptic
478383970767819,-3.6760263,40.43609,2021-10-11T13:29:53+0000,2021-10-11T13:29:53+0000,trafficsign
478383974101152,-3.6750078,40.435097,2021-10-11T13:29:43+0000,2021-10-11T13:29:43+0000,panoptic
478383977434485,-3.6753626,40.435368,2021-10-11T13:29:46+0000,2021-10-11T13:29:46+0000,panoptic
478383980767818,-3.6758208,40.43546,2021-10-11T13:29:48+0000,2021-10-11T13:29:48+0000,panoptic
478383987434484,-3.676234,40.436462,2021-10-11T13:29:54+0000,2021-10-11T13:29:54+0000,panoptic
478383990767817,-3.675893,40.435562,2021-10-11T13:29:50+0000,2021-10-11T13:29:50+0000,trafficsign
478383994101150,-3.676016,40.43562,2021-10-11T13:29:50+0000,2021-10-11T13:29:50+0000,panoptic
478383997434483,-3.676026,40.43609,2021-10-11T13:29:53+0000,2021-10-11T13:29:53+0000,trafficsign
928013415926277,-3.6802366,40.432785,2024-11-26T08:28:32+0000,2024-11-26T08:28:32+0000,panoptic
928013419259610,-3.6798806,40.432793,2024-11-26T08:28:18+0000,2024-11-26T08:28:18+0000,panoptic
928013422592943,-3.6809895,40.43277,2024-11-26T08:28:46+0000,2024-11-26T08:29:08+0000,panoptic
928013425926276,-3.680759,40.43279,2024-11-26T08:28:23+0000,2024-11-26T08:28:23+0000,panoptic
928013429259609,-3.6807764,40.432785,2024-11-26T08:28:59+0000,2024-11-26T08:28:59+0000,panoptic
928013432592942,-3.6807237,40.432793,2024-11-26T08:28:50+0000,2024-11-26T08:28:50+0000,panoptic
928013435926275,-3.6809187,40.432785,2024-11-26T08:28:39+0000,2024-11-26T08:29:08+0000,panoptic
928013439259608,-3.6810148,40.43269,2024-11-26T08:28:46+0000,2024-11-26T08:28:46+0000,panoptic
928013442592941,-3.6809716,40.432697,2024-11-26T08:28:46+0000,2024-11-26T08:29:08+0000,panoptic
928013445926274,-3.6807866,40.43267,2024-11-26T08:28:20+0000,2024-11-26T08:28:20+0000,panoptic
928013449259607,-3.6800115,40.432774,2024-11-26T08:28:16+0000,2024-11-26T08:28:16+0000,panoptic
928013452592940,-3.6808076,40.432793,2024-11-26T08:28:27+0000,2024-11-26T08:29:08+0000,panoptic
928013455926273,-3.679993,40.432762,2024-11-26T08:28:10+0000,2024-11-26T08:28:10+0000,panoptic
928013459259606,-3.6800888,40.432777,2024-11-26T08:28:14+0000,2024-11-26T08:28:14+0000,panoptic
928013462592939,-3.6804047,40.432785,2024-11-26T08:28:23+0000,2024-11-26T08:28:23+0000,panoptic
928013465926272,-3.680068,40.43277,2024-11-26T08:28:16+0000,2024-11-26T08:28:16+0000,panoptic
928013479259604,-3.680967,40.43269,2024-11-26T08:28:46+0000,2024-11-26T08:28:46+0000,trafficsign
928013485926270,-3.680766,40.432796,2024-11-26T08:28:53+0000,2024-11-26T08:28:53+0000,panoptic
928013489259603,-3.6807454,40.432777,2024-11-26T08:28:59+0000,2024-11-26T08:28:59+0000,panoptic
928013492592936,-3.6795938,40.432793,2024-11-26T08:28:07+0000,2024-11-26T08:28:07+0000,panoptic
928013495926269,-3.6807628,40.432793,2024-11-26T08:29:00+0000,2024-11-26T08:29:00+0000,panoptic
928013499259602,-3.6800106,40.432796,2024-11-26T08:28:20+0000,2024-11-26T08:28:20+0000,panoptic
928013502592935,-3.679619,40.43279,2024-11-26T08:28:08+0000,2024-11-26T08:28:08+0000,panoptic
928013505926268,-3.6808143,40.432785,2024-11-26T08:29:04+0000,2024-11-26T08:29:08+0000,panoptic
928013509259601,-3.6803155,40.432785,2024-11-26T08:28:32+0000,2024-11-26T08:28:32+0000,panoptic
928013512592934,-3.680747,40.432785,2024-11-26T08:28:59+0000,2024-11-26T08:28:59+0000,panoptic
928013515926267,-3.680733,40.432785,2024-11-26T08:28:29+0000,2024-11-26T08:28:29+0000,panoptic
928013519259600,-3.6798193,40.432774,2024-11-26T08:28:12+0000,2024-11-26T08:28:12+0000,panoptic
928013522592933,-3.6798213,40.43279,2024-11-26T08:28:16+0000,2024-11-26T08:28:16+0000,panoptic
928013525926266,-3.6798239,40.43279,2024-11-26T08:28:12+0000,2024-11-26T08:28:12+0000,panoptic
928013529259599,-3.679828,40.432804,2024-11-26T08:28:07+0000,2024-11-26T08:28:07+0000,panoptic
928013532592932,-3.6801848,40.43264,2024-11-26T08:28:16+0000,2024-11-26T08:28:16+0000,panoptic
928013535926265,-3.6800761,40.43277,2024-11-26T08:28:27+0000,2024-11-26T08:28:27+0000,panoptic
928013539259598,-3.6804848,40.432796,2024-11-26T08:28:29+0000,2024-11-26T08:28:29+0000,panoptic
928013542592931,-3.6807477,40.432766,2024-11-26T08:28:35+0000,2024-11-26T08:28:35+0000,panoptic
928013545926264,-3.680426,40.432762,2024-11-26T08:28:26+0000,2024-11-26T08:28:26+0000,panoptic
1762414601226595,-3.6810343,40.432747,2024-11-26T08:29:19+0000,2024-11-26T08:29:19+0000,panoptic
1762414604559928,-3.681054,40.43277,2024-11-26T08:29:24+0000,2024-11-26T08:29:24+0000,panoptic
1762414607893261,-3.6810732,40.432755,2024-11-26T08:29:19+0000,2024-11-26T08:29:19+0000,panoptic
1762414611226594,-3.6808197,40.432796,2024-11-26T08:29:08+0000,2024-11-26T08:29:08+0000,panoptic
1762414614559927,-3.681067,40.43278,2024-11-26T08:29:19+0000,2024-11-26T08:29:19+0000,panoptic
1762414624559926,-3.681403,40.43278,2024-11-26T08:29:26+0000,2024-11-26T08:29:26+0000,panoptic
1762414627893259,-3.6810682,40.43278,2024-11-26T08:29:20+0000,2024-11-26T08:29:20+0000,panoptic
1762414637893258,-3.681309,40.432774,2024-11-26T08:29:26+0000,2024-11-26T08:29:26+0000,panoptic
1762414641226591,-3.6809342,40.432953,2024-11-26T08:29:09+0000,2024-11-26T08:29:09+0000,panoptic
1762414644559924,-3.681329,40.43278,2024-11-26T08:29:24+0000,2024-11-26T08:29:24+0000,panoptic
1762414651226590,-3.6812747,40.432793,2024-11-26T08:29:37+0000,2024-11-26T08:29:37+0000,panoptic
1762414654559923,-3.6811209,40.432747,2024-11-26T08:29:24+0000,2024-11-26T08:29:24+0000,panoptic
1762414657893256,-3.681005,40.432865,2024-11-26T08:29:09+0000,2024-11-26T08:29:09+0000,panoptic
1762414661226589,-3.6814172,40.432762,2024-11-26T08:29:28+0000,2024-11-26T08:29:28+0000,panoptic
1762414664559922,-3.6809833,40.43281,2024-11-26T08:29:08+0000,2024-11-26T08:29:08+0000,panoptic
1762414667893255,-3.6809673,40.432884,2024-11-26T08:29:09+0000,2024-11-26T08:29:09+0000,panoptic
1762414671226588,-3.6812742,40.43277,2024-11-26T08:29:34+0000,2024-11-26T08:29:34+0000,panoptic
1762414674559921,-3.681329,40.432693,2024-11-26T08:29:39+0000,2024-11-26T08:29:39+0000,panoptic
1762414681226587,-3.6809752,40.432793,2024-11-26T08:29:16+0000,2024-11-26T08:29:16+0000,panoptic
1762414684559920,-3.6813715,40.43278,2024-11-26T08:29:36+0000,2024-11-26T08:29:36+0000,panoptic
1762414687893253,-3.6811466,40.432793,2024-11-26T08:29:24+0000,2024-11-26T08:29:24+0000,panoptic
1762414691226586,-3.6810203,40.432774,2024-11-26T08:29:16+0000,2024-11-26T08:29:16+0000,panoptic
279034943946750,-3.6809835,40.432785,2019-04-22T12:10:29+0000,2024-11-26T08:29:08+0000,trafficsign
279233413926903,-3.6810048,40.43213,2019-04-22T12:06:17+0000,2019-04-22T12:06:17+0000,trafficsign
279753403874904,-3.6807165,40.43279,2019-04-22T12:10:19+0000,2024-11-26T08:28:29+0000,trafficsign
283295683520676,-3.6806893,40.43278,2019-04-22T12:10:17+0000,2019-04-22T12:10:17+0000,mvd_fast
283483163501928,-3.681057,40.43218,2019-04-22T12:09:59+0000,2019-04-22T12:09:59+0000,mvd_fast
4335965666436308,-3.6807804,40.432724,2019-04-22T12:06:23+0000,2019-04-22T12:06:23+0000,trafficsign
4335999723099569,-3.6810322,40.43267,2019-04-22T12:06:25+0000,2024-11-26T08:28:57+0000,trafficsign
4336960876336787,-3.6808329,40.43258,2019-04-22T12:06:21+0000,2019-04-22T12:06:21+0000,trafficsign
4338067566226118,-3.6808002,40.432636,2019-04-22T12:06:27+0000,2024-11-26T08:28:20+0000,trafficsign
4338947206138154,-3.680654,40.43271,2019-04-22T12:06:27+0000,2019-04-22T12:06:27+0000,trafficsign
4348766148489593,-3.6809692,40.43247,2019-04-22T12:06:19+0000,2019-04-22T12:06:19+0000,mvd_fast
4349200071779534,-3.6808589,40.432697,2019-04-22T12:06:25+0000,2024-11-26T08:29:04+0000,mvd_fast
4349326321766909,-3.6809335,40.43181,2019-04-22T12:06:11+0000,2019-04-22T12:06:11+0000,mvd_fast
4349437498422458,-3.6810338,40.431953,2019-04-22T12:06:15+0000,2019-04-22T12:06:15+0000,mvd_fast
4349714818394726,-3.681003,40.431786,2019-04-22T12:06:11+0000,2019-04-22T12:06:11+0000,mvd_fast
4350184141681127,-3.6806872,40.432793,2019-04-22T12:06:27+0000,2019-04-22T12:06:27+0000,mvd_fast
4350256505007224,-3.680835,40.432373,2019-04-22T12:06:19+0000,2019-04-22T12:06:19+0000,mvd_fast
4350688798297328,-3.6808875,40.432587,2019-04-22T12:06:25+0000,2019-04-22T12:06:25+0000,mvd_fast
4351479478218260,-3.6808698,40.432854,2019-04-22T12:06:27+0000,2024-11-26T08:29:08+0000,mvd_fast
4351555874877287,-3.6808589,40.43198,2019-04-22T12:06:15+0000,2019-04-22T12:06:15+0000,mvd_fast
186363746685201,-3.6808512,40.43184,2019-04-22T12:06:07+0000,2019-04-22T12:06:07+0000,mvd_fast
3839430962977276,-3.6818967,40.432823,2024-11-26T08:30:00+0000,2024-11-26T08:30:00+0000,panoptic
3839430966310609,-3.6819806,40.432755,2024-11-26T08:30:08+0000,2024-11-26T08:30:08+0000,panoptic
3839430972977275,-3.68192,40.43283,2024-11-26T08:30:03+0000,2024-11-26T08:30:03+0000,panoptic
3839430986310607,-3.6819794,40.43275,2024-11-26T08:30:02+0000,2024-11-26T08:30:02+0000,panoptic
3839431019643937,-3.68198,40.43275,2024-11-26T08:30:02+0000,2024-11-26T08:30:02+0000,trafficsign
3839431036310602,-3.6819208,40.43283,2024-11-26T08:30:08+0000,2024-11-26T08:30:08+0000,trafficsign
3839431042977268,-3.6819425,40.432823,2024-11-26T08:30:15+0000,2024-11-26T08:30:15+0000,panoptic
3839431049643934,-3.6816509,40.43278,2024-11-26T08:30:02+0000,2024-11-26T08:30:02+0000,panoptic
3839431052977267,-3.6816688,40.432793,2024-11-26T08:30:00+0000,2024-11-26T08:30:00+0000,panoptic
3839431056310600,-3.6819441,40.43283,2024-11-26T08:30:18+0000,2024-11-26T08:30:18+0000,panoptic
3839431066310599,-3.681977,40.432842,2024-11-26T08:30:19+0000,2024-11-26T08:30:19+0000,panoptic
3839431116310594,-3.6819763,40.43284,2024-11-26T08:30:20+0000,2024-11-26T08:30:20+0000,panoptic
3839431119643927,-3.6819212,40.432827,2024-11-26T08:30:08+0000,2024-11-26T08:30:08+0000,panoptic
963564634271892,-3.681964,40.432926,2019-04-22T12:10:43+0000,2019-04-22T12:10:43+0000,trafficsign
963650824263273,-3.6818528,40.432915,2019-04-22T12:10:43+0000,2019-04-22T12:10:43+0000,trafficsign
965643144064041,-3.6818163,40.4329,2019-04-22T12:10:41+0000,2019-04-22T12:10:41+0000,mvd_fast
323874419166794,-3.6700928,40.42985,2018-01-23T16:08:15+0000,2018-01-23T16:08:15+0000,trafficsign
324418619112374,-3.6704352,40.430294,2018-01-23T16:08:56+0000,2018-01-23T16:08:56+0000,trafficsign
324586722428897,-3.6692762,40.428776,2018-01-23T16:08:04+0000,2018-01-23T16:08:04+0000,trafficsign
324635695757333,-3.6706538,40.430504,2018-01-23T16:09:01+0000,2018-01-23T16:09:01+0000,trafficsign
327170055503897,-3.6706278,40.430542,2018-01-23T16:09:03+0000,2018-01-23T16:09:03+0000,trafficsign
334154428138793,-3.6701176,40.429893,2018-01-23T16:08:51+0000,2018-01-23T16:08:51+0000,mvd_fast
334189111468658,-3.6702108,40.429787,2018-01-23T16:08:51+0000,2018-01-23T16:08:51+0000,mvd_fast
334235301464039,-3.6701105,40.429714,2018-01-23T16:08:51+0000,2018-01-23T16:08:51+0000,mvd_fast
334286531458916,-3.6703458,40.43,2018-01-23T16:08:56+0000,2018-01-23T16:08:56+0000,mvd_fast
334341078120128,-3.6703475,40.43,2018-01-23T16:08:54+0000,2018-01-23T16:08:54+0000,mvd_fast
334343454786557,-3.6697779,40.429493,2018-01-23T16:08:12+0000,2018-01-23T16:08:12+0000,mvd_fast
334361074784795,-3.669642,40.42911,2018-01-23T16:08:07+0000,2018-01-23T16:08:07+0000,mvd_fast
334367238117512,-3.669936,40.429676,2018-01-23T16:08:16+0000,2018-01-23T16:08:16+0000,mvd_fast
334369524783950,-3.6693609,40.42881,2018-01-23T16:08:04+0000,2018-01-23T16:08:04+0000,mvd_fast
334376084783294,-3.6698484,40.42963,2018-01-23T16:08:16+0000,2018-01-23T16:08:16+0000,mvd_fast
334376514783251,-3.6694157,40.428886,2018-01-23T16:08:04+0000,2018-01-23T16:08:04+0000,mvd_fast
334508051436764,-3.6698875,40.429604,2018-01-23T16:08:16+0000,2018-01-23T16:08:16+0000,mvd_fast
334666598087576,-3.670267,40.43006,2018-01-23T16:08:54+0000,2018-01-23T16:08:54+0000,mvd_fast
335110614709841,-3.6697414,40.429443,2018-01-23T16:08:12+0000,2018-01-23T16:08:12+0000,mvd_fast
503649719499959,-3.6687799,40.42489,2025-07-17T17:40:29+0000,2025-07-17T17:40:29+0000,panoptic
503649722833292,-3.6688185,40.42467,2025-07-17T17:40:30+0000,2025-07-17T17:40:30+0000,panoptic
503649726166625,-3.668718,40.42468,2025-07-17T17:40:32+0000,2025-07-17T17:40:32+0000,panoptic
503649732833291,-3.6687524,40.4247,2025-07-17T17:40:31+0000,2025-07-17T17:40:31+0000,panoptic
503649736166624,-3.6688354,40.42471,2025-07-17T17:40:30+0000,2025-07-17T17:40:30+0000,panoptic
503649739499957,-3.6687376,40.424896,2025-07-17T17:40:29+0000,2025-07-17T17:40:29+0000,panoptic
503649742833290,-3.668851,40.424873,2025-07-17T17:40:29+0000,2025-07-17T17:40:29+0000,panoptic
503649749499956,-3.6688235,40.42559,2025-07-17T17:40:23+0000,2025-07-17T17:40:23+0000,panoptic
503649752833289,-3.6687653,40.425014,2025-07-17T17:40:28+0000,2025-07-17T17:40:28+0000,panoptic
503649756166622,-3.6687305,40.425457,2025-07-17T17:40:24+0000,2025-07-17T17:40:24+0000,panoptic
503649759499955,-3.66875,40.424816,2025-07-17T17:40:29+0000,2025-07-17T17:40:29+0000,panoptic
503649762833288,-3.6687343,40.425415,2025-07-17T17:40:23+0000,2025-07-17T17:40:23+0000,panoptic
503649766166621,-3.6687682,40.42498,2025-07-17T17:40:30+0000,2025-07-17T17:40:30+0000,panoptic
503649769499954,-3.668865,40.424343,2025-07-17T17:41:24+0000,2025-07-17T17:41:24+0000,panoptic
503649772833287,-3.6685293,40.425747,2025-07-17T17:40:16+0000,2025-07-17T17:40:16+0000,panoptic
503649776166620,-3.6689913,40.424416,2025-07-17T17:41:24+0000,2025-07-17T17:41:24+0000,panoptic
503649779499953,-3.668989,40.42446,2025-07-17T17:41:22+0000,2025-07-17T17:41:22+0000,panoptic
503649786166619,-3.6689548,40.424133,2025-07-17T17:41:29+0000,2025-07-17T17:41:29+0000,panoptic
503649799499951,-3.6690605,40.424408,2025-07-17T17:41:21+0000,2025-07-17T17:41:21+0000,panoptic
503649806166617,-3.6689022,40.424347,2025-07-17T17:41:25+0000,2025-07-17T17:41:25+0000,panoptic
503649809499950,-3.6682758,40.425785,2025-07-17T17:40:17+0000,2025-07-17T17:40:17+0000,panoptic
503649812833283,-3.6688578,40.424744,2025-07-17T17:40:26+0000,2025-07-17T17:40:26+0000,panoptic
503649816166616,-3.6690927,40.424362,2025-07-17T17:41:23+0000,2025-07-17T17:41:23+0000,panoptic
503649822833282,-3.6690655,40.424362,2025-07-17T17:41:23+0000,2025-07-17T17:41:23+0000,panoptic
503649842833280,-3.6688068,40.425976,2025-07-17T17:40:18+0000,2025-07-17T17:40:18+0000,panoptic
503649849499946,-3.6683798,40.425655,2025-07-17T17:40:18+0000,2025-07-17T17:40:18+0000,panoptic
503649852833279,-3.6689844,40.424416,2025-07-17T17:41:24+0000,2025-07-17T17:41:24+0000,panoptic
503649856166612,-3.6688292,40.425144,2025-07-17T17:40:25+0000,2025-07-17T17:40:25+0000,panoptic
503649859499945,-3.6688693,40.42463,2025-07-17T17:41:22+0000,2025-07-17T17:41:22+0000,panoptic
503649866166611,-3.66886,40.42483,2025-07-17T17:40:28+0000,2025-07-17T17:40:28+0000,panoptic
503649869499944,-3.6688337,40.425137,2025-07-17T17:40:25+0000,2025-07-17T17:40:25+0000,panoptic
503649879499943,-3.6683795,40.4256,2025-07-17T17:40:19+0000,2025-07-17T17:40:19+0000,panoptic
503649882833276,-3.66841,40.42586,2025-07-17T17:40:17+0000,2025-07-17T17:40:17+0000,panoptic
503649886166609,-3.6684706,40.42574,2025-07-17T17:40:18+0000,2025-07-17T17:40:18+0000,panoptic
503649889499942,-3.6684701,40.42574,2025-07-17T17:40:18+0000,2025-07-17T17:40:18+0000,panoptic
503649896166608,-3.6687815,40.425667,2025-07-17T17:40:18+0000,2025-07-17T17:40:18+0000,panoptic
503649899499941,-3.6689856,40.42441,2025-07-17T17:41:21+0000,2025-07-17T17:41:21+0000,panoptic
503649902833274,-3.668855,40.42474,2025-07-17T17:40:30+0000,2025-07-17T17:40:30+0000,panoptic
503649906166607,-3.6689222,40.424774,2025-07-17T17:40:28+0000,2025-07-17T17:40:28+0000,panoptic
503649909499940,-3.668256,40.426025,2025-07-17T17:40:16+0000,2025-07-17T17:40:16+0000,panoptic
503649922833272,-3.6689851,40.424465,2025-07-17T17:40:31+0000,2025-07-17T17:40:31+0000,panoptic
503649929499938,-3.6688647,40.424637,2025-07-17T17:40:26+0000,2025-07-17T17:40:26+0000,panoptic
503649936166604,-3.6688857,40.425175,2025-07-17T17:40:27+0000,2025-07-17T17:40:27+0000,panoptic
503649939499937,-3.6688175,40.425972,2025-07-17T17:40:18+0000,2025-07-17T17:40:18+0000,panoptic
503649942833270,-3.668819,40.426018,2025-07-17T17:40:16+0000,2025-07-17T17:40:16+0000,panoptic
503649946166603,-3.6688218,40.42605,2025-07-17T17:40:17+0000,2025-07-17T17:40:17+0000,panoptic
503649956166602,-3.668359,40.425385,2025-07-17T17:40:21+0000,2025-07-17T17:40:21+0000,panoptic
503649959499935,-3.6688542,40.425667,2025-07-17T17:40:20+0000,2025-07-17T17:40:20+0000,panoptic
503649962833268,-3.6688619,40.425514,2025-07-17T17:40:21+0000,2025-07-17T17:40:21+0000,panoptic
503649966166601,-3.66886,40.425526,2025-07-17T17:40:21+0000,2025-07-17T17:40:21+0000,panoptic
503649969499934,-3.6688347,40.425514,2025-07-17T17:40:22+0000,2025-07-17T17:40:22+0000,panoptic
503649972833267,-3.668325,40.425472,2025-07-17T17:40:19+0000,2025-07-17T17:40:19+0000,panoptic
503649976166600,-3.6688125,40.42583,2025-07-17T17:40:20+0000,2025-07-17T17:40:20+0000,panoptic
503649982833266,-3.6688254,40.42536,2025-07-17T17:40:18+0000,2025-07-17T17:40:18+0000,panoptic
503649996166598,-3.6689126,40.424397,2025-07-17T17:40:28+0000,2025-07-17T17:40:28+0000,panoptic
503649999499931,-3.6686842,40.42459,2025-07-17T17:41:21+0000,2025-07-17T17:41:21+0000,panoptic
503650002833264,-3.6688075,40.42528,2025-07-17T17:40:26+0000,2025-07-17T17:40:26+0000,panoptic
503650006166597,-3.6688573,40.424732,2025-07-17T17:40:31+0000,2025-07-17T17:40:31+0000,panoptic
503650009499930,-3.6687908,40.42551,2025-07-17T17:40:24+0000,2025-07-17T17:40:24+0000,panoptic
503650012833263,-3.6684954,40.424255,2025-07-17T17:41:25+0000,2025-07-17T17:41:25+0000,panoptic
503650016166596,-3.66878,40.42542,2025-07-17T17:40:25+0000,2025-07-17T17:40:25+0000,panoptic
503650022833262,-3.6688972,40.424603,2025-07-17T17:40:27+0000,2025-07-17T17:40:27+0000,panoptic
503650026166595,-3.668969,40.42553,2025-07-17T17:40:22+0000,2025-07-17T17:40:22+0000,panoptic
503650036166594,-3.668815,40.425488,2025-07-17T17:40:21+0000,2025-07-17T17:40:21+0000,panoptic
503650039499927,-3.6689162,40.424652,2025-07-17T17:41:21+0000,2025-07-17T17:41:21+0000,panoptic
503650042833260,-3.6688156,40.425022,2025-07-17T17:40:28+0000,2025-07-17T17:40:28+0000,panoptic
503650046166593,-3.6692288,40.42435,2025-07-17T17:41:22+0000,2025-07-17T17:41:22+0000,panoptic
503650049499926,-3.668471,40.42426,2025-07-17T17:41:25+0000,2025-07-17T17:41:25+0000,panoptic
503650052833259,-3.6687663,40.425014,2025-07-17T17:40:27+0000,2025-07-17T17:40:27+0000,panoptic
503650056166592,-3.668729,40.426018,2025-07-17T17:40:16+0000,2025-07-17T17:40:16+0000,panoptic
503650059499925,-3.668417,40.424942,2025-07-17T17:40:27+0000,2025-07-17T17:40:27+0000,panoptic
503650062833258,-3.6688035,40.425064,2025-07-17T17:40:26+0000,2025-07-17T17:40:26+0000,panoptic
503650066166591,-3.6688838,40.425102,2025-07-17T17:40:26+0000,2025-07-17T17:40:26+0000,panoptic
503650069499924,-3.6689088,40.425003,2025-07-17T17:40:28+0000,2025-07-17T17:40:28+0000,panoptic
503650072833257,-3.6688778,40.424984,2025-07-17T17:40:29+0000,2025-07-17T17:40:29+0000,panoptic
503650079499923,-3.6687562,40.424644,2025-07-17T17:41:21+0000,2025-07-17T17:41:21+0000,panoptic
503650082833256,-3.668895,40.424927,2025-07-17T17:40:28+0000,2025-07-17T17:40:28+0000,panoptic
503650092833255,-3.6687615,40.42511,2025-07-17T17:40:26+0000,2025-07-17T17:40:26+0000,panoptic
503650099499921,-3.6688151,40.425976,2025-07-17T17:40:17+0000,2025-07-17T17:40:17+0000,panoptic
503650102833254,-3.6688156,40.42562,2025-07-17T17:40:21+0000,2025-07-17T17:40:21+0000,panoptic
503650106166587,-3.668942,40.42393,2025-07-17T17:41:26+0000,2025-07-17T17:41:31+0000,panoptic
503650109499920,-3.6688907,40.424347,2025-07-17T17:41:26+0000,2025-07-17T17:41:26+0000,panoptic
503650116166586,-3.6684706,40.42574,2025-07-17T17:40:18+0000,2025-07-17T17:40:18+0000,panoptic
503650119499919,-3.6688201,40.425243,2025-07-17T17:40:25+0000,2025-07-17T17:40:25+0000,panoptic
503650122833252,-3.6688259,40.42516,2025-07-17T17:40:26+0000,2025-07-17T17:40:26+0000,panoptic
503650126166585,-3.6684647,40.42483,2025-07-17T17:40:26+0000,2025-07-17T17:40:26+0000,panoptic
503650129499918,-3.668719,40.424343,2025-07-17T17:41:27+0000,2025-07-17T17:41:27+0000,panoptic
503650132833251,-3.668824,40.425167,2025-07-17T17:40:26+0000,2025-07-17T17:40:26+0000,panoptic
503650136166584,-3.6684391,40.425087,2025-07-17T17:40:25+0000,2025-07-17T17:40:25+0000,panoptic
503650149499916,-3.6688347,40.425137,2025-07-17T17:40:26+0000,2025-07-17T17:40:26+0000,panoptic
503650152833249,-3.6689916,40.424416,2025-07-17T17:41:21+0000,2025-07-17T17:41:21+0000,panoptic
503650162833248,-3.6687748,40.42578,2025-07-17T17:40:21+0000,2025-07-17T17:40:21+0000,panoptic
503650169499914,-3.6687765,40.425808,2025-07-17T17:40:21+0000,2025-07-17T17:40:21+0000,panoptic
503650172833247,-3.668789,40.425682,2025-07-17T17:40:21+0000,2025-07-17T17:40:21+0000,panoptic
503650176166580,-3.668752,40.42616,2025-07-17T17:40:16+0000,2025-07-17T17:40:16+0000,panoptic
503650179499913,-3.6689057,40.424145,2025-07-17T17:41:24+0000,2025-07-17T17:41:24+0000,panoptic
503650182833246,-3.6690536,40.42441,2025-07-17T17:41:24+0000,2025-07-17T17:41:24+0000,panoptic
503650186166579,-3.6688435,40.42499,2025-07-17T17:40:28+0000,2025-07-17T17:40:28+0000,panoptic
