id,lon,lat,first_seen_at,last_seen_at,object_type
836595785198205,2.39688,48.86524,2024-07-03T11:14:57+0000,2024-07-03T11:15:08+0000,panoptic
836595831864867,2.3969233,48.865112,2024-07-03T11:14:51+0000,2024-07-03T11:14:51+0000,panoptic
836595941864856,2.3969214,48.865097,2024-07-03T11:14:56+0000,2024-07-03T11:14:56+0000,panoptic
836596058531511,2.396923,48.865124,2024-07-03T11:15:03+0000,2024-07-03T11:15:03+0000,panoptic
836596191864831,2.396893,48.865196,2024-07-03T11:15:01+0000,2024-07-03T11:15:01+0000,panoptic
836596211864829,2.396827,48.865097,2024-07-03T11:14:45+0000,2024-07-03T11:14:45+0000,panoptic
836596315198152,2.3969257,48.865074,2024-07-03T11:14:55+0000,2024-07-03T11:14:55+0000,panoptic
995277342602222,2.3958893,48.865185,2024-07-03T11:15:20+0000,2024-07-03T11:15:20+0000,panoptic
995277345935555,2.39654,48.865295,2024-07-03T11:15:09+0000,2024-07-03T11:15:09+0000,panoptic
995277349268888,2.3959372,48.865154,2024-07-03T11:15:19+0000,2024-07-03T11:15:19+0000,panoptic
995277352602221,2.3965497,48.86526,2024-07-03T11:15:08+0000,2024-07-03T11:15:08+0000,panoptic
995277382602218,2.3959618,48.865147,2024-07-03T11:15:18+0000,2024-07-03T11:15:18+0000,panoptic
995277419268881,2.396574,48.86515,2024-07-03T11:15:08+0000,2024-07-03T11:15:08+0000,panoptic
995277432602213,2.3964198,48.86532,2024-07-03T11:15:12+0000,2024-07-03T11:15:12+0000,panoptic
995277442602212,2.3949099,48.865234,2024-07-03T11:15:23+0000,2024-07-03T11:15:23+0000,panoptic
995277449268878,2.3963332,48.865128,2024-07-03T11:15:09+0000,2024-07-03T11:15:09+0000,panoptic
995277452602211,2.3968194,48.865185,2024-07-03T11:15:06+0000,2024-07-03T11:15:06+0000,panoptic
995277455935544,2.396934,48.865204,2024-07-03T11:15:06+0000,2024-07-03T11:15:06+0000,panoptic
995277465935543,2.396675,48.86548,2024-07-03T11:15:06+0000,2024-07-03T11:15:06+0000,panoptic
995277469268876,2.3963532,48.86512,2024-07-03T11:15:12+0000,2024-07-03T11:15:12+0000,panoptic
995277472602209,2.3967645,48.865185,2024-07-03T11:15:07+0000,2024-07-03T11:15:07+0000,panoptic
995277475935542,2.3968954,48.86519,2024-07-03T11:15:07+0000,2024-07-03T11:15:07+0000,panoptic
995277479268875,2.3965468,48.865154,2024-07-03T11:15:08+0000,2024-07-03T11:15:08+0000,panoptic
995277482602208,2.396722,48.86519,2024-07-03T11:15:09+0000,2024-07-03T11:15:09+0000,panoptic
995277485935541,2.3964412,48.865143,2024-07-03T11:15:09+0000,2024-07-03T11:15:09+0000,panoptic
995277492602207,2.39583,48.86527,2024-07-03T11:15:18+0000,2024-07-03T11:15:18+0000,panoptic
995277495935540,2.3962672,48.86507,2024-07-03T11:15:07+0000,2024-07-03T11:15:07+0000,panoptic
995277499268873,2.3961446,48.86532,2024-07-03T11:15:10+0000,2024-07-03T11:15:10+0000,panoptic
995277502602206,2.3958988,48.865078,2024-07-03T11:15:20+0000,2024-07-03T11:15:20+0000,panoptic
995277525935537,2.3964045,48.865177,2024-07-03T11:15:07+0000,2024-07-03T11:15:07+0000,panoptic
995277529268870,2.3964012,48.865177,2024-07-03T11:15:07+0000,2024-07-03T11:15:07+0000,panoptic
995277535935536,2.395899,48.865078,2024-07-03T11:15:20+0000,2024-07-03T11:15:20+0000,panoptic
995277539268869,2.3963995,48.865177,2024-07-03T11:15:14+0000,2024-07-03T11:15:14+0000,panoptic
995277542602202,2.3958983,48.865078,2024-07-03T11:15:21+0000,2024-07-03T11:15:21+0000,panoptic
995277545935535,2.3962164,48.86531,2024-07-03T11:15:11+0000,2024-07-03T11:15:11+0000,panoptic
995277579268865,2.3961196,48.86516,2024-07-03T11:15:14+0000,2024-07-03T11:15:14+0000,panoptic
995277582602198,2.3961396,48.86513,2024-07-03T11:15:15+0000,2024-07-03T11:15:15+0000,panoptic
995277599268863,2.3969972,48.865234,2024-07-03T11:15:06+0000,2024-07-03T11:15:06+0000,panoptic
995277605935529,2.3964403,48.865177,2024-07-03T11:15:12+0000,2024-07-03T11:15:12+0000,panoptic
995277612602195,2.3967595,48.865356,2024-07-03T11:15:07+0000,2024-07-03T11:15:07+0000,panoptic
995277619268861,2.396212,48.86531,2024-07-03T11:15:09+0000,2024-07-03T11:15:09+0000,panoptic
995277635935526,2.3959353,48.865105,2024-07-03T11:15:20+0000,2024-07-03T11:15:20+0000,panoptic
995277642602192,2.396241,48.865173,2024-07-03T11:15:17+0000,2024-07-03T11:15:17+0000,panoptic
995277649268858,2.3963182,48.865185,2024-07-03T11:15:15+0000,2024-07-03T11:15:15+0000,panoptic
995277652602191,2.3967633,48.865257,2024-07-03T11:15:09+0000,2024-07-03T11:15:09+0000,panoptic
995277665935523,2.3962853,48.865196,2024-07-03T11:15:15+0000,2024-07-03T11:15:15+0000,panoptic
995277669268856,2.3963366,48.86513,2024-07-03T11:15:07+0000,2024-07-03T11:15:07+0000,panoptic
995277672602189,2.3960083,48.865295,2024-07-03T11:15:11+0000,2024-07-03T11:15:11+0000,panoptic
995277692602187,2.39672,48.865395,2024-07-03T11:15:06+0000,2024-07-03T11:15:06+0000,panoptic
995277705935519,2.3958795,48.865047,2024-07-03T11:15:08+0000,2024-07-03T11:15:08+0000,panoptic
995277712602185,2.3962066,48.865185,2024-07-03T11:15:15+0000,2024-07-03T11:15:15+0000,panoptic
995277722602184,2.3963764,48.865128,2024-07-03T11:15:10+0000,2024-07-03T11:15:10+0000,panoptic
995277725935517,2.3949797,48.865112,2024-07-03T11:15:18+0000,2024-07-03T11:15:18+0000,panoptic
995277765935513,2.396162,48.86512,2024-07-03T11:15:19+0000,2024-07-03T11:15:19+0000,trafficsign
995277782602178,2.3968976,48.86524,2024-07-03T11:15:06+0000,2024-07-03T11:15:06+0000,panoptic
995277799268843,2.3961627,48.86512,2024-07-03T11:15:09+0000,2024-07-03T11:15:09+0000,panoptic
995277815935508,2.393983,48.86504,2024-07-03T11:15:47+0000,2024-07-03T11:15:47+0000,panoptic
333270144811156,2.3968744,48.86508,2020-08-21T15:07:12+0000,2024-07-03T11:14:52+0000,mvd_fast
1354528048265048,2.396557,48.86506,2018-07-23T07:58:58+0000,2018-07-23T07:58:58+0000,trafficsign
1359613844423135,2.396035,48.86511,2018-07-23T07:58:58+0000,2024-06-27T16:34:53+0000,mvd_fast
148965703917617,2.3890786,48.875023,2020-12-29T16:24:21+0000,2020-12-29T16:24:21+0000,trafficsign
1432978700381471,2.3933032,48.86842,2017-03-31T16:51:42+0000,2017-03-31T16:51:42+0000,mvd_fast
1192136485567070,2.395079,48.865433,2024-06-27T16:35:19+0000,2024-06-27T16:35:19+0000,panoptic
1192136518900400,2.3950162,48.865356,2024-06-27T16:35:18+0000,2024-06-27T16:35:18+0000,panoptic
1192136522233733,2.3951318,48.86538,2024-06-27T16:35:06+0000,2024-06-27T16:35:06+0000,panoptic
1192136535567065,2.3950064,48.865364,2024-06-27T16:35:19+0000,2024-06-27T16:35:19+0000,panoptic
1192136542233731,2.395079,48.865433,2024-06-27T16:35:21+0000,2024-06-27T16:35:21+0000,trafficsign
1192136555567063,2.3950791,48.865433,2024-06-27T16:35:21+0000,2024-06-27T16:35:21+0000,panoptic
1192136558900396,2.3953166,48.865566,2024-06-27T16:35:04+0000,2024-06-27T16:35:04+0000,panoptic
1192136595567059,2.3958864,48.86507,2024-06-27T16:34:43+0000,2024-06-27T16:34:43+0000,panoptic
1192136618900390,2.3951066,48.865383,2024-06-27T16:35:18+0000,2024-06-27T16:35:18+0000,panoptic
1192136625567056,2.3951266,48.865322,2024-06-27T16:35:16+0000,2024-06-27T16:35:16+0000,panoptic
1192136638900388,2.3949654,48.86545,2024-06-27T16:35:23+0000,2024-06-27T16:35:23+0000,panoptic
1192136642233721,2.395042,48.865383,2024-06-27T16:35:15+0000,2024-06-27T16:35:15+0000,panoptic
1192136648900387,2.3950078,48.865364,2024-06-27T16:35:16+0000,2024-06-27T16:35:16+0000,panoptic
1192136658900386,2.395099,48.865402,2024-06-27T16:35:15+0000,2024-06-27T16:35:15+0000,panoptic
1192136695567049,2.3958273,48.865067,2024-06-27T16:34:56+0000,2024-06-27T16:34:56+0000,panoptic
1192136732233712,2.394934,48.865402,2024-06-27T16:35:21+0000,2024-06-27T16:35:21+0000,panoptic
458082858625265,2.3960133,48.86515,2018-07-23T07:59:02+0000,2018-07-23T07:59:02+0000,mvd_fast
458172588616292,2.3962185,48.865112,2018-07-23T07:59:02+0000,2018-07-23T07:59:02+0000,mvd_fast
458380395262178,2.395845,48.86516,2018-07-23T07:59:02+0000,2018-07-23T07:59:02+0000,mvd_fast
2754454631531898,2.3924706,48.868465,2017-03-31T15:25:04+0000,2017-03-31T15:25:04+0000,trafficsign
2754552014855493,2.3923776,48.86835,2017-03-31T15:25:18+0000,2017-03-31T15:25:18+0000,trafficsign
2754640318179996,2.3923876,48.86834,2017-03-31T15:25:17+0000,2017-03-31T15:25:17+0000,trafficsign
2765884760388885,2.3926072,48.868114,2017-03-31T15:25:17+0000,2017-03-31T15:25:17+0000,mvd_fast
2765936950383666,2.3923542,48.868313,2017-03-31T15:25:00+0000,2017-03-31T15:25:00+0000,mvd_fast
2765998813710813,2.392311,48.868378,2017-03-31T15:25:01+0000,2017-03-31T15:25:01+0000,mvd_fast
2766016967042331,2.3921933,48.868626,2017-03-31T15:24:52+0000,2017-03-31T15:24:52+0000,mvd_fast
2766045473706147,2.3924873,48.868286,2017-03-31T15:25:04+0000,2017-03-31T15:25:04+0000,mvd_fast
2766049970372364,2.3924258,48.868263,2017-03-31T15:25:18+0000,2017-03-31T15:25:18+0000,mvd_fast
2766096133701081,2.3922396,48.86853,2017-03-31T15:24:57+0000,2017-03-31T15:24:57+0000,mvd_fast
2766107803699914,2.3923972,48.868248,2017-03-31T15:25:00+0000,2017-03-31T15:25:00+0000,mvd_fast
2766109727033055,2.392405,48.868225,2017-03-31T15:25:20+0000,2017-03-31T15:25:20+0000,mvd_fast
2766151657028862,2.3922186,48.86851,2017-03-31T15:25:00+0000,2017-03-31T15:25:00+0000,mvd_fast
2766192627024765,2.3924093,48.868214,2017-03-31T15:25:19+0000,2017-03-31T15:25:19+0000,mvd_fast
2766257807018247,2.3923388,48.868336,2017-03-31T15:25:00+0000,2017-03-31T15:25:00+0000,mvd_fast
2766267370350624,2.3924212,48.868492,2017-03-31T15:24:52+0000,2017-03-31T15:24:52+0000,mvd_fast
481377326308547,2.3960934,48.865326,2018-07-23T07:59:08+0000,2018-07-23T07:59:08+0000,mvd_fast
2194986474193459,2.3720777,48.865788,2024-06-27T16:37:54+0000,2024-06-27T16:37:54+0000,panoptic
2194986480860125,2.3748112,48.865223,2024-06-27T16:39:04+0000,2024-07-03T11:20:24+0000,panoptic
2194986484193458,2.3733788,48.865498,2024-06-27T16:38:09+0000,2024-06-27T16:38:09+0000,panoptic
2194986490860124,2.3747172,48.86505,2024-06-27T16:38:29+0000,2024-06-27T16:38:29+0000,panoptic
2194986494193457,2.373114,48.865646,2024-06-27T16:37:59+0000,2024-06-27T16:37:59+0000,panoptic
2194986500860123,2.372535,48.86558,2024-06-27T16:38:00+0000,2024-07-03T11:21:03+0000,panoptic
2194986504193456,2.3723269,48.86579,2024-06-27T16:37:56+0000,2024-07-03T11:21:05+0000,panoptic
2194986507526789,2.3723762,48.865814,2024-06-27T16:37:57+0000,2024-06-27T16:37:57+0000,panoptic
2194986517526788,2.3743312,48.86545,2024-06-27T16:38:21+0000,2024-07-03T11:20:40+0000,panoptic
2194986524193454,2.373153,48.865643,2024-06-27T16:37:56+0000,2024-06-27T16:37:56+0000,panoptic
2194986527526787,2.3745377,48.86517,2024-06-27T16:38:26+0000,2024-06-27T16:38:26+0000,panoptic
2194986530860120,2.372039,48.86576,2024-06-27T16:37:49+0000,2024-06-27T16:37:49+0000,panoptic
2194986534193453,2.3745391,48.86517,2024-06-27T16:38:26+0000,2024-06-27T16:38:26+0000,panoptic
2194986537526786,2.3720763,48.86583,2024-06-27T16:37:54+0000,2024-06-27T16:37:54+0000,panoptic
2194986540860119,2.3725543,48.86577,2024-06-27T16:37:57+0000,2024-06-27T16:37:57+0000,panoptic
2194986554193451,2.37484,48.865192,2024-06-27T16:39:04+0000,2024-07-03T11:20:27+0000,panoptic
2194986560860117,2.374701,48.865513,2024-06-27T16:38:21+0000,2024-06-27T16:38:21+0000,panoptic
2194986564193450,2.3720717,48.865852,2024-06-27T16:37:50+0000,2024-06-27T16:37:50+0000,panoptic
2194986567526783,2.3741357,48.865242,2024-06-27T16:38:17+0000,2024-07-03T11:20:34+0000,panoptic
2194986570860116,2.372625,48.865753,2024-06-27T16:37:59+0000,2024-06-27T16:37:59+0000,panoptic
2194986574193449,2.3735914,48.86555,2024-06-27T16:37:59+0000,2024-06-27T16:37:59+0000,panoptic
2194986584193448,2.3730943,48.865543,2024-06-27T16:38:07+0000,2024-06-27T16:38:07+0000,panoptic
2194986587526781,2.3746808,48.865192,2024-06-27T16:39:01+0000,2024-06-27T16:39:01+0000,trafficsign
2194986594193447,2.3743043,48.865288,2024-06-27T16:38:21+0000,2024-06-27T16:38:21+0000,panoptic
2194986597526780,2.37306,48.86565,2024-06-27T16:38:03+0000,2024-06-27T16:38:03+0000,panoptic
2194986600860113,2.3726678,48.86573,2024-06-27T16:38:02+0000,2024-07-03T11:21:02+0000,panoptic
2194986604193446,2.3722398,48.865685,2024-06-27T16:37:57+0000,2024-06-27T16:37:57+0000,panoptic
2194986617526778,2.3726768,48.865665,2024-06-27T16:37:57+0000,2024-07-03T11:21:01+0000,panoptic
2194986620860111,2.3726497,48.86575,2024-06-27T16:37:55+0000,2024-06-27T16:37:55+0000,panoptic
2194986634193443,2.3740926,48.865494,2024-06-27T16:38:11+0000,2024-07-03T11:20:43+0000,panoptic
2194986640860109,2.3742235,48.86523,2024-06-27T16:38:17+0000,2024-07-03T11:20:27+0000,panoptic
2194986644193442,2.3735878,48.865555,2024-06-27T16:38:07+0000,2024-06-27T16:38:07+0000,panoptic
2194986647526775,2.3740594,48.86546,2024-06-27T16:38:13+0000,2024-06-27T16:38:13+0000,panoptic
2194986650860108,2.3724139,48.865795,2024-06-27T16:37:46+0000,2024-06-27T16:37:46+0000,panoptic
2194986654193441,2.3739693,48.865253,2024-06-27T16:38:13+0000,2024-07-03T11:20:40+0000,panoptic
2194986657526774,2.3740523,48.86545,2024-06-27T16:38:13+0000,2024-06-27T16:38:13+0000,panoptic
2194986660860107,2.3726242,48.86575,2024-06-27T16:37:57+0000,2024-06-27T16:37:57+0000,panoptic
2194986664193440,2.3735971,48.86555,2024-06-27T16:38:00+0000,2024-06-27T16:38:00+0000,panoptic
2194986667526773,2.3730278,48.865665,2024-06-27T16:37:53+0000,2024-06-27T16:37:53+0000,panoptic
2194986670860106,2.3730323,48.865673,2024-06-27T16:37:56+0000,2024-06-27T16:37:56+0000,panoptic
2194986674193439,2.3744564,48.865273,2024-06-27T16:38:27+0000,2024-06-27T16:38:27+0000,panoptic
2194986680860105,2.372855,48.865578,2024-06-27T16:38:05+0000,2024-06-27T16:38:05+0000,panoptic
2194986684193438,2.3721113,48.865692,2024-06-27T16:37:56+0000,2024-06-27T16:37:56+0000,panoptic
2194986687526771,2.373395,48.865402,2024-06-27T16:37:59+0000,2024-06-27T16:37:59+0000,panoptic
2194986690860104,2.3734338,48.865356,2024-06-27T16:38:00+0000,2024-07-03T11:20:53+0000,panoptic
2194986697526770,2.3730187,48.865643,2024-06-27T16:38:02+0000,2024-06-27T16:38:02+0000,panoptic
2194986704193436,2.3731139,48.865772,2024-06-27T16:38:03+0000,2024-06-27T16:38:03+0000,panoptic
2194986707526769,2.3732247,48.86598,2024-06-27T16:38:00+0000,2024-06-27T16:38:00+0000,panoptic
2194986710860102,2.3728778,48.865738,2024-06-27T16:38:02+0000,2024-07-03T11:20:59+0000,panoptic
2194986714193435,2.3735123,48.865936,2024-06-27T16:38:02+0000,2024-06-27T16:38:02+0000,panoptic
2194986717526768,2.372789,48.865612,2024-06-27T16:38:04+0000,2024-06-27T16:38:04+0000,panoptic
2194986720860101,2.3726592,48.865513,2024-06-27T16:37:57+0000,2024-06-27T16:37:57+0000,panoptic
2194986724193434,2.3725173,48.86581,2024-06-27T16:37:55+0000,2024-07-03T11:21:01+0000,panoptic
2194986730860100,2.3727381,48.865494,2024-06-27T16:38:01+0000,2024-07-03T11:20:55+0000,panoptic
2194986737526766,2.3744628,48.865158,2024-06-27T16:38:27+0000,2024-07-03T11:20:27+0000,panoptic
2194986744193432,2.374335,48.865204,2024-06-27T16:38:19+0000,2024-07-03T11:20:27+0000,panoptic
2194986747526765,2.3742607,48.865314,2024-06-27T16:38:16+0000,2024-06-27T16:38:16+0000,panoptic
2194986750860098,2.3742757,48.865276,2024-06-27T16:38:22+0000,2024-06-27T16:38:22+0000,panoptic
2194986754193431,2.3729742,48.865616,2024-06-27T16:38:03+0000,2024-06-27T16:38:03+0000,panoptic
2194986757526764,2.3732166,48.86563,2024-06-27T16:38:07+0000,2024-06-27T16:38:07+0000,panoptic
2194986760860097,2.3744864,48.865196,2024-06-27T16:38:20+0000,2024-07-03T11:20:29+0000,panoptic
2194986764193430,2.3746808,48.865192,2024-06-27T16:39:01+0000,2024-06-27T16:39:01+0000,panoptic
2194986767526763,2.3726916,48.865524,2024-06-27T16:38:02+0000,2024-06-27T16:38:02+0000,panoptic
2194986770860096,2.3744779,48.865204,2024-06-27T16:38:19+0000,2024-06-27T16:38:19+0000,panoptic
2194986774193429,2.3720412,48.86576,2024-06-27T16:37:54+0000,2024-06-27T16:37:54+0000,panoptic
2194986780860095,2.374732,48.865215,2024-06-27T16:39:01+0000,2024-06-27T16:39:01+0000,panoptic
2194986784193428,2.3740466,48.865433,2024-06-27T16:38:16+0000,2024-06-27T16:38:16+0000,panoptic
2194986787526761,2.3745058,48.86515,2024-06-27T16:38:27+0000,2024-06-27T16:38:27+0000,panoptic
2194986797526760,2.3721232,48.865643,2024-06-27T16:37:55+0000,2024-06-27T16:37:55+0000,panoptic
2194986800860093,2.372093,48.865616,2024-06-27T16:37:54+0000,2024-07-03T11:21:02+0000,panoptic
1399575660732550,2.372298,48.865746,2024-07-03T11:21:20+0000,2024-07-03T11:21:20+0000,panoptic
1399575664065883,2.3728483,48.86554,2024-07-03T11:20:59+0000,2024-07-03T11:20:59+0000,panoptic
1399575677399215,2.3728912,48.865654,2024-07-03T11:21:00+0000,2024-07-03T11:21:00+0000,panoptic
1399575694065880,2.3733056,48.865448,2024-07-03T11:20:53+0000,2024-07-03T11:20:53+0000,panoptic
1399575704065879,2.3732898,48.865414,2024-07-03T11:20:55+0000,2024-07-03T11:20:55+0000,panoptic
1399575717399211,2.3720014,48.865875,2024-07-03T11:21:21+0000,2024-07-03T11:21:21+0000,panoptic
1399575747399208,2.3723404,48.86576,2024-07-03T11:21:18+0000,2024-07-03T11:21:18+0000,panoptic
1399575760732540,2.3726287,48.865707,2024-07-03T11:21:05+0000,2024-07-03T11:21:05+0000,panoptic
1399575787399204,2.372497,48.865566,2024-07-03T11:21:02+0000,2024-07-03T11:21:02+0000,panoptic
1399575794065870,2.3727026,48.86569,2024-07-03T11:20:59+0000,2024-07-03T11:20:59+0000,panoptic
1399575797399203,2.3724563,48.865532,2024-07-03T11:20:58+0000,2024-07-03T11:20:58+0000,panoptic
1399575814065868,2.3723211,48.86562,2024-07-03T11:21:12+0000,2024-07-03T11:21:12+0000,panoptic
1399575817399201,2.3725915,48.865692,2024-07-03T11:21:12+0000,2024-07-03T11:21:12+0000,panoptic
1399575837399199,2.3722389,48.86558,2024-07-03T11:20:58+0000,2024-07-03T11:20:58+0000,panoptic
1399575854065864,2.3726952,48.86548,2024-07-03T11:20:53+0000,2024-07-03T11:20:53+0000,panoptic
1399575864065863,2.372942,48.865707,2024-07-03T11:20:59+0000,2024-07-03T11:20:59+0000,panoptic
1399575904065859,2.3722363,48.865574,2024-07-03T11:21:00+0000,2024-07-03T11:21:00+0000,panoptic
1399575910732525,2.373114,48.865673,2024-07-03T11:20:57+0000,2024-07-03T11:20:57+0000,panoptic
1399575914065858,2.372504,48.86573,2024-07-03T11:21:14+0000,2024-07-03T11:21:14+0000,panoptic
1399575960732520,2.3722363,48.865837,2024-07-03T11:21:18+0000,2024-07-03T11:21:18+0000,panoptic
1399575980732518,2.372683,48.865665,2024-07-03T11:21:02+0000,2024-07-03T11:21:02+0000,panoptic
1399575984065851,2.3721533,48.865692,2024-07-03T11:21:17+0000,2024-07-03T11:21:17+0000,panoptic
1399575987399184,2.3723583,48.86577,2024-07-03T11:21:17+0000,2024-07-03T11:21:17+0000,panoptic
1399575994065850,2.3724976,48.865566,2024-07-03T11:20:59+0000,2024-07-03T11:20:59+0000,panoptic
1399576014065848,2.372499,48.865578,2024-07-03T11:20:55+0000,2024-07-03T11:20:55+0000,panoptic
1399576017399181,2.3724961,48.865566,2024-07-03T11:21:05+0000,2024-07-03T11:21:05+0000,trafficsign
1399576044065845,2.37206,48.865852,2024-07-03T11:21:23+0000,2024-07-03T11:21:23+0000,panoptic
1399576100732506,2.3732967,48.865425,2024-07-03T11:20:53+0000,2024-07-03T11:20:53+0000,panoptic
1399576104065839,2.3728075,48.865513,2024-07-03T11:20:57+0000,2024-07-03T11:20:57+0000,panoptic
1399576107399172,2.3725495,48.86547,2024-07-03T11:20:58+0000,2024-07-03T11:20:58+0000,panoptic
154186276594063,2.3727152,48.865704,2018-07-23T08:05:12+0000,2024-07-03T11:21:12+0000,trafficsign
154821333197224,2.3728192,48.865704,2018-07-23T08:05:12+0000,2018-07-23T08:05:12+0000,trafficsign
154836053195752,2.3724835,48.86579,2018-07-23T08:06:03+0000,2018-07-23T08:06:03+0000,trafficsign
158545756158115,2.3723652,48.865566,2018-07-23T08:05:15+0000,2024-07-03T11:20:58+0000,mvd_fast
158559076156783,2.3724704,48.86559,2018-07-23T08:05:17+0000,2024-07-03T11:21:09+0000,mvd_fast
158609216151769,2.3721912,48.865765,2018-07-23T08:06:06+0000,2018-07-23T08:06:06+0000,mvd_fast
158611462818211,2.3723485,48.86589,2018-07-23T08:05:17+0000,2024-06-27T16:37:54+0000,mvd_fast
158664012812956,2.3724651,48.865627,2018-07-23T08:05:15+0000,2018-07-23T08:05:15+0000,mvd_fast
158730186139672,2.3722444,48.86583,2018-07-23T08:06:04+0000,2018-07-23T08:06:04+0000,mvd_fast
159315342747823,2.3728151,48.86563,2018-07-23T08:05:15+0000,2018-07-23T08:05:15+0000,mvd_fast
926999954535996,2.3728383,48.865932,2020-08-21T14:59:27+0000,2020-08-21T14:59:27+0000,trafficsign
927029184533073,2.3745499,48.865383,2020-08-21T14:59:55+0000,2020-08-21T14:59:55+0000,trafficsign
927041587865166,2.3732927,48.865612,2020-08-21T14:59:34+0000,2020-08-21T14:59:34+0000,trafficsign
927078401194818,2.3739238,48.865345,2020-08-21T14:59:42+0000,2020-08-21T14:59:42+0000,trafficsign
927136451189013,2.3751483,48.865055,2020-08-21T15:00:28+0000,2020-08-21T15:00:28+0000,trafficsign
927240711178587,2.3725595,48.865765,2020-08-21T14:59:23+0000,2020-08-21T14:59:23+0000,trafficsign
927264534509538,2.3723395,48.86549,2020-08-21T14:59:20+0000,2020-08-21T14:59:20+0000,trafficsign
927487841153874,2.3723621,48.865585,2020-08-21T14:59:20+0000,2020-08-21T14:59:20+0000,trafficsign
928060471096611,2.3744707,48.865143,2020-08-21T15:00:15+0000,2020-08-21T15:00:15+0000,trafficsign
928759844360007,2.3732843,48.865463,2020-08-21T14:59:29+0000,2024-06-27T16:38:09+0000,mvd_fast
928842014351790,2.3761349,48.86509,2020-08-21T15:00:39+0000,2024-06-27T16:27:34+0000,mvd_fast
928855954350396,2.3736784,48.8656,2020-08-21T14:59:34+0000,2020-08-21T14:59:34+0000,mvd_fast
928863524349639,2.3735943,48.865345,2020-08-21T14:59:38+0000,2024-07-03T11:20:47+0000,mvd_fast
928873667681958,2.3743958,48.865234,2020-08-21T14:59:58+0000,2020-08-21T14:59:58+0000,mvd_fast
928889071013751,2.3739314,48.86555,2020-08-21T14:59:40+0000,2020-08-21T14:59:40+0000,mvd_fast
928894861013172,2.3741813,48.86537,2020-08-21T14:59:36+0000,2020-08-21T14:59:36+0000,mvd_fast
928896214346370,2.3740563,48.865257,2020-08-21T14:59:40+0000,2024-06-27T16:38:15+0000,mvd_fast
928910381011620,2.3746006,48.86533,2020-08-21T14:59:51+0000,2024-07-03T11:20:31+0000,mvd_fast
928957957673529,2.3733408,48.86567,2020-08-21T14:59:23+0000,2020-08-21T14:59:23+0000,mvd_fast
928962044339787,2.3736749,48.86533,2020-08-21T14:59:38+0000,2024-07-03T11:20:48+0000,mvd_fast
929007107668614,2.3737895,48.865524,2020-08-21T14:59:36+0000,2020-08-21T14:59:36+0000,mvd_fast
929016211001037,2.3726835,48.865665,2020-08-21T14:59:23+0000,2020-08-21T14:59:23+0000,mvd_fast
929026764333315,2.374015,48.86532,2020-08-21T14:59:49+0000,2020-08-21T14:59:49+0000,mvd_fast
929037190998939,2.3738208,48.86535,2020-08-21T14:59:40+0000,2020-08-21T14:59:40+0000,mvd_fast
929037447665580,2.3734004,48.865593,2020-08-21T14:59:25+0000,2024-06-27T16:38:01+0000,mvd_fast
929070247662300,2.3728116,48.865547,2020-08-21T14:59:20+0000,2020-08-21T14:59:20+0000,mvd_fast
929105570992101,2.3735225,48.865417,2020-08-21T14:59:34+0000,2020-08-21T14:59:34+0000,mvd_fast
929563844279607,2.3736835,48.865486,2020-08-21T14:59:36+0000,2020-08-21T14:59:36+0000,mvd_fast
929656490937009,2.3726661,48.86558,2020-08-21T14:59:23+0000,2020-08-21T14:59:23+0000,mvd_fast
929713217598003,2.3742683,48.86529,2020-08-21T14:59:51+0000,2024-07-03T11:20:40+0000,mvd_fast
929718800930778,2.3735442,48.86554,2020-08-21T14:59:31+0000,2024-06-27T16:38:10+0000,mvd_fast
322632012591808,2.3730145,48.865665,2018-07-23T08:05:11+0000,2018-07-23T08:05:11+0000,trafficsign
322723475915995,2.3738651,48.8655,2018-07-23T08:05:05+0000,2018-07-23T08:05:05+0000,trafficsign
327039288817747,2.3728337,48.865646,2018-07-23T08:05:13+0000,2024-07-03T11:21:00+0000,mvd_fast
327090082146001,2.3731391,48.865307,2018-07-23T08:05:07+0000,2018-07-23T08:05:07+0000,mvd_fast
327137985474544,2.3728158,48.86563,2018-07-23T08:05:10+0000,2018-07-23T08:05:10+0000,mvd_fast
327167768804899,2.372412,48.86598,2018-07-23T08:05:12+0000,2018-07-23T08:05:12+0000,mvd_fast
327196898801986,2.3728876,48.865692,2018-07-23T08:05:12+0000,2018-07-23T08:05:12+0000,mvd_fast
346447403579102,2.3816302,48.8704,2021-02-27T14:24:02+0000,2021-02-27T14:24:02+0000,trafficsign
1375750586132101,2.396997,48.866642,2019-11-05T07:35:28+0000,2019-11-05T07:35:28+0000,trafficsign
1376441949396298,2.3966506,48.866478,2019-11-05T07:35:36+0000,2019-11-05T07:35:36+0000,trafficsign
1376490626058097,2.396685,48.86649,2019-11-05T07:35:37+0000,2019-11-05T07:35:37+0000,trafficsign
1377401395967020,2.3967042,48.866505,2019-11-05T07:35:27+0000,2019-11-05T07:35:27+0000,mvd_fast
1377451382628688,2.3965597,48.866375,2019-11-05T07:35:39+0000,2024-06-27T16:36:09+0000,mvd_fast
1377471125960047,2.396565,48.866337,2019-11-05T07:35:38+0000,2019-11-05T07:35:38+0000,mvd_fast
1377483645958795,2.3967037,48.866497,2019-11-05T07:35:37+0000,2019-11-05T07:35:37+0000,mvd_fast
1377541092619717,2.3968053,48.866463,2019-11-05T07:35:34+0000,2024-06-27T16:36:15+0000,mvd_fast
1377566189283874,2.3969295,48.866524,2019-11-05T07:35:30+0000,2019-11-05T07:35:30+0000,mvd_fast
1377628542610972,2.3967934,48.866444,2019-11-05T07:35:33+0000,2019-11-05T07:35:33+0000,mvd_fast
1377630005944159,2.3966389,48.86647,2019-11-05T07:35:35+0000,2019-11-05T07:35:35+0000,mvd_fast
1377639789276514,2.3968148,48.866646,2019-11-05T07:35:28+0000,2024-06-27T16:36:15+0000,mvd_fast
1377658532607973,2.396832,48.866608,2019-11-05T07:35:29+0000,2024-06-27T16:36:12+0000,mvd_fast
1377686119271881,2.3967924,48.866573,2019-11-05T07:35:24+0000,2024-06-27T16:36:03+0000,mvd_fast
1377704755936684,2.3967302,48.86645,2019-11-05T07:35:32+0000,2024-06-27T16:36:12+0000,mvd_fast
1377708539269639,2.3968506,48.866467,2019-11-05T07:35:36+0000,2019-11-05T07:35:36+0000,mvd_fast
1377723839268109,2.3969843,48.86653,2019-11-05T07:35:30+0000,2019-11-05T07:35:30+0000,mvd_fast
1377736602600166,2.3968499,48.866592,2019-11-05T07:35:30+0000,2024-06-27T16:36:21+0000,mvd_fast
1377748372598989,2.3967469,48.86644,2019-11-05T07:35:33+0000,2019-11-05T07:35:33+0000,mvd_fast
1377761955930964,2.3966746,48.866505,2019-11-05T07:35:29+0000,2019-11-05T07:35:29+0000,mvd_fast
1713665142373264,2.3952224,48.865673,2024-06-27T16:35:40+0000,2024-06-27T16:35:40+0000,panoptic
1713665145706597,2.3951023,48.865597,2024-06-27T16:35:36+0000,2024-06-27T16:35:36+0000,panoptic
1713665149039930,2.3955758,48.865887,2024-06-27T16:35:50+0000,2024-06-27T16:35:50+0000,panoptic
1713665152373263,2.3962643,48.866295,2024-06-27T16:36:09+0000,2024-06-27T16:36:09+0000,panoptic
1713665155706596,2.3968115,48.866524,2024-06-27T16:36:18+0000,2024-06-27T16:36:18+0000,panoptic
1713665162373262,2.3950624,48.86556,2024-06-27T16:35:30+0000,2024-06-27T16:35:30+0000,panoptic
1713665165706595,2.3961687,48.86622,2024-06-27T16:36:00+0000,2024-06-27T16:36:00+0000,panoptic
1713665169039928,2.396062,48.866257,2024-06-27T16:35:56+0000,2024-06-27T16:35:56+0000,panoptic
1713665172373261,2.395794,48.8661,2024-06-27T16:35:54+0000,2024-06-27T16:35:54+0000,panoptic
1713665175706594,2.3959439,48.866188,2024-06-27T16:35:53+0000,2024-06-27T16:35:53+0000,panoptic
1713665179039927,2.3959448,48.866188,2024-06-27T16:35:56+0000,2024-06-27T16:35:56+0000,panoptic
1713665185706593,2.395691,48.866035,2024-06-27T16:35:45+0000,2024-06-27T16:35:45+0000,panoptic
1713665189039926,2.395061,48.86556,2024-06-27T16:35:30+0000,2024-06-27T16:35:30+0000,panoptic
1713665195706592,2.3961685,48.86622,2024-06-27T16:35:53+0000,2024-06-27T16:35:53+0000,panoptic
1713665202373258,2.3966117,48.86651,2024-06-27T16:36:12+0000,2024-06-27T16:36:12+0000,panoptic
1713665205706591,2.394867,48.865536,2024-06-27T16:35:30+0000,2024-06-27T16:35:30+0000,panoptic
1713665209039924,2.3956099,48.865894,2024-06-27T16:35:38+0000,2024-06-27T16:35:38+0000,panoptic
1713665219039923,2.394999,48.86562,2024-06-27T16:35:30+0000,2024-06-27T16:35:30+0000,panoptic
1713665225706589,2.3968096,48.86659,2024-06-27T16:36:21+0000,2024-06-27T16:36:21+0000,panoptic
1713665239039921,2.3953943,48.86589,2024-06-27T16:35:46+0000,2024-06-27T16:35:46+0000,panoptic
1713665252373253,2.3966293,48.866405,2024-06-27T16:36:17+0000,2024-06-27T16:36:17+0000,trafficsign
1713665255706586,2.395902,48.866165,2024-06-27T16:35:53+0000,2024-06-27T16:35:53+0000,panoptic
1713665259039919,2.394999,48.86562,2024-06-27T16:35:34+0000,2024-06-27T16:35:34+0000,panoptic
1713665269039918,2.3957942,48.8661,2024-06-27T16:35:51+0000,2024-06-27T16:35:51+0000,panoptic
1713665279039917,2.3959024,48.866165,2024-06-27T16:35:59+0000,2024-06-27T16:35:59+0000,panoptic
1713665282373250,2.395944,48.866188,2024-06-27T16:35:59+0000,2024-06-27T16:35:59+0000,panoptic
1713665285706583,2.3957942,48.8661,2024-06-27T16:35:54+0000,2024-06-27T16:35:54+0000,panoptic
1713665289039916,2.3960197,48.866203,2024-06-27T16:36:03+0000,2024-06-27T16:36:03+0000,panoptic
1713665292373249,2.3950841,48.865585,2024-06-27T16:35:34+0000,2024-06-27T16:35:34+0000,panoptic
1713665299039915,2.3965092,48.866386,2024-06-27T16:36:13+0000,2024-06-27T16:36:13+0000,panoptic
1713665302373248,2.3969638,48.866592,2024-06-27T16:36:24+0000,2024-06-27T16:36:24+0000,panoptic
1713665315706580,2.3966653,48.866432,2024-06-27T16:36:11+0000,2024-06-27T16:36:11+0000,panoptic
1713665322373246,2.395744,48.865955,2024-06-27T16:35:53+0000,2024-06-27T16:35:53+0000,panoptic
1713665325706579,2.396634,48.866444,2024-06-27T16:36:15+0000,2024-06-27T16:36:15+0000,panoptic
1713665332373245,2.3953226,48.865757,2024-06-27T16:35:41+0000,2024-06-27T16:35:41+0000,panoptic
1713665335706578,2.396028,48.866165,2024-06-27T16:36:01+0000,2024-06-27T16:36:01+0000,panoptic
1713665339039911,2.3959196,48.866047,2024-06-27T16:35:57+0000,2024-06-27T16:35:57+0000,panoptic
1713665342373244,2.3958173,48.866035,2024-06-27T16:35:56+0000,2024-06-27T16:35:56+0000,panoptic
1713665345706577,2.3952022,48.865658,2024-06-27T16:35:38+0000,2024-06-27T16:35:38+0000,panoptic
1713665349039910,2.395555,48.865875,2024-06-27T16:35:46+0000,2024-06-27T16:35:46+0000,panoptic
1713665352373243,2.3955736,48.865856,2024-06-27T16:35:45+0000,2024-06-27T16:35:45+0000,panoptic
1713665359039909,2.395409,48.865864,2024-06-27T16:35:40+0000,2024-06-27T16:35:40+0000,panoptic
1713665372373241,2.395507,48.865818,2024-06-27T16:35:48+0000,2024-06-27T16:35:48+0000,panoptic
1713665382373240,2.3958507,48.866085,2024-06-27T16:35:53+0000,2024-06-27T16:35:53+0000,panoptic
1713665395706572,2.396239,48.86626,2024-06-27T16:36:06+0000,2024-06-27T16:36:06+0000,panoptic
1713665405706571,2.3948786,48.86555,2024-06-27T16:35:30+0000,2024-06-27T16:35:30+0000,panoptic
1713665409039904,2.3957567,48.865967,2024-06-27T16:35:51+0000,2024-06-27T16:35:51+0000,panoptic
338880227657030,2.3960147,48.86618,2019-11-05T07:35:51+0000,2019-11-05T07:35:51+0000,trafficsign
338889747656078,2.3942828,48.865116,2019-11-05T07:36:46+0000,2019-11-05T07:36:46+0000,trafficsign
338916147653438,2.394897,48.865368,2019-11-05T07:36:20+0000,2019-11-05T07:36:20+0000,trafficsign
339063487638704,2.3951564,48.865658,2019-11-05T07:36:13+0000,2019-11-05T07:36:13+0000,trafficsign
339093570969029,2.3947551,48.86542,2019-11-05T07:36:37+0000,2019-11-05T07:36:37+0000,trafficsign
339147890963597,2.396226,48.866207,2019-11-05T07:35:47+0000,2019-11-05T07:35:47+0000,trafficsign
339168800961506,2.3943374,48.865147,2019-11-05T07:36:49+0000,2019-11-05T07:36:49+0000,trafficsign
339174567627596,2.39596,48.866035,2019-11-05T07:35:58+0000,2019-11-05T07:35:58+0000,trafficsign
339210127624040,2.395215,48.865612,2019-11-05T07:36:07+0000,2019-11-05T07:36:07+0000,trafficsign
339256474286072,2.3957016,48.86591,2019-11-05T07:35:58+0000,2019-11-05T07:35:58+0000,trafficsign
339285104283209,2.395519,48.865883,2019-11-05T07:36:02+0000,2019-11-05T07:36:02+0000,trafficsign
339330480945338,2.3947694,48.865417,2019-11-05T07:36:22+0000,2019-11-05T07:36:22+0000,trafficsign
339345270943859,2.3948057,48.8654,2019-11-05T07:36:21+0000,2024-06-27T16:35:25+0000,trafficsign
339721867572866,2.3958764,48.866096,2019-11-05T07:35:53+0000,2019-11-05T07:35:53+0000,trafficsign
339726490905737,2.3959749,48.866158,2019-11-05T07:35:55+0000,2019-11-05T07:35:55+0000,trafficsign
339727937572259,2.3960137,48.86618,2019-11-05T07:35:54+0000,2019-11-05T07:35:54+0000,trafficsign
339751070903279,2.3943238,48.86511,2019-11-05T07:36:48+0000,2019-11-05T07:36:48+0000,trafficsign
339754060902980,2.3948479,48.865368,2019-11-05T07:36:38+0000,2019-11-05T07:36:38+0000,trafficsign
339768160901570,2.3941448,48.865017,2019-11-05T07:37:48+0000,2019-11-05T07:37:48+0000,trafficsign
339778124233907,2.395043,48.86559,2019-11-05T07:36:10+0000,2019-11-05T07:36:10+0000,trafficsign
339798720898514,2.3943188,48.865105,2019-11-05T07:36:44+0000,2019-11-05T07:36:44+0000,trafficsign
339847754226944,2.395153,48.865658,2019-11-05T07:36:15+0000,2019-11-05T07:36:15+0000,trafficsign
339899680888418,2.3943338,48.865147,2019-11-05T07:36:48+0000,2019-11-05T07:36:48+0000,trafficsign
340571764154543,2.3950381,48.86561,2019-11-05T07:36:16+0000,2019-11-05T07:36:16+0000,mvd_fast
340597290818657,2.3943207,48.865147,2019-11-05T07:36:46+0000,2019-11-05T07:36:46+0000,mvd_fast
340630284148691,2.3950238,48.865513,2019-11-05T07:36:14+0000,2019-11-05T07:36:14+0000,mvd_fast
340651447479908,2.3956735,48.865997,2019-11-05T07:35:47+0000,2019-11-05T07:35:47+0000,mvd_fast
340685347476518,2.3945732,48.865204,2019-11-05T07:36:24+0000,2019-11-05T07:36:24+0000,mvd_fast
340690124142707,2.3943503,48.865067,2019-11-05T07:36:48+0000,2019-11-05T07:36:48+0000,mvd_fast
340692190809167,2.3957806,48.865986,2019-11-05T07:35:56+0000,2024-06-27T16:35:48+0000,mvd_fast
340693054142414,2.3953967,48.865696,2019-11-05T07:35:57+0000,2019-11-05T07:35:57+0000,mvd_fast
340716054140114,2.394338,48.865147,2019-11-05T07:36:48+0000,2019-11-05T07:36:48+0000,mvd_fast
340722654139454,2.396313,48.86627,2019-11-05T07:35:46+0000,2024-06-27T16:36:00+0000,mvd_fast
340723144139405,2.3959966,48.866047,2019-11-05T07:35:53+0000,2019-11-05T07:35:53+0000,mvd_fast
340725794139140,2.3948143,48.865383,2019-11-05T07:36:20+0000,2019-11-05T07:36:20+0000,mvd_fast
340733820805004,2.394853,48.865337,2019-11-05T07:36:03+0000,2019-11-05T07:36:03+0000,mvd_fast
340736397471413,2.3943713,48.86508,2019-11-05T07:36:49+0000,2019-11-05T07:36:49+0000,mvd_fast
340754474136272,2.3940058,48.865013,2019-11-05T07:36:52+0000,2019-11-05T07:36:52+0000,mvd_fast
340764994135220,2.3946137,48.865257,2019-11-05T07:36:24+0000,2019-11-05T07:36:24+0000,mvd_fast
340766517468401,2.3950675,48.8655,2019-11-05T07:36:14+0000,2019-11-05T07:36:14+0000,mvd_fast
340771760801210,2.3956087,48.86586,2019-11-05T07:35:54+0000,2024-06-27T16:35:38+0000,mvd_fast
340780157467037,2.3954144,48.86587,2019-11-05T07:36:03+0000,2024-06-27T16:35:45+0000,mvd_fast
340787957466257,2.3955467,48.86584,2019-11-05T07:35:59+0000,2024-06-27T16:35:41+0000,mvd_fast
340809507464102,2.3949466,48.865437,2019-11-05T07:36:21+0000,2019-11-05T07:36:21+0000,mvd_fast
340814864130233,2.39611,48.866177,2019-11-05T07:35:51+0000,2024-06-27T16:35:57+0000,mvd_fast
340814980796888,2.3956237,48.86588,2019-11-05T07:35:53+0000,2024-06-27T16:35:50+0000,mvd_fast
340815400796846,2.3948262,48.86546,2019-11-05T07:36:24+0000,2019-11-05T07:36:24+0000,mvd_fast
340835624128157,2.3947465,48.865433,2019-11-05T07:36:23+0000,2019-11-05T07:36:23+0000,mvd_fast
340841000794286,2.395288,48.865692,2019-11-05T07:36:05+0000,2024-06-27T16:35:34+0000,mvd_fast
340841127460940,2.3950324,48.8656,2019-11-05T07:36:17+0000,2019-11-05T07:36:17+0000,mvd_fast
340857154126004,2.3948612,48.865364,2019-11-05T07:36:32+0000,2019-11-05T07:36:32+0000,mvd_fast
340864584125261,2.394949,48.865425,2019-11-05T07:36:18+0000,2019-11-05T07:36:18+0000,mvd_fast
340875577457495,2.3950205,48.865482,2019-11-05T07:36:02+0000,2024-06-27T16:35:21+0000,mvd_fast
340893820789004,2.3947475,48.86543,2019-11-05T07:36:25+0000,2019-11-05T07:36:25+0000,mvd_fast
340925950785791,2.394109,48.865,2019-11-05T07:36:46+0000,2019-11-05T07:36:46+0000,mvd_fast
340929084118811,2.3948257,48.865265,2019-11-05T07:36:23+0000,2019-11-05T07:36:23+0000,mvd_fast
341531474058572,2.3959265,48.866074,2019-11-05T07:35:53+0000,2024-06-27T16:35:51+0000,mvd_fast
341535537391499,2.3948905,48.86538,2019-11-05T07:36:13+0000,2019-11-05T07:36:15+0000,mvd_fast
341536037391449,2.394382,48.865112,2019-11-05T07:36:49+0000,2019-11-05T07:36:49+0000,mvd_fast
833429693923285,2.3962238,48.877857,2015-07-14T11:13:56+0000,2015-07-14T11:13:56+0000,trafficsign
300247208379471,2.3962748,48.877842,2015-07-14T11:13:47+0000,2015-07-14T11:13:47+0000,mvd_fast
342773877267773,2.372909,48.867325,2021-03-18T07:12:52+0000,2021-03-18T07:12:52+0000,mvd_fast
935272650539825,2.372329,48.86579,2020-08-21T14:59:16+0000,2024-06-27T16:37:57+0000,trafficsign
909840879807689,2.372212,48.865788,2020-08-21T14:59:12+0000,2024-07-03T11:21:20+0000,mvd_fast
2947831082138683,2.373787,48.866795,2015-07-13T10:54:24+0000,2015-07-13T10:54:24+0000,trafficsign
2948617572060034,2.3722343,48.86638,2015-07-13T10:54:51+0000,2015-07-13T10:54:51+0000,trafficsign
2960627127525745,2.37378,48.866814,2015-07-13T10:54:20+0000,2015-07-13T10:54:20+0000,mvd_fast
2960718210849970,2.3736808,48.8667,2015-07-13T10:54:29+0000,2015-07-13T10:54:29+0000,mvd_fast
2960747204180404,2.3721638,48.866173,2015-07-13T10:54:48+0000,2015-07-13T10:54:48+0000,mvd_fast
2960846664170458,2.37366,48.866684,2015-07-13T10:54:26+0000,2015-07-13T10:54:26+0000,mvd_fast
2961686867419771,2.3731856,48.866817,2015-07-13T10:54:24+0000,2015-07-13T10:54:24+0000,mvd_fast
4005155426271033,2.3894424,48.87729,2015-07-14T19:01:49+0000,2015-07-14T19:01:49+0000,mvd_fast
4005721696214406,2.389528,48.877422,2015-07-14T19:01:41+0000,2015-07-14T19:01:41+0000,mvd_fast
4005777466208829,2.3893864,48.87723,2015-07-14T19:01:28+0000,2015-07-14T19:01:28+0000,mvd_fast
4005916722861570,2.3893588,48.8771,2015-07-14T19:01:30+0000,2015-07-14T19:01:30+0000,mvd_fast
4006242999495609,2.389365,48.87712,2015-07-14T19:01:32+0000,2015-07-14T19:01:32+0000,mvd_fast
376356130470726,2.3957245,48.877884,2015-07-12T14:24:07+0000,2015-07-12T14:24:07+0000,mvd_fast
199809758523372,2.3943253,48.865154,2019-11-05T07:38:51+0000,2019-11-05T07:38:51+0000,trafficsign
199993098505038,2.393802,48.86505,2019-11-05T07:38:47+0000,2019-11-05T07:38:47+0000,trafficsign
200456258458722,2.3918498,48.865067,2019-11-05T07:38:27+0000,2019-11-05T07:38:27+0000,trafficsign
200895545081460,2.39441,48.86512,2019-11-05T07:38:50+0000,2019-11-05T07:38:50+0000,trafficsign
201207541716927,2.3922925,48.86506,2019-11-05T07:38:33+0000,2019-11-05T07:38:33+0000,mvd_fast
201236065047408,2.393821,48.865025,2019-11-05T07:38:48+0000,2019-11-05T07:38:48+0000,mvd_fast
201236365047378,2.393797,48.865086,2019-11-05T07:38:48+0000,2019-11-05T07:38:48+0000,mvd_fast
201241455046869,2.3917894,48.86506,2019-11-05T07:38:26+0000,2019-11-05T07:38:26+0000,mvd_fast
201301635040851,2.393946,48.865036,2019-11-05T07:38:51+0000,2019-11-05T07:38:51+0000,mvd_fast
201322878372060,2.394195,48.86511,2019-11-05T07:38:53+0000,2019-11-05T07:38:53+0000,mvd_fast
201334005037614,2.3918521,48.865013,2019-11-05T07:38:22+0000,2019-11-05T07:38:22+0000,mvd_fast
201361671701514,2.392534,48.865,2019-11-05T07:38:34+0000,2019-11-05T07:38:34+0000,mvd_fast
201371391700542,2.3927546,48.86506,2019-11-05T07:38:37+0000,2019-11-05T07:38:37+0000,mvd_fast
201410371696644,2.391837,48.865055,2019-11-05T07:38:23+0000,2019-11-05T07:38:23+0000,mvd_fast
201454718358876,2.3924725,48.865025,2019-11-05T07:38:33+0000,2019-11-05T07:38:33+0000,mvd_fast
201601941677487,2.3917875,48.86506,2019-11-05T07:38:26+0000,2019-11-05T07:38:26+0000,trafficsign
835208737087801,2.3957796,48.87788,2015-07-14T15:46:27+0000,2015-07-14T15:46:27+0000,trafficsign
873738664785110,2.374733,48.865288,2024-07-03T11:20:35+0000,2024-07-03T11:20:35+0000,panoptic
873738668118443,2.3749034,48.865173,2024-07-03T11:20:27+0000,2024-07-03T11:20:27+0000,panoptic
873738674785109,2.3745282,48.86533,2024-07-03T11:20:37+0000,2024-07-03T11:20:37+0000,panoptic
873738678118442,2.3748035,48.865265,2024-07-03T11:20:32+0000,2024-07-03T11:20:32+0000,panoptic
873738688118441,2.3748345,48.86512,2024-07-03T11:20:25+0000,2024-07-03T11:20:25+0000,panoptic
873738698118440,2.3743424,48.86542,2024-07-03T11:20:39+0000,2024-07-03T11:20:39+0000,panoptic
873738708118439,2.3744545,48.865417,2024-07-03T11:20:32+0000,2024-07-03T11:20:32+0000,panoptic
873738728118437,2.3744814,48.865143,2024-07-03T11:20:27+0000,2024-07-03T11:20:27+0000,panoptic
873738741451769,2.3744593,48.865105,2024-07-03T11:20:25+0000,2024-07-03T11:20:25+0000,panoptic
873738778118432,2.3761182,48.865158,2024-07-03T11:20:02+0000,2024-07-03T11:20:02+0000,panoptic
873738801451763,2.375192,48.865276,2024-07-03T11:20:22+0000,2024-07-03T11:20:22+0000,panoptic
873738804785096,2.375281,48.865257,2024-07-03T11:20:22+0000,2024-07-03T11:20:22+0000,panoptic
873738808118429,2.37661,48.86501,2024-07-03T11:20:05+0000,2024-07-03T11:20:05+0000,panoptic
873738821451761,2.3753202,48.86527,2024-07-03T11:20:17+0000,2024-07-03T11:20:17+0000,panoptic
873738824785094,2.3737514,48.86531,2024-07-03T11:20:48+0000,2024-07-03T11:20:48+0000,panoptic
873738838118426,2.375292,48.865257,2024-07-03T11:20:20+0000,2024-07-03T11:20:20+0000,panoptic
873738851451758,2.373871,48.86551,2024-07-03T11:20:37+0000,2024-07-03T11:20:37+0000,panoptic
873738858118424,2.3742015,48.865513,2024-07-03T11:20:41+0000,2024-07-03T11:20:41+0000,panoptic
873738864785090,2.3744826,48.865135,2024-07-03T11:20:31+0000,2024-07-03T11:20:31+0000,panoptic
873738868118423,2.3738236,48.86552,2024-07-03T11:20:40+0000,2024-07-03T11:20:40+0000,panoptic
873738871451756,2.3741276,48.865604,2024-07-03T11:20:40+0000,2024-07-03T11:20:40+0000,panoptic
873738878118422,2.3737814,48.865547,2024-07-03T11:20:39+0000,2024-07-03T11:20:39+0000,panoptic
873738884785088,2.3738863,48.865337,2024-07-03T11:20:44+0000,2024-07-03T11:20:44+0000,panoptic
873738898118420,2.3749607,48.865257,2024-07-03T11:20:27+0000,2024-07-03T11:20:27+0000,panoptic
873738904785086,2.3751032,48.86511,2024-07-03T11:20:21+0000,2024-07-03T11:20:21+0000,panoptic
873738908118419,2.3753595,48.86528,2024-07-03T11:20:22+0000,2024-07-03T11:20:22+0000,panoptic
873738924785084,2.373885,48.865345,2024-07-03T11:20:46+0000,2024-07-03T11:20:46+0000,panoptic
873738931451750,2.3743048,48.865253,2024-07-03T11:20:40+0000,2024-07-03T11:20:40+0000,panoptic
873738941451749,2.3749695,48.865246,2024-07-03T11:20:27+0000,2024-07-03T11:20:27+0000,panoptic
873738951451748,2.3753033,48.865192,2024-07-03T11:20:24+0000,2024-07-03T11:20:24+0000,panoptic
873738954785081,2.3743975,48.865353,2024-07-03T11:20:40+0000,2024-07-03T11:20:40+0000,panoptic
873738958118414,2.3751452,48.86521,2024-07-03T11:20:26+0000,2024-07-03T11:20:26+0000,panoptic
873738964785080,2.3746326,48.865307,2024-07-03T11:20:36+0000,2024-07-03T11:20:36+0000,panoptic
873738968118413,2.3739586,48.86545,2024-07-03T11:20:48+0000,2024-07-03T11:20:48+0000,panoptic
873738971451746,2.377579,48.8651,2024-07-03T11:19:50+0000,2024-07-03T11:19:50+0000,panoptic
873739011451742,2.3752348,48.865204,2024-07-03T11:20:24+0000,2024-07-03T11:20:24+0000,panoptic
873739018118408,2.3746226,48.865353,2024-07-03T11:20:29+0000,2024-07-03T11:20:29+0000,panoptic
873739024785074,2.3750696,48.865276,2024-07-03T11:20:22+0000,2024-07-03T11:20:22+0000,panoptic
873739038118406,2.3746207,48.865337,2024-07-03T11:20:28+0000,2024-07-03T11:20:28+0000,panoptic
873739048118405,2.3757157,48.865112,2024-07-03T11:20:19+0000,2024-07-03T11:20:19+0000,panoptic
873739051451738,2.3742757,48.86542,2024-07-03T11:20:42+0000,2024-07-03T11:20:42+0000,panoptic
873739058118404,2.3745143,48.865086,2024-07-03T11:20:28+0000,2024-07-03T11:20:28+0000,panoptic
873739068118403,2.3755462,48.865227,2024-07-03T11:20:18+0000,2024-07-03T11:20:18+0000,panoptic
873739074785069,2.3742714,48.865417,2024-07-03T11:20:39+0000,2024-07-03T11:20:39+0000,panoptic
873739081451735,2.3742676,48.865448,2024-07-03T11:20:40+0000,2024-07-03T11:20:40+0000,panoptic
873739084785068,2.3742762,48.86542,2024-07-03T11:20:39+0000,2024-07-03T11:20:39+0000,panoptic
873739088118401,2.3742428,48.8654,2024-07-03T11:20:40+0000,2024-07-03T11:20:40+0000,panoptic
873739091451734,2.3751256,48.865097,2024-07-03T11:20:18+0000,2024-07-03T11:20:18+0000,panoptic
873739094785067,2.374292,48.865417,2024-07-03T11:20:39+0000,2024-07-03T11:20:39+0000,panoptic
873739098118400,2.374397,48.865433,2024-07-03T11:20:40+0000,2024-07-03T11:20:40+0000,panoptic
873739104785066,2.3757854,48.865067,2024-07-03T11:20:18+0000,2024-07-03T11:20:18+0000,panoptic
873739111451732,2.374698,48.865177,2024-07-03T11:20:32+0000,2024-07-03T11:20:32+0000,panoptic
873739114785065,2.3743997,48.865433,2024-07-03T11:20:40+0000,2024-07-03T11:20:40+0000,panoptic
873739118118398,2.374702,48.86518,2024-07-03T11:20:26+0000,2024-07-03T11:20:26+0000,panoptic
873739121451731,2.374633,48.865326,2024-07-03T11:20:28+0000,2024-07-03T11:20:28+0000,panoptic
873739131451730,2.3746185,48.865326,2024-07-03T11:20:39+0000,2024-07-03T11:20:39+0000,trafficsign
873739134785063,2.3744974,48.86519,2024-07-03T11:20:32+0000,2024-07-03T11:20:32+0000,trafficsign
873739141451729,2.3745155,48.865086,2024-07-03T11:20:31+0000,2024-07-03T11:20:31+0000,trafficsign
873739148118395,2.3750553,48.865116,2024-07-03T11:20:25+0000,2024-07-03T11:20:25+0000,panoptic
873739151451728,2.3760126,48.865063,2024-07-03T11:20:10+0000,2024-07-03T11:20:10+0000,panoptic
873739158118394,2.3744962,48.86519,2024-07-03T11:20:37+0000,2024-07-03T11:20:37+0000,trafficsign
873739161451727,2.3758912,48.865044,2024-07-03T11:20:17+0000,2024-07-03T11:20:17+0000,trafficsign
873739168118393,2.3758895,48.865044,2024-07-03T11:20:13+0000,2024-07-03T11:20:13+0000,panoptic
873739171451726,2.374304,48.865406,2024-07-03T11:20:43+0000,2024-07-03T11:20:43+0000,panoptic
873739174785059,2.376011,48.865063,2024-07-03T11:20:08+0000,2024-07-03T11:20:08+0000,panoptic
873739181451725,2.3751056,48.86511,2024-07-03T11:20:17+0000,2024-07-03T11:20:17+0000,panoptic
873739188118391,2.3746195,48.865326,2024-07-03T11:20:35+0000,2024-07-03T11:20:35+0000,panoptic
873739191451724,2.3760138,48.865063,2024-07-03T11:20:15+0000,2024-07-03T11:20:15+0000,panoptic
873739194785057,2.3744972,48.86519,2024-07-03T11:20:27+0000,2024-07-03T11:20:27+0000,panoptic
873739208118389,2.374269,48.865456,2024-07-03T11:20:40+0000,2024-07-03T11:20:40+0000,panoptic
873739221451721,2.3742764,48.865444,2024-07-03T11:20:40+0000,2024-07-03T11:20:40+0000,panoptic
873739234785053,2.3738878,48.865337,2024-07-03T11:20:48+0000,2024-07-03T11:20:48+0000,panoptic
873739248118385,2.3751214,48.865284,2024-07-03T11:20:22+0000,2024-07-03T11:20:22+0000,panoptic
873739261451717,2.3752751,48.865234,2024-07-03T11:20:22+0000,2024-07-03T11:20:22+0000,panoptic
873739268118383,2.3754487,48.865303,2024-07-03T11:20:19+0000,2024-07-03T11:20:19+0000,panoptic
873739271451716,2.375256,48.865265,2024-07-03T11:20:24+0000,2024-07-03T11:20:24+0000,panoptic
873739274785049,2.3747728,48.865204,2024-07-03T11:20:28+0000,2024-07-03T11:20:28+0000,panoptic
873739278118382,2.3742476,48.8654,2024-07-03T11:20:40+0000,2024-07-03T11:20:40+0000,panoptic
873739298118380,2.3746254,48.865326,2024-07-03T11:20:35+0000,2024-07-03T11:20:35+0000,panoptic
873739301451713,2.374396,48.86543,2024-07-03T11:20:40+0000,2024-07-03T11:20:40+0000,panoptic
873739304785046,2.3757892,48.86507,2024-07-03T11:20:13+0000,2024-07-03T11:20:13+0000,panoptic
873739324785044,2.374897,48.865273,2024-07-03T11:20:23+0000,2024-07-03T11:20:23+0000,panoptic
873739334785043,2.3753934,48.865147,2024-07-03T11:20:18+0000,2024-07-03T11:20:18+0000,panoptic
314371723434066,2.375441,48.865276,2018-02-05T07:51:43+0000,2018-02-05T07:51:43+0000,trafficsign
318863472984891,2.3747168,48.865288,2018-02-05T07:52:39+0000,2024-07-03T11:20:34+0000,mvd_fast
319068432964395,2.373682,48.86559,2018-02-05T07:52:39+0000,2018-02-05T07:52:39+0000,mvd_fast
834876750454348,2.3741648,48.86552,2018-07-23T08:05:01+0000,2018-07-23T08:05:01+0000,trafficsign
834896857119004,2.374668,48.865356,2018-07-23T08:04:15+0000,2018-07-23T08:04:15+0000,trafficsign
834907417117948,2.375698,48.865097,2018-07-23T08:04:01+0000,2018-07-23T08:04:01+0000,trafficsign
835629813712375,2.3755882,48.865288,2018-07-23T08:03:59+0000,2018-07-23T08:03:59+0000,trafficsign
835635353711821,2.3742692,48.86546,2018-07-23T08:05:02+0000,2018-07-23T08:05:02+0000,trafficsign
835652420376781,2.3742766,48.86546,2018-07-23T08:05:01+0000,2018-07-23T08:05:01+0000,trafficsign
835652613710095,2.375955,48.86511,2018-07-23T08:03:57+0000,2018-07-23T08:03:57+0000,trafficsign
835744337034256,2.3749619,48.86507,2018-07-23T08:04:03+0000,2018-07-23T08:04:03+0000,trafficsign
835748060367217,2.3746676,48.865356,2018-07-23T08:04:17+0000,2018-07-23T08:04:17+0000,trafficsign
836802290261794,2.374204,48.865437,2018-07-23T08:05:01+0000,2018-07-23T08:05:01+0000,trafficsign
839791743296182,2.3741598,48.86522,2018-07-23T08:04:24+0000,2024-06-27T16:38:17+0000,mvd_fast
839838379958185,2.375505,48.865044,2018-07-23T08:03:59+0000,2024-06-27T16:27:28+0000,mvd_fast
839848256623864,2.374236,48.865093,2018-07-23T08:04:41+0000,2020-08-19T17:19:38+0000,mvd_fast
839881783287178,2.374599,48.865177,2018-07-23T08:04:24+0000,2018-07-23T08:04:24+0000,mvd_fast
839891319952891,2.3747275,48.865284,2018-07-23T08:04:24+0000,2018-07-23T08:04:24+0000,mvd_fast
839907846617905,2.374254,48.865135,2018-07-23T08:04:07+0000,2018-07-23T08:04:07+0000,mvd_fast
839909176617772,2.3749652,48.8653,2018-07-23T08:04:24+0000,2018-07-23T08:04:24+0000,mvd_fast
839912423284114,2.37423,48.865467,2018-07-23T08:05:01+0000,2024-07-03T11:20:39+0000,mvd_fast
839924143282942,2.3753636,48.86527,2018-07-23T08:04:01+0000,2024-07-03T11:20:22+0000,mvd_fast
839927239949299,2.3754237,48.865143,2018-07-23T08:04:07+0000,2018-07-23T08:04:07+0000,mvd_fast
839943219947701,2.3742716,48.86538,2018-07-23T08:05:03+0000,2024-07-03T11:20:41+0000,mvd_fast
839965499945473,2.3741114,48.86508,2018-07-23T08:04:41+0000,2018-07-23T08:04:41+0000,mvd_fast
839968266611863,2.3759232,48.86503,2018-07-23T08:03:57+0000,2018-07-23T08:03:57+0000,mvd_fast
839973986611291,2.3742652,48.86528,2018-07-23T08:05:01+0000,2018-07-23T08:05:01+0000,mvd_fast
839979876610702,2.3745198,48.86516,2018-07-23T08:04:41+0000,2018-07-23T08:04:41+0000,mvd_fast
839989109943112,2.3755713,48.86505,2018-07-23T08:04:01+0000,2020-08-19T17:21:56+0000,mvd_fast
840003776608312,2.3746393,48.86537,2018-07-23T08:05:01+0000,2018-07-23T08:05:01+0000,mvd_fast
840015299940493,2.3756087,48.86504,2018-07-23T08:03:58+0000,2018-07-23T08:03:58+0000,mvd_fast
840016106607079,2.375156,48.8652,2018-07-23T08:04:13+0000,2018-07-23T08:04:13+0000,mvd_fast
840026313272725,2.3746655,48.865437,2018-07-23T08:04:24+0000,2024-06-27T16:38:17+0000,mvd_fast
840075999934423,2.3755386,48.86506,2018-07-23T08:04:00+0000,2018-07-23T08:04:00+0000,mvd_fast
840696973205659,2.3754208,48.86511,2018-07-23T08:04:03+0000,2018-07-23T08:04:03+0000,mvd_fast
327466415394479,2.374654,48.865063,2020-08-19T17:20:31+0000,2020-08-19T17:20:31+0000,trafficsign
329127485228372,2.3747573,48.865105,2020-08-19T17:20:30+0000,2020-08-19T17:20:30+0000,mvd_fast
329143601893427,2.374476,48.86509,2020-08-19T17:20:28+0000,2020-08-19T17:20:28+0000,mvd_fast
329149278559526,2.375141,48.865284,2020-08-19T17:20:34+0000,2024-07-03T11:20:22+0000,mvd_fast
329161898558264,2.3744087,48.865112,2020-08-19T17:20:28+0000,2020-08-19T17:20:28+0000,mvd_fast
329178405223280,2.3746746,48.865135,2020-08-19T17:20:34+0000,2020-08-19T17:20:34+0000,mvd_fast
329185521889235,2.3744044,48.865112,2020-08-19T17:20:30+0000,2020-08-19T17:20:30+0000,mvd_fast
329189955222125,2.3753853,48.865185,2020-08-19T17:21:04+0000,2020-08-19T17:21:04+0000,mvd_fast
329235258550928,2.3747003,48.8653,2020-08-19T17:20:30+0000,2020-08-19T17:20:30+0000,mvd_fast
329238225217298,2.374405,48.865112,2020-08-19T17:20:28+0000,2020-08-19T17:20:28+0000,mvd_fast
329273301880457,2.3745294,48.86517,2020-08-19T17:20:34+0000,2020-08-19T17:20:34+0000,mvd_fast
329278438546610,2.3745453,48.865234,2020-08-19T17:20:30+0000,2020-08-19T17:21:29+0000,mvd_fast
329354635205657,2.3746767,48.865204,2020-08-19T17:20:30+0000,2020-08-19T17:20:30+0000,mvd_fast
155512793137456,2.3743508,48.86514,2020-08-19T17:19:38+0000,2024-07-03T11:20:28+0000,mvd_fast
155532109802191,2.374728,48.865177,2020-08-19T17:20:25+0000,2024-07-03T11:20:27+0000,mvd_fast
155601866461882,2.3745823,48.86517,2020-08-19T17:20:19+0000,2020-08-19T17:20:19+0000,mvd_fast
155690893119646,2.3748493,48.865074,2020-08-19T17:20:22+0000,2020-08-19T17:20:26+0000,mvd_fast
155696463119089,2.374727,48.865173,2020-08-19T17:20:24+0000,2024-07-03T11:20:27+0000,mvd_fast
155718489783553,2.3741317,48.865063,2020-08-19T17:19:38+0000,2020-08-19T17:19:39+0000,mvd_fast
155725746449494,2.3749075,48.865067,2020-08-19T17:19:45+0000,2024-07-03T11:20:26+0000,mvd_fast
155761789779223,2.3744283,48.865124,2020-08-19T17:19:38+0000,2020-08-19T17:20:30+0000,mvd_fast
155768209778581,2.3748298,48.86507,2020-08-19T17:19:38+0000,2020-08-19T17:19:39+0000,mvd_fast
500517679305464,2.3760312,48.865467,2024-06-27T16:27:24+0000,2024-06-27T16:27:24+0000,panoptic
500517682638797,2.3760705,48.86508,2024-06-27T16:27:36+0000,2024-06-27T16:27:36+0000,panoptic
500517689305463,2.3754082,48.865303,2024-06-27T16:27:24+0000,2024-06-27T16:27:24+0000,panoptic
500517699305462,2.37588,48.865448,2024-06-27T16:27:24+0000,2024-06-27T16:27:24+0000,panoptic
500517705972128,2.3757799,48.865322,2024-06-27T16:27:25+0000,2024-06-27T16:27:25+0000,panoptic
500517719305460,2.3755503,48.86518,2024-06-27T16:27:26+0000,2024-06-27T16:27:26+0000,panoptic
500517722638793,2.37596,48.865463,2024-06-27T16:27:26+0000,2024-06-27T16:27:26+0000,panoptic
500517732638792,2.3763585,48.86502,2024-06-27T16:27:36+0000,2024-07-03T11:20:12+0000,panoptic
500517759305456,2.3763888,48.865017,2024-06-27T16:27:37+0000,2024-06-27T16:27:37+0000,panoptic
500517765972122,2.375298,48.86507,2024-06-27T16:27:23+0000,2024-06-27T16:27:23+0000,panoptic
500517775972121,2.3760662,48.865093,2024-06-27T16:27:34+0000,2024-06-27T16:27:34+0000,panoptic
500517779305454,2.376301,48.865047,2024-06-27T16:27:40+0000,2024-06-27T16:27:40+0000,panoptic
500517789305453,2.37522,48.865246,2024-06-27T16:27:23+0000,2024-07-03T11:20:14+0000,panoptic
500517819305450,2.3749754,48.865154,2024-06-27T16:27:21+0000,2024-06-27T16:27:21+0000,panoptic
500517832638782,2.3755527,48.865185,2024-06-27T16:27:26+0000,2024-07-03T11:20:17+0000,panoptic
500517835972115,2.3755448,48.865185,2024-06-27T16:27:26+0000,2024-07-03T11:20:18+0000,panoptic
500517845972114,2.3750062,48.865044,2024-06-27T16:27:20+0000,2024-07-03T11:20:25+0000,panoptic
500517862638779,2.3752153,48.865307,2024-06-27T16:27:21+0000,2024-07-03T11:20:18+0000,panoptic
500517865972112,2.3763952,48.86509,2024-06-27T16:27:38+0000,2024-06-27T16:27:38+0000,panoptic
500517882638777,2.3757865,48.865215,2024-06-27T16:27:30+0000,2024-07-03T11:20:12+0000,panoptic
867973257261894,2.3748355,48.865128,2020-08-19T17:21:33+0000,2020-08-19T17:21:33+0000,trafficsign
868112620581291,2.3746798,48.865208,2020-08-19T17:21:32+0000,2020-08-19T17:21:32+0000,trafficsign
868181533907733,2.3747518,48.865093,2020-08-19T17:21:34+0000,2020-08-19T17:21:34+0000,trafficsign
868185447240675,2.3747456,48.86509,2020-08-19T17:21:30+0000,2020-08-19T17:21:30+0000,trafficsign
868234700569083,2.3747742,48.86513,2020-08-19T17:21:31+0000,2023-01-29T15:46:26+0000,trafficsign
868281870564366,2.3755028,48.86527,2020-08-19T17:21:42+0000,2020-08-19T17:21:42+0000,trafficsign
868416700550883,2.3749852,48.865234,2020-08-19T17:21:41+0000,2020-08-19T17:21:41+0000,trafficsign
868587110533842,2.375531,48.865273,2020-08-19T17:21:47+0000,2020-08-19T17:21:47+0000,trafficsign
869893470403206,2.375338,48.86538,2020-08-19T17:21:36+0000,2020-08-19T17:21:36+0000,mvd_fast
869911907068029,2.3756433,48.86511,2020-08-19T17:21:38+0000,2020-08-19T17:21:38+0000,mvd_fast
869913480401205,2.3756428,48.865063,2020-08-19T17:21:48+0000,2020-08-19T17:21:48+0000,mvd_fast
869915580400995,2.3749933,48.865124,2020-08-19T17:21:36+0000,2024-07-03T11:20:25+0000,mvd_fast
869931340399419,2.37563,48.865044,2020-08-19T17:22:09+0000,2020-08-19T17:22:09+0000,mvd_fast
869937233732163,2.3750422,48.865265,2020-08-19T17:21:41+0000,2020-08-19T17:21:41+0000,mvd_fast
869940997065120,2.3759916,48.86517,2020-08-19T17:22:05+0000,2024-07-03T11:20:14+0000,mvd_fast
869956960396857,2.3755088,48.865265,2020-08-19T17:21:43+0000,2024-07-03T11:20:21+0000,mvd_fast
869973737061846,2.3753004,48.865288,2020-08-19T17:21:43+0000,2024-07-03T11:20:20+0000,mvd_fast
869984793727407,2.3754976,48.865044,2020-08-19T17:21:48+0000,2024-07-03T11:20:17+0000,mvd_fast
869987200393833,2.3749123,48.86527,2020-08-19T17:21:29+0000,2024-06-27T16:39:04+0000,mvd_fast
870009327058287,2.3755245,48.86513,2020-08-19T17:21:54+0000,2020-08-19T17:21:54+0000,mvd_fast
870014007057819,2.375522,48.86513,2020-08-19T17:21:56+0000,2020-08-19T17:21:56+0000,mvd_fast
870022710390282,2.375977,48.865078,2020-08-19T17:22:01+0000,2024-06-27T16:27:32+0000,mvd_fast
870028613723025,2.374535,48.86554,2020-08-19T17:21:30+0000,2020-08-19T17:21:30+0000,mvd_fast
870053213720565,2.3756034,48.865177,2020-08-19T17:21:37+0000,2024-07-03T11:20:14+0000,mvd_fast
870068910385662,2.3757942,48.865192,2020-08-19T17:21:52+0000,2020-08-19T17:21:52+0000,mvd_fast
870084640384089,2.375268,48.86509,2020-08-19T17:21:46+0000,2024-06-27T16:27:26+0000,mvd_fast
870088990383654,2.3757315,48.86511,2020-08-19T17:21:54+0000,2024-07-03T11:20:16+0000,mvd_fast
870126290379924,2.375809,48.86512,2020-08-19T17:21:51+0000,2020-08-19T17:21:51+0000,mvd_fast
870126403713246,2.3756163,48.865047,2020-08-19T17:21:39+0000,2020-08-19T17:21:39+0000,mvd_fast
870132133712673,2.3755426,48.865215,2020-08-19T17:21:44+0000,2020-08-19T17:21:44+0000,mvd_fast
870155003710386,2.375551,48.865215,2020-08-19T17:21:41+0000,2020-08-19T17:21:41+0000,mvd_fast
870211327038087,2.3754792,48.865078,2020-08-19T17:21:41+0000,2020-08-19T17:21:41+0000,mvd_fast
870752090317344,2.3755126,48.865376,2020-08-19T17:21:40+0000,2024-06-27T16:27:24+0000,mvd_fast
1199266933829523,2.3746252,48.86976,2021-02-26T13:07:11+0000,2021-02-26T13:07:11+0000,mvd_fast
225805432677096,2.3952327,48.877567,2015-07-12T19:22:14+0000,2015-07-12T19:22:14+0000,trafficsign
580990476825631,2.3747787,48.86514,2023-01-29T15:46:19+0000,2024-07-03T11:20:23+0000,panoptic
907493480093016,2.39383,48.866394,2017-03-31T16:50:04+0000,2017-03-31T16:50:04+0000,trafficsign
917611629081201,2.3935964,48.86654,2017-03-31T16:50:33+0000,2017-03-31T16:50:33+0000,mvd_fast
917848245724206,2.393572,48.866535,2017-03-31T16:50:04+0000,2017-03-31T16:50:04+0000,mvd_fast
917885329053831,2.393729,48.866337,2017-03-31T16:50:44+0000,2017-03-31T16:50:44+0000,mvd_fast
173368874700937,2.3741555,48.874435,2021-03-12T10:23:39+0000,2021-03-12T10:23:39+0000,mvd_fast
173434418027716,2.3741605,48.874344,2021-03-12T10:23:39+0000,2021-03-12T10:23:39+0000,mvd_fast
173565744681250,2.3745153,48.874157,2021-03-12T10:23:39+0000,2021-03-12T10:23:39+0000,mvd_fast
991421711659645,2.3934767,48.86835,2017-03-31T16:53:35+0000,2017-03-31T16:53:35+0000,trafficsign
991891684945981,2.392553,48.86926,2017-03-31T16:55:10+0000,2017-03-31T16:55:10+0000,trafficsign
991982224936927,2.3933628,48.86842,2017-03-31T16:54:04+0000,2017-03-31T16:54:04+0000,trafficsign
991991128269370,2.393085,48.868694,2017-03-31T16:54:34+0000,2017-03-31T16:54:34+0000,trafficsign
992124718256011,2.39326,48.86851,2017-03-31T16:54:08+0000,2017-03-31T16:54:08+0000,trafficsign
992429361558880,2.3930395,48.868942,2017-03-31T16:53:33+0000,2017-03-31T16:53:33+0000,trafficsign
992451898223293,2.3932655,48.868546,2017-03-31T16:54:12+0000,2017-03-31T16:54:12+0000,trafficsign
992470491554767,2.3934507,48.868397,2017-03-31T16:53:33+0000,2017-03-31T16:53:33+0000,trafficsign
992588841542932,2.392344,48.86935,2017-03-31T16:55:35+0000,2017-03-31T16:55:35+0000,trafficsign
1001935653941584,2.392304,48.86952,2017-03-31T16:55:24+0000,2017-03-31T16:55:24+0000,mvd_fast
1001982070603609,2.393158,48.868603,2017-03-31T16:54:00+0000,2017-03-31T16:54:00+0000,mvd_fast
1002092297259253,2.3933294,48.86848,2017-03-31T16:53:53+0000,2017-03-31T16:53:53+0000,mvd_fast
525711291780983,2.375899,48.86514,2020-08-21T15:00:41+0000,2020-08-21T15:00:41+0000,trafficsign
527722488246530,2.3764505,48.865078,2020-08-21T15:00:46+0000,2020-08-21T15:00:46+0000,mvd_fast
306359931015775,2.3930829,48.867428,2017-03-31T16:50:37+0000,2017-03-31T16:50:37+0000,trafficsign
306815710970197,2.3926322,48.867794,2017-03-31T16:50:21+0000,2017-03-31T16:50:21+0000,trafficsign
306832994301802,2.3930864,48.867428,2017-03-31T16:50:35+0000,2017-03-31T16:50:35+0000,trafficsign
246180477144241,2.3942504,48.87746,2015-07-12T19:22:25+0000,2015-07-12T19:22:25+0000,trafficsign
246740850421537,2.393894,48.87753,2015-07-12T19:22:34+0000,2015-07-12T19:22:34+0000,trafficsign
258271412601814,2.3941483,48.87758,2015-07-12T19:22:23+0000,2015-07-12T19:22:23+0000,mvd_fast
258419129253709,2.3941755,48.877594,2015-07-12T19:22:25+0000,2015-07-12T19:22:25+0000,mvd_fast
783013985732906,2.3762567,48.865044,2018-07-23T08:03:34+0000,2018-07-23T08:03:34+0000,trafficsign
788049771895994,2.3766012,48.86505,2018-07-23T08:03:32+0000,2018-07-23T08:03:32+0000,mvd_fast
788110395223265,2.3762732,48.865185,2018-07-23T08:03:34+0000,2020-08-19T17:21:58+0000,mvd_fast
822323098678661,2.3750622,48.874023,2014-10-02T07:03:44+0000,2014-10-02T07:03:44+0000,mvd_fast
223748019204396,2.3767822,48.865253,2018-02-05T07:50:48+0000,2018-02-05T07:50:48+0000,mvd_fast
223792219199976,2.3775465,48.86567,2018-02-05T07:49:12+0000,2018-02-05T07:49:12+0000,mvd_fast
223823959196802,2.3774679,48.86566,2018-02-05T07:49:40+0000,2018-02-05T07:49:40+0000,mvd_fast
223867955859069,2.3775487,48.86567,2018-02-05T07:48:57+0000,2018-02-05T07:48:57+0000,mvd_fast
223919989187199,2.3771744,48.86556,2018-02-05T07:49:12+0000,2018-02-05T07:49:12+0000,mvd_fast
224429075802957,2.3775194,48.86566,2018-02-05T07:49:12+0000,2018-02-05T07:49:12+0000,mvd_fast
332573231600616,2.3966718,48.869213,2019-11-05T07:31:30+0000,2019-11-05T07:31:30+0000,trafficsign
332658768258729,2.3966715,48.869213,2019-11-05T07:31:31+0000,2019-11-05T07:31:31+0000,trafficsign
332672698257336,2.3963788,48.86949,2019-11-05T07:31:22+0000,2019-11-05T07:31:22+0000,trafficsign
333359248188681,2.3963802,48.869488,2019-11-05T07:31:27+0000,2019-11-05T07:31:27+0000,trafficsign
333438621514077,2.3967226,48.869312,2019-11-05T07:31:29+0000,2019-11-05T07:31:29+0000,trafficsign
333442654847007,2.3963792,48.869488,2019-11-05T07:31:23+0000,2019-11-05T07:31:23+0000,trafficsign
333556834835589,2.3962424,48.869606,2019-11-05T07:31:23+0000,2019-11-05T07:31:23+0000,trafficsign
334224258102180,2.3959413,48.87019,2019-11-05T07:31:12+0000,2019-11-05T07:31:12+0000,mvd_fast
334235174767755,2.3958642,48.87019,2019-11-05T07:31:12+0000,2019-11-05T07:31:12+0000,mvd_fast
334235651434374,2.3964057,48.869556,2019-11-05T07:31:24+0000,2019-11-05T07:31:24+0000,mvd_fast
334272741430665,2.3961382,48.870113,2019-11-05T07:31:06+0000,2019-11-05T07:31:06+0000,mvd_fast
334306344760638,2.395786,48.87002,2019-11-05T07:31:11+0000,2019-11-05T07:31:11+0000,mvd_fast
334307831427156,2.3959553,48.87019,2019-11-05T07:31:07+0000,2019-11-05T07:31:07+0000,mvd_fast
334366828087923,2.3968325,48.869247,2019-11-05T07:31:31+0000,2019-11-05T07:31:31+0000,mvd_fast
334367734754499,2.396673,48.86929,2019-11-05T07:31:28+0000,2019-11-05T07:31:28+0000,mvd_fast
334384638086142,2.3960664,48.869766,2019-11-05T07:31:21+0000,2019-11-05T07:31:21+0000,mvd_fast
334397238084882,2.3963993,48.86944,2019-11-05T07:31:27+0000,2019-11-05T07:31:27+0000,mvd_fast
334472921410647,2.396031,48.870205,2019-11-05T07:31:07+0000,2019-11-05T07:31:07+0000,mvd_fast
334491594742113,2.3961987,48.86983,2019-11-05T07:31:20+0000,2019-11-05T07:31:20+0000,mvd_fast
334508234740449,2.395795,48.87003,2019-11-05T07:31:11+0000,2019-11-05T07:31:11+0000,mvd_fast
334520844739188,2.3969095,48.86905,2019-11-05T07:31:34+0000,2019-11-05T07:31:34+0000,mvd_fast
334522244739048,2.3960211,48.870117,2019-11-05T07:31:11+0000,2019-11-05T07:31:11+0000,mvd_fast
334541974737075,2.3964324,48.87022,2019-11-05T07:31:05+0000,2019-11-05T07:31:05+0000,mvd_fast
334551464736126,2.395905,48.8702,2019-11-05T07:31:12+0000,2019-11-05T07:31:12+0000,mvd_fast
334566541401285,2.3955436,48.870045,2019-11-05T07:31:07+0000,2019-11-05T07:31:07+0000,mvd_fast
334570368067569,2.3966851,48.869247,2019-11-05T07:31:24+0000,2019-11-05T07:31:24+0000,mvd_fast
334623521395587,2.3960924,48.87022,2019-11-05T07:31:08+0000,2019-11-05T07:31:08+0000,mvd_fast
1128538497660697,2.3923218,48.868347,2017-03-31T17:17:49+0000,2017-03-31T17:17:49+0000,mvd_fast
1128804434300770,2.3923135,48.868366,2017-03-31T17:17:47+0000,2017-03-31T17:17:47+0000,mvd_fast
1129403404240873,2.3923373,48.868565,2017-03-31T17:16:03+0000,2017-03-31T17:16:03+0000,mvd_fast
248924063643349,2.39205,48.868904,2017-03-31T15:24:08+0000,2017-03-31T15:24:08+0000,trafficsign
249383186930770,2.392075,48.86884,2017-03-31T15:24:05+0000,2017-03-31T15:24:05+0000,trafficsign
249596830242739,2.3922153,48.86881,2017-03-31T15:24:00+0000,2017-03-31T15:24:00+0000,trafficsign
260665512469204,2.3921862,48.86869,2017-03-31T15:23:55+0000,2017-03-31T15:23:55+0000,mvd_fast
260718925797196,2.3923936,48.86825,2017-03-31T15:24:00+0000,2017-03-31T15:24:00+0000,mvd_fast
260719412463814,2.392103,48.8688,2017-03-31T15:24:00+0000,2017-03-31T15:24:00+0000,mvd_fast
260729385796150,2.3920157,48.869,2017-03-31T15:23:51+0000,2017-03-31T15:23:51+0000,mvd_fast
260739949128427,2.3921032,48.868805,2017-03-31T15:24:00+0000,2017-03-31T15:24:00+0000,mvd_fast
260761305792958,2.3921754,48.86867,2017-03-31T15:24:01+0000,2017-03-31T15:24:01+0000,mvd_fast
260770129125409,2.392179,48.868694,2017-03-31T15:24:08+0000,2017-03-31T15:24:08+0000,mvd_fast
260781382457617,2.392257,48.86846,2017-03-31T15:24:02+0000,2017-03-31T15:24:02+0000,mvd_fast
260788089123613,2.3920462,48.86894,2017-03-31T15:23:55+0000,2017-03-31T15:23:55+0000,mvd_fast
260826195786469,2.3920393,48.86905,2017-03-31T15:24:00+0000,2017-03-31T15:24:00+0000,mvd_fast
260878935781195,2.3920205,48.869057,2017-03-31T15:24:00+0000,2017-03-31T15:24:00+0000,mvd_fast
260895392446216,2.3921595,48.868866,2017-03-31T15:24:01+0000,2017-03-31T15:24:01+0000,mvd_fast
260956612440094,2.3922162,48.868896,2017-03-31T15:23:51+0000,2017-03-31T15:23:51+0000,mvd_fast
260957259106696,2.3922045,48.868618,2017-03-31T15:24:05+0000,2017-03-31T15:24:05+0000,mvd_fast
261025389099883,2.3920286,48.86905,2017-03-31T15:24:00+0000,2017-03-31T15:24:00+0000,mvd_fast
261672922368463,2.3920798,48.868908,2017-03-31T15:23:58+0000,2017-03-31T15:23:58+0000,mvd_fast
469583640775224,2.392909,48.869316,2017-03-31T16:55:50+0000,2017-03-31T16:55:50+0000,trafficsign
469989740734614,2.3926837,48.870667,2017-03-31T16:56:39+0000,2017-03-31T16:56:39+0000,trafficsign
470009914065930,2.3926964,48.870636,2017-03-31T16:56:39+0000,2017-03-31T16:56:39+0000,trafficsign
470141630719425,2.3926294,48.87048,2017-03-31T16:56:32+0000,2017-03-31T16:56:32+0000,trafficsign
470174667382788,2.3926454,48.87055,2017-03-31T16:56:32+0000,2017-03-31T16:56:32+0000,trafficsign
478511956549059,2.3929124,48.869354,2017-03-31T16:55:47+0000,2017-03-31T16:55:47+0000,mvd_fast
478550643211857,2.392344,48.870243,2017-03-31T16:56:32+0000,2017-03-31T16:56:32+0000,mvd_fast
478608349872753,2.3927534,48.868668,2017-03-31T16:55:43+0000,2017-03-31T16:55:43+0000,mvd_fast
478608563206065,2.3924572,48.869953,2017-03-31T16:56:12+0000,2017-03-31T16:56:12+0000,mvd_fast
478609459872642,2.3929536,48.86908,2017-03-31T16:55:43+0000,2017-03-31T16:55:43+0000,mvd_fast
478638423203079,2.3926647,48.868652,2017-03-31T16:55:43+0000,2017-03-31T16:55:43+0000,mvd_fast
478651536535101,2.3926692,48.868984,2017-03-31T16:55:56+0000,2017-03-31T16:55:56+0000,mvd_fast
478683313198590,2.3923688,48.8699,2017-03-31T16:56:10+0000,2017-03-31T16:56:10+0000,mvd_fast
478711343195787,2.3928394,48.87066,2017-03-31T16:56:41+0000,2017-03-31T16:56:41+0000,mvd_fast
478743976525857,2.3927176,48.86884,2017-03-31T16:55:49+0000,2017-03-31T16:55:49+0000,mvd_fast
478933886506866,2.3923998,48.87055,2017-03-31T16:56:41+0000,2017-03-31T16:56:41+0000,mvd_fast
231885485404252,2.39194,48.869278,2017-03-31T17:14:01+0000,2017-03-31T17:14:01+0000,trafficsign
232044798721654,2.391914,48.869274,2017-03-31T17:14:01+0000,2017-03-31T17:14:01+0000,trafficsign
232721461987321,2.3919096,48.869263,2017-03-31T17:14:01+0000,2017-03-31T17:14:01+0000,trafficsign
235402241719243,2.3919153,48.86927,2017-03-31T17:14:01+0000,2017-03-31T17:14:01+0000,trafficsign
243096747616459,2.392081,48.869324,2017-03-31T17:12:52+0000,2017-03-31T17:12:52+0000,mvd_fast
243150024277798,2.3919888,48.869205,2017-03-31T17:14:01+0000,2017-03-31T17:14:01+0000,mvd_fast
243158597610274,2.3920856,48.86932,2017-03-31T17:13:16+0000,2017-03-31T17:13:16+0000,mvd_fast
243282264264574,2.392028,48.86908,2017-03-31T17:13:22+0000,2017-03-31T17:13:22+0000,mvd_fast
243290200930447,2.3921092,48.868835,2017-03-31T17:12:20+0000,2017-03-31T17:12:20+0000,mvd_fast
243310674261733,2.3919988,48.869125,2017-03-31T17:12:45+0000,2017-03-31T17:12:45+0000,mvd_fast
298507351736043,2.3922057,48.868507,2017-03-31T17:09:51+0000,2017-03-31T17:09:51+0000,mvd_fast
317141629981387,2.3817298,48.8732,2021-01-06T10:57:43+0000,2021-01-06T10:57:43+0000,trafficsign
317186223310261,2.3816926,48.873177,2021-01-06T10:57:43+0000,2021-01-06T10:57:43+0000,trafficsign
513557116323003,2.392938,48.87742,2015-07-13T10:38:20+0000,2015-07-13T10:38:20+0000,trafficsign
1707885619408474,2.3924513,48.86914,2017-03-31T16:36:32+0000,2017-03-31T16:36:32+0000,mvd_fast
1707985972731772,2.3923063,48.869053,2017-03-31T16:36:32+0000,2017-03-31T16:36:32+0000,mvd_fast
1708184939378542,2.392488,48.869514,2017-03-31T16:36:41+0000,2017-03-31T16:36:41+0000,mvd_fast
2864821823782583,2.3931422,48.86931,2017-03-31T16:38:23+0000,2017-03-31T16:38:23+0000,mvd_fast
2864866717111427,2.392593,48.869232,2017-03-31T16:37:54+0000,2017-03-31T16:37:54+0000,mvd_fast
2864926787105420,2.3930585,48.869347,2017-03-31T16:38:14+0000,2017-03-31T16:38:14+0000,mvd_fast
2864941323770633,2.3926327,48.86926,2017-03-31T16:37:54+0000,2017-03-31T16:37:54+0000,mvd_fast
2865172880414144,2.3932705,48.869312,2017-03-31T16:38:33+0000,2017-03-31T16:38:33+0000,mvd_fast
2865193020412130,2.3924503,48.869083,2017-03-31T16:37:49+0000,2017-03-31T16:37:49+0000,mvd_fast
819913350087616,2.37766,48.86505,2024-06-27T16:28:01+0000,2024-06-27T16:28:01+0000,panoptic
778955619486404,2.3930657,48.86957,2017-03-31T16:38:55+0000,2017-03-31T16:38:55+0000,mvd_fast
779030846145548,2.393142,48.869423,2017-03-31T16:38:51+0000,2017-03-31T16:38:51+0000,mvd_fast
281777950265049,2.3904276,48.868954,2017-03-31T15:21:45+0000,2017-03-31T15:21:45+0000,trafficsign
282209803555197,2.3906631,48.86902,2017-03-31T15:21:42+0000,2017-03-31T15:21:42+0000,trafficsign
282428723533305,2.390777,48.869167,2017-03-31T15:22:15+0000,2017-03-31T15:22:15+0000,trafficsign
282468753529302,2.3896255,48.868893,2017-03-31T15:21:05+0000,2017-03-31T15:21:05+0000,trafficsign
282700696839441,2.3911214,48.869144,2017-03-31T15:22:28+0000,2017-03-31T15:22:28+0000,trafficsign
292627195846791,2.3918436,48.869434,2017-03-31T15:22:46+0000,2017-03-31T15:22:46+0000,mvd_fast
292660959176748,2.3908465,48.869175,2017-03-31T15:22:12+0000,2017-03-31T15:22:12+0000,mvd_fast
292664899176354,2.3907273,48.869137,2017-03-31T15:22:09+0000,2017-03-31T15:22:09+0000,mvd_fast
292670442509133,2.3918922,48.869366,2017-03-31T15:22:34+0000,2017-03-31T15:22:34+0000,mvd_fast
292674799175364,2.3918753,48.869415,2017-03-31T15:23:09+0000,2017-03-31T15:23:09+0000,mvd_fast
292676295841881,2.3916204,48.86932,2017-03-31T15:22:49+0000,2017-03-31T15:22:49+0000,mvd_fast
292678335841677,2.3905642,48.868973,2017-03-31T15:22:09+0000,2017-03-31T15:22:09+0000,mvd_fast
292695669173277,2.3912306,48.86929,2017-03-31T15:22:26+0000,2017-03-31T15:22:26+0000,mvd_fast
292697465839764,2.3908045,48.869167,2017-03-31T15:22:12+0000,2017-03-31T15:22:12+0000,mvd_fast
292701645839346,2.3904517,48.868946,2017-03-31T15:22:05+0000,2017-03-31T15:22:05+0000,mvd_fast
292710949171749,2.3899095,48.868767,2017-03-31T15:21:19+0000,2017-03-31T15:21:19+0000,mvd_fast
292726849170159,2.3899534,48.868824,2017-03-31T15:21:23+0000,2017-03-31T15:21:23+0000,mvd_fast
292735599169284,2.3913214,48.869267,2017-03-31T15:22:46+0000,2017-03-31T15:22:46+0000,mvd_fast
292736032502574,2.3907304,48.86918,2017-03-31T15:21:40+0000,2017-03-31T15:21:40+0000,mvd_fast
292742045835306,2.3910124,48.86923,2017-03-31T15:22:26+0000,2017-03-31T15:22:26+0000,mvd_fast
292752019167642,2.3923795,48.86945,2017-03-31T15:23:23+0000,2017-03-31T15:23:23+0000,mvd_fast
292752952500882,2.391108,48.86926,2017-03-31T15:22:12+0000,2017-03-31T15:22:12+0000,mvd_fast
292756279167216,2.3921762,48.869267,2017-03-31T15:23:20+0000,2017-03-31T15:23:20+0000,mvd_fast
292758569166987,2.391615,48.86926,2017-03-31T15:22:17+0000,2017-03-31T15:22:17+0000,mvd_fast
292770262499151,2.3907874,48.86904,2017-03-31T15:22:12+0000,2017-03-31T15:22:12+0000,mvd_fast
292776219165222,2.3923843,48.869556,2017-03-31T15:23:23+0000,2017-03-31T15:23:23+0000,mvd_fast
292784582497719,2.3916383,48.869347,2017-03-31T15:22:42+0000,2017-03-31T15:22:42+0000,mvd_fast
292797585829752,2.391051,48.869232,2017-03-31T15:22:09+0000,2017-03-31T15:22:09+0000,mvd_fast
292821779160666,2.3919575,48.86933,2017-03-31T15:23:15+0000,2017-03-31T15:23:15+0000,mvd_fast
292826149160229,2.3916495,48.86929,2017-03-31T15:23:02+0000,2017-03-31T15:23:02+0000,mvd_fast
292826325826878,2.3901193,48.86895,2017-03-31T15:21:21+0000,2017-03-31T15:21:21+0000,mvd_fast
292833472492830,2.3919392,48.869328,2017-03-31T15:23:02+0000,2017-03-31T15:23:02+0000,mvd_fast
292858815823629,2.390638,48.86899,2017-03-31T15:21:48+0000,2017-03-31T15:21:48+0000,mvd_fast
292867589156085,2.3907201,48.869144,2017-03-31T15:22:09+0000,2017-03-31T15:22:09+0000,mvd_fast
293610312415146,2.3915522,48.86925,2017-03-31T15:22:52+0000,2017-03-31T15:22:52+0000,mvd_fast
293616355747875,2.3921058,48.869343,2017-03-31T15:23:06+0000,2017-03-31T15:23:06+0000,mvd_fast
293626442413533,2.3917418,48.86931,2017-03-31T15:23:15+0000,2017-03-31T15:23:15+0000,mvd_fast
839673829966528,2.392591,48.869194,2017-03-31T16:35:35+0000,2017-03-31T16:35:35+0000,mvd_fast
554492628869939,2.3757823,48.867565,2015-07-13T10:53:35+0000,2015-07-13T10:53:35+0000,trafficsign
554529728866229,2.3783236,48.867905,2015-07-13T10:53:00+0000,2015-07-13T10:53:00+0000,trafficsign
563685141284021,2.3762598,48.86757,2015-07-13T10:53:15+0000,2015-07-13T10:53:15+0000,mvd_fast
563731087946093,2.3755941,48.867542,2015-07-13T10:53:33+0000,2015-07-13T10:53:33+0000,mvd_fast
563853614600507,2.3762348,48.86757,2015-07-13T10:53:24+0000,2015-07-13T10:53:24+0000,mvd_fast
1859693947535294,2.391747,48.869507,2017-03-31T16:56:57+0000,2017-03-31T16:56:57+0000,mvd_fast
1067011680496443,2.3968303,48.870274,2019-11-05T07:30:35+0000,2019-11-05T07:30:35+0000,mvd_fast
1067051387159139,2.3967035,48.870167,2019-11-05T07:30:25+0000,2019-11-05T07:30:25+0000,mvd_fast
1067056763825268,2.3969915,48.87027,2019-11-05T07:30:19+0000,2019-11-05T07:30:19+0000,mvd_fast
1067059240491687,2.396489,48.870148,2019-11-05T07:30:38+0000,2019-11-05T07:30:38+0000,mvd_fast
1067083220489289,2.396906,48.870266,2019-11-05T07:30:24+0000,2019-11-05T07:30:24+0000,mvd_fast
1067096787154599,2.3968306,48.870277,2019-11-05T07:30:33+0000,2019-11-05T07:30:33+0000,mvd_fast
1067097603821184,2.3967469,48.870262,2019-11-05T07:30:37+0000,2019-11-05T07:30:37+0000,mvd_fast
1067132953817649,2.3969338,48.870167,2019-11-05T07:30:23+0000,2019-11-05T07:30:23+0000,mvd_fast
1067168997147378,2.396451,48.87009,2019-11-05T07:30:38+0000,2019-11-05T07:30:38+0000,mvd_fast
1067197090477902,2.3969898,48.8703,2019-11-05T07:30:25+0000,2019-11-05T07:30:25+0000,mvd_fast
1067295043801440,2.396386,48.870132,2019-11-05T07:30:38+0000,2019-11-05T07:30:38+0000,mvd_fast
217051346894670,2.3887908,48.86844,2017-03-31T15:20:32+0000,2017-03-31T15:20:32+0000,trafficsign
217163633550108,2.3894937,48.868748,2017-03-31T15:20:48+0000,2017-03-31T15:20:48+0000,trafficsign
217504143516057,2.3890336,48.868538,2017-03-31T15:20:30+0000,2017-03-31T15:20:30+0000,trafficsign
217538016846003,2.3894682,48.868748,2017-03-31T15:20:48+0000,2017-03-31T15:20:48+0000,trafficsign
217551540177984,2.3894846,48.868748,2017-03-31T15:20:48+0000,2017-03-31T15:20:48+0000,trafficsign
217554586844346,2.3884256,48.868355,2017-03-31T15:20:15+0000,2017-03-31T15:20:15+0000,trafficsign
217616840171454,2.3884594,48.868332,2017-03-31T15:20:15+0000,2017-03-31T15:20:15+0000,trafficsign
217671576832647,2.3896897,48.86875,2017-03-31T15:20:55+0000,2017-03-31T15:20:55+0000,trafficsign
217715550161583,2.3893373,48.868645,2017-03-31T15:20:55+0000,2017-03-31T15:20:55+0000,trafficsign
217827893483682,2.3888993,48.868385,2017-03-31T15:20:21+0000,2017-03-31T15:20:21+0000,trafficsign
217856550147483,2.3884592,48.868332,2017-03-31T15:20:21+0000,2017-03-31T15:20:21+0000,trafficsign
227179105881894,2.389934,48.868958,2017-03-31T15:20:51+0000,2017-03-31T15:20:51+0000,mvd_fast
227205152545956,2.3893497,48.86854,2017-03-31T15:20:15+0000,2017-03-31T15:20:15+0000,mvd_fast
227219562544515,2.3900933,48.869064,2017-03-31T15:21:05+0000,2017-03-31T15:21:05+0000,mvd_fast
227282369204901,2.3887432,48.868576,2017-03-31T15:20:15+0000,2017-03-31T15:20:15+0000,mvd_fast
227290805870724,2.3895805,48.868683,2017-03-31T15:21:08+0000,2017-03-31T15:21:08+0000,mvd_fast
227290915870713,2.389148,48.868713,2017-03-31T15:20:44+0000,2017-03-31T15:20:44+0000,mvd_fast
227296929203445,2.3894176,48.868736,2017-03-31T15:20:48+0000,2017-03-31T15:20:48+0000,mvd_fast
227305769202561,2.3890479,48.868443,2017-03-31T15:20:37+0000,2017-03-31T15:20:37+0000,mvd_fast
227309155868889,2.3889418,48.868656,2017-03-31T15:20:21+0000,2017-03-31T15:20:21+0000,mvd_fast
227322035867601,2.3893425,48.868645,2017-03-31T15:20:51+0000,2017-03-31T15:20:51+0000,mvd_fast
227327139200424,2.3891413,48.868732,2017-03-31T15:20:37+0000,2017-03-31T15:20:37+0000,mvd_fast
227328699200268,2.3884065,48.868332,2017-03-31T15:20:15+0000,2017-03-31T15:20:15+0000,mvd_fast
227347062531765,2.3900046,48.868954,2017-03-31T15:20:51+0000,2017-03-31T15:20:51+0000,mvd_fast
227361319197006,2.389679,48.868687,2017-03-31T15:21:09+0000,2017-03-31T15:21:09+0000,mvd_fast
227380559195082,2.3892803,48.868607,2017-03-31T15:20:41+0000,2017-03-31T15:20:41+0000,mvd_fast
227386835861121,2.3892856,48.868572,2017-03-31T15:20:15+0000,2017-03-31T15:20:15+0000,mvd_fast
227391835860621,2.3896382,48.86866,2017-03-31T15:21:04+0000,2017-03-31T15:21:04+0000,mvd_fast
227424349190703,2.3895097,48.86878,2017-03-31T15:21:00+0000,2017-03-31T15:21:00+0000,mvd_fast
227439149189223,2.3890586,48.86854,2017-03-31T15:20:32+0000,2017-03-31T15:20:32+0000,mvd_fast
227444992521972,2.3888824,48.868492,2017-03-31T15:20:30+0000,2017-03-31T15:20:30+0000,mvd_fast
227493222517149,2.3896034,48.86893,2017-03-31T15:20:55+0000,2017-03-31T15:20:55+0000,mvd_fast
227521389180999,2.3887725,48.86841,2017-03-31T15:20:15+0000,2017-03-31T15:20:15+0000,mvd_fast
227537239179414,2.3889115,48.868546,2017-03-31T15:20:37+0000,2017-03-31T15:20:37+0000,mvd_fast
228135335786271,2.3891053,48.868565,2017-03-31T15:20:47+0000,2017-03-31T15:20:47+0000,mvd_fast
228165449116593,2.3897018,48.868774,2017-03-31T15:21:00+0000,2017-03-31T15:21:00+0000,mvd_fast
228216685778136,2.389512,48.86887,2017-03-31T15:20:47+0000,2017-03-31T15:20:47+0000,mvd_fast
1028404991023432,2.392382,48.876633,2015-07-13T10:38:38+0000,2015-07-13T10:38:38+0000,trafficsign
1028988164298448,2.3921974,48.87616,2015-07-13T10:38:49+0000,2015-07-13T10:38:49+0000,trafficsign
1038718779992053,2.3922641,48.87538,2015-07-13T10:38:56+0000,2015-07-13T10:38:56+0000,mvd_fast
170164275021286,2.3784308,48.867188,2018-02-11T13:23:31+0000,2018-02-11T13:23:31+0000,trafficsign
170210745016639,2.3783946,48.86724,2018-02-11T13:23:31+0000,2018-02-11T13:23:31+0000,trafficsign
175322881172092,2.3786836,48.86682,2018-02-11T13:23:10+0000,2018-02-11T13:23:10+0000,mvd_fast
175365347834512,2.3790996,48.866375,2018-02-11T13:22:34+0000,2018-02-11T13:22:34+0000,mvd_fast
175422721162108,2.3787315,48.866787,2018-02-11T13:23:00+0000,2018-02-11T13:23:00+0000,mvd_fast
175467614490952,2.3790467,48.86642,2018-02-11T13:22:37+0000,2018-02-11T13:22:37+0000,mvd_fast
502830067762118,2.3898427,48.87691,2015-07-14T19:00:10+0000,2015-07-14T19:00:10+0000,trafficsign
503145357730589,2.38959,48.876987,2015-07-14T19:00:35+0000,2015-07-14T19:00:35+0000,trafficsign
503230374388754,2.38973,48.876945,2015-07-14T19:00:10+0000,2015-07-14T19:00:10+0000,trafficsign
512709023440889,2.3899326,48.876873,2015-07-14T19:00:12+0000,2015-07-14T19:00:12+0000,mvd_fast
512721540106304,2.3895524,48.876972,2015-07-14T19:00:10+0000,2015-07-14T19:00:10+0000,mvd_fast
512729873438804,2.3896208,48.876987,2015-07-14T19:00:28+0000,2015-07-14T19:00:28+0000,mvd_fast
512737423438049,2.3894417,48.877026,2015-07-14T19:00:28+0000,2015-07-14T19:00:28+0000,mvd_fast
512744440104014,2.3894093,48.877056,2015-07-14T19:00:10+0000,2015-07-14T19:00:10+0000,mvd_fast
512751693436622,2.3896587,48.876926,2015-07-14T19:00:12+0000,2015-07-14T19:00:12+0000,mvd_fast
512770240101434,2.389796,48.876884,2015-07-14T19:00:14+0000,2015-07-14T19:00:14+0000,mvd_fast
512770873434704,2.3898087,48.876923,2015-07-14T19:00:14+0000,2015-07-14T19:00:14+0000,mvd_fast
512810983430693,2.389579,48.87699,2015-07-14T19:00:10+0000,2015-07-14T19:00:10+0000,mvd_fast
512833260095132,2.3896983,48.87696,2015-07-14T19:00:19+0000,2015-07-14T19:00:19+0000,mvd_fast
512834636761661,2.3893018,48.876915,2015-07-14T19:00:19+0000,2015-07-14T19:00:19+0000,mvd_fast
512838640094594,2.3895965,48.876995,2015-07-14T19:00:28+0000,2015-07-14T19:00:28+0000,mvd_fast
512845660093892,2.3896904,48.876938,2015-07-14T19:00:23+0000,2015-07-14T19:00:23+0000,mvd_fast
512850306760094,2.389687,48.87697,2015-07-14T19:00:19+0000,2015-07-14T19:00:19+0000,mvd_fast
512864316758693,2.3896816,48.87693,2015-07-14T19:00:12+0000,2015-07-14T19:00:12+0000,mvd_fast
512881023423689,2.389658,48.876965,2015-07-14T19:00:10+0000,2015-07-14T19:00:10+0000,mvd_fast
512894273422364,2.3894951,48.876995,2015-07-14T19:00:19+0000,2015-07-14T19:00:19+0000,mvd_fast
512950556750069,2.3897307,48.876953,2015-07-14T19:00:14+0000,2015-07-14T19:00:14+0000,mvd_fast
513568993354892,2.389635,48.876957,2015-07-14T19:00:21+0000,2015-07-14T19:00:21+0000,mvd_fast
513601446684980,2.3896387,48.877075,2015-07-14T19:00:10+0000,2015-07-14T19:00:10+0000,mvd_fast
513621913349600,2.3897781,48.876892,2015-07-14T19:00:19+0000,2015-07-14T19:00:19+0000,mvd_fast
513674283344363,2.3896441,48.876938,2015-07-14T19:00:21+0000,2015-07-14T19:00:21+0000,mvd_fast
483400389439420,2.3895438,48.877983,2015-07-14T19:03:04+0000,2015-07-14T19:03:04+0000,mvd_fast
188050263078400,2.3769355,48.87277,2021-02-26T12:32:04+0000,2021-02-26T12:32:04+0000,trafficsign
530972504976915,2.3799176,48.86864,2015-07-13T10:52:35+0000,2015-07-13T10:52:35+0000,trafficsign
531451348262364,2.378877,48.868065,2015-07-13T10:52:51+0000,2015-07-13T10:52:51+0000,trafficsign
531453061595526,2.3799992,48.86877,2015-07-13T10:52:33+0000,2015-07-13T10:52:33+0000,trafficsign
531652851575547,2.3781416,48.8679,2015-07-13T10:52:57+0000,2015-07-13T10:52:57+0000,trafficsign
541265193947646,2.3799472,48.868767,2015-07-13T10:52:28+0000,2015-07-13T10:52:28+0000,mvd_fast
541278277279671,2.3797858,48.868664,2015-07-13T10:52:31+0000,2015-07-13T10:52:31+0000,mvd_fast
541327850608047,2.378737,48.867947,2015-07-13T10:52:51+0000,2015-07-13T10:52:51+0000,mvd_fast
541405840600248,2.3787203,48.86795,2015-07-13T10:52:51+0000,2015-07-13T10:52:51+0000,mvd_fast
541520213922144,2.3789928,48.868053,2015-07-13T10:52:46+0000,2015-07-13T10:52:46+0000,mvd_fast
1959130947573148,2.3893297,48.87692,2015-07-14T19:01:06+0000,2015-07-14T19:01:06+0000,trafficsign
1959155764237333,2.3890526,48.877014,2015-07-14T19:01:15+0000,2015-07-14T19:01:15+0000,trafficsign
1959243097561933,2.3891838,48.877026,2015-07-14T19:01:06+0000,2015-07-14T19:01:06+0000,trafficsign
1972017162951193,2.3892722,48.876987,2015-07-14T19:01:12+0000,2015-07-14T19:01:12+0000,mvd_fast
1972041556282087,2.3891935,48.876972,2015-07-14T19:01:08+0000,2015-07-14T19:01:08+0000,mvd_fast
1972064469613129,2.389109,48.876976,2015-07-14T19:01:06+0000,2015-07-14T19:01:06+0000,mvd_fast
1972091686277074,2.3892658,48.87692,2015-07-14T19:01:06+0000,2015-07-14T19:01:06+0000,mvd_fast
1972163992936510,2.3892937,48.876915,2015-07-14T19:01:06+0000,2015-07-14T19:01:06+0000,mvd_fast
1972172686268974,2.389279,48.876972,2015-07-14T19:01:06+0000,2015-07-14T19:01:06+0000,mvd_fast
1972181076268135,2.3892384,48.876934,2015-07-14T19:01:06+0000,2015-07-14T19:01:06+0000,mvd_fast
1972184266267816,2.388951,48.877033,2015-07-14T19:01:06+0000,2015-07-14T19:01:06+0000,mvd_fast
1972241392928770,2.3891122,48.876972,2015-07-14T19:01:06+0000,2015-07-14T19:01:06+0000,mvd_fast
1972244489595127,2.3891933,48.877,2015-07-14T19:01:06+0000,2015-07-14T19:01:06+0000,mvd_fast
1972282556257987,2.3893263,48.87692,2015-07-14T19:01:06+0000,2015-07-14T19:01:06+0000,mvd_fast
1972307379588838,2.3893101,48.87693,2015-07-14T19:01:06+0000,2015-07-14T19:01:06+0000,mvd_fast
1972311242921785,2.3892574,48.87706,2015-07-14T19:01:10+0000,2015-07-14T19:01:10+0000,mvd_fast
1972362959583280,2.3891993,48.87701,2015-07-14T19:01:06+0000,2015-07-14T19:01:06+0000,mvd_fast
1972400886246154,2.3892267,48.87699,2015-07-14T19:01:12+0000,2015-07-14T19:01:12+0000,mvd_fast
1972449922907917,2.389163,48.87701,2015-07-14T19:01:15+0000,2015-07-14T19:01:15+0000,mvd_fast
269107358233108,2.3759735,48.872726,2016-03-15T08:27:48+0000,2016-03-15T08:27:48+0000,trafficsign
564096254572382,2.3893044,48.876747,2015-07-14T19:00:57+0000,2015-07-14T19:00:57+0000,trafficsign
745593812773755,2.3827894,48.867268,2020-11-11T18:27:27+0000,2020-11-11T18:27:27+0000,trafficsign
745642819435521,2.3827908,48.86699,2020-11-11T18:27:31+0000,2020-11-11T18:27:31+0000,trafficsign
745809526085517,2.381799,48.868004,2020-11-11T18:27:12+0000,2020-11-11T18:27:12+0000,trafficsign
531373374549282,2.3826103,48.867626,2016-03-14T16:59:07+0000,2016-03-14T16:59:07+0000,trafficsign
298429805209138,2.3858619,48.8742,2015-07-13T10:41:02+0000,2015-07-13T10:41:02+0000,trafficsign
298722085179910,2.3870375,48.874702,2015-07-13T10:40:44+0000,2015-07-13T10:40:44+0000,trafficsign
299115651807220,2.387393,48.87471,2015-07-13T10:40:44+0000,2015-07-13T10:40:44+0000,trafficsign
308603244191794,2.384422,48.87372,2015-07-13T10:41:28+0000,2015-07-13T10:41:28+0000,mvd_fast
308672230851562,2.384775,48.87368,2015-07-13T10:41:24+0000,2015-07-13T10:41:24+0000,mvd_fast
308686067516845,2.3857837,48.874165,2015-07-13T10:40:57+0000,2015-07-13T10:40:57+0000,mvd_fast
308702627515189,2.3853729,48.87383,2015-07-13T10:41:02+0000,2015-07-13T10:41:02+0000,mvd_fast
308716847513767,2.3855233,48.874073,2015-07-13T10:41:04+0000,2015-07-13T10:41:04+0000,mvd_fast
308733870845398,2.3858137,48.874073,2015-07-13T10:40:57+0000,2015-07-13T10:40:57+0000,mvd_fast
308754337510018,2.38564,48.874126,2015-07-13T10:41:06+0000,2015-07-13T10:41:06+0000,mvd_fast
308783337507118,2.3856134,48.87411,2015-07-13T10:41:04+0000,2015-07-13T10:41:04+0000,mvd_fast
308835790835206,2.3845532,48.873627,2015-07-13T10:41:17+0000,2015-07-13T10:41:17+0000,mvd_fast
1242359236211352,2.3824975,48.868034,2016-03-14T16:59:05+0000,2016-03-14T16:59:05+0000,trafficsign
1242824706164805,2.3816483,48.86822,2016-03-14T16:59:21+0000,2016-03-14T16:59:21+0000,trafficsign
1246214435825832,2.3821795,48.86779,2016-03-14T16:59:10+0000,2016-03-14T16:59:10+0000,trafficsign
203449924738829,2.3796945,48.869602,2016-03-15T08:29:42+0000,2016-03-15T08:29:42+0000,trafficsign
211712020579286,2.3798583,48.86933,2016-03-15T08:29:42+0000,2016-03-15T08:29:42+0000,mvd_fast
211792600571228,2.3796496,48.8694,2016-03-15T08:29:42+0000,2016-03-15T08:29:42+0000,mvd_fast
211801207237034,2.380006,48.869213,2016-03-15T08:29:50+0000,2016-03-15T08:29:50+0000,mvd_fast
211855200564968,2.3804512,48.86898,2016-03-15T08:29:52+0000,2016-03-15T08:29:52+0000,mvd_fast
212456827171472,2.3799515,48.869274,2016-03-15T08:29:44+0000,2016-03-15T08:29:44+0000,mvd_fast
494068658675308,2.3798337,48.869278,2016-03-14T17:00:01+0000,2016-03-14T17:00:01+0000,mvd_fast
166198198775031,2.380872,48.868916,2015-07-13T10:52:02+0000,2016-03-14T16:59:37+0000,mvd_fast
461657795087759,2.380775,48.86923,2015-07-13T10:51:56+0000,2015-07-13T10:51:56+0000,trafficsign
470400270880178,2.38079,48.869415,2015-07-13T10:51:53+0000,2015-07-13T10:51:53+0000,mvd_fast
470453304208208,2.3807337,48.86922,2015-07-13T10:51:53+0000,2015-07-13T10:51:53+0000,mvd_fast
852316862028048,2.3805668,48.86911,2016-03-14T16:59:47+0000,2016-03-14T16:59:47+0000,trafficsign
852410682018666,2.3806157,48.86898,2016-03-14T16:59:39+0000,2016-03-14T16:59:39+0000,trafficsign
852513048675096,2.3805807,48.869152,2016-03-14T16:59:47+0000,2016-03-14T16:59:47+0000,trafficsign
862177671041967,2.3809388,48.868896,2016-03-14T16:59:37+0000,2016-03-14T16:59:37+0000,mvd_fast
530832774574822,2.3764272,48.870274,2021-02-26T13:07:39+0000,2021-02-26T13:07:39+0000,trafficsign
530861661238600,2.376593,48.870216,2021-02-26T13:07:39+0000,2021-02-26T13:07:39+0000,trafficsign
532179124440187,2.3763258,48.870216,2021-02-26T13:07:39+0000,2021-02-26T13:07:39+0000,mvd_fast
824367981499682,2.3802648,48.869404,2016-03-14T16:59:53+0000,2016-03-14T16:59:53+0000,trafficsign
305713094410992,2.3793263,48.870113,2016-03-14T17:00:07+0000,2016-03-14T17:00:07+0000,trafficsign
308793647436270,2.3794494,48.87,2016-03-14T17:00:03+0000,2016-03-14T17:00:03+0000,trafficsign
315425673439734,2.3787339,48.8703,2016-03-14T17:00:11+0000,2016-03-14T17:00:11+0000,mvd_fast
214494426810046,2.379224,48.870014,2016-03-14T17:00:05+0000,2016-03-14T17:00:05+0000,trafficsign
214925920100230,2.3791025,48.87,2016-03-15T08:29:34+0000,2016-03-15T08:29:34+0000,trafficsign
214996560093166,2.3783,48.87066,2016-03-15T08:28:34+0000,2016-03-15T08:28:34+0000,trafficsign
222554612670694,2.3790104,48.87,2016-03-15T08:29:32+0000,2016-03-15T08:29:32+0000,mvd_fast
222613672664788,2.37869,48.87048,2016-03-15T08:29:12+0000,2016-03-15T08:29:12+0000,mvd_fast
222616035997885,2.3790286,48.870125,2016-03-15T08:29:26+0000,2016-03-15T08:29:26+0000,mvd_fast
222628425996646,2.3786767,48.870358,2016-03-15T08:29:10+0000,2016-03-15T08:29:10+0000,mvd_fast
222648585994630,2.3785431,48.87049,2016-03-15T08:29:14+0000,2016-03-15T08:29:14+0000,mvd_fast
222667839326038,2.3789237,48.8701,2016-03-15T08:29:22+0000,2016-03-15T08:29:22+0000,mvd_fast
222720482654107,2.3788056,48.87022,2016-03-15T08:29:16+0000,2016-03-15T08:29:16+0000,mvd_fast
780937972824053,2.377731,48.87115,2016-03-15T08:28:24+0000,2016-03-15T08:28:24+0000,trafficsign
781009319483585,2.3765247,48.872395,2016-03-15T08:27:56+0000,2016-03-15T08:27:56+0000,trafficsign
781019816149202,2.3770585,48.87158,2016-03-15T08:28:16+0000,2016-03-15T08:28:16+0000,trafficsign
781031046148079,2.3773754,48.871513,2016-03-15T08:28:20+0000,2016-03-15T08:28:20+0000,trafficsign
789913325259851,2.3770123,48.87201,2016-03-15T08:28:06+0000,2016-03-15T08:28:06+0000,mvd_fast
789946381923212,2.3763509,48.8724,2016-03-15T08:27:52+0000,2016-03-15T08:27:52+0000,mvd_fast
790006525250531,2.378155,48.87075,2016-03-15T08:28:28+0000,2016-03-15T08:28:28+0000,mvd_fast
790028098581707,2.3764465,48.872288,2016-03-15T08:27:56+0000,2016-03-15T08:27:56+0000,mvd_fast
790071498577367,2.3761473,48.872665,2016-03-15T08:27:52+0000,2016-03-15T08:27:52+0000,mvd_fast
790101021907748,2.377112,48.87183,2016-03-15T08:28:02+0000,2016-03-15T08:28:02+0000,mvd_fast
790117558572761,2.3781562,48.870773,2016-03-15T08:28:28+0000,2016-03-15T08:28:28+0000,mvd_fast
790121528572364,2.3779917,48.87088,2016-03-15T08:28:28+0000,2016-03-15T08:28:28+0000,mvd_fast
790141085237075,2.3769212,48.872097,2016-03-15T08:28:06+0000,2016-03-15T08:28:06+0000,mvd_fast
790899931827857,2.376783,48.87205,2016-03-15T08:28:06+0000,2016-03-15T08:28:06+0000,mvd_fast
300364511665306,2.376819,48.871647,2021-02-26T13:08:39+0000,2021-02-26T13:08:39+0000,trafficsign
216756029896273,2.3771513,48.87181,2016-03-14T17:00:39+0000,2016-03-14T17:00:39+0000,trafficsign
224452059126670,2.3770688,48.872135,2016-03-14T17:00:39+0000,2016-03-14T17:00:39+0000,mvd_fast
224484852456724,2.3770971,48.872,2016-03-14T17:00:39+0000,2016-03-14T17:00:39+0000,mvd_fast
224525362452673,2.3769312,48.87234,2016-03-14T17:00:37+0000,2016-03-14T17:00:37+0000,mvd_fast
489676825618902,2.3769078,48.871906,2016-03-14T17:00:31+0000,2016-03-14T17:00:31+0000,mvd_fast
4297898253588302,2.3753974,48.871567,2021-02-26T12:32:39+0000,2021-02-26T12:32:39+0000,trafficsign
4307363782641749,2.3751895,48.871387,2021-02-26T12:32:46+0000,2021-02-26T12:32:46+0000,mvd_fast
500572084514762,2.3739543,48.86928,2021-02-26T13:06:40+0000,2021-02-26T13:06:40+0000,trafficsign
502295621009075,2.374023,48.869114,2021-02-26T13:06:39+0000,2021-02-26T13:06:39+0000,mvd_fast
502352864336684,2.3744693,48.869457,2021-02-26T13:06:40+0000,2021-02-26T13:06:40+0000,mvd_fast
502401327665171,2.3739579,48.869125,2021-02-26T13:06:39+0000,2021-02-26T13:06:39+0000,mvd_fast
502529380985699,2.373966,48.869198,2021-02-26T13:06:39+0000,2021-02-26T13:06:39+0000,mvd_fast
1005797680226425,2.373926,48.86941,2021-03-22T07:31:50+0000,2021-03-22T07:31:50+0000,trafficsign
1005849303554596,2.373928,48.86941,2021-03-22T07:31:50+0000,2021-03-22T07:31:50+0000,trafficsign
1005985173541009,2.3739269,48.86941,2021-03-22T07:31:50+0000,2021-03-22T07:31:50+0000,trafficsign
1007192716753588,2.3730304,48.86917,2021-03-18T07:12:13+0000,2021-03-18T07:12:13+0000,trafficsign
142199371310742,2.3770201,48.872215,2021-03-18T07:10:43+0000,2021-03-18T07:10:43+0000,trafficsign
142331531297526,2.3770204,48.87221,2021-03-18T07:10:43+0000,2021-03-18T07:10:43+0000,trafficsign
309048694227808,2.3775015,48.87163,2016-03-14T17:00:33+0000,2016-03-14T17:00:33+0000,trafficsign
1109277222911419,2.3782015,48.87069,2016-03-14T17:00:17+0000,2016-03-14T17:00:17+0000,trafficsign
1112624365910038,2.3778796,48.87095,2016-03-14T17:00:21+0000,2016-03-14T17:00:21+0000,trafficsign
525063548511490,2.37613,48.872536,2016-03-15T08:27:50+0000,2016-03-15T08:27:50+0000,mvd_fast
951995772281713,2.3828518,48.867317,2016-03-14T16:58:59+0000,2016-03-14T16:58:59+0000,trafficsign
952260632255227,2.3827457,48.867264,2016-03-14T16:58:57+0000,2016-03-14T16:58:57+0000,trafficsign
961983297949627,2.3830283,48.867138,2016-03-14T16:58:57+0000,2016-03-14T16:58:57+0000,mvd_fast
301894431573367,2.3829231,48.873528,2015-07-13T10:41:52+0000,2015-07-13T10:41:52+0000,trafficsign
311785263917617,2.3836126,48.87344,2015-07-13T10:41:37+0000,2015-07-13T10:41:37+0000,mvd_fast
311893450573465,2.3830686,48.873604,2015-07-13T10:41:48+0000,2015-07-13T10:41:48+0000,mvd_fast
311895683906575,2.3832178,48.873516,2015-07-13T10:41:52+0000,2015-07-13T10:41:52+0000,mvd_fast
311907490572061,2.383213,48.873528,2015-07-13T10:41:52+0000,2015-07-13T10:41:52+0000,mvd_fast
311960863900057,2.382732,48.873505,2015-07-13T10:41:44+0000,2015-07-13T10:41:44+0000,mvd_fast
311980210564789,2.382594,48.87346,2015-07-13T10:41:46+0000,2015-07-13T10:41:46+0000,mvd_fast
312001527229324,2.3836443,48.873466,2015-07-13T10:41:37+0000,2015-07-13T10:41:37+0000,mvd_fast
312005000562310,2.3832672,48.873535,2015-07-13T10:41:39+0000,2015-07-13T10:41:39+0000,mvd_fast
312011327228344,2.3834562,48.873558,2015-07-13T10:41:41+0000,2015-07-13T10:41:41+0000,mvd_fast
312015730561237,2.3830206,48.873417,2015-07-13T10:41:44+0000,2015-07-13T10:41:44+0000,mvd_fast
312023787227098,2.3831155,48.873573,2015-07-13T10:41:44+0000,2015-07-13T10:41:44+0000,mvd_fast
312026140560196,2.3823926,48.873455,2015-07-13T10:41:46+0000,2015-07-13T10:41:46+0000,mvd_fast
312036730559137,2.3826227,48.873466,2015-07-13T10:41:55+0000,2015-07-13T10:41:55+0000,mvd_fast
312053993890744,2.3827221,48.873497,2015-07-13T10:41:46+0000,2015-07-13T10:41:46+0000,mvd_fast
312065010556309,2.382898,48.87352,2015-07-13T10:41:39+0000,2015-07-13T10:41:39+0000,mvd_fast
312196840543126,2.3830383,48.87351,2015-07-13T10:41:55+0000,2015-07-13T10:41:55+0000,mvd_fast
312660717163405,2.3830502,48.87353,2015-07-13T10:41:52+0000,2015-07-13T10:41:52+0000,mvd_fast
1228402517762549,2.3829758,48.867336,2023-01-29T15:35:32+0000,2023-01-29T15:35:32+0000,trafficsign
524971855581992,2.3732195,48.86915,2021-03-18T07:12:11+0000,2021-03-18T07:12:11+0000,trafficsign
197403528774902,2.3734214,48.8694,2021-03-06T14:35:17+0000,2021-03-06T14:35:17+0000,trafficsign
380272979952236,2.3727167,48.868652,2021-02-26T13:06:03+0000,2021-02-26T13:06:03+0000,trafficsign
380327309946803,2.3734305,48.868855,2021-02-26T13:06:33+0000,2021-02-26T13:06:33+0000,trafficsign
381868123126055,2.3734813,48.868923,2021-02-26T13:06:30+0000,2021-02-26T13:06:30+0000,mvd_fast
381919803120887,2.37357,48.868935,2021-02-26T13:06:22+0000,2021-02-26T13:06:22+0000,mvd_fast
382097146436486,2.373159,48.868774,2021-02-26T13:06:22+0000,2021-02-26T13:06:22+0000,trafficsign
2832412530341433,2.3773725,48.872124,2020-06-09T18:18:58+0000,2020-06-09T18:18:58+0000,trafficsign
4457374080954095,2.383535,48.865807,2020-11-11T18:28:12+0000,2020-11-11T18:28:12+0000,trafficsign
226240672672799,2.3753195,48.86992,2021-03-18T07:11:41+0000,2021-03-18T07:11:41+0000,mvd_fast
226549859308547,2.3753304,48.86992,2021-03-18T07:11:41+0000,2021-03-18T07:11:41+0000,mvd_fast
227089299254603,2.3753417,48.869926,2021-03-18T07:11:40+0000,2021-03-18T07:11:40+0000,trafficsign
232465948716938,2.375361,48.86992,2021-03-18T07:11:39+0000,2021-03-18T07:11:39+0000,trafficsign
926124284905948,2.3849277,48.873974,2021-01-06T11:04:21+0000,2021-01-06T11:04:21+0000,trafficsign
926159404902436,2.3849716,48.87403,2021-01-06T11:04:07+0000,2021-01-06T11:04:07+0000,trafficsign
926238524894524,2.3849297,48.873974,2021-01-06T11:04:21+0000,2021-01-06T11:04:21+0000,trafficsign
926270091558034,2.3864138,48.873928,2021-01-06T11:03:51+0000,2021-01-06T11:03:51+0000,trafficsign
926293858222324,2.3862805,48.873936,2021-01-06T11:03:51+0000,2021-01-06T11:03:51+0000,trafficsign
926360568215653,2.3864102,48.873928,2021-01-06T11:03:53+0000,2021-01-06T11:03:53+0000,trafficsign
926410268210683,2.3866923,48.873905,2021-01-06T11:03:51+0000,2021-01-06T11:03:51+0000,trafficsign
926427184875658,2.385856,48.87397,2021-01-06T11:04:04+0000,2021-01-06T11:04:04+0000,trafficsign
926506571534386,2.384934,48.873974,2021-01-06T11:04:21+0000,2021-01-06T11:04:21+0000,trafficsign
926812541503789,2.3851857,48.873993,2021-01-06T11:04:04+0000,2021-01-06T11:04:04+0000,trafficsign
926838918167818,2.3856413,48.87398,2021-01-06T11:04:04+0000,2021-01-06T11:04:04+0000,trafficsign
927505171434526,2.3849456,48.873974,2021-01-06T11:04:30+0000,2021-01-06T11:04:30+0000,trafficsign
1120668478422873,2.3866944,48.876446,2015-03-14T15:38:01+0000,2015-03-14T15:38:01+0000,mvd_fast
453647842398449,2.383588,48.866497,2016-03-14T16:58:47+0000,2016-03-14T16:58:47+0000,trafficsign
456391188790781,2.3835888,48.866493,2016-03-14T16:58:47+0000,2016-03-14T16:58:47+0000,trafficsign
492086028908180,2.3841794,48.866127,2016-03-14T16:58:35+0000,2016-03-14T16:58:35+0000,trafficsign
492387392211377,2.3843763,48.865833,2016-03-14T16:58:33+0000,2016-03-14T16:58:33+0000,trafficsign
492387668878016,2.3843782,48.865833,2016-03-14T16:58:33+0000,2016-03-14T16:58:33+0000,trafficsign
3530590573708775,2.3840547,48.866158,2016-03-14T16:58:37+0000,2016-03-14T16:58:37+0000,trafficsign
870862713468097,2.3776388,48.87242,2021-01-11T14:52:02+0000,2021-01-11T14:52:02+0000,trafficsign
464346498185292,2.3729413,48.867455,2021-03-06T14:38:39+0000,2021-03-06T14:38:39+0000,trafficsign
466216607998281,2.3729112,48.867443,2021-03-06T14:38:37+0000,2021-03-06T14:38:37+0000,mvd_fast
172607024828156,2.3731008,48.867085,2021-03-22T07:34:07+0000,2021-03-22T07:34:07+0000,trafficsign
213975107110579,2.3728929,48.86894,2021-03-18T07:12:17+0000,2021-03-18T07:12:17+0000,trafficsign
465869234702854,2.3750832,48.87353,2016-03-15T08:27:36+0000,2016-03-15T08:27:36+0000,trafficsign
475167213773056,2.3753586,48.87335,2016-03-15T08:27:36+0000,2016-03-15T08:27:36+0000,mvd_fast
475246530431791,2.3756375,48.873135,2016-03-15T08:27:36+0000,2016-03-15T08:27:36+0000,mvd_fast
475310333758744,2.3755696,48.873196,2016-03-15T08:27:38+0000,2016-03-15T08:27:38+0000,mvd_fast
468925347704077,2.3744226,48.874046,2016-03-15T08:27:14+0000,2016-03-15T08:27:14+0000,mvd_fast
468935811036364,2.374492,48.874134,2016-03-15T08:27:14+0000,2016-03-15T08:27:14+0000,mvd_fast
468939301036015,2.3746097,48.873898,2016-03-15T08:27:14+0000,2016-03-15T08:27:14+0000,mvd_fast
469007644362514,2.3744054,48.87403,2016-03-15T08:27:14+0000,2016-03-15T08:27:14+0000,mvd_fast
469056784357600,2.3744855,48.873993,2016-03-15T08:27:14+0000,2016-03-15T08:27:14+0000,mvd_fast
469109777685634,2.3745387,48.873955,2016-03-15T08:27:14+0000,2016-03-15T08:27:14+0000,mvd_fast
469145031015442,2.37469,48.87384,2016-03-15T08:27:22+0000,2016-03-15T08:27:22+0000,mvd_fast
469176147678997,2.374552,48.87393,2016-03-15T08:27:16+0000,2016-03-15T08:27:16+0000,mvd_fast
469214314341847,2.3746927,48.873814,2016-03-15T08:27:16+0000,2016-03-15T08:27:16+0000,mvd_fast
947407789426122,2.3745701,48.873856,2014-10-03T06:04:18+0000,2014-10-03T06:04:18+0000,mvd_fast
176655127665047,2.3727045,48.867798,2021-03-18T07:12:49+0000,2021-03-18T07:12:49+0000,trafficsign
2965565407054615,2.3724484,48.8682,2021-03-18T07:12:38+0000,2021-03-18T07:12:38+0000,mvd_fast
2965929477018208,2.372236,48.86882,2021-03-18T07:12:28+0000,2021-03-18T07:12:28+0000,trafficsign
2965950093682813,2.3722916,48.86828,2021-03-18T07:12:39+0000,2021-03-18T07:12:39+0000,trafficsign
2966410113636811,2.3725245,48.86795,2021-03-18T07:12:43+0000,2021-03-18T07:12:43+0000,mvd_fast
2966448456966310,2.3723757,48.868416,2021-03-18T07:12:31+0000,2021-03-18T07:12:31+0000,mvd_fast
2966980863579736,2.372491,48.868,2021-03-18T07:12:42+0000,2021-03-18T07:12:42+0000,mvd_fast
2967034660241023,2.372474,48.868084,2021-03-18T07:12:41+0000,2021-03-18T07:12:41+0000,mvd_fast
2967146200229869,2.372397,48.86851,2021-03-18T07:12:29+0000,2021-03-18T07:12:29+0000,mvd_fast
2967425470201942,2.372209,48.868477,2021-03-18T07:12:35+0000,2021-03-18T07:12:35+0000,trafficsign
2193887334079921,2.3721178,48.86809,2021-02-26T13:05:11+0000,2021-02-26T13:05:11+0000,trafficsign
2195006727301315,2.3721154,48.868103,2021-02-26T13:05:20+0000,2021-02-26T13:05:20+0000,trafficsign
2195643393904315,2.372175,48.868,2021-02-26T13:05:16+0000,2021-02-26T13:05:16+0000,trafficsign
751818875510850,2.3731706,48.870617,2021-02-26T12:33:15+0000,2021-02-26T12:33:15+0000,trafficsign
751860005506737,2.3729577,48.870598,2021-02-26T12:33:24+0000,2021-02-26T12:33:24+0000,trafficsign
751913965501341,2.373707,48.87085,2021-02-26T12:33:08+0000,2021-02-26T12:33:08+0000,trafficsign
751950935497644,2.3737051,48.87085,2021-02-26T12:33:08+0000,2021-02-26T12:33:08+0000,trafficsign
751962662163138,2.37371,48.87085,2021-02-26T12:33:08+0000,2021-02-26T12:33:08+0000,trafficsign
752761138749957,2.372948,48.870598,2021-02-26T12:33:24+0000,2021-02-26T12:33:24+0000,trafficsign
753465852012819,2.3730736,48.870728,2021-02-26T12:33:13+0000,2021-02-26T12:33:13+0000,mvd_fast
753567555335982,2.3728838,48.870598,2021-02-26T12:33:22+0000,2021-02-26T12:33:22+0000,mvd_fast
753623558663715,2.3731227,48.870667,2021-02-26T12:33:17+0000,2021-02-26T12:33:17+0000,mvd_fast
306954887656568,2.3741345,48.874447,2014-10-03T06:05:09+0000,2014-10-03T06:05:09+0000,trafficsign
317221653296558,2.3741415,48.87447,2014-10-03T06:05:09+0000,2014-10-03T06:05:09+0000,mvd_fast
507751130578446,2.3723881,48.874718,2016-03-15T08:26:24+0000,2016-03-15T08:26:24+0000,trafficsign
507947440558815,2.3740802,48.87429,2016-03-15T08:26:54+0000,2016-03-15T08:26:54+0000,trafficsign
507950717225154,2.3743834,48.874306,2016-03-14T17:02:03+0000,2016-03-14T17:02:03+0000,trafficsign
508148170538742,2.3724747,48.87471,2016-03-15T08:26:18+0000,2016-03-15T08:26:18+0000,trafficsign
508226793864213,2.3722258,48.874557,2016-03-15T08:26:14+0000,2016-03-15T08:26:14+0000,trafficsign
508318620521697,2.374078,48.87429,2016-03-15T08:26:52+0000,2016-03-15T08:26:52+0000,trafficsign
517549952931897,2.373129,48.8745,2016-03-15T08:26:40+0000,2016-03-15T08:26:40+0000,mvd_fast
517581439595415,2.3721542,48.874523,2016-03-15T08:26:14+0000,2016-03-15T08:26:14+0000,mvd_fast
517581956262030,2.3728797,48.87458,2016-03-15T08:26:34+0000,2016-03-15T08:26:34+0000,mvd_fast
517582149595344,2.3729038,48.874527,2016-03-15T08:26:34+0000,2016-03-15T08:26:34+0000,mvd_fast
517610649592494,2.3722181,48.874554,2016-03-15T08:26:14+0000,2016-03-15T08:26:14+0000,mvd_fast
517612872925605,2.3722725,48.87461,2016-03-15T08:26:18+0000,2016-03-15T08:26:18+0000,mvd_fast
517615899591969,2.3729806,48.874622,2016-03-15T08:26:36+0000,2016-03-15T08:26:36+0000,mvd_fast
517685106251715,2.3723795,48.874737,2016-03-15T08:26:24+0000,2016-03-15T08:26:24+0000,mvd_fast
517689446251281,2.372021,48.874508,2016-03-15T08:25:58+0000,2016-03-15T08:25:58+0000,mvd_fast
517723409581218,2.3727303,48.874615,2016-03-15T08:26:34+0000,2016-03-15T08:26:34+0000,mvd_fast
517758152911077,2.372471,48.87474,2016-03-15T08:26:28+0000,2016-03-15T08:26:28+0000,mvd_fast
517774336242792,2.3720222,48.874508,2016-03-15T08:25:58+0000,2016-03-15T08:25:58+0000,mvd_fast
517809292905963,2.3731542,48.87459,2016-03-15T08:26:36+0000,2016-03-15T08:26:36+0000,mvd_fast
517815486238677,2.3742287,48.87435,2016-03-15T08:27:00+0000,2016-03-15T08:27:00+0000,mvd_fast
517821136238112,2.3739219,48.87426,2016-03-15T08:26:52+0000,2016-03-15T08:26:52+0000,mvd_fast
2950887271858237,2.3750842,48.873985,2016-03-14T17:01:53+0000,2016-03-14T17:01:53+0000,trafficsign
2962516820695282,2.3744364,48.874207,2016-03-14T17:01:55+0000,2016-03-14T17:01:55+0000,mvd_fast
789417405050652,2.3747034,48.874435,2021-02-28T13:31:47+0000,2021-02-28T13:31:47+0000,trafficsign
1020269935045774,2.3843434,48.865616,2016-03-14T16:58:33+0000,2016-03-14T16:58:33+0000,trafficsign
202573628372816,2.3750622,48.87359,2016-03-15T08:27:34+0000,2016-03-15T08:27:34+0000,trafficsign
202778888352290,2.3750188,48.87359,2016-03-15T08:27:34+0000,2016-03-15T08:27:34+0000,trafficsign
854653768727962,2.3843305,48.865585,2016-03-14T16:58:29+0000,2016-03-14T16:58:29+0000,trafficsign
376992863565276,2.3841667,48.866096,2016-03-14T16:58:39+0000,2016-03-14T16:58:39+0000,trafficsign
377112680219961,2.3841302,48.86599,2016-03-14T16:58:41+0000,2016-03-14T16:58:41+0000,trafficsign
190054666316318,2.3840334,48.865704,2016-03-15T08:31:12+0000,2016-03-15T08:31:12+0000,mvd_fast
190752189579899,2.3841052,48.865837,2016-03-15T08:31:08+0000,2016-03-15T08:31:08+0000,mvd_fast
1001311570636286,2.374948,48.874233,2014-10-03T06:03:30+0000,2014-10-03T06:03:30+0000,mvd_fast
246197190630595,2.384523,48.86525,2016-03-14T16:58:21+0000,2016-03-14T16:58:21+0000,trafficsign
3023212394576002,2.3726308,48.868553,2021-03-31T16:34:08+0000,2021-03-31T16:34:08+0000,trafficsign
6189593451054463,2.372627,48.86852,2021-03-31T16:34:19+0000,2021-03-31T16:34:19+0000,trafficsign
6189681867712288,2.3727155,48.868504,2021-03-31T16:34:18+0000,2021-03-31T16:34:18+0000,trafficsign
6190320754315066,2.372601,48.868504,2021-03-31T16:34:17+0000,2021-03-31T16:34:17+0000,trafficsign
1276407076151418,2.3722064,48.868477,2021-03-06T14:35:56+0000,2021-03-06T14:35:56+0000,trafficsign
1168346160303872,2.3721948,48.86854,2021-03-06T14:35:48+0000,2021-03-06T14:35:48+0000,mvd_fast
311473607254798,2.3751507,48.873947,2014-10-03T06:03:54+0000,2014-10-03T06:03:54+0000,trafficsign
321575352911290,2.3753839,48.87362,2016-03-14T17:01:11+0000,2016-03-14T17:01:11+0000,mvd_fast
321575889577903,2.3752668,48.87363,2016-03-14T17:01:13+0000,2016-03-14T17:01:13+0000,mvd_fast
321754816226677,2.3754601,48.873585,2016-03-14T17:01:15+0000,2016-03-14T17:01:15+0000,mvd_fast
481142389881047,2.3740995,48.874725,2016-03-14T17:02:11+0000,2016-03-14T17:02:11+0000,trafficsign
485426666119286,2.3738644,48.874847,2016-03-14T17:02:11+0000,2016-03-14T17:02:11+0000,trafficsign
515410216145393,2.373582,48.87465,2014-10-03T06:05:38+0000,2014-10-03T06:05:38+0000,mvd_fast
495055981539628,2.375778,48.87416,2015-02-21T12:08:20+0000,2015-02-21T12:08:20+0000,trafficsign
1088337878318137,2.3737683,48.875244,2016-03-14T17:02:17+0000,2016-03-14T17:02:17+0000,trafficsign
141379428009741,2.3740218,48.875835,2021-02-21T16:31:50+0000,2021-02-21T16:31:50+0000,trafficsign
141422628005421,2.374117,48.876072,2021-02-21T16:32:03+0000,2021-02-21T16:32:03+0000,trafficsign
141627031318314,2.3740203,48.875843,2021-02-21T16:31:46+0000,2021-02-21T16:31:46+0000,trafficsign
141714784642872,2.3740194,48.875862,2021-02-21T16:31:50+0000,2021-02-21T16:31:50+0000,trafficsign
141818464632504,2.3740973,48.875927,2021-02-21T16:32:03+0000,2021-02-21T16:32:03+0000,trafficsign
143703121110705,2.3740342,48.875755,2021-02-21T16:31:50+0000,2021-02-21T16:31:50+0000,mvd_fast
143747314439619,2.3739479,48.875614,2021-02-21T16:31:46+0000,2021-02-21T16:31:46+0000,mvd_fast
285900306572412,2.3845544,48.871338,2019-06-27T17:17:03+0000,2019-06-27T17:17:03+0000,mvd_fast
1149565898882506,2.374785,48.874,2021-03-12T13:25:21+0000,2021-03-12T13:25:21+0000,trafficsign
310188544154855,2.372367,48.876453,2021-02-28T13:32:52+0000,2021-02-28T13:32:52+0000,mvd_fast
485484716016736,2.382219,48.8734,2015-07-13T10:45:54+0000,2015-07-13T10:45:54+0000,trafficsign
494669378431603,2.3821576,48.873512,2015-07-13T10:45:18+0000,2015-07-13T10:45:18+0000,mvd_fast
494686865096521,2.382224,48.87353,2015-07-13T10:45:03+0000,2015-07-13T10:45:03+0000,mvd_fast
494715341760340,2.3823314,48.87355,2015-07-13T10:45:18+0000,2015-07-13T10:45:18+0000,mvd_fast
494728351759039,2.3818338,48.873436,2015-07-13T10:45:49+0000,2015-07-13T10:45:49+0000,mvd_fast
494751401756734,2.381856,48.87343,2015-07-13T10:45:47+0000,2015-07-13T10:45:47+0000,mvd_fast
494761568422384,2.382285,48.873543,2015-07-13T10:45:03+0000,2015-07-13T10:45:03+0000,mvd_fast
494777748420766,2.382686,48.873627,2015-07-13T10:45:03+0000,2015-07-13T10:45:03+0000,mvd_fast
494778321754042,2.3829298,48.873623,2015-07-13T10:45:03+0000,2015-07-13T10:45:03+0000,mvd_fast
494781581753716,2.3820019,48.873474,2015-07-13T10:45:16+0000,2015-07-13T10:45:16+0000,mvd_fast
494790628419478,2.3820643,48.87349,2015-07-13T10:45:31+0000,2015-07-13T10:45:31+0000,mvd_fast
494790971752777,2.3818462,48.87344,2015-07-13T10:45:52+0000,2015-07-13T10:45:52+0000,mvd_fast
494810978417443,2.3821146,48.8735,2015-07-13T10:45:18+0000,2015-07-13T10:45:18+0000,mvd_fast
494813995083808,2.3823237,48.87343,2015-07-13T10:45:47+0000,2015-07-13T10:45:47+0000,mvd_fast
494823588416182,2.3823895,48.873566,2015-07-13T10:45:25+0000,2015-07-13T10:45:25+0000,mvd_fast
494837198414821,2.3826442,48.87353,2015-07-13T10:45:20+0000,2015-07-13T10:45:20+0000,mvd_fast
494838121748062,2.3827295,48.873524,2015-07-13T10:45:03+0000,2015-07-13T10:45:03+0000,mvd_fast
494843481747526,2.3827465,48.873516,2015-07-13T10:45:12+0000,2015-07-13T10:45:12+0000,mvd_fast
494865638411977,2.382318,48.873432,2015-07-13T10:45:18+0000,2015-07-13T10:45:18+0000,mvd_fast
494874761744398,2.3824084,48.873455,2015-07-13T10:45:12+0000,2015-07-13T10:45:12+0000,mvd_fast
494880728410468,2.3816404,48.87327,2015-07-13T10:45:45+0000,2015-07-13T10:45:45+0000,mvd_fast
494880808410460,2.3825512,48.87358,2015-07-13T10:45:03+0000,2015-07-13T10:45:03+0000,mvd_fast
494884665076741,2.3829505,48.87357,2015-07-13T10:45:05+0000,2015-07-13T10:45:05+0000,mvd_fast
494892981742576,2.3823478,48.873436,2015-07-13T10:45:45+0000,2015-07-13T10:45:45+0000,mvd_fast
494897308408810,2.381883,48.873447,2015-07-13T10:45:56+0000,2015-07-13T10:45:56+0000,mvd_fast
494908101741064,2.3826277,48.8736,2015-07-13T10:45:07+0000,2015-07-13T10:45:07+0000,mvd_fast
494930251738849,2.3820665,48.873356,2015-07-13T10:45:56+0000,2015-07-13T10:45:56+0000,mvd_fast
494943675070840,2.3822763,48.873245,2015-07-13T10:45:27+0000,2015-07-13T10:45:27+0000,mvd_fast
494959841735890,2.3825336,48.873455,2015-07-13T10:45:25+0000,2015-07-13T10:45:25+0000,mvd_fast
494961141735760,2.3817139,48.87341,2015-07-13T10:45:49+0000,2015-07-13T10:45:49+0000,mvd_fast
494980078400533,2.3821871,48.873055,2015-07-13T10:45:38+0000,2015-07-13T10:45:38+0000,mvd_fast
494996795065528,2.3827522,48.87363,2015-07-13T10:45:03+0000,2015-07-13T10:45:03+0000,mvd_fast
495017738396767,2.3818169,48.87343,2015-07-13T10:46:03+0000,2015-07-13T10:46:03+0000,mvd_fast
495021178396423,2.3816953,48.873276,2015-07-13T10:45:52+0000,2015-07-13T10:45:52+0000,mvd_fast
495569291674945,2.3824725,48.87359,2015-07-13T10:45:05+0000,2015-07-13T10:45:05+0000,mvd_fast
953840968525110,2.381415,48.873238,2021-01-11T14:50:10+0000,2021-01-11T14:50:10+0000,trafficsign
470611884145673,2.3749406,48.873672,2014-10-03T06:03:45+0000,2014-10-03T06:03:45+0000,trafficsign
470804404126421,2.375287,48.87359,2016-03-14T17:01:23+0000,2016-03-14T17:01:23+0000,trafficsign
384225272749063,2.38321,48.873642,2015-07-13T10:44:28+0000,2015-07-13T10:44:28+0000,trafficsign
384517379386519,2.3831775,48.8736,2015-07-13T10:44:36+0000,2015-07-13T10:44:36+0000,trafficsign
392168698621387,2.383169,48.873554,2015-07-13T10:44:30+0000,2015-07-13T10:44:30+0000,mvd_fast
392169948621262,2.3832152,48.873676,2015-07-13T10:44:28+0000,2015-07-13T10:44:28+0000,mvd_fast
392190585285865,2.3831663,48.873566,2015-07-13T10:44:30+0000,2015-07-13T10:44:30+0000,mvd_fast
392202688617988,2.3831792,48.87357,2015-07-13T10:44:32+0000,2015-07-13T10:44:32+0000,mvd_fast
392212278617029,2.3832078,48.873676,2015-07-13T10:44:28+0000,2015-07-13T10:44:28+0000,mvd_fast
392226311948959,2.3831906,48.87359,2015-07-13T10:44:32+0000,2015-07-13T10:44:32+0000,mvd_fast
392242441947346,2.3831415,48.873543,2015-07-13T10:44:30+0000,2015-07-13T10:44:30+0000,mvd_fast
392281701943420,2.3829367,48.873623,2015-07-13T10:44:30+0000,2015-07-13T10:44:30+0000,mvd_fast
392304401941150,2.383227,48.8736,2015-07-13T10:44:30+0000,2015-07-13T10:44:30+0000,mvd_fast
392315185273405,2.3831565,48.87356,2015-07-13T10:44:32+0000,2015-07-13T10:44:32+0000,mvd_fast
392333608604896,2.383091,48.873547,2015-07-13T10:44:34+0000,2015-07-13T10:44:34+0000,mvd_fast
392334538604803,2.3831856,48.873558,2015-07-13T10:44:30+0000,2015-07-13T10:44:30+0000,mvd_fast
392338128604444,2.383033,48.873627,2015-07-13T10:44:43+0000,2015-07-13T10:44:43+0000,mvd_fast
392360548602202,2.3831825,48.873566,2015-07-13T10:44:32+0000,2015-07-13T10:44:32+0000,mvd_fast
392905818547675,2.3831842,48.87357,2015-07-13T10:44:32+0000,2015-07-13T10:44:32+0000,mvd_fast
1887519314743526,2.382522,48.872425,2015-07-13T10:47:12+0000,2015-07-13T10:47:12+0000,trafficsign
1888176164677841,2.3828216,48.871918,2015-07-13T10:47:23+0000,2015-07-13T10:47:23+0000,trafficsign
1888355514659906,2.3829958,48.87145,2015-07-13T10:47:37+0000,2015-07-13T10:47:37+0000,trafficsign
1888593051302819,2.3824043,48.872414,2015-07-13T10:47:12+0000,2015-07-13T10:47:12+0000,trafficsign
1900987580063366,2.383078,48.871346,2015-07-13T10:47:30+0000,2015-07-13T10:47:30+0000,mvd_fast
1901103143385143,2.3830879,48.871326,2015-07-13T10:47:35+0000,2015-07-13T10:47:35+0000,mvd_fast
1901214846707306,2.3828335,48.87172,2015-07-13T10:47:28+0000,2015-07-13T10:47:28+0000,mvd_fast
1901226073372850,2.3830752,48.871346,2015-07-13T10:47:32+0000,2015-07-13T10:47:32+0000,mvd_fast
1901308100031314,2.382687,48.871876,2015-07-13T10:47:15+0000,2015-07-13T10:47:15+0000,mvd_fast
1901391996689591,2.3829896,48.871445,2015-07-13T10:47:26+0000,2015-07-13T10:47:26+0000,mvd_fast
1901411566687634,2.3829207,48.871735,2015-07-13T10:47:26+0000,2015-07-13T10:47:26+0000,mvd_fast
1901438516684939,2.382702,48.871876,2015-07-13T10:47:23+0000,2015-07-13T10:47:23+0000,mvd_fast
1901494973345960,2.3827043,48.87202,2015-07-13T10:47:21+0000,2015-07-13T10:47:21+0000,mvd_fast
915999532588450,2.3740327,48.87786,2014-10-02T07:14:02+0000,2014-10-02T07:14:02+0000,trafficsign
925473178307752,2.3738527,48.87797,2014-10-02T07:14:02+0000,2014-10-02T07:14:02+0000,mvd_fast
2889861424634651,2.381061,48.877758,2019-06-08T09:47:10+0000,2019-06-08T09:47:10+0000,mvd_fast
2889893577964769,2.3809524,48.877922,2019-06-08T09:47:10+0000,2019-06-08T09:47:10+0000,mvd_fast
2889933607960766,2.381066,48.877773,2019-06-08T09:47:11+0000,2019-06-08T09:47:11+0000,mvd_fast
2889954044625389,2.3809538,48.87799,2019-06-08T09:47:10+0000,2019-06-08T09:47:10+0000,mvd_fast
2890031517950975,2.3813424,48.877693,2019-06-08T09:47:10+0000,2019-06-08T09:47:10+0000,mvd_fast
