osmid,lighting,visibility,connectivity,enclosure,dominant_land_use_score,public_transport_proximity_m,dist_to_rail_m,dist_to_bus_m,lighting_norm,visibility_norm,connectivity_norm,enclosure_norm,dominant_land_use_score_norm,public_transport_proximity_m_norm,risk_class,risk_probability
807334397,0,0.5137,6,0.19028601209685644,0.3947,98.76,98.76,100.76,0.0,0.36155966916108706,0.13333333333333333,0.2593205498314772,0.39451835550665193,0.23286862003780717,high,1.0
246706745,0,0.9963,5,0.10917440715815112,0.5,223.14,225.5,223.14,0.0,0.9951424445319679,0.06666666666666667,0.14878076909974192,0.4998499549864959,0.5267722117202267,high,1.0
"[219295617, 4298483, 219295606]",0,1.0,6,0.08667995784007992,0.5,324.18,324.18,327.11,0.0,1.0,0.13333333333333333,0.11812508798999503,0.4998499549864959,0.7655245746691871,high,1.0
246706751,0,1.0,6,0.08223703089454322,0.5,251.69,251.69,252.99,0.0,1.0,0.13333333333333333,0.11207021864376675,0.4998499549864959,0.5942344045368619,high,0.9996
4297467,0,1.0,5,0.00016675114818705646,0.5,391.97,391.97,409.24,0.0,1.0,0.06666666666666667,0.00022394541800622281,0.4998499549864959,0.9257088846880908,high,1.0
246706744,0,1.0,6,0.00016675114818705646,0.5,392.97,392.97,417.7,0.0,1.0,0.13333333333333333,0.00022394541800622281,0.4998499549864959,0.9280718336483932,high,1.0
246706746,0,1.0,6,0.06632200861585075,0.0449,258.94,259.2,258.94,0.0,1.0,0.13333333333333333,0.09038105253298917,0.04461338401520456,0.6113657844990548,high,1.0
"[371748832, 246709234, 4298495]",0,1.0,5,0.0001410497382108173,0.5,175.07,179.29,175.07,0.0,1.0,0.06666666666666667,0.000188919255900112,0.4998499549864959,0.41318525519848764,medium,0.9988
1051498485,0,1.0,6,0.12397059495971328,0.5,95.23,99.55,95.23,0.0,1.0,0.13333333333333333,0.1689451753704134,0.4998499549864959,0.2245274102079395,medium,1.0
"[241919507, 318996260, 318996263]",0,1.0,6,0.3456799654554093,0.0012,220.82,220.82,225.72,0.0,1.0,0.13333333333333333,0.4710931259538762,0.0009002700810243073,0.521290170132325,high,1.0
"[112081145, 319256943]",0,1.0,6,0.1703295808968317,0.0772,251.3,251.3,257.88,0.0,1.0,0.13333333333333333,0.2321237075213575,0.07692307692307693,0.5933128544423439,high,1.0
"[241919500, 319256942]",0,1.0,5,0.1703295808968317,0.0772,248.18,248.18,254.59,0.0,1.0,0.06666666666666667,0.2321237075213575,0.07692307692307693,0.5859404536862003,high,1.0
4526344,0,0.411,8,0.4803842193694086,0.1482,101.14,101.14,111.8,0.0,0.2267296836024681,0.26666666666666666,0.6546695537971883,0.1479443833149945,0.23849243856332702,high,1.0
43405582,0,0.5291,10,0.1630566657238231,0.0686,14.51,14.51,20.0,0.0,0.38177760273073386,0.4,0.2222120993228462,0.06832049614884465,0.03379017013232514,high,0.5632
"[1044512979, 428833182]",0,0.7222,7,0.19790791452854892,0.2697,3.17,3.17,8.17,0.0,0.635289484048838,0.2,0.26970776167612814,0.26948084425327595,0.006994328922495273,medium,0.7313
"[1044512981, 428833183]",0,0.5375,10,0.16932284059516092,0.2284,71.3,77.44,71.3,0.0,0.39280556649599574,0.4,0.2307517108473355,0.22816845053516055,0.1679820415879017,high,0.984
23614622,0,0.4043,7,0.47418878172128875,0.2697,105.6,109.9,105.6,0.0,0.21793356964684255,0.2,0.6462263437327612,0.26948084425327595,0.24903119092627596,high,1.0
428833182,0,0.7353,6,0.19845207126997788,0.2697,166.67,166.67,166.93,0.0,0.6524878561113298,0.13333333333333333,0.27044934442408025,0.26948084425327595,0.393336483931947,high,1.0
31845336,0,0.9807,6,0.0068349486837893225,1.0,97.94,103.09,97.94,0.0,0.9746619403964815,0.13333333333333333,0.0093114378183648,1.0,0.23093100189035914,low,1.0
31845333,0,1.0,6,0.0068349486837893225,1.0,111.23,117.0,111.23,0.0,1.0,0.13333333333333333,0.0093114378183648,1.0,0.26233459357277883,low,1.0
4259120,0,1.0,6,0.0068349486837893225,1.0,70.16,70.48,70.16,0.0,1.0,0.13333333333333333,0.0093114378183648,1.0,0.16528827977315688,low,1.0
31845336,0,0.9961,7,0.0068349486837893225,1.0,98.74,98.74,99.66,0.0,0.9948798739661284,0.2,0.0093114378183648,1.0,0.2328213610586011,low,1.0
44508941,0,0.9782,7,0.004198343811800992,0.8637,24.38,24.38,31.43,0.0,0.9713798083234869,0.2,0.005718243914162576,0.8636590977293188,0.05711247637051039,low,1.0
67498724,5,0.7225,10,0.09090936805447254,0.5,23.19,23.19,59.2,0.03571428571428571,0.6356833398975975,0.4,0.12388897440398988,0.4998499549864959,0.05430056710775047,low,0.9998
416350385,0,0.7002,10,0.11130188537057674,0.197,11.39,11.39,18.83,0.0,0.6064067218064855,0.4,0.15168011963399392,0.1967590277083125,0.026417769376181472,medium,0.9997
4259121,0,1.0,7,0.0068349486837893225,0.9989,109.68,109.68,114.95,0.0,1.0,0.2,0.0093114378183648,0.9988996699009703,0.25867202268431,low,1.0
"[44508940, 318947533]",0,0.989,6,0.0068349486837893225,0.9989,121.35,121.35,122.43,0.0,0.9855586188788236,0.13333333333333333,0.0093114378183648,0.9988996699009703,0.28624763705103967,low,1.0
131443351,0,1.0,5,0.0068349486837893225,1.0,127.28,132.37,127.28,0.0,1.0,0.06666666666666667,0.0093114378183648,1.0,0.30025992438563326,low,0.9841
29271779,0,1.0,5,0.0068349486837893225,1.0,94.21,101.04,94.21,0.0,1.0,0.06666666666666667,0.0093114378183648,1.0,0.22211720226843099,low,1.0
4298490,0,1.0,9,0.0001410497382108173,0.5,72.08,72.23,72.08,0.0,1.0,0.3333333333333333,0.000188919255900112,0.4998499549864959,0.1698251417769376,low,1.0
"[4298491, 386095886]",0,1.0,7,0.0068349486837893225,1.0,61.71,61.71,68.66,0.0,1.0,0.2,0.0093114378183648,1.0,0.1453213610586011,low,1.0
4298490,0,1.0,10,0.0001410497382108173,0.5,133.25,134.22,133.25,0.0,1.0,0.4,0.000188919255900112,0.4998499549864959,0.3143667296786389,low,1.0
4259236,0,1.0,10,0.0001410497382108173,0.5,194.76,194.76,195.69,0.0,1.0,0.4,0.000188919255900112,0.4998499549864959,0.45971172022684303,low,0.9961
67499560,0,0.9902,11,0.00014104973821081726,0.5,199.59,200.34,199.59,0.0,0.987134042273861,0.4666666666666667,0.00018891925590011196,0.4998499549864959,0.4711247637051039,low,1.0
11103450,0,0.9539,11,0.01123738379772451,0.5,178.12,179.35,178.12,0.0,0.9394774845739792,0.4666666666666667,0.015311124454424294,0.4998499549864959,0.42039224952741017,low,1.0
67499560,0,0.9902,11,0.0001410497382108173,0.5,199.59,200.34,199.59,0.0,0.987134042273861,0.4666666666666667,0.000188919255900112,0.4998499549864959,0.4711247637051039,low,1.0
107088314,0,0.8343,10,0.07182818499525982,0.5,64.22,64.22,64.22,0.0,0.7824602862019169,0.4,0.09788492981553198,0.4998499549864959,0.1512523629489603,low,0.9999
11103450,0,0.9539,11,0.011237383797724513,0.5,178.12,179.35,178.12,0.0,0.9394774845739792,0.4666666666666667,0.0153111244544243,0.4998499549864959,0.42039224952741017,low,1.0
107088316,0,0.8714,9,0.0090158956666569,0.5,88.01,94.31,88.01,0.0,0.8311671261651569,0.3333333333333333,0.012283656176710721,0.4998499549864959,0.20746691871455578,low,0.9997
386095891,5,1.0,7,0.08030913671285907,0.5,35.67,35.67,39.92,0.03571428571428571,1.0,0.2,0.10944286340553176,0.4998499549864959,0.08379017013232513,low,0.9999
67498505,7,0.8129,8,0.08030913671285907,0.5,0.21,0.21,9.44,0.05,0.7543652356570828,0.26666666666666666,0.10944286340553176,0.4998499549864959,0.0,low,0.9998
67498495,20,0.8418,8,0.1459532691322881,0.5,53.69,53.69,58.72,0.14285714285714285,0.7923066824209005,0.26666666666666666,0.1989034037246653,0.4998499549864959,0.12637051039697542,medium,0.8143
551621831,0,0.5926,8,0.42195181585791036,0.2147,86.32,86.32,86.8,0.0,0.46514375738479713,0.26666666666666666,0.575037236366528,0.21446433930179054,0.20347353497164458,high,1.0
67498505,4,0.8147,7,0.09048549973415945,0.5,76.65,76.65,79.65,0.02857142857142857,0.756728370749639,0.2,0.12331132202956153,0.4998499549864959,0.18062381852551987,medium,1.0
230989052,3,0.6721,8,0.1773954147111197,0.5,40.57,42.26,40.57,0.02142857142857143,0.569515557306026,0.26666666666666666,0.24175310298343108,0.4998499549864959,0.09536862003780718,medium,0.9997
655440028,6,0.8025,9,0.01656255559671324,0.5,119.91,120.03,119.91,0.04285714285714286,0.7407115662334253,0.3333333333333333,0.022568326718685524,0.4998499549864959,0.2828449905482041,medium,0.8917
8029363,11,0.5748,7,0.181785369876766,0.5,146.74,147.34,146.74,0.07857142857142857,0.4417749770250754,0.2,0.24773578180971492,0.4998499549864959,0.34624291115311906,high,1.0
8014182,44,0.6972,7,0.1502318328609258,0.5,163.32,163.32,167.47,0.3142857142857143,0.602468163318892,0.2,0.20473427708449798,0.4998499549864959,0.38542060491493374,medium,0.7807
71270647,15,0.9018,7,0.13500876527174033,0.5,133.08,133.08,138.22,0.10714285714285714,0.8710778521727713,0.2,0.1839881143788706,0.4998499549864959,0.3139650283553875,medium,1.0
45756888,0,1.0,7,0.1459532691322881,0.5,45.84,45.84,46.46,0.0,1.0,0.2,0.1989034037246653,0.4998499549864959,0.10782136105860113,medium,0.9388
"[386095888, 386095890]",0,0.9419,6,0.0090158956666569,0.5,83.83,89.47,83.83,0.0,0.923723250623605,0.13333333333333333,0.012283656176710721,0.4998499549864959,0.1975897920604915,medium,0.9981
386095887,0,1.0,8,0.01123738379772451,0.5,162.39,168.83,162.39,0.0,1.0,0.26666666666666666,0.015311124454424294,0.4998499549864959,0.38322306238185244,medium,0.9673
71270644,0,1.0,8,0.0001410497382108173,0.5,184.27,184.27,185.6,0.0,1.0,0.26666666666666666,0.000188919255900112,0.4998499549864959,0.4349243856332703,medium,0.9985
67498724,5,0.7225,10,0.09090936805447254,0.5,23.19,23.19,59.2,0.03571428571428571,0.6356833398975975,0.4,0.12388897440398988,0.4998499549864959,0.05430056710775047,low,0.9998
8816858,10,0.4989,10,0.17055879367992638,0.5,59.11,59.11,69.06,0.07142857142857142,0.3421294472889589,0.4,0.232436081204548,0.4998499549864959,0.1391776937618147,medium,0.9997
15219043,7,0.4716,9,0.45370687586915914,0.4784,73.2,73.2,78.43,0.05,0.3062885650518577,0.3333333333333333,0.6183133788299786,0.4782434730419125,0.17247164461247638,high,1.0
8816858,10,0.4989,10,0.17055879367992638,0.5,59.11,59.11,69.06,0.07142857142857142,0.3421294472889589,0.4,0.232436081204548,0.4998499549864959,0.1391776937618147,medium,0.9997
1287001472,8,0.5084,10,0.1908900333976543,0.4163,11.19,11.19,15.52,0.05714285714285714,0.35460154916633835,0.4,0.26014371665449776,0.41612483745123535,0.025945179584120976,medium,1.0
8028969,4,0.518,8,0.4057740321177748,0.5,32.02,32.02,40.03,0.02857142857142857,0.36720493632663775,0.26666666666666666,0.552989976067445,0.4998499549864959,0.07516540642722117,high,1.0
1436555097,0,0.5379,10,0.17701353477723242,0.3109,33.14,33.14,33.49,0.0,0.39333070762767497,0.4,0.24123267284042443,0.3106932079623887,0.07781190926275991,medium,0.9855
1287001472,8,0.5084,10,0.1908900333976543,0.4163,11.19,11.19,15.52,0.05714285714285714,0.35460154916633835,0.4,0.26014371665449776,0.41612483745123535,0.025945179584120976,medium,1.0
11103675,3,0.4888,8,0.47658486180851195,0.3487,86.25,87.41,86.25,0.02142857142857143,0.32886963371406064,0.26666666666666666,0.6494917478343998,0.3485045513654096,0.20330812854442343,high,1.0
1436555094,7,0.4871,9,0.1645770216622576,0.4257,8.29,8.29,22.28,0.05,0.3266377839044243,0.3333333333333333,0.22428405699395554,0.42552765829748923,0.01909262759924385,medium,0.9987
"[1436555096, 1436555098, 1436555095]",13,0.4651,10,0.21136510532527425,0.352,58.13,58.13,60.47,0.09285714285714286,0.2977550216620717,0.4,0.2880473682103505,0.3518055416624987,0.13686200378071833,high,0.8772
31784949,0,0.9813,8,0.16457702166225754,0.5,57.37,57.37,62.26,0.0,0.975449652094,0.26666666666666666,0.22428405699395546,0.4998499549864959,0.13506616257088844,medium,0.8464
31784953,1,1.0,8,0.16457702166225754,0.5,58.22,58.22,74.18,0.007142857142857143,1.0,0.26666666666666666,0.22428405699395546,0.4998499549864959,0.13707466918714553,low,0.5294
44804321,0,1.0,6,0.0452519427670242,0.4874,42.07,42.07,86.51,0.0,1.0,0.13333333333333333,0.06166653676557762,0.48724617385215563,0.09891304347826085,low,0.8985
"[243238208, 4487908, 62695113, 77091189, 43682134]",10,0.8866,6,0.09669908307852827,0.299,21.61,27.49,21.61,0.07142857142857142,0.8511224891689643,0.13333333333333333,0.131779261246939,0.2987896368910673,0.05056710775047258,medium,1.0
"[43682128, 136091482]",0,0.9835,6,0.0452519427670242,0.4874,42.26,42.26,60.8,0.0,0.9783379283182356,0.13333333333333333,0.06166653676557762,0.48724617385215563,0.09936200378071831,low,0.6843
43682140,4,0.9466,7,0.031429513432772886,0.4874,35.75,35.75,64.4,0.02857142857142857,0.9298936589208349,0.2,0.04282917916498921,0.48724617385215563,0.08397920604914932,low,0.9999
31784952,1,1.0,8,0.031429513432772886,0.4874,33.37,33.37,38.72,0.007142857142857143,1.0,0.26666666666666666,0.04282917916498921,0.48724617385215563,0.07835538752362947,low,1.0
31784951,1,0.7959,8,0.031429513432772886,0.4874,32.48,32.48,50.09,0.007142857142857143,0.7320467375607195,0.26666666666666666,0.04282917916498921,0.48724617385215563,0.07625236294896029,low,0.967
31784948,3,1.0,8,0.04765658553520691,0.0825,8.8,8.8,59.67,0.02142857142857143,1.0,0.26666666666666666,0.06494361018230926,0.08222466740022007,0.02029773156899811,low,0.999
44335075,0,0.9179,7,0.04765658553520691,0.4874,3.36,3.36,13.06,0.0,0.8922147827228567,0.2,0.06494361018230926,0.48724617385215563,0.00744328922495274,low,1.0
"[43407368, 6601826, 131543170]",0,0.7408,6,0.1363379288077905,0.0018,12.73,12.73,16.71,0.0,0.6597085466719179,0.13333333333333333,0.18579951295670213,0.0015004501350405122,0.029584120982986763,high,0.9998
43682124,0,0.945,6,0.1613301116226843,0.0825,12.52,12.52,17.69,0.0,0.9277930943941182,0.13333333333333333,0.21985913254447229,0.08222466740022007,0.029087901701323245,medium,0.9973
43682125,0,0.9153,7,0.1613301116226843,0.0825,55.86,55.86,68.48,0.0,0.8888013653669424,0.2,0.21985913254447229,0.08222466740022007,0.13149810964083175,medium,0.9294
44804321,1,0.9517,7,0.16457702166225754,0.5,54.6,54.6,75.12,0.007142857142857143,0.936589208349744,0.2,0.22428405699395546,0.4998499549864959,0.12852079395085064,medium,1.0
31784950,5,1.0,8,0.031429513432772886,0.4874,2.14,2.14,72.97,0.03571428571428571,1.0,0.26666666666666666,0.04282917916498921,0.48724617385215563,0.0045604914933837426,low,1.0
43682138,0,0.9861,6,0.0452519427670242,0.4874,37.93,37.93,54.87,0.0,0.9817513456741499,0.13333333333333333,0.06166653676557762,0.48724617385215563,0.08913043478260868,low,0.8653
4261169,0,0.9744,8,0.16457702166225754,0.5,57.74,57.74,60.5,0.0,0.9663909675725351,0.26666666666666666,0.22428405699395546,0.4998499549864959,0.13594045368620036,medium,0.9132
1436555094,7,0.4871,9,0.16457702166225754,0.4257,8.29,8.29,22.28,0.05,0.3266377839044243,0.3333333333333333,0.22428405699395546,0.42552765829748923,0.01909262759924385,medium,0.9987
4526343,5,0.6444,11,0.34724565648225425,0.0345,83.92,83.92,89.8,0.03571428571428571,0.5331495339372455,0.4666666666666667,0.4732268667784089,0.03421026307892368,0.1978024574669187,high,1.0
248346183,3,0.6443,12,0.07481112069334529,0.0345,130.45,130.45,131.65,0.02142857142857143,0.5330182486543258,0.5333333333333333,0.1019501071505435,0.03421026307892368,0.307750472589792,medium,0.9998
4680951,7,0.5342,11,0.1619921264226325,0.0345,25.89,25.89,30.52,0.05,0.3884731521596429,0.4666666666666667,0.22076133354126848,0.03421026307892368,0.0606805293005671,medium,0.9957
15218911,3,0.4103,11,0.5086365456766547,0.3327,190.74,190.74,198.25,0.02142857142857143,0.22581068662202963,0.4666666666666667,0.6931721325283626,0.33249974992497744,0.4502126654064272,high,1.0
1459054567,15,0.5431,11,0.1860873239126934,0.0643,139.09,139.09,141.64,0.10714285714285714,0.40015754233950374,0.4666666666666667,0.2535985317356814,0.06401920576172852,0.32816635160680524,high,1.0
248729535,6,0.6556,10,0.2505427630820256,0.0643,64.67,64.67,73.73,0.04285714285714286,0.5478534856242614,0.4,0.34143910791623955,0.06401920576172852,0.1523156899810964,high,0.9977
428732053,12,0.5653,12,0.1512747265105156,0.0489,10.99,10.99,16.76,0.08571428571428572,0.42930287514769594,0.5333333333333333,0.20615554393576163,0.04861458437531259,0.025472589792060487,medium,1.0
4645470,21,0.5684,18,0.1509104118463373,0.381,7.65,7.65,12.03,0.15,0.4333727189182093,0.9333333333333333,0.20565905193408002,0.380814244273282,0.017580340264650284,low,1.0
"[44508937, 420269263]",39,0.626,19,0.14114848732814353,0.7513,52.86,54.73,52.86,0.2785714285714286,0.5089930418800052,1.0,0.1923553946266413,0.751225367610283,0.12440926275992437,low,1.0
"[44508938, 511326142]",71,0.7854,18,0.08719882798602342,0.3036,7.59,7.59,15.1,0.5071428571428571,0.7182617828541419,0.9333333333333333,0.11883220988955775,0.3033910173051915,0.017438563327032135,low,1.0
"[62298633, 79639781]",140,0.629,18,0.13016845746600797,0.1022,2.97,2.97,13.15,1.0,0.5129316003675988,0.9333333333333333,0.17739169005803407,0.10193057917375213,0.006521739130434782,low,1.0
109462892,15,0.6298,18,0.13631724008957496,0.2765,9.08,9.08,18.16,0.10714285714285714,0.513981882630957,0.9333333333333333,0.18577131814565268,0.27628288486545965,0.020959357277882795,low,1.0
"[131700744, 44335831, 365705720]",96,0.7274,18,0.10583725675078645,0.4711,22.29,23.94,22.29,0.6857142857142857,0.642116318760667,0.9333333333333333,0.14423286409184974,0.4709412823847154,0.05217391304347825,low,1.0
"[430838879, 420269263]",0,0.6192,13,0.11997906792467083,0.1785,18.46,18.46,27.38,0.0,0.5000656426414598,0.6,0.16350547875028354,0.17825347604281283,0.043123818525519844,low,0.9545
"[44508937, 420269263]",39,0.626,19,0.14114848732814353,0.7513,52.86,54.73,52.86,0.2785714285714286,0.5089930418800052,1.0,0.1923553946266413,0.751225367610283,0.12440926275992437,low,1.0
1464473936,0,0.426,9,0.45693916630877685,0.5111,42.45,50.56,42.45,0.0,0.24642247604043582,0.3333333333333333,0.6227183795290355,0.5109532859857957,0.0998109640831758,high,1.0
15212797,0,0.4506,10,0.4469788608269101,0.0989,118.29,128.8,118.29,0.0,0.27871865563870285,0.4,0.609144366478515,0.098629588876663,0.27901701323251415,high,1.0
320826399,0,0.549,12,0.1596636208774092,0.195,196.94,196.94,197.62,0.0,0.40790337403177107,0.5333333333333333,0.2175880207632003,0.19475842752825848,0.4648629489603024,high,1.0
"[420269263, 430838879]",0,0.6192,13,0.11997906792467083,0.1785,18.46,18.46,27.38,0.0,0.5000656426414598,0.6,0.16350547875028354,0.17825347604281283,0.043123818525519844,low,0.9545
320826399,0,0.549,12,0.1596636208774092,0.195,196.94,196.94,197.62,0.0,0.40790337403177107,0.5333333333333333,0.2175880207632003,0.19475842752825848,0.4648629489603024,high,1.0
"[510587659, 320826398]",5,0.5368,10,0.18331507000740205,0.0824,28.86,28.86,32.89,0.03571428571428571,0.39188656951555734,0.4,0.24982047384797007,0.08212463739121736,0.0676984877126654,high,0.8476
510587660,0,0.5009,9,0.2975021913795774,0.2427,139.38,145.4,139.38,0.0,0.3447551529473546,0.3333333333333333,0.40543592947120305,0.24247274182254677,0.32885160680529296,high,1.0
109462888,0,0.5404,11,0.16449720335015963,0.1266,14.21,14.21,72.68,0.0,0.3966128397006695,0.4666666666666667,0.22417527972682647,0.12633790137041112,0.0330812854442344,medium,0.9997
4638447,25,0.5532,12,0.3494357964409066,0.2485,17.87,17.87,31.29,0.17857142857142858,0.413417355914402,0.5333333333333333,0.476211613424517,0.2482744823447034,0.04172967863894139,medium,0.9999
109462873,0,0.3644,10,0.49509672843725966,0.4349,90.64,90.64,96.42,0.0,0.16555074176184847,0.4,0.6747199217760108,0.4347304191257377,0.21368147448015123,high,1.0
109462892,15,0.6298,18,0.13631724008957496,0.2765,9.08,9.08,18.16,0.10714285714285714,0.513981882630957,0.9333333333333333,0.18577131814565268,0.27628288486545965,0.020959357277882795,low,1.0
62298635,3,0.5605,10,0.3326454608419793,0.0489,31.74,31.74,37.53,0.02142857142857143,0.42300118156754624,0.4,0.45332956076484865,0.04861458437531259,0.07450378071833647,high,1.0
62298634,14,0.6158,12,0.14040827253463078,0.0489,92.25,92.25,94.4,0.1,0.4956019430221872,0.5333333333333333,0.1913466218248811,0.04861458437531259,0.21748582230623817,medium,1.0
62299085,7,0.6061,10,0.21526677684319687,0.0489,79.63,80.63,79.63,0.05,0.482867270578968,0.4,0.29336460875076814,0.04861458437531259,0.18766540642722115,high,0.9998
428732053,12,0.5653,12,0.1512747265105156,0.0489,10.99,10.99,16.76,0.08571428571428572,0.42930287514769594,0.5333333333333333,0.20615554393576163,0.04861458437531259,0.025472589792060487,medium,1.0
15212773,26,0.6046,13,0.3591630643483067,0.2971,54.08,63.75,54.08,0.18571428571428572,0.4808979913351713,0.6,0.4894680403244088,0.29688906672001597,0.12729206049149336,medium,1.0
"[62298633, 79639781]",140,0.629,18,0.130168457466008,0.1022,2.97,2.97,13.15,1.0,0.5129316003675988,0.9333333333333333,0.1773916900580341,0.10193057917375213,0.006521739130434782,low,1.0
62298634,14,0.6158,12,0.14040827253463078,0.0489,92.25,92.25,94.4,0.1,0.4956019430221872,0.5333333333333333,0.1913466218248811,0.04861458437531259,0.21748582230623817,medium,1.0
44335829,46,0.7781,12,0.03507259053892105,0.1374,9.6,58.55,9.6,0.32857142857142857,0.7086779572009978,0.5333333333333333,0.04779400441788292,0.1371411423427028,0.02218809073724007,low,1.0
"[1335732384, 911569192, 448349943, 335727767, 335727768, 70688313]",52,0.8753,12,0.08756364671286485,0.4764,2.55,2.55,3.38,0.37142857142857144,0.8362872521990284,0.5333333333333333,0.11932938883333967,0.4762428728618585,0.00552930056710775,low,1.0
"[44508938, 511326142]",71,0.7854,18,0.08719882798602342,0.3036,7.59,7.59,15.1,0.5071428571428571,0.7182617828541419,0.9333333333333333,0.11883220988955775,0.3033910173051915,0.017438563327032135,low,1.0
29974989,0,0.7621,10,0.04407577907635956,0.2139,54.23,54.23,56.74,0.0,0.6876723119338323,0.4,0.06006364804738562,0.21366409922976892,0.12764650283553872,medium,0.9589
807334396,0,0.7699,8,0.08591062888878834,0.0681,14.94,149.88,14.94,0.0,0.6979125640015755,0.26666666666666666,0.11707663809616527,0.06782034610383114,0.03480623818525519,medium,1.0
137519639,0,0.5197,11,0.17182872106130292,0.2662,87.45,87.45,151.14,0.0,0.3694367861362742,0.4666666666666667,0.23416675210409033,0.26597979393818144,0.20614366729678638,high,0.7627
137519639,0,0.5044,12,0.17032367495419928,0.1528,90.84,97.54,90.84,0.0,0.349350137849547,0.5333333333333333,0.23211565883826096,0.15254576372911874,0.21415406427221173,high,0.6727
109462886,0,1.0,12,0.1254692365391513,0.0452,33.04,33.04,37.89,0.0,1.0,0.5333333333333333,0.17098754047601977,0.04491347404221266,0.07757561436672966,low,1.0
109462900,0,0.5365,12,0.17171129568690638,0.0452,44.92,44.92,48.77,0.0,0.3914927136667979,0.5333333333333333,0.23400672352189242,0.04491347404221266,0.10564744801512287,medium,0.9944
"[44572476, 137216215]",0,0.5366,12,0.1774980593537081,0.0003,108.08,108.08,115.83,0.0,0.39162399894971767,0.5333333333333333,0.24189298822295488,0.0,0.2548913043478261,high,0.9993
109462895,0,0.5403,12,0.1387504056496674,0.0588,39.4,39.4,96.45,0.0,0.39648155441774974,0.5333333333333333,0.1890872627345913,0.058517555266579965,0.09260396975425329,medium,0.9999
109462900,0,0.5365,12,0.1717112956869064,0.0452,44.92,44.92,48.77,0.0,0.3914927136667979,0.5333333333333333,0.23400672352189247,0.04491347404221266,0.10564744801512287,medium,0.9944
1253915891,0,0.3903,10,0.48102023689744167,0.2014,76.12,76.12,98.62,0.0,0.19955363003807267,0.4,0.655536325427998,0.2011603481044313,0.17937145557655956,high,1.0
109462891,0,0.4448,10,0.3842635512571713,0.189,102.38,102.38,146.1,0.0,0.27110410922935535,0.4,0.5236752579138327,0.18875662698809642,0.24142249527410206,high,1.0
109462895,0,0.5403,12,0.13875040564966734,0.0588,39.4,39.4,96.45,0.0,0.39648155441774974,0.5333333333333333,0.18908726273459123,0.058517555266579965,0.09260396975425329,medium,0.9999
"[982244933, 109462887]",0,0.5396,12,0.16297006090831076,0.0292,12.42,12.42,78.27,0.0,0.3955625574373112,0.5333333333333333,0.22209407333477357,0.02890867260178053,0.028851606805293,medium,1.0
"[982244933, 109462887]",0,0.5396,12,0.1629700609083108,0.0292,12.42,12.42,78.27,0.0,0.3955625574373112,0.5333333333333333,0.22209407333477363,0.02890867260178053,0.028851606805293,medium,1.0
109462899,0,0.5504,12,0.1871298707262793,0.1762,32.57,32.57,34.91,0.0,0.409741367992648,0.5333333333333333,0.25501932591505244,0.17595278583575072,0.07646502835538752,medium,1.0
554230311,0,0.5134,10,0.17831827887526758,0.0246,91.61,91.61,103.49,0.0,0.3611658133123276,0.4,0.24301079234153433,0.024307292187656294,0.2159735349716446,high,1.0
109462896,0,0.5218,10,0.4928791558139502,0.3319,108.22,108.22,121.85,0.0,0.3721937770775896,0.4,0.6716977895950169,0.3316995098529558,0.2552221172022684,high,1.0
109462899,0,0.5504,12,0.18712987072627926,0.1762,32.57,32.57,34.91,0.0,0.409741367992648,0.5333333333333333,0.2550193259150524,0.17595278583575072,0.07646502835538752,medium,1.0
198644581,0,0.5399,12,0.1400923711454397,0.4768,18.92,18.92,96.44,0.0,0.3959564132860707,0.5333333333333333,0.19091610796289524,0.4766429928978693,0.044210775047258975,medium,0.6056
109462894,0,0.5603,12,0.16622523989562638,0.0686,35.99,35.99,125.09,0.0,0.4227386110017067,0.5333333333333333,0.22653026679651478,0.06832049614884465,0.08454631379962192,medium,0.9999
198644581,0,0.5399,12,0.14009237114543974,0.4768,18.92,18.92,96.44,0.0,0.3959564132860707,0.5333333333333333,0.1909161079628953,0.4766429928978693,0.044210775047258975,medium,0.6056
656511223,0,0.3917,10,0.5009683380371259,0.4768,83.52,83.52,154.34,0.0,0.2013916239989497,0.4,0.6827218154409437,0.4766429928978693,0.19685727788279772,high,1.0
4261173,0,0.7693,9,0.09419403292533089,0.0029,17.32,17.32,23.67,0.0,0.6971248523040565,0.3333333333333333,0.12836535154972992,0.0026007802340702207,0.04043005671077504,medium,1.0
109462894,0,0.5603,12,0.16622523989562635,0.0686,35.99,35.99,125.09,0.0,0.4227386110017067,0.5333333333333333,0.22653026679651475,0.06832049614884465,0.08454631379962192,medium,0.9999
112538800,0,0.7588,10,0.058493950174901124,0.0615,98.12,98.12,102.45,0.0,0.6833398975974793,0.4,0.07971288902825169,0.06121836550965289,0.23135633270321362,medium,1.0
334731364,0,0.9508,7,0.0010653160170426875,0.5,72.5,74.99,72.5,0.0,0.9354076408034657,0.2,0.0014485194312020134,0.4998499549864959,0.17081758034026465,low,0.9913
7972767,0,0.4541,6,0.4438089201539712,0.1005,79.47,86.97,79.47,0.0,0.28331364054089536,0.13333333333333333,0.6048243367221803,0.10023006902070622,0.18728733459357277,high,1.0
252387586,0,0.7179,6,0.20158867458541452,0.1461,83.73,83.73,83.96,0.0,0.6296442168832873,0.13333333333333333,0.27472394166565633,0.14584375312593778,0.19735349716446124,high,1.0
252387586,0,0.8807,6,0.0719358308016281,0.1648,82.0,229.7,82.0,0.0,0.8433766574766969,0.13333333333333333,0.09803163069565429,0.16454936480944282,0.19326559546313798,medium,0.8047
7972761,0,0.4336,6,0.49599648946332364,0.2036,143.65,148.21,143.65,0.0,0.25640015754233947,0.13333333333333333,0.675946125925309,0.20336100830249074,0.33894139886578445,high,1.0
7972768,0,0.3579,6,0.5334113963255257,0.1874,168.88,176.46,168.88,0.0,0.15701719837206246,0.13333333333333333,0.7269355694675923,0.18715614684405324,0.39855860113421543,high,1.0
34083903,0,0.4807,6,0.43457723249240215,0.1874,143.88,152.4,143.88,0.0,0.3182355257975581,0.13333333333333333,0.5922432919917147,0.18715614684405324,0.339484877126654,high,1.0
252387586,0,0.6787,7,0.20414929110052846,0.1334,84.71,86.07,84.71,0.0,0.5781803859787317,0.2,0.27821357780752104,0.13313994198259477,0.19966918714555765,high,1.0
7972761,0,0.4066,6,0.47273465531492476,0.1874,147.19,163.25,147.19,0.0,0.22095313115399762,0.13333333333333333,0.6442446443910065,0.18715614684405324,0.34730623818525513,high,1.0
"[1107709922, 7972765]",0,0.3533,7,0.5875067223659192,0.1228,165.48,188.33,165.48,0.0,0.15097807535775237,0.2,0.8006572703713726,0.1225367610283085,0.39052457466918705,high,1.0
807334403,0,0.4511,6,0.2078378477625104,0.447,142.45,142.53,142.45,0.0,0.2793750820533018,0.13333333333333333,0.28324038309561983,0.4468340502150645,0.3361058601134215,high,1.0
"[7972777, 1107709923]",0,0.3606,6,0.6268555811567907,0.237,131.78,142.56,131.78,0.0,0.16056190101089662,0.13333333333333333,0.854282324715617,0.2367710313093928,0.3108931947069943,high,1.0
4353021,0,0.5395,7,0.2874860719164859,0.1428,88.87,88.87,131.64,0.0,0.39543127215439144,0.2,0.3917858525177304,0.14254276282884867,0.2094990548204159,high,1.0
549913120,0,1.0,7,0.20414929110052846,0.1334,30.06,30.06,119.3,0.0,1.0,0.2,0.27821357780752104,0.13313994198259477,0.07053402646502835,medium,1.0
44737268,0,1.0,7,0.2874860719164859,0.5,9.7,9.7,12.91,0.0,1.0,0.2,0.3917858525177304,0.4998499549864959,0.022424385633270316,medium,1.0
7972776,0,0.9876,7,0.0004249282999441777,0.5,106.9,107.54,106.9,0.0,0.9837206249179468,0.2,0.000575792059023158,0.4998499549864959,0.2521030245746692,low,0.7195
554230313,0,0.9152,7,0.0004249282999441777,0.5,129.65,129.73,129.65,0.0,0.8886700800840226,0.2,0.000575792059023158,0.4998499549864959,0.30586011342155006,medium,0.9999
44508935,0,1.0,7,0.0010653160170426875,0.5,75.84,76.07,75.84,0.0,1.0,0.2,0.0014485194312020134,0.4998499549864959,0.17870982986767486,low,0.9997
44508934,0,0.9955,6,0.0010653160170426875,0.5,75.54,75.54,75.86,0.0,0.9940921622686097,0.13333333333333333,0.0014485194312020134,0.4998499549864959,0.17800094517958412,low,0.6821
436761533,0,0.9789,6,0.49204833318554764,0.4822,108.83,108.83,109.84,0.0,0.9722988053039253,0.13333333333333333,0.6705655354466742,0.48204461338401516,0.25666351606805293,high,1.0
131451859,0,0.9078,6,0.0004249282999441777,0.5,161.98,161.98,162.14,0.0,0.8789549691479585,0.13333333333333333,0.000575792059023158,0.4998499549864959,0.38225425330812846,medium,0.9998
4526344,0,0.3695,6,0.49204833318554764,0.254,100.53,102.69,100.53,0.0,0.1722462911907575,0.13333333333333333,0.6705655354466742,0.25377613283985195,0.23705103969754251,high,1.0
"[1334350034, 252387427]",0,0.6944,7,0.2389146143082392,0.5942,185.75,186.05,185.75,0.0,0.5987921753971379,0.2,0.32559213981911367,0.5940782234670401,0.4384215500945179,high,1.0
4526344,0,0.3848,7,0.4778057462648235,0.373,83.77,93.68,83.77,0.0,0.1923329394774845,0.2,0.6511555825002463,0.3728118435530659,0.19744801512287333,high,1.0
7726313,0,0.5408,6,0.4812994325338995,0.0542,74.57,87.38,74.57,0.0,0.3971379808323486,0.13333333333333333,0.6559168162894305,0.05391617485245573,0.1757088846880907,high,1.0
"[398715610, 164369271]",0,0.6964,8,0.26091472172105584,0.5,71.87,72.0,71.87,0.0,0.6014178810555336,0.26666666666666666,0.35557412638349134,0.4998499549864959,0.16932892249527412,high,0.9869
436761532,0,1.0,7,0.2389146143082392,0.5942,178.29,178.29,178.86,0.0,1.0,0.2,0.32559213981911367,0.5940782234670401,0.42079395085066157,high,0.8307
6601764,0,0.6266,8,0.24221792436312806,0.5,96.23,112.51,96.23,0.0,0.509780753577524,0.26666666666666666,0.3300939268252059,0.4998499549864959,0.22689035916824196,high,1.0
"[1334350033, 164369277]",0,0.9806,9,0.24221792436312806,0.5,121.51,122.09,121.51,0.0,0.9745306551135616,0.3333333333333333,0.3300939268252059,0.4998499549864959,0.2866257088846881,medium,1.0
437157170,0,1.0,8,0.025751687794337747,0.5,208.12,208.19,208.12,0.0,1.0,0.26666666666666666,0.03509137639829595,0.4998499549864959,0.49128071833648385,medium,1.0
437157172,0,0.6624,11,0.030555276432376967,0.4379,142.22,152.53,142.22,0.0,0.5567808848628069,0.4666666666666667,0.04163775943652542,0.4377313193958187,0.33556238185255194,medium,1.0
437157175,0,0.7977,8,0.025751687794337747,0.5,241.59,254.66,241.59,0.0,0.7344098726532754,0.26666666666666666,0.03509137639829595,0.4998499549864959,0.5703686200378071,high,0.9547
44336478,0,0.5538,7,0.16015168787986542,0.2427,17.39,17.39,23.64,0.0,0.4142050676119206,0.2,0.2182531638025308,0.24247274182254677,0.04059546313799622,high,1.0
123625796,0,0.6642,8,0.23362856624703954,0.0388,88.35,88.35,99.76,0.0,0.559144019955363,0.26666666666666666,0.31838825581183766,0.03851155346603981,0.20827032136105858,high,1.0
43405582,0,0.6537,10,0.0970430355450304,0.1864,46.05,46.05,50.05,0.0,0.5453590652487855,0.4,0.1322480034233269,0.18615584675402622,0.10831758034026463,medium,1.0
43405584,0,0.5555,12,0.16109974128089252,0.1152,23.11,23.11,25.45,0.0,0.416436917421557,0.5333333333333333,0.21954518132765197,0.11493448034410322,0.054111531190926265,medium,1.0
437157171,0,0.6573,11,0.18394911020032706,0.4056,153.69,163.34,153.69,0.0,0.5500853354338978,0.4666666666666667,0.2506845507449073,0.4054216264879464,0.3626654064272211,medium,0.7198
43405582,0,0.5114,8,0.16842608425324726,0.237,145.43,145.43,146.25,0.0,0.3585401076539319,0.26666666666666666,0.2295296015144005,0.2367710313093928,0.3431474480151228,high,1.0
133150561,0,0.5142,8,0.39283356572638867,0.1864,74.22,74.22,90.43,0.0,0.3622160955756859,0.26666666666666666,0.5353545671940642,0.18615584675402622,0.17488185255198488,high,1.0
7971516,0,0.8141,8,0.07168957200462182,0.2328,25.06,25.06,27.62,0.0,0.7559406590521204,0.26666666666666666,0.09769602651860829,0.2325697709312794,0.05871928166351606,medium,0.9999
262302254,0,0.7959,8,0.033927065846513026,0.0078,41.32,41.32,43.01,0.0,0.7320467375607195,0.26666666666666666,0.04623287086101075,0.00750225067520256,0.09714083175803402,medium,1.0
7971535,0,0.7524,11,0.09434931995113709,0.1871,10.28,10.28,18.34,0.0,0.674937639490613,0.4666666666666667,0.1285769784038166,0.1868560568170451,0.02379489603024574,low,0.993
262302254,0,0.7959,8,0.033927065846513026,0.0078,41.32,41.32,43.01,0.0,0.7320467375607195,0.26666666666666666,0.04623287086101075,0.00750225067520256,0.09714083175803402,medium,1.0
7971535,0,0.7524,11,0.09434931995113707,0.1871,10.28,10.28,18.34,0.0,0.674937639490613,0.4666666666666667,0.1285769784038166,0.1868560568170451,0.02379489603024574,low,0.993
43759950,0,0.9501,9,0.26250446090890567,0.1871,25.22,30.99,25.22,0.0,0.9344886438230273,0.3333333333333333,0.35774064030438296,0.1868560568170451,0.05909735349716445,medium,1.0
"[164369273, 164369279]",0,0.7216,9,0.26250446090890567,0.0004,18.66,19.97,18.66,0.0,0.6345017723513194,0.3333333333333333,0.35774064030438296,0.00010003000900270085,0.04359640831758033,high,0.995
32840922,0,0.8889,6,0.11231930353827262,0.0004,94.92,96.8,94.92,0.0,0.8541420506761193,0.13333333333333333,0.15306666822040857,0.00010003000900270085,0.22379489603024574,high,0.9999
164369273,0,0.8601,7,0.044946365831994024,0.3954,196.28,198.15,196.28,0.0,0.816331889195221,0.2,0.06125009318243761,0.39521856556967083,0.46330340264650277,high,0.9258
7971519,0,0.5523,9,0.1674987342562529,0.2279,97.22,97.22,104.94,0.0,0.4122357883681239,0.3333333333333333,0.2282657988143208,0.22766830049014702,0.2292296786389414,high,1.0
32840922,0,0.4269,7,0.4689909370943088,0.2497,104.28,111.78,104.28,0.0,0.2476040435867139,0.2,0.6391426643285849,0.24947484245273582,0.24591209829867675,high,1.0
7971519,0,0.5523,9,0.1674987342562529,0.2279,97.22,97.22,104.94,0.0,0.4122357883681239,0.3333333333333333,0.2282657988143208,0.22766830049014702,0.2292296786389414,high,1.0
7971518,0,0.7945,8,0.08190757980394459,0.2994,60.01,60.01,63.77,0.0,0.7302087435998424,0.26666666666666666,0.11162123910077627,0.2991897569270781,0.14130434782608695,medium,1.0
14567503,0,0.5397,9,0.37869383491691844,0.3259,92.16,99.11,92.16,0.0,0.39569384272023095,0.3333333333333333,0.5160847876789659,0.32569770931279385,0.21727315689981094,high,1.0
53321077,0,0.9879,6,0.11231930353827262,0.0352,137.68,138.05,137.68,0.0,0.984114480766706,0.13333333333333333,0.15306666822040857,0.03491047314194258,0.3248345935727788,high,0.9998
14567697,0,1.0,10,0.06840777911798684,0.0344,45.33,45.33,48.17,0.0,1.0,0.4,0.09322356334432222,0.034110233069920975,0.10661625708884687,low,0.9996
44336478,0,0.6938,8,0.037427476660048045,0.3639,94.85,94.85,106.89,0.0,0.5980044636996192,0.26666666666666666,0.05100326893279784,0.3637091127338201,0.22362948960302456,medium,0.9997
11341864,0,1.0,5,0.04333533893194676,0.5,308.1,308.1,308.23,0.0,1.0,0.06666666666666667,0.059054568134958574,0.4998499549864959,0.7275283553875237,high,1.0
436766213,0,1.0,6,0.025751687794337747,0.5,119.97,119.97,120.73,0.0,1.0,0.13333333333333333,0.03509137639829595,0.4998499549864959,0.2829867674858223,medium,1.0
436766214,0,1.0,7,0.26091472172105584,0.5,30.89,30.89,32.02,0.0,1.0,0.2,0.35557412638349134,0.4998499549864959,0.07249527410207939,medium,1.0
76817092,0,0.9664,6,0.26091472172105584,0.5,80.58,80.58,82.37,0.0,0.9558881449389522,0.13333333333333333,0.35557412638349134,0.4998499549864959,0.1899102079395085,medium,0.7446
334731364,0,1.0,7,0.0010653160170426875,0.5,67.97,67.97,68.43,0.0,1.0,0.2,0.0014485194312020134,0.4998499549864959,0.1601134215500945,low,0.9999
"[136124312, 252387427, 417038678]",0,0.8864,7,0.09525740963318657,0.0123,11.43,14.33,11.43,0.0,0.8508599186031244,0.2,0.12981453293641843,0.012003601080324097,0.026512287334593567,medium,1.0
112538811,0,0.9869,6,0.0004249282999441777,0.5,129.56,129.56,130.47,0.0,0.982801627937508,0.13333333333333333,0.000575792059023158,0.4998499549864959,0.30564744801512284,medium,1.0
554230310,0,0.9999,7,0.0004249282999441777,0.5,115.16,115.16,115.63,0.0,0.9998687147170803,0.2,0.000575792059023158,0.4998499549864959,0.27162098298676746,low,0.5746
334731365,0,1.0,6,0.2874860719164859,0.5,20.18,20.18,28.17,0.0,1.0,0.13333333333333333,0.3917858525177304,0.4998499549864959,0.04718809073724007,medium,1.0
428829151,0,1.0,6,0.20414929110052846,0.1365,29.65,144.42,29.65,0.0,1.0,0.13333333333333333,0.27821357780752104,0.13624087226167853,0.06956521739130433,medium,0.9906
428829150,0,0.8885,6,0.20414929110052846,0.1365,73.61,90.1,73.61,0.0,0.8536169095444399,0.13333333333333333,0.27821357780752104,0.13624087226167853,0.17344045368620037,high,1.0
238876140,0,1.0,4,0.0513820598513373,0.5,423.41,429.71,423.41,0.0,1.0,0.0,0.07002072725252338,0.4998499549864959,1.0,high,1.0
398750052,0,1.0,8,0.029341771443755688,0.5,39.01,39.01,39.05,0.0,1.0,0.26666666666666666,0.03998398158981124,0.4998499549864959,0.09168241965973534,low,1.0
"[398750051, 339798870]",0,0.7081,10,0.0932030374398261,0.2294,26.15,55.77,26.15,0.0,0.6167782591571483,0.4,0.1270148120830701,0.22916875062518755,0.06129489603024574,medium,0.9991
71270640,0,1.0,8,0.029341771443755688,0.5,44.97,44.97,45.46,0.0,1.0,0.26666666666666666,0.03998398158981124,0.4998499549864959,0.10576559546313798,low,1.0
15208903,0,0.8635,8,0.08223703089454322,0.5,104.23,104.23,108.19,0.0,0.8207955888144938,0.26666666666666666,0.11207021864376675,0.4998499549864959,0.24579395085066164,medium,1.0
302574190,0,1.0,5,0.12397059495971328,0.5,121.09,125.39,121.09,0.0,1.0,0.06666666666666667,0.1689451753704134,0.4998499549864959,0.28563327032136104,medium,0.9795
"[309138896, 309138893, 302574190]",0,0.994,6,0.0068349486837893225,0.7057,171.86,177.64,171.86,0.0,0.9921228830248129,0.13333333333333333,0.0093114378183648,0.7056116835050515,0.40560018903591677,medium,1.0
339798889,0,1.0,6,0.00016675114818705646,0.5,262.25,262.25,275.78,0.0,1.0,0.13333333333333333,0.00022394541800622281,0.4998499549864959,0.619187145557656,high,0.8572
15107765,0,1.0,8,0.0899063419999941,0.5,60.44,60.44,62.55,0.0,1.0,0.26666666666666666,0.12252203954659124,0.4998499549864959,0.142320415879017,low,0.9996
44508943,0,1.0,6,0.12397059495971328,0.1206,85.19,85.19,87.22,0.0,1.0,0.13333333333333333,0.1689451753704134,0.12033610083024908,0.20080340264650282,medium,0.9303
219291921,0,0.8145,6,0.12397059495971328,0.1165,165.04,165.04,165.06,0.0,0.7564658001837994,0.13333333333333333,0.1689451753704134,0.11623487046113835,0.38948487712665397,high,1.0
15107802,0,1.0,6,0.12397059495971328,0.5,57.79,57.96,57.79,0.0,1.0,0.13333333333333333,0.1689451753704134,0.4998499549864959,0.13605860113421547,medium,0.9999
24617319,0,1.0,7,0.07182818499525984,0.5,17.45,17.45,18.67,0.0,1.0,0.2,0.097884929815532,0.4998499549864959,0.040737240075614356,low,1.0
107088314,0,0.8343,10,0.07182818499525984,0.5,64.22,64.22,64.22,0.0,0.7824602862019169,0.4,0.097884929815532,0.4998499549864959,0.1512523629489603,low,0.9999
"[309548995, 309548997, 1501521129, 1501521130, 241777004]",0,1.0,4,0.021709964317731575,0.5,331.59,333.33,331.59,0.0,1.0,0.0,0.02958327151959246,0.4998499549864959,0.7830340264650283,high,1.0
1117757412,0,0.9484,6,0.0022634180351408326,0.5,110.15,110.61,110.15,0.0,0.932256794013391,0.13333333333333333,0.00308130594152812,0.4998499549864959,0.2597826086956522,medium,1.0
41280019,0,1.0,6,0.0022634180351408326,0.5,81.61,82.71,81.61,0.0,1.0,0.13333333333333333,0.00308130594152812,0.4998499549864959,0.19234404536862004,medium,0.5559
241919499,0,1.0,6,0.3456799654554093,0.0587,161.15,161.15,166.31,0.0,1.0,0.13333333333333333,0.4710931259538762,0.05841752525757727,0.38029300567107743,high,1.0
4353019,0,0.3767,7,0.455721012981848,0.0577,90.59,90.59,241.08,0.0,0.18169883156098196,0.2,0.6210582668761284,0.05741722516755026,0.2135633270321361,high,1.0
14567386,0,0.3484,8,0.49593938964217976,0.0608,145.81,145.81,208.22,0.0,0.14454509649468292,0.26666666666666666,0.6758683096656771,0.060518155446633984,0.34404536862003776,high,1.0
4353020,0,0.3176,8,0.5849955338694605,0.0537,150.89,150.89,249.04,0.0,0.10410922935538923,0.26666666666666666,0.7972349952729527,0.053416024807442224,0.3560491493383742,high,1.0
14567386,0,0.3739,8,0.49418914453407115,0.0064,187.27,187.27,198.81,0.0,0.17802284363922802,0.26666666666666666,0.6734830565243625,0.006101830549164749,0.4420132325141777,high,1.0
4353021,0,0.4874,8,0.398429567988332,0.0505,97.05,97.05,108.35,0.0,0.3270316397531836,0.26666666666666666,0.5429808601699825,0.050215064519355805,0.22882797731568996,high,1.0
14567386,0,0.3615,8,0.5425934568964178,0.1377,159.94,159.94,173.99,0.0,0.1617434685571747,0.26666666666666666,0.7394489818570886,0.1374412323697109,0.37743383742911146,high,1.0
23573546,0,0.4311,8,0.47439190321224506,0.0865,169.04,169.04,176.71,0.0,0.2531180254693448,0.26666666666666666,0.6465031599181786,0.08622586776032809,0.39893667296786384,high,1.0
807334403,0,0.7651,8,0.06626928852308536,0.0266,41.02,41.02,44.28,0.0,0.6916108704214257,0.26666666666666666,0.09030920501500643,0.02630789236771031,0.09643194706994328,medium,0.9995
14567386,0,0.424,10,0.5119074334837707,0.2683,97.41,97.41,203.67,0.0,0.24379677038204012,0.4,0.697629734141226,0.26808042412723815,0.22967863894139884,high,1.0
23573546,0,0.4124,8,0.4624108679447764,0.3234,195.1,195.1,243.67,0.0,0.22856767756334512,0.26666666666666666,0.6301752742548881,0.32319695908772633,0.46051512287334584,high,1.0
109462896,0,0.6998,6,0.21080653695734722,0.3427,13.44,13.44,259.39,0.0,0.6058815806748062,0.13333333333333333,0.28728614514047046,0.34250275082524756,0.031261814744801504,high,0.9987
4353020,0,0.3623,7,0.5526561213173481,0.0537,103.43,103.43,115.26,0.0,0.16279375082053302,0.2,0.7531624907872502,0.053416024807442224,0.24390359168241965,high,1.0
109462896,0,0.3132,7,0.539758929885656,0.0537,82.12,82.12,204.38,0.0,0.09833267690691869,0.2,0.7355860575013867,0.053416024807442224,0.1935491493383743,high,1.0
4353021,0,0.4067,8,0.5026272519863263,0.3561,222.46,222.46,237.03,0.0,0.2210844164369174,0.26666666666666666,0.6849826014818068,0.3559067720316095,0.5251654064272211,high,1.0
109462896,0,0.3647,8,0.508137931807574,0.0256,150.0,150.0,164.87,0.0,0.16594459761060787,0.26666666666666666,0.6924926161040529,0.025307592277683304,0.3539461247637051,high,1.0
23573546,0,0.4906,8,0.47264411872259754,0.3886,173.71,173.71,180.66,0.0,0.33123276880661673,0.26666666666666666,0.6441212601345662,0.3884165249574872,0.4099716446124763,high,1.0
109462896,0,0.3829,7,0.536648769259708,0.1623,238.14,238.14,246.73,0.0,0.18983851910200866,0.2,0.7313474966457291,0.1620486145843753,0.5622164461247636,high,1.0
109462896,0,0.3454,7,0.5367502080634052,0.1213,170.09,170.09,182.62,0.0,0.14060653800708936,0.2,0.7314857385548474,0.12103631089326798,0.4014177693761814,high,1.0
6601773,0,0.4156,6,0.488350773347498,0.0636,156.06,156.06,162.69,0.0,0.23276880661677826,0.13333333333333333,0.6655264605319398,0.06331899569870962,0.3682655954631379,high,1.0
807334397,0,0.4687,7,0.1915874931892499,0.0636,188.21,188.63,188.21,0.0,0.3024812918471839,0.2,0.2610942224728753,0.06331899569870962,0.44423440453686197,high,1.0
4353021,0,0.4381,8,0.49301743697577205,0.1213,81.55,81.55,94.89,0.0,0.2623079952737298,0.26666666666666666,0.6718862406720073,0.12103631089326798,0.19220226843100188,high,1.0
807334397,0,0.4838,7,0.17344692627653277,0.1957,85.12,85.12,85.4,0.0,0.3223053695680714,0.2,0.23637205983786813,0.1954586375912774,0.20063799621928166,high,1.0
807334397,0,0.4965,7,0.19079327075947383,0.3947,18.33,18.33,24.37,0.0,0.338978600498884,0.2,0.26001184747479683,0.39451835550665193,0.042816635160680516,high,1.0
554230311,0,0.5186,10,0.17436014179480827,0.1762,54.16,54.16,56.67,0.0,0.3679926480241564,0.4,0.23761659991603915,0.17595278583575072,0.12748109640831756,high,0.9922
554230312,0,0.4208,8,0.4677079491349953,0.0682,170.2,175.37,170.2,0.0,0.23959564132860706,0.26666666666666666,0.6373941943308437,0.06792037611283384,0.40167769376181467,high,1.0
4487907,15,0.6969,7,0.1793003197808512,0.1211,42.6,42.6,46.24,0.10714285714285714,0.6020743074701325,0.2,0.24434912840891754,0.12083625087526258,0.10016540642722116,high,0.9937
109462880,0,0.4442,8,0.4825201809956809,0.0785,75.47,80.1,75.47,0.0,0.2703163975318366,0.26666666666666666,0.6575804656204467,0.07822346704011204,0.17783553875236294,high,1.0
"[44335073, 664910806]",0,0.9521,7,0.0029526209629412055,0.1395,65.52,65.52,66.31,0.0,0.937114349481423,0.2,0.004020559215782703,0.13924177253175954,0.1543241965973535,medium,0.9999
"[667036267, 23713173, 1446510102]",0,0.7692,6,0.09168140809030205,0.1395,29.63,29.63,53.5,0.0,0.6969935670211368,0.13333333333333333,0.1249411189934257,0.13924177253175954,0.06951795841209829,high,0.5773
"[30385992, 238871454]",0,0.7362,6,0.20179210848199539,0.1348,62.53,86.66,62.53,0.0,0.6536694236576078,0.13333333333333333,0.2750011836008695,0.1345403621086326,0.14725897920604913,high,1.0
"[30385993, 71270049, 24253765, 1454391431]",0,0.8766,6,0.022133405883477817,0.1083,21.03,21.03,24.02,0.0,0.8379939608769857,0.13333333333333333,0.0301603423082381,0.10803240972291688,0.04919659735349716,medium,1.0
14574477,0,0.4976,7,0.42130415152563705,0.1348,127.7,154.66,127.7,0.0,0.34042273861100164,0.2,0.5741545923437478,0.1345403621086326,0.3012523629489603,high,1.0
238871454,0,0.6889,6,0.2494613221722196,0.0836,69.77,69.77,70.11,0.0,0.5915714848365498,0.13333333333333333,0.33996530843792055,0.08332499749924976,0.16436672967863894,high,1.0
"[358916473, 238871462]",0,1.0,6,0.28693165794106057,1.0,190.45,190.45,309.14,0.0,1.0,0.13333333333333333,0.39103029109930654,1.0,0.4495274102079394,high,0.5145
43407369,23,0.6173,6,0.09974807580223245,0.1318,6.27,6.27,15.45,0.16428571428571428,0.4975712222659839,0.13333333333333333,0.13593446181762933,0.13153946183855156,0.01431947069943289,medium,0.6093
6601819,9,0.6354,6,0.25056702535626335,0.0245,143.49,143.49,147.49,0.06428571428571428,0.5213338584744649,0.13333333333333333,0.34147217280844977,0.024207262178653596,0.3385633270321361,high,1.0
15219110,4,0.3099,6,0.624666806532499,0.4374,90.83,90.83,101.89,0.02857142857142857,0.09400026257056583,0.13333333333333333,0.8512994387620814,0.4372311693508052,0.21413043478260868,high,1.0
1104089482,0,0.7217,7,0.17189678065773206,0.2697,59.73,69.51,59.73,0.0,0.6346330576342392,0.2,0.23425950446513227,0.26948084425327595,0.14064272211720225,high,0.9971
"[131543168, 44335076, 72147160, 43407367]",0,0.7101,6,0.1613301116226843,0.0892,12.88,15.58,12.88,0.0,0.619403964815544,0.13333333333333333,0.21985913254447229,0.08892667800340102,0.029938563327032132,high,0.9999
6601854,0,0.8346,6,0.019001978899588497,0.7865,39.54,39.54,65.84,0.0,0.7828541420506762,0.13333333333333333,0.02589279942780635,0.7864359307792338,0.09293478260869564,low,0.9908
43407373,0,0.9216,6,0.02396143477374553,0.8621,30.46,30.46,69.39,0.0,0.8970723381908888,0.13333333333333333,0.03265160003706952,0.8620586175852756,0.07147920604914933,low,1.0
131543170,16,0.6158,6,0.2377088547143386,0.0177,141.13,141.13,164.9,0.11428571428571428,0.4956019430221872,0.13333333333333333,0.3239489174808838,0.01740522156646994,0.33298676748582223,high,1.0
43407372,0,0.8405,6,0.10338112706050025,0.5,14.96,14.96,38.43,0.0,0.7905999737429434,0.13333333333333333,0.1408856237355763,0.4998499549864959,0.03485349716446125,medium,1.0
15219875,10,0.9277,7,0.007451280717891116,0.3112,23.05,23.05,30.76,0.07142857142857142,0.9050807404489957,0.2,0.010151381843132164,0.3109932979893968,0.05396975425330812,low,0.9998
355335571,8,0.6941,8,0.10780474813862272,0.3112,5.21,5.21,13.7,0.05714285714285714,0.5983983195483786,0.26666666666666666,0.14691418283492416,0.3109932979893968,0.011814744801512286,medium,1.0
"[44572745, 307263218]",8,0.6516,7,0.11937090088769006,0.0903,77.48,77.48,77.48,0.05714285714285714,0.54260207430747,0.2,0.16267666207273257,0.09002700810243074,0.1825850661625709,high,1.0
678638580,6,0.6512,7,0.0030891114273765476,0.0774,60.73,60.73,61.91,0.04285714285714286,0.542076933175791,0.2,0.004206569910825132,0.07712313694108232,0.1430056710775047,medium,0.676
6601819,6,0.5961,6,0.21183854005146413,0.4012,32.28,32.28,42.79,0.04285714285714286,0.46973874228698953,0.13333333333333333,0.28869257022384,0.40102030609182754,0.07577977315689981,high,1.0
"[1362928609, 1362928611, 43407370, 320844398, 307263217, 15218931, 307263220, 15218998]",40,0.7404,6,0.0452519427670242,0.0676,41.02,41.02,44.88,0.2857142857142857,0.6591834055402389,0.13333333333333333,0.06166653676557762,0.06732019605881764,0.09643194706994328,medium,1.0
131543170,10,0.6248,6,0.13560307563606355,0.067,46.66,46.66,47.6,0.07142857142857142,0.5074176184849678,0.13333333333333333,0.18479804703164615,0.06672001600480144,0.10975897920604913,high,1.0
"[44572161, 656037732]",0,0.8828,6,0.015961925919620586,0.8027,48.12,48.12,49.36,0.0,0.8461336484180124,0.13333333333333333,0.021749782037477853,0.8026407922376713,0.11320888468809072,low,0.9997
4487907,5,0.5899,5,0.21750338378985937,0.005,94.51,95.29,94.51,0.03571428571428571,0.4615990547459629,0.06666666666666667,0.29641268111543134,0.0047014104231269385,0.22282608695652173,high,1.0
6601805,7,0.5774,7,0.39992474304365766,0.0019,43.74,43.74,51.05,0.05,0.4451883943809899,0.2,0.5450185010586833,0.001600480144043213,0.10285916824196596,high,1.0
67605423,12,0.662,7,0.10048855341055363,0.1736,7.7,17.16,7.7,0.08571428571428572,0.5562557437311277,0.2,0.1369435927862797,0.17335200560168051,0.017698487712665405,medium,0.9983
44536106,3,0.8347,8,0.013079409751925333,0.1336,18.77,18.77,30.94,0.02142857142857143,0.7829854273335959,0.26666666666666666,0.017821457534794166,0.13334000200060017,0.0438563327032136,medium,0.9294
14573574,2,0.831,7,0.07901685287532252,0.1336,35.07,35.07,40.57,0.014285714285714285,0.7781278718655639,0.2,0.10768172488346203,0.13334000200060017,0.08237240075614366,medium,1.0
1362928610,2,0.8635,7,0.01551674319428788,0.0298,41.57,41.57,45.56,0.014285714285714285,0.8207955888144938,0.2,0.021143082159192604,0.029508852655796735,0.09773156899810963,medium,1.0
6601809,13,0.5179,8,0.3877262519076071,0.0298,27.14,39.28,27.14,0.09285714285714286,0.367073651043718,0.26666666666666666,0.5283942641636543,0.029508852655796735,0.06363421550094517,high,1.0
15218992,2,1.0,8,0.01551674319428788,0.0298,53.27,53.27,56.91,0.014285714285714285,1.0,0.26666666666666666,0.021143082159192604,0.029508852655796735,0.12537807183364838,medium,0.7162
307264977,12,0.731,8,0.10451286646657464,0.0713,11.4,11.4,17.85,0.08571428571428572,0.6468425889457791,0.26666666666666666,0.14242797055373463,0.07102130639191757,0.026441398865784494,medium,1.0
14577912,6,0.5043,7,0.49481091239909164,0.1836,55.41,55.41,55.55,0.04285714285714286,0.3492188525666272,0.2,0.6743304085588506,0.1833550065019506,0.13043478260869562,high,1.0
62695885,9,0.7616,8,0.1152172463277584,0.0713,9.76,9.76,15.8,0.06428571428571428,0.6870158855192334,0.26666666666666666,0.15701601629168574,0.07102130639191757,0.022566162570888462,medium,1.0
320844396,2,0.7932,8,0.001280898313306809,0.1336,30.41,30.41,37.94,0.014285714285714285,0.7285020349218851,0.26666666666666666,0.0017423173381314625,0.13334000200060017,0.0713610586011342,medium,0.9994
320844399,10,0.6359,7,0.12024547787063217,0.1336,5.78,5.78,8.71,0.07142857142857142,0.521990284889064,0.2,0.163868545133122,0.13334000200060017,0.013161625708884687,medium,0.7305
261406865,24,0.5799,7,0.20616763369441501,0.0802,51.42,51.42,56.49,0.17142857142857143,0.44847052645398444,0.2,0.2809641971293596,0.07992397719315794,0.12100661625708883,high,1.0
"[14574696, 307592940]",10,0.4935,8,0.5420644205448821,0.1547,110.15,110.15,139.37,0.07142857142857142,0.3350400420112905,0.26666666666666666,0.7387280053415572,0.15444633390017007,0.2597826086956522,high,1.0
966878783,19,0.7247,5,0.09598676264081228,0.005,56.36,56.36,61.36,0.1357142857142857,0.6385716161218327,0.06666666666666667,0.1308085031777902,0.0047014104231269385,0.13267958412098296,high,1.0
43405592,0,0.9022,7,0.10336429670083307,1.0,46.88,46.88,52.48,0.0,0.8716029933044505,0.2,0.14086268713767947,1.0,0.11027882797731568,low,1.0
43405596,1,0.9938,8,0.16290479062415533,1.0,38.35,38.35,50.3,0.007142857142857143,0.9918603124589733,0.26666666666666666,0.22200512227895006,1.0,0.09012287334593572,low,1.0
8029388,0,0.9818,6,0.32735505193438447,0.3625,98.75,98.83,98.75,0.0,0.9761060785085992,0.13333333333333333,0.44611973374849656,0.3623086926077823,0.23284499054820415,high,1.0
43405594,2,0.688,6,0.19232988910667267,0.0549,55.79,55.79,64.68,0.014285714285714285,0.5903899172902717,0.13333333333333333,0.2621059677341121,0.05461638491547464,0.13133270321361057,high,1.0
880527065,0,0.6683,10,0.193644144492978,0.5,92.95,97.53,92.95,0.0,0.5645267165550741,0.4,0.26389704932271435,0.4998499549864959,0.2191398865784499,medium,0.9997
880527065,0,0.3858,10,0.4116005399674726,0.2726,106.77,111.4,106.77,0.0,0.19364579230668236,0.4,0.5609304045748582,0.2723817145143543,0.25179584120982984,high,1.0
880527065,0,0.2828,10,0.507625785823362,0.2451,196.61,196.61,198.92,0.0,0.058421950899304166,0.4,0.6917946579655077,0.2448734620386116,0.46408317580340264,high,1.0
15106231,0,0.436,9,0.5377376580356956,0.5,205.41,205.41,205.86,0.0,0.2595510043324143,0.3333333333333333,0.7328314461573912,0.4998499549864959,0.4848771266540642,high,1.0
880527065,0,0.3698,10,0.5472631257347065,0.2799,38.33,38.33,39.75,0.0,0.17264014703951686,0.4,0.7458128575301729,0.2796839051715514,0.09007561436672966,high,1.0
880527065,0,0.4249,11,0.5364489436779741,0.3843,132.97,135.14,132.97,0.0,0.24497833792831822,0.4666666666666667,0.7310751721613825,0.38411523457037106,0.3137051039697542,high,1.0
880527065,0,0.4912,10,0.43245736460690876,0.4616,222.84,222.84,224.65,0.0,0.33202048050413546,0.4,0.5893543128940902,0.4614384315294588,0.526063327032136,high,1.0
880527065,0,0.4249,11,0.5364489436779741,0.3843,132.97,135.14,132.97,0.0,0.24497833792831822,0.4666666666666667,0.7310751721613825,0.38411523457037106,0.3137051039697542,high,1.0
880527065,0,0.4298,12,0.2900712391658088,0.0434,45.09,46.49,45.09,0.0,0.2514113167913877,0.5333333333333333,0.3953089466682032,0.043112933880164045,0.10604914933837428,high,1.0
993403294,0,0.4714,10,0.4350438197117536,0.2173,110.91,110.91,112.36,0.0,0.3060259944860181,0.4,0.5928791621481283,0.21706511953586075,0.261578449905482,high,1.0
44536104,4,0.8243,12,0.056353618120356753,0.0228,7.88,7.88,48.14,0.02857142857142857,0.7693317579099384,0.5333333333333333,0.07679602113763076,0.02250675202560768,0.018123818525519846,low,1.0
198753639,18,0.6631,9,0.1080686285297469,0.0802,10.2,10.2,16.55,0.12857142857142856,0.5576998818432454,0.3333333333333333,0.1472738019128146,0.07992397719315794,0.023605860113421542,medium,1.0
14574453,0,0.7388,6,0.18757994569649092,0.0811,49.84,53.14,49.84,0.0,0.6570828410135223,0.13333333333333333,0.25563269299806884,0.08082424727418226,0.11727315689981095,high,1.0
1259472699,0,0.8166,6,0.10822612115486739,0.1395,9.26,33.46,9.26,0.0,0.7592227911251149,0.13333333333333333,0.14748843458172603,0.13924177253175954,0.021384688090737236,medium,0.9908
62698875,0,0.6197,8,0.15736066153840986,0.1606,133.39,133.39,137.83,0.0,0.5007220690560588,0.26666666666666666,0.21444952263387018,0.16034810443132938,0.3146975425330812,high,1.0
15107393,0,0.9828,7,0.06632200861585075,0.0449,212.51,212.51,225.78,0.0,0.9774189313377969,0.2,0.09038105253298917,0.04461338401520456,0.5016540642722116,high,1.0
"[339798862, 62699838]",0,0.8764,6,0.14133750859999586,0.412,286.23,291.75,286.23,0.0,0.837731390311146,0.13333333333333333,0.19261299487952718,0.41182354706411917,0.675850661625709,high,1.0
554230311,0,0.4774,8,0.2029116009962615,0.3091,80.39,80.39,82.21,0.0,0.31390311146120514,0.26666666666666666,0.27652684022116825,0.3088926678003401,0.18946124763705102,high,1.0
656511222,0,0.443,8,0.45191278103388877,0.2374,153.39,153.39,190.66,0.0,0.26874097413679926,0.26666666666666666,0.6158683668017665,0.23717115134540362,0.36195652173913034,high,1.0
109462882,0,0.5661,8,0.33196631107883284,0.2629,148.93,156.8,148.93,0.0,0.43035315741105423,0.26666666666666666,0.452404008053138,0.2626788036410923,0.3514177693761814,high,1.0
137519638,0,0.3315,8,0.5181911172688195,0.1433,205.44,219.75,205.44,0.0,0.12235788368123933,0.26666666666666666,0.7061932070044711,0.14304291287386217,0.4849480151228733,high,1.0
420262318,0,0.5464,10,0.16115382061662048,0.1641,11.4,13.27,11.4,0.0,0.4044899566758566,0.4,0.2196188812367834,0.16384915474642392,0.026441398865784494,medium,0.9922
864835832,0,0.7683,10,0.14821099887240086,0.1683,86.66,106.34,86.66,0.0,0.6958119994748588,0.4,0.20198026246284684,0.16805041512453736,0.20427693761814744,medium,0.9999
"[912795009, 912795010]",3,0.6954,12,0.1250439807550866,0.1737,99.14,122.85,99.14,0.02142857142857143,0.6001050282263358,0.5333333333333333,0.17040799725084335,0.1734520356106832,0.23376654064272212,medium,1.0
912795014,0,1.0,8,0.5005903019546085,0.1569,105.94,105.94,106.7,0.0,1.0,0.26666666666666666,0.6822066237405484,0.1566469940982295,0.24983459357277882,high,1.0
912795015,0,0.5751,10,0.13951710307801196,0.0417,22.49,22.49,24.19,0.0,0.44216883287383474,0.4,0.1901321263602197,0.04141242372711813,0.05264650283553874,medium,0.9461
109462891,0,0.2974,8,0.5515496674195229,0.0253,169.85,203.13,169.85,0.0,0.07758960220559273,0.26666666666666666,0.7516546033357838,0.0250075022506752,0.4008506616257088,high,1.0
554230312,6,0.3434,8,0.4928864377287703,0.0253,196.47,196.47,210.12,0.04285714285714286,0.13798083234869365,0.26666666666666666,0.6717077134680327,0.0250075022506752,0.4637523629489602,high,1.0
423874152,0,0.4846,8,0.20579606223016353,0.0377,144.45,144.45,144.78,0.0,0.3233556518314296,0.26666666666666666,0.2804578154813135,0.037411223367010096,0.3408317580340264,high,1.0
1253915890,0,0.6404,8,0.3146301764106377,0.1353,77.25,84.4,77.25,0.0,0.5278981226204542,0.26666666666666666,0.4287781344632088,0.1350405121536461,0.18204158790170133,high,1.0
262609370,11,0.7314,10,0.13807490293170885,0.2971,88.48,88.48,94.13,0.07857142857142857,0.6473677300774583,0.4,0.1881666802558787,0.29688906672001597,0.20857750472589792,medium,1.0
1253915893,0,0.5022,10,0.36818431232164456,0.1641,85.12,102.34,85.12,0.0,0.34646186162531173,0.4,0.5017622955503158,0.16384915474642392,0.20063799621928166,high,1.0
1253915896,0,0.6223,8,0.3944806701106247,0.1449,170.71,175.78,170.71,0.0,0.5041354864119731,0.26666666666666666,0.537599259030865,0.14464339301790538,0.40288279773156893,high,1.0
1339262632,0,1.0,8,0.16021329779836085,0.1449,146.8,146.8,157.85,0.0,1.0,0.26666666666666666,0.2183371264720715,0.14464339301790538,0.3463846880907372,medium,0.8091
1339262633,0,0.886,8,0.022895922966681286,0.6689,57.17,57.17,59.71,0.0,0.8503347774714454,0.26666666666666666,0.031199508913870046,0.6688006401920576,0.13459357277882797,low,1.0
174814863,11,0.6357,8,0.33592514925903877,0.3781,166.46,173.26,166.46,0.07857142857142857,0.5217277143232244,0.26666666666666666,0.457799155945022,0.3779133740122036,0.3928402646502835,high,1.0
1339262631,0,0.494,8,0.39283164948061416,0.2631,199.95,208.46,199.95,0.0,0.3356964684258894,0.26666666666666666,0.5353519557134024,0.2628788636590977,0.47197542533081277,high,1.0
31784766,0,0.7616,8,0.1103547507608528,0.1865,15.7,15.7,19.55,0.0,0.6870158855192334,0.26666666666666666,0.15038935424769145,0.1862558767630289,0.03660207939508506,medium,1.0
1339262631,0,0.7659,8,0.2461102296103567,0.1865,103.79,109.95,103.79,0.0,0.6926611526847841,0.26666666666666666,0.33539840290966716,0.1862558767630289,0.24475425330812856,high,1.0
43405586,0,0.6779,7,0.012714296870396474,0.4008,78.65,78.65,93.2,0.0,0.5771301037153734,0.2,0.017323877713792832,0.4006201860558167,0.18534971644612477,medium,0.9995
43405588,0,0.9107,7,0.02186175104927749,0.5,67.1,69.47,67.1,0.0,0.8827622423526321,0.2,0.029790128134447407,0.4998499549864959,0.15805765595463137,low,0.5173
137216213,0,0.8411,7,0.02186175104927749,0.5,29.98,29.98,119.81,0.0,0.7913876854404621,0.2,0.029790128134447407,0.4998499549864959,0.07034499054820414,low,0.8538
511224733,0,0.9305,6,0.02186175104927749,0.5,36.2,36.2,111.15,0.0,0.9087567283707495,0.13333333333333333,0.029790128134447407,0.4998499549864959,0.08504253308128544,low,0.7026
1362932432,0,0.5091,8,0.4755801286651937,0.3281,106.5,113.59,106.5,0.0,0.3555205461467769,0.26666666666666666,0.6481224865376934,0.3278983695108532,0.2511578449905482,high,1.0
1436493065,0,0.4696,10,0.4693734225500065,0.2468,149.77,159.34,149.77,0.0,0.303662859393462,0.4,0.6396639196833256,0.2465739721916575,0.3534026465028355,high,1.0
864835833,0,0.6039,8,0.3646880704672766,0.1469,162.51,172.6,162.51,0.0,0.4799789943547328,0.26666666666666666,0.49699757898159536,0.1466439931979594,0.38350661625708876,high,1.0
1253915892,0,0.3531,8,0.5280404320096163,0.1469,233.01,233.01,237.91,0.0,0.15071550479191284,0.26666666666666666,0.71961596066134,0.1466439931979594,0.550094517958412,high,1.0
133150561,0,0.3875,8,0.4728695192990937,0.2629,195.05,213.72,195.05,0.0,0.19587764211631875,0.26666666666666666,0.6444284385009851,0.2626788036410923,0.46039697542533076,high,1.0
864835831,0,0.3333,8,0.5339505621418619,0.1628,182.07,193.86,182.07,0.0,0.12472101877379542,0.26666666666666666,0.7276703505283405,0.1625487646293888,0.42972589792060484,high,1.0
43405585,0,0.5652,12,0.09972503952554666,0.4299,69.16,84.02,69.16,0.0,0.42917158986477616,0.5333333333333333,0.13590306772826755,0.42972891867560264,0.16292533081285443,medium,0.9967
864835831,0,0.4507,10,0.43589988905135685,0.1737,141.82,157.96,141.82,0.0,0.27884994092162263,0.4,0.5940458227901217,0.1734520356106832,0.33461720226843095,high,1.0
"[912795009, 912795010]",3,0.6954,12,0.1250439807550866,0.1737,99.14,122.85,99.14,0.02142857142857143,0.6001050282263358,0.5333333333333333,0.17040799725084335,0.1734520356106832,0.23376654064272212,medium,1.0
980937716,0,0.5148,10,0.38567905541099845,0.4733,185.66,198.22,185.66,0.0,0.3630038072732047,0.4,0.5256043224281788,0.4731419425827748,0.43820888468809066,high,1.0
1339262631,0,0.4293,8,0.47900419219197926,0.2778,96.79,105.6,96.79,0.0,0.2507548903767888,0.26666666666666666,0.6527888376935906,0.2775832749824947,0.22821361058601133,high,1.0
31784764,0,0.7809,7,0.015208155601758658,0.3601,61.93,65.42,61.93,0.0,0.7123539451227516,0.2,0.020722535619144587,0.35990797239171746,0.14584120982986765,medium,1.0
31784765,0,1.0,8,0.015208155601758658,0.3601,74.65,74.65,98.23,0.0,1.0,0.26666666666666666,0.020722535619144587,0.35990797239171746,0.17589792060491494,low,0.9996
31784763,0,1.0,8,0.15973636551424622,0.4008,57.98,57.98,123.88,0.0,1.0,0.26666666666666666,0.2176871579484582,0.4006201860558167,0.13650756143667295,medium,0.9803
109462878,0,0.5735,8,0.15973636551424622,0.4008,96.2,96.2,152.81,0.0,0.44006826834711826,0.26666666666666666,0.2176871579484582,0.4006201860558167,0.2268194706994329,high,1.0
864835833,0,0.408,10,0.48785334740930525,0.3987,155.94,161.92,155.94,0.0,0.22279112511487456,0.4,0.664848563032813,0.39851955586675997,0.36798204158790165,high,1.0
912795012,0,0.3707,8,0.5254998222317557,0.5,185.93,185.93,210.67,0.0,0.17382171458579487,0.26666666666666666,0.7161535899194242,0.4998499549864959,0.43884688090737234,high,1.0
656511222,0,0.3958,8,0.5005903019546085,0.1569,123.37,128.45,123.37,0.0,0.20677432059866085,0.26666666666666666,0.6822066237405484,0.1566469940982295,0.2910207939508507,high,1.0
1253915891,0,0.4046,8,0.5324518262145924,0.1885,199.09,204.96,199.09,0.0,0.21832742549560194,0.26666666666666666,0.7256278568444794,0.18825647694308292,0.46994328922495265,high,1.0
656511222,0,0.4503,8,0.48435234678686495,0.1426,152.62,152.62,178.08,0.0,0.2783247997899435,0.26666666666666666,0.6600773611630107,0.14234270281084327,0.3601370510396975,high,1.0
656511223,0,0.3983,8,0.5240167930267234,0.4239,225.39,225.39,234.66,0.0,0.21005645267165546,0.26666666666666666,0.7141325015281033,0.4237271181354406,0.5320888468809073,high,1.0
656511222,0,0.4369,8,0.46645918184396934,0.0246,159.52,170.61,159.52,0.0,0.26073257187869237,0.26666666666666666,0.6356923606334426,0.024307292187656294,0.3764413988657845,high,1.0
657562138,0,0.4429,10,0.48440679244490686,0.1426,74.76,88.03,74.76,0.0,0.2686096888538795,0.4,0.6601515603001908,0.14234270281084327,0.1761578449905482,high,1.0
656511222,0,0.3854,8,0.5098241760249365,0.2545,156.41,156.41,203.33,0.0,0.1931206511750033,0.26666666666666666,0.6947906481327404,0.2542762828848654,0.36909262759924377,high,1.0
864835831,0,0.4347,10,0.4591959694764239,0.2545,78.64,78.64,190.08,0.0,0.25784429565445705,0.4,0.6257939755241451,0.2542762828848654,0.18532608695652172,high,1.0
137519638,0,0.3965,8,0.4563447661702179,0.3799,62.74,77.47,62.74,0.0,0.20769331757909937,0.26666666666666666,0.6219083245309515,0.37971391417425226,0.14775519848771265,high,1.0
864835831,0,0.3923,8,0.4938765896988859,0.3875,156.48,169.58,156.48,0.0,0.20217933569646837,0.26666666666666666,0.6730571033827112,0.38731619485845753,0.36925803402646495,high,1.0
137519638,0,0.4157,8,0.4634667314247929,0.146,68.49,68.49,83.1,0.0,0.23290009189969804,0.26666666666666666,0.631614216532653,0.14574372311693506,0.1613421550094518,high,1.0
554230311,0,0.4798,8,0.19089943545467425,0.2445,123.07,123.07,123.63,0.0,0.31705395825128,0.26666666666666666,0.2601565298804498,0.24427328198459536,0.2903119092627599,high,1.0
137519638,0,0.377,8,0.5003901879240431,0.1996,194.56,194.56,209.71,0.0,0.18209268740974136,0.26666666666666666,0.6819339061549852,0.1993598079423827,0.45923913043478254,high,1.0
657562138,0,0.3729,8,0.5500742382849116,0.2297,155.34,155.34,168.81,0.0,0.1767099908100302,0.26666666666666666,0.749643872403405,0.22946884065219564,0.36656427221172017,high,1.0
137519638,0,0.4064,8,0.4719012140143988,0.3352,252.79,252.79,257.86,0.0,0.22069056058815803,0.26666666666666666,0.6431088214877051,0.33500050015004496,0.5968336483931946,high,1.0
656511223,0,0.3783,8,0.5429117928718379,0.1996,187.96,187.96,200.86,0.0,0.18379939608769857,0.26666666666666666,0.7398828135997665,0.1993598079423827,0.44364366729678634,high,1.0
133150561,0,0.3737,8,0.489143553579473,0.0908,189.48,189.48,205.76,0.0,0.17776027307338843,0.26666666666666666,0.6666068700871101,0.09052715814744425,0.447235349716446,high,1.0
656511223,0,0.4663,10,0.4499666298100305,0.1152,93.59,93.59,103.57,0.0,0.29933044505710904,0.4,0.6132161306671386,0.11493448034410322,0.22065217391304348,high,1.0
133150561,0,0.4441,8,0.4679918867578458,0.0908,150.82,150.82,158.76,0.0,0.27018511224891684,0.26666666666666666,0.6377811476231019,0.09052715814744425,0.35588374291115304,high,1.0
657562138,0,0.3889,8,0.5111417674922768,0.1996,178.32,178.32,189.41,0.0,0.19771563607719575,0.26666666666666666,0.6965862761689983,0.1993598079423827,0.4208648393194706,high,1.0
864835835,0,0.4222,10,0.48711057734225405,0.1526,106.02,106.02,172.54,0.0,0.24143363528948406,0.4,0.6638363078763779,0.15234570371111333,0.250023629489603,high,1.0
1033253630,0,0.5149,14,0.17963147749994324,0.1526,16.54,16.54,105.14,0.0,0.3631350925561245,0.6666666666666666,0.24480043376385063,0.15234570371111333,0.03858695652173912,medium,0.998
1033253630,0,0.4884,12,0.19953222931085599,0.0251,37.16,37.16,39.26,0.0,0.32834449258238146,0.5333333333333333,0.27192139559461886,0.0248074422326698,0.08731096408317579,high,0.531
4645470,0,0.4792,12,0.18311124789804192,0.1875,139.37,139.37,139.8,0.0,0.3162662465537613,0.5333333333333333,0.24954270285214308,0.18725617685305593,0.3288279773156899,high,1.0
864834452,0,0.4505,10,0.46299378813352876,0.0251,93.42,93.42,97.2,0.0,0.2785873703557831,0.4,0.6309696842520455,0.0248074422326698,0.22025047258979205,high,1.0
1033253630,0,0.4884,12,0.19953222931085599,0.0251,37.16,37.16,39.26,0.0,0.32834449258238146,0.5333333333333333,0.27192139559461886,0.0248074422326698,0.08731096408317579,high,0.531
208134359,0,0.3668,10,0.5174602245318447,0.1875,82.08,96.92,82.08,0.0,0.16870158855192333,0.4,0.7051971384031326,0.18725617685305593,0.1934546313799622,high,1.0
262609370,0,0.3955,8,0.49704274916986774,0.0862,158.67,172.17,158.67,0.0,0.20638046474990154,0.26666666666666666,0.6773719800757383,0.08592577773332,0.3744328922495273,high,1.0
262609370,0,0.3824,8,0.49568671417345617,0.0923,173.84,181.66,173.84,0.0,0.18918209268740974,0.26666666666666666,0.675523960778362,0.09202760828248474,0.41027882797731563,high,1.0
864835835,0,0.3497,8,0.5100414747640697,0.3107,263.79,263.79,271.66,0.0,0.14625180517264014,0.26666666666666666,0.6950867852267508,0.31049314794438326,0.6228260869565218,high,1.0
43405589,0,0.4786,12,0.19098693004696315,0.036,197.55,197.55,198.23,0.0,0.3154785348562426,0.5333333333333333,0.2602757684660275,0.035710713213964185,0.46630434782608693,high,1.0
262609370,0,0.4035,10,0.44834232969973414,0.023,184.91,184.91,210.2,0.0,0.2168832873834843,0.4,0.6110025167438242,0.02270681204361308,0.4364366729678638,high,1.0
674769137,0,0.5332,14,0.17744536047058562,0.023,87.64,98.92,87.64,0.0,0.38716029933044505,0.6666666666666666,0.24182116960970504,0.02270681204361308,0.20659262759924385,medium,0.9997
6601813,0,0.3995,8,0.6319613940006303,0.0375,85.65,92.18,85.65,0.0,0.21163187606669293,0.26666666666666666,0.8612405822009893,0.0372111633490047,0.20189035916824197,high,1.0
262609370,0,0.3149,8,0.5433145305055339,0.0375,104.34,114.0,104.34,0.0,0.10056452671655507,0.26666666666666666,0.7404316688437826,0.0372111633490047,0.2460538752362949,high,1.0
6601813,0,0.3995,8,0.6319613940006304,0.0375,85.65,92.18,85.65,0.0,0.21163187606669293,0.26666666666666666,0.8612405822009895,0.0372111633490047,0.20189035916824197,high,1.0
248729535,0,0.4302,8,0.47663355993135814,0.0643,124.01,124.01,136.74,0.0,0.25193645792306685,0.26666666666666666,0.6495581141678675,0.06401920576172852,0.29253308128544425,high,1.0
208134359,0,0.3885,8,0.5366994401999836,0.0862,161.05,162.85,161.05,0.0,0.1971904949455166,0.26666666666666666,0.7314165515563276,0.08592577773332,0.3800567107750472,high,1.0
248729535,0,0.3344,8,0.5376096248209578,0.0139,260.83,260.83,265.98,0.0,0.12616515688591304,0.26666666666666666,0.7326569610945669,0.013604081224367308,0.6158317580340265,high,1.0
320844400,0,0.6462,14,0.17304030966788714,0.3291,11.36,11.36,17.65,0.0,0.5355126690298017,0.6666666666666666,0.23581791828444262,0.3288986696008802,0.026346880907372396,low,1.0
320844404,0,0.6135,14,0.1619196960946319,0.1477,23.49,23.49,27.4,0.0,0.4925823815150322,0.6666666666666666,0.22066262469952425,0.147444233269981,0.0550094517958412,low,0.9191
674769137,0,0.5332,14,0.17744536047058565,0.023,87.64,98.92,87.64,0.0,0.38716029933044505,0.6666666666666666,0.2418211696097051,0.02270681204361308,0.20659262759924385,medium,0.9997
1033253630,0,0.5149,14,0.17963147749994324,0.1526,16.54,16.54,105.14,0.0,0.3631350925561245,0.6666666666666666,0.24480043376385063,0.15234570371111333,0.03858695652173912,medium,0.998
"[1362932433, 107088310]",0,0.6631,10,0.2980744917783292,0.1767,136.54,144.28,136.54,0.0,0.5576998818432454,0.4,0.406215866702608,0.17645293588076422,0.32214083175803393,high,1.0
320844404,0,0.6394,12,0.1153087790268196,0.1468,93.75,98.34,93.75,0.0,0.5265852697912563,0.5333333333333333,0.15714075805325803,0.1465439631889567,0.22103024574669186,medium,1.0
320844404,0,0.6135,14,0.16191969609463186,0.1477,23.49,23.49,27.4,0.0,0.4925823815150322,0.6666666666666666,0.22066262469952422,0.147444233269981,0.0550094517958412,low,0.9191
674769136,0,0.4167,10,0.5082749331158726,0.0318,173.11,179.95,173.11,0.0,0.2342129447288959,0.4,0.6926793229826891,0.03150945283585076,0.4085538752362949,high,1.0
107088310,0,0.4339,10,0.4304171289925563,0.1468,146.82,146.82,155.78,0.0,0.25679401339109886,0.4,0.5865738575249476,0.1465439631889567,0.34643194706994324,high,1.0
107088310,0,0.3683,8,0.4892817845336185,0.0318,119.43,134.44,119.43,0.0,0.1706708677957201,0.26666666666666666,0.666795252740531,0.03150945283585076,0.281710775047259,high,1.0
107088313,0,0.4295,10,0.45403188637434894,0.1783,139.94,146.45,139.94,0.0,0.2510174609426283,0.4,0.6187563066946946,0.17805341602480743,0.3301748582230623,high,1.0
661062880,0,0.6319,8,0.15944399776399534,0.1535,9.43,67.24,9.43,0.0,0.5167388735722726,0.26666666666666666,0.21728871598654428,0.15324597379213764,0.021786389413988652,high,0.674
674769136,0,0.3867,8,0.4957935497290346,0.1535,59.22,59.22,70.76,0.0,0.19482735985296043,0.26666666666666666,0.6756695574398621,0.15324597379213764,0.13943761814744798,high,1.0
674769136,0,1.0,7,0.17135697943237393,0.1535,19.86,19.86,61.59,0.0,1.0,0.2,0.23352385746203203,0.15324597379213764,0.04643194706994328,medium,1.0
661062881,0,0.5337,10,0.26083176391636725,0.0199,3.47,3.47,7.04,0.0,0.3878167257450439,0.4,0.35546107058158494,0.01960588176452936,0.007703213610586011,high,0.9999
44536103,0,0.5158,12,0.19777472864111903,0.2705,36.89,36.89,40.26,0.0,0.36431666010240255,0.5333333333333333,0.26952625449470585,0.27028108432529757,0.08667296786389413,medium,1.0
131451848,0,0.641,10,0.2595175026792037,0.2705,91.62,91.62,106.98,0.0,0.5286858343179729,0.4,0.3536699810193692,0.27028108432529757,0.21599716446124764,high,0.9994
555431527,0,1.0,12,0.19777472864111903,0.3343,21.27,21.27,48.87,0.0,1.0,0.5333333333333333,0.26952625449470585,0.3341002300690207,0.04976370510396975,low,1.0
320844404,0,0.6394,12,0.11530877902681962,0.1468,93.75,98.34,93.75,0.0,0.5265852697912563,0.5333333333333333,0.15714075805325806,0.1465439631889567,0.22103024574669186,medium,1.0
555431520,0,0.5354,10,0.274327891137366,0.0199,6.29,11.75,6.29,0.0,0.39004857555468025,0.4,0.3738537400998885,0.01960588176452936,0.01436672967863894,high,1.0
555431527,0,1.0,12,0.19777472864111903,0.3343,21.27,21.27,48.87,0.0,1.0,0.5333333333333333,0.26952625449470585,0.3341002300690207,0.04976370510396975,low,1.0
417988253,3,0.618,8,0.19403449724611058,0.1852,249.87,249.87,251.5,0.02142857142857143,0.49849021924642245,0.26666666666666666,0.26442902631628895,0.1849554866459938,0.5899338374291114,high,1.0
857656533,5,0.5052,8,0.38184144609263826,0.0136,156.97,197.01,156.97,0.03571428571428571,0.3504004201129053,0.26666666666666666,0.5203743865527123,0.013303991197359206,0.37041587901701317,high,1.0
"[131451848, 489076546]",9,0.6615,8,0.15463902058501885,0.1233,90.12,90.12,133.25,0.06428571428571428,0.5555993173165288,0.26666666666666666,0.21074044062956637,0.123036911073322,0.21245274102079395,high,0.9999
857656533,9,1.0,8,0.19403449724611058,0.1852,171.89,171.89,186.36,0.06428571428571428,1.0,0.26666666666666666,0.26442902631628895,0.1849554866459938,0.4056710775047258,high,0.7743
14567301,0,0.4491,10,0.49616633551092587,0.0136,171.93,177.26,171.93,0.0,0.2767493763949061,0.4,0.6761775939732448,0.013303991197359206,0.40576559546313795,high,1.0
1339262631,0,0.467,8,0.4261448554495073,0.096,193.97,193.97,198.06,0.0,0.3002494420375476,0.26666666666666666,0.5807515564987072,0.09572871861558468,0.4578449905482041,high,1.0
174814863,26,0.3725,8,0.5166882193605357,0.1973,163.88,163.88,180.1,0.18571428571428572,0.17618484967835102,0.26666666666666666,0.7041450413274459,0.1970591177353206,0.38674385633270314,high,1.0
367214521,45,0.5495,8,0.25537917303931934,0.177,90.82,90.82,178.85,0.32142857142857145,0.4085598004463699,0.26666666666666666,0.3480302202066699,0.1767530259077723,0.21410680529300566,high,1.0
174814863,13,1.0,8,0.24484676352076276,0.5681,142.29,142.29,194.22,0.09285714285714286,1.0,0.26666666666666666,0.3336765375291062,0.5679703911173353,0.33572778827977307,medium,1.0
429692900,22,0.6231,8,0.2579650822211049,0.5681,70.67,70.67,130.21,0.15714285714285714,0.5051857686753314,0.26666666666666666,0.3515543254708028,0.5679703911173353,0.16649338374291114,medium,0.8017
"[417988254, 417988255]",0,1.0,8,0.07134720014826956,0.3196,144.97,144.97,158.66,0.0,1.0,0.26666666666666666,0.09722943841498864,0.31939581874562367,0.3420604914933837,medium,1.0
429692900,0,0.6416,8,0.25873009244808104,0.4503,191.2,191.2,206.14,0.0,0.5294735460154916,0.26666666666666666,0.35259688975998654,0.4501350405121536,0.45129962192816625,high,1.0
657562135,0,0.3555,8,0.5712655449857477,0.233,125.66,125.66,141.23,0.0,0.1538663515819876,0.26666666666666666,0.7785236165275601,0.2327698309492848,0.29643194706994325,high,1.0
1339262631,0,0.4942,7,0.408186342045014,0.0644,126.83,126.83,135.3,0.0,0.33595903899172896,0.2,0.5562774983722437,0.06411923577073123,0.29919659735349713,high,1.0
657562133,0,0.5332,12,0.17060030597230197,0.132,94.48,94.48,95.06,0.0,0.38716029933044505,0.5333333333333333,0.2324926546098004,0.13173952185655696,0.22275519848771266,high,0.5234
657562135,0,0.4393,10,0.4795393827528595,0.132,90.02,99.78,90.02,0.0,0.26388341866876724,0.4,0.6535182012328044,0.13173952185655696,0.21221644612476367,high,1.0
43405584,0,0.5555,12,0.16109974128089255,0.1152,23.11,23.11,25.45,0.0,0.416436917421557,0.5333333333333333,0.219545181327652,0.11493448034410322,0.054111531190926265,medium,1.0
657562133,0,0.5332,12,0.17060030597230197,0.132,94.48,94.48,95.06,0.0,0.38716029933044505,0.5333333333333333,0.2324926546098004,0.13173952185655696,0.22275519848771266,high,0.5234
657562143,0,0.5961,12,0.14442262442053003,0.0726,72.22,72.22,87.24,0.0,0.46973874228698953,0.5333333333333333,0.1968174244009448,0.07232169650895269,0.17015595463137995,medium,0.9997
657562138,0,0.4482,10,0.4827884321018595,0.0908,133.89,133.89,149.91,0.0,0.275567808848628,0.4,0.6579460411565298,0.09052715814744425,0.31587901701323245,high,1.0
657562143,0,0.5961,12,0.14442262442053003,0.0726,72.22,72.22,87.24,0.0,0.46973874228698953,0.5333333333333333,0.1968174244009448,0.07232169650895269,0.17015595463137995,medium,0.9997
43405583,0,0.5583,10,0.15341804009685034,0.1864,130.01,130.01,131.14,0.0,0.420112905343311,0.4,0.2090764750904568,0.18615584675402622,0.3067107750472589,high,1.0
43405585,0,0.5652,12,0.09972503952554662,0.4299,69.16,84.02,69.16,0.0,0.42917158986477616,0.5333333333333333,0.1359030677282675,0.42972891867560264,0.16292533081285443,medium,0.9967
4645470,0,0.4792,12,0.18311124789804192,0.1875,139.37,139.37,139.8,0.0,0.3162662465537613,0.5333333333333333,0.24954270285214308,0.18725617685305593,0.3288279773156899,high,1.0
4645470,21,0.5684,18,0.1509104118463373,0.381,7.65,7.65,12.03,0.15,0.4333727189182093,0.9333333333333333,0.20565905193408002,0.380814244273282,0.017580340264650284,low,1.0
864835830,2,0.4563,10,0.4436467721252091,0.1734,92.62,92.62,92.8,0.014285714285714285,0.28620191676513057,0.4,0.6046033596183615,0.1731519455836751,0.2183601134215501,high,1.0
864835833,0,0.3591,8,0.5303502952008017,0.2645,212.57,219.79,212.57,0.0,0.15859262176709985,0.26666666666666666,0.7227638674358009,0.26427928378513554,0.5017958412098298,high,1.0
1454458569,0,0.6774,8,0.25758264504823836,0.2186,84.93,93.56,84.93,0.0,0.5764736773007746,0.26666666666666666,0.3510331359164316,0.21836550965289586,0.20018903591682422,high,1.0
248729535,0,0.6047,8,0.20805263470822385,0.3107,181.87,181.87,191.02,0.0,0.4810292766180911,0.26666666666666666,0.28353309709013574,0.31049314794438326,0.42925330812854434,high,1.0
864835835,0,0.6497,7,0.21615765489077338,0.3891,193.04,193.04,200.0,0.0,0.5401076539319942,0.2,0.2945787070800052,0.3889166750025007,0.4556474480151228,high,1.0
43405589,0,0.4786,12,0.19098693004696318,0.036,197.55,197.55,198.23,0.0,0.3154785348562426,0.5333333333333333,0.2602757684660275,0.035710713213964185,0.46630434782608693,high,1.0
43405589,0,0.4855,10,0.1904777384727155,0.1783,34.59,34.59,36.73,0.0,0.3245372193777077,0.4,0.25958183662963596,0.17805341602480743,0.08123818525519849,high,0.9953
44336478,0,0.4899,6,0.20139813637622217,0.1172,151.39,151.39,152.43,0.0,0.33031377182617827,0.13333333333333333,0.2744642741140026,0.11693508052415724,0.35723062381852544,high,1.0
320844400,0,0.6864,10,0.07118705947378001,0.1235,76.8,76.8,148.83,0.0,0.5882893527635552,0.4,0.09701119695548745,0.1232369710913274,0.1809782608695652,medium,1.0
320844400,0,0.4871,12,0.19955326432595244,0.3255,173.44,174.9,173.44,0.0,0.3266377839044243,0.5333333333333333,0.2719500623428383,0.32529758927678304,0.40933364839319464,high,1.0
1253915895,0,0.3707,10,0.5046080906858551,0.1235,124.22,124.22,245.5,0.0,0.17382171458579487,0.4,0.6876821100869727,0.1232369710913274,0.29302930056710774,high,1.0
341274832,0,0.4055,6,0.42632605488109754,0.5,283.73,284.8,283.73,0.0,0.21950899304188,0.13333333333333333,0.5809984970622905,0.4998499549864959,0.6699432892249527,high,1.0
62298639,0,0.3942,8,0.47958525938110874,0.2677,155.16,157.36,155.16,0.0,0.2046737560719443,0.26666666666666666,0.6535807224026321,0.2674802440732219,0.3661389413988657,high,1.0
71079644,0,0.4232,7,0.4348668761959281,0.2677,206.17,206.17,226.49,0.0,0.24274648811868188,0.2,0.5926380215930125,0.2674802440732219,0.486672967863894,high,1.0
23614622,52,0.6035,10,0.3374467005698788,0.095,41.99,51.64,41.99,0.37142857142857144,0.4794538532230537,0.4,0.45987274268269585,0.09472841852555768,0.09872400756143666,medium,0.9702
44572473,14,0.4684,10,0.5002323562456296,0.095,77.37,87.03,77.37,0.1,0.3020874359984245,0.4,0.6817188114205445,0.09472841852555768,0.18232514177693762,high,1.0
44572475,6,0.5846,14,0.15134078945258603,0.0383,9.53,9.53,15.5,0.04285714285714286,0.45464093475121437,0.6666666666666666,0.20624557523444542,0.0380114034210263,0.022022684310018897,low,0.8925
44572477,16,0.4799,10,0.4415641971848266,0.1378,50.27,50.27,50.59,0.11428571428571428,0.3171852435341998,0.4,0.6017652037534732,0.1375412623787136,0.11828922495274101,high,1.0
"[137216216, 137206573]",0,0.5098,10,0.18087669221937802,0.0214,70.08,70.08,75.09,0.0,0.35643954312721543,0.4,0.2464974259779027,0.02110633189956987,0.1650992438563327,high,1.0
4526390,11,0.3857,10,0.47162363560335296,0.0705,95.17,95.17,96.07,0.07857142857142857,0.1935145070237626,0.4,0.6427305345987199,0.07022106631989597,0.22438563327032135,high,1.0
685989635,3,0.5054,10,0.4077500519984894,0.0468,68.71,91.9,68.71,0.02142857142857143,0.35066299067874485,0.4,0.5556829175337223,0.046513954186255875,0.16186200378071833,high,1.0
109462888,0,0.5404,11,0.16449720335015963,0.1266,14.21,14.21,72.68,0.0,0.3966128397006695,0.4666666666666667,0.22417527972682647,0.12633790137041112,0.0330812854442344,medium,0.9997
4638125,28,0.4398,10,0.5221572374409361,0.4178,70.24,70.24,85.32,0.2,0.26453984508336614,0.4,0.7115982788744307,0.4176252875862759,0.16547731568998109,high,1.0
137519639,0,0.5197,11,0.17182872106130292,0.2662,87.45,87.45,151.14,0.0,0.3694367861362742,0.4666666666666667,0.23416675210409033,0.26597979393818144,0.20614366729678638,high,0.7627
44335829,69,0.5681,11,0.12322842473988983,0.3501,16.79,16.79,23.43,0.4928571428571429,0.43297886306944994,0.4666666666666667,0.16793373769232894,0.34990497149144745,0.039177693761814736,low,1.0
1117963154,45,0.6241,10,0.09313830383957251,0.5,61.89,61.89,63.03,0.32142857142857145,0.5064986215045293,0.4,0.1269265924259272,0.4998499549864959,0.14574669187145556,low,1.0
4638448,0,0.3915,6,0.5916600250296769,0.0703,138.75,138.75,143.76,0.0,0.20112905343311013,0.13333333333333333,0.8063174365844717,0.07002100630189056,0.3273629489603024,high,1.0
14567208,0,0.5261,9,0.39151408621744715,0.1769,138.35,138.35,158.59,0.0,0.3778390442431403,0.3333333333333333,0.5335563661141,0.17665299589876962,0.3264177693761814,high,1.0
44536104,4,0.8243,12,0.05635361812035674,0.0228,7.88,7.88,48.14,0.02857142857142857,0.7693317579099384,0.5333333333333333,0.07679602113763073,0.02250675202560768,0.018123818525519846,low,1.0
"[914432553, 45314138, 554357605]",0,0.6083,13,0.10430895668035509,0.4365,20.11,20.11,21.82,0.0,0.48575554680320326,0.6,0.14215008007092644,0.4363308992697809,0.047022684310018895,low,1.0
"[616782729, 616782730, 862385659]",0,0.5846,13,0.13629997831524981,0.5133,36.7,36.7,39.64,0.0,0.45464093475121437,0.6,0.18574779361115007,0.5131539461838551,0.08622400756143667,low,0.9998
"[15210632, 341917121, 415379673]",0,1.0,6,0.28693165794106057,0.5,238.45,279.11,238.45,0.0,1.0,0.13333333333333333,0.39103029109930654,0.4998499549864959,0.5629489603024573,high,1.0
181097393,0,0.8279,6,0.13799699633331824,1.0,36.82,36.82,128.78,0.0,0.7740580280950504,0.13333333333333333,0.1880605082930608,1.0,0.08650756143667296,medium,0.547
880527065,0,0.5311,11,0.30365538885733495,0.4077,146.98,151.21,146.98,0.0,0.38440330838912956,0.4666666666666667,0.4138215741703109,0.4075222566770031,0.3468100189035916,high,1.0
14574531,0,0.415,10,0.5131494033725448,0.4021,178.95,180.49,178.95,0.0,0.2319810949192595,0.4,0.6993223042646288,0.4019205761728518,0.42235349716446113,high,1.0
880527065,0,0.4342,11,0.5421019149576857,0.458,146.47,146.47,156.7,0.0,0.25718786923985815,0.4666666666666667,0.7387791031366643,0.45783735120536156,0.3456049149338374,high,1.0
"[71270044, 1454391430, 358916471]",0,0.9531,6,0.13799699633331824,1.0,25.4,25.4,170.91,0.0,0.9384272023106208,0.13333333333333333,0.1880605082930608,1.0,0.05952268431001889,low,1.0
6601787,0,0.3842,6,0.5056199538812891,0.2697,120.63,137.2,120.63,0.0,0.19154522777996583,0.13333333333333333,0.6890610882965434,0.26948084425327595,0.2845463137996219,high,1.0
102494324,0,0.7059,7,0.12079740231567364,0.3908,146.99,146.99,147.75,0.0,0.6138899829329131,0.2,0.16462071379235976,0.3906171851555466,0.3468336483931947,high,1.0
14567503,0,0.4973,8,0.4357118290721071,0.3779,99.09,99.09,107.1,0.0,0.34002888276224236,0.26666666666666666,0.5937895325972894,0.3777133139941982,0.23364839319470698,high,1.0
102494324,0,0.5676,7,0.171434979856317,0.0291,29.43,29.43,32.05,0.0,0.43232243665485093,0.2,0.23363015729133715,0.028808642592777833,0.0690453686200378,high,1.0
133150561,0,0.46,8,0.4849667036734994,0.0812,148.21,155.66,148.21,0.0,0.29105947223316264,0.26666666666666666,0.6609146134352463,0.08092427728318495,0.34971644612476366,high,1.0
554230311,0,0.5537,10,0.15580098319325036,0.0726,49.47,49.47,52.34,0.0,0.41407378232900083,0.4,0.21232397595758076,0.07232169650895269,0.11639886578449904,high,0.97
1339262631,0,0.7115,8,0.24274555934755637,0.0136,96.95,96.95,106.19,0.0,0.6212419587764212,0.26666666666666666,0.3308129935423442,0.013303991197359206,0.22859168241965974,high,1.0
43405583,0,0.6856,8,0.10618827239180456,0.5,12.84,12.84,18.47,0.0,0.5872390705001969,0.26666666666666666,0.14471123203957895,0.4998499549864959,0.029844045368620033,medium,1.0
320362512,0,1.0,8,0.22525204691307746,0.1032,35.24,35.24,43.96,0.0,1.0,0.26666666666666666,0.3069726438143803,0.10293087926377914,0.08277410207939508,medium,1.0
429692900,0,0.6663,8,0.2503510061950961,0.3112,33.06,41.33,33.06,0.0,0.5619010108966784,0.26666666666666666,0.3411777795372609,0.3109932979893968,0.07762287334593572,high,0.9957
320362511,0,0.5778,9,0.16629902332791272,0.1005,107.76,108.5,107.76,0.0,0.44571353551266896,0.3333333333333333,0.2266308196635519,0.10023006902070622,0.2541351606805293,high,1.0
417988256,0,0.5346,12,0.16158975253210847,0.1005,73.17,86.48,73.17,0.0,0.38899829329132196,0.5333333333333333,0.2202129740104182,0.10023006902070622,0.1724007561436673,medium,0.963
420655420,0,0.6087,12,0.1485600942882673,0.2022,0.81,0.81,13.58,0.0,0.4862806879348825,0.5333333333333333,0.20245601350677564,0.20196058817645293,0.0014177693761814746,medium,0.9754
355812629,0,1.0,8,0.25766508917966224,0.1768,175.87,175.87,191.73,0.0,1.0,0.26666666666666666,0.351145491678805,0.17655296588976693,0.41507561436672963,high,1.0
417988253,0,0.756,10,0.06894244706787508,0.3343,101.99,101.99,116.02,0.0,0.6796639096757254,0.4,0.0939522146635705,0.3341002300690207,0.2405009451795841,medium,1.0
131451848,10,0.6258,8,0.25766508917966224,0.1768,249.91,249.91,259.9,0.07142857142857142,0.5087304713141657,0.26666666666666666,0.351145491678805,0.17655296588976693,0.5900283553875235,high,1.0
355812629,0,0.4002,8,0.5024983086675574,0.2588,166.3,174.55,166.3,0.0,0.21255087304713138,0.26666666666666666,0.6848068761192732,0.25857757327198155,0.39246219281663514,high,1.0
864835834,0,0.4097,8,0.5442561558223669,0.2252,220.22,220.22,228.96,0.0,0.22502297492451095,0.26666666666666666,0.7417149261055866,0.22496749024707413,0.5198724007561436,high,1.0
912795012,0,0.3936,10,0.47570786269679205,0.2477,98.33,98.33,106.59,0.0,0.20388604437442562,0.4,0.6482965638704687,0.2474742422726818,0.23185255198487711,high,1.0
864834452,0,0.3907,8,0.5201738198267783,0.2279,235.8,245.96,235.8,0.0,0.20007877116975184,0.26666666666666666,0.7088952556962537,0.22766830049014702,0.5566871455576559,high,1.0
864835834,0,0.3415,8,0.5267069372800794,0.0511,162.33,174.41,162.33,0.0,0.1354864119732178,0.26666666666666666,0.7177986594857398,0.050815244573372005,0.38308128544423437,high,1.0
864835834,0,0.4532,10,0.49107679720785896,0.3255,121.74,130.57,121.74,0.0,0.28213207299461723,0.4,0.6692415156097119,0.32529758927678304,0.2871691871455576,high,1.0
1253915892,0,0.4199,10,0.5009915978335989,0.0259,70.57,70.57,156.93,0.0,0.23841407378232896,0.4,0.6827535141455117,0.025607682304691404,0.1662570888468809,high,1.0
320844400,0,0.4871,12,0.1995532643259524,0.3255,173.44,174.9,173.44,0.0,0.3266377839044243,0.5333333333333333,0.27195006234283825,0.32529758927678304,0.40933364839319464,high,1.0
320844400,0,0.7319,12,0.14998427945530113,0.3255,72.92,73.8,72.92,0.0,0.6480241564920571,0.5333333333333333,0.20439690860069315,0.32529758927678304,0.17181001890359168,medium,0.9489
355812629,0,0.5518,10,0.40143110390425396,0.0906,125.04,134.45,125.04,0.0,0.4115793619535249,0.4,0.5470713860849261,0.09032709812943883,0.29496691871455577,high,1.0
355812629,0,0.6851,8,0.3195576975012249,0.0578,214.47,214.47,232.35,0.0,0.586582644085598,0.26666666666666666,0.43549341400078084,0.05751725517655296,0.5062854442344045,high,1.0
1362932432,0,0.3766,8,0.5253426425921589,0.0136,245.86,255.14,245.86,0.0,0.18156754627806218,0.26666666666666666,0.7159393837906014,0.013303991197359206,0.5804584120982986,high,1.0
429692902,0,1.0,8,0.2579650822211049,0.5681,7.65,7.65,91.12,0.0,1.0,0.26666666666666666,0.3515543254708028,0.5679703911173353,0.017580340264650284,low,0.8614
429692904,0,0.7042,8,0.02184653400042411,0.4275,18.99,94.92,18.99,0.0,0.6116581331232769,0.26666666666666666,0.029769390174140643,0.4273281984595378,0.04437618147448014,medium,0.9669
137519640,0,1.0,8,0.2261960428366392,0.2962,45.1,45.1,46.86,0.0,1.0,0.26666666666666666,0.3082591317649149,0.2959887966389917,0.1060727788279773,medium,1.0
137519646,2,0.737,8,0.2261960428366392,0.2962,78.7,78.7,117.0,0.014285714285714285,0.6547197059209662,0.26666666666666666,0.3082591317649149,0.2959887966389917,0.18546786389413988,high,0.9964
417988260,3,1.0,12,0.20277457973721916,0.2202,51.4,51.4,53.23,0.02142857142857143,1.0,0.5333333333333333,0.27634010615344057,0.2199659897969391,0.12095935727788278,low,1.0
417988258,9,0.5285,12,0.17369726599510377,0.2202,15.75,15.75,22.55,0.06428571428571428,0.3809898910332151,0.5333333333333333,0.23671322553937527,0.2199659897969391,0.03672022684310018,medium,1.0
429692905,30,0.5449,10,0.20277457973721916,0.2202,14.84,14.84,24.18,0.21428571428571427,0.4025206774320599,0.4,0.27634010615344057,0.2199659897969391,0.03456994328922495,medium,1.0
8028969,6,0.4118,6,0.5429767956445466,0.3774,88.01,88.01,97.57,0.04285714285714286,0.2277799658658264,0.13333333333333333,0.7399714000880699,0.37721316394918475,0.20746691871455578,high,1.0
8029226,27,0.565,7,0.4786742933870672,0.5,91.46,103.18,91.46,0.19285714285714287,0.4289090192989365,0.2,0.6523392480006459,0.4998499549864959,0.2156190926275992,high,1.0
8028969,39,0.4664,8,0.4575133310016859,0.5,164.82,179.53,164.82,0.2785714285714286,0.2994617303400288,0.26666666666666666,0.6235008574408711,0.4998499549864959,0.38896502835538743,high,1.0
655440028,6,0.8025,9,0.01656255559671324,0.5,119.91,120.03,119.91,0.04285714285714286,0.7407115662334253,0.3333333333333333,0.022568326718685524,0.4998499549864959,0.2828449905482041,medium,0.8917
655440028,11,0.8034,10,0.01656255559671324,0.5,109.72,109.79,109.72,0.07857142857142857,0.7418931337797031,0.4,0.022568326718685524,0.4998499549864959,0.2587665406427221,low,0.9999
107088307,11,0.8062,8,0.0584070641453948,0.5,10.12,10.12,21.22,0.07857142857142857,0.7455691217014573,0.26666666666666666,0.07959447979867797,0.4998499549864959,0.02341682419659735,low,1.0
8028971,1,0.7642,7,0.14006944023590998,0.5,71.42,92.42,71.42,0.007142857142857143,0.6904293028751477,0.2,0.19088485746904407,0.4998499549864959,0.168265595463138,medium,0.9982
44804321,1,1.0,6,0.16457702166225754,0.5,47.78,47.78,87.61,0.007142857142857143,1.0,0.13333333333333333,0.22428405699395546,0.4998499549864959,0.11240548204158789,medium,1.0
8029204,1,0.8374,7,0.0091418532736219,0.5,79.11,100.01,79.11,0.007142857142857143,0.78653012997243,0.2,0.012455312578602001,0.4998499549864959,0.1864366729678639,medium,0.9985
8029221,0,0.8425,9,0.05091748880344052,0.5,167.14,167.14,169.55,0.0,0.7932256794013391,0.3333333333333333,0.0693876047565793,0.4998499549864959,0.39444706994328915,medium,1.0
8029221,0,0.7628,10,0.12196921463582239,0.5,198.94,198.94,209.04,0.0,0.6885913089142707,0.4,0.1662176724153074,0.4998499549864959,0.4695888468809073,medium,0.982
8029221,0,0.8425,9,0.05091748880344052,0.5,167.14,167.14,169.55,0.0,0.7932256794013391,0.3333333333333333,0.0693876047565793,0.4998499549864959,0.39444706994328915,medium,1.0
8029358,0,0.5377,8,0.560504853395787,0.5,127.93,127.93,138.06,0.0,0.3930681370618353,0.26666666666666666,0.7638588285508587,0.4998499549864959,0.3017958412098299,high,1.0
8029221,0,0.7324,10,0.1302400849215595,0.5,224.93,233.4,224.93,0.0,0.6486805829066562,0.4,0.17748930473643948,0.4998499549864959,0.5310018903591682,high,0.9564
8029221,0,0.8757,10,0.04914462642774869,0.5,229.37,237.54,229.37,0.0,0.8368123933307076,0.4,0.06697152855608234,0.4998499549864959,0.5414933837429111,medium,1.0
8029221,0,0.4,9,0.23142298932324365,0.5,209.01,217.57,209.01,0.0,0.21228830248129185,0.3333333333333333,0.3153824715011017,0.4998499549864959,0.493383742911153,high,1.0
8029226,0,0.6299,7,0.17472477505410874,0.5,193.97,202.67,193.97,0.0,0.5141131679138768,0.2,0.23811352610263142,0.4998499549864959,0.4578449905482041,high,1.0
8029358,1,0.301,6,0.6697199015444159,0.4788,72.96,85.21,72.96,0.007142857142857143,0.08231587239070497,0.13333333333333333,0.9126982885033329,0.47864359307792337,0.17190453686200377,high,1.0
8817255,0,0.4341,6,0.5619511705825623,0.5,154.42,165.44,154.42,0.0,0.25705658395693837,0.13333333333333333,0.7658298854029022,0.4998499549864959,0.36439035916824186,high,1.0
45756884,0,0.4947,10,0.5548654724361887,0.3366,94.29,94.56,94.29,0.0,0.33661546540632786,0.4,0.7561734186121971,0.3364009202760828,0.22230623818525522,high,1.0
45756883,0,0.4909,12,0.5001375847019924,0.0879,81.31,81.31,83.03,0.0,0.3316266246553761,0.5333333333333333,0.6815896557262245,0.08762628788636592,0.1916351606805293,high,1.0
"[321378019, 1444853716]",3,0.5389,12,0.3851810691322105,0.4573,74.06,79.41,74.06,0.02142857142857143,0.3946435604568728,0.5333333333333333,0.5249256612907716,0.45713714114234266,0.1745037807183365,high,0.9882
45756883,0,0.4909,12,0.5001375847019925,0.0879,81.31,81.31,83.03,0.0,0.3316266246553761,0.5333333333333333,0.6815896557262248,0.08762628788636592,0.1916351606805293,high,1.0
880527065,0,0.7827,12,0.05221439852532557,0.201,18.64,18.64,21.66,0.0,0.7147170802153078,0.5333333333333333,0.07115504748434143,0.20076022806842053,0.04354914933837429,low,1.0
880527066,0,0.4693,10,0.48299120917867455,0.0419,75.56,78.44,75.56,0.0,0.3032690035447026,0.4,0.6582223879705953,0.04161248374512353,0.17804820415879016,high,1.0
8029421,4,0.5063,11,0.4271631044589951,0.0345,79.49,92.29,79.49,0.02857142857142857,0.3518445582250229,0.4666666666666667,0.5821392373653864,0.03421026307892368,0.18733459357277882,high,1.0
864835835,1,0.5221,7,0.39312553720633964,0.0305,53.23,58.64,53.23,0.007142857142857143,0.37258763292634894,0.2,0.5357524691144872,0.03020906271881564,0.12528355387523626,high,1.0
8029388,2,0.6947,6,0.32735505193438447,0.3625,54.76,54.76,55.58,0.014285714285714285,0.5991860312458973,0.13333333333333333,0.44611973374849656,0.3623086926077823,0.12889886578449902,high,1.0
8029447,0,0.7083,6,0.2536638544414171,0.4922,165.26,174.32,165.26,0.0,0.617040829722988,0.13333333333333333,0.3456925652947684,0.4920476142842853,0.3900047258979205,high,1.0
8029221,0,0.4,9,0.23142298932324365,0.5,209.01,217.57,209.01,0.0,0.21228830248129185,0.3333333333333333,0.3153824715011017,0.4998499549864959,0.493383742911153,high,1.0
8029221,0,0.7324,10,0.1302400849215595,0.5,224.93,233.4,224.93,0.0,0.6486805829066562,0.4,0.17748930473643948,0.4998499549864959,0.5310018903591682,high,0.9564
8029447,0,0.8757,8,2.4250372348656667e-06,0.5,228.46,236.7,228.46,0.0,0.8368123933307076,0.26666666666666666,0.0,0.4998499549864959,0.5393431001890359,medium,0.9989
8817034,0,0.7674,8,0.1262285056092293,0.5,212.09,220.35,212.09,0.0,0.6946304319285806,0.26666666666666666,0.17202228065390474,0.4998499549864959,0.5006616257088846,high,0.9999
15241572,0,0.385,7,0.4536030530786192,0.2677,192.57,197.91,192.57,0.0,0.19259551004332412,0.2,0.6181718879975643,0.2674802440732219,0.45453686200378063,high,1.0
23500574,0,0.4034,8,0.4897165070697435,0.2677,137.28,142.31,137.28,0.0,0.21675200210056447,0.26666666666666666,0.6673876973587667,0.2674802440732219,0.3238894139886578,high,1.0
62298639,0,0.4016,7,0.4996859520629037,0.5142,150.55,153.56,150.55,0.0,0.21438886700800838,0.2,0.680974165835057,0.5140542162648795,0.3552457466918714,high,1.0
1423122036,0,0.4069,10,0.46912704838737346,0.0124,134.64,140.83,134.64,0.0,0.22134698700275693,0.4,0.6393281582847439,0.012103631089326798,0.31765122873345925,high,1.0
341274835,0,0.4386,10,0.48342379191798923,0.2284,125.54,133.03,125.54,0.0,0.2629644216883287,0.4,0.6588119164503772,0.22816845053516055,0.296148393194707,high,1.0
"[1044512981, 428833183]",0,0.5375,10,0.16932284059516092,0.2284,71.3,77.44,71.3,0.0,0.39280556649599574,0.4,0.2307517108473355,0.22816845053516055,0.1679820415879017,high,0.984
1336461273,3,0.5231,12,0.17406082938745052,0.0124,68.88,73.62,68.88,0.02142857142857143,0.3739004857555468,0.5333333333333333,0.23720869369960296,0.012103631089326798,0.16226370510396973,medium,0.523
23614622,9,0.4328,8,0.4942739781200323,0.2284,118.69,133.82,118.69,0.06428571428571428,0.25534987527898123,0.26666666666666666,0.6735986686614657,0.22816845053516055,0.27996219281663515,high,1.0
341274835,0,0.4027,7,0.5088010445376465,0.2697,173.92,173.92,181.23,0.0,0.21583300512012601,0.2,0.6933963133720088,0.26948084425327595,0.4104678638941398,high,1.0
4298498,5,0.8182,6,0.07479833057113834,0.7304,96.18,96.18,155.45,0.03571428571428571,0.7613233556518315,0.13333333333333333,0.10193267663236603,0.7303190957287187,0.22677221172022685,medium,1.0
8817179,130,0.4924,7,0.46948414659066007,0.5699,135.14,135.14,142.89,0.9285714285714286,0.3335959038991729,0.2,0.6398148156147379,0.5697709312793838,0.3188327032136105,high,0.9916
107088307,51,0.8472,6,0.03442413451287211,0.5,49.89,49.89,107.17,0.36428571428571427,0.799396087698569,0.13333333333333333,0.04691028146618212,0.4998499549864959,0.11739130434782608,low,1.0
140357938,0,0.6628,8,0.15006189930978509,0.5,148.76,157.37,148.76,0.0,0.5573060259944859,0.26666666666666666,0.20450268978578462,0.4998499549864959,0.35101606805292995,high,0.9998
8817179,0,0.3674,7,0.6213137009044591,0.2295,177.98,187.52,177.98,0.0,0.169489300249442,0.2,0.8467297898052648,0.22926878063419026,0.4200614366729678,high,1.0
8028969,10,0.4863,7,0.5079565775386031,0.438,132.47,149.78,132.47,0.07142857142857142,0.32558750164106603,0.2,0.6922454645263969,0.43783134940482143,0.312523629489603,high,1.0
8817226,6,0.3187,6,0.6686103472032894,0.4737,153.36,165.48,153.36,0.04285714285714286,0.10555336746750685,0.13333333333333333,0.911186175733887,0.4735420626187856,0.36188563327032136,high,1.0
8817226,0,0.5353,8,0.40613452481220097,0.5,209.68,221.34,209.68,0.0,0.3899172902717605,0.26666666666666666,0.5534812594470229,0.4998499549864959,0.4949669187145557,high,1.0
107088309,0,0.3972,6,0.5019116124926655,0.0549,3.64,3.64,10.19,0.0,0.20861231455953785,0.13333333333333333,0.6840073201669812,0.05461638491547464,0.008104914933837429,high,1.0
8817535,0,0.3537,7,0.6151086740129068,0.228,183.96,192.97,183.96,0.0,0.15150321648943152,0.2,0.8382735114151992,0.22776833049914974,0.43419187145557653,high,1.0
140357861,23,0.483,9,0.450183557939924,0.23,51.88,51.88,59.49,0.16428571428571428,0.3212550873047131,0.3333333333333333,0.6135117626908311,0.22976893067920376,0.12209357277882797,high,1.0
8817535,1,0.5771,8,0.4165663188671439,0.5,90.78,99.19,90.78,0.007142857142857143,0.44479453853223044,0.26666666666666666,0.5676978222723227,0.4998499549864959,0.21401228733459357,high,1.0
140357938,0,0.6384,8,0.24457477971947103,0.0741,115.29,123.59,115.29,0.0,0.5252724169620585,0.26666666666666666,0.3333058750353719,0.0738221466439932,0.2719281663516068,high,1.0
11103675,0,0.479,7,0.553868094806518,0.0083,187.34,191.25,187.34,0.0,0.3160036759879217,0.2,0.7548141814897921,0.008002400720216065,0.4421786389413988,high,1.0
15219047,0,0.3705,7,0.6627065811151432,0.3913,125.21,134.83,125.21,0.0,0.17355914401995534,0.2,0.9031404588556637,0.39111733520056013,0.2953686200378072,high,1.0
11103675,0,0.4571,7,0.41208737253058647,0.149,169.25,172.24,169.25,0.0,0.28725219902848886,0.2,0.5615938653067762,0.1487446233870161,0.3994328922495273,high,1.0
15219051,0,0.2685,8,0.6556285547675742,0.0414,139.75,143.36,139.75,0.0,0.03964815544177498,0.26666666666666666,0.8934944472761249,0.041112333700110026,0.32972589792060486,high,1.0
11103675,0,0.6386,6,0.3150559060867994,0.1533,186.46,188.39,186.46,0.0,0.525534987527898,0.13333333333333333,0.4293583235137087,0.15304591377413224,0.44009924385633264,high,1.0
15219058,0,0.8615,6,0.05863244841742432,0.1942,203.65,206.29,203.65,0.0,0.8181698831560982,0.13333333333333333,0.0799016359451918,0.19395818745623689,0.48071833648393186,high,1.0
11103675,0,0.6452,6,0.28203193299116786,0.2514,131.25,132.99,131.25,0.0,0.5341998162006039,0.13333333333333333,0.38435289244573234,0.2511753526057817,0.309640831758034,high,1.0
11341864,0,0.7354,6,0.21740141646011682,0.2198,16.57,16.57,18.3,0.0,0.6526191413942497,0.13333333333333333,0.29627371892524834,0.21956586976092826,0.038657844990548196,high,0.9999
102494324,0,0.766,6,0.06295136599661427,0.5014,115.95,118.14,115.95,0.0,0.6927924379677038,0.13333333333333333,0.08578750397311291,0.5012503751125338,0.27348771266540645,medium,0.5914
462173077,0,0.8733,5,0.044417389458220095,0.7178,157.29,157.29,157.32,0.0,0.8336615465406327,0.06666666666666667,0.060529198405254676,0.7177153145943783,0.37117202268430993,medium,0.9858
32840924,0,0.7257,5,0.21981774204808163,0.0811,218.11,218.11,218.12,0.0,0.6398844689510306,0.06666666666666667,0.2995667138163241,0.08082424727418226,0.5148865784499055,high,1.0
32840925,0,0.7226,5,0.2310569533702299,0.0455,256.16,289.47,256.16,0.0,0.6358146251805172,0.06666666666666667,0.3148836337082033,0.04521356406922076,0.6047967863894139,high,1.0
14567301,0,0.4003,6,0.5458694348486713,0.2905,220.38,287.31,220.38,0.0,0.21268215833005116,0.13333333333333333,0.7439135203753162,0.2902870861258377,0.520250472589792,high,1.0
12121909,0,0.8944,6,0.00016675114818705646,0.5,223.89,223.89,250.06,0.0,0.8613627412367072,0.13333333333333333,0.00022394541800622281,0.4998499549864959,0.5285444234404536,high,0.9365
15211139,0,0.7475,7,0.14133750859999586,0.5,258.29,258.29,261.72,0.0,0.6685046606275438,0.2,0.19261299487952718,0.4998499549864959,0.6098298676748583,high,1.0
339798890,0,0.989,6,0.00016675114818705646,0.5,252.85,252.85,262.47,0.0,0.9855586188788236,0.13333333333333333,0.00022394541800622281,0.4998499549864959,0.5969754253308127,high,0.7317
32840922,0,0.6111,7,0.2828956165976061,0.0805,108.82,115.21,108.82,0.0,0.48943153472495726,0.2,0.38552992989369583,0.08022406722016605,0.2566398865784499,high,1.0
14486476,0,0.5727,6,0.2673025860551306,0.3798,161.8,166.86,161.8,0.0,0.43901798608375997,0.13333333333333333,0.3642795776363212,0.37961388416524955,0.38182892249527406,high,1.0
367214633,8,0.5389,12,0.1652287838039009,0.3074,36.67,36.67,38.23,0.05714285714285714,0.3946435604568728,0.5333333333333333,0.22517228555608226,0.3071921576472942,0.08615311909262759,medium,1.0
857656533,0,0.5357,10,0.37270414716883965,0.0699,134.71,141.25,134.71,0.0,0.3904424314034396,0.4,0.5079219758245522,0.06962088626587977,0.3178166351606805,high,1.0
857656534,0,0.6401,12,0.11624533460837791,0.0699,113.22,113.22,113.95,0.0,0.5275042667716948,0.5333333333333333,0.15841710622448177,0.06962088626587977,0.2670368620037807,medium,0.9992
355812629,0,0.4691,9,0.46609953109041197,0.5133,94.74,94.74,105.25,0.0,0.30300643297886304,0.3333333333333333,0.6352022246600726,0.5131539461838551,0.2233695652173913,high,1.0
857656534,0,0.6401,12,0.11624533460837791,0.0699,113.22,113.22,113.95,0.0,0.5275042667716948,0.5333333333333333,0.15841710622448177,0.06962088626587977,0.2670368620037807,medium,0.9992
"[616782729, 616782730, 862385659]",0,0.5846,13,0.13629997831524981,0.5133,36.7,36.7,39.64,0.0,0.45464093475121437,0.6,0.18574779361115007,0.5131539461838551,0.08622400756143667,low,0.9998
934394521,5,0.734,6,0.2193360010676172,0.1211,111.72,111.72,113.52,0.03571428571428571,0.6507811474333727,0.13333333333333333,0.2989101919488272,0.12083625087526258,0.263492438563327,high,1.0
14567301,0,0.4499,10,0.47219449772263095,0.2022,88.46,90.13,88.46,0.0,0.2777996586582644,0.4,0.6435085117271557,0.20196058817645293,0.20853024574669185,high,1.0
420655420,0,0.6087,12,0.14856009428826725,0.2022,0.81,0.81,13.58,0.0,0.4862806879348825,0.5333333333333333,0.20245601350677558,0.20196058817645293,0.0014177693761814746,medium,0.9754
420655420,0,0.595,12,0.1891804695534866,0.3984,102.75,102.75,103.6,0.0,0.4682946041748719,0.5333333333333333,0.25781390438381213,0.3982194658397519,0.242296786389414,medium,1.0
417988255,0,0.3744,10,0.4784876996895879,0.7677,100.27,112.65,100.27,0.0,0.17867927005382694,0.4,0.6520849560726182,0.767630289086726,0.2364366729678639,high,1.0
420655420,0,0.595,12,0.18918046955348655,0.3984,102.75,102.75,103.6,0.0,0.4682946041748719,0.5333333333333333,0.2578139043838121,0.3982194658397519,0.242296786389414,medium,1.0
420655420,0,0.4824,11,0.18810861733725798,0.2468,16.92,16.92,23.35,0.0,0.3204673756071944,0.4666666666666667,0.2563531724817832,0.2465739721916575,0.039484877126654064,medium,0.9964
14567503,0,0.4642,8,0.4616303211209698,0.2652,194.67,197.06,194.67,0.0,0.2965734541157936,0.26666666666666666,0.6291115365219258,0.2649794938481544,0.4594990548204158,high,1.0
417988255,0,0.5176,7,0.35200707957974076,0.2905,220.3,220.3,227.34,0.0,0.3666797951949585,0.2,0.4797157861576385,0.2902870861258377,0.5200614366729678,high,1.0
14567301,0,0.4971,10,0.389310164905861,0.2056,88.57,100.27,88.57,0.0,0.33976631219640274,0.4,0.5305528380897583,0.20536160848254476,0.20879017013232512,high,1.0
14567503,0,0.4742,7,0.4247358382239103,0.2056,165.89,178.49,165.89,0.0,0.3097019824077721,0.2,0.5788313324409731,0.20536160848254476,0.39149338374291104,high,1.0
14567503,5,0.3106,7,0.5232664366914402,0.5347,166.09,183.21,166.09,0.03571428571428571,0.09491925955100429,0.2,0.7131099077224998,0.5345603681104331,0.3919659735349716,high,1.0
980937716,0,0.4098,9,0.47142279611898236,0.5347,78.99,95.62,78.99,0.0,0.2251542602074307,0.3333333333333333,0.6424568283567909,0.5345603681104331,0.18615311909262758,high,1.0
14567503,2,0.4447,7,0.4828411126741713,0.1562,161.12,163.9,161.12,0.014285714285714285,0.27097282394643557,0.2,0.6580178348156068,0.15594678403521056,0.3802221172022684,high,1.0
417988259,1,0.3407,5,0.5578496153124769,0.5545,129.45,134.33,129.45,0.007142857142857143,0.1344361297098595,0.06666666666666667,0.7602402411028425,0.5543663098929679,0.3053875236294895,high,1.0
934394518,1,1.0,7,0.4828411126741713,0.1562,140.05,140.05,140.57,0.007142857142857143,1.0,0.2,0.6580178348156068,0.15594678403521056,0.33043478260869563,high,1.0
934394519,0,0.5496,9,0.1993870583900303,0.0683,91.52,104.61,91.52,0.0,0.4086910857292897,0.3333333333333333,0.27172355507884033,0.06802040612183656,0.21576086956521737,high,1.0
109462880,0,0.51,10,0.4678270115136713,0.3074,147.02,147.02,154.24,0.0,0.356702113693055,0.4,0.6375564538403452,0.3071921576472942,0.34690453686200373,high,1.0
934394521,1,0.413,7,0.4603268662425306,0.1211,129.61,129.61,134.03,0.007142857142857143,0.2293553892608638,0.2,0.627335173983356,0.12083625087526258,0.305765595463138,high,1.0
417988256,0,0.5346,12,0.16158975253210847,0.1005,73.17,86.48,73.17,0.0,0.38899829329132196,0.5333333333333333,0.2202129740104182,0.10023006902070622,0.1724007561436673,medium,0.963
417988257,9,0.5033,12,0.19235643580765993,0.0428,33.98,33.98,36.07,0.06428571428571428,0.34790599973742936,0.5333333333333333,0.26214214586803636,0.04251275382614784,0.07979678638941397,medium,0.9973
980937716,16,0.4399,10,0.47346681870232077,0.0496,83.66,83.66,99.96,0.11428571428571428,0.2646711303662859,0.4,0.645242444648611,0.04931479443833149,0.19718809073724006,high,1.0
417988257,9,0.5033,12,0.19235643580766,0.0428,33.98,33.98,36.07,0.06428571428571428,0.34790599973742936,0.5333333333333333,0.2621421458680364,0.04251275382614784,0.07979678638941397,medium,0.9973
417988258,9,0.5285,12,0.17369726599510377,0.2202,15.75,15.75,22.55,0.06428571428571428,0.3809898910332151,0.5333333333333333,0.23671322553937527,0.2199659897969391,0.03672022684310018,medium,1.0
417988259,3,0.5047,10,0.44285782070261503,0.0428,96.55,96.55,107.01,0.02142857142857143,0.34974399369830644,0.4,0.603528168006416,0.04251275382614784,0.22764650283553872,high,1.0
14567741,4,0.8376,10,0.026924215706142764,0.0228,21.2,21.2,51.7,0.02857142857142857,0.7867927005382696,0.4,0.0366893102373651,0.02250675202560768,0.04959829867674857,low,0.9957
45314134,8,0.9889,8,0.026924215706142764,0.0228,31.85,31.85,41.4,0.05714285714285714,0.9854273335959037,0.26666666666666666,0.0366893102373651,0.02250675202560768,0.07476370510396975,low,0.9707
44336478,0,0.608,7,0.08377652496007529,0.5717,49.35,49.35,51.03,0.0,0.4853616909544439,0.2,0.1141682579634217,0.5715714714414324,0.11611531190926275,medium,0.9988
14567951,0,0.4988,7,0.4329881452094983,0.5,68.6,68.6,80.13,0.0,0.3419981620060391,0.2,0.5900776664940004,0.4998499549864959,0.16160207939508506,high,1.0
417988255,0,0.427,10,0.4910617987026352,0.3941,104.11,104.11,116.61,0.0,0.24773532886963368,0.4,0.6692210754830494,0.39391817545263574,0.24551039697542532,high,1.0
14567301,0,0.4419,8,0.4074169790472607,0.1355,174.94,177.49,174.94,0.0,0.2672968360246816,0.26666666666666666,0.5552290020795242,0.1352405721716515,0.41287807183364833,high,1.0
14567951,0,0.4976,8,0.38057911272057005,0.3927,183.22,183.22,183.83,0.0,0.34042273861100164,0.26666666666666666,0.5186540648519616,0.39251775532659794,0.4324432892249527,high,1.0
409021271,0,0.4226,8,0.5016100491615411,0.177,146.94,157.84,146.94,0.0,0.24195877642116312,0.26666666666666666,0.6835963463670617,0.1767530259077723,0.3467155009451795,high,1.0
980937716,7,0.6222,8,0.3251838606551796,0.177,83.16,83.16,126.98,0.05,0.5040042011290533,0.26666666666666666,0.4431608105696083,0.1767530259077723,0.19600661625708884,high,1.0
174814863,1,0.4424,10,0.47490235520699664,0.0869,75.17,85.3,75.17,0.007142857142857143,0.2679532624392805,0.4,0.6471988094693933,0.08662598779633891,0.17712665406427222,high,1.0
409021271,0,0.4746,8,0.45726834655077014,0.1973,78.56,85.13,78.56,0.0,0.3102271235394512,0.26666666666666666,0.6231669899565897,0.1970591177353206,0.18513705103969755,high,1.0
137519641,0,0.3973,8,0.48959600498331896,0.1233,181.7,190.44,181.7,0.0,0.2087435998424576,0.26666666666666666,0.6672234757998277,0.123036911073322,0.42885160680529294,high,1.0
857656533,9,0.5647,8,0.30870775822784186,0.1233,189.52,189.52,211.27,0.06428571428571428,0.42851516345017715,0.26666666666666666,0.42070699830676594,0.123036911073322,0.44732986767485816,high,1.0
355812629,0,0.4868,10,0.38682115167935716,0.4521,74.45,84.39,74.45,0.0,0.32624392805566493,0.4,0.5271607836913274,0.4519355806742022,0.17542533081285444,high,1.0
1171323113,0,0.5092,10,0.44199998667492996,0.6727,71.91,88.43,71.91,0.0,0.3556518314296967,0.4,0.602359102428239,0.6726017805341602,0.16942344045368618,high,1.0
44536103,0,0.5158,12,0.19777472864111903,0.2705,36.89,36.89,40.26,0.0,0.36431666010240255,0.5333333333333333,0.26952625449470585,0.27028108432529757,0.08667296786389413,medium,1.0
261406866,4,0.4717,10,0.4557075986086897,0.0802,37.2,37.2,38.11,0.02857142857142857,0.3064198503347774,0.4,0.6210399856219393,0.07992397719315794,0.08740548204158789,high,1.0
"[914432553, 45314138, 554357605]",0,0.6083,13,0.10430895668035509,0.4365,20.11,20.11,21.82,0.0,0.48575554680320326,0.6,0.14215008007092644,0.4363308992697809,0.047022684310018895,low,1.0
367214521,40,0.5719,8,0.23986745762571343,0.3338,70.28,70.28,144.63,0.2857142857142857,0.4379677038204016,0.26666666666666666,0.326890685094662,0.33360008002400715,0.1655718336483932,high,0.8583
429692903,0,1.0,8,0.23986745762571343,0.3338,3.09,3.09,102.28,0.0,1.0,0.26666666666666666,0.326890685094662,0.33360008002400715,0.006805293005671077,medium,0.9936
355261841,1,0.3207,6,0.6466689362152942,0.1535,88.3,114.24,88.3,0.007142857142857143,0.10817907312590254,0.13333333333333333,0.8812841812980636,0.15324597379213764,0.20815217391304347,high,1.0
674769136,0,0.4067,8,0.4902726942542049,0.1535,140.78,145.09,140.78,0.0,0.2210844164369174,0.26666666666666666,0.6681456753258236,0.15324597379213764,0.3321597353497164,high,1.0
880527065,0,0.3858,10,0.4116005399674726,0.2726,106.77,111.4,106.77,0.0,0.19364579230668236,0.4,0.5609304045748582,0.2723817145143543,0.25179584120982984,high,1.0
880527065,0,0.4342,11,0.5421019149576857,0.458,146.47,146.47,156.7,0.0,0.25718786923985815,0.4666666666666667,0.7387791031366643,0.45783735120536156,0.3456049149338374,high,1.0
14574656,0,0.3487,6,0.6932663827619295,0.2869,85.72,88.93,85.72,0.0,0.14493895234344228,0.13333333333333333,0.9447876901710079,0.2866860058017405,0.20205576559546312,high,1.0
356298151,0,0.5001,8,0.4017983423746242,0.2517,185.61,189.97,185.61,0.0,0.3437048706839963,0.26666666666666666,0.5475718626816062,0.25147544263278976,0.4380907372400756,high,1.0
51366091,0,0.3638,9,0.5402935415297586,0.2064,111.16,116.08,111.16,0.0,0.16476303006432977,0.3333333333333333,0.7363146320864957,0.20616184855456637,0.26216918714555765,high,1.0
14574513,0,0.3905,7,0.697986824551857,0.0939,177.1,181.45,177.1,0.0,0.19981620060391228,0.2,0.95122075977689,0.09362808842652796,0.41798204158790164,high,1.0
1299376978,0,0.4107,6,0.4855218338914438,0.0939,97.99,102.54,97.99,0.0,0.2263358277537088,0.13333333333333333,0.6616711509567946,0.09362808842652796,0.23104914933837428,high,1.0
"[45314185, 45314183]",39,0.7452,6,0.08064362050003338,0.0228,26.57,26.57,34.34,0.2785714285714286,0.6654850991203884,0.13333333333333333,0.10989870156235912,0.02250675202560768,0.062287334593572774,medium,0.9999
315128862,11,0.975,8,0.056353618120356753,0.3202,29.56,29.56,49.4,0.07857142857142857,0.9671786792700536,0.26666666666666666,0.07679602113763076,0.31999599879963986,0.06935255198487711,low,1.0
14574656,0,0.2383,6,0.733779933928373,0.2589,162.6,162.6,162.86,0.0,0.0,0.13333333333333333,1.0,0.25867760328098427,0.383719281663516,high,1.0
993403291,0,0.3545,6,0.6428566618054092,0.2869,140.48,143.33,140.48,0.0,0.15255349875278976,0.13333333333333333,0.8760887721124565,0.2866860058017405,0.3314508506616256,high,1.0
14574696,0,0.479,8,0.48074539606578875,0.0773,195.71,195.71,197.64,0.0,0.3160036759879217,0.26666666666666666,0.6551617693420964,0.07702310693207962,0.4619565217391304,high,1.0
14574531,0,0.322,7,0.6483255194271775,0.4021,188.17,195.22,188.17,0.0,0.10988578180385977,0.2,0.8835417909846657,0.4019205761728518,0.4441398865784498,high,1.0
14574656,0,0.3231,7,0.692447504043558,0.1317,91.99,100.43,91.99,0.0,0.11132991991597739,0.2,0.9436717133136511,0.13143943182954887,0.2168714555765595,high,1.0
14574656,0,0.4603,7,0.6988141067488103,0.215,163.2,168.27,163.2,0.0,0.291453328081922,0.2,0.9523481889866017,0.21476442932879863,0.3851370510396975,high,1.0
51366093,0,0.471,8,0.4887301822292383,0.5074,119.66,124.64,119.66,0.0,0.3055008533543389,0.26666666666666666,0.6660435230981033,0.5072521756526958,0.28225425330812853,high,1.0
320844399,14,0.7234,7,0.10627183485700233,0.7977,31.59,31.59,60.94,0.1,0.6368649074438756,0.2,0.14482511187942854,0.7976392917875362,0.07414933837429111,low,0.6533
339798867,0,0.6632,6,0.18803713171371314,0.2353,145.39,147.79,145.39,0.0,0.5578311671261651,0.13333333333333333,0.2562557510935849,0.2350705211563469,0.34305293005671067,high,1.0
15106870,0,0.7155,10,0.06908931396243824,0.1398,100.09,109.17,100.09,0.0,0.6264933700932125,0.4,0.0941523664708739,0.13954186255876763,0.23601134215500946,medium,0.9999
14574938,0,0.6953,7,0.18369153607041735,0.1398,106.46,111.55,106.46,0.0,0.599973742943416,0.2,0.25033352590864744,0.13954186255876763,0.2510633270321361,high,1.0
14577912,0,0.5528,9,0.438185955510236,0.0936,57.06,57.06,57.5,0.0,0.41289221478272276,0.3333333333333333,0.597161299117999,0.09332799839951986,0.1343336483931947,high,1.0
14577982,0,0.5167,7,0.45993730977585434,0.0936,51.58,51.58,56.99,0.0,0.3654982276486806,0.2,0.6268042821776575,0.09332799839951986,0.12138468809073723,high,1.0
880527066,7,0.5221,8,0.44646532761768126,0.0024,38.14,38.14,38.44,0.05,0.37258763292634894,0.26666666666666666,0.6084445178145721,0.002100630189056717,0.0896266540642722,high,1.0
14577982,0,0.4536,8,0.4761934326312148,0.2491,125.66,131.28,125.66,0.0,0.2826572141262964,0.26666666666666666,0.648958303878222,0.2488746623987196,0.29643194706994325,high,1.0
1093947854,0,0.4045,8,0.5112119679566881,0.1023,160.35,167.55,160.35,0.0,0.21819614021268216,0.26666666666666666,0.6966819461282988,0.10203060918275483,0.37840264650283545,high,1.0
1093947855,5,0.5343,7,0.5813774671400146,0.2946,73.08,73.08,85.91,0.03571428571428571,0.3886044374425626,0.2,0.7923042544344752,0.2943883164949484,0.17218809073724006,high,1.0
14574696,0,0.3207,8,0.5659110302565079,0.102,165.05,165.05,172.81,0.0,0.10817907312590254,0.26666666666666666,0.7712264253976067,0.10173051915574671,0.3895085066162571,high,1.0
14574609,7,0.4053,7,0.664023026633492,0.1705,87.59,99.56,87.59,0.05,0.2192464224760404,0.2,0.9049345251801251,0.17025107532259678,0.20647448015122874,high,1.0
14578013,0,0.3443,8,0.5309055145129067,0.2109,181.05,190.57,181.05,0.0,0.13916239989497176,0.26666666666666666,0.723520526375844,0.2106631989596879,0.42731568998109637,high,1.0
14578013,0,0.423,8,0.4813241042212727,0.2735,145.33,145.33,148.78,0.0,0.2424839175528423,0.26666666666666666,0.6559504391343314,0.2732819845953786,0.3429111531190926,high,1.0
51366094,0,0.3858,7,0.6021562199749655,0.2295,177.59,177.59,189.44,0.0,0.19364579230668236,0.2,0.8206217656462199,0.22926878063419026,0.41913988657844986,high,1.0
14578013,0,0.4314,8,0.5084070229138822,0.2295,118.84,118.84,124.79,0.0,0.2535118813181042,0.26666666666666666,0.692859336401483,0.22926878063419026,0.2803166351606805,high,1.0
1299376942,16,0.483,7,0.4988198887026774,0.0222,97.29,97.29,108.57,0.11428571428571428,0.3212550873047131,0.2,0.6797938852326505,0.021906571971591477,0.22939508506616257,high,1.0
1299376978,0,0.3351,7,0.6313260575213954,0.0222,170.8,174.06,170.8,0.0,0.12708415386635158,0.2,0.8603747387109169,0.021906571971591477,0.40309546313799616,high,1.0
14574453,0,0.3993,6,0.5399203815351584,0.0939,133.78,144.42,133.78,0.0,0.2113693055008533,0.13333333333333333,0.7358060855719478,0.09362808842652796,0.3156190926275992,high,1.0
14574453,0,0.4617,7,0.5411197378999971,0.2517,148.14,169.85,148.14,0.0,0.29329132204279895,0.2,0.737440581519706,0.25147544263278976,0.3495510396975424,high,1.0
1299376943,0,0.3858,7,0.674141997400715,0.2517,178.19,194.48,178.19,0.0,0.19364579230668236,0.2,0.9187247690137287,0.25147544263278976,0.4205576559546313,high,1.0
14574513,0,0.4114,8,0.5664469386156008,0.2517,224.77,244.77,224.77,0.0,0.22725482473414726,0.26666666666666666,0.771956767160061,0.25147544263278976,0.5306238185255198,high,1.0
1299376943,0,0.2768,8,0.7144954077427109,0.156,250.2,254.49,250.2,0.0,0.05054483392411708,0.26666666666666666,0.9737188371788551,0.15574672401720516,0.5907136105860112,high,1.0
1299376979,0,0.4247,8,0.5366017591533269,0.156,205.66,205.66,216.34,0.0,0.24471576736247866,0.26666666666666666,0.7312834307595285,0.15574672401720516,0.4854678638941398,high,1.0
14578058,0,0.3743,7,0.6501512959107846,0.2437,230.57,230.57,235.64,0.0,0.1785479847709072,0.2,0.8860299791091097,0.24347304191257377,0.544328922495274,high,1.0
277020297,0,0.3897,7,0.6554687782443123,0.1928,242.81,242.81,256.78,0.0,0.198765918340554,0.2,0.8932767020858923,0.19255776733019905,0.5732514177693762,high,1.0
14574609,0,0.3711,8,0.6476303402793825,0.2109,211.51,216.02,211.51,0.0,0.17434685571747402,0.26666666666666666,0.8825943932525581,0.2106631989596879,0.4992911153119092,high,1.0
1299377074,0,0.314,8,0.6368763229655839,0.2099,238.43,238.43,243.22,0.0,0.099382959170277,0.26666666666666666,0.8679387010522756,0.2096628988696609,0.5629017013232513,high,1.0
14574696,0,0.382,8,0.5369671519458813,0.006,155.27,155.27,159.67,0.0,0.1886569515557306,0.26666666666666666,0.7317813920463314,0.005701710513153946,0.36639886578449904,high,1.0
14578101,0,0.3303,7,0.6779293658690317,0.102,98.42,98.42,105.72,0.0,0.12078246028620188,0.2,0.9238862361102606,0.10173051915574671,0.23206521739130434,high,1.0
1299377075,0,0.3433,8,0.6406246801251008,0.006,193.65,193.65,199.79,0.0,0.1378495470657739,0.26666666666666666,0.873047003111276,0.005701710513153946,0.45708884688090734,high,1.0
85518576,0,0.3349,7,0.635546115750765,0.2491,90.89,98.08,90.89,0.0,0.12682158330051196,0.2,0.8661258801376238,0.2488746623987196,0.21427221172022684,high,1.0
14574696,0,0.4394,7,0.5170448200353965,0.5,186.82,186.82,188.04,0.0,0.264014703951687,0.2,0.7046310206202696,0.4998499549864959,0.4409499054820415,high,1.0
993403294,0,0.3996,7,0.558428491331776,0.2131,194.62,194.62,197.36,0.0,0.2117631613496127,0.2,0.7610291396617174,0.21286385915774733,0.4593809073724007,high,1.0
14578216,0,0.4397,8,0.38006454877799073,0.2099,196.76,203.11,196.76,0.0,0.2644085598004463,0.26666666666666666,0.5179528114933558,0.2096628988696609,0.46443761814744794,high,1.0
993404604,0,0.6742,7,0.24642037958078733,0.2099,213.71,219.05,213.71,0.0,0.5722725482473414,0.2,0.33582107867537625,0.2096628988696609,0.5044896030245746,high,1.0
14574531,0,0.4056,8,0.5884000961024082,0.156,270.92,280.59,270.92,0.0,0.2196402783247998,0.26666666666666666,0.8018747698527059,0.15574672401720516,0.6396739130434783,high,1.0
356298151,0,0.3801,8,0.5188075167585592,0.156,229.35,234.38,229.35,0.0,0.18616253118025466,0.26666666666666666,0.7070332429585181,0.15574672401720516,0.541446124763705,high,1.0
51366093,0,0.3312,7,0.6162749460312357,0.0363,171.7,176.7,171.7,0.0,0.12196402783247995,0.2,0.8398629196543415,0.036010803240972285,0.40522211720226836,high,1.0
51366093,0,0.3973,6,0.6762576360215122,0.0041,134.32,139.53,134.32,0.0,0.2087435998424576,0.13333333333333333,0.9216079844232529,0.003801140342102631,0.3168950850661625,high,1.0
14574531,0,0.3306,6,0.706671713407314,0.0363,200.84,208.88,200.84,0.0,0.12117631613496126,0.13333333333333333,0.9630566211248092,0.036010803240972285,0.474078449905482,high,1.0
14578168,0,0.3527,6,0.641541974281962,0.0363,180.42,185.63,180.42,0.0,0.1501903636602337,0.13333333333333333,0.8742971016026395,0.036010803240972285,0.4258270321361058,high,1.0
14574531,0,0.3998,7,0.5322510549986034,0.0363,220.45,229.31,220.45,0.0,0.21202573191545224,0.2,0.7253542436394461,0.036010803240972285,0.5204158790170131,high,1.0
14578198,0,0.389,7,0.5356960388829071,0.1965,151.69,156.55,151.69,0.0,0.19784692136011553,0.2,0.7300491052869633,0.196258877663299,0.3579395085066162,high,1.0
14574696,0,0.3085,6,0.6995554731742697,0.5,211.88,212.33,211.88,0.0,0.09216226860968883,0.13333333333333333,0.9533585312449515,0.4998499549864959,0.5001654064272211,high,1.0
993403292,0,0.4759,6,0.4787353960822452,0.5,191.57,194.38,191.57,0.0,0.3119338322174084,0.13333333333333333,0.6524225194207122,0.4998499549864959,0.4521739130434782,high,1.0
140357866,0,0.6786,8,0.292167000935725,0.1304,38.2,46.55,38.2,0.0,0.578049100695812,0.26666666666666666,0.39816507368834486,0.13013904171251375,0.08976843100189036,high,1.0
398749582,0,0.6999,10,0.2765826338195725,0.3702,36.16,36.16,43.39,0.0,0.6060128659577261,0.4,0.37692652804294463,0.37001100330099024,0.08494801512287332,medium,0.9994
33872608,0,1.0,5,0.00068312920803353,1.0,68.31,68.31,78.3,0.0,1.0,0.06666666666666667,0.000927671075429013,1.0,0.16091682419659736,low,1.0
33872607,0,0.9909,6,0.00068312920803353,1.0,26.86,26.86,27.38,0.0,0.9880530392542994,0.13333333333333333,0.000927671075429013,1.0,0.06297258979206048,low,1.0
45756885,0,1.0,6,0.00068312920803353,1.0,36.01,36.01,37.57,0.0,1.0,0.13333333333333333,0.000927671075429013,1.0,0.08459357277882797,low,1.0
45756896,0,1.0,7,0.1657919340524216,1.0,83.03,83.21,83.03,0.0,1.0,0.2,0.2259397528628572,1.0,0.19569943289224953,low,0.9998
15101495,0,0.9574,7,0.00068312920803353,1.0,28.86,28.86,31.93,0.0,0.9440724694761717,0.2,0.000927671075429013,1.0,0.0676984877126654,low,1.0
15106934,0,1.0,7,0.1657919340524216,1.0,72.43,73.28,72.43,0.0,1.0,0.2,0.2259397528628572,1.0,0.1706521739130435,low,1.0
4297465,0,0.9155,9,0.027033284337810166,0.1654,17.69,17.69,23.92,0.0,0.8890639359327819,0.3333333333333333,0.03683795015933849,0.16514954486345904,0.041304347826086954,low,0.9999
45756894,0,1.0,7,0.1657919340524216,1.0,78.59,78.59,79.92,0.0,1.0,0.2,0.2259397528628572,1.0,0.1852079395085066,low,0.9999
339798871,0,0.655,7,0.029341771443755688,0.2408,24.77,24.77,27.74,0.0,0.5470657739267428,0.2,0.03998398158981124,0.24057217165149544,0.058034026465028345,medium,0.9996
15208642,0,0.9831,8,0.1657919340524216,1.0,34.99,34.99,37.32,0.0,0.9778127871865562,0.26666666666666666,0.2259397528628572,1.0,0.08218336483931947,low,1.0
45756895,0,1.0,8,0.1657919340524216,1.0,62.11,62.11,62.64,0.0,1.0,0.26666666666666666,0.2259397528628572,1.0,0.1462665406427221,low,1.0
15105163,0,0.7676,6,0.28693165794106057,0.5,205.04,309.12,205.04,0.0,0.6948930024944202,0.13333333333333333,0.39103029109930654,0.4998499549864959,0.4840028355387523,high,1.0
15106580,0,0.5429,6,0.24941100244210557,0.5,91.31,340.64,91.31,0.0,0.3998949717736642,0.13333333333333333,0.3398967321603646,0.4998499549864959,0.21526465028355388,high,1.0
880527065,0,0.5311,11,0.30365538885733495,0.4077,146.98,151.21,146.98,0.0,0.38440330838912956,0.4666666666666667,0.4138215741703109,0.4075222566770031,0.3468100189035916,high,1.0
880527065,0,0.3698,10,0.5472631257347066,0.2799,38.33,38.33,39.75,0.0,0.17264014703951686,0.4,0.745812857530173,0.2796839051715514,0.09007561436672966,high,1.0
15105426,0,0.5041,8,0.5476876339354336,0.5,217.14,330.8,217.14,0.0,0.34895628200078765,0.26666666666666666,0.7463913819406153,0.4998499549864959,0.512594517958412,high,1.0
275600097,0,0.6453,8,0.2590935816629666,0.5,207.13,368.19,207.13,0.0,0.5343311014835236,0.26666666666666666,0.3530922568303603,0.4998499549864959,0.4889413988657844,high,1.0
15105470,0,0.5108,7,0.4241602397235381,0.4882,151.85,157.98,151.85,0.0,0.3577523959564133,0.2,0.5780469005206734,0.48804641392417725,0.35831758034026456,high,1.0
48646525,0,0.5421,7,0.5248117602757706,0.2113,196.86,199.52,196.86,0.0,0.3988446895103059,0.2,0.7152158915740158,0.2110633189956987,0.4646739130434782,high,1.0
15105426,0,0.5041,8,0.5476876339354336,0.5,217.14,330.8,217.14,0.0,0.34895628200078765,0.26666666666666666,0.7463913819406153,0.4998499549864959,0.512594517958412,high,1.0
275372616,0,0.5069,7,0.5821214517690769,0.5,215.93,227.01,215.93,0.0,0.35263226992254165,0.2,0.7933181648092789,0.4998499549864959,0.5097353497164461,high,1.0
15106231,0,0.4,8,0.5456044021292646,0.5,238.57,244.46,238.57,0.0,0.21228830248129185,0.26666666666666666,0.743552330891862,0.4998499549864959,0.5632325141776937,high,1.0
275600096,0,0.3069,8,0.6655491568003599,0.5,267.84,276.04,267.84,0.0,0.09006170408297229,0.26666666666666666,0.9070143520327825,0.4998499549864959,0.6323960302457466,high,1.0
15106270,0,0.4301,8,0.5222462657851817,0.1579,267.16,271.15,267.16,0.0,0.251805172640147,0.26666666666666666,0.7117196076739195,0.1576472941882565,0.630789224952741,high,1.0
275600096,0,0.4462,8,0.40768557013919177,0.5,266.88,271.62,266.88,0.0,0.2729421031902323,0.26666666666666666,0.5555950409519025,0.4998499549864959,0.6301275992438563,high,1.0
48646525,0,0.49,7,0.49026080935674315,0.1895,184.93,187.71,184.93,0.0,0.33044505710909805,0.2,0.6681294784578116,0.18925677703310995,0.4364839319470699,high,1.0
275600096,0,0.4495,8,0.5783692828875406,0.0165,238.17,241.38,238.17,0.0,0.2772745175265853,0.26666666666666666,0.7882046680938966,0.01620486145843753,0.5622873345935727,high,1.0
398749582,0,0.5331,8,0.5846700467418582,0.1648,171.83,171.88,171.83,0.0,0.38702901404752527,0.26666666666666666,0.7967914178620096,0.16454936480944282,0.40552930056710773,high,1.0
15105567,0,0.7504,7,0.2124264379103713,0.5,189.82,189.82,193.94,0.0,0.6723119338322173,0.2,0.28949376384422715,0.4998499549864959,0.4480387523629489,high,1.0
15105614,0,0.8582,8,0.07147639024997095,0.109,161.13,161.13,161.99,0.0,0.8138374688197452,0.26666666666666666,0.09740550009599684,0.10873261978593578,0.3802457466918714,high,0.9673
398749590,0,0.4641,7,0.5872888156512166,0.5,144.66,152.27,144.66,0.0,0.29644216883287383,0.2,0.8003603047216188,0.4998499549864959,0.3413279773156899,high,1.0
398749591,0,0.6868,7,0.2833470820792396,0.5,119.28,121.26,119.28,0.0,0.5888144938952342,0.2,0.3861451919808586,0.4998499549864959,0.2813563327032136,high,1.0
398749590,30,0.6056,8,0.42910165949427487,0.5,145.88,157.49,145.88,0.21428571428571427,0.48221084416436916,0.26666666666666666,0.5847811213312895,0.4998499549864959,0.3442107750472589,high,1.0
15105470,0,0.4875,8,0.42099254602328506,0.3217,246.61,246.61,246.67,0.0,0.3271629250361034,0.26666666666666666,0.5737299329632458,0.3214964489346804,0.5822306238185254,high,1.0
15106231,0,0.4225,8,0.43488474269715927,0.4163,253.94,256.91,253.94,0.0,0.24182749113824337,0.26666666666666666,0.5926623702559446,0.41612483745123535,0.5995510396975424,high,1.0
15106284,0,1.0,7,0.10269544004564028,0.5,198.76,205.49,198.76,0.0,1.0,0.2,0.13995116198586124,0.4998499549864959,0.46916351606805284,medium,0.9908
31783621,0,0.7572,7,0.10269544004564028,0.5,177.11,183.43,177.11,0.0,0.6812393330707626,0.2,0.13995116198586124,0.4998499549864959,0.4180056710775047,high,0.9997
15105470,0,0.5009,7,0.46589532803998057,0.177,187.88,192.27,187.88,0.0,0.3447551529473546,0.2,0.6349239345135949,0.1767530259077723,0.4434546313799621,high,1.0
15106270,0,0.5358,9,0.5076377601835672,0.5,221.29,226.65,221.29,0.0,0.3905737166863595,0.3333333333333333,0.6918109767543231,0.4998499549864959,0.5224007561436672,high,1.0
15106270,0,0.4274,7,0.5098878449673174,0.2796,202.59,207.4,202.59,0.0,0.24826047000131282,0.2,0.6948774168625114,0.27938381514454336,0.4782136105860113,high,1.0
339798869,0,0.784,6,0.07613499076657347,0.1466,146.9,151.81,146.9,0.0,0.7164237888932651,0.13333333333333333,0.1037542917394508,0.1463439031709513,0.34662098298676747,high,1.0
15106328,0,0.6555,6,0.020663293680060115,0.5,226.62,233.61,226.62,0.0,0.5477222003413417,0.13333333333333333,0.02815685734773653,0.4998499549864959,0.5349952741020794,high,1.0
15106328,0,0.7706,6,0.06004971406639565,0.342,133.17,137.68,133.17,0.0,0.6988315609820138,0.13333333333333333,0.08183310104435115,0.34180254076222866,0.31417769376181465,high,0.9993
398749582,0,0.9306,6,0.007366135122092495,0.3763,146.14,146.14,152.04,0.0,0.9088880136536692,0.13333333333333333,0.010035344495616171,0.37611283385015504,0.3448251417769375,medium,0.9995
31783618,0,0.856,8,0.010317374993026868,0.5,185.82,380.22,185.82,0.0,0.8109491925955099,0.26666666666666666,0.014057326411352723,0.4998499549864959,0.43858695652173907,medium,1.0
275600097,0,0.9841,7,0.22099447688032156,0.5,205.62,358.14,205.62,0.0,0.9791256400157542,0.2,0.3011703808924902,0.4998499549864959,0.48537334593572773,high,0.9998
31783619,0,0.5851,7,0.2551356941266217,0.5,129.38,368.58,129.38,0.0,0.4552973611658132,0.2,0.34769840448630857,0.4998499549864959,0.3052221172022684,high,1.0
275600097,0,1.0,8,0.20974700847067426,0.5,163.09,400.85,163.09,0.0,1.0,0.26666666666666666,0.28584220815162203,0.4998499549864959,0.3848771266540642,medium,0.9979
15106580,0,0.6395,7,0.33932539411841484,0.5,85.54,318.27,85.54,0.0,0.526716555074176,0.2,0.4624330467609376,0.4998499549864959,0.2016304347826087,high,1.0
15106365,0,0.6009,7,0.2516508587170319,0.5,129.5,372.78,129.5,0.0,0.47604043586713923,0.2,0.34294923274505973,0.4998499549864959,0.30550567107750465,high,1.0
15106580,0,0.971,6,0.24941100244210557,0.5,96.39,341.24,96.39,0.0,0.9619272679532622,0.13333333333333333,0.3398967321603646,0.4998499549864959,0.22726843100189034,high,0.5295
31783620,0,0.8355,8,0.002159283717668351,0.5,188.11,385.41,188.11,0.0,0.7840357095969541,0.26666666666666666,0.0029393905568090573,0.4998499549864959,0.44399810964083175,medium,1.0
275600097,0,0.6714,8,0.35282275511347666,0.5,176.9,379.16,176.9,0.0,0.5685965603255875,0.26666666666666666,0.4808273976800038,0.4998499549864959,0.41750945179584115,high,1.0
31783621,0,0.7551,8,0.24517543988951437,0.5,276.04,283.12,276.04,0.0,0.6784823421294471,0.26666666666666666,0.3341244612727057,0.4998499549864959,0.6517722117202269,high,1.0
275600097,0,1.0,8,0.2590935816629666,0.5,211.44,360.84,211.44,0.0,1.0,0.26666666666666666,0.3530922568303603,0.4998499549864959,0.499125708884688,high,0.9983
398749582,0,0.8707,7,0.2124264379103713,0.5,172.7,172.7,176.72,0.0,0.8302481291847185,0.2,0.28949376384422715,0.4998499549864959,0.4075850661625708,high,1.0
15106384,0,0.4477,7,0.5598505694450266,0.2496,106.04,108.49,106.04,0.0,0.2749113824340291,0.2,0.7629671632397359,0.2493748124437331,0.2500708884688091,high,1.0
48646525,0,0.5652,6,0.16608076286374682,0.5,134.57,138.4,134.57,0.0,0.42917158986477616,0.13333333333333333,0.22633337192016748,0.4998499549864959,0.3174858223062381,high,1.0
15106384,0,0.3875,7,0.6151696549521786,0.3963,109.44,109.44,111.74,0.0,0.19587764211631875,0.2,0.8383566169049871,0.39611883565069517,0.2581049149338374,high,1.0
398749582,0,0.3539,8,0.5347050263548923,0.3571,27.92,27.92,28.36,0.0,0.15176578705527108,0.26666666666666666,0.7286985425945848,0.3569070721216364,0.0654773156899811,high,1.0
45756884,0,0.5626,6,0.5841581081025439,0.5,170.19,170.19,170.63,0.0,0.4257581725088617,0.13333333333333333,0.7960937422953546,0.4998499549864959,0.4016540642722117,high,1.0
15106655,0,0.6101,6,0.3802376180835608,0.5,213.96,332.63,213.96,0.0,0.4881186818957594,0.13333333333333333,0.5181886722324396,0.4998499549864959,0.5050803402646502,high,1.0
275600097,0,0.6372,6,0.22099447688032156,0.5,192.23,364.79,192.23,0.0,0.523696993567021,0.13333333333333333,0.3011703808924902,0.4998499549864959,0.45373345935727777,high,1.0
275600097,0,0.671,7,0.20974700847067426,0.5,168.83,387.95,168.83,0.0,0.5680714191939084,0.2,0.28584220815162203,0.4998499549864959,0.39844045368620035,high,1.0
15106580,0,1.0,6,0.12346899818438961,0.5,48.28,293.59,48.28,0.0,1.0,0.13333333333333333,0.1682615938089103,0.4998499549864959,0.11358695652173911,medium,0.9995
33872609,0,0.9998,6,0.12346899818438961,0.5,36.15,274.51,36.15,0.0,0.9997374294341604,0.13333333333333333,0.1682615938089103,0.4998499549864959,0.0849243856332703,medium,0.9947
15106580,0,1.0,6,0.24941100244210557,0.5,64.68,317.49,64.68,0.0,1.0,0.13333333333333333,0.3398967321603646,0.4998499549864959,0.15233931947069945,medium,0.9991
15106593,0,0.3762,7,0.6160659834890498,0.5,241.72,241.78,241.72,0.0,0.18104240514638303,0.2,0.8395781432205398,0.4998499549864959,0.5706758034026465,high,1.0
15106801,0,0.5279,7,0.37313981631822263,0.2989,235.27,244.52,235.27,0.0,0.3802021793356965,0.2,0.5085157104976704,0.2986896068820646,0.5554347826086956,high,1.0
15106328,0,0.7179,7,0.03271078815132602,0.5,258.38,311.64,258.38,0.0,0.6296442168832873,0.2,0.04457531433951828,0.4998499549864959,0.6100425330812854,high,1.0
15106604,0,0.6632,6,0.22951243862564163,0.5,242.65,249.84,242.65,0.0,0.5578311671261651,0.13333333333333333,0.3127787521523182,0.4998499549864959,0.5728733459357277,high,1.0
15106628,0,0.562,6,0.4059706402589936,0.5,265.27,272.47,265.27,0.0,0.4249704608113431,0.13333333333333333,0.5532579157887318,0.4998499549864959,0.6263232514177693,high,1.0
15106823,0,0.8883,13,0.17800708207898797,0.5,224.19,229.61,224.19,0.0,0.8533543389786004,0.6,0.24258668995012977,0.4998499549864959,0.5292533081285443,medium,0.9999
15106628,0,0.8177,11,0.031855412171851845,0.5,202.09,208.9,202.09,0.0,0.7606669292372323,0.4666666666666667,0.04340959861627842,0.4998499549864959,0.47703213610586004,medium,0.9995
15106823,0,0.6798,13,0.22044824432717258,0.4999,247.57,249.58,247.57,0.0,0.5796245240908493,0.6,0.3004259692056638,0.4997499249774932,0.5844990548204158,high,0.8313
15106832,0,0.7115,13,0.11773944136039537,0.3759,148.88,152.85,148.88,0.0,0.6212419587764212,0.6,0.16045329121777122,0.37571271381414423,0.3512996219281663,medium,0.999
85518630,0,0.7526,12,0.14008775075608762,0.1834,166.27,166.27,170.4,0.0,0.6752002100564526,0.5333333333333333,0.19090981124584397,0.1831549464839452,0.39239130434782604,medium,0.9995
"[15106664, 15106655]",0,0.5298,6,0.4816054048989869,0.5,241.48,298.46,241.48,0.0,0.3826965997111724,0.13333333333333333,0.6563337987689696,0.4998499549864959,0.5701086956521738,high,1.0
15106696,0,1.0,11,0.31529532224116236,0.5,163.82,199.42,163.82,0.0,1.0,0.4666666666666667,0.42968460246265705,0.4998499549864959,0.386602079395085,medium,1.0
15106696,0,0.7946,11,0.1473965166454431,0.5,89.53,244.96,89.53,0.0,0.7303400288827622,0.4666666666666667,0.20087027719198647,0.4998499549864959,0.21105860113421548,medium,0.6107
15106696,0,0.7385,10,0.12346899818438961,0.5,61.97,285.66,61.97,0.0,0.6566889851647629,0.4,0.1682615938089103,0.4998499549864959,0.14593572778827976,medium,0.9788
15106696,0,0.7946,11,0.1473965166454431,0.5,89.53,244.96,89.53,0.0,0.7303400288827622,0.4666666666666667,0.20087027719198647,0.4998499549864959,0.21105860113421548,medium,0.6107
15106717,0,1.0,9,0.12346899818438961,0.5,44.56,268.5,44.56,0.0,1.0,0.3333333333333333,0.1682615938089103,0.4998499549864959,0.10479678638941398,low,1.0
15106696,0,0.7385,10,0.12346899818438961,0.5,61.97,285.66,61.97,0.0,0.6566889851647629,0.4,0.1682615938089103,0.4998499549864959,0.14593572778827976,medium,0.9788
15106580,0,1.0,7,0.12346899818438961,0.5,56.46,293.85,56.46,0.0,1.0,0.2,0.1682615938089103,0.4998499549864959,0.1329158790170132,medium,0.9041
15106593,0,0.5684,7,0.3603005207536701,0.5,173.55,368.41,173.55,0.0,0.4333727189182093,0.2,0.4910181783316125,0.4998499549864959,0.40959357277882796,high,1.0
316212717,0,0.5519,10,0.48548716768837497,0.5,118.56,315.0,118.56,0.0,0.4117106472364447,0.4,0.6616239074767903,0.4998499549864959,0.27965500945179583,high,1.0
15106664,0,0.5352,7,0.5034154687232127,0.5,255.64,294.2,255.64,0.0,0.38978600498884075,0.2,0.6860567918560492,0.4998499549864959,0.6035680529300566,high,1.0
136024006,0,0.5393,7,0.46956531792104433,0.5,207.44,333.65,207.44,0.0,0.3951687015885519,0.2,0.6399254367899588,0.4998499549864959,0.4896739130434782,high,1.0
15106593,0,0.5329,7,0.3856087962721226,0.5,177.77,345.57,177.77,0.0,0.3867664434816857,0.2,0.5255085725066774,0.4998499549864959,0.4195652173913043,high,1.0
15106748,0,0.6775,7,0.31529532224116236,0.5,202.01,242.18,202.01,0.0,0.5766049625836943,0.2,0.42968460246265705,0.4998499549864959,0.4768431001890358,high,1.0
1387739977,0,1.0,10,0.31529532224116236,0.5,205.52,212.25,205.52,0.0,1.0,0.4,0.42968460246265705,0.4998499549864959,0.4851370510396975,medium,0.6956
15106766,0,0.4605,7,0.4944425266453813,0.5,201.12,282.28,201.12,0.0,0.2917158986477616,0.2,0.6738283684319093,0.4998499549864959,0.47474007561436665,high,1.0
270741354,0,0.7156,6,0.25879076638323706,0.5,162.49,259.62,162.49,0.0,0.6266246553761323,0.13333333333333333,0.3526795768612139,0.4998499549864959,0.3834593572778828,high,1.0
15106732,0,0.7989,8,0.19908050557485435,0.5,135.45,243.63,135.45,0.0,0.735985296048313,0.26666666666666666,0.2713057815555837,0.4998499549864959,0.3195652173913043,high,0.8742
275372614,0,0.4515,6,0.5181792693728877,0.5,164.99,302.03,164.99,0.0,0.2799002231849809,0.13333333333333333,0.7061770605625479,0.4998499549864959,0.3893667296786389,high,1.0
15106593,0,0.5678,7,0.41248673803082453,0.5,205.37,299.87,205.37,0.0,0.4325850072206905,0.2,0.5621381249705012,0.4998499549864959,0.4847826086956521,high,1.0
15106766,0,0.4321,8,0.5288308208283224,0.5,252.08,253.24,252.08,0.0,0.25443087829854266,0.26666666666666666,0.7206931111723998,0.4998499549864959,0.5951559546313799,high,1.0
15106664,0,0.3417,7,0.6007940513736029,0.5,208.39,208.39,215.98,0.0,0.13574898253905734,0.2,0.8187653874050537,0.4998499549864959,0.49191871455576547,high,1.0
15106766,0,0.4432,9,0.53120508008082,0.5,228.58,228.58,235.55,0.0,0.26900354470263876,0.3333333333333333,0.7239287776022492,0.4998499549864959,0.5396266540642721,high,1.0
15106823,0,0.6798,13,0.22044824432717264,0.4999,247.57,249.58,247.57,0.0,0.5796245240908493,0.6,0.30042596920566383,0.4997499249774932,0.5844990548204158,high,0.8313
15106823,0,0.8099,10,0.1780070820789879,0.4064,223.09,223.09,229.2,0.0,0.7504266771694891,0.4,0.2425866899501297,0.40622186655996795,0.5266540642722116,high,0.9945
15106823,0,0.8883,13,0.17800708207898797,0.5,224.19,229.61,224.19,0.0,0.8533543389786004,0.6,0.24258668995012977,0.4998499549864959,0.5292533081285443,medium,0.9999
15106823,0,0.8099,10,0.17800708207898797,0.4064,223.09,223.09,229.2,0.0,0.7504266771694891,0.4,0.24258668995012977,0.40622186655996795,0.5266540642722116,high,0.9945
"[85518610, 270499501]",0,0.6426,8,0.37930395075711787,0.3888,157.54,157.54,163.93,0.0,0.5307863988446894,0.26666666666666666,0.516916260206819,0.3886165849754926,0.37176275992438557,high,1.0
15106832,0,0.7115,13,0.11773944136039537,0.3759,148.88,152.85,148.88,0.0,0.6212419587764212,0.6,0.16045329121777122,0.37571271381414423,0.3512996219281663,medium,0.999
15107285,0,0.719,9,0.08780987601965963,0.1606,40.82,40.82,41.38,0.0,0.6310883549954049,0.3333333333333333,0.1196649528208035,0.16034810443132938,0.09595935727788278,medium,1.0
"[67498432, 263210260]",0,0.6907,8,0.12085714916534815,0.1606,72.53,72.63,72.53,0.0,0.5939346199291059,0.26666666666666666,0.1647021374513716,0.16034810443132938,0.1708884688090737,high,0.9598
45756900,0,1.0,12,0.002173917110575892,0.5,48.14,48.14,51.43,0.0,1.0,0.5333333333333333,0.0029593331044208723,0.4998499549864959,0.11325614366729678,low,1.0
"[45756901, 909084303]",0,0.8105,9,0.04578444889496073,0.3181,2.63,2.63,11.36,0.0,0.751214388867008,0.3333333333333333,0.06239224193026881,0.31789536861058315,0.005718336483931947,low,0.9998
71270646,0,0.4768,14,0.22433574348914112,0.0646,13.07,13.07,18.0,0.0,0.31311539976368646,0.6666666666666666,0.30572389550466306,0.06431929578873663,0.0303875236294896,medium,1.0
45756890,0,0.8169,12,0.002173917110575892,0.5,72.89,72.89,79.17,0.0,0.7596166469738742,0.5333333333333333,0.0029593331044208723,0.4998499549864959,0.17173913043478262,low,1.0
45756900,0,1.0,12,0.002173917110575892,0.5,48.14,48.14,51.43,0.0,1.0,0.5333333333333333,0.0029593331044208723,0.4998499549864959,0.11325614366729678,low,1.0
45756891,0,0.8963,10,0.004202614864053541,0.3374,11.22,11.22,13.21,0.0,0.8638571616121831,0.4,0.00572406455080079,0.3372011603481044,0.026016068052930053,low,1.0
15106870,0,0.6141,13,0.14305914965990055,0.233,37.61,37.61,39.32,0.0,0.4933700932125508,0.6,0.19495926611167,0.2327698309492848,0.08837429111531189,medium,0.835
15107438,0,0.6879,13,0.13372972387144277,0.233,57.12,57.12,97.45,0.0,0.5902586320073518,0.6,0.1822450227948421,0.2327698309492848,0.13447542533081283,low,0.8407
15107438,0,0.6673,14,0.20335053898130215,0.2041,68.36,68.36,124.79,0.0,0.5632138637258763,0.6666666666666666,0.2771250296992077,0.20386115834750426,0.16103497164461247,medium,0.9899
270499498,0,0.772,16,0.09271632369414061,0.4878,7.21,7.21,136.68,0.0,0.700669554942891,0.8,0.12635151327684072,0.48764629388816644,0.0165406427221172,low,1.0
45756890,0,0.8169,12,0.002173917110575892,0.5,72.89,72.89,79.17,0.0,0.7596166469738742,0.5333333333333333,0.0029593331044208723,0.4998499549864959,0.17173913043478262,low,1.0
45756890,0,0.6119,14,0.14055583462147003,0.5,107.86,112.42,107.86,0.0,0.49048181698831556,0.6666666666666666,0.19154772104780798,0.4998499549864959,0.25437145557655955,low,0.9378
828819165,0,0.7358,13,0.10100181993497435,0.5,111.28,111.28,121.33,0.0,0.6531442825259288,0.6,0.13764307800925465,0.4998499549864959,0.26245274102079397,low,0.9999
15210376,0,0.9383,7,0.013052040126405666,0.5,246.53,254.51,246.53,0.0,0.9189969804384928,0.2,0.017784157910333033,0.4998499549864959,0.5820415879017012,medium,0.7554
339798866,0,0.6349,12,0.07780418836069213,0.5,182.57,190.23,182.57,0.0,0.520677432059866,0.5333333333333333,0.10602909244387836,0.4998499549864959,0.43090737240075605,medium,1.0
15107046,0,0.6092,6,0.2297834285084896,0.4777,193.27,194.92,193.27,0.0,0.48693711434948134,0.13333333333333333,0.31314806012314644,0.47754326297889366,0.4561909262759924,high,1.0
140358451,0,0.4863,7,0.45673532571980785,0.4261,130.4,146.92,130.4,0.0,0.32558750164106603,0.2,0.6224405833489959,0.4259277783335,0.3076323251417769,high,1.0
45756884,0,0.733,7,0.14331321496272084,0.5,154.05,156.67,154.05,0.0,0.6494682946041748,0.2,0.19530550908006544,0.4998499549864959,0.36351606805293,high,1.0
45756884,0,0.7636,6,0.026823906991137746,0.4016,179.15,182.1,179.15,0.0,0.6896415911776288,0.13333333333333333,0.036552608425454026,0.40142042612783835,0.4228260869565217,high,1.0
15107061,0,0.9097,6,0.03957534328729536,0.5,193.73,197.27,193.73,0.0,0.8814493895234343,0.13333333333333333,0.053930405021355675,0.4998499549864959,0.45727788279773146,high,0.6069
15107094,0,0.5477,10,0.3593506215675648,0.3803,110.4,124.88,110.4,0.0,0.40619666535381377,0.4,0.4897236453504358,0.3801140342102631,0.2603733459357278,high,1.0
140358451,8,0.6776,10,0.2753496299190201,0.5,54.99,67.89,54.99,0.05714285714285714,0.576736247866614,0.4,0.37524617686617495,0.4998499549864959,0.1294423440453686,medium,1.0
15107094,0,0.6185,10,0.35268773008525567,0.5,136.18,141.04,136.18,0.0,0.4991466456610214,0.4,0.48064338409743296,0.4998499549864959,0.3212901701323251,high,1.0
140357866,0,0.5225,8,0.462408828933166,0.5,65.63,70.38,65.63,0.0,0.373112774058028,0.26666666666666666,0.6301724954676049,0.4998499549864959,0.15458412098298677,high,1.0
15107182,0,0.3917,7,0.5344175102329922,0.5,89.88,98.36,89.88,0.0,0.2013916239989497,0.2,0.7283067124847542,0.4998499549864959,0.21188563327032134,high,1.0
"[1444858729, 398749591]",0,0.5344,7,0.36756925377351324,0.3421,23.88,23.88,27.32,0.0,0.3887357227254824,0.2,0.500924087046132,0.3419025707712314,0.055931001890359155,high,1.0
15107182,0,0.4372,7,0.4985684469712602,0.4911,140.94,149.08,140.94,0.0,0.2611264277274517,0.2,0.6794512176960056,0.4909472841852555,0.3325378071833648,high,1.0
15107255,0,0.4775,7,0.47833154168768277,0.5,143.14,154.45,143.14,0.0,0.3140343967441249,0.2,0.6518721422427952,0.4998499549864959,0.33773629489603013,high,1.0
15107182,0,0.6242,7,0.3135506146412626,0.4775,62.98,69.05,62.98,0.0,0.506629906787449,0.2,0.4273068958979842,0.4773432029608882,0.14832230623818524,high,1.0
15107193,0,0.6949,6,0.16529612718489178,0.5,72.35,80.1,72.35,0.0,0.5994486018117368,0.13333333333333333,0.2252640618509058,0.4998499549864959,0.17046313799621926,high,0.9991
136024053,0,0.4084,6,0.4256343974033024,0.2653,129.81,141.95,129.81,0.0,0.2233162662465537,0.13333333333333333,0.5800558987005058,0.2650795238571571,0.3062381852551984,high,1.0
45756887,0,0.7463,9,0.21154452715996291,0.4818,100.39,103.4,100.39,0.0,0.6669292372325062,0.3333333333333333,0.2882918862454696,0.48164449334800435,0.23672022684310018,medium,0.9849
67498466,0,0.6246,7,0.23260510378061158,0.1805,27.54,27.54,28.18,0.0,0.5071550479191282,0.2,0.3169934699891234,0.18025407622286685,0.06457939508506615,high,1.0
15107699,0,1.0,8,0.0899063419999941,0.5,46.5,47.5,46.5,0.0,1.0,0.26666666666666666,0.12252203954659124,0.4998499549864959,0.10938090737240075,low,1.0
398749592,0,0.9951,7,0.0899063419999941,0.5,55.04,56.2,55.04,0.0,0.9935670211369304,0.2,0.12252203954659124,0.4998499549864959,0.12956049149338372,low,0.8255
15107255,0,0.4511,7,0.5823265853494534,0.5,71.72,84.67,71.72,0.0,0.2793750820533018,0.2,0.7935977230921246,0.4998499549864959,0.16897448015122873,high,1.0
136024053,0,0.5303,7,0.3561615991022392,0.29,48.8,53.55,48.8,0.0,0.38335302612577127,0.2,0.4853776107191144,0.2897869360808242,0.11481568998109638,high,1.0
15107333,0,0.8137,7,0.01290330199981554,0.1398,92.07,93.67,92.07,0.0,0.7554155179204409,0.2,0.01758145596759443,0.13954186255876763,0.21706049149338372,medium,0.9966
15107420,0,0.7731,8,0.05512877207550015,0.1398,74.5,80.02,74.5,0.0,0.7021136930550084,0.26666666666666666,0.07512678757566515,0.13954186255876763,0.17554347826086955,medium,0.9995
15107573,0,0.6246,8,0.3684760470249923,0.2244,171.4,171.4,181.45,0.0,0.5071550479191282,0.26666666666666666,0.5021598747889989,0.2241672501750525,0.40451323251417765,high,1.0
15107438,0,0.6673,14,0.20335053898130215,0.2041,68.36,68.36,124.79,0.0,0.5632138637258763,0.6666666666666666,0.2771250296992077,0.20386115834750426,0.16103497164461247,medium,0.9899
1387739976,0,0.8803,12,0.10696922013512494,0.2244,158.73,158.73,209.89,0.0,0.8428515163450175,0.5333333333333333,0.14577551615003162,0.2241672501750525,0.3745746691871455,medium,0.9992
15211052,0,0.7103,6,0.04320096148689133,0.5,199.29,199.29,208.63,0.0,0.6196665353813837,0.13333333333333333,0.0588714370857956,0.4998499549864959,0.47041587901701315,high,1.0
15106870,0,0.6141,13,0.14305914965990055,0.233,37.61,37.61,39.32,0.0,0.4933700932125508,0.6,0.19495926611167,0.2327698309492848,0.08837429111531189,medium,0.835
15106870,0,0.5361,11,0.31516355644333793,0.0024,4.55,4.55,9.17,0.0,0.3909675725351188,0.4666666666666667,0.4295050305948527,0.002100630189056717,0.010255198487712664,high,0.9999
270499517,0,0.8373,12,0.10694083410554571,0.1618,78.03,88.31,78.03,0.0,0.7863988446895103,0.5333333333333333,0.14573683135902168,0.1615484645393618,0.18388468809073724,low,0.9476
15107528,0,0.6995,11,0.24797701637182626,0.0024,30.55,40.17,30.55,0.0,0.605487724826047,0.4666666666666667,0.33794248028850454,0.002100630189056717,0.07169187145557655,medium,0.9852
270499500,0,0.6442,8,0.2220763144712183,0.1618,85.91,85.91,88.93,0.0,0.5328869633714061,0.26666666666666666,0.3026447209721304,0.1615484645393618,0.2025047258979206,high,1.0
15107573,0,0.6246,8,0.3684760470249923,0.2244,171.4,171.4,181.45,0.0,0.5071550479191282,0.26666666666666666,0.5021598747889989,0.2241672501750525,0.40451323251417765,high,1.0
85518630,0,0.7671,10,0.15834281016618681,0.0024,74.98,74.98,82.97,0.0,0.6942365760798214,0.4,0.2157880055062345,0.002100630189056717,0.17667769376181475,medium,0.9854
15107587,0,0.7015,10,0.22403976113380988,0.0024,65.85,65.85,70.56,0.0,0.6081134304844427,0.4,0.30532052751948385,0.002100630189056717,0.15510396975425328,high,0.9928
15106870,0,0.5361,11,0.31516355644333793,0.0024,4.55,4.55,9.17,0.0,0.3909675725351188,0.4666666666666667,0.4295050305948527,0.002100630189056717,0.010255198487712664,high,0.9999
15106870,0,0.5202,12,0.2943281523315968,0.0039,107.92,107.92,108.06,0.0,0.370093212550873,0.5333333333333333,0.40111031440461825,0.003601080324097229,0.2545132325141777,high,1.0
15107587,0,0.7015,10,0.2240397611338099,0.0024,65.85,65.85,70.56,0.0,0.6081134304844427,0.4,0.30532052751948385,0.002100630189056717,0.15510396975425328,high,0.9928
206651512,0,0.694,6,0.3185352506107192,0.1864,91.97,91.97,95.02,0.0,0.5982670342654587,0.13333333333333333,0.43410001221602074,0.18615584675402622,0.2168241965973535,high,1.0
15107609,0,0.6782,7,0.22592479333360466,0.1864,138.19,138.19,148.37,0.0,0.5775239595641328,0.2,0.30788946998086203,0.18615584675402622,0.32603969754253304,high,1.0
15107393,0,0.5388,7,0.1591110715795238,0.0804,16.33,16.33,19.82,0.0,0.3945122751739529,0.2,0.21683500054768512,0.08012403721116335,0.038090737240075605,high,1.0
15107646,0,0.5953,7,0.27156486180532496,0.3363,145.87,153.44,145.87,0.0,0.4686884600236314,0.2,0.37008825356131025,0.33610083024907467,0.3441871455576559,high,1.0
15107674,0,0.5253,8,0.40593979983437556,0.3363,165.77,169.79,165.77,0.0,0.376788761979782,0.26666666666666666,0.5532158861213676,0.33610083024907467,0.39120982986767483,high,1.0
15107646,0,0.5964,9,0.18729201647017624,0.1975,110.9,113.42,110.9,0.0,0.470132598135749,0.3333333333333333,0.255240299905032,0.197259177753326,0.261554820415879,high,1.0
15107393,0,0.6755,7,0.236190692195152,0.2402,75.61,75.61,77.23,0.0,0.5739792569252986,0.2,0.32187994902547173,0.23997199159747923,0.1781663516068053,high,1.0
15107646,0,0.5964,9,0.1872920164701762,0.1975,110.9,113.42,110.9,0.0,0.470132598135749,0.3333333333333333,0.25524029990503194,0.197259177753326,0.261554820415879,high,1.0
396960152,0,0.7214,9,0.27761288003442747,0.0024,221.52,224.67,221.52,0.0,0.6342392017854799,0.3333333333333333,0.3783305588320756,0.002100630189056717,0.5229442344045369,high,1.0
15107699,0,1.0,8,0.0899063419999941,0.5,43.94,43.94,45.87,0.0,1.0,0.26666666666666666,0.12252203954659124,0.4998499549864959,0.10333175803402644,low,1.0
44508942,0,0.9999,9,0.0899063419999941,0.5,19.09,19.09,20.18,0.0,0.9998687147170803,0.3333333333333333,0.12252203954659124,0.4998499549864959,0.04461247637051039,low,1.0
15107738,0,1.0,9,0.0899063419999941,0.5,55.49,55.51,55.49,0.0,1.0,0.3333333333333333,0.12252203954659124,0.4998499549864959,0.13062381852551982,low,1.0
219291918,0,0.9786,7,0.12397059495971328,0.1206,84.87,84.87,85.05,0.0,0.9719049494551659,0.2,0.1689451753704134,0.12033610083024908,0.20004725897920606,medium,0.999
15107393,0,0.6862,6,0.09870695466429161,0.1888,33.34,33.34,36.17,0.0,0.5880267821977156,0.13333333333333333,0.13451561056459194,0.18855656697009102,0.07828449905482042,high,0.9961
1380294916,0,0.6017,7,0.38869791798621334,0.1888,50.02,50.02,58.22,0.0,0.4770907181304975,0.2,0.5297184613035675,0.18855656697009102,0.1176984877126654,high,1.0
1380294915,0,0.823,9,0.09392422562055038,0.2102,74.03,74.03,85.07,0.0,0.767625049231981,0.3333333333333333,0.12799765520920262,0.209962988896669,0.1744328922495274,medium,1.0
15107831,0,0.6764,7,0.3096943426278437,0.0804,51.66,56.81,51.66,0.0,0.5751608244715767,0.2,0.42205152629794507,0.08012403721116335,0.12157372400756142,high,1.0
67498466,0,0.6791,7,0.17436633205232668,0.0804,59.56,59.56,60.0,0.0,0.5787055271104109,0.2,0.23762503606656624,0.08012403721116335,0.14024102079395084,high,1.0
45756887,0,0.6807,9,0.31617497005851014,0.5,54.04,90.18,54.04,0.0,0.5808060916371274,0.3333333333333333,0.4308833961115345,0.4998499549864959,0.12719754253308127,high,0.8728
"[136023995, 136024003, 136023997]",0,0.7099,9,0.28029603270798414,0.5,123.17,129.69,123.17,0.0,0.6191413942497045,0.3333333333333333,0.3819871885884324,0.4998499549864959,0.2905482041587902,high,0.9996
15107838,0,0.7304,12,0.33919320874615577,0.3801,53.17,77.93,53.17,0.0,0.6460548772482605,0.5333333333333333,0.46225290309251305,0.37991397419225764,0.12514177693761813,medium,1.0
1380297198,0,0.7311,8,0.2688584687621036,0.3421,8.5,39.66,8.5,0.0,0.6469738742286989,0.26666666666666666,0.36639995157545197,0.3419025707712314,0.019588846880907368,medium,0.9063
15107840,0,0.6824,12,0.2924334771295176,0.5,94.22,116.2,94.22,0.0,0.5830379414467638,0.5333333333333333,0.39852823035445106,0.4998499549864959,0.222140831758034,medium,1.0
454903210,0,0.8401,9,0.1745968061838471,0.5,88.51,114.45,88.51,0.0,0.7900748326112641,0.3333333333333333,0.23793912872916187,0.4998499549864959,0.208648393194707,medium,1.0
15107849,0,0.7132,13,0.2924096927092724,0.5,95.07,95.07,105.1,0.0,0.6234738085860574,0.6,0.3984958166868788,0.4998499549864959,0.2241493383742911,medium,1.0
1380294915,0,0.823,9,0.09392422562055038,0.2102,74.03,74.03,85.07,0.0,0.767625049231981,0.3333333333333333,0.12799765520920262,0.209962988896669,0.1744328922495274,medium,1.0
1380294917,0,0.8574,9,0.13302305256084018,0.5,86.23,92.55,86.23,0.0,0.8127871865563869,0.3333333333333333,0.18128196341779673,0.4998499549864959,0.20326086956521738,medium,0.9991
15107849,0,0.7132,13,0.2924096927092724,0.5,95.07,95.07,105.1,0.0,0.6234738085860574,0.6,0.3984958166868788,0.4998499549864959,0.2241493383742911,medium,1.0
1380279937,0,0.6744,16,0.32177047464674713,0.5,100.05,112.36,100.05,0.0,0.572535118813181,0.8,0.43850901085229255,0.4998499549864959,0.23591682419659735,low,0.9209
1380279939,0,0.6828,10,0.3908904873033648,0.5,108.72,108.72,114.89,0.0,0.5835630825784428,0.4,0.5327065187059602,0.4998499549864959,0.25640359168241966,high,1.0
"[1380301800, 1380300556]",0,0.7574,14,0.3179140050728165,0.4957,124.88,124.88,129.24,0.0,0.6815019036366021,0.6666666666666666,0.4332533720146312,0.49554866459937974,0.29458884688090736,medium,0.9999
15107868,0,0.6201,8,0.17712026643345954,0.2827,142.2,142.2,161.72,0.0,0.5012472101877379,0.26666666666666666,0.2413781279067543,0.28248474542362706,0.33551512287334584,high,1.0
15107838,0,0.7304,12,0.33919320874615577,0.3801,53.17,77.93,53.17,0.0,0.6460548772482605,0.5333333333333333,0.46225290309251305,0.37991397419225764,0.12514177693761813,medium,1.0
15107840,0,0.6824,12,0.2924334771295176,0.5,94.22,116.2,94.22,0.0,0.5830379414467638,0.5333333333333333,0.39852823035445106,0.4998499549864959,0.222140831758034,medium,1.0
1380279937,0,0.6744,16,0.32177047464674713,0.5,100.05,112.36,100.05,0.0,0.572535118813181,0.8,0.43850901085229255,0.4998499549864959,0.23591682419659735,low,0.9209
1380279938,0,0.6304,10,0.35288670581395754,0.3028,70.29,70.29,76.24,0.0,0.5147695943284757,0.4,0.48091455039278935,0.3025907772331699,0.16559546313799622,high,1.0
1380279938,0,0.6304,10,0.35288670581395754,0.3028,70.29,70.29,76.24,0.0,0.5147695943284757,0.4,0.48091455039278935,0.3025907772331699,0.16559546313799622,high,1.0
1380300555,0,0.6079,8,0.1541702684195082,0.5,163.8,163.8,181.78,0.0,0.4852304056715242,0.26666666666666666,0.21010162006089153,0.4998499549864959,0.38655482041587896,high,1.0
15107868,0,0.6201,8,0.17712026643345954,0.2827,142.2,142.2,161.72,0.0,0.5012472101877379,0.26666666666666666,0.2413781279067543,0.28248474542362706,0.33551512287334584,high,1.0
1380300555,0,0.6079,8,0.1541702684195082,0.5,163.8,163.8,181.78,0.0,0.4852304056715242,0.26666666666666666,0.21010162006089153,0.4998499549864959,0.38655482041587896,high,1.0
"[1380301800, 1380300556]",0,0.7574,14,0.3179140050728164,0.4957,124.88,124.88,129.24,0.0,0.6815019036366021,0.6666666666666666,0.4332533720146311,0.49554866459937974,0.29458884688090736,medium,0.9999
28556660,0,0.7433,10,0.1657919340524216,0.5,37.37,37.37,43.32,0.0,0.6629906787449125,0.4,0.2259397528628572,0.4998499549864959,0.08780718336483931,medium,0.9685
15208642,0,0.6771,7,0.17657253279679064,0.5258,58.79,58.79,60.24,0.0,0.5760798214520152,0.2,0.24063167052691908,0.5256576973091929,0.13842155009451795,high,0.6072
15208649,0,0.997,6,5.759563161273937e-06,0.5,117.08,117.08,117.25,0.0,0.9960614415124063,0.13333333333333333,4.544328336592522e-06,0.4998499549864959,0.2761578449905482,medium,0.9994
15210590,0,0.9885,6,5.759563161273937e-06,0.5,129.42,129.42,130.16,0.0,0.9849021924642247,0.13333333333333333,4.544328336592522e-06,0.4998499549864959,0.30531663516068047,medium,1.0
15208683,0,0.849,7,0.00068312920803353,0.6001,24.22,24.22,24.8,0.0,0.8017592227911251,0.2,0.000927671075429013,0.5999799939981995,0.056734404536861995,low,1.0
15208787,0,1.0,6,5.759563161273937e-06,0.5,129.0,130.39,129.0,0.0,1.0,0.13333333333333333,4.544328336592522e-06,0.4998499549864959,0.30432419659735344,medium,0.9999
78576157,0,0.9892,6,5.759563161273937e-06,0.5,134.12,134.91,134.12,0.0,0.985821189444663,0.13333333333333333,4.544328336592522e-06,0.4998499549864959,0.31642249527410204,medium,1.0
28556660,0,0.6384,12,0.20678031424243778,0.5,207.55,212.88,207.55,0.0,0.5252724169620585,0.5333333333333333,0.28179916486903406,0.4998499549864959,0.4899338374291115,high,0.9111
28556660,0,0.6926,14,0.16859336509873196,0.5,112.45,120.08,112.45,0.0,0.5964290403045818,0.6666666666666666,0.2297575736768854,0.4998499549864959,0.2652173913043478,low,0.9946
45756890,0,0.6119,14,0.14055583462147,0.5,107.86,112.42,107.86,0.0,0.49048181698831556,0.6666666666666666,0.19154772104780796,0.4998499549864959,0.25437145557655955,low,0.9378
339798866,0,0.6349,12,0.0778041883606921,0.5,182.57,190.23,182.57,0.0,0.520677432059866,0.5333333333333333,0.10602909244387831,0.4998499549864959,0.43090737240075605,medium,1.0
"[15208876, 828819164]",0,0.7921,7,0.15424320308754644,0.5,250.91,255.6,250.91,0.0,0.7270578968097676,0.2,0.21020101622274506,0.4998499549864959,0.5923913043478259,high,1.0
15209085,0,0.6662,9,0.08480552203939902,0.5,128.66,128.66,164.56,0.0,0.5617697256137587,0.3333333333333333,0.11557058641701347,0.4998499549864959,0.3035207939508506,medium,0.9987
71270641,0,0.8531,7,0.08667995784007992,0.5,195.34,195.34,256.71,0.0,0.8071419193908362,0.2,0.11812508798999503,0.4998499549864959,0.4610822306238185,high,0.9615
15209085,0,0.6397,13,0.27885744522088945,0.2426,35.35,35.35,119.68,0.0,0.5269791256400158,0.6,0.3800266658555012,0.24237271181354408,0.08303402646502835,medium,1.0
71270646,0,0.4768,14,0.2243357434891411,0.0646,13.07,13.07,18.0,0.0,0.31311539976368646,0.6666666666666666,0.305723895504663,0.06431929578873663,0.0303875236294896,medium,1.0
270499498,0,0.772,16,0.0927163236941406,0.4878,7.21,7.21,136.68,0.0,0.700669554942891,0.8,0.1263515132768407,0.48764629388816644,0.0165406427221172,low,1.0
275600094,0,0.5825,10,0.3450953205142337,0.2134,78.74,78.74,81.09,0.0,0.4518839438098989,0.4,0.47029636544528675,0.21316394918475542,0.18556238185255197,high,1.0
15209085,0,0.6397,13,0.27885744522088945,0.2426,35.35,35.35,119.68,0.0,0.5269791256400158,0.6,0.3800266658555012,0.24237271181354408,0.08303402646502835,medium,1.0
15209085,0,0.6662,9,0.08480552203939902,0.5,128.66,128.66,164.56,0.0,0.5617697256137587,0.3333333333333333,0.11557058641701347,0.4998499549864959,0.3035207939508506,medium,0.9987
15209369,0,0.6162,8,0.216646230277686,0.1488,61.21,72.27,61.21,0.0,0.49612708415386625,0.26666666666666666,0.29524454295122315,0.1485445633690107,0.1441398865784499,high,1.0
15209433,0,0.6633,11,0.1596044540084229,0.5,151.34,155.74,151.34,0.0,0.5579624524090849,0.4666666666666667,0.21750738750820217,0.4998499549864959,0.35711247637051036,medium,0.9993
15210861,0,0.6944,10,0.17779126967523237,0.5,223.89,228.18,223.89,0.0,0.5987921753971379,0.4,0.24229257845019878,0.4998499549864959,0.5285444234404536,high,1.0
28556648,0,0.6761,9,0.19306882962699978,0.3838,89.44,89.44,100.23,0.0,0.5747669686228174,0.3333333333333333,0.2631130039424633,0.38361508452535753,0.21084593572778826,high,0.5953
828819165,0,0.7358,13,0.10100181993497435,0.5,111.28,111.28,121.33,0.0,0.6531442825259288,0.6,0.13764307800925465,0.4998499549864959,0.26245274102079397,low,0.9999
15208876,0,0.8198,8,0.10917440715815112,0.2741,80.88,85.41,80.88,0.0,0.7634239201785478,0.26666666666666666,0.14878076909974192,0.2738821646493948,0.19061909262759924,medium,0.9999
15209433,0,0.6633,11,0.1596044540084229,0.5,151.34,155.74,151.34,0.0,0.5579624524090849,0.4666666666666667,0.21750738750820217,0.4998499549864959,0.35711247637051036,medium,0.9993
15210376,0,0.9626,6,0.013052040126405666,0.5,268.45,276.4,268.45,0.0,0.9508993041880004,0.13333333333333333,0.017784157910333033,0.4998499549864959,0.6338374291115312,high,0.9986
15210500,0,0.9991,6,0.013052040126405666,0.5,263.39,271.44,263.39,0.0,0.9988184324537218,0.13333333333333333,0.017784157910333033,0.4998499549864959,0.6218809073724008,high,0.9628
15210552,0,0.9783,9,0.08059345353191744,0.5,319.3,326.53,319.3,0.0,0.9715110936064066,0.3333333333333333,0.10983033347052193,0.4998499549864959,0.7539933837429111,high,0.9478
15210696,0,0.8987,7,0.013052040126405666,0.5,242.0,250.03,242.0,0.0,0.8670080084022582,0.2,0.017784157910333033,0.4998499549864959,0.5713374291115311,high,0.6941
28556660,0,0.6384,12,0.20678031424243778,0.5,207.55,212.88,207.55,0.0,0.5252724169620585,0.5333333333333333,0.28179916486903406,0.4998499549864959,0.4899338374291115,high,0.9111
828819163,0,0.7867,7,0.103200187951867,0.5,287.93,292.15,287.93,0.0,0.7199684915320992,0.2,0.14063903794296093,0.4998499549864959,0.6798676748582231,high,1.0
78576157,0,0.8312,6,5.759563161273937e-06,0.5,149.52,149.52,151.36,0.0,0.7783904424314033,0.13333333333333333,4.544328336592522e-06,0.4998499549864959,0.3528119092627599,medium,0.9944
15210696,0,0.9803,6,0.013052040126405666,0.5,254.65,262.75,254.65,0.0,0.9741367992648023,0.13333333333333333,0.017784157910333033,0.4998499549864959,0.6012287334593572,high,0.9569
78576157,0,1.0,6,0.013052040126405666,0.5,267.52,275.57,267.52,0.0,1.0,0.13333333333333333,0.017784157910333033,0.4998499549864959,0.6316398865784498,high,0.9795
28556660,0,0.6855,10,0.18439426097565184,0.5,86.24,86.24,92.2,0.0,0.5871077852172771,0.4,0.251291207081373,0.4998499549864959,0.2032844990548204,medium,1.0
"[339798860, 15210807]",0,0.5311,8,0.2570508317352506,0.5,112.24,112.24,117.21,0.0,0.38440330838912956,0.26666666666666666,0.3503083749275163,0.4998499549864959,0.2647211720226843,high,1.0
28556660,0,0.5695,11,0.2586780198069116,0.5,92.76,100.53,92.76,0.0,0.43481685703032685,0.4666666666666667,0.35252592459610715,0.4998499549864959,0.21869092627599243,medium,0.7531
28556660,0,0.6855,10,0.18439426097565184,0.5,86.24,86.24,92.2,0.0,0.5871077852172771,0.4,0.251291207081373,0.4998499549864959,0.2032844990548204,medium,1.0
28556660,0,0.8041,11,0.11868020497176042,0.5,69.36,69.36,75.32,0.0,0.7428121307601419,0.4666666666666667,0.161735374137956,0.4998499549864959,0.16339792060491493,low,0.9996
15211139,0,0.7758,8,0.12397059495971328,0.1206,146.19,146.6,146.19,0.0,0.7056583956938428,0.26666666666666666,0.1689451753704134,0.12033610083024908,0.34494328922495265,high,1.0
15107393,0,0.7,8,0.20412132421271564,0.462,183.36,183.36,188.89,0.0,0.6061441512406458,0.26666666666666666,0.2781754642274863,0.4618385515654696,0.43277410207939504,high,1.0
15210632,0,0.8628,6,0.1430014573947199,1.0,79.26,80.08,79.26,0.0,0.8198765918340555,0.13333333333333333,0.19488064246283693,1.0,0.18679111531190926,medium,0.9984
131497905,0,0.8181,6,0.1032979472826069,0.0776,35.75,36.9,35.75,0.0,0.7611920703689117,0.13333333333333333,0.14077226542616306,0.07732319695908774,0.08397920604914932,high,0.7667
"[77833859, 429640717, 30385999]",0,1.0,6,0.12346899818438961,0.5,206.29,206.29,220.17,0.0,1.0,0.13333333333333333,0.1682615938089103,0.4998499549864959,0.48695652173913034,high,0.986
"[238876122, 429640715, 238876149, 238876143]",0,1.0,6,5.759563161273937e-06,0.5,137.25,138.61,137.25,0.0,1.0,0.13333333333333333,4.544328336592522e-06,0.4998499549864959,0.32381852551984874,medium,1.0
15212797,5,0.6541,10,0.3115617631847427,0.0489,28.83,39.13,28.83,0.03571428571428571,0.5458842063804648,0.4,0.4245964674201131,0.04861458437531259,0.06762759924385632,high,0.999
62298635,0,0.3952,8,0.5094028435278484,0.0743,125.72,138.99,125.72,0.0,0.20598660890114215,0.26666666666666666,0.6942164516058875,0.0740222066619986,0.29657372400756143,high,1.0
15218911,0,0.3661,7,0.4953543554982447,0.3992,176.01,176.01,186.78,0.0,0.16778259157148478,0.2,0.675071018747318,0.3990197059117735,0.41540642722117194,high,1.0
62298635,0,0.412,8,0.5408533068632919,0.3327,149.73,162.75,149.73,0.0,0.22804253643166594,0.26666666666666666,0.7370774863941716,0.33249974992497744,0.35330812854442334,high,1.0
341274832,0,0.4598,6,0.26891555892750135,0.3072,96.72,96.72,162.48,0.0,0.290796901667323,0.13333333333333333,0.36647775467612753,0.30699209762928875,0.22804820415879015,high,1.0
15218911,0,0.6541,9,0.28700566070515127,0.3992,137.59,137.59,141.55,0.0,0.5458842063804648,0.3333333333333333,0.3911311428741211,0.3990197059117735,0.32462192816635155,high,1.0
510587660,0,0.4605,6,0.320112773125941,0.2711,193.88,206.84,193.88,0.0,0.2917158986477616,0.13333333333333333,0.4362498771220816,0.27088126437931376,0.4576323251417769,high,1.0
192162053,25,0.6044,5,0.10860512639711385,0.005,7.79,7.79,15.32,0.17857142857142858,0.4806354207693318,0.06666666666666667,0.14800494706358067,0.0047014104231269385,0.017911153119092627,high,1.0
45314189,16,0.668,5,0.25033823432275154,0.1211,80.23,80.41,80.23,0.11428571428571428,0.5641328607063149,0.06666666666666667,0.34116037389019516,0.12083625087526258,0.18908317580340264,high,1.0
44335077,0,0.6324,6,0.271322099540153,0.1655,37.82,43.72,37.82,0.0,0.5173952999868714,0.13333333333333333,0.36975741449602084,0.16524957487246175,0.08887051039697541,high,1.0
"[15219062, 15219007]",0,0.8261,7,0.1703295808968317,0.0772,52.57,52.57,60.33,0.0,0.7716948930024942,0.2,0.2321237075213575,0.07692307692307693,0.12372400756143666,high,0.9814
15219008,0,0.5113,7,0.4767327834468835,0.0719,150.96,153.09,150.96,0.0,0.3584088223710121,0.2,0.6496933370580802,0.07162148644593379,0.3562145557655954,high,1.0
15219109,0,0.8766,6,0.22404788184732333,0.1618,68.43,69.14,68.43,0.0,0.8379939608769857,0.13333333333333333,0.30533159451651637,0.1615484645393618,0.16120037807183366,high,1.0
44335078,0,0.9576,6,0.26860615943726973,0.9978,40.71,43.01,40.71,0.0,0.9443350400420113,0.13333333333333333,0.36605610167302693,0.9977993398019406,0.09569943289224951,medium,0.9961
15219044,0,0.5894,8,0.43116659978296734,0.3083,56.32,69.16,56.32,0.0,0.46094262833136407,0.26666666666666666,0.5875952445003315,0.30809242772831846,0.13258506616257087,high,1.0
"[15219050, 15219047]",0,0.6146,6,0.31324703434451384,0.556,103.29,103.29,108.3,0.0,0.4940265196271498,0.13333333333333333,0.42689317335529203,0.5558667600280085,0.24357277882797732,high,1.0
15219043,0,0.6128,7,0.2644142884670781,0.6187,15.51,15.51,17.33,0.0,0.49166338453459363,0.2,0.3603433741508571,0.6185855756727019,0.03615311909262759,high,0.9447
15219047,0,0.4252,7,0.5709436928092586,0.3633,63.23,63.23,66.8,0.0,0.24537219377707759,0.2,0.778084992867678,0.36310893267980393,0.14891304347826084,high,1.0
15219109,0,0.4129,6,0.26860615943726973,0.5,40.26,40.26,40.83,0.0,0.22922410397794402,0.13333333333333333,0.36605610167302693,0.4998499549864959,0.09463610586011341,high,1.0
15219051,0,0.5843,7,0.2697385742744781,0.5995,75.56,80.71,75.56,0.0,0.454247078902455,0.2,0.36759936897610856,0.5993798139441833,0.17804820415879016,high,1.0
44335078,0,0.5677,6,0.22404788184732333,0.2064,64.04,66.9,64.04,0.0,0.4324537219377707,0.13333333333333333,0.30533159451651637,0.20616184855456637,0.15082703213610585,high,1.0
15219051,0,0.4322,7,0.5321991653461785,0.0391,49.31,53.27,49.31,0.0,0.25456216358146244,0.2,0.7252835278546257,0.038811643493047915,0.11602079395085066,high,1.0
15219053,0,0.327,8,0.6757469402611199,0.129,111.66,113.99,111.66,0.0,0.11645004594984902,0.26666666666666666,0.9209120026655617,0.12873862158647595,0.26335066162570886,high,1.0
44335077,0,0.5637,6,0.2912575841509929,0.0749,45.54,45.54,45.69,0.0,0.4272023106209793,0.13333333333333333,0.3969257105657188,0.0746223867160148,0.10711247637051038,high,1.0
15219053,0,0.327,8,0.6757469402611198,0.129,111.66,113.99,111.66,0.0,0.11645004594984902,0.26666666666666666,0.9209120026655615,0.12873862158647595,0.26335066162570886,high,1.0
15219056,0,0.3084,7,0.6546661402692769,0.1844,168.11,169.38,168.11,0.0,0.09203098332676905,0.2,0.8921828582908593,0.1841552465739722,0.3967391304347826,high,1.0
15219056,0,0.4957,8,0.4697474253243528,0.1228,131.25,131.66,131.25,0.0,0.3379283182355257,0.26666666666666666,0.6401736147473123,0.1225367610283085,0.309640831758034,high,1.0
44335077,0,0.6089,7,0.298464621895781,0.2451,86.4,86.4,86.49,0.0,0.486543258500722,0.2,0.4067475402858463,0.2448734620386116,0.2036625708884688,high,1.0
15219058,0,0.5049,6,0.36515112173962955,0.5,151.42,155.68,151.42,0.0,0.35000656426414595,0.13333333333333333,0.4976286303108365,0.4998499549864959,0.35730151228733453,high,1.0
127485207,0,0.5304,6,0.5032120587866445,0.4631,127.21,130.3,127.21,0.0,0.38348431140869105,0.13333333333333333,0.6857795825738029,0.4629388816644993,0.3000945179584121,high,1.0
"[15219058, 238909580]",0,0.535,6,0.5007172946239082,0.4936,171.32,175.27,171.32,0.0,0.3895234344230012,0.13333333333333333,0.6823796907366896,0.49344803441032303,0.4043241965973534,high,1.0
15219078,0,0.6067,7,0.2986059685440207,0.5,170.62,175.77,170.62,0.0,0.4836549822764868,0.2,0.40694016904119384,0.4998499549864959,0.4026701323251417,high,1.0
85817361,0,0.3848,6,0.6202996442619325,0.3103,52.74,59.75,52.74,0.0,0.1923329394774845,0.13333333333333333,0.8453478223420496,0.3100930279083725,0.12412570888468807,high,1.0
127485208,0,0.3239,7,0.6998115768204795,0.462,86.64,91.68,86.64,0.0,0.1123802021793357,0.2,0.9537075520899714,0.4618385515654696,0.2042296786389414,high,1.0
127485208,0,0.4551,7,0.5060811604935189,0.2137,65.71,68.12,65.71,0.0,0.2846264933700932,0.2,0.6896896257028299,0.21346403921176352,0.15477315689981094,high,1.0
"[15219008, 261734167]",0,0.5694,7,0.3796219861310265,0.022,14.27,14.27,15.04,0.0,0.4346855717474071,0.2,0.5173496822864754,0.021706511953586072,0.03322306238185255,high,1.0
44335077,0,0.6726,7,0.1722573101583155,0.0055,62.88,63.0,62.88,0.0,0.5701719837206248,0.2,0.23475083800454294,0.005201560468140441,0.148086011342155,high,1.0
15219063,0,0.5894,7,0.35772144368209596,0.3956,54.22,57.61,54.22,0.0,0.46094262833136407,0.2,0.4875033839418641,0.39541862558767626,0.12762287334593572,high,1.0
127485207,0,0.3614,7,0.645737073215111,0.4213,91.03,94.86,91.03,0.0,0.16161218327425492,0.2,0.8800142282279683,0.4211263379013704,0.21460302457466918,high,1.0
15219066,0,0.3841,8,0.5554932092066323,0.4006,137.22,138.22,137.22,0.0,0.19141394249704605,0.26666666666666666,0.7570289051361602,0.4004201260378113,0.32374763705103965,high,1.0
44335077,0,0.4779,8,0.3998280453923654,0.0448,46.13,46.13,46.63,0.0,0.3145595378758041,0.26666666666666666,0.5448867204438231,0.044513354006201857,0.10850661625708884,high,1.0
15219066,0,0.4604,7,0.5165917175438463,0.3665,186.38,189.44,186.38,0.0,0.29158461336484176,0.2,0.7040135275981204,0.36630989296789035,0.4399102079395084,high,1.0
109241640,0,0.2444,7,0.7083390779679388,0.4125,130.28,134.33,130.28,0.0,0.008008402258106858,0.2,0.9653289237511795,0.4123236971091327,0.3073487712665406,high,1.0
15219067,0,0.3423,6,0.6213718560121071,0.2376,158.19,159.62,158.19,0.0,0.13653669423657605,0.13333333333333333,0.8468090442208653,0.23737121136340902,0.3732986767485822,high,1.0
15219008,0,0.3799,7,0.5414476181496947,0.1569,110.39,111.31,110.39,0.0,0.1858999606144151,0.2,0.7378874203035672,0.1566469940982295,0.26034971644612476,high,1.0
15219067,0,0.4067,6,0.5030138241708884,0.0329,155.26,157.12,155.26,0.0,0.2210844164369174,0.13333333333333333,0.6855094262752598,0.03260978293488046,0.36637523629489593,high,1.0
15219008,0,1.0,9,0.3456799654554093,0.0012,99.81,99.81,100.32,0.0,1.0,0.3333333333333333,0.4710931259538762,0.0009002700810243073,0.23534971644612476,high,0.9994
15219070,0,0.6629,9,0.3456799654554094,0.0012,105.48,105.48,107.67,0.0,0.5574373112774058,0.3333333333333333,0.47109312595387637,0.0009002700810243073,0.2487476370510397,high,1.0
15219071,0,0.5644,6,0.36191537829656206,0.1052,118.79,122.17,118.79,0.0,0.42812130760141787,0.13333333333333333,0.49321892382098065,0.10493147944383316,0.2801984877126654,high,1.0
75142091,0,0.3677,8,0.600330297944481,0.0012,101.36,102.57,101.36,0.0,0.1698831560982014,0.26666666666666666,0.8181333791689023,0.0009002700810243073,0.23901228733459357,high,1.0
15219076,0,0.5562,7,0.44883715579367284,0.2365,98.61,102.75,98.61,0.0,0.41735591440199554,0.2,0.6116768711468182,0.2362708812643793,0.23251417769376181,high,1.0
15219076,0,0.4802,8,0.4216174812931268,0.6075,111.2,115.33,111.2,0.0,0.31757909938295914,0.26666666666666666,0.5745816015716039,0.6073822146643993,0.26226370510396974,high,1.0
15219051,0,0.5421,8,0.3104006226228009,0.5,164.94,169.96,164.94,0.0,0.3988446895103059,0.26666666666666666,0.4230140523857568,0.4998499549864959,0.38924858223062375,high,1.0
15219078,0,0.3491,8,0.6163400776829977,0.43,180.43,189.96,180.43,0.0,0.14546409347512143,0.26666666666666666,0.8399516817804258,0.42982894868460536,0.42585066162570884,high,1.0
15219051,0,0.4954,8,0.39264360761948136,0.4851,241.2,246.02,241.2,0.0,0.33753446238676643,0.26666666666666666,0.5350956902121377,0.4849454836450935,0.5694470699432891,high,1.0
15219047,0,0.5886,8,0.28128124338134713,0.5917,94.71,95.73,94.71,0.0,0.4598923460680058,0.26666666666666666,0.38332984444995066,0.5915774732419726,0.2232986767485822,high,1.0
15219076,11,0.4201,9,0.584833936573503,0.4186,72.42,78.97,72.42,0.07857142857142857,0.23867664434816852,0.3333333333333333,0.7970147687138127,0.4184255276582975,0.17062854442344044,high,1.0
15219078,0,0.4205,9,0.5974656361199426,0.3442,67.69,76.08,67.69,0.0,0.23920178547984766,0.3333333333333333,0.8142293867599943,0.3440032009602881,0.15945179584120983,high,1.0
15219047,0,0.3679,8,0.627483069322911,0.4029,116.32,125.81,116.32,0.0,0.17014572666404093,0.26666666666666666,0.8551374724388942,0.4027208162448734,0.2743620037807183,high,1.0
1436555097,0,0.5379,10,0.17701353477723242,0.3109,33.14,33.14,33.49,0.0,0.39333070762767497,0.4,0.24123267284042443,0.3106932079623887,0.07781190926275991,medium,0.9855
"[1436555096, 1436555098, 1436555095]",13,0.4651,10,0.21136510532527425,0.352,58.13,58.13,60.47,0.09285714285714286,0.2977550216620717,0.4,0.2880473682103505,0.3518055416624987,0.13686200378071833,high,0.8772
15219051,0,0.5657,8,0.30088263440763335,0.3365,236.14,246.13,236.14,0.0,0.429828016279375,0.26666666666666666,0.4100428341352127,0.3363008902670801,0.5574905482041587,high,1.0
15219092,0,0.4027,8,0.6026067811165191,0.3644,185.98,185.98,198.17,0.0,0.21583300512012601,0.26666666666666666,0.8212357952888488,0.36420926277883364,0.4389650283553874,high,1.0
15219047,0,0.3559,8,0.5875326995737099,0.3939,136.06,136.06,138.1,0.0,0.15439149271366676,0.26666666666666666,0.8006926723937513,0.3937181154346303,0.3210066162570888,high,1.0
15219092,0,0.4027,8,0.6026067811165191,0.3644,185.98,185.98,198.17,0.0,0.21583300512012601,0.26666666666666666,0.8212357952888488,0.36420926277883364,0.4389650283553874,high,1.0
15219110,0,0.4412,8,0.2906567876030619,0.2667,127.93,127.93,131.03,0.0,0.26637783904424306,0.26666666666666666,0.39610693847111084,0.2664799439831949,0.3017958412098299,high,1.0
15219903,0,0.5687,7,0.31413266437310516,0.0124,146.0,146.0,148.45,0.0,0.43376657476696856,0.2,0.4281001196269619,0.012103631089326798,0.3444943289224952,high,1.0
15219934,0,0.463,8,0.4367922622709917,0.0993,74.92,74.92,79.08,0.0,0.2949980307207562,0.26666666666666666,0.5952619587561633,0.0990297089126738,0.1765359168241966,high,1.0
15219937,0,0.4931,6,0.23176164168439012,0.1135,106.46,106.46,110.19,0.0,0.33451490087961133,0.13333333333333333,0.315843990636048,0.11323397019105733,0.2510633270321361,high,1.0
15219113,0,0.6075,7,0.36038447543616153,0.2398,99.83,99.83,102.7,0.0,0.4847052645398451,0.2,0.4911325926894719,0.23957187156146845,0.2353969754253308,high,1.0
44335077,0,0.4938,6,0.332745634550553,0.0418,4.99,4.99,6.35,0.0,0.3354338978600499,0.13333333333333333,0.45346607858852117,0.04151245373612083,0.011294896030245746,high,1.0
15219110,0,0.4662,7,0.618300112589452,0.2184,190.05,190.05,192.76,0.0,0.29919915977418926,0.2,0.842622838749268,0.21816544963489048,0.44858223062381847,high,1.0
15219113,0,0.3176,8,0.5878232566899371,0.1996,190.33,202.74,190.33,0.0,0.10410922935538923,0.26666666666666666,0.8010886468038504,0.1993598079423827,0.4492438563327032,high,1.0
15219113,0,0.7828,7,0.09844087425095799,0.4428,197.19,206.59,197.19,0.0,0.7148483654982276,0.2,0.13415299327241612,0.4426327898369511,0.465453686200378,high,1.0
85817329,0,0.7105,7,0.310579003845122,0.4481,186.16,190.78,186.16,0.0,0.6199291059472233,0.2,0.4232571522629807,0.4479343803140942,0.4393903591682419,high,1.0
806026921,0,0.447,8,0.5931757435037164,0.409,274.48,274.48,277.23,0.0,0.2739923854535906,0.26666666666666666,0.808383074268475,0.4088226467940381,0.648086011342155,high,1.0
129988287,0,0.498,7,0.5924978620052217,0.4546,360.18,360.18,364.25,0.0,0.3409478797426808,0.2,0.8074592499616778,0.45443633089926977,0.8505907372400756,high,1.0
207753968,0,0.5539,7,0.4575682356271147,0.5,323.93,334.67,323.93,0.0,0.4143363528948404,0.2,0.6235756820638167,0.4998499549864959,0.7649338374291115,high,1.0
806026921,0,0.6522,7,0.36849152675464514,0.5,354.77,365.62,354.77,0.0,0.5433897860049888,0.2,0.5021809707335669,0.4998499549864959,0.8378071833648393,high,1.0
15219113,0,0.5405,8,0.482807755862098,0.4428,190.28,199.79,190.28,0.0,0.3967441249835893,0.26666666666666666,0.6579723757879464,0.4426327898369511,0.449125708884688,high,1.0
143702349,0,0.5646,10,0.3631411321714874,0.4428,142.65,152.17,142.65,0.0,0.4283838781672574,0.4,0.49488939458367504,0.4426327898369511,0.336578449905482,high,1.0
15219113,0,0.3508,7,0.5735257825452806,0.1888,196.44,208.63,196.44,0.0,0.14769594328475777,0.2,0.7816038929494261,0.18855656697009102,0.4636814744801512,high,1.0
355335572,1,0.3961,8,0.5870751494813616,0.0527,89.45,102.01,89.45,0.007142857142857143,0.20716817644742022,0.26666666666666666,0.8000691181326788,0.05241572471741522,0.2108695652173913,high,1.0
207753966,0,0.5394,7,0.3937406069234053,0.4916,192.72,192.72,197.19,0.0,0.39529998687147166,0.2,0.5365906928398165,0.49144743423026904,0.45489130434782604,high,1.0
207631426,0,0.6939,8,0.036002611777168375,0.3977,217.95,223.56,217.95,0.0,0.598135748982539,0.26666666666666666,0.04906144751470493,0.39751925577673297,0.514508506616257,high,1.0
207631426,0,0.6671,8,0.06869197958938056,0.2882,220.03,225.73,220.03,0.0,0.5629512931600368,0.26666666666666666,0.09361087484944479,0.2879863959187756,0.5194234404536862,high,1.0
109241578,0,0.6591,12,0.3216355946197389,0.2648,182.43,188.63,182.43,0.0,0.552448470526454,0.5333333333333333,0.43832519487895744,0.2645793738121436,0.43057655954631374,high,1.0
44335077,0,0.5001,6,0.4066545045514168,0.0892,71.54,71.54,94.96,0.0,0.3437048706839963,0.13333333333333333,0.5541898935124108,0.08892667800340102,0.1685491493383743,high,1.0
15219110,0,0.3275,7,0.6131819101432545,0.2404,164.45,164.45,168.21,0.0,0.11710647236444795,0.2,0.8356476965785412,0.24017205161548463,0.38809073724007553,high,1.0
15219887,0,0.3502,6,0.627509890812547,0.3155,87.41,87.41,91.26,0.0,0.14690823158723906,0.13333333333333333,0.855174025057789,0.3152945883765129,0.2060491493383743,high,1.0
15219903,0,0.4215,6,0.5172880727879392,0.1464,148.13,148.13,149.04,0.0,0.24051463830904551,0.13333333333333333,0.7049625281271027,0.14614384315294587,0.3495274102079394,high,1.0
"[15219893, 129988286]",0,0.5445,7,0.4543635289234323,0.246,173.9,173.9,175.43,0.0,0.40199553630038065,0.2,0.6192082727812329,0.24577373211963588,0.41042060491493376,high,1.0
44335077,0,0.4848,7,0.3995117351878305,0.201,160.37,160.37,160.43,0.0,0.32361822239726923,0.2,0.5444556494438236,0.20076022806842053,0.37844990548204155,high,1.0
15219903,0,0.4499,9,0.6600043503321574,0.4959,169.95,169.95,173.79,0.0,0.2777996586582644,0.3333333333333333,0.899457829243495,0.4957487246173852,0.40108695652173904,high,1.0
207753966,0,0.5394,7,0.3937406069234053,0.4916,192.72,192.72,197.19,0.0,0.39529998687147166,0.2,0.5365906928398165,0.49144743423026904,0.45489130434782604,high,1.0
355335572,0,0.3525,9,0.6525030546590393,0.2276,237.68,237.68,241.7,0.0,0.14992779309439408,0.3333333333333333,0.8892349816061318,0.22736821046313893,0.5611294896030246,high,1.0
15219903,0,0.4197,9,0.6131243981258993,0.2116,247.79,247.79,252.3,0.0,0.23815150321648942,0.3333333333333333,0.8355693185734124,0.2113634090227068,0.5850189035916823,high,1.0
207633252,0,0.3822,7,0.6565059683539947,0.4991,292.35,292.35,296.79,0.0,0.18891952212157012,0.2,0.8946901960907028,0.4989496849054716,0.69031190926276,high,1.0
207633253,0,0.4086,7,0.559102735778995,0.0949,311.88,311.88,316.29,0.0,0.22357883681239332,0.2,0.7619480073553293,0.09462838851655497,0.7364603024574669,high,1.0
15241553,0,0.9963,6,0.25467099795472586,0.5,173.66,175.61,173.66,0.0,0.9951424445319679,0.13333333333333333,0.34706511147001257,0.4998499549864959,0.4098534971644612,high,1.0
6601854,0,0.8947,5,0.03169184970589563,0.5121,28.15,28.15,51.29,0.0,0.8617565970854668,0.06666666666666667,0.04318669390200967,0.5119535860758228,0.06602079395085064,medium,0.9997
15219914,0,0.7331,8,0.2448144017496147,0.5,105.27,117.08,105.27,0.0,0.6495995798870946,0.26666666666666666,0.3336324345540818,0.4998499549864959,0.24825141776937615,high,0.9969
"[15241553, 85817329]",0,0.8402,7,0.15614572877795854,0.5,48.83,50.77,48.83,0.0,0.7902061178941838,0.2,0.2127937990041186,0.4998499549864959,0.11488657844990546,medium,1.0
207753972,0,0.6374,8,0.3057878587953504,0.4674,116.88,128.65,116.88,0.0,0.5239595641328606,0.26666666666666666,0.41672772748269304,0.46724017205161544,0.2756852551984877,high,1.0
"[207753968, 15219908]",0,0.7427,6,0.27457838271774837,0.5,256.29,260.18,256.29,0.0,0.6622029670473939,0.13333333333333333,0.3741951127603301,0.4998499549864959,0.6051039697542533,high,1.0
85817329,0,0.6765,7,0.28211019806946125,0.466,134.62,146.67,134.62,0.0,0.5752921097544964,0.2,0.3844595529488754,0.46583975192557764,0.31760396975425326,high,1.0
15219919,0,0.5249,8,0.4620842727889689,0.4577,230.77,241.08,230.77,0.0,0.37626362084810294,0.26666666666666666,0.6297301868110101,0.45753726117835347,0.5448015122873345,high,1.0
207753968,0,0.5537,7,0.534550119374294,0.5,271.78,280.1,271.78,0.0,0.41407378232900083,0.2,0.7284874336702566,0.4998499549864959,0.6417060491493383,high,1.0
15219919,0,0.6587,7,0.341464228149436,0.5,147.22,151.78,147.22,0.0,0.5519233293947747,0.2,0.4653478731287467,0.4998499549864959,0.3473771266540642,high,1.0
"[207753965, 29070615]",0,0.8267,7,0.26826286772048763,0.44,99.67,102.79,99.67,0.0,0.7724826047000132,0.2,0.3655882599735711,0.4398319495848754,0.23501890359168243,high,0.9998
207753971,0,0.648,6,0.25467099795472586,0.5,183.47,189.8,183.47,0.0,0.5378758041223579,0.13333333333333333,0.34706511147001257,0.4998499549864959,0.4330340264650283,high,1.0
207753972,0,0.5824,7,0.3667745987853568,0.5,234.87,242.71,234.87,0.0,0.4517526585269791,0.2,0.49984112255277036,0.4998499549864959,0.5544896030245746,high,1.0
15219930,0,0.7186,8,0.38217882610111215,0.5,192.88,194.34,192.88,0.0,0.6305632138637258,0.26666666666666666,0.5208341717115457,0.4998499549864959,0.4552693761814744,high,1.0
15219919,0,0.6834,8,0.32105700577255275,0.5,207.47,211.22,207.47,0.0,0.5843507942759616,0.26666666666666666,0.4375366876813731,0.4998499549864959,0.4897448015122873,high,1.0
109241648,0,0.6267,8,0.29250258087087566,0.5,166.57,169.99,166.57,0.0,0.5099120388604438,0.26666666666666666,0.3986224056876014,0.4998499549864959,0.39310018903591676,high,1.0
109241578,0,0.6047,7,0.4133860888421082,0.5,267.79,273.71,267.79,0.0,0.4810292766180911,0.2,0.5633637700746184,0.4998499549864959,0.6322778827977316,high,1.0
109241648,0,0.6568,8,0.3101307741595759,0.5,202.62,207.71,202.62,0.0,0.549428909019299,0.26666666666666666,0.42264629995405206,0.4998499549864959,0.47828449905482034,high,1.0
"[806026921, 207753965]",0,0.72,7,0.31031271147753453,0.5,181.31,187.45,181.31,0.0,0.6324012078246027,0.2,0.4228942461172338,0.4998499549864959,0.427930056710775,high,1.0
44335077,0,0.4481,8,0.3865621843000486,0.4349,131.92,139.67,131.92,0.0,0.27543652356570825,0.26666666666666666,0.5268078601195761,0.4347304191257377,0.3112240075614366,high,1.0
"[15219933, 15219934]",0,0.5227,8,0.4852921978549953,0.1572,120.58,120.58,123.11,0.0,0.3733753446238677,0.26666666666666666,0.6613582004593127,0.15694708412523758,0.2844281663516068,high,1.0
207631425,0,0.4646,8,0.5272165309178319,0.0432,38.32,38.32,42.56,0.0,0.29709859524747273,0.26666666666666666,0.7184931392586653,0.04291287386215865,0.09005198487712664,high,1.0
"[207631424, 109241578]",0,0.5733,10,0.44610793426288886,0.3726,122.11,129.58,122.11,0.0,0.4398056977812787,0.4,0.6079574582488837,0.3724117235170551,0.28804347826086957,high,1.0
207631422,0,0.6063,8,0.23767018182149038,0.3306,141.12,147.86,141.12,0.0,0.48312984114480756,0.26666666666666666,0.3238962136403059,0.33039911973592073,0.33296313799621924,high,1.0
207631422,0,0.7642,8,0.0862996901830416,0.4392,153.29,160.27,153.29,0.0,0.6904293028751477,0.26666666666666666,0.11760685507547987,0.4390317095128538,0.3617202268431001,medium,0.7924
109241578,0,0.6486,9,0.3870928743945378,0.3987,268.58,273.7,268.58,0.0,0.5386635158198765,0.3333333333333333,0.5275310903740591,0.39851955586675997,0.6341446124763704,high,1.0
129988287,0,0.3763,7,0.6104557953267912,0.3617,321.29,321.29,325.86,0.0,0.18117369042930287,0.2,0.8319325175447998,0.3615084525357607,0.7586956521739131,high,1.0
15219110,0,0.4221,7,0.6335957309219085,0.343,177.51,177.51,180.04,0.0,0.2413023500065642,0.2,0.8634678743998847,0.34280284085225565,0.41895085066162563,high,1.0
15219947,0,0.3638,7,0.6056970215073386,0.3782,235.46,235.46,238.65,0.0,0.16476303006432977,0.2,0.825447208630598,0.3780134040212063,0.5558837429111531,high,1.0
355335572,0,0.379,8,0.5172831539161314,0.1898,222.14,234.86,222.14,0.0,0.18471839306813703,0.26666666666666666,0.7049558246349021,0.18955686706011804,0.5244092627599243,high,1.0
15219947,0,0.3073,7,0.6376595759111127,0.1898,256.2,268.63,256.2,0.0,0.09058684521465143,0.2,0.8690061267174645,0.18955686706011804,0.604891304347826,high,1.0
129988288,0,0.4735,6,0.31469957010958455,0.1888,232.11,241.37,232.11,0.0,0.3087829854273335,0.13333333333333333,0.42887270495372676,0.18855656697009102,0.5479678638941399,high,1.0
"[15219977, 15219978, 15241554]",0,0.8923,5,0.011462689638509249,0.471,230.31,230.31,230.34,0.0,0.8586057502953918,0.06666666666666667,0.015618173713981479,0.47084125237571267,0.5437145557655954,high,1.0
"[15219981, 15219982]",0,0.9931,5,0.27457838271774837,0.5,192.19,192.19,192.76,0.0,0.9909413154785347,0.06666666666666667,0.3741951127603301,0.4998499549864959,0.45363894139886574,high,1.0
15241554,0,0.9386,6,0.15614572877795854,0.5,112.3,112.68,112.3,0.0,0.919390836287252,0.13333333333333333,0.2127937990041186,0.4998499549864959,0.26486294896030244,medium,0.9794
23500574,0,0.3491,7,0.500757735762488,0.7226,177.34,181.2,177.34,0.0,0.14546409347512143,0.2,0.682434804361855,0.722516755026508,0.4185491493383742,high,1.0
4353021,0,0.4648,7,0.45229327471048775,0.0681,53.52,118.39,53.52,0.0,0.2973611658133123,0.2,0.6163869077382064,0.06782034610383114,0.125968809073724,high,1.0
685989636,0,0.3781,7,0.521545176916879,0.1151,87.69,100.76,87.69,0.0,0.18353682552185896,0.2,0.7107641561101856,0.11483445033510052,0.20671077504725896,high,1.0
4353021,0,0.4864,8,0.4961805791065676,0.4246,67.92,81.82,67.92,0.0,0.32571878692398576,0.26666666666666666,0.6761970053008872,0.42442732819845946,0.1599952741020794,high,1.0
109462891,0,0.6361,7,0.3834236742582517,0.0438,62.53,153.73,62.53,0.0,0.5222528554549034,0.2,0.5225306643704999,0.04351305391617485,0.14725897920604913,high,1.0
11342060,0,1.0,5,0.04333533893194676,0.5,344.69,344.69,344.71,0.0,1.0,0.06666666666666667,0.059054568134958574,0.4998499549864959,0.8139886578449905,high,1.0
28556648,0,0.6761,9,0.19306882962699976,0.3838,89.44,89.44,100.23,0.0,0.5747669686228174,0.3333333333333333,0.2631130039424633,0.38361508452535753,0.21084593572778826,high,0.5953
28563372,0,0.7963,8,0.08059345353191744,0.5,318.23,324.8,318.23,0.0,0.7325718786923986,0.26666666666666666,0.10983033347052193,0.4998499549864959,0.7514650283553875,high,1.0
15210552,0,0.5641,10,0.1828223508424233,0.5,307.48,313.02,307.48,0.0,0.4277274517526585,0.4,0.2491489907907647,0.4998499549864959,0.7260633270321362,high,1.0
28563372,0,0.841,8,0.0513820598513373,0.5,353.5,359.65,353.5,0.0,0.7912564001575423,0.26666666666666666,0.07002072725252338,0.4998499549864959,0.8348062381852551,high,1.0
28563372,0,0.7963,8,0.08059345353191744,0.5,318.23,324.8,318.23,0.0,0.7325718786923986,0.26666666666666666,0.10983033347052193,0.4998499549864959,0.7514650283553875,high,1.0
28563372,0,0.841,8,0.0513820598513373,0.5,353.5,359.65,353.5,0.0,0.7912564001575423,0.26666666666666666,0.07002072725252338,0.4998499549864959,0.8348062381852551,high,1.0
1464473936,0,0.426,9,0.45693916630877685,0.5111,42.45,50.56,42.45,0.0,0.24642247604043582,0.3333333333333333,0.6227183795290355,0.5109532859857957,0.0998109640831758,high,1.0
297373168,0,0.6291,7,0.33272299360187985,0.5,230.82,233.74,230.82,0.0,0.5130628856505185,0.2,0.45343522325649094,0.4998499549864959,0.5449196597353496,high,1.0
29070615,0,0.6595,7,0.34034998852684223,0.5,192.43,194.85,192.43,0.0,0.5529736116581331,0.2,0.4638293752065665,0.4998499549864959,0.4542060491493383,high,1.0
109241648,0,0.8467,7,0.16984328901101997,0.4156,157.37,159.33,157.37,0.0,0.7987396612839701,0.2,0.23146098363036963,0.41542462738821645,0.37136105860113416,high,0.9997
29070632,0,0.6753,7,0.39867063697867744,0.5,222.47,223.7,222.47,0.0,0.573716686359459,0.2,0.5433093916218523,0.4998499549864959,0.5251890359168241,high,1.0
15219919,0,0.6243,8,0.31343333269594625,0.5,291.64,294.77,291.64,0.0,0.5067611920703688,0.26666666666666666,0.4271470627825027,0.4998499549864959,0.6886342155009452,high,1.0
297373168,0,0.7041,7,0.27108557151828144,0.5,247.39,251.38,247.39,0.0,0.6115268478403569,0.2,0.3694350715255624,0.4998499549864959,0.5840737240075613,high,1.0
297373168,0,0.6743,6,0.27514447570344197,0.5,271.7,276.5,271.7,0.0,0.5724038335302613,0.13333333333333333,0.37496659046145103,0.4998499549864959,0.6415170132325141,high,1.0
806026921,0,0.6553,7,0.3482206454299528,0.5,261.03,266.39,261.03,0.0,0.5474596297755021,0.2,0.4745555923605979,0.4998499549864959,0.6163043478260869,high,1.0
29070645,0,0.5823,6,0.39018267936972284,0.5,318.57,328.64,318.57,0.0,0.4516213732440594,0.13333333333333333,0.5317419103266279,0.4998499549864959,0.7522684310018903,high,1.0
207753968,0,0.5314,7,0.4972979412493074,0.5,293.39,303.19,293.39,0.0,0.3847971642378889,0.2,0.6777197586276119,0.4998499549864959,0.6927693761814744,high,1.0
207631418,0,0.9686,6,0.04742551529449829,0.4428,199.86,201.19,199.86,0.0,0.9587764211631875,0.13333333333333333,0.06462870513560401,0.4426327898369511,0.4717627599243856,high,0.5303
15219113,0,0.4918,8,0.45995597820938283,0.4481,187.74,187.74,196.43,0.0,0.3328081922016542,0.26666666666666666,0.6268297237226793,0.4479343803140942,0.4431238185255198,high,1.0
29070645,0,0.6661,6,0.34636946417505454,0.5,298.31,302.38,298.31,0.0,0.5616384403308389,0.13333333333333333,0.4720327823364862,0.4998499549864959,0.7043950850661626,high,1.0
29070668,0,0.6729,6,0.329964081164581,0.5,348.82,354.59,348.82,0.0,0.5705658395693843,0.13333333333333333,0.4496753472670128,0.4998499549864959,0.8237476370510396,high,1.0
806026921,0,0.5672,6,0.5048691205816397,0.5,324.19,328.97,324.19,0.0,0.43179729552317186,0.13333333333333333,0.6880378444786945,0.4998499549864959,0.7655482041587901,high,1.0
15219008,0,0.7911,8,0.33233433605412394,0.0587,64.51,64.68,64.51,0.0,0.7257450439805697,0.26666666666666666,0.45290555650731074,0.05841752525757727,0.15193761814744802,high,1.0
207604324,0,0.6637,8,0.36453276788229455,0.0587,73.68,73.68,75.91,0.0,0.5584875935407639,0.26666666666666666,0.496785930923294,0.05841752525757727,0.17360586011342155,high,1.0
"[37352456, 321307744]",0,0.7357,5,0.10053597071008046,0.1757,104.28,110.57,104.28,0.0,0.653012997243009,0.06666666666666667,0.13700821359974466,0.17545263579073722,0.24591209829867675,high,1.0
674769136,0,1.0,7,0.17135697943237393,0.1535,19.98,19.98,58.96,0.0,1.0,0.2,0.23352385746203203,0.15324597379213764,0.04671550094517958,medium,1.0
15107438,0,0.7737,9,0.12840798435117348,0.2579,101.94,101.94,122.7,0.0,0.7029014047525274,0.3333333333333333,0.174992498077491,0.2576773031909573,0.24038279773156898,medium,0.9975
15107626,0,0.5903,8,0.34447691825794247,0.233,84.02,84.02,92.05,0.0,0.46212419587764214,0.26666666666666666,0.46945360009911835,0.2327698309492848,0.19803875236294893,high,1.0
15107438,0,0.6879,13,0.1337297238714428,0.233,57.12,57.12,97.45,0.0,0.5902586320073518,0.6,0.18224502279484214,0.2327698309492848,0.13447542533081283,low,0.8407
15107438,0,0.7737,9,0.12840798435117348,0.2579,101.94,101.94,122.7,0.0,0.7029014047525274,0.3333333333333333,0.174992498077491,0.2576773031909573,0.24038279773156898,medium,0.9975
414211594,0,0.5846,7,0.18744360529459445,0.2579,138.69,138.69,149.18,0.0,0.45464093475121437,0.2,0.2554468868098927,0.2576773031909573,0.32722117202268425,high,1.0
15106870,0,0.7155,10,0.06908931396243824,0.1398,100.09,109.17,100.09,0.0,0.6264933700932125,0.4,0.0941523664708739,0.13954186255876763,0.23601134215500946,medium,0.9999
15106870,0,0.5202,12,0.2943281523315968,0.0039,107.92,107.92,108.06,0.0,0.370093212550873,0.5333333333333333,0.40111031440461825,0.003601080324097229,0.2545132325141777,high,1.0
270499499,0,0.5842,8,0.4502077406773118,0.1398,153.88,161.0,153.88,0.0,0.4541157936195353,0.26666666666666666,0.6135447191893538,0.13954186255876763,0.36311436672967856,high,1.0
"[4526341, 864841823]",0,0.8966,6,0.01566721960259324,0.0634,125.3,125.3,194.12,0.0,0.8642510174609425,0.13333333333333333,0.0213481530512301,0.06311893568070422,0.2955812854442344,high,0.9387
80789130,0,0.8135,5,0.08928180197496542,0.0634,104.64,104.64,199.66,0.0,0.7551529473546014,0.06666666666666667,0.12167090958217947,0.06311893568070422,0.24676275992438562,high,1.0
45756898,0,1.0,4,0.00068312920803353,1.0,29.53,29.53,38.04,0.0,1.0,0.0,0.000927671075429013,1.0,0.06928166351606804,low,1.0
77833841,0,0.9904,5,0.2570508317352506,0.5,204.09,204.09,207.45,0.0,0.9873966128397006,0.06666666666666667,0.3503083749275163,0.4998499549864959,0.48175803402646494,high,1.0
78576157,0,0.9191,6,0.013052040126405666,0.5,219.77,219.77,224.02,0.0,0.8937902061178943,0.13333333333333333,0.017784157910333033,0.4998499549864959,0.5188090737240075,high,0.8256
"[30386001, 238876138]",0,1.0,5,5.759563161273937e-06,0.5,109.41,109.7,109.41,0.0,1.0,0.06666666666666667,4.544328336592522e-06,0.4998499549864959,0.2580340264650283,medium,1.0
77833789,0,1.0,6,5.759563161273937e-06,1.0,85.52,85.52,93.76,0.0,1.0,0.13333333333333333,4.544328336592522e-06,1.0,0.20158317580340263,low,1.0
140357866,0,0.5063,8,0.3980983229887685,0.4676,46.12,46.12,50.39,0.0,0.3518445582250229,0.26666666666666666,0.5425294358682701,0.4674402320696209,0.1084829867674858,high,1.0
45756884,0,0.465,7,0.5617406406214133,0.4783,53.16,53.16,53.62,0.0,0.2976237363791519,0.2,0.7655429728734255,0.47814344303290984,0.1251181474480151,high,1.0
"[335735810, 807334404, 4261174]",0,0.9167,9,0.0028892889266384503,0.1975,53.32,53.32,61.23,0.0,0.8906393593278191,0.3333333333333333,0.003934249625293263,0.197259177753326,0.1254962192816635,low,0.999
334731366,0,0.9261,6,0.017237967262004168,0.5,116.09,116.09,116.09,0.0,0.902980175922279,0.13333333333333333,0.02348878510982862,0.4998499549864959,0.27381852551984875,medium,1.0
143702349,0,0.4261,8,0.489241827412485,0.0017,74.17,83.52,74.17,0.0,0.2465537613233556,0.26666666666666666,0.6667407987396256,0.0014004201260378114,0.17476370510396974,high,1.0
33116517,0,0.5162,8,0.45166755477701115,0.004,110.54,118.64,110.54,0.0,0.3648418012340816,0.26666666666666666,0.6155341697816804,0.00370111033309993,0.2607041587901701,high,1.0
143702349,0,0.5646,10,0.36314113217148736,0.4428,142.65,152.17,142.65,0.0,0.4283838781672574,0.4,0.4948893945836749,0.4426327898369511,0.336578449905482,high,1.0
33116517,0,0.5162,8,0.45166755477701104,0.004,110.54,118.64,110.54,0.0,0.3648418012340816,0.26666666666666666,0.6155341697816802,0.00370111033309993,0.2607041587901701,high,1.0
33116540,3,0.4163,6,0.6017884688769581,0.4138,40.02,50.42,40.02,0.02142857142857143,0.23368780359721672,0.13333333333333333,0.8201205904349994,0.41362408722616784,0.09406899810964083,high,1.0
355335571,4,0.6725,7,0.08484622400792771,0.3112,22.19,22.19,33.63,0.02857142857142857,0.5700406984377051,0.2,0.11562605550408075,0.3109932979893968,0.05193761814744801,medium,0.9997
33116540,3,0.4163,6,0.6017884688769581,0.4138,40.02,50.42,40.02,0.02142857142857143,0.23368780359721672,0.13333333333333333,0.8201205904349994,0.41362408722616784,0.09406899810964083,high,1.0
33872608,0,1.0,6,0.00068312920803353,1.0,82.63,83.36,82.63,0.0,1.0,0.13333333333333333,0.000927671075429013,1.0,0.19475425330812854,low,1.0
79176825,0,0.9992,6,0.1473965166454431,0.5,71.12,184.74,71.12,0.0,0.9989497177366415,0.13333333333333333,0.20087027719198647,0.4998499549864959,0.16755671077504727,medium,1.0
45756897,0,0.782,5,0.00068312920803353,1.0,40.85,41.86,40.85,0.0,0.7137980832348694,0.06666666666666667,0.000927671075429013,1.0,0.09603024574669186,low,0.9845
33872608,0,1.0,6,0.00068312920803353,1.0,57.31,58.86,57.31,0.0,1.0,0.13333333333333333,0.000927671075429013,1.0,0.1349243856332703,low,1.0
"[554834776, 112538796]",0,0.9491,5,0.20158867458541452,0.1461,104.08,104.08,106.24,0.0,0.9331757909938296,0.06666666666666667,0.27472394166565633,0.14584375312593778,0.24543950850661625,high,1.0
112538808,0,1.0,5,0.09147416919447161,0.5,114.36,114.36,115.53,0.0,1.0,0.06666666666666667,0.12465869156369486,0.4998499549864959,0.26973062381852553,medium,0.9997
"[554230296, 252387586, 43759853]",0,0.8786,6,0.09147416919447161,0.5,40.26,40.26,41.49,0.0,0.8406196665353814,0.13333333333333333,0.12465869156369486,0.4998499549864959,0.09463610586011341,medium,1.0
398749587,0,0.5907,7,0.31615187452033466,0.0238,63.08,63.08,70.27,0.0,0.4626493370093212,0.2,0.4308519212599676,0.02350705211563469,0.14855860113421548,high,1.0
398749589,0,0.6342,8,0.23839533397587792,0.29,58.52,62.84,58.52,0.0,0.5197584350794275,0.26666666666666666,0.32488445891302264,0.2897869360808242,0.13778355387523628,high,1.0
4298498,1,0.8243,7,0.08223613888089719,0.6095,164.32,164.32,189.7,0.007142857142857143,0.7693317579099384,0.2,0.11206900299783154,0.6093828148444533,0.3877835538752362,medium,0.9878
71270649,19,0.862,7,0.09048549973415945,0.5,62.54,62.54,67.06,0.1357142857142857,0.818826309570697,0.2,0.12331132202956153,0.4998499549864959,0.14728260869565216,medium,0.9323
416350447,0,1.0,7,0.0068349486837893225,1.0,74.17,74.17,78.3,0.0,1.0,0.2,0.0093114378183648,1.0,0.17476370510396974,low,1.0
416350448,0,1.0,7,0.0068349486837893225,0.9989,108.2,108.2,110.86,0.0,1.0,0.2,0.0093114378183648,0.9988996699009703,0.25517485822306235,low,1.0
43405590,2,1.0,7,0.16290479062415533,1.0,17.78,17.78,31.23,0.014285714285714285,1.0,0.2,0.22200512227895006,1.0,0.04151701323251417,low,1.0
"[43405596, 62694156, 131739079]",5,0.7277,7,0.21314597586244294,0.0408,28.61,28.61,33.24,0.03571428571428571,0.6425101746094263,0.2,0.2904743580207358,0.040512153646093826,0.06710775047258978,high,1.0
43405595,3,1.0,6,0.16290479062415533,1.0,34.43,34.43,48.13,0.02142857142857143,1.0,0.13333333333333333,0.22200512227895006,1.0,0.08086011342155008,low,1.0
4637139,3,1.0,7,0.16290479062415533,1.0,48.21,48.21,62.06,0.02142857142857143,1.0,0.2,0.22200512227895006,1.0,0.11342155009451795,low,1.0
"[43405593, 43405595]",4,0.9618,6,0.10336429670083307,1.0,79.29,79.29,93.23,0.02857142857142857,0.9498490219246423,0.13333333333333333,0.14086268713767947,1.0,0.18686200378071835,low,0.9997
53321072,0,1.0,6,0.26250446090890567,0.1871,32.75,32.75,42.34,0.0,1.0,0.13333333333333333,0.35774064030438296,0.1868560568170451,0.07689035916824195,medium,0.5944
53321073,0,1.0,9,0.09434931995113709,0.1871,48.45,48.45,50.4,0.0,1.0,0.3333333333333333,0.1285769784038166,0.1868560568170451,0.11398865784499054,low,0.9753
807334403,0,0.5393,7,0.1510627831900016,0.3769,89.23,89.23,89.6,0.0,0.3951687015885519,0.2,0.20586670526471232,0.3767130139041712,0.21034971644612477,high,1.0
4353021,0,0.5554,7,0.3284809572752338,0.291,79.91,92.05,79.91,0.0,0.41630563213863725,0.2,0.4476541298388738,0.2907872361708512,0.18832703213610585,high,1.0
4353019,0,0.3986,8,0.4961132851716178,0.0576,123.71,138.87,123.71,0.0,0.21045030852041485,0.26666666666666666,0.6761052963916683,0.05731719515854756,0.2918241965973535,high,1.0
"[322773314, 807334403]",0,0.6764,7,0.10999764120717949,0.2528,40.29,59.73,40.29,0.0,0.5751608244715767,0.2,0.14990268144926652,0.2525757727318195,0.09470699432892248,high,0.616
15107094,0,0.5609,12,0.41135432264948707,0.5,149.67,160.98,149.67,0.0,0.4235263226992253,0.5333333333333333,0.5605948569258745,0.4998499549864959,0.3531663516068052,high,1.0
85518631,0,0.5917,8,0.37814455815979414,0.3766,140.3,154.13,140.3,0.0,0.46396218983851906,0.26666666666666666,0.5153362273177274,0.37641292387716313,0.33102551984877127,high,1.0
15107094,0,0.5477,10,0.35935062156756487,0.3803,110.4,124.88,110.4,0.0,0.40619666535381377,0.4,0.48972364535043583,0.3801140342102631,0.2603733459357278,high,1.0
15105163,0,0.6598,8,0.3890001273680577,0.5,107.98,117.26,107.98,0.0,0.5533674675068925,0.26666666666666666,0.5301303155484612,0.4998499549864959,0.2546550094517958,high,1.0
15105470,0,0.6031,6,0.41993522842510905,0.5,159.22,171.19,159.22,0.0,0.4789287120913745,0.13333333333333333,0.572289008997378,0.4998499549864959,0.3757325141776937,high,1.0
85518569,0,0.8249,12,0.13783082844511205,0.1618,94.69,102.44,94.69,0.0,0.7701194696074569,0.5333333333333333,0.18783405288090557,0.1615484645393618,0.22325141776937615,medium,0.9939
85518569,0,0.8285,12,0.21485081579111318,0.1618,126.25,134.67,126.25,0.0,0.7748457397925693,0.5333333333333333,0.29279773248780894,0.1615484645393618,0.29782608695652174,medium,1.0
"[270499515, 270499516]",0,0.7703,8,0.21287040115500147,0.2172,102.16,102.16,109.84,0.0,0.6984377051332545,0.26666666666666666,0.29009880180089753,0.21696508952685806,0.24090264650283552,high,0.9999
"[15106664, 15106801, 1518989928]",0,0.63,6,0.3639988300929518,0.401,162.55,162.55,165.61,0.0,0.5142444531967966,0.13333333333333333,0.4960582746748085,0.40082024607382216,0.3836011342155009,high,1.0
48646525,0,0.9248,10,0.052859634929102894,0.0434,41.6,44.06,41.6,0.0,0.9012734672443217,0.4,0.07203438269966084,0.043112933880164045,0.09780245746691871,low,0.9905
880527065,0,0.4298,12,0.2900712391658088,0.0434,45.09,46.49,45.09,0.0,0.2514113167913877,0.5333333333333333,0.3953089466682032,0.043112933880164045,0.10604914933837428,high,1.0
85518576,0,0.6689,9,0.3465372553935724,0.201,30.05,30.05,37.11,0.0,0.5653144282525929,0.3333333333333333,0.4722614500409126,0.20076022806842053,0.07051039697542533,high,1.0
880527065,0,0.7827,12,0.05221439852532558,0.201,18.64,18.64,21.66,0.0,0.7147170802153078,0.5333333333333333,0.07115504748434144,0.20076022806842053,0.04354914933837429,low,1.0
14578198,0,0.337,7,0.625753508150541,0.1254,126.59,133.6,126.59,0.0,0.1295785742418275,0.2,0.8527804075910173,0.12513754126237872,0.29862948960302454,high,1.0
85518593,0,0.5414,8,0.5869976949563335,0.1254,166.11,172.36,166.11,0.0,0.39792569252986737,0.26666666666666666,0.7999635622603746,0.12513754126237872,0.3920132325141777,high,1.0
85518569,0,0.8249,12,0.13783082844511205,0.1618,94.69,102.44,94.69,0.0,0.7701194696074569,0.5333333333333333,0.18783405288090557,0.1615484645393618,0.22325141776937615,medium,0.9939
85518569,0,0.8285,12,0.21485081579111312,0.1618,126.25,134.67,126.25,0.0,0.7748457397925693,0.5333333333333333,0.2927977324878089,0.1615484645393618,0.29782608695652174,medium,1.0
270499517,0,0.8373,12,0.10694083410554571,0.1618,78.03,88.31,78.03,0.0,0.7863988446895103,0.5333333333333333,0.14573683135902168,0.1615484645393618,0.18388468809073724,low,0.9476
85518617,0,0.6173,8,0.364740775676264,0.5,126.94,131.78,126.94,0.0,0.4975712222659839,0.26666666666666666,0.49706940621580303,0.4998499549864959,0.2994565217391304,high,1.0
85518631,0,0.5917,8,0.37814455815979414,0.3766,140.3,154.13,140.3,0.0,0.46396218983851906,0.26666666666666666,0.5153362273177274,0.37641292387716313,0.33102551984877127,high,1.0
85518568,0,0.5517,8,0.45541918863727576,0.681,86.27,86.27,104.13,0.0,0.4114480766706051,0.26666666666666666,0.6206469373642327,0.6809042712813844,0.20335538752362947,high,1.0
"[85518584, 181097393]",0,0.6716,9,0.3398217893542693,0.5,102.26,102.26,193.82,0.0,0.568859130891427,0.3333333333333333,0.46310953960766527,0.4998499549864959,0.2411389413988658,high,1.0
880527065,0,0.6683,10,0.193644144492978,0.5,92.95,97.53,92.95,0.0,0.5645267165550741,0.4,0.26389704932271435,0.4998499549864959,0.2191398865784499,medium,0.9997
880527065,0,0.4462,9,0.42124648272585874,0.7509,65.36,69.62,65.36,0.0,0.2729421031902323,0.3333333333333333,0.5740760006738213,0.7508252475742723,0.1539461247637051,high,1.0
15107094,0,0.5609,12,0.41135432264948707,0.5,149.67,160.98,149.67,0.0,0.4235263226992253,0.5333333333333333,0.5605948569258745,0.4998499549864959,0.3531663516068052,high,1.0
15107094,0,0.6185,10,0.35268773008525567,0.5,136.18,141.04,136.18,0.0,0.4991466456610214,0.4,0.48064338409743296,0.4998499549864959,0.3212901701323251,high,1.0
85518617,0,0.6173,8,0.364740775676264,0.5,126.94,131.78,126.94,0.0,0.4975712222659839,0.26666666666666666,0.49706940621580303,0.4998499549864959,0.2994565217391304,high,1.0
85518593,0,0.5414,8,0.5869976949563335,0.1254,166.11,172.36,166.11,0.0,0.39792569252986737,0.26666666666666666,0.7999635622603746,0.12513754126237872,0.3920132325141777,high,1.0
14578216,0,0.351,8,0.6392396463285397,0.1509,173.38,183.38,173.38,0.0,0.1479585138505973,0.26666666666666666,0.8711594639324668,0.15064519355806744,0.4091918714555765,high,1.0
85817360,0,0.4191,6,0.6011886254951034,0.0708,112.71,112.71,118.07,0.0,0.23736379151897066,0.13333333333333333,0.8193031173255263,0.07052115634690408,0.2658317580340264,high,1.0
15219919,0,0.6054,7,0.3738923679675842,0.3945,171.72,183.68,171.72,0.0,0.48194827359852965,0.2,0.5095412961012667,0.39431829548864655,0.4052693761814744,high,1.0
85817345,0,0.6475,10,0.2052937513883583,0.2268,211.62,223.33,211.62,0.0,0.5372193777077588,0.4,0.2797732607822136,0.22656797039111734,0.4995510396975425,high,1.0
109241640,0,0.3639,8,0.6221831356944135,0.5,98.68,105.89,98.68,0.0,0.16489431534724955,0.26666666666666666,0.8479146650289117,0.4998499549864959,0.232679584120983,high,1.0
127485208,0,0.3089,8,0.6611622132454433,0.5,136.23,142.32,136.23,0.0,0.09268740974136798,0.26666666666666666,0.9010357774624799,0.4998499549864959,0.32140831758034016,high,1.0
85817323,0,0.346,6,0.5651576939223969,0.3107,191.97,191.97,198.83,0.0,0.14139424970460807,0.13333333333333333,0.7701997704170671,0.31049314794438326,0.4531190926275992,high,1.0
451978384,0,0.3448,6,0.6257064076806504,0.0041,121.13,127.91,121.13,0.0,0.13981882630957065,0.13333333333333333,0.8527162185564396,0.003801140342102631,0.28572778827977313,high,1.0
85817339,0,0.5502,8,0.32800765007948146,0.3003,240.24,251.98,240.24,0.0,0.4094787974268084,0.26666666666666666,0.44700910162525687,0.3000900270081024,0.5671786389413989,high,1.0
85817351,0,0.3318,6,0.5900368344381423,0.1166,199.74,210.5,199.74,0.0,0.12275173952999864,0.13333333333333333,0.8041053347254389,0.11633490047014104,0.4714792060491493,high,1.0
864835835,0,0.4455,7,0.4334336857351933,0.2235,165.45,175.47,165.45,0.0,0.27202310620979386,0.2,0.5906848539865257,0.2232669800940282,0.39045368620037796,high,1.0
15219930,0,0.7186,8,0.38217882610111215,0.5,192.88,194.34,192.88,0.0,0.6305632138637258,0.26666666666666666,0.5208341717115457,0.4998499549864959,0.4552693761814744,high,1.0
29070632,0,0.6753,7,0.39867063697867744,0.5,222.47,223.7,222.47,0.0,0.573716686359459,0.2,0.5433093916218523,0.4998499549864959,0.5251890359168241,high,1.0
297373168,0,0.6599,8,0.3091444073440246,0.5,223.69,225.58,223.69,0.0,0.5534987527898123,0.26666666666666666,0.4213020684893375,0.4998499549864959,0.5280718336483932,high,1.0
85817339,0,0.5502,8,0.32800765007948146,0.3003,240.24,251.98,240.24,0.0,0.4094787974268084,0.26666666666666666,0.44700910162525687,0.3000900270081024,0.5671786389413989,high,1.0
85817339,0,0.6249,8,0.2504435193388769,0.2599,230.89,242.82,230.89,0.0,0.5075489037678876,0.26666666666666666,0.34130385745960085,0.25967790337101126,0.5450850661625708,high,1.0
85817345,0,0.6475,10,0.20529375138835823,0.2268,211.62,223.33,211.62,0.0,0.5372193777077588,0.4,0.2797732607822135,0.22656797039111734,0.4995510396975425,high,1.0
15219914,0,0.6895,7,0.3697563761684848,0.7586,90.73,90.73,100.83,0.0,0.5923591965340684,0.2,0.5039047213235122,0.7585275582674803,0.21389413988657846,high,1.0
85817314,0,0.686,6,0.3140691088684532,0.5,119.53,130.61,119.53,0.0,0.5877642116318761,0.13333333333333333,0.4280135054913664,0.4998499549864959,0.2819470699432892,high,1.0
44335077,0,0.5016,7,0.41013388171453524,0.5,82.35,90.1,82.35,0.0,0.3456741499277931,0.2,0.5589316266957791,0.4998499549864959,0.19409262759924384,high,1.0
85817354,0,0.3905,6,0.5973515697972652,0.0018,99.42,99.42,110.79,0.0,0.19981620060391228,0.13333333333333333,0.8140739359301512,0.0015004501350405122,0.2344281663516068,high,1.0
4526343,0,0.3495,7,0.5263047195778066,0.0018,88.79,94.18,88.79,0.0,0.14598923460680052,0.2,0.7172505128099435,0.0015004501350405122,0.2093100189035917,high,1.0
208134359,0,0.4208,7,0.4543717961374679,0.0643,171.09,171.09,182.13,0.0,0.23959564132860706,0.2,0.6192195394307765,0.06401920576172852,0.4037807183364839,high,1.0
85817302,0,0.6806,6,0.3219719411674812,0.5,136.42,143.57,136.42,0.0,0.5806748063542077,0.13333333333333333,0.43878357162622317,0.4998499549864959,0.32185727788279767,high,1.0
207753972,0,0.6254,8,0.31372060479383235,0.5,184.39,193.47,184.39,0.0,0.5082053301824865,0.26666666666666666,0.427538560333743,0.4998499549864959,0.4352079395085065,high,1.0
248729535,0,0.509,10,0.37316161798513886,0.057,126.19,126.19,131.75,0.0,0.35538926086385714,0.4,0.5085454220473596,0.05671701510453136,0.29768431001890355,high,1.0
85817323,0,0.346,6,0.5651576939223969,0.3107,191.97,191.97,198.83,0.0,0.14139424970460807,0.13333333333333333,0.7701997704170671,0.31049314794438326,0.4531190926275992,high,1.0
451978384,0,0.3448,6,0.6257064076806504,0.0041,121.13,127.91,121.13,0.0,0.13981882630957065,0.13333333333333333,0.8527162185564396,0.003801140342102631,0.28572778827977313,high,1.0
62298635,12,0.4273,7,0.4594046871760825,0.0085,65.44,71.1,65.44,0.08571428571428572,0.24812918471839304,0.2,0.6260784182838776,0.008202460738221467,0.1541351606805293,high,1.0
85817339,0,0.6249,8,0.2504435193388769,0.2599,230.89,242.82,230.89,0.0,0.5075489037678876,0.26666666666666666,0.34130385745960085,0.25967790337101126,0.5450850661625708,high,1.0
85817314,0,0.686,6,0.3140691088684532,0.5,119.53,130.61,119.53,0.0,0.5877642116318761,0.13333333333333333,0.4280135054913664,0.4998499549864959,0.2819470699432892,high,1.0
207753972,0,0.6227,8,0.3447491371712345,0.5,146.21,156.64,146.21,0.0,0.5046606275436524,0.26666666666666666,0.46982458300605345,0.4998499549864959,0.34499054820415875,high,1.0
207753967,0,0.6943,6,0.3044182280539726,0.5,90.41,99.2,90.41,0.0,0.5986608901142182,0.13333333333333333,0.4148611797556476,0.4998499549864959,0.21313799621928164,high,1.0
93601149,0,0.3897,6,0.5405685724999671,0.412,196.25,201.42,196.25,0.0,0.198765918340554,0.13333333333333333,0.7366894472952967,0.41182354706411917,0.4632325141776937,high,1.0
"[1334350032, 136124305, 437157175, 164369276, 164369278]",0,0.8855,9,0.043188754232195495,0.6679,17.49,39.87,17.49,0.0,0.8496783510568465,0.3333333333333333,0.05885480090582562,0.6678003401020307,0.04083175803402646,low,1.0
29975021,0,0.9958,7,0.008339734169116219,0.0634,159.53,159.53,159.92,0.0,0.994486018117369,0.2,0.011362175905991501,0.06311893568070422,0.3764650283553875,medium,0.9922
321307751,0,0.8413,6,0.06243070525586342,0.0634,147.92,147.92,148.62,0.0,0.7916502560063017,0.13333333333333333,0.08507794183139823,0.06311893568070422,0.3490311909262759,high,1.0
29975021,0,0.7009,6,0.24308336884207396,0.0368,136.31,143.81,136.31,0.0,0.6073257187869239,0.13333333333333333,0.33127336400944685,0.03651095328598579,0.3215973534971644,high,1.0
4078617,0,0.9731,4,0.011462689638509249,0.5,284.62,288.3,284.62,0.0,0.9646842588945778,0.0,0.015618173713981479,0.4998499549864959,0.6720463137996219,high,1.0
809156092,0,0.8105,6,0.12831738755179325,0.0163,9.77,9.77,161.14,0.0,0.751214388867008,0.13333333333333333,0.17486903177022148,0.016004801440432127,0.022589792060491488,high,0.8697
1117989730,0,0.7341,6,0.22431130235965271,0.1368,38.65,38.65,236.5,0.0,0.6509124327162924,0.13333333333333333,0.30569058686656464,0.13654096228868662,0.09083175803402645,high,1.0
1117989730,0,0.6784,6,0.2061744978182677,0.1272,14.33,14.33,224.25,0.0,0.5777865301299724,0.13333333333333333,0.2809735516322839,0.12693808142442733,0.03336483931947069,high,1.0
"[104864857, 4298506, 104864835]",0,0.9835,5,0.021709964317731575,0.5,251.57,260.28,251.57,0.0,0.9783379283182356,0.06666666666666667,0.02958327151959246,0.4998499549864959,0.5939508506616256,high,0.9999
104864829,0,0.9527,5,0.021709964317731575,0.5,195.53,202.71,195.53,0.0,0.9379020611789417,0.06666666666666667,0.02958327151959246,0.4998499549864959,0.4615311909262759,high,0.8677
4298493,0,1.0,6,0.0001410497382108173,0.5,174.88,179.73,174.88,0.0,1.0,0.13333333333333333,0.000188919255900112,0.4998499549864959,0.4127362948960302,medium,1.0
"[309138951, 309138954, 1520686384, 1051498486, 246706748]",0,0.9829,6,0.0068349486837893225,0.5437,154.04,159.44,154.04,0.0,0.9775502166207166,0.13333333333333333,0.0093114378183648,0.5435630689206762,0.36349243856332697,medium,1.0
"[1520686382, 246709233, 1520686389, 318996251, 319256925, 318996254]",0,1.0,6,0.1703295808968317,0.0772,205.32,205.32,211.9,0.0,1.0,0.13333333333333333,0.2321237075213575,0.07692307692307693,0.48466446124763696,high,1.0
"[246709239, 1520686383]",0,1.0,6,0.015070009040174331,0.5235,195.35,195.35,199.72,0.0,1.0,0.13333333333333333,0.02053426797682738,0.5233570071021306,0.4611058601134215,medium,0.9998
131450470,0,1.0,6,0.017237967262004168,0.5,75.23,75.23,76.61,0.0,1.0,0.13333333333333333,0.02348878510982862,0.4998499549864959,0.17726843100189035,medium,0.6657
121477437,0,0.6657,7,0.28976581790766387,0.4987,241.92,242.73,241.92,0.0,0.5611132991991596,0.2,0.394892715243222,0.4985495648694608,0.5711483931947069,high,1.0
131553934,0,1.0,7,0.28976581790766387,0.4987,303.5,304.11,303.5,0.0,1.0,0.2,0.394892715243222,0.4985495648694608,0.7166587901701323,high,1.0
11341864,0,0.6883,6,0.24757500081512265,0.4992,136.75,136.75,136.82,0.0,0.5907837731390311,0.13333333333333333,0.3373946090988968,0.4990497149144743,0.3226370510396975,high,1.0
131451851,2,0.8173,8,0.0006448681069822941,0.0713,39.31,39.31,45.45,0.014285714285714285,0.7601417881055532,0.26666666666666666,0.0008755284292077424,0.07102130639191757,0.09239130434782608,medium,0.9999
131451842,14,0.6935,8,0.0791326452161063,0.0713,18.53,18.53,32.82,0.1,0.5976106078508598,0.26666666666666666,0.10783952794962409,0.07102130639191757,0.04328922495274102,medium,1.0
429692900,40,0.5641,8,0.24484676352076276,0.2549,91.35,91.35,176.95,0.2857142857142857,0.4277274517526585,0.26666666666666666,0.3336765375291062,0.25467640292087623,0.21535916824196596,high,0.9999
980937716,0,0.4059,8,0.47245078764615545,0.2549,102.24,102.24,134.46,0.0,0.2200341341735591,0.26666666666666666,0.6438577864329338,0.25467640292087623,0.24109168241965973,high,1.0
14567301,0,0.6197,8,0.3286981696884574,0.096,123.59,123.59,136.95,0.0,0.5007220690560588,0.26666666666666666,0.44795014928699217,0.09572871861558468,0.2915406427221172,high,1.0
429692900,0,0.7143,8,0.0870854136525908,0.2632,97.31,97.31,103.91,0.0,0.6249179466981751,0.26666666666666666,0.11867764759777531,0.2629788936681004,0.22944234404536862,medium,0.7397
367214521,0,0.7196,8,0.06622206711463335,0.3365,35.8,40.63,35.8,0.0,0.6318760666929237,0.26666666666666666,0.09024485116403685,0.3363008902670801,0.08409735349716445,medium,1.0
980937716,3,1.0,8,0.25537917303931934,0.3365,21.07,21.07,108.62,0.02142857142857143,1.0,0.26666666666666666,0.3480302202066699,0.3363008902670801,0.04929111531190926,medium,0.9999
320362511,0,0.4868,8,0.20249620821913478,0.4107,75.77,88.38,75.77,0.0,0.32624392805566493,0.26666666666666666,0.2759607384095245,0.4105231569470841,0.17854442344045368,high,1.0
367214521,0,0.7011,8,0.22525204691307746,0.1032,96.81,96.81,101.47,0.0,0.6075882893527634,0.26666666666666666,0.3069726438143803,0.10293087926377914,0.22826086956521738,high,1.0
14567301,0,1.0,8,0.25873009244808104,0.4503,157.74,157.74,163.53,0.0,1.0,0.26666666666666666,0.35259688975998654,0.4501350405121536,0.37223534971644606,medium,0.6821
367214521,0,0.7256,8,0.07134720014826956,0.3196,199.47,199.47,213.83,0.0,0.6397531836681107,0.26666666666666666,0.09722943841498864,0.31939581874562367,0.4708412098298676,high,1.0
367214521,0,0.6634,8,0.11134346855129196,0.0808,105.75,105.75,115.5,0.0,0.5580937376920047,0.26666666666666666,0.15173678964664947,0.08052415724717416,0.24938563327032134,high,1.0
417988255,0,0.5821,8,0.35280423458856613,0.4586,132.17,132.17,144.09,0.0,0.45135880267821965,0.26666666666666666,0.4808021577064613,0.4584375312593778,0.3118147448015122,high,1.0
131443340,0,0.9998,9,0.11130188537057674,0.197,27.2,27.2,30.02,0.0,0.9997374294341604,0.3333333333333333,0.15168011963399392,0.1967590277083125,0.06377599243856331,low,0.9983
4259117,0,0.9662,7,0.009700503436898347,0.774,29.67,29.67,44.29,0.0,0.9556255743731127,0.2,0.013216647120077198,0.7739321796538962,0.06961247637051039,low,1.0
131553944,0,1.0,7,0.28976581790766387,0.4987,302.98,304.65,302.98,0.0,1.0,0.2,0.394892715243222,0.4985495648694608,0.7154300567107751,high,1.0
1331948137,0,1.0,6,0.28976581790766387,0.4987,324.38,325.91,324.38,0.0,1.0,0.13333333333333333,0.394892715243222,0.4985495648694608,0.7659971644612475,high,1.0
44335077,0,0.5536,6,0.3302485913967479,0.0374,122.91,123.11,122.91,0.0,0.41394249704608105,0.13333333333333333,0.45006308091749886,0.037111133340002,0.2899338374291115,high,1.0
8029226,11,0.3451,7,0.638763818714402,0.4815,193.3,202.25,193.3,0.07857142857142857,0.14021268215833005,0.2,0.8705110008651581,0.48134440332099626,0.4562618147448015,high,1.0
8817179,0,0.9113,7,0.0020454097357320627,0.5,136.27,145.03,136.27,0.0,0.883549954050151,0.2,0.002784201851027694,0.4998499549864959,0.3215028355387523,medium,1.0
136024060,0,0.6895,7,0.08774550084940032,0.1829,144.43,153.2,144.43,0.0,0.5923591965340684,0.2,0.11957722163596983,0.18265479643893168,0.3407844990548204,high,1.0
136024053,0,0.5505,7,0.3143812411926575,0.5,54.28,61.38,54.28,0.0,0.40987265327556777,0.2,0.4284388828304402,0.4998499549864959,0.12776465028355385,high,1.0
230989052,3,0.6721,8,0.1773954147111197,0.5,40.57,42.26,40.57,0.02142857142857143,0.569515557306026,0.26666666666666666,0.24175310298343108,0.4998499549864959,0.09536862003780718,medium,0.9997
33872609,0,1.0,6,0.1473965166454431,0.5,92.56,162.11,92.56,0.0,1.0,0.13333333333333333,0.20087027719198647,0.4998499549864959,0.21821833648393194,medium,1.0
136024094,0,0.8729,12,0.17579024896620912,0.5,96.83,103.4,96.83,0.0,0.8331364054089537,0.5333333333333333,0.23956556558216044,0.4998499549864959,0.22830812854442342,low,0.9998
275600095,0,0.6424,12,0.19921319872588708,0.1824,75.58,81.68,75.58,0.0,0.5305238282788498,0.5333333333333333,0.2714866172304646,0.18215464639391818,0.1780954631379962,medium,0.9999
136024094,0,0.8655,12,0.10696922013512493,0.4992,138.47,138.47,155.01,0.0,0.8234212944728895,0.5333333333333333,0.1457755161500316,0.4990497149144743,0.3267013232514177,low,0.9994
275600095,0,0.6202,8,0.25953499245337475,0.1393,66.66,66.66,74.79,0.0,0.5013784954706577,0.26666666666666666,0.35369381627455093,0.13904171251375413,0.15701795841209829,high,1.0
136024094,0,0.8729,12,0.1757902489662091,0.5,96.83,103.4,96.83,0.0,0.8331364054089537,0.5333333333333333,0.2395655655821604,0.4998499549864959,0.22830812854442342,low,0.9998
275600095,0,0.6424,12,0.19921319872588708,0.1824,75.58,81.68,75.58,0.0,0.5305238282788498,0.5333333333333333,0.2714866172304646,0.18215464639391818,0.1780954631379962,medium,0.9999
275600094,0,0.5825,10,0.3450953205142338,0.2134,78.74,78.74,81.09,0.0,0.4518839438098989,0.4,0.4702963654452869,0.21316394918475542,0.18556238185255197,high,1.0
275600095,0,0.6202,8,0.25953499245337475,0.1393,66.66,66.66,74.79,0.0,0.5013784954706577,0.26666666666666666,0.35369381627455093,0.13904171251375413,0.15701795841209829,high,1.0
78576157,0,0.9861,6,5.759563161273937e-06,0.5,168.55,168.55,171.5,0.0,0.9817513456741499,0.13333333333333333,4.544328336592522e-06,0.4998499549864959,0.3977788279773157,medium,1.0
429636475,0,0.9622,6,5.759563161273937e-06,0.5,150.78,150.78,153.59,0.0,0.9503741630563213,0.13333333333333333,4.544328336592522e-06,0.4998499549864959,0.35578922495274096,medium,1.0
1339262630,0,1.0,8,0.060616513014647995,0.2896,82.96,82.96,83.59,0.0,1.0,0.26666666666666666,0.08260554083895438,0.2893868160448134,0.19553402646502832,medium,0.8876
137206572,0,0.6718,8,0.17805093283926085,0.2319,7.44,95.43,7.44,0.0,0.5691217014572665,0.26666666666666666,0.2426464502449624,0.23166950085025506,0.017084120982986766,medium,0.9615
137206572,0,1.0,8,0.25799248665418495,0.353,7.51,7.51,100.17,0.0,1.0,0.26666666666666666,0.3515916725313872,0.3528058417525257,0.017249527410207938,medium,0.9993
417988253,11,0.5987,8,0.25799248665418495,0.2319,90.27,90.27,116.96,0.07857142857142857,0.473152159642904,0.26666666666666666,0.3515916725313872,0.23166950085025506,0.2128071833648393,high,1.0
429692901,0,1.0,8,0.2261960428366392,0.353,6.19,6.19,110.86,0.0,1.0,0.26666666666666666,0.3082591317649149,0.3528058417525257,0.014130434782608696,medium,0.9633
367214520,2,0.8148,8,0.2261960428366392,0.353,78.86,78.86,118.9,0.014285714285714285,0.7568596560325587,0.26666666666666666,0.3082591317649149,0.3528058417525257,0.18584593572778826,medium,0.826
137519641,0,0.5959,8,0.33434209387447017,0.3366,99.64,103.84,99.64,0.0,0.46947617172114997,0.26666666666666666,0.45564175078421126,0.3364009202760828,0.23494801512287333,high,1.0
367214520,20,0.5261,10,0.1872803566661867,0.3366,4.46,4.46,10.57,0.14285714285714285,0.3778390442431403,0.4,0.2552244097968613,0.3364009202760828,0.010042533081285443,medium,1.0
417988260,3,1.0,12,0.20277457973721916,0.2202,51.4,51.4,53.23,0.02142857142857143,1.0,0.5333333333333333,0.27634010615344057,0.2199659897969391,0.12095935727788278,low,1.0
367214632,0,0.5535,10,0.2263393048627043,0.1008,98.05,98.05,100.89,0.0,0.4138112117631613,0.4,0.30845437081807364,0.10053015904771431,0.23119092627599241,high,1.0
367214633,8,0.5389,12,0.16522878380390088,0.3074,36.67,36.67,38.23,0.05714285714285714,0.3946435604568728,0.5333333333333333,0.22517228555608224,0.3071921576472942,0.08615311909262759,medium,1.0
934394520,4,0.5481,6,0.15623274771726303,0.3339,32.29,32.29,32.89,0.02857142857142857,0.406721806485493,0.13333333333333333,0.21291238936461626,0.33370011003300987,0.07580340264650283,high,1.0
934394521,2,0.497,8,0.38521865142257694,0.2065,159.13,161.81,159.13,0.014285714285714285,0.33963502691348296,0.26666666666666666,0.5249768788463808,0.20626187856356906,0.3755198487712665,high,1.0
137216216,0,0.5426,7,0.16895416158160978,0.0003,74.05,74.05,90.71,0.0,0.3995011159249047,0.2,0.23024927106268162,0.0,0.17448015122873345,high,1.0
85817360,0,0.4191,6,0.6011886254951033,0.0708,112.71,112.71,118.07,0.0,0.23736379151897066,0.13333333333333333,0.8193031173255261,0.07052115634690408,0.2658317580340264,high,1.0
137216216,0,0.6648,9,0.1254692365391513,0.0003,45.19,45.19,57.37,0.0,0.5599317316528816,0.3333333333333333,0.17098754047601977,0.0,0.10628544423440452,high,0.6441
109462886,0,1.0,12,0.1254692365391513,0.0452,33.04,33.04,37.89,0.0,1.0,0.5333333333333333,0.17098754047601977,0.04491347404221266,0.07757561436672966,low,1.0
137519639,0,0.5044,12,0.17032367495419928,0.1528,90.84,97.54,90.84,0.0,0.349350137849547,0.5333333333333333,0.23211565883826096,0.15254576372911874,0.21415406427221173,high,0.6727
137519645,0,0.568,10,0.19275001201612185,0.028,25.15,25.15,29.19,0.0,0.43284757778653005,0.4,0.2626785158217253,0.02770831249374812,0.05893194706994328,high,0.9714
912795012,0,0.3705,8,0.5045216160496985,0.0627,132.71,138.1,132.71,0.0,0.17355914401995534,0.26666666666666666,0.6875642615087472,0.06241872561768531,0.3130907372400756,high,1.0
912795013,0,0.4595,8,0.19496470652237471,0.0263,145.02,145.02,146.04,0.0,0.29040304581856374,0.26666666666666666,0.26569672567337316,0.02600780234070221,0.3421786389413988,high,1.0
137519637,0,1.0,8,0.3146301764106377,0.1353,43.16,43.16,45.22,0.0,1.0,0.26666666666666666,0.4287781344632088,0.1350405121536461,0.10148865784499053,medium,0.9712
137519644,0,0.8683,8,0.029947553809638355,0.7491,55.61,55.61,56.02,0.0,0.8270972823946434,0.26666666666666666,0.04080954841155549,0.7490247074122237,0.13090737240075612,low,1.0
1339262634,0,0.5696,8,0.16021329779836085,0.4008,88.47,88.47,162.75,0.0,0.43494814231324663,0.26666666666666666,0.2183371264720715,0.4006201860558167,0.20855387523629487,high,0.9999
1339262635,0,0.5495,8,0.42889040907461085,0.2784,139.6,139.6,171.88,0.0,0.4085598004463699,0.26666666666666666,0.5844932269530831,0.27818345503651093,0.3293714555765595,high,1.0
31784763,0,0.7036,7,0.02186175104927749,0.5,27.26,27.26,142.55,0.0,0.6108704214257581,0.2,0.029790128134447407,0.4998499549864959,0.06391776937618147,medium,0.9999
137519642,0,1.0,8,0.02186175104927749,0.5,63.64,63.64,102.84,0.0,1.0,0.26666666666666666,0.029790128134447407,0.4998499549864959,0.14988185255198486,low,1.0
289019419,0,0.9671,7,0.02186175104927749,0.5,44.74,44.74,106.92,0.0,0.9568071419193906,0.2,0.029790128134447407,0.4998499549864959,0.10522211720226843,low,0.9999
320844400,0,0.6864,10,0.07118705947378003,0.1235,76.8,76.8,148.83,0.0,0.5882893527635552,0.4,0.09701119695548746,0.1232369710913274,0.1809782608695652,medium,1.0
137216214,0,0.9186,7,0.012714296870396474,1.0,42.31,42.31,52.9,0.0,0.8931337797032951,0.2,0.017323877713792832,1.0,0.09948015122873345,low,1.0
420262318,0,0.5464,10,0.16115382061662048,0.1641,11.4,13.27,11.4,0.0,0.4044899566758566,0.4,0.2196188812367834,0.16384915474642392,0.026441398865784494,medium,0.9922
137216212,0,0.8948,7,0.015208155601758658,0.3601,43.36,43.36,48.42,0.0,0.8618878823683865,0.2,0.020722535619144587,0.35990797239171746,0.10196124763705103,medium,0.8337
398731629,0,0.8808,6,0.015208155601758658,0.3601,50.39,50.39,57.57,0.0,0.8435079427596167,0.13333333333333333,0.020722535619144587,0.35990797239171746,0.1185727788279773,medium,1.0
43405588,0,1.0,8,0.1103547507608528,0.5,52.04,52.04,53.74,0.0,1.0,0.26666666666666666,0.15038935424769145,0.4998499549864959,0.12247164461247635,low,0.9993
137519643,0,0.7465,8,0.060616513014647995,0.2896,14.98,14.98,17.32,0.0,0.6671918077983457,0.26666666666666666,0.08260554083895438,0.2893868160448134,0.03490075614366729,medium,0.9999
23086702,41,0.5739,11,0.3390594148615305,0.5,127.14,127.84,127.14,0.29285714285714287,0.4405934094787973,0.4666666666666667,0.46207056732587526,0.4998499549864959,0.2999291115311909,medium,0.9513
140358116,31,0.6521,10,0.22641247962414865,0.3231,42.15,42.15,44.08,0.22142857142857142,0.543258500722069,0.4,0.3085540941818422,0.3228968690607182,0.09910207939508504,medium,1.0
"[321378019, 1444853716]",3,0.5389,12,0.3851810691322105,0.4573,74.06,79.41,74.06,0.02142857142857143,0.3946435604568728,0.5333333333333333,0.5249256612907716,0.45713714114234266,0.1745037807183365,high,0.9882
23086702,9,0.4787,12,0.32753311813690783,0.5,70.26,70.26,71.1,0.06428571428571428,0.3156098201391624,0.5333333333333333,0.44636240431330093,0.4998499549864959,0.16552457466918716,medium,0.7572
23086702,34,0.8338,11,0.055488830952604,0.5,28.89,28.89,29.9,0.24285714285714285,0.7818038597873177,0.4666666666666667,0.0756174797442599,0.4998499549864959,0.06776937618147447,low,1.0
140357938,6,0.6464,10,0.24270634032109673,0.5,57.07,62.8,57.07,0.04285714285714286,0.5357752395956412,0.4,0.3307595454249184,0.4998499549864959,0.13435727788279772,medium,1.0
143702349,0,0.4261,8,0.489241827412485,0.0017,74.17,83.52,74.17,0.0,0.2465537613233556,0.26666666666666666,0.6667407987396256,0.0014004201260378114,0.17476370510396974,high,1.0
"[510587659, 320826398]",5,0.5368,10,0.18331507000740205,0.0824,28.86,28.86,32.89,0.03571428571428571,0.39188656951555734,0.4,0.24982047384797007,0.08212463739121736,0.0676984877126654,high,0.8476
806029416,11,0.9075,7,0.05045199143450955,0.0903,53.26,53.26,58.3,0.07857142857142857,0.8785611132991992,0.2,0.0687532198602169,0.09002700810243074,0.12535444234404536,medium,1.0
14567697,0,1.0,10,0.06840777911798684,0.0344,45.33,45.33,48.17,0.0,1.0,0.4,0.09322356334432222,0.034110233069920975,0.10661625708884687,low,0.9996
420655419,0,0.7193,9,0.06840777911798684,0.0344,45.44,47.52,45.44,0.0,0.6314822108441643,0.3333333333333333,0.09322356334432222,0.034110233069920975,0.10687618147448014,medium,0.9999
420655420,0,0.4824,11,0.1881086173372581,0.2468,16.92,16.92,23.35,0.0,0.3204673756071944,0.4666666666666667,0.25635317248178335,0.2465739721916575,0.039484877126654064,medium,0.9964
131553936,0,1.0,5,0.04333533893194676,0.5,348.25,348.52,348.25,0.0,1.0,0.06666666666666667,0.059054568134958574,0.4998499549864959,0.8224007561436673,high,1.0
371495230,0,1.0,6,0.04333533893194676,0.5,342.48,342.68,342.48,0.0,1.0,0.13333333333333333,0.059054568134958574,0.4998499549864959,0.8087665406427221,high,1.0
1331948136,0,1.0,6,0.04333533893194676,0.5,326.27,326.27,326.36,0.0,1.0,0.13333333333333333,0.059054568134958574,0.4998499549864959,0.7704631379962192,high,1.0
11341864,0,0.8613,5,0.04333533893194676,0.5,246.63,246.63,246.71,0.0,0.8179073125902586,0.06666666666666667,0.059054568134958574,0.4998499549864959,0.5822778827977315,high,1.0
4353020,0,0.3795,7,0.5413465506271031,0.034,182.3,182.3,188.11,0.0,0.18537481948273596,0.2,0.737749684380393,0.03371011303391017,0.43026937618147443,high,1.0
807334403,0,0.516,7,0.1792050417199217,0.0088,149.59,170.73,149.59,0.0,0.36457923066824205,0.2,0.24421928242730181,0.00850255076522957,0.35297731568998103,high,1.0
14567208,6,0.3519,6,0.5454956932885546,0.4051,111.46,111.46,119.48,0.04285714285714286,0.14914008139687537,0.13333333333333333,0.7434041812969333,0.40492147644293286,0.26287807183364836,high,1.0
43405582,0,0.4911,8,0.19304067021311594,0.4118,168.64,168.64,169.84,0.0,0.3318891952212156,0.26666666666666666,0.2630746279857971,0.4116234870461138,0.39799149338374284,high,1.0
1262859591,0,0.4017,8,0.48648074850207024,0.5447,196.36,198.62,196.36,0.0,0.21452015229092816,0.26666666666666666,0.6629779702569331,0.5445633690107032,0.463492438563327,high,1.0
23086702,12,0.4567,11,0.38990184076073847,0.4887,147.91,148.06,147.91,0.08571428571428572,0.28672705789680974,0.4666666666666667,0.5313591804042993,0.4885465639691907,0.3490075614366729,high,1.0
23086702,41,0.5739,11,0.33905941486153046,0.5,127.14,127.84,127.14,0.29285714285714287,0.4405934094787973,0.4666666666666667,0.46207056732587515,0.4998499549864959,0.2999291115311909,medium,0.9513
140357866,0,0.613,9,0.3562359273186997,0.4841,183.71,188.39,183.71,0.0,0.4919259551004332,0.3333333333333333,0.4854789060239716,0.48394518355506644,0.4336011342155009,high,1.0
14567386,0,0.4883,7,0.42616596703409665,0.0163,45.31,45.31,145.69,0.0,0.3282132072994617,0.2,0.5807803275966675,0.016004801440432127,0.10656899810964082,high,1.0
"[554357601, 321307754, 43407378, 461144181, 809156092]",0,0.8581,6,0.053482074063831826,0.331,64.05,64.05,69.64,0.0,0.8137061835368253,0.13333333333333333,0.07288264954783603,0.33079923977193154,0.15085066162570887,medium,1.0
206649064,0,0.6836,8,0.03698533835390674,0.5,210.98,214.98,210.98,0.0,0.5846133648418012,0.26666666666666666,0.050400718022223526,0.4998499549864959,0.49803875236294887,high,0.9989
206649064,0,0.6674,10,0.21374039247102003,0.2699,252.76,256.15,252.76,0.0,0.5633451490087961,0.4,0.2912844354643404,0.26968090427128133,0.5967627599243855,high,1.0
396960152,0,0.7214,9,0.27761288003442747,0.0024,221.52,224.67,221.52,0.0,0.6342392017854799,0.3333333333333333,0.3783305588320756,0.002100630189056717,0.5229442344045369,high,1.0
15211139,0,0.9078,8,0.06632200861585075,0.0449,251.35,251.35,270.14,0.0,0.8789549691479585,0.26666666666666666,0.09038105253298917,0.04461338401520456,0.593431001890359,high,1.0
206649064,0,0.6674,10,0.21374039247102003,0.2699,252.76,256.15,252.76,0.0,0.5633451490087961,0.4,0.2912844354643404,0.26968090427128133,0.5967627599243855,high,1.0
206649064,0,0.6836,8,0.03698533835390674,0.5,210.98,214.98,210.98,0.0,0.5846133648418012,0.26666666666666666,0.050400718022223526,0.4998499549864959,0.49803875236294887,high,0.9989
15107646,0,0.5953,7,0.27156486180532496,0.3363,145.87,153.44,145.87,0.0,0.4686884600236314,0.2,0.37008825356131025,0.33610083024907467,0.3441871455576559,high,1.0
15107609,0,0.5241,7,0.33162408554736844,0.1864,81.21,81.21,91.19,0.0,0.37521333858474465,0.2,0.451937619362673,0.18615584675402622,0.19139886578449902,high,1.0
15107626,0,0.5761,6,0.3457269236811252,0.0039,94.46,99.08,94.46,0.0,0.4434816857030326,0.13333333333333333,0.47115712113653974,0.003601080324097229,0.2227079395085066,high,1.0
4298484,0,1.0,6,0.14133750859999586,0.5,385.8,385.8,396.06,0.0,1.0,0.13333333333333333,0.19261299487952718,0.4998499549864959,0.9111294896030245,high,1.0
339798889,0,1.0,6,0.00016675114818705646,0.5,256.51,256.51,278.07,0.0,1.0,0.13333333333333333,0.00022394541800622281,0.4998499549864959,0.6056238185255198,high,0.7016
206651512,0,0.694,6,0.3185352506107192,0.1864,91.97,91.97,95.02,0.0,0.5982670342654587,0.13333333333333333,0.43410001221602074,0.18615584675402622,0.2168241965973535,high,1.0
"[71270649, 386095889]",7,0.8645,6,0.1459532691322881,0.5,65.27,65.27,69.54,0.05,0.8221084416436918,0.13333333333333333,0.1989034037246653,0.4998499549864959,0.15373345935727786,medium,1.0
131443340,0,0.9998,9,0.11130188537057674,0.197,27.2,27.2,30.02,0.0,0.9997374294341604,0.3333333333333333,0.15168011963399392,0.1967590277083125,0.06377599243856331,low,0.9983
416350385,0,0.7002,10,0.11130188537057677,0.197,11.39,11.39,18.83,0.0,0.6064067218064855,0.4,0.15168011963399397,0.1967590277083125,0.026417769376181472,medium,0.9997
15219008,0,0.4488,9,0.5473362684417247,0.0587,18.65,18.65,19.73,0.0,0.2763555205461467,0.3333333333333333,0.7459125372098195,0.05841752525757727,0.043572778827977304,high,1.0
207604324,0,0.6637,8,0.36453276788229455,0.0587,73.68,73.68,75.91,0.0,0.5584875935407639,0.26666666666666666,0.496785930923294,0.05841752525757727,0.17360586011342155,high,1.0
207631422,0,0.7642,8,0.08629969018304158,0.4392,153.29,160.27,153.29,0.0,0.6904293028751477,0.26666666666666666,0.11760685507547985,0.4390317095128538,0.3617202268431001,medium,0.7924
207631422,0,0.6063,8,0.23767018182149036,0.3306,141.12,147.86,141.12,0.0,0.48312984114480756,0.26666666666666666,0.32389621364030585,0.33039911973592073,0.33296313799621924,high,1.0
15219937,0,0.4931,6,0.23176164168439012,0.1135,106.46,106.46,110.19,0.0,0.33451490087961133,0.13333333333333333,0.315843990636048,0.11323397019105733,0.2510633270321361,high,1.0
207631425,0,0.714,5,0.08514114142230339,0.3455,72.64,72.64,77.05,0.0,0.6245240908494157,0.06666666666666667,0.11602797217609942,0.3453035910773231,0.17114839319470698,high,0.9999
207631418,0,0.9686,6,0.04742551529449829,0.4428,199.86,201.19,199.86,0.0,0.9587764211631875,0.13333333333333333,0.06462870513560401,0.4426327898369511,0.4717627599243856,high,0.5303
1436553457,0,0.6418,6,0.3036264558619248,0.1052,127.26,129.72,127.26,0.0,0.5297361165813312,0.13333333333333333,0.41378214396829527,0.10493147944383316,0.3002126654064272,high,1.0
1327795303,4,0.8161,7,0.022789692256357595,0.0903,44.73,44.73,51.18,0.02857142857142857,0.758566364710516,0.2,0.031054736542086365,0.09002700810243074,0.10519848771266539,medium,1.0
140357938,0,0.5149,8,0.2456208624520149,0.5,182.21,190.84,182.21,0.0,0.3631350925561245,0.26666666666666666,0.3347314880037016,0.4998499549864959,0.4300567107750472,high,1.0
208870620,0,0.7199,7,0.20068862673184976,0.5,174.79,183.55,174.79,0.0,0.632269922541683,0.2,0.27349734662470876,0.4998499549864959,0.4125236294896029,high,1.0
79639779,0,0.5738,7,0.2571429408969862,0.2121,140.89,140.89,155.07,0.0,0.44046212419587755,0.2,0.3504339022987147,0.21186355906772034,0.33241965973534965,high,1.0
"[339798865, 15208964]",0,0.9302,6,0.08667995784007992,0.5,203.71,203.71,213.87,0.0,0.9083628725219902,0.13333333333333333,0.11812508798999503,0.4998499549864959,0.48086011342155005,high,0.994
339798891,0,1.0,6,0.00016675114818705646,0.5,233.13,233.13,263.17,0.0,1.0,0.13333333333333333,0.00022394541800622281,0.4998499549864959,0.5503780718336483,medium,0.9509
310280048,23,0.6009,12,0.10679872492265156,0.5,114.89,114.89,115.22,0.16428571428571428,0.47604043586713923,0.5333333333333333,0.14554316341312226,0.4998499549864959,0.27098298676748583,low,0.6003
1117963154,9,0.6935,11,0.1104500725079898,0.5,102.13,102.13,102.56,0.06428571428571428,0.5976106078508598,0.4666666666666667,0.15051925976534766,0.4998499549864959,0.24083175803402646,medium,0.9552
44572473,49,0.5359,10,0.33042519444383184,0.3888,54.05,62.71,54.05,0.35,0.39070500196927926,0.4,0.45030375747809664,0.3886165849754926,0.1272211720226843,medium,0.9985
44336478,0,0.5445,9,0.1769317212530648,0.0026,90.94,96.16,90.94,0.0,0.40199553630038065,0.3333333333333333,0.24112117647650447,0.0023006902070621185,0.21439035916824195,high,1.0
14567503,1,0.5065,6,0.40308086999835124,0.0048,192.94,208.24,192.94,0.007142857142857143,0.3521071287908624,0.13333333333333333,0.5493197053289847,0.004501350405121536,0.4554111531190926,high,1.0
37352456,0,0.8111,5,0.061737426707469144,0.1081,140.21,140.21,140.96,0.0,0.7520021005645267,0.06666666666666667,0.08413313425690343,0.10783234970491147,0.330812854442344,high,1.0
"[43405576, 910599751]",0,0.9283,6,0.02286004153815485,0.3578,10.76,10.76,25.69,0.0,0.9058684521465142,0.13333333333333333,0.03115060931134522,0.3576072821846554,0.02492911153119092,medium,0.5827
"[43407376, 29975003, 29974988]",0,0.7764,6,0.07529422140483816,0.0634,86.48,86.48,209.17,0.0,0.7064461073913614,0.13333333333333333,0.10260848207433057,0.06311893568070422,0.20385160680529302,high,1.0
4078618,0,0.6837,7,0.23857624082189002,0.3386,28.7,28.7,29.39,0.0,0.584744650124721,0.2,0.32513100073778567,0.3384015204561368,0.067320415879017,high,0.9993
4688562,0,0.562,12,0.15819458032933176,0.1151,42.18,42.18,45.82,0.0,0.4249704608113431,0.5333333333333333,0.21558599626629601,0.11483445033510052,0.09917296786389412,medium,1.0
229826287,0,0.7374,9,0.04407577907635956,0.0369,42.2,42.2,43.22,0.0,0.6552448470526454,0.3333333333333333,0.06006364804738562,0.0366109832949885,0.09922022684310018,medium,1.0
29974989,0,0.7621,10,0.04407577907635956,0.2139,54.23,54.23,56.74,0.0,0.6876723119338323,0.4,0.06006364804738562,0.21366409922976892,0.12764650283553872,medium,0.9589
44572474,0,0.527,14,0.18393023732913846,0.1151,7.92,7.92,19.13,0.0,0.3790206117894184,0.6666666666666666,0.2506588305900104,0.11483445033510052,0.018218336483931945,medium,0.9962
14567208,8,0.9302,10,0.10679872492265156,0.1282,105.2,105.81,105.2,0.05714285714285714,0.9083628725219902,0.4,0.14554316341312226,0.12793838151445436,0.248086011342155,medium,0.9989
310280048,23,0.6009,12,0.10679872492265156,0.5,114.89,114.89,115.22,0.16428571428571428,0.47604043586713923,0.5333333333333333,0.14554316341312226,0.4998499549864959,0.27098298676748583,low,0.6003
6601787,42,0.4744,9,0.4426517870459052,0.2837,84.35,84.35,95.11,0.3,0.3099645529736116,0.3333333333333333,0.6032473830897166,0.28348504551365405,0.19881852551984874,high,1.0
44572472,57,0.5775,14,0.1600635657990759,0.0383,1.51,1.51,18.21,0.40714285714285714,0.4453196796639097,0.6666666666666666,0.21813307006877397,0.0380114034210263,0.0030718336483931945,low,1.0
1388260696,13,0.7171,7,0.13500876527174033,0.5,160.28,160.28,165.57,0.09285714285714286,0.628593934619929,0.2,0.1839881143788706,0.4998499549864959,0.3782372400756143,high,0.9986
23086702,12,0.4567,11,0.38990184076073847,0.4887,147.91,148.06,147.91,0.08571428571428572,0.28672705789680974,0.4666666666666667,0.5313591804042993,0.4885465639691907,0.3490075614366729,high,1.0
245386298,2,0.5274,8,0.5146326576894963,0.5,98.01,103.55,98.01,0.014285714285714285,0.3795457529210975,0.26666666666666666,0.7013436994409309,0.4998499549864959,0.23109640831758035,high,1.0
23086702,9,0.4787,12,0.3275331181369078,0.5,70.26,70.26,71.1,0.06428571428571428,0.3156098201391624,0.5333333333333333,0.4463624043133009,0.4998499549864959,0.16552457466918716,medium,0.7572
245386298,2,0.5274,8,0.5146326576894963,0.5,98.01,103.55,98.01,0.014285714285714285,0.3795457529210975,0.26666666666666666,0.7013436994409309,0.4998499549864959,0.23109640831758035,high,1.0
45314176,16,0.617,6,0.1425042723368834,0.3202,19.51,35.53,19.51,0.11428571428571428,0.4971773664172246,0.13333333333333333,0.19420307323808947,0.31999599879963986,0.04560491493383743,high,0.8672
43405597,2,0.6616,7,0.23721687560886456,0.3625,96.18,103.27,96.18,0.014285714285714285,0.5557306025994485,0.2,0.32327844298485087,0.3623086926077823,0.22677221172022685,high,1.0
246285653,0,0.4737,7,0.4359646485850403,0.0549,48.04,55.35,48.04,0.0,0.3090455559931731,0.2,0.594134077789626,0.05461638491547464,0.11301984877126653,high,1.0
"[4298504, 309549002, 309549003, 4298506]",0,0.9997,5,0.021709964317731575,0.5,293.11,294.01,293.11,0.0,0.9996061441512407,0.06666666666666667,0.02958327151959246,0.4998499549864959,0.6921077504725898,high,1.0
43405576,0,0.9583,5,0.02286004153815485,0.5,35.48,35.48,47.14,0.0,0.9452540370224497,0.06666666666666667,0.03115060931134522,0.4998499549864959,0.08334120982986766,medium,0.9797
7972761,0,0.564,6,0.32364058584520394,0.1081,70.21,80.59,70.21,0.0,0.42759616646973864,0.13333333333333333,0.44105761881015004,0.10783234970491147,0.165406427221172,high,1.0
262302249,0,0.6962,6,0.24707055780729514,0.163,44.19,51.9,44.19,0.0,0.6011553104896941,0.13333333333333333,0.3367071486606642,0.16274882464739424,0.10392249527410206,high,1.0
551048960,0,0.7532,6,0.04082815563883125,0.0053,36.08,36.08,36.24,0.0,0.6759879217539713,0.13333333333333333,0.0556377513713809,0.00500150045013504,0.08475897920604913,high,0.9025
551063047,0,0.7326,7,0.06500785700522806,0.0053,39.32,39.32,46.03,0.0,0.6489431534724958,0.2,0.08859011237102019,0.00500150045013504,0.0924149338374291,high,0.663
262302248,0,0.7156,8,0.14065866227124701,0.2994,71.09,71.09,71.41,0.0,0.6266246553761323,0.26666666666666666,0.19168785569152633,0.2991897569270781,0.16748582230623818,medium,0.8327
262302249,0,0.8825,6,0.050480903197544495,0.3811,59.62,59.89,59.62,0.0,0.8457397925692528,0.13333333333333333,0.06879262112651986,0.38091427428228464,0.14038279773156898,medium,1.0
551048959,0,0.5727,8,0.17923507685006193,0.0078,36.33,36.33,40.48,0.0,0.43901798608375997,0.26666666666666666,0.24426021463056002,0.00750225067520256,0.08534971644612475,high,1.0
267638410,0,0.7453,8,0.1018751430782636,0.5,33.36,40.01,33.36,0.0,0.6656163844033082,0.26666666666666666,0.13883325232327662,0.4998499549864959,0.07833175803402645,medium,0.9999
267638410,0,0.6021,12,0.2004588525302805,0.5,68.94,77.01,68.94,0.0,0.47761585926217665,0.5333333333333333,0.2731842078342919,0.4998499549864959,0.1624054820415879,medium,1.0
28556660,0,0.6926,14,0.16859336509873196,0.5,112.45,120.08,112.45,0.0,0.5964290403045818,0.6666666666666666,0.2297575736768854,0.4998499549864959,0.2652173913043478,low,0.9946
28556660,0,0.5695,11,0.2586780198069116,0.5,92.76,100.53,92.76,0.0,0.43481685703032685,0.4666666666666667,0.35252592459610715,0.4998499549864959,0.21869092627599243,medium,0.7531
136024069,0,1.0,6,0.2570508317352506,0.5,165.4,165.4,168.81,0.0,1.0,0.13333333333333333,0.3503083749275163,0.4998499549864959,0.3903355387523629,high,1.0
339798860,0,0.9955,6,0.21812087415235354,0.5,152.63,152.63,155.89,0.0,0.9940921622686097,0.13333333333333333,0.29725420372277767,0.4998499549864959,0.3601606805293005,high,0.991
270499499,0,0.5842,8,0.45020774067731184,0.1398,153.88,161.0,153.88,0.0,0.4541157936195353,0.26666666666666666,0.6135447191893539,0.13954186255876763,0.36311436672967856,high,1.0
"[270499515, 270499516]",0,0.7703,8,0.21287040115500147,0.2172,102.16,102.16,109.84,0.0,0.6984377051332545,0.26666666666666666,0.29009880180089753,0.21696508952685806,0.24090264650283552,high,0.9999
270499500,0,0.6442,8,0.2220763144712183,0.1618,85.91,85.91,88.93,0.0,0.5328869633714061,0.26666666666666666,0.3026447209721304,0.1615484645393618,0.2025047258979206,high,1.0
178086622,0,0.3767,6,0.6306936255549548,0.1965,85.96,94.16,85.96,0.0,0.18169883156098196,0.13333333333333333,0.8595128535225901,0.196258877663299,0.2026228733459357,high,1.0
14578198,0,0.2993,6,0.6468382855367464,0.0335,135.17,145.07,135.17,0.0,0.08008402258106866,0.13333333333333333,0.8815149724021792,0.03320996298889667,0.31890359168241955,high,1.0
28556660,0,0.8041,11,0.11868020497176042,0.5,69.36,69.36,75.32,0.0,0.7428121307601419,0.4666666666666667,0.161735374137956,0.4998499549864959,0.16339792060491493,low,0.9996
28556660,0,0.7433,10,0.1657919340524216,0.5,37.37,37.37,43.32,0.0,0.6629906787449125,0.4,0.2259397528628572,0.4998499549864959,0.08780718336483931,medium,0.9685
275600093,0,0.8326,12,0.2095538952920444,0.5,63.83,67.12,63.83,0.0,0.7802284363922805,0.5333333333333333,0.2855790314035071,0.4998499549864959,0.15033081285444233,low,0.9995
267638410,0,0.7453,8,0.1018751430782636,0.5,33.36,40.01,33.36,0.0,0.6656163844033082,0.26666666666666666,0.13883325232327662,0.4998499549864959,0.07833175803402645,medium,0.9999
267638410,0,0.6021,12,0.2004588525302805,0.5,68.94,77.01,68.94,0.0,0.47761585926217665,0.5333333333333333,0.2731842078342919,0.4998499549864959,0.1624054820415879,medium,1.0
275600093,0,0.8326,12,0.20955389529204443,0.5,63.83,67.12,63.83,0.0,0.7802284363922805,0.5333333333333333,0.28557903140350716,0.4998499549864959,0.15033081285444233,low,0.9995
429696845,0,0.9145,6,0.00010585562757963081,0.1083,29.37,29.37,29.63,0.0,0.887751083103584,0.13333333333333333,0.00014095633770659755,0.10803240972291688,0.06890359168241965,medium,1.0
263688927,0,0.5021,7,0.37704511628937065,0.0776,29.61,32.09,29.61,0.0,0.34633057634239195,0.2,0.5138378959337566,0.07732319695908774,0.06947069943289223,high,1.0
301549845,0,0.6971,6,0.21770982782247664,0.2206,92.23,112.45,92.23,0.0,0.6023368780359721,0.13333333333333333,0.29669402529689753,0.22036610983294988,0.21743856332703212,high,1.0
31785075,0,1.0,6,0.09342725996078208,0.9717,54.65,54.65,59.73,0.0,1.0,0.13333333333333333,0.12732038498253773,0.9716915074522356,0.12863894139886575,low,1.0
71134509,0,0.8313,6,0.09342725996078208,0.9717,44.51,44.51,45.59,0.0,0.7785217277143232,0.13333333333333333,0.12732038498253773,0.9716915074522356,0.10467863894139885,low,0.9277
307264976,5,0.8716,7,0.01551674319428788,0.0298,39.35,39.35,50.46,0.03571428571428571,0.8314296967309964,0.2,0.021143082159192604,0.029508852655796735,0.09248582230623818,medium,1.0
315128861,5,0.8735,6,0.1425042723368834,0.3202,13.37,13.37,32.6,0.03571428571428571,0.8339241171064723,0.13333333333333333,0.19420307323808947,0.31999599879963986,0.031096408317580333,medium,1.0
51366094,12,0.4704,7,0.4103328373406135,0.0093,59.56,59.56,77.49,0.08571428571428572,0.30471314165682023,0.2,0.5592027655950607,0.009002700810243071,0.14024102079395084,high,1.0
307654141,0,0.9899,5,0.103200187951867,0.5,376.55,381.11,376.55,0.0,0.9867401864251018,0.06666666666666667,0.14063903794296093,0.4998499549864959,0.8892722117202269,high,1.0
358916481,0,1.0,6,0.013052040126405666,0.5,314.09,321.79,314.09,0.0,1.0,0.13333333333333333,0.017784157910333033,0.4998499549864959,0.7416824196597352,high,1.0
15219008,0,0.4089,7,0.5014679254765976,0.0012,140.94,140.94,141.4,0.0,0.22397269266115263,0.2,0.6834026586576111,0.0009002700810243073,0.3325378071833648,high,1.0
15219070,0,0.6629,9,0.3456799654554093,0.0012,105.48,105.48,107.67,0.0,0.5574373112774058,0.3333333333333333,0.4710931259538762,0.0009002700810243073,0.2487476370510397,high,1.0
"[4298496, 1520686385, 312610565]",0,0.9441,5,0.015070009040174331,0.5235,211.13,211.13,211.93,0.0,0.9266115268478403,0.06666666666666667,0.02053426797682738,0.5233570071021306,0.4983931947069942,high,0.9731
15219941,0,0.4105,6,0.6545092634812293,0.5,347.81,347.81,352.29,0.0,0.2260732571878692,0.13333333333333333,0.891969064891434,0.4998499549864959,0.8213610586011342,high,1.0
109241578,0,0.6098,6,0.38071205386834517,0.5,318.7,324.91,318.7,0.0,0.4877248260470001,0.13333333333333333,0.5188352384995105,0.4998499549864959,0.7525756143667296,high,1.0
6601868,0,0.9958,4,0.0022634180351408326,0.5,69.65,69.65,71.64,0.0,0.994486018117369,0.0,0.00308130594152812,0.4998499549864959,0.16408317580340265,medium,1.0
1117757411,0,0.9967,6,0.0022634180351408326,0.5,129.16,129.16,129.22,0.0,0.995667585663647,0.13333333333333333,0.00308130594152812,0.4998499549864959,0.30470226843100184,medium,1.0
196217737,0,0.9927,4,0.0022634180351408326,0.5,67.02,67.72,67.02,0.0,0.9904161743468556,0.0,0.00308130594152812,0.4998499549864959,0.15786862003780716,medium,1.0
309766694,0,0.9631,6,0.0022634180351408326,0.5,69.03,69.03,69.14,0.0,0.9515557306025992,0.13333333333333333,0.00308130594152812,0.4998499549864959,0.16261814744801512,medium,0.6801
320844397,1,0.7165,7,0.06860687170502475,0.7977,34.29,34.29,55.14,0.007142857142857143,0.6278062229224104,0.2,0.09349488889549476,0.7976392917875362,0.08052930056710773,medium,0.8654
320844401,9,1.0,8,0.06860687170502475,0.7977,41.36,41.36,62.02,0.06428571428571428,1.0,0.26666666666666666,0.09349488889549476,0.7976392917875362,0.09723534971644611,low,1.0
1117989730,0,0.6521,7,0.2491983589813449,0.0634,119.89,119.89,180.19,0.0,0.543258500722069,0.2,0.3396069393305434,0.06311893568070422,0.2827977315689981,high,1.0
807334397,0,0.7202,7,0.1247263377301357,0.0634,146.63,146.63,148.37,0.0,0.6326637783904423,0.2,0.16997510986863,0.06311893568070422,0.34598298676748573,high,1.0
8029221,0,0.8757,10,0.04914462642774869,0.5,229.37,237.54,229.37,0.0,0.8368123933307076,0.4,0.06697152855608234,0.4998499549864959,0.5414933837429111,medium,1.0
8029221,0,0.7628,10,0.12196921463582239,0.5,198.94,198.94,209.04,0.0,0.6885913089142707,0.4,0.1662176724153074,0.4998499549864959,0.4695888468809073,medium,0.982
15107061,0,0.6419,6,0.17176512861174092,0.5,177.91,179.3,177.91,0.0,0.529867401864251,0.13333333333333333,0.23408008761956817,0.4998499549864959,0.4198960302457466,high,1.0
15107046,0,0.5251,6,0.219144664520644,0.5,166.29,169.84,166.29,0.0,0.3765261914139425,0.13333333333333333,0.29864943641373,0.4998499549864959,0.39243856332703203,high,1.0
327900076,0,0.8057,6,0.035943778697013234,0.4926,180.75,184.35,180.75,0.0,0.7449126952868582,0.13333333333333333,0.04898126915077,0.49244773432029604,0.4266068052930056,high,0.9949
993404604,0,0.6742,7,0.24642037958078733,0.2099,213.71,219.05,213.71,0.0,0.5722725482473414,0.2,0.33582107867537625,0.2096628988696609,0.5044896030245746,high,1.0
15105567,0,0.5424,7,0.5465547344855639,0.4806,219.51,219.51,221.78,0.0,0.3992385453590652,0.2,0.7448474542021082,0.480444133239972,0.5181947069943288,high,1.0
339798868,0,0.8398,6,0.03464806376543189,0.3705,159.72,159.72,166.17,0.0,0.7896809767625048,0.13333333333333333,0.04721545469627768,0.3703110933279984,0.3769139886578449,high,0.9723
339798888,0,0.7309,6,0.23695630068819737,0.5,180.73,180.73,186.54,0.0,0.6467113036628593,0.13333333333333333,0.32292332863818607,0.4998499549864959,0.42655954631379955,high,1.0
398749582,0,0.7481,6,0.27353377789815064,0.0238,61.43,61.43,62.28,0.0,0.6692923723250623,0.13333333333333333,0.3727715139078982,0.02350705211563469,0.14465973534971643,high,1.0
358916475,0,0.9197,8,0.029341771443755688,0.5,43.74,43.8,43.74,0.0,0.8945779178154128,0.26666666666666666,0.03998398158981124,0.4998499549864959,0.10285916824196596,low,1.0
71270640,0,1.0,6,0.08223703089454322,0.5,72.54,72.57,72.54,0.0,1.0,0.13333333333333333,0.11207021864376675,0.4998499549864959,0.17091209829867676,medium,0.9996
358916483,0,1.0,6,5.759563161273937e-06,0.5,93.96,93.96,95.34,0.0,1.0,0.13333333333333333,4.544328336592522e-06,0.4998499549864959,0.22152646502835535,medium,0.9203
"[339798859, 339798860]",0,0.5085,8,0.21812087415235354,0.5,97.74,97.74,102.38,0.0,0.3547328344492581,0.26666666666666666,0.29725420372277767,0.4998499549864959,0.23045841209829865,high,1.0
15208977,0,0.9378,5,0.08223703089454322,0.5,72.5,72.5,74.02,0.0,0.9183405540238939,0.06666666666666667,0.11207021864376675,0.4998499549864959,0.17081758034026465,medium,1.0
358916475,0,0.8912,7,0.08223703089454322,0.5,67.99,67.99,70.21,0.0,0.8571616121832742,0.2,0.11207021864376675,0.4998499549864959,0.16016068052930055,medium,0.9998
14573574,0,0.5409,7,0.20697703868729433,0.1535,36.49,50.22,36.49,0.0,0.3972692661152685,0.2,0.2820672630901881,0.15324597379213764,0.08572778827977315,high,1.0
355261553,0,0.5535,6,0.17135697943237393,0.1535,34.15,49.57,34.15,0.0,0.4138112117631613,0.13333333333333333,0.23352385746203203,0.15324597379213764,0.0801984877126654,high,1.0
355261841,1,0.3207,6,0.6466689362152942,0.1535,88.3,114.24,88.3,0.007142857142857143,0.10817907312590254,0.13333333333333333,0.8812841812980636,0.15324597379213764,0.20815217391304347,high,1.0
14567208,7,0.8672,7,0.08961660328673161,0.5,112.29,114.81,112.29,0.05,0.8256531442825259,0.2,0.12212718046498716,0.4998499549864959,0.26483931947069944,medium,1.0
44572477,15,0.7643,10,0.008628886437411557,0.5,116.46,116.46,117.54,0.10714285714285714,0.6905605881580674,0.4,0.011756235773991947,0.4998499549864959,0.27469281663516065,low,0.9994
263688926,0,0.539,7,0.24859747901836135,0.9144,41.25,44.16,41.25,0.0,0.3947748457397926,0.2,0.3387880535569912,0.9143743122936882,0.09697542533081284,high,0.6258
880527065,0,0.4462,9,0.4212464827258588,0.7509,65.36,69.62,65.36,0.0,0.2729421031902323,0.3333333333333333,0.5740760006738214,0.7508252475742723,0.1539461247637051,high,1.0
4298490,0,1.0,10,0.0001410497382108173,0.5,133.25,134.22,133.25,0.0,1.0,0.4,0.000188919255900112,0.4998499549864959,0.3143667296786389,low,1.0
4298490,0,1.0,9,0.0001410497382108173,0.5,72.08,72.23,72.08,0.0,1.0,0.3333333333333333,0.000188919255900112,0.4998499549864959,0.1698251417769376,low,1.0
321307744,0,1.0,5,0.09147416919447161,0.5,107.12,107.48,107.12,0.0,1.0,0.06666666666666667,0.12465869156369486,0.4998499549864959,0.25262287334593575,medium,0.9999
1380279939,0,0.6828,10,0.3908904873033648,0.5,108.72,108.72,114.89,0.0,0.5835630825784428,0.4,0.5327065187059602,0.4998499549864959,0.25640359168241966,high,1.0
14567951,0,0.5082,8,0.424990463884082,0.2074,126.19,126.19,135.18,0.0,0.35433897860049884,0.26666666666666666,0.5791783390704847,0.20716214864459337,0.29768431001890355,high,1.0
320362511,0,0.5576,10,0.16284834814720653,0.2074,32.71,32.71,37.08,0.0,0.41919390836287246,0.4,0.22192820185516368,0.20716214864459337,0.07679584120982987,medium,0.969
409021271,0,0.4214,8,0.4736852546666456,0.4938,126.02,133.05,126.02,0.0,0.24038335302612573,0.26666666666666666,0.6455401315655281,0.49364809442832847,0.29728260869565215,high,1.0
425034964,0,0.5508,9,0.39699084511912675,0.3386,72.26,72.26,83.29,0.0,0.41026650912432705,0.3333333333333333,0.541020152936833,0.3384015204561368,0.17025047258979206,high,1.0
"[425034965, 685989637]",0,0.937,7,0.031139220427388935,0.5,94.47,167.21,94.47,0.0,0.9172902717605357,0.2,0.04243356468803062,0.4998499549864959,0.22273156899810964,medium,0.9871
420655422,0,0.8403,7,0.06500785700522806,0.1728,30.15,30.15,39.97,0.0,0.7903374031771039,0.2,0.08859011237102019,0.1725517655296589,0.07074669187145556,medium,1.0
420655423,0,0.8385,9,0.03832590848689303,0.2685,53.3,53.3,55.28,0.0,0.7879742680845477,0.3333333333333333,0.05222766163488907,0.2682804841452436,0.12544896030245745,medium,0.6716
85817354,0,0.3905,6,0.5973515697972652,0.0018,99.42,99.42,110.79,0.0,0.19981620060391228,0.13333333333333333,0.8140739359301512,0.0015004501350405122,0.2344281663516068,high,1.0
809156093,0,0.991,7,0.0002141192820252713,0.0368,82.01,189.4,82.01,0.0,0.9881843245372193,0.2,0.0002884992279339707,0.03651095328598579,0.19328922495274103,medium,1.0
179267061,0,0.8048,8,0.031573035428217905,0.0913,20.47,144.62,20.47,0.0,0.7437311277405803,0.26666666666666666,0.04302477250725709,0.09102730819245775,0.04787334593572778,medium,1.0
4261170,1,0.7449,8,0.04765658553520691,0.4874,21.44,21.44,40.77,0.007142857142857143,0.6650912432716292,0.26666666666666666,0.06494361018230926,0.48724617385215563,0.05016540642722117,medium,0.6287
4680951,7,0.5342,11,0.16199212642263253,0.0345,25.89,25.89,30.52,0.05,0.3884731521596429,0.4666666666666667,0.22076133354126853,0.03421026307892368,0.0606805293005671,medium,0.9957
106343219,0,0.9947,6,0.043188754232195495,0.6661,48.55,48.55,68.33,0.0,0.9930418800052513,0.13333333333333333,0.05885480090582562,0.665999799939982,0.11422495274102078,low,0.9997
43405589,0,0.4855,10,0.19047773847271554,0.1783,34.59,34.59,36.73,0.0,0.3245372193777077,0.4,0.25958183662963596,0.17805341602480743,0.08123818525519849,high,0.9953
43405590,0,0.5648,8,0.13038227065269045,0.9738,22.96,22.96,24.29,0.0,0.42864644873309693,0.26666666666666666,0.17768307700311173,0.9737921376412924,0.0537570888468809,medium,0.9951
23086702,34,0.8338,11,0.055488830952604,0.5,28.89,28.89,29.9,0.24285714285714285,0.7818038597873177,0.4666666666666667,0.0756174797442599,0.4998499549864959,0.06776937618147447,low,1.0
655440028,11,0.8034,10,0.01656255559671324,0.5,109.72,109.79,109.72,0.07857142857142857,0.7418931337797031,0.4,0.022568326718685524,0.4998499549864959,0.2587665406427221,low,0.9999
8028969,14,0.7611,8,0.038091724095277016,0.5,113.34,114.2,113.34,0.1,0.6863594591046343,0.26666666666666666,0.05190851258932904,0.4998499549864959,0.267320415879017,medium,1.0
655440030,8,0.6753,6,0.17070593979825366,0.5,143.79,144.76,143.79,0.05714285714285714,0.573716686359459,0.13333333333333333,0.23263661354104553,0.4998499549864959,0.33927221172022676,high,1.0
320844400,0,0.7319,12,0.14998427945530113,0.3255,72.92,73.8,72.92,0.0,0.6480241564920571,0.5333333333333333,0.20439690860069315,0.32529758927678304,0.17181001890359168,medium,0.9489
320844400,0,0.6462,14,0.1730403096678871,0.3291,11.36,11.36,17.65,0.0,0.5355126690298017,0.6666666666666666,0.2358179182844426,0.3288986696008802,0.026346880907372396,low,1.0
685642450,0,0.8127,8,0.19533164162652097,0.3255,49.68,52.03,49.68,0.0,0.7541026650912432,0.26666666666666666,0.2661967888392513,0.32529758927678304,0.11689508506616256,medium,0.9994
685642450,0,0.8127,8,0.195331641626521,0.3255,49.68,52.03,49.68,0.0,0.7541026650912432,0.26666666666666666,0.2661967888392513,0.32529758927678304,0.11689508506616256,medium,0.9994
"[15218946, 15218932, 320844405, 4387260]",47,0.7352,6,0.062432707254970604,0.0305,8.86,8.86,15.04,0.3357142857142857,0.65235657082841,0.13333333333333333,0.08508067017763797,0.03020906271881564,0.02043950850661625,medium,1.0
43405597,4,0.6991,6,0.21832755966369058,0.0298,13.51,13.51,20.62,0.02857142857142857,0.6049625836943678,0.13333333333333333,0.29753587699407946,0.029508852655796735,0.03142722117202268,high,1.0
809452418,0,0.6588,6,0.08721782850397394,0.3259,37.85,37.85,39.35,0.0,0.5520546146776947,0.13333333333333333,0.11885810400285543,0.32569770931279385,0.08894139886578449,high,0.9162
967952182,0,0.8082,7,0.10338112706050025,0.5,26.12,26.12,53.92,0.0,0.748194827359853,0.2,0.1408856237355763,0.4998499549864959,0.061224007561436665,medium,0.9999
806026921,0,0.5755,8,0.3212124548886898,0.2195,85.74,85.74,94.37,0.0,0.44269397400551397,0.26666666666666666,0.43774853543393233,0.21926577973392017,0.20210302457466917,high,1.0
887923191,0,0.6861,6,0.19443868600385628,0.5,19.7,19.7,55.97,0.0,0.5878954969147958,0.13333333333333333,0.26497985916800243,0.4998499549864959,0.04605387523629489,high,0.8517
967952184,0,1.0,8,0.0015902042641003035,0.5,21.69,21.69,62.19,0.0,1.0,0.26666666666666666,0.0021638428646645774,0.4998499549864959,0.050756143667296784,low,1.0
43407369,14,0.7548,6,0.09494710729104161,0.3112,20.28,20.28,31.66,0.1,0.6780884862806879,0.13333333333333333,0.1293916495168736,0.3109932979893968,0.04742438563327032,medium,1.0
806029417,15,0.5839,6,0.4471080793611968,0.0824,59.86,59.86,65.83,0.10714285714285714,0.4537219377707758,0.13333333333333333,0.6093204669077609,0.08212463739121736,0.14094990548204156,high,1.0
807334395,0,1.0,7,0.0002141192820252713,0.0368,84.76,178.5,84.76,0.0,1.0,0.2,0.0002884992279339707,0.03651095328598579,0.19978733459357279,medium,1.0
179267058,0,0.9226,6,0.0002141192820252713,0.0368,90.06,175.77,90.06,0.0,0.8983851910200865,0.13333333333333333,0.0002884992279339707,0.03651095328598579,0.2123109640831758,medium,0.9952
1104089484,0,0.719,7,0.0649126631534198,0.0368,91.79,169.92,91.79,0.0,0.6310883549954049,0.2,0.08846038115051424,0.03651095328598579,0.21639886578449907,high,0.9999
1104089483,0,0.8373,7,0.031097966713287475,0.0368,88.57,166.3,88.57,0.0,0.7863988446895103,0.2,0.04237734367607319,0.03651095328598579,0.20879017013232512,medium,0.9336
1117997094,0,0.9563,5,0.24308336884207396,0.0368,155.3,179.71,155.3,0.0,0.942628331364054,0.06666666666666667,0.33127336400944685,0.03651095328598579,0.3664697542533081,high,1.0
"[664411472, 1117798461]",0,0.7713,7,0.12726835111418863,0.4998,165.71,172.27,165.71,0.0,0.6997505579624522,0.2,0.17343939346038845,0.49964989496849055,0.39106805293005664,high,0.9996
1117798462,0,0.9586,6,0.017237967262004168,0.5,131.15,131.15,131.72,0.0,0.945647892871209,0.13333333333333333,0.02348878510982862,0.4998499549864959,0.30940453686200375,medium,1.0
1117798463,0,0.9997,6,0.0004249282999441777,0.5,142.6,142.6,142.94,0.0,0.9996061441512407,0.13333333333333333,0.000575792059023158,0.4998499549864959,0.33646030245746683,medium,1.0
807334402,0,1.0,6,0.0004249282999441777,0.5,101.73,102.3,101.73,0.0,1.0,0.13333333333333333,0.000575792059023158,0.4998499549864959,0.2398865784499055,medium,0.983
1117798460,0,1.0,7,0.0004249282999441777,0.5,102.37,102.55,102.37,0.0,1.0,0.2,0.000575792059023158,0.4998499549864959,0.24139886578449907,low,0.947
1117963154,9,0.6935,11,0.1104500725079898,0.5,102.13,102.13,102.56,0.06428571428571428,0.5976106078508598,0.4666666666666667,0.15051925976534766,0.4998499549864959,0.24083175803402646,medium,0.9552
808760046,26,0.8184,8,0.029363136541561672,0.4731,113.0,113.0,114.35,0.18571428571428572,0.7615859262176711,0.26666666666666666,0.040013098178350824,0.47294188256476943,0.26651701323251414,medium,0.5535
1117963154,45,0.6241,10,0.0931383038395725,0.5,61.89,61.89,63.03,0.32142857142857145,0.5064986215045293,0.4,0.12692659242592716,0.4998499549864959,0.14574669187145556,low,1.0
14574756,0,0.6566,10,0.18693138494060318,0.0434,50.6,53.04,50.6,0.0,0.5491663384534593,0.4,0.2547488273194004,0.043112933880164045,0.11906899810964082,high,0.646
48646525,0,0.3397,7,0.6059990990146966,0.1791,85.52,91.34,85.52,0.0,0.13312327688066167,0.2,0.8258588831555019,0.17885365609682904,0.20158317580340263,high,1.0
207753971,0,0.648,6,0.25467099795472586,0.5,183.47,189.8,183.47,0.0,0.5378758041223579,0.13333333333333333,0.34706511147001257,0.4998499549864959,0.4330340264650283,high,1.0
207753967,0,0.6943,6,0.30441822805397256,0.5,90.41,99.2,90.41,0.0,0.5986608901142182,0.13333333333333333,0.4148611797556475,0.4998499549864959,0.21313799621928164,high,1.0
85817302,0,0.6806,6,0.3219719411674812,0.5,136.42,143.57,136.42,0.0,0.5806748063542077,0.13333333333333333,0.43878357162622317,0.4998499549864959,0.32185727788279767,high,1.0
8028969,0,0.3999,7,0.5801808229984702,0.5,132.61,136.59,132.61,0.0,0.21215701719837202,0.2,0.7906734547342326,0.4998499549864959,0.31285444234404536,high,1.0
8817535,2,0.5171,7,0.3975982468320158,0.5863,170.12,170.12,197.79,0.014285714285714285,0.3660233687803597,0.2,0.5418479266223565,0.5861758527558268,0.4014886578449905,high,1.0
8028969,8,0.4926,8,0.40763535362835385,0.5,168.87,175.17,168.87,0.05714285714285714,0.33385847446501243,0.26666666666666666,0.5555266053427029,0.4998499549864959,0.39853497164461243,high,1.0
8817179,12,0.4119,7,0.5267833322174028,0.5,144.43,153.07,144.43,0.08571428571428572,0.2279112511487462,0.2,0.7179027713403521,0.4998499549864959,0.3407844990548204,high,1.0
44335829,69,0.5681,11,0.12322842473988983,0.3501,16.79,16.79,23.43,0.4928571428571429,0.43297886306944994,0.4666666666666667,0.16793373769232894,0.34990497149144745,0.039177693761814736,low,1.0
44335829,46,0.7781,12,0.03507259053892105,0.1374,9.6,58.55,9.6,0.32857142857142857,0.7086779572009978,0.5333333333333333,0.04779400441788292,0.1371411423427028,0.02218809073724007,low,1.0
339798889,0,1.0,6,0.00016675114818705646,0.5,246.75,246.75,275.45,0.0,1.0,0.13333333333333333,0.00022394541800622281,0.4998499549864959,0.5825614366729678,medium,0.6769
12121909,0,0.9939,6,0.00016675114818705646,0.5,229.56,229.56,247.04,0.0,0.9919915977418932,0.13333333333333333,0.00022394541800622281,0.4998499549864959,0.5419423440453686,medium,0.9583
15210978,0,0.6989,7,0.13254065477802757,0.3909,171.85,171.85,187.28,0.0,0.6047000131285282,0.2,0.18062454645288922,0.3907172151645494,0.4055765595463137,high,1.0
12121909,0,0.7958,6,0.00016675114818705646,0.5,239.58,239.58,249.11,0.0,0.7319154522777994,0.13333333333333333,0.00022394541800622281,0.4998499549864959,0.5656190926275992,high,1.0
"[136023995, 136023997, 136024003]",0,0.7099,9,0.28029603270798403,0.5,123.17,129.69,123.17,0.0,0.6191413942497045,0.3333333333333333,0.3819871885884322,0.4998499549864959,0.2905482041587902,high,0.9996
1380297198,0,0.6714,7,0.0899063419999941,0.2385,41.35,41.35,78.44,0.0,0.5685965603255875,0.2,0.12252203954659124,0.23827148144443333,0.09721172022684309,medium,0.6034
207631426,0,0.6671,8,0.06869197958938056,0.2882,220.03,225.73,220.03,0.0,0.5629512931600368,0.26666666666666666,0.09361087484944479,0.2879863959187756,0.5194234404536862,high,1.0
207631426,0,0.6939,8,0.036002611777168375,0.3977,217.95,223.56,217.95,0.0,0.598135748982539,0.26666666666666666,0.04906144751470493,0.39751925577673297,0.514508506616257,high,1.0
"[4298492, 416350447]",0,1.0,7,0.0068349486837893225,1.0,5.13,5.13,13.14,0.0,1.0,0.2,0.0093114378183648,1.0,0.011625708884688089,low,1.0
1387739976,0,1.0,12,0.10696922013512494,0.2244,168.48,168.48,203.95,0.0,1.0,0.5333333333333333,0.14577551615003162,0.2241672501750525,0.39761342155009444,low,0.6976
15106696,0,0.9587,12,0.3684760470249923,0.2244,183.67,189.91,183.67,0.0,0.9457791781541288,0.5333333333333333,0.5021598747889989,0.2241672501750525,0.43350661625708875,high,0.7813
1387739976,0,1.0,10,0.10696922013512493,0.4992,140.83,144.45,140.83,0.0,1.0,0.4,0.1457755161500316,0.4990497149144743,0.3322778827977315,low,0.9798
45756896,0,1.0,7,0.1657919340524216,1.0,85.32,85.32,85.84,0.0,1.0,0.2,0.2259397528628572,1.0,0.20111058601134213,low,0.9997
1387739976,0,1.0,10,0.10696922013512493,0.4992,140.83,144.45,140.83,0.0,1.0,0.4,0.1457755161500316,0.4990497149144743,0.3322778827977315,low,0.9798
15106696,0,1.0,11,0.31529532224116236,0.5,163.82,199.42,163.82,0.0,1.0,0.4666666666666667,0.42968460246265705,0.4998499549864959,0.386602079395085,medium,1.0
1387739977,0,1.0,10,0.31529532224116236,0.5,205.52,212.25,205.52,0.0,1.0,0.4,0.42968460246265705,0.4998499549864959,0.4851370510396975,medium,0.6956
15106696,0,0.9587,12,0.3684760470249923,0.2244,183.67,189.91,183.67,0.0,0.9457791781541288,0.5333333333333333,0.5021598747889989,0.2241672501750525,0.43350661625708875,high,0.7813
4688562,0,0.562,12,0.15819458032933179,0.1151,42.18,42.18,45.82,0.0,0.4249704608113431,0.5333333333333333,0.21558599626629607,0.11483445033510052,0.09917296786389412,medium,1.0
44572472,57,0.5775,14,0.16006356579907588,0.0383,1.51,1.51,18.21,0.40714285714285714,0.4453196796639097,0.6666666666666666,0.21813307006877394,0.0380114034210263,0.0030718336483931945,low,1.0
44572474,0,0.527,14,0.18393023732913844,0.1151,7.92,7.92,19.13,0.0,0.3790206117894184,0.6666666666666666,0.2506588305900103,0.11483445033510052,0.018218336483931945,medium,0.9962
44572475,6,0.5846,14,0.15134078945258603,0.0383,9.53,9.53,15.5,0.04285714285714286,0.45464093475121437,0.6666666666666666,0.20624557523444542,0.0380114034210263,0.022022684310018897,low,0.8925
"[71079626, 685989634]",17,0.7138,12,0.09749790072180445,0.0124,13.15,13.15,33.63,0.12142857142857143,0.6242615202835762,0.5333333333333333,0.13286789865214282,0.012103631089326798,0.030576559546313796,low,0.9997
71079644,9,0.3545,10,0.49531296496863303,0.0124,54.36,54.36,54.59,0.06428571428571428,0.15255349875278976,0.4,0.6750146112816896,0.012103631089326798,0.12795368620037806,high,1.0
1336461273,3,0.5231,12,0.17406082938745052,0.0124,68.88,73.62,68.88,0.02142857142857143,0.3739004857555468,0.5333333333333333,0.23720869369960296,0.012103631089326798,0.16226370510396973,medium,0.523
1423122037,0,0.7487,7,0.2123483970411639,0.5142,49.55,49.55,50.07,0.0,0.670080084022581,0.2,0.28938740889567427,0.5140542162648795,0.11658790170132323,medium,0.8976
15241572,0,0.3431,7,0.5106529616364189,0.5142,67.46,72.24,67.46,0.0,0.13758697649993434,0.2,0.6959201262121857,0.5140542162648795,0.15890831758034024,high,1.0
341274834,0,0.735,6,0.18464864852294563,0.5142,55.72,55.72,55.87,0.0,0.6520940002625705,0.13333333333333333,0.25163788920805497,0.5140542162648795,0.1311672967863894,high,0.9484
23500579,0,0.5237,6,0.45763443721466474,0.9086,199.37,199.37,200.6,0.0,0.37468819745306553,0.13333333333333333,0.6236659023100738,0.9085725717715314,0.4706049149338374,high,1.0
341274834,0,0.6854,6,0.2182263780878667,0.8256,122.13,122.13,122.38,0.0,0.5869764999343573,0.13333333333333333,0.29739798563791514,0.8255476642992898,0.2880907372400756,high,0.9999
31785076,0,0.8679,6,0.10249973409657816,0.8874,71.52,71.52,73.29,0.0,0.8265721412629643,0.13333333333333333,0.1396844517818951,0.8873662098629589,0.16850189035916824,medium,0.9887
43407375,0,0.8822,6,0.07730387090637292,0.5,34.3,34.3,43.91,0.0,0.8453459367204935,0.13333333333333333,0.10534725435500687,0.4998499549864959,0.08055293005671076,medium,0.9999
967952183,0,0.6772,6,0.26215028859374845,0.5062,39.65,39.65,43.47,0.0,0.576211106734935,0.13333333333333333,0.35725797040667456,0.5060518155446634,0.09319470699432891,high,1.0
6601856,0,0.996,5,0.007920020181987477,0.5,27.48,27.48,47.64,0.0,0.9947485886832086,0.06666666666666667,0.010790185102180955,0.4998499549864959,0.064437618147448,low,0.9312
315054659,0,0.8923,7,0.0015902042641003035,0.5,29.55,29.55,54.2,0.0,0.8586057502953918,0.2,0.0021638428646645774,0.4998499549864959,0.0693289224952741,low,0.9998
315054660,0,0.8461,9,0.0015902042641003035,0.5,26.65,26.65,50.84,0.0,0.7979519495864512,0.3333333333333333,0.0021638428646645774,0.4998499549864959,0.062476370510396964,low,1.0
809452419,0,0.9725,8,0.01859477237867143,0.3991,28.67,28.67,59.45,0.0,0.9638965471970591,0.26666666666666666,0.025337853935497076,0.39891967590277083,0.06724952741020794,low,1.0
15218914,0,0.4102,6,0.5906593599054971,0.3072,92.49,109.3,92.49,0.0,0.22567940133910988,0.13333333333333333,0.8049537192286592,0.30699209762928875,0.21805293005671075,high,1.0
44572744,0,0.6827,8,0.095412032134727,0.1858,33.46,33.46,51.26,0.0,0.5834317972955231,0.26666666666666666,0.13002525416958088,0.18555566670001,0.0785680529300567,medium,0.9973
44572744,3,0.6465,6,0.09547314888765028,0.0679,52.73,52.73,56.09,0.02142857142857143,0.535906524878561,0.13333333333333333,0.13010854474769581,0.06762028608582575,0.12410207939508504,high,1.0
809452421,9,0.8615,7,0.05045199143450955,0.0903,63.73,63.73,68.59,0.06428571428571428,0.8181698831560982,0.2,0.0687532198602169,0.09002700810243074,0.15009451795841208,medium,1.0
809452420,11,0.8411,8,0.06557231697908265,0.0903,50.89,50.89,54.39,0.07857142857142857,0.7913876854404621,0.26666666666666666,0.08935936458577884,0.09002700810243074,0.11975425330812853,medium,1.0
"[365705720, 131700744, 44335831]",96,0.7274,18,0.10583725675078642,0.4711,22.29,23.94,22.29,0.6857142857142857,0.642116318760667,0.9333333333333333,0.14423286409184968,0.4709412823847154,0.05217391304347825,low,1.0
"[71079626, 685989634]",17,0.7138,12,0.09749790072180445,0.0124,13.15,13.15,33.63,0.12142857142857143,0.6242615202835762,0.5333333333333333,0.13286789865214282,0.012103631089326798,0.030576559546313796,low,0.9997
"[1335732384, 911569192, 335727767, 448349943, 335727768, 70688313]",52,0.8753,12,0.08756364671286485,0.4764,2.55,2.55,3.38,0.37142857142857144,0.8362872521990284,0.5333333333333333,0.11932938883333967,0.4762428728618585,0.00552930056710775,low,1.0
967952183,0,0.9409,6,0.040036244948505315,0.5,23.2,23.2,24.77,0.0,0.922410397794407,0.13333333333333333,0.054558526837063075,0.4998499549864959,0.054324196597353484,low,0.9017
1481218199,0,0.609,6,0.37002866030753123,0.6263,112.89,113.55,112.89,0.0,0.4866745437836418,0.13333333333333333,0.5042757931208175,0.6261878563569071,0.2662570888468809,high,1.0
880527065,0,0.2828,10,0.507625785823362,0.2451,196.61,196.61,198.92,0.0,0.058421950899304166,0.4,0.6917946579655077,0.2448734620386116,0.46408317580340264,high,1.0
880527065,0,0.4912,10,0.4324573646069088,0.4616,222.84,222.84,224.65,0.0,0.33202048050413546,0.4,0.5893543128940903,0.4614384315294588,0.526063327032136,high,1.0
248346183,3,0.6443,12,0.07481112069334529,0.0345,130.45,130.45,131.65,0.02142857142857143,0.5330182486543258,0.5333333333333333,0.1019501071505435,0.03421026307892368,0.307750472589792,medium,0.9998
1459054567,15,0.5431,11,0.1860873239126934,0.0643,139.09,139.09,141.64,0.10714285714285714,0.40015754233950374,0.4666666666666667,0.2535985317356814,0.06401920576172852,0.32816635160680524,high,1.0
208134359,1,0.5017,8,0.39503780024750984,0.1166,169.98,172.78,169.98,0.007142857142857143,0.3458054352107129,0.26666666666666666,0.5383585220637795,0.11633490047014104,0.40115784499054813,high,1.0
"[15241570, 341820570]",3,0.7399,5,0.27657472428815477,0.5111,125.89,137.95,125.89,0.02142857142857143,0.6585269791256401,0.06666666666666667,0.3769157488471777,0.5109532859857957,0.29697542533081284,high,1.0
263210261,9,0.4975,8,0.4989483398212767,0.0276,121.54,121.54,126.33,0.06428571428571428,0.34029145332808186,0.26666666666666666,0.6799689398194194,0.02730819245773732,0.2866965973534972,high,1.0
398749589,0,0.6372,8,0.24441061952077672,0.1805,64.48,64.48,68.88,0.0,0.523696993567021,0.26666666666666666,0.33308215572440203,0.18025407622286685,0.15186672967863896,high,1.0
8029421,0,0.3868,8,0.5087523450648566,0.1178,87.35,96.97,87.35,0.0,0.1949586451358802,0.26666666666666666,0.693329945198823,0.11753526057817346,0.20590737240075613,high,1.0
43405590,0,0.6372,8,0.16290479062415533,1.0,42.19,42.19,50.99,0.0,0.523696993567021,0.26666666666666666,0.22200512227895006,1.0,0.09919659735349715,medium,0.9971
8029421,0,0.9775,7,0.10336429670083307,0.9738,37.38,37.38,40.77,0.0,0.9704608113430485,0.2,0.14086268713767947,0.9737921376412924,0.08783081285444234,low,1.0
43405592,0,0.6193,7,0.10336429670083307,0.9738,25.79,25.79,30.94,0.0,0.5001969279243795,0.2,0.14086268713767947,0.9737921376412924,0.060444234404536855,medium,0.9949
1387739976,0,1.0,12,0.10696922013512494,0.2244,168.48,168.48,203.95,0.0,1.0,0.5333333333333333,0.14577551615003162,0.2241672501750525,0.39761342155009444,low,0.6976
136024094,0,0.8655,12,0.10696922013512494,0.4992,138.47,138.47,155.01,0.0,0.8234212944728895,0.5333333333333333,0.14577551615003162,0.4990497149144743,0.3267013232514177,low,0.9994
1387739976,0,0.8803,12,0.10696922013512494,0.2244,158.73,158.73,209.89,0.0,0.8428515163450175,0.5333333333333333,0.14577551615003162,0.2241672501750525,0.3745746691871455,medium,0.9992
