osmid,lighting,visibility,connectivity,enclosure,dominant_land_use_score,public_transport_proximity_m,dist_to_rail_m,dist_to_bus_m,pedestrian_priority_score,lighting_norm,visibility_norm,connectivity_norm,enclosure_norm,dominant_land_use_score_norm,public_transport_proximity_m_norm,pedestrian_priority_score_norm,risk_class,risk_probability
"[931616773, 603022119, 914791432, 1478847731, 126304603]",0,0.9721,6,0.10103521438603705,0.9548,3.2,3.2,11.33,0.425,0.0,0.965946539729037,0.3,0.1401105509590317,0.9547954795479547,0.00911168405015821,0.3184357541899442,low,0.9909
"[20355312, 545937949, 1360091605, 140001534]",0,0.9972,6,0.00031228397971908126,0.5,48.39,48.39,66.64,0.465,0.0,0.9965824484315879,0.3,0.00042588725200625415,0.49994999499949994,0.14150943396226412,0.40782122905027945,low,1.0
"[542956869, 542956871, 20475367, 542956873, 257568507]",0,0.542,9,0.09847764419302181,0.2252,44.67,44.67,45.87,0.385,0.0,0.44098620773831326,0.6,0.1365636591948894,0.22512251225122515,0.13061057072541893,0.229050279329609,medium,0.9999
"[962829744, 1235276476, 1235264093, 893745919]",0,0.5169,9,0.16642077467162242,0.4433,58.21,58.21,96.6,0.6525,0.0,0.4103502990357623,0.6,0.23078861168406523,0.44324432443244327,0.1702800890659791,0.8268156424581006,medium,0.9902
"[20042722, 1213183375]",0,0.7561,8,0.11636363000575627,0.9203,5.95,5.95,11.69,0.465,0.0,0.7023068473086781,0.5,0.1613683179080728,0.9202920292029203,0.01716863939997656,0.40782122905027945,medium,0.9405
"[556115013, 889928966, 887044711, 519375847, 68506254]",0,0.525,9,0.15675863707577076,0.8069,28.45,28.45,33.01,0.385,0.0,0.42023678750152577,0.6,0.21738895745118078,0.8068806880688069,0.0830891831712176,0.229050279329609,medium,0.9902
"[295215809, 68506253]",0,0.5947,10,0.08833943512057847,0.2761,18.09,18.09,19.54,0.305,0.0,0.5053094104723544,0.7,0.12250377909446956,0.27602760276027605,0.05273643501699284,0.05027932960893859,medium,1.0
68506265,19,0.4904,7,0.19655756829865403,0.2133,17.03,17.03,19.89,0.425,0.20652173913043478,0.3780056145490052,0.4,0.2725829465591344,0.21322132213221323,0.04963084495488105,0.3184357541899442,medium,0.5911
304693491,1,0.9089,7,0.12478224489744895,0.2954,27.66,27.66,28.08,0.4075,0.010869565217391304,0.8888075186134505,0.4,0.1730434288811277,0.29532953295329534,0.08077463963436071,0.27932960893854747,low,0.9924
545718428,1,0.9096,7,0.12478224489744895,0.2954,32.54,32.54,39.74,0.4425,0.010869565217391304,0.8896619065055534,0.4,0.1730434288811277,0.29532953295329534,0.09507207312785652,0.35754189944134085,low,0.9973
"[248565672, 1104543532]",0,0.9457,9,0.12426230153612683,0.3446,23.64,23.64,24.05,0.425,0.0,0.9337239106554376,0.6,0.17232236056748754,0.34453445344534456,0.06899683581389897,0.3184357541899442,low,0.9785
"[34608163, 584532229]",0,0.8096,8,0.04583189188247885,1.0,27.52,27.52,70.22,0.385,0.0,0.7676064933479799,0.5,0.06355343026850509,1.0,0.08036446736200632,0.229050279329609,medium,0.9926
237910182,0,0.5345,7,0.25785528162132804,0.0654,94.44,94.44,103.21,0.6525,0.0,0.4318320517514952,0.4,0.35759189573234357,0.0653065306530653,0.2764268135474041,0.8268156424581006,medium,0.9813
"[1435726369, 1408672894, 546133684, 511211614]",0,0.5239,8,0.16731667474439726,0.277,1.46,1.46,11.16,0.425,0.0,0.41889417795679246,0.5,0.2320310646178294,0.276927692769277,0.004013828665182233,0.3184357541899442,medium,0.998
"[546184105, 237566135]",0,0.7232,6,0.09331055745317969,0.3135,19.51,19.51,128.37,0.425,0.0,0.6621506163798364,0.3,0.1293978353781252,0.3134313431343134,0.0568967537794445,0.3184357541899442,low,0.9166
546184105,0,0.7669,6,0.10845200568617923,0.0654,138.6,138.6,173.34,0.425,0.0,0.7154888319296961,0.3,0.1503963120500391,0.0653065306530653,0.4058068674557599,0.3184357541899442,medium,0.9885
"[237566144, 1206381001, 1213857011, 20044319]",0,0.992,6,0.00031705874014008035,0.0254,196.77,196.77,241.99,,0.0,0.9902355669473941,0.3,0.0004325089894894503,0.025302530253025302,0.5762334466190084,0.4581005586592179,low,0.9719
237725943,0,0.697,6,0.21474005112671524,0.1726,91.18,96.12,91.18,0.425,0.0,0.6301720981325521,0.3,0.29779879352616406,0.17251725172517254,0.2668756592054377,0.3184357541899442,medium,0.9989
"[532696001, 545718433]",0,0.7686,8,0.25854675713662373,0.1839,31.1,31.1,33.51,0.3225,0.0,0.7175637739533748,0.5,0.35855084841993995,0.18381838183818383,0.09085315832649712,0.08938547486033527,medium,0.9995
"[550280513, 237506925]",0,0.5347,8,0.16432108126956807,0.0504,86.76,90.85,86.76,0.4475,0.0,0.4320761625778103,0.5,0.2278767130173896,0.0503050305030503,0.25392593460682056,0.36871508379888274,medium,0.9999
328020785,0,1.0,8,0.25854675713662373,0.1839,55.78,58.08,55.78,0.425,0.0,1.0,0.5,0.35855084841993995,0.18381838183818383,0.1631606703386851,0.3184357541899442,low,0.7881
532696011,0,0.7439,8,0.2764540583111594,0.1637,39.17,126.6,39.17,0.3225,0.0,0.6874160869034542,0.5,0.38338506772208736,0.16361636163616364,0.11449666002578224,0.08938547486033527,medium,0.9999
"[316582576, 316582580]",0,0.7687,8,0.23057948114513968,0.0867,118.91,118.91,118.93,0.3225,0.0,0.7176858293665325,0.5,0.3197652459169873,0.08660866086608661,0.3481190671510605,0.08938547486033527,medium,0.9989
905209182,0,1.0,8,0.262804426891091,0.1254,54.89,55.99,54.89,0.6525,0.0,1.0,0.5,0.36445547376621595,0.12531253125312533,0.1605531466072893,0.8268156424581006,low,1.0
"[545715324, 316582574]",0,0.7607,8,0.250540168849052,0.3923,25.93,25.93,29.29,0.3225,0.0,0.7079213963139266,0.5,0.34744714454756026,0.39223922392239224,0.07570608226883861,0.08938547486033527,medium,0.9999
918438451,0,0.4897,8,0.225127378844357,0.1132,21.79,21.79,24.16,0.6525,0.0,0.37715122665690226,0.5,0.3122041565671349,0.1131113111311131,0.06357670221493025,0.8268156424581006,low,0.5546
"[244057616, 545715325]",0,0.7533,8,0.27171179323700634,0.0119,36.12,36.12,38.35,0.3225,0.0,0.698889295740266,0.5,0.376808395464634,0.011801180118011803,0.10556076409234733,0.08938547486033527,medium,0.9993
"[907252500, 532436406]",0,0.5348,7,0.17109820514939358,0.0119,12.17,12.17,12.4,0.465,0.0,0.43219821799096797,0.4,0.23727536996904336,0.011801180118011803,0.03539200750029298,0.40782122905027945,medium,0.8244
"[1433159890, 121830607]",0,0.533,7,0.20983895868922792,0.3324,65.76,65.76,71.15,,0.0,0.43000122055413165,0.4,0.2910018561637805,0.3323332333233323,0.19240009375366224,0.4581005586592179,medium,0.9999
1335081722,0,1.0,5,0.20983895868922792,0.113,46.3,46.3,87.24,0.6925,0.0,1.0,0.2,0.2910018561637805,0.11291129112911291,0.13538614789640216,0.9162011173184358,low,1.0
237795734,0,0.4093,8,0.19171116332009216,0.3155,153.43,157.06,153.43,0.6525,0.0,0.2790186744782131,0.5,0.2658618509070563,0.31543154315431543,0.44925583030587124,0.8268156424581006,medium,0.9994
237795736,0,0.676,8,0.12722810536795015,0.0599,78.28,78.28,176.57,0.6525,0.0,0.6045404613694618,0.5,0.1764353992687847,0.059805980598059805,0.22908121410992613,0.8268156424581006,low,0.9885
4744939,0,0.5508,8,0.12766935217556424,0.5,179.29,179.29,218.97,0.6525,0.0,0.4517270840961796,0.5,0.1770473295579923,0.49994999499949994,0.5250205086136176,0.8268156424581006,medium,0.9999
449991621,0,0.4293,8,0.1850122740517114,0.5,93.51,100.04,93.51,0.6525,0.0,0.3034297571097278,0.5,0.2565716913486557,0.49994999499949994,0.2737020977381929,0.8268156424581006,medium,1.0
4744939,0,0.4,7,0.19280404058835154,0.2637,104.35,108.59,104.35,0.6525,0.0,0.26766752105455877,0.4,0.26737747592981964,0.2636263626362636,0.30546115082620406,0.8268156424581006,medium,0.9998
493086069,0,0.653,7,0.14424103189806614,0.0249,27.36,27.36,28.88,0.6125,0.0,0.5764677163432199,0.4,0.20002928113307286,0.0248024802480248,0.07989569905074416,0.7374301675977655,low,0.9994
868722651,0,0.496,8,0.3151154554631531,0.3341,38.35,38.35,38.42,0.425,0.0,0.3848407176858294,0.5,0.4370015008206348,0.33403340334033405,0.11209422243056368,0.3184357541899442,medium,0.9958
"[1442629979, 1112040477, 1112040478, 1112040487]",0,0.8553,7,0.010552779694222286,0.5,21.33,21.33,26.79,0.425,0.0,0.823385817160991,0.4,0.014627620604115807,0.49994999499949994,0.06222899332005155,0.3184357541899442,low,0.9967
4745980,0,0.4156,8,0.3417955890402818,0.4134,138.9,143.35,138.9,0.6525,0.0,0.2867081655071403,0.5,0.47400206733856415,0.41334133413341334,0.4066858080393765,0.8268156424581006,medium,0.8335
868722651,0,0.4265,8,0.3796396832486287,0.3641,139.59,139.74,139.59,0.425,0.0,0.30001220554131575,0.5,0.5264850476436957,0.36403640364036405,0.40870737138169455,0.3184357541899442,high,0.9999
4744944,0,0.5769,7,0.25355030284338137,0.493,5.49,5.49,11.23,0.425,0.0,0.48358354693030636,0.4,0.35162166124415356,0.49294929492949296,0.015820930505097853,0.3184357541899442,medium,0.9998
"[1408598865, 237960947]",0,0.4256,8,0.3225005507547199,0.0048,10.6,10.6,12.95,0.425,0.0,0.2989137068228976,0.5,0.4472433052249091,0.0047004700470047,0.030792218446033044,0.3184357541899442,medium,1.0
237960949,0,0.4917,8,0.14126661908914434,0.0048,129.46,133.94,129.46,0.4475,0.0,0.37959233492005373,0.5,0.19590430332251813,0.0047004700470047,0.37902847767490916,0.36871508379888274,medium,0.9999
4744966,0,0.4258,8,0.2316712647197807,0.279,121.9,121.9,127.34,0.4475,0.0,0.29915781764921273,0.5,0.32127935418259645,0.278927892789279,0.3568791749677721,0.36871508379888274,medium,0.6676
"[1408598866, 542781428]",0,0.4089,8,0.2911394570646704,0.0322,113.25,118.43,113.25,0.425,0.0,0.2785304528255828,0.5,0.403751085450252,0.0321032103210321,0.3315363881401617,0.3184357541899442,medium,0.6912
"[1408598867, 237914526]",0,0.4094,8,0.20567805135069941,0.0603,166.4,174.23,166.4,0.425,0.0,0.2791407298913707,0.5,0.2852314229570239,0.0602060206020602,0.48725536153756,0.3184357541899442,high,0.7629
"[1409652520, 243716769]",0,0.3947,8,0.20638568245991265,0.0603,137.49,142.65,137.49,0.385,0.0,0.26119858415720737,0.5,0.2862127805597102,0.0602060206020602,0.4025547872963787,0.229050279329609,high,0.6344
"[237914520, 1409649744]",0,0.3718,7,0.43913284598167734,0.0775,127.64,127.64,132.77,0.385,0.0,0.23324789454412304,0.4,0.6089914083672114,0.0774077407740774,0.3736962381343021,0.229050279329609,high,0.9998
237914527,0,0.4248,7,0.20627063521878208,0.0747,1.78,1.78,6.89,0.465,0.0,0.297937263517637,0.4,0.2860532306426961,0.0746074607460746,0.0049513652877065505,0.40782122905027945,medium,0.9963
86301093,0,0.3979,7,0.3465591561563798,0.0806,121.41,126.15,121.41,,0.0,0.26510435737824967,0.4,0.48060828171272674,0.08050805080508051,0.35544357201453175,0.4581005586592179,medium,0.7056
237914527,0,0.4284,6,0.3544699111628548,0.0049,99.42,99.42,150.32,0.465,0.0,0.30233125839130964,0.3,0.49157908198919303,0.0048004800480048,0.2910172272354388,0.40782122905027945,medium,0.991
238866888,0,0.4061,7,0.3508196254015168,0.0049,122.83,139.37,122.83,0.385,0.0,0.27511290125717075,0.4,0.48651678945113697,0.0048004800480048,0.3596038907769834,0.229050279329609,high,0.9414
288234925,0,0.535,7,0.32801042120204577,0.4121,100.74,101.14,100.74,0.6925,0.0,0.4324423288172831,0.4,0.45488450864700214,0.41204120412041206,0.29488456580335165,0.9162011173184358,medium,0.9998
4745969,0,0.4894,8,0.2705308922865119,0.4577,149.23,149.23,154.63,0.5125,0.0,0.3767850604174295,0.5,0.37517069736077924,0.45764576457645767,0.43695066213523953,0.5139664804469273,high,0.7839
553586753,0,0.4019,7,0.231934833811669,0.2314,71.22,71.22,72.27,0.6925,0.0,0.2699865739045526,0.4,0.3216448773044463,0.23132313231323132,0.20839681237548338,0.9162011173184358,medium,0.9937
116315114,0,0.5052,6,0.25551151569626146,0.2637,91.97,91.97,101.16,0.6925,0.0,0.39606981569632616,0.3,0.35434151219276405,0.2636263626362636,0.26919020274229455,0.9162011173184358,medium,0.9742
237795735,0,0.442,7,0.29587929940402596,0.4547,67.5,69.75,67.5,0.6925,0.0,0.31893079458073964,0.4,0.41032439780848406,0.45464546454645466,0.1974979491386382,0.9162011173184358,medium,0.9995
237667608,0,0.5868,7,0.11125677646292301,0.1131,54.01,56.66,54.01,0.4425,0.0,0.49566703283290614,0.4,0.15428602674702305,0.11301130113011301,0.15797492089534743,0.35754189944134085,medium,0.9738
237795735,0,0.8271,7,0.030926411569173164,0.002,41.72,41.72,44.81,0.6925,0.0,0.7889661906505553,0.4,0.0428821988363307,0.0019001900190019003,0.12196765498652289,0.9162011173184358,low,1.0
237667614,0,0.4054,8,0.34584451424514684,0.6223,104.39,104.39,108.92,0.6925,0.0,0.27425851336506774,0.5,0.4796172013833635,0.6222622262226223,0.30557834290401964,0.9162011173184358,medium,0.9738
243716770,0,0.4289,8,0.3257156513262369,0.2913,136.15,136.15,141.19,0.4875,0.0,0.3029415354570975,0.5,0.4517020738519233,0.29122912291229125,0.3986288526895581,0.4581005586592179,high,0.9446
4744966,0,0.4239,7,0.290159518954423,0.0213,112.24,112.41,112.24,0.4475,0.0,0.29683876479921883,0.4,0.4023920868108019,0.0212021202120212,0.3285772881753193,0.36871508379888274,medium,0.9765
237667614,0,0.4162,8,0.33163658584264766,0.2316,132.12,132.12,137.88,0.6925,0.0,0.2874404979860857,0.5,0.45991334951099877,0.23152315231523155,0.3868217508496425,0.9162011173184358,medium,0.9988
98002400,0,0.4303,8,0.3271824207698095,0.0787,202.38,214.53,202.38,0.385,0.0,0.30465031124130354,0.5,0.45373622035296995,0.0786078607860786,0.5926696355326379,0.229050279329609,high,1.0
237667614,0,0.4002,8,0.3284637853520374,0.111,163.57,167.43,163.57,0.6925,0.0,0.2679116318808739,0.5,0.45551324351971617,0.1109110911091109,0.4789640220321105,0.9162011173184358,medium,0.9932
1409649743,2,0.7716,7,0.11221706648125161,0.0035,118.06,123.61,118.06,0.385,0.021739130434782608,0.721225436348102,0.4,0.15561777700220655,0.0034003400340034007,0.3456287354974803,0.229050279329609,medium,0.9846
1409652519,0,0.4288,7,0.25969883864400195,0.0035,91.77,103.66,91.77,0.6925,0.0,0.30281948004393994,0.4,0.3601485791181238,0.0034003400340034007,0.26860424235321684,0.9162011173184358,medium,0.9907
"[170079040, 536376961]",4,0.7551,8,0.12338693196165633,0.0771,99.36,99.36,167.8,0.6075,0.043478260869565216,0.7010862931771024,0.5,0.17110837975759635,0.077007700770077,0.2908414391187155,0.7262569832402236,low,0.9904
536376965,0,0.9798,9,0.11221706648125161,0.0035,102.87,105.95,102.87,0.385,0.0,0.9753448065421702,0.6,0.15561777700220655,0.0034003400340034007,0.30112504394702916,0.229050279329609,low,0.5348
"[1409649742, 238866887]",0,0.3988,8,0.23890177589144382,0.057,101.84,107.54,101.84,0.385,0.0,0.2662028560966679,0.5,0.33130677810055964,0.05690569056905691,0.298107347943279,0.229050279329609,medium,0.8461
238866891,0,0.4128,8,0.19874839978462727,0.057,23.52,23.52,24.07,0.5325,0.0,0.2832906139387282,0.5,0.27562123742420774,0.05690569056905691,0.06864525958045235,0.5586592178770949,medium,0.9969
4746923,0,0.4571,8,0.28370660445989865,0.1577,149.17,152.84,149.17,0.6075,0.0,0.33736116196753324,0.5,0.39344305020650866,0.15761576157615764,0.4367748740185162,0.7262569832402236,medium,0.9952
31029328,0,0.3832,8,0.3887549805361988,0.0272,34.23,34.7,34.23,0.385,0.0,0.2471622116440864,0.5,0.5391263323150949,0.027102710271027102,0.10002343841556308,0.229050279329609,medium,0.8881
490175814,0,0.3957,8,0.20289499209139325,0.0305,3.86,3.86,9.67,0.6125,0.0,0.2624191382887831,0.5,0.2813718182459152,0.030403040304030404,0.011045353334114612,0.7374301675977655,medium,0.7693
"[1409649739, 1409649741]",6,0.4225,8,0.1869130275177293,0.1884,123.35,130.46,123.35,0.385,0.06521739130434782,0.2951299890150128,0.5,0.2592076959567387,0.18831883188318835,0.3611273877885854,0.229050279329609,medium,0.9617
526213091,0,0.4139,8,0.19729460635576898,0.056,1.86,1.86,6.97,0.425,0.0,0.2846332234834615,0.5,0.2736050863313994,0.055905590559055904,0.0051857494433376295,0.3184357541899442,medium,0.9998
526213093,15,0.4064,8,0.20834298838653453,0.0305,122.95,127.84,122.95,0.385,0.16304347826086957,0.27547906749664347,0.5,0.28892721330138105,0.030403040304030404,0.35995546701043,0.229050279329609,medium,0.9996
238324885,0,0.4221,8,0.24596659202429266,0.1748,151.15,154.99,151.15,0.4075,0.0,0.29464176736238246,0.5,0.3411044126777905,0.17471747174717472,0.4425758818703855,0.27932960893854747,high,0.9623
295124095,0,0.4197,8,0.208314874562645,0.1876,35.0,35.0,37.03,0.385,0.0,0.29171243744660075,0.5,0.2888882244631921,0.18751875187518752,0.10227938591351222,0.229050279329609,medium,0.9997
294085157,0,0.5305,8,0.03941968740878726,0.1047,5.11,5.11,13.87,0.3225,0.0,0.4269498352251922,0.5,0.05466085117142085,0.10461046104610461,0.014707605765850227,0.08938547486033527,medium,0.9932
"[1409649736, 1409649737]",0,0.4369,8,0.19943937750442234,0.2375,123.74,130.28,123.74,0.385,0.0,0.3127059685097034,0.5,0.2765794997586063,0.2374237423742374,0.3622700105472869,0.229050279329609,high,0.5249
"[1409649734, 491295302]",0,0.3488,7,0.3630295038119336,0.0611,181.16,181.16,187.39,0.425,0.0,0.2051751495178811,0.4,0.503449703860821,0.061006100610061,0.5304992382514941,0.3184357541899442,high,0.9999
"[481121896, 1360091610, 489412375, 481121895]",0,0.4104,8,0.3464652156302716,0.0611,141.75,141.75,147.6,0.6525,0.0,0.2803612840229464,0.5,0.48047800302896576,0.061006100610061,0.4150357435837337,0.8268156424581006,medium,0.9959
237914522,0,0.4246,8,0.2043794905378366,0.054,121.89,125.94,121.89,0.5325,0.0,0.29769315269132185,0.5,0.28343055169845216,0.0539053905390539,0.3568498769483182,0.5586592178770949,medium,0.9998
891567020,0,0.4097,8,0.21354125996363887,0.4613,20.62,20.62,21.02,0.505,0.0,0.2795068961308434,0.5,0.2961362849018243,0.46124612461246123,0.06014883393882573,0.4972067039106146,medium,1.0
"[1409652521, 1094457471]",0,0.4217,8,0.18637848351638991,0.0165,107.16,115.04,107.16,0.385,0.0,0.2941535457097522,0.5,0.25846637917055615,0.016401640164016403,0.31369389429274575,0.229050279329609,medium,0.9884
1409649740,0,0.4153,8,0.2022203295684959,0.2933,112.55,112.55,120.41,0.6075,0.0,0.2863419992676675,0.5,0.28043618216735305,0.29322932293229326,0.3294855267783897,0.7262569832402236,medium,0.9999
"[490175813, 238324877, 891567021]",0,0.4048,8,0.20353197827099065,0.074,15.95,15.95,19.5,0.6525,0.0,0.2735261808861223,0.5,0.2822552039846357,0.0739073907390739,0.04646665885386147,0.8268156424581006,medium,0.6791
"[1409652522, 1409652523]",0,0.4203,8,0.18713713993233366,0.056,113.46,113.46,119.3,0.385,0.0,0.2924447699255462,0.5,0.25951849973439184,0.055905590559055904,0.3321516465486932,0.229050279329609,medium,0.9634
449991627,0,0.4183,8,0.1873283628106541,0.0678,2.25,2.25,9.77,0.385,0.0,0.2900036616623947,0.5,0.2597836916161563,0.0677067706770677,0.006328372202039142,0.229050279329609,medium,0.9999
"[1409641104, 1409652524]",0,0.4329,8,0.17840349702961328,0.0469,111.54,121.19,111.54,0.425,0.0,0.30782375198340045,0.5,0.24740650133559206,0.0468046804680468,0.3265264268135474,0.3184357541899442,medium,0.9976
1382321714,0,0.431,8,0.17920921150993396,0.0407,110.89,116.83,110.89,0.385,0.0,0.3055046991334065,0.5,0.2485238830060167,0.0406040604060406,0.32462205554904483,0.229050279329609,medium,0.9868
1409649738,0,0.4123,8,0.2133757052543377,0.1876,13.34,13.34,13.89,0.4075,0.0,0.2826803368729403,0.5,0.29590669017299187,0.18751875187518752,0.03881987577639751,0.27932960893854747,medium,1.0
"[450137745, 1408526883, 1408535287]",0,0.5868,9,0.027807918583099497,0.125,113.86,119.07,113.86,0.3225,0.0,0.49566703283290614,0.6,0.03855740762667092,0.1249124912491249,0.33332356732684865,0.08938547486033527,medium,0.9999
"[1441734225, 1408526884]",0,0.4332,7,0.15580122661666435,0.125,114.56,114.56,121.78,0.425,0.0,0.3081899182228731,0.4,0.21606120062887252,0.1249124912491249,0.3353744286886206,0.3184357541899442,medium,0.999
489412375,0,0.4771,8,0.30279583547811406,0.118,119.32,120.4,119.32,0.6525,0.0,0.36177224459904794,0.5,0.41991639450307094,0.1179117911791179,0.34932028594866976,0.8268156424581006,medium,1.0
"[1112801408, 1409652525]",0,0.5115,8,0.21855636902000253,0.0314,116.94,116.94,125.17,0.425,0.0,0.40375930672525323,0.5,0.303091342892753,0.0313031303130313,0.3423473573186452,0.3184357541899442,medium,0.9977
12373020,0,0.3887,8,0.20666892550871138,0.437,15.33,15.33,16.31,0.4475,0.0,0.25387525936775296,0.5,0.2866055879359372,0.436943694369437,0.04465018164772061,0.36871508379888274,medium,0.9999
553772888,0,0.6905,7,0.1057130324415042,0.2263,82.65,82.65,87.5,0.465,0.0,0.6222384962773099,0.4,0.146597846744854,0.22622262226222623,0.24188444861127384,0.40782122905027945,medium,0.9514
525588035,0,0.9386,7,0.00011278333706785288,0.0596,128.09,128.09,131.9,0.4875,0.0,0.9250579763212499,0.4,0.00014921559376859542,0.059505950595059504,0.37501464900972686,0.4581005586592179,low,0.9981
237659855,0,0.7697,7,0.07725324930762094,0.1294,53.13,53.13,53.79,0.4475,0.0,0.7189063834981082,0.4,0.10712922504972908,0.12931293129312932,0.15539669518340557,0.36871508379888274,low,0.9498
237960945,0,0.5556,8,0.14896490764908543,0.297,129.56,129.56,131.55,0.5325,0.0,0.4575857439277432,0.5,0.20658045069310296,0.29692969296929694,0.379321457869448,0.5586592178770949,medium,1.0
542781427,0,0.3994,8,0.11020291252512183,0.003,8.26,8.26,11.0,0.4075,0.0,0.26693518857561327,0.5,0.15282450622581822,0.0029002900290029006,0.023936481893823972,0.27932960893854747,medium,0.9989
4744972,0,0.7358,7,0.04888517947382124,0.4063,19.62,19.62,22.24,0.4875,0.0,0.6775295984376908,0.4,0.0677877932747937,0.40624062406240624,0.05721903199343724,0.4581005586592179,low,0.9902
1409649740,0,0.5246,7,0.18173220991835223,0.1851,96.16,101.25,96.16,0.6075,0.0,0.41974856584889536,0.4,0.2520228298971723,0.185018501850185,0.28146607289347236,0.7262569832402236,medium,0.9938
4744972,0,0.7243,7,0.04849055827875166,0.0836,115.34,121.12,115.34,0.4875,0.0,0.6634932259245698,0.4,0.06724052435894114,0.0835083508350835,0.3376596742060236,0.4581005586592179,medium,0.6645
"[894194807, 552422735]",1,0.8377,8,0.03533989007695115,0.8458,49.91,49.91,50.21,0.6525,0.010869565217391304,0.8019040644452582,0.5,0.04900290301610586,0.8457845784578458,0.14596273291925463,0.8268156424581006,low,0.9993
238324872,0,0.5754,8,0.14991601637975618,0.34,7.61,7.61,14.84,0.4475,0.0,0.4817527157329428,0.5,0.20789946814679122,0.33993399339933994,0.022032110629321457,0.36871508379888274,medium,0.9876
552422732,0,0.5065,8,0.21772419557863013,0.4969,120.26,120.26,124.52,0.425,0.0,0.39765653606737456,0.5,0.30193726738248833,0.49684968496849685,0.352074299777335,0.3184357541899442,high,0.5606
526213090,0,0.4518,8,0.3150020108563688,0.0026,133.4,133.4,137.89,0.4475,0.0,0.33089222507018184,0.5,0.43684417347040666,0.0025002500250025004,0.3905718973397398,0.36871508379888274,medium,0.5898
1382321715,0,0.4118,8,0.2213565885034372,0.184,125.86,130.07,125.86,0.4075,0.0,0.28207005980715244,0.5,0.3069747457611121,0.18391839183918393,0.36848119067151053,0.27932960893854747,high,0.5448
237506925,0,0.5128,7,0.18660074888943717,0.0741,176.18,182.95,176.18,0.4475,0.0,0.4053460270963018,0.4,0.25877462143239843,0.074007400740074,0.5159088245634594,0.36871508379888274,medium,0.9685
237519392,0,0.4459,8,0.28857534603521234,0.0023,146.09,146.09,149.21,0.6525,0.0,0.323690955693885,0.5,0.400195122717511,0.0022002200220022005,0.42775108402671974,0.8268156424581006,medium,0.9999
12373020,0,0.4173,8,0.3036726828943285,0.0693,142.87,142.87,143.05,0.4475,0.0,0.288783107530819,0.5,0.4211324248147606,0.0692069206920692,0.4183171217625688,0.36871508379888274,high,0.8613
403600283,0,0.4016,8,0.18821615678925688,0.0693,127.41,133.04,127.41,0.6525,0.0,0.26962040766507994,0.5,0.2610149028492091,0.0692069206920692,0.3730223836868627,0.8268156424581006,medium,0.9999
540083908,0,0.5783,9,0.12274252665585009,0.2469,163.26,165.68,163.26,0.6075,0.0,0.48529232271451245,0.6,0.17021470501968464,0.24682468246824685,0.4780557834290401,0.7262569832402236,medium,1.0
"[737064815, 1340237140, 308186233, 1313088541, 1307562463]",0,0.7896,7,0.07905949754604319,0.4927,86.99,86.99,94.31,0.6525,0.0,0.7431954107164652,0.4,0.10963416783423323,0.4926492649264927,0.2545997890542599,0.8268156424581006,low,0.9961
4750679,0,0.473,7,0.4638810906654201,0.0024,111.04,115.23,111.04,0.6525,0.0,0.35676797265958743,0.4,0.6433127910160521,0.0023002300230023,0.3250615258408531,0.8268156424581006,medium,0.9993
1182313761,0,0.6367,7,0.1590010374772443,0.1481,80.65,93.5,80.65,0.6925,0.0,0.5565726839985354,0.4,0.22049876516539998,0.14801480148014803,0.23602484472049687,0.9162011173184358,low,0.9836
"[1409614868, 1097003669]",0,0.6019,8,0.14559153936943667,0.3699,88.9,88.9,137.43,0.545,0.0,0.5140974002196997,0.5,0.20190219310268315,0.36983698369836987,0.2601957107699519,0.5865921787709498,medium,0.9987
1182313760,0,0.6439,7,0.1890764840894795,0.1857,134.03,140.6,134.03,0.6925,0.0,0.5653606737458807,0.4,0.26220802271898236,0.18561856185618564,0.3924176725653345,0.9162011173184358,medium,0.8156
237795736,15,0.4413,8,0.2023527742527608,0.2665,222.76,222.76,230.62,0.6525,0.16304347826086957,0.3180764066886367,0.5,0.28061985922188964,0.26642664266426647,0.6523789991796554,0.8268156424581006,medium,0.9997
730337227,0,0.3859,8,0.26185176016213246,0.3427,188.01,188.01,222.72,0.6925,0.0,0.2504577077993409,0.5,0.36313429564795996,0.3426342634263426,0.5505683815774053,0.9162011173184358,medium,0.8843
493086069,0,0.4331,8,0.3181036779684714,0.2382,104.87,111.42,104.87,0.6125,0.0,0.30806786280971554,0.5,0.441145630206598,0.23812381238123811,0.3069846478378061,0.7374301675977655,medium,0.9989
730337227,9,0.4295,8,0.34688538702036703,0.2382,87.3,98.33,87.3,0.6925,0.09782608695652174,0.30367386793604295,0.5,0.4810607054889521,0.23812381238123811,0.2555080276573303,0.9162011173184358,medium,0.999
730337227,0,0.4128,7,0.19221772478574897,0.0856,233.74,239.86,233.74,0.6925,0.0,0.2832906139387282,0.4,0.26656436092827757,0.0855085508550855,0.6845482245400211,0.9162011173184358,medium,0.9967
490175812,0,0.4553,7,0.2983229968187301,0.1119,90.88,90.88,91.98,0.6525,0.0,0.33516416453069686,0.4,0.4137133684251815,0.11181118111811181,0.2659967186218211,0.8268156424581006,medium,0.9995
552422734,0,0.5206,8,0.2793359373656841,0.2595,97.52,97.52,106.84,0.4875,0.0,0.4148663493225924,0.5,0.3873817177892736,0.25942594259425944,0.2854506035392007,0.4581005586592179,medium,0.9962
86301093,13,0.4048,8,0.3438705349316112,0.1884,94.1,100.86,94.1,,0.14130434782608695,0.2735261808861223,0.5,0.47687964564046037,0.18831883188318835,0.27543068088597206,0.4581005586592179,medium,0.9987
294085176,73,0.4111,8,0.19430676044880266,0.1884,182.1,183.02,182.1,0.6525,0.7934782608695652,0.2812156719150494,0.5,0.2694614792198968,0.18831883188318835,0.5332532520801593,0.8268156424581006,low,1.0
"[1408687437, 1083818629, 293858815]",2,0.4118,8,0.2086151856467058,0.0184,102.46,102.46,151.33,0.385,0.021739130434782608,0.28207005980715244,0.5,0.289304702147224,0.018301830183018303,0.29992382514941984,0.229050279329609,medium,0.9895
294085176,72,0.3928,8,0.21330034819650043,0.0734,65.71,65.71,119.61,0.6525,0.782608695652174,0.2588795313072135,0.5,0.29580218343118553,0.07330733073307331,0.19225360365639277,0.8268156424581006,low,1.0
132556736,25,0.2411,6,0.36830763794320376,0.009,136.5,136.5,203.83,,0.2717391304347826,0.07372146954717443,0.3,0.5107695305194861,0.0089008900890089,0.39965428337044406,0.4581005586592179,medium,0.9992
295281241,5,0.4241,7,0.18682326172537134,0.0184,35.37,35.37,98.16,0.6525,0.05434782608695652,0.297082875625534,0.4,0.259083206880941,0.018301830183018303,0.10336341263330595,0.8268156424581006,low,0.9105
295281241,0,0.3953,8,0.3690749987124618,0.1469,161.31,161.31,170.71,0.6525,0.0,0.2619309166361528,0.5,0.5118337224623076,0.14681468146814683,0.47234266963553256,0.8268156424581006,medium,0.7672
671282474,1,0.7584,8,0.10319873634160184,0.5304,139.31,141.55,139.31,0.73,0.010869565217391304,0.7051141218113023,0.5,0.1431109683969151,0.5303530353035304,0.40788702683698574,1.0,low,0.8174
295281240,15,0.4612,8,0.32961759339476,0.2659,130.78,141.69,130.78,0.6125,0.16304347826086957,0.34236543390699375,0.5,0.4571133686131781,0.26582658265826586,0.38289581624282193,0.7374301675977655,medium,0.9999
"[1408604730, 803424574]",3,0.432,8,0.32524291680482803,0.262,104.22,110.16,104.22,0.425,0.03260869565217391,0.30672525326498223,0.5,0.45104647574353507,0.2619261926192619,0.3050802765733036,0.3184357541899442,high,0.6851
4744990,22,0.4635,8,0.32866771316644544,0.4427,160.77,160.77,162.93,0.6925,0.2391304347826087,0.345172708409618,0.5,0.4557960548722174,0.4426442644264426,0.4707605765850228,0.9162011173184358,medium,0.9998
"[1409644593, 803424599]",0,0.4878,8,0.3192364341668138,0.0902,153.0,159.82,153.0,0.425,0.0,0.37483217380690836,0.5,0.4427165601625595,0.09010901090109011,0.4479960154693542,0.3184357541899442,high,0.9464
307933387,0,0.4744,7,0.32341949980919205,0.1039,28.06,28.06,29.68,0.6125,0.0,0.3584767484437934,0.4,0.4485177229679197,0.10381038103810382,0.08194656041251609,0.7374301675977655,medium,0.9845
1199518017,0,0.4515,7,0.3514216366603319,0.0642,102.76,108.51,102.76,0.6925,0.0,0.3305260588307092,0.4,0.48735167123918866,0.0641064106410641,0.3008027657330364,0.9162011173184358,medium,0.9998
"[1111233081, 1111226849, 340350446]",0,0.4457,7,0.319944852475951,0.1008,8.81,8.81,11.72,0.6525,0.0,0.32344684486756986,0.4,0.4436990094705427,0.10071007100710071,0.025547872963787646,0.8268156424581006,medium,0.8306
"[547477970, 868707435]",0,0.4486,8,0.206848528665215,0.044,3.95,3.95,4.62,0.6525,0.0,0.32698645184913955,0.5,0.2868546653447827,0.0439043904390439,0.011309035509199577,0.8268156424581006,low,0.8511
"[892388240, 1091727153, 547477971, 238326399]",0,0.4328,8,0.18567983461937873,0.0419,8.35,8.35,8.62,0.6525,0.0,0.3077016965702429,0.5,0.2574974782873649,0.0418041804180418,0.024200164068908937,0.8268156424581006,low,0.8285
591631504,0,0.4498,8,0.19283416343886944,0.008,0.81,0.81,7.35,0.5675,0.0,0.3284511168070304,0.5,0.2674192509280997,0.007900790079007902,0.002109457400679714,0.6368715083798884,medium,0.6636
"[237529472, 895949675, 246638748]",0,0.4558,8,0.32541211140423026,0.0028,20.02,20.02,21.48,0.6525,0.0,0.3357744415964848,0.5,0.45128111834798673,0.0027002700270027003,0.05839095277159263,0.8268156424581006,medium,0.9335
"[729397992, 729397993, 331574667, 548391757]",0,0.4477,7,0.31541822230989497,0.0431,177.11,177.11,181.63,0.73,0.0,0.32588795313072133,0.4,0.43742138420764676,0.043004300430043,0.5186335403726707,1.0,medium,0.9999
"[1409644585, 511211618]",0,0.4454,8,0.32491843208583543,0.3731,6.42,6.42,12.18,0.425,0.0,0.3230806786280972,0.5,0.4505964735576603,0.373037303730373,0.01854564631430915,0.3184357541899442,medium,0.9982
"[654334913, 68506233, 653349598, 1205958254]",0,0.7474,9,0.12426230153612683,0.3899,9.63,9.63,13.14,0.4525,0.0,0.6916880263639692,0.6,0.17232236056748754,0.3898389838983899,0.02795031055900621,0.3798882681564247,medium,0.537
237910178,0,0.4416,8,0.33714146187398136,0.0715,80.67,83.79,80.67,0.6125,0.0,0.3184425729281094,0.5,0.4675476265726745,0.0714071407140714,0.23608344075940463,0.7374301675977655,medium,1.0
"[1017861008, 549538006]",1,0.5496,8,0.2597211855232885,0.2245,23.58,23.58,24.73,0.6125,0.010869565217391304,0.4502624191382888,0.5,0.360179570237082,0.22442244224422445,0.06882104769717566,0.7374301675977655,medium,0.8272
903025861,0,0.4797,8,0.31353843552506194,0.4839,123.35,123.35,129.53,0.6125,0.0,0.3649456853411449,0.5,0.43481445663096613,0.48384838483848386,0.3611273877885854,0.7374301675977655,medium,0.9633
903025862,0,0.476,8,0.3196008061771501,0.2921,96.54,102.7,96.54,0.6525,0.0,0.36042963505431463,0.5,0.44322187887720327,0.29202920292029205,0.28257939763272,0.8268156424581006,medium,0.9999
330913952,0,0.4711,8,0.3246546905097652,0.3873,16.72,16.72,19.49,0.6525,0.0,0.35444891980959353,0.5,0.4502307112311443,0.3872387238723872,0.04872260635181061,0.8268156424581006,medium,0.9963
1479227021,0,0.4405,8,0.3288918937368962,0.2782,112.89,112.89,119.42,0.4875,0.0,0.3170999633833761,0.5,0.4561069531698219,0.2781278127812781,0.33048165943982183,0.4581005586592179,high,0.564
579970669,0,0.5322,8,0.27503548742941075,0.1411,18.33,18.33,18.84,0.6925,0.0,0.429024777248871,0.5,0.38141776399331095,0.14101410141014104,0.053439587483886074,0.9162011173184358,low,0.8337
1327959235,0,0.4847,8,0.31960927466788447,0.0621,133.04,136.32,133.04,0.5325,0.0,0.3710484559990236,0.5,0.44323362315703674,0.062006200620062006,0.3895171686393999,0.5586592178770949,medium,0.9828
182069869,0,0.5225,8,0.30182447934579326,0.2181,191.71,191.93,191.71,0.6925,0.0,0.4171854021725863,0.5,0.41856929752986294,0.21802180218021802,0.5614086487753427,0.9162011173184358,medium,0.9943
449991628,0,0.5058,8,0.32334815918888055,0.0134,117.23,123.62,117.23,0.6525,0.0,0.39680214817527165,0.5,0.44841878630556625,0.013301330133013302,0.3431969998828079,0.8268156424581006,medium,0.9999
182069869,0,0.463,7,0.3145171814452565,0.1661,24.78,24.78,26.21,0.6925,0.0,0.3445624313438301,0.4,0.43617180191634936,0.16601660166016602,0.07233681003164186,0.9162011173184358,medium,0.7765
1047438434,0,0.464,7,0.31417809928451684,0.1653,107.86,114.29,107.86,0.6525,0.0,0.3457829854754058,0.4,0.4357015556933602,0.16521652165216522,0.3157447556545177,0.8268156424581006,medium,0.9999
182069871,0,0.447,9,0.17911228748250968,0.5,150.65,184.81,150.65,0.4875,0.0,0.3250335652386183,0.6,0.2483894667403136,0.49994999499949994,0.44111098089769124,0.4581005586592179,high,0.8443
579970672,0,0.5835,10,0.08092855714166956,0.2159,208.34,221.0,208.34,0.6925,0.0,0.49163920419870627,0.7,0.11222621872086115,0.21582158215821584,0.6101312551271533,0.9162011173184358,medium,0.9999
4745453,0,0.4535,9,0.3331815644636016,0.5,134.65,135.22,134.65,0.6925,0.0,0.33296716709386065,0.6,0.46205595813280825,0.49994999499949994,0.3942341497714754,0.9162011173184358,medium,0.9397
238179162,0,0.6404,7,0.11594904717967686,0.5,181.06,186.99,181.06,0.5325,0.0,0.5610887342853655,0.4,0.1607933657853933,0.49994999499949994,0.5302062580569553,0.5586592178770949,medium,0.9994
330913950,0,0.5155,10,0.22211056266536391,0.0575,113.52,114.38,113.52,0.6525,0.0,0.40864152325155617,0.7,0.30802037287727785,0.0574057405740574,0.33232743466541653,0.8268156424581006,medium,0.9998
"[549749256, 1108868095]",0,0.4252,9,0.2400041582430253,0.0376,165.01,179.57,165.01,0.4875,0.0,0.29842548517026735,0.6,0.3328355849714086,0.0375037503750375,0.48318293683346997,0.4581005586592179,high,0.5642
549749257,0,0.4354,8,0.23232045059526987,0.0283,191.72,191.72,192.51,0.6525,0.0,0.31087513731233984,0.5,0.3221796587143972,0.028202820282028203,0.5614379467947965,0.8268156424581006,medium,0.9983
1047438434,0,0.4362,8,0.17598392075135985,0.0283,135.09,135.09,139.58,0.6525,0.0,0.3118515806176003,0.5,0.24405098241474735,0.028202820282028203,0.3955232626274463,0.8268156424581006,medium,0.9998
449991628,0,0.464,8,0.3299308976690631,0.2248,115.94,120.97,115.94,0.6525,0.0,0.3457829854754058,0.5,0.45754786552482923,0.22472247224722472,0.3394175553732567,0.8268156424581006,medium,0.9996
549749257,0,0.4487,8,0.3192370605971386,0.1729,12.03,12.03,13.97,0.6525,0.0,0.32710850726229707,0.5,0.4427174289092183,0.17281728172817282,0.03498183522793859,0.8268156424581006,medium,0.9741
549749264,0,0.5053,8,0.3074477472609507,0.159,114.14,123.08,114.14,0.5325,0.0,0.3961918711094837,0.5,0.4263677629288999,0.15891589158915892,0.33414391187155745,0.5586592178770949,medium,0.9966
1327959236,0,0.4516,8,0.32927798179482604,0.2295,166.95,167.41,166.95,0.6525,0.0,0.33064811424386675,0.5,0.4566423881528558,0.22942294229422944,0.4888667526075236,0.8268156424581006,medium,0.936
32065149,0,0.5001,8,0.28307048030791504,0.0082,151.08,151.08,163.92,0.6525,0.0,0.3898449896252899,0.5,0.39256085994568823,0.008100810081008101,0.44237079573420834,0.8268156424581006,medium,0.9999
1479227021,0,0.4496,8,0.32192550037232615,0.0784,108.1,115.2,108.1,0.4875,0.0,0.3282070059807153,0.5,0.4464458133434157,0.0783078307830783,0.31644790812141094,0.4581005586592179,medium,0.9631
32065149,0,0.4554,8,0.33238508333607597,0.149,35.0,35.0,35.67,0.6525,0.0,0.33528621994385455,0.5,0.4609513814688987,0.1489148914891489,0.10227938591351222,0.8268156424581006,medium,0.9961
1112878634,0,0.4773,8,0.3327820303673686,0.3167,100.73,100.73,107.18,0.6525,0.0,0.3620163554253631,0.5,0.4615018759030055,0.31663166316631663,0.29485526778389776,0.8268156424581006,medium,0.9998
32065149,0,0.4715,8,0.32509921403929304,0.1506,139.01,139.01,139.47,0.6525,0.0,0.35493714146222377,0.5,0.4508471857467434,0.15051505150515054,0.40700808625336915,0.8268156424581006,medium,0.9991
675305862,0,0.4678,8,0.3284506104514644,0.0886,167.0,175.62,167.0,0.6525,0.0,0.35042109117539366,0.5,0.4554949722924148,0.0885088508850885,0.48901324270479307,0.8268156424581006,medium,0.9928
"[1409644586, 549518612, 1157644015]",32,0.4669,8,0.32649191270553235,0.5504,123.55,127.26,123.55,0.425,0.34782608695652173,0.34932259245697544,0.5,0.4527786093466534,0.5503550355035504,0.3617133481776631,0.3184357541899442,medium,0.9988
675305861,1,0.4557,8,0.3496932569192289,0.398,114.9,122.31,114.9,0.6525,0.010869565217391304,0.33565238618332727,0.5,0.48495471811322144,0.397939793979398,0.3363705613500527,0.8268156424581006,medium,0.9948
1330414891,0,0.8701,8,0.0002136444020982417,0.542,49.47,49.47,49.77,0.6525,0.0,0.841450018308312,0.5,0.0002890918254575272,0.541954195419542,0.1446736200632837,0.8268156424581006,low,1.0
579981378,1,0.4781,9,0.3259351800172366,0.4867,5.09,5.09,10.54,0.6125,0.010869565217391304,0.3629927987306237,0.6,0.45200652082594034,0.48664866486648667,0.014649009726942457,0.7374301675977655,medium,0.9996
"[519375848, 579981379]",0,0.5231,10,0.3048799765194116,0.3273,83.67,97.87,83.67,0.425,0.0,0.4179177346515318,0.7,0.4228067248310039,0.3272327232723272,0.2448728465955701,0.3184357541899442,high,0.5581
293858828,7,0.8885,12,0.06445791252939051,0.3393,13.31,13.31,17.43,0.3275,0.07608695652173914,0.8639082143293054,0.9,0.08938438474697773,0.3392339233923392,0.03873198171803586,0.10055865921787718,low,0.5032
"[908375882, 1321519621]",0,1.0,10,0.14150369307548424,0.6727,66.23,66.23,82.68,,0.0,1.0,0.7,0.196233082478585,0.6726672667266727,0.1937771006679948,0.4581005586592179,medium,0.6177
908375883,20,0.8776,12,0.07588223217930297,0.7873,0.13,0.13,12.56,0.3275,0.21739130434782608,0.85060417429513,0.9,0.10522786985947487,0.7872787278727873,0.00011719207781553967,0.10055865921787718,low,0.7516
450613277,0,0.4136,8,0.2541709059442343,0.2653,283.23,288.33,283.23,0.6525,0.0,0.28426705724398876,0.5,0.35248232658707473,0.2652265226522652,0.8295441228172975,0.8268156424581006,high,0.999
1501435532,0,0.4365,8,0.17656284518592347,0.0833,169.2,175.57,169.2,0.6525,0.0,0.31221774685707315,0.5,0.24485384691270803,0.08320832083208321,0.4954588069846477,0.8268156424581006,medium,1.0
309055985,0,0.4243,8,0.18314730655374417,0.5,281.1,284.71,281.1,0.6525,0.0,0.29732698645184913,0.5,0.253985315468534,0.49994999499949994,0.82330364467362,0.8268156424581006,high,0.9985
450613277,0,0.4523,8,0.2399459806025584,0.5,276.0,283.12,276.0,0.6525,0.0,0.33150250213596966,0.5,0.3327549030044413,0.49994999499949994,0.8083616547521387,0.8268156424581006,high,0.9995
313379192,0,0.5012,8,0.29652005659170466,0.0974,163.72,164.77,163.72,0.4875,0.0,0.39118759917002316,0.5,0.41121301325997756,0.09730973097309731,0.4794034923239188,0.4581005586592179,medium,0.5076
"[1225326426, 902032667, 1298188812, 1104014726]",0,0.788,8,0.12865546865099167,0.2476,118.48,130.62,118.48,0.4525,0.0,0.7412425241059442,0.5,0.1784148964833227,0.24752475247524752,0.3468592523145435,0.3798882681564247,medium,0.9968
313379196,11,0.6665,7,0.19953338325881106,0.0424,120.63,127.47,120.63,0.6925,0.11956521739130435,0.5929451971194922,0.4,0.27670986890230914,0.0423042304230423,0.3531583264971287,0.9162011173184358,low,0.9962
"[447255449, 446419827]",17,0.8859,7,0.014549795367612585,0.0387,125.17,128.1,125.17,0.5625,0.18478260869565216,0.8607347735872086,0.4,0.020170765426421457,0.0386038603860386,0.36645962732919246,0.6256983240223464,low,1.0
1409302775,0,0.7115,5,0.11733362971532528,0.1745,288.27,288.27,316.47,0.4875,0.0,0.6478701330404004,0.2,0.16271353376587672,0.17441744174417442,0.8443103246220555,0.4581005586592179,medium,0.9738
140001510,0,0.4195,7,0.20668441081323574,0.1745,199.82,199.82,200.97,0.465,0.0,0.2914683266202856,0.4,0.2866270632796962,0.17441744174417442,0.5851693425524434,0.40782122905027945,high,0.9303
226319976,0,0.7653,6,0.10285529394552478,0.5445,312.19,312.99,312.19,0.4875,0.0,0.7135359453191749,0.3,0.14263467530848695,0.5444544454445445,0.9143911871557482,0.4581005586592179,high,0.9355
226319976,0,0.6971,7,0.1049479455026277,0.2337,241.36,241.36,276.23,0.4875,0.0,0.6302941535457098,0.4,0.14553680819749956,0.23362336233623363,0.7068733153638813,0.4581005586592179,medium,0.9932
226319963,0,0.3963,8,0.3760188588492544,0.1764,172.4,176.0,172.4,0.425,0.0,0.26315147076772855,0.5,0.5214636127377762,0.17631763176317633,0.504834173209891,0.3184357541899442,high,1.0
226319964,0,0.4728,7,0.31988987017176285,0.2393,105.68,105.68,154.3,0.4875,0.0,0.35652386183327234,0.4,0.44362275886266844,0.23922392239223925,0.3093577874135708,0.4581005586592179,medium,0.9678
68506258,0,0.7844,7,0.1296895633265943,0.2587,90.42,92.42,90.42,0.425,0.0,0.7368485292322714,0.4,0.1798490005787861,0.25862586258625864,0.26464900972694244,0.3184357541899442,medium,0.9723
"[68506260, 1108372166]",0,0.5412,8,0.3067771249869518,0.1242,174.52,174.52,174.8,0.5575,0.0,0.4400097644330526,0.5,0.42543772995189966,0.12411241124112411,0.5110453533341146,0.6145251396648045,medium,0.9126
"[546138912, 902062555]",0,0.5064,9,0.294366106591337,0.1827,238.12,238.12,241.7,0.4875,0.0,0.397534480654217,0.6,0.4082258704094928,0.18261826182618263,0.6973807570608226,0.4581005586592179,high,0.9999
"[732998299, 732998300]",0,0.5141,7,0.26125113115864657,0.1827,264.56,264.56,264.93,0.425,0.0,0.4069327474673502,0.4,0.3623013308004703,0.18261826182618263,0.7748447204968943,0.3184357541899442,high,1.0
450613275,0,0.451,8,0.35309876846800686,0.0865,230.26,233.49,230.26,0.6525,0.0,0.32991578176492126,0.5,0.4896775526606523,0.0864086408640864,0.674352513770069,0.8268156424581006,high,0.9305
708242302,0,0.4128,8,0.19644648412993812,0.088,108.24,111.57,108.24,0.4875,0.0,0.2832906139387282,0.5,0.2724288927137224,0.0879087908790879,0.3168580803937653,0.4581005586592179,medium,0.9993
134198193,0,0.5612,8,0.23145242822932913,0.3105,70.09,139.05,70.09,0.5325,0.0,0.4644208470645674,0.5,0.32097586716675763,0.3104310431043104,0.2050861361771944,0.5586592178770949,medium,0.9998
"[429583352, 429583354, 1214140165, 182069870]",0,0.9209,8,0.021540476692168138,0.1334,120.71,170.93,120.71,0.4875,0.0,0.9034541681923594,0.5,0.029865588303042943,0.1333133313331333,0.3533927106527598,0.4581005586592179,low,0.9786
237914537,0,1.0,5,0.011027529265283578,0.5,150.65,150.65,151.71,0.6125,0.0,1.0,0.2,0.015286013225450734,0.49994999499949994,0.44111098089769124,0.7374301675977655,low,0.9999
"[1112399032, 1409614858]",0,0.423,6,0.21864907400047992,0.0274,180.84,180.84,184.78,0.425,0.0,0.2957402660808007,0.3,0.3032199080960261,0.027302730273027303,0.5295617016289698,0.3184357541899442,medium,0.5536
"[103348969, 1112888174]",0,0.4071,7,0.367284173259328,0.1461,121.93,121.93,127.63,0.6525,0.0,0.2763334553887465,0.4,0.5093501683185803,0.14601460146014603,0.3569670690261338,0.8268156424581006,medium,0.9987
"[1112404113, 1408645397, 532504847]",0,0.5005,7,0.16064341725005676,0.1461,171.72,171.74,171.72,0.385,0.0,0.39033321127792014,0.4,0.22277645173904376,0.14601460146014603,0.5028419078870268,0.229050279329609,medium,0.718
"[879204520, 1227367185, 449991639]",0,0.5279,8,0.1501132136841951,0.0653,15.27,15.27,15.59,0.4475,0.0,0.4237763944830954,0.5,0.20817294548748577,0.0652065206520652,0.044474393530997296,0.36871508379888274,medium,0.9778
"[103348969, 489412372]",0,0.4703,8,0.2748720381533292,0.0653,125.44,131.68,125.44,0.6525,0.0,0.35347247650433294,0.5,0.3811910891232441,0.0652065206520652,0.3672506738544474,0.8268156424581006,medium,1.0
908375883,20,0.8776,12,0.07588223217930297,0.7873,0.13,0.13,12.56,0.3275,0.21739130434782608,0.85060417429513,0.9,0.10522786985947487,0.7872787278727873,0.00011719207781553967,0.10055865921787718,low,0.7516
908375888,0,1.0,10,0.11482435936438172,0.6203,81.86,81.86,83.51,0.6525,0.0,1.0,0.7,0.1592336252315677,0.6202620262026203,0.23956990507441692,0.8268156424581006,low,0.9982
908375889,0,0.8548,10,0.11482435936438172,0.6203,14.0,14.0,20.96,0.3275,0.0,0.8227755400952033,0.7,0.1592336252315677,0.6202620262026203,0.04075354506035391,0.10055865921787718,medium,0.9964
478725551,0,0.4438,8,0.3344191149988495,0.4575,142.22,154.47,142.22,0.6525,0.0,0.32112779201757596,0.5,0.46377221906405014,0.45744574457445747,0.41641275049806625,0.8268156424581006,medium,0.8534
"[1408605411, 803424580]",2,0.4254,7,0.3433328453646305,0.3745,36.38,36.38,37.23,0.425,0.021739130434782608,0.29866959599658244,0.4,0.4761339665181444,0.37443744374437443,0.10632251259814834,0.3184357541899442,medium,0.9863
478705995,4,0.4724,8,0.3178043615764713,0.2881,149.7,156.05,149.7,0.6525,0.043478260869565216,0.35603564018064193,0.5,0.4407305319822923,0.28802880288028804,0.43832766904957216,0.8268156424581006,medium,0.9981
483469230,0,0.4386,8,0.32867257833120717,0.417,138.93,141.67,138.93,0.6525,0.0,0.31478091053338214,0.5,0.4558028019843286,0.41694169416941695,0.40677370209773817,0.8268156424581006,medium,0.9366
449991616,0,0.5479,7,0.28521339674217994,0.3095,119.87,119.87,122.89,0.6075,0.0,0.4481874771146101,0.4,0.3955327012162414,0.30943094309430946,0.3509316770186335,0.7262569832402236,medium,0.9999
478525262,0,0.4431,7,0.3355733048800032,0.159,146.02,146.02,170.36,0.6525,0.0,0.3202734041254729,0.4,0.4653728736990238,0.15891589158915892,0.42754599789054254,0.8268156424581006,medium,0.9983
571448019,0,0.4474,7,0.1634566984652474,0.5,173.19,176.02,173.19,0.6525,0.0,0.32552178689124867,0.4,0.22667796888982503,0.49994999499949994,0.5071487167467478,0.8268156424581006,medium,0.9986
571448020,0,0.4541,8,0.2445722881527992,0.5,166.66,170.68,166.66,0.6525,0.0,0.33369949957280604,0.5,0.33917076294570575,0.49994999499949994,0.48801711004336096,0.8268156424581006,medium,0.943
450613275,0,0.4101,8,0.2799022328842527,0.4732,264.31,266.6,264.31,0.6525,0.0,0.2799951177834737,0.5,0.38816706824274977,0.47314731473147315,0.7741122700105473,0.8268156424581006,high,0.9999
570478919,0,0.4554,8,0.32672407307991647,0.3093,341.41,341.71,341.41,0.6525,0.0,0.33528621994385455,0.5,0.45310057420302846,0.30923092309230926,1.0,0.8268156424581006,high,1.0
65143745,0,0.4351,7,0.17975554472304833,0.2396,96.16,96.16,99.39,0.6525,0.0,0.310508971072867,0.4,0.24928154931733237,0.23952395239523955,0.28146607289347236,0.8268156424581006,medium,0.9982
"[1446049233, 264564283]",0,0.803,7,0.03705762076994604,0.5,109.62,111.02,109.62,0.425,0.0,0.7595508360795802,0.4,0.05138508781972805,0.49994999499949994,0.3209012070784015,0.3184357541899442,medium,0.984
226319974,0,0.7171,5,0.11267218354027825,0.5,258.2,260.72,258.2,0.425,0.0,0.6547052361772244,0.2,0.1562489428457837,0.49994999499949994,0.7562111801242235,0.3184357541899442,high,0.5088
294798016,0,0.4558,7,0.32804323926365486,0.1816,119.71,119.71,146.89,0.6925,0.0,0.3357744415964848,0.4,0.4549300214203189,0.18151815181518155,0.3504629087073713,0.9162011173184358,medium,0.9999
450369486,0,0.4867,7,0.17203149724869532,0.3648,196.99,200.08,196.99,0.5325,0.0,0.37348956426217506,0.4,0.2385696789462096,0.3647364736473648,0.576878003046994,0.5586592178770949,medium,0.8009
"[1409641093, 4745526]",0,0.5737,8,0.2787828873567001,0.2717,13.39,13.39,15.08,0.425,0.0,0.479677773709264,0.5,0.38661473648515093,0.27162716271627163,0.03896636587366693,0.3184357541899442,medium,0.9999
450369486,0,0.5338,8,0.3009825506745562,0.1394,103.72,109.96,103.72,0.5325,0.0,0.43097766385939223,0.5,0.41740169326306265,0.13931393139313933,0.30361537560060936,0.5586592178770949,medium,0.9996
"[1222795860, 1163050661]",0,0.7955,8,0.11468756593753522,0.5481,55.2,55.2,58.39,0.4525,0.0,0.7503966800927621,0.5,0.1590439172499859,0.5480548054805481,0.16146138521035974,0.3798882681564247,medium,0.933
"[1409643074, 237691685]",0,0.7295,8,0.16698560682020164,0.1438,96.89,96.89,97.39,0.425,0.0,0.6698401074087637,0.5,0.23157193270547444,0.14371437143714375,0.28360482831360595,0.3184357541899442,medium,0.999
237914519,0,0.536,8,0.2787154864941422,0.0607,94.9,100.79,94.9,0.5325,0.0,0.43366288294885885,0.5,0.38652126356114064,0.0606060606060606,0.27777452244228285,0.5586592178770949,medium,1.0
579970670,0,0.5224,8,0.3310794265304155,0.0502,136.4,136.4,139.43,0.5325,0.0,0.41706334675942874,0.5,0.4591406693392997,0.0501050105010501,0.39936130317590524,0.5586592178770949,medium,0.9876
"[1227181462, 20477903]",0,0.7823,10,0.184518240247338,1.0,16.49,48.99,16.49,0.6525,0.0,0.7342853655559625,0.7,0.25588655494977003,1.0,0.04804875190437125,0.8268156424581006,medium,0.5926
226319538,0,0.8255,9,0.05444446998488441,0.2033,19.77,19.77,65.71,0.5325,0.0,0.7870133040400342,0.6,0.07549753347352413,0.20322032203220325,0.05765850228524551,0.5586592178770949,low,0.9998
226319540,1,0.7481,10,0.0906052357147937,0.2033,30.28,30.28,129.89,0.585,0.010869565217391304,0.6925424142560722,0.7,0.12564603868474733,0.20322032203220325,0.08845072073127856,0.6759776536312849,low,0.9964
226319539,0,0.8076,8,0.17305040215812037,1.0,95.98,110.68,95.98,0.465,0.0,0.7651653850848285,0.5,0.23998271755666634,1.0,0.28093870854330244,0.40782122905027945,medium,0.9992
237521092,0,0.4853,7,0.17838220196492074,0.5,186.57,193.47,186.57,0.6525,0.0,0.37178078847796897,0.4,0.2473769688950823,0.49994999499949994,0.5463494667760458,0.8268156424581006,medium,0.9966
1084045294,0,0.4942,8,0.292550256715707,0.2545,86.01,93.25,86.01,0.6525,0.0,0.382643720248993,0.5,0.4057076118739577,0.2544254425442544,0.2517285831477792,0.8268156424581006,medium,0.9998
309055988,0,0.4617,7,0.3395523216015683,0.2576,266.41,275.1,266.41,0.5925,0.0,0.3429757109727817,0.4,0.4708910571989906,0.2575257525752575,0.7802648540958631,0.6927374301675979,high,0.9998
309055989,0,0.7153,6,0.15990633324273615,0.1987,317.12,317.12,350.22,0.425,0.0,0.6525082387403882,0.3,0.22175424824207374,0.1986198619861986,0.9288351107465135,0.3184357541899442,high,0.9942
294798016,0,0.4678,8,0.19585733876041014,0.2515,227.48,233.98,227.48,0.6925,0.0,0.35042109117539366,0.5,0.2716118536096665,0.2514251425142514,0.666207664361889,0.9162011173184358,medium,0.9853
"[620654337, 882902027]",0,0.6287,8,0.20899643417305622,0.3732,102.26,109.2,102.26,0.6925,0.0,0.5468082509459296,0.5,0.28983342556677927,0.3731373137313731,0.2993378647603422,0.9162011173184358,medium,0.9453
"[976883489, 882902028]",4,0.4872,7,0.3054784519660369,0.377,76.84,76.84,82.59,,0.043478260869565216,0.37409984132796287,0.4,0.4236367030808575,0.37693769376937697,0.22486229930856672,0.4581005586592179,medium,0.9992
"[1083461288, 1409641092]",3,0.5065,8,0.2937881634876778,0.0355,151.22,151.22,152.09,0.545,0.03260869565217391,0.39765653606737456,0.5,0.4074243668417276,0.035403540354035395,0.4427809680065627,0.5865921787709498,medium,0.9977
908405488,0,0.4378,8,0.19202941325007783,0.1522,208.4,213.15,208.4,0.6125,0.0,0.31380446722812155,0.5,0.26630320655730894,0.15211521152115212,0.6103070432438766,0.7374301675977655,medium,0.9594
"[1408524835, 1408524837]",0,0.5474,8,0.07448362473243057,0.1299,204.91,204.99,204.91,0.3225,0.0,0.4475772000488222,0.5,0.10328825183916499,0.12981298129812982,0.6000820344544707,0.08938547486033527,high,0.7932
237914518,0,0.5155,8,0.2912624588562311,0.0092,148.81,149.99,148.81,0.5325,0.0,0.40864152325155617,0.5,0.40392166690395076,0.009100910091009102,0.43572014531817643,0.5586592178770949,medium,0.9943
449991628,0,0.9115,8,0.0018642388390381378,0.2525,80.05,80.05,111.67,0.6525,0.0,0.8919809593555474,0.5,0.0025781706668945516,0.2524252425242524,0.23426696355326374,0.8268156424581006,low,1.0
544248640,0,0.5801,8,0.18935677911445378,0.0836,117.2,117.93,117.2,0.385,0.0,0.48748932015134866,0.5,0.26259674171419367,0.0835083508350835,0.3431091058244462,0.229050279329609,medium,0.9986
1408925538,0,0.4361,8,0.3306804872515127,0.0235,112.81,112.81,122.84,0.4875,0.0,0.31172952520444275,0.5,0.45858741201459463,0.023402340234023402,0.33024727528419073,0.4581005586592179,medium,0.9425
293858820,15,0.5598,9,0.27946341748228404,0.3214,4.68,4.68,8.91,0.6925,0.16304347826086957,0.46271207128036124,0.6,0.38755850987767654,0.3213321332133214,0.013447790929333174,0.9162011173184358,low,0.9981
908570510,0,0.5653,8,0.25998282161289904,0.2408,27.61,27.61,99.18,0.4475,0.0,0.4694251190040279,0.5,0.3605424126309981,0.24072407240724072,0.08062814953709128,0.36871508379888274,medium,0.9998
"[1409641096, 116315045]",0,0.4492,7,0.3901676320581903,0.129,5.72,5.72,10.95,0.425,0.0,0.3277187843280849,0.4,0.5410854269521213,0.12891289128912892,0.016494784952537207,0.3184357541899442,medium,0.9997
908570511,0,0.4979,8,0.3162806310501919,0.0504,123.27,123.27,130.34,0.4475,0.0,0.3871597705358233,0.5,0.4386173906619905,0.0503050305030503,0.36089300363295435,0.36871508379888274,medium,0.8668
1080039480,0,0.5088,8,0.2562543428170278,0.0846,101.17,106.1,101.17,0.4475,0.0,0.40046381056999886,0.5,0.35537168035941813,0.0845084508450845,0.2961443806398687,0.36871508379888274,medium,0.9982
1408524840,0,0.4438,8,0.17816783062147606,0.2179,125.02,129.67,125.02,0.6075,0.0,0.32112779201757596,0.5,0.24707967423837704,0.21782178217821785,0.3660201570373842,0.7262569832402236,medium,1.0
449991616,0,0.4186,7,0.21916764295534308,0.2487,133.74,133.74,140.81,0.6075,0.0,0.2903698279018675,0.4,0.3039390703540815,0.24862486248624863,0.3915680300011719,0.7262569832402236,medium,0.9998
"[1408524841, 1408524842]",0,0.492,7,0.059936097211033344,0.2487,171.64,178.55,171.64,0.3225,0.0,0.37995850115952645,0.4,0.08311343681543922,0.24862486248624863,0.5026075237313956,0.08938547486033527,medium,0.6869
1479227021,0,0.4784,7,0.3296362673553402,0.0713,110.96,121.01,110.96,0.4875,0.0,0.36335896497009634,0.4,0.45713926605175736,0.0712071207120712,0.324827141685222,0.4581005586592179,medium,0.9916
330913954,7,0.6642,9,0.22164663435644652,0.4868,159.87,161.97,159.87,0.5325,0.07608695652173914,0.590137922616868,0.6,0.30737698740830993,0.48674867486748674,0.4681237548341731,0.5586592178770949,medium,0.9983
1479227021,4,0.6626,7,0.16777057310488308,0.3482,67.1,71.3,67.1,0.4875,0.043478260869565216,0.5881850360063469,0.4,0.23266054034481495,0.34813481348134817,0.19632602836048277,0.4581005586592179,medium,0.9571
"[8380852, 1408672893]",1,0.6553,8,0.07266827168565962,0.3592,149.26,149.26,149.4,0.425,0.010869565217391304,0.579274990845844,0.5,0.10077068231626894,0.35913591359135916,0.4370385561936012,0.3184357541899442,medium,0.9999
"[309896347, 1409297988]",0,0.7095,6,0.18254669163031836,0.1024,111.91,111.91,116.56,0.485,0.0,0.645429024777249,0.3,0.2531523701475657,0.10231023102310231,0.32761045353334106,0.45251396648044695,medium,0.9828
"[1408925539, 237910181]",0,0.4615,8,0.33264473536073125,0.0235,0.09,0.09,7.4,0.385,0.0,0.34273160014646653,0.5,0.46131147232009323,0.023402340234023402,0.0,0.229050279329609,medium,0.9999
307933391,0,0.4528,7,0.3270257460862669,0.0296,113.44,113.44,128.5,0.6525,0.0,0.3321127792017576,0.4,0.4535189406293383,0.029502950295029504,0.3320930505097855,0.8268156424581006,medium,0.9999
"[1393168907, 1157643604, 545718427]",0,0.7737,8,0.24053986340328196,0.2167,26.24,26.24,30.55,0.3225,0.0,0.7237886000244111,0.5,0.33357851207703093,0.21662166216621664,0.07661432087190904,0.08938547486033527,medium,0.9989
601810762,1,0.5371,9,0.15064209205234477,0.4173,8.24,8.24,13.93,0.425,0.010869565217391304,0.43500549249359216,0.6,0.20890640505522162,0.4172417241724172,0.023877885854916205,0.3184357541899442,medium,0.9997
894715951,0,0.5194,9,0.30584959210158574,0.283,106.62,115.2,106.62,0.6525,0.0,0.41340168436470154,0.6,0.42415140797291323,0.2829282928292829,0.312111801242236,0.8268156424581006,medium,0.9999
237910181,0,0.4612,8,0.3276653684502649,0.029,144.18,144.18,147.6,0.385,0.0,0.34236543390699375,0.5,0.4544059822836481,0.028902890289028906,0.42215516231102773,0.229050279329609,high,0.9827
237910183,23,0.5935,8,0.23058825782495979,0.22,72.85,75.48,72.85,,0.25,0.5038447455144636,0.5,0.31977741759988204,0.21992199219921993,0.2131723895464666,0.4581005586592179,medium,0.5574
"[237790226, 1409641098]",0,0.4673,8,0.3223391160545278,0.1361,117.34,120.62,117.34,0.425,0.0,0.3498108141096057,0.5,0.44701942421076457,0.13601360136013602,0.3435192780968006,0.3184357541899442,high,0.6621
237790229,0,0.4768,8,0.2830344595094296,0.06,174.89,179.83,174.89,0.6525,0.0,0.3614060783595753,0.5,0.3925109055499752,0.0599059905990599,0.5121293800539082,0.8268156424581006,medium,0.9987
1112883658,0,0.4023,7,0.3446143368966038,0.273,186.43,186.43,186.48,0.4475,0.0,0.27047479555718296,0.4,0.4779111657414492,0.27292729272927296,0.5459392945036915,0.36871508379888274,high,0.9999
1408524845,0,0.444,8,0.1862755201810281,0.3115,223.92,231.74,223.92,0.6525,0.0,0.3213719028438911,0.5,0.25832358746646106,0.3114311431143114,0.6557775694363059,0.8268156424581006,medium,0.8581
483469230,1,0.405,7,0.1922876484971268,0.0365,169.29,179.01,169.29,0.6525,0.010869565217391304,0.2737702917124375,0.4,0.26666133259172653,0.0364036403640364,0.4957224891597327,0.8268156424581006,medium,1.0
"[1408524846, 1408524847]",0,0.5826,8,0.027295992002820076,0.2698,99.0,107.32,99.0,0.3225,0.0,0.49054070548028805,0.5,0.03784745715242883,0.2697269726972697,0.28978671041837567,0.08938547486033527,medium,0.9999
238179175,4,1.0,8,0.25868524386408287,0.4782,88.77,90.9,88.77,0.6525,0.043478260869565216,1.0,0.5,0.35874290470617964,0.47814781478147816,0.2598148365170514,0.8268156424581006,low,0.9986
238179183,13,0.7718,7,0.23547217937832174,0.5284,179.33,180.06,179.33,0.3225,0.14130434782608695,0.7214695471744172,0.4,0.3265505420215089,0.5283528352835284,0.5251377006914332,0.08938547486033527,medium,0.8825
60344581,0,0.4915,8,0.1943282241179738,0.1384,160.7,160.7,162.58,0.4875,0.0,0.37934822409373853,0.5,0.26949124548461917,0.13831383138313832,0.47055549044884554,0.4581005586592179,medium,0.9765
790657052,0,0.7404,8,0.05292212761692142,0.6195,145.16,145.16,153.11,,0.0,0.683144147442939,0.5,0.07338631728017032,0.6194619461946195,0.4250263682175084,0.4581005586592179,medium,0.9999
284834967,0,0.4752,8,0.1499000088122292,0.0221,143.95,150.67,143.95,0.6525,0.0,0.35945319174905405,0.5,0.2078772685177916,0.022002200220022004,0.42148130786358834,0.8268156424581006,medium,0.9994
1112886305,0,0.4172,8,0.21209334125026555,0.1524,29.13,31.43,29.13,0.4875,0.0,0.2886610521176614,0.5,0.2941282809871569,0.15231523152315232,0.08508144849408178,0.4581005586592179,medium,0.9999
"[449991642, 1226855075]",0,0.984,9,0.00013201295003649748,0.191,211.42,211.42,218.31,,0.0,0.9804711338947882,0.6,0.00017588362268619817,0.19091909190919093,0.6191550451189498,0.4581005586592179,medium,0.9552
1354683580,0,0.7138,8,0.11259137778940978,0.0046,138.69,138.69,142.46,0.4075,0.0,0.6506774075430245,0.5,0.1561368797426738,0.0045004500450045,0.4060705496308449,0.27932960893854747,medium,0.9998
1409641107,0,0.4246,8,0.22579266943598614,0.0294,179.24,179.24,184.17,,0.0,0.29769315269132185,0.5,0.3131267954556609,0.029302930293029304,0.5248740185163482,0.4581005586592179,medium,0.5763
238324883,0,0.4446,8,0.3269657355208432,0.1745,12.06,12.06,13.59,0.4075,0.0,0.3221042353228366,0.5,0.45343571672375627,0.17441744174417442,0.03506972928630024,0.27932960893854747,medium,0.9994
1112404106,0,0.6445,8,0.14262876062258026,0.0984,94.98,99.01,94.98,0.4475,0.0,0.5660930062248261,0.5,0.1977933496524036,0.09830983098309831,0.27800890659791394,0.36871508379888274,medium,0.9992
86301093,0,0.3909,7,0.3484903431911647,0.1944,91.16,92.57,91.16,,0.0,0.2565604784572196,0.4,0.48328649222964765,0.19431943194319432,0.26681706316652987,0.4581005586592179,medium,0.8895
238324885,0,0.4029,8,0.3413393470767929,0.1944,7.87,7.87,8.39,0.4075,0.0,0.27120712803612834,0.5,0.4733693414539827,0.19431943194319432,0.02279385913512246,0.27932960893854747,medium,0.9973
1185662990,0,0.3585,8,0.3805400886181272,0.3163,144.68,144.68,150.18,0.4475,0.0,0.21701452459416573,0.5,0.5277337486170594,0.3162316231623163,0.423620063283722,0.36871508379888274,high,0.9999
"[238324874, 1408687438]",6,0.4338,8,0.3191401052610074,0.0343,127.42,130.61,127.42,0.385,0.06521739130434782,0.3089222507018186,0.5,0.44258296922394647,0.0342034203420342,0.3730516817063166,0.229050279329609,high,0.5812
238324880,0,0.4678,7,0.31410871390669526,0.2212,60.05,61.28,60.05,0.4475,0.0,0.35042109117539366,0.4,0.4356053306021313,0.22112211221122113,0.17567092464549391,0.36871508379888274,medium,0.9983
237517571,0,1.0,8,9.780851275685165e-05,0.3312,62.84,62.91,62.84,0.425,0.0,1.0,0.5,0.00012844819463201523,0.33113311331133116,0.18384507207312784,0.3184357541899442,low,0.9993
571448021,0,0.7793,8,5.187904127452385e-06,0.1746,97.68,107.38,97.68,0.6075,0.0,0.7306237031612351,0.5,0.0,0.17451745174517452,0.2859193718504629,0.7262569832402236,low,0.9989
313395786,0,0.4449,7,0.3353165290671336,0.0471,101.21,101.21,101.68,0.425,0.0,0.3224704015623093,0.4,0.4650167716384096,0.047004700470047005,0.2962615727176842,0.3184357541899442,medium,0.8976
1227317193,0,0.4958,7,0.32965990124521655,0.0471,69.71,69.71,73.55,0.6525,0.0,0.38459660685951425,0.4,0.45717204202388356,0.047004700470047005,0.20397281143794674,0.8268156424581006,medium,0.9936
"[1409643076, 531724278]",0,0.4665,7,0.3165845556542339,0.0092,30.13,30.13,32.37,0.425,0.0,0.3488343708043452,0.4,0.4390388796510086,0.009100910091009102,0.08801125043947028,0.3184357541899442,medium,1.0
237566136,0,0.5291,7,0.26244357993182416,0.0092,61.37,66.86,61.37,0.425,0.0,0.4252410594409862,0.4,0.36395504366602366,0.009100910091009102,0.17953826321340674,0.3184357541899442,medium,1.0
526132002,0,0.4731,8,0.30608817035535063,0.1089,135.99,135.99,137.79,0.425,0.0,0.356890028072745,0.5,0.424482273278465,0.10881088108810881,0.398160084378296,0.3184357541899442,high,0.7877
237566142,0,0.4427,8,0.3300911250044034,0.0695,2.7,2.7,11.48,0.425,0.0,0.31978518247284266,0.5,0.4577700721401789,0.06940694069406941,0.007646783077463963,0.3184357541899442,medium,1.0
550092214,0,0.4654,8,0.34022833690896676,0.0695,15.71,17.28,15.71,0.465,0.0,0.3474917612596118,0.5,0.47182856934735473,0.06940694069406941,0.04576350638696824,0.40782122905027945,medium,1.0
237566142,0,0.418,7,0.36948279671999623,0.0175,150.95,153.35,150.95,0.425,0.0,0.289637495422922,0.4,0.5123992652569132,0.017401740174017404,0.4419899214813078,0.3184357541899442,high,0.9872
651543579,0,0.5247,8,0.2973184536974057,0.0261,113.33,122.46,113.33,0.6125,0.0,0.41987062126205305,0.5,0.41232024704244025,0.026002600260026005,0.3317707722957927,0.7374301675977655,medium,0.9999
1409641086,0,0.4786,8,0.17639402086473427,0.5453,122.0,122.0,129.24,0.6525,0.0,0.3636030757964116,0.5,0.24461971781781625,0.5452545254525453,0.357172155162311,0.8268156424581006,medium,0.9999
"[1409643077, 1409643078]",0,0.4324,7,0.33342951244957214,0.0399,24.21,24.32,24.21,0.425,0.0,0.30721347491761264,0.4,0.4623998175786903,0.0398039803980398,0.07066682292277042,0.3184357541899442,medium,0.9999
263405128,0,0.7024,5,0.20826992852319534,0.0399,88.22,92.46,88.22,0.6525,0.0,0.6367630904430612,0.2,0.2888258923568866,0.0398039803980398,0.25820344544708773,0.8268156424581006,low,0.9965
449991621,4,0.3895,8,0.41864650234245965,0.2382,130.25,131.84,130.25,0.6525,0.043478260869565216,0.25485170267301355,0.5,0.5805805191060787,0.23812381238123811,0.381343021211766,0.8268156424581006,medium,0.9264
905546719,28,0.5607,8,0.1537645129421564,0.0001,201.99,201.99,202.01,0.425,0.30434782608695654,0.46381056999877945,0.5,0.2132366435638281,0.0,0.5915270127739364,0.3184357541899442,medium,0.9997
905546718,0,0.551,8,0.20130179714903423,0.2947,21.91,22.33,21.91,0.5725,0.0,0.4519711949224949,0.5,0.2791623422224774,0.29462946294629466,0.06392827844837688,0.6480446927374303,medium,0.9088
"[1225777280, 1409641109, 1225777278, 1409641111]",0,0.4305,8,0.312997163334579,0.2382,25.15,25.15,26.3,0.345,0.0,0.3048944220676187,0.5,0.4340638090515463,0.23812381238123811,0.07342083675143558,0.13966480446927373,medium,0.9442
4745963,0,0.4346,7,0.19772602499444786,0.0856,242.6,242.6,245.75,,0.0,0.3098986940070792,0.4,0.27420338671064476,0.0855085508550855,0.710506269776163,0.4581005586592179,high,0.979
237645175,0,0.4157,8,0.21773451837713145,0.2947,123.75,123.75,127.92,0.425,0.0,0.2868302209202978,0.5,0.3019515832550643,0.29462946294629466,0.3622993085667408,0.3184357541899442,high,0.5895
552422733,0,0.4494,8,0.32539249410411875,0.035,20.71,21.01,20.71,0.4875,0.0,0.32796289515440014,0.5,0.4512539126664417,0.0349034903490349,0.06041251611391069,0.4581005586592179,medium,0.9999
"[1409641105, 1225776662]",0,0.4289,8,0.3376878915143777,0.041,22.49,22.49,23.02,0.425,0.0,0.3029415354570975,0.5,0.46830542661135893,0.0409040904090409,0.0656275635767022,0.3184357541899442,medium,0.9997
86301093,0,0.4301,8,0.3213644388084604,0.1748,103.55,103.55,109.86,,0.0,0.3044062004149884,0.5,0.44566772144764405,0.17471747174717472,0.3031173092698933,0.4581005586592179,medium,0.8802
"[1083818630, 1409641103]",0,0.4186,8,0.19973406667526128,0.0305,98.73,106.19,98.73,0.425,0.0,0.2903698279018675,0.5,0.27698818085595606,0.030403040304030404,0.28899566389312076,0.3184357541899442,medium,0.998
295281481,0,0.413,8,0.1909984424901835,0.009,5.29,5.29,7.25,0.385,0.0,0.28353472476504327,0.5,0.2648734347733996,0.0089008900890089,0.015234970116020156,0.229050279329609,medium,0.9999
1083818630,0,0.3998,8,0.19352168787831353,0.009,39.11,39.11,40.43,0.425,0.0,0.2674234102282436,0.5,0.2683727241811782,0.0089008900890089,0.11432087190905892,0.3184357541899442,medium,1.0
908375872,5,0.3976,7,0.2312634358100873,0.009,112.44,112.44,114.75,0.425,0.05434782608695652,0.264738191138777,0.4,0.32071376853223144,0.0089008900890089,0.329163248564397,0.3184357541899442,medium,0.9988
43811853,0,0.2875,6,0.5796293137852495,0.3163,91.21,91.21,97.22,,0.0,0.1303551812522885,0.3,0.8038348444944023,0.3162316231623163,0.2669635532637993,0.4581005586592179,high,1.0
"[1409641100, 1409641102]",0,0.4201,7,0.33499998986716123,0.2035,54.05,55.42,54.05,0.425,0.0,0.292200659099231,0.4,0.4645777884642718,0.20342034203420342,0.15809211297316297,0.3184357541899442,medium,0.9838
294085186,5,0.868,12,0.1290674352182852,0.3868,159.93,161.61,159.93,0.3275,0.05434782608695652,0.838886854632003,0.9,0.17898622032367162,0.3867386738673867,0.4682995429508965,0.10055865921787718,medium,0.9543
524963566,0,0.875,12,0.12332919191418601,0.6978,10.67,10.67,17.2,0.3275,0.0,0.8474307335530331,0.9,0.17102830465373686,0.6977697769776977,0.030997304582210238,0.10055865921787718,medium,0.9997
526213092,0,1.0,10,0.38638515430819276,0.6553,101.76,101.76,105.3,0.425,0.0,1.0,0.7,0.5358398078030723,0.6552655265526552,0.29787296378764794,0.3184357541899442,medium,0.9459
237645185,0,0.4474,8,0.3275348000885525,0.4339,1.8,1.8,4.89,0.425,0.0,0.32552178689124867,0.5,0.4542249073524185,0.43384338433843384,0.00500996132661432,0.3184357541899442,medium,0.9974
524963567,0,0.4406,8,0.3300249989874547,0.2885,99.56,102.03,99.56,0.425,0.0,0.31722201879653367,0.5,0.4576783671986874,0.28842884288428844,0.29142739950779323,0.3184357541899442,high,0.8697
237645179,0,0.4933,8,0.2903471558197549,0.6035,25.3,25.3,25.98,0.425,0.0,0.38154522153057485,0.5,0.4026523055348521,0.6034603460346035,0.07386030704324387,0.3184357541899442,medium,0.9859
"[1409644592, 237645189, 803424599]",0,0.4967,8,0.31033793670685095,0.1597,142.0,147.13,142.0,0.425,0.0,0.3856951055779323,0.5,0.43037593802042645,0.15961596159615962,0.4157681940700808,0.3184357541899442,high,0.8908
"[620654185, 1092589334]",4,0.4698,8,0.3182603518580132,0.3165,26.86,26.86,27.81,0.545,0.043478260869565216,0.35286219943854513,0.5,0.4413629088290928,0.31643164316431643,0.07843079807804991,0.5865921787709498,medium,0.9998
1370026144,0,0.7391,8,0.1489386755750169,0.0002,140.17,145.99,140.17,0.6525,0.0,0.6815574270718906,0.5,0.20654407150487025,0.00010001000100010001,0.41040665651001984,0.8268156424581006,low,0.7298
"[237566138, 294798014]",0,0.6377,7,0.20627065639338873,0.4371,21.64,21.64,32.8,0.425,0.0,0.5577932381301112,0.4,0.2860532600080829,0.43704370437043705,0.06313723192312198,0.3184357541899442,medium,0.9979
526132001,0,0.4835,8,0.3100053875483895,0.1089,26.48,26.48,28.1,0.425,0.0,0.3695837910411326,0.5,0.42991475190145284,0.10881088108810881,0.07731747333880229,0.3184357541899442,medium,0.9999
237566140,0,0.5167,8,0.22595634321380254,0.1887,115.74,121.75,115.74,0.465,0.0,0.41010618820944716,0.5,0.3133537816694229,0.18861886188618862,0.338831594984179,0.40782122905027945,medium,0.997
550092215,0,0.4972,8,0.29877727795072306,0.1018,81.9,81.9,87.71,0.425,0.0,0.3863053826437202,0.5,0.4143433749876882,0.10171017101710171,0.2396870971522325,0.3184357541899442,medium,0.9927
237912796,0,0.4707,8,0.2403698647883769,0.0349,132.89,132.89,133.16,0.425,0.0,0.3539606981569633,0.5,0.33334275444708633,0.0348034803480348,0.3890776983475916,0.3184357541899442,medium,0.9277
454019112,0,0.5201,7,0.19428918523880467,0.6011,92.04,98.06,92.04,0.6525,0.0,0.4142560722568046,0.4,0.26943710555157474,0.601060106010601,0.2693952888784718,0.8268156424581006,medium,0.9994
1409641087,0,0.4756,8,0.16996345420392428,0.5453,125.78,126.28,125.78,0.425,0.0,0.3599414134016844,0.5,0.23570167365610162,0.5452545254525453,0.3682468065158795,0.3184357541899442,high,0.5589
237912794,0,0.7157,6,0.11169764273067206,0.213,110.0,110.0,116.55,0.6525,0.0,0.6529964603930184,0.3,0.15489742929559738,0.21292129212921293,0.32201453181764905,0.8268156424581006,low,0.9866
"[1409641084, 1409641085]",0,0.4385,7,0.2153302585436975,0.2658,5.87,5.87,12.42,0.425,0.0,0.3146588551202246,0.4,0.2986173054998128,0.26572657265726574,0.01693425524434548,0.3184357541899442,medium,0.9999
"[237923125, 237529478]",0,0.7301,8,0.14075275864379624,0.1576,5.05,5.05,7.64,0.4075,0.0,0.670572439887709,0.5,0.19519167092380577,0.15751575157515751,0.014531817649126916,0.27932960893854747,low,0.6879
237923126,0,0.6305,7,0.23126467719270186,0.1576,7.82,7.82,10.23,0.6525,0.0,0.5490052483827658,0.4,0.32071549010757033,0.15751575157515751,0.02264736903785304,0.8268156424581006,low,0.9978
"[1409614857, 237659850]",0,0.4331,8,0.2512953499763152,0.1255,113.67,115.87,113.67,0.425,0.0,0.30806786280971554,0.5,0.3484944455084647,0.12541254125412543,0.33276690495722483,0.3184357541899442,medium,0.8624
1409614855,0,0.4915,8,0.3314466177038363,0.0928,112.81,112.81,115.68,0.4475,0.0,0.37934822409373853,0.5,0.45964989772819353,0.0927092709270927,0.33024727528419073,0.36871508379888274,medium,0.826
237529479,0,0.4496,8,0.3387009697456358,0.1255,9.44,9.44,9.93,0.4475,0.0,0.3282070059807153,0.5,0.4697103846628307,0.12541254125412543,0.02739364818938239,0.36871508379888274,medium,0.9999
552124695,0,0.5011,8,0.3178859132865094,0.2682,104.8,104.8,114.1,0.6525,0.0,0.39106554375686564,0.5,0.4408436295971596,0.26812681268126815,0.3067795617016289,0.8268156424581006,medium,0.9999
237529479,0,0.4389,8,0.17855390106038982,0.0537,124.24,124.24,129.54,0.4475,0.0,0.31514707677285486,0.5,0.24761508478699137,0.0536053605360536,0.36373491151998116,0.36871508379888274,medium,0.9971
449991620,0,0.4834,8,0.14523637251209573,0.0411,66.64,66.64,109.87,0.6525,0.0,0.3694617356279751,0.5,0.20140964028648314,0.041004100410040996,0.1949783194656041,0.8268156424581006,medium,0.6482
243591204,0,0.4102,8,0.1978286827362878,0.0397,15.19,15.19,15.65,0.4475,0.0,0.28011717319663126,0.5,0.2743457546112607,0.0396039603960396,0.04424000937536622,0.36871508379888274,medium,0.9998
449991637,0,0.4362,8,0.20280438228899023,0.2053,0.62,0.62,6.02,0.6125,0.0,0.3118515806176003,0.5,0.281246158679358,0.20522052205220523,0.0015527950310559005,0.7374301675977655,medium,0.8053
243591204,0,0.424,8,0.18050267782422455,0.156,128.49,128.49,131.47,0.4475,0.0,0.2969608202123764,0.5,0.25031768910755875,0.15591559155915594,0.3761865697878823,0.36871508379888274,medium,0.9751
1112893304,0,0.4595,8,0.14858491002410287,0.2504,149.57,149.57,152.23,,0.0,0.34029049188331506,0.5,0.20605346204969247,0.25032503250325033,0.43794679479667165,0.4581005586592179,medium,0.9881
243591201,0,0.3691,8,0.4209866820528192,0.1031,18.61,20.63,18.61,0.6075,0.0,0.22995239838886852,0.5,0.5838259292081965,0.103010301030103,0.05425993202859486,0.7262569832402236,medium,1.0
243591204,0,0.4503,8,0.16506812099093165,0.0932,10.46,10.46,12.32,0.4475,0.0,0.3290613938728182,0.5,0.22891272330654136,0.0931093109310931,0.030382046173678658,0.36871508379888274,medium,0.9983
"[1409614856, 1409614854]",0,0.5883,8,0.25402001265537294,0.1255,7.47,7.47,7.85,0.425,0.0,0.4974978640302698,0.5,0.3522730646223442,0.12541254125412543,0.021621938356967064,0.3184357541899442,medium,0.9976
"[237923111, 545902693, 1436366175]",0,0.673,8,0.10013851374022364,0.0128,34.94,34.94,35.52,0.4475,0.0,0.6008787989747346,0.5,0.13886698777385592,0.012701270127012703,0.1021035977967889,0.36871508379888274,low,0.7048
237529477,0,0.6227,8,0.20336475833054118,0.2005,95.12,103.12,95.12,0.6525,0.0,0.5394849261564751,0.5,0.2820232998784648,0.20042004200420044,0.27841907887026834,0.8268156424581006,medium,0.9031
237795732,0,0.5588,8,0.19145890989415468,0.4673,129.82,129.82,133.84,0.4475,0.0,0.4614915171487855,0.5,0.26551202058709955,0.46724672467246725,0.38008320637524895,0.36871508379888274,medium,0.9326
237529475,0,0.4495,8,0.1877429542386943,0.0537,2.81,2.81,6.9,0.6525,0.0,0.3280849505675577,0.5,0.2603586556682147,0.0536053605360536,0.007969061291456697,0.8268156424581006,low,0.9136
403600282,0,0.4334,8,0.18163225889897777,0.0301,0.38,0.38,8.83,0.4475,0.0,0.3084340290491884,0.5,0.25188421573580727,0.030003000300030003,0.0008496425641626626,0.36871508379888274,medium,0.9974
450610285,0,0.4166,8,0.33885249638651527,0.1089,120.35,124.94,120.35,0.5675,0.0,0.287928719638716,0.5,0.46992052497336895,0.10881088108810881,0.35233798195241994,0.6368715083798884,medium,0.9751
591631503,0,0.4001,8,0.35054214116566024,0.262,125.16,125.16,130.62,0.4475,0.0,0.26778957646771634,0.5,0.4861319685169836,0.2619261926192619,0.36643032930973857,0.36871508379888274,high,0.9928
237529489,0,0.4605,7,0.3057543686649959,0.262,217.1,217.1,222.94,0.73,0.0,0.3415110460148908,0.4,0.42401935012209985,0.2619261926192619,0.6357963201687564,1.0,medium,0.9647
591631503,0,0.4511,8,0.19318619651292349,0.2504,136.11,136.11,143.68,0.4475,0.0,0.33003783717807883,0.5,0.26790745774818153,0.25032503250325033,0.3985116606117426,0.36871508379888274,medium,0.872
34609520,0,0.4669,7,0.3033273895687547,0.0673,98.81,101.59,98.81,,0.0,0.34932259245697544,0.4,0.42065356481864563,0.0672067206720672,0.28923004804875185,0.4581005586592179,medium,0.9989
34609521,0,0.4494,7,0.33485464807200516,0.2305,80.29,80.29,123.41,0.6925,0.0,0.32796289515440014,0.4,0.4643762254269668,0.23042304230423044,0.23497011602015702,0.9162011173184358,medium,0.9995
"[881640722, 246638751]",0,0.4632,7,0.32651528989920053,0.0592,48.35,48.35,51.91,0.6075,0.0,0.3448065421701452,0.4,0.4528110293271165,0.0591059105910591,0.14139224188444857,0.7262569832402236,medium,0.9977
"[246638757, 729397991, 1223891464, 729397994, 1216280203, 548391756]",0,0.4652,8,0.3172896468407278,0.0675,196.22,196.22,202.06,0.73,0.0,0.3472476504332967,0.5,0.44001671483581584,0.0674067406740674,0.5746220555490448,1.0,medium,0.9979
"[1408640352, 246638755]",0,0.7689,7,0.0741731318871224,1.0,22.29,22.29,189.42,0.425,0.0,0.7179299401928476,0.4,0.10285765387596685,1.0,0.0650416031876245,0.3184357541899442,medium,0.976
4745952,0,0.5593,7,0.13311795317847994,0.043,115.66,115.66,237.51,0.6925,0.0,0.4621017942145735,0.4,0.18460356323483038,0.042904290429042896,0.33859721082854793,0.9162011173184358,low,0.6602
"[237649293, 1223827918]",0,0.7517,5,0.04564740474078251,0.043,140.67,140.67,342.01,0.425,0.0,0.696936409129745,0.2,0.0632975796469816,0.042904290429042896,0.41187155748271403,0.3184357541899442,medium,0.8522
"[237649292, 601740758, 906750214]",0,0.813,6,0.06663487383564477,0.043,11.99,11.99,248.0,0.465,0.0,0.7717563773953374,0.3,0.09240344015710764,0.042904290429042896,0.03486464315012305,0.40782122905027945,low,1.0
237667612,0,0.4225,7,0.326832289084046,0.0781,91.2,97.46,91.2,0.6525,0.0,0.2951299890150128,0.4,0.4532506504178841,0.078007800780078,0.26693425524434544,0.8268156424581006,medium,0.9999
237667620,0,0.6653,7,0.11397284646721914,0.0733,27.98,37.82,27.98,0.6125,0.0,0.5914805321616013,0.4,0.15805272936006623,0.07320732073207321,0.08171217625688502,0.7374301675977655,low,0.9997
"[1363539842, 450145189]",0,0.5965,6,0.07343154527544708,0.3289,2.27,2.27,11.83,0.4425,0.0,0.5075064079091908,0.3,0.10182920607323093,0.3288328832883289,0.0063869682409469115,0.35754189944134085,low,0.7859
1112893304,0,0.4259,7,0.15788550259713766,0.1367,139.16,142.91,139.16,,0.0,0.2992798730623703,0.4,0.21895171809327288,0.13661366136613662,0.40744755654517745,0.4581005586592179,medium,0.999
1112893305,0,0.6855,7,0.23057948114513968,0.0867,34.62,40.04,34.62,0.6925,0.0,0.6161357256194312,0.4,0.3197652459169873,0.08660866086608661,0.10116606117426459,0.9162011173184358,low,0.9996
4744944,0,0.4834,7,0.3926521642802792,0.4183,178.06,178.06,179.78,0.425,0.0,0.3694617356279751,0.4,0.5445310281326246,0.41824182418241823,0.5214168522207898,0.3184357541899442,high,1.0
1408598863,0,0.6899,7,0.11967347919159416,0.555,148.87,150.81,148.87,0.5125,0.0,0.6215061637983644,0.4,0.16595848589245996,0.554955495549555,0.43589593343489974,0.5139664804469273,medium,0.9999
422439069,0,0.404,8,0.3498534847856982,0.3364,147.89,150.68,147.89,0.6525,0.0,0.2725497375808617,0.5,0.4851769254651518,0.3363336333633363,0.433024727528419,0.8268156424581006,medium,0.7487
449991638,0,0.4927,8,0.1708378937992009,0.5138,32.11,33.64,32.11,0.6125,0.0,0.38081288905162947,0.5,0.23691436475142205,0.5137513751375138,0.09381225829133948,0.7374301675977655,medium,0.988
237659859,0,0.652,7,0.262804426891091,0.1254,125.6,125.6,131.18,0.6925,0.0,0.5752471622116442,0.4,0.36445547376621595,0.12531253125312533,0.3677194421657095,0.9162011173184358,medium,0.9016
449991637,0,0.341,8,0.28110107487463426,0.1883,113.18,123.68,113.18,0.6125,0.0,0.1956548272915904,0.5,0.38982964735545805,0.18821882188218822,0.3313313020039845,0.7374301675977655,medium,0.9968
237655872,0,0.6295,8,0.10848505784392246,0.1336,97.65,104.94,97.65,,0.0,0.54778469425119,0.5,0.15044214947276427,0.1335133513351335,0.2858314777921012,0.4581005586592179,medium,0.9959
591637631,0,0.4438,8,0.33635269514310956,0.1336,109.92,113.86,109.92,0.5675,0.0,0.32112779201757596,0.5,0.4664537483951765,0.1335133513351335,0.321780147662018,0.6368715083798884,medium,0.9943
868722652,0,0.3813,7,0.36720804919045424,0.5,101.67,101.67,108.03,0.6525,0.0,0.24484315879409246,0.4,0.5092445978698479,0.49994999499949994,0.29760928161256295,0.8268156424581006,medium,0.969
1408598861,0,0.4857,7,0.1574162993870273,0.5,11.31,11.31,13.23,0.425,0.0,0.3722690101305993,0.4,0.21830101728115264,0.49994999499949994,0.032872377827258874,0.3184357541899442,medium,0.9999
449991621,0,0.4212,8,0.18775829674773536,0.2142,171.4,171.4,173.79,0.6525,0.0,0.29354326864396435,0.5,0.26037993298021483,0.21412141214121413,0.5019043712645025,0.8268156424581006,medium,0.9994
422439069,0,0.3685,7,0.3911175313954626,0.236,143.57,143.57,148.52,0.6525,0.0,0.22922006590992308,0.4,0.5424027671937838,0.2359235923592359,0.4203679831243407,0.8268156424581006,medium,0.8094
918438451,0,0.3546,7,0.2538152262550717,0.1058,200.11,200.11,201.62,0.6525,0.0,0.21225436348102042,0.4,0.3519890625649928,0.10571057105710571,0.5860189851166061,0.8268156424581006,medium,0.9479
237795736,0,0.3942,8,0.19360989988201927,0.1434,106.05,106.05,192.91,0.6525,0.0,0.2605883070914195,0.5,0.26849505843041865,0.14331433143314332,0.3104418141333645,0.8268156424581006,medium,0.9999
1352761260,0,0.5481,8,0.15187467004829663,0.1434,65.28,65.28,164.43,0.6525,0.0,0.44843158794092525,0.5,0.2106157699651053,0.14331433143314332,0.19099378881987575,0.8268156424581006,low,0.555
848503522,0,0.4904,7,0.3292326759055683,0.2144,107.91,110.02,107.91,0.6525,0.0,0.3780056145490052,0.4,0.4565795569993202,0.21432143214321434,0.3158912457517871,0.8268156424581006,medium,0.9999
848503523,0,0.4802,7,0.3015923589280699,0.203,112.98,112.98,126.79,0.6525,0.0,0.3655559624069327,0.4,0.41824738808621964,0.20292029202920295,0.33074534161490676,0.8268156424581006,medium,0.9999
237659851,0,0.4829,9,0.17052712653830993,0.5,117.98,123.28,117.98,0.425,0.0,0.36885145856218726,0.6,0.23648338622296192,0.49994999499949994,0.34539435134184926,0.3184357541899442,high,0.5031
1409614871,0,0.4425,8,0.188761703035851,0.5,153.28,153.28,155.56,0.6525,0.0,0.31954107164652756,0.5,0.2617714777789169,0.49994999499949994,0.448816360014063,0.8268156424581006,medium,0.9977
1352761260,0,0.4066,8,0.19215080572387744,0.1646,54.78,54.78,98.15,0.6525,0.0,0.2757231783229586,0.5,0.2664715561755226,0.1645164516451645,0.1602308683932966,0.8268156424581006,medium,0.989
"[1409614869, 1409614870]",0,0.4579,8,0.13950412277403576,0.4081,39.05,39.42,39.05,0.425,0.0,0.33833760527279383,0.5,0.19346003661912034,0.40804080408040805,0.11414508379233561,0.3184357541899442,medium,1.0
"[532436408, 1409614863]",0,0.4071,8,0.201651986588503,0.4325,8.98,8.98,11.97,0.425,0.0,0.2763334553887465,0.5,0.27964799225160797,0.43244324432443243,0.02604593929450369,0.3184357541899442,medium,0.9999
1409614862,0,0.3793,7,0.23819181065960515,0.0563,105.15,113.26,105.15,0.4875,0.0,0.24240205053094108,0.4,0.33032218348786313,0.056205620562056205,0.3078049923825149,0.4581005586592179,medium,0.9988
532436407,0,1.0,8,0.2664278360858405,0.0119,99.99,99.99,101.52,0.425,0.0,1.0,0.5,0.3694804933203509,0.011801180118011803,0.2926872143443103,0.3184357541899442,medium,0.7321
552124698,0,0.6805,8,0.27171179323700634,0.1255,38.66,44.65,38.66,0.6925,0.0,0.6100329549615525,0.5,0.376808395464634,0.12541254125412543,0.1130024610336341,0.9162011173184358,low,0.9892
243716768,0,0.4181,7,0.3653417319245723,0.0072,96.05,96.05,102.53,0.6125,0.0,0.2897595508360796,0.4,0.506656350103389,0.0071007100710071,0.2811437946794796,0.7374301675977655,medium,0.9999
243716770,0,0.3999,8,0.35051957305111464,0.2316,8.81,8.81,12.37,0.4875,0.0,0.26754546564140114,0.5,0.48610067058434714,0.23152315231523155,0.025547872963787646,0.4581005586592179,medium,0.9998
"[237960945, 243716771, 1408645398]",0,0.5272,7,0.21252242772353536,0.1769,60.82,60.82,61.02,0.495,0.0,0.4229220065909923,0.4,0.2947233470707005,0.17681768176817683,0.17792687214344308,0.4748603351955308,medium,0.9995
237960949,0,0.4965,7,0.13703758877310893,0.4317,0.92,0.92,5.15,0.4475,0.0,0.3854509947516172,0.4,0.19003939574765702,0.4316431643164316,0.002431735614672448,0.36871508379888274,medium,0.9957
"[295124089, 450140252]",0,0.7278,7,0.05300725497341684,0.0488,96.52,106.83,96.52,0.4425,0.0,0.6677651653850848,0.4,0.0735043736762299,0.048704870487048704,0.2825208015938122,0.35754189944134085,medium,0.6561
1112404106,0,0.8004,8,0.12756550688762178,0.3778,64.79,65.72,64.79,0.4475,0.0,0.7563773953374833,0.5,0.17690331474363682,0.37773777377737777,0.1895581858666354,0.36871508379888274,medium,0.9054
237506930,0,0.3886,8,0.19940363724509746,0.0932,69.05,69.05,111.27,0.6075,0.0,0.2537532039545954,0.5,0.27652993442046075,0.0931093109310931,0.20203914215399035,0.7262569832402236,medium,0.9995
237506950,0,0.6537,8,0.2633787062564416,0.0693,16.76,26.49,16.76,0.6925,0.0,0.5773221042353228,0.5,0.3652518963851695,0.0692069206920692,0.04883979842962616,0.9162011173184358,low,0.9983
237655875,0,0.4051,7,0.21592538051995178,0.0778,72.86,72.86,132.84,0.6125,0.0,0.273892347125595,0.4,0.2994426330869113,0.0777077707770777,0.2132016875659205,0.7374301675977655,medium,0.9984
591636792,0,0.4109,7,0.3698298079372275,0.113,112.6,112.6,116.39,0.4475,0.0,0.2809715610887343,0.4,0.5128805076610606,0.11291129112911291,0.32963201687565913,0.36871508379888274,high,0.7434
4751998,0,0.362,8,0.4291193407557264,0.0806,99.57,103.42,99.57,0.5325,0.0,0.2212864640546808,0.5,0.5951044701658209,0.08050805080508051,0.29145669752724707,0.5586592178770949,high,0.6484
86301093,0,0.4238,8,0.31525965825342694,0.0147,169.09,169.09,169.12,,0.0,0.29671670938606126,0.5,0.4372014842621784,0.014601460146014602,0.495136528770655,0.4581005586592179,high,0.9007
4746923,0,0.4174,8,0.18280290561394455,0.0734,61.71,61.71,102.9,0.6075,0.0,0.28890516294397656,0.5,0.25350769305165005,0.07330733073307331,0.18053439587483883,0.7262569832402236,medium,0.9958
86301093,19,0.4366,8,0.3286689267525198,0.0734,170.59,170.59,173.45,,0.20652173913043478,0.31233980227023067,0.5,0.45579773789873373,0.07330733073307331,0.49953123168873775,0.4581005586592179,medium,0.9907
237522635,0,0.8715,7,0.04920860600069857,0.0031,10.25,33.16,10.25,0.655,0.0,0.843158794092518,0.4,0.06823632793774029,0.0030003000300030005,0.029766787765147074,0.8324022346368716,low,1.0
237522639,0,0.7939,7,0.10107837263463793,0.0049,41.6,41.6,59.48,0.385,0.0,0.748443793482241,0.4,0.14017040371964615,0.0048004800480048,0.12161607875307627,0.229050279329609,low,0.9259
4751998,0,0.4203,8,0.30275525624925875,0.0838,137.6,144.18,137.6,0.5325,0.0,0.2924447699255462,0.5,0.4198601183809081,0.0837083708370837,0.4028770655103714,0.5586592178770949,medium,0.9133
238866888,0,0.4314,8,0.25435556110860985,0.0838,25.54,25.54,25.78,0.385,0.0,0.3059929207860369,0.5,0.3527384102259593,0.0837083708370837,0.0745634595101371,0.229050279329609,medium,0.9999
903019486,0,0.3689,8,0.21295896574651169,0.0827,101.33,101.33,131.01,0.5675,0.0,0.2297082875625534,0.5,0.29532874711901913,0.0826082608260826,0.29661314895113083,0.6368715083798884,medium,0.9999
"[1408687436, 903019487]",2,0.413,8,0.1904388233334532,0.0184,5.85,5.85,6.62,0.385,0.021739130434782608,0.28353472476504327,0.5,0.26409734323797124,0.018301830183018303,0.01687565920543771,0.229050279329609,medium,0.9999
"[1112801401, 1408687439]",17,0.441,7,0.21236991517124945,0.1304,18.09,18.09,18.2,0.385,0.18478260869565216,0.3177102404491639,0.4,0.29451183947763093,0.13031303130313032,0.05273643501699284,0.229050279329609,medium,0.9822
1408525899,28,0.5411,8,0.06588827585575521,0.0343,100.94,107.03,100.94,0.3225,0.30434782608695654,0.4398877090198951,0.5,0.0913680424842588,0.0342034203420342,0.2954705261924293,0.08938547486033527,medium,0.8993
129169442,0,0.4453,7,0.19274295273382164,0.0874,111.54,116.48,111.54,,0.0,0.3229586232149395,0.4,0.2672927580172036,0.08730873087308731,0.3265264268135474,0.4581005586592179,medium,0.9999
"[1408548657, 889215507, 450139789]",0,0.6085,6,0.0623529502259133,0.213,74.96,74.96,146.85,0.4425,0.0,0.5221530574880997,0.3,0.08646517905775628,0.21292129212921293,0.2193542716512363,0.35754189944134085,medium,0.954
4746243,0,0.4161,8,0.20416697316730134,0.2142,145.9,147.56,145.9,0.6525,0.0,0.28731844257292816,0.5,0.28313582817010197,0.21412141214121413,0.4271944216570959,0.8268156424581006,medium,0.9999
493086069,0,0.3929,8,0.19707995477226928,0.0639,172.86,183.17,172.86,0.6125,0.0,0.25900158672037105,0.5,0.27330740303193246,0.0638063806380638,0.5061818821047697,0.7374301675977655,medium,0.9982
"[237960944, 542841016]",0,0.4764,7,0.30090362218177313,0.1641,1.06,1.06,7.16,0.6125,0.0,0.3609178567069449,0.4,0.4172922335806762,0.164016401640164,0.002841907887026837,0.7374301675977655,medium,0.846
"[1409636114, 553586755, 237960950]",0,0.5449,7,0.17500112394685655,0.0893,38.82,39.35,38.82,0.425,0.0,0.4445258147198829,0.4,0.24268801927839312,0.0892089208920892,0.11347122934489626,0.3184357541899442,medium,0.9976
1007205016,0,0.8517,9,0.0135138767708435,0.5,48.74,48.74,49.66,0.385,0.0,0.8189918222873185,0.6,0.018734131878987786,0.49994999499949994,0.1425348646431501,0.229050279329609,medium,0.6951
1007205017,0,1.0,8,0.0135138767708435,0.5,64.47,64.47,66.64,0.385,0.0,1.0,0.5,0.018734131878987786,0.49994999499949994,0.18862064924411107,0.229050279329609,low,0.9677
1408579952,0,1.0,8,0.009637890972967352,0.5,71.99,71.99,73.31,,0.0,1.0,0.5,0.013358833816019839,0.49994999499949994,0.2106527598734325,0.4581005586592179,low,0.9992
68506257,4,0.7104,7,0.2003604261144251,0.7743,56.19,56.19,59.02,0.425,0.043478260869565216,0.6465275234956671,0.4,0.27785682920908056,0.7742774277427743,0.16436188913629435,0.3184357541899442,medium,0.9998
"[1408604729, 307933383]",28,0.4297,8,0.3565819046847191,0.186,46.16,46.16,46.17,0.425,0.30434782608695654,0.30391797876235815,0.5,0.49450803871893617,0.18591859185918594,0.13497597562404778,0.3184357541899442,medium,0.9991
1370026143,0,0.7238,7,0.1669391409821342,0.0034,180.55,180.55,248.14,0.425,0.0,0.6628829488587819,0.4,0.23150749291070147,0.0033003300330033004,0.5287120590648071,0.3184357541899442,medium,0.9999
518532065,0,0.55,8,0.14768117879755008,0.3252,104.62,109.94,104.62,0.425,0.0,0.45075064079091914,0.5,0.20480014870829819,0.32513251325132514,0.306252197351459,0.3184357541899442,medium,0.9994
546578348,0,0.4262,8,0.1771343435560274,0.2585,227.16,232.23,227.16,0.5325,0.0,0.2996460393018431,0.5,0.2456464127893664,0.25842584258425844,0.6652701277393647,0.5586592178770949,high,0.9612
68506248,0,0.4574,8,0.28052700110734297,0.1221,102.65,108.06,102.65,0.425,0.0,0.3377273282070059,0.5,0.38903350986418744,0.122012201220122,0.30048048751904366,0.3184357541899442,medium,0.9149
550090167,0,0.4094,7,0.19473589180351084,0.0133,12.82,12.82,16.13,0.425,0.0,0.2791407298913707,0.4,0.2700566075459566,0.013201320132013201,0.037296378764795496,0.3184357541899442,medium,0.9995
68506248,0,0.4362,8,0.2001691704774733,0.0552,259.22,266.55,259.22,0.425,0.0,0.3118515806176003,0.5,0.2775915918969619,0.0551055105510551,0.7591995781085199,0.3184357541899442,high,0.9999
263405142,0,0.426,8,0.3789386638718422,0.0632,227.34,232.31,227.34,0.6525,0.0,0.2994019284755279,0.5,0.5255128593296394,0.0631063106310631,0.6657974920895346,0.8268156424581006,high,0.9764
518534108,0,0.4442,8,0.27265753044606755,0.4953,175.05,215.66,175.05,0.6525,0.0,0.3216160136702062,0.5,0.37811996357995814,0.49524952495249525,0.5125981483651705,0.8268156424581006,medium,0.6574
518534109,0,0.5161,7,0.21400554301470365,0.3794,123.27,306.59,123.27,0.425,0.0,0.40937385573050167,0.4,0.29678016233461185,0.3793379337933794,0.36089300363295435,0.3184357541899442,medium,0.9326
237912795,0,0.6715,6,0.1227471160636552,0.3794,180.02,282.93,180.02,0.6525,0.0,0.5990479677773709,0.3,0.1702210697062886,0.3793379337933794,0.5271592640337512,0.8268156424581006,medium,0.9923
238179170,0,0.7489,8,0.14552912355586983,0.058,131.68,131.68,133.88,0.425,0.0,0.6935188575613329,0.5,0.20181563354873736,0.057905790579057904,0.3855326379936716,0.3184357541899442,medium,0.9996
1408555555,0,0.5407,7,0.30896144395732605,0.058,74.72,74.72,74.78,0.5625,0.0,0.4393994873672647,0.4,0.42846698912431214,0.057905790579057904,0.2186511191843431,0.6256983240223464,medium,0.9993
"[238179176, 1408555557]",0,0.5799,7,0.23304375352877715,0.29,118.0,118.0,124.84,0.5625,0.0,0.48724520932503357,0.4,0.3231827503303549,0.2899289928992899,0.345452947380757,0.6256983240223464,medium,0.9999
"[1166331434, 1223353347, 1408555556, 265867645]",0,0.7533,7,0.14836483212756146,0.0486,112.7,118.74,112.7,0.6525,0.0,0.698889295740266,0.4,0.20574825342595876,0.0485048504850485,0.329924997070198,0.8268156424581006,low,0.9886
"[476908429, 651533775]",0,0.507,7,0.29426213265140333,0.29,161.47,161.47,168.58,0.6525,0.0,0.3982668131331625,0.4,0.4080816771778688,0.2899289928992899,0.4728114379467947,0.8268156424581006,medium,0.9986
489437008,0,0.583,5,0.23688725250758658,0.4621,185.72,185.72,197.48,0.5625,0.0,0.4910289271329183,0.2,0.32851299499408254,0.4620462046204621,0.5438591351224656,0.6256983240223464,medium,0.9929
4746940,0,0.7228,4,0.1709900682779479,0.2637,42.85,120.3,42.85,0.6525,0.0,0.6616623947272061,0.1,0.2371254034970465,0.2636263626362636,0.12527833118481188,0.8268156424581006,low,1.0
226319966,0,0.7546,6,0.13260075695867266,0.1641,94.93,165.68,94.93,0.425,0.0,0.7004760161113146,0.3,0.18388630471442308,0.164016401640164,0.2778624165006445,0.3184357541899442,medium,0.9435
"[552862146, 895250500]",0,0.7036,5,0.2493565593133068,0.7267,21.46,21.46,21.48,0.6525,0.0,0.638227755400952,0.2,0.34580569012110496,0.7266726672667266,0.06260986757295206,0.8268156424581006,low,0.9687
263405131,0,0.7449,5,0.15467090246083343,0.1093,100.49,100.49,111.35,0.6525,0.0,0.68863664103503,0.2,0.21449364348026453,0.1092109210921092,0.2941521153170045,0.8268156424581006,low,0.9989
"[651533776, 1408524829]",0,0.6853,7,0.035403311754454325,0.082,44.88,44.88,46.4,0.3225,0.0,0.6158916147931162,0.4,0.04909085752316824,0.0819081908190819,0.13122582913395053,0.08938547486033527,medium,0.9053
"[544614096, 1409296657]",0,0.8141,6,0.12501596833614428,0.106,183.24,183.24,192.23,0.425,0.0,0.7730989869400708,0.3,0.17336756142773757,0.1059105910591059,0.5365932262979022,0.3184357541899442,medium,0.9996
4753802,0,0.4563,8,0.33654125214467223,0.0116,146.72,146.72,169.31,0.5325,0.0,0.3363847186622726,0.5,0.4667152431833706,0.0115011501150115,0.42959685925231444,0.5586592178770949,medium,0.8746
518534108,0,0.5038,8,0.3002798591084527,0.0116,81.3,81.3,133.52,0.6525,0.0,0.3943610399121202,0.5,0.4164271859219341,0.0115011501150115,0.23792921598499936,0.8268156424581006,medium,0.9967
269871711,0,0.4526,7,0.3441753663006579,0.46,228.21,236.69,228.21,0.6925,0.0,0.3318686683754425,0.4,0.47730239215012676,0.45994599459945995,0.6683464197820227,0.9162011173184358,high,0.9759
454019112,0,0.3774,8,0.3118856679679251,0.0432,239.73,249.85,239.73,0.6525,0.0,0.24008299768094715,0.5,0.4325223640610496,0.043104310431043104,0.702097738192898,0.8268156424581006,high,0.96
263405142,0,0.5455,8,0.29324038912550904,0.0021,142.42,148.51,142.42,0.6525,0.0,0.4452581471988283,0.5,0.40666470191480175,0.002000200020002,0.4169987108871439,0.8268156424581006,medium,0.9999
"[915744533, 1206073030]",0,0.5355,8,0.3017682983673243,0.0396,33.6,33.6,33.91,0.425,0.0,0.43305260588307093,0.5,0.4184913845754591,0.039503950395039504,0.09817766318996833,0.3184357541899442,medium,1.0
651543579,0,0.4305,8,0.3086105536255193,0.0175,122.05,122.05,127.82,0.6125,0.0,0.3048944220676187,0.5,0.42798036708304754,0.017401740174017404,0.3573186452595804,0.7374301675977655,medium,0.9997
"[1409641088, 651543581]",0,0.4242,8,0.24355887388622188,0.2102,3.32,3.32,8.93,0.425,0.0,0.29720493103869156,0.5,0.33776533887343435,0.21012101210121012,0.009463260283604827,0.3184357541899442,medium,1.0
"[1409296659, 446416743]",0,0.6892,6,0.10853580865758475,0.2533,119.14,119.14,123.82,0.425,0.0,0.6206517759062615,0.3,0.1505125317611933,0.25322532253225327,0.3487929215984999,0.3184357541899442,medium,0.999
237566139,0,0.3845,7,0.22495854830648138,0.1962,0.92,0.92,6.71,0.425,0.0,0.24874893201513487,0.4,0.31197001885081255,0.19611961196119615,0.002431735614672448,0.3184357541899442,medium,1.0
"[1409302776, 1409302777, 544301150]",0,0.5508,8,0.16611551129618676,0.1962,120.47,125.29,120.47,0.465,0.0,0.4517270840961796,0.5,0.23036526605891525,0.19611961196119615,0.35268955818586656,0.40782122905027945,medium,0.9998
237566140,0,0.4252,8,0.36913096982971183,0.0035,183.79,183.79,190.6,0.465,0.0,0.29842548517026735,0.5,0.5119113443767896,0.0034003400340034007,0.5382046173678658,0.40782122905027945,high,0.9987
269871711,0,0.4066,8,0.41387770292120896,0.1119,140.39,140.39,144.77,0.6925,0.0,0.2757231783229586,0.5,0.5739670484618422,0.11181118111811181,0.4110512129380053,0.9162011173184358,medium,0.9797
902150219,0,0.5055,8,0.3193715527458477,0.0751,121.45,126.3,121.45,0.425,0.0,0.3964359819357988,0.5,0.4429039454302119,0.075007500750075,0.3555607640923473,0.3184357541899442,medium,0.6931
902150220,0,0.6617,8,0.0018169652707878733,0.0751,103.32,103.32,108.3,0.3225,0.0,0.5870865372879287,0.5,0.0025126106950328205,0.075007500750075,0.30244345482245394,0.08938547486033527,medium,0.9997
237566137,0,0.4248,7,0.19854039028762774,0.2533,9.01,9.01,12.56,0.425,0.0,0.297937263517637,0.4,0.27533276550903374,0.25322532253225327,0.026133833352865343,0.3184357541899442,medium,0.9999
"[237566141, 544614095]",0,0.8166,6,0.0615898408510686,0.2533,14.57,14.57,111.84,0.425,0.0,0.7761503722690102,0.3,0.0854068830375069,0.25322532253225327,0.042423532169225356,0.3184357541899442,low,0.9992
251684608,0,0.3901,8,0.21520647641165147,0.2621,127.19,127.19,131.63,0.465,0.0,0.255584035151959,0.5,0.29844564185362976,0.26202620262026205,0.37237782725887725,0.40782122905027945,medium,0.7155
"[1408936324, 1408936325]",0,0.3959,8,0.19500502402489533,0.2661,104.41,110.16,104.41,0.425,0.0,0.2626632491150982,0.5,0.27042984573198997,0.26602660266026606,0.30563693894292737,0.3184357541899442,medium,0.9074
251684604,0,0.5306,8,0.16616754734833547,0.4996,161.66,161.66,162.17,0.425,0.0,0.42707189063834977,0.5,0.23043743074292228,0.49954995499549953,0.4733681003164185,0.3184357541899442,high,0.8232
1408936326,0,0.4367,8,0.26827047690265815,0.2456,163.09,169.72,163.09,0.5325,0.0,0.31246185768338824,0.5,0.3720359060927127,0.24552455245524554,0.47755771709832406,0.5586592178770949,high,0.5799
"[238179161, 1408936331]",0,0.6612,7,0.19860555870559812,0.152,2.37,2.37,5.69,0.425,0.0,0.5864762602221408,0.4,0.27542314243226057,0.15191519151915192,0.006679948435485761,0.3184357541899442,medium,0.6973
"[1408524832, 1408524831]",0,0.8305,8,0.29240747306430626,0.0661,34.36,34.36,38.03,0.3225,0.0,0.7931160746979129,0.5,0.4055095965238451,0.06600660066006601,0.10040431266846359,0.08938547486033527,medium,0.9975
"[237519389, 1408936333]",0,0.538,7,0.13059153307555038,0.2107,2.33,2.33,4.91,0.385,0.0,0.4361039912120103,0.4,0.18109987106625694,0.21062106210621062,0.006562756357670221,0.229050279329609,medium,0.99
237519391,15,0.6653,9,0.16175399126142295,0.2302,93.53,93.53,112.31,0.6525,0.16304347826086957,0.5914805321616013,0.6,0.22431661897478294,0.2301230123012301,0.2737606937771006,0.8268156424581006,low,0.991
294798016,0,0.4612,8,0.33273198234223395,0.1828,170.98,180.05,170.98,0.6925,0.0,0.34236543390699375,0.5,0.46143246825638595,0.18271827182718273,0.5006738544474393,0.9162011173184358,medium,0.9915
1370026144,0,0.4749,7,0.3361642463563413,0.1987,198.23,198.23,251.04,0.6525,0.0,0.3590870255095814,0.4,0.46619240368151965,0.1986198619861986,0.5805109574592756,0.8268156424581006,medium,0.8386
"[450137744, 1408524833]",0,0.5371,8,0.03573701221010967,0.3296,97.94,105.07,97.94,0.2825,0.0,0.43500549249359216,0.5,0.04955364028513775,0.32953295329532956,0.28668112035626386,0.0,medium,0.9975
1408524834,0,0.8121,8,0.05343534283829335,0.5,116.38,124.0,116.38,0.6525,0.0,0.7706578786769194,0.5,0.0740980548687956,0.49994999499949994,0.3407066682292276,0.8268156424581006,low,0.9632
1511153990,0,0.4447,8,0.34458229983222116,0.3415,268.46,275.54,268.46,0.6525,0.0,0.3222262907359941,0.5,0.47786673607139896,0.3414341434143415,0.7862709480839094,0.8268156424581006,high,0.9999
1511153991,0,0.5549,8,0.1725928176434923,0.5,207.44,215.55,207.44,0.6525,0.0,0.45673135603564013,0.5,0.23934812979412287,0.49994999499949994,0.6074944333763037,0.8268156424581006,medium,0.9881
"[1108365352, 4747009]",0,0.5938,7,0.25406393899894314,0.6931,91.54,91.54,98.88,0.465,0.0,0.5042109117539363,0.4,0.35233398259310544,0.6930693069306931,0.26793038790577756,0.40782122905027945,medium,0.9789
"[237725944, 1218655149]",0,0.8131,4,0.08659426706768333,0.4602,71.02,71.02,95.16,0.515,0.0,0.7718784328084951,0.1,0.12008354358704819,0.46014601460146015,0.20781085198640567,0.5195530726256984,low,0.9961
1408604728,1,0.7899,7,0.1459880093482469,0.7743,60.34,60.34,60.62,0.425,0.010869565217391304,0.743561576955938,0.4,0.20245202595044315,0.7742774277427743,0.17652056720965661,0.3184357541899442,medium,0.9974
"[1408524848, 579981381]",0,0.5353,8,0.1250945389676402,0.4741,41.53,41.53,42.98,0.3225,0.0,0.4328084950567558,0.5,0.17347652482061623,0.4740474047404741,0.12141099261689907,0.08938547486033527,medium,0.9995
803424578,0,0.4726,7,0.31417534955966453,0.058,21.85,21.85,23.89,0.425,0.0,0.3562797510069572,0.4,0.435697742317501,0.057905790579057904,0.06375249033165357,0.3184357541899442,medium,1.0
483469232,31,0.75,7,0.24035936549791184,0.2489,51.65,51.65,51.75,0.3225,0.33695652173913043,0.6948614671060661,0.4,0.33332819381176865,0.24882488248824886,0.1510605883042306,0.08938547486033527,low,0.9544
545084610,43,1.0,8,0.24035936549791184,0.2489,36.11,39.8,36.11,0.425,0.4673913043478261,1.0,0.5,0.33332819381176865,0.24882488248824886,0.10553146607289345,0.3184357541899442,low,1.0
237645196,0,0.4545,8,0.31413201032737387,0.2579,26.82,27.17,26.82,0.4075,0.0,0.3341877212254364,0.5,0.43563763856492527,0.25782578257825783,0.07831360600023438,0.27932960893854747,medium,0.9968
"[1408604731, 579981380]",0,0.5244,8,0.22232603649768584,0.0473,59.65,59.65,86.44,0.425,0.0,0.41950445502258027,0.5,0.30831919648858597,0.047204720472047206,0.17449900386733852,0.3184357541899442,medium,1.0
"[20475905, 545937947, 1447821758]",0,1.0,6,0.11636363000575627,0.3446,28.4,28.4,57.33,0.425,0.0,1.0,0.3,0.1613683179080728,0.34453445344534456,0.08294269307394818,0.3184357541899442,low,0.9998
"[237910179, 1218655150]",0,0.76,5,0.1297638187675786,0.0852,204.65,209.85,204.65,0.425,0.0,0.7070670084218236,0.2,0.17995197957533104,0.0851085108510851,0.5993202859486698,0.3184357541899442,medium,0.9999
308861420,0,0.8445,8,0.029820742013759418,0.0935,116.81,120.99,116.81,0.425,0.0,0.8102038325399732,0.5,0.0413488332025467,0.09340934093409341,0.3419664830657447,0.3184357541899442,medium,0.6321
1080039482,3,0.7004,8,0.2756458846639152,0.0902,93.41,101.62,93.41,0.5275,0.03260869565217391,0.6343219821799098,0.5,0.3822642756276082,0.09010901090109011,0.273409117543654,0.547486033519553,medium,0.993
1157644013,0,1.0,8,0.0013528463887632514,0.8805,70.85,70.85,72.81,0.425,0.0,1.0,0.5,0.001868960935299228,0.8804880488048804,0.2073127856556896,0.3184357541899442,low,0.7702
545084605,0,0.7392,7,0.0013528463887632514,0.9234,39.0,39.0,41.99,0.4025,0.0,0.6816794824850482,0.4,0.001868960935299228,0.9233923392339234,0.11399859369506618,0.2681564245810057,medium,0.9811
"[1433116796, 237517573]",0,0.6735,7,0.1546380918665599,0.0419,83.7,83.7,86.17,0.6525,0.0,0.6014890760405224,0.4,0.21444814106280471,0.0418041804180418,0.24496074065393175,0.8268156424581006,low,0.9883
404402525,0,0.6975,9,0.2664278360858405,0.0119,64.64,64.64,67.49,0.6925,0.0,0.63078237519834,0.6,0.3694804933203509,0.011801180118011803,0.1891187155748271,0.9162011173184358,low,0.9479
545901477,0,0.4588,9,0.16074688595578585,0.0928,110.54,114.71,110.54,0.6525,0.0,0.339436103991212,0.6,0.22291994430131995,0.0927092709270927,0.3235966248681589,0.8268156424581006,medium,0.9993
1389749366,0,0.6625,6,0.26728924514249663,0.1621,86.98,86.98,88.21,,0.0,0.5880629805931893,0.3,0.37067511339254106,0.16201620162016203,0.254570491034806,0.4581005586592179,medium,0.9983
49303587,0,0.6504,6,0.11193579641683997,0.1621,83.72,87.15,83.72,0.535,0.0,0.5732942756011229,0.3,0.15522770580193765,0.16201620162016203,0.2450193366928395,0.564245810055866,low,0.5605
237960948,0,0.9076,8,0.0059537739078221056,0.3544,94.13,95.23,94.13,0.425,0.0,0.887220798242402,0.5,0.008249623319202846,0.35433543354335434,0.2755185749443337,0.3184357541899442,low,0.8102
570380997,0,0.9133,7,0.01413840029478825,0.5,71.41,71.48,71.41,0.4425,0.0,0.8941779567923838,0.4,0.019600234146539334,0.49994999499949994,0.20895347474510717,0.35754189944134085,low,0.9778
4753802,0,0.4511,7,0.5398055119035571,0.6642,126.77,143.62,126.77,0.5325,0.0,0.33003783717807883,0.4,0.748606364237334,0.6641664166416642,0.37114731044181404,0.5586592178770949,high,1.0
237912795,0,0.6944,6,0.22009324440225603,0.75,3.21,202.7,3.21,0.6525,0.0,0.6269986573904553,0.3,0.3052227137738788,0.7499749974997499,0.009140982069612093,0.8268156424581006,low,0.9852
4753802,0,0.5318,8,0.2814400112718528,0.0045,138.76,144.34,138.76,0.5325,0.0,0.42853655559624076,0.5,0.39029969143055154,0.0044004400440044,0.4062756357670221,0.5586592178770949,medium,0.9991
263405142,0,0.4761,7,0.15551032608937654,0.0045,180.64,188.37,180.64,0.6525,0.0,0.3605516904674722,0.4,0.21565777370153358,0.0044004400440044,0.5289757412398921,0.8268156424581006,medium,0.9999
294798017,0,0.4109,8,0.2741759392648365,0.0601,126.84,130.35,126.84,0.5325,0.0,0.2809715610887343,0.5,0.3802257246451288,0.060006000600060005,0.3713523965779913,0.5586592178770949,medium,0.9902
546578350,0,0.4111,7,0.2384700968587059,0.2585,262.44,266.07,262.44,0.5325,0.0,0.2812156719150494,0.4,0.3307081166013943,0.25842584258425844,0.7686335403726707,0.5586592178770949,high,0.9997
31029327,0,0.4697,7,0.2915122375632551,0.0452,22.1,22.1,22.63,,0.0,0.35274014402538756,0.4,0.4042680652320284,0.0451045104510451,0.0644849408180007,0.4581005586592179,medium,0.9994
"[237645155, 544617971]",0,0.7308,6,0.18045694123852868,0.0882,108.47,112.7,108.47,0.425,0.0,0.6714268277798121,0.3,0.2502542606552067,0.0881088108810881,0.3175319348412047,0.3184357541899442,medium,0.9955
309896346,0,0.5982,7,0.3115427150861185,0.0812,126.97,126.97,134.22,0.4875,0.0,0.5095813499328695,0.4,0.43204674984123637,0.0811081108110811,0.37173327083089175,0.4581005586592179,medium,0.999
"[1409297987, 544614092]",0,0.7384,6,0.14820340196185958,0.1853,17.72,17.72,186.55,0.425,0.0,0.6807030391797876,0.3,0.20552437870033996,0.1852185218521852,0.051652408297199096,0.3184357541899442,low,0.9275
"[237725945, 1218655148]",0,0.7108,5,0.20049684833210968,1.0,133.07,133.07,150.58,0.385,0.0,0.6470157451482973,0.2,0.27804602239004306,1.0,0.3896050626977615,0.229050279329609,medium,0.5418
251684607,0,0.7167,5,0.15574703022463057,0.0793,171.46,171.46,274.06,0.425,0.0,0.6542170145245941,0.2,0.21598603994038945,0.0792079207920792,0.5020801593812257,0.3184357541899442,medium,0.9999
263405142,0,0.5179,7,0.29827759145351923,0.1118,148.55,148.55,153.57,0.6525,0.0,0.41157085316733805,0.4,0.41365039931631636,0.11171117111711171,0.43495839681237547,0.8268156424581006,medium,0.9999
"[309904224, 1409296658]",0,0.7065,6,0.10626358022482084,0.2534,121.14,125.43,121.14,0.425,0.0,0.6417673623825217,0.3,0.14736135791015673,0.25332533253325334,0.35465252548927684,0.3184357541899442,medium,0.9985
237566142,0,0.6811,7,0.1164339619093731,0.1277,129.94,130.92,129.94,0.425,0.0,0.6107652874404981,0.4,0.16146585566104485,0.12761276127612764,0.38043478260869557,0.3184357541899442,medium,0.9997
313395781,0,0.3211,7,0.35445588478851126,0.5453,169.71,169.71,174.65,0.73,0.0,0.17136580007323324,0.4,0.4915596299202818,0.5452545254525453,0.4969530059767959,1.0,high,0.7886
294798016,0,0.7417,7,0.1529740879624316,0.0518,103.39,103.39,124.35,0.6925,0.0,0.6847308678139876,0.4,0.21214046569218462,0.0517051705170517,0.30264854095863114,0.9162011173184358,low,0.9983
"[1108374859, 68506235]",0,0.9372,7,0.014631717528452642,0.5,4.23,4.23,7.13,0.5175,0.0,0.9233492005370438,0.4,0.020284376790198642,0.49994999499949994,0.012129380053908356,0.5251396648044693,low,1.0
"[1408936329, 68506255]",0,0.6006,8,0.3084129881883469,0.0213,143.22,147.3,143.22,0.425,0.0,0.5125106798486513,0.5,0.42770637920818894,0.0212021202120212,0.41934255244345475,0.3184357541899442,medium,0.9094
"[293858823, 294798015]",0,0.7282,7,0.17157234518380632,0.055,59.77,59.77,106.77,0.4525,0.0,0.6682533870377151,0.4,0.23793291727222254,0.0549054905490549,0.17485058010078516,0.3798882681564247,medium,0.6927
263405142,0,0.4395,8,0.2567503323974298,0.0089,122.41,128.1,122.41,0.6525,0.0,0.31587940925180036,0.5,0.35605952906935096,0.008800880088008802,0.35837337395992025,0.8268156424581006,medium,0.9999
269871711,0,0.5057,8,0.33719705748820783,0.0035,172.33,180.61,172.33,0.6925,0.0,0.3966800927621141,0.5,0.4676247277317202,0.0034003400340034007,0.5046290870737138,0.9162011173184358,medium,0.9996
237912795,0,0.7566,6,0.08579930515775291,0.1818,161.61,169.5,161.61,0.6525,0.0,0.7029171243744661,0.3,0.11898107380583182,0.18171817181718172,0.47322161021914916,0.8268156424581006,low,0.904
643343575,0,0.4071,7,0.3405489147629196,0.5312,167.71,178.06,167.71,0.6925,0.0,0.2763334553887465,0.4,0.47227315341118886,0.5311531153115312,0.4910934020860189,0.9162011173184358,medium,0.5492
"[544301152, 140001510]",0,0.6315,8,0.12781925622638005,0.0601,14.88,14.88,17.35,0.465,0.0,0.5502258025143415,0.5,0.17725521962673885,0.060006000600060005,0.04333177077229579,0.40782122905027945,low,0.6809
294798017,0,0.6539,7,0.20054431707941886,0.0793,116.15,116.15,139.73,0.5325,0.0,0.5775662150616381,0.4,0.27811185304030045,0.0792079207920792,0.3400328137817883,0.5586592178770949,medium,0.9963
238179151,0,0.7795,9,0.11609130791840781,0.1306,109.09,109.09,117.65,0.2825,0.0,0.7308678139875503,0.6,0.16099065594929327,0.13051305130513052,0.31934841204734554,0.0,medium,0.9999
490731922,0,0.5245,7,0.29240747306430626,0.0661,96.78,97.23,96.78,0.5325,0.0,0.4196265104357378,0.4,0.4055095965238451,0.06600660066006601,0.28328255009961323,0.5586592178770949,medium,1.0
1218655147,0,0.6883,4,0.26093835361296336,1.0,194.31,194.31,209.39,0.385,0.0,0.6195532771878434,0.1,0.361867564367071,1.0,0.5690261338333528,0.229050279329609,high,0.9995
1017855764,0,0.6578,4,0.10372178933253988,0.2355,89.13,89.13,98.13,0.425,0.0,0.5823263761747834,0.1,0.14383634920985808,0.23542354235423543,0.26086956521739124,0.3184357541899442,medium,0.9323
1354683581,0,0.8604,7,0.025031771428227767,0.5,93.32,93.84,93.32,0.3625,0.0,0.8296106432320274,0.4,0.03470738876636631,0.49994999499949994,0.273145435368569,0.17877094972067042,medium,0.9629
"[538551234, 449991643, 532504847]",0,0.5881,8,0.08334710598521511,0.1461,3.45,3.45,9.91,0.385,0.0,0.49725375320395454,0.5,0.11558031277379276,0.14601460146014603,0.009844134536505332,0.229050279329609,medium,0.9102
"[491622344, 545715323]",0,0.7591,8,0.2540811993223078,0.0932,16.11,16.11,19.39,0.3225,0.0,0.7059685097034053,0.5,0.35235791957006735,0.0931093109310931,0.04693542716512363,0.08938547486033527,medium,0.9965
262048904,0,0.4353,8,0.2132337054299754,0.1497,2.94,2.94,10.37,0.4075,0.0,0.31075308189918227,0.5,0.29570976185058817,0.1496149614961496,0.008349935544357201,0.27932960893854747,medium,0.9999
450145197,0,0.5255,8,0.06309812387516786,0.032,13.72,13.72,15.16,0.3625,0.0,0.4208470645673135,0.5,0.08749860143913023,0.0319031903190319,0.03993320051564514,0.17877094972067042,medium,0.9857
553586756,0,0.4525,8,0.3382934998977128,0.3749,80.2,83.37,80.2,0.6125,0.0,0.3317466129622849,0.5,0.4691452969668287,0.37483748374837483,0.23470643384507203,0.7374301675977655,medium,0.9992
"[570088936, 1409636113, 145565058]",0,0.4184,7,0.2519085947228403,0.6817,5.21,5.21,8.9,0.465,0.0,0.2901257170755523,0.4,0.34934490613190866,0.6816681668166816,0.015000585960389076,0.40782122905027945,medium,0.9996
293858828,7,0.8885,12,0.06445791252939051,0.3393,13.31,13.31,17.43,0.3275,0.07608695652173914,0.8639082143293054,0.9,0.08938438474697773,0.3392339233923392,0.03873198171803586,0.10055865921787718,low,0.5032
525638420,0,0.8762,12,0.0987690175271819,0.4828,32.06,46.87,32.06,0.3275,0.0,0.848895398510924,0.9,0.13696774182067442,0.4827482748274828,0.09366576819407008,0.10055865921787718,medium,0.9991
908375880,0,1.0,10,0.0728559496156161,0.0034,35.28,35.28,69.47,0.3225,0.0,1.0,0.7,0.10103095798959823,0.0033003300330033004,0.103099730458221,0.08938547486033527,low,0.9802
308355199,0,0.5713,8,0.054866760016044853,0.543,84.12,84.12,107.17,0.3225,0.0,0.4767484437934823,0.5,0.07608317410919188,0.542954295429543,0.24619125747099493,0.08938547486033527,medium,0.9985
"[1409644590, 803424598]",0,0.3973,8,0.25039017637689265,0.0118,103.25,109.11,103.25,0.425,0.0,0.2643720248993043,0.5,0.34723913185424754,0.011701170117011701,0.30223836868627674,0.3184357541899442,medium,0.9675
"[450137746, 1408524838]",0,0.5885,8,0.036049076156939655,0.2527,96.04,100.93,96.04,0.3225,0.0,0.49774197485658495,0.5,0.04998641708474225,0.2526252625262526,0.28111449666002575,0.08938547486033527,medium,1.0
1408524836,0,0.5755,8,0.2849459587687325,0.3921,96.69,101.99,96.69,0.6525,0.0,0.4818747711461004,0.5,0.39516181264863526,0.39203920392039204,0.28301886792452824,0.8268156424581006,medium,0.9997
"[483469233, 1303878700, 545718431]",0,0.718,7,0.27701412272908094,0.19,2.61,2.61,15.46,0.3225,0.0,0.6558037348956426,0.4,0.384161776755036,0.18991899189918993,0.007383100902378998,0.08938547486033527,medium,0.9979
491443474,0,1.0,8,0.11696283634112511,0.19,112.33,112.33,113.3,0.385,0.0,1.0,0.5,0.1621993097697022,0.18991899189918993,0.32884097035040427,0.229050279329609,medium,0.6962
"[68506242, 1214315734]",4,0.9958,5,0.0011515349704882064,0.0045,30.29,30.29,79.1,0.585,0.043478260869565216,0.9948736726473819,0.2,0.0015897780556044358,0.0044004400440044,0.08848001875073244,0.6759776536312849,low,1.0
"[140001504, 545937948]",0,0.6947,5,0.19024354457480533,0.7138,56.63,63.81,56.63,0.465,0.0,0.627364823629928,0.2,0.2638265265766528,0.7137713771377138,0.1656510019922653,0.40782122905027945,medium,0.9963
"[881656434, 237649291, 885509902]",0,0.8214,4,0.02294150008705873,0.1911,17.48,17.48,64.53,0.385,0.0,0.7820090321005737,0.1,0.03180855681052683,0.19101910191019103,0.050949255830305865,0.229050279329609,low,0.9999
308861416,0,0.6932,9,0.08679146577221811,0.08,112.1,112.1,115.89,0.425,0.0,0.6255339924325645,0.6,0.12035702286942492,0.07990799079907991,0.3281671159029649,0.3184357541899442,medium,0.9994
308861417,0,0.6116,7,0.31012451376094674,0.0092,127.38,127.38,131.38,0.4875,0.0,0.5259367752959845,0.4,0.4300799586212397,0.009100910091009102,0.372934489628501,0.4581005586592179,medium,0.9997
"[251733667, 1108368268, 1108368269, 1214315735]",0,0.7851,5,0.10103521438603705,0.8116,38.22,66.11,38.22,0.345,0.0,0.7377029171243745,0.2,0.1401105509590317,0.8115811581158116,0.11171334817766317,0.13966480446927373,medium,0.9892
185957649,0,0.7001,9,0.038530593596589106,0.0195,19.72,29.79,19.72,0.3675,0.0,0.6339558159404369,0.6,0.05342783730198813,0.0194019401940194,0.05751201218797608,0.18994413407821234,low,0.5759
918410082,0,0.6522,8,0.12335720549976555,0.1278,112.61,119.59,112.61,0.4875,0.0,0.5754912730379592,0.5,0.17106715447934379,0.1277127712771277,0.329661314895113,0.4581005586592179,medium,0.9985
4744948,0,0.6672,8,0.13790338812368652,0.0195,40.8,40.8,59.42,0.465,0.0,0.5937995850115952,0.5,0.19124010437115838,0.0194019401940194,0.11927223719676547,0.40782122905027945,medium,0.5739
185957649,0,0.7001,9,0.038530593596589106,0.0195,19.72,29.79,19.72,0.3675,0.0,0.6339558159404369,0.6,0.05342783730198813,0.0194019401940194,0.05751201218797608,0.18994413407821234,low,0.5759
238326403,0,0.934,9,0.001612175262304772,0.0195,48.48,48.48,63.44,0.4075,0.0,0.9194434273160015,0.6,0.002228603633779502,0.0194019401940194,0.14177311613734908,0.27932960893854747,low,0.9995
308355198,0,0.7917,8,5.187904127452385e-06,0.4728,106.94,115.8,106.94,0.6075,0.0,0.7457585743927743,0.5,0.0,0.47274727472747274,0.3130493378647603,0.7262569832402236,low,0.9709
571448022,0,1.0,8,5.187904127452385e-06,0.1746,51.34,51.34,53.32,0.3225,0.0,1.0,0.5,0.0,0.17451745174517452,0.15015234970116018,0.08938547486033527,low,0.9959
68506263,0,0.6618,6,0.19634801057234885,0.0645,39.73,42.83,39.73,0.6075,0.0,0.5872085927010864,0.3,0.27229232752722116,0.06440644064406441,0.11613734911519978,0.7262569832402236,low,0.9964
1370823685,0,0.7171,6,0.17322643508099378,0.1952,148.71,150.53,148.71,0.425,0.0,0.6547052361772244,0.3,0.24022684369094124,0.19511951195119515,0.4354271651236376,0.3184357541899442,medium,0.9999
68506263,0,0.7044,7,0.24625434100480126,0.1026,74.8,74.8,120.32,0.6075,0.0,0.6392041987062127,0.4,0.34150346897422906,0.1025102510251025,0.21888550333997417,0.7262569832402236,low,0.7004
248565671,0,1.0,9,0.005982702286162184,1.0,113.97,115.4,113.97,0.425,0.0,1.0,0.6,0.008289741798517561,1.0,0.33364584554084137,0.3184357541899442,medium,0.9927
237517574,0,0.7982,8,9.780851275685165e-05,0.3312,1.14,1.14,6.18,0.6075,0.0,0.7536921762480167,0.5,0.00012844819463201523,0.33113311331133116,0.0030762920426579154,0.7262569832402236,low,1.0
"[1409643073, 248565673]",0,0.5527,8,0.3043267214485263,0.5481,35.68,35.68,35.99,0.425,0.0,0.4540461369461735,0.5,0.42203945914275326,0.5480548054805481,0.1042716512363764,0.3184357541899442,medium,0.9927
450613272,0,1.0,8,0.00025385962957162595,0.0565,74.58,74.58,74.94,0.615,0.0,1.0,0.5,0.00034486314290093674,0.056405640564056406,0.2182409469119887,0.7430167597765364,low,1.0
1327959237,0,0.763,8,0.00025385962957162595,0.2573,104.06,110.41,104.06,0.6075,0.0,0.7107286708165508,0.5,0.00034486314290093674,0.25722572257225723,0.3046115082620414,0.7262569832402236,low,0.9932
"[140001529, 359513979]",4,0.6396,6,0.08293354999171065,1.0,59.33,59.33,162.36,0.585,0.043478260869565216,0.560112290980105,0.3,0.11500678468397586,1.0,0.17356146724481422,0.6759776536312849,medium,0.8343
226319533,2,0.7491,7,0.1020458407411052,0.9703,43.14,43.14,186.84,0.585,0.021739130434782608,0.693762968387648,0.4,0.1415121086973905,0.9702970297029704,0.12612797374897455,0.6759776536312849,low,0.6759
226319540,1,0.7481,10,0.0906052357147937,0.2033,30.28,30.28,129.89,0.585,0.010869565217391304,0.6925424142560722,0.7,0.12564603868474733,0.20322032203220325,0.08845072073127856,0.6759776536312849,low,0.9964
330913949,0,0.748,8,0.00025385962957162595,0.0565,113.29,119.07,113.29,0.6075,0.0,0.6924203588429146,0.5,0.00034486314290093674,0.056405640564056406,0.33165358021797725,0.7262569832402236,low,0.9966
450613273,0,1.0,8,0.001792991148662083,0.0082,70.79,70.79,71.86,0.615,0.0,1.0,0.5,0.0024793628817165974,0.008100810081008101,0.20713699753896633,0.7430167597765364,low,1.0
330913952,0,0.4803,8,0.18471012973319573,0.0565,148.43,151.08,148.43,0.6525,0.0,0.3656780178200903,0.5,0.25615267129679076,0.056405640564056406,0.4346068205789288,0.8268156424581006,medium,0.9999
"[1084045292, 490751788]",4,0.7523,8,0.18471012973319573,0.0565,36.0,36.0,37.56,0.6075,0.043478260869565216,0.6976687416086903,0.5,0.25615267129679076,0.056405640564056406,0.10520918785890071,0.7262569832402236,low,0.9997
932391853,0,0.748,8,0.04145319848948734,0.0359,2.22,2.22,6.03,0.6075,0.0,0.6924203588429146,0.5,0.057480966812479314,0.035803580358035804,0.006240478143677487,0.7262569832402236,low,1.0
1408524839,0,0.5641,8,0.04145319848948734,0.2179,24.4,24.4,26.64,0.3225,0.0,0.467960454046137,0.5,0.057480966812479314,0.21782178217821785,0.07122348529239422,0.08938547486033527,medium,0.9989
1409296675,0,1.0,5,0.4444044122666373,0.0812,77.95,77.95,78.57,0.585,0.0,1.0,0.2,0.6163021265994297,0.0811081108110811,0.22811437946794794,0.6759776536312849,low,0.9923
1409296673,0,0.9908,5,0.4444044122666373,0.0812,82.93,82.93,83.04,0.495,0.0,0.9887709019895032,0.2,0.6163021265994297,0.0811081108110811,0.24270479315598262,0.4748603351955308,low,0.6131
"[284450136, 1230464389]",0,0.6849,8,0.25006246723790515,0.0645,7.65,7.65,74.58,0.6075,0.0,0.6154033931404858,0.5,0.34678465797537483,0.06440644064406441,0.022149302707136997,0.7262569832402236,low,0.9934
284450142,0,1.0,7,0.4444044122666373,0.0836,89.34,89.34,89.93,0.385,0.0,1.0,0.4,0.6163021265994297,0.0835083508350835,0.26148482362592285,0.229050279329609,medium,0.9988
450613278,0,1.0,8,0.21847577141938218,0.2003,91.17,91.17,91.6,0.6525,0.0,1.0,0.5,0.30297956845675483,0.20022002200220024,0.26684636118598376,0.8268156424581006,low,0.9998
1084045293,2,0.8097,8,0.33388784709638086,0.2003,126.55,126.55,128.62,0.6075,0.021739130434782608,0.7677285487611375,0.5,0.46303544564021004,0.20022002200220024,0.3705027540138286,0.7262569832402236,medium,0.9886
13724827,0,0.8583,8,0.0005839951685906774,0.1209,32.52,32.52,42.53,0.4825,0.0,0.8270474795557182,0.5,0.0008027020040181184,0.1208120812081208,0.09501347708894878,0.446927374301676,low,1.0
217617440,0,0.9266,7,0.005619108990995469,0.1528,52.26,52.26,138.27,0.3625,0.0,0.910411326742341,0.4,0.007785503022336104,0.15271527152715272,0.15284776749091758,0.17877094972067042,low,0.9978
304693485,0,0.7346,6,0.01560402103202455,0.3139,17.45,17.45,144.64,0.3225,0.0,0.6760649334797999,0.3,0.021632787597645576,0.3138313831383138,0.05086136177194421,0.08938547486033527,low,0.7436
23191708,0,0.8423,7,0.001792991148662083,0.0082,98.27,98.27,113.18,0.6075,0.0,0.8075186134505066,0.4,0.0024793628817165974,0.008100810081008101,0.28764795499824203,0.7262569832402236,low,1.0
140001523,0,0.9528,6,0.00236081595414586,0.238,59.6,59.6,93.48,0.3225,0.0,0.9423898449896253,0.3,0.003266834182229249,0.23792379237923791,0.1743525137700691,0.08938547486033527,low,0.9938
140001525,0,0.6696,6,0.11454950374870697,0.0334,37.04,40.5,37.04,0.3625,0.0,0.596728914927377,0.3,0.15885244972278695,0.0333033303330333,0.10825618188210474,0.17877094972067042,medium,0.7666
23191709,1,0.7422,6,0.05578010096624405,0.0334,16.01,16.01,21.95,0.3625,0.010869565217391304,0.6853411448797754,0.3,0.07734981441605916,0.0333033303330333,0.04664244697058478,0.17877094972067042,low,0.9927
304693486,0,0.9092,7,7.966941070270137e-05,0.0334,27.31,27.31,38.17,0.3625,0.0,0.8891736848529233,0.4,0.00010329250902834793,0.0333033303330333,0.07974920895347473,0.17877094972067042,low,0.9999
"[831157593, 87031380, 250665597]",0,0.889,8,0.005979500670842918,0.8487,0.4,0.4,8.27,0.4475,0.0,0.8645184913950934,0.5,0.008285301731520037,0.8486848684868487,0.0009082386030704325,0.36871508379888274,low,0.9932
"[1395752173, 208708605]",0,0.9394,6,0.00014132241537868716,0.9664,89.24,92.93,89.24,0.3625,0.0,0.9260344196265105,0.3,0.00018879418367136988,0.9663966396639664,0.26119184343138396,0.17877094972067042,medium,0.9584
"[315272793, 542836620]",0,0.8797,4,0.0014751681339220963,0.7998,16.65,16.65,18.59,0.3225,0.0,0.8531673379714391,0.1,0.002038599286443725,0.7997799779977998,0.048517520215633415,0.08938547486033527,low,0.9711
237649291,0,0.8152,5,0.02577433163838321,0.1911,38.17,38.17,132.57,0.385,0.0,0.7744415964848042,0.2,0.03573718677581019,0.19101910191019103,0.11156685808039374,0.229050279329609,low,0.9982
"[1408654608, 1408654609, 1050464821, 1050464822, 295215799]",92,0.7341,5,0.21614856564117033,0.2193,40.46,40.46,49.44,0.465,1.0,0.6754546564140119,0.2,0.2997521508747285,0.21922192219221923,0.11827610453533338,0.40782122905027945,low,1.0
20043469,0,1.0,6,0.04583189188247885,1.0,37.86,37.86,83.3,0.425,0.0,1.0,0.3,0.06355343026850509,1.0,0.1106586194773233,0.3184357541899442,low,0.979
140001518,0,0.9254,7,0.04583189188247885,1.0,32.13,32.13,82.27,0.465,0.0,0.9089466617844502,0.4,0.06355343026850509,1.0,0.09387085433024726,0.40782122905027945,low,0.9304
140001514,1,0.934,7,0.012532835997912124,1.0,86.68,86.68,132.38,0.6075,0.010869565217391304,0.9194434273160015,0.4,0.01737360404389609,1.0,0.25369155045118946,0.7262569832402236,low,0.996
8380852,2,0.5911,7,0.07166295271064797,0.0574,34.94,34.94,36.68,0.425,0.021739130434782608,0.5009154155986818,0.4,0.09937648496342877,0.0573057305730573,0.1021035977967889,0.3184357541899442,medium,0.5206
330913951,0,0.9004,7,0.020284583126239725,0.2673,99.45,99.45,106.44,0.6075,0.0,0.8784328084950568,0.4,0.02812388887371892,0.2672267226722672,0.2911051212938005,0.7262569832402236,low,0.9999
549749258,0,0.6314,8,0.25499899910652624,0.2573,21.62,21.62,22.65,0.6525,0.0,0.5501037471011839,0.5,0.35363074348108503,0.25722572257225723,0.06307863588421422,0.8268156424581006,low,0.8914
"[902753281, 295263590, 295263591, 1478847730, 20045755]",0,0.894,6,0.00031228397971908126,0.9943,12.95,12.95,15.19,0.425,0.0,0.8706212620529721,0.3,0.00042588725200625415,0.9942994299429943,0.037677253017696,0.3184357541899442,low,0.9862
140001504,0,0.8229,5,0.10942643275061353,1.0,93.01,98.69,93.01,0.465,0.0,0.7838398632979372,0.2,0.1517476678560452,1.0,0.2722371967654986,0.40782122905027945,medium,0.9943
20475089,0,0.5272,8,0.21635826608574807,0.6209,112.97,117.37,112.97,0.5325,0.0,0.4229220065909923,0.5,0.3000429678313231,0.6208620862086208,0.33071604359545287,0.5586592178770949,medium,0.9854
1304327309,0,0.9874,7,0.21635826608574807,0.5,161.97,163.25,161.97,0.5325,0.0,0.9846210179421458,0.4,0.3000429678313231,0.49994999499949994,0.47427633891948895,0.5586592178770949,medium,0.9849
330913953,0,0.7616,8,0.27503548742941075,0.1411,35.64,35.64,37.05,0.6075,0.0,0.7090198950323447,0.5,0.38141776399331095,0.14101410141014104,0.10415445915856086,0.7262569832402236,low,0.968
450613271,0,1.0,8,0.004533967347972645,0.0574,53.16,53.16,53.28,0.495,0.0,1.0,0.5,0.006280605926226357,0.0573057305730573,0.15548458924176722,0.4748603351955308,low,1.0
330913954,25,0.4791,8,0.16388755759253604,0.2081,80.57,90.51,80.57,0.5325,0.2717391304347826,0.3642133528621994,0.5,0.22727549332698774,0.20802080208020804,0.23579046056486574,0.5586592178770949,low,0.628
"[601810763, 490751789, 490751790]",2,0.803,8,0.004533967347972645,0.0574,116.06,116.93,116.06,0.6075,0.021739130434782608,0.7595508360795802,0.5,0.006280605926226357,0.0573057305730573,0.33976913160670336,0.7262569832402236,low,0.9995
542291174,0,1.0,6,0.11594904717967686,0.5,203.12,203.12,203.2,0.6075,0.0,1.0,0.3,0.1607933657853933,0.49994999499949994,0.5948376889722254,0.7262569832402236,low,0.5155
1304327308,0,0.9711,7,0.11594904717967686,0.5,253.62,255.07,253.62,0.5325,0.0,0.9647259855974613,0.4,0.1607933657853933,0.49994999499949994,0.7427926872143442,0.5586592178770949,medium,0.9998
450282686,0,0.7832,7,0.05507617678700913,1.0,114.99,114.99,133.43,,0.0,0.7353838642743806,0.4,0.07637359766129419,1.0,0.3366342435251376,0.4581005586592179,medium,0.9996
"[1227181462, 20477903]",0,0.7823,10,0.18451824024733798,1.0,16.49,48.99,16.49,0.6525,0.0,0.7342853655559625,0.7,0.25588655494977003,1.0,0.04804875190437125,0.8268156424581006,medium,0.5926
404402534,1,0.9397,7,0.012716050824490501,0.2948,80.35,80.35,137.75,0.585,0.010869565217391304,0.9264005858659832,0.4,0.017627690192238893,0.29472947294729473,0.23514590413688027,0.6759776536312849,low,1.0
404402535,1,1.0,6,0.012532835997912124,1.0,80.7,80.7,139.07,0.6075,0.010869565217391304,1.0,0.3,0.01737360404389609,1.0,0.23617133481776628,0.7262569832402236,low,0.9999
237725965,1,1.0,6,0.012532835997912124,1.0,90.32,90.32,136.67,0.5675,0.010869565217391304,1.0,0.3,0.01737360404389609,1.0,0.26435602953240356,0.6368715083798884,low,0.9987
116349433,4,0.9921,6,0.012532835997912124,1.0,111.25,111.25,135.29,0.615,0.043478260869565216,0.9903576223605517,0.3,0.01737360404389609,1.0,0.3256767842493847,0.7430167597765364,low,0.9996
537838475,3,1.0,6,0.009619635654610778,1.0,93.16,93.16,148.69,0.6075,0.03260869565217391,1.0,0.3,0.013333516959220538,1.0,0.27267666705730687,0.7262569832402236,low,0.9999
20478115,10,1.0,6,0.009619635654610778,1.0,77.62,77.62,168.75,0.545,0.10869565217391304,1.0,0.3,0.013333516959220538,1.0,0.22714754482596974,0.5865921787709498,low,1.0
23191706,7,0.9145,7,0.002219217911002218,1.0,50.68,50.68,190.55,0.465,0.07608695652173914,0.8956426217502746,0.4,0.00307046305841163,1.0,0.14821868041720376,0.40782122905027945,low,0.9912
226319541,2,0.8622,6,0.009619635654610778,1.0,56.92,56.92,175.75,0.6075,0.021739130434782608,0.8318076406688636,0.3,0.013333516959220538,1.0,0.16650064455642796,0.7262569832402236,low,0.9995
1017855764,3,0.7568,5,0.08686883319186668,1.0,95.34,95.34,103.92,0.425,0.03260869565217391,0.7031612352007812,0.2,0.12046431762298199,1.0,0.2790636352982538,0.3184357541899442,medium,0.9992
"[1000315688, 551406853]",0,0.7471,6,0.055376166803796575,0.4004,61.13,61.13,61.89,0.6525,0.0,0.6913218601244965,0.3,0.07678963008252516,0.40034003400340035,0.1788351107465135,0.8268156424581006,low,0.9999
469494417,0,0.9875,7,0.018120576178786554,0.5,325.47,327.46,325.47,0.6075,0.0,0.9847430733553033,0.4,0.02512279883895458,0.49994999499949994,0.9532989569905075,0.7262569832402236,medium,0.9998
895922374,0,0.6553,6,0.19118062006759898,1.0,182.32,182.32,184.32,0.67,0.0,0.579274990845844,0.3,0.26512608244293806,1.0,0.5338978085081447,0.8659217877094973,medium,0.9965
329028832,0,1.0,6,0.0030430095350305105,0.5369,7.59,7.59,9.12,0.6075,0.0,1.0,0.3,0.004212914489310809,0.536853685368537,0.021973514590413686,0.7262569832402236,low,1.0
308354710,0,1.0,8,0.13581610698749097,0.0892,72.25,72.25,73.58,0.5325,0.0,1.0,0.5,0.18834541929403312,0.0891089108910891,0.21141450837923353,0.5586592178770949,low,0.9999
"[545724436, 1393169477, 308354709]",0,0.8017,7,0.0009205680859951803,0.0892,34.3,34.3,36.28,0.4025,0.0,0.7579641157085316,0.4,0.0012694683559390256,0.0891089108910891,0.10022852455174026,0.2681564245810057,low,0.9983
23103313,0,0.9759,8,0.100726155559509,0.5,72.49,72.49,75.62,0.615,0.0,0.9705846454290248,0.5,0.13968194172303044,0.49994999499949994,0.21211766084612674,0.7430167597765364,low,0.9999
"[1409634760, 237659845, 542840063]",0,0.7139,9,0.09638911833419139,0.5,45.75,45.85,45.75,0.465,0.0,0.6507994629561821,0.6,0.13366724791041534,0.49994999499949994,0.1337747568264385,0.40782122905027945,medium,0.9798
918458614,0,0.642,9,0.09304777341269171,0.5,128.76,136.51,128.76,,0.0,0.5630416208958867,0.6,0.12903340098195482,0.49994999499949994,0.37697761631313714,0.4581005586592179,medium,0.9999
"[519375852, 237517575]",0,0.7983,8,0.01562889348723806,0.2737,20.01,20.01,20.23,0.6075,0.0,0.7538142316611742,0.5,0.021667281238051506,0.27362736273627364,0.05836165475213875,0.7262569832402236,low,1.0
478525271,2,0.58,8,0.2349421381839563,0.6187,103.57,103.57,104.76,0.6525,0.021739130434782608,0.4873672647381911,0.5,0.3258154698220888,0.6186618661866187,0.30317590530880106,0.8268156424581006,medium,0.9998
571434739,0,0.7504,8,0.21847577141938218,0.0359,13.73,13.73,19.36,0.6075,0.0,0.6953496887586964,0.5,0.30297956845675483,0.035803580358035804,0.03996249853509902,0.7262569832402236,low,0.9995
1501435531,0,0.4749,8,0.21847577141938218,0.0359,134.82,134.82,138.95,0.6525,0.0,0.3590870255095814,0.5,0.30297956845675483,0.035803580358035804,0.3947322161021914,0.8268156424581006,medium,0.9999
"[545718426, 237521115]",0,0.7594,9,0.2642147376180876,0.2526,12.11,12.11,16.2,0.3225,0.0,0.706334675942878,0.6,0.3664113221398508,0.25252525252525254,0.03521621938356966,0.08938547486033527,medium,0.9998
588786819,0,1.0,8,0.0028910645527790617,0.2629,61.65,61.65,62.59,0.5325,0.0,1.0,0.5,0.004002194014219943,0.26282628262826285,0.18035860775811552,0.5586592178770949,low,1.0
"[1393168908, 309055983]",0,0.7918,8,0.1491927511770239,0.293,190.06,191.52,190.06,0.3225,0.0,0.7458806298059318,0.5,0.20689642885666037,0.29292929292929293,0.5565744755654517,0.08938547486033527,medium,0.7831
549749260,0,1.0,8,0.18017655563346793,0.5,99.17,102.03,99.17,0.6525,0.0,1.0,0.5,0.24986541604163948,0.49994999499949994,0.2902847767490917,0.8268156424581006,low,0.9983
1243745479,0,1.0,8,0.21122366085178376,0.2188,237.11,237.11,242.97,0.6525,0.0,1.0,0.5,0.2929221900453578,0.21872187218721872,0.6944216570959802,0.8268156424581006,medium,0.9714
1243745480,0,0.764,8,0.18761441495826536,0.0492,153.45,153.45,154.52,0.3225,0.0,0.7119492249481265,0.5,0.2601803947092907,0.0491049104910491,0.44931442634477897,0.08938547486033527,medium,0.9964
"[37103026, 545724437]",4,0.7944,10,0.22790404443748208,0.2107,11.79,11.79,17.37,0.3225,0.043478260869565216,0.7490540705480289,0.7,0.31605489440843804,0.21062106210621062,0.03427868276104535,0.08938547486033527,medium,0.9955
830027503,0,1.0,8,0.22790404443748208,0.3388,65.24,65.94,65.24,0.4875,0.0,1.0,0.5,0.31605489440843804,0.33873387338733874,0.19087659674206017,0.4581005586592179,low,0.9265
237529476,0,0.6465,8,0.1531610572333632,0.3831,33.75,35.34,33.75,0.6075,0.0,0.5685341144879775,0.5,0.2123997585823763,0.38303830383038306,0.09861713348177661,0.7262569832402236,low,0.8294
"[237529480, 1213459083]",0,0.4557,8,0.35596740228066304,0.0202,104.34,104.34,114.82,0.6525,0.0,0.33565238618332727,0.5,0.4936558339497593,0.0201020102010201,0.3054318528067502,0.8268156424581006,medium,1.0
"[295124089, 23348966]",0,0.8838,9,0.0553312168141875,0.3778,112.32,112.32,114.1,0.4025,0.0,0.8581716099108996,0.6,0.07672729249805607,0.37773777377737777,0.3288116723309503,0.2681564245810057,medium,0.9904
"[136725370, 1112886298]",0,0.7354,9,0.0553312168141875,0.208,98.48,98.48,100.75,0.4025,0.0,0.6770413767850605,0.6,0.07672729249805607,0.2079207920792079,0.2882632134067737,0.2681564245810057,medium,0.998
295124096,0,0.528,9,0.1577508459610284,0.3318,131.51,135.61,131.51,0.4475,0.0,0.42389844989625297,0.6,0.2187649734577171,0.3317331733173317,0.3850345716629555,0.36871508379888274,medium,0.9706
272639447,0,0.6596,8,0.1491927511770239,0.5,193.2,193.2,193.48,0.5925,0.0,0.5845233736116197,0.5,0.20689642885666037,0.49994999499949994,0.5657740536739715,0.6927374301675979,medium,0.9989
570478919,0,0.41,7,0.21122366085178376,0.2188,251.87,251.87,253.91,0.6525,0.0,0.27987306237031606,0.4,0.2929221900453578,0.21872187218721872,0.7376655338099144,0.8268156424581006,high,0.5865
116343002,2,0.7372,7,0.12478224489744895,0.2886,11.03,25.53,11.03,0.73,0.021739130434782608,0.6792383742218967,0.4,0.1730434288811277,0.28852885288528857,0.032052033282550095,1.0,low,1.0
116343003,0,0.9253,7,0.12478224489744895,0.2954,26.58,26.58,30.17,0.4075,0.0,0.9088246063712926,0.4,0.1730434288811277,0.29532953295329534,0.07761045353334113,0.27932960893854747,low,0.9937
"[133484230, 237667607]",0,0.6878,8,0.16554322638739566,0.4498,39.22,40.1,39.22,0.465,0.0,0.6189430001220554,0.5,0.22957160939397694,0.4497449744974497,0.11464315012305165,0.40782122905027945,medium,0.9896
"[583046483, 542169702, 538722959]",0,0.7212,7,0.02031256427611788,0.4498,14.26,14.26,66.63,0.345,0.0,0.6597095081166849,0.4,0.028162693716817695,0.4497449744974497,0.04151529356615492,0.13966480446927373,medium,0.6833
133484225,0,1.0,4,0.16554322638739566,0.4498,24.44,44.1,24.44,0.425,0.0,1.0,0.1,0.22957160939397694,0.4497449744974497,0.07134067737020977,0.3184357541899442,low,0.9999
538551233,0,0.9816,6,0.02031256427611788,0.4498,19.7,41.68,19.7,0.345,0.0,0.9775418039790065,0.3,0.028162693716817695,0.4497449744974497,0.05745341614906831,0.13966480446927373,low,0.9995
316789524,0,0.7553,8,0.10833618836541625,1.0,14.75,14.75,97.61,0.4425,0.0,0.7013304040034175,0.5,0.15023569417050597,1.0,0.042950896519395286,0.35754189944134085,medium,0.9931
"[1360091612, 673080428]",0,0.5491,8,0.2510640047056697,0.5342,112.79,116.31,112.79,0.6925,0.0,0.449652142072501,0.5,0.3481736110549796,0.5341534153415342,0.330188679245283,0.9162011173184358,medium,0.9999
1321516487,13,0.504,7,0.28886485917161875,0.2208,188.73,202.3,188.73,0.6925,0.14130434782608695,0.3946051507384353,0.4,0.40059662558219694,0.22072207220722073,0.552677838978085,0.9162011173184358,medium,0.9998
1360091611,0,1.0,8,0.28886485917161875,0.2208,180.19,184.71,180.19,0.6525,0.0,1.0,0.5,0.40059662558219694,0.22072207220722073,0.5276573303644673,0.8268156424581006,medium,0.7534
673080415,4,0.5428,8,0.24047503571525375,0.1752,118.87,122.49,118.87,0.6925,0.043478260869565216,0.44196265104357374,0.5,0.33348860768520483,0.17511751175117513,0.348001875073245,0.9162011173184358,medium,0.9868
1408525895,18,1.0,8,0.24047503571525375,0.1337,149.97,149.97,150.67,0.3225,0.1956521739130435,1.0,0.5,0.33348860768520483,0.13361336133613363,0.43911871557482707,0.08938547486033527,medium,0.95
238324880,0,0.3897,7,0.3484992391185543,0.2212,40.08,40.08,42.22,0.4475,0.0,0.2550958134993287,0.4,0.48329882928756257,0.22112211221122113,0.11716277979608575,0.36871508379888274,medium,0.9924
673080415,0,0.5364,8,0.24095736762257278,0.3163,125.91,125.91,131.91,0.6925,0.0,0.4341511046014891,0.5,0.3341575156488357,0.3162316231623163,0.36862768076877994,0.9162011173184358,medium,0.9997
908375872,0,1.0,8,0.33499998986716123,0.2035,115.58,117.18,115.58,0.425,0.0,1.0,0.5,0.4645777884642718,0.20342034203420342,0.33836282667291684,0.3184357541899442,medium,0.9981
1409641101,0,0.5443,8,0.24073632667294595,0.2098,133.01,138.14,133.01,0.6925,0.0,0.4437934822409374,0.5,0.3338509714429677,0.20972097209720972,0.3894292745810382,0.9162011173184358,medium,0.9993
295281241,1,1.0,8,0.2239716318755725,0.0774,159.66,159.66,173.13,0.6525,0.010869565217391304,1.0,0.5,0.31060134253051164,0.0773077307730773,0.4675084964256415,0.8268156424581006,low,0.9876
1409641101,1,0.5496,8,0.13841645570049568,0.144,70.28,70.28,84.28,0.6925,0.010869565217391304,0.4502624191382888,0.5,0.19195163720322012,0.14391439143914392,0.2056427985468182,0.9162011173184358,low,0.9072
903019486,3,0.3933,8,0.3535774233009291,0.1999,106.74,106.74,117.9,0.5675,0.03260869565217391,0.25948980837300134,0.5,0.490341361180706,0.19981998199819984,0.3124633774756826,0.6368715083798884,medium,0.9798
1409641101,0,0.4873,7,0.24167984345912283,0.0504,66.22,66.22,78.6,0.6925,0.0,0.37422189674112044,0.4,0.3351594602294574,0.0503050305030503,0.1937478026485409,0.9162011173184358,medium,0.664
"[27465410, 749104302]",1,0.6153,7,0.24139817400774544,0.083,210.73,213.92,210.73,0.455,0.010869565217391304,0.5304528255828146,0.4,0.33476883515100236,0.08290829082908291,0.6171334817766317,0.3854748603351956,medium,0.7583
140001496,1,0.9188,6,0.007568689947270127,0.083,193.74,231.34,193.74,0.655,0.010869565217391304,0.9008910045160502,0.3,0.010489222613776472,0.08290829082908291,0.5673561467244813,0.8324022346368716,low,0.9997
4751998,0,0.3739,8,0.34023904466133,0.083,160.38,160.38,165.85,0.5325,0.0,0.23581105822043208,0.5,0.47184341908198696,0.08290829082908291,0.46961795382632127,0.5586592178770949,high,0.9285
240299472,0,0.4758,8,0.34217907889078936,0.0504,73.89,73.89,81.09,0.6925,0.0,0.36018552422799954,0.5,0.47453389907327553,0.0503050305030503,0.21621938356967066,0.9162011173184358,medium,0.9974
240299472,1,0.5322,8,0.3416212865743062,0.1448,71.6,71.6,86.72,0.6925,0.010869565217391304,0.429024777248871,0.5,0.4737603410380595,0.14471447144714475,0.209510137114731,0.9162011173184358,medium,0.9899
903019486,0,1.0,8,0.3416212865743062,0.1448,5.5,5.5,10.42,0.5675,0.0,1.0,0.5,0.4737603410380595,0.14471447144714475,0.01585022852455174,0.6368715083798884,low,0.9999
1185662990,0,1.0,8,0.3484992391185543,0.3163,98.28,98.28,100.07,0.4475,0.0,1.0,0.5,0.48329882928756257,0.3162316231623163,0.287677253017696,0.36871508379888274,medium,0.9954
1408525896,8,0.5425,8,0.23753910314931878,0.1752,137.05,139.93,137.05,0.6925,0.08695652173913043,0.4415964848041011,0.5,0.3294169950793686,0.17511751175117513,0.4012656744404078,0.9162011173184358,medium,0.9857
240299472,0,0.5297,8,0.24488586453407488,0.0774,152.14,156.91,152.14,0.6925,0.0,0.4259733919199316,0.5,0.33960563722099,0.0773077307730773,0.44547638579632004,0.9162011173184358,medium,0.9997
295281241,0,0.3349,7,0.2239716318755725,0.0774,147.32,147.32,180.69,0.6525,0.0,0.18820944708897835,0.4,0.31060134253051164,0.0773077307730773,0.4313547404195475,0.8268156424581006,medium,0.9999
908375872,0,0.3682,7,0.20691456896345242,0.009,183.81,185.47,183.81,0.425,0.0,0.22885389967045042,0.4,0.286946251409775,0.0089008900890089,0.5382632134067736,0.3184357541899442,high,0.8853
1387061746,4,0.5355,8,0.2474965121910676,0.2035,143.55,143.55,149.1,0.6925,0.043478260869565216,0.43305260588307093,0.5,0.3432261379208157,0.20342034203420342,0.420309387085433,0.9162011173184358,medium,0.9992
"[1387061745, 1321516489]",82,0.5524,7,0.2783635886033275,0.1337,189.03,189.03,195.01,0.6925,0.8913043478260869,0.45367997070670085,0.4,0.38603324421599877,0.13361336133613363,0.5535567795617016,0.9162011173184358,low,1.0
"[1408525897, 1408525898]",86,0.4777,8,0.053912909230027964,0.1337,152.42,152.42,158.24,0.3225,0.9347826086956522,0.36250457707799344,0.5,0.07476035391587577,0.13361336133613363,0.44629673034102885,0.08938547486033527,low,1.0
478725549,0,0.3675,8,0.36780146144577597,0.1107,153.7,153.7,159.19,0.6525,0.0,0.22799951177834735,0.5,0.5100675543802459,0.11061106110611062,0.4500468768311261,0.8268156424581006,medium,0.848
"[1321516489, 673080417]",0,0.5508,8,0.23951165976011266,0.2714,94.29,98.26,94.29,0.6925,0.0,0.4517270840961796,0.5,0.3321525777883932,0.2713271327132713,0.2759873432555959,0.9162011173184358,medium,0.9882
673080424,0,1.0,8,0.012147074296487677,0.6037,66.85,66.85,68.5,0.6925,0.0,1.0,0.5,0.016838621658880573,0.6036603660366037,0.19559357787413564,0.9162011173184358,low,1.0
673080418,0,0.9966,8,0.012147074296487677,0.6037,74.82,74.82,75.34,0.4425,0.0,0.9958501159526425,0.5,0.016838621658880573,0.6036603660366037,0.21894409937888193,0.35754189944134085,low,0.9788
4746940,0,0.7458,5,0.15643931151107113,0.7267,34.73,34.73,48.9,0.6525,0.0,0.6897351397534481,0.2,0.2169461100882398,0.7266726672667266,0.10148833938825733,0.8268156424581006,low,0.9983
237912795,0,0.6914,5,0.27439148070943364,0.7185,66.81,66.81,69.86,0.6525,0.0,0.6233369949957281,0.2,0.38052464202255243,0.7184718471847185,0.19547638579632012,0.8268156424581006,medium,0.8099
450435860,0,0.7411,5,0.1529149614768738,1.0,31.39,193.7,31.39,0.6125,0.0,0.6839985353350421,0.2,0.21205846784702662,1.0,0.09170280089065978,0.7374301675977655,low,0.9147
"[1304498338, 237659847]",0,0.9391,8,0.01353199364567736,0.0097,37.93,37.93,46.12,0.4475,0.0,0.9256682533870377,0.5,0.01875925673941809,0.009600960096009602,0.11086370561350051,0.36871508379888274,low,1.0
"[1310648105, 129169450, 831157595]",0,0.6655,8,0.14987523977522302,0.0097,79.4,86.15,79.4,0.6075,0.0,0.5917246429879165,0.5,0.20784291829991572,0.009600960096009602,0.23236259228876124,0.7262569832402236,low,0.8793
"[295263587, 315739558]",0,0.8872,10,0.04256288580405428,1.0,28.8,28.8,83.46,0.4075,0.0,0.8623214939582571,0.7,0.05901990435857669,1.0,0.08411461385210359,0.27932960893854747,medium,0.983
526129884,0,1.0,9,0.02443417563677748,1.0,48.58,48.58,51.14,,0.0,1.0,0.6,0.03387863044068289,1.0,0.14206609633188794,0.4581005586592179,low,0.9325
"[612296800, 549518619, 126301387]",0,0.8447,9,0.04771976870642437,0.5329,11.41,11.41,18.4,0.4075,0.0,0.8104479433662883,0.6,0.06617157728040514,0.5328532853285329,0.03316535802179772,0.27932960893854747,low,0.8435
908375869,3,1.0,10,0.11014905776304165,0.4783,25.48,25.48,70.42,0.5675,0.03260869565217391,1.0,0.7,0.1527498193168905,0.47824782478247824,0.07438767139341379,0.6368715083798884,low,1.0
"[295281242, 908375870]",10,0.7172,8,0.17488006145959112,0.2145,26.41,26.41,38.69,0.73,0.10869565217391304,0.654827291590382,0.5,0.24252012729239758,0.21442144214421444,0.07711238720262509,1.0,low,1.0
226319538,0,0.5035,7,0.3043655577693609,0.28,75.44,75.44,103.06,0.5325,0.0,0.39399487367264735,0.4,0.4220933181636685,0.27992799279928,0.2207605765850228,0.5586592178770949,medium,0.9999
"[32065074, 709510547]",0,0.7179,4,0.23465000669914338,0.2784,61.43,67.67,61.43,,0.0,0.655681679482485,0.1,0.32541033577714285,0.27832783278327833,0.17971405133013005,0.4581005586592179,medium,0.5903
182069872,0,0.8724,12,0.22211056266536391,0.0309,60.11,60.11,61.02,0.3275,0.0,0.8442572928109361,0.9,0.30802037287727785,0.030803080308030802,0.17584671276221725,0.10055865921787718,medium,0.9999
"[182069872, 490655488]",0,0.7781,12,0.4632687196287221,0.2908,31.3,31.3,35.09,0.3275,0.0,0.7291590382033444,0.9,0.6424635420716458,0.2907290729072907,0.09143911871557482,0.10055865921787718,high,0.8069
238179174,0,0.5686,11,0.2710533135539924,0.3573,114.14,114.14,126.49,0.6925,0.0,0.47345294763822776,0.8,0.3758952020864364,0.3572357235723572,0.33414391187155745,0.9162011173184358,medium,0.9999
984712368,0,0.9937,6,0.11594904717967686,0.5,333.18,333.18,333.24,0.6075,0.0,0.9923105089710729,0.3,0.1607933657853933,0.49994999499949994,0.9758877299894526,0.7262569832402236,medium,0.9985
451710464,0,0.8906,7,0.018120576178786554,0.4912,267.57,271.92,267.57,0.5325,0.0,0.8664713780056145,0.4,0.02512279883895458,0.49114911491149116,0.7836634243525137,0.5586592178770949,medium,0.9999
536376968,13,0.7374,8,0.13459658953287004,0.4268,15.75,15.75,89.08,0.6475,0.14130434782608695,0.679482485048212,0.5,0.18665416701566526,0.42674267426742674,0.04588069846478377,0.8156424581005586,low,1.0
536376972,0,0.9337,9,0.07725324930762094,0.3866,83.22,83.22,83.73,0.4475,0.0,0.9190772610765288,0.6,0.10712922504972908,0.38653865386538655,0.24355443572014526,0.36871508379888274,low,0.5968
542169704,0,1.0,5,0.004409402069329889,1.0,68.4,68.4,112.92,0.345,0.0,1.0,0.2,0.006107856195985248,1.0,0.20013477088948783,0.13966480446927373,low,0.6023
"[1391901664, 1391901665]",0,0.828,7,0.0012106810294200017,1.0,80.55,80.55,128.84,0.465,0.0,0.7900646893689734,0.4,0.0016718030455263485,1.0,0.23573186452595798,0.40782122905027945,medium,0.9527
"[542990494, 1409634767]",0,1.0,5,0.0584857257899505,0.2279,57.77,57.77,108.57,0.465,0.0,1.0,0.2,0.08110203143449005,0.22782278227822783,0.16899097621000816,0.40782122905027945,low,1.0
1408579954,0,1.0,6,0.0135138767708435,0.5,73.61,73.61,76.1,0.465,0.0,1.0,0.3,0.018734131878987786,0.49994999499949994,0.21539903902496188,0.40782122905027945,low,0.9997
1227367187,0,0.6546,8,0.25854675713662373,0.1346,35.67,40.07,35.67,0.6925,0.0,0.578420602953741,0.5,0.35855084841993995,0.1345134513451345,0.10424235321692252,0.9162011173184358,low,0.9869
1227367188,0,1.0,8,0.25854675713662373,0.1346,69.4,69.4,71.85,0.6525,0.0,1.0,0.5,0.35855084841993995,0.1345134513451345,0.20306457283487633,0.8268156424581006,low,1.0
"[450369490, 237691685]",0,0.8048,10,0.011534890098504154,0.2512,146.56,146.56,152.14,0.425,0.0,0.7617478335164164,0.7,0.015989631826305965,0.25112511251125114,0.4291280909410523,0.3184357541899442,medium,0.9995
1218238870,0,0.7051,8,0.15989650098206395,0.1577,137.53,137.53,143.93,0.5525,0.0,0.6400585865983156,0.5,0.2217406126576052,0.15761576157615764,0.40267197937419424,0.6033519553072626,medium,0.9969
"[1227317193, 1370023303]",0,0.5763,8,0.2576311811000033,0.0576,64.97,68.09,64.97,0.615,0.0,0.482851214451361,0.5,0.35728110844853905,0.0575057505750575,0.19008555021680532,0.7430167597765364,medium,0.947
"[1370023304, 1217784202]",0,0.851,10,0.06980563209601381,0.1243,19.49,19.81,19.49,0.615,0.0,0.8181374343952154,0.7,0.09680071394083525,0.1242124212421242,0.05683815774053673,0.7430167597765364,low,1.0
"[450369484, 450369485]",0,0.991,10,0.15989650098206395,0.1577,99.08,99.08,104.65,0.615,0.0,0.9890150128158184,0.7,0.2217406126576052,0.15761576157615764,0.29002109457400677,0.7430167597765364,low,0.9978
"[1223359155, 313395783]",0,0.7612,10,0.1288808981660774,0.1438,143.33,143.33,145.49,0.515,0.0,0.7085316733797143,0.7,0.17872752684343393,0.14371437143714375,0.41966483065744753,0.5195530726256984,medium,0.9994
"[313395786, 1223359156]",0,0.6186,10,0.23612147641763614,0.0558,40.96,41.12,40.96,0.425,0.0,0.5344806542170146,0.7,0.32745100071762434,0.0557055705570557,0.11974100550802763,0.3184357541899442,medium,0.9999
44029286,4,1.0,13,0.12137123492852059,0.088,60.04,60.04,63.81,0.3625,0.043478260869565216,1.0,1.0,0.16831296900978562,0.0879087908790879,0.17564162662604005,0.17877094972067042,medium,0.7021
"[237521097, 490667333]",21,0.7733,12,0.2710417121626419,0.2987,38.91,39.44,38.91,0.2825,0.22826086956521738,0.7233003783717807,0.9,0.37587911303459093,0.2986298629862987,0.11373491151998122,0.0,medium,0.9997
"[37103025, 1088102405, 545747646]",9,0.7113,11,0.12137123492852059,0.088,13.72,13.72,14.55,0.5925,0.09782608695652174,0.6476260222140853,0.8,0.16831296900978562,0.0879087908790879,0.03993320051564514,0.6927374301675979,low,0.9997
44029286,4,1.0,13,0.12137123492852059,0.088,60.04,60.04,63.81,0.3625,0.043478260869565216,1.0,1.0,0.16831296900978562,0.0879087908790879,0.17564162662604005,0.17877094972067042,medium,0.7021
308354914,0,1.0,12,0.22790404443748208,0.2107,87.37,87.37,90.66,0.3275,0.0,1.0,0.9,0.31605489440843804,0.21062106210621062,0.25571311379350753,0.10055865921787718,medium,0.9998
"[384799563, 931698363]",0,0.8115,10,0.20001846063885614,0.1449,122.43,122.43,133.89,0.4025,0.0,0.7699255461979739,0.7,0.27738258434486174,0.14481448144814482,0.35843196999882804,0.2681564245810057,medium,0.9999
308355154,0,0.6986,8,0.14981567554128022,0.0492,155.71,155.71,158.79,0.5925,0.0,0.6321249847430733,0.5,0.20776031337615403,0.0491049104910491,0.45593577874135705,0.6927374301675979,medium,0.9888
308355155,0,1.0,8,0.14981567554128022,0.2107,65.72,65.72,69.63,0.4875,0.0,1.0,0.5,0.20776031337615403,0.21062106210621062,0.19228290167584666,0.4581005586592179,low,0.9978
"[545747645, 237914535]",0,0.7058,7,0.15085776564589604,0.4944,26.29,26.29,26.97,0.5925,0.0,0.6409129744904186,0.4,0.20920550569957505,0.49434943494349437,0.07676081096917847,0.6927374301675979,low,0.9712
1065494396,0,1.0,8,0.18017655563346793,0.5,102.31,102.31,102.83,0.6525,0.0,1.0,0.5,0.24986541604163948,0.49994999499949994,0.2994843548576116,0.8268156424581006,low,0.9978
1084045295,0,0.4928,6,0.3170629293966282,0.2629,71.09,73.26,71.09,0.6525,0.0,0.38093494446478704,0.3,0.43970229834884694,0.26282628262826285,0.20801593812258287,0.8268156424581006,medium,0.9969
483469781,0,1.0,8,0.005619108990995469,0.1528,45.81,45.81,46.02,0.4875,0.0,1.0,0.5,0.007785503022336104,0.15271527152715272,0.13395054494316183,0.4581005586592179,low,1.0
217617446,0,0.82,9,0.005619108990995469,0.1528,65.99,65.99,108.6,0.4825,0.0,0.7803002563163676,0.6,0.007785503022336104,0.15271527152715272,0.19307394820110155,0.446927374301676,low,0.9878
"[440369834, 483469782]",0,0.8194,8,0.005619108990995469,0.1528,61.92,61.92,102.38,0.3625,0.0,0.7795679238374222,0.5,0.007785503022336104,0.15271527152715272,0.1811496542833704,0.17877094972067042,low,0.7219
908375892,3,1.0,10,0.12478224489744895,0.6203,80.96,83.04,80.96,0.6525,0.03260869565217391,1.0,0.7,0.1730434288811277,0.6202620262026203,0.23693308332356727,0.8268156424581006,low,0.9993
908375893,15,0.748,8,0.14150369307548424,0.6727,12.13,24.22,12.13,0.73,0.16304347826086957,0.6924203588429146,0.5,0.196233082478585,0.6726672667266727,0.035274815422477436,1.0,low,1.0
"[908375884, 1025549397]",1,0.7746,8,0.0900004492899484,0.6411,19.48,28.23,19.48,0.73,0.010869565217391304,0.7248870987428292,0.5,0.12480730823847953,0.641064106410641,0.05680885972108285,1.0,low,1.0
"[1240777477, 1240777478, 1225011407, 1112878650, 1112878651, 1112878654]",0,0.4797,7,0.36578798551796676,0.4469,123.83,130.15,123.83,,0.0,0.3649456853411449,0.4,0.5072752239076946,0.4468446844684469,0.3625336927223719,0.4581005586592179,high,0.9358
294085164,0,1.0,10,0.0987690175271819,0.4828,34.09,34.09,73.13,0.3225,0.0,1.0,0.7,0.13696774182067442,0.4827482748274828,0.0996132661432087,0.08938547486033527,medium,0.8048
908375881,0,0.7655,8,0.0987690175271819,0.8727,29.75,39.43,29.75,0.73,0.0,0.71378005614549,0.5,0.13696774182067442,0.8726872687268727,0.08689792570022266,1.0,low,0.9994
908375876,0,0.4409,8,0.3400957737039208,0.7717,88.84,104.88,88.84,0.4075,0.0,0.31758818503600633,0.5,0.47164472792572343,0.7716771677167718,0.2600199226532286,0.27932960893854747,high,0.9997
"[908375877, 1248750829]",0,0.7467,8,0.12332919191418601,0.6728,16.72,25.71,16.72,0.73,0.0,0.6908336384718663,0.5,0.17102830465373686,0.6727672767276727,0.04872260635181061,1.0,low,0.9999
908375874,0,1.0,10,0.3213469269959109,0.5728,101.47,101.47,102.17,0.425,0.0,1.0,0.7,0.44564343570022774,0.5727572757275727,0.29702332122348524,0.3184357541899442,medium,0.9986
908375875,9,0.7323,8,0.1290674352182852,0.2782,169.04,171.42,169.04,0.73,0.09782608695652174,0.6732576589771756,0.5,0.17898622032367162,0.2781278127812781,0.4949900386733856,1.0,low,0.9486
294085168,7,1.0,10,0.1290674352182852,0.2782,79.67,81.65,79.67,0.6125,0.07608695652173914,1.0,0.7,0.17898622032367162,0.2781278127812781,0.23315363881401613,0.7374301675977655,low,1.0
"[294085184, 295281243]",42,0.7383,8,0.12918854297594468,0.5,14.42,24.4,14.42,0.73,0.45652173913043476,0.68058098376663,0.5,0.1791541750915952,0.49994999499949994,0.04198406187741708,1.0,low,1.0
"[68506234, 1217655917]",17,0.7842,7,0.11014905776304165,0.1814,19.35,27.53,19.35,0.73,0.18478260869565216,0.7366044184059564,0.4,0.1527498193168905,0.18131813181318132,0.05642798546818235,1.0,low,1.0
450396236,29,0.4516,8,0.3608908566728108,0.3909,95.06,102.28,95.06,0.5675,0.31521739130434784,0.33064811424386675,0.5,0.5004837833379445,0.3908390839083909,0.27824329075354504,0.6368715083798884,medium,0.9982
"[1025549392, 908375873]",0,0.7546,8,0.10597449095259996,0.7039,16.55,26.47,16.55,0.73,0.0,0.7004760161113146,0.5,0.14696044286917664,0.7038703870387039,0.04822454002109457,1.0,low,0.9999
1409641100,0,0.4356,7,0.38638515430819276,0.6553,50.5,50.5,52.66,0.425,0.0,0.31111924813865494,0.4,0.5358398078030723,0.6552655265526552,0.14769131606703384,0.3184357541899442,high,0.9521
908375878,0,1.0,10,0.31410871390669526,0.2212,64.65,77.34,64.65,0.4075,0.0,1.0,0.7,0.4356053306021313,0.22112211221122113,0.18914801359428102,0.27932960893854747,medium,0.9899
908375879,0,0.7676,8,0.0728559496156161,0.0034,37.87,37.87,48.9,0.73,0.0,0.716343219821799,0.5,0.10103095798959823,0.0033003300330033004,0.11068791749677719,1.0,low,1.0
294085180,7,0.7898,8,0.06445791252939051,0.0796,11.1,11.97,11.1,0.73,0.07608695652173914,0.7434395215427804,0.5,0.08938438474697773,0.07950795079507951,0.03225711941872729,1.0,low,1.0
"[1408524849, 1408525895]",6,0.5355,8,0.09091191856579238,0.1752,39.4,39.4,41.08,0.3225,0.06521739130434782,0.43305260588307093,0.5,0.12607135286825696,0.17511751175117513,0.11517051447322157,0.08938547486033527,medium,0.9995
908375886,0,1.0,10,0.06445791252939051,0.7873,61.9,61.9,79.28,0.73,0.0,1.0,0.7,0.08938438474697773,0.7872787278727873,0.18109105824446264,1.0,low,1.0
"[1321519620, 908375887]",6,0.7649,8,0.07588223217930297,0.8011,10.59,22.62,10.59,0.73,0.06521739130434782,0.7130477236665447,0.5,0.10522786985947487,0.8010801080108011,0.03076292042657916,1.0,low,1.0
908375890,1,0.7277,5,0.11482435936438172,0.8548,10.39,23.35,10.39,0.73,0.010869565217391304,0.6676431099719273,0.2,0.1592336252315677,0.8547854785478548,0.030176960037501463,1.0,low,1.0
908375891,0,0.423,8,0.3510999069259857,0.7387,124.66,133.77,124.66,0.6525,0.0,0.2957402660808007,0.5,0.48690548972356545,0.7386738673867387,0.3649654283370443,0.8268156424581006,high,0.7917
237910183,26,0.8266,8,0.04881850884523035,0.22,102.63,102.63,104.18,,0.2826086956521739,0.7883559135847675,0.5,0.0676953330545014,0.21992199219921993,0.30042189148013587,0.4581005586592179,low,1.0
1097232782,66,0.7962,10,0.15130405605114397,0.3344,39.34,46.9,39.34,0.5275,0.717391304347826,0.7512510679848652,0.7,0.20982443055532785,0.3343334333433343,0.11499472635649828,0.547486033519553,low,1.0
1080039483,0,0.7622,7,0.1760027125759215,0.0642,65.21,66.47,65.21,0.6525,0.0,0.7097522275112901,0.4,0.24407704330955796,0.0641064106410641,0.19078870268369852,0.8268156424581006,low,0.9996
1264903890,16,0.7393,8,0.19763324505781213,0.0559,29.01,29.01,29.75,0.5275,0.17391304347826086,0.6818015378982057,0.5,0.2740747175566057,0.0558055805580558,0.08472987226063518,0.547486033519553,low,0.9999
"[544248641, 4746924]",24,0.6,10,0.25015478651121237,0.167,24.08,24.27,24.08,0.425,0.2608695652173913,0.5117783473697058,0.7,0.346912688271888,0.16691669166916692,0.0702859486698699,0.3184357541899442,medium,0.6358
237645187,2,0.4859,9,0.3234637646743023,0.1272,146.14,146.14,149.97,0.6525,0.021739130434782608,0.37251312095691447,0.6,0.44857911040742354,0.12711271127112714,0.4278975741239891,0.8268156424581006,medium,0.9988
"[1074168216, 1097233500]",3,0.6477,10,0.327693256246461,0.3273,127.51,127.51,130.49,0.455,0.03260869565217391,0.5699987794458685,0.7,0.4544446576619107,0.3272327232723272,0.3733153638814016,0.3854748603351956,medium,0.6013
"[226319969, 251749479, 1106701069, 1217655918, 1217655901]",0,0.8334,6,0.199653396504827,0.5268,13.78,25.35,13.78,0.415,0.0,0.7966556816794825,0.3,0.2768763057786242,0.5267526752675268,0.04010898863236845,0.29608938547486036,low,0.5983
544113526,0,0.8908,10,0.027320288132105287,0.3503,89.3,89.3,89.56,0.465,0.0,0.8667154888319297,0.7,0.037881151531999564,0.35023502350235025,0.26136763154810727,0.40782122905027945,low,0.5091
237805201,0,0.6639,8,0.15961755813081402,1.0,99.65,104.97,99.65,0.615,0.0,0.5897717563773954,0.5,0.2213537688851579,1.0,0.2916910816828782,0.7430167597765364,medium,0.9999
"[1409641094, 1233252983]",0,0.7684,8,0.07622855217886369,0.129,117.79,117.79,120.36,0.345,0.0,0.7173196631270596,0.5,0.10570815366851923,0.12891289128912892,0.34483768897222544,0.13966480446927373,medium,0.9996
4746042,0,0.4976,7,0.15342825190620074,0.3097,71.25,82.36,71.25,0.4875,0.0,0.38679360429635046,0.4,0.21277030973561478,0.3096309630963096,0.20848470643384504,0.4581005586592179,medium,0.9999
"[295263584, 1025876539]",11,0.7271,7,0.18104173160490056,0.0072,105.15,106.57,105.15,0.6475,0.11956521739130435,0.6669107774929818,0.4,0.2510652601499219,0.0071007100710071,0.3078049923825149,0.8156424581005586,low,0.9996
905205417,1,0.7421,8,0.14060945690666563,0.0035,11.27,21.97,11.27,0.6475,0.010869565217391304,0.6852190894666178,0.5,0.19499293708158164,0.0034003400340034007,0.03275518574944333,0.8156424581005586,low,1.0
"[1409652517, 1409652518]",5,0.4595,7,0.4071187555820489,0.1838,82.52,86.31,82.52,0.385,0.05434782608695652,0.34029049188331506,0.4,0.5645935991164402,0.18371837183718373,0.24150357435837333,0.229050279329609,medium,0.5049
116315093,0,0.7802,8,6.4349025334408e-05,0.1878,1.33,1.33,7.77,0.6075,0.0,0.7317222018796534,0.5,8.204587859971359e-05,0.18771877187718772,0.003632954412281729,0.7262569832402236,low,1.0
1288318006,0,1.0,8,0.005982702286162184,1.0,62.28,62.43,62.28,0.5925,0.0,1.0,0.5,0.008289741798517561,1.0,0.18220438298371028,0.6927374301675979,low,0.9995
450369488,0,0.965,8,0.05343534283829335,0.2478,96.39,102.49,96.39,0.615,0.0,0.9572806053948493,0.5,0.0740980548687956,0.24772477247724772,0.2821399273409117,0.7430167597765364,low,1.0
1288323077,0,0.9495,8,1.6832207077051284e-05,0.4983,153.42,160.36,153.42,0.5525,0.0,0.9383620163554254,0.5,1.6148562547336494e-05,0.49824982498249826,0.44922653228641735,0.6033519553072626,low,0.8483
1121182652,10,0.7165,8,0.0981045739800374,0.4927,6.49,6.49,10.43,0.6925,0.10869565217391304,0.6539729036982791,0.5,0.1360462776311321,0.4926492649264927,0.018750732450486345,0.9162011173184358,low,1.0
"[446419828, 1408936332]",0,0.4664,8,0.32940944587150234,0.2225,91.91,91.91,95.78,0.425,0.0,0.3487123153911875,0.5,0.45682470528030633,0.22242224222422244,0.26901441462557124,0.3184357541899442,medium,0.5914
908550631,0,0.8031,7,0.09091619139979314,0.0306,172.82,179.47,172.82,0.6925,0.0,0.7596728914927378,0.4,0.12607727852369674,0.0305030503050305,0.5060646900269541,0.9162011173184358,low,0.9883
1408937696,0,0.9662,7,0.03705762076994604,0.134,85.04,88.49,85.04,0.425,0.0,0.95874527035274,0.4,0.05138508781972805,0.13391339133913394,0.24888667526075234,0.3184357541899442,low,0.9982
526206808,0,0.8221,7,0.16913365242782624,0.134,89.42,93.85,89.42,0.425,0.0,0.7828634199926767,0.4,0.2345508872207769,0.13391339133913394,0.26171920778155394,0.3184357541899442,medium,0.9145
1097230874,0,0.9185,8,0.027656279586910037,0.2408,78.0,78.0,94.8,0.4475,0.0,0.9005248382765776,0.5,0.03834711149944201,0.24072407240724072,0.22826086956521735,0.36871508379888274,low,0.9889
1097230875,15,0.7804,9,0.18269606547685582,0.6829,32.86,32.86,36.26,0.5275,0.16304347826086957,0.7319663127059685,0.6,0.2533595249179446,0.6828682868286828,0.09600960975038085,0.547486033519553,low,0.9556
238179169,0,0.467,9,0.22423467075570744,0.2567,87.65,89.82,87.65,0.4925,0.0,0.349444647870133,0.6,0.3109661303436273,0.25662566256625663,0.2565334583382163,0.46927374301675984,medium,0.9983
521045100,0,0.6294,7,0.2134464172120355,0.4952,78.65,85.14,78.65,0.6925,0.0,0.5476626388380325,0.4,0.2960047549929017,0.4951495149514951,0.2301652408297199,0.9162011173184358,medium,0.7245
"[1318828041, 499563627]",0,0.6235,10,0.22514852625538898,0.2285,81.33,88.36,81.33,,0.0,0.5404613694617357,0.7,0.3122334842384642,0.22842284228422843,0.238017110043361,0.4581005586592179,medium,0.9999
579970672,0,0.5654,9,0.2873684280954107,0.1775,134.45,134.66,134.45,0.6925,0.0,0.46954717441718546,0.6,0.39852134370946307,0.1774177417741774,0.39364818938239765,0.9162011173184358,medium,0.9999
"[1108868088, 166649208, 1108868093]",0,0.5932,11,0.2895892948837462,0.0183,202.99,216.01,202.99,0.59,0.0,0.5034785792749908,0.8,0.40160128815920565,0.018201820182018203,0.5944568147193249,0.6871508379888268,medium,0.6498
1108868094,0,0.7814,9,0.01192712157172458,0.0183,185.1,197.85,185.1,0.4875,0.0,0.7331868668375442,0.6,0.016533586625983535,0.018201820182018203,0.5420426579163248,0.4581005586592179,medium,0.9959
"[499563626, 908402012, 490655486]",0,0.4845,11,0.4632687196287221,0.0079,78.19,92.37,78.19,0.69,0.0,0.3708043451727083,0.8,0.6424635420716458,0.007800780078007801,0.22881753193484117,0.9106145251396647,medium,0.9993
"[166649208, 1108868093, 1108868088]",0,0.5932,11,0.2895892948837461,0.0183,202.99,216.01,202.99,0.59,0.0,0.5034785792749908,0.8,0.4016012881592055,0.018201820182018203,0.5944568147193249,0.6871508379888268,medium,0.6498
238179162,0,0.6392,8,0.18870316494909925,0.5,193.35,193.35,207.9,0.5325,0.0,0.5596240693274747,0.5,0.26169029593751314,0.49994999499949994,0.5662135239657798,0.5586592178770949,medium,0.883
521045101,0,0.7929,9,0.0779863485100944,0.0254,136.57,139.72,136.57,0.6925,0.0,0.7472232393506653,0.6,0.10814590233610567,0.025302530253025302,0.39985936950662126,0.9162011173184358,low,0.995
"[1395752172, 1395746247]",0,0.8843,5,9.207214731936354e-05,0.0989,99.79,99.79,138.6,0.3625,0.0,0.8587818869766873,0.2,0.00012049288322672008,0.09880988098809881,0.29210125395523256,0.17877094972067042,low,0.9801
1225985838,17,1.0,8,0.0033648242032131275,0.5,189.5,197.44,189.5,0.6525,0.18478260869565216,1.0,0.5,0.004659213792952367,0.49994999499949994,0.5549337864760341,0.8268156424581006,low,1.0
1225985839,24,0.8094,7,0.0033648242032131275,0.5,168.33,175.66,168.33,0.6925,0.2608695652173913,0.7673623825216649,0.4,0.004659213792952367,0.49994999499949994,0.4929098792921598,0.9162011173184358,low,1.0
312564222,0,0.5828,8,0.22519109160437295,0.5853,83.8,83.8,127.85,,0.0,0.4907848163066032,0.5,0.31229251475350595,0.5852585258525853,0.24525372084847058,0.4581005586592179,medium,0.9986
1017855764,0,0.6723,5,0.09079117142398305,0.2355,137.38,137.38,171.74,0.425,0.0,0.6000244110826315,0.2,0.12590389820992662,0.23542354235423543,0.40223250908238595,0.3184357541899442,medium,0.9991
"[237519393, 165522954]",20,0.8265,9,0.1280504352777061,0.251,5.34,5.34,14.26,0.3225,0.21739130434782608,0.78823385817161,0.6,0.1775758235637999,0.25092509250925094,0.01538146021328958,0.08938547486033527,low,0.9977
"[478522659, 708242303]",0,0.532,9,0.2710417121626419,0.2987,95.77,95.77,117.06,0.6525,0.0,0.4287806664225559,0.6,0.37587911303459093,0.2986298629862987,0.28032345013477084,0.8268156424581006,medium,0.9999
"[237521097, 490667333]",21,0.7733,12,0.2710417121626419,0.2987,38.91,39.44,38.91,0.2825,0.22826086956521738,0.7233003783717807,0.9,0.37587911303459093,0.2986298629862987,0.11373491151998122,0.0,medium,0.9997
182069872,0,0.8724,12,0.22211056266536391,0.0309,60.11,60.11,61.02,0.3275,0.0,0.8442572928109361,0.9,0.30802037287727785,0.030803080308030802,0.17584671276221725,0.10055865921787718,medium,0.9999
490655483,0,0.7497,12,0.22790404443748208,0.0963,16.79,16.79,18.44,0.3275,0.0,0.6944953008665935,0.9,0.31605489440843804,0.0962096209620962,0.048927692487987805,0.10055865921787718,medium,0.9999
579981377,0,0.5914,11,0.2142723927137613,0.1483,111.72,119.38,111.72,0.6525,0.0,0.5012815818381546,0.8,0.29715023507100685,0.1482148214821482,0.32705379116371724,0.8268156424581006,medium,0.9996
1426432499,0,1.0,10,0.022865006034669226,0.2908,97.9,97.9,99.58,0.3275,0.0,1.0,0.7,0.03170247326092684,0.2907290729072907,0.28656392827844834,0.10055865921787718,medium,0.9186
182072847,0,0.574,10,0.21039433812054323,0.2854,123.97,132.81,123.97,0.6925,0.0,0.4800439399487367,0.7,0.2917720679594474,0.2853285328532853,0.3629438649947263,0.9162011173184358,medium,0.9996
"[490655488, 182069872]",0,0.7781,12,0.4632687196287221,0.2908,31.3,31.3,35.09,0.3275,0.0,0.7291590382033444,0.9,0.6424635420716458,0.2907290729072907,0.09143911871557482,0.10055865921787718,high,0.8069
"[532698806, 237529495]",0,0.7548,8,0.2664278360858405,0.0119,47.14,47.14,49.36,0.3225,0.0,0.7007201269376298,0.5,0.3694804933203509,0.011801180118011803,0.1378471815305285,0.08938547486033527,medium,0.9997
404402522,0,1.0,9,0.15463809186655986,0.0419,64.33,64.33,66.31,0.6525,0.0,1.0,0.6,0.21444814106280463,0.0418041804180418,0.18821047697175666,0.8268156424581006,low,1.0
1245668410,0,1.0,6,0.004929753239311274,0.2567,77.25,77.25,77.94,0.425,0.0,1.0,0.3,0.0068294900671920745,0.25662566256625663,0.22606351810617598,0.3184357541899442,low,0.9999
"[74387522, 1226864102]",11,0.6246,7,0.1355406621619907,0.5235,170.15,177.5,170.15,,0.11956521739130435,0.541803979006469,0.4,0.1879634266567594,0.5234523452345234,0.4982421188327668,0.4581005586592179,medium,0.9999
"[1226864208, 399552097]",16,0.5945,7,0.16888608550706521,0.13,129.66,139.15,129.66,,0.17391304347826086,0.5050652996460393,0.4,0.23420755624408682,0.12991299129912992,0.3796144380639868,0.4581005586592179,medium,0.9768
237805202,0,1.0,6,0.009637890972967352,0.5,102.06,102.06,102.24,0.465,0.0,1.0,0.3,0.013358833816019839,0.49994999499949994,0.2987519043712645,0.40782122905027945,low,0.9975
521565663,0,1.0,8,0.009637890972967352,0.5,78.69,78.69,79.42,0.385,0.0,1.0,0.5,0.013358833816019839,0.49994999499949994,0.2302824329075354,0.229050279329609,low,0.9101
"[237914515, 542990493]",0,1.0,6,0.1829213939655768,0.0496,73.42,73.42,84.94,0.465,0.0,1.0,0.3,0.25367201517258303,0.0495049504950495,0.21484237665533806,0.40782122905027945,low,0.9994
237914536,0,0.6517,8,0.2764540583111594,0.1637,41.86,127.25,41.86,0.6925,0.0,0.5748809959721713,0.5,0.38338506772208736,0.16361636163616364,0.12237782725887728,0.9162011173184358,low,0.9471
553772888,0,0.3689,8,0.21062533380149523,0.289,107.51,112.52,107.51,0.465,0.0,0.2297082875625534,0.5,0.29209241759464355,0.2889288928892889,0.31471932497363175,0.40782122905027945,medium,0.8926
449991649,0,1.0,8,0.10010906821983331,0.524,51.87,56.17,51.87,0.385,0.0,1.0,0.5,0.13882615211114427,0.523952395239524,0.15170514473221605,0.229050279329609,low,0.8286
547249781,0,1.0,8,0.10010906821983331,0.524,33.33,33.33,33.63,0.6525,0.0,1.0,0.5,0.13882615211114427,0.523952395239524,0.09738661666471343,0.8268156424581006,low,1.0
44029116,77,0.711,10,0.27465256164900453,0.3575,25.07,34.89,25.07,0.6925,0.8369565217391305,0.6472598559746124,0.7,0.380886714522798,0.3574357435743574,0.07318645259580452,0.9162011173184358,low,1.0
440369835,1,1.0,10,0.04771976870642437,1.0,22.45,22.45,29.14,0.3625,0.010869565217391304,1.0,0.7,0.06617157728040514,1.0,0.06551037149888667,0.17877094972067042,medium,0.8613
545718429,3,0.8833,9,0.04771976870642437,1.0,31.99,31.99,36.29,0.4025,0.03260869565217391,0.8575613328451116,0.6,0.06617157728040514,1.0,0.09346068205789287,0.2681564245810057,medium,0.9227
491443472,0,0.6693,8,0.2540811993223078,0.0932,20.74,28.64,20.74,0.6925,0.0,0.5963627486879043,0.5,0.35235791957006735,0.0931093109310931,0.06050041017227234,0.9162011173184358,low,0.9986
491622341,0,1.0,8,0.2540811993223078,0.0867,48.59,48.59,59.75,0.385,0.0,1.0,0.5,0.35235791957006735,0.08660866086608661,0.14209539435134183,0.229050279329609,low,0.7938
44027589,0,0.8736,10,0.1191383547778593,0.2819,54.08,54.08,57.92,0.385,0.0,0.8457219577688271,0.7,0.1652163641782442,0.2818281828182818,0.15818000703152463,0.229050279329609,medium,0.95
237506945,0,0.6762,8,0.2695965277586079,0.2819,72.1,82.23,72.1,0.6925,0.0,0.604784572195777,0.5,0.3738749011172273,0.2818281828182818,0.21097503808742524,0.9162011173184358,low,0.5304
27465349,0,1.0,8,0.012147074296487677,0.6037,83.74,83.74,91.65,0.6925,0.0,1.0,0.5,0.016838621658880573,0.6036603660366037,0.24507793273174727,0.9162011173184358,low,1.0
"[237522644, 1392183135]",0,0.7426,9,0.1486706793226139,0.8875,22.0,22.0,98.96,0.4025,0.0,0.6858293665324058,0.6,0.20617240870434766,0.8874887488748875,0.06419196062346184,0.2681564245810057,medium,0.9999
"[237522641, 890191183]",0,0.4888,8,0.11696283634112511,0.2761,107.52,112.76,107.52,0.385,0.0,0.3760527279384841,0.5,0.1621993097697022,0.27602760276027605,0.3147486229930856,0.229050279329609,medium,0.9966
237522643,0,0.6565,7,0.27701412272908094,0.1097,17.53,30.65,17.53,0.6925,0.0,0.5807396558037349,0.4,0.384161776755036,0.10961096109610961,0.05109574592757529,0.9162011173184358,low,0.9988
519375850,3,1.0,7,0.25548693708074477,0.2489,39.18,39.18,45.15,0.425,0.03260869565217391,1.0,0.4,0.3543074260553872,0.24882488248824886,0.11452595804523612,0.3184357541899442,low,0.9891
"[1157644016, 1157644017, 237652083]",54,0.6897,8,0.24035936549791184,0.2494,20.0,30.97,20.0,0.6925,0.5869565217391305,0.6212620529720493,0.5,0.33332819381176865,0.24932493249324936,0.05833235673268486,0.9162011173184358,low,1.0
483469231,39,0.4629,9,0.3308497873967342,0.2244,103.95,103.95,106.34,0.425,0.42391304347826086,0.3444403759306725,0.6,0.458822200992193,0.22432243224322432,0.3042892300480487,0.3184357541899442,medium,0.9994
237910184,3,0.6678,8,0.25868524386408287,0.6544,13.81,24.86,13.81,0.6925,0.03260869565217391,0.5945319174905407,0.5,0.35874290470617964,0.6543654365436543,0.0401968826907301,0.9162011173184358,low,0.9364
1157644014,0,1.0,8,0.0013528463887632514,0.9234,74.33,74.33,74.35,0.425,0.0,1.0,0.5,0.001868960935299228,0.9233923392339234,0.21750849642564157,0.3184357541899442,low,0.6228
238179181,46,0.698,8,0.23547217937832174,0.8655,179.56,182.12,179.56,0.6925,0.5,0.6313926522641279,0.5,0.3265505420215089,0.8654865486548655,0.5258115551388726,0.9162011173184358,low,0.991
1232210089,15,0.4603,8,0.3410103765011623,0.2497,134.23,143.49,134.23,0.6525,0.16304347826086957,0.34126693518857554,0.5,0.47291311818842535,0.24962496249624963,0.3930036329544122,0.8268156424581006,medium,0.9999
1157643606,0,1.0,7,0.24053986340328196,0.1659,96.56,96.56,98.52,0.6525,0.0,1.0,0.4,0.33357851207703093,0.16581658165816582,0.28263799367162773,0.8268156424581006,low,0.9999
1157643607,0,0.6977,7,0.24053986340328196,0.1659,46.44,51.71,46.44,0.6925,0.0,0.6310264860246552,0.4,0.33357851207703093,0.16581658165816582,0.13579632016875656,0.9162011173184358,low,0.9978
44029117,0,0.6678,7,0.2532770089639152,0.2347,179.85,179.85,180.04,0.5925,0.0,0.5945319174905407,0.4,0.35124265158376716,0.23462346234623463,0.5266611977030352,0.6927374301675979,medium,0.9998
"[1144051232, 1185522070]",0,0.4146,6,0.3572654998501138,0.1781,124.55,127.48,124.55,,0.0,0.28548761137556455,0.3,0.4954560627726914,0.17801780178017804,0.3646431501230516,0.4581005586592179,medium,0.6448
"[238179178, 545747643]",0,0.6816,8,0.2522210570796626,0.7606,22.93,22.93,23.05,0.5925,0.0,0.6113755645062858,0.5,0.3497782354548122,0.7605760576057606,0.06691667643267314,0.6927374301675979,medium,0.9774
553743885,0,1.0,8,0.2532770089639152,0.4782,91.4,91.4,92.48,,0.0,1.0,0.5,0.35124265158376716,0.47814781478147816,0.26752021563342315,0.4581005586592179,medium,0.8581
"[1144051233, 545747644]",0,0.6865,6,0.23953748364754596,0.3092,1.04,1.04,4.41,0.5925,0.0,0.6173562797510069,0.3,0.3321883908948743,0.30913091309130913,0.002783311848119067,0.6927374301675979,low,0.9952
1479227020,0,1.0,8,0.005619108990995469,0.1528,46.19,46.19,52.18,0.6075,0.0,1.0,0.5,0.007785503022336104,0.15271527152715272,0.13506386968240944,0.7262569832402236,low,1.0
1243745478,1,1.0,9,0.0028910645527790617,0.2629,69.9,69.9,70.84,0.5325,0.010869565217391304,1.0,0.6,0.004002194014219943,0.26282628262826285,0.20452947380757058,0.5586592178770949,low,1.0
1243745477,0,0.6771,8,0.2642147376180876,0.2526,17.01,29.16,17.01,0.6525,0.0,0.6058830709141951,0.5,0.3664113221398508,0.25252525252525254,0.049572248915973276,0.8268156424581006,low,0.9735
44029498,0,0.744,8,0.11000132761937352,0.293,173.34,173.34,179.59,0.6925,0.0,0.6875381423166117,0.5,0.1525449440679831,0.29292929292929293,0.5075881870385561,0.9162011173184358,medium,0.8386
549749259,0,0.5297,8,0.27719017087642633,0.065,116.38,116.38,120.64,0.6525,0.0,0.4259733919199316,0.5,0.38440592400292667,0.06490649064906491,0.3407066682292276,0.8268156424581006,medium,0.9996
1047438433,0,0.6936,8,0.18761441495826536,0.1069,154.8,155.69,154.8,0.6925,0.0,0.6260222140851947,0.5,0.2601803947092907,0.1068106810681068,0.45326965897105354,0.9162011173184358,medium,0.8959
1144050006,0,1.0,8,0.21122366085178376,0.2188,213.28,213.28,219.01,0.6525,0.0,1.0,0.5,0.2929221900453578,0.21872187218721872,0.6246044767373724,0.8268156424581006,medium,0.8195
308355153,0,0.4162,8,0.29856824334471443,0.2991,118.88,128.52,118.88,0.4875,0.0,0.2874404979860857,0.5,0.41405348142992876,0.299029902990299,0.3480311730926989,0.4581005586592179,high,0.6199
830027504,0,0.6977,10,0.22790404443748208,0.3388,18.4,27.98,18.4,0.6925,0.0,0.6310264860246552,0.7,0.31605489440843804,0.33873387338733874,0.053644673620063275,0.9162011173184358,low,0.975
"[255327602, 255327603, 521045102]",0,0.7016,10,0.20001846063885614,0.1449,130.97,137.86,130.97,,0.0,0.6357866471378005,0.7,0.27738258434486174,0.14481448144814482,0.38345247861244575,0.4581005586592179,medium,0.9999
308354914,0,1.0,12,0.22790404443748208,0.2107,87.37,87.37,90.66,0.3275,0.0,1.0,0.9,0.31605489440843804,0.21062106210621062,0.25571311379350753,0.10055865921787718,medium,0.9998
490655483,0,0.7497,12,0.22790404443748208,0.0963,16.79,16.79,18.44,0.3275,0.0,0.6944953008665935,0.9,0.31605489440843804,0.0962096209620962,0.048927692487987805,0.10055865921787718,medium,0.9999
238179159,0,0.4896,9,0.16993724272965305,0.1157,130.14,131.83,130.14,0.5325,0.0,0.3770291712437446,0.6,0.23566532303609808,0.11561156115611561,0.3810207429977732,0.5586592178770949,medium,0.9998
449991652,0,0.6693,9,0.13581610698749097,0.1993,12.82,12.82,13.75,,0.0,0.5963627486879043,0.6,0.18834541929403312,0.19921992199219923,0.037296378764795496,0.4581005586592179,low,0.5511
"[1088102403, 308354707]",0,0.7696,10,0.07830074867551923,0.5,106.44,106.44,118.84,0.6925,0.0,0.7187843280849505,0.7,0.10858191905245457,0.49994999499949994,0.31158443689206605,0.9162011173184358,low,0.7985
308354708,0,1.0,7,0.0009205680859951803,0.0892,59.27,59.27,59.67,0.385,0.0,1.0,0.4,0.0012694683559390256,0.0891089108910891,0.1733856791280909,0.229050279329609,low,0.9999
"[44029588, 1223353348, 826518550]",0,0.7183,6,0.17254483515368566,0.0738,171.17,171.17,171.66,0.6525,0.0,0.6561699011351154,0.3,0.23928158667503938,0.0737073707370737,0.5012305168170631,0.8268156424581006,medium,0.7881
550090166,0,0.5329,8,0.25366823960579027,0.0154,107.61,107.61,114.78,0.425,0.0,0.4298791651409741,0.5,0.35178521840963045,0.015301530153015303,0.3150123051681706,0.3184357541899442,medium,0.9982
"[1408936328, 1408936327]",0,0.6342,8,0.29148411197026297,0.026,19.93,19.93,20.94,0.425,0.0,0.553521298669596,0.5,0.40422906007220216,0.0259025902590259,0.058127270596507664,0.3184357541899442,medium,0.9973
237805210,0,0.697,9,0.11649917894850888,0.2652,13.04,13.04,16.54,0.4875,0.0,0.6301720981325521,0.6,0.16155630001311938,0.26512651265126513,0.03794093519278096,0.4581005586592179,low,0.7231
918438452,0,0.7259,8,0.10824227538698053,0.448,104.7,104.7,108.52,0.6125,0.0,0.6654461125350909,0.5,0.15010545369043257,0.44794479447944796,0.3064865815070901,0.7374301675977655,medium,0.7533
1409641110,0,1.0,8,0.1658765272800928,0.2866,132.81,132.81,139.0,0.6525,0.0,1.0,0.5,0.2300338380336903,0.28652865286528656,0.38884331419196055,0.8268156424581006,low,0.9976
232589228,0,0.7787,8,0.11897330024338779,0.0115,213.6,213.6,218.52,0.4475,0.0,0.7298913706822897,0.5,0.16498746310231277,0.011401140114011402,0.6255420133598968,0.36871508379888274,medium,0.9999
450610283,0,0.9998,8,0.17292748127584048,0.5,170.61,179.93,170.61,0.615,0.0,0.9997558891736849,0.5,0.23981224830964806,0.49994999499949994,0.49958982772764554,0.7430167597765364,medium,0.73
232589228,0,0.7758,8,0.1383482447544308,0.3128,100.13,106.87,100.13,0.4475,0.0,0.7263517637007202,0.5,0.19185704083848198,0.31273127312731275,0.2930973866166646,0.36871508379888274,medium,0.9966
450613276,0,1.0,8,0.01562889348723806,0.4541,36.92,36.92,40.13,,0.0,1.0,0.5,0.021667281238051506,0.45404540454045406,0.10790460564865813,0.4581005586592179,low,1.0
"[570553571, 571448015]",0,0.7805,7,0.33388784709638086,0.4541,89.1,89.1,90.42,0.6075,0.0,0.732088368119126,0.4,0.46303544564021004,0.45404540454045406,0.26078167115902956,0.7262569832402236,medium,0.9851
65184542,0,0.9121,5,0.011027529265283578,0.5,9.73,9.73,13.04,0.6125,0.0,0.8927132918344929,0.2,0.015286013225450734,0.49994999499949994,0.028243290753545057,0.7374301675977655,low,1.0
65184546,0,0.9443,5,1.599616095119745e-05,0.5,57.24,57.24,82.13,0.5675,0.0,0.9320151348712316,0.2,1.4989116317343476e-05,0.49994999499949994,0.16743818117895226,0.6368715083798884,low,1.0
546578349,0,0.517,8,0.17076414304170076,0.5,144.92,144.92,148.83,0.5325,0.0,0.41047235444891983,0.5,0.23681208566047438,0.49994999499949994,0.42432321575061516,0.5586592178770949,medium,0.9861
"[1408937697, 546578351]",0,0.551,8,0.1721351888966875,0.4998,177.02,177.25,177.02,0.425,0.0,0.4519711949224949,0.5,0.23871348068947285,0.4997499749974998,0.5183698581975857,0.3184357541899442,high,0.9392
74398635,0,0.6202,7,0.27395204545381896,0.004,98.11,98.11,102.43,,0.0,0.5364335408275357,0.4,0.37991522403149586,0.0039003900390039005,0.2871791866869799,0.4581005586592179,medium,0.9998
1408936331,2,0.8369,7,0.02491695922065066,0.0254,91.44,92.21,91.44,0.425,0.021739130434782608,0.8009276211399975,0.4,0.03454816479879334,0.025302530253025302,0.2676374077112387,0.3184357541899442,low,0.9842
74398635,0,0.4932,7,0.3645646666571108,0.2148,84.67,92.84,84.67,,0.0,0.3814231661174173,0.4,0.5055786997597592,0.2147214721472147,0.2478026485409586,0.4581005586592179,medium,0.9884
238179170,0,0.6503,8,0.20791402168136275,0.1009,167.81,167.81,173.4,0.425,0.0,0.5731722201879653,0.5,0.2883323133147374,0.10081008100810081,0.49138638228055775,0.3184357541899442,medium,0.9869
"[1137827992, 546184106]",0,0.8501,6,0.013977038652093753,0.5,59.51,59.51,90.14,0.465,0.0,0.8170389356767972,0.3,0.019376454450058422,0.49994999499949994,0.17408883159498414,0.40782122905027945,low,0.9936
"[76620724, 1409614853]",0,0.4321,7,0.3477809572001371,0.0128,22.74,24.24,22.74,0.425,0.0,0.3068473086781398,0.4,0.48230270092020666,0.012701270127012703,0.06636001406304932,0.3184357541899442,medium,0.9999
"[987520328, 1408626372]",0,0.8895,5,0.1144350122118141,0.0607,35.72,35.72,39.64,0.425,0.0,0.8651287684608812,0.2,0.1586936704680168,0.0606060606060606,0.10438884331419193,0.3184357541899442,low,0.9999
"[1111226848, 340350450, 1111226852]",0,0.8803,7,0.3015923589280699,0.0607,26.65,26.65,65.1,0.6525,0.0,0.8538996704503844,0.4,0.41824738808621964,0.0606060606060606,0.07781553966951832,0.8268156424581006,low,1.0
77912997,0,0.4429,6,0.3105665926264671,0.5312,94.88,105.18,94.88,0.6925,0.0,0.3200292932991578,0.3,0.430693042825731,0.5311531153115312,0.27771592640337506,0.9162011173184358,medium,0.9999
454019112,0,0.5329,7,0.12902008092594278,0.5312,155.71,165.14,155.71,0.6525,0.0,0.4298791651409741,0.4,0.17892054840195276,0.5311531153115312,0.45593577874135705,0.8268156424581006,medium,0.9999
237912795,0,0.7283,6,0.14342576321376013,0.1818,104.8,108.49,104.8,0.6525,0.0,0.6683754424508727,0.3,0.19889864949300085,0.18171817181718172,0.3067795617016289,0.8268156424581006,low,0.9884
4746243,0,0.6748,8,0.11140613838178931,0.0893,94.2,94.2,258.08,0.6525,0.0,0.6030757964115708,0.5,0.15449316497585844,0.0892089208920892,0.27572366108051094,0.8268156424581006,low,0.9636
612051632,0,0.398,7,0.20237241233610068,0.4002,9.76,9.76,135.84,,0.0,0.2652264127914073,0.4,0.2806470937260499,0.40014001400140015,0.02833118481190671,0.4581005586592179,medium,0.9999
"[23348945, 129216259, 768101885]",0,1.0,6,0.07905949754604319,1.0,131.83,131.83,137.16,0.3625,0.0,1.0,0.3,0.10963416783423323,1.0,0.3859721082854799,0.17877094972067042,medium,0.9995
43926754,0,1.0,8,0.08398360126427845,0.8487,68.03,68.03,69.53,0.5675,0.0,1.0,0.5,0.11646301772139915,0.8486848684868487,0.1990507441696941,0.6368715083798884,low,0.9939
129169445,0,0.7825,8,0.027881904068175416,0.4635,39.61,39.61,50.94,0.4875,0.0,0.7345294763822775,0.5,0.0386600122427235,0.4634463446344635,0.11578577288175317,0.4581005586592179,low,0.9616
237655878,0,0.5298,8,0.07962497509443697,0.0778,10.9,10.9,15.56,0.425,0.0,0.4260954473330893,0.5,0.11041838390958586,0.0777077707770777,0.03167115902964959,0.3184357541899442,medium,0.9041
591631645,0,0.4185,8,0.21103021315516174,0.0778,22.11,22.11,23.89,0.4475,0.0,0.29024777248870987,0.5,0.2926539127391025,0.0777077707770777,0.06451423883745458,0.36871508379888274,medium,0.9999
331574672,0,0.8832,7,0.11589747297199915,0.0438,49.26,53.06,49.26,0.6075,0.0,0.8574392774319541,0.4,0.1607218415969453,0.0437043704370437,0.1440583616547521,0.7262569832402236,low,1.0
94529718,0,0.3271,6,0.36501149720083487,0.1872,85.13,85.13,91.92,,0.0,0.17868912486268765,0.3,0.5061983736908328,0.18711871187118714,0.24915035743583727,0.4581005586592179,medium,0.8457
60344581,0,0.644,7,0.23668949609265505,0.0989,15.26,15.26,15.47,0.4875,0.0,0.5654827291590382,0.4,0.3282387422672786,0.09880988098809881,0.044445095511543416,0.4581005586592179,medium,0.6254
"[853255411, 1227777119]",0,0.8008,6,0.007838700330234875,0.0989,6.6,62.76,6.6,0.4025,0.0,0.7568656169901135,0.3,0.010863678652631653,0.09880988098809881,0.019073010664479077,0.2681564245810057,low,0.9999
"[87031379, 237659846]",0,0.7065,8,0.10895301032761232,0.2628,25.85,25.85,32.72,0.4475,0.0,0.6417673623825217,0.5,0.15109111575136042,0.2627262726272627,0.07547169811320754,0.36871508379888274,medium,0.5138
1409614866,0,0.9999,8,0.13800181746111984,0.5,94.9,94.9,95.75,0.425,0.0,0.9998779445868424,0.5,0.1913766082322237,0.49994999499949994,0.27777452244228285,0.3184357541899442,medium,0.7937
307933391,23,0.4616,9,0.32307336878004483,0.0337,42.95,42.95,117.12,0.6525,0.25,0.3428536555596241,0.6,0.4480377012269919,0.0336033603360336,0.12557131137935074,0.8268156424581006,low,0.9518
314679885,79,0.6597,9,0.3138012243480517,0.0021,53.16,53.16,57.63,0.5275,0.8586956521739131,0.5846454290247772,0.6,0.4351788976596099,0.002000200020002,0.15548458924176722,0.547486033519553,low,1.0
"[537787889, 1292924010, 1408674627, 905380775]",1,0.9616,8,0.09121360085932347,0.4869,26.88,26.88,29.73,0.425,0.010869565217391304,0.9531307213474918,0.5,0.12648973217422294,0.48684868486848687,0.07848939411695768,0.3184357541899442,low,0.9946
251749480,0,0.7246,8,0.24089902102691516,0.5729,19.22,20.09,19.22,0.4875,0.0,0.6638593921640425,0.5,0.334076599371281,0.5728572857285729,0.05604711121528184,0.4581005586592179,medium,0.9873
"[450369481, 1218657923, 1218657924]",0,0.9423,8,0.00472758390978843,0.6829,48.3,48.3,49.56,0.615,0.0,0.9295740266080801,0.5,0.006549117418259475,0.6828682868286828,0.14124575178717916,0.7430167597765364,low,1.0
897169996,0,0.8912,8,0.016477546454281802,0.0816,118.92,118.92,120.42,0.615,0.0,0.86720371048456,0.5,0.02284421089872824,0.0815081508150815,0.3481483651705144,0.7430167597765364,low,0.9999
1409641095,0,0.7985,8,0.12838796641689015,0.0816,85.3,85.3,86.4,0.4475,0.0,0.7540583424874893,0.5,0.17804391879769924,0.0815081508150815,0.24964842376655333,0.36871508379888274,medium,0.7713
314679880,0,1.0,9,0.005982702286162184,1.0,129.4,131.99,129.4,0.6075,0.0,1.0,0.6,0.008289741798517561,1.0,0.3788526895581858,0.7262569832402236,low,0.7864
"[314679879, 1264908159]",0,0.7146,8,0.2627512072778779,0.0816,134.1,134.1,168.42,0.415,0.0,0.6516538508482852,0.5,0.36438166769500346,0.0815081508150815,0.3926227587015117,0.29608938547486036,medium,0.9989
"[134198192, 888948748, 194097021]",0,0.724,7,0.1504013954949558,0.4324,8.56,8.56,10.62,0.5325,0.0,0.663127059685097,0.4,0.20857260204195852,0.43234323432343236,0.024815422477440525,0.5586592178770949,low,0.9758
134198193,0,0.5612,8,0.2314524282293292,0.3105,70.09,139.05,70.09,0.5325,0.0,0.4644208470645674,0.5,0.32097586716675774,0.3104310431043104,0.2050861361771944,0.5586592178770949,medium,0.9998
532570624,0,0.6794,7,0.10010906821983331,0.524,33.25,33.25,67.28,0.425,0.0,0.6086903454168192,0.4,0.13882615211114427,0.523952395239524,0.09715223250908236,0.3184357541899442,medium,0.97
111253717,0,1.0,8,0.001612175262304772,0.0195,20.45,20.45,62.81,0.465,0.0,1.0,0.5,0.002228603633779502,0.0194019401940194,0.05965076760810968,0.40782122905027945,low,1.0
"[922450172, 545932590]",0,1.0,11,0.001612175262304772,0.5408,8.33,8.33,30.26,0.345,0.0,1.0,0.8,0.002228603633779502,0.5407540754075407,0.02414156803000117,0.13966480446927373,low,0.9492
1337648827,0,1.0,9,0.001612175262304772,0.0195,34.69,34.69,49.22,0.4075,0.0,1.0,0.6,0.002228603633779502,0.0194019401940194,0.10137114731044178,0.27932960893854747,low,1.0
732998300,0,0.4535,6,0.342683695464151,0.1417,180.13,180.13,181.22,0.425,0.0,0.33296716709386065,0.3,0.4752337118772385,0.1416141614161416,0.5274815422477439,0.3184357541899442,high,0.9957
"[313395786, 1409643075]",0,0.5505,7,0.26152294720752245,0.1827,190.35,190.35,190.75,0.425,0.0,0.45136091785670696,0.4,0.3626782909745263,0.18261826182618263,0.5574241181296143,0.3184357541899442,high,0.9166
"[584149723, 4746244]",0,0.7896,7,0.023130822459325084,0.1752,5.63,5.63,14.37,0.6525,0.0,0.7431954107164652,0.4,0.03207111303079922,0.17511751175117513,0.016231102777452242,0.8268156424581006,low,1.0
124184228,0,0.5072,7,0.18547851842366855,0.1752,47.19,51.19,47.19,0.4425,0.0,0.3985109239594776,0.4,0.2572182887822233,0.17511751175117513,0.13799367162779794,0.35754189944134085,medium,0.9997
115321289,0,0.4127,6,0.4755846336663686,0.0398,60.16,66.44,60.16,0.73,0.0,0.2831685585255706,0.3,0.6595435089039587,0.039703970397039705,0.17599320285948666,1.0,medium,0.9988
1408555555,0,0.5306,7,0.2774864722640218,0.0068,11.07,11.07,13.19,0.5625,0.0,0.42707189063834977,0.4,0.3848168409561491,0.0067006700670067,0.032169225360365636,0.6256983240223464,medium,0.6847
115321290,0,0.3212,6,0.470396842120197,0.0661,68.68,77.03,68.68,,0.0,0.1714878554863908,0.3,0.6523489712293115,0.06600660066006601,0.20095511543419664,0.4581005586592179,medium,0.5899
490731922,0,0.4897,6,0.27946125844851644,0.1417,121.91,123.48,121.91,0.5325,0.0,0.37715122665690226,0.3,0.3875555156845515,0.1416141614161416,0.356908472987226,0.5586592178770949,medium,0.9998
"[237566136, 1408936330]",0,0.5546,7,0.2751355309349949,0.0751,64.71,75.62,64.71,0.425,0.0,0.45636518979616747,0.4,0.3815565064164833,0.075007500750075,0.18932380171100427,0.3184357541899442,medium,1.0
226319974,0,0.739,5,0.11019495683774985,0.5,340.4,343.09,340.4,0.425,0.0,0.681435371658733,0.2,0.15281347311239876,0.49994999499949994,0.9970409000351574,0.3184357541899442,high,0.9993
"[68506258, 1409641091]",0,0.7401,7,0.15697802281315126,0.0002,145.33,150.03,145.33,0.425,0.0,0.6827779812034663,0.4,0.21769320617413285,0.00010001000100010001,0.42552443454822453,0.3184357541899442,medium,0.9996
"[1390679857, 885702923, 113512469]",0,0.3824,6,0.5426945522553474,0.0421,176.6,176.6,179.5,0.455,0.0,0.24618576833882583,0.3,0.7526129457411475,0.042004200420042,0.5171393413805225,0.3854748603351956,high,1.0
397481042,7,0.8967,10,0.13459658953287004,0.3866,1.51,1.51,97.7,0.345,0.07608695652173914,0.8739167582082266,0.7,0.18665416701566526,0.38653865386538655,0.004160318762451657,0.13966480446927373,low,0.8487
450280362,7,0.9568,9,0.4071187555820489,0.4229,91.33,91.33,93.61,0.425,0.07608695652173914,0.9472720615159282,0.6,0.5645935991164402,0.42284228422842285,0.26731512949724595,0.3184357541899442,medium,0.9996
"[257568505, 544164277]",1,0.8693,10,0.14060945690666563,0.0042,2.65,2.65,12.04,0.345,0.010869565217391304,0.8404735750030513,0.7,0.19499293708158164,0.0041004100410041,0.007500292980194538,0.13966480446927373,low,0.8838
115676121,1,1.0,6,0.006083532956393055,0.5,80.56,80.56,93.43,0.5075,0.010869565217391304,1.0,0.3,0.00842957587806366,0.49994999499949994,0.23576116254541188,0.5027932960893854,low,1.0
522164019,1,0.9983,7,0.003165188564087729,0.5,84.48,84.48,100.03,0.545,0.010869565217391304,0.9979250579763213,0.4,0.0043823549187846315,0.49994999499949994,0.24724598617133478,0.5865921787709498,low,1.0
"[544200290, 116315069]",0,0.7018,10,0.2803951355370505,0.3,35.24,35.52,35.24,0.345,0.0,0.6360307579641157,0.7,0.38885063593700386,0.2999299929992999,0.10298253838040547,0.13966480446927373,medium,0.999
"[1391901673, 307933382]",0,0.7278,12,0.327693256246461,0.2183,99.33,99.33,102.17,0.465,0.0,0.6677651653850848,0.9,0.4544446576619107,0.21822182218221822,0.29075354506035384,0.40782122905027945,medium,0.9618
"[803424572, 1524529847]",0,0.9141,9,0.007833919133262009,0.4491,92.2,92.2,92.4,0.465,0.0,0.8951544000976444,0.6,0.010857047988803888,0.44904490449044904,0.26986405718973394,0.40782122905027945,low,0.7863
905204606,0,0.657,6,0.18891990159756986,0.0181,111.64,149.58,111.64,0.655,0.0,0.5813499328695229,0.3,0.26199087084863293,0.018001800180018002,0.3268194070080862,0.8324022346368716,low,0.8858
307933384,35,0.815,8,0.15130405605114397,0.2341,61.01,69.08,61.01,0.4875,0.3804347826086957,0.7741974856584889,0.5,0.20982443055532785,0.23402340234023403,0.17848353451306687,0.4581005586592179,low,1.0
1080039484,0,1.0,7,0.015447501690566348,0.22,88.73,88.73,89.73,0.6525,0.0,1.0,0.4,0.021415723305661247,0.21992199219921993,0.2596976444392359,0.8268156424581006,low,1.0
307933385,2,1.0,10,0.029820742013759418,0.0935,110.22,112.29,110.22,0.425,0.021739130434782608,1.0,0.7,0.0413488332025467,0.09340934093409341,0.32265908824563455,0.3184357541899442,low,0.9528
308861418,1,0.8126,10,0.31012451376094674,0.0935,133.87,136.0,133.87,0.4875,0.010869565217391304,0.7712681557427071,0.7,0.4300799586212397,0.09340934093409341,0.39194890425407236,0.4581005586592179,medium,0.9997
307933386,61,0.7552,8,0.02040523018302704,0.0044,36.42,36.42,40.7,0.5725,0.6630434782608695,0.7012083485902599,0.5,0.028291204732050237,0.004300430043004301,0.10643970467596388,0.6480446927374303,low,1.0
"[450369482, 1223355115]",14,1.0,9,0.00472758390978843,0.3214,30.77,30.77,56.38,0.615,0.15217391304347827,1.0,0.6,0.006549117418259475,0.3213321332133214,0.08988632368451892,0.7430167597765364,low,1.0
544215270,0,0.8417,9,0.04920860600069857,0.0031,52.71,88.0,52.71,0.345,0.0,0.8067862809715611,0.6,0.06823632793774029,0.0030003000300030005,0.15416617836634242,0.13966480446927373,low,0.6448
"[544617969, 237652077, 544200294]",0,0.9519,10,0.04920860600069857,0.0081,20.13,20.13,21.48,0.345,0.0,0.9412913462712071,0.7,0.06823632793774029,0.008000800080008,0.05871323098558536,0.13966480446927373,low,0.9954
284386839,0,0.9805,8,0.04920860600069857,0.0031,40.99,78.32,40.99,0.495,0.0,0.9761991944342732,0.5,0.06823632793774029,0.0030003000300030005,0.11982889956638929,0.4748603351955308,low,1.0
165842957,0,0.9691,9,0.10107837263463793,0.0049,32.61,32.61,68.22,0.385,0.0,0.9622848773343098,0.6,0.14017040371964615,0.0048004800480048,0.09527715926403373,0.229050279329609,low,0.9977
237659844,8,0.8892,10,0.12338693196165633,0.0817,107.8,107.8,185.41,0.345,0.08695652173913043,0.8647626022214085,0.7,0.17110837975759635,0.0816081608160816,0.3155689675377944,0.13966480446927373,medium,0.9784
"[544617969, 237652077, 544200294]",0,0.9519,10,0.04920860600069857,0.0081,20.13,20.13,21.48,0.345,0.0,0.9412913462712071,0.7,0.06823632793774029,0.008000800080008,0.05871323098558536,0.13966480446927373,low,0.9954
397481042,7,0.8967,10,0.13459658953287004,0.3866,1.51,1.51,97.7,0.345,0.07608695652173914,0.8739167582082266,0.7,0.18665416701566526,0.38653865386538655,0.004160318762451657,0.13966480446927373,low,0.8487
"[544617968, 397481044, 544164278]",14,0.8624,10,0.18104173160490056,0.1984,58.75,58.75,60.09,0.345,0.15217391304347827,0.8320517514951788,0.7,0.2510652601499219,0.19831983198319833,0.17186218211648888,0.13966480446927373,medium,0.7418
271470038,0,0.8894,8,0.006083532956393055,0.6074,43.86,43.86,47.38,0.425,0.0,0.8650067130477236,0.5,0.00842957587806366,0.6073607360736074,0.12823743114965425,0.3184357541899442,low,0.9381
"[544200290, 116315069]",0,0.7018,10,0.2803951355370505,0.3,35.24,35.52,35.24,0.345,0.0,0.6360307579641157,0.7,0.38885063593700386,0.2999299929992999,0.10298253838040547,0.13966480446927373,medium,0.999
181849012,0,0.8725,8,0.006083532956393055,0.1794,42.46,42.46,50.22,0.425,0.0,0.8443793482240938,0.5,0.00842957587806366,0.17931793179317934,0.12413570842611037,0.3184357541899442,low,0.9984
522164021,1,0.9968,8,0.006083532956393055,0.5,61.17,61.17,77.41,0.5275,0.010869565217391304,0.9960942267789576,0.5,0.00842957587806366,0.49994999499949994,0.17895230282432906,0.547486033519553,low,1.0
525638418,0,1.0,10,0.3400957737039208,0.7717,60.2,76.1,60.2,0.4075,0.0,1.0,0.7,0.47164472792572343,0.7716771677167718,0.1761103949373022,0.27932960893854747,medium,0.9985
524963566,0,0.875,12,0.12332919191418601,0.6978,10.67,10.67,17.2,0.3275,0.0,0.8474307335530331,0.9,0.17102830465373686,0.6977697769776977,0.030997304582210238,0.10055865921787718,medium,0.9997
525638420,0,0.8762,12,0.0987690175271819,0.4828,32.06,46.87,32.06,0.3275,0.0,0.848895398510924,0.9,0.13696774182067442,0.4827482748274828,0.09366576819407008,0.10055865921787718,medium,0.9991
"[126301385, 542963106]",0,0.8988,8,0.11482435936438172,1.0,18.01,18.01,22.39,0.4875,0.0,0.8764799218845356,0.5,0.1592336252315677,1.0,0.05250205086136177,0.4581005586592179,low,0.6531
908375889,0,0.8548,10,0.11482435936438172,0.6203,14.0,14.0,20.96,0.3275,0.0,0.8227755400952033,0.7,0.1592336252315677,0.6202620262026203,0.04075354506035391,0.10055865921787718,medium,0.9964
116343001,20,0.8635,10,0.11014905776304165,0.4783,11.85,11.85,15.15,0.3275,0.21739130434782608,0.8333943610399122,0.7,0.1527498193168905,0.47824782478247824,0.03445447087776866,0.10055865921787718,low,0.9818
908375867,21,0.8312,12,0.12918854297594468,0.2145,8.34,8.34,15.68,0.3275,0.22826086956521738,0.7939704625900159,0.9,0.1791541750915952,0.21442144214421444,0.024170866049455054,0.10055865921787718,low,0.965
908375868,14,1.0,10,0.11014905776304165,0.4783,31.17,31.17,74.29,0.5675,0.15217391304347827,1.0,0.7,0.1527498193168905,0.47824782478247824,0.09105824446267431,0.6368715083798884,low,1.0
908375871,1,1.0,10,0.17488006145959112,0.3868,82.5,82.5,84.11,0.6125,0.010869565217391304,1.0,0.7,0.24252012729239758,0.3867386738673867,0.24144497831946557,0.7374301675977655,low,0.9955
294085186,5,0.868,12,0.1290674352182852,0.3868,159.93,161.61,159.93,0.3275,0.05434782608695652,0.838886854632003,0.9,0.17898622032367162,0.3867386738673867,0.4682995429508965,0.10055865921787718,medium,0.9543
908375867,21,0.8312,12,0.12918854297594468,0.2145,8.34,8.34,15.68,0.3275,0.22826086956521738,0.7939704625900159,0.9,0.1791541750915952,0.21442144214421444,0.024170866049455054,0.10055865921787718,low,0.965
108166018,0,0.2226,6,0.5770309294989856,0.2579,117.86,123.01,117.86,0.73,0.0,0.0511412181130233,0.3,0.8002313508932509,0.25782578257825783,0.3450427751084026,1.0,high,0.9547
1409652518,0,0.4456,7,0.34302757345371043,0.0787,104.08,113.92,104.08,0.385,0.0,0.32332478945441234,0.4,0.47571060905580637,0.0786078607860786,0.3046701043009492,0.229050279329609,high,0.6376
4744966,0,0.2855,6,0.38460148979981196,0.1294,24.76,24.76,25.31,0.4475,0.0,0.12791407298913704,0.3,0.5333661846071004,0.12931293129312932,0.07227821399273408,0.36871508379888274,medium,0.9902
549749261,1,0.8112,7,0.0028910645527790617,0.2629,73.94,73.94,74.77,0.6525,0.010869565217391304,0.7695593799585012,0.4,0.004002194014219943,0.26282628262826285,0.21636587366694007,0.8268156424581006,low,1.0
549749262,1,0.9186,8,0.0028910645527790617,0.2629,75.8,75.8,77.87,0.3625,0.010869565217391304,0.9006468936897352,0.5,0.004002194014219943,0.26282628262826285,0.22181530528536267,0.17877094972067042,low,0.8918
"[902035037, 116349430]",5,1.0,6,0.009619635654610778,1.0,107.92,107.92,147.14,0.425,0.05434782608695652,1.0,0.3,0.013333516959220538,1.0,0.315920543771241,0.3184357541899442,low,0.7197
329378776,0,0.4994,9,0.3469293193124865,0.3607,122.58,122.58,127.59,0.5325,0.0,0.38899060173318684,0.6,0.48112163170928574,0.3606360636063607,0.3588714402906363,0.5586592178770949,high,0.6771
"[65184548, 490602014, 116359438]",0,0.9328,7,0.0030430095350305105,0.3402,83.3,83.3,83.8,0.4075,0.0,0.9179787623581105,0.4,0.004212914489310809,0.34013401340134014,0.24378881987577633,0.27932960893854747,low,0.978
263405146,0,0.8166,7,0.012282801204027452,0.6224,77.48,77.78,77.48,0.6525,0.0,0.7761503722690102,0.4,0.01702685056921119,0.6223622362236223,0.22673737255361534,0.8268156424581006,low,0.9996
"[263405139, 1408524830]",0,0.5897,8,0.12103905146530991,0.1552,128.57,134.51,128.57,0.3225,0.0,0.49920663981447577,0.5,0.1678522900446241,0.15511551155115513,0.3764209539435133,0.08938547486033527,medium,0.9925
"[1132769497, 884403418]",0,0.6753,6,0.05017508712987159,0.4002,20.24,20.24,92.46,,0.0,0.6036860734773587,0.3,0.06957666415475779,0.40014001400140015,0.0590355091995781,0.4581005586592179,low,0.9817
1468515600,0,0.5429,7,0.18593975861560044,0.4002,72.69,72.69,91.65,0.4475,0.0,0.4420847064567314,0.4,0.2578579463144085,0.40014001400140015,0.21270362123520445,0.36871508379888274,medium,0.9999
237659844,8,0.8892,10,0.12338693196165633,0.0817,107.8,107.8,185.41,0.345,0.08695652173913043,0.8647626022214085,0.7,0.17110837975759635,0.0816081608160816,0.3155689675377944,0.13966480446927373,medium,0.9784
"[257568505, 544164277]",1,0.8693,10,0.14060945690666563,0.0042,2.65,2.65,12.04,0.345,0.010869565217391304,0.8404735750030513,0.7,0.19499293708158164,0.0041004100410041,0.007500292980194538,0.13966480446927373,low,0.8838
295263592,0,1.0,9,0.04256288580405428,1.0,52.41,52.41,68.65,0.385,0.0,1.0,0.6,0.05901990435857669,1.0,0.15328723778272585,0.229050279329609,medium,0.9224
"[526129885, 126301389]",0,0.7999,8,0.04256288580405428,1.0,46.44,46.44,79.95,0.73,0.0,0.7557671182716954,0.5,0.05901990435857669,1.0,0.13579632016875656,1.0,low,0.9995
"[8380812, 550620925, 295268543]",0,0.7774,8,0.09121360085932347,1.0,2.31,2.31,20.06,0.385,0.0,0.7283046503112413,0.5,0.12648973217422294,1.0,0.0065041603187624515,0.229050279329609,medium,0.994
244059991,0,0.8809,9,0.0021321059358386948,1.0,54.82,54.82,93.67,0.345,0.0,0.85463200292933,0.6,0.002949654351729996,1.0,0.1603480604711121,0.13966480446927373,medium,0.9986
"[451607872, 1025876541]",0,0.7655,8,0.0021321059358386948,1.0,35.81,35.81,72.19,,0.0,0.71378005614549,0.5,0.002949654351729996,1.0,0.1046525254892769,0.4581005586592179,medium,0.7932
"[544617968, 397481044, 544164278]",14,0.8624,10,0.18104173160490056,0.1984,58.75,58.75,60.09,0.345,0.15217391304347827,0.8320517514951788,0.7,0.2510652601499219,0.19831983198319833,0.17186218211648888,0.13966480446927373,medium,0.7418
403600283,0,0.4036,7,0.3668537810585231,0.2103,137.6,137.6,142.0,0.6525,0.0,0.2720615159282314,0.4,0.5087532914248181,0.21022102210221022,0.4028770655103714,0.8268156424581006,medium,0.9859
591636792,0,0.7694,5,0.14591954187792136,1.0,198.94,198.94,205.47,0.4475,0.0,0.7185402172586354,0.2,0.20235707383250226,1.0,0.5825911168405015,0.36871508379888274,medium,0.5781
525588035,0,0.7105,5,0.03889770357277468,0.0746,130.74,130.74,138.52,0.4875,0.0,0.6466495789088247,0.2,0.05393695308486014,0.0745074507450745,0.3827786241650064,0.4581005586592179,low,0.5863
126301386,0,0.9311,9,0.04771976870642437,1.0,21.95,21.95,24.22,0.5275,0.0,0.9159038203344319,0.6,0.06617157728040514,1.0,0.06404547052619242,0.547486033519553,low,0.9776
140001530,0,1.0,11,0.04771976870642437,1.0,1.61,1.61,7.43,0.4025,0.0,1.0,0.8,0.06617157728040514,1.0,0.0044532989569905064,0.2681564245810057,low,0.5051
"[295263588, 295268540]",4,0.8002,8,0.02443417563677748,1.0,1.12,1.12,4.94,0.5925,0.043478260869565216,0.7561332845111681,0.5,0.03387863044068289,1.0,0.0030176960037501463,0.6927374301675979,low,0.9996
226319967,0,0.9176,8,0.014802752569189183,0.5,82.85,82.85,103.51,0.585,0.0,0.8994263395581594,0.5,0.020521571757134417,0.49994999499949994,0.24247040900035152,0.6759776536312849,low,0.9995
397481041,7,0.9093,8,0.007568689947270127,0.2415,247.26,255.43,247.26,0.345,0.07608695652173914,0.8892957402660808,0.5,0.010489222613776472,0.24142414241424143,0.7241591468416734,0.13966480446927373,medium,0.9999
"[170079041, 1161444395]",0,0.6849,6,0.10941131464864336,0.6102,20.72,20.72,30.47,0.6475,0.0,0.6154033931404858,0.3,0.15172670175645822,0.6101610161016101,0.06044181413336457,0.8156424581005586,low,0.9991
"[1393167360, 245676679, 1104592109, 1393167356, 208708606]",0,0.9859,4,0.0014751681339220963,0.5,19.16,24.75,19.16,0.4425,0.0,0.9827901867447821,0.1,0.002038599286443725,0.49994999499949994,0.05587132309855853,0.35754189944134085,low,1.0
918435239,0,0.5154,7,0.30197503809797765,0.3081,70.03,73.87,70.03,0.6925,0.0,0.4085194678383986,0.4,0.4187780955521424,0.308030803080308,0.20491034806047106,0.9162011173184358,medium,0.9891
"[1409634764, 237549911]",0,0.6097,7,0.15042680462407837,0.5,150.14,150.14,150.48,0.425,0.0,0.5236177224459905,0.4,0.20860783995295115,0.49994999499949994,0.4396167819055431,0.3184357541899442,medium,0.9714
124184226,0,1.0,6,0.09647651961297433,0.1691,75.0,75.0,77.37,,0.0,1.0,0.3,0.13378845782939913,0.16901690169016903,0.21947146372905188,0.4581005586592179,low,0.9999
"[1409634768, 1363542422]",0,1.0,6,0.09647651961297433,0.1691,136.32,140.71,136.32,0.465,0.0,1.0,0.3,0.13378845782939913,0.16901690169016903,0.39912691902027414,0.40782122905027945,low,0.9741
"[1409634765, 542841033, 1363542421]",0,0.7105,6,0.1642857221526823,0.0868,18.9,18.9,19.65,0.425,0.0,0.6466495789088247,0.3,0.22782767625553962,0.08670867086708671,0.05510957459275752,0.3184357541899442,low,0.8893
"[1409635280, 124184223]",0,1.0,6,0.09638911833419139,0.5,73.0,73.0,76.84,0.465,0.0,1.0,0.3,0.13366724791041534,0.49994999499949994,0.21361185983827488,0.40782122905027945,low,0.997
"[542841024, 237549910]",0,0.7425,8,0.21890558878609212,0.1752,12.28,12.28,13.46,0.465,0.0,0.6857073111192482,0.5,0.30357564815858756,0.17511751175117513,0.035714285714285705,0.40782122905027945,low,0.5856
237549912,0,1.0,7,0.0584857257899505,0.2279,79.82,79.82,81.11,0.4425,0.0,1.0,0.4,0.08110203143449005,0.22782278227822783,0.23359310910582437,0.35754189944134085,low,0.999
237914516,0,1.0,5,0.1642857221526823,0.1691,53.8,53.8,59.03,0.465,0.0,1.0,0.2,0.22782767625553962,0.16901690169016903,0.15735966248681585,0.40782122905027945,low,0.9999
1409634769,0,1.0,5,0.010552779694222286,0.5,51.71,51.71,68.69,0.465,0.0,1.0,0.2,0.014627620604115807,0.49994999499949994,0.15123637642095392,0.40782122905027945,low,1.0
124184224,0,1.0,6,0.010552779694222286,0.5,45.47,45.47,50.98,0.495,0.0,1.0,0.3,0.014627620604115807,0.49994999499949994,0.13295441228172972,0.4748603351955308,low,1.0
124184227,0,1.0,7,0.188761703035851,0.5,178.93,178.93,179.2,0.6525,0.0,1.0,0.4,0.2617714777789169,0.49994999499949994,0.5239657799132778,0.8268156424581006,low,0.6334
"[1409634761, 237805203]",0,0.7557,9,0.09424019665012247,0.5,172.02,175.24,172.02,0.465,0.0,0.7018186256560479,0.6,0.13068707843400112,0.49994999499949994,0.5037208484706434,0.40782122905027945,medium,0.9988
4745960,0,0.5471,8,0.22949916611870144,0.1752,48.02,53.67,48.02,0.6125,0.0,0.4472110338093495,0.5,0.3182670424735715,0.17511751175117513,0.14042540724247038,0.7374301675977655,medium,0.9361
"[133484230, 237667607]",0,0.6878,8,0.1655432263873957,0.4498,39.22,40.1,39.22,0.465,0.0,0.6189430001220554,0.5,0.229571609393977,0.4497449744974497,0.11464315012305165,0.40782122905027945,medium,0.9896
"[1112040487, 1112040488, 1409634762, 1409634763, 542840062]",0,0.7544,6,0.1829213939655768,0.0496,26.95,26.95,28.18,0.425,0.0,0.7002319052849993,0.3,0.25367201517258303,0.0495049504950495,0.07869448025313487,0.3184357541899442,low,0.923
237795725,0,0.7452,7,0.0584857257899505,0.2279,101.39,104.35,101.39,0.425,0.0,0.6890028072745026,0.4,0.08110203143449005,0.22782278227822783,0.29678893706785414,0.3184357541899442,medium,0.9593
553586754,0,0.4676,7,0.15928960414332108,0.0868,91.96,97.19,91.96,0.6125,0.0,0.3501769803490785,0.4,0.2208989554452636,0.08670867086708671,0.26916090472284065,0.7374301675977655,medium,0.9896
226319964,0,0.4755,6,0.3130886870277236,0.004,18.82,18.82,97.9,0.4875,0.0,0.3598193579885267,0.3,0.4341907360208725,0.0039003900390039005,0.05487519043712644,0.4581005586592179,medium,0.9976
125812033,0,0.3602,6,0.4431272908717868,0.1365,82.7,86.25,82.7,0.6925,0.0,0.2190894666178445,0.3,0.6145309879735668,0.13641364136413645,0.24203093870854325,0.9162011173184358,medium,0.9999
293858823,0,0.5361,7,0.26964469558074944,0.3252,115.13,115.13,164.55,0.5325,0.0,0.4337849383620164,0.4,0.37394170125906395,0.32513251325132514,0.337044415797492,0.5586592178770949,medium,0.9992
295263589,1,0.8227,10,0.04771976870642437,0.0631,5.92,29.09,5.92,0.73,0.010869565217391304,0.783595752471622,0.7,0.06617157728040514,0.063006300630063,0.017080745341614904,1.0,low,1.0
546148432,0,0.3942,7,0.377632473752321,0.6768,70.37,70.37,71.01,0.6525,0.0,0.2605883070914195,0.4,0.523701407589239,0.6767676767676767,0.20590648072190318,0.8268156424581006,medium,0.9841
8380830,0,0.9304,10,0.04771976870642437,1.0,20.81,20.81,26.22,0.4475,0.0,0.9150494324423288,0.7,0.06617157728040514,1.0,0.060705496308449534,0.36871508379888274,medium,0.6505
"[612296800, 549518619, 126301387]",0,0.8447,9,0.04771976870642437,0.5329,11.41,11.41,18.4,0.4075,0.0,0.8104479433662883,0.6,0.06617157728040514,0.5328532853285329,0.03316535802179772,0.27932960893854747,low,0.8435
126302004,0,0.8484,7,0.013493629778960436,0.6037,56.59,56.59,59.0,0.4025,0.0,0.8149639936531186,0.4,0.018706052927741475,0.6036603660366037,0.16553380991444977,0.2681564245810057,low,0.6216
126302005,0,0.8259,7,0.013493629778960436,0.6037,50.75,50.75,52.38,0.4425,0.0,0.7875015256926644,0.4,0.018706052927741475,0.6036603660366037,0.14842376655338096,0.35754189944134085,low,0.878
1235264094,0,1.0,8,0.012147074296487677,0.6037,83.7,83.7,85.69,0.4025,0.0,1.0,0.5,0.016838621658880573,0.6036603660366037,0.24496074065393175,0.2681564245810057,low,0.8228
1235264095,0,0.9177,7,0.013493629778960436,0.6037,79.47,79.47,82.02,0.6925,0.0,0.8995483949713169,0.4,0.018706052927741475,0.6036603660366037,0.23256767842493842,0.9162011173184358,low,1.0
880144105,0,1.0,8,0.04256288580405428,1.0,45.58,45.58,74.03,0.385,0.0,1.0,0.5,0.05901990435857669,1.0,0.13327669049572247,0.229050279329609,medium,0.6723
"[295263587, 315739558]",0,0.8872,10,0.04256288580405428,1.0,28.8,28.8,83.46,0.4075,0.0,0.8623214939582571,0.7,0.05901990435857669,1.0,0.08411461385210359,0.27932960893854747,medium,0.983
124184223,0,1.0,5,0.09424019665012247,0.5,189.92,189.92,190.96,0.465,0.0,1.0,0.2,0.13068707843400112,0.49994999499949994,0.5561643032930973,0.40782122905027945,medium,0.9451
128679775,0,0.3752,6,0.3639482815751408,0.0228,59.07,59.07,119.88,,0.0,0.2373977785914805,0.3,0.5047238840535275,0.022702270227022703,0.1727997187390132,0.4581005586592179,medium,0.9995
518534108,0,0.4658,8,0.33039244636438136,0.0228,10.57,10.57,62.95,0.6525,0.0,0.3479799829122422,0.5,0.4581879508959545,0.022702270227022703,0.03070432438767139,0.8268156424581006,medium,0.8692
128679775,0,0.3752,6,0.3639482815751407,0.0228,59.07,59.07,119.88,,0.0,0.2373977785914805,0.3,0.5047238840535274,0.022702270227022703,0.1727997187390132,0.4581005586592179,medium,0.9995
1369695507,0,1.0,7,0.025031771428227767,0.5,116.16,120.5,116.16,0.385,0.0,1.0,0.4,0.03470738876636631,0.49994999499949994,0.3400621118012422,0.229050279329609,medium,0.5358
312272297,0,0.6913,9,0.12003984214899498,0.1269,189.61,189.91,189.61,,0.0,0.6232149395825706,0.6,0.16646656569407817,0.12681268126812684,0.5552560646900269,0.4581005586592179,medium,0.9997
312272297,0,0.6913,9,0.120039842148995,0.1269,189.61,189.91,189.61,,0.0,0.6232149395825706,0.6,0.1664665656940782,0.12681268126812684,0.5552560646900269,0.4581005586592179,medium,0.9997
"[1226855076, 1112886300, 1112886302]",0,0.4914,8,0.16232581355709358,0.1724,221.53,221.53,225.08,,0.0,0.37922616868058096,0.5,0.22510963407818307,0.17231723172317231,0.6487753427868275,0.4581005586592179,high,0.7795
905546718,0,0.9985,7,0.030705838662419927,0.2947,49.54,49.54,51.55,0.5725,0.0,0.9981691688026365,0.4,0.04257630372209587,0.29462946294629466,0.1448787061994609,0.6480446927374303,low,1.0
312272295,0,0.6443,7,0.13684006753180034,0.1265,104.02,104.02,110.69,,0.0,0.5658488953985109,0.4,0.18976546916454545,0.12641264126412644,0.3044943161842259,0.4581005586592179,medium,0.9946
134565969,0,0.7366,7,0.19744040942429836,0.0024,45.5,45.5,48.29,0.6925,0.0,0.6785060417429514,0.4,0.27380728907225316,0.0023002300230023,0.13304230634009137,0.9162011173184358,low,1.0
237805213,0,0.9697,8,0.034493445309622464,0.1059,93.47,93.47,94.77,0.615,0.0,0.9630172098132552,0.5,0.04782903573291706,0.1058105810581058,0.2735849056603773,0.7430167597765364,low,1.0
918393595,0,0.8335,8,0.030705838662419927,0.1265,90.78,92.08,90.78,0.4075,0.0,0.7967777370926401,0.5,0.04257630372209587,0.12641264126412644,0.2657037384272823,0.27932960893854747,low,0.5667
1112404129,0,0.4549,9,0.17800148366729704,0.181,109.33,116.08,109.33,0.6125,0.0,0.3346759428780666,0.6,0.24684898080780018,0.18091809180918092,0.3200515645142388,0.7374301675977655,medium,1.0
247548699,0,0.7284,7,0.08398360126427845,0.4635,44.13,44.13,44.54,0.4075,0.0,0.6684974978640303,0.4,0.11646301772139915,0.4634463446344635,0.12902847767490916,0.27932960893854747,medium,0.9304
134565976,0,0.6893,8,0.11897330024338779,0.0115,207.21,207.21,211.73,,0.0,0.6207738313194191,0.5,0.16498746310231277,0.011401140114011402,0.6068205789288643,0.4581005586592179,medium,0.9999
"[449991632, 1112886308, 1226819174]",0,0.4757,7,0.17292748127584048,0.1083,171.52,181.54,171.52,,0.0,0.36006346881484197,0.4,0.23981224830964806,0.1082108210821082,0.5022559474979491,0.4581005586592179,medium,0.9919
1409614865,0,0.7352,7,0.13800181746111984,0.5,110.56,113.69,110.56,0.6925,0.0,0.6767972659587452,0.4,0.1913766082322237,0.49994999499949994,0.3236552209070666,0.9162011173184358,low,0.8485
134565981,14,0.9387,7,0.0033648242032131275,0.5,160.75,168.51,160.75,0.6925,0.15217391304347827,0.9251800317344074,0.4,0.004659213792952367,0.49994999499949994,0.470701980546115,0.9162011173184358,low,1.0
450610283,0,1.0,8,0.0033648242032131275,0.5,177.19,185.95,177.19,0.615,0.0,1.0,0.5,0.004659213792952367,0.49994999499949994,0.5188679245283018,0.7430167597765364,low,0.9748
312272296,0,0.6869,8,0.14031416725523724,0.4364,156.1,156.1,162.18,,0.0,0.6178445014036372,0.5,0.19458342322520805,0.4363436343634364,0.4570784015000585,0.4581005586592179,medium,0.9995
450423878,0,0.6896,6,0.02172923960018196,0.3821,134.15,134.15,140.46,0.4075,0.0,0.6211399975588917,0.3,0.030127368646604286,0.38203820382038206,0.39276924879878117,0.27932960893854747,medium,0.9994
237805204,0,0.6877,8,0.10895301032761232,0.4992,45.13,45.13,51.93,,0.0,0.6188209447088978,0.5,0.15109111575136042,0.49914991499149913,0.13195827962029766,0.4581005586592179,medium,0.9464
"[237805211, 237805212]",0,0.5574,8,0.17080861507786482,0.2911,148.96,148.96,155.53,0.6525,0.0,0.45978274136457953,0.5,0.2368737604091228,0.29102910291029105,0.43615961560998473,0.8268156424581006,medium,0.9998
134565976,0,0.6634,8,0.1383482447544308,0.2609,90.34,98.09,90.34,,0.0,0.5891614793116074,0.5,0.19185704083848198,0.26082608260826085,0.26441462557131135,0.4581005586592179,medium,0.9976
1409614864,0,0.9898,8,0.13800181746111984,0.5,73.46,73.46,76.19,0.425,0.0,0.9875503478579275,0.5,0.1913766082322237,0.49994999499949994,0.21495956873315358,0.3184357541899442,low,0.5417
134565971,3,0.8737,8,0.05081104872280873,0.0001,209.84,209.84,212.05,,0.03260869565217391,0.8458440131819847,0.5,0.07045862897529716,0.0,0.614525958045236,0.4581005586592179,medium,0.9724
1278435633,0,0.8063,8,0.06957622256818576,0.5,77.35,77.35,84.3,,0.0,0.7635786647137801,0.5,0.09648256401592163,0.49994999499949994,0.2263564983007148,0.4581005586592179,medium,0.7106
1409641110,1,0.6206,8,0.1658765272800928,0.2866,119.8,119.8,122.63,0.6525,0.010869565217391304,0.5369217624801661,0.5,0.2300338380336903,0.28652865286528656,0.3507265908824563,0.8268156424581006,medium,0.9753
1409641110,0,0.9942,8,0.10824227538698053,0.2866,119.58,119.58,125.09,0.6525,0.0,0.9929207860368607,0.5,0.15010545369043257,0.28652865286528656,0.35008203445447084,0.8268156424581006,low,0.9998
134565976,0,0.9501,9,0.0018211434308467757,0.448,33.13,33.13,40.78,,0.0,0.9390943488343707,0.6,0.0025184050546725525,0.44794479447944796,0.09680065627563575,0.4581005586592179,low,0.9998
237805213,0,1.0,8,0.034493445309622464,0.1059,92.07,92.07,94.76,0.615,0.0,1.0,0.5,0.04782903573291706,0.1058105810581058,0.2694831829368334,0.7430167597765364,low,1.0
87031379,0,0.7393,7,0.034493445309622464,0.1059,48.44,48.44,53.96,0.4475,0.0,0.6818015378982057,0.4,0.04782903573291706,0.1058105810581058,0.14165592405953353,0.36871508379888274,low,0.9816
134565969,0,0.6952,8,0.28146107520795066,0.2628,2.72,2.72,7.61,0.6925,0.0,0.6279751006957159,0.5,0.3903289033370986,0.2627262726272627,0.0077053791163717335,0.9162011173184358,low,0.9983
"[1409614867, 1097003670]",0,0.428,8,0.3776753777199738,0.2637,100.87,106.27,100.87,0.425,0.0,0.30184303673867935,0.5,0.5237609077077234,0.2636263626362636,0.29526544005625216,0.3184357541899442,high,0.9817
"[458116545, 867009429]",0,0.9229,3,0.08530930134368034,0.3058,0.11,0.11,25.74,0.425,0.0,0.9058952764555108,0.0,0.11830152628167048,0.3057305730573058,5.8596038907769834e-05,0.3184357541899442,low,1.0
"[1395746250, 905524540]",0,0.9911,5,0.001443675965977544,0.5,105.19,105.19,187.52,0.4025,0.0,0.989137068228976,0.2,0.0019949252901551497,0.49994999499949994,0.30792218446033043,0.2681564245810057,low,0.9869
238380511,0,0.7052,7,0.07990200416778452,0.0055,234.9,234.9,236.16,0.4025,0.0,0.6401806420114733,0.4,0.11080257361486466,0.0054005400540054,0.6879467947966716,0.2681564245810057,medium,0.9975
284834967,0,0.6612,7,0.1664295371675389,0.0638,180.45,180.45,190.03,0.6525,0.0,0.5864762602221408,0.4,0.23080076369642616,0.06370637063706369,0.5284190788702683,0.8268156424581006,medium,0.9908
1112886312,0,0.4179,8,0.2541535940492588,0.0129,129.09,129.09,135.12,0.4025,0.0,0.2895154400097644,0.5,0.35245831808952577,0.012801280128012802,0.37794445095511536,0.2681564245810057,medium,0.569
"[1409614860, 1409614861]",0,0.411,8,0.1933253035608707,0.0319,100.83,105.04,100.83,0.425,0.0,0.2810936165018918,0.5,0.2681003743078308,0.031803180318031796,0.2951482479784366,0.3184357541899442,medium,0.9977
1112400991,0,0.3556,8,0.2558928735609612,0.0835,46.62,46.62,48.77,0.6525,0.0,0.21347491761259615,0.5,0.35487038724502595,0.08340834083408341,0.13632368451892649,0.8268156424581006,medium,0.9985
1408548654,0,0.354,7,0.15030650507077561,0.0625,90.35,90.35,96.11,0.4025,0.0,0.21152203100207492,0.4,0.2084410060197106,0.0624062406240624,0.2644439235907652,0.2681564245810057,medium,0.9993
"[1408548656, 295124091]",0,0.4408,8,0.13106152409321262,0.22,91.66,98.89,91.66,0.4025,0.0,0.31746612962284876,0.5,0.18175166442634522,0.21992199219921993,0.2682819641392241,0.2681564245810057,medium,0.999
1112404129,0,0.3271,7,0.28000501537562106,0.0007,8.85,8.85,10.4,0.6125,0.0,0.17868912486268765,0.4,0.38830960914861745,0.0006000600060006,0.025665065041603183,0.7374301675977655,medium,0.9895
1369695507,0,0.6052,8,0.07069007513630295,0.1468,113.13,113.13,113.3,0.385,0.0,0.5181252288538997,0.5,0.09802727802264295,0.14671467146714673,0.33118481190671506,0.229050279329609,medium,1.0
1369695508,0,0.3865,7,0.14732447169252616,0.2121,105.32,105.32,110.33,0.4025,0.0,0.25119004027828634,0.4,0.20430545984443996,0.21202120212021205,0.30830305871323094,0.2681564245810057,medium,0.9923
1112404106,0,0.2957,7,0.2846218894133387,0.1481,36.89,36.89,38.01,0.4475,0.0,0.1403637251312096,0.4,0.39471238649767515,0.14801480148014803,0.10781671159029647,0.36871508379888274,medium,0.9982
"[1112886298, 1408548653]",0,0.4546,8,0.1597108120913614,0.062,93.61,96.7,93.61,0.4025,0.0,0.33430977663859396,0.5,0.22148309542545871,0.0619061906190619,0.2739950779327317,0.2681564245810057,medium,0.9996
145565048,0,0.5152,8,0.1155605998691839,0.1384,106.02,110.59,106.02,0.3625,0.0,0.4082753570120835,0.5,0.16025465894162674,0.13831383138313832,0.31035392007500284,0.17877094972067042,medium,0.9993
"[1409641108, 1369698946, 1225776663, 1409641106]",0,0.4424,8,0.18056539137509675,0.252,115.75,115.75,119.1,0.385,0.0,0.31941901623337,0.5,0.2504046615698185,0.25192519251925194,0.33886089300363287,0.229050279329609,medium,0.8023
295263586,0,0.9752,7,0.0059537739078221056,0.5,82.68,85.12,82.68,0.5225,0.0,0.9697302575369217,0.4,0.008249623319202846,0.49994999499949994,0.24197234266963552,0.5363128491620112,low,0.9997
450145201,0,0.6949,7,0.11023704616854335,0.3544,102.06,104.25,102.06,,0.0,0.6276089344562431,0.4,0.15287184347547128,0.35433543354335434,0.2987519043712645,0.4581005586592179,medium,0.9929
149524249,0,0.2589,6,0.36327840118413046,0.5,91.71,91.71,99.58,,0.0,0.09544733308922253,0.3,0.5037948799353517,0.49994999499949994,0.26842845423649353,0.4581005586592179,high,0.99
553586753,0,0.3487,6,0.2696147718475157,0.2056,16.5,16.5,17.75,0.6925,0.0,0.20505309410472355,0.3,0.3739002024007925,0.20552055205520553,0.048078049923825146,0.9162011173184358,medium,0.8506
"[1408598861, 1408598862]",0,0.4328,7,0.1832163801129637,0.5,74.52,74.52,75.16,0.425,0.0,0.3077016965702429,0.4,0.25408110812321255,0.49994999499949994,0.2180651587952654,0.3184357541899442,medium,0.9926
1227317193,0,0.4907,7,0.3121531330799459,0.0497,123.83,123.83,126.61,0.6525,0.0,0.378371780788478,0.4,0.4328932902649962,0.0496049604960496,0.3625336927223719,0.8268156424581006,medium,0.9999
159500275,0,0.3517,6,0.6617597696659633,0.2103,87.05,87.05,95.61,0.73,0.0,0.20871475649945076,0.3,0.9177350761846688,0.21022102210221022,0.2547755771709832,1.0,medium,0.5992
620654338,0,0.5356,9,0.2938169508501718,0.2385,140.08,140.08,141.53,0.6925,0.0,0.43317466129622845,0.6,0.4074642897573216,0.23842384238423842,0.4101429743349349,0.9162011173184358,medium,0.9999
22725332,0,0.7396,6,0.12114613830572733,1.0,76.2,76.2,112.19,0.6475,0.0,0.6821677041376786,0.3,0.16800080031165876,1.0,0.22298722606351806,0.8156424581005586,medium,0.5554
1391901666,0,0.6925,6,0.004409402069329889,1.0,52.19,52.19,100.38,0.345,0.0,0.6246796045404613,0.3,0.006107856195985248,1.0,0.15264268135474038,0.13966480446927373,medium,0.9998
173809077,0,0.3579,6,0.3864570469055446,0.1221,158.66,159.9,158.66,0.63,0.0,0.2162821921152203,0.3,0.5359395099587145,0.122012201220122,0.4645786944802531,0.776536312849162,medium,0.8364
237566140,0,0.518,8,0.30244432060178794,0.1221,107.55,107.55,109.1,0.465,0.0,0.41169290858049556,0.5,0.4194289063304219,0.122012201220122,0.3148365170514473,0.40782122905027945,medium,0.9871
173809077,0,0.3579,6,0.3864570469055448,0.1221,158.66,159.9,158.66,0.63,0.0,0.2162821921152203,0.3,0.5359395099587148,0.122012201220122,0.4645786944802531,0.776536312849162,medium,0.8364
94529718,0,0.3271,6,0.365011497200835,0.1872,85.13,85.13,91.92,,0.0,0.17868912486268765,0.3,0.5061983736908329,0.18711871187118714,0.24915035743583727,0.4581005586592179,medium,0.8457
"[1409641089, 550092215]",0,0.4743,8,0.3035842390768682,0.0638,76.44,76.44,80.19,0.425,0.0,0.3583546930306359,0.5,0.42100976908136334,0.06370637063706369,0.2236903785304113,0.3184357541899442,medium,0.9942
"[885702924, 113512468]",0,0.3473,6,0.5787407017231303,0.1114,190.47,190.47,193.0,0.455,0.0,0.2033443183205175,0.3,0.8026024987260416,0.1113111311131113,0.557775694363061,0.3854748603351956,high,1.0
1409641090,0,0.755,7,0.06814027735746231,0.2587,93.17,93.17,95.83,0.425,0.0,0.7009642377639449,0.4,0.09449116520482194,0.25862586258625864,0.27270596507676076,0.3184357541899442,medium,0.9411
237566143,0,0.4938,7,0.4036800799711183,0.3521,5.11,5.11,101.21,0.545,0.0,0.3821554985963628,0.4,0.5598247719549118,0.35203520352035206,0.014707605765850227,0.5865921787709498,medium,0.9999
915744534,0,0.5738,7,0.2872022183894927,0.106,104.84,104.84,113.4,0.6525,0.0,0.4797998291224216,0.4,0.3982908406176414,0.1059105910591059,0.3068967537794445,0.8268156424581006,medium,0.9931
175626668,0,0.1807,8,0.293833001081432,0.0632,286.34,293.15,286.34,,0.0,0.0,0.5,0.40748654855327754,0.0631063106310631,0.8386558068674557,0.4581005586592179,high,1.0
175626667,0,0.1931,12,0.32229152462244015,0.0632,290.27,296.31,290.27,,0.0,0.015134871231539112,0.9,0.4469534234186939,0.0631063106310631,0.8501699285128325,0.4581005586592179,high,1.0
175626668,0,0.1807,8,0.293833001081432,0.0632,286.34,293.15,286.34,,0.0,0.0,0.5,0.40748654855327754,0.0631063106310631,0.8386558068674557,0.4581005586592179,high,1.0
175626668,0,0.2773,12,0.3881682010938565,0.0432,294.62,304.17,294.62,,0.0,0.11790552911021603,0.9,0.5383125743282777,0.043104310431043104,0.8629145669752725,0.4581005586592179,high,1.0
175626665,0,0.1909,8,0.21615113397258276,0.0632,273.12,279.43,273.12,,0.0,0.012449652142072484,0.5,0.2997557126903765,0.0631063106310631,0.7999238251494198,0.4581005586592179,high,1.0
175626665,0,0.1909,8,0.21615113397258276,0.0632,273.12,279.43,273.12,,0.0,0.012449652142072484,0.5,0.2997557126903765,0.0631063106310631,0.7999238251494198,0.4581005586592179,high,1.0
175626665,0,0.1888,12,0.34313198717935917,0.0552,287.57,307.42,287.57,,0.0,0.009886488465763451,0.9,0.47585541219144595,0.0551055105510551,0.8422594632602836,0.4581005586592179,high,1.0
175626667,0,0.1931,12,0.32229152462244015,0.0632,290.27,296.31,290.27,,0.0,0.015134871231539112,0.9,0.4469534234186939,0.0631063106310631,0.8501699285128325,0.4581005586592179,high,1.0
175626665,0,0.1888,12,0.34313198717935917,0.0552,287.57,307.42,287.57,,0.0,0.009886488465763451,0.9,0.47585541219144595,0.0551055105510551,0.8422594632602836,0.4581005586592179,high,1.0
175626665,0,0.3557,10,0.4332493445110137,0.0552,250.23,308.94,250.23,,0.0,0.2135969730257537,0.7,0.6008320456378494,0.0551055105510551,0.7328606586194771,0.4581005586592179,high,1.0
175626668,0,0.2773,12,0.3881682010938565,0.0432,294.62,304.17,294.62,,0.0,0.11790552911021603,0.9,0.5383125743282777,0.043104310431043104,0.8629145669752725,0.4581005586592179,high,1.0
175626665,0,0.3557,10,0.4332493445110135,0.0552,250.23,308.94,250.23,,0.0,0.2135969730257537,0.7,0.6008320456378491,0.0551055105510551,0.7328606586194771,0.4581005586592179,high,1.0
454019112,0,0.4568,8,0.22582428760042159,0.0552,213.62,334.47,213.62,0.6525,0.0,0.3369949957280605,0.5,0.31317064418651475,0.0551055105510551,0.6256006093988046,0.8268156424581006,medium,0.9915
753508653,0,1.0,6,0.20771697102171982,0.1291,72.09,72.09,151.93,,0.0,1.0,0.3,0.2880590393441089,0.12901290129012902,0.21094574006797137,0.4581005586592179,low,0.999
959788823,0,1.0,6,0.20771697102171982,0.1291,86.41,86.41,167.98,0.425,0.0,1.0,0.3,0.2880590393441089,0.12901290129012902,0.25290050392593455,0.3184357541899442,low,0.9598
245676676,0,0.8892,6,0.16604844405951155,0.1621,29.2,29.2,34.39,0.425,0.0,0.8647626022214085,0.3,0.2302722558142476,0.16201620162016203,0.08528653463025898,0.3184357541899442,low,0.9967
217164634,0,0.3819,6,0.3687071066098771,0.5,93.91,97.76,93.91,,0.0,0.24557549127303796,0.3,0.5113235220102089,0.49994999499949994,0.27487401851634824,0.4581005586592179,high,0.8641
1084045295,0,0.4963,7,0.28095206177213927,0.2425,139.63,142.96,139.63,0.6525,0.0,0.38520688392530206,0.4,0.38962299287245217,0.24242424242424243,0.40882456345951007,0.8268156424581006,medium,0.9999
217164635,0,0.3252,6,0.33388784709638086,0.251,163.2,166.5,163.2,,0.0,0.17637007201269375,0.3,0.46303544564021004,0.25092509250925094,0.4778799953123168,0.4581005586592179,high,0.9956
570553571,0,0.8,7,0.33388784709638086,0.2003,128.47,128.47,129.02,0.6075,0.0,0.755889173684853,0.4,0.46303544564021004,0.20022002200220024,0.3761279737489745,0.7262569832402236,medium,0.989
217164636,0,0.2602,6,0.3626627953317303,0.4907,220.16,220.16,221.28,,0.0,0.09703405346027094,0.3,0.5029411448809633,0.4906490649064907,0.6447615141216453,0.4581005586592179,high,1.0
571448019,0,0.4022,7,0.18017655563346793,0.5,121.2,121.2,122.23,0.6525,0.0,0.2703527401440254,0.4,0.24986541604163948,0.49994999499949994,0.3548283136060002,0.8268156424581006,medium,0.9999
571448019,0,0.6224,6,0.13019154440347588,0.5,143.77,145.92,143.77,0.6525,0.0,0.5391187599170023,0.3,0.18054515842118243,0.49994999499949994,0.42095394351341847,0.8268156424581006,medium,0.9904
237521092,0,0.5288,7,0.14190333321773177,0.235,224.11,224.11,228.71,0.6525,0.0,0.42487489320151356,0.4,0.1967873117752157,0.23492349234923493,0.6563342318059299,0.8268156424581006,medium,0.9997
570478919,0,0.4292,7,0.24675367043870627,0.3992,278.79,281.12,278.79,0.6525,0.0,0.3033077016965703,0.4,0.34219594946276005,0.39913991399139914,0.8165358021797726,0.8268156424581006,high,0.998
217617443,2,0.8268,9,0.0028910645527790617,0.2629,44.42,44.42,52.35,0.4825,0.021739130434782608,0.7886000244110826,0.6,0.004002194014219943,0.26282628262826285,0.1298781202390718,0.446927374301676,low,0.998
"[1065494395, 23191707, 552386719]",0,0.7886,8,0.02478344109857617,0.1209,25.82,25.82,30.04,0.6075,0.0,0.7419748565848895,0.5,0.03436299907828132,0.1208120812081208,0.07538380405484588,0.7262569832402236,low,1.0
263405146,0,0.8731,6,0.009410023126133938,0.6224,49.67,49.67,49.71,0.6525,0.0,0.8451116807030392,0.3,0.013042821926510984,0.6223622362236223,0.1452595804523614,0.8268156424581006,low,1.0
263405136,0,0.7147,7,0.011110128969712111,0.0719,162.9,162.9,163.39,0.3225,0.0,0.6517759062614427,0.4,0.015400564220828403,0.07180718071807181,0.4770010547287003,0.08938547486033527,medium,1.0
601634006,0,0.5085,8,0.29151799558179253,0.1277,138.37,143.61,138.37,0.6525,0.0,0.400097644330526,0.5,0.40427605057240495,0.12761276127612764,0.4051330130083206,0.8268156424581006,medium,0.9999
243591204,0,0.4354,8,0.17975243789841397,0.1367,25.16,25.38,25.16,0.4475,0.0,0.31087513731233984,0.5,0.24927724070803658,0.13661366136613662,0.07345013477088948,0.36871508379888274,medium,0.9999
"[491443473, 1408645396]",0,0.4638,8,0.13738193558049644,0.0932,100.54,104.15,100.54,0.425,0.0,0.3455388746490907,0.5,0.19051694309258113,0.0931093109310931,0.29429860541427394,0.3184357541899442,medium,0.9999
"[1335077459, 488501166]",0,0.9432,8,0.04571305082583868,1.0,43.3,43.3,98.49,0.425,0.0,0.9306725253264982,0.5,0.06338861900890011,1.0,0.1265967420602367,0.3184357541899442,medium,0.657
"[1427248747, 4745021]",0,0.6387,8,0.17526665120774604,0.2751,108.44,108.44,147.81,0.6525,0.0,0.5590137922616869,0.5,0.24305625802991448,0.27502750275027504,0.317444040782843,0.8268156424581006,medium,0.9396
223928339,0,0.5385,7,0.08426020870744008,0.3324,137.6,144.59,137.6,0.425,0.0,0.43671426827779813,0.4,0.11684662270112946,0.3323332333233323,0.4028770655103714,0.3184357541899442,medium,0.9996
"[591249160, 237655873, 556491373]",0,0.6254,8,0.16389465068340778,0.2605,175.11,178.67,175.11,0.73,0.0,0.5427804223117295,0.5,0.22728533017356345,0.26042604260426044,0.5127739364818937,1.0,medium,0.9939
238326403,0,0.934,9,0.001612175262304772,0.0195,48.48,48.48,63.44,0.4075,0.0,0.9194434273160015,0.6,0.002228603633779502,0.0194019401940194,0.14177311613734908,0.27932960893854747,low,0.9995
1337648827,0,1.0,9,0.001612175262304772,0.0195,34.69,34.69,49.22,0.4075,0.0,1.0,0.6,0.002228603633779502,0.0194019401940194,0.10137114731044178,0.27932960893854747,low,1.0
8380822,0,1.0,9,0.10833618836541625,1.0,19.38,20.5,19.38,0.4425,0.0,1.0,0.6,0.15023569417050597,1.0,0.056515879526543994,0.35754189944134085,low,0.6607
293858827,0,1.0,8,0.12478224489744895,1.0,8.76,9.86,8.76,0.4425,0.0,1.0,0.5,0.1730434288811277,1.0,0.02540138286651822,0.35754189944134085,low,0.9037
242715337,0,0.3774,5,0.37602801402601477,0.118,89.31,93.52,89.31,0.73,0.0,0.24008299768094715,0.2,0.5214763093281335,0.1179117911791179,0.26139692956756116,1.0,medium,0.9988
242715337,0,0.3156,7,0.37921977154882397,0.0741,86.29,92.82,86.29,0.73,0.0,0.1646527523495667,0.4,0.5259027053276287,0.074007400740074,0.25254892769248793,1.0,medium,1.0
"[237519392, 489412374]",0,0.4827,8,0.2720033014898981,0.0741,168.12,172.94,168.12,0.6525,0.0,0.3686073477358721,0.5,0.3772126651985342,0.074007400740074,0.4922946208836282,0.8268156424581006,medium,0.9995
"[295124099, 1321514100]",0,0.4365,6,0.31021276678615417,0.1274,71.93,76.85,71.93,,0.0,0.31221774685707315,0.3,0.4302023497599556,0.12731273127312734,0.21047697175670924,0.4581005586592179,medium,0.9998
"[1310648104, 1409635281, 1409635282]",0,1.0,6,0.100726155559509,0.3211,163.99,163.99,166.77,0.465,0.0,1.0,0.3,0.13968194172303044,0.32103210321032105,0.48019453884917374,0.40782122905027945,medium,0.5762
"[243598398, 905524542]",0,0.9997,4,0.0002177796757833056,0.5,169.62,169.68,169.62,0.3625,0.0,0.9996338337605273,0.1,0.00029482670937824396,0.49994999499949994,0.49668932380171094,0.17877094972067042,medium,0.7852
316582572,0,0.7537,8,0.2655416951874565,0.1132,6.21,9.1,6.21,0.3225,0.0,0.6993775173928964,0.5,0.3682515746134738,0.1131113111311131,0.017930387905777567,0.08938547486033527,medium,0.996
449991631,0,1.0,8,0.2655416951874565,0.0411,33.11,33.11,54.01,0.6525,0.0,1.0,0.5,0.3682515746134738,0.041004100410040996,0.09674206023672798,0.8268156424581006,low,1.0
129169448,0,0.8596,10,0.009637890972967352,0.5,65.03,65.64,65.03,0.385,0.0,0.8286341999267668,0.7,0.013358833816019839,0.49994999499949994,0.19026133833352862,0.229050279329609,medium,0.9539
243686546,0,0.9982,8,0.009637890972967352,0.5,86.61,87.2,86.61,,0.0,0.9978030025631637,0.5,0.013358833816019839,0.49994999499949994,0.25348646431501226,0.4581005586592179,low,0.997
569755804,0,0.6392,9,0.12947555202378125,0.5,50.18,51.09,50.18,0.465,0.0,0.5596240693274747,0.6,0.17955220523394905,0.49994999499949994,0.1467537794445095,0.40782122905027945,medium,0.9994
1007205018,0,1.0,5,0.09424019665012247,0.5,187.27,189.25,187.27,0.465,0.0,1.0,0.2,0.13068707843400112,0.49994999499949994,0.5484003281378178,0.40782122905027945,medium,0.9322
984712369,0,0.4568,6,0.20227997242451562,0.6214,80.72,80.72,87.06,0.6525,0.0,0.3369949957280605,0.3,0.28051889612585323,0.6213621362136214,0.23622993085667404,0.8268156424581006,medium,0.9995
"[263405153, 1117842676]",0,0.6558,7,0.14459835329733087,0.9492,125.9,126.04,125.9,0.6125,0.0,0.579885267911632,0.4,0.20052482191301513,0.9491949194919492,0.3685983827493261,0.7374301675977655,medium,0.9999
"[245416089, 545715326, 309183788, 1137827990]",0,0.8624,5,0.03379982055839076,0.4968,26.03,26.03,27.01,0.415,0.0,0.8320517514951788,0.2,0.046867102440033115,0.4967496749674968,0.07599906246337747,0.29608938547486036,low,0.9989
"[1137827995, 309183789]",0,1.0,5,0.03379982055839076,0.5,48.71,48.71,54.5,0.425,0.0,1.0,0.2,0.046867102440033115,0.49994999499949994,0.14244697058478845,0.3184357541899442,low,0.9999
273229616,0,0.8006,7,0.24035936549791184,0.2494,39.51,39.51,42.2,0.4025,0.0,0.7566215061637983,0.4,0.33332819381176865,0.24932493249324936,0.11549279268721431,0.2681564245810057,medium,0.953
545084604,0,0.7966,7,0.25548693708074477,0.1164,39.55,39.55,45.43,0.4425,0.0,0.7517392896374954,0.4,0.3543074260553872,0.11631163116311631,0.11560998476502984,0.35754189944134085,medium,0.6605
273229617,2,0.7724,7,0.25868524386408287,0.4782,48.47,48.47,48.64,0.3225,0.021739130434782608,0.7222018796533626,0.4,0.35874290470617964,0.47814781478147816,0.1417438181178952,0.08938547486033527,medium,0.9999
"[1408524843, 1408524844]",0,0.5174,7,0.04336864272320861,0.2971,207.03,207.03,251.99,0.3225,0.0,0.41096057610155007,0.4,0.06013734488406224,0.297029702970297,0.6062932145786943,0.08938547486033527,high,0.8706
237529471,0,0.4866,7,0.3573846066079178,0.1712,88.36,94.99,88.36,0.4475,0.0,0.37336750884901737,0.4,0.4956212425122202,0.1711171117111711,0.25861361771944213,0.36871508379888274,medium,0.9526
553593238,0,0.8983,7,0.008303553139336787,0.5,168.77,169.79,168.77,,0.0,0.8758696448187477,0.4,0.01150834623776571,0.49994999499949994,0.49419899214813073,0.4581005586592179,medium,0.9455
553593240,0,0.7223,7,0.09647651961297433,0.1691,95.7,99.47,95.7,0.425,0.0,0.6610521176614184,0.4,0.13378845782939913,0.16901690169016903,0.28011836399859363,0.3184357541899442,medium,0.9812
1192511294,4,0.9781,6,0.003124017515288246,0.1202,124.3,124.3,130.13,,0.043478260869565216,0.9732698645184914,0.3,0.004325258048361761,0.12011201120112011,0.36391069963670447,0.4581005586592179,low,0.9999
"[1240777464, 1112878644, 1112878646, 1240777463]",8,0.5274,7,0.32155780723713373,0.1202,126.83,126.83,130.37,0.73,0.08695652173913043,0.4231661174173075,0.4,0.4459358888234524,0.12011201120112011,0.3713230985585374,1.0,medium,0.9585
1192511294,4,0.9781,6,0.003124017515288246,0.1202,124.3,124.3,130.13,,0.043478260869565216,0.9732698645184914,0.3,0.004325258048361761,0.12011201120112011,0.36391069963670447,0.4581005586592179,low,0.9999
"[300664625, 885702910]",0,0.2696,8,0.6986388341892428,0.3432,93.37,98.03,93.37,,0.0,0.10850726229708288,0.5,0.9688797331657851,0.34313431343134315,0.27329192546583847,0.4581005586592179,high,1.0
908375876,0,0.4557,8,0.32652448308726784,0.1795,99.08,100.93,99.08,0.4075,0.0,0.33565238618332727,0.5,0.45282377863234813,0.17941794179417941,0.29002109457400677,0.27932960893854747,high,0.6692
"[1409641099, 524963567]",0,0.4582,8,0.3213469269959109,0.5728,120.54,126.07,120.54,0.425,0.0,0.3387037715122665,0.5,0.44564343570022774,0.5727572757275727,0.35289464432204376,0.3184357541899442,high,0.9988
"[300664625, 885702910]",0,0.2696,8,0.6986388341892428,0.3432,93.37,98.03,93.37,,0.0,0.10850726229708288,0.5,0.9688797331657851,0.34313431343134315,0.27329192546583847,0.4581005586592179,high,1.0
329378775,0,0.7045,8,0.0006581778045596393,0.5,14.7,14.7,15.49,0.4475,0.0,0.6393262541193703,0.5,0.0009055800330470987,0.49994999499949994,0.04280440642212586,0.36871508379888274,low,0.8655
579981376,0,1.0,8,0.0006581778045596393,0.5,72.79,72.79,73.95,0.5325,0.0,1.0,0.5,0.0009055800330470987,0.49994999499949994,0.21299660142974333,0.5586592178770949,low,0.9999
87031378,0,1.0,5,0.07905949754604319,1.0,181.4,181.4,188.35,0.465,0.0,1.0,0.2,0.10963416783423323,1.0,0.5312023907183874,0.40782122905027945,medium,0.9985
308186232,0,0.9922,6,0.07905949754604319,1.0,167.52,167.52,175.06,,0.0,0.9904796777737093,0.3,0.10963416783423323,1.0,0.4905367397163951,0.4581005586592179,medium,0.997
"[129169444, 1409634759]",0,0.7427,8,0.100726155559509,0.3211,173.13,173.13,174.02,0.465,0.0,0.6859514219455634,0.5,0.13968194172303044,0.32103210321032105,0.5069729286300245,0.40782122905027945,medium,0.9999
"[1408925536, 308861419]",3,0.8256,12,0.31012451376094674,0.4391,133.6,135.0,133.6,0.425,0.03260869565217391,0.7871353594531918,0.9,0.4300799586212397,0.43904390439043905,0.39115785772881745,0.3184357541899442,high,0.5334
1065184060,1,0.7326,10,0.31012451376094674,0.0935,136.52,139.07,136.52,,0.010869565217391304,0.6736238252166484,0.7,0.4300799586212397,0.09340934093409341,0.3997128794093519,0.4581005586592179,medium,0.9976
"[1391901673, 307933382]",0,0.7278,12,0.327693256246461,0.2183,99.33,99.33,102.17,0.465,0.0,0.6677651653850848,0.9,0.4544446576619107,0.21822182218221822,0.29075354506035384,0.40782122905027945,medium,0.9618
1226855077,0,0.903,7,0.00013201295003649748,0.191,192.42,192.42,199.43,0.4075,0.0,0.8816062492371537,0.4,0.00017588362268619817,0.19091909190919093,0.5634888081565684,0.27932960893854747,medium,0.9917
"[313379189, 1230473519]",0,0.9906,8,0.08721375993176332,0.5,202.72,202.72,212.15,0.4875,0.0,0.9885267911631881,0.5,0.12094266923042292,0.49994999499949994,0.59366576819407,0.4581005586592179,medium,0.9986
373434809,0,0.7862,9,0.004933337228838756,0.3037,242.32,248.11,242.32,0.2825,0.0,0.7390455266691078,0.6,0.006834460418728277,0.30363036303630364,0.7096859252314542,0.0,high,0.7626
"[887648089, 37017345]",0,0.7465,9,0.14049971946656784,0.0447,185.68,191.6,185.68,0.615,0.0,0.6905895276455511,0.6,0.19484075090754663,0.044604460446044596,0.5437419430446501,0.7430167597765364,medium,0.996
313379195,5,0.7809,7,0.1280504352777061,0.0896,96.78,102.85,96.78,0.5225,0.05434782608695652,0.7325765897717564,0.4,0.1775758235637999,0.0895089508950895,0.28328255009961323,0.5363128491620112,low,0.968
"[674507833, 313379198, 44029287]",2,0.9985,8,0.1280504352777061,1.0,47.57,47.57,50.35,0.3225,0.021739130434782608,0.9981691688026365,0.5,0.1775758235637999,1.0,0.13910699636704557,0.08938547486033527,medium,0.9953
313674006,0,0.2259,6,0.3967743552919758,0.0045,86.84,94.55,86.84,0.73,0.0,0.05516904674722323,0.3,0.5502477687286551,0.0044004400440044,0.2541603187624516,1.0,medium,1.0
550090167,0,0.6613,7,0.11421676914000475,0.0133,76.58,77.38,76.58,0.425,0.0,0.5865983156352984,0.4,0.1583910064175459,0.013201320132013201,0.2241005508027657,0.3184357541899442,medium,0.96
263405142,0,0.4179,7,0.18495982718932852,0.0045,165.15,172.94,165.15,0.6525,0.0,0.2895154400097644,0.4,0.2564989569444353,0.0044004400440044,0.48359310910582437,0.8268156424581006,medium,1.0
314679880,0,1.0,9,0.005982702286162184,1.0,129.4,131.99,129.4,0.6075,0.0,1.0,0.6,0.008289741798517561,1.0,0.3788526895581858,0.7262569832402236,low,0.7864
"[250683120, 314679881, 552149490]",0,0.8468,9,0.005982702286162184,1.0,90.02,92.45,90.02,0.6075,0.0,0.8130111070425974,0.6,0.008289741798517561,1.0,0.263477088948787,0.7262569832402236,low,0.5287
314679882,0,0.9593,8,0.005982702286162184,1.0,116.05,119.15,116.05,0.545,0.0,0.9503234468448676,0.5,0.008289741798517561,1.0,0.3397398335872494,0.5865921787709498,medium,0.5406
1321516489,18,0.4874,7,0.28038425081190055,0.0885,213.7,227.28,213.7,0.6925,0.1956521739130435,0.374343952154278,0.4,0.38883554077281457,0.0884088408840884,0.6258349935544356,0.9162011173184358,medium,0.9996
1408645395,0,0.5773,7,0.08271494602950434,0.0778,72.62,76.78,72.62,0.425,0.0,0.4840717685829367,0.4,0.11470362014316444,0.0777077707770777,0.21249853509902727,0.3184357541899442,medium,0.9931
"[237529489, 237529481, 1433167614]",0,0.428,7,0.3657544113403557,0.2605,175.84,180.21,175.84,0.73,0.0,0.30184303673867935,0.4,0.5072286625369131,0.26042604260426044,0.5149126919020274,1.0,medium,0.9822
315316227,0,0.2821,6,0.4050823002538608,0.2605,172.27,176.06,172.27,,0.0,0.12376418894177958,0.3,0.5617694003314684,0.26042604260426044,0.5044532989569904,0.4581005586592179,high,1.0
44027589,0,0.8736,10,0.1191383547778593,0.2819,54.08,54.08,57.92,0.385,0.0,0.8457219577688271,0.7,0.1652163641782442,0.2818281828182818,0.15818000703152463,0.229050279329609,medium,0.95
"[922450172, 545932590]",0,1.0,11,0.001612175262304772,0.5408,8.33,8.33,30.26,0.345,0.0,1.0,0.8,0.002228603633779502,0.5407540754075407,0.02414156803000117,0.13966480446927373,low,0.9492
"[1214207624, 1214315730, 37758422, 295215799]",8,0.8472,8,0.1191383547778593,0.5408,13.98,13.98,55.61,0.465,0.08695652173913043,0.8134993286952276,0.5,0.1652163641782442,0.5407540754075407,0.040694949021446145,0.40782122905027945,low,0.9972
"[1392183136, 18522669, 545718430]",40,0.7222,7,0.27465256164900453,0.4038,9.44,9.44,15.03,0.3225,0.43478260869565216,0.6609300622482607,0.4,0.380886714522798,0.40374037403740376,0.02739364818938239,0.08938547486033527,low,0.9988
"[545718432, 545030298, 328020781, 237525159]",0,0.8485,8,0.2695965277586079,0.2819,56.56,56.56,57.61,0.3225,0.0,0.8150860490662761,0.5,0.3738749011172273,0.2818281828182818,0.1654459158560881,0.08938547486033527,medium,0.9998
"[526210689, 1360091609, 1409649733]",0,0.5269,8,0.2733449064162865,0.0611,10.59,10.59,13.95,0.465,0.0,0.42255584035151966,0.5,0.3790732309328141,0.061006100610061,0.03076292042657916,0.40782122905027945,medium,0.9984
1112801400,0,0.8474,6,0.005221037062259891,0.1304,43.22,83.44,43.22,0.385,0.0,0.8137434395215428,0.3,0.007233448556959387,0.13031303130313032,0.12636235790460562,0.229050279329609,low,0.999
"[1321517996, 1112801397, 1112801398, 1112801399, 1112801404]",26,0.369,6,0.24311665019323367,0.1337,135.81,143.69,135.81,,0.2826086956521739,0.22983034297571095,0.3,0.33715205381918556,0.13361336133613363,0.39763272002812605,0.4581005586592179,medium,0.9997
331574668,0,0.5567,6,0.2966895028793776,0.0658,89.02,89.02,154.52,,0.0,0.4589283534724765,0.3,0.41144800491098016,0.0657065706570657,0.2605472870033985,0.4581005586592179,medium,0.9999
457714539,0,0.9301,7,0.2966895028793776,0.0658,106.62,106.62,181.22,,0.0,0.9146832662028561,0.4,0.41144800491098016,0.0657065706570657,0.312111801242236,0.4581005586592179,medium,0.7893
354392077,0,0.2114,8,0.7114097804960233,0.2116,78.9,100.8,78.9,0.73,0.0,0.03747101183937508,0.5,0.9865907482532813,0.21152115211521155,0.230897691316067,1.0,high,0.9991
354392078,0,0.28,8,0.18028628202033445,0.196,102.98,106.79,102.98,0.73,0.0,0.12120102526547055,0.5,0.25001758688682246,0.19591959195919595,0.3014473221610219,1.0,medium,0.9999
354392077,0,0.3525,10,0.5919677485823409,0.3224,94.08,142.09,94.08,0.73,0.0,0.20969119980471132,0.7,0.8209460435863091,0.3223322332233224,0.27537208484706427,1.0,high,0.9801
"[226319966, 1409296655]",0,0.7664,7,0.1407295470477546,0.1171,151.34,178.9,151.34,0.425,0.0,0.7148785548639082,0.4,0.19515948059759006,0.117011701170117,0.4431325442400093,0.3184357541899442,medium,0.9997
354392077,0,0.3525,10,0.5919677485823409,0.3224,94.08,142.09,94.08,0.73,0.0,0.20969119980471132,0.7,0.8209460435863091,0.3223322332233224,0.27537208484706427,1.0,high,0.9801
354392078,0,0.28,8,0.18028628202033445,0.196,102.98,106.79,102.98,0.73,0.0,0.12120102526547055,0.5,0.25001758688682246,0.19591959195919595,0.3014473221610219,1.0,medium,0.9999
354392077,0,0.2114,8,0.7114097804960233,0.2116,78.9,100.8,78.9,0.73,0.0,0.03747101183937508,0.5,0.9865907482532813,0.21152115211521155,0.230897691316067,1.0,high,0.9991
237914537,0,1.0,5,0.05507617678700913,1.0,209.51,240.21,209.51,0.6125,0.0,1.0,0.2,0.07637359766129419,1.0,0.6135591234032578,0.7374301675977655,medium,0.8857
"[359513977, 490751791]",5,0.8004,7,0.004533967347972645,0.1569,108.87,108.87,128.41,0.6075,0.05434782608695652,0.7563773953374833,0.4,0.006280605926226357,0.15681568156815684,0.3187038556193601,0.7262569832402236,low,0.9999
372803786,1,0.8008,6,0.01979397714799222,0.7477,67.88,67.88,151.68,0.585,0.010869565217391304,0.7568656169901135,0.3,0.027443506255702275,0.7476747674767477,0.1986112738778858,0.6759776536312849,low,0.9964
74398640,0,0.573,6,0.3373272858755852,0.0719,91.54,91.54,97.62,,0.0,0.47882338581716094,0.3,0.46780533117944095,0.07180718071807181,0.26793038790577756,0.4581005586592179,medium,0.9999
263405136,0,0.7408,7,0.011110128969712111,0.0719,118.02,118.02,121.86,0.3225,0.0,0.6836323690955695,0.4,0.015400564220828403,0.07180718071807181,0.3455115434196648,0.08938547486033527,medium,0.9974
"[975234568, 975234567]",0,1.0,5,0.20826992852319534,0.082,44.32,48.37,44.32,0.6525,0.0,1.0,0.2,0.2888258923568866,0.0819081908190819,0.12958514004453295,0.8268156424581006,low,1.0
313379192,0,0.7124,7,0.0727449312167977,0.5593,209.94,209.94,219.29,0.4875,0.0,0.6489686317588186,0.4,0.10087699535525387,0.5592559255925593,0.6148189382397748,0.4581005586592179,medium,0.9963
1408526881,6,0.534,8,0.03884042115020738,0.2096,79.75,84.84,79.75,0.3225,0.06521739130434782,0.4312217746857074,0.5,0.05385751262477465,0.20952095209520954,0.2333880229696472,0.08938547486033527,medium,0.9999
1000633517,0,0.8813,6,0.004929753239311274,0.2567,62.91,62.91,63.49,0.4025,0.0,0.8551202245819601,0.3,0.0068294900671920745,0.25662566256625663,0.184050158209305,0.2681564245810057,low,0.9967
1000315689,0,0.7441,8,0.004929753239311274,0.2567,61.7,61.7,61.89,,0.0,0.6876601977297693,0.5,0.0068294900671920745,0.25662566256625663,0.18050509785538496,0.4581005586592179,low,0.9488
313379199,11,0.8665,8,0.07105090678137699,0.004,51.36,51.36,54.88,0.5225,0.11956521739130435,0.8370560234346394,0.5,0.09852768688479277,0.0039003900390039005,0.15021094574006794,0.5363128491620112,low,1.0
1177206036,14,0.9779,8,0.19953338325881106,0.0424,72.61,78.94,72.61,0.425,0.15217391304347827,0.9730257536921763,0.5,0.27670986890230914,0.0423042304230423,0.21246923707957338,0.3184357541899442,low,0.9996
"[9412963, 1408645399]",0,0.4798,7,0.16320752206338474,0.3893,69.48,76.89,69.48,0.4425,0.0,0.3650677407543025,0.4,0.22633240585112566,0.38923892389238923,0.2032989569905074,0.35754189944134085,medium,0.9999
"[1408598864, 295263585, 538724747]",0,0.3328,8,0.40077331497151625,0.2552,143.55,143.55,149.26,0.425,0.0,0.18564628341266934,0.5,0.5557936095392947,0.2551255125512551,0.420309387085433,0.3184357541899442,high,1.0
450145203,0,0.7092,7,0.20183095935594403,0.5,86.25,86.25,88.05,,0.0,0.6450628585377762,0.4,0.2798961954237344,0.49994999499949994,0.2524317356146724,0.4581005586592179,medium,0.9994
450280065,0,0.9197,6,0.01413840029478825,0.5,79.35,79.51,79.35,,0.0,0.9019895032344684,0.3,0.019600234146539334,0.49994999499949994,0.2322161021914918,0.4581005586592179,low,0.9982
491325112,0,0.8125,6,0.003211818329173229,0.6739,68.23,68.23,70.7,0.465,0.0,0.7711461003295497,0.3,0.004447022050970225,0.673867386738674,0.1996367045587718,0.40782122905027945,low,0.8637
237529482,0,1.0,6,0.12560554144676472,0.1621,94.69,94.69,95.09,,0.0,1.0,0.3,0.17418519373207483,0.16201620162016203,0.27715926403375124,0.4581005586592179,low,0.9993
"[1408626369, 457712220, 532088855]",0,0.8469,7,0.08727572477586264,0.1576,1.11,1.11,7.49,0.425,0.0,0.813133162455755,0.4,0.12102860337049166,0.15751575157515751,0.002988397984296261,0.3184357541899442,low,0.9997
894049230,0,0.8121,6,0.09779993739231038,0.1621,56.79,58.75,56.79,,0.0,0.7706578786769194,0.3,0.1356238012482683,0.16201620162016203,0.16611977030352745,0.4581005586592179,low,0.9969
1389749368,0,1.0,7,0.09779993739231038,0.1621,75.81,76.09,75.81,0.425,0.0,1.0,0.4,0.1356238012482683,0.16201620162016203,0.22184460330481656,0.3184357541899442,low,0.9974
514858415,0,0.8092,7,0.1023359603888966,0.083,72.27,72.27,79.32,0.425,0.0,0.7671182716953497,0.4,0.14191445268473343,0.08290829082908291,0.2114731044181413,0.3184357541899442,low,0.7755
514858414,0,0.9122,7,0.003211818329173229,1.0,76.53,76.53,79.87,0.495,0.0,0.8928353472476505,0.4,0.004447022050970225,1.0,0.22395406070549626,0.4748603351955308,low,0.7299
552124691,0,1.0,7,0.3015923589280699,0.0607,40.24,40.24,69.86,,0.0,1.0,0.4,0.41824738808621964,0.0606060606060606,0.11763154810734792,0.4581005586592179,low,0.9981
"[1408626370, 849730566]",0,0.7703,7,0.12881222601305525,0.203,147.05,147.05,184.44,0.425,0.0,0.7196387159770535,0.4,0.17863229086725416,0.20292029202920295,0.4305636938942927,0.3184357541899442,medium,0.9997
331574671,0,0.8581,7,0.07781796801531092,0.2305,43.1,43.1,43.44,0.6525,0.0,0.8268033687294031,0.4,0.10791238874894363,0.23042304230423044,0.126010781671159,0.8268156424581006,low,1.0
553309957,0,0.7658,8,0.1144350122118141,0.1008,60.49,60.49,61.23,0.425,0.0,0.7141462223849628,0.5,0.1586936704680168,0.10071007100710071,0.17696003750146488,0.3184357541899442,medium,0.6829
601816556,0,0.7435,7,0.11589747297199915,0.0592,78.99,85.12,78.99,0.425,0.0,0.6869278652508239,0.4,0.1607218415969453,0.0591059105910591,0.23116137349115193,0.3184357541899442,medium,0.8103
601816557,0,1.0,7,0.11589747297199915,0.0438,68.17,73.05,68.17,,0.0,1.0,0.4,0.1607218415969453,0.0437043704370437,0.1994609164420485,0.4581005586592179,low,0.9999
959788822,0,1.0,7,0.20771697102171982,0.1291,88.31,88.31,165.94,0.425,0.0,1.0,0.4,0.2880590393441089,0.12901290129012902,0.2584671276221727,0.3184357541899442,low,0.862
1187017264,0,1.0,7,0.2966895028793776,0.1976,102.78,102.78,182.59,,0.0,1.0,0.4,0.41144800491098016,0.19751975197519753,0.30086136177194417,0.4581005586592179,medium,0.5515
331574670,0,0.862,8,0.0012506660354614175,0.083,76.11,76.11,89.49,0.415,0.0,0.8315635298425486,0.5,0.001727255087079224,0.08290829082908291,0.2227235438884331,0.29608938547486036,low,0.9817
987520328,0,0.9143,6,0.003211818329173229,0.3924,133.12,133.12,135.09,0.425,0.0,0.8953985109239595,0.3,0.004447022050970225,0.39233923392339237,0.389751552795031,0.3184357541899442,low,0.6061
1408626367,0,1.0,7,0.1023359603888966,0.083,60.3,60.3,88.75,,0.0,1.0,0.4,0.14191445268473343,0.08290829082908291,0.17640337513184104,0.4581005586592179,low,1.0
1243383086,0,1.0,5,1.599616095119745e-05,0.5,55.16,55.16,72.1,0.5675,0.0,1.0,0.2,1.4989116317343476e-05,0.49994999499949994,0.1613441931325442,0.6368715083798884,low,1.0
459639316,0,1.0,5,1.599616095119745e-05,0.5,54.75,54.75,60.64,0.6075,0.0,1.0,0.2,1.4989116317343476e-05,0.49994999499949994,0.16014297433493493,0.7262569832402236,low,1.0
1243383085,0,1.0,6,1.599616095119745e-05,0.5,46.97,46.97,47.81,0.555,0.0,1.0,0.3,1.4989116317343476e-05,0.49994999499949994,0.13734911519981247,0.6089385474860337,low,1.0
"[1408687441, 550620361, 1353407053]",0,0.5542,8,0.11881020199945701,0.3313,2.47,2.47,8.67,0.385,0.0,0.45587696814353723,0.5,0.16476127505096463,0.33123312331233123,0.00697292863002461,0.229050279329609,medium,0.9978
"[481121897, 481121898, 1353407054]",0,0.7349,8,0.13376694469658798,0.1709,193.68,201.21,193.68,0.6525,0.0,0.6764310997192725,0.5,0.18550359822775536,0.1708170817081708,0.5671803586077581,0.8268156424581006,medium,0.9921
"[140001496, 1217655913, 1074170209]",7,0.8672,7,0.06809198428426785,0.5029,168.21,168.21,180.55,0.655,0.07608695652173914,0.8379104113267423,0.4,0.094424191362209,0.5028502850285028,0.4925583030587132,0.8324022346368716,low,0.9819
552124695,0,0.4324,8,0.19597885522912006,0.0537,68.92,68.92,111.93,0.6525,0.0,0.30721347491761264,0.5,0.27178037518661163,0.0536053605360536,0.20165826790108984,0.8268156424581006,medium,0.9817
905209183,0,0.711,8,0.2655416951874565,0.0411,30.76,35.43,30.76,0.6925,0.0,0.6472598559746124,0.5,0.3682515746134738,0.041004100410040996,0.08985702566506504,0.9162011173184358,low,0.9992
449991620,0,1.0,8,0.2655416951874565,0.3231,35.17,35.17,85.8,0.6525,0.0,1.0,0.5,0.3682515746134738,0.32303230323032306,0.10277745224422827,0.8268156424581006,low,1.0
905209183,0,0.662,8,0.250540168849052,0.3231,37.91,44.44,37.91,0.6925,0.0,0.5874527035274015,0.5,0.34744714454756026,0.32303230323032306,0.11080510957459272,0.9162011173184358,low,0.9416
1408626371,0,0.9434,5,0.07781796801531092,0.5,13.15,14.11,13.15,0.425,0.0,0.9309166361528134,0.2,0.10791238874894363,0.49994999499949994,0.038263213406773695,0.3184357541899442,low,0.9999
553309956,0,1.0,7,0.07781796801531092,0.2305,39.4,39.4,39.65,,0.0,1.0,0.4,0.10791238874894363,0.23042304230423044,0.11517051447322157,0.4581005586592179,low,1.0
1213565167,0,0.9255,6,0.07781796801531092,0.2305,33.94,33.94,71.9,0.425,0.0,0.9090687171976077,0.3,0.10791238874894363,0.23042304230423044,0.09917379585140042,0.3184357541899442,low,0.9998
457712202,0,1.0,6,0.07781796801531092,0.2305,31.73,31.73,104.31,,0.0,1.0,0.3,0.10791238874894363,0.23042304230423044,0.09269893355209187,0.4581005586592179,low,1.0
1408626374,0,0.8689,5,0.11589747297199915,0.2305,64.92,64.92,138.01,0.425,0.0,0.8399853533504211,0.2,0.1607218415969453,0.23042304230423044,0.18993906011953587,0.3184357541899442,low,0.9844
524966409,0,0.9035,5,0.11589747297199915,0.0592,73.64,80.69,73.64,0.425,0.0,0.8822165263029415,0.2,0.1607218415969453,0.0591059105910591,0.21548693308332353,0.3184357541899442,low,0.9977
1408629209,0,1.0,5,0.09673855758981387,0.0438,64.56,64.56,67.45,0.425,0.0,1.0,0.2,0.13415185756891865,0.0437043704370437,0.18888433141919603,0.3184357541899442,low,1.0
"[1408629208, 1408629209]",0,0.8831,4,0.09673855758981387,0.0438,23.7,23.7,31.3,0.425,0.0,0.8573172220187966,0.1,0.13415185756891865,0.0437043704370437,0.06917262393062228,0.3184357541899442,low,1.0
542284837,0,0.9114,5,0.09673855758981387,0.1291,6.47,6.47,90.15,0.425,0.0,0.8918589039423899,0.2,0.13415185756891865,0.12901290129012902,0.018692136411578575,0.3184357541899442,low,1.0
1408629210,0,0.9212,5,0.08530930134368034,0.1976,138.76,138.76,156.5,0.425,0.0,0.9038203344318321,0.2,0.11830152628167048,0.19751975197519753,0.4062756357670221,0.3184357541899442,low,0.6679
556049572,0,0.8898,4,0.08530930134368034,0.1976,82.6,82.6,84.32,0.425,0.0,0.865494934700354,0.1,0.11830152628167048,0.19751975197519753,0.2417379585140044,0.3184357541899442,low,0.9967
987520328,0,0.896,5,0.12881222601305525,0.203,93.44,93.44,126.81,0.425,0.0,0.8730623703161235,0.2,0.17863229086725416,0.20292029202920295,0.27349701160201567,0.3184357541899442,low,0.9168
449991621,5,0.3975,8,0.1939027618053392,0.1434,44.38,44.38,47.79,0.6525,0.05434782608695652,0.26461613572561943,0.5,0.268901205462743,0.14331433143314332,0.12976092816125628,0.8268156424581006,medium,0.8616
730337227,2,0.4106,8,0.1883693831186588,0.1434,98.62,98.62,108.0,0.6925,0.021739130434782608,0.28060539484926156,0.5,0.26122740032329195,0.14331433143314332,0.28867338567912804,0.9162011173184358,medium,0.9953
493086068,0,1.0,8,0.030705838662419927,0.1265,75.24,75.24,77.18,0.575,0.0,1.0,0.5,0.04257630372209587,0.12641264126412644,0.22017461619594508,0.653631284916201,low,1.0
905536828,0,0.9718,7,0.0018211434308467757,0.4459,47.78,47.78,55.48,0.4875,0.0,0.9655803734895643,0.4,0.0025184050546725525,0.4458445844584459,0.13972225477557715,0.4581005586592179,low,1.0
544215270,0,0.8417,9,0.04920860600069857,0.0031,52.71,88.0,52.71,0.345,0.0,0.8067862809715611,0.6,0.06823632793774029,0.0030003000300030005,0.15416617836634242,0.13966480446927373,low,0.6448
397481041,7,0.9093,8,0.007568689947270127,0.2415,247.26,255.43,247.26,0.345,0.07608695652173914,0.8892957402660808,0.5,0.010489222613776472,0.24142414241424143,0.7241591468416734,0.13966480446927373,medium,0.9999
"[1217655916, 237660551]",0,0.7044,6,0.2803951355370505,0.3032,15.52,27.41,15.52,0.535,0.0,0.6392041987062127,0.3,0.38885063593700386,0.30313031303130317,0.04520684401734442,0.564245810055866,low,0.7448
457712221,0,0.8216,7,0.12560554144676472,0.1621,95.95,97.35,95.95,,0.0,0.7822531429268889,0.4,0.17418519373207483,0.16201620162016203,0.28085081448494076,0.4581005586592179,low,0.6684
1389749367,0,0.6687,6,0.16255046748538649,0.1712,63.84,67.63,63.84,,0.0,0.5956304162089588,0.3,0.2254211888383302,0.1711171117111711,0.18677487401851633,0.4581005586592179,medium,0.7565
545902698,0,0.7497,6,0.007518814239535891,0.1621,79.97,82.77,79.97,0.535,0.0,0.6944953008665935,0.3,0.010420053940526973,0.16201620162016203,0.23403257939763267,0.564245810055866,low,0.9988
612051632,0,0.398,7,0.20237241233610068,0.4002,9.76,9.76,135.84,,0.0,0.2652264127914073,0.4,0.2806470937260499,0.40014001400140015,0.02833118481190671,0.4581005586592179,medium,0.9999
307933389,9,0.805,8,0.0006906909356737073,0.5729,12.35,12.35,17.69,0.5725,0.09782608695652174,0.7619919443427317,0.5,0.0009506699223842158,0.5728572857285729,0.0359193718504629,0.6480446927374303,low,1.0
905203091,0,0.9345,8,0.004911534045678668,0.0816,97.16,97.57,97.16,0.4475,0.0,0.9200537043817894,0.5,0.006804223308914516,0.0815081508150815,0.2843958748388608,0.36871508379888274,low,0.9962
"[1120874883, 1218360421, 313395783]",0,0.8413,7,0.0977215944035802,0.4456,60.77,60.77,69.45,0.495,0.0,0.8062980593189308,0.4,0.13551515355513197,0.44554455445544555,0.17778038204617366,0.4748603351955308,low,0.9361
"[554934617, 1222795859]",0,0.5942,8,0.21960811262691807,0.4456,79.22,79.22,86.49,0.5325,0.0,0.5046991334065666,0.5,0.3045499228947979,0.44554455445544555,0.2318352279385913,0.5586592178770949,medium,0.9999
450369487,0,0.9516,8,0.11468756593753522,0.2528,82.95,82.95,88.21,0.495,0.0,0.9409251800317344,0.5,0.1590439172499859,0.25272527252725274,0.24276338919489038,0.4748603351955308,low,0.9855
1218238869,0,0.8888,8,0.024024039792336117,0.1438,99.55,99.55,101.48,0.5525,0.0,0.8642743805687783,0.5,0.033309845485024026,0.14371437143714375,0.29139810148833933,0.6033519553072626,low,0.9992
120328525,0,0.4769,7,0.3271874402613282,0.0438,81.46,90.67,81.46,0.6925,0.0,0.36152813377273285,0.4,0.4537431814886511,0.0437043704370437,0.23839798429626152,0.9162011173184358,medium,0.9921
"[1216280204, 542284838]",0,0.5964,7,0.20771697102171982,0.1291,111.55,111.55,139.32,0.73,0.0,0.5073843524960333,0.4,0.2880590393441089,0.12901290129012902,0.3265557248330012,1.0,low,0.6297
457714535,0,1.0,4,0.02294150008705873,0.3058,70.8,70.8,71.74,0.385,0.0,1.0,0.1,0.03180855681052683,0.3057305730573058,0.2071662955584202,0.229050279329609,low,0.9999
525586872,0,0.818,6,0.08530930134368034,0.1534,55.08,55.08,55.65,0.425,0.0,0.7778591480532161,0.3,0.11830152628167048,0.15331533153315333,0.16110980897691313,0.3184357541899442,low,0.9816
145565048,0,0.4814,8,0.07153377549332231,0.0065,83.38,83.38,236.33,0.3625,0.0,0.3670206273648236,0.5,0.09919733930029175,0.0064006400640064,0.24402320403140743,0.17877094972067042,medium,1.0
"[730337225, 925546470]",0,0.4475,7,0.1889647392577668,0.1384,189.47,189.47,234.18,0.6925,0.0,0.32564384230440624,0.4,0.26205305265232703,0.13831383138313832,0.5548458924176725,0.9162011173184358,medium,1.0
263405146,0,0.4963,7,0.3322286889508186,0.0068,17.04,17.04,19.6,0.6525,0.0,0.38520688392530206,0.4,0.4607344904687836,0.0067006700670067,0.04966014297433492,0.8268156424581006,medium,0.5655
194097021,0,0.7861,8,0.10539814907280085,0.0755,67.12,67.12,69.73,0.5325,0.0,0.7389234712559503,0.5,0.14616115991210568,0.07540754075407541,0.19638462439939058,0.5586592178770949,low,0.9855
"[1318828041, 499563627]",0,0.6235,10,0.22514852625538898,0.2285,81.33,88.36,81.33,,0.0,0.5404613694617357,0.7,0.3122334842384642,0.22842284228422843,0.238017110043361,0.4581005586592179,medium,0.9999
304693484,10,0.6807,7,0.25548693708074477,0.1164,33.05,33.05,44.13,0.5925,0.10869565217391304,0.6102770657878677,0.4,0.3543074260553872,0.11631163116311631,0.09656627212000465,0.6927374301675979,low,0.9985
"[1409644587, 803424596]",3,0.4403,8,0.3359843329783276,0.3121,41.19,41.19,41.62,0.425,0.03260869565217391,0.31685585255706095,0.5,0.4659428960510043,0.312031203120312,0.12041485995546698,0.3184357541899442,medium,0.9883
"[525638414, 1409644591]",0,0.5106,8,0.2839752249419648,0.1399,10.0,10.0,10.77,0.425,0.0,0.4026608080068352,0.5,0.39381557870176653,0.13981398139813983,0.02903433727879995,0.3184357541899442,medium,0.9999
525638416,0,0.4574,8,0.308282109322895,0.3115,130.4,133.98,130.4,0.4475,0.0,0.3377273282070059,0.5,0.4275248736638878,0.3114311431143114,0.3817824915035743,0.36871508379888274,high,0.9453
"[449991634, 1409644588]",5,0.4185,7,0.3643785916016247,0.2643,204.58,205.17,204.58,0.425,0.05434782608695652,0.29024777248870987,0.4,0.5053206469862251,0.2642264226422642,0.5991151998124926,0.3184357541899442,high,1.0
478725551,10,0.4649,8,0.3231990389473927,0.2768,153.81,153.81,158.49,0.6525,0.10869565217391304,0.346881484193824,0.5,0.44821198323996725,0.2767276727672767,0.4503691550451189,0.8268156424581006,medium,0.9997
273229615,0,0.7599,7,0.0013528463887632514,0.8805,28.08,28.08,31.51,0.4425,0.0,0.706944953008666,0.4,0.001868960935299228,0.8804880488048804,0.08200515645142387,0.35754189944134085,medium,0.5874
1144052331,0,1.0,8,0.0013528463887632514,0.8805,55.25,55.25,57.0,0.425,0.0,1.0,0.5,0.001868960935299228,0.8804880488048804,0.16160787530762918,0.3184357541899442,low,0.9261
490175812,0,0.487,7,0.2867386035885731,0.0065,173.92,179.24,173.92,0.6525,0.0,0.3738557305016478,0.4,0.3976478899281131,0.0064006400640064,0.5092874721668814,0.8268156424581006,medium,0.9998
730337228,0,0.1863,4,0.7210788386062131,0.0065,92.31,92.31,158.23,0.5925,0.0,0.0068351031368241106,0.1,1.0,0.0064006400640064,0.27018633540372666,0.6927374301675979,high,0.9996
116343001,20,0.8635,10,0.11014905776304165,0.4783,11.85,11.85,15.15,0.3275,0.21739130434782608,0.8333943610399122,0.7,0.1527498193168905,0.47824782478247824,0.03445447087776866,0.10055865921787718,low,0.9818
1217655904,0,0.9961,8,0.006815458872098301,0.5,38.54,38.54,53.18,0.5275,0.0,0.9952398388868546,0.5,0.009444626025843424,0.49994999499949994,0.11265088480018748,0.547486033519553,low,1.0
1279994536,0,0.71,6,0.18283542422069157,0.0306,126.03,132.71,126.03,,0.0,0.6460393018430367,0.3,0.25355279053470936,0.0305030503050305,0.3689792570022266,0.4581005586592179,medium,0.9883
"[328020777, 879204519]",0,0.7541,8,0.2633787062564416,0.0504,12.39,12.39,17.93,0.3225,0.0,0.6998657390455266,0.5,0.3652518963851695,0.0503050305030503,0.03603656392827845,0.08938547486033527,medium,0.9953
905210700,0,1.0,8,0.2633787062564416,0.0693,31.25,31.25,76.09,0.4875,0.0,1.0,0.5,0.3652518963851695,0.0692069206920692,0.0912926286183054,0.4581005586592179,low,0.999
11680392,21,0.5525,6,0.19762424048977367,0.3708,13.98,27.79,13.98,,0.22826086956521738,0.4538020261198584,0.3,0.27406222983356976,0.37073707370737075,0.040694949021446145,0.4581005586592179,low,0.9909
1408687442,8,0.8991,6,0.0011515349704882064,0.0229,37.29,37.29,73.41,0.425,0.08695652173913043,0.8768460881240083,0.3,0.0015897780556044358,0.022802280228022803,0.10898863236845187,0.3184357541899442,low,1.0
897726079,0,0.7438,8,0.07424545457463591,0.4902,7.07,14.8,7.07,0.5525,0.0,0.6872940314902967,0.5,0.10295795248962869,0.49014901490149015,0.02045001757881167,0.6033519553072626,low,0.9971
"[571448018, 1219876565]",0,0.552,8,0.2514072563478045,0.2076,94.94,94.94,96.09,0.6125,0.0,0.4531917490540706,0.5,0.3486496396018563,0.20752075207520754,0.27789171452009837,0.7374301675977655,medium,0.9994
"[1070940073, 314679876]",0,0.7259,7,0.035546674354308694,0.129,129.01,134.32,129.01,0.545,0.0,0.6654461125350909,0.4,0.04928967577108894,0.12891289128912892,0.37771006679948427,0.5865921787709498,low,0.6308
"[307933392, 314679877]",0,0.768,7,1.899773169708399e-05,0.0816,148.24,148.24,156.98,0.5725,0.0,0.7168314414744295,0.4,1.9151757322134054e-05,0.0815081508150815,0.434050158209305,0.6480446927374303,low,0.9443
1112040481,0,1.0,5,0.0135138767708435,0.5,62.69,62.69,67.24,0.465,0.0,1.0,0.2,0.018734131878987786,0.49994999499949994,0.18340560178131954,0.40782122905027945,low,1.0
4776370,0,0.3196,7,0.612599116079902,0.5533,171.6,175.72,171.6,0.73,0.0,0.16953496887586963,0.4,0.8495580549633343,0.5532553255325533,0.5024903316535801,1.0,high,1.0
269871711,0,0.7116,7,0.06466020018263584,0.46,203.05,210.12,203.05,0.6925,0.0,0.647992188453558,0.4,0.0896649214897201,0.45994599459945995,0.5946326028360482,0.9162011173184358,medium,0.9845
532334353,0,0.4078,4,0.33444304523766943,0.3605,49.19,53.36,49.19,0.6925,0.0,0.2771878432808495,0.1,0.46380540601908116,0.36043604360436043,0.1438532755185749,0.9162011173184358,medium,0.9798
"[532334354, 532334357]",0,0.5,7,0.29316347613687627,0.4586,103.12,109.96,103.12,0.6525,0.0,0.38972293421213233,0.4,0.4065580373756692,0.45854585458545855,0.3018574944333763,0.8268156424581006,medium,0.9999
931878852,0,1.0,8,0.0009205680859951803,0.0892,63.7,63.7,64.62,0.385,0.0,1.0,0.5,0.0012694683559390256,0.0891089108910891,0.18636470174616193,0.229050279329609,low,0.9996
"[308354705, 931878851]",0,0.8228,11,0.07830074867551923,0.3649,113.95,113.95,125.81,0.4025,0.0,0.7837178078847796,0.8,0.10858191905245457,0.36483648364836485,0.33358724950193364,0.2681564245810057,medium,0.9999
1408548658,0,0.8415,6,0.016420499302990943,0.213,19.14,19.14,95.77,0.515,0.0,0.806542170145246,0.3,0.022765096717763073,0.21292129212921293,0.05581272705965076,0.5195530726256984,low,1.0
1408548660,0,0.9982,6,0.016420499302990943,0.5,26.99,26.99,108.18,0.4025,0.0,0.9978030025631637,0.3,0.022765096717763073,0.49994999499949994,0.0788116723309504,0.2681564245810057,low,0.9999
1000550226,0,0.7228,8,0.2287871120431259,0.5,112.62,117.01,112.62,0.5525,0.0,0.6616623947272061,0.5,0.31727955100875066,0.49994999499949994,0.3296906129145669,0.6033519553072626,medium,0.9998
1392183137,0,1.0,8,0.004929753239311274,0.2567,74.46,74.46,74.5,0.4925,0.0,1.0,0.5,0.0068294900671920745,0.25662566256625663,0.21788937067854208,0.46927374301675984,low,0.9999
"[1426308977, 449991629, 1177205429]",0,0.4787,6,0.32283305790708544,0.5,133.92,135.13,133.92,0.425,0.0,0.3637251312095692,0.3,0.4477044330889516,0.49994999499949994,0.3920953943513417,0.3184357541899442,high,0.9834
"[545747647, 1047669079, 1043669615]",0,0.8542,7,0.0009205680859951803,0.0291,33.42,33.42,34.68,0.4025,0.0,0.8220432076162577,0.4,0.0012694683559390256,0.029002900290029002,0.09765029883979841,0.2681564245810057,low,0.9998
903024212,0,0.8735,7,0.015447501690566348,0.22,77.92,77.92,78.2,0.6525,0.0,0.8455999023556695,0.4,0.021415723305661247,0.21992199219921993,0.22802648540958628,0.8268156424581006,low,1.0
1168886753,17,0.7815,7,0.2756458846639152,0.0902,72.54,80.69,72.54,0.5075,0.18478260869565216,0.7333089222507018,0.4,0.3822642756276082,0.09010901090109011,0.2122641509433962,0.5027932960893854,low,0.9927
1168886754,0,1.0,8,0.029820742013759418,0.0935,112.77,115.99,112.77,0.425,0.0,1.0,0.5,0.0413488332025467,0.09340934093409341,0.33013008320637516,0.3184357541899442,low,0.9877
1065887038,0,0.922,8,0.04256288580405428,1.0,50.32,50.32,65.27,0.425,0.0,0.9047967777370927,0.5,0.05901990435857669,1.0,0.14716395171686392,0.3184357541899442,medium,0.8546
1065887039,0,1.0,7,0.04256288580405428,1.0,45.71,45.71,62.46,,0.0,1.0,0.4,0.05901990435857669,1.0,0.13365756474862298,0.4581005586592179,low,0.9907
4751998,0,1.0,7,0.09252730075593026,0.2615,156.03,156.03,167.84,0.5325,0.0,1.0,0.4,0.12831159863034386,0.26142614261426145,0.4568733153638813,0.5586592178770949,low,0.9422
"[303746218, 486763814]",4,0.7007,6,0.09252730075593026,0.2615,204.4,204.4,217.43,0.455,0.043478260869565216,0.6346881484193824,0.3,0.12831159863034386,0.26142614261426145,0.5985878354623226,0.3854748603351956,medium,0.9999
237529478,0,0.9586,7,0.2931634761368762,0.5,108.8,108.9,108.8,0.4075,0.0,0.9494690589527646,0.4,0.40655803737566915,0.49994999499949994,0.3184987694831829,0.27932960893854747,medium,0.9996
"[532334354, 532334357]",0,0.5,7,0.2931634761368762,0.4586,103.12,109.96,103.12,0.6525,0.0,0.38972293421213233,0.4,0.40655803737566915,0.45854585458545855,0.3018574944333763,0.8268156424581006,medium,0.9999
"[601816556, 1408626373]",0,0.8427,7,0.07781796801531092,0.2305,17.57,17.57,71.8,0.425,0.0,0.8080068351031369,0.4,0.10791238874894363,0.23042304230423044,0.051212938005390826,0.3184357541899442,low,0.9979
1408579953,0,1.0,6,0.009637890972967352,0.5,86.8,86.8,87.97,0.465,0.0,1.0,0.3,0.013358833816019839,0.49994999499949994,0.2540431266846361,0.40782122905027945,low,0.9993
"[1409614859, 1409615566]",0,0.4252,7,0.27532499232626817,0.0365,14.7,14.7,16.53,0.465,0.0,0.29842548517026735,0.4,0.38181925543121825,0.0364036403640364,0.04280440642212586,0.40782122905027945,medium,0.9998
1112400990,0,0.9024,6,0.004537637793157032,0.0416,206.71,210.56,206.71,0.6525,0.0,0.8808739167582083,0.3,0.00628569617627337,0.0415041504150415,0.6053556779561701,0.8268156424581006,low,0.9986
"[1112404128, 1112400994, 1112404131, 1112400996, 1112404133]",0,0.4861,6,0.3220017545015996,0.0007,139.15,141.77,139.15,,0.0,0.37275723178322956,0.3,0.44655156416262703,0.0006000600060006,0.4074182585257236,0.4581005586592179,medium,0.9913
1408548655,0,0.4139,7,0.20804017446383496,0.0416,119.86,121.26,119.86,0.6525,0.0,0.2846332234834615,0.4,0.28850726462844767,0.0415041504150415,0.3509023789991796,0.8268156424581006,medium,0.9996
1112404102,0,0.7732,6,0.015964610382442953,0.1858,137.55,137.55,138.59,0.4475,0.0,0.7231783229586233,0.3,0.02213286044050609,0.1857185718571857,0.40273057541310203,0.36871508379888274,medium,0.8284
"[1112404105, 1321513528, 1112404108, 1112801421, 1321512888]",0,0.4986,6,0.33001801894085486,0.1858,134.82,134.82,139.54,,0.0,0.3880141584279262,0.3,0.4576686871242691,0.1857185718571857,0.3947322161021914,0.4581005586592179,medium,0.9424
449991639,0,0.392,7,0.21300405504422013,0.0023,192.14,193.04,192.14,0.4475,0.0,0.2579030880019529,0.4,0.2953912778988702,0.0022002200220022005,0.5626684636118597,0.36871508379888274,high,0.8029
"[422439067, 1112404111]",0,0.6139,7,0.025675734654561286,0.2121,33.84,33.84,34.58,0.385,0.0,0.5287440497986086,0.4,0.03560045041923147,0.21202120212021205,0.09888081565686158,0.229050279329609,medium,0.8595
"[1112404103, 908564077, 1112404115, 1112404116, 1321512887]",0,0.4409,6,0.20408272921496276,0.0023,135.76,139.69,135.76,,0.0,0.31758818503600633,0.3,0.2830189968973789,0.0022002200220022005,0.3974862299308566,0.4581005586592179,medium,0.9998
1112404127,0,0.844,6,0.013384966711702041,0.0007,110.34,110.34,110.84,0.6125,0.0,0.8095935554741852,0.3,0.0185553567164008,0.0006000600060006,0.32301066447908117,0.7374301675977655,low,1.0
"[1112404130, 1226052292, 1112404132, 1112888172, 1112888177, 1112888179, 1112404121]",0,0.5856,6,0.3335488121267054,0.0631,203.87,203.87,208.01,,0.0,0.49420236787501526,0.3,0.4625652648627744,0.063006300630063,0.5970350404312668,0.4581005586592179,high,0.5496
449991638,0,0.5665,7,0.197132531798115,0.0587,207.58,209.14,207.58,0.6125,0.0,0.4708897839619187,0.4,0.2733803179495619,0.05860586058605861,0.6079046056486581,0.7374301675977655,medium,0.9998
"[1408687440, 449991617]",0,0.5785,7,0.1100569995001597,0.098,15.04,15.04,60.51,0.385,0.0,0.4855364335408276,0.4,0.15262215099508683,0.09790979097909791,0.043800539083557945,0.229050279329609,medium,0.9401
"[1112801417, 1112801419]",0,0.826,6,0.005705211727520704,0.1274,100.29,101.05,100.29,0.4475,0.0,0.787623581105822,0.3,0.007904912095793996,0.12731273127312734,0.2935661549279268,0.36871508379888274,low,0.9822
"[295124099, 1112801422, 1321513527]",0,0.4693,6,0.3185621254554609,0.1274,104.64,108.37,104.64,,0.0,0.35225192237275715,0.3,0.4417814147572374,0.12731273127312734,0.30631079339036676,0.4581005586592179,medium,0.9979
295124097,0,0.3674,8,0.21767485075642065,0.222,0.15,0.15,8.18,0.4475,0.0,0.2278774563651898,0.5,0.3018688349523733,0.22192219221922194,0.00017578811672330948,0.36871508379888274,medium,1.0
"[1112878640, 1112878642]",0,0.7962,6,0.009461683627913607,0.2501,119.68,119.68,120.57,0.425,0.0,0.7512510679848652,0.3,0.013114465789422032,0.25002500250025,0.35037501464900966,0.3184357541899442,medium,0.6756
"[1172479594, 1112878643, 1112878645, 1172479595]",0,0.4392,6,0.3729076433083967,0.1354,143.76,149.02,143.76,0.73,0.0,0.3155132430123275,0.3,0.5171489140411474,0.1353135313531353,0.4209246454939645,1.0,medium,0.9999
"[1409644589, 803424597]",0,0.4212,7,0.2281386782347133,0.543,18.55,18.55,21.41,0.425,0.0,0.29354326864396435,0.4,0.31638028945928026,0.542954295429543,0.05408414391187155,0.3184357541899442,medium,0.9995
"[1112878648, 1112878647]",0,0.8143,6,0.010253234528393013,0.519,78.7,78.99,78.7,0.425,0.0,0.773343097766386,0.3,0.014212205111485318,0.518951895189519,0.2303117309269893,0.3184357541899442,low,0.6559
"[1112878641, 1112878652, 1112878653, 1240777463]",0,0.536,7,0.2936375515771555,0.1626,93.74,93.74,97.1,,0.0,0.43366288294885885,0.4,0.40721549509835486,0.16251625162516253,0.2743759521856322,0.4581005586592179,medium,0.9997
"[1408604732, 449991630]",0,0.4597,7,0.3449797829857847,0.2805,179.98,180.51,179.98,0.425,0.0,0.3405346027096302,0.4,0.47841797401106917,0.28042804280428046,0.5270420719559357,0.3184357541899442,high,0.9998
"[1409641097, 1112883652]",0,0.3969,7,0.37638288830318234,0.06,144.26,144.26,148.67,0.425,0.0,0.26388380324667393,0.4,0.5219684563880379,0.0599059905990599,0.42238954646665877,0.3184357541899442,high,0.9937
1112883649,0,0.8284,6,0.007643476643930047,0.0031,91.18,93.24,91.18,0.425,0.0,0.7905529110216039,0.3,0.010592938366788807,0.0030003000300030005,0.2668756592054377,0.3184357541899442,low,0.9937
"[449991624, 1226223873, 1112883654]",0,0.5283,7,0.3219925144435677,0.5729,92.69,92.69,92.72,,0.0,0.42426461613572564,0.4,0.4465387498571495,0.5728572857285729,0.2712996601429743,0.4581005586592179,medium,0.8545
1112883657,0,0.8156,6,0.004680485192273129,0.2384,86.63,86.63,86.91,0.4475,0.0,0.7749298181374344,0.3,0.006483799933049132,0.23832383238323834,0.25354506035392,0.36871508379888274,low,0.9785
"[1112883651, 1112883653, 1112883655, 1112883661, 1112883663]",0,0.4677,6,0.3533576252972164,0.0031,125.53,125.53,130.58,,0.0,0.3502990357622361,0.3,0.49003654071819336,0.0030003000300030005,0.36751435602953236,0.4581005586592179,medium,0.986
237790228,0,0.397,7,0.3698120446016537,0.1845,14.82,14.82,16.3,0.4475,0.0,0.26400585865983156,0.4,0.5128558730962606,0.18441844184418443,0.04315598265557248,0.36871508379888274,medium,0.9992
1112886296,0,0.841,6,0.001795888816024832,0.0421,189.42,189.42,193.7,0.4025,0.0,0.805931893079458,0.3,0.002483381427339403,0.042004200420042,0.554699402320403,0.2681564245810057,medium,0.9819
"[1226052293, 1112886297, 4745466, 1112886299, 1112404124, 1112886301]",0,0.4149,4,0.2885340762146911,0.0421,190.11,190.11,194.72,,0.0,0.2858537776150372,0.1,0.4001378888684014,0.042004200420042,0.5567209656627211,0.4581005586592179,medium,0.7952
295124091,0,0.4306,7,0.135777747898329,0.1689,103.71,103.71,106.99,0.4025,0.0,0.30501647748077626,0.4,0.1882922221079695,0.16881688168816883,0.30358607758115547,0.2681564245810057,medium,0.9992
1112886303,0,0.8481,6,0.020218550605612395,0.1083,185.83,195.6,185.83,0.4875,0.0,0.8145978274136457,0.3,0.028032313594878767,0.1082108210821082,0.5441814133364584,0.4581005586592179,medium,0.7654
"[1112886306, 1112886307, 1112886309, 1112886315, 1112886317]",0,0.4612,6,0.15890558690221296,0.0563,186.86,186.86,194.28,,0.0,0.34236543390699375,0.3,0.22036639231425167,0.056205620562056205,0.5471991093402085,0.4581005586592179,medium,0.9957
237805210,0,0.3283,7,0.26479850322485415,0.0115,157.27,157.27,162.43,0.4875,0.0,0.1801537898205785,0.4,0.367220900476541,0.011401140114011402,0.4605062697761631,0.4581005586592179,high,0.5408
"[1162460368, 1162460369]",0,0.3819,7,0.15062618105121564,0.0319,112.62,119.71,112.62,0.4025,0.0,0.24557549127303796,0.4,0.20888433934651957,0.031803180318031796,0.3296906129145669,0.2681564245810057,medium,0.998
1112886311,0,0.9056,6,0.003287183296994781,0.0319,186.74,186.74,190.01,0.4025,0.0,0.8847796899792505,0.3,0.004551539762507974,0.031803180318031796,0.5468475331067619,0.2681564245810057,medium,0.8592
"[1112400993, 1226819170, 1226147683, 1226819173, 1226048997, 1226048998, 1112886314, 1112401004, 1112886318, 1226050269]",0,0.4435,6,0.1772766336322627,0.0006,198.6,207.19,198.6,,0.0,0.3207616257781033,0.3,0.24584374363913014,0.0005000500050004999,0.5815949841790694,0.4581005586592179,medium,0.9785
1112886320,0,0.8464,6,0.002844099178627224,0.0258,152.38,152.38,201.33,0.6525,0.0,0.8125228853899671,0.3,0.00393706145237122,0.025702570257025704,0.4461795382632133,0.8268156424581006,low,0.9999
"[1225338792, 1225338796, 1189689614, 1112886321, 1112886325]",0,0.5132,7,0.30940764030385803,0.0258,58.08,58.08,125.54,,0.0,0.40583424874893204,0.4,0.429085783537473,0.025702570257025704,0.1698992148130786,0.4581005586592179,medium,0.9999
1112886322,0,0.3906,6,0.3430271798751388,0.0258,132.35,136.92,132.35,0.6525,0.0,0.25619431221774686,0.3,0.4757100632328225,0.025702570257025704,0.3874956052970818,0.8268156424581006,medium,0.9999
1112888173,0,0.7173,6,0.05031971540686818,0.0445,201.08,201.08,209.11,0.6525,0.0,0.6549493470035397,0.3,0.06977723767017575,0.0444044404440444,0.5888608930036329,0.8268156424581006,low,0.54
"[1112404122, 1112888178, 1112888175]",0,0.3634,4,0.41565357731632274,0.0445,168.14,168.14,174.98,,0.0,0.22299523983888686,0.1,0.5764298681660217,0.0444044404440444,0.4923532169225359,0.4581005586592179,high,0.9563
422439069,0,0.4197,7,0.3313513860240728,0.3657,153.82,153.82,155.06,0.6525,0.0,0.29171243744660075,0.4,0.4595178284455748,0.36563656365636565,0.4503984530645727,0.8268156424581006,medium,0.9295
313379187,0,0.862,8,0.027378289059435804,0.5,165.35,172.74,165.35,0.2825,0.0,0.8315635298425486,0.5,0.03796158842949823,0.49994999499949994,0.484179069494902,0.0,medium,0.9977
"[1218238872, 1218238871]",0,0.7541,7,0.08721375993176332,0.5,245.6,245.6,251.02,0.6525,0.0,0.6998657390455266,0.4,0.12094266923042292,0.49994999499949994,0.7192956756123284,0.8268156424581006,medium,0.9999
1409296668,0,0.8846,6,0.4444044122666373,0.0812,75.28,75.28,75.33,0.495,0.0,0.8591480532161602,0.3,0.6163021265994297,0.0811081108110811,0.22029180827376066,0.4748603351955308,medium,0.961
237645205,7,0.8353,7,0.4444044122666373,0.0836,16.54,16.54,16.56,0.6075,0.07608695652173914,0.7989747345294764,0.4,0.6163021265994297,0.0835083508350835,0.04819524200164068,0.7262569832402236,low,0.9984
483469230,1,0.8196,6,0.003484651513858722,0.1354,157.55,157.55,206.55,0.6525,0.010869565217391304,0.7798120346637374,0.3,0.004825392810212147,0.1353135313531353,0.46132661432087185,0.8268156424581006,low,0.9996
"[1172479592, 1112878636, 908375885, 1112878638, 1185524855, 1185524856]",11,0.5093,6,0.3267060253289521,0.0921,28.35,28.35,344.06,0.73,0.11956521739130435,0.4010740876357866,0.3,0.45307554520502413,0.092009200920092,0.08279620297667876,1.0,low,0.9992
483469230,0,0.4035,7,0.3793241365009579,0.2204,179.88,179.88,264.46,0.6525,0.0,0.27193946051507384,0.4,0.5260474408231393,0.22032203220322033,0.5267490917613968,0.8268156424581006,high,0.6153
449991616,0,0.3895,7,0.21915903400728526,0.0487,176.53,176.53,219.19,0.6075,0.0,0.25485170267301355,0.4,0.30392713128509813,0.048604860486048604,0.5169342552443454,0.7262569832402236,medium,0.9981
449991616,0,0.8313,6,0.006774819478718426,0.0487,173.99,173.99,186.47,0.6075,0.0,0.7940925180031735,0.3,0.009388266466261256,0.048604860486048604,0.5094925583030586,0.7262569832402236,low,0.9948
"[1224880120, 1224880121, 1172489498, 906140207]",0,0.4804,7,0.23520680690358736,0.2003,124.44,128.42,124.44,0.73,0.0,0.3658000732332478,0.4,0.3261825179306605,0.20022002200220024,0.3643208719090589,1.0,medium,0.996
1352761259,0,0.4962,7,0.19445409546153347,0.0061,187.12,187.12,217.82,,0.0,0.3850848285121445,0.4,0.2696658064929671,0.006000600060006001,0.5479608578460096,0.4581005586592179,medium,0.9859
730337226,0,0.2676,4,0.2614334367122594,0.0061,195.49,195.49,275.54,,0.0,0.10606615403393141,0.1,0.3625541559500723,0.006000600060006001,0.5724833001289112,0.4581005586592179,high,0.8033
"[478705995, 478525262]",0,0.7734,6,0.039433517616136025,0.1781,109.72,109.72,188.31,0.6525,0.0,0.7234224337849383,0.3,0.05468003119184636,0.17801780178017804,0.3211941872729403,0.8268156424581006,low,0.9998
"[1172488227, 1172488228, 1112878635, 1112878637, 1185522067, 1185522068]",12,0.512,6,0.30631744190177423,0.011,15.84,15.84,338.65,0.73,0.13043478260869565,0.40436958379104115,0.3,0.4248002318478849,0.010901090109010901,0.04614438063986874,1.0,low,1.0
478705995,0,0.3933,7,0.37121321748931113,0.2204,153.35,153.35,253.16,0.6525,0.0,0.25948980837300134,0.4,0.5147990489234361,0.22032203220322033,0.44902144615024014,0.8268156424581006,medium,0.8963
"[1321543050, 1112883660, 1185524853, 1112883662]",0,0.4792,6,0.18634778518727674,0.5,120.98,125.86,120.98,,0.0,0.364335408275357,0.3,0.25842380608654,0.49994999499949994,0.3541837571780147,0.4581005586592179,medium,0.996
1408524843,0,0.8123,6,0.0009965828032728857,0.3721,177.46,177.46,191.07,0.3225,0.0,0.7709019895032345,0.3,0.0013748871535940116,0.372037203720372,0.5196589710535567,0.08938547486033527,medium,0.9999
"[1190415832, 1191419562, 1191419374]",0,0.4483,6,0.2003217683541405,0.1304,134.54,140.61,134.54,,0.0,0.3266202856096667,0.3,0.27780321781966566,0.13031303130313032,0.39391187155748264,0.4581005586592179,medium,0.9995
"[295124094, 1409649735]",0,0.7984,6,0.02901303653394069,0.2096,108.67,108.67,109.11,0.385,0.0,0.7539362870743318,0.3,0.040228690372431784,0.20952095209520954,0.3181178952302824,0.229050279329609,medium,0.8313
295124094,0,0.3894,7,0.20619191957173474,0.2096,7.82,7.82,12.52,0.385,0.0,0.254729647259856,0.4,0.28594406613922174,0.20952095209520954,0.02264736903785304,0.229050279329609,medium,1.0
"[1190420704, 1190420705, 1225011406]",35,0.4527,7,0.3548380739398275,0.4718,123.94,123.94,125.21,,0.3804347826086957,0.33199072378860006,0.4,0.49208965781818675,0.47174717471747174,0.3628559709363646,0.4581005586592179,medium,0.9999
"[1360091613, 673080415]",75,0.5704,7,0.2142621169890754,0.3779,170.18,170.18,176.8,0.6925,0.8152173913043478,0.47564994507506414,0.4,0.29713598448138134,0.37783778377837784,0.4983300128911285,0.9162011173184358,low,1.0
43802776,0,0.2647,6,0.3995901819318953,0.1304,173.21,182.06,173.21,,0.0,0.10252654705236176,0.3,0.5541528159276172,0.13031303130313032,0.5072073127856557,0.4581005586592179,high,0.9999
"[295124098, 1112801407, 1112801405, 1192415191]",0,0.6415,6,0.121687845328346,0.1304,90.22,124.58,90.22,,0.0,0.5624313438300989,0.3,0.16875205092536683,0.13031303130313032,0.26406304933786473,0.4581005586592179,medium,0.9254
1221293510,0,1.0,3,0.206540213048752,0.0389,204.11,204.11,209.36,0.73,0.0,1.0,0.0,0.28642708680802326,0.038803880388038794,0.59773819289816,1.0,low,1.0
895922374,0,0.6553,6,0.19118062006759898,1.0,182.32,182.32,184.32,0.67,0.0,0.579274990845844,0.3,0.26512608244293806,1.0,0.5338978085081447,0.8659217877094973,medium,0.9965
1217655912,0,1.0,7,0.006083532956393055,0.5,53.01,53.01,68.55,0.505,0.0,1.0,0.4,0.00842957587806366,0.49994999499949994,0.15504511894995895,0.4972067039106146,low,1.0
1252144028,0,0.9981,7,0.006815458872098301,0.5,49.67,49.67,64.91,0.535,0.0,0.9976809471500061,0.4,0.009444626025843424,0.49994999499949994,0.1452595804523614,0.564245810055866,low,1.0
1217655910,0,0.8478,7,0.009678061105432484,0.5,51.51,51.51,72.19,0.555,0.0,0.8142316611741731,0.4,0.013414542594763896,0.49994999499949994,0.1506504160318762,0.6089385474860337,low,0.9998
"[116315056, 1492599094]",17,0.7554,8,0.10932914087151582,0.8124,8.03,8.62,8.03,0.73,0.18478260869565216,0.7014524594165751,0.5,0.15161274144595802,0.8123812381238124,0.02326262744638462,1.0,low,1.0
1217655906,2,0.9351,7,0.009678061105432484,0.5,39.29,39.29,58.03,0.5475,0.021739130434782608,0.9207860368607348,0.4,0.013414542594763896,0.49994999499949994,0.11484823625922885,0.5921787709497207,low,1.0
1217655909,0,0.892,8,0.0104672994986704,0.5,65.99,65.99,86.7,0.505,0.0,0.8681801537898206,0.5,0.014509074883482891,0.49994999499949994,0.19307394820110155,0.4972067039106146,low,0.9941
"[1025549393, 1391901669]",0,1.0,8,0.0104672994986704,0.5,62.35,62.35,83.13,0.6925,0.0,1.0,0.5,0.014509074883482891,0.49994999499949994,0.18240946911988745,0.9162011173184358,low,1.0
1217655905,0,0.8845,7,0.009678061105432484,0.5,55.28,55.28,75.84,,0.0,0.8590259978030025,0.4,0.013414542594763896,0.49994999499949994,0.16169576936599084,0.4581005586592179,low,0.9981
1217655908,1,0.9924,7,0.006815458872098301,0.5,58.76,58.76,77.75,0.505,0.010869565217391304,0.9907237886000243,0.4,0.009444626025843424,0.49994999499949994,0.17189148013594277,0.4972067039106146,low,1.0
1252144027,0,1.0,8,0.006083532956393055,0.5,47.08,47.08,62.79,0.5275,0.0,1.0,0.5,0.00842957587806366,0.49994999499949994,0.1376713934138052,0.547486033519553,low,1.0
1217655915,2,1.0,7,0.006083532956393055,0.5,34.56,34.56,50.66,0.535,0.021739130434782608,1.0,0.4,0.00842957587806366,0.49994999499949994,0.1009902730575413,0.564245810055866,low,1.0
"[964435865, 1120874881, 1329473803]",0,0.7647,8,0.12501448451156613,0.2528,88.66,92.05,88.66,0.5525,0.0,0.7128036128402295,0.5,0.17336550362881964,0.25272527252725274,0.2594925583030587,0.6033519553072626,low,0.5696
"[876196208, 1288318005, 248565670]",0,0.9991,7,0.005982702286162184,1.0,79.33,79.33,79.4,0.6075,0.0,0.9989015012815818,0.4,0.008289741798517561,1.0,0.23215750615258404,0.7262569832402236,low,0.9996
876196208,0,0.988,7,0.005982702286162184,1.0,91.33,91.49,91.33,,0.0,0.9853533504210912,0.4,0.008289741798517561,1.0,0.26731512949724595,0.4581005586592179,low,0.8298
1223827918,0,0.8157,5,0.0257277172859788,0.0431,138.28,138.28,300.78,0.425,0.0,0.7750518735505919,0.2,0.035672541018252665,0.043004300430043,0.4048693308332356,0.3184357541899442,low,0.7204
"[1225338790, 1112401000, 1112401002, 1225338799, 1112399029, 901991574, 1112886326, 1226050268]",0,0.4935,6,0.1979718122743892,0.0674,184.19,191.48,184.19,0.73,0.0,0.38178933235689,0.3,0.27454424964427443,0.0673067306730673,0.5393765381460213,1.0,medium,0.9986
1112399033,0,0.8001,6,0.008106622200255612,0.0524,85.78,85.78,87.77,0.425,0.0,0.7560112290980106,0.3,0.011235238298112902,0.052305230523052304,0.2510547287003398,0.3184357541899442,low,0.9851
"[1466587319, 853255410, 1466587318, 284834967]",0,0.6044,7,0.1176994648966043,0.211,51.19,51.19,51.39,0.6525,0.0,0.5171487855486392,0.4,0.16322088163654544,0.21092109210921092,0.14971287940935188,0.8268156424581006,low,0.9905
"[1189695202, 1226368205, 1225338798, 1189684047]",0,0.4409,6,0.3714400904651205,0.0524,125.41,125.41,133.42,,0.0,0.31758818503600633,0.3,0.5151136811050286,0.052305230523052304,0.3671627797960857,0.4581005586592179,medium,0.9011
"[103348976, 1225770985]",0,0.7533,6,0.1546380918665599,0.2731,46.2,46.2,51.88,0.3225,0.0,0.698889295740266,0.3,0.21444814106280471,0.27302730273027304,0.13509316770186333,0.08938547486033527,medium,0.9908
43802774,15,0.6419,7,0.11144292767915247,0.13,137.47,146.99,137.47,,0.16304347826086957,0.5629195654827293,0.4,0.1545441851418669,0.12991299129912992,0.40249619125747094,0.4581005586592179,medium,0.8352
43802775,8,0.6089,7,0.2731782590649104,0.0343,135.34,139.13,135.34,,0.08695652173913043,0.5226412791407299,0.4,0.37884212090512986,0.0342034203420342,0.39625571311379343,0.4581005586592179,medium,0.9999
"[1408526882, 1408525900]",49,0.8715,8,0.0053158042968155855,0.13,183.31,192.28,183.31,0.3225,0.532608695652174,0.843158794092518,0.5,0.007364873737262983,0.12991299129912992,0.5367983124340794,0.08938547486033527,low,0.9999
1468693398,0,0.7773,5,0.007671306148587215,0.9993,167.31,167.31,173.89,0.655,0.0,0.7281825948980837,0.2,0.010631532905127673,0.9992999299929992,0.4899214813078635,0.8324022346368716,medium,0.8624
8380873,0,0.8051,8,0.012147074296487677,0.6037,94.8,94.8,100.46,0.6925,0.0,0.7621139997558892,0.5,0.016838621658880573,0.6036603660366037,0.277481542247744,0.9162011173184358,low,0.9989
"[962829744, 1235276476, 1235264093, 893745919]",0,0.5169,9,0.1664207746716225,0.4433,58.21,58.21,96.6,0.6525,0.0,0.4103502990357623,0.6,0.23078861168406536,0.44324432443244327,0.1702800890659791,0.8268156424581006,medium,0.9902
1451848921,0,0.7053,7,0.013493629778960436,0.6037,94.16,94.16,97.04,0.6925,0.0,0.6403026974246309,0.4,0.018706052927741475,0.6036603660366037,0.27560646900269536,0.9162011173184358,low,0.9936
"[308159955, 308159956, 308159957]",0,0.9476,7,0.0030430095350305105,0.5369,102.85,104.3,102.85,0.3675,0.0,0.9360429635054315,0.4,0.004212914489310809,0.536853685368537,0.3010664479081213,0.18994413407821234,medium,0.7242
"[226319532, 546607926]",0,0.9381,6,1.599616095119745e-05,0.5,48.42,48.42,71.51,0.5675,0.0,0.924447699255462,0.3,1.4989116317343476e-05,0.49994999499949994,0.14159732802062577,0.6368715083798884,low,1.0
308159955,0,0.9382,6,1.599616095119745e-05,0.5,44.84,44.84,57.63,0.5675,0.0,0.9245697546686196,0.3,1.4989116317343476e-05,0.49994999499949994,0.13110863705613499,0.6368715083798884,low,1.0
1426432499,0,1.0,10,0.022865006034669226,0.2908,97.9,97.9,99.58,0.3275,0.0,1.0,0.7,0.03170247326092684,0.2907290729072907,0.28656392827844834,0.10055865921787718,medium,0.9186
"[116359442, 490602015]",0,0.702,8,0.022865006034669226,0.5,20.28,20.28,24.5,0.4875,0.0,0.6362748687904308,0.5,0.03170247326092684,0.49994999499949994,0.059152701277393645,0.4581005586592179,low,0.9074
526206807,0,0.7735,6,0.16629275360124426,0.0306,130.45,136.18,130.45,0.73,0.0,0.7235444891980959,0.3,0.2306110693896637,0.0305030503050305,0.3819289816008437,1.0,low,0.9995
1279994536,0,0.71,6,0.18283542422069157,0.0306,126.03,132.71,126.03,,0.0,0.6460393018430367,0.3,0.25355279053470936,0.0305030503050305,0.3689792570022266,0.4581005586592179,medium,0.9883
1330414891,0,0.8701,8,0.0002136444020982417,0.542,49.47,49.47,49.77,0.6525,0.0,0.841450018308312,0.5,0.0002890918254575272,0.541954195419542,0.1446736200632837,0.8268156424581006,low,1.0
223928337,0,0.7292,8,0.04571305082583868,0.3324,55.35,55.35,68.0,0.425,0.0,0.6694739411692908,0.5,0.06338861900890011,0.3323332333233323,0.161900855502168,0.3184357541899442,medium,0.8231
"[1335077459, 488501166]",0,0.9432,8,0.04571305082583868,1.0,43.3,43.3,98.49,0.425,0.0,0.9306725253264982,0.5,0.06338861900890011,1.0,0.1265967420602367,0.3184357541899442,medium,0.657
1335077463,0,0.7719,6,0.09423597805380941,0.3324,28.08,28.08,28.83,,0.0,0.7215916025875748,0.3,0.13068122799651954,0.3323332333233323,0.08200515645142387,0.4581005586592179,low,0.9958
4746243,0,0.6147,8,0.15044359990278539,0.0639,143.15,143.15,146.59,0.6525,0.0,0.5297204931038691,0.5,0.20863113199626832,0.0638063806380638,0.41913746630727755,0.8268156424581006,medium,0.973
1352761259,0,0.4962,7,0.19445409546153347,0.0061,187.12,187.12,217.82,,0.0,0.3850848285121445,0.4,0.2696658064929671,0.006000600060006001,0.5479608578460096,0.4581005586592179,medium,0.9859
551406853,0,0.7947,6,0.07976574404948283,0.0048,11.71,11.71,13.68,0.6525,0.0,0.7494202367875015,0.3,0.11061360523671215,0.0047004700470047,0.034044298605414275,0.8268156424581006,low,1.0
591636792,0,0.682,4,0.1296732544509562,0.5081,188.04,188.04,195.11,0.4475,0.0,0.6118637861589162,0.1,0.17982638308940455,0.508050805080508,0.5506562756357669,0.36871508379888274,medium,0.9993
244059991,0,0.8809,9,0.0021321059358386948,1.0,54.82,54.82,93.67,0.345,0.0,0.85463200292933,0.6,0.002949654351729996,1.0,0.1603480604711121,0.13966480446927373,medium,0.9986
1391901662,0,0.909,6,0.0012106810294200017,1.0,86.1,86.1,132.57,0.425,0.0,0.8889295740266081,0.3,0.0016718030455263485,1.0,0.2519922653228641,0.3184357541899442,medium,0.825
1391901671,0,1.0,6,0.014802752569189183,0.5,82.27,82.27,102.99,0.5075,0.0,1.0,0.3,0.020521571757134417,0.49994999499949994,0.2407711238720262,0.5027932960893854,low,0.9999
1391901672,0,0.9673,7,0.014802752569189183,0.5,91.94,91.94,112.66,0.545,0.0,0.9600878798974735,0.4,0.020521571757134417,0.49994999499949994,0.2691023086839329,0.5865921787709498,low,0.9996
1391901670,0,0.9921,7,0.014802752569189183,0.5,72.85,72.85,93.59,0.6925,0.0,0.9903576223605517,0.4,0.020521571757134417,0.49994999499949994,0.2131723895464666,0.9162011173184358,low,1.0
1391901668,1,0.9944,7,0.0104672994986704,0.5,70.78,70.78,91.46,0.5075,0.010869565217391304,0.9931648968631758,0.4,0.014509074883482891,0.49994999499949994,0.20710769951951244,0.5027932960893854,low,0.9999
1395746249,0,1.0,6,0.016420499302990943,0.5,34.04,34.04,99.48,0.4025,0.0,1.0,0.3,0.022765096717763073,0.49994999499949994,0.09946677604593927,0.2681564245810057,low,0.9999
1408626366,0,0.9692,6,0.003211818329173229,1.0,85.87,85.87,88.5,,0.0,0.9624069327474672,0.3,0.004447022050970225,1.0,0.2513184108754248,0.4581005586592179,low,0.9403
1408626368,0,1.0,7,0.003211818329173229,1.0,85.4,85.4,88.56,0.425,0.0,1.0,0.4,0.004447022050970225,1.0,0.2499414039610922,0.3184357541899442,medium,0.5125
514858415,0,0.7028,6,0.16604844405951155,0.1712,32.16,32.16,33.39,0.425,0.0,0.6372513120956914,0.3,0.2302722558142476,0.1711171117111711,0.09395874838860889,0.3184357541899442,medium,0.5331
284450145,0,0.8851,6,0.3115427150861185,0.0812,114.13,116.9,114.13,0.425,0.0,0.859758330281948,0.3,0.43204674984123637,0.0811081108110811,0.3341146138521035,0.3184357541899442,medium,0.9949
"[1433116796, 237517573]",0,0.6735,7,0.15463809186655986,0.0419,83.7,83.7,86.17,0.6525,0.0,0.6014890760405224,0.4,0.21444814106280463,0.0418041804180418,0.24496074065393175,0.8268156424581006,low,0.9883
1474967249,0,0.8913,6,0.08079632424035331,0.9993,156.41,156.41,163.0,0.63,0.0,0.8673257658977176,0.3,0.1120428353713413,0.9992999299929992,0.45798664010312895,0.776536312849162,medium,0.8814
1272335037,0,0.9065,5,0.03229836121843284,1.0,170.84,170.84,177.37,0.655,0.0,0.8858781886976688,0.2,0.04478484726610463,1.0,0.5002636821750849,0.8324022346368716,low,0.7136
1309442338,0,0.8268,5,0.206540213048752,0.0389,167.27,167.27,173.5,0.63,0.0,0.7886000244110826,0.2,0.28642708680802326,0.038803880388038794,0.489804289230048,0.776536312849162,low,0.8534
1112801408,0,0.4275,7,0.2159367009679526,0.0314,35.98,35.98,38.15,0.425,0.0,0.3012327596728915,0.4,0.29945833252065124,0.0313031303130313,0.10515059181999294,0.3184357541899442,medium,0.9999
"[1441734224, 1441734225, 1112801408]",0,0.8125,6,0.0024169645180253246,0.1274,63.43,64.5,63.43,0.425,0.0,0.7711461003295497,0.3,0.0033447021834033244,0.12731273127312734,0.18557365522090702,0.3184357541899442,low,0.9973
"[1190415833, 1441734226, 1112801411, 1321514101]",0,0.4128,6,0.2208328469084089,0.1047,110.14,110.14,115.27,,0.0,0.2832906139387282,0.3,0.30624840997763375,0.10461046104610461,0.32242470409000346,0.4581005586592179,medium,0.9998
"[251749485, 1469862813, 1409634766, 542990495]",0,1.0,5,0.21890558878609212,0.1752,59.74,59.74,66.12,0.425,0.0,1.0,0.2,0.30357564815858756,0.17511751175117513,0.1747626860424235,0.3184357541899442,low,0.997
959788822,0,0.8023,7,0.09673855758981387,0.0438,38.33,38.33,39.78,0.425,0.0,0.7586964481874772,0.4,0.13415185756891865,0.0437043704370437,0.11203562639165589,0.3184357541899442,low,0.9885
1510989512,0,0.459,5,0.3149146049132726,0.2408,62.52,62.52,133.28,0.6925,0.0,0.33968021481752714,0.2,0.4367229570828558,0.24072407240724072,0.1829075354506035,0.9162011173184358,medium,0.9491
