osmid,lighting,visibility,connectivity,enclosure,dominant_land_use_score,public_transport_proximity_m,dist_to_rail_m,dist_to_bus_m,lighting_norm,visibility_norm,connectivity_norm,enclosure_norm,dominant_land_use_score_norm,public_transport_proximity_m_norm,pedestrian_priority_score_norm,risk_class,risk_probability
"[28692806, 245104838, 4354815]",0,0.7144,5,0.08201835892713048,0.1655,124.18,124.18,125.81,0.0,0.6099426386233271,0.15384615384615385,0.1361978969270071,0.16541654165416544,0.24271159874608153,0.0,medium,0.9997
"[4950416, 177699020]",0,0.964,7,0.01038052381153455,0.9667,510.7,525.04,510.7,0.0,0.9508331057088227,0.3076923076923077,0.017237668619827964,0.9666966696669667,1.0,0.0,high,1.0
"[28680624, 371660518]",0,1.0,6,0.14551981385951812,0.5,217.18,217.18,220.5,0.0,1.0,0.23076923076923078,0.24164702955930106,0.49994999499949994,0.4249216300940439,0.0,medium,1.0
217347936,0,0.9832,7,0.003910056109556115,0.5,197.03,197.03,207.1,0.0,0.977055449330784,0.3076923076923077,0.006492950918078075,0.49994999499949994,0.38544278996865206,0.0,medium,0.9994
217347927,0,1.0,5,0.07707748024352473,0.5,371.06,379.28,371.06,0.0,1.0,0.15384615384615385,0.12799318142588423,0.49994999499949994,0.7264106583072101,0.0,medium,0.9998
67601407,0,0.642,11,0.13870429792631375,0.2833,90.38,90.38,91.23,0.0,0.5110625512155149,0.6153846153846154,0.23032933228192062,0.2832283228322832,0.17648902821316614,0.0,medium,0.9998
69419698,0,0.811,9,0.010082479276827726,0.5141,51.06,54.83,51.06,0.0,0.7418738049713195,0.46153846153846156,0.01674274235862508,0.5140514051405141,0.09945141065830722,0.0,medium,0.6149
407468695,0,0.66,11,0.1225851473074666,0.1185,8.29,8.29,13.96,0.0,0.5356459983611036,0.6153846153846154,0.2035622219324566,0.1184118411841184,0.01565438871473354,0.0,medium,0.9984
16560347,0,0.5589,6,0.3726391032412214,0.165,112.9,123.92,112.9,0.0,0.397568970226714,0.23076923076923078,0.6187963735367508,0.16491649164916494,0.2206112852664577,0.0,high,0.845
322777596,0,0.5363,7,0.4411579112779794,0.0335,159.17,166.03,159.17,0.0,0.36670308658836387,0.3076923076923077,0.7325772134272347,0.0334033403340334,0.3112656739811912,0.0,high,0.9999
335717532,0,1.0,5,0.011752823673698122,0.2055,26.39,26.39,40.81,0.0,1.0,0.15384615384615385,0.019516479874320338,0.20542054205420543,0.05111677115987461,0.0,low,1.0
553501868,0,0.9942,6,0.011752823673698122,0.2055,47.72,47.72,59.22,0.0,0.9920786670308659,0.23076923076923078,0.019516479874320338,0.20542054205420543,0.0929075235109718,0.0,low,1.0
1304263468,0,0.8411,7,0.004053354944231417,0.1799,75.03,80.76,75.03,0.0,0.782982791586998,0.3076923076923077,0.006730909841063668,0.17981798179817984,0.14641457680250786,0.0,low,0.9995
1304263467,0,1.0,6,0.004053354944231417,0.1799,69.34,73.66,69.34,0.0,1.0,0.23076923076923078,0.006730909841063668,0.17981798179817984,0.1352664576802508,0.0,low,1.0
1304263459,0,0.8561,7,0.0019438302198095559,0.1799,31.43,31.43,32.62,0.0,0.8034689975416553,0.3076923076923077,0.0032278790413203797,0.17981798179817984,0.06099137931034483,0.0,low,1.0
552371700,0,0.9995,6,0.0019438302198095559,0.1799,43.2,43.2,45.51,0.0,0.9993171264681782,0.23076923076923078,0.0032278790413203797,0.17981798179817984,0.08405172413793105,0.0,low,1.0
7642909,0,0.6175,7,0.09003780026669522,0.0223,122.05,137.1,122.05,0.0,0.47760174815624157,0.3076923076923077,0.1495148065057412,0.022202220222022204,0.2385384012539185,0.0,medium,1.0
179162271,0,0.7898,6,0.0019438302198095559,0.1291,42.68,48.15,42.68,0.0,0.7129199672220705,0.23076923076923078,0.0032278790413203797,0.12901290129012902,0.08303291536050157,0.0,low,1.0
44704756,0,0.7588,12,0.09365883078518097,0.4568,3.5,3.5,14.15,0.0,0.6705818082491124,0.6923076923076923,0.15552781089778137,0.45674567456745674,0.006269592476489029,0.0,medium,0.9978
44886948,0,0.8742,13,0.06627679375364777,0.4568,17.97,70.8,17.97,0.0,0.8281890193936084,0.7692307692307693,0.1100577967421236,0.45674567456745674,0.03461990595611285,0.0,medium,0.823
109930819,0,0.9176,13,0.0028638948324292775,0.4568,24.62,77.77,24.62,0.0,0.8874624419557497,0.7692307692307693,0.004755718292715769,0.45674567456745674,0.04764890282131662,0.0,low,0.9851
66835510,0,0.8558,13,0.012296863258007362,0.5165,13.32,13.32,22.59,0.0,0.8030592734225623,0.7692307692307693,0.02041990015570012,0.5164516451645165,0.025509404388714733,0.0,low,0.6546
"[1013579976, 4346287]",0,0.8813,8,0.09262919079532626,0.2069,195.94,201.05,195.94,0.0,0.8378858235454794,0.38461538461538464,0.1538180131621341,0.20682068206820683,0.38330721003134793,0.0,medium,1.0
1054368317,0,0.8907,8,0.5553399615571211,0.0051,55.27,55.27,93.79,0.0,0.8507238459437313,0.38461538461538464,0.9221854385762855,0.005000500050005001,0.10769984326018811,0.0,medium,0.9999
685984978,0,0.995,9,0.004445515068427371,0.3047,76.18,76.18,78.25,0.0,0.9931712646817811,0.46153846153846156,0.007382122399791117,0.30463046304630464,0.14866771159874612,0.0,low,1.0
1371903314,0,0.8638,9,0.20517867765217707,0.0925,106.61,120.41,106.61,0.0,0.8139852499317128,0.46153846153846156,0.3407152390587887,0.0924092409240924,0.20828761755485894,0.0,medium,1.0
197690135,0,1.0,9,0.0020069124806931732,0.5,25.52,37.5,25.52,0.0,1.0,0.46153846153846156,0.0033326320694477534,0.49994999499949994,0.04941222570532915,0.0,low,1.0
"[1331911512, 335717523]",0,0.9984,6,0.0020069124806931732,0.5,24.08,45.36,24.08,0.0,0.9978148046981699,0.23076923076923078,0.0033326320694477534,0.49994999499949994,0.046590909090909086,0.0,low,1.0
4950415,0,1.0,5,0.014170911921346258,0.8654,437.22,449.34,437.22,0.0,1.0,0.15384615384615385,0.023531904538437592,0.8653865386538654,0.8560344827586207,0.0,medium,0.5668
"[371661563, 371661564]",0,1.0,6,0.0505203967323773,0.5,441.37,448.95,441.37,0.0,1.0,0.23076923076923078,0.08389306711392704,0.49994999499949994,0.8641653605015674,0.0,medium,0.9207
131451858,0,0.9123,6,0.041604857142287975,0.0392,35.58,35.58,42.02,0.0,0.8802239825184377,0.23076923076923078,0.06908811630256698,0.0391039103910391,0.06912225705329154,0.0,low,1.0
245049105,0,0.7744,9,0.26808551143914955,0.5,105.8,105.8,118.38,0.0,0.6918874624419556,0.46153846153846156,0.445176956771289,0.49994999499949994,0.20670062695924765,0.0,medium,0.9968
661410624,0,0.499,13,0.45672062174478495,0.0671,152.44,158.77,152.44,0.0,0.31576072111444964,0.7692307692307693,0.7584203113826986,0.067006700670067,0.2980799373040752,0.0,high,1.0
"[1040551136, 661410628]",0,0.4697,10,0.4583774409719238,0.3081,119.84,130.85,119.84,0.0,0.2757443321496859,0.5384615384615384,0.7611715892961939,0.308030803080308,0.2342084639498433,0.0,high,1.0
"[4350986, 1028118467, 1028118317]",0,0.7801,13,0.18557066029337366,0.5,60.31,60.31,71.16,0.0,0.6996722207047255,0.7692307692307693,0.3081545926086202,0.49994999499949994,0.11757445141065832,0.0,medium,0.9999
661410624,0,0.5547,12,0.4154569612846991,0.0671,231.68,242.91,231.68,0.0,0.39183283255941,0.6923076923076923,0.6898987757835152,0.067006700670067,0.4533307210031348,0.0,high,1.0
661410624,0,0.499,13,0.45672062174478495,0.0671,152.44,158.77,152.44,0.0,0.31576072111444964,0.7692307692307693,0.7584203113826986,0.067006700670067,0.2980799373040752,0.0,high,1.0
"[49778435, 1299584260]",0,0.6047,11,0.4391462435599864,0.1805,219.59,219.59,231.34,0.0,0.46012018574160074,0.6153846153846154,0.7292366818404764,0.18041804180418042,0.4296434169278997,0.0,high,1.0
245049110,0,0.5027,9,0.4812671563903569,0.0627,108.91,123.44,108.91,0.0,0.3208139852499318,0.46153846153846156,0.799181752049847,0.06260626062606262,0.21279388714733544,0.0,high,1.0
661410624,0,0.4931,11,0.42079911309133783,0.2293,155.49,164.88,155.49,0.0,0.3077028134389511,0.6153846153846154,0.6987698366907006,0.22922292229222924,0.3040556426332289,0.0,high,1.0
661410624,0,0.5547,12,0.4154569612846992,0.0671,231.68,242.91,231.68,0.0,0.39183283255941,0.6923076923076923,0.6898987757835154,0.067006700670067,0.4533307210031348,0.0,high,1.0
62516795,0,0.5197,9,0.41886019093334304,0.1229,76.79,76.79,77.43,0.0,0.34403168533187667,0.46153846153846156,0.695550104796057,0.12281228122812281,0.14986285266457683,0.0,high,0.9973
661410624,0,0.4931,11,0.4207991130913377,0.2293,155.49,164.88,155.49,0.0,0.3077028134389511,0.6153846153846154,0.6987698366907004,0.22922292229222924,0.3040556426332289,0.0,high,1.0
1254930287,0,0.4689,10,0.4383163345029036,0.0081,202.99,202.99,208.49,0.0,0.27465173449877084,0.5384615384615384,0.727858552940497,0.008000800080008,0.39711990595611285,0.0,high,1.0
49778435,0,0.4714,10,0.47867429907677883,0.1447,100.73,100.73,104.81,0.0,0.27806610215788036,0.5384615384615384,0.794876109682326,0.14461446144614462,0.19676724137931037,0.0,high,1.0
245049101,0,0.4486,7,0.5134578060065826,0.0003,110.56,110.56,117.03,0.0,0.24692706910680146,0.3076923076923077,0.8526368435042917,0.0002000200020002,0.2160266457680251,0.0,high,1.0
49778435,0,0.4364,10,0.42287791227531957,0.0003,169.11,169.11,175.11,0.0,0.23026495493034696,0.5384615384615384,0.7022218453273688,0.0002000200020002,0.33074059561128527,0.0,high,1.0
245049110,0,0.4607,11,0.4312984048083037,0.0081,266.06,266.06,271.0,0.0,0.2634526085768916,0.6153846153846154,0.7162047317806839,0.008000800080008,0.5206896551724138,0.0,high,1.0
245049117,0,0.5733,7,0.44771918409670597,0.0285,203.01,203.01,209.47,0.0,0.41723572794318503,0.3076923076923077,0.7434727201275967,0.028402840284028404,0.3971590909090909,0.0,high,1.0
4334267,0,0.6563,9,0.18832980154834753,0.4236,355.28,365.61,355.28,0.0,0.5305927342256215,0.46153846153846156,0.3127363624665984,0.4235423542354235,0.6954937304075235,0.0,high,1.0
176994841,0,0.8886,8,0.06768933398558312,0.354,410.48,420.83,410.48,0.0,0.8478557771100793,0.38461538461538464,0.11240343027799134,0.35393539353935394,0.8036442006269593,0.0,high,0.7872
355350992,0,0.6517,7,0.31659841749804196,0.3905,135.48,144.96,135.48,0.0,0.5243102977328599,0.3076923076923077,0.5257364316814147,0.39043904390439044,0.2648510971786834,0.0,high,0.7392
172908791,0,0.4913,10,0.33075108495846234,0.2681,188.18,192.11,188.18,0.0,0.3052444687243923,0.5384615384615384,0.5492380429393555,0.268026802680268,0.36810344827586206,0.0,high,1.0
176994840,0,0.6349,10,0.26337644102674324,0.1391,202.3,209.54,202.3,0.0,0.5013657470636439,0.5384615384615384,0.437357177035197,0.13901390139013903,0.39576802507836994,0.0,high,0.991
43681566,0,0.5709,8,0.13694357583984382,0.1977,106.69,107.62,106.69,0.0,0.41395793499043976,0.38461538461538464,0.2274055155438244,0.19761976197619763,0.20844435736677117,0.0,medium,0.9998
172908792,0,0.5057,11,0.23443138840573557,0.8465,50.27,57.26,50.27,0.0,0.32491122644086323,0.6153846153846154,0.38929165324316434,0.8464846484648465,0.097903605015674,0.0,high,0.9998
556479441,0,0.9316,6,0.1026800448844888,0.1865,32.21,32.21,38.16,0.0,0.9065829008467632,0.23076923076923078,0.17050824249694854,0.1864186418641864,0.06251959247648903,0.0,low,1.0
23100787,0,0.7036,6,0.19530276844804767,0.5,330.88,340.24,330.88,0.0,0.5951925703359738,0.23076923076923078,0.32431551938875036,0.49994999499949994,0.6476880877742947,0.0,high,0.9999
176994841,0,0.7887,7,0.09382260122201573,0.5,363.8,373.69,363.8,0.0,0.7114176454520622,0.3076923076923077,0.15579976451732322,0.49994999499949994,0.7121865203761756,0.0,high,0.9882
595924867,0,0.618,11,0.3198666924825815,0.5,145.42,149.46,145.42,0.0,0.4782846216880634,0.6153846153846154,0.5311636579188366,0.49994999499949994,0.2843260188087774,0.0,high,1.0
28908922,0,0.6602,10,0.2636214158098758,0.5,186.72,192.97,186.72,0.0,0.5359191477738323,0.5384615384615384,0.4377639768231013,0.49994999499949994,0.36524294670846397,0.0,high,0.9996
"[595924867, 595924862]",0,0.7036,10,0.21925871274578354,0.8031,126.0,134.08,126.0,0.0,0.5951925703359738,0.5384615384615384,0.36409623859075074,0.8030803080308031,0.24627742946708467,0.0,high,0.9432
31785554,0,0.712,7,0.04027340110446439,0.0656,56.16,56.16,61.85,0.0,0.6066648456705818,0.3076923076923077,0.0668771294129592,0.06550655065506551,0.1094435736677116,0.0,low,0.9368
4397435,0,0.8312,7,0.05258125137236868,0.0656,27.17,27.17,35.21,0.0,0.7694618956569246,0.3076923076923077,0.0873152774317806,0.06550655065506551,0.052644984326018815,0.0,low,1.0
70668693,0,0.8707,6,0.01005124218182049,0.0656,17.61,17.61,27.72,0.0,0.823408904670855,0.23076923076923078,0.016690870719180396,0.06550655065506551,0.03391457680250783,0.0,low,1.0
41900603,0,0.773,6,0.0030912379314039645,0.0656,50.41,50.41,60.94,0.0,0.6899754165528545,0.23076923076923078,0.0051332392900274625,0.06550655065506551,0.09817789968652038,0.0,low,1.0
31785556,0,0.8597,7,0.01000346005000554,0.06,71.89,71.89,72.88,0.0,0.8083856869707732,0.3076923076923077,0.01661152475205928,0.0599059905990599,0.140262539184953,0.0,low,1.0
"[196116579, 444662773]",0,0.6125,7,0.1452937900643566,0.0109,39.25,39.25,42.51,0.0,0.47077301283802253,0.3076923076923077,0.24127169936915946,0.010801080108010801,0.0763126959247649,0.0,medium,0.9985
31785555,0,0.9236,8,0.0008492749241223392,0.0656,81.83,81.83,86.05,0.0,0.8956569243376127,0.38461538461538464,0.0014102843630379234,0.06550655065506551,0.15973746081504703,0.0,low,1.0
4351337,0,0.663,7,0.12005805598253701,0.06,62.29,62.29,63.85,0.0,0.5397432395520351,0.3076923076923077,0.1993657891329223,0.0599059905990599,0.1214537617554859,0.0,medium,0.9978
"[1333795014, 914176143]",0,0.6269,6,0.07983980663892136,0.0468,14.0,14.0,19.06,0.0,0.4904397705544934,0.23076923076923078,0.13258024045865768,0.046704670467046704,0.026841692789968653,0.0,low,0.9588
131447325,0,0.9451,6,0.042237911959424716,0.5929,13.88,13.88,18.92,0.0,0.9250204862059547,0.23076923076923078,0.07013935334031425,0.5928592859285928,0.026606583072100315,0.0,low,1.0
44360628,0,0.8307,6,0.042237911959424716,0.5929,14.18,14.18,44.63,0.0,0.7687790221251024,0.23076923076923078,0.07013935334031425,0.5928592859285928,0.027194357366771157,0.0,low,0.999
"[1062420409, 4354730]",0,0.7705,7,0.042237911959424716,0.5034,17.43,17.43,36.09,0.0,0.6865610488937448,0.3076923076923077,0.07013935334031425,0.5033503350335033,0.03356191222570533,0.0,low,0.9611
31785503,0,0.9091,6,0.08502665565126881,0.1608,19.3,19.3,53.38,0.0,0.8758535919147774,0.23076923076923078,0.14119340892903473,0.16071607160716073,0.037225705329153605,0.0,low,1.0
41699308,0,0.9562,6,0.12256146949657483,1.0,38.73,38.73,50.13,0.0,0.9401802786124012,0.23076923076923078,0.2035229030755292,1.0,0.07529388714733543,0.0,medium,0.9123
"[176353849, 992295154, 1062420407]",0,0.6726,7,0.12256146949657483,0.3264,33.09,33.09,41.17,0.0,0.5528544113630156,0.3076923076923077,0.2035229030755292,0.32633263326332634,0.06424373040752353,0.0,medium,0.9986
"[41849672, 913671382]",0,1.0,5,0.0206516950062114,1.0,5.2,5.2,20.06,0.0,1.0,0.15384615384615385,0.03429375174028053,1.0,0.009600313479623826,0.0,low,1.0
41699302,0,0.9993,5,0.1026800448844888,0.1865,20.42,20.42,27.18,0.0,0.9990439770554495,0.15384615384615385,0.17050824249694854,0.1864186418641864,0.03942006269592477,0.0,low,1.0
355351002,0,0.9138,7,0.05001081446573348,0.0017,25.61,25.61,32.59,0.0,0.8822726031139032,0.3076923076923077,0.08304686590358308,0.0016001600160016,0.04958855799373041,0.0,low,1.0
355351003,0,0.9254,8,0.011572664126788059,0.1917,36.2,36.2,43.6,0.0,0.8981152690521715,0.38461538461538464,0.019217310855636896,0.19161916191619163,0.0703369905956113,0.0,low,1.0
865502298,0,0.9285,8,0.011572664126788059,0.0017,30.03,30.03,37.54,0.0,0.9023490849494675,0.38461538461538464,0.019217310855636896,0.0016001600160016,0.05824843260188088,0.0,low,1.0
4334267,0,0.702,10,0.1275773579067391,0.3171,103.16,103.16,105.26,0.0,0.5930073750341437,0.5384615384615384,0.2118521780944301,0.31703170317031704,0.20152821316614422,0.0,medium,1.0
"[398415916, 43681566]",0,0.7524,11,0.10047706756597244,0.2884,21.73,21.73,25.11,0.0,0.6618410270417918,0.6153846153846154,0.16685002635538915,0.2883288328832883,0.04198667711598746,0.0,medium,0.9919
1333795007,0,1.0,6,0.08439611472664554,0.5387,15.15,15.15,16.06,0.0,1.0,0.23076923076923078,0.14014634640642823,0.5386538653865386,0.029094827586206896,0.0,low,1.0
1333795006,0,1.0,6,0.043989380937893896,0.5,72.35,74.57,72.35,0.0,1.0,0.23076923076923078,0.07304780456885054,0.49994999499949994,0.1411637931034483,0.0,low,0.9999
23100790,0,0.8862,6,0.043989380937893896,0.0586,117.37,118.21,117.37,0.0,0.8445779841573342,0.23076923076923078,0.07304780456885054,0.0585058505850585,0.2293691222570533,0.0,low,0.9949
335717529,0,0.8223,8,0.12606681323246052,0.0099,148.49,148.49,152.11,0.0,0.7573067467904945,0.38461538461538464,0.20934380051670995,0.009800980098009802,0.2903409090909091,0.0,medium,1.0
70663264,0,0.7443,8,0.06916831263296319,0.3437,139.04,141.9,139.04,0.0,0.650778475826277,0.38461538461538464,0.11485938999913418,0.3436343634363436,0.2718260188087774,0.0,medium,1.0
1333795003,0,1.0,11,0.060700689544868854,0.3735,127.76,127.9,127.76,0.0,1.0,0.6153846153846154,0.10079823957277873,0.37343734373437343,0.24972570532915364,0.0,medium,0.9915
85774704,0,0.9843,6,0.001010357307268594,0.5,312.18,319.69,312.18,0.0,0.9785577711007921,0.23076923076923078,0.0016777742591859884,0.49994999499949994,0.6110501567398119,0.0,medium,1.0
408709758,0,0.935,5,0.0006503964279398681,0.5,197.46,204.01,197.46,0.0,0.9112264408631522,0.15384615384615385,0.0010800310649995435,0.49994999499949994,0.38628526645768024,0.0,medium,0.9987
514121073,0,0.9112,5,0.010499312578731579,0.5,190.59,197.24,190.59,0.0,0.8787216607484294,0.15384615384615385,0.01743492665872996,0.49994999499949994,0.3728252351097179,0.0,medium,0.9995
263472886,0,0.9871,12,0.07118772044845044,0.5,51.86,51.86,55.4,0.0,0.982381862878995,0.6923076923076923,0.11821277462316739,0.49994999499949994,0.10101880877742947,0.0,low,0.6136
43681577,0,0.7337,8,0.16443032809474603,0.328,32.81,32.81,33.11,0.0,0.6363015569516527,0.38461538461538464,0.2730494175181064,0.32793279327932795,0.06369514106583074,0.0,medium,0.9995
"[1333795001, 1333795002]",0,0.7084,8,0.2076384169225133,0.5,97.2,100.82,97.2,0.0,0.6017481562414642,0.38461538461538464,0.34479982850378205,0.49994999499949994,0.1898510971786834,0.0,medium,0.9995
305947011,0,0.6873,6,0.10222742102831527,0.7525,176.67,180.09,176.67,0.0,0.5729308931985797,0.23076923076923078,0.1697566251821484,0.7524752475247525,0.34555250783699054,0.0,medium,0.9783
1333868514,0,0.6381,6,0.17374596310375223,0.7486,125.21,131.97,125.21,0.0,0.5057361376673041,0.23076923076923078,0.28851875806573096,0.7485748574857486,0.2447296238244514,0.0,medium,0.9065
194937959,0,0.6285,11,0.3854783293791865,1.0,251.05,253.12,251.05,0.0,0.49262496585632337,0.6153846153846154,0.6401169127489599,1.0,0.4912813479623825,0.0,high,1.0
305947011,0,0.7295,8,0.19000403598453322,0.3976,152.22,159.09,152.22,0.0,0.6305654192843486,0.38461538461538464,0.3155165596968331,0.39753975397539754,0.2976489028213166,0.0,medium,0.9984
398415913,0,0.7816,8,0.1646490680587065,0.4543,296.76,296.76,297.34,0.0,0.7017208413001913,0.38461538461538464,0.2734126523368395,0.45424542454245426,0.5808385579937304,0.0,high,0.9591
514121076,0,0.786,9,0.060700689544868854,0.3735,124.65,127.56,124.65,0.0,0.707730128380224,0.46153846153846156,0.10079823957277873,0.37343734373437343,0.24363244514106586,0.0,medium,1.0
1333795005,0,0.7297,7,0.043989380937893896,0.5,97.25,97.25,98.28,0.0,0.6308385686970773,0.3076923076923077,0.07304780456885054,0.49994999499949994,0.18994905956112854,0.0,medium,1.0
1333795008,0,1.0,7,0.043989380937893896,0.5,69.68,69.68,71.29,0.0,1.0,0.3076923076923077,0.07304780456885054,0.49994999499949994,0.13593260188087777,0.0,low,0.9998
23100791,0,0.8468,10,0.0168515230851906,0.5,87.85,92.61,87.85,0.0,0.7907675498497678,0.5384615384615384,0.027983269037924998,0.49994999499949994,0.17153213166144202,0.0,medium,0.9955
23100789,0,1.0,6,0.043989380937893896,0.5,52.54,52.62,52.54,0.0,1.0,0.23076923076923078,0.07304780456885054,0.49994999499949994,0.10235109717868339,0.0,low,1.0
70663383,0,1.0,7,0.08439611472664554,0.5387,10.41,10.41,18.37,0.0,1.0,0.3076923076923077,0.14014634640642823,0.5386538653865386,0.019807993730407522,0.0,low,1.0
1333795011,0,1.0,8,0.08441212571863727,0.3252,110.39,110.39,111.69,0.0,1.0,0.38461538461538464,0.1401729339109178,0.32513251325132514,0.2156935736677116,0.0,low,0.8507
1333795012,0,0.575,9,0.23387593361078227,0.3252,135.28,136.71,135.28,0.0,0.41955749795137937,0.46153846153846156,0.38836927711167823,0.32513251325132514,0.26445924764890283,0.0,high,0.868
4346244,0,1.0,11,0.4225224399538411,0.2197,65.69,65.69,69.51,0.0,1.0,0.6153846153846154,0.7016315557345617,0.21962196219621963,0.1281152037617555,0.0,medium,1.0
32151441,0,0.7458,9,0.06844958012614559,0.134,31.85,31.85,33.24,0.0,0.6528270964217427,0.46153846153846156,0.11366587845645777,0.13391339133913394,0.06181426332288402,0.0,low,0.8309
4346244,0,1.0,11,0.4225224399538411,0.2197,65.69,65.69,69.51,0.0,1.0,0.6153846153846154,0.7016315557345617,0.21962196219621963,0.1281152037617555,0.0,medium,1.0
23578045,0,0.4614,11,0.4225224399538411,0.2849,70.25,78.41,70.25,0.0,0.26440863152144223,0.6153846153846154,0.7016315557345617,0.2848284828482848,0.13704937304075238,0.0,high,1.0
44337601,0,0.7509,10,0.09238912849166217,0.2197,46.4,46.4,48.01,0.0,0.6597924064463262,0.5384615384615384,0.15341937093061292,0.21962196219621963,0.09032131661442007,0.0,medium,0.9927
23578045,0,0.4614,11,0.4225224399538411,0.2849,70.25,78.41,70.25,0.0,0.26440863152144223,0.6153846153846154,0.7016315557345617,0.2848284828482848,0.13704937304075238,0.0,high,1.0
23578045,0,0.5545,12,0.3543827891437492,0.2849,139.6,153.78,139.6,0.0,0.39155968314668127,0.6923076923076923,0.5884803360744453,0.2848284828482848,0.272923197492163,0.0,high,1.0
4346239,0,0.6245,7,0.03769502155315259,0.5288,147.5,147.78,147.5,0.0,0.4871619776017483,0.3076923076923077,0.0625955285020484,0.5287528752875288,0.2884012539184953,0.0,medium,0.9999
4346242,0,0.7141,6,0.11420130192105556,0.3386,158.81,158.81,159.04,0.0,0.6095329145042339,0.23076923076923078,0.18964019093235424,0.33853385338533853,0.3105603448275862,0.0,medium,1.0
"[4346241, 1410048929]",0,0.6817,7,0.1912475779859202,0.199,133.97,133.97,134.53,0.0,0.5652827096421743,0.3076923076923077,0.3175815584528097,0.19891989198919893,0.2618926332288401,0.0,medium,1.0
23691191,0,0.7136,8,0.060340369609121786,0.1291,43.22,43.22,43.6,0.0,0.608850040972412,0.38461538461538464,0.1001999001373263,0.12901290129012902,0.08409090909090909,0.0,low,0.6167
4346245,0,0.4163,8,0.45415800938812756,0.3386,138.34,138.34,151.91,0.0,0.2028134389511063,0.38461538461538464,0.7541648931317303,0.33853385338533853,0.27045454545454545,0.0,high,1.0
44704756,0,0.7588,12,0.09365883078518099,0.4568,3.5,3.5,14.15,0.0,0.6705818082491124,0.6923076923076923,0.1555278108977814,0.45674567456745674,0.006269592476489029,0.0,medium,0.9978
44704757,0,0.809,12,0.08067180756751036,0.4568,83.58,83.58,84.97,0.0,0.7391423108440319,0.6923076923076923,0.1339618430748873,0.45674567456745674,0.16316614420062697,0.0,medium,1.0
"[1304263481, 1304263478]",0,0.7035,10,0.13649061783152835,0.0888,296.44,304.41,296.44,0.0,0.5950559956296094,0.5384615384615384,0.22665334334325715,0.0887088708870887,0.5802115987460815,0.0,high,0.9023
"[1304263482, 1304263483, 1304263485]",0,0.6847,12,0.03998029869886315,0.2808,215.51,230.61,215.51,0.0,0.5693799508331058,0.6923076923076923,0.06639040994368094,0.28072807280728074,0.42164968652037615,0.0,medium,0.9683
"[1304263483, 4346237]",0,0.7117,11,0.1622675311105079,0.2224,280.38,293.96,280.38,0.0,0.6062551215514888,0.6153846153846154,0.2694579239642897,0.2223222322232223,0.5487460815047022,0.0,high,0.9938
7648775,0,1.0,6,0.016266585019183606,1.0,216.97,231.82,216.97,0.0,1.0,0.23076923076923078,0.02701193362884306,1.0,0.4245101880877743,0.0,medium,1.0
928687318,0,1.0,7,0.016266585019183606,1.0,210.85,225.7,210.85,0.0,1.0,0.3076923076923077,0.02701193362884306,1.0,0.412519592476489,0.0,medium,1.0
32151224,0,0.6853,10,0.10814640708038509,0.1799,70.03,77.58,70.03,0.0,0.570199399071292,0.5384615384615384,0.17958556447051538,0.17981798179817984,0.13661833855799374,0.0,medium,1.0
32151224,0,0.7238,11,0.04024530376152132,0.5,116.1,124.52,116.1,0.0,0.6227806610215788,0.6153846153846154,0.06683047157739035,0.49994999499949994,0.2268808777429467,0.0,medium,1.0
7642895,0,0.9212,11,0.010761951968351058,0.2573,167.79,171.43,167.79,0.0,0.8923791313848676,0.6153846153846154,0.01787105990732934,0.25722572257225723,0.3281543887147335,0.0,medium,0.9999
32151443,0,0.7948,7,0.03305322398159091,0.2457,47.62,47.62,50.34,0.0,0.7197487025402894,0.3076923076923077,0.054887460579872004,0.24562456245624564,0.09271159874608151,0.0,low,0.9965
32151444,0,1.0,8,0.06844958012614559,0.134,52.27,52.27,55.91,0.0,1.0,0.38461538461538464,0.11366587845645777,0.13391339133913394,0.10182210031347964,0.0,low,1.0
4346256,0,0.7777,10,0.04351578036962305,0.134,40.03,40.03,45.7,0.0,0.6963944277519803,0.5384615384615384,0.07226135378293554,0.13391339133913394,0.0778409090909091,0.0,low,0.9078
7732953,0,0.7793,11,0.19210983005249574,0.1352,67.34,71.33,67.34,0.0,0.6985796230538106,0.6153846153846154,0.3190133954497353,0.1351135113511351,0.13134796238244517,0.0,medium,1.0
411473209,0,0.7639,9,0.16620110601110075,0.0307,7.4,7.4,8.96,0.0,0.6775471182736958,0.46153846153846156,0.27598993274823524,0.030603060306030605,0.013910658307210033,0.0,low,0.7841
131451865,0,0.787,7,0.197867633970965,0.3086,160.78,160.78,160.81,0.0,0.709095875443868,0.3076923076923077,0.32857467919852285,0.30853085308530853,0.31442006269592476,0.0,medium,1.0
"[963886939, 131451863]",0,0.6281,10,0.13303824674321812,0.1548,119.8,122.18,119.8,0.0,0.49207866703086595,0.5384615384615384,0.22092041112659,0.15471547154715473,0.23413009404388715,0.0,medium,0.9998
7648766,0,0.5522,7,0.3855591524710182,0.1947,33.12,40.03,33.12,0.0,0.3884184649003005,0.3076923076923077,0.6402511258144618,0.19461946194619464,0.0643025078369906,0.0,medium,0.9257
"[44704760, 1371903312]",0,0.8076,6,0.03758882468213917,0.1947,69.92,69.96,69.92,0.0,0.7372302649549305,0.23076923076923078,0.06241918029162469,0.19461946194619464,0.13640282131661444,0.0,low,0.9959
44704760,0,0.6925,6,0.02192745001196187,0.1947,72.47,72.47,73.7,0.0,0.5800327779295276,0.23076923076923078,0.03641224270951786,0.19461946194619464,0.14139890282131662,0.0,medium,0.5384
7648760,0,0.3365,8,0.5689237059946064,0.0007,89.42,95.5,89.42,0.0,0.09382682327233002,0.38461538461538464,0.9447423086567696,0.0006000600060006,0.17460815047021946,0.0,high,1.0
7648763,0,0.5789,7,0.31522569732441846,0.1947,117.04,118.9,117.04,0.0,0.42488391149959026,0.3076923076923077,0.5234569224668688,0.19461946194619464,0.2287225705329154,0.0,medium,0.5432
7648766,0,0.3544,8,0.3954962066631209,0.0651,65.68,71.27,65.68,0.0,0.11827369571155424,0.38461538461538464,0.6567523815194377,0.06500650065006501,0.12809561128526648,0.0,high,0.9999
7648760,0,0.4687,9,0.5553399615571211,0.0051,93.9,93.9,99.19,0.0,0.2743785850860421,0.46153846153846156,0.9221854385762855,0.005000500050005001,0.1833855799373041,0.0,high,1.0
7648766,0,0.3526,8,0.5095894538563809,0.0366,63.52,63.52,70.17,0.0,0.11581535099699541,0.38461538461538464,0.8462131421987175,0.0365036503650365,0.12386363636363638,0.0,high,1.0
32480293,0,0.4381,8,0.3792147366491577,0.0651,89.12,89.12,89.39,0.0,0.2325867249385414,0.38461538461538464,0.6297157271186978,0.06500650065006501,0.1740203761755486,0.0,high,0.9988
7648766,0,0.6315,9,0.3850009592987075,0.3047,72.53,75.45,72.53,0.0,0.49672220704725484,0.46153846153846156,0.6393242023931937,0.30463046304630464,0.14151645768025078,0.0,high,0.7763
"[7648763, 32480199]",0,0.6558,8,0.24328410595603195,0.2325,160.61,160.61,165.07,0.0,0.5299098606937996,0.38461538461538464,0.40399228314387103,0.23242324232423245,0.3140869905956113,0.0,medium,0.8785
7648763,0,0.3914,8,0.37884733195679793,0.0007,105.78,108.41,105.78,0.0,0.16880633706637538,0.38461538461538464,0.6291056228907612,0.0006000600060006,0.2066614420062696,0.0,high,0.9999
32480293,0,0.457,8,0.46362025649967636,0.0382,42.2,42.2,42.96,0.0,0.2583993444414095,0.38461538461538464,0.7698776945427788,0.0381038103810381,0.08209247648902823,0.0,high,0.9966
32480293,0,0.3657,7,0.5394296017722866,0.0762,46.0,46.0,46.06,0.0,0.13370663753072937,0.3076923076923077,0.8957650417371128,0.07610761076107611,0.08953761755485895,0.0,high,1.0
7648759,0,0.5651,6,0.23744394209052744,0.0762,52.37,52.37,57.8,0.0,0.40603660202130576,0.23076923076923078,0.394294234261312,0.07610761076107611,0.1020180250783699,0.0,medium,1.0
7648756,0,0.4441,7,0.28317567136335414,0.1374,95.75,99.13,95.75,0.0,0.24078120732040428,0.3076923076923077,0.47023534759058966,0.13731373137313732,0.1870101880877743,0.0,high,0.8689
7648760,0,0.3393,8,0.5503512052363658,0.043,92.78,104.24,92.78,0.0,0.09765091505053265,0.38461538461538464,0.9139012185139637,0.042904290429042896,0.18119122257053294,0.0,high,1.0
7648755,0,0.5419,6,0.23198053285575568,0.0133,66.8,72.35,66.8,0.0,0.3743512701447693,0.23076923076923078,0.385221815910656,0.013201320132013201,0.13028996865203762,0.0,medium,1.0
32480293,0,0.646,8,0.35977843398708237,0.0321,146.14,146.14,146.49,0.0,0.5165255394700902,0.38461538461538464,0.5974402263529781,0.032003200320031996,0.28573667711598744,0.0,high,0.539
7648755,0,0.6352,6,0.1789455204205715,0.1655,141.0,142.21,141.0,0.0,0.501775471182737,0.23076923076923078,0.2971530296696536,0.16541654165416544,0.27566614420062696,0.0,medium,0.9999
7648760,0,0.4967,7,0.3142484334000744,0.0973,112.92,119.97,112.92,0.0,0.31261950286806883,0.3076923076923077,0.5218340992845554,0.09720972097209721,0.22065047021943576,0.0,high,0.8636
32480293,0,0.3869,6,0.4430110311566743,0.1374,38.01,38.01,38.62,0.0,0.1626604752799782,0.23076923076923078,0.7356544639261422,0.13731373137313732,0.0738832288401254,0.0,high,0.9987
45316487,0,0.839,10,0.3697454558889457,0.0051,59.84,88.74,59.84,0.0,0.780114722753346,0.5384615384615384,0.6139912457839127,0.005000500050005001,0.116653605015674,0.0,medium,1.0
32480293,0,0.474,9,0.3697454558889457,0.0051,47.0,48.77,47.0,0.0,0.2816170445233543,0.46153846153846156,0.6139912457839127,0.005000500050005001,0.09149686520376177,0.0,high,0.7583
"[1371903315, 40933501]",0,0.8305,10,0.3697454558889457,0.0051,5.83,5.83,15.92,0.0,0.7685058727123737,0.5384615384615384,0.6139912457839127,0.005000500050005001,0.010834639498432603,0.0,medium,0.9999
1184617809,0,0.842,8,0.051057946821323925,0.2325,160.8,160.8,172.53,0.0,0.7842119639442776,0.38461538461538464,0.08478571108068636,0.23242324232423245,0.3144592476489028,0.0,medium,1.0
31000487,0,0.8019,10,0.060564019691441505,0.3047,8.73,8.73,19.38,0.0,0.7294455066921607,0.5384615384615384,0.10057128859163598,0.30463046304630464,0.016516457680250785,0.0,low,0.9763
4354751,0,0.8633,6,0.032315454738210354,0.243,172.22,172.22,175.28,0.0,0.8133023763998907,0.23076923076923078,0.053662337047189215,0.24292429242924293,0.336833855799373,0.0,medium,0.9979
4354752,0,0.697,6,0.20929255955829446,0.243,145.9,146.35,145.9,0.0,0.5861786397159247,0.23076923076923078,0.3475466617279804,0.24292429242924293,0.2852664576802508,0.0,medium,0.9999
4354750,0,0.7734,6,0.06769275817258971,0.2597,60.14,60.14,60.3,0.0,0.6905217153783121,0.23076923076923078,0.11240911640833591,0.25962596259625964,0.11724137931034484,0.0,low,0.8528
7648780,0,0.5548,7,0.232623588597688,0.2597,35.67,40.87,35.67,0.0,0.3919694072657744,0.3076923076923077,0.38628966026624095,0.25962596259625964,0.0692985893416928,0.0,medium,0.9999
7648780,0,0.5499,8,0.12384380001837705,0.2597,79.39,86.3,79.39,0.0,0.3852772466539198,0.38461538461538464,0.20565231320346936,0.25962596259625964,0.15495689655172415,0.0,medium,0.9999
7648781,0,0.5276,8,0.4089965227293809,0.2562,128.65,132.52,128.65,0.0,0.35482108713466265,0.38461538461538464,0.6791707122642167,0.2561256125612561,0.2514694357366771,0.0,high,1.0
7648781,0,0.5276,8,0.4089965227293808,0.2562,128.65,132.52,128.65,0.0,0.35482108713466265,0.38461538461538464,0.6791707122642164,0.2561256125612561,0.2514694357366771,0.0,high,1.0
49016386,0,0.8013,7,0.14786428016987474,0.243,175.67,175.67,176.82,0.0,0.7286260584539744,0.3076923076923077,0.245540199238263,0.24292429242924293,0.3435932601880877,0.0,medium,1.0
23571918,0,0.6288,8,0.23016310347472108,0.2562,154.26,159.83,154.26,0.0,0.49303468997541666,0.38461538461538464,0.3822038322746181,0.2561256125612561,0.30164576802507836,0.0,medium,0.8245
49016386,0,0.8761,8,0.05726088495956229,0.2562,198.03,205.02,198.03,0.0,0.8307839388145317,0.38461538461538464,0.09508617501722845,0.2561256125612561,0.3874020376175549,0.0,medium,1.0
7648780,0,0.5881,7,0.2389262448274628,0.2597,124.7,131.94,124.7,0.0,0.4374487844851133,0.3076923076923077,0.3967557138931525,0.25962596259625964,0.243730407523511,0.0,medium,0.9473
23571918,0,0.6288,8,0.2301631034747211,0.2562,154.26,159.83,154.26,0.0,0.49303468997541666,0.38461538461538464,0.3822038322746181,0.2561256125612561,0.30164576802507836,0.0,medium,0.8245
32151224,0,0.633,10,0.15249609986109636,0.1521,236.91,237.13,236.91,0.0,0.4987708276427206,0.5384615384615384,0.25323169810972257,0.15201520152015205,0.46357758620689654,0.0,high,0.9049
32151224,0,0.4782,11,0.15525676512337558,0.2597,35.92,35.92,38.57,0.0,0.28735318219065836,0.6153846153846154,0.25781599870103034,0.25962596259625964,0.06978840125391851,0.0,medium,0.9908
7642895,0,0.9212,11,0.010761951968351065,0.2573,167.79,171.43,167.79,0.0,0.8923791313848676,0.6153846153846154,0.01787105990732935,0.25722572257225723,0.3281543887147335,0.0,medium,0.9999
28702578,0,0.7736,8,0.1714252321300297,0.311,102.44,113.16,102.44,0.0,0.6907948647910408,0.38461538461538464,0.28466500276969087,0.31093109310931094,0.20011755485893418,0.0,medium,1.0
30133138,0,0.7759,11,0.12733456313014826,0.1499,110.2,123.47,110.2,0.0,0.6939360830374215,0.6153846153846154,0.2114489983778958,0.14981498149814984,0.21532131661442008,0.0,medium,1.0
30133138,0,0.7759,11,0.12733456313014832,0.1499,110.2,123.47,110.2,0.0,0.6939360830374215,0.6153846153846154,0.2114489983778959,0.14981498149814984,0.21532131661442008,0.0,medium,1.0
32151224,0,0.4782,11,0.1552567651233756,0.2597,35.92,35.92,38.57,0.0,0.28735318219065836,0.6153846153846154,0.2578159987010304,0.25962596259625964,0.06978840125391851,0.0,medium,0.9908
32151224,0,0.6442,9,0.170649262065954,0.2709,99.56,99.56,99.57,0.0,0.5140671947555313,0.46153846153846156,0.2833764437863962,0.2708270827082708,0.19447492163009406,0.0,medium,0.9998
7648772,0,0.6665,6,0.18639159503734223,0.2252,171.75,171.75,173.73,0.0,0.5445233542747884,0.23076923076923078,0.30951781895975455,0.22512251225122515,0.33591300940438873,0.0,medium,0.9991
44704758,0,0.659,7,0.20129453268020064,0.2252,117.49,117.49,118.87,0.0,0.5342802512974598,0.3076923076923077,0.3342653125374343,0.22512251225122515,0.22960423197492164,0.0,medium,0.9999
7648770,0,0.5466,6,0.30290334247550826,0.2252,183.11,183.11,188.4,0.0,0.3807702813438951,0.23076923076923078,0.5029946884568226,0.22512251225122515,0.3581700626959248,0.0,high,0.9966
7648772,0,0.5946,6,0.23104943129556113,0.5041,162.65,162.65,169.2,0.0,0.4463261403987982,0.23076923076923078,0.38367564894456635,0.504050405040504,0.31808385579937304,0.0,high,0.9025
7648770,0,0.5601,6,0.2202356093951655,0.2252,85.73,85.73,92.24,0.0,0.39920786670308667,0.23076923076923078,0.36571845188426355,0.22512251225122515,0.16737852664576805,0.0,medium,0.9995
7648770,0,0.6064,8,0.2773892707738778,0.4568,64.68,73.79,64.68,0.0,0.46244195574979524,0.38461538461538464,0.46062657683292835,0.45674567456745674,0.12613636363636366,0.0,medium,0.9358
7648771,0,0.5692,6,0.2523916938243982,0.4568,44.56,44.56,51.2,0.0,0.41163616498224537,0.23076923076923078,0.4191161451422172,0.45674567456745674,0.08671630094043889,0.0,medium,0.9984
745696396,0,0.4274,8,0.4939919304612751,0.2573,52.53,52.53,52.95,0.0,0.21797323135755262,0.38461538461538464,0.820312234652945,0.25722572257225723,0.10233150470219438,0.0,high,1.0
7648773,0,0.5741,8,0.2455421633729526,0.5041,138.53,138.53,140.56,0.0,0.4183283255941001,0.38461538461538464,0.40774196409687796,0.504050405040504,0.270826802507837,0.0,high,0.9872
49016385,0,0.6325,7,0.2718202776726009,0.2573,136.1,137.84,136.1,0.0,0.4980879541108986,0.3076923076923077,0.45137882821378034,0.25722572257225723,0.2660658307210031,0.0,medium,0.914
745696396,0,0.6659,8,0.42257594578243235,0.5041,186.19,186.22,186.19,0.0,0.5437039060366021,0.38461538461538464,0.7017204063478544,0.504050405040504,0.36420454545454545,0.0,high,1.0
745696396,0,0.8807,6,0.07187014034965729,1.0,88.29,88.38,88.29,0.0,0.8370663753072931,0.23076923076923078,0.11934598624406484,1.0,0.17239420062695926,0.0,medium,1.0
4346230,0,0.5802,13,0.10889959797839621,0.6501,152.2,155.78,152.2,0.0,0.42665938268232734,0.7692307692307693,0.18083629686690497,0.6500650065006501,0.2976097178683385,0.0,high,0.9987
44704757,0,0.809,12,0.08067180756751033,0.4568,83.58,83.58,84.97,0.0,0.7391423108440319,0.6923076923076923,0.13396184307488723,0.45674567456745674,0.16316614420062697,0.0,medium,1.0
745696396,0,0.5807,10,0.24815343121854094,0.4568,83.16,83.16,83.68,0.0,0.4273422562141492,0.5384615384615384,0.4120781785927674,0.45674567456745674,0.16234326018808778,0.0,high,0.753
"[1304263484, 1304263485]",0,0.8294,13,0.07067343639754212,0.6501,124.64,129.0,124.64,0.0,0.7670035509423656,0.7692307692307693,0.11735876573230579,0.6500650065006501,0.24361285266457683,0.0,medium,0.9999
"[914264419, 1324609992, 1324360553, 1324360554, 4363473]",0,1.0,5,0.004508817857230148,0.5,31.35,45.15,31.35,0.0,1.0,0.15384615384615385,0.007487241631776676,0.49994999499949994,0.060834639498432604,0.0,low,1.0
4811724,0,0.9452,6,0.004508817857230148,0.5,26.59,115.9,26.59,0.0,0.9251570609123191,0.23076923076923078,0.007487241631776676,0.49994999499949994,0.05150862068965517,0.0,low,1.0
194091528,0,0.5731,5,0.18323279832044398,1.0,34.51,34.51,39.17,0.0,0.41696257853045626,0.15384615384615385,0.30427238994850886,1.0,0.06702586206896552,0.0,medium,0.9794
"[1474170487, 1411438975, 78329887, 78330071]",0,0.2846,3,0.050984642916598724,1.0,22.86,22.86,25.05,0.0,0.022944550669216114,0.0,0.08466398421348208,1.0,0.044200626959247646,0.0,medium,0.5932
1058929655,0,0.6331,7,0.1692591418646678,0.0006,57.21,57.21,57.78,0.0,0.498907402349085,0.3076923076923077,0.28106804046498673,0.0005000500050004999,0.11150078369905958,0.0,medium,0.9999
7643024,0,0.7216,8,0.19375087440294428,0.0584,38.86,46.85,38.86,0.0,0.6197760174815625,0.38461538461538464,0.3217384779466666,0.058305830583058306,0.0755485893416928,0.0,medium,0.9979
1058929655,0,0.6683,8,0.04668277265932388,0.0893,7.88,8.27,7.88,0.0,0.5469816989893472,0.38461538461538464,0.0775203921838303,0.0892089208920892,0.014851097178683386,0.0,low,0.9893
7732963,0,0.6671,7,0.23370855596676324,0.0893,65.53,65.53,67.36,0.0,0.5453428025129747,0.3076923076923077,0.38809133344247193,0.0892089208920892,0.12780172413793106,0.0,medium,1.0
7732958,0,0.6741,8,0.07583502064695839,0.2637,67.77,72.65,67.77,0.0,0.5549030319584813,0.38461538461538464,0.12592998008777176,0.2636263626362636,0.13219043887147336,0.0,medium,0.9998
1318605340,0,1.0,8,0.004906331309524198,0.2637,36.47,36.47,44.71,0.0,1.0,0.38461538461538464,0.00814734381051742,0.2636263626362636,0.07086598746081506,0.0,low,1.0
131451862,0,0.7753,10,0.004906331309524198,0.2637,30.91,30.91,45.47,0.0,0.6931166347992354,0.5384615384615384,0.00814734381051742,0.2636263626362636,0.05997257053291536,0.0,low,0.9749
131451857,0,0.601,10,0.1929617297646837,0.0018,34.47,34.47,36.23,0.0,0.45506692160611856,0.5384615384615384,0.3204280415524989,0.0017001700170017002,0.06694749216300941,0.0,medium,1.0
23101692,0,0.868,12,0.015530241506301511,0.0018,106.69,106.77,106.69,0.0,0.8197213875990168,0.6923076923076923,0.025789177633165378,0.0017001700170017002,0.20844435736677117,0.0,medium,0.7144
131451857,0,0.7323,9,0.015530241506301511,0.0018,118.6,118.6,118.75,0.0,0.6343895110625513,0.46153846153846156,0.025789177633165378,0.0017001700170017002,0.23177899686520376,0.0,medium,0.9947
7732953,0,0.5306,12,0.4136305199210381,0.0656,133.26,138.56,133.26,0.0,0.3589183283255941,0.6923076923076923,0.686865827045461,0.06550655065506551,0.2605015673981191,0.0,high,1.0
7732948,0,0.6761,10,0.20370908029744614,0.0135,139.76,139.76,143.42,0.0,0.557634526085769,0.5384615384615384,0.3382748577078403,0.013401340134013402,0.2732366771159874,0.0,medium,0.9996
131451857,0,0.7755,6,0.05640317589995004,0.0022,146.31,146.31,147.84,0.0,0.6933897842119641,0.23076923076923078,0.09366188203869319,0.0021002100210021006,0.28606974921630096,0.0,medium,0.9906
43199402,0,1.0,7,0.030606984833880527,0.4834,40.14,46.57,40.14,0.0,1.0,0.3076923076923077,0.050825289144400564,0.48334833483348333,0.07805642633228842,0.0,low,1.0
4350216,0,1.0,7,0.030606984833880527,0.4834,32.09,32.09,40.31,0.0,1.0,0.3076923076923077,0.050825289144400564,0.48334833483348333,0.062284482758620696,0.0,low,1.0
68174996,0,1.0,6,0.030606984833880527,0.5,5.74,5.74,14.06,0.0,1.0,0.23076923076923078,0.050825289144400564,0.49994999499949994,0.010658307210031349,0.0,low,1.0
"[4351124, 890946191]",0,0.6175,7,0.1288467853905531,0.0181,11.74,11.74,16.06,0.0,0.47760174815624157,0.3076923076923077,0.2139601617185897,0.018001800180018002,0.022413793103448276,0.0,medium,0.8072
"[71079513, 68175001]",0,0.8433,6,0.010692449496562235,0.5,6.08,13.93,6.08,0.0,0.7859874351270146,0.23076923076923078,0.017755645616842054,0.49994999499949994,0.011324451410658309,0.0,low,1.0
43199398,0,0.989,7,0.030606984833880527,0.5,30.6,31.29,30.6,0.0,0.9849767822999181,0.3076923076923077,0.050825289144400564,0.49994999499949994,0.05936520376175549,0.0,low,1.0
"[913294329, 43199438, 130583886]",0,0.8409,7,0.030606984833880527,0.0936,9.11,9.11,19.15,0.0,0.7827096421742693,0.3076923076923077,0.050825289144400564,0.09350935093509351,0.017260971786833855,0.0,low,1.0
4350218,0,0.7177,6,0.20356584773460024,0.2761,20.02,20.02,20.31,0.0,0.6144496039333516,0.23076923076923078,0.33803700883441085,0.27602760276027605,0.038636363636363635,0.0,medium,0.9944
16560380,0,0.5138,6,0.5460911451432934,0.0114,79.39,79.39,80.86,0.0,0.33597377765637815,0.23076923076923078,0.9068270555321196,0.011301130113011301,0.15495689655172415,0.0,high,0.9995
4350218,0,0.7317,6,0.1085922720557401,0.6131,144.36,144.46,144.36,0.0,0.633570062824365,0.23076923076923078,0.18032595813507574,0.613061306130613,0.28224921630094046,0.0,medium,1.0
16560356,0,0.4391,7,0.4864169088658844,0.2761,109.68,113.55,109.68,0.0,0.23395247200218522,0.3076923076923077,0.8077333188193576,0.27602760276027605,0.21430250783699062,0.0,high,1.0
41966992,0,0.7212,6,0.1921219190527885,0.435,37.27,37.27,38.47,0.0,0.6192297186561049,0.23076923076923078,0.3190334701802532,0.43494349434943497,0.07243338557993732,0.0,medium,0.9999
44571128,0,0.7858,6,0.1404182481321133,0.7162,104.98,104.98,111.67,0.0,0.7074569789674953,0.23076923076923078,0.23317548065393726,0.7161716171617161,0.20509404388714736,0.0,medium,1.0
1282004577,0,0.5051,7,0.3849999657669378,0.3848,161.3,165.81,161.3,0.0,0.3240917782026769,0.3076923076923077,0.6393225525559818,0.38473847384738474,0.31543887147335425,0.0,high,1.0
16560347,0,0.4315,7,0.32386181065382186,0.7322,85.43,93.09,85.43,0.0,0.22357279431849225,0.3076923076923077,0.5377978641172515,0.7321732173217321,0.1667907523510972,0.0,high,1.0
44704750,0,0.4349,8,0.34384501807864004,0.2121,177.2,185.3,177.2,0.0,0.22821633433488123,0.38461538461538464,0.5709815430172377,0.21202120212021205,0.34659090909090906,0.0,high,1.0
44571130,0,0.4252,7,0.3205926744862008,0.0008,111.35,122.55,111.35,0.0,0.21496858781753625,0.3076923076923077,0.532369207817966,0.0007000700070007,0.21757445141065831,0.0,high,0.9814
7643024,0,0.7216,8,0.19375087440294428,0.0584,38.86,46.85,38.86,0.0,0.6197760174815625,0.38461538461538464,0.3217384779466666,0.058305830583058306,0.0755485893416928,0.0,medium,0.9979
131451865,0,0.9482,7,0.010135722638090885,0.5,8.39,8.39,11.88,0.0,0.9292543021032507,0.3076923076923077,0.016831157124390775,0.49994999499949994,0.015850313479623825,0.0,low,1.0
131451865,0,0.7572,7,0.2221397609743269,0.0605,133.56,140.08,133.56,0.0,0.6683966129472823,0.3076923076923077,0.36888044451320046,0.0604060406040604,0.26108934169278997,0.0,medium,1.0
7732958,0,0.5047,10,0.19299936785563424,0.2637,124.6,131.63,124.6,0.0,0.32354547937721945,0.5384615384615384,0.32049054254635634,0.2636263626362636,0.2435344827586207,0.0,high,0.9239
7732962,0,0.6254,7,0.125789122548676,0.2637,96.76,103.56,96.76,0.0,0.4883911499590276,0.3076923076923077,0.2088826734169242,0.2636263626362636,0.18898902821316615,0.0,medium,1.0
7732950,0,0.6469,7,0.23671408167244692,0.2637,52.78,58.22,52.78,0.0,0.5177547118273697,0.3076923076923077,0.39308224395162256,0.2636263626362636,0.10282131661442008,0.0,medium,1.0
7732950,0,0.5771,9,0.22742390220764414,0.2637,116.96,124.1,116.96,0.0,0.4224255667850314,0.46153846153846156,0.3776551743261335,0.2636263626362636,0.22856583072100314,0.0,medium,0.748
7732954,0,0.5137,12,0.3867447422960193,0.2641,123.47,128.07,123.47,0.0,0.33583720295001374,0.6923076923076923,0.6422198904488651,0.26402640264026406,0.2413205329153605,0.0,high,1.0
"[963886939, 131451863]",0,0.6281,10,0.13303824674321815,0.1548,119.8,122.18,119.8,0.0,0.49207866703086595,0.5384615384615384,0.22092041112659003,0.15471547154715473,0.23413009404388715,0.0,medium,0.9998
7732962,0,0.5856,7,0.32462042362628696,0.2637,82.36,86.76,82.36,0.0,0.4340344168260039,0.3076923076923077,0.5390576002923553,0.2636263626362636,0.16077586206896552,0.0,medium,0.8744
7732963,0,0.4247,6,0.5735841035878937,0.4607,148.2,149.34,148.2,0.0,0.21428571428571436,0.23076923076923078,0.9524812633698077,0.4606460646064606,0.28977272727272724,0.0,high,1.0
7732953,0,0.7793,11,0.19210983005249577,0.1352,67.34,71.33,67.34,0.0,0.6985796230538106,0.6153846153846154,0.31901339544973534,0.1351135113511351,0.13134796238244517,0.0,medium,1.0
7732953,0,0.8547,12,0.13052191598776727,0.0656,127.22,132.32,127.22,0.0,0.8015569516525539,0.6923076923076923,0.21674184709430475,0.06550655065506551,0.2486677115987461,0.0,medium,1.0
7732954,0,0.5137,12,0.3867447422960193,0.2641,123.47,128.07,123.47,0.0,0.33583720295001374,0.6923076923076923,0.6422198904488651,0.26402640264026406,0.2413205329153605,0.0,high,1.0
7732946,0,0.6264,12,0.2745955888918762,0.017,219.05,222.02,219.05,0.0,0.4897568970226714,0.6923076923076923,0.4559874495622022,0.0169016901690169,0.42858542319749215,0.0,high,0.9996
7732953,0,0.8547,12,0.13052191598776727,0.0656,127.22,132.32,127.22,0.0,0.8015569516525539,0.6923076923076923,0.21674184709430475,0.06550655065506551,0.2486677115987461,0.0,medium,1.0
7732953,0,0.5306,12,0.4136305199210381,0.0656,133.26,138.56,133.26,0.0,0.3589183283255941,0.6923076923076923,0.686865827045461,0.06550655065506551,0.2605015673981191,0.0,high,1.0
7732942,0,0.7264,12,0.12203336111416536,0.2849,128.11,136.29,128.11,0.0,0.6263316033870528,0.6923076923076923,0.20264593780095058,0.2848284828482848,0.25041144200626964,0.0,medium,0.9998
7732942,0,0.6296,13,0.11412307838858864,0.017,156.74,167.54,156.74,0.0,0.49412728762633173,0.7692307692307693,0.18951029463849997,0.0169016901690169,0.3065047021943574,0.0,medium,0.9925
23578045,0,0.5545,12,0.3543827891437492,0.2849,139.6,153.78,139.6,0.0,0.39155968314668127,0.6923076923076923,0.5884803360744453,0.2848284828482848,0.272923197492163,0.0,high,1.0
7732942,0,0.4894,10,0.2582124454236169,0.2055,72.95,85.24,72.95,0.0,0.30264954930346905,0.5384615384615384,0.42878195843829325,0.20542054205420543,0.14233934169278997,0.0,high,0.7736
7732942,0,0.6296,13,0.11412307838858866,0.017,156.74,167.54,156.74,0.0,0.49412728762633173,0.7692307692307693,0.18951029463850003,0.0169016901690169,0.3065047021943574,0.0,medium,0.9925
7732946,0,0.6264,12,0.27459558889187624,0.017,219.05,222.02,219.05,0.0,0.4897568970226714,0.6923076923076923,0.4559874495622023,0.0169016901690169,0.42858542319749215,0.0,high,0.9996
7732942,0,0.4894,10,0.2582124454236169,0.2055,72.95,85.24,72.95,0.0,0.30264954930346905,0.5384615384615384,0.42878195843829325,0.20542054205420543,0.14233934169278997,0.0,high,0.7736
7732940,0,0.7784,7,0.13804568308993512,0.2055,35.16,44.25,35.16,0.0,0.697350450696531,0.3076923076923077,0.2292356508330651,0.20542054205420543,0.06829937304075236,0.0,low,0.5385
1013579976,0,1.0,6,0.13804568308993512,0.2055,32.78,32.78,38.98,0.0,1.0,0.23076923076923078,0.2292356508330651,0.20542054205420543,0.06363636363636364,0.0,low,1.0
70674603,0,1.0,7,0.00625662307660956,1.0,45.54,45.67,45.54,0.0,1.0,0.3076923076923077,0.010389608901786333,1.0,0.08863636363636364,0.0,low,0.9952
31785602,0,1.0,8,0.05957491136959917,1.0,35.04,35.04,73.44,0.0,1.0,0.38461538461538464,0.09892879686087626,1.0,0.06806426332288402,0.0,low,0.8337
23546513,0,0.6819,10,0.14305153518894712,0.2265,41.34,49.06,41.34,0.0,0.565555859054903,0.5384615384615384,0.23754825977231536,0.22642264226422643,0.0804075235109718,0.0,medium,1.0
428731347,0,0.7982,9,0.0508287867730991,0.2265,2.87,2.87,9.71,0.0,0.7243922425566786,0.46153846153846156,0.08440517289703353,0.22642264226422643,0.005035266457680251,0.0,low,0.9997
31785600,0,0.9988,8,0.05957491136959917,0.5,40.37,40.37,71.04,0.0,0.9983611035236276,0.38461538461538464,0.09892879686087626,0.49994999499949994,0.07850705329153605,0.0,low,0.9999
47572011,0,0.7255,7,0.05957491136959917,0.5,55.32,56.52,55.32,0.0,0.6251024310297734,0.3076923076923077,0.09892879686087626,0.49994999499949994,0.10779780564263323,0.0,medium,0.9964
572435778,0,0.5825,9,0.3909804281955135,0.0208,110.73,114.14,110.73,0.0,0.4298006009287081,0.46153846153846156,0.6492535781758638,0.020702070207020702,0.21635971786833857,0.0,high,0.9431
572435779,0,0.7651,11,0.09829019433899745,0.0018,157.12,157.12,158.17,0.0,0.6791860147500683,0.6153846153846154,0.16321855231740326,0.0017001700170017002,0.30724921630094043,0.0,medium,1.0
23101692,0,0.868,12,0.015530241506301511,0.0018,106.69,106.77,106.69,0.0,0.8197213875990168,0.6923076923076923,0.025789177633165378,0.0017001700170017002,0.20844435736677117,0.0,medium,0.7144
23101692,0,0.5802,12,0.34166691318377534,0.0018,108.05,110.32,108.05,0.0,0.42665938268232734,0.6923076923076923,0.5673646294805292,0.0017001700170017002,0.211108934169279,0.0,high,0.9722
572435779,0,0.6473,12,0.1594018889057769,0.0018,22.32,22.32,22.45,0.0,0.5183010106528271,0.6923076923076923,0.26469930094935057,0.0017001700170017002,0.04314263322884013,0.0,medium,1.0
131451858,0,0.6344,9,0.1388131420740553,0.0893,15.49,15.49,16.29,0.0,0.500682873531822,0.46153846153846156,0.23051007650240607,0.0892089208920892,0.029760971786833856,0.0,medium,0.998
1318605341,0,1.0,10,0.004906331309524198,0.2637,33.3,33.3,52.32,0.0,1.0,0.5384615384615384,0.00814734381051742,0.2636263626362636,0.06465517241379311,0.0,low,1.0
450571026,0,0.6132,12,0.15979709478338958,0.0893,22.22,22.22,71.74,0.0,0.4717290357825731,0.6923076923076923,0.26535557121984776,0.0892089208920892,0.042946708463949844,0.0,medium,1.0
"[7712521, 23577938]",0,0.7667,7,0.03175574041371449,0.134,6.34,9.92,6.34,0.0,0.6813712100518985,0.3076923076923077,0.05273288763374189,0.13391339133913394,0.01183385579937304,0.0,low,1.0
70674603,0,0.9762,7,0.034140631202023125,0.5,4.09,4.09,52.87,0.0,0.9674952198852772,0.3076923076923077,0.05669318532011236,0.49994999499949994,0.007425548589341693,0.0,low,1.0
70674565,0,0.874,7,0.029489192289540604,1.0,50.91,50.91,55.64,0.0,0.8279158699808797,0.3076923076923077,0.0489691071972469,1.0,0.09915752351097179,0.0,medium,0.9803
70674603,0,1.0,6,0.00625662307660956,1.0,30.79,30.79,84.39,0.0,1.0,0.23076923076923078,0.010389608901786333,1.0,0.05973746081504702,0.0,low,0.9999
7732942,0,0.7187,9,0.06256069273195408,1.0,64.14,70.56,64.14,0.0,0.6158153509969955,0.46153846153846156,0.10388692034364094,1.0,0.12507836990595614,0.0,medium,0.9999
7732942,0,0.7264,12,0.12203336111416538,0.2849,128.11,136.29,128.11,0.0,0.6263316033870528,0.6923076923076923,0.2026459378009506,0.2848284828482848,0.25041144200626964,0.0,medium,0.9998
7732944,0,0.6887,10,0.3252598150255703,0.2849,69.1,75.39,69.1,0.0,0.574842939087681,0.5384615384615384,0.5401193597203678,0.2848284828482848,0.13479623824451412,0.0,medium,0.9811
"[1286598629, 4351102]",0,0.7258,9,0.11382242029677274,0.04,8.41,8.41,79.37,0.0,0.6255121551488665,0.46153846153846156,0.18901102836130013,0.0399039903990399,0.01588949843260188,0.0,low,0.9171
41699377,0,1.0,7,0.011346250358465293,0.5,62.26,65.86,62.26,0.0,1.0,0.3076923076923077,0.018841333084559594,0.49994999499949994,0.12139498432601882,0.0,low,1.0
4346256,0,0.8035,7,0.05638710123213036,0.1995,53.41,53.41,64.08,0.0,0.7316307019939908,0.3076923076923077,0.09363518879551093,0.19941994199419943,0.10405564263322885,0.0,low,0.9901
"[4354740, 767567910, 767567919]",0,1.0,6,0.011346250358465293,1.0,61.52,61.52,64.91,0.0,1.0,0.23076923076923078,0.018841333084559594,1.0,0.11994514106583073,0.0,low,0.9876
41849779,0,0.9921,7,0.011346250358465293,1.0,76.37,79.94,76.37,0.0,0.9892105981972138,0.3076923076923077,0.018841333084559594,1.0,0.14903996865203764,0.0,low,0.5699
1304263457,0,0.902,7,0.011346250358465293,1.0,64.65,71.01,64.65,0.0,0.8661567877629065,0.3076923076923077,0.018841333084559594,1.0,0.12607758620689657,0.0,medium,0.9549
130468278,0,1.0,8,0.011346250358465293,1.0,92.61,105.66,92.61,0.0,1.0,0.38461538461538464,0.018841333084559594,1.0,0.18085815047021944,0.0,medium,0.9585
1304263473,0,1.0,7,0.011346250358465293,0.4112,101.39,106.2,101.39,0.0,1.0,0.3076923076923077,0.018841333084559594,0.41114111411141113,0.19806034482758622,0.0,low,0.9996
1304263456,0,0.6343,10,0.09120033498325696,0.4721,62.21,62.21,63.67,0.0,0.5005462988254575,0.5384615384615384,0.15144528632934348,0.47204720472047207,0.12129702194357368,0.0,medium,1.0
1304263458,0,0.835,7,0.026878611665663577,1.0,68.94,68.94,70.84,0.0,0.7746517344987708,0.3076923076923077,0.04463403388675961,1.0,0.13448275862068967,0.0,medium,0.9998
179162271,0,1.0,6,0.0019438302198095559,0.1799,48.41,48.41,53.45,0.0,1.0,0.23076923076923078,0.0032278790413203797,0.17981798179817984,0.09425940438871473,0.0,low,1.0
4361650,0,0.9239,9,0.003910056109556115,0.5,70.68,70.68,76.84,0.0,0.896066648456706,0.46153846153846156,0.006492950918078075,0.49994999499949994,0.1378918495297806,0.0,low,0.9758
41849778,0,1.0,7,0.011346250358465293,0.5,17.07,42.22,17.07,0.0,1.0,0.3076923076923077,0.018841333084559594,0.49994999499949994,0.032856583072100314,0.0,low,1.0
68174993,0,1.0,6,0.08689256388622296,0.1578,41.15,41.18,41.15,0.0,1.0,0.23076923076923078,0.14429189549374202,0.15771577157715772,0.08003526645768026,0.0,low,1.0
131451858,0,0.6903,7,0.1303356062626071,0.0006,39.72,39.72,42.27,0.0,0.5770281343895112,0.3076923076923077,0.21643246522360557,0.0005000500050004999,0.07723354231974923,0.0,medium,0.7483
4350984,0,0.4581,10,0.5236314005070725,0.0627,155.39,160.4,155.39,0.0,0.2599016662114177,0.5384615384615384,0.8695308928921612,0.06260626062606262,0.30385971786833854,0.0,high,1.0
131451858,0,0.658,7,0.13221798558823666,0.1427,18.97,18.97,23.46,0.0,0.532914504233816,0.3076923076923077,0.219558303322653,0.1426142614261426,0.03657915360501567,0.0,medium,0.9368
4350987,0,0.5433,9,0.4128087216131665,0.1639,78.07,78.07,78.68,0.0,0.3762633160338706,0.46153846153846156,0.6855011666789227,0.1638163816381638,0.15237068965517242,0.0,high,0.9945
"[1058929656, 1058929657]",0,0.9615,8,0.030606984833880527,0.4834,37.22,37.22,44.13,0.0,0.9474187380497132,0.38461538461538464,0.050825289144400564,0.48334833483348333,0.07233542319749217,0.0,low,1.0
32151537,0,1.0,12,0.1805578613526396,0.0323,43.34,43.34,45.64,0.0,1.0,0.6923076923076923,0.29983044789534863,0.032203220322032204,0.08432601880877745,0.0,low,0.9708
70674279,0,0.8637,9,0.1805578613526396,0.0323,61.35,61.35,66.65,0.0,0.8138486752253484,0.46153846153846156,0.29983044789534863,0.032203220322032204,0.11961206896551725,0.0,medium,0.8454
7642946,0,0.6387,12,0.382440616903788,0.0323,81.41,81.41,88.66,0.0,0.5065555859054904,0.6923076923076923,0.6350725535912345,0.032203220322032204,0.15891457680250784,0.0,high,0.737
62516795,0,1.0,8,0.14263667643147251,0.1229,37.99,37.99,41.22,0.0,1.0,0.38461538461538464,0.23685935435767272,0.12281228122812281,0.07384404388714735,0.0,low,1.0
4351124,0,0.631,7,0.14263667643147251,0.1229,82.35,82.35,85.03,0.0,0.496039333515433,0.3076923076923077,0.23685935435767272,0.12281228122812281,0.1607562695924765,0.0,medium,1.0
7643048,0,0.9329,7,0.20691253784593658,0.5,209.88,209.88,211.3,0.0,0.9083583720295002,0.3076923076923077,0.3435944495230572,0.49994999499949994,0.41061912225705327,0.0,medium,1.0
"[450571024, 70674279]",0,0.8231,10,0.12922243803958347,0.5,134.61,134.61,136.64,0.0,0.7583993444414097,0.5384615384615384,0.21458396232368532,0.49994999499949994,0.2631465517241379,0.0,medium,1.0
1225397042,0,0.9145,6,0.060618087567325604,0.1829,57.02,57.02,57.65,0.0,0.8832286260584541,0.23076923076923078,0.10066107252841852,0.18281828182818283,0.11112852664576804,0.0,low,1.0
4351100,0,0.6798,9,0.18546662544719114,0.0323,64.42,64.42,67.59,0.0,0.562687790221251,0.46153846153846156,0.3079818346095293,0.032203220322032204,0.1256269592476489,0.0,medium,1.0
"[4121059, 388314422, 388314423]",0,0.9999,6,0.032814809052175674,0.2849,108.02,108.02,109.1,0.0,0.9998634252936356,0.23076923076923078,0.054491553942139136,0.2848284828482848,0.21105015673981192,0.0,low,0.9999
"[69408894, 388314427, 388314430]",0,0.9963,6,0.032814809052175674,0.0746,112.28,112.56,112.28,0.0,0.9949467358645179,0.23076923076923078,0.054491553942139136,0.0745074507450745,0.21939655172413794,0.0,low,1.0
4351101,0,0.7972,6,0.20691253784593658,0.0003,141.82,141.82,149.99,0.0,0.7230264954930349,0.23076923076923078,0.3435944495230572,0.0002000200020002,0.2772727272727272,0.0,medium,1.0
1107071887,0,0.5919,12,0.15540044780896595,0.4786,64.93,66.65,64.93,0.0,0.44263862332695986,0.6923076923076923,0.258054595038483,0.47854785478547857,0.12662617554858938,0.0,medium,0.9517
23101697,0,0.5154,12,0.48026287001441714,0.4786,106.54,106.54,116.05,0.0,0.3381589729582081,0.6923076923076923,0.7975140559731188,0.47854785478547857,0.20815047021943575,0.0,high,1.0
"[450571025, 1107071892]",0,0.6716,12,0.10281353632221449,0.3081,30.28,30.28,35.31,0.0,0.5514886642993718,0.6923076923076923,0.17072991547022137,0.308030803080308,0.058738244514106586,0.0,medium,1.0
1107071887,0,0.5919,12,0.15540044780896595,0.4786,64.93,66.65,64.93,0.0,0.44263862332695986,0.6923076923076923,0.258054595038483,0.47854785478547857,0.12662617554858938,0.0,medium,0.9517
23101698,0,0.5525,12,0.2879505751074148,0.4786,140.22,140.22,146.09,0.0,0.38882818901939364,0.6923076923076923,0.4781644487229966,0.47854785478547857,0.27413793103448275,0.0,high,1.0
"[1107071888, 1107071894]",0,0.5841,12,0.1235613745398106,0.4786,95.91,95.91,125.76,0.0,0.43198579623053807,0.6923076923076923,0.20518332360661992,0.47854785478547857,0.18732366771159875,0.0,medium,0.828
23101693,0,0.6271,12,0.32698420653067334,0.4786,74.7,79.91,74.7,0.0,0.4907129199672221,0.6923076923076923,0.5429828466865361,0.47854785478547857,0.14576802507836992,0.0,high,0.9936
450571026,0,0.6132,12,0.1597970947833896,0.0893,22.22,22.22,71.74,0.0,0.4717290357825731,0.6923076923076923,0.2653555712198478,0.0892089208920892,0.042946708463949844,0.0,medium,1.0
"[1107071888, 1107071894]",0,0.5841,12,0.12356137453981061,0.4786,95.91,95.91,125.76,0.0,0.43198579623053807,0.6923076923076923,0.20518332360661992,0.47854785478547857,0.18732366771159875,0.0,medium,0.828
428946176,0,1.0,10,0.47867429907677883,0.1447,86.51,86.51,87.24,0.0,1.0,0.5384615384615384,0.794876109682326,0.14461446144614462,0.16890673981191226,0.0,medium,1.0
428946177,0,0.5903,8,0.13856449037996854,0.1447,30.7,30.7,34.38,0.0,0.4404534280251299,0.38461538461538464,0.23009717091627555,0.14461446144614462,0.05956112852664577,0.0,medium,1.0
44704750,0,0.5798,7,0.38871121814361265,0.0383,54.59,59.73,54.59,0.0,0.42611308385686975,0.3076923076923077,0.6454853774001776,0.0382038203820382,0.10636755485893419,0.0,medium,0.9859
"[890946190, 131447318]",0,0.6576,7,0.16181261446532721,0.0114,18.19,18.19,28.23,0.0,0.5323682054083584,0.3076923076923077,0.26870249929401446,0.011301130113011301,0.03505094043887148,0.0,medium,0.9014
44704750,0,0.3927,7,0.5016836869325954,0.2398,127.9,135.77,127.9,0.0,0.1705818082491123,0.3076923076923077,0.8330849978783411,0.23972397239723975,0.25000000000000006,0.0,high,1.0
16560356,0,0.4506,8,0.4307567232849321,0.5544,193.47,200.51,193.47,0.0,0.24965856323408908,0.38461538461538464,0.7153052272439249,0.5543554355435544,0.378467868338558,0.0,high,1.0
44704750,0,0.4541,8,0.4138517332663113,0.5869,201.88,208.91,201.88,0.0,0.25443867795684244,0.38461538461538464,0.6872331691073174,0.5868586858685868,0.39494514106583073,0.0,high,1.0
4351134,0,0.6273,6,0.15778496416598772,0.0026,146.33,146.33,149.15,0.0,0.4909860693799508,0.23076923076923078,0.26201427095241575,0.0025002500250025004,0.286108934169279,0.0,medium,1.0
44704752,0,0.63,7,0.10304654880855137,0.0927,69.18,69.47,69.18,0.0,0.49467358645178916,0.3076923076923077,0.1711168509286747,0.0926092609260926,0.13495297805642636,0.0,medium,0.9998
4351137,0,0.657,8,0.16360070892377726,0.0025,176.56,176.56,177.24,0.0,0.5315487571701721,0.38461538461538464,0.2716717699966925,0.0024002400240024004,0.3453369905956113,0.0,medium,0.9998
23101605,0,0.5857,6,0.37369902477931566,0.0054,92.18,98.17,92.18,0.0,0.43417099153236827,0.23076923076923078,0.6205564561516976,0.0053005300530053,0.18001567398119125,0.0,medium,0.9781
23101613,0,0.961,9,0.007378642699407504,0.0001,146.75,146.75,146.78,0.0,0.9467358645178914,0.46153846153846156,0.012252810243337204,0.0,0.2869318181818182,0.0,low,0.9825
500547924,0,0.7232,9,0.02434500643827328,0.0001,124.77,125.09,124.77,0.0,0.6219612127833926,0.46153846153846156,0.040426784242709485,0.0,0.2438675548589342,0.0,medium,0.9992
556468628,0,0.6929,9,0.1623978362902493,0.0001,90.19,90.19,90.61,0.0,0.580579076754985,0.46153846153846156,0.2696743059069689,0.0,0.17611677115987462,0.0,medium,1.0
23101617,0,0.533,8,0.40665104440867095,0.2379,145.9,148.55,145.9,0.0,0.36219612127833933,0.38461538461538464,0.6752758620629093,0.23782378237823784,0.2852664576802508,0.0,high,1.0
"[891736352, 43797357]",0,0.6966,7,0.09162495152838185,0.0001,189.96,189.96,191.65,0.0,0.5856323408904671,0.3076923076923077,0.15215039531357724,0.0,0.3715909090909091,0.0,medium,1.0
"[890946187, 43797357]",0,0.7216,6,0.11796308363278611,0.0015,20.55,20.55,22.13,0.0,0.6197760174815625,0.23076923076923078,0.19588692368952285,0.0014001400140014,0.039674764890282134,0.0,low,0.9967
43797353,0,1.0,6,0.1478491333595058,0.0781,17.61,17.61,30.16,0.0,1.0,0.23076923076923078,0.24551504677494937,0.078007800780078,0.03391457680250783,0.0,low,1.0
"[4351139, 1017444469]",0,0.9202,7,0.1478491333595058,0.0781,24.26,25.37,24.26,0.0,0.8910133843212239,0.3076923076923077,0.24551504677494937,0.078007800780078,0.046943573667711604,0.0,low,1.0
131447316,0,0.506,12,0.39703473543684126,0.2744,7.64,7.64,9.74,0.0,0.32532095055995636,0.6923076923076923,0.6593072288830355,0.2743274327432743,0.01438087774294671,0.0,high,0.9959
191733020,0,0.6453,10,0.00025483845275489387,0.0468,42.23,42.23,44.7,0.0,0.5155695165255395,0.5384615384615384,0.00042317610894454435,0.046704670467046704,0.0821512539184953,0.0,medium,0.6938
334684998,0,0.6052,10,0.4862598409904352,0.029,136.88,142.45,136.88,0.0,0.4608030592734226,0.5384615384615384,0.8074724953272321,0.028902890289028906,0.2675940438871473,0.0,high,1.0
191733020,0,0.6453,10,0.0002548384527548939,0.0468,42.23,42.23,44.7,0.0,0.5155695165255395,0.5384615384615384,0.00042317610894454445,0.046704670467046704,0.0821512539184953,0.0,medium,0.6938
"[1045528707, 1028114646]",0,0.8685,7,0.0885448723358393,0.4376,38.94,39.43,38.94,0.0,0.8204042611308386,0.3076923076923077,0.14703568290835428,0.4375437543754375,0.07570532915360502,0.0,low,0.9759
70674357,0,0.7294,7,0.15309954288521666,0.0208,91.93,97.88,91.93,0.0,0.6304288445779843,0.3076923076923077,0.25423376244910256,0.020702070207020702,0.17952586206896554,0.0,medium,0.9997
572435778,0,0.5825,9,0.3909804281955135,0.0208,110.73,114.14,110.73,0.0,0.4298006009287081,0.46153846153846156,0.6492535781758638,0.020702070207020702,0.21635971786833857,0.0,high,0.9431
388915735,0,1.0,11,0.014556399979666646,0.5,51.54,53.59,51.54,0.0,1.0,0.6153846153846154,0.024172037609928206,0.49994999499949994,0.10039184952978057,0.0,low,0.9987
388915735,0,0.883,11,0.011160152652090444,0.6811,108.52,120.87,108.52,0.0,0.8402075935536739,0.6153846153846154,0.01853230328763634,0.6810681068106811,0.21202978056426333,0.0,medium,1.0
4353141,0,0.5973,10,0.1436315583023548,0.2489,3.3,3.3,9.31,0.0,0.45001365747063654,0.5384615384615384,0.23851143351818693,0.24882488248824886,0.005877742946708464,0.0,medium,1.0
1331761319,0,0.822,7,0.09077757268159944,0.5,105.72,105.72,131.25,0.0,0.7568970226714014,0.3076923076923077,0.15074325646141554,0.49994999499949994,0.20654388714733543,0.0,medium,0.9999
4353141,0,0.5973,10,0.1436315583023548,0.2489,3.3,3.3,9.31,0.0,0.45001365747063654,0.5384615384615384,0.23851143351818693,0.24882488248824886,0.005877742946708464,0.0,medium,1.0
1324365477,0,0.7735,12,0.10633649629950367,0.0067,140.59,140.99,140.59,0.0,0.6906582900846764,0.6923076923076923,0.1765800660580933,0.006600660066006601,0.2748628526645768,0.0,medium,1.0
1324365477,0,0.7735,12,0.10633649629950369,0.0067,140.59,140.99,140.59,0.0,0.6906582900846764,0.6923076923076923,0.17658006605809332,0.006600660066006601,0.2748628526645768,0.0,medium,1.0
1324365478,0,0.6205,12,0.13920757925121266,0.0238,55.31,55.31,58.51,0.0,0.48169898934717303,0.6923076923076923,0.23116507028567387,0.023702370237023703,0.10777821316614422,0.0,medium,1.0
1331761226,0,0.459,10,0.42160999731491433,0.0067,108.11,110.09,108.11,0.0,0.2611308385686971,0.5384615384615384,0.7001163733666302,0.006600660066006601,0.21122648902821317,0.0,high,1.0
1331761227,0,0.6069,10,0.3444804947256929,0.2419,155.71,160.54,155.71,0.0,0.4631248292816171,0.5384615384615384,0.5720368016929823,0.24182418241824183,0.3044866771159875,0.0,high,0.9996
1324365478,0,0.6205,12,0.13920757925121266,0.0238,55.31,55.31,58.51,0.0,0.48169898934717303,0.6923076923076923,0.23116507028567387,0.023702370237023703,0.10777821316614422,0.0,medium,1.0
1324365479,0,0.5753,12,0.10368937052738698,0.2476,108.53,109.38,108.53,0.0,0.41996722207047266,0.6923076923076923,0.1721843066706036,0.24752475247524752,0.21204937304075236,0.0,medium,0.9907
1331895282,0,0.598,10,0.13331508363640374,0.0238,85.25,85.25,97.39,0.0,0.45096968041518715,0.5384615384615384,0.22138012044030767,0.023702370237023703,0.1664380877742947,0.0,medium,1.0
1324365479,0,0.5753,12,0.10368937052738698,0.2476,108.53,109.38,108.53,0.0,0.41996722207047266,0.6923076923076923,0.1721843066706036,0.24752475247524752,0.21204937304075236,0.0,medium,0.9907
1324365480,0,0.6058,10,0.17512377660223638,0.0006,108.72,108.72,240.58,0.0,0.4616225075116089,0.5384615384615384,0.29080672514457845,0.0005000500050004999,0.2124216300940439,0.0,medium,0.9998
1331762491,0,0.6697,9,0.17194800859787607,0.4136,162.49,162.49,178.83,0.0,0.5488937448784486,0.46153846153846156,0.2855331139831059,0.4135413541354136,0.3177703761755486,0.0,medium,0.8934
67601407,0,0.5491,10,0.16486056178832187,0.0233,176.93,177.1,176.93,0.0,0.38418464900300475,0.5384615384615384,0.27376385421668387,0.023202320232023205,0.3460619122257053,0.0,medium,0.569
67601407,0,0.642,11,0.13870429792631378,0.2833,90.38,90.38,91.23,0.0,0.5110625512155149,0.6153846153846154,0.23032933228192068,0.2832283228322832,0.17648902821316614,0.0,medium,0.9998
67601407,0,0.5491,10,0.16486056178832187,0.0233,176.93,177.1,176.93,0.0,0.38418464900300475,0.5384615384615384,0.27376385421668387,0.023202320232023205,0.3460619122257053,0.0,medium,0.569
67601407,0,0.5509,10,0.1300719215833693,0.2326,109.6,109.6,110.41,0.0,0.3866429937175635,0.5384615384615384,0.21599459618983846,0.23252325232523252,0.21414576802507837,0.0,medium,0.9914
1154081473,0,1.0,10,0.28992185227294015,0.3427,120.8,120.8,122.07,0.0,1.0,0.5384615384615384,0.4814379086382667,0.3426342634263426,0.23608934169278997,0.0,medium,1.0
28684174,0,0.6816,14,0.28992185227294015,0.1093,124.46,127.58,124.46,0.0,0.5651461349358099,0.8461538461538461,0.4814379086382667,0.1092109210921092,0.2432601880877743,0.0,high,0.8304
32151764,0,0.733,14,0.02562560754553967,0.3427,195.67,195.67,196.14,0.0,0.6353455340071019,0.8461538461538461,0.04255332254254807,0.3426342634263426,0.3827782131661442,0.0,medium,0.9915
32151764,0,0.8673,14,0.1526930772458576,0.0684,31.56,31.56,33.9,0.0,0.8187653646544659,0.8461538461538461,0.253558794463552,0.06830683068306831,0.06124608150470219,0.0,medium,0.9846
4361651,0,0.8015,6,0.16444831426601025,0.1084,63.79,63.79,66.63,0.0,0.7288992078667033,0.23076923076923078,0.2730792849622651,0.10831083108310831,0.12439263322884013,0.0,medium,0.7226
1488416266,0,1.0,6,0.16444831426601025,0.5,24.67,24.67,55.17,0.0,1.0,0.23076923076923078,0.2730792849622651,0.49994999499949994,0.04774686520376176,0.0,low,0.9997
43199350,0,1.0,7,0.011346250358465293,0.5,28.2,28.2,45.52,0.0,1.0,0.3076923076923077,0.018841333084559594,0.49994999499949994,0.054663009404388715,0.0,low,1.0
4354739,0,0.5938,7,0.26144887728228833,0.0922,285.55,285.55,292.34,0.0,0.4452335427478831,0.3076923076923077,0.4341563066746258,0.09210921092109212,0.5588753918495298,0.0,high,0.9999
200517359,0,0.7525,7,0.17831707469770994,0.0922,250.69,250.69,256.37,0.0,0.6619776017481562,0.3076923076923077,0.296109446393447,0.09210921092109212,0.49057601880877744,0.0,medium,0.9962
4354739,0,0.5861,9,0.3199986242587118,0.2829,263.35,270.37,263.35,0.0,0.4347172903578257,0.46153846153846156,0.5313827409520425,0.2828282828282828,0.5153800940438872,0.0,high,1.0
16095967,0,0.5845,8,0.372767098118332,0.4666,300.92,300.92,319.16,0.0,0.4325320950559957,0.38461538461538464,0.6190089190412129,0.4665466546654666,0.5889890282131662,0.0,high,1.0
4354843,0,0.4524,9,0.5070542269846302,0.0285,168.64,168.64,174.63,0.0,0.252116907948648,0.46153846153846156,0.8420031996873713,0.028402840284028404,0.3298197492163009,0.0,high,1.0
7642946,0,0.4476,12,0.4591015038496529,0.0285,168.95,168.95,173.59,0.0,0.24556132204315764,0.6923076923076923,0.7623739523366798,0.028402840284028404,0.3304271159874608,0.0,high,1.0
7642946,0,0.6387,12,0.382440616903788,0.0323,81.41,81.41,88.66,0.0,0.5065555859054904,0.6923076923076923,0.6350725535912345,0.032203220322032204,0.15891457680250784,0.0,high,0.737
4354843,0,0.543,9,0.4527472602787663,0.0323,114.64,116.18,114.64,0.0,0.37585359191477746,0.46153846153846156,0.7518222338949881,0.032203220322032204,0.2240203761755486,0.0,high,0.9998
4354849,0,0.6629,6,0.18352257224985807,0.1829,0.57,0.57,9.53,0.0,0.5396066648456707,0.23076923076923078,0.3047535822227442,0.18281828182818283,0.0005289968652037617,0.0,medium,0.9204
4354845,0,0.5016,9,0.5061560630458242,0.0285,226.79,226.79,228.52,0.0,0.3193116634799236,0.46153846153846156,0.8405117282177877,0.028402840284028404,0.44375,0.0,high,1.0
"[49778434, 49778444, 4354846]",0,0.6468,7,0.3487485457701059,0.0285,200.99,218.83,200.99,0.0,0.5176181371210054,0.3076923076923077,0.5791242342745334,0.028402840284028404,0.3932014106583072,0.0,high,0.9526
4354845,0,0.5484,10,0.426995202890302,0.0096,85.96,85.96,90.56,0.0,0.38322862605845404,0.5384615384615384,0.7090589284242403,0.009500950095009501,0.16782915360501569,0.0,high,0.9946
7642946,0,0.4746,10,0.315558014219161,0.0285,159.35,168.74,159.35,0.0,0.28243649276154065,0.5384615384615384,0.5240087606624971,0.028402840284028404,0.3116183385579937,0.0,high,0.9999
7642946,0,0.4476,12,0.4591015038496528,0.0285,168.95,168.95,173.59,0.0,0.24556132204315764,0.6923076923076923,0.7623739523366796,0.028402840284028404,0.3304271159874608,0.0,high,1.0
4354849,0,0.572,7,0.18326615900846452,0.0323,84.07,84.07,85.56,0.0,0.41546025676044795,0.3076923076923077,0.3043277879802473,0.032203220322032204,0.16412617554858935,0.0,medium,1.0
245049104,0,1.0,8,0.18326615900846452,0.0096,31.81,31.81,33.67,0.0,1.0,0.38461538461538464,0.3043277879802473,0.009500950095009501,0.0617358934169279,0.0,low,1.0
4354848,0,0.4515,7,0.5158403612298427,0.0096,94.12,137.05,94.12,0.0,0.2508877355913685,0.3076923076923077,0.8565932628022246,0.009500950095009501,0.18381661442006272,0.0,high,1.0
7642946,0,0.4746,10,0.315558014219161,0.0285,159.35,168.74,159.35,0.0,0.28243649276154065,0.5384615384615384,0.5240087606624971,0.028402840284028404,0.3116183385579937,0.0,high,0.9999
4354849,0,0.5812,7,0.2040511721305047,0.0096,34.16,34.16,36.14,0.0,0.4280251297459712,0.3076923076923077,0.3388429279530815,0.009500950095009501,0.06634012539184952,0.0,medium,1.0
"[67601418, 956016455]",0,1.0,6,0.10294522027707159,0.1578,58.95,58.95,67.19,0.0,1.0,0.23076923076923078,0.17094858697682003,0.15771577157715772,0.11490987460815048,0.0,low,1.0
"[890946184, 4354849]",0,0.7621,6,0.10294522027707159,0.0096,7.14,117.34,7.14,0.0,0.6750887735591369,0.23076923076923078,0.17094858697682003,0.009500950095009501,0.013401253918495297,0.0,low,1.0
"[890946185, 1225397036]",0,0.7481,6,0.13898984784455787,0.0096,20.58,105.87,20.58,0.0,0.6559683146681236,0.23076923076923078,0.23080351025523044,0.009500950095009501,0.03973354231974921,0.0,low,0.9963
23101609,0,0.4675,8,0.4824992609252702,0.0096,65.4,70.05,65.4,0.0,0.2727396886096696,0.38461538461538464,0.8012277579981714,0.009500950095009501,0.1275470219435737,0.0,high,0.9996
1225397036,0,0.6231,7,0.19729312256077497,0.0096,34.34,34.53,34.34,0.0,0.48524993171264685,0.3076923076923077,0.3276206580669378,0.009500950095009501,0.06669278996865205,0.0,medium,0.9998
1225397036,0,0.5505,7,0.2713785012788266,0.0323,86.92,86.92,87.59,0.0,0.386096694892106,0.3076923076923077,0.45064522395872,0.032203220322032204,0.1697100313479624,0.0,medium,0.998
"[956016458, 67601411]",0,0.9937,6,0.11796308363278611,0.0015,26.15,26.15,35.36,0.0,0.991395793499044,0.23076923076923078,0.19588692368952285,0.0014001400140014,0.05064655172413793,0.0,low,1.0
"[4351137, 890946186]",0,0.7315,6,0.12846551222636438,0.0015,18.7,18.7,23.81,0.0,0.6332969134116363,0.23076923076923078,0.21332702780846938,0.0014001400140014,0.03605015673981191,0.0,low,0.997
890946188,0,0.5946,10,0.06911628158718888,0.0043,73.34,73.34,75.33,0.0,0.4463261403987982,0.5384615384615384,0.11477298837805804,0.0042004200420042,0.14310344827586208,0.0,medium,1.0
67601407,0,0.5509,10,0.1300719215833693,0.2326,109.6,109.6,110.41,0.0,0.3866429937175635,0.5384615384615384,0.21599459618983846,0.23252325232523252,0.21414576802507837,0.0,medium,0.9914
7972741,0,0.4567,7,0.2463631441326156,0.4048,149.15,155.63,149.15,0.0,0.2579896203223163,0.3076923076923077,0.40910526686067195,0.40474047404740476,0.291634012539185,0.0,high,0.9997
322777596,0,0.5298,9,0.36926445269380676,0.4994,100.26,105.11,100.26,0.0,0.35782573067467915,0.46153846153846156,0.6131925023570926,0.4993499349934994,0.19584639498432604,0.0,high,1.0
4353140,0,0.9478,10,0.014556399979666646,0.5,35.39,37.57,35.39,0.0,0.9287080032777929,0.5384615384615384,0.024172037609928206,0.49994999499949994,0.06875,0.0,low,0.9995
"[1181404860, 1190111693]",0,1.0,11,0.014556399979666646,0.5,41.72,41.72,44.27,0.0,1.0,0.6153846153846154,0.024172037609928206,0.49994999499949994,0.08115203761755486,0.0,low,0.9997
"[1181404860, 450571023]",0,0.9387,11,0.0315347560601888,0.5,0.71,0.71,12.71,0.0,0.9162797049986344,0.6153846153846154,0.05236592583059261,0.49994999499949994,0.0008032915360501568,0.0,low,0.9999
67601413,0,0.9102,6,0.1478491333595058,0.0781,0.71,0.71,19.62,0.0,0.8773559136847857,0.23076923076923078,0.24551504677494937,0.078007800780078,0.0008032915360501568,0.0,low,1.0
67601416,0,0.8399,7,0.1478491333595058,0.0781,37.24,37.24,37.31,0.0,0.7813438951106256,0.3076923076923077,0.24551504677494937,0.078007800780078,0.07237460815047023,0.0,low,0.9927
"[890946188, 685983422]",0,0.6321,9,0.1478491333595058,0.0781,15.37,15.37,24.53,0.0,0.4975416552854412,0.46153846153846156,0.24551504677494937,0.078007800780078,0.029525862068965517,0.0,medium,0.9988
4351125,0,0.7531,7,0.08719810061167106,0.2785,41.01,41.01,45.15,0.0,0.6627970499863426,0.3076923076923077,0.1447992631236667,0.27842784278427846,0.07976097178683386,0.0,low,0.51
"[956016456, 68174985]",0,1.0,6,0.08689256388622296,0.1578,30.47,30.47,36.17,0.0,1.0,0.23076923076923078,0.14429189549374202,0.15771577157715772,0.05911050156739812,0.0,low,1.0
41699319,0,0.986,6,0.017855452743919097,0.5,42.96,42.96,45.52,0.0,0.9808795411089866,0.23076923076923078,0.02965037275782357,0.49994999499949994,0.08358150470219437,0.0,low,1.0
176353855,0,0.6904,7,0.10137577574649237,0.3598,19.36,19.36,24.38,0.0,0.5771647090958755,0.3076923076923077,0.16834240158090608,0.35973597359735976,0.03734326018808777,0.0,medium,0.9446
176353860,0,0.8922,7,0.005871021564342989,0.4748,15.95,15.95,27.29,0.0,0.852772466539197,0.3076923076923077,0.00974928743114437,0.47474747474747475,0.03066222570532915,0.0,low,1.0
176353858,0,0.5846,10,0.09189221322988285,0.2747,76.25,76.25,77.94,0.0,0.43266866976236007,0.5384615384615384,0.1525942042725864,0.27462746274627464,0.14880485893416928,0.0,medium,1.0
23101596,0,0.5501,8,0.2615329835853902,0.1707,38.52,43.23,38.52,0.0,0.38555039606664854,0.38461538461538464,0.4342959717692357,0.1706170617061706,0.07488244514106585,0.0,medium,0.9994
"[176353858, 894412628]",0,0.5842,9,0.08069164504952642,0.1707,5.95,5.95,13.31,0.0,0.4321223709369026,0.46153846153846156,0.13399478476534823,0.1706170617061706,0.011069749216300941,0.0,medium,0.9945
176353858,0,0.5692,9,0.08035698181139833,0.2658,54.81,54.81,56.02,0.0,0.41163616498224537,0.46153846153846156,0.13343905028301084,0.26572657265726574,0.1067985893416928,0.0,medium,1.0
23101589,0,0.6311,8,0.2875764830286184,0.2658,82.9,84.7,82.9,0.0,0.49617590822179736,0.38461538461538464,0.4775432395668333,0.26572657265726574,0.16183385579937307,0.0,medium,0.9911
176353858,0,0.5874,10,0.0731305374539428,0.283,121.3,121.3,121.8,0.0,0.43649276154056277,0.5384615384615384,0.12143897421671324,0.2829282928292829,0.23706896551724138,0.0,medium,0.9995
176353859,0,0.6626,9,0.07224582729499211,0.3218,79.85,79.85,80.59,0.0,0.5391969407265774,0.46153846153846156,0.11996984380085647,0.3217321732173217,0.15585815047021945,0.0,medium,1.0
176353859,0,0.7033,11,0.052321704784007855,0.3293,231.9,231.9,232.01,0.0,0.5947828462168807,0.6153846153846154,0.08688428002157227,0.3292329232923292,0.4537617554858934,0.0,medium,0.9394
"[23101642, 23101646]",0,0.7344,10,0.12587114010503897,0.1117,184.1,186.92,184.1,0.0,0.6372575798962034,0.5384615384615384,0.20901886998420452,0.1116111611161116,0.36010971786833856,0.0,medium,0.9999
176353859,0,0.7033,11,0.05232170478400785,0.3293,231.9,231.9,232.01,0.0,0.5947828462168807,0.6153846153846154,0.08688428002157225,0.3292329232923292,0.4537617554858934,0.0,medium,0.9394
1334816431,0,0.8347,12,0.001357184471627478,0.2925,149.66,152.6,149.66,0.0,0.7742420103796777,0.6923076923076923,0.002253707892421677,0.2924292429242924,0.2926332288401254,0.0,medium,1.0
1334816431,0,0.9974,10,0.001357184471627478,0.2925,110.28,112.35,110.28,0.0,0.9964490576345262,0.5384615384615384,0.002253707892421677,0.2924292429242924,0.2154780564263323,0.0,low,0.9899
"[176353848, 334715952, 4353163, 23603744]",0,0.9345,7,0.010207788575461016,0.3212,39.11,39.11,39.32,0.0,0.9105435673313304,0.3076923076923077,0.016950828249975295,0.3211321132113211,0.0760384012539185,0.0,low,1.0
176353853,0,0.7319,7,0.07245734111103753,0.5,27.0,27.0,33.96,0.0,0.6338432122370937,0.3076923076923077,0.12032107903578902,0.49994999499949994,0.05231191222570533,0.0,medium,0.9017
176353859,0,0.6626,9,0.07224582729499214,0.3218,79.85,79.85,80.59,0.0,0.5391969407265774,0.46153846153846156,0.11996984380085651,0.3217321732173217,0.15585815047021945,0.0,medium,1.0
176353843,0,0.8531,7,0.014975034816031008,0.4748,47.05,47.05,50.31,0.0,0.7993717563507238,0.3076923076923077,0.024867213498910384,0.47474747474747475,0.0915948275862069,0.0,low,0.9975
176353846,0,0.6142,9,0.16124370922517955,0.171,8.17,8.17,13.14,0.0,0.47309478284621687,0.46153846153846156,0.267757787646267,0.17091709170917094,0.015419278996865205,0.0,medium,0.9999
176353846,0,0.8128,11,0.10044416167038031,0.0065,100.03,100.03,100.45,0.0,0.7443321496858781,0.6153846153846154,0.1667953835420493,0.0064006400640064,0.19539576802507838,0.0,medium,0.9993
176353846,0,0.6142,9,0.16124370922517958,0.171,8.17,8.17,13.14,0.0,0.47309478284621687,0.46153846153846156,0.26775778764626706,0.17091709170917094,0.015419278996865205,0.0,medium,0.9999
23101582,0,0.6204,9,0.29960195813069646,0.0065,99.5,106.87,99.5,0.0,0.4815624146408085,0.46153846153846156,0.4975124815370456,0.0064006400640064,0.1943573667711599,0.0,medium,0.9928
"[1154503377, 23202925, 362268351]",0,0.6147,10,0.2535887381473168,0.0065,126.01,133.73,126.01,0.0,0.47377765637803887,0.5384615384615384,0.42110393086631714,0.0064006400640064,0.2462970219435737,0.0,medium,0.9706
176353846,0,0.5639,10,0.1877383977353939,0.0065,63.06,66.71,63.06,0.0,0.40439770554493304,0.5384615384615384,0.3117542901789982,0.0064006400640064,0.12296238244514109,0.0,medium,1.0
176353846,0,0.8128,11,0.1004441616703803,0.0065,100.03,100.03,100.45,0.0,0.7443321496858781,0.6153846153846154,0.16679538354204929,0.0064006400640064,0.19539576802507838,0.0,medium,0.9993
176353842,0,0.7831,7,0.1067854771440403,0.0656,11.09,11.09,15.75,0.0,0.703769461895657,0.3076923076923077,0.177325633867135,0.06550655065506551,0.021140282131661442,0.0,low,0.9998
176353846,0,0.5639,10,0.1877383977353939,0.0065,63.06,66.71,63.06,0.0,0.40439770554493304,0.5384615384615384,0.3117542901789982,0.0064006400640064,0.12296238244514109,0.0,medium,1.0
70669611,0,0.997,6,0.0015669680833358935,0.5,62.55,62.55,71.2,0.0,0.9959027588090688,0.23076923076923078,0.002602069987726044,0.49994999499949994,0.12196316614420064,0.0,low,1.0
23101600,0,0.4796,7,0.08870812918280137,0.1256,128.62,132.89,128.62,0.0,0.2892652280797597,0.3076923076923077,0.14730678367174252,0.1255125512551255,0.25141065830721004,0.0,medium,0.9993
4473250,0,0.5913,7,0.16344972672510008,0.0254,75.85,75.85,77.18,0.0,0.44181917508877366,0.3076923076923077,0.27142105224683344,0.025302530253025302,0.14802115987460815,0.0,medium,1.0
4473250,0,0.5803,6,0.09549664296371779,0.1317,14.01,14.01,18.85,0.0,0.4267959573886917,0.23076923076923078,0.15857964176329642,0.13161316131613163,0.02686128526645768,0.0,medium,0.8825
149431272,0,0.5167,6,0.45506050054626584,0.1317,92.33,96.46,92.33,0.0,0.3399344441409452,0.23076923076923078,0.7556635502874652,0.13161316131613163,0.18030956112852667,0.0,high,0.9966
556468623,0,0.5452,7,0.22511701466131534,0.0955,131.04,131.04,131.44,0.0,0.37885823545479386,0.3076923076923077,0.37382440712403364,0.0954095409540954,0.25615203761755484,0.0,medium,0.9719
24592007,0,0.474,7,0.3353241970389476,0.0955,131.0,134.09,131.0,0.0,0.2816170445233543,0.3076923076923077,0.556832053231417,0.0954095409540954,0.25607366771159873,0.0,high,0.9962
556468626,0,1.0,8,0.16623120901900598,0.0955,97.26,97.26,97.35,0.0,1.0,0.38461538461538464,0.2760399211473453,0.0954095409540954,0.1899686520376176,0.0,low,0.9036
4473251,0,0.6217,8,0.16623120901900598,0.1317,53.94,53.94,54.72,0.0,0.4833378858235456,0.38461538461538464,0.2760399211473453,0.13161316131613163,0.10509404388714734,0.0,medium,1.0
4473251,0,0.6009,7,0.1574593646959481,0.0254,13.92,13.92,16.47,0.0,0.4549303468997542,0.3076923076923077,0.2614735875659049,0.025302530253025302,0.026684952978056425,0.0,medium,0.991
23101660,0,0.5075,7,0.41735643045136883,0.0254,86.36,95.51,86.36,0.0,0.327369571155422,0.3076923076923077,0.6930529929002786,0.025302530253025302,0.16861285266457682,0.0,high,0.9625
4473251,0,0.5622,6,0.18444612360593324,0.0254,92.43,92.43,92.47,0.0,0.4020759355367387,0.23076923076923078,0.3062872114843603,0.025302530253025302,0.18050548589341694,0.0,medium,1.0
28908921,0,0.5486,6,0.14661561420237407,0.5,172.04,181.74,172.04,0.0,0.38350177547118275,0.23076923076923078,0.24346669173578758,0.49994999499949994,0.33648119122257053,0.0,high,0.6924
23101600,0,0.4492,7,0.386118989047464,0.2484,151.17,154.08,151.17,0.0,0.24774651734498773,0.3076923076923077,0.6411807782368338,0.24832483248324835,0.2955916927899686,0.0,high,1.0
"[444662768, 511905077]",0,0.6204,7,0.15334327654901236,0.0883,32.55,32.55,33.55,0.0,0.4815624146408085,0.3076923076923077,0.2546385012612749,0.08820882088208822,0.063185736677116,0.0,medium,0.9992
4351138,0,1.0,7,0.0008492749241223392,0.0656,66.91,66.91,77.87,0.0,1.0,0.3076923076923077,0.0014102843630379234,0.06550655065506551,0.13050548589341693,0.0,low,1.0
70666902,0,1.0,7,0.0008492749241223392,0.0656,61.53,61.53,71.32,0.0,1.0,0.3076923076923077,0.0014102843630379234,0.06550655065506551,0.11996473354231976,0.0,low,1.0
891736352,0,0.8372,7,0.02948338576925312,0.0001,135.97,136.54,135.97,0.0,0.7776563780387874,0.3076923076923077,0.04895946501615705,0.0,0.26581112852664573,0.0,low,0.6044
"[45316409, 554505593]",0,0.4134,7,0.20133096430662195,0.1015,0.3,0.3,15.6,0.0,0.1988527724665392,0.3076923076923077,0.3343258101025783,0.10141014101410141,0.0,0.0,medium,0.9999
1111623877,0,0.8678,7,0.022263723443811254,0.5,23.56,23.56,46.59,0.0,0.8194482381862881,0.3076923076923077,0.03697065104446952,0.49994999499949994,0.04557210031347962,0.0,low,0.9999
44098125,0,0.9363,7,0.022263723443811254,0.5,32.88,32.88,72.19,0.0,0.9130019120458893,0.3076923076923077,0.03697065104446952,0.49994999499949994,0.06383228840125393,0.0,low,1.0
"[1392378240, 320957636, 1021329319, 1021329320, 830661746, 1177685789]",0,0.7639,8,0.019405720717264253,0.762,32.09,86.72,32.09,0.0,0.6775471182736958,0.38461538461538464,0.0322247139805708,0.761976197619762,0.062284482758620696,0.0,medium,0.9812
4814841,0,0.8617,8,0.018302094564782326,0.8876,58.77,62.25,58.77,0.0,0.8111171810980609,0.38461538461538464,0.030392056435110695,0.8875887588758875,0.11455721003134797,0.0,medium,0.9888
312548552,0,0.9207,8,0.014081532526013013,0.5,66.4,66.4,67.91,0.0,0.8916962578530457,0.38461538461538464,0.023383483061746632,0.49994999499949994,0.12950626959247652,0.0,low,0.9935
4814841,0,0.8617,8,0.018302094564782326,0.8876,58.77,62.25,58.77,0.0,0.8111171810980609,0.38461538461538464,0.030392056435110695,0.8875887588758875,0.11455721003134797,0.0,medium,0.9888
312548551,0,0.9274,9,0.014081532526013013,0.4039,57.08,57.08,60.55,0.0,0.9008467631794591,0.46153846153846156,0.023383483061746632,0.40384038403840383,0.11124608150470221,0.0,low,0.9989
4824504,0,1.0,6,1.8510702683279636e-09,1.0,172.16,172.79,172.16,0.0,1.0,0.23076923076923078,0.0,1.0,0.33671630094043886,0.0,medium,1.0
31785306,0,1.0,8,0.0252144646448077,1.0,135.8,136.54,135.8,0.0,1.0,0.38461538461538464,0.041870587598659414,1.0,0.2654780564263323,0.0,medium,1.0
335727773,0,1.0,7,1.8510702683279636e-09,1.0,153.54,155.31,153.54,0.0,1.0,0.3076923076923077,0.0,1.0,0.3002351097178683,0.0,medium,0.9999
198491965,0,1.0,8,0.0252144646448077,1.0,107.59,107.59,107.6,0.0,1.0,0.38461538461538464,0.041870587598659414,1.0,0.2102076802507837,0.0,medium,0.9979
"[740849896, 335727772, 31785308]",0,0.951,7,0.010201765732507542,0.5,39.34,39.34,60.86,0.0,0.9330783938814532,0.3076923076923077,0.01694082684817906,0.49994999499949994,0.07648902821316617,0.0,low,1.0
72133539,0,0.8006,7,0.10721452886965913,0.0876,31.43,31.43,39.38,0.0,0.7276700355094237,0.3076923076923077,0.17803810781547316,0.0875087508750875,0.06099137931034483,0.0,low,0.9978
23068402,0,0.642,7,0.21869690861206603,0.2433,74.44,74.44,80.02,0.0,0.5110625512155149,0.3076923076923077,0.3631633188856381,0.24322432243224323,0.14525862068965517,0.0,medium,1.0
93228901,0,0.6955,7,0.09337301692654797,0.5501,70.44,70.44,73.54,0.0,0.5841300191204589,0.3076923076923077,0.15505319463081188,0.5500550055005501,0.1374216300940439,0.0,medium,1.0
93228906,0,0.8472,6,0.022480542271411334,0.2543,180.26,180.26,184.58,0.0,0.7913138486752253,0.23076923076923078,0.03733069566601595,0.2542254225422543,0.3525862068965517,0.0,medium,0.9996
43681705,0,1.0,6,0.022263723443811254,0.5,34.99,34.99,80.55,0.0,1.0,0.23076923076923078,0.03697065104446952,0.49994999499949994,0.06796630094043889,0.0,low,1.0
31785304,0,1.0,8,1.8510702683279636e-09,1.0,168.08,168.58,168.08,0.0,1.0,0.38461538461538464,0.0,1.0,0.32872257053291537,0.0,medium,1.0
31785310,0,1.0,6,1.8510702683279636e-09,1.0,173.17,173.55,173.17,0.0,1.0,0.23076923076923078,0.0,1.0,0.3386951410658307,0.0,medium,1.0
43797352,0,0.7833,8,0.08546411547749458,0.0156,1.75,1.75,13.16,0.0,0.7040426113083859,0.38461538461538464,0.14191984518606374,0.015501550155015502,0.002840909090909091,0.0,low,1.0
1331762492,0,0.7511,7,0.19655646575987115,0.1064,148.87,148.87,159.79,0.0,0.6600655558590549,0.3076923076923077,0.32639738183199646,0.1063106310631063,0.29108542319749214,0.0,medium,1.0
7972740,0,0.6429,10,0.07807449800888579,0.1765,1.18,1.18,17.64,0.0,0.5122917235727944,0.5384615384615384,0.12964880740623777,0.17641764176417643,0.0017241379310344827,0.0,medium,0.9447
72133514,0,0.5989,9,0.09208051571650795,0.0156,41.73,51.13,41.73,0.0,0.4521988527724666,0.46153846153846156,0.1529068952795604,0.015501550155015502,0.08117163009404389,0.0,medium,0.9993
1318884160,0,0.3662,9,0.4234107401551123,0.0243,167.66,170.9,167.66,0.0,0.1343895110625513,0.46153846153846156,0.7031066476964841,0.0242024202420242,0.32789968652037615,0.0,high,1.0
1331895286,0,0.5364,8,0.424926297861881,0.1001,152.57,152.57,154.69,0.0,0.3668396612947282,0.38461538461538464,0.7056233498067446,0.1000100010001,0.2983346394984326,0.0,high,1.0
1331761225,0,0.3923,7,0.48039020062393223,0.0473,10.18,10.18,14.2,0.0,0.17003550942365475,0.3076923076923077,0.7977254984092834,0.047204720472047206,0.019357366771159873,0.0,high,0.9969
1331895287,0,0.4148,8,0.5015779853237508,0.0473,81.28,81.28,87.17,0.0,0.20076481835564058,0.38461538461538464,0.8329094720894852,0.047204720472047206,0.15865987460815048,0.0,high,1.0
4824706,0,0.5312,7,0.26427467971738494,0.3032,107.43,107.43,112.81,0.0,0.3597377765637804,0.3076923076923077,0.4388487726360503,0.30313031303130317,0.20989420062695927,0.0,high,0.5805
1331761228,0,0.4889,8,0.3154077014310554,0.3032,166.06,166.06,172.98,0.0,0.30196667577164715,0.38461538461538464,0.5237591545212495,0.30313031303130317,0.3247648902821317,0.0,high,1.0
807264825,0,0.532,8,0.3796488889194822,0.564,248.76,248.76,255.86,0.0,0.3608303742146955,0.38461538461538464,0.6304366709204549,0.5639563956395639,0.48679467084639494,0.0,high,1.0
1331761229,0,0.6444,7,0.31431960647226065,0.6227,212.94,212.94,218.41,0.0,0.51434034416826,0.3076923076923077,0.5219522877376672,0.6226622662266227,0.4166144200626959,0.0,high,1.0
46828657,0,0.4672,8,0.4929818591992399,0.0158,80.57,87.9,80.57,0.0,0.2723299644905764,0.38461538461538464,0.8186349323203949,0.015701570157015704,0.15726880877742946,0.0,high,0.9999
46828658,0,0.5292,9,0.16867321950789407,0.0156,48.09,48.09,49.82,0.0,0.3570062824364928,0.46153846153846156,0.28009507056410105,0.015501550155015502,0.09363244514106585,0.0,medium,1.0
7972740,0,0.6429,10,0.07807449800888577,0.1765,1.18,1.18,17.64,0.0,0.5122917235727944,0.5384615384615384,0.12964880740623777,0.17641764176417643,0.0017241379310344827,0.0,medium,0.9447
44097992,0,0.4046,8,0.4611438708485036,0.2698,0.99,0.99,4.81,0.0,0.1868341983064737,0.38461538461538464,0.7657654624804227,0.2697269726972697,0.0013518808777429467,0.0,high,0.9997
131700116,0,0.5863,11,0.16694974053951445,0.2374,1.89,1.89,19.52,0.0,0.4349904397705546,0.6153846153846154,0.2772330989365354,0.23732373237323734,0.003115203761755486,0.0,medium,1.0
407468695,0,0.647,11,0.0853586494166149,0.5443,76.5,85.37,76.5,0.0,0.5178912865337341,0.6153846153846154,0.14174471054302687,0.5442544254425443,0.149294670846395,0.0,medium,0.9998
4824596,0,0.7088,11,0.11550507383862932,0.5443,37.5,45.5,37.5,0.0,0.6022944550669217,0.6153846153846154,0.19180520617499516,0.5442544254425443,0.07288401253918496,0.0,medium,1.0
407468695,0,0.6352,10,0.08110133131670279,0.5443,49.39,59.4,49.39,0.0,0.501775471182737,0.5384615384615384,0.13467510085528836,0.5442544254425443,0.09617946708463951,0.0,medium,1.0
4824643,0,0.4006,10,0.30303527601352526,0.5443,70.15,70.15,70.71,0.0,0.18137121005189843,0.5384615384615384,0.5032137744157792,0.5442544254425443,0.1368534482758621,0.0,high,1.0
1331762490,0,0.4026,11,0.3270322346731299,0.195,84.55,84.55,84.79,0.0,0.18410270417918606,0.6153846153846154,0.5430626011735692,0.19491949194919495,0.1650666144200627,0.0,high,1.0
1042067099,0,0.5104,9,0.10604750029811491,0.2454,54.64,54.64,61.29,0.0,0.3313302376399891,0.46153846153846156,0.17610016559418906,0.24532453245324534,0.10646551724137931,0.0,medium,0.9999
44571132,0,0.409,11,0.38039484486039404,0.0351,118.09,118.09,118.62,0.0,0.19284348538650642,0.6153846153846154,0.6316753891047046,0.035003500350035,0.23077978056426335,0.0,high,1.0
1331762490,0,0.4026,11,0.32703223467313003,0.195,84.55,84.55,84.79,0.0,0.18410270417918606,0.6153846153846154,0.5430626011735694,0.19491949194919495,0.1650666144200627,0.0,high,1.0
4824648,0,0.5127,9,0.3969294024417691,0.187,146.05,153.13,146.05,0.0,0.33447145588636995,0.46153846153846156,0.6591323152061797,0.18691869186918691,0.28556034482758624,0.0,high,1.0
44571132,0,0.409,11,0.38039484486039404,0.0351,118.09,118.09,118.62,0.0,0.19284348538650642,0.6153846153846154,0.6316753891047046,0.035003500350035,0.23077978056426335,0.0,high,1.0
1331762491,0,0.4649,11,0.3354372537230191,0.1056,195.16,195.16,212.73,0.0,0.2691887462441956,0.6153846153846154,0.5570197926979586,0.10551055105510551,0.3817789968652037,0.0,high,1.0
685984367,0,0.4878,6,0.20294248670846946,0.7175,94.3,94.3,165.14,0.0,0.30046435400163896,0.23076923076923078,0.3370018690948213,0.7174717471747175,0.18416927899686522,0.0,high,0.9635
4824648,0,0.3654,9,0.3697870165170051,0.0351,209.35,209.35,216.54,0.0,0.1332969134116362,0.46153846153846156,0.6140602604574377,0.035003500350035,0.4095807210031348,0.0,high,1.0
"[4824649, 1331895284, 1469856941]",0,0.6294,6,0.22786723913004164,0.313,38.67,38.67,48.46,0.0,0.49385413821360286,0.23076923076923078,0.3783913699610282,0.31293129312931295,0.07517633228840126,0.0,medium,1.0
4824597,0,0.435,7,0.3743631708172506,0.1425,175.03,175.03,183.4,0.0,0.22835290904124558,0.3076923076923077,0.621659322593356,0.1424142414241424,0.34233934169278996,0.0,high,1.0
"[1119742042, 46828659, 44571133]",0,0.478,7,0.1400664163631177,0.0249,63.28,63.97,63.28,0.0,0.28708003277792954,0.3076923076923077,0.23259123648327104,0.0248024802480248,0.1233934169278997,0.0,medium,1.0
1469856940,0,0.4124,8,0.3278248740455034,0.0027,135.12,141.71,135.12,0.0,0.1974870254028954,0.38461538461538464,0.5443788408470693,0.0026002600260026008,0.2641457680250784,0.0,high,0.9997
4824598,0,0.4498,7,0.35354640981455193,0.0802,114.07,114.07,120.25,0.0,0.248565965583174,0.3076923076923077,0.5870914627815524,0.0801080108010801,0.222903605015674,0.0,high,0.9974
4824643,0,0.7057,9,0.13986278507696026,0.0927,13.44,13.44,17.9,0.0,0.5980606391696258,0.46153846153846156,0.23225309080574344,0.0926092609260926,0.025744514106583072,0.0,medium,0.8919
44571133,0,0.5184,7,0.13795528248994698,0.2454,127.41,127.41,135.88,0.0,0.3422562141491396,0.3076923076923077,0.22908553356617198,0.24532453245324534,0.24903996865203762,0.0,medium,0.9915
1338696834,0,0.5792,6,0.18888882382307132,0.0139,70.09,75.29,70.09,0.0,0.42529363561868355,0.23076923076923078,0.31366466267727106,0.0138013801380138,0.1367358934169279,0.0,medium,1.0
4824643,0,0.6004,10,0.3159590507513161,0.5443,72.47,79.65,72.47,0.0,0.45424747336793236,0.5384615384615384,0.524674713190902,0.5442544254425443,0.14139890282131662,0.0,high,0.9838
4824679,0,0.3702,9,0.39382448704907697,0.1882,66.16,78.69,66.16,0.0,0.13985249931712646,0.46153846153846156,0.6539763603480642,0.18811881188118815,0.12903605015673983,0.0,high,1.0
1331762489,0,0.5236,10,0.45873466916262773,0.5443,61.87,67.16,61.87,0.0,0.3493580988800874,0.5384615384615384,0.7617647946471838,0.5442544254425443,0.12063087774294672,0.0,high,1.0
4824671,0,0.3063,8,0.5678046777659134,0.2572,99.07,99.07,105.4,0.0,0.05258126195028685,0.38461538461538464,0.9428840747590994,0.2571257125712571,0.19351489028213167,0.0,high,1.0
44097992,0,0.623,7,0.28998728005672425,0.1001,85.8,85.8,85.91,0.0,0.4851133570062825,0.3076923076923077,0.48154655659062356,0.1000100010001,0.16751567398119124,0.0,medium,0.9996
4824670,0,0.5207,5,0.40741978882950847,0.0468,102.7,107.07,102.7,0.0,0.34539743239552045,0.15384615384615385,0.6765524223004589,0.046704670467046704,0.20062695924764892,0.0,high,0.7974
1331895286,0,0.5931,10,0.37963202541230906,0.0468,93.95,93.95,102.8,0.0,0.4442775198033324,0.5384615384615384,0.6304086677478278,0.046704670467046704,0.18348354231974923,0.0,high,0.8701
131447316,0,0.5519,10,0.24328615708719586,0.2744,124.22,124.22,124.37,0.0,0.3880087407812073,0.5384615384615384,0.4039956892075964,0.2743274327432743,0.24278996865203764,0.0,high,0.9512
902416256,0,0.4246,8,0.5680034176925827,0.179,129.33,134.38,129.33,0.0,0.21414913957934992,0.38461538461538464,0.9432140979516231,0.1789178917891789,0.25280172413793106,0.0,high,1.0
1104090549,0,0.497,9,0.3986579776358297,0.2744,73.9,73.9,75.72,0.0,0.313029226987162,0.46153846153846156,0.662002749515086,0.2743274327432743,0.14420062695924768,0.0,high,0.9997
23101666,0,0.5768,7,0.32495735271516557,0.2379,204.58,207.63,204.58,0.0,0.4220158426659383,0.3076923076923077,0.5396170973970857,0.23782378237823784,0.40023510971786835,0.0,high,0.9998
131447316,0,0.4295,8,0.3026816052426999,0.2744,175.95,175.95,175.97,0.0,0.22084130019120463,0.38461538461538464,0.5026264764387385,0.2743274327432743,0.34414184952978055,0.0,high,1.0
23101617,0,0.4028,7,0.3240945797974423,0.0007,110.18,110.18,175.73,0.0,0.1843758535919148,0.3076923076923077,0.5381843954860913,0.0006000600060006,0.21528213166144203,0.0,high,0.994
131447316,0,0.4183,7,0.3805548901517144,0.0007,49.04,49.04,49.27,0.0,0.20554493307839392,0.3076923076923077,0.6319411568287604,0.0006000600060006,0.09549373040752351,0.0,high,0.8809
131447316,0,0.6472,6,0.19962850929254325,0.0139,40.34,40.34,51.72,0.0,0.5181644359464628,0.23076923076923078,0.33149875039550164,0.0138013801380138,0.07844827586206898,0.0,medium,0.9989
30661700,0,0.4384,10,0.48418510727937025,0.0832,103.9,103.9,110.25,0.0,0.23299644905763459,0.5384615384615384,0.8040272377263201,0.0831083108310831,0.20297805642633232,0.0,high,1.0
1331895287,0,0.687,7,0.22992164390806435,0.0832,53.28,53.28,114.61,0.0,0.5725211690794866,0.3076923076923077,0.38180286977861183,0.0831083108310831,0.10380094043887149,0.0,medium,1.0
93160000,0,0.7516,8,0.10888289867761931,0.1808,105.17,105.17,110.17,0.0,0.660748429390877,0.38461538461538464,0.18080856637184206,0.18071807180718072,0.20546630094043888,0.0,medium,1.0
93160002,0,0.6602,7,0.2335270595993602,0.2121,56.54,56.54,69.55,0.0,0.5359191477738323,0.3076923076923077,0.38778994452880156,0.21202120212021205,0.11018808777429467,0.0,medium,1.0
93160002,0,0.5383,7,0.3189451135287806,0.5,168.06,168.06,178.95,0.0,0.3694345807156515,0.3076923076923077,0.5296333039854668,0.49994999499949994,0.3286833855799373,0.0,high,1.0
93160002,0,0.4344,8,0.3112318445359599,0.807,174.36,174.36,183.59,0.0,0.22753346080305933,0.38461538461538464,0.516824817535534,0.806980698069807,0.3410266457680251,0.0,high,1.0
807264825,0,0.3856,7,0.3565766965383878,0.793,99.86,115.96,99.86,0.0,0.1608850040972412,0.3076923076923077,0.5921234908980086,0.792979297929793,0.1950626959247649,0.0,high,1.0
4824706,0,0.5539,8,0.4741265819975334,0.2419,210.06,216.86,210.06,0.0,0.3907402349084949,0.38461538461538464,0.7873242697760735,0.24182418241824183,0.4109717868338558,0.0,high,1.0
93160002,0,0.6207,10,0.3110517952292097,0.2786,97.82,104.75,97.82,0.0,0.48197213875990175,0.5384615384615384,0.5165258315792584,0.27852785278527853,0.19106583072100314,0.0,high,0.7232
30661700,0,0.7018,6,0.2148471487970587,0.4376,8.99,8.99,14.73,0.0,0.592734225621415,0.23076923076923078,0.3567704916068392,0.4375437543754375,0.017025862068965517,0.0,medium,0.9997
4824693,0,0.7667,6,0.16384547562096644,0.4376,48.86,48.86,49.25,0.0,0.6813712100518985,0.23076923076923078,0.2720782242416126,0.4375437543754375,0.09514106583072102,0.0,medium,0.9988
890946188,0,0.5946,10,0.06911628158718888,0.0043,73.34,73.34,75.33,0.0,0.4463261403987982,0.5384615384615384,0.11477298837805804,0.0042004200420042,0.14310344827586208,0.0,medium,1.0
4824670,0,0.4162,9,0.4862598409904352,0.029,177.7,177.7,190.59,0.0,0.20267686424474193,0.46153846153846156,0.8074724953272321,0.028902890289028906,0.3475705329153605,0.0,high,1.0
"[890946188, 685983422]",0,0.6321,9,0.14784913335950575,0.0781,15.37,15.37,24.53,0.0,0.4975416552854412,0.46153846153846156,0.24551504677494926,0.078007800780078,0.029525862068965517,0.0,medium,0.9988
4824679,0,0.3702,9,0.39382448704907697,0.1882,66.16,78.69,66.16,0.0,0.13985249931712646,0.46153846153846156,0.6539763603480642,0.18811881188118815,0.12903605015673983,0.0,high,1.0
72133514,0,0.5366,10,0.11431145183149725,0.1882,52.02,58.22,52.02,0.0,0.367112810707457,0.5384615384615384,0.18982310347393253,0.18811881188118815,0.10133228840125394,0.0,medium,1.0
407468695,0,0.66,11,0.12258514730746657,0.1185,8.29,8.29,13.96,0.0,0.5356459983611036,0.6153846153846154,0.20356222193245654,0.1184118411841184,0.01565438871473354,0.0,medium,0.9984
407468695,0,0.5012,10,0.1363252975068484,0.1185,55.82,55.82,57.07,0.0,0.318765364654466,0.5384615384615384,0.22637881601372506,0.1184118411841184,0.10877742946708464,0.0,medium,0.9998
4824706,0,0.3737,7,0.3245855018956461,0.6774,117.51,117.51,148.99,0.0,0.14463261403987981,0.3076923076923077,0.5389996100272502,0.6773677367736773,0.22964341692789972,0.0,high,1.0
1331761320,0,0.6636,6,0.24264513973517973,0.9085,1.41,1.41,39.98,0.0,0.5405626877902212,0.23076923076923078,0.40293122975789836,0.9084908490849085,0.0021747648902821315,0.0,medium,0.9997
1331761321,0,0.733,8,0.16674837955484081,0.5075,124.06,152.38,124.06,0.0,0.6353455340071019,0.38461538461538464,0.27689872327219156,0.5074507450745074,0.2424764890282132,0.0,medium,0.9998
4824721,0,0.6446,8,0.16494636010387914,0.2865,109.3,109.3,116.32,0.0,0.5146134935809887,0.38461538461538464,0.2739063290303155,0.28642864286428643,0.21355799373040754,0.0,medium,0.9999
23068388,0,0.7114,10,0.3491980242678405,0.3667,68.85,71.34,68.85,0.0,0.6058453974323956,0.5384615384615384,0.579870628475634,0.36663666366636666,0.1343064263322884,0.0,medium,0.9276
1331761322,0,0.6089,8,0.20619580916117614,0.3143,23.32,23.32,25.17,0.0,0.4658563234089047,0.38461538461538464,0.34240426548363406,0.3142314231423143,0.045101880877742945,0.0,medium,1.0
30662001,0,0.7702,6,0.09669384755141924,0.014,83.64,92.18,83.64,0.0,0.6861513247746517,0.23076923076923078,0.1605676936196033,0.013901390139013902,0.16328369905956114,0.0,low,0.6968
44098009,0,0.9685,7,0.05579803399193867,0.4395,34.31,34.31,39.06,0.0,0.95697896749522,0.3076923076923077,0.09265699656973515,0.43944394439443946,0.06663401253918497,0.0,low,1.0
1021329323,0,0.7957,7,0.022828676362562993,0.4395,78.68,78.68,79.78,0.0,0.720977874897569,0.3076923076923077,0.0379087995534113,0.43944394439443946,0.15356583072100316,0.0,medium,0.8089
320957635,0,1.0,6,0.0007558357418011533,0.4395,30.89,30.89,38.74,0.0,1.0,0.23076923076923078,0.0012551212925203932,0.43944394439443946,0.059933385579937305,0.0,low,1.0
4824591,0,0.6414,9,0.09498562381293377,0.0984,73.79,86.74,73.79,0.0,0.5102431029773286,0.46153846153846156,0.15773105449445288,0.09830983098309831,0.14398510971786838,0.0,medium,1.0
16096074,0,0.5562,11,0.44349804704635665,0.1504,233.25,240.94,233.25,0.0,0.3938814531548758,0.6153846153846154,0.73646319190253,0.15031503150315034,0.4564067398119122,0.0,high,1.0
200517355,0,0.524,13,0.4150512524210086,0.1504,135.47,143.45,135.47,0.0,0.349904397705545,0.7692307692307693,0.6892250644831529,0.15031503150315034,0.26483150470219435,0.0,high,1.0
200517358,0,0.5399,12,0.35855183302872917,0.1662,79.42,85.53,79.42,0.0,0.3716197760174817,0.6923076923076923,0.5954033595239897,0.16611661166116612,0.15501567398119123,0.0,high,0.9984
16096121,0,0.7059,15,0.2304858529192685,0.0657,245.4,253.04,245.4,0.0,0.5983337885823545,0.9230769230769231,0.3827397829708867,0.0656065606560656,0.4802115987460815,0.0,high,0.9998
200517355,0,0.524,13,0.4150512524210086,0.1504,135.47,143.45,135.47,0.0,0.349904397705545,0.7692307692307693,0.6892250644831529,0.15031503150315034,0.26483150470219435,0.0,high,1.0
260639568,0,0.6298,12,0.27398212365165603,0.3665,108.1,113.39,108.1,0.0,0.49440043703906045,0.6923076923076923,0.4549687425491085,0.36643664366436646,0.21120689655172414,0.0,high,0.9656
660942195,0,0.6343,13,0.17903709856715885,0.4761,213.81,219.35,213.81,0.0,0.5005462988254575,0.7692307692307693,0.29730510234477564,0.4760476047604761,0.4183189655172414,0.0,high,1.0
16095997,0,0.7377,12,0.1376444165928796,0.5,254.01,264.25,254.01,0.0,0.6417645452062279,0.6923076923076923,0.22856931642995645,0.49994999499949994,0.4970807210031348,0.0,high,0.997
260639569,0,0.6249,8,0.24983333090441795,0.5,301.03,305.07,301.03,0.0,0.48770827642720577,0.38461538461538464,0.4148677834132177,0.49994999499949994,0.5892045454545454,0.0,high,1.0
660942195,0,0.6343,13,0.17903709856715885,0.4761,213.81,219.35,213.81,0.0,0.5005462988254575,0.7692307692307693,0.29730510234477564,0.4760476047604761,0.4183189655172414,0.0,high,1.0
16095997,0,0.8118,11,0.11581205774430871,0.1671,144.51,154.82,144.51,0.0,0.7429664026222345,0.6153846153846154,0.19231497696088398,0.16701670167016702,0.2825431034482758,0.0,medium,1.0
16095997,0,0.7377,12,0.13764441659287963,0.5,254.01,264.25,254.01,0.0,0.6417645452062279,0.6923076923076923,0.2285693164299565,0.49994999499949994,0.4970807210031348,0.0,high,0.997
16097405,0,1.0,14,0.11581205774430872,0.1671,204.14,214.72,204.14,0.0,1.0,0.8461538461538461,0.19231497696088398,0.16701670167016702,0.3993730407523511,0.0,medium,1.0
16095997,0,0.5054,9,0.2936457633164983,0.2557,67.62,77.64,67.62,0.0,0.32450150232177,0.46153846153846156,0.48762175418891,0.2556255625562556,0.13189655172413794,0.0,high,0.7978
16095997,0,0.8118,11,0.11581205774430872,0.1671,144.51,154.82,144.51,0.0,0.7429664026222345,0.6153846153846154,0.19231497696088398,0.16701670167016702,0.2825431034482758,0.0,medium,1.0
"[16096074, 1333868515]",0,0.508,9,0.426637565761872,0.1387,213.51,213.51,214.75,0.0,0.328052444687244,0.46153846153846156,0.7084650440001716,0.13861386138613863,0.4177311912225705,0.0,high,1.0
16097405,0,0.5221,13,0.4686703360090722,0.0657,317.87,317.87,317.95,0.0,0.3473094782846217,0.7692307692307693,0.778263746556184,0.0656065606560656,0.622198275862069,0.0,high,1.0
200517359,0,0.624,8,0.4671589634689014,0.0028,315.11,318.75,315.11,0.0,0.4864791040699263,0.38461538461538464,0.775753994242399,0.0027002700270027003,0.6167907523510973,0.0,high,1.0
16096121,0,0.7446,13,0.23963449459715291,0.1387,221.39,228.43,221.39,0.0,0.6511881999453702,0.7692307692307693,0.39793181803092953,0.13861386138613863,0.43317006269592473,0.0,high,0.9729
16096121,0,0.7059,15,0.2304858529192685,0.0657,245.4,253.04,245.4,0.0,0.5983337885823545,0.9230769230769231,0.3827397829708867,0.0656065606560656,0.4802115987460815,0.0,high,0.9998
16097405,0,1.0,14,0.11581205774430872,0.1671,204.14,214.72,204.14,0.0,1.0,0.8461538461538461,0.19231497696088398,0.16701670167016702,0.3993730407523511,0.0,medium,1.0
16097405,0,0.5221,13,0.46867033600907215,0.0657,317.87,317.87,317.95,0.0,0.3473094782846217,0.7692307692307693,0.7782637465561839,0.0656065606560656,0.622198275862069,0.0,high,1.0
194937959,0,0.7753,11,0.17421563424605527,0.1705,61.17,61.17,79.43,0.0,0.6931166347992354,0.6153846153846154,0.2892986837324894,0.17041704170417044,0.11925940438871475,0.0,medium,1.0
200517358,0,0.5399,12,0.3585518330287292,0.1662,79.42,85.53,79.42,0.0,0.3716197760174817,0.6923076923076923,0.5954033595239898,0.16611661166116612,0.15501567398119123,0.0,high,0.9984
353555750,0,0.8068,12,0.1222764939087787,0.1662,32.75,32.75,37.31,0.0,0.7361376673040152,0.6923076923076923,0.20304967882284908,0.16611661166116612,0.06357758620689656,0.0,medium,0.985
29471958,0,0.8731,11,0.15469376713789945,0.1705,35.35,41.56,35.35,0.0,0.8266866976236,0.6153846153846154,0.25688109651169627,0.17041704170417044,0.0686716300940439,0.0,medium,0.8246
"[353555750, 1408848719]",0,0.5085,11,0.3513401126030839,0.3665,32.35,32.35,32.63,0.0,0.3287353182190658,0.6153846153846154,0.583427733698084,0.36643664366436646,0.06279388714733543,0.0,high,0.9953
353555750,0,0.8068,12,0.12227649390877873,0.1662,32.75,32.75,37.31,0.0,0.7361376673040152,0.6923076923076923,0.2030496788228491,0.16611661166116612,0.06357758620689656,0.0,medium,0.985
1408848718,0,0.7171,11,0.19929141867498032,0.3665,131.34,131.34,132.16,0.0,0.6136301556951652,0.6153846153846154,0.33093898505975705,0.36643664366436646,0.2567398119122257,0.0,medium,0.9807
"[353555750, 1408848719]",0,0.5085,11,0.35134011260308395,0.3665,32.35,32.35,32.63,0.0,0.3287353182190658,0.6153846153846154,0.5834277336980841,0.36643664366436646,0.06279388714733543,0.0,high,0.9953
260639570,0,0.2678,11,0.34178038247203135,0.1387,262.36,262.36,262.51,0.0,0.0,0.6153846153846154,0.5675530541085907,0.13861386138613863,0.5134404388714734,0.0,high,1.0
1408848718,0,0.7171,11,0.19929141867498032,0.3665,131.34,131.34,132.16,0.0,0.6136301556951652,0.6153846153846154,0.33093898505975705,0.36643664366436646,0.2567398119122257,0.0,medium,0.9807
16096498,0,0.5524,8,0.22292666935444924,0.3665,161.16,161.95,161.16,0.0,0.3886916143130293,0.38461538461538464,0.37018716742582247,0.36643664366436646,0.3151645768025078,0.0,high,0.9827
260639571,0,0.4114,10,0.3381386448664176,0.1387,373.04,373.59,373.04,0.0,0.19612127833925158,0.5384615384615384,0.5615056639787858,0.13861386138613863,0.7302899686520377,0.0,high,1.0
16096656,0,0.7381,9,0.08377447326613763,0.189,327.31,338.16,327.31,0.0,0.6423108440316854,0.46153846153846156,0.13911406214004995,0.18891889188918892,0.6406935736677116,0.0,high,0.6958
260639571,0,0.4973,10,0.44853464182504177,0.2543,379.18,395.19,379.18,0.0,0.3134389511062552,0.5384615384615384,0.7448268514658923,0.2542254225422543,0.742319749216301,0.0,high,1.0
29231618,0,0.6416,8,0.24542421001591117,0.6805,283.43,300.54,283.43,0.0,0.5105162523900574,0.38461538461538464,0.4075460933218803,0.6804680468046804,0.5547217868338559,0.0,high,1.0
16096368,0,0.5188,11,0.39842742863239883,0.6805,308.4,325.72,308.4,0.0,0.3428025129745972,0.6153846153846154,0.6616199048626774,0.6804680468046804,0.6036442006269592,0.0,high,1.0
260639571,0,0.4973,10,0.4485346418250417,0.2543,379.18,395.19,379.18,0.0,0.3134389511062552,0.5384615384615384,0.7448268514658922,0.2542254225422543,0.742319749216301,0.0,high,1.0
16096368,0,0.8175,11,0.248388348630071,0.0028,354.53,354.53,356.81,0.0,0.7507511608850043,0.6153846153846154,0.4124682773284963,0.0027002700270027003,0.6940242946708464,0.0,high,0.9994
"[23101213, 23101215]",0,0.9104,8,0.03216263637525885,0.9401,86.86,86.86,106.94,0.0,0.8776290630975144,0.38461538461538464,0.05340857020293847,0.9400940094009401,0.16959247648902823,0.0,medium,0.9995
29471958,0,0.8731,11,0.15469376713789948,0.1705,35.35,41.56,35.35,0.0,0.8266866976236,0.6153846153846154,0.2568810965116963,0.17041704170417044,0.0686716300940439,0.0,medium,0.8246
16096610,0,0.6083,6,0.1928493873488456,0.1466,185.31,202.06,185.31,0.0,0.46503687517071834,0.23076923076923078,0.32024148818422477,0.14651465146514653,0.36248040752351096,0.0,medium,0.9817
16096732,0,0.4746,7,0.4311503345095007,0.3028,209.86,222.96,209.86,0.0,0.28243649276154065,0.3076923076923077,0.7159588494683179,0.30273027302730277,0.41057993730407527,0.0,high,1.0
4351337,0,0.5586,7,0.0808690425876497,0.1008,31.45,31.45,35.08,0.0,0.3971592461076209,0.3076923076923077,0.13428936725241283,0.10071007100710071,0.06103056426332289,0.0,medium,0.9966
16096610,0,0.5172,7,0.38461067742421484,0.0518,84.17,98.82,84.17,0.0,0.34061731767276704,0.3076923076923077,0.6386761088150044,0.0517051705170517,0.16432210031347963,0.0,high,0.7873
24592027,0,0.4718,7,0.3060139174777268,0.0792,127.01,127.01,132.09,0.0,0.2786124009833379,0.3076923076923077,0.5081600415392186,0.07910791079107911,0.24825626959247651,0.0,high,0.9721
16096732,0,0.646,7,0.2282425621994428,0.0962,189.73,200.45,189.73,0.0,0.5165255394700902,0.3076923076923077,0.3790146232733717,0.0961096109610961,0.3711402821316614,0.0,medium,0.9575
16096656,0,0.412,7,0.39964407438025074,0.2001,173.74,181.68,173.74,0.0,0.19694072657743786,0.3076923076923077,0.6636402402859893,0.20002000200020004,0.33981191222570534,0.0,high,1.0
4351337,0,0.5288,8,0.17112863016818713,0.0518,132.79,132.79,134.95,0.0,0.35645998361103537,0.38461538461538464,0.2841724720135588,0.0517051705170517,0.2595807210031348,0.0,medium,0.9921
16096732,0,0.993,6,0.3373736181470689,1.0,174.87,186.26,174.87,0.0,0.9904397705544935,0.23076923076923078,0.5602352772753355,1.0,0.3420258620689655,0.0,medium,0.9313
4351337,0,0.5369,7,0.13008719080650286,0.0487,57.33,57.33,57.99,0.0,0.36752253482655023,0.3076923076923077,0.21601995192912218,0.048604860486048604,0.11173589341692791,0.0,medium,1.0
16096845,0,0.5335,6,0.39655235898996577,0.0487,27.41,35.84,27.41,0.0,0.36287899481016117,0.23076923076923078,0.658506205064299,0.048604860486048604,0.053115203761755485,0.0,medium,0.9936
428931601,0,0.702,6,0.20556760559543724,0.4326,31.09,35.03,31.09,0.0,0.5930073750341437,0.23076923076923078,0.3413610843282698,0.43254325432543256,0.06032523510971787,0.0,medium,1.0
16560355,0,0.5289,6,0.38829605229331066,0.489,80.36,80.53,80.36,0.0,0.3565965583173997,0.23076923076923078,0.6447959620338761,0.48894889488948895,0.15685736677115988,0.0,high,0.9979
44704751,0,0.5479,7,0.2883322259023725,0.1796,125.89,131.07,125.89,0.0,0.3825457525266322,0.3076923076923077,0.478798209718545,0.17951795179517954,0.24606191222570534,0.0,high,0.6112
7972741,0,0.5685,8,0.24033705539913613,0.2613,197.12,202.27,197.12,0.0,0.41068014203769465,0.38461538461538464,0.3990984751928711,0.2612261226122612,0.3856191222570533,0.0,high,0.9965
16560381,0,0.4401,7,0.377977565931471,0.5362,233.28,244.33,233.28,0.0,0.23531821906582903,0.3076923076923077,0.6276613083776306,0.5361536153615362,0.4564655172413793,0.0,high,1.0
16560381,0,0.5207,8,0.34255736063953385,0.4113,165.13,168.72,165.13,0.0,0.34539743239552045,0.38461538461538464,0.5688432871264736,0.41124112411241126,0.322942789968652,0.0,high,1.0
131447318,0,0.606,8,0.17156284255781115,0.1144,86.46,86.46,87.63,0.0,0.46189565692433765,0.38461538461538464,0.2848935156481149,0.1143114311431143,0.1688087774294671,0.0,medium,1.0
16560347,0,0.4845,7,0.3256778457248739,0.6782,208.23,216.78,208.23,0.0,0.2959573886916143,0.3076923076923077,0.5408135323925085,0.6781678167816781,0.4073863636363636,0.0,high,1.0
"[1286193968, 1286193978, 1286193979]",0,0.5532,8,0.14338465584028684,0.0709,104.96,111.44,104.96,0.0,0.38978421196394436,0.38461538461538464,0.23810143266863845,0.0708070807080708,0.20505485893416928,0.0,medium,0.9999
4351125,0,0.59,9,0.18832989881389262,0.1447,25.35,25.35,26.14,0.0,0.4400437039060366,0.46153846153846156,0.31273652398364354,0.14461446144614462,0.04907915360501568,0.0,medium,1.0
16560382,0,0.4937,7,0.33823591345997267,0.3618,78.6,84.41,78.6,0.0,0.3085222616771375,0.3076923076923077,0.5616671860861716,0.36173617361736177,0.1534090909090909,0.0,high,0.9873
"[23069545, 661055901]",0,1.0,6,0.014170911921346258,0.8654,347.73,358.07,347.73,0.0,1.0,0.23076923076923078,0.023531904538437592,0.8653865386538654,0.6807014106583072,0.0,medium,0.9989
793509827,0,1.0,7,1.8510702683279636e-09,1.0,166.71,166.71,167.34,0.0,1.0,0.3076923076923077,0.0,1.0,0.32603840125391853,0.0,medium,1.0
31785309,0,1.0,8,1.8510702683279636e-09,1.0,139.99,139.99,140.13,0.0,1.0,0.38461538461538464,0.0,1.0,0.2736873040752351,0.0,medium,0.9999
335717521,0,1.0,7,0.0252144646448077,1.0,120.02,120.02,121.47,0.0,1.0,0.3076923076923077,0.041870587598659414,1.0,0.23456112852664576,0.0,medium,0.9981
4812497,0,1.0,7,0.0020069124806931732,0.5,26.42,43.16,26.42,0.0,1.0,0.3076923076923077,0.0033326320694477534,0.49994999499949994,0.051175548589341695,0.0,low,1.0
43681713,0,1.0,8,0.022263723443811254,0.5,13.51,13.51,60.06,0.0,1.0,0.38461538461538464,0.03697065104446952,0.49994999499949994,0.02588166144200627,0.0,low,1.0
23065867,0,0.9373,5,0.023197143707419147,0.5,20.34,20.34,30.16,0.0,0.914367659109533,0.15384615384615385,0.03852066839893265,0.49994999499949994,0.03926332288401254,0.0,low,1.0
43681718,0,0.9542,6,0.023197143707419147,0.5,22.16,22.16,29.84,0.0,0.9374487844851136,0.23076923076923078,0.03852066839893265,0.49994999499949994,0.04282915360501568,0.0,low,1.0
"[512159185, 30666723]",0,0.921,6,0.014796616767710494,0.8545,90.18,90.18,95.87,0.0,0.8921059819721389,0.23076923076923078,0.02457093637484485,0.8544854485448545,0.17609717868338562,0.0,medium,0.8232
23066817,0,0.731,6,0.14163525214792388,0.8242,222.78,255.64,222.78,0.0,0.6326140398798142,0.23076923076923078,0.2351964110092163,0.8241824182418243,0.4358934169278997,0.0,high,0.775
23066826,0,0.8705,6,0.0008585269694341938,1.0,55.03,56.49,55.03,0.0,0.8231357552581262,0.23076923076923078,0.0014256481079198088,1.0,0.10722962382445142,0.0,medium,0.7586
512159185,0,0.8381,8,0.00372281216947118,0.5,75.1,85.78,75.1,0.0,0.7788855503960668,0.38461538461538464,0.006182017710427439,0.49994999499949994,0.14655172413793102,0.0,medium,0.507
1467315894,0,0.8831,10,0.011301756646445338,1.0,68.06,72.12,68.06,0.0,0.8403441682600382,0.5384615384615384,0.018767447795709272,1.0,0.1327586206896552,0.0,medium,0.9999
1468599381,0,0.6307,9,0.05428463206982888,0.7988,19.62,19.62,22.47,0.0,0.4956296093963399,0.46153846153846156,0.09014387430851387,0.7987798779877987,0.03785266457680251,0.0,medium,1.0
77122160,0,0.6096,9,0.16528377748667183,0.5989,92.89,92.89,97.33,0.0,0.4668123463534554,0.46153846153846156,0.27446663698528173,0.5988598859885989,0.18140673981191224,0.0,medium,0.9398
"[23066827, 90884452]",0,0.7156,8,0.1533893906139685,0.5684,61.02,61.02,64.57,0.0,0.6115815350996996,0.38461538461538464,0.25471507727291043,0.5683568356835684,0.11896551724137933,0.0,medium,1.0
23066836,0,0.7124,7,0.034064090640956536,0.5374,75.73,75.73,77.29,0.0,0.6072111444960394,0.3076923076923077,0.05656608373190065,0.5373537353735374,0.14778605015673985,0.0,medium,0.9997
1467315906,0,0.4598,8,0.08517320685771959,0.739,41.64,41.64,44.7,0.0,0.26222343621961214,0.38461538461538464,0.14143676866973523,0.738973897389739,0.08099529780564264,0.0,medium,0.9617
23069970,0,1.0,7,9.236784044742967e-05,0.5,46.72,46.72,47.65,0.0,1.0,0.3076923076923077,0.00015338094969502336,0.49994999499949994,0.09094827586206897,0.0,low,1.0
23066980,0,0.8198,9,0.053140050897663695,1.0,78.26,78.26,119.63,0.0,0.753892379131385,0.46153846153846156,0.08824320774960459,1.0,0.15274294670846397,0.0,medium,1.0
1467315895,0,0.9304,8,0.053140050897663695,1.0,67.37,67.37,100.96,0.0,0.9049440043703908,0.38461538461538464,0.08824320774960459,1.0,0.13140673981191225,0.0,medium,0.9981
23068390,0,0.83,6,0.15992163800978743,0.014,113.64,122.75,113.64,0.0,0.7678229991805519,0.23076923076923078,0.2655623849883333,0.013901390139013902,0.22206112852664578,0.0,medium,0.9865
"[30662001, 830661749]",0,0.756,7,0.17598894343229962,0.4395,56.65,63.32,56.65,0.0,0.6667577164709096,0.3076923076923077,0.2922434023342513,0.43944394439443946,0.11040360501567399,0.0,medium,1.0
23068388,0,0.6477,9,0.3588881939637824,0.3976,129.1,136.21,129.1,0.0,0.5188473094782847,0.46153846153846156,0.5959619131648554,0.39753975397539754,0.25235109717868337,0.0,high,0.9957
23068388,0,0.7114,10,0.34919802426784047,0.3667,68.85,71.34,68.85,0.0,0.6058453974323956,0.5384615384615384,0.5798706284756339,0.36663666366636666,0.1343064263322884,0.0,medium,0.9276
23068392,0,0.4698,9,0.3369940035063806,0.4276,48.14,56.47,48.14,0.0,0.27588090685605027,0.46153846153846156,0.5596048974732077,0.42754275427542754,0.09373040752351099,0.0,high,0.9982
23068394,0,0.7507,7,0.13192878386832183,0.014,90.41,95.53,90.41,0.0,0.6595192570335975,0.3076923076923077,0.2190780612470461,0.013901390139013902,0.17654780564263323,0.0,medium,0.9942
30662001,0,1.0,6,0.09669384755141924,0.014,75.0,84.23,75.0,0.0,1.0,0.23076923076923078,0.1605676936196033,0.013901390139013902,0.14635579937304077,0.0,low,1.0
23068392,0,0.986,7,0.13192878386832183,0.9063,107.49,114.72,107.49,0.0,0.9808795411089866,0.3076923076923077,0.2190780612470461,0.9062906290629063,0.21001175548589343,0.0,medium,1.0
23068394,0,0.6324,8,0.15990057935315588,0.9063,116.15,124.52,116.15,0.0,0.49795137940453427,0.38461538461538464,0.2655274154419101,0.9062906290629063,0.22697884012539188,0.0,high,0.8053
23068388,0,0.6477,9,0.3588881939637824,0.3976,129.1,136.21,129.1,0.0,0.5188473094782847,0.46153846153846156,0.5959619131648554,0.39753975397539754,0.25235109717868337,0.0,high,0.9957
"[807264833, 23068390]",0,0.8295,7,0.15146165463799438,0.1019,151.59,159.9,151.59,0.0,0.76714012564873,0.3076923076923077,0.2515139209084306,0.10181018101810181,0.2964145768025078,0.0,medium,1.0
1331761323,0,0.632,6,0.24383490663470597,0.014,54.14,54.14,54.36,0.0,0.4974050805790768,0.23076923076923078,0.40490693075125733,0.013901390139013902,0.1054858934169279,0.0,medium,1.0
23068452,0,0.8998,7,0.012998454402917655,0.5438,100.98,114.04,100.98,0.0,0.8631521442228901,0.3076923076923077,0.021584947126231113,0.5437543754375437,0.19725705329153606,0.0,medium,0.5102
312548552,0,0.7754,7,0.06695932803897796,0.4786,206.14,206.14,209.97,0.0,0.6932532095055997,0.3076923076923077,0.11119119830680432,0.47854785478547857,0.4032915360501567,0.0,medium,1.0
23068618,0,0.7409,6,0.14221328582585135,0.0876,63.2,65.66,63.2,0.0,0.6461349358098881,0.23076923076923078,0.23615628114187082,0.0875087508750875,0.12323667711598747,0.0,medium,0.9122
72133539,0,0.9894,7,0.0007558357418011533,0.4395,9.15,9.15,12.79,0.0,0.9855230811253757,0.3076923076923077,0.0012551212925203932,0.43944394439443946,0.01733934169278997,0.0,low,1.0
23069041,0,0.6225,14,0.23588735871301894,0.3151,52.9,111.35,52.9,0.0,0.48443048347446066,0.8461538461538461,0.3917094058159971,0.31503150315031503,0.10305642633228841,0.0,medium,0.7992
23069052,0,0.5752,10,0.1914607631955278,0.3151,30.72,40.32,30.72,0.0,0.4198306473641083,0.5384615384615384,0.317935569167479,0.31503150315031503,0.05960031347962382,0.0,medium,0.9997
23069052,0,0.8177,12,0.15437322950744803,0.2532,149.89,163.5,149.89,0.0,0.751024310297733,0.6923076923076923,0.25634881870572945,0.2531253125312531,0.293083855799373,0.0,medium,1.0
1213389414,0,0.8051,8,0.04157272427455256,0.3151,16.66,81.8,16.66,0.0,0.733815897295821,0.38461538461538464,0.06903475716244499,0.31503150315031503,0.03205329153605016,0.0,low,0.9992
23069047,0,0.7631,12,0.11184404519216311,1.0,58.82,154.3,58.82,0.0,0.6764545206227808,0.6923076923076923,0.18572578176302088,1.0,0.11465517241379311,0.0,medium,0.9972
23069041,0,0.4556,12,0.29406576896198433,0.5036,129.72,181.28,129.72,0.0,0.2564872985523082,0.6923076923076923,0.48831920641365556,0.5035503550355036,0.25356583072100314,0.0,high,1.0
23069041,0,0.6225,14,0.23588735871301894,0.3151,52.9,111.35,52.9,0.0,0.48443048347446066,0.8461538461538461,0.3917094058159971,0.31503150315031503,0.10305642633228841,0.0,medium,0.7992
23069047,0,0.4529,14,0.3383813886545666,0.5036,127.84,200.97,127.84,0.0,0.2527997814804699,0.8461538461538461,0.5619087590250244,0.5035503550355036,0.24988244514106586,0.0,high,1.0
23069047,0,0.7631,12,0.1118440451921631,1.0,58.82,154.3,58.82,0.0,0.6764545206227808,0.6923076923076923,0.18572578176302085,1.0,0.11465517241379311,0.0,medium,0.9972
23069047,0,0.4529,14,0.3383813886545666,0.5036,127.84,200.97,127.84,0.0,0.2527997814804699,0.8461538461538461,0.5619087590250244,0.5035503550355036,0.24988244514106586,0.0,high,1.0
23069052,0,0.8177,12,0.154373229507448,0.2532,149.89,163.5,149.89,0.0,0.751024310297733,0.6923076923076923,0.2563488187057294,0.2531253125312531,0.293083855799373,0.0,medium,1.0
23069052,0,0.6598,11,0.21632358499609675,0.974,208.85,261.43,208.85,0.0,0.5353728489483749,0.6153846153846154,0.3592222293936545,0.973997399739974,0.40860109717868337,0.0,high,1.0
23069052,0,0.5752,10,0.19146076319552785,0.3151,30.72,40.32,30.72,0.0,0.4198306473641083,0.5384615384615384,0.3179355691674791,0.31503150315031503,0.05960031347962382,0.0,medium,0.9997
"[320957638, 1213389414]",0,0.7664,7,0.03270167414033839,0.3151,12.64,12.64,35.6,0.0,0.6809614859328053,0.3076923076923077,0.05430368457227391,0.31503150315031503,0.024177115987460817,0.0,low,0.9996
23069075,0,0.971,6,0.14470631585174076,0.1025,409.69,409.69,432.55,0.0,0.9603933351543296,0.23076923076923078,0.24029615249027078,0.1024102410241024,0.802096394984326,0.0,medium,0.9939
186295854,0,0.6315,6,0.14470631585174076,0.1025,416.35,416.35,430.78,0.0,0.49672220704725484,0.23076923076923078,0.24029615249027078,0.1024102410241024,0.8151449843260189,0.0,high,1.0
1336421650,0,1.0,7,0.19131433064160075,0.1025,404.05,404.05,426.14,0.0,1.0,0.3076923076923077,0.3176924064585745,0.1024102410241024,0.7910462382445141,0.0,medium,0.9652
256680660,0,0.9978,9,0.16525182807125996,0.1025,385.71,385.71,408.23,0.0,0.9969953564599836,0.46153846153846156,0.2744135824820915,0.1024102410241024,0.7551136363636364,0.0,medium,0.9753
23069078,0,0.4114,14,0.579686424131209,0.2222,275.56,285.11,275.56,0.0,0.19612127833925158,0.8461538461538461,0.9626146439202528,0.22212221222122214,0.5393025078369906,0.0,high,1.0
1336421651,0,0.8072,10,0.22558182106315838,0.467,229.63,236.69,229.63,0.0,0.736683966129473,0.5384615384615384,0.3745962545087663,0.466946694669467,0.449314263322884,0.0,high,0.8745
"[1336421651, 491926910]",0,0.7513,11,0.28816530635604914,0.1025,360.24,360.24,376.19,0.0,0.6603387052717837,0.6153846153846154,0.47852102675639213,0.1024102410241024,0.7052115987460815,0.0,high,1.0
28920534,0,0.9471,8,2.267796418243499e-07,0.467,141.35,150.86,141.35,0.0,0.9277519803332424,0.38461538461538464,3.735114856826095e-07,0.466946694669467,0.27635188087774293,0.0,medium,0.9149
1336421651,0,0.8072,10,0.22558182106315844,0.467,229.63,236.69,229.63,0.0,0.736683966129473,0.5384615384615384,0.37459625450876644,0.466946694669467,0.449314263322884,0.0,high,0.8745
320957634,0,0.9955,9,0.16525182807125996,0.1025,396.43,396.43,419.21,0.0,0.9938541382136029,0.46153846153846156,0.2744135824820915,0.1024102410241024,0.7761167711598747,0.0,medium,0.9332
256680662,0,0.8015,8,0.16525182807125996,0.1025,397.85,397.85,421.1,0.0,0.7288992078667033,0.38461538461538464,0.2744135824820915,0.1024102410241024,0.7788989028213167,0.0,high,0.9961
"[1336421651, 491926910]",0,0.7513,11,0.28816530635604914,0.1025,360.24,360.24,376.19,0.0,0.6603387052717837,0.6153846153846154,0.47852102675639213,0.1024102410241024,0.7052115987460815,0.0,high,1.0
23069078,0,0.6394,14,0.301558405169082,0.5905,257.54,269.02,257.54,0.0,0.507511608850041,0.8461538461538461,0.5007613148662731,0.5904590459045905,0.5039968652037617,0.0,high,1.0
23069078,0,0.4114,14,0.579686424131209,0.2222,275.56,285.11,275.56,0.0,0.19612127833925158,0.8461538461538461,0.9626146439202528,0.22212221222122214,0.5393025078369906,0.0,high,1.0
186295855,0,0.454,12,0.5869434061952518,0.467,203.85,214.35,203.85,0.0,0.2543021032504781,0.6923076923076923,0.9746654302368215,0.466946694669467,0.3988048589341693,0.0,high,1.0
186295855,0,0.5805,12,0.4493283400261333,0.2222,330.57,341.43,330.57,0.0,0.42706910680142046,0.6923076923076923,0.7461448494072942,0.22212221222122214,0.6470807210031347,0.0,high,1.0
28920534,0,0.4489,8,0.40277279671887484,0.467,159.02,168.83,159.02,0.0,0.24733679322589464,0.38461538461538464,0.6688357284398667,0.466946694669467,0.3109717868338558,0.0,high,1.0
186295855,0,0.454,12,0.5869434061952518,0.467,203.85,214.35,203.85,0.0,0.2543021032504781,0.6923076923076923,0.9746654302368215,0.466946694669467,0.3988048589341693,0.0,high,1.0
23069078,0,0.6394,14,0.301558405169082,0.5905,257.54,269.02,257.54,0.0,0.507511608850041,0.8461538461538461,0.5007613148662731,0.5904590459045905,0.5039968652037617,0.0,high,1.0
186292103,0,0.8185,10,0.1351806282654824,0.2532,188.74,195.41,188.74,0.0,0.7521169079486479,0.5384615384615384,0.2244780032090196,0.2531253125312531,0.36920062695924766,0.0,medium,1.0
346791980,0,0.8482,9,0.09524191509129226,0.974,229.0,283.76,229.0,0.0,0.7926795957388693,0.46153846153846156,0.15815664620779077,0.973997399739974,0.44807993730407525,0.0,medium,0.5494
28920534,0,0.5967,8,0.3023763420664329,0.467,153.12,163.56,153.12,0.0,0.4491942092324502,0.38461538461538464,0.5021195630586245,0.466946694669467,0.29941222570532916,0.0,high,0.999
186292103,0,0.8185,10,0.1351806282654824,0.2532,188.74,195.41,188.74,0.0,0.7521169079486479,0.5384615384615384,0.2244780032090196,0.2531253125312531,0.36920062695924766,0.0,medium,1.0
23069089,0,0.9193,12,0.017674936370132566,0.3026,72.93,80.99,72.93,0.0,0.8897842119639443,0.6923076923076923,0.029350611200202815,0.3025302530253025,0.14230015673981194,0.0,low,0.7284
23069121,0,0.9537,14,0.04652800903382192,0.5,108.5,108.5,110.33,0.0,0.9367659109532914,0.8461538461538461,0.07726339507896733,0.49994999499949994,0.21199059561128528,0.0,medium,1.0
"[881677576, 1336421654]",0,0.7861,13,0.03646017597059749,0.3786,38.48,38.48,41.11,0.0,0.7078667030865884,0.7692307692307693,0.0605449708297258,0.3785378537853785,0.07480407523510972,0.0,medium,0.997
"[477789825, 816555266, 881677580, 29471902, 29471903]",0,0.9877,11,0.00027205385394113115,0.4999,387.19,387.19,391.17,0.0,0.9832013111171811,0.6153846153846154,0.0004517636291035479,0.49984998499849986,0.7580133228840126,0.0,medium,0.9508
23069121,0,0.7731,10,0.1513398566770986,0.0889,340.24,346.2,340.24,0.0,0.690111991259219,0.5384615384615384,0.25131166586803005,0.08880888088808882,0.6660266457680251,0.0,high,0.9693
197690127,0,0.8589,7,0.05282994426721373,1.0,398.42,404.64,398.42,0.0,0.807293089319858,0.3076923076923077,0.08772825143499276,1.0,0.7800156739811913,0.0,high,0.9999
23069185,0,0.9963,8,0.17100482993267518,0.1378,167.63,182.35,167.63,0.0,0.9949467358645179,0.38461538461538464,0.2839668920395518,0.13771377137713772,0.32784090909090907,0.0,medium,0.9999
"[884312386, 23069141]",0,0.7649,10,0.23202806911321994,0.1378,183.14,186.58,183.14,0.0,0.6789128653373396,0.5384615384615384,0.385300753584187,0.13771377137713772,0.3582288401253918,0.0,medium,0.992
23069185,0,0.6774,8,0.29996059112379575,0.1378,137.48,152.64,137.48,0.0,0.5594099972685059,0.38461538461538464,0.4981080196722885,0.13771377137713772,0.268769592476489,0.0,medium,0.9721
"[884312388, 23069150]",0,0.7107,12,0.19753973306156414,0.2193,141.51,157.28,141.51,0.0,0.6048893744878449,0.6923076923076923,0.32803017409194735,0.21922192219221923,0.27666536050156737,0.0,medium,0.9797
"[884312388, 23069150]",0,0.7107,12,0.19753973306156414,0.2193,141.51,157.28,141.51,0.0,0.6048893744878449,0.6923076923076923,0.32803017409194735,0.21922192219221923,0.27666536050156737,0.0,medium,0.9797
23069150,0,0.8049,13,0.039361937955554795,0.877,181.11,193.49,181.11,0.0,0.7335427478830919,0.7692307692307693,0.0653635735648113,0.876987698769877,0.35425156739811914,0.0,medium,0.8468
23069152,0,0.8053,12,0.24080701014993783,0.2193,96.95,109.28,96.95,0.0,0.7340890467085497,0.6923076923076923,0.3998788718137238,0.21922192219221923,0.1893612852664577,0.0,medium,1.0
23069152,0,0.8059,14,0.27376225241170077,0.0968,219.07,234.17,219.07,0.0,0.7349084949467359,0.8461538461538461,0.4546036291581042,0.0967096709670967,0.4286246081504702,0.0,high,0.9426
197690129,0,1.0,11,0.0020069124806931732,0.5,25.72,48.86,25.72,0.0,1.0,0.6153846153846154,0.0033326320694477534,0.49994999499949994,0.04980407523510972,0.0,low,1.0
"[30667395, 881677573]",0,0.8142,10,0.10693935951068997,0.1484,5.11,20.55,5.11,0.0,0.7462441955749796,0.5384615384615384,0.1775811675727468,0.14831483148314833,0.009423981191222572,0.0,low,0.9903
"[344727432, 881677578]",0,0.895,9,0.035637670934656966,0.0364,19.54,21.95,19.54,0.0,0.8565965583173997,0.46153846153846156,0.059179136885952874,0.0363036303630363,0.03769592476489028,0.0,low,1.0
23069152,0,0.8053,12,0.24080701014993786,0.2193,96.95,109.28,96.95,0.0,0.7340890467085497,0.6923076923076923,0.39987887181372384,0.21922192219221923,0.1893612852664577,0.0,medium,1.0
30667395,0,1.0,7,0.24080701014993783,0.2193,81.59,81.59,85.31,0.0,1.0,0.3076923076923077,0.3998788718137238,0.21922192219221923,0.15926724137931036,0.0,medium,0.7768
23069121,0,0.7731,10,0.1513398566770986,0.0889,340.24,346.2,340.24,0.0,0.690111991259219,0.5384615384615384,0.25131166586803005,0.08880888088808882,0.6660266457680251,0.0,high,0.9693
23069121,0,0.7755,12,0.08949978414442389,0.5,255.62,260.3,255.62,0.0,0.6933897842119641,0.6923076923076923,0.14862138865419577,0.49994999499949994,0.5002351097178683,0.0,high,0.8403
23069154,0,0.7846,12,0.17701125677925883,0.0889,291.16,301.83,291.16,0.0,0.7058180824911225,0.6923076923076923,0.29394103360632284,0.08880888088808882,0.5698667711598746,0.0,high,0.9211
23069185,0,0.6778,8,0.20013620358115045,0.1378,159.92,175.26,159.92,0.0,0.5599562960939634,0.38461538461538464,0.33234181647064903,0.13771377137713772,0.31273510971786833,0.0,medium,0.9989
"[23069154, 884312387]",0,0.8248,10,0.1711423144876875,0.1378,225.98,241.44,225.98,0.0,0.7607211144496039,0.5384615384615384,0.2841951958963976,0.13771377137713772,0.4421630094043887,0.0,medium,0.9992
23069185,0,0.6326,8,0.17100482993267518,0.1378,147.32,161.67,147.32,0.0,0.49822452881726315,0.38461538461538464,0.2839668920395518,0.13771377137713772,0.28804858934169275,0.0,medium,0.9993
"[884312385, 23069155]",0,0.6408,8,0.2764358704004353,0.5,87.56,100.32,87.56,0.0,0.5094236547391424,0.38461538461538464,0.45904338094335606,0.49994999499949994,0.17096394984326022,0.0,medium,0.8488
30667395,0,1.0,7,2.3430396076245014e-05,0.5,54.67,59.38,54.67,0.0,1.0,0.3076923076923077,3.8904931427907566e-05,0.49994999499949994,0.10652429467084641,0.0,low,1.0
"[884312385, 23069155]",0,0.6408,8,0.2764358704004352,0.5,87.56,100.32,87.56,0.0,0.5094236547391424,0.38461538461538464,0.4590433809433559,0.49994999499949994,0.17096394984326022,0.0,medium,0.8488
"[23069154, 884312387]",0,0.8248,10,0.17114231448768752,0.1378,225.98,241.44,225.98,0.0,0.7607211144496039,0.5384615384615384,0.28419519589639763,0.13771377137713772,0.4421630094043887,0.0,medium,0.9992
23069154,0,0.7846,12,0.1770112567792588,0.0889,291.16,301.83,291.16,0.0,0.7058180824911225,0.6923076923076923,0.29394103360632284,0.08880888088808882,0.5698667711598746,0.0,high,0.9211
23069191,0,0.7954,12,0.0699453047056988,0.0889,279.31,295.13,279.31,0.0,0.7205681507784759,0.6923076923076923,0.11614964610774423,0.08880888088808882,0.5466496865203762,0.0,medium,0.9902
23069152,0,0.8059,14,0.27376225241170077,0.0968,219.07,234.17,219.07,0.0,0.7349084949467359,0.8461538461538461,0.4546036291581042,0.0967096709670967,0.4286246081504702,0.0,high,0.9426
23069152,0,0.7978,10,0.3005019607755756,1.0,347.19,362.69,347.19,0.0,0.723845943731221,0.5384615384615384,0.49900700632187656,1.0,0.6796434169278996,0.0,high,1.0
23069191,0,0.7954,12,0.06994530470569879,0.0889,279.31,295.13,279.31,0.0,0.7205681507784759,0.6923076923076923,0.1161496461077442,0.08880888088808882,0.5466496865203762,0.0,medium,0.9902
335717527,0,0.9119,6,0.12940578450419105,0.5,33.99,33.99,43.7,0.0,0.8796776836929803,0.23076923076923078,0.2148884234684678,0.49994999499949994,0.06600705329153607,0.0,low,0.989
23069193,0,0.8574,8,0.0017022871168975357,0.1484,44.89,44.89,46.07,0.0,0.8052444687243925,0.38461538461538464,0.002826777826828447,0.14831483148314833,0.08736285266457681,0.0,low,1.0
23069196,0,0.6501,11,0.2298596082060018,0.4104,92.51,106.15,92.51,0.0,0.5221251024310298,0.6153846153846154,0.3816998546432626,0.41034103410341033,0.18066222570532917,0.0,medium,0.861
30667395,0,0.8137,8,0.12940578450419105,0.5,64.0,64.0,73.32,0.0,0.7455613220431577,0.38461538461538464,0.2148884234684678,0.49994999499949994,0.12480407523510972,0.0,medium,0.9997
23069141,0,0.6129,10,0.34197895657996025,0.4104,105.0,105.0,116.2,0.0,0.47131931166347996,0.5384615384615384,0.5678828019461266,0.41034103410341033,0.20513322884012541,0.0,high,0.9963
"[884312386, 23069141]",0,0.7649,10,0.23202806911321996,0.1378,183.14,186.58,183.14,0.0,0.6789128653373396,0.5384615384615384,0.385300753584187,0.13771377137713772,0.3582288401253918,0.0,medium,0.992
23069196,0,0.6501,11,0.2298596082060018,0.4104,92.51,106.15,92.51,0.0,0.5221251024310298,0.6153846153846154,0.3816998546432626,0.41034103410341033,0.18066222570532917,0.0,medium,0.861
"[1336177828, 859443347, 23069228]",0,0.9999,5,0.08909413201654849,1.0,156.62,165.98,156.62,0.0,0.9998634252936356,0.15384615384615385,0.147947771568092,1.0,0.30626959247648905,0.0,medium,1.0
"[241913961, 241913962, 371661565]",0,1.0,4,0.08909413201654849,1.0,203.84,205.93,203.84,0.0,1.0,0.07692307692307693,0.147947771568092,1.0,0.39878526645768025,0.0,medium,1.0
740849897,0,1.0,6,0.08909413201654849,1.0,129.01,131.51,129.01,0.0,1.0,0.23076923076923078,0.147947771568092,1.0,0.2521747648902821,0.0,medium,1.0
335717524,0,1.0,7,0.0252144646448077,1.0,105.27,106.54,105.27,0.0,1.0,0.3076923076923077,0.041870587598659414,1.0,0.20566222570532916,0.0,medium,0.9856
335717521,0,1.0,6,0.0252144646448077,1.0,136.73,136.73,138.5,0.0,1.0,0.23076923076923078,0.041870587598659414,1.0,0.2673001567398119,0.0,medium,0.9991
1467315894,0,0.8831,10,0.011301756646445338,1.0,68.06,72.12,68.06,0.0,0.8403441682600382,0.5384615384615384,0.018767447795709272,1.0,0.1327586206896552,0.0,medium,0.9999
23069970,0,0.6247,9,0.1262825085651196,1.0,91.22,95.7,91.22,0.0,0.487435127014477,0.46153846153846156,0.2097019794870336,1.0,0.17813479623824452,0.0,high,0.6415
1467315893,0,0.8905,9,0.0006861080263730789,1.0,68.52,68.52,119.35,0.0,0.8504506965310026,0.46153846153846156,0.0011393329673528739,1.0,0.1336598746081505,0.0,medium,0.9988
23069970,0,0.8385,7,0.08206112384725536,1.0,101.47,110.6,101.47,0.0,0.7794318492215242,0.3076923076923077,0.13626891142169953,1.0,0.19821708463949844,0.0,medium,1.0
319752324,0,0.7451,6,0.08909413201654849,1.0,138.77,145.64,138.77,0.0,0.6518710734771921,0.23076923076923078,0.147947771568092,1.0,0.2712970219435737,0.0,medium,0.9988
319752324,0,0.7451,6,0.08909413201654849,1.0,138.77,145.64,138.77,0.0,0.6518710734771921,0.23076923076923078,0.147947771568092,1.0,0.2712970219435737,0.0,medium,0.9988
23077037,0,0.8658,6,0.09552128665300114,0.2681,307.31,343.22,307.31,0.0,0.8167167440590004,0.23076923076923078,0.15862056453683845,0.268026802680268,0.6015086206896552,0.0,medium,0.9999
620113821,0,0.7779,6,0.15318612674137524,0.2681,332.59,345.78,332.59,0.0,0.6966675771647092,0.23076923076923078,0.2543775417143431,0.268026802680268,0.6510384012539184,0.0,high,0.6175
23077059,0,0.5874,6,0.3264164477325184,0.2609,262.45,276.78,262.45,0.0,0.43649276154056277,0.23076923076923078,0.5420400387953856,0.26082608260826085,0.5136167711598746,0.0,high,1.0
620113821,0,0.8095,6,0.1870053939345734,0.2609,248.18,248.18,256.92,0.0,0.7398251843758538,0.23076923076923078,0.3105370800364118,0.26082608260826085,0.48565830721003134,0.0,medium,0.9988
23077037,0,0.6108,6,0.3444624287043417,0.2609,197.55,215.69,197.55,0.0,0.468451242829828,0.23076923076923078,0.5720068016515087,0.26082608260826085,0.38646159874608155,0.0,high,0.9986
23077061,0,0.805,6,0.1407190868514671,0.2609,183.58,183.58,196.09,0.0,0.7336793225894567,0.23076923076923078,0.23367504687729146,0.26082608260826085,0.3590909090909091,0.0,medium,1.0
620113821,0,1.0,7,0.1407190868514671,0.1111,191.43,191.43,221.49,0.0,1.0,0.3076923076923077,0.23367504687729146,0.111011101110111,0.37447100313479625,0.0,medium,0.9996
355350992,0,0.5342,6,0.13794547171631824,0.4185,210.17,220.45,210.17,0.0,0.3638350177547119,0.23076923076923078,0.22906924200921938,0.41844184418441843,0.41118730407523507,0.0,high,0.9565
4334267,0,0.6697,12,0.19217801963135672,0.1125,301.36,311.73,301.36,0.0,0.5488937448784486,0.6923076923076923,0.319126629578829,0.11241124112411241,0.5898510971786834,0.0,high,1.0
4334267,0,0.6563,9,0.18832980154834753,0.4236,355.28,365.61,355.28,0.0,0.5305927342256215,0.46153846153846156,0.3127363624665984,0.4235423542354235,0.6954937304075235,0.0,high,1.0
23100788,0,0.56,8,0.31551574419244444,0.4432,319.65,329.78,319.65,0.0,0.3990712919967223,0.38461538461538464,0.5239385679770169,0.44314431443144314,0.6256857366771159,0.0,high,1.0
23100791,0,0.8572,12,0.06565068935189976,0.5,48.17,48.17,52.12,0.0,0.8049713193116634,0.6923076923076923,0.10901810141275066,0.49994999499949994,0.09378918495297807,0.0,medium,0.997
23100801,0,0.7435,14,0.12284483476916477,0.5,152.92,152.92,161.65,0.0,0.649685878175362,0.8461538461538461,0.2039934532738599,0.49994999499949994,0.29902037617554855,0.0,medium,0.817
"[23100792, 70663057]",0,0.9453,14,0.026611359568714934,0.5,215.61,215.61,221.03,0.0,0.9252936356186835,0.8461538461538461,0.044190240876860826,0.49994999499949994,0.4218456112852665,0.0,medium,1.0
1333795003,0,1.0,11,0.060700689544868854,0.3735,127.76,127.9,127.76,0.0,1.0,0.6153846153846154,0.10079823957277873,0.37343734373437343,0.24972570532915364,0.0,medium,0.9915
"[70662637, 1413828405]",0,0.772,14,0.04105945569981799,0.5,42.07,42.07,42.59,0.0,0.6886096694892107,0.8461538461538461,0.0681824345491946,0.49994999499949994,0.08183777429467086,0.0,medium,1.0
1413828406,0,0.827,9,0.00303795025719829,0.1067,136.39,136.39,140.35,0.0,0.7637257579896203,0.46153846153846156,0.005044750939154816,0.10661066106610662,0.2666340125391849,0.0,medium,0.9723
23100791,0,0.8468,10,0.016851523085190605,0.5,87.85,92.61,87.85,0.0,0.7907675498497678,0.5384615384615384,0.027983269037925005,0.49994999499949994,0.17153213166144202,0.0,medium,0.9955
23100791,0,0.8572,12,0.06565068935189976,0.5,48.17,48.17,52.12,0.0,0.8049713193116634,0.6923076923076923,0.10901810141275066,0.49994999499949994,0.09378918495297807,0.0,medium,0.997
23100793,0,0.7085,8,0.07851547020494912,0.5,71.04,71.04,77.26,0.0,0.6018847309478286,0.38461538461538464,0.13038107622809936,0.49994999499949994,0.1385971786833856,0.0,medium,1.0
23100792,0,0.7408,16,0.04447175385922847,0.5,107.96,107.96,116.52,0.0,0.6459983611035237,1.0,0.07384882253315066,0.49994999499949994,0.21093260188087776,0.0,medium,0.9989
"[1413828405, 70662637]",0,0.772,14,0.04105945569981799,0.5,42.07,42.07,42.59,0.0,0.6886096694892107,0.8461538461538461,0.0681824345491946,0.49994999499949994,0.08183777429467086,0.0,medium,1.0
70662854,0,0.8121,14,0.13241452981224924,0.5,67.99,75.3,67.99,0.0,0.7433761267413276,0.8461538461538461,0.21988468037917996,0.49994999499949994,0.13262147335423197,0.0,medium,1.0
398415915,0,0.7744,10,0.039963071743630965,0.5,47.11,47.11,53.5,0.0,0.6918874624419556,0.5384615384615384,0.06636180323712496,0.49994999499949994,0.09171238244514107,0.0,medium,0.995
23100798,0,0.851,12,0.1018870071877601,0.5,230.1,235.65,230.1,0.0,0.7965036875170718,0.6923076923076923,0.16919134137470196,0.49994999499949994,0.45023510971786834,0.0,medium,0.9713
70662890,0,0.8677,12,0.016592767550302867,0.5,5.13,5.13,8.67,0.0,0.8193116634799237,0.6923076923076923,0.027553585233880372,0.49994999499949994,0.009463166144200627,0.0,low,0.9828
70662854,0,0.8121,14,0.13241452981224922,0.5,67.99,75.3,67.99,0.0,0.7433761267413276,0.8461538461538461,0.21988468037917994,0.49994999499949994,0.13262147335423197,0.0,medium,1.0
23100798,0,0.851,12,0.1018870071877601,0.5,230.1,235.65,230.1,0.0,0.7965036875170718,0.6923076923076923,0.16919134137470196,0.49994999499949994,0.45023510971786834,0.0,medium,0.9713
70662890,0,0.8677,12,0.01659276755030287,0.5,5.13,5.13,8.67,0.0,0.8193116634799237,0.6923076923076923,0.02755358523388038,0.49994999499949994,0.009463166144200627,0.0,low,0.9828
"[23100801, 912175885]",0,0.9107,14,0.05052039673237732,0.5,6.8,6.8,13.06,0.0,0.8780387872166076,0.8461538461538461,0.08389306711392708,0.49994999499949994,0.012735109717868339,0.0,low,0.6675
23100792,0,0.7408,16,0.04447175385922847,0.5,107.96,107.96,116.52,0.0,0.6459983611035237,1.0,0.07384882253315066,0.49994999499949994,0.21093260188087776,0.0,medium,0.9989
"[23100792, 70663057]",0,0.9453,14,0.026611359568714934,0.5,215.61,215.61,221.03,0.0,0.9252936356186835,0.8461538461538461,0.044190240876860826,0.49994999499949994,0.4218456112852665,0.0,medium,1.0
23100801,0,0.7435,14,0.12284483476916477,0.5,152.92,152.92,161.65,0.0,0.649685878175362,0.8461538461538461,0.2039934532738599,0.49994999499949994,0.29902037617554855,0.0,medium,0.817
"[23100801, 912175885]",0,0.9107,14,0.0505203967323773,0.5,6.8,6.8,13.06,0.0,0.8780387872166076,0.8461538461538461,0.08389306711392704,0.49994999499949994,0.012735109717868339,0.0,low,0.6675
23101206,0,0.835,7,0.14690354649173734,0.256,286.74,286.74,298.85,0.0,0.7746517344987708,0.3076923076923077,0.24394482582267607,0.25592559255925595,0.5612068965517242,0.0,medium,0.9959
200517359,0,1.0,7,0.4516010925385492,0.256,262.4,270.32,262.4,0.0,1.0,0.3076923076923077,0.7499189327157365,0.25592559255925595,0.5135188087774294,0.0,high,0.5627
"[1333868516, 1316171549]",0,0.5074,10,0.4181662902451659,0.2935,172.01,172.01,180.85,0.0,0.3272329964490576,0.5384615384615384,0.6943978284304344,0.2934293429342934,0.33642241379310345,0.0,high,1.0
1316171550,0,0.6198,9,0.2519455626107444,0.2948,159.11,159.11,180.84,0.0,0.4807429664026223,0.46153846153846156,0.4183753093681381,0.29472947294729473,0.3111481191222571,0.0,high,0.906
"[23101560, 28680860, 371655511]",0,0.9712,5,0.0009045226275691699,0.5,232.8,247.11,232.8,0.0,0.9606664845670583,0.15384615384615385,0.0015020274957676767,0.49994999499949994,0.45552507836990597,0.0,medium,0.9999
357480556,0,1.0,6,0.0009045226275691699,0.5,316.11,323.92,316.11,0.0,1.0,0.23076923076923078,0.0015020274957676767,0.49994999499949994,0.61875,0.0,medium,1.0
"[246700312, 246700313, 388314432]",0,1.0,5,0.03239853624320324,0.2849,86.7,91.3,86.7,0.0,1.0,0.15384615384615385,0.0538003003843854,0.2848284828482848,0.16927899686520378,0.0,low,1.0
23101589,0,0.5708,8,0.326373600650428,0.171,97.65,97.65,106.88,0.0,0.4138213602840754,0.38461538461538464,0.5419688878643232,0.17091709170917094,0.19073275862068967,0.0,medium,0.5041
23101596,0,0.4522,6,0.2795728389160741,0.1707,92.21,93.47,92.21,0.0,0.25184375853591917,0.23076923076923078,0.46425256251913455,0.1706170617061706,0.1800744514106583,0.0,high,0.5718
176353858,0,0.5846,10,0.09189221322988285,0.2747,76.25,76.25,77.94,0.0,0.43266866976236007,0.5384615384615384,0.1525942042725864,0.27462746274627464,0.14880485893416928,0.0,medium,1.0
176353858,0,0.5874,10,0.0731305374539428,0.283,121.3,121.3,121.8,0.0,0.43649276154056277,0.5384615384615384,0.12143897421671324,0.2829282928292829,0.23706896551724138,0.0,medium,0.9995
23101579,0,0.6309,9,0.29052735885846515,0.2747,116.62,117.8,116.62,0.0,0.49590275880906864,0.46153846153846156,0.48244339968275907,0.27462746274627464,0.2278996865203762,0.0,medium,0.5646
35362851,0,0.5617,7,0.4153002765597341,0.2747,84.69,89.94,84.69,0.0,0.4013930620049167,0.3076923076923077,0.6896385885427366,0.27462746274627464,0.1653409090909091,0.0,high,0.9861
35362852,0,0.5663,7,0.4132892408674683,0.283,128.3,131.13,128.3,0.0,0.4076754984976783,0.3076923076923077,0.6862991064841317,0.2829282928292829,0.25078369905956116,0.0,high,0.9996
23101579,0,0.4747,7,0.4094428542212814,0.2747,146.0,150.46,146.0,0.0,0.282573067467905,0.3076923076923077,0.679911880615989,0.27462746274627464,0.28546238244514105,0.0,high,1.0
553858897,0,0.5392,10,0.1930437678296916,0.0009,41.88,41.88,57.55,0.0,0.370663753072931,0.5384615384615384,0.32056427217598815,0.0008000800080008,0.08146551724137932,0.0,medium,1.0
1333714338,0,0.5834,9,0.200326657052697,0.0468,25.28,25.28,47.27,0.0,0.4310297732859875,0.46153846153846156,0.3326580793563227,0.046704670467046704,0.048942006269592477,0.0,medium,1.0
23101581,0,0.6294,8,0.29078720573982636,0.0009,22.38,22.38,94.48,0.0,0.49385413821360286,0.38461538461538464,0.4828748957529817,0.0008000800080008,0.04326018808777429,0.0,medium,1.0
23101582,0,0.498,6,0.42273676581407466,0.0065,116.33,118.86,116.33,0.0,0.31439497405080585,0.23076923076923078,0.7019874605888106,0.0064006400640064,0.22733150470219438,0.0,high,0.9936
23101587,0,0.7048,7,0.2934766263080483,0.171,64.83,64.83,73.02,0.0,0.5968314668123463,0.3076923076923077,0.4873408889574589,0.17091709170917094,0.12643025078369907,0.0,medium,1.0
23101587,0,0.7048,7,0.29347662630804827,0.171,64.83,64.83,73.02,0.0,0.5968314668123463,0.3076923076923077,0.4873408889574588,0.17091709170917094,0.12643025078369907,0.0,medium,1.0
23101589,0,0.6138,10,0.30486334307530366,0.0065,65.1,65.1,69.63,0.0,0.47254848402075944,0.5384615384615384,0.5062494227527101,0.0064006400640064,0.12695924764890282,0.0,medium,0.9977
75031243,0,0.5414,8,0.46720273386701794,0.0065,111.03,111.03,115.98,0.0,0.3736683966129473,0.38461538461538464,0.7758266784119392,0.0064006400640064,0.21694749216300943,0.0,high,0.9993
23101596,0,0.6247,8,0.24689789350361813,0.0009,25.91,25.91,44.71,0.0,0.487435127014477,0.38461538461538464,0.40999326001622916,0.0008000800080008,0.05017633228840126,0.0,medium,1.0
205692282,0,0.5488,6,0.4331387448272634,0.0009,67.55,67.55,88.33,0.0,0.38377492488391146,0.23076923076923078,0.7192607603229342,0.0008000800080008,0.13175940438871475,0.0,medium,0.7613
553858897,0,0.5392,10,0.1930437678296916,0.0009,41.88,41.88,57.55,0.0,0.370663753072931,0.5384615384615384,0.32056427217598815,0.0008000800080008,0.08146551724137932,0.0,medium,1.0
"[1333714336, 1333714337, 1318166252, 1328517101, 553858897]",0,0.4576,9,0.18288826163527844,0.0009,11.68,11.68,19.67,0.0,0.2592187926795958,0.46153846153846156,0.3037002598351217,0.0008000800080008,0.022296238244514106,0.0,medium,1.0
23101581,0,0.4963,6,0.45400331314749903,0.0065,75.51,75.51,124.22,0.0,0.31207320404261135,0.23076923076923078,0.7539080079247201,0.0064006400640064,0.1473550156739812,0.0,high,0.9611
23101600,0,0.4837,7,0.508347218201115,0.1388,113.84,116.95,113.84,0.0,0.29486479104069935,0.3076923076923077,0.8441503127326497,0.13871387138713873,0.22245297805642636,0.0,high,1.0
23101601,0,0.3881,7,0.310997927297331,0.3031,131.25,138.5,131.25,0.0,0.16429937175635076,0.3076923076923077,0.5164363796651352,0.30303030303030304,0.2565634796238244,0.0,high,1.0
"[859637136, 362268348, 23202900, 362268349]",0,0.3699,10,0.4354679715800557,0.1388,151.52,160.3,151.52,0.0,0.13944277519803336,0.5384615384615384,0.7231286235246104,0.13871387138713873,0.29627742946708463,0.0,high,1.0
196347193,0,0.6058,6,0.25444699006783744,0.0355,188.34,197.14,188.34,0.0,0.4616225075116089,0.23076923076923078,0.42252912530785025,0.035403540354035395,0.3684169278996865,0.0,medium,0.8943
556468630,0,0.5218,7,0.48569300854093345,0.0355,134.42,140.19,134.42,0.0,0.34689975416552865,0.3076923076923077,0.8065312257104739,0.035403540354035395,0.26277429467084634,0.0,high,1.0
23101605,0,0.5361,6,0.41803016442799906,0.0096,112.94,116.33,112.94,0.0,0.36642993717563516,0.23076923076923078,0.6941717808640536,0.009500950095009501,0.22068965517241382,0.0,high,0.9388
196347193,0,0.4838,7,0.4396216324772766,0.0096,141.09,145.09,141.09,0.0,0.2950013657470637,0.3076923076923077,0.7300261023198125,0.009500950095009501,0.2758424764890282,0.0,high,1.0
196347193,0,0.4503,8,0.46061087066184886,0.0054,161.61,166.2,161.61,0.0,0.2492488391149959,0.38461538461538464,0.7648803739822861,0.0053005300530053,0.3160462382445141,0.0,high,1.0
334684997,0,0.4947,9,0.4594040201979938,0.0025,171.86,174.61,171.86,0.0,0.3098880087407812,0.46153846153846156,0.7628763043941814,0.0024002400240024004,0.33612852664576803,0.0,high,1.0
4351337,0,0.5162,6,0.10899764116575351,0.1008,32.13,32.13,82.4,0.0,0.3392515706091232,0.23076923076923078,0.18099910524788365,0.10071007100710071,0.06236285266457681,0.0,medium,0.9998
196347193,0,0.7099,7,0.22162248308925528,0.0725,179.56,185.22,179.56,0.0,0.6037967768369298,0.3076923076923077,0.36802146412655035,0.0724072407240724,0.35121473354231975,0.0,medium,0.9996
23101619,0,0.5145,8,0.47978596442860333,0.0184,162.8,166.39,162.8,0.0,0.3369298006009287,0.38461538461538464,0.7967221169470743,0.018301830183018303,0.31837774294670845,0.0,high,1.0
23101619,0,0.6024,8,0.2436548321084978,0.0025,92.42,97.67,92.42,0.0,0.45697896749522,0.38461538461538464,0.4046079029160992,0.0024002400240024004,0.18048589341692792,0.0,medium,0.9999
1465574040,0,0.6812,8,0.059916832252696,0.0139,23.25,23.25,23.73,0.0,0.5645998361103525,0.38461538461538464,0.09949658323033532,0.0138013801380138,0.04496473354231975,0.0,low,0.973
23101619,0,0.601,7,0.4346882042476341,0.1829,79.0,79.0,86.84,0.0,0.45506692160611856,0.3076923076923077,0.721833758880227,0.18281828182818283,0.15419278996865204,0.0,high,0.813
149531054,0,0.6934,7,0.30747501829995494,0.0184,77.74,77.74,86.19,0.0,0.5812619502868069,0.3076923076923077,0.5105863137333964,0.018301830183018303,0.15172413793103448,0.0,medium,1.0
23578201,0,0.708,6,0.17698842146391322,0.0184,136.4,136.4,145.74,0.0,0.6012018574160065,0.23076923076923078,0.293903113779145,0.018301830183018303,0.266653605015674,0.0,medium,1.0
"[1300235232, 23571340, 1300235231]",0,0.7434,6,0.12039516740129216,0.0184,144.48,150.84,144.48,0.0,0.6495493034689975,0.23076923076923078,0.1999255890106735,0.018301830183018303,0.28248432601880874,0.0,medium,1.0
23578201,0,0.6534,7,0.27243203614132244,0.1829,62.21,62.21,70.53,0.0,0.5266320677410544,0.3076923076923077,0.45239470099930673,0.18281828182818283,0.12129702194357368,0.0,medium,1.0
23101641,0,0.7566,8,0.11560681249321728,0.1829,59.38,61.27,59.38,0.0,0.667577164709096,0.38461538461538464,0.19197415116834846,0.18281828182818283,0.1157523510971787,0.0,medium,0.9836
23571343,0,0.7159,7,0.15351689757958978,0.0942,76.84,84.39,76.84,0.0,0.6119912592187927,0.3076923076923077,0.254926812562183,0.09410941094109411,0.14996081504702197,0.0,medium,0.9997
23571343,0,0.5971,6,0.15629202549628635,0.0184,205.55,205.55,211.59,0.0,0.44974050805790766,0.23076923076923078,0.2595351295223361,0.018301830183018303,0.4021355799373041,0.0,medium,0.9962
23578206,0,0.8226,8,0.09395979291464018,0.0095,96.86,99.69,96.86,0.0,0.7577164709095875,0.38461538461538464,0.156027582053268,0.009400940094009401,0.18918495297805643,0.0,medium,0.742
196347193,0,0.3747,6,0.5404355857285583,0.0725,226.13,230.82,226.13,0.0,0.14599836110352363,0.23076923076923078,0.8974355567787572,0.0724072407240724,0.4424568965517241,0.0,high,1.0
23101654,0,0.6119,7,0.40290486486759425,0.0725,117.94,122.35,117.94,0.0,0.46995356459983617,0.3076923076923077,0.6690550379304231,0.0724072407240724,0.2304858934169279,0.0,high,0.7242
556468624,0,0.7133,7,0.023237697650652825,0.0139,77.33,77.33,78.02,0.0,0.6084403168533189,0.3076923076923077,0.0385880113935674,0.0138013801380138,0.15092084639498435,0.0,low,0.8712
556468625,0,0.5197,8,0.17468527136199558,0.0955,134.66,134.75,134.66,0.0,0.34403168533187667,0.38461538461538464,0.2900785528958112,0.0954095409540954,0.26324451410658306,0.0,medium,0.967
1257741438,0,0.6133,7,0.17153069755299385,0.6458,152.65,152.65,158.47,0.0,0.47186561048893744,0.3076923076923077,0.28484013635341915,0.6457645764576458,0.2984913793103448,0.0,high,0.6944
23101659,0,0.3888,6,0.48272148095052886,0.0254,122.58,129.04,122.58,0.0,0.1652553947009014,0.23076923076923078,0.8015967717308804,0.025302530253025302,0.239576802507837,0.0,high,1.0
196347193,0,0.5864,8,0.23218158844559528,0.3293,176.51,176.51,178.25,0.0,0.435127014476919,0.38461538461538464,0.38555568444299176,0.3292329232923292,0.3452390282131661,0.0,high,0.9745
23101660,0,0.6252,7,0.040656298691555084,0.1317,5.91,5.91,9.82,0.0,0.48811800054629884,0.3076923076923077,0.06751296080436121,0.13161316131613163,0.010991379310344829,0.0,low,0.9751
4473250,0,0.6128,7,0.18477220312077172,0.1317,47.1,47.18,47.1,0.0,0.4711827369571156,0.3076923076923077,0.306828692022806,0.13161316131613163,0.09169278996865204,0.0,medium,1.0
4351337,0,0.5956,6,0.20676189373267426,0.3055,24.55,31.2,24.55,0.0,0.44769188746244204,0.23076923076923078,0.34334429319047255,0.30543054305430545,0.04751175548589342,0.0,medium,1.0
23101666,0,0.5241,7,0.42023681007898406,0.0813,121.26,122.35,121.26,0.0,0.35004097241190935,0.3076923076923077,0.697836088558593,0.0812081208120812,0.2369905956112853,0.0,high,0.9985
669679204,0,0.6907,7,0.22288007782189662,0.2692,182.72,182.72,185.85,0.0,0.5775744332149686,0.3076923076923077,0.37010979854189824,0.26912691269126915,0.35740595611285264,0.0,medium,0.9695
4351337,0,0.6481,7,0.09683309115382022,0.3055,14.45,14.45,25.15,0.0,0.5193936083037423,0.3076923076923077,0.16079891851222053,0.30543054305430545,0.02772335423197492,0.0,medium,0.9606
23101672,0,0.376,6,0.5271468249437854,0.0813,89.7,89.7,125.17,0.0,0.14777383228626062,0.23076923076923078,0.8753685301255199,0.0812081208120812,0.17515673981191224,0.0,high,1.0
154950343,0,1.0,6,0.05782263773209257,0.5,208.41,225.38,208.41,0.0,1.0,0.23076923076923078,0.09601900943307255,0.49994999499949994,0.40773902821316615,0.0,medium,1.0
"[202319709, 28680885]",0,1.0,5,0.05782263773209257,0.5,43.37,60.53,43.37,0.0,1.0,0.15384615384615385,0.09601900943307255,0.49994999499949994,0.08438479623824452,0.0,low,1.0
69408897,0,0.7989,6,0.17772165230248124,0.0746,113.81,115.92,113.81,0.0,0.7253482655012294,0.23076923076923078,0.2951207009356688,0.0745074507450745,0.22239420062695928,0.0,medium,0.9998
"[388314433, 388314428, 23101684]",0,0.9402,6,0.032814809052175674,0.0746,117.8,119.45,117.8,0.0,0.9183283255941002,0.23076923076923078,0.054491553942139136,0.0745074507450745,0.23021159874608152,0.0,low,0.9998
23603744,0,0.6682,9,0.2508611878878097,0.0684,55.06,55.06,68.01,0.0,0.5468451242829828,0.46153846153846156,0.4165746203271768,0.06830683068306831,0.10728840125391852,0.0,medium,1.0
196347193,0,0.6165,6,0.27250761622086966,0.3293,184.29,193.57,184.29,0.0,0.4762360010925978,0.23076923076923078,0.45252020763283224,0.3292329232923292,0.3604819749216301,0.0,high,0.9231
149433863,0,0.7022,7,0.2253308890385041,0.0184,170.43,170.43,179.63,0.0,0.5932805244468725,0.3076923076923077,0.37417956225537413,0.018301830183018303,0.333326802507837,0.0,medium,0.9999
196347193,0,0.6786,6,0.2810979782218208,0.0725,187.24,192.77,187.24,0.0,0.5610488937448784,0.23076923076923078,0.4667851756239153,0.0724072407240724,0.3662617554858934,0.0,medium,0.9773
23571107,0,1.0,6,0.0002888436957673546,0.4465,226.45,236.68,226.45,0.0,1.0,0.23076923076923078,0.000479644474660453,0.4464446444644465,0.44308385579937304,0.0,medium,0.9996
23101690,0,0.9261,6,0.001682031406374438,0.011,236.41,246.59,236.41,0.0,0.8990712919967224,0.23076923076923078,0.002793141635220149,0.010901090109010901,0.46259796238244516,0.0,medium,0.9953
23578153,0,0.8653,7,0.0662843127716319,0.011,258.29,267.89,258.29,0.0,0.8160338705271784,0.3076923076923077,0.1100702826595804,0.010901090109010901,0.5054663009404389,0.0,medium,1.0
23101691,0,0.8225,6,0.001682031406374438,0.4707,230.68,241.5,230.68,0.0,0.7575798962032232,0.23076923076923078,0.002793141635220149,0.47064706470647066,0.451371473354232,0.0,medium,1.0
23101692,0,0.7877,12,0.1366182120403471,0.9991,65.38,65.38,204.73,0.0,0.7100518983884185,0.6923076923076923,0.22686522350668278,0.9990999099909991,0.12750783699059562,0.0,medium,0.9946
70674357,0,0.7371,10,0.09705445957793911,0.1379,18.32,18.32,270.79,0.0,0.6409450969680416,0.5384615384615384,0.16116651809462962,0.13781378137813782,0.03530564263322884,0.0,medium,0.6466
388915735,0,0.883,11,0.011160152652090449,0.6811,108.52,120.87,108.52,0.0,0.8402075935536739,0.6153846153846154,0.018532303287636345,0.6810681068106811,0.21202978056426333,0.0,medium,1.0
23101692,0,0.5802,12,0.3416669131837754,0.0018,108.05,110.32,108.05,0.0,0.42665938268232734,0.6923076923076923,0.5673646294805293,0.0017001700170017002,0.211108934169279,0.0,high,0.9722
23101692,0,0.5665,12,0.3427863035638544,0.1379,131.55,131.55,151.06,0.0,0.407948647910407,0.6923076923076923,0.5692234647589013,0.13781378137813782,0.2571512539184953,0.0,high,0.9998
23101693,0,0.6271,12,0.32698420653067334,0.4786,74.7,79.91,74.7,0.0,0.4907129199672221,0.6923076923076923,0.5429828466865361,0.47854785478547857,0.14576802507836992,0.0,high,0.9936
23101692,0,0.7623,12,0.09799900514511514,0.9991,79.91,79.91,204.83,0.0,0.6753619229718656,0.6923076923076923,0.16273500988582462,0.9990999099909991,0.1559757053291536,0.0,medium,0.9914
23101692,0,0.5665,12,0.3427863035638545,0.1379,131.55,131.55,151.06,0.0,0.407948647910407,0.6923076923076923,0.5692234647589013,0.13781378137813782,0.2571512539184953,0.0,high,0.9998
23101698,0,0.5525,12,0.28795057510741484,0.4786,140.22,140.22,146.09,0.0,0.38882818901939364,0.6923076923076923,0.47816444872299674,0.47854785478547857,0.27413793103448275,0.0,high,1.0
23101692,0,0.7623,12,0.09799900514511514,0.9991,79.91,79.91,204.83,0.0,0.6753619229718656,0.6923076923076923,0.16273500988582462,0.9990999099909991,0.1559757053291536,0.0,medium,0.9914
23101692,0,0.7877,12,0.13661821204034713,0.9991,65.38,65.38,204.73,0.0,0.7100518983884185,0.6923076923076923,0.22686522350668284,0.9990999099909991,0.12750783699059562,0.0,medium,0.9946
23101697,0,0.5154,12,0.48026287001441714,0.4786,106.54,106.54,116.05,0.0,0.3381589729582081,0.6923076923076923,0.7975140559731188,0.47854785478547857,0.20815047021943575,0.0,high,1.0
1190111039,0,0.5717,6,0.10302474413980364,0.2689,209.59,221.51,209.59,0.0,0.41505053264135483,0.23076923076923078,0.17108064257078387,0.2688268826882688,0.41005094043887147,0.0,medium,0.9467
"[23546470, 1184281407]",0,0.629,8,0.16306249031835804,0.2257,106.59,106.59,241.38,0.0,0.4933078393881454,0.38461538461538464,0.270778015906043,0.22562256225622565,0.2082484326018809,0.0,medium,0.9999
23546470,0,0.8126,11,0.08067366761703912,0.0586,192.97,208.54,192.97,0.0,0.7440590002731494,0.6153846153846154,0.13396493183261213,0.0585058505850585,0.37748824451410656,0.0,medium,1.0
32151764,0,1.0,11,0.14551981385951812,0.0586,111.96,111.96,136.52,0.0,1.0,0.6153846153846154,0.24164702955930106,0.0585058505850585,0.21876959247648903,0.0,medium,0.9274
32151764,0,0.7473,12,0.08766728101952413,0.2324,44.83,44.83,59.77,0.0,0.6548757170172084,0.6923076923076923,0.14557837388748857,0.23232323232323232,0.08724529780564264,0.0,medium,0.9997
23546475,0,0.7922,10,0.2237006201111329,0.0586,225.5,225.5,231.83,0.0,0.7161977601748156,0.5384615384615384,0.3714723731912541,0.0585058505850585,0.44122257053291536,0.0,medium,0.984
32151764,0,0.7903,11,0.14551981385951812,0.1084,3.5,3.5,29.97,0.0,0.7136028407538924,0.6153846153846154,0.24164702955930106,0.10831083108310831,0.006269592476489029,0.0,low,0.515
32151764,0,1.0,11,0.14551981385951812,0.0586,111.96,111.96,136.52,0.0,1.0,0.6153846153846154,0.24164702955930106,0.0585058505850585,0.21876959247648903,0.0,medium,0.9274
23546470,0,0.8126,11,0.0806736676170391,0.0586,192.97,208.54,192.97,0.0,0.7440590002731494,0.6153846153846154,0.1339649318326121,0.0585058505850585,0.37748824451410656,0.0,medium,1.0
"[23546470, 1184281407]",0,0.629,8,0.16306249031835804,0.2257,106.59,106.59,241.38,0.0,0.4933078393881454,0.38461538461538464,0.270778015906043,0.22562256225622565,0.2082484326018809,0.0,medium,0.9999
4361651,0,0.7531,9,0.20121508886736064,0.1084,78.69,105.53,78.69,0.0,0.6627970499863426,0.46153846153846156,0.33413338987257724,0.10831083108310831,0.15358542319749216,0.0,medium,1.0
23546513,0,0.5821,11,0.24432320349501452,0.0727,207.52,218.65,207.52,0.0,0.42925430210325044,0.6153846153846154,0.40571778587956,0.0726072607260726,0.40599529780564264,0.0,high,0.999
32151764,0,0.7903,11,0.14551981385951812,0.1084,3.5,3.5,29.97,0.0,0.7136028407538924,0.6153846153846154,0.24164702955930106,0.10831083108310831,0.006269592476489029,0.0,low,0.515
23546513,0,0.6819,10,0.14305153518894712,0.2265,41.34,49.06,41.34,0.0,0.565555859054903,0.5384615384615384,0.23754825977231536,0.22642264226422643,0.0804075235109718,0.0,medium,1.0
23546513,0,0.5821,11,0.24432320349501452,0.0727,207.52,218.65,207.52,0.0,0.42925430210325044,0.6153846153846154,0.40571778587956,0.0726072607260726,0.40599529780564264,0.0,high,0.999
23546931,0,0.6609,8,0.18219144074214982,0.0655,163.33,163.33,164.08,0.0,0.5368751707183831,0.38461538461538464,0.3025431342407758,0.06540654065406541,0.319416144200627,0.0,medium,0.9996
232116915,0,0.7139,11,0.1364917807132137,0.0003,162.98,162.98,162.99,0.0,0.609259765091505,0.6153846153846154,0.22665527439924954,0.0002000200020002,0.31873040752351095,0.0,medium,1.0
435930187,0,0.7014,9,0.3258934805388379,0.0003,157.61,157.75,157.61,0.0,0.5921879267959574,0.46153846153846156,0.5411716108668055,0.0002000200020002,0.30820924764890284,0.0,medium,0.9247
23101688,0,0.6717,12,0.16918553395875435,0.0684,40.82,40.82,43.21,0.0,0.5516252390057361,0.6923076923076923,0.2809458087800321,0.06830683068306831,0.07938871473354232,0.0,medium,1.0
23551186,0,0.7097,12,0.38852049861143556,0.0684,76.81,84.72,76.81,0.0,0.6035236274242011,0.6923076923076923,0.6451686727000172,0.06830683068306831,0.14990203761755488,0.0,medium,0.869
23101688,0,0.6586,12,0.31217578474285806,0.0684,17.95,17.95,22.46,0.0,0.5337339524720022,0.6923076923076923,0.5183923040786398,0.06830683068306831,0.03458072100313479,0.0,medium,0.9998
34025685,0,0.6651,9,0.27182228580239715,0.0665,223.73,228.67,223.73,0.0,0.542611308385687,0.46153846153846156,0.4513821628703713,0.0664066406640664,0.43775470219435736,0.0,high,0.9601
23554751,0,0.7879,10,0.2021833406012989,0.0004,235.37,235.37,242.88,0.0,0.7103250478011472,0.5384615384615384,0.3357412476078404,0.00030003000300030005,0.46056034482758623,0.0,medium,0.9938
23557099,0,0.6319,10,0.43029185940239073,0.0323,80.48,86.22,80.48,0.0,0.49726850587271243,0.5384615384615384,0.7145332844079968,0.032203220322032204,0.15709247648902824,0.0,high,0.7813
"[1225397040, 70674212, 449741478, 1042660695]",0,0.5662,8,0.20602953791750447,0.0679,66.64,73.06,66.64,0.0,0.40753892379131396,0.38461538461538464,0.34212815907874083,0.06780678067806781,0.12997648902821318,0.0,medium,1.0
23101688,0,0.6717,12,0.16918553395875435,0.0684,40.82,40.82,43.21,0.0,0.5516252390057361,0.6923076923076923,0.2809458087800321,0.06830683068306831,0.07938871473354232,0.0,medium,1.0
23557099,0,0.6518,12,0.4093757500120752,0.0003,71.71,80.52,71.71,0.0,0.5244468724392244,0.6923076923076923,0.6798004488280984,0.0002000200020002,0.13990987460815046,0.0,high,0.6132
70673935,0,0.6165,11,0.3856586797712406,0.0003,101.13,101.13,102.45,0.0,0.4762360010925978,0.6153846153846154,0.6404163986809317,0.0002000200020002,0.19755094043887148,0.0,high,0.9031
32151537,0,1.0,12,0.1805578613526396,0.0323,43.34,43.34,45.64,0.0,1.0,0.6923076923076923,0.29983044789534863,0.032203220322032204,0.08432601880877745,0.0,low,0.9708
23557171,0,0.8182,12,0.21007701117193078,0.0003,15.67,15.67,17.59,0.0,0.7517071838295548,0.6923076923076923,0.3488493049876983,0.0002000200020002,0.030113636363636363,0.0,medium,0.9832
32151547,0,0.7061,10,0.18333972363077125,0.0323,12.31,12.31,15.7,0.0,0.5986069379950832,0.5384615384615384,0.3044499477893875,0.032203220322032204,0.023530564263322885,0.0,medium,0.9953
23551183,0,0.6678,11,0.17168460910029398,0.0121,241.06,241.06,241.15,0.0,0.5462988254575253,0.6153846153846154,0.28509571851578336,0.012001200120012002,0.4717084639498433,0.0,high,0.7327
23551183,0,0.8022,12,0.11966115185565372,0.0004,195.93,195.93,204.61,0.0,0.7298552308112538,0.6923076923076923,0.19870669878668404,0.00030003000300030005,0.38328761755485896,0.0,medium,1.0
23554751,0,0.7879,10,0.2021833406012989,0.0004,235.37,235.37,242.88,0.0,0.7103250478011472,0.5384615384615384,0.3357412476078404,0.00030003000300030005,0.46056034482758623,0.0,medium,0.9938
23551186,0,0.6416,11,0.28812612878710375,0.1093,177.78,182.64,177.78,0.0,0.5105162523900574,0.6153846153846154,0.47845596933891515,0.1092109210921092,0.3477272727272727,0.0,high,0.9868
23551186,0,0.7436,11,0.19435026240243114,0.0665,228.58,228.58,239.66,0.0,0.6498224528817265,0.6153846153846154,0.32273380860048223,0.0664066406640664,0.4472570532915361,0.0,medium,0.8436
23551183,0,0.7734,12,0.12295618504519343,0.0665,203.9,203.9,216.99,0.0,0.6905217153783121,0.6923076923076923,0.204178359116381,0.0664066406640664,0.3989028213166144,0.0,medium,0.9995
32151764,0,0.7473,12,0.08766728101952413,0.2324,44.83,44.83,59.77,0.0,0.6548757170172084,0.6923076923076923,0.14557837388748857,0.23232323232323232,0.08724529780564264,0.0,medium,0.9997
32151764,0,0.733,14,0.02562560754553967,0.3427,195.67,195.67,196.14,0.0,0.6353455340071019,0.8461538461538461,0.04255332254254807,0.3426342634263426,0.3827782131661442,0.0,medium,0.9915
23551186,0,0.7436,11,0.19435026240243114,0.0665,228.58,228.58,239.66,0.0,0.6498224528817265,0.6153846153846154,0.32273380860048223,0.0664066406640664,0.4472570532915361,0.0,medium,0.8436
23551183,0,0.8022,12,0.11966115185565375,0.0004,195.93,195.93,204.61,0.0,0.7298552308112538,0.6923076923076923,0.1987066987866841,0.00030003000300030005,0.38328761755485896,0.0,medium,1.0
23551183,0,0.7734,12,0.12295618504519344,0.0665,203.9,203.9,216.99,0.0,0.6905217153783121,0.6923076923076923,0.204178359116381,0.0664066406640664,0.3989028213166144,0.0,medium,0.9995
23557171,0,0.813,13,0.20099837749971763,0.0003,126.92,126.92,126.99,0.0,0.7446052990986068,0.7692307692307693,0.33377352369669444,0.0002000200020002,0.24807993730407527,0.0,medium,1.0
23571356,0,0.6199,12,0.4277403628334933,0.0003,84.12,89.13,84.12,0.0,0.4808795411089867,0.6923076923076923,0.7102963247920168,0.0002000200020002,0.1642241379310345,0.0,high,0.9822
23557171,0,0.8182,12,0.21007701117193067,0.0003,15.67,15.67,17.59,0.0,0.7517071838295548,0.6923076923076923,0.3488493049876981,0.0002000200020002,0.030113636363636363,0.0,medium,0.9832
23571356,0,0.6199,12,0.4277403628334933,0.0003,84.12,89.13,84.12,0.0,0.4808795411089867,0.6923076923076923,0.7102963247920168,0.0002000200020002,0.1642241379310345,0.0,high,0.9822
23557099,0,0.6518,12,0.4093757500120752,0.0003,71.71,80.52,71.71,0.0,0.5244468724392244,0.6923076923076923,0.6798004488280984,0.0002000200020002,0.13990987460815046,0.0,high,0.6132
23557099,0,0.6319,10,0.43029185940239073,0.0323,80.48,86.22,80.48,0.0,0.49726850587271243,0.5384615384615384,0.7145332844079968,0.032203220322032204,0.15709247648902824,0.0,high,0.7813
49016386,0,1.0,6,0.1433477708331094,0.1936,146.44,154.1,146.44,0.0,1.0,0.23076923076923078,0.23804018222928808,0.1935193519351935,0.2863244514106583,0.0,medium,0.8364
23571923,0,0.6508,6,0.14311837911214734,0.1521,233.03,240.13,233.03,0.0,0.5230811253755806,0.23076923076923078,0.23765925933493495,0.15201520152015205,0.4559757053291536,0.0,medium,0.9875
49016386,0,0.8514,7,0.08650432743194732,0.2562,211.02,216.71,211.02,0.0,0.7970499863425295,0.3076923076923077,0.14364719849580404,0.2561256125612561,0.41285266457680253,0.0,medium,1.0
7648780,0,0.7626,6,0.09454880501279653,0.2597,135.83,143.94,135.83,0.0,0.6757716470909587,0.23076923076923078,0.15700568271138118,0.25962596259625964,0.2655368338557994,0.0,medium,1.0
7648780,0,0.5427,8,0.276350324943017,0.2597,123.35,127.51,123.35,0.0,0.3754438677956842,0.38461538461538464,0.45890132602044126,0.25962596259625964,0.24108542319749215,0.0,high,0.9122
23571926,0,0.5952,6,0.2151559338572492,0.1521,236.83,241.65,236.83,0.0,0.4471455886369844,0.23076923076923078,0.3572832533506696,0.15201520152015205,0.4634208463949844,0.0,high,0.9123
23571107,0,0.8903,7,0.009640231239597986,0.011,249.33,258.72,249.33,0.0,0.8501775471182738,0.3076923076923077,0.016008354902717743,0.010901090109010901,0.4879114420062696,0.0,medium,1.0
70674135,0,0.906,9,0.0010519570175212343,0.0121,219.41,219.41,223.98,0.0,0.8716197760174818,0.46153846153846156,0.0017468538317495824,0.012001200120012002,0.42929075235109715,0.0,medium,0.9999
1334816431,0,0.9974,10,0.001357184471627478,0.2925,110.28,112.35,110.28,0.0,0.9964490576345262,0.5384615384615384,0.002253707892421677,0.2924292429242924,0.2154780564263323,0.0,low,0.9899
23578206,0,0.8226,8,0.09395979291464022,0.0095,96.86,99.69,96.86,0.0,0.7577164709095875,0.38461538461538464,0.15602758205326805,0.009400940094009401,0.18918495297805643,0.0,medium,0.742
1334816431,0,0.8347,12,0.001357184471627478,0.2925,149.66,152.6,149.66,0.0,0.7742420103796777,0.6923076923076923,0.002253707892421677,0.2924292429242924,0.2926332288401254,0.0,medium,1.0
"[4354752, 907036713, 907532170]",0,0.846,6,0.11982102383444874,0.243,59.25,59.25,61.84,0.0,0.7896749521988529,0.23076923076923078,0.19897217871173606,0.24292429242924293,0.11549764890282133,0.0,low,0.9357
23101688,0,0.6586,12,0.3121757847428582,0.0684,17.95,17.95,22.46,0.0,0.5337339524720022,0.6923076923076923,0.51839230407864,0.06830683068306831,0.03458072100313479,0.0,medium,0.9998
"[23603749, 1334816432, 334715953, 4397426, 23603733]",0,0.9145,10,0.03239853624320324,0.2849,54.17,54.17,55.04,0.0,0.8832286260584541,0.5384615384615384,0.0538003003843854,0.2848284828482848,0.105544670846395,0.0,low,0.9972
32151764,0,0.8673,14,0.1526930772458575,0.0684,31.56,31.56,33.9,0.0,0.8187653646544659,0.8461538461538461,0.2535587944635519,0.06830683068306831,0.06124608150470219,0.0,medium,0.9846
"[1304263475, 7648774]",0,0.7808,6,0.10829718157033646,0.4527,127.72,139.06,127.72,0.0,0.7006282436492763,0.23076923076923078,0.17983593730378947,0.45264526452645265,0.2496473354231975,0.0,medium,1.0
31785598,0,1.0,8,0.029489192289540604,1.0,42.29,42.29,43.86,0.0,1.0,0.38461538461538464,0.0489691071972469,1.0,0.08226880877742948,0.0,low,0.9326
31785601,0,0.8221,9,0.04975216362156784,0.0208,8.26,8.26,10.94,0.0,0.7570335973777657,0.46153846153846156,0.08261735594667079,0.020702070207020702,0.015595611285266459,0.0,low,1.0
47572011,0,1.0,8,0.034140631202023125,0.5,20.05,20.05,37.09,0.0,1.0,0.38461538461538464,0.05669318532011236,0.49994999499949994,0.038695141065830725,0.0,low,1.0
31785603,0,0.8309,7,0.034140631202023125,0.4184,10.47,10.47,19.21,0.0,0.7690521715378311,0.3076923076923077,0.05669318532011236,0.41834183418341836,0.019925548589341695,0.0,low,0.9999
16096845,0,0.5399,6,0.46774513295888603,0.1836,112.29,123.6,112.29,0.0,0.3716197760174817,0.23076923076923078,0.7767273745273107,0.18351835183518353,0.219416144200627,0.0,high,0.9996
24591996,0,0.3714,6,0.42605048141165297,0.0487,48.38,59.96,48.38,0.0,0.1414913957934991,0.23076923076923078,0.7074901445182856,0.048604860486048604,0.09420062695924766,0.0,high,0.9976
16096656,0,0.5565,7,0.369271927624181,0.2001,135.92,138.55,135.92,0.0,0.3942911772739689,0.3076923076923077,0.6132049150636248,0.20002000200020004,0.2657131661442006,0.0,high,0.9955
24591996,0,0.548,6,0.29030153411516385,0.2001,96.16,102.98,96.16,0.0,0.38268232723299656,0.23076923076923078,0.4820684000338,0.20002000200020004,0.18781347962382447,0.0,medium,0.95
24592006,0,0.5474,6,0.5067517040945935,0.1836,114.57,125.9,114.57,0.0,0.3818628789948102,0.23076923076923078,0.8415008367668719,0.18351835183518353,0.2238832288401254,0.0,high,0.9999
16096732,0,0.6031,6,0.3373736181470689,0.1301,172.81,184.41,172.81,0.0,0.45793499043977054,0.23076923076923078,0.5602352772753355,0.13001300130013002,0.3379898119122257,0.0,high,0.9169
"[25836947, 25836948]",0,0.9694,5,0.010734987693317237,0.9792,264.33,278.39,264.33,0.0,0.9582081398524994,0.15384615384615385,0.017826283619645812,0.9791979197919791,0.5173001567398119,0.0,medium,1.0
1304263472,0,0.8813,6,0.05465412739785042,1.0,179.75,194.28,179.75,0.0,0.8378858235454794,0.23076923076923078,0.09075745020048424,1.0,0.35158699059561127,0.0,medium,1.0
27885117,0,0.9509,6,0.019365125044988624,0.5,284.21,292.13,284.21,0.0,0.9329418191750889,0.23076923076923078,0.032157301691598084,0.49994999499949994,0.5562499999999999,0.0,medium,1.0
217347923,0,1.0,5,0.019365125044988624,0.5,315.39,320.72,315.39,0.0,1.0,0.15384615384615385,0.032157301691598084,0.49994999499949994,0.6173393416927899,0.0,medium,1.0
"[28680667, 1412292235]",0,0.9848,6,0.003910056109556115,0.5,224.74,247.15,224.74,0.0,0.9792406446326142,0.23076923076923078,0.006492950918078075,0.49994999499949994,0.4397335423197492,0.0,medium,0.9999
"[371660536, 28680715]",0,1.0,5,0.01654228921321593,0.5,184.72,209.44,184.72,0.0,1.0,0.15384615384615385,0.027469762007023512,0.49994999499949994,0.3613244514106583,0.0,medium,0.916
"[27875097, 43199346, 251977605]",0,0.8668,6,0.01301609393549621,0.1084,85.01,85.01,89.67,0.0,0.8180824911226441,0.23076923076923078,0.021614238949740166,0.10831083108310831,0.165967868338558,0.0,low,0.9999
"[69408896, 28680883]",0,0.873,5,0.05782263773209257,0.5,147.56,151.34,147.56,0.0,0.8265501229172357,0.15384615384615385,0.09601900943307255,0.49994999499949994,0.28851880877742947,0.0,medium,0.9991
"[1042411297, 28681100]",0,0.9756,6,0.003910056109556115,0.5,97.68,97.68,115.41,0.0,0.966675771647091,0.23076923076923078,0.006492950918078075,0.49994999499949994,0.19079153605015678,0.0,low,0.9995
"[251977603, 251977599]",0,1.0,5,0.14551981385951812,0.5,141.75,147.73,141.75,0.0,1.0,0.15384615384615385,0.24164702955930106,0.49994999499949994,0.2771355799373041,0.0,medium,0.9939
28905392,0,0.5523,7,0.1644190387739231,0.0736,148.24,148.24,149.11,0.0,0.38855503960666493,0.3076923076923077,0.2730306707178945,0.0735073507350735,0.2898510971786834,0.0,medium,0.9972
"[69406881, 28905422, 43799646]",0,0.6398,7,0.14115110588849863,0.0563,81.29,81.29,82.36,0.0,0.5080579076754986,0.3076923076923077,0.23439244827831635,0.056205620562056205,0.15867946708463954,0.0,medium,1.0
239205928,0,0.5083,7,0.15519814451180355,0.0249,142.92,142.92,145.95,0.0,0.32846216880633705,0.3076923076923077,0.25771865459054927,0.0248024802480248,0.2794278996865203,0.0,medium,0.9958
1331895283,0,0.6249,7,0.139817748788103,0.0026,102.24,102.24,106.23,0.0,0.48770827642720577,0.3076923076923077,0.23217830452561755,0.0025002500250025004,0.1997257053291536,0.0,medium,1.0
34025685,0,0.7195,9,0.30546500224340656,0.0121,248.24,254.15,248.24,0.0,0.6169079486479105,0.46153846153846156,0.5072485248596503,0.012001200120012002,0.48577586206896556,0.0,high,0.9733
23551183,0,0.7511,9,0.23286162303443705,0.0121,233.29,235.95,233.29,0.0,0.6600655558590549,0.46153846153846156,0.38668493506614166,0.012001200120012002,0.4564851097178683,0.0,medium,0.9509
23551183,0,0.6678,11,0.17168460910029393,0.0121,241.06,241.06,241.15,0.0,0.5462988254575253,0.6153846153846154,0.28509571851578325,0.012001200120012002,0.4717084639498433,0.0,high,0.7327
23551186,0,0.7097,12,0.38852049861143556,0.0684,76.81,84.72,76.81,0.0,0.6035236274242011,0.6923076923076923,0.6451686727000172,0.06830683068306831,0.14990203761755488,0.0,medium,0.869
23551186,0,0.6416,11,0.28812612878710375,0.1093,177.78,182.64,177.78,0.0,0.5105162523900574,0.6153846153846154,0.47845596933891515,0.1092109210921092,0.3477272727272727,0.0,high,0.9868
28684174,0,0.6816,14,0.28992185227294015,0.1093,124.46,127.58,124.46,0.0,0.5651461349358099,0.8461538461538461,0.4814379086382667,0.1092109210921092,0.2432601880877743,0.0,high,0.8304
32151224,0,0.6442,9,0.17064926206595402,0.2709,99.56,99.56,99.57,0.0,0.5140671947555313,0.46153846153846156,0.28337644378639626,0.2708270827082708,0.19447492163009406,0.0,medium,0.9998
4354743,0,1.0,8,7.60199657158613e-05,0.0762,85.43,85.43,87.9,0.0,1.0,0.38461538461538464,0.0001262340250669066,0.07610761076107611,0.1667907523510972,0.0,low,1.0
7648767,0,0.9681,7,7.60199657158613e-05,0.0762,89.24,89.24,90.46,0.0,0.9564326686697623,0.3076923076923077,0.0001262340250669066,0.07610761076107611,0.17425548589341694,0.0,low,1.0
130757787,0,1.0,7,7.60199657158613e-05,0.0762,93.57,93.57,96.84,0.0,1.0,0.3076923076923077,0.0001262340250669066,0.07610761076107611,0.18273902821316615,0.0,low,1.0
28869897,0,0.8974,6,0.0290786102997914,1.0,415.49,422.49,415.49,0.0,0.8598743512701448,0.23076923076923078,0.04828730368991634,1.0,0.8134600313479624,0.0,high,0.9989
197690131,0,0.819,7,0.21193928535185033,1.0,393.65,400.49,393.65,0.0,0.7527997814804698,0.3076923076923077,0.35194175691978585,1.0,0.7706700626959248,0.0,high,1.0
16096368,0,0.8175,11,0.24838834863007112,0.0028,354.53,354.53,356.81,0.0,0.7507511608850043,0.6153846153846154,0.41246827732849645,0.0027002700270027003,0.6940242946708464,0.0,high,0.9994
16096368,0,0.5188,11,0.3984274286323989,0.6805,308.4,325.72,308.4,0.0,0.3428025129745972,0.6153846153846154,0.6616199048626775,0.6804680468046804,0.6036442006269592,0.0,high,1.0
"[28869933, 133979677]",0,0.5361,11,0.39750096180218153,0.0298,442.73,442.73,450.07,0.0,0.36642993717563516,0.6153846153846154,0.6600814342282167,0.029702970297029705,0.8668299373040753,0.0,high,1.0
4351337,0,0.94,8,0.01955229005411378,0.3055,45.53,45.53,47.41,0.0,0.9180551761813711,0.38461538461538464,0.03246810382821648,0.30543054305430545,0.08861677115987462,0.0,low,1.0
28870169,0,0.8709,6,0.07796630628518222,0.6969,18.98,18.98,25.08,0.0,0.8236820540835837,0.23076923076923078,0.12946914658689623,0.6968696869686969,0.0365987460815047,0.0,low,0.9853
186295856,0,0.82,6,0.043433513939746406,0.0597,280.82,292.79,280.82,0.0,0.7541655285441137,0.23076923076923078,0.07212474394172035,0.059605960596059604,0.5496081504702194,0.0,medium,1.0
28870212,0,0.7516,6,0.15959079514702204,0.2274,372.45,384.52,372.45,0.0,0.660748429390877,0.23076923076923078,0.26501299453809335,0.22732273227322733,0.729134012539185,0.0,high,0.9925
491926912,0,1.0,7,0.24777964602913663,0.2207,435.69,435.69,453.91,0.0,1.0,0.3076923076923077,0.4114574790504428,0.22062206220622063,0.8530368338557994,0.0,high,0.9847
"[186295856, 363961482]",0,0.9357,7,0.013125373385318708,0.4983,283.4,291.35,283.4,0.0,0.9121824638077027,0.3076923076923077,0.021795706023377867,0.49824982498249826,0.5546630094043886,0.0,medium,1.0
186295856,0,0.9707,6,0.15959079514702204,0.2274,296.68,308.73,296.68,0.0,0.9599836110352364,0.23076923076923078,0.26501299453809335,0.22732273227322733,0.5806818181818182,0.0,medium,1.0
28870216,0,0.7404,7,0.10763283882486846,0.2207,381.48,393.54,381.48,0.0,0.6454520622780661,0.3076923076923077,0.17873274421388707,0.22062206220622063,0.7468260188087775,0.0,high,0.9906
243661764,0,1.0,5,0.03239853624320324,0.5,161.94,174.02,161.94,0.0,1.0,0.15384615384615385,0.0538003003843854,0.49994999499949994,0.316692789968652,0.0,medium,0.5724
1225397037,0,0.9697,7,0.060618087567325604,0.1829,64.09,64.09,65.36,0.0,0.9586178639715924,0.3076923076923077,0.10066107252841852,0.18281828182818283,0.12498040752351099,0.0,low,1.0
23101641,0,0.7566,8,0.11560681249321728,0.1829,59.38,61.27,59.38,0.0,0.667577164709096,0.38461538461538464,0.19197415116834846,0.18281828182818283,0.1157523510971787,0.0,medium,0.9836
23101687,0,1.0,7,0.060618087567325604,0.1829,61.56,61.56,64.7,0.0,1.0,0.3076923076923077,0.10066107252841852,0.18281828182818283,0.12002351097178685,0.0,low,1.0
69412691,0,0.6491,7,0.060618087567325604,0.1829,61.38,61.38,64.08,0.0,0.520759355367386,0.3076923076923077,0.10066107252841852,0.18281828182818283,0.11967084639498435,0.0,medium,0.9933
28908921,0,0.5743,7,0.21453177819794986,0.5,208.95,217.77,208.95,0.0,0.4186014750068288,0.3076923076923077,0.3562467940605521,0.49994999499949994,0.40879702194357365,0.0,high,0.9995
28908922,0,0.6602,10,0.26362141580987575,0.5,186.72,192.97,186.72,0.0,0.5359191477738323,0.5384615384615384,0.43776397682310125,0.49994999499949994,0.36524294670846397,0.0,high,0.9996
4354739,0,0.6103,7,0.16941361265208732,0.4666,293.0,300.25,293.0,0.0,0.46776836929800597,0.3076923076923077,0.2813245512893097,0.4665466546654666,0.5734717868338558,0.0,high,1.0
28909017,0,0.5802,6,0.24627337719898315,0.2865,261.2,267.92,261.2,0.0,0.42665938268232734,0.23076923076923078,0.4089562018463242,0.28642864286428643,0.5111677115987461,0.0,high,0.9999
48502226,0,0.553,6,0.2897181739618212,0.2865,179.42,185.95,179.42,0.0,0.38951106255121565,0.23076923076923078,0.48109968487211247,0.28642864286428643,0.3509404388714733,0.0,high,0.9952
48502226,0,0.56,7,0.1718347168599376,0.5791,253.35,258.84,253.35,0.0,0.3990712919967223,0.3076923076923077,0.2853449841912336,0.579057905790579,0.49578761755485895,0.0,high,1.0
"[1247720065, 200517359]",0,0.7385,7,0.0765636600814348,0.905,202.68,206.16,202.68,0.0,0.642857142857143,0.3076923076923077,0.1271399428586883,0.904990499049905,0.396512539184953,0.0,medium,0.8502
23100777,0,0.5787,7,0.4255995897478305,0.1265,210.91,218.2,210.91,0.0,0.42461076208686155,0.3076923076923077,0.7067414036443666,0.12641264126412644,0.41263714733542317,0.0,high,1.0
176994841,0,0.9408,6,0.00014496989141221642,0.5,333.19,340.57,333.19,0.0,0.9191477738322864,0.23076923076923078,0.0002407307695506851,0.49994999499949994,0.6522139498432602,0.0,medium,1.0
595924866,0,0.8239,6,0.07707748024352473,0.5,293.97,301.78,293.97,0.0,0.7594919420923246,0.23076923076923078,0.12799318142588423,0.49994999499949994,0.5753722570532916,0.0,medium,0.9955
263472886,0,0.9871,12,0.07118772044845044,0.5,51.86,51.86,55.4,0.0,0.982381862878995,0.6923076923076923,0.11821277462316739,0.49994999499949994,0.10101880877742947,0.0,low,0.6136
"[28909090, 105732823]",0,0.8738,9,0.08439611472664554,0.5387,43.34,43.34,46.47,0.0,0.8276427205681509,0.46153846153846156,0.14014634640642823,0.5386538653865386,0.08432601880877745,0.0,medium,0.7989
263472886,0,0.6215,13,0.39871769419688646,0.234,73.85,79.27,73.85,0.0,0.4830647364108168,0.7692307692307693,0.6621019135354052,0.23392339233923395,0.1441026645768025,0.0,high,0.9983
398415917,0,0.6929,10,0.07118772044845044,0.5,77.35,77.35,79.66,0.0,0.580579076754985,0.5384615384615384,0.11821277462316739,0.49994999499949994,0.15096003134796238,0.0,medium,1.0
"[29471905, 4339621, 4339599]",0,0.9867,11,0.0001618376720335479,0.5,292.94,292.94,294.05,0.0,0.9818355640535374,0.6153846153846154,0.00026874103857278957,0.49994999499949994,0.5733542319749216,0.0,medium,1.0
"[32438595, 32439183]",0,0.8037,5,0.06855573176516831,0.3826,81.12,81.12,86.39,0.0,0.7319038514067195,0.15384615384615385,0.11384215155562315,0.38253825382538253,0.15834639498432604,0.0,medium,0.5442
"[178288145, 629129239]",0,0.8969,5,0.0013212037351387437,0.4332,15.0,15.0,21.96,0.0,0.8591914777383229,0.15384615384615385,0.0021939590652767255,0.4331433143314331,0.028800940438871474,0.0,low,1.0
"[178288147, 28909399]",0,0.9161,5,0.006877932099774587,0.4441,101.81,101.81,101.91,0.0,0.8854138213602842,0.15384615384615385,0.0114213411299554,0.444044404440444,0.1988832288401254,0.0,low,0.9979
816555265,0,0.8847,7,0.04439245049276507,0.4501,167.35,167.98,167.35,0.0,0.8425293635618684,0.3076923076923077,0.07371713309048686,0.45004500450045004,0.3272923197492163,0.0,medium,1.0
23069089,0,0.9193,12,0.01767493637013257,0.3026,72.93,80.99,72.93,0.0,0.8897842119639443,0.6923076923076923,0.02935061120020282,0.3025302530253025,0.14230015673981194,0.0,low,0.7284
28920534,0,0.9821,8,2.267796418243499e-07,0.467,133.64,143.91,133.64,0.0,0.9755531275607757,0.38461538461538464,3.735114856826095e-07,0.466946694669467,0.26124608150470213,0.0,low,0.6511
1104090549,0,0.497,9,0.39865797763582966,0.2744,73.9,73.9,75.72,0.0,0.313029226987162,0.46153846153846156,0.6620027495150859,0.2743274327432743,0.14420062695924768,0.0,high,0.9997
28951349,0,0.9516,6,0.011595130922634988,0.1015,41.97,41.97,53.52,0.0,0.9338978421196394,0.23076923076923078,0.01925461872736374,0.10141014101410141,0.08164184952978057,0.0,low,1.0
261523807,0,0.9061,7,0.044794378987936485,0.1015,45.15,45.15,60.46,0.0,0.8717563507238462,0.3076923076923077,0.07438456679324462,0.10141014101410141,0.08787225705329155,0.0,low,1.0
1225399703,0,0.9212,6,0.01298779043418358,0.1015,37.86,37.86,40.2,0.0,0.8923791313848676,0.23076923076923078,0.021567238772074133,0.10141014101410141,0.07358934169278998,0.0,low,1.0
"[37018409, 4811739, 28951430]",0,0.9266,6,0.05287891592820697,0.1071,89.14,159.33,89.14,0.0,0.8997541655285443,0.23076923076923078,0.08780957270835253,0.107010701070107,0.17405956112852666,0.0,low,1.0
410753457,0,0.6838,6,0.29672289104793964,0.1144,77.09,77.09,77.49,0.0,0.5681507784758263,0.23076923076923078,0.4927315654621282,0.1143114311431143,0.15045062695924766,0.0,medium,1.0
4811754,0,0.9408,6,0.05137856036274601,0.1015,37.79,44.05,37.79,0.0,0.9191477738322864,0.23076923076923078,0.08531811494275729,0.10141014101410141,0.07345219435736677,0.0,low,1.0
45316401,0,0.9964,6,3.2073851010457845e-05,0.1015,22.4,36.63,22.4,0.0,0.9950833105708822,0.23076923076923078,5.325806438729431e-05,0.10141014101410141,0.04329937304075235,0.0,low,1.0
133979688,0,0.6554,11,0.26478354062656045,0.228,257.05,269.11,257.05,0.0,0.529363561868342,0.6153846153846154,0.4396937759758977,0.22792279227922793,0.5030368338557994,0.0,high,1.0
"[105732825, 669679202]",0,0.7186,8,0.16270343253890282,0.0641,151.94,169.46,151.94,0.0,0.6156787762906311,0.38461538461538464,0.27018177237983176,0.064006400640064,0.2971003134796238,0.0,medium,1.0
669679204,0,0.6907,7,0.22288007782189667,0.2692,182.72,182.72,185.85,0.0,0.5775744332149686,0.3076923076923077,0.37010979854189835,0.26912691269126915,0.35740595611285264,0.0,medium,0.9695
"[23101642, 23101646]",0,0.7344,10,0.12587114010503897,0.1117,184.1,186.92,184.1,0.0,0.6372575798962034,0.5384615384615384,0.20901886998420452,0.1116111611161116,0.36010971786833856,0.0,medium,0.9999
23571343,0,0.5451,7,0.16245240567554772,0.241,216.32,223.96,216.32,0.0,0.3787216607484295,0.3076923076923077,0.26976492263935914,0.24092409240924093,0.42323667711598745,0.0,high,0.9456
7732942,0,0.7187,9,0.06256069273195408,1.0,64.14,70.56,64.14,0.0,0.6158153509969955,0.46153846153846156,0.10388692034364094,1.0,0.12507836990595614,0.0,medium,0.9999
151362342,0,1.0,7,0.00625662307660956,1.0,61.53,64.59,61.53,0.0,1.0,0.3076923076923077,0.010389608901786333,1.0,0.11996473354231976,0.0,low,0.9577
30661700,0,0.6864,7,0.2078261773549263,0.1303,73.17,73.17,75.75,0.0,0.5717017208413002,0.3076923076923077,0.3451116193873405,0.13021302130213022,0.1427703761755486,0.0,medium,1.0
4824589,0,0.8396,6,0.10244167014189492,0.0473,85.89,91.15,85.89,0.0,0.7809341709915325,0.23076923076923078,0.17011240259257573,0.047204720472047206,0.1676920062695925,0.0,low,0.9661
29007149,0,0.4228,6,0.6021998810460958,0.1303,90.11,90.11,96.12,0.0,0.2116907948647911,0.23076923076923078,1.0,0.13021302130213022,0.1759600313479624,0.0,high,1.0
23069075,0,0.4807,7,0.19131433064160075,0.1025,406.5,406.5,428.84,0.0,0.2907675498497679,0.3076923076923077,0.3176924064585745,0.1024102410241024,0.7958463949843261,0.0,high,1.0
186295856,0,1.0,6,0.025747899801805783,0.0597,276.52,287.9,276.52,0.0,1.0,0.23076923076923078,0.04275639839907196,0.059605960596059604,0.5411833855799373,0.0,medium,0.9999
186295858,0,0.7538,6,0.16618675855808798,0.0836,372.35,384.12,372.35,0.0,0.6637530729308933,0.23076923076923078,0.27596610768033264,0.0835083508350835,0.7289380877742947,0.0,high,0.9472
30132953,0,0.5995,7,0.31283310750662197,0.4085,76.4,85.86,76.4,0.0,0.45301830101065294,0.3076923076923077,0.5194838399398601,0.4084408440844084,0.14909874608150472,0.0,medium,0.8158
1296686054,0,0.617,10,0.2774613540606941,0.4568,34.27,34.27,36.53,0.0,0.4769188746244196,0.5384615384615384,0.4607462767686252,0.45674567456745674,0.06655564263322886,0.0,medium,0.9657
44887010,0,0.8799,6,0.032988151241516196,0.7015,130.66,131.98,130.66,0.0,0.8359737776563781,0.23076923076923078,0.05477940220536402,0.7014701470147015,0.2554075235109718,0.0,medium,0.9996
"[44887010, 30133020]",0,0.7886,9,0.20750826081195353,0.4085,157.57,162.75,157.57,0.0,0.7112810707456978,0.46153846153846156,0.34458369410213824,0.4084408440844084,0.3081308777429467,0.0,medium,0.9985
109930819,0,0.9176,13,0.002863894832429278,0.4568,24.62,77.77,24.62,0.0,0.8874624419557497,0.7692307692307693,0.00475571829271577,0.45674567456745674,0.04764890282131662,0.0,low,0.9851
1296686054,0,0.617,10,0.277461354060694,0.4568,34.27,34.27,36.53,0.0,0.4769188746244196,0.5384615384615384,0.460746276768625,0.45674567456745674,0.06655564263322886,0.0,medium,0.9657
44704758,0,0.7414,6,0.09124357216634243,0.5363,128.38,128.38,128.73,0.0,0.6468178093417098,0.23076923076923078,0.15151708505361966,0.5362536253625363,0.2509404388714733,0.0,medium,1.0
30133107,0,0.5639,6,0.27635402499473327,0.5071,99.97,109.88,99.97,0.0,0.40439770554493304,0.23076923076923078,0.4589074702457128,0.5070507050705071,0.19527821316614422,0.0,high,0.659
44887010,0,0.7597,6,0.18384608896600818,0.5071,103.67,103.67,105.05,0.0,0.6718109806063918,0.23076923076923078,0.3052908070335206,0.5070507050705071,0.20252742946708466,0.0,medium,1.0
44704759,0,0.6562,6,0.08571586533229418,0.1749,109.21,109.21,109.52,0.0,0.5304561595192571,0.23076923076923078,0.1423378955103782,0.17481748174817482,0.21338166144200627,0.0,medium,1.0
44704759,0,0.7329,6,0.12269664959392816,0.1655,47.96,47.96,49.54,0.0,0.6352089593007375,0.23076923076923078,0.2037473802001909,0.16541654165416544,0.09337774294670848,0.0,medium,0.6832
30133149,0,0.5886,8,0.208016380151311,0.3243,92.05,99.55,92.05,0.0,0.4381316580169353,0.38461538461538464,0.34542746600730145,0.3242324232423242,0.17976097178683387,0.0,medium,0.9939
44704758,0,0.753,8,0.03831818827525155,1.0,36.86,36.86,38.15,0.0,0.6626604752799782,0.38461538461538464,0.06363034558459574,1.0,0.07163009404388715,0.0,medium,1.0
621180012,0,0.7761,7,0.029737076885120978,1.0,109.51,113.76,109.51,0.0,0.6942092324501502,0.3076923076923077,0.04938073895630957,1.0,0.21396943573667715,0.0,medium,1.0
23069041,0,0.4556,12,0.2940657689619843,0.5036,129.72,181.28,129.72,0.0,0.2564872985523082,0.6923076923076923,0.48831920641365545,0.5035503550355036,0.25356583072100314,0.0,high,1.0
28951887,0,0.8865,6,0.00908846205515671,0.5,33.57,35.21,33.57,0.0,0.8449877082764273,0.23076923076923078,0.015092099015754033,0.49994999499949994,0.06518416927899687,0.0,low,1.0
"[197691010, 23077037]",0,0.8556,6,0.002010956275127027,0.1111,54.7,54.7,61.04,0.0,0.8027861240098335,0.23076923076923078,0.003339347106387414,0.111011101110111,0.1065830721003135,0.0,low,1.0
197690126,0,0.8835,6,0.0252144646448077,1.0,158.23,158.23,162.51,0.0,0.8408904670854956,0.23076923076923078,0.041870587598659414,1.0,0.30942398119122255,0.0,medium,1.0
884312397,0,1.0,6,0.0252144646448077,1.0,123.32,123.32,125.51,0.0,1.0,0.23076923076923078,0.041870587598659414,1.0,0.24102664576802507,0.0,medium,0.9941
23069150,0,0.8049,13,0.039361937955554795,0.877,181.11,193.49,181.11,0.0,0.7335427478830919,0.7692307692307693,0.0653635735648113,0.876987698769877,0.35425156739811914,0.0,medium,0.8468
197690126,0,0.8933,8,0.014247550144166454,0.742,317.04,330.99,317.04,0.0,0.8542747883092051,0.38461538461538464,0.02365916830162971,0.741974197419742,0.6205721003134796,0.0,medium,0.9772
23069189,0,0.9261,8,0.018419037095791485,0.5,211.79,223.12,211.79,0.0,0.8990712919967224,0.38461538461538464,0.0305862486544208,0.49994999499949994,0.41436128526645766,0.0,medium,1.0
217347936,0,0.9871,6,0.01654228921321593,0.5,235.6,246.94,235.6,0.0,0.982381862878995,0.23076923076923078,0.027469762007023512,0.49994999499949994,0.46101097178683387,0.0,medium,1.0
"[1371903315, 40933501]",0,0.8305,10,0.3697454558889457,0.0051,5.83,5.83,15.92,0.0,0.7685058727123737,0.5384615384615384,0.6139912457839127,0.005000500050005001,0.010834639498432603,0.0,medium,0.9999
1054368317,0,0.8907,8,0.5553399615571211,0.0051,55.27,55.27,93.79,0.0,0.8507238459437313,0.38461538461538464,0.9221854385762855,0.005000500050005001,0.10769984326018811,0.0,medium,0.9999
355350991,0,0.7268,7,0.05038387097156809,0.0249,12.59,14.23,12.59,0.0,0.6268779022125103,0.3076923076923077,0.08366635540984681,0.0248024802480248,0.024079153605015672,0.0,low,0.9999
1333795014,0,0.982,6,0.04733399836599456,0.0468,15.44,15.44,19.56,0.0,0.9754165528544113,0.23076923076923078,0.07860180340487073,0.046704670467046704,0.029663009404388714,0.0,low,1.0
4473250,0,0.6091,7,0.15424728917752883,0.1256,71.76,83.6,71.76,0.0,0.4661294728216335,0.3076923076923077,0.25613968493757333,0.1255125512551255,0.14000783699059563,0.0,medium,1.0
43797358,0,0.9906,7,0.0015669680833358935,0.5,66.87,68.31,66.87,0.0,0.9871619776017484,0.3076923076923077,0.002602069987726044,0.49994999499949994,0.13042711598746085,0.0,low,1.0
1333795010,0,0.6513,7,0.08441212571863727,0.3252,117.68,117.68,119.47,0.0,0.5237639989074024,0.3076923076923077,0.1401729339109178,0.32513251325132514,0.2299764890282132,0.0,medium,1.0
7648756,0,0.5136,7,0.25803091741400186,0.298,38.69,50.35,38.69,0.0,0.33570062824364927,0.3076923076923077,0.42848051698025497,0.29792979297929795,0.07521551724137931,0.0,medium,0.9944
44704759,0,0.4696,6,0.06575968777716401,0.298,2.31,2.31,14.46,0.0,0.27560775744332155,0.23076923076923078,0.10919910182312928,0.29792979297929795,0.003938087774294672,0.0,medium,0.9995
44704760,0,0.517,6,0.06052435581421436,0.3056,85.93,85.93,86.69,0.0,0.3403441682600383,0.23076923076923078,0.1005054236212209,0.3055305530553055,0.1677703761755486,0.0,medium,1.0
1184617809,0,0.842,8,0.051057946821323925,0.2325,160.8,160.8,172.53,0.0,0.7842119639442776,0.38461538461538464,0.08478571108068636,0.23242324232423245,0.3144592476489028,0.0,medium,1.0
7648750,0,0.9558,5,7.60199657158613e-05,0.0762,133.88,133.88,134.95,0.0,0.9396339797869434,0.15384615384615385,0.0001262340250669066,0.07610761076107611,0.26171630094043885,0.0,low,1.0
435930185,0,0.933,8,0.10032071646226748,0.0003,181.17,182.37,181.17,0.0,0.9084949467358646,0.38461538461538464,0.16659039311880672,0.0002000200020002,0.35436912225705325,0.0,medium,0.999
23551183,0,0.7511,9,0.23286162303443705,0.0121,233.29,235.95,233.29,0.0,0.6600655558590549,0.46153846153846156,0.38668493506614166,0.012001200120012002,0.4564851097178683,0.0,medium,0.9509
"[4350218, 112154453]",0,0.8964,6,0.010692449496562235,0.5,14.37,14.37,15.6,0.0,0.8585086042065011,0.23076923076923078,0.017755645616842054,0.49994999499949994,0.027566614420062693,0.0,low,1.0
35952872,0,0.9751,7,0.044794378987936485,0.1015,27.86,27.86,44.85,0.0,0.9659928981152691,0.3076923076923077,0.07438456679324462,0.10141014101410141,0.053996865203761756,0.0,low,1.0
"[30661731, 398789382]",0,1.0,6,3.2073851010457845e-05,0.1015,30.63,33.04,30.63,0.0,1.0,0.23076923076923078,5.325806438729431e-05,0.10141014101410141,0.05942398119122257,0.0,low,1.0
41900596,0,0.8217,6,0.08502665565126881,1.0,36.2,36.2,58.18,0.0,0.7564872985523082,0.23076923076923078,0.14119340892903473,1.0,0.0703369905956113,0.0,medium,0.999
"[500547924, 511905077]",0,0.5587,8,0.17557510255070724,0.0139,12.25,14.24,12.25,0.0,0.39729582081398523,0.38461538461538464,0.29155618718212345,0.0138013801380138,0.023413009404388715,0.0,medium,0.9999
556468627,0,0.5487,7,0.16311054567395647,0.0001,114.7,115.63,114.7,0.0,0.3836383501775471,0.3076923076923077,0.27085781558262656,0.0,0.2241379310344828,0.0,medium,0.9999
"[767567915, 44582108]",0,0.8912,7,0.011346250358465293,0.5,49.47,85.13,49.47,0.0,0.8514067194755531,0.3076923076923077,0.018841333084559594,0.49994999499949994,0.09633620689655173,0.0,low,0.9995
44582110,0,0.9992,7,0.026878611665663577,0.4112,113.71,130.18,113.71,0.0,0.998907402349085,0.3076923076923077,0.04463403388675961,0.41114111411141113,0.22219827586206897,0.0,low,0.9942
44582107,0,1.0,8,0.011346250358465293,0.5,39.36,44.39,39.36,0.0,1.0,0.38461538461538464,0.018841333084559594,0.49994999499949994,0.07652821316614421,0.0,low,1.0
44582109,0,0.9573,8,0.011346250358465293,0.5,46.08,75.87,46.08,0.0,0.9416826003824093,0.38461538461538464,0.018841333084559594,0.49994999499949994,0.08969435736677117,0.0,low,1.0
"[31000385, 4346258]",0,0.8963,6,0.011752823673698122,0.2055,50.48,50.48,65.7,0.0,0.8583720295001367,0.23076923076923078,0.019516479874320338,0.20542054205420543,0.09831504702194357,0.0,low,1.0
4346288,0,0.9629,8,0.09262919079532626,0.5,166.02,166.02,166.31,0.0,0.9493307839388146,0.38461538461538464,0.1538180131621341,0.49994999499949994,0.32468652037617557,0.0,medium,1.0
"[31000385, 4346258]",0,0.8963,6,0.011752823673698122,0.2055,50.48,50.48,65.7,0.0,0.8583720295001367,0.23076923076923078,0.019516479874320338,0.20542054205420543,0.09831504702194357,0.0,low,1.0
28869897,0,0.9541,6,0.0052754400631131295,1.0,418.59,433.98,418.59,0.0,0.9373122097787489,0.23076923076923078,0.00876027776540683,1.0,0.8195336990595611,0.0,high,0.96
197690134,0,0.8905,8,0.014170911921346258,0.8654,320.73,334.46,320.73,0.0,0.8504506965310026,0.38461538461538464,0.023531904538437592,0.8653865386538654,0.6278017241379311,0.0,medium,0.8015
23069152,0,0.7978,10,0.3005019607755756,1.0,347.19,362.69,347.19,0.0,0.723845943731221,0.5384615384615384,0.49900700632187656,1.0,0.6796434169278996,0.0,high,1.0
28869897,0,0.534,7,0.3377328026342978,1.0,411.33,424.52,411.33,0.0,0.3635618683419832,0.3076923076923077,0.5608317312097153,1.0,0.8053095611285266,0.0,high,1.0
70674603,0,0.9831,6,0.00625662307660956,1.0,56.59,56.59,58.69,0.0,0.9769188746244196,0.23076923076923078,0.010389608901786333,1.0,0.11028605015673983,0.0,low,0.9888
133150574,0,0.9577,7,0.00625662307660956,1.0,50.62,54.55,50.62,0.0,0.9422288992078667,0.3076923076923077,0.010389608901786333,1.0,0.09858934169278998,0.0,low,0.9093
68175003,0,1.0,6,0.030606984833880527,0.4834,32.3,44.5,32.3,0.0,1.0,0.23076923076923078,0.050825289144400564,0.48334833483348333,0.06269592476489028,0.0,low,1.0
1058929654,0,1.0,7,0.030606984833880527,0.4834,37.13,50.97,37.13,0.0,1.0,0.3076923076923077,0.050825289144400564,0.48334833483348333,0.07215909090909092,0.0,low,1.0
194937959,0,0.7753,11,0.17421563424605527,0.1705,61.17,61.17,79.43,0.0,0.6931166347992354,0.6153846153846154,0.2892986837324894,0.17041704170417044,0.11925940438871475,0.0,medium,1.0
194937959,0,0.6995,11,0.09220393517607617,1.0,161.4,161.4,163.53,0.0,0.5895930073750342,0.6153846153846154,0.15311184294533076,1.0,0.31563479623824453,0.0,high,0.9779
48502062,0,0.7512,7,0.21963103693535438,0.0154,163.27,171.25,163.27,0.0,0.6602021305654193,0.3076923076923077,0.36471451202858096,0.015301530153015303,0.3192985893416928,0.0,medium,1.0
200517359,0,0.5694,8,0.4516010925385492,0.0221,243.85,245.92,243.85,0.0,0.41190931439497414,0.38461538461538464,0.7499189327157365,0.022002200220022004,0.4771747648902821,0.0,high,1.0
865502297,0,0.6342,6,0.09513629108363654,0.1323,157.31,157.31,163.55,0.0,0.5004097241190931,0.23076923076923078,0.1579812492817786,0.13221322132213223,0.30762147335423196,0.0,medium,1.0
43681577,0,0.7982,6,0.1102777769217874,0.3171,143.88,143.88,144.08,0.0,0.7243922425566786,0.23076923076923078,0.1831248707956036,0.31703170317031704,0.2813087774294671,0.0,medium,1.0
"[1222712866, 28909036]",0,0.7153,7,0.15118613910504386,0.5064,167.59,169.61,167.59,0.0,0.6111718109806065,0.3076923076923077,0.2510564058167325,0.5063506350635063,0.32776253918495296,0.0,medium,0.9975
43681575,0,0.5251,6,0.1660721648221086,0.2136,110.76,110.76,111.1,0.0,0.3514067194755532,0.23076923076923078,0.27577581581887867,0.21352135213521353,0.21641849529780566,0.0,medium,0.9989
28869897,0,0.8223,6,0.0052754400631131295,1.0,446.51,454.09,446.51,0.0,0.7573067467904945,0.23076923076923078,0.00876027776540683,1.0,0.8742358934169279,0.0,high,1.0
865502299,0,0.9152,8,0.0034106483150128184,0.8465,23.01,23.01,27.54,0.0,0.8841846490030046,0.38461538461538464,0.005663645214445476,0.8464846484648465,0.044494514106583075,0.0,low,0.9944
1045532625,0,0.8179,7,0.0034106483150128184,0.0017,16.1,16.1,23.47,0.0,0.7512974597104617,0.3076923076923077,0.005663645214445476,0.0016001600160016,0.03095611285266458,0.0,low,1.0
49016385,0,0.6325,7,0.2718202776726009,0.2573,136.1,137.84,136.1,0.0,0.4980879541108986,0.3076923076923077,0.45137882821378034,0.25722572257225723,0.2660658307210031,0.0,medium,0.914
32151224,0,0.7238,11,0.04024530376152132,0.5,116.1,124.52,116.1,0.0,0.6227806610215788,0.6153846153846154,0.06683047157739035,0.49994999499949994,0.2268808777429467,0.0,medium,1.0
32151224,0,0.633,10,0.15249609986109633,0.1521,236.91,237.13,236.91,0.0,0.4987708276427206,0.5384615384615384,0.2532316981097225,0.15201520152015205,0.46357758620689654,0.0,high,0.9049
49016386,0,0.616,8,0.1433477708331094,0.1936,138.43,146.78,138.43,0.0,0.4755531275607758,0.38461538461538464,0.23804018222928808,0.1935193519351935,0.2706308777429467,0.0,medium,0.9996
"[7643048, 4354843]",0,0.664,7,0.3439539564023818,0.1805,211.32,211.32,217.78,0.0,0.5411089866156789,0.3076923076923077,0.5711624436243374,0.18041804180418042,0.41344043887147336,0.0,high,0.9944
49778432,0,0.7735,6,0.24219833844076427,0.0285,253.36,253.36,259.23,0.0,0.6906582900846764,0.23076923076923078,0.4021892812623047,0.028402840284028404,0.495807210031348,0.0,medium,0.9949
67601489,0,1.0,6,0.13898984784455787,0.0015,49.17,49.17,60.09,0.0,1.0,0.23076923076923078,0.23080351025523044,0.0014001400140014,0.09574843260188089,0.0,low,1.0
388915735,0,1.0,11,0.014556399979666646,0.5,51.54,53.59,51.54,0.0,1.0,0.6153846153846154,0.024172037609928206,0.49994999499949994,0.10039184952978057,0.0,low,0.9987
4351101,0,0.8616,9,0.12922243803958347,0.5,137.96,137.96,139.0,0.0,0.8109806063916964,0.46153846153846156,0.21458396232368532,0.49994999499949994,0.2697100313479624,0.0,medium,1.0
"[1181404860, 1190111693]",0,1.0,11,0.014556399979666646,0.5,41.72,41.72,44.27,0.0,1.0,0.6153846153846154,0.024172037609928206,0.49994999499949994,0.08115203761755486,0.0,low,0.9997
23571107,0,0.6962,9,0.24337057701479786,0.398,180.27,180.27,186.08,0.0,0.5850860420650097,0.46153846153846156,0.40413587510021864,0.397939793979398,0.35260579937304076,0.0,high,0.8313
81573225,0,0.9059,6,0.0002888436957673546,0.4707,223.99,234.77,223.99,0.0,0.8714832013111173,0.23076923076923078,0.000479644474660453,0.47064706470647066,0.43826410658307213,0.0,medium,1.0
807264831,0,1.0,5,0.2508611878878097,0.2849,94.87,98.71,94.87,0.0,1.0,0.15384615384615385,0.4165746203271768,0.2848284828482848,0.18528605015673982,0.0,medium,0.8525
4824655,0,0.7687,7,0.00378900507881814,0.1283,89.69,89.69,93.75,0.0,0.6841027041791862,0.3076923076923077,0.00629193621362515,0.12821282128212821,0.1751371473354232,0.0,low,0.9224
312548552,0,0.6583,7,0.0941588573718934,0.4143,9.93,9.93,15.38,0.0,0.533324228352909,0.3076923076923077,0.15635814415420915,0.41424142414241427,0.01886755485893417,0.0,medium,0.9781
"[4824649, 1331895284, 1469856941]",0,0.6294,6,0.2278672391300416,0.313,38.67,38.67,48.46,0.0,0.49385413821360286,0.23076923076923078,0.3783913699610281,0.31293129312931295,0.07517633228840126,0.0,medium,1.0
807264825,0,0.6111,7,0.27852098883143306,0.336,147.02,147.02,152.73,0.0,0.4688609669489211,0.3076923076923077,0.46250588318394925,0.335933593359336,0.287460815047022,0.0,high,0.7634
1304263460,0,0.9979,7,0.0019438302198095559,0.1799,32.4,32.4,37.09,0.0,0.997131931166348,0.3076923076923077,0.0032278790413203797,0.17981798179817984,0.06289184952978057,0.0,low,1.0
1304263455,0,0.646,9,0.16177444039594055,0.0223,6.81,6.81,18.74,0.0,0.5165255394700902,0.46153846153846156,0.2686391082660427,0.022202220222022204,0.012754702194357367,0.0,medium,0.9907
1304263469,0,0.8707,7,0.0019438302198095559,0.1799,67.0,73.39,67.0,0.0,0.823408904670855,0.3076923076923077,0.0032278790413203797,0.17981798179817984,0.1306818181818182,0.0,low,1.0
4346230,0,0.5608,10,0.16298601389461026,0.1799,116.13,128.02,116.13,0.0,0.40016388964763727,0.5384615384615384,0.2706510208228656,0.17981798179817984,0.2269396551724138,0.0,medium,0.9775
32480199,0,0.3754,5,0.4973789049124349,0.0925,119.84,126.07,119.84,0.0,0.14695438404807434,0.15384615384615385,0.8259365706386765,0.0924092409240924,0.2342084639498433,0.0,high,1.0
45316487,0,0.839,10,0.3697454558889457,0.0051,59.84,88.74,59.84,0.0,0.780114722753346,0.5384615384615384,0.6139912457839127,0.005000500050005001,0.116653605015674,0.0,medium,1.0
"[410664153, 102154798]",0,0.7228,10,0.20517867765217707,0.0925,90.47,105.94,90.47,0.0,0.621414913957935,0.5384615384615384,0.3407152390587887,0.0924092409240924,0.17666536050156742,0.0,medium,1.0
1371903314,0,0.8638,9,0.20517867765217707,0.0925,106.61,120.41,106.61,0.0,0.8139852499317128,0.46153846153846156,0.3407152390587887,0.0924092409240924,0.20828761755485894,0.0,medium,1.0
31000487,0,0.8019,10,0.06056401969144152,0.3047,8.73,8.73,19.38,0.0,0.7294455066921607,0.5384615384615384,0.10057128859163601,0.30463046304630464,0.016516457680250785,0.0,low,0.9763
685984978,0,0.995,9,0.004445515068427371,0.3047,76.18,76.18,78.25,0.0,0.9931712646817811,0.46153846153846156,0.007382122399791117,0.30463046304630464,0.14866771159874612,0.0,low,1.0
48502062,0,0.8587,10,0.03244914124705483,0.8737,210.63,210.63,225.01,0.0,0.8070199399071292,0.5384615384615384,0.053884333951312105,0.8736873687368737,0.4120885579937304,0.0,medium,0.9971
194937959,0,0.6995,11,0.09220393517607617,1.0,161.4,161.4,163.53,0.0,0.5895930073750342,0.6153846153846154,0.15311184294533076,1.0,0.31563479623824453,0.0,high,0.9779
194937959,0,0.6285,11,0.3854783293791866,1.0,251.05,253.12,251.05,0.0,0.49262496585632337,0.6153846153846154,0.6401169127489599,1.0,0.4912813479623825,0.0,high,1.0
105732839,0,0.9463,8,0.009430989050262809,0.5,256.54,264.05,256.54,0.0,0.9266593826823274,0.38461538461538464,0.01566089188161107,0.49994999499949994,0.502037617554859,0.0,medium,1.0
1333795004,0,0.8702,8,0.04876010042697583,0.5,209.59,216.68,209.59,0.0,0.8227260311390332,0.38461538461538464,0.08096995741859715,0.49994999499949994,0.41005094043887147,0.0,medium,1.0
1333795006,0,1.0,6,0.043989380937893896,0.0586,97.66,99.65,97.66,0.0,1.0,0.23076923076923078,0.07304780456885054,0.0585058505850585,0.1907523510971787,0.0,low,1.0
105732840,0,0.8292,7,0.08303516924962581,0.0257,136.4,141.41,136.4,0.0,0.7667304015296369,0.3076923076923077,0.13788638999654163,0.025602560256025603,0.266653605015674,0.0,medium,0.9843
105732832,0,0.672,9,0.21803211840452813,0.1817,227.39,227.39,227.65,0.0,0.5520349631248294,0.46153846153846156,0.36205938274997074,0.18161816181618162,0.4449255485893417,0.0,high,0.8976
1333795004,0,0.8702,8,0.048760100426975844,0.5,209.59,216.68,209.59,0.0,0.8227260311390332,0.38461538461538464,0.08096995741859717,0.49994999499949994,0.41005094043887147,0.0,medium,1.0
48502062,0,0.6016,9,0.1360888813375196,0.4543,181.77,185.49,181.77,0.0,0.4558863698443049,0.46153846153846156,0.22598622847344718,0.45424542454245426,0.355544670846395,0.0,high,0.829
16096610,0,0.4909,6,0.4424390551057846,0.3366,242.71,259.74,242.71,0.0,0.3046981698989348,0.23076923076923078,0.7347046529569764,0.3365336533653365,0.47494122257053295,0.0,high,1.0
"[131492912, 1331911511]",0,1.0,6,0.0020069124806931732,0.5,6.41,68.41,6.41,0.0,1.0,0.23076923076923078,0.0033326320694477534,0.49994999499949994,0.01197100313479624,0.0,low,1.0
621180006,0,0.804,6,0.1136878792046444,0.133,123.69,132.58,123.69,0.0,0.7323135755258127,0.23076923076923078,0.1887876123547938,0.13291329132913293,0.24175156739811912,0.0,medium,0.9979
621180011,0,0.8638,7,0.0033930170427726373,1.0,98.63,102.84,98.63,0.0,0.8139852499317128,0.3076923076923077,0.005634367107874367,1.0,0.19265282131661443,0.0,medium,0.9999
"[217347924, 217347925, 217347926]",0,1.0,5,0.009430989050262809,0.5,409.44,416.67,409.44,0.0,1.0,0.15384615384615385,0.01566089188161107,0.49994999499949994,0.8016065830721003,0.0,medium,0.9998
"[32438629, 32439183]",0,0.6441,6,0.1580492656988981,0.1917,41.09,41.09,48.31,0.0,0.5139306200491669,0.23076923076923078,0.2624531643199529,0.19161916191619163,0.0799177115987461,0.0,medium,0.9995
"[108792285, 240866222]",0,0.6519,6,0.1102777769217874,0.3171,133.81,133.81,134.26,0.0,0.5245834471455887,0.23076923076923078,0.1831248707956036,0.31703170317031704,0.26157915360501566,0.0,medium,1.0
4336788,0,0.9295,7,0.1580492656988981,0.8465,31.45,31.45,36.81,0.0,0.9037148320131112,0.3076923076923077,0.2624531643199529,0.8464846484648465,0.06103056426332289,0.0,medium,0.982
31785502,0,1.0,4,0.1026800448844888,1.0,33.96,33.96,44.66,0.0,1.0,0.07692307692307693,0.17050824249694854,1.0,0.06594827586206897,0.0,low,0.9949
4346237,0,0.9952,9,0.00011735744082109791,1.0,210.43,225.21,210.43,0.0,0.9934444140945098,0.46153846153846156,0.00019487813565771802,1.0,0.41169670846394985,0.0,medium,1.0
1304263486,0,0.9014,7,0.016266585019183606,1.0,218.51,233.35,218.51,0.0,0.86533733952472,0.3076923076923077,0.02701193362884306,1.0,0.4275274294670846,0.0,medium,0.9999
1065425954,0,0.9726,6,0.026878611665663577,0.4112,118.6,122.14,118.6,0.0,0.9625785304561597,0.23076923076923078,0.04463403388675961,0.41114111411141113,0.23177899686520376,0.0,low,0.99
"[130757787, 1010800836, 4354750]",0,0.8263,6,0.05822334938340318,0.0302,171.73,175.07,171.73,0.0,0.7627697350450697,0.23076923076923078,0.09668442247142495,0.030103010301030103,0.3358738244514106,0.0,medium,0.9976
70663383,0,0.8223,8,0.05459959884797671,0.5,40.64,40.64,42.6,0.0,0.7573067467904945,0.38461538461538464,0.0906669012785107,0.49994999499949994,0.07903605015673983,0.0,low,0.6147
"[595924868, 178288143]",0,0.9135,7,0.0013212037351387437,0.4517,41.34,41.34,44.86,0.0,0.8818628789948101,0.3076923076923077,0.0021939590652767255,0.45164516451645165,0.0804075235109718,0.0,low,1.0
130468277,0,0.924,6,0.011346250358465293,1.0,62.05,63.78,62.05,0.0,0.8962032231630704,0.23076923076923078,0.018841333084559594,1.0,0.12098354231974923,0.0,low,0.5303
130583888,0,1.0,6,0.011346250358465293,0.5,74.32,76.1,74.32,0.0,1.0,0.23076923076923078,0.018841333084559594,0.49994999499949994,0.14502351097178684,0.0,low,1.0
28702578,0,1.0,7,7.60199657158613e-05,0.0762,69.49,69.49,73.69,0.0,1.0,0.3076923076923077,0.0001262340250669066,0.07610761076107611,0.13556034482758622,0.0,low,1.0
130757782,0,1.0,7,7.60199657158613e-05,0.0762,78.49,78.49,83.38,0.0,1.0,0.3076923076923077,0.0001262340250669066,0.07610761076107611,0.1531935736677116,0.0,low,1.0
130757785,0,1.0,7,7.60199657158613e-05,0.0762,67.47,67.47,73.16,0.0,1.0,0.3076923076923077,0.0001262340250669066,0.07610761076107611,0.13160266457680253,0.0,low,1.0
7648767,0,0.7689,8,0.06287973633762559,0.1201,91.03,91.03,96.24,0.0,0.684375853591915,0.38461538461538464,0.10441671720460674,0.12001200120012001,0.177762539184953,0.0,medium,0.9579
130757783,0,0.9715,6,7.60199657158613e-05,0.0762,68.87,68.87,71.27,0.0,0.9610762086861514,0.23076923076923078,0.0001262340250669066,0.07610761076107611,0.13434561128526648,0.0,low,1.0
7648750,0,0.9463,6,7.60199657158613e-05,0.0762,109.45,109.45,110.69,0.0,0.9266593826823274,0.23076923076923078,0.0001262340250669066,0.07610761076107611,0.21385188087774296,0.0,low,1.0
7648759,0,0.5651,6,0.23744394209052733,0.0762,52.37,52.37,57.8,0.0,0.40603660202130576,0.23076923076923078,0.3942942342613118,0.07610761076107611,0.1020180250783699,0.0,medium,1.0
260639570,0,0.2678,11,0.34178038247203135,0.1387,262.36,262.36,262.51,0.0,0.0,0.6153846153846154,0.5675530541085907,0.13861386138613863,0.5134404388714734,0.0,high,1.0
260639571,0,0.4114,10,0.3381386448664176,0.1387,373.04,373.59,373.04,0.0,0.19612127833925158,0.5384615384615384,0.5615056639787858,0.13861386138613863,0.7302899686520377,0.0,high,1.0
7732941,0,0.7654,8,0.09050942764057791,0.2055,25.81,35.87,25.81,0.0,0.6795957388691615,0.38461538461538464,0.15029798064804278,0.20542054205420543,0.04998040752351097,0.0,low,0.9113
137193151,0,1.0,7,0.09050942764057791,0.2055,11.95,11.95,24.84,0.0,1.0,0.3076923076923077,0.15029798064804278,0.20542054205420543,0.022825235109717866,0.0,low,1.0
4346257,0,0.7368,9,0.07795220429690206,0.2197,59.12,59.12,62.59,0.0,0.6405353728489485,0.46153846153846156,0.12944572913238092,0.21962196219621963,0.11524294670846395,0.0,medium,0.9925
553501867,0,0.9443,8,0.09050942764057791,0.2055,22.12,22.12,28.82,0.0,0.9239278885550398,0.38461538461538464,0.15029798064804278,0.20542054205420543,0.04275078369905956,0.0,low,1.0
858889899,0,0.8693,7,0.011752823673698122,0.2055,60.61,60.61,66.25,0.0,0.8214968587817536,0.3076923076923077,0.019516479874320338,0.20542054205420543,0.11816222570532917,0.0,low,1.0
907532169,0,0.6682,6,0.087584370305586,0.2197,80.58,80.58,82.0,0.0,0.5468451242829828,0.23076923076923078,0.14544069416219707,0.21962196219621963,0.1572884012539185,0.0,medium,0.9994
147382086,0,0.8228,6,0.008860462287835682,1.0,15.19,15.19,17.55,0.0,0.7579896203223163,0.23076923076923078,0.014713487569292437,1.0,0.02917319749216301,0.0,low,0.7724
745696396,0,0.8375,8,0.0010377983498517,1.0,29.73,29.73,29.97,0.0,0.7780661021578805,0.38461538461538464,0.0017233422566751064,1.0,0.05766065830721003,0.0,medium,0.935
44704758,0,0.6976,6,0.04726276291621473,1.0,33.55,33.55,35.87,0.0,0.5869980879541109,0.23076923076923078,0.07848351136888583,1.0,0.06514498432601881,0.0,medium,1.0
23571343,0,0.822,7,0.1579419320235755,0.1136,155.73,163.69,155.73,0.0,0.7568970226714014,0.3076923076923077,0.26227492835705957,0.11351135113511351,0.3045258620689655,0.0,medium,1.0
556468627,0,0.7323,7,0.1382233745614868,0.0001,66.61,66.86,66.61,0.0,0.6343895110625513,0.3076923076923077,0.22953072141957737,0.0,0.1299177115987461,0.0,medium,0.954
1465574039,0,0.8077,7,0.011584085331093459,0.0139,31.16,31.16,31.76,0.0,0.7373668396612948,0.3076923076923077,0.019236276658686654,0.0138013801380138,0.060462382445141065,0.0,low,1.0
1465574038,0,0.6418,6,0.2399875511090792,0.0139,23.19,23.19,23.84,0.0,0.5107894018027862,0.23076923076923078,0.3985180959830245,0.0138013801380138,0.044847178683385586,0.0,medium,0.9994
"[371655510, 23101686]",0,1.0,6,0.0009045226275691699,0.5,230.33,246.77,230.33,0.0,1.0,0.23076923076923078,0.0015020274957676767,0.49994999499949994,0.45068573667711603,0.0,medium,0.9999
"[371655509, 217347935]",0,1.0,6,0.0009045226275691699,0.5,227.56,242.74,227.56,0.0,1.0,0.23076923076923078,0.0015020274957676767,0.49994999499949994,0.44525862068965516,0.0,medium,0.9999
202319713,0,1.0,6,0.03239853624320324,0.5,230.98,248.55,230.98,0.0,1.0,0.23076923076923078,0.0538003003843854,0.49994999499949994,0.4519592476489028,0.0,medium,1.0
251977601,0,0.9968,6,0.14551981385951812,0.1084,37.43,61.55,37.43,0.0,0.9956296093963399,0.23076923076923078,0.24164702955930106,0.10831083108310831,0.07274686520376177,0.0,low,1.0
1304263489,0,1.0,7,0.011346250358465293,1.0,84.16,89.88,84.16,0.0,1.0,0.3076923076923077,0.018841333084559594,1.0,0.1643025078369906,0.0,medium,0.5903
1304263487,0,0.9669,6,0.026878611665663577,1.0,94.06,96.93,94.06,0.0,0.9547937721933899,0.23076923076923078,0.04463403388675961,1.0,0.18369905956112856,0.0,medium,0.9528
595924867,0,0.5527,10,0.2812051519553523,0.2198,113.82,122.08,113.82,0.0,0.38910133843212236,0.5384615384615384,0.46696314599095484,0.21972197219721973,0.22241379310344828,0.0,high,0.9588
176994840,0,0.6446,10,0.2873266737675443,0.3402,118.18,128.55,118.18,0.0,0.5146134935809887,0.5384615384615384,0.4771284117501821,0.34013401340134014,0.2309561128526646,0.0,high,0.7869
176994841,0,0.9005,7,0.09079091882987268,0.0912,402.24,406.32,402.24,0.0,0.8641081671674407,0.3076923076923077,0.15076541878448188,0.09110911091109111,0.7875,0.0,medium,0.9835
504636704,0,0.8108,11,0.19278142553274066,0.0912,386.04,393.58,386.04,0.0,0.7416006555585904,0.6153846153846154,0.32012863227300176,0.09110911091109111,0.7557601880877743,0.0,high,0.9999
172908784,0,0.5307,13,0.2497359054726889,0.1977,125.33,131.85,125.33,0.0,0.35905490303195847,0.7692307692307693,0.41470600086377696,0.19761976197619763,0.24496473354231976,0.0,high,0.999
172908784,0,0.4918,12,0.2436396071829736,0.3171,144.49,144.49,146.99,0.0,0.3059273422562142,0.6923076923076923,0.4045826207364605,0.31703170317031704,0.2825039184952978,0.0,high,1.0
172908791,0,0.4913,10,0.3307510849584623,0.2681,188.18,192.11,188.18,0.0,0.3052444687243923,0.5384615384615384,0.5492380429393554,0.268026802680268,0.36810344827586206,0.0,high,1.0
176994840,0,0.6907,7,0.03019205536489056,0.4552,91.13,95.07,91.13,0.0,0.5775744332149686,0.3076923076923077,0.050136266307756,0.45514551455145513,0.17795846394984327,0.0,medium,0.9999
217347933,0,0.672,9,0.13477070650288572,0.2542,187.61,191.61,187.61,0.0,0.5520349631248294,0.46153846153846156,0.22379729606051493,0.2541254125412541,0.3669866771159875,0.0,medium,0.9885
172908794,0,0.5466,6,0.33758279157430526,0.0708,288.73,296.17,288.73,0.0,0.3807702813438951,0.23076923076923078,0.5605826261115989,0.0707070707070707,0.5651057993730408,0.0,high,1.0
504636703,0,0.5729,10,0.4896998318913451,0.4552,95.88,101.75,95.88,0.0,0.4166894291177274,0.5384615384615384,0.8131848692744142,0.45514551455145513,0.18726489028213167,0.0,high,1.0
504636703,0,0.5186,13,0.3055029067338571,0.1332,104.16,111.26,104.16,0.0,0.3425293635618683,0.7692307692307693,0.5073114682307138,0.13311331133113313,0.20348746081504704,0.0,high,0.9995
1334816433,0,0.5115,9,0.474312768467405,0.0017,73.4,73.4,79.88,0.0,0.33283255940999723,0.46153846153846156,0.7876334469717258,0.0016001600160016,0.14322100313479627,0.0,high,0.9991
176994840,0,0.7303,6,0.059542627630167405,0.049,187.91,194.42,187.91,0.0,0.6316580169352636,0.23076923076923078,0.09887518718650216,0.048904890489048905,0.3675744514106583,0.0,medium,1.0
253834599,0,0.5764,9,0.33258589295481755,0.1332,159.78,159.78,164.46,0.0,0.4214695438404808,0.46153846153846156,0.5522848851253882,0.13311331133113313,0.31246081504702194,0.0,high,0.9977
4334267,0,0.69,12,0.21967812826573846,0.0618,233.73,244.08,233.73,0.0,0.5766184102704179,0.6923076923076923,0.3647927108658956,0.061706170617061705,0.45734717868338554,0.0,high,0.9781
4334267,0,0.6697,12,0.19217801963135672,0.1125,301.36,311.73,301.36,0.0,0.5488937448784486,0.6923076923076923,0.319126629578829,0.11241124112411241,0.5898510971786834,0.0,high,1.0
4334296,0,0.6474,14,0.23691553517305375,0.1125,313.07,323.15,313.07,0.0,0.5184375853591915,0.8461538461538461,0.39341677324590957,0.11241124112411241,0.6127938871473354,0.0,high,1.0
355350992,0,0.9305,10,0.19217801963135672,0.0479,263.94,274.32,263.94,0.0,0.9050805790767551,0.5384615384615384,0.319126629578829,0.0478047804780478,0.5165360501567398,0.0,medium,0.9999
172908784,0,0.5307,13,0.24973590547268887,0.1977,125.33,131.85,125.33,0.0,0.35905490303195847,0.7692307692307693,0.4147060008637769,0.19761976197619763,0.24496473354231976,0.0,high,0.999
504636703,0,0.5186,13,0.3055029067338571,0.1332,104.16,111.26,104.16,0.0,0.3425293635618683,0.7692307692307693,0.5073114682307138,0.13311331133113313,0.20348746081504704,0.0,high,0.9995
504636704,0,0.6,13,0.17455898219484384,0.1332,147.0,154.51,147.0,0.0,0.45370117454247477,0.7692307692307693,0.2898688398561464,0.13311331133113313,0.28742163009404387,0.0,high,0.6487
"[217347928, 241777952, 172908795, 1062595637]",0,0.8824,6,0.012726975898090472,0.3773,447.39,457.7,447.39,0.0,0.8393881453154877,0.23076923076923078,0.021134135835484798,0.37723772377237724,0.8759600313479624,0.0,medium,0.5392
"[449741728, 217347929, 23061845]",0,0.9693,6,0.10297114414050293,0.5,336.92,339.5,336.92,0.0,0.958071565146135,0.23076923076923078,0.17099163557966263,0.49994999499949994,0.6595219435736678,0.0,medium,0.9993
4334267,0,0.7746,12,0.11856230713785627,0.2681,131.48,139.94,131.48,0.0,0.6921606118546845,0.6923076923076923,0.19688198118749373,0.268026802680268,0.25701410658307206,0.0,medium,1.0
4334267,0,0.5468,11,0.2880029007994295,0.2681,176.22,186.24,176.22,0.0,0.38104343075662384,0.6153846153846154,0.47825133962720046,0.268026802680268,0.3446708463949843,0.0,high,1.0
176994840,0,0.5171,10,0.334942848791434,0.2681,180.8,189.9,180.8,0.0,0.3404807429664027,0.5384615384615384,0.5561987946395632,0.268026802680268,0.3536442006269593,0.0,high,1.0
176994840,0,0.9614,7,0.0493488724056207,0.4552,120.96,124.67,120.96,0.0,0.9472821633433488,0.3076923076923077,0.08194765933948078,0.45514551455145513,0.23640282131661441,0.0,medium,0.5637
176994840,0,0.5455,6,0.409371136682804,0.2542,161.2,168.1,161.2,0.0,0.3792679595738869,0.23076923076923078,0.6797927880340155,0.2541254125412541,0.3152429467084639,0.0,high,0.9999
172908794,0,0.6179,6,0.2840073272974883,0.049,226.84,233.43,226.84,0.0,0.47814804698169905,0.23076923076923078,0.4716163773165435,0.048904890489048905,0.44384796238244517,0.0,high,0.9132
172908788,0,0.7463,7,0.25578774293362244,0.4552,107.28,114.17,107.28,0.0,0.6535099699535646,0.3076923076923077,0.4247555503074321,0.45514551455145513,0.20960031347962385,0.0,medium,0.9997
504636703,0,0.5729,10,0.48969983189134497,0.4552,95.88,101.75,95.88,0.0,0.4166894291177274,0.5384615384615384,0.813184869274414,0.45514551455145513,0.18726489028213167,0.0,high,1.0
4334267,0,0.702,10,0.1275773579067391,0.3171,103.16,103.16,105.26,0.0,0.5930073750341437,0.5384615384615384,0.2118521780944301,0.31703170317031704,0.20152821316614422,0.0,medium,1.0
4334267,0,0.7746,12,0.11856230713785627,0.2681,131.48,139.94,131.48,0.0,0.6921606118546845,0.6923076923076923,0.19688198118749373,0.268026802680268,0.25701410658307206,0.0,medium,1.0
172908784,0,0.4918,12,0.2436396071829736,0.3171,144.49,144.49,146.99,0.0,0.3059273422562142,0.6923076923076923,0.4045826207364605,0.31703170317031704,0.2825039184952978,0.0,high,1.0
"[1259795521, 263219269, 263219270, 669676230, 669676232, 553783982]",0,0.7832,6,0.1026800448844888,0.1865,19.41,20.46,19.41,0.0,0.7039060366020214,0.23076923076923078,0.17050824249694854,0.1864186418641864,0.037441222570532916,0.0,low,0.999
131492916,0,0.6265,6,0.221985576051098,0.0277,75.42,75.85,75.42,0.0,0.48989347172903575,0.23076923076923078,0.3686244083887247,0.0276027602760276,0.14717868338557996,0.0,medium,1.0
172908788,0,0.7665,7,0.24451878608318126,0.1865,33.11,39.59,33.11,0.0,0.6810980606391697,0.3076923076923077,0.40604256606455136,0.1864186418641864,0.06428291536050157,0.0,medium,0.9991
1331761318,0,0.7931,7,0.16117471943848666,0.1354,25.87,25.87,29.24,0.0,0.7174269325320952,0.3076923076923077,0.26764322470948076,0.1353135313531353,0.05009796238244514,0.0,low,0.8779
"[131493289, 200517354, 4336707]",0,0.658,6,0.2182114950647414,0.0277,41.93,41.93,44.17,0.0,0.532914504233816,0.23076923076923078,0.3623572517240613,0.0276027602760276,0.08156347962382446,0.0,medium,0.9997
"[176353851, 1062420406]",0,0.8315,7,0.0206516950062114,0.7042,29.93,29.93,34.26,0.0,0.7698716197760176,0.3076923076923077,0.03429375174028053,0.7041704170417042,0.0580525078369906,0.0,low,0.9331
"[176353858, 894412628]",0,0.5842,9,0.08069164504952643,0.1707,5.95,5.95,13.31,0.0,0.4321223709369026,0.46153846153846156,0.13399478476534826,0.1706170617061706,0.011069749216300941,0.0,medium,0.9945
1333795013,0,0.6185,7,0.12841607972395436,0.2357,106.52,106.52,108.82,0.0,0.4789674952198854,0.3076923076923077,0.2132449412718927,0.23562356235623563,0.2081112852664577,0.0,medium,1.0
"[951550265, 1062435842, 1333795011, 1328589974]",0,0.6277,7,0.35280159097896424,0.1806,12.03,12.03,14.13,0.0,0.49153236820540847,0.3076923076923077,0.5858546328496314,0.18051805180518055,0.022981974921630094,0.0,medium,0.9999
176353858,0,0.5692,9,0.08035698181139833,0.2658,54.81,54.81,56.02,0.0,0.41163616498224537,0.46153846153846156,0.13343905028301084,0.26572657265726574,0.1067985893416928,0.0,medium,1.0
176353856,0,0.6835,8,0.06896607215497609,0.2578,13.58,13.58,15.23,0.0,0.5677410543567332,0.38461538461538464,0.11452355386735441,0.2577257725772577,0.026018808777429465,0.0,low,0.5039
70669694,0,0.889,8,0.01465658975574505,0.4748,40.27,40.92,40.27,0.0,0.8484020759355367,0.38461538461538464,0.024338410569372054,0.47474747474747475,0.07831112852664578,0.0,low,0.9993
176353862,0,1.0,7,0.005871021564342989,0.4748,43.61,43.61,54.44,0.0,1.0,0.3076923076923077,0.00974928743114437,0.47474747474747475,0.0848550156739812,0.0,low,1.0
176353854,0,0.6388,8,0.038612128056950384,0.5,21.66,21.66,25.29,0.0,0.5066921606118547,0.38461538461538464,0.06411845558237879,0.49994999499949994,0.04184952978056426,0.0,medium,0.9973
176353864,0,0.8555,7,0.0015669680833358935,0.5,55.78,55.78,58.04,0.0,0.8026495493034692,0.3076923076923077,0.002602069987726044,0.49994999499949994,0.10869905956112853,0.0,low,0.9953
4473251,0,0.5794,7,0.15261917257032667,0.1935,60.8,72.79,60.8,0.0,0.42556678503141226,0.3076923076923077,0.253436069969436,0.19341934193419344,0.11853448275862069,0.0,medium,1.0
595924867,0,0.5527,10,0.2812051519553523,0.2198,113.82,122.08,113.82,0.0,0.38910133843212236,0.5384615384615384,0.46696314599095484,0.21972197219721973,0.22241379310344828,0.0,high,0.9588
263472886,0,0.6215,13,0.3987176941968865,0.234,73.85,79.27,73.85,0.0,0.4830647364108168,0.7692307692307693,0.6621019135354053,0.23392339233923395,0.1441026645768025,0.0,high,0.9983
595924867,0,0.7078,11,0.18606143279271573,0.5,122.35,129.6,122.35,0.0,0.6009287080032778,0.6153846153846154,0.30896955872916826,0.49994999499949994,0.23912617554858934,0.0,medium,0.9468
595924867,0,0.618,11,0.3198666924825815,0.5,145.42,149.46,145.42,0.0,0.4782846216880634,0.6153846153846154,0.5311636579188366,0.49994999499949994,0.2843260188087774,0.0,high,1.0
176994842,0,0.6983,8,0.17802187729598482,0.4741,153.58,162.01,153.58,0.0,0.5879541108986617,0.38461538461538464,0.29561924801924655,0.4740474047404741,0.3003134796238245,0.0,medium,0.986
595924867,0,0.7078,11,0.18606143279271573,0.5,122.35,129.6,122.35,0.0,0.6009287080032778,0.6153846153846154,0.30896955872916826,0.49994999499949994,0.23912617554858934,0.0,medium,0.9468
4334296,0,0.6474,14,0.23691553517305372,0.1125,313.07,323.15,313.07,0.0,0.5184375853591915,0.8461538461538461,0.3934167732459095,0.11241124112411241,0.6127938871473354,0.0,high,1.0
504636704,0,0.8108,11,0.1927814255327406,0.0912,386.04,393.58,386.04,0.0,0.7416006555585904,0.6153846153846154,0.32012863227300165,0.09110911091109111,0.7557601880877743,0.0,high,0.9999
504636704,0,0.5457,13,0.33969876702138085,0.1391,259.72,267.26,259.72,0.0,0.3795411089866157,0.7692307692307693,0.564096368840847,0.13901390139013903,0.50826802507837,0.0,high,1.0
217347931,0,0.6314,8,0.16816601658894884,0.2386,277.56,281.45,277.56,0.0,0.4965856323408905,0.38461538461538464,0.27925282044670946,0.23852385238523854,0.5432210031347963,0.0,high,0.996
217347933,0,0.672,9,0.13477070650288575,0.2542,187.61,191.61,187.61,0.0,0.5520349631248294,0.46153846153846156,0.223797296060515,0.2541254125412541,0.3669866771159875,0.0,medium,0.9885
28909087,0,0.8925,8,0.05459959884797671,0.5,35.34,35.34,40.15,0.0,0.8531821906582902,0.38461538461538464,0.0906669012785107,0.49994999499949994,0.06865203761755487,0.0,low,0.9938
335205294,0,0.8005,7,0.08439611472664554,0.5,35.93,35.93,43.28,0.0,0.7275334608030593,0.3076923076923077,0.14014634640642823,0.49994999499949994,0.06980799373040752,0.0,medium,0.6178
178288146,0,0.9449,8,0.002334935698977912,0.5,53.2,53.2,57.63,0.0,0.924747336793226,0.38461538461538464,0.0038773402794912604,0.49994999499949994,0.10364420062695927,0.0,low,0.9999
335717530,0,0.776,9,0.10423576276062066,0.4992,93.3,93.3,97.97,0.0,0.6940726577437859,0.46153846153846156,0.17309163370953304,0.49914991499149913,0.1822100313479624,0.0,medium,1.0
28909087,0,0.7617,7,0.0009201539661277384,0.5,71.09,71.09,76.77,0.0,0.6745424747336795,0.3076923076923077,0.0015279845560372059,0.49994999499949994,0.13869514106583075,0.0,medium,0.8686
889285277,0,0.8398,6,0.019058375799915754,0.5,54.05,54.05,60.87,0.0,0.7812073204042612,0.23076923076923078,0.031647920578000206,0.49994999499949994,0.10530956112852664,0.0,low,0.9943
176994840,0,0.4921,9,0.383598628484916,0.1332,190.36,197.71,190.36,0.0,0.30633706637530733,0.46153846153846156,0.6369955223946755,0.13311331133113313,0.37237460815047024,0.0,high,1.0
504636704,0,0.5457,13,0.33969876702138074,0.1391,259.72,267.26,259.72,0.0,0.3795411089866157,0.7692307692307693,0.5640963688408468,0.13901390139013903,0.50826802507837,0.0,high,1.0
504636704,0,0.6,13,0.17455898219484378,0.1332,147.0,154.51,147.0,0.0,0.45370117454247477,0.7692307692307693,0.2898688398561463,0.13311331133113313,0.28742163009404387,0.0,high,0.6487
346791985,0,0.8893,6,0.025747899801805783,0.0011,277.28,296.77,277.28,0.0,0.8488118000546299,0.23076923076923078,0.04275639839907196,0.001000100010001,0.5426724137931034,0.0,medium,1.0
1336421649,0,0.7202,7,0.043433513939746406,0.0597,329.88,341.36,329.88,0.0,0.6178639715924611,0.3076923076923077,0.07212474394172035,0.059605960596059604,0.6457288401253919,0.0,medium,0.9906
186295855,0,0.5805,12,0.4493283400261332,0.2222,330.57,341.43,330.57,0.0,0.42706910680142046,0.6923076923076923,0.7461448494072941,0.22212221222122214,0.6470807210031347,0.0,high,1.0
346791980,0,0.8482,9,0.09524191509129226,0.974,229.0,283.76,229.0,0.0,0.7926795957388693,0.46153846153846156,0.15815664620779077,0.973997399739974,0.44807993730407525,0.0,medium,0.5494
108625694,0,0.9995,8,0.022791518743400165,0.0597,220.14,230.72,220.14,0.0,0.9993171264681782,0.38461538461538464,0.03784709642053705,0.059605960596059604,0.4307210031347962,0.0,medium,0.9897
1336421648,0,1.0,7,0.023609875226826983,0.0597,218.28,229.08,218.28,0.0,1.0,0.3076923076923077,0.03920604136838516,0.059605960596059604,0.427076802507837,0.0,medium,0.9386
1021329316,0,1.0,9,0.0023468456237103015,1.0,97.09,97.09,98.4,0.0,1.0,0.46153846153846156,0.0038971176410349225,1.0,0.1896355799373041,0.0,medium,0.9915
1021329315,0,1.0,7,0.0023468456237103015,1.0,90.08,90.66,90.08,0.0,1.0,0.3076923076923077,0.0038971176410349225,1.0,0.17590125391849531,0.0,medium,0.6416
192959932,0,0.6706,8,0.19998595462125113,0.4309,151.06,159.11,151.06,0.0,0.5501229172357279,0.38461538461538464,0.3320923163211303,0.4308430843084309,0.29537617554858936,0.0,medium,0.9358
325165985,0,0.7958,9,0.11261114978321791,0.5,229.74,241.2,229.74,0.0,0.7211144496039334,0.46153846153846156,0.18699961893495823,0.49994999499949994,0.44952978056426335,0.0,medium,0.9832
807264829,0,0.8591,8,0.0019339380305867077,0.5443,79.87,89.18,79.87,0.0,0.8075662387325867,0.38461538461538464,0.00321145228740593,0.5442544254425443,0.1558973354231975,0.0,medium,0.5544
1337085122,0,0.8386,9,0.01137061346411168,0.5443,74.74,84.29,74.74,0.0,0.7795684239278886,0.46153846153846156,0.01888178992702684,0.5442544254425443,0.14584639498432603,0.0,medium,0.9464
197690129,0,1.0,11,0.0020069124806931732,0.5,25.72,48.86,25.72,0.0,1.0,0.6153846153846154,0.0033326320694477534,0.49994999499949994,0.04980407523510972,0.0,low,1.0
"[1331911513, 197690130]",0,0.9677,9,0.0020069124806931732,0.5,12.43,49.78,12.43,0.0,0.9558863698443049,0.46153846153846156,0.0033326320694477534,0.49994999499949994,0.023765673981191223,0.0,low,1.0
335717527,0,0.8511,9,0.10693935951068997,0.1484,7.63,7.63,18.6,0.0,0.7966402622234362,0.46153846153846156,0.1775811675727468,0.14831483148314833,0.01436128526645768,0.0,low,0.9996
30667395,0,0.8573,7,0.09037805849156152,0.5,9.86,23.94,9.86,0.0,0.8051078940180277,0.3076923076923077,0.15007983190116495,0.49994999499949994,0.01873040752351097,0.0,low,0.9972
197690128,0,0.8985,6,2.3430396076245014e-05,0.5,39.75,41.86,39.75,0.0,0.8613766730401531,0.23076923076923078,3.8904931427907566e-05,0.49994999499949994,0.07729231974921631,0.0,low,1.0
740849894,0,0.9699,7,0.09037805849156152,0.2193,31.64,31.64,36.53,0.0,0.9588910133843211,0.3076923076923077,0.15007983190116495,0.21922192219221923,0.061402821316614425,0.0,low,1.0
197690126,0,0.8962,8,0.016588547283800482,1.0,210.85,216.41,210.85,0.0,0.8582354547937723,0.38461538461538464,0.02754657715126829,1.0,0.412519592476489,0.0,medium,0.9999
"[621180008, 186296413, 186296414]",0,0.8073,8,0.025747899801805783,0.0597,246.61,257.81,246.61,0.0,0.7368205408358374,0.38461538461538464,0.04275639839907196,0.059605960596059604,0.48258228840125394,0.0,medium,1.0
197696548,0,0.6196,7,0.07310519664500993,0.1025,430.08,430.08,435.14,0.0,0.48046981698989355,0.3076923076923077,0.1213968938214685,0.1024102410241024,0.8420454545454545,0.0,high,1.0
197690132,0,0.9659,6,1.8510702683279636e-09,1.0,170.07,170.07,174.05,0.0,0.9534280251297459,0.23076923076923078,0.0,1.0,0.332621473354232,0.0,medium,1.0
335717521,0,1.0,6,1.8510702683279636e-09,1.0,148.57,148.57,150.19,0.0,1.0,0.23076923076923078,0.0,1.0,0.2904976489028213,0.0,medium,0.999
4354739,0,0.6087,8,0.2465921119325925,0.3352,143.86,143.86,150.58,0.0,0.465583173996176,0.38461538461538464,0.4094854858010726,0.3351335133513351,0.281269592476489,0.0,high,0.6428
865502297,0,0.6545,7,0.2539809114538402,0.0017,53.28,60.6,53.28,0.0,0.5281343895110625,0.3076923076923077,0.4217551653153304,0.0016001600160016,0.10380094043887149,0.0,medium,1.0
"[1333769904, 1333795013]",0,0.57,7,0.19843069050339115,0.0277,108.55,115.06,108.55,0.0,0.41272876263316033,0.3076923076923077,0.32950967860964664,0.0276027602760276,0.21208855799373041,0.0,medium,0.9999
865502642,0,1.0,8,0.23387593361078227,0.3252,119.05,127.82,119.05,0.0,1.0,0.38461538461538464,0.38836927711167823,0.32513251325132514,0.23266065830721006,0.0,medium,0.9999
16096121,0,0.7446,13,0.23963449459715286,0.1387,221.39,228.43,221.39,0.0,0.6511881999453702,0.7692307692307693,0.3979318180309295,0.13861386138613863,0.43317006269592473,0.0,high,0.9729
865502643,0,0.7179,8,0.05524745001145189,0.0468,87.99,102.73,87.99,0.0,0.6147227533460803,0.38461538461538464,0.0917427088066377,0.046704670467046704,0.1718064263322884,0.0,medium,0.9751
"[28680698, 28680691, 28680732, 371656366]",0,0.985,5,0.003910056109556115,0.5,82.0,82.0,101.7,0.0,0.9795137940453429,0.15384615384615385,0.006492950918078075,0.49994999499949994,0.16007053291536052,0.0,low,1.0
"[28681006, 205692294]",0,0.9968,6,0.14551981385951812,0.1084,130.98,132.01,130.98,0.0,0.9956296093963399,0.23076923076923078,0.24164702955930106,0.10831083108310831,0.2560344827586207,0.0,low,0.8508
217347936,0,1.0,6,0.05782263773209257,0.5,263.61,271.12,263.61,0.0,1.0,0.23076923076923078,0.09601900943307255,0.49994999499949994,0.5158894984326019,0.0,medium,1.0
217347932,0,1.0,5,0.001010357307268594,0.5,364.71,371.54,364.71,0.0,1.0,0.15384615384615385,0.0016777742591859884,0.49994999499949994,0.713969435736677,0.0,medium,1.0
1134085829,0,0.6094,8,0.0616349901717751,0.2386,278.56,282.64,278.56,0.0,0.4665391969407267,0.38461538461538464,0.1023497188393557,0.23852385238523854,0.545180250783699,0.0,high,0.7602
1334816435,0,0.5562,6,0.10297114414050293,0.3925,180.15,184.23,180.15,0.0,0.3938814531548758,0.23076923076923078,0.17099163557966263,0.39243924392439244,0.35237068965517243,0.0,medium,0.9411
16560382,0,1.0,7,0.18832989881389262,0.1447,35.16,35.16,37.16,0.0,1.0,0.3076923076923077,0.31273652398364354,0.14461446144614462,0.06829937304075236,0.0,low,1.0
"[428946177, 1286193625]",0,0.7897,6,0.08689256388622296,0.1578,34.96,34.96,36.28,0.0,0.7127833925157062,0.23076923076923078,0.14429189549374202,0.15771577157715772,0.0679075235109718,0.0,low,0.9988
28904774,0,0.6319,8,0.03916994067887752,0.0927,25.36,30.98,25.36,0.0,0.49726850587271243,0.38461538461538464,0.06504474706997054,0.0926092609260926,0.049098746081504704,0.0,low,0.632
407468695,0,0.6352,10,0.08110133131670282,0.5443,49.39,59.4,49.39,0.0,0.501775471182737,0.5384615384615384,0.1346751008552884,0.5442544254425443,0.09617946708463951,0.0,medium,1.0
23068452,0,0.8998,7,0.012998454402917655,0.5438,100.98,114.04,100.98,0.0,0.8631521442228901,0.3076923076923077,0.021584947126231113,0.5437543754375437,0.19725705329153606,0.0,medium,0.5102
1497804206,0,0.9611,6,0.059759552964025804,1.0,112.97,121.41,112.97,0.0,0.9468724392242558,0.23076923076923078,0.09923540867002084,1.0,0.2207484326018809,0.0,medium,0.9997
23557171,0,0.813,13,0.20099837749971763,0.0003,126.92,126.92,126.99,0.0,0.7446052990986068,0.7692307692307693,0.33377352369669444,0.0002000200020002,0.24807993730407527,0.0,medium,1.0
70673935,0,0.6889,12,0.09470364711258661,0.0003,157.64,157.64,158.64,0.0,0.5751160885004097,0.6923076923076923,0.15726281012893742,0.0002000200020002,0.30826802507836987,0.0,medium,1.0
1190111144,0,0.9871,12,0.1364917807132137,0.0003,178.7,178.7,179.6,0.0,0.982381862878995,0.6923076923076923,0.22665527439924954,0.0002000200020002,0.3495297805642633,0.0,medium,1.0
232116915,0,0.9033,8,0.05767313737858947,0.0003,186.56,186.56,187.07,0.0,0.8679322589456433,0.38461538461538464,0.09577075240302642,0.0002000200020002,0.36492946708463947,0.0,medium,0.9984
1190111144,0,0.9871,12,0.1364917807132137,0.0003,178.7,178.7,179.6,0.0,0.982381862878995,0.6923076923076923,0.22665527439924954,0.0002000200020002,0.3495297805642633,0.0,medium,1.0
70674135,0,0.906,9,0.001051957017521234,0.0121,219.41,219.41,223.98,0.0,0.8716197760174818,0.46153846153846156,0.001746853831749582,0.012001200120012002,0.42929075235109715,0.0,medium,0.9999
320957635,0,0.7829,7,0.05579803399193867,0.4395,70.35,70.35,74.39,0.0,0.7034963124829283,0.3076923076923077,0.09265699656973515,0.43944394439443946,0.13724529780564262,0.0,medium,0.9611
324784389,0,0.9958,7,0.022828676362562993,0.9851,101.86,101.86,103.74,0.0,0.994263862332696,0.3076923076923077,0.0379087995534113,0.9850985098509851,0.19898119122257055,0.0,medium,0.9722
1304263479,0,0.6804,7,0.16470379628510706,0.0644,305.09,305.09,308.03,0.0,0.5635072384594374,0.3076923076923077,0.2735035328373034,0.06430643064306431,0.5971590909090909,0.0,high,0.809
"[1304263481, 1304263478]",0,0.7035,10,0.13649061783152835,0.0888,296.44,304.41,296.44,0.0,0.5950559956296094,0.5384615384615384,0.22665334334325715,0.0887088708870887,0.5802115987460815,0.0,high,0.9023
890946189,0,0.7855,7,0.17156284255781115,0.2668,130.44,130.44,131.94,0.0,0.7070472548484021,0.3076923076923077,0.2848935156481149,0.26672667266726674,0.2549764890282131,0.0,medium,1.0
4351124,0,0.6747,8,0.16712214383216684,0.1662,160.57,160.57,161.24,0.0,0.5557224801966676,0.38461538461538464,0.27751938808837456,0.16611661166116612,0.3140086206896551,0.0,medium,0.9996
245049117,0,0.5733,7,0.447719184096706,0.0285,203.01,203.01,209.47,0.0,0.41723572794318503,0.3076923076923077,0.7434727201275968,0.028402840284028404,0.3971590909090909,0.0,high,1.0
245049101,0,0.4486,7,0.5134578060065828,0.0003,110.56,110.56,117.03,0.0,0.24692706910680146,0.3076923076923077,0.8526368435042919,0.0002000200020002,0.2160266457680251,0.0,high,1.0
245049105,0,0.7744,9,0.2680855114391495,0.5,105.8,105.8,118.38,0.0,0.6918874624419556,0.46153846153846156,0.4451769567712889,0.49994999499949994,0.20670062695924765,0.0,medium,0.9968
251977598,0,1.0,7,0.011346250358465293,0.5,26.97,26.97,32.31,0.0,1.0,0.3076923076923077,0.018841333084559594,0.49994999499949994,0.05225313479623824,0.0,low,1.0
"[1333795009, 131492916]",0,0.6255,7,0.12953864154538441,0.0017,22.64,22.64,28.63,0.0,0.48852772466539196,0.3076923076923077,0.21510904297667985,0.0016001600160016,0.04376959247648903,0.0,medium,0.9049
"[28680880, 23101570]",0,0.9947,5,0.0009045226275691699,0.5,96.18,112.42,96.18,0.0,0.992761540562688,0.15384615384615385,0.0015020274957676767,0.49994999499949994,0.18785266457680252,0.0,low,1.0
"[388314420, 28680887]",0,1.0,5,0.03239853624320324,0.2849,112.87,120.21,112.87,0.0,1.0,0.15384615384615385,0.0538003003843854,0.2848284828482848,0.22055250783699062,0.0,low,1.0
552371701,0,0.7096,6,0.0019438302198095559,0.1799,49.71,53.28,49.71,0.0,0.6033870527178368,0.23076923076923078,0.0032278790413203797,0.17981798179817984,0.0968064263322884,0.0,low,0.9962
1304263463,0,0.8284,7,0.004053354944231417,0.1291,25.16,28.06,25.16,0.0,0.7656378038787217,0.3076923076923077,0.006730909841063668,0.12901290129012902,0.04870689655172414,0.0,low,1.0
547926880,0,1.0,6,0.004053354944231417,0.1799,34.94,36.54,34.94,0.0,1.0,0.23076923076923078,0.006730909841063668,0.17981798179817984,0.06786833855799373,0.0,low,1.0
1304263462,0,1.0,7,0.004053354944231417,0.1799,27.92,27.92,28.27,0.0,1.0,0.3076923076923077,0.006730909841063668,0.17981798179817984,0.05411442006269593,0.0,low,1.0
23691191,0,0.7136,8,0.0603403696091218,0.1291,43.22,43.22,43.6,0.0,0.608850040972412,0.38461538461538464,0.10019990013732633,0.12901290129012902,0.08409090909090909,0.0,low,0.6167
1304263461,0,1.0,6,0.004053354944231417,0.1799,41.64,43.0,41.64,0.0,1.0,0.23076923076923078,0.006730909841063668,0.17981798179817984,0.08099529780564264,0.0,low,1.0
552077686,0,0.7286,6,0.004053354944231417,0.1799,72.28,73.99,72.28,0.0,0.6293362469270692,0.23076923076923078,0.006730909841063668,0.17981798179817984,0.1410266457680251,0.0,low,0.9655
32151224,0,0.6853,10,0.10814640708038509,0.1799,70.03,77.58,70.03,0.0,0.570199399071292,0.5384615384615384,0.17958556447051538,0.17981798179817984,0.13661833855799374,0.0,medium,1.0
1304263464,0,0.8304,7,0.004053354944231417,0.1799,57.66,61.52,57.66,0.0,0.7683692980060093,0.3076923076923077,0.006730909841063668,0.17981798179817984,0.11238244514106584,0.0,low,0.9999
1304263465,0,1.0,7,0.004053354944231417,0.1799,48.3,52.32,48.3,0.0,1.0,0.3076923076923077,0.006730909841063668,0.17981798179817984,0.09404388714733543,0.0,low,1.0
1304263466,0,0.9937,6,0.004053354944231417,0.1799,53.57,55.97,53.57,0.0,0.991395793499044,0.23076923076923078,0.006730909841063668,0.17981798179817984,0.1043691222570533,0.0,low,1.0
260639569,0,0.6249,8,0.24983333090441795,0.5,301.03,305.07,301.03,0.0,0.48770827642720577,0.38461538461538464,0.4148677834132177,0.49994999499949994,0.5892045454545454,0.0,high,1.0
"[309273907, 362268349]",0,0.5526,12,0.30053009541068787,0.1388,104.87,114.44,104.87,0.0,0.388964763725758,0.6923076923076923,0.4990537260840091,0.13871387138713873,0.20487852664576806,0.0,high,0.99
"[309273907, 362268349]",0,0.5526,12,0.3005300954106878,0.1388,104.87,114.44,104.87,0.0,0.388964763725758,0.6923076923076923,0.499053726084009,0.13871387138713873,0.20487852664576806,0.0,high,0.99
"[859637136, 362268348, 362268349, 23202900]",0,0.3699,10,0.4354679715800557,0.1388,151.52,160.3,151.52,0.0,0.13944277519803336,0.5384615384615384,0.7231286235246104,0.13871387138713873,0.29627742946708463,0.0,high,1.0
928687320,0,0.9071,6,0.1506937146397448,0.2784,165.9,180.01,165.9,0.0,0.8731220977874897,0.23076923076923078,0.2502386964775056,0.27832783278327833,0.32445141065830724,0.0,medium,1.0
23069052,0,0.6598,11,0.21632358499609675,0.974,208.85,261.43,208.85,0.0,0.5353728489483749,0.6153846153846154,0.3592222293936545,0.973997399739974,0.40860109717868337,0.0,high,1.0
320957642,0,0.8965,8,0.09037396666768875,0.0597,209.21,219.43,209.21,0.0,0.8586451789128654,0.38461538461538464,0.15007303710758535,0.059605960596059604,0.4093064263322884,0.0,medium,1.0
320957643,0,0.9693,9,0.022791518743400165,0.0597,214.42,224.75,214.42,0.0,0.958071565146135,0.46153846153846156,0.03784709642053705,0.059605960596059604,0.4195141065830721,0.0,medium,0.9991
621180012,0,0.9503,7,0.023609875226826983,0.0597,207.28,217.74,207.28,0.0,0.9321223709369026,0.3076923076923077,0.03920604136838516,0.059605960596059604,0.405525078369906,0.0,medium,0.9809
1336421646,0,1.0,9,0.023609875226826983,0.0597,211.59,222.44,211.59,0.0,1.0,0.46153846153846156,0.03920604136838516,0.059605960596059604,0.4139694357366771,0.0,medium,0.9933
621180012,0,0.6884,7,0.1136878792046444,0.133,153.2,162.09,153.2,0.0,0.5744332149685879,0.3076923076923077,0.1887876123547938,0.13291329132913293,0.2995689655172413,0.0,medium,1.0
320957641,0,0.9446,6,0.023609875226826983,0.0597,194.09,205.27,194.09,0.0,0.924337612674133,0.23076923076923078,0.03920604136838516,0.059605960596059604,0.37968260188087777,0.0,medium,0.6938
621180006,0,0.8504,8,0.023609875226826983,0.0597,198.42,209.38,198.42,0.0,0.7956842392788857,0.38461538461538464,0.03920604136838516,0.059605960596059604,0.38816614420062695,0.0,medium,0.9999
"[644573560, 1336421647]",0,1.0,8,0.023609875226826983,0.0597,202.23,213.52,202.23,0.0,1.0,0.38461538461538464,0.03920604136838516,0.059605960596059604,0.3956308777429467,0.0,medium,0.891
23571343,0,0.7746,6,0.15629202549628635,0.241,211.66,216.43,211.66,0.0,0.6921606118546845,0.23076923076923078,0.2595351295223361,0.24092409240924093,0.4141065830721003,0.0,medium,1.0
322589266,0,0.8083,6,0.2609308987751117,0.0184,176.65,183.9,176.65,0.0,0.738186287899481,0.23076923076923078,0.4332961628501717,0.018301830183018303,0.34551332288401254,0.0,medium,1.0
176353847,0,0.6014,6,0.11665758941375334,0.7195,58.0,58.0,61.2,0.0,0.4556132204315762,0.23076923076923078,0.19371904843060075,0.7194719471947195,0.1130485893416928,0.0,medium,0.9999
243236947,0,0.677,7,0.13796027862354396,0.8566,57.6,57.6,61.81,0.0,0.5588636984430485,0.3076923076923077,0.22909383003677847,0.8565856585658567,0.11226489028213167,0.0,medium,0.9999
809156089,0,1.0,6,0.023197143707419147,0.5,36.39,36.39,42.37,0.0,1.0,0.23076923076923078,0.03852066839893265,0.49994999499949994,0.07070924764890284,0.0,low,1.0
23070037,0,0.9929,7,0.053140050897663695,1.0,100.93,105.55,100.93,0.0,0.9903031958481291,0.3076923076923077,0.08824320774960459,1.0,0.19715909090909095,0.0,medium,0.9973
335717526,0,1.0,6,0.08909413201654849,1.0,115.35,117.61,115.35,0.0,1.0,0.23076923076923078,0.147947771568092,1.0,0.22541144200626959,0.0,medium,0.9998
28869897,0,0.9999,7,0.3377328026342978,1.0,408.91,424.42,408.91,0.0,0.9998634252936356,0.3076923076923077,0.5608317312097153,1.0,0.8005681818181819,0.0,high,1.0
16096498,0,0.5524,8,0.2229266693544493,0.3665,161.16,161.95,161.16,0.0,0.3886916143130293,0.38461538461538464,0.3701871674258226,0.36643664366436646,0.3151645768025078,0.0,high,0.9827
"[1021329323, 1021329317]",0,0.8011,7,0.013694968960143187,0.9411,1.62,1.62,12.18,0.0,0.7283529090412457,0.3076923076923077,0.022741564025850185,0.9410941094109412,0.0025862068965517245,0.0,low,0.7417
325165985,0,0.8418,9,0.046336516543609804,0.0481,270.44,277.4,270.44,0.0,0.7839388145315489,0.46153846153846156,0.07694540682153345,0.048004800480048,0.5292711598746082,0.0,medium,1.0
620113821,0,0.6579,7,0.17557018630693325,0.1111,125.8,133.32,125.8,0.0,0.5327779295274516,0.3076923076923077,0.2915480233748165,0.111011101110111,0.2458855799373041,0.0,medium,1.0
1021329311,0,0.9666,11,0.07726017836672369,0.5,242.23,252.84,242.23,0.0,0.9543840480742968,0.6153846153846154,0.12829656594904815,0.49994999499949994,0.4740007836990595,0.0,medium,1.0
325165985,0,1.0,13,0.07726017836672369,0.5,257.47,267.98,257.47,0.0,1.0,0.7692307692307693,0.12829656594904815,0.49994999499949994,0.5038597178683386,0.0,medium,0.9998
325165985,0,1.0,13,0.07726017836672369,0.5,250.75,261.5,250.75,0.0,1.0,0.7692307692307693,0.12829656594904815,0.49994999499949994,0.4906935736677116,0.0,medium,0.9999
450356175,0,0.8848,12,0.022548680613917266,1.0,443.09,454.34,443.09,0.0,0.8426659382682328,0.6923076923076923,0.03744384471313468,1.0,0.8675352664576802,0.0,high,1.0
355350992,0,0.7983,6,0.22871680777950584,0.5,163.99,173.98,163.99,0.0,0.7245288172630429,0.23076923076923078,0.37980214515181676,0.49994999499949994,0.32070924764890285,0.0,medium,0.9995
326028260,0,0.5526,8,0.28053019510104465,0.4028,177.37,187.75,177.37,0.0,0.388964763725758,0.38461538461538464,0.46584232734314995,0.40274027402740276,0.3469239811912226,0.0,high,0.9999
4334267,0,0.5468,11,0.28800290079942953,0.2681,176.22,186.24,176.22,0.0,0.38104343075662384,0.6153846153846154,0.47825133962720057,0.268026802680268,0.3446708463949843,0.0,high,1.0
4334267,0,0.69,12,0.21967812826573851,0.0618,233.73,244.08,233.73,0.0,0.5766184102704179,0.6923076923076923,0.3647927108658957,0.061706170617061705,0.45734717868338554,0.0,high,0.9781
172908794,0,0.9777,10,0.018637480025196624,0.0056,325.51,333.05,325.51,0.0,0.9695438404807429,0.5384615384615384,0.030948990224042395,0.0055005500550055,0.6371669278996865,0.0,medium,1.0
326028262,0,0.7822,6,0.14700883856136238,0.0056,345.15,352.59,345.15,0.0,0.7025402895383774,0.23076923076923078,0.24411967153962605,0.0055005500550055,0.6756465517241379,0.0,medium,0.9537
1334816434,0,0.6525,8,0.17059982056670017,0.2383,306.13,310.19,306.13,0.0,0.5254028953837749,0.38461538461538464,0.2832943423098567,0.23822382238223824,0.5991967084639498,0.0,high,0.9992
326191331,0,0.7591,7,0.0635435238845198,1.0,28.91,31.42,28.91,0.0,0.6709915323682054,0.3076923076923077,0.10551898834385291,1.0,0.05605407523510972,0.0,medium,0.9999
601693108,0,0.8608,6,0.059759552964025804,0.9921,76.16,85.69,76.16,0.0,0.8098880087407813,0.23076923076923078,0.09923540867002084,0.9920992099209921,0.14862852664576803,0.0,medium,0.9998
320957635,0,0.9921,6,0.0007558357418011533,1.0,34.95,34.95,37.58,0.0,0.9892105981972138,0.23076923076923078,0.0012551212925203932,1.0,0.06788793103448278,0.0,low,0.9998
326191326,0,1.0,7,0.0007558357418011533,1.0,37.18,37.18,42.56,0.0,1.0,0.3076923076923077,0.0012551212925203932,1.0,0.07225705329153606,0.0,low,0.999
320957635,0,0.7815,8,0.011284618006520855,0.6496,18.34,18.34,21.47,0.0,0.7015842665938269,0.38461538461538464,0.018738987743629233,0.6495649564956495,0.0353448275862069,0.0,low,0.8191
320957635,0,1.0,6,0.0007558357418011533,0.4395,24.36,24.36,33.55,0.0,1.0,0.23076923076923078,0.0012551212925203932,0.43944394439443946,0.04713949843260188,0.0,low,1.0
"[1499451432, 328565744]",0,0.7805,7,0.20167759430244372,0.2633,174.72,184.46,174.72,0.0,0.700218519530183,0.3076923076923077,0.33490141632203674,0.2632263226322632,0.3417319749216301,0.0,medium,0.9999
1021329319,0,1.0,9,0.05736772441544232,1.0,104.71,104.71,105.02,0.0,1.0,0.46153846153846156,0.09526359029008244,1.0,0.20456504702194359,0.0,medium,0.9999
333774154,0,0.8287,7,0.05736772441544232,1.0,116.75,118.85,116.75,0.0,0.7660475279978148,0.3076923076923077,0.09526359029008244,1.0,0.22815438871473356,0.0,medium,1.0
400929959,0,1.0,9,0.0023468456237103015,1.0,91.32,91.32,92.86,0.0,1.0,0.46153846153846156,0.0038971176410349225,1.0,0.1783307210031348,0.0,medium,0.9813
320957635,0,0.8695,9,0.013694968960143187,0.9851,6.54,6.54,13.43,0.0,0.8217700081944826,0.46153846153846156,0.022741564025850185,0.9850985098509851,0.012225705329153605,0.0,low,0.5337
23571107,0,1.0,6,0.0002888436957673546,0.4465,224.03,234.37,224.03,0.0,1.0,0.23076923076923078,0.000479644474660453,0.4464446444644465,0.4383424764890282,0.0,medium,0.9994
459564821,0,0.8917,6,0.001682031406374438,0.4465,230.19,240.68,230.19,0.0,0.8520895930073752,0.23076923076923078,0.002793141635220149,0.4464446444644465,0.4504114420062696,0.0,medium,1.0
66835510,0,0.8558,13,0.012296863258007362,0.5165,13.32,13.32,22.59,0.0,0.8030592734225623,0.7692307692307693,0.02041990015570012,0.5164516451645165,0.025509404388714733,0.0,low,0.6546
337660133,0,0.713,10,0.1506937146397448,0.2507,87.81,97.74,87.81,0.0,0.6080305927342257,0.5384615384615384,0.2502386964775056,0.2506250625062506,0.1714537617554859,0.0,medium,1.0
"[112090849, 4346229, 429527134]",0,0.6262,10,0.06504528000209311,0.262,175.42,175.42,179.8,0.0,0.4894837476099427,0.5384615384615384,0.10801277183577382,0.2619261926192619,0.34310344827586203,0.0,medium,0.9962
23069141,0,0.6129,10,0.34197895657996025,0.4104,105.0,105.0,116.2,0.0,0.47131931166347996,0.5384615384615384,0.5678828019461266,0.41034103410341033,0.20513322884012541,0.0,high,0.9963
344727434,0,0.7651,7,0.2538751548121639,0.0364,45.2,45.2,54.01,0.0,0.6791860147500683,0.3076923076923077,0.42157954814015314,0.0363036303630363,0.0879702194357367,0.0,medium,0.9988
1336421652,0,0.7078,9,0.13021296599024387,0.0264,56.0,56.0,62.57,0.0,0.6009287080032778,0.46153846153846156,0.2162288114591326,0.026302630263026303,0.10913009404388715,0.0,medium,0.9976
1336421655,0,0.5939,7,0.3129060623314068,0.0364,20.42,20.42,30.49,0.0,0.4453701174542475,0.3076923076923077,0.5196049871325203,0.0363036303630363,0.03942006269592477,0.0,medium,1.0
"[881677574, 881677575]",0,0.8049,8,0.24075034997532402,0.5,34.76,34.76,35.35,0.0,0.7335427478830919,0.38461538461538464,0.39978478316214594,0.49994999499949994,0.06751567398119122,0.0,medium,1.0
595494639,0,0.7888,7,0.04733399836599456,0.0249,20.56,20.68,20.56,0.0,0.7115542201584266,0.3076923076923077,0.07860180340487073,0.0248024802480248,0.039694357366771155,0.0,low,1.0
16095997,0,0.5054,9,0.2936457633164982,0.2557,67.62,77.64,67.62,0.0,0.32450150232177,0.46153846153846156,0.48762175418890996,0.2556255625562556,0.13189655172413794,0.0,high,0.7978
4824591,0,0.9967,6,0.00375986603547386,0.4467,124.76,124.76,127.83,0.0,0.9954930346899756,0.23076923076923078,0.00624354855306429,0.44664466446644663,0.24384796238244516,0.0,low,0.9975
685984367,0,0.663,6,0.12371934092773756,0.7829,16.3,16.3,17.6,0.0,0.5397432395520351,0.23076923076923078,0.2054456391489912,0.7828782878287829,0.031347962382445145,0.0,medium,1.0
1111623877,0,0.825,6,0.023197143707419147,0.5,11.59,11.59,14.96,0.0,0.7609942638623326,0.23076923076923078,0.03852066839893265,0.49994999499949994,0.02211990595611285,0.0,low,1.0
363961482,0,0.9906,5,0.24777964602913663,0.2207,425.31,425.31,442.97,0.0,0.9871619776017484,0.15384615384615385,0.4114574790504428,0.22062206220622063,0.8326998432601881,0.0,high,0.7758
333774154,0,0.7171,6,0.07075145862881689,0.6197,168.66,177.42,168.66,0.0,0.6136301556951652,0.23076923076923078,0.11748832774978589,0.6196619661966197,0.329858934169279,0.0,medium,0.9999
385049902,0,0.9906,6,0.00032803239633069436,1.0,111.05,115.08,111.05,0.0,0.9871619776017484,0.23076923076923078,0.0005447203770597099,1.0,0.21698667711598746,0.0,medium,0.9067
1021329314,0,0.9315,8,0.05736772441544232,1.0,97.12,99.53,97.12,0.0,0.9064463261403988,0.38461538461538464,0.09526359029008244,1.0,0.18969435736677118,0.0,medium,1.0
"[335603849, 4354869]",0,0.8145,7,0.03167346398751519,0.0895,24.56,24.56,25.63,0.0,0.7466539196940727,0.3076923076923077,0.05259626119285106,0.0894089408940894,0.047531347962382446,0.0,low,1.0
28870169,0,0.8709,6,0.07796630628518222,0.6969,18.98,18.98,25.08,0.0,0.8236820540835837,0.23076923076923078,0.12946914658689623,0.6968696869686969,0.0365987460815047,0.0,low,0.9853
23100793,0,0.7085,8,0.07851547020494912,0.5,71.04,71.04,77.26,0.0,0.6018847309478286,0.38461538461538464,0.13038107622809936,0.49994999499949994,0.1385971786833856,0.0,medium,1.0
44098007,0,0.4559,6,0.050984642916598724,0.6782,31.29,31.29,191.51,0.0,0.25689702267140135,0.23076923076923078,0.08466398421348208,0.6781678167816781,0.06071708463949843,0.0,medium,0.9999
428731346,0,1.0,8,0.0508287867730991,0.2265,13.85,13.85,19.03,0.0,1.0,0.38461538461538464,0.08440517289703353,0.22642264226422643,0.02654780564263323,0.0,low,1.0
"[251977600, 963920402, 31785603, 1286598614]",0,0.6811,6,0.09243158734025092,0.0753,16.93,16.93,81.09,0.0,0.5644632614039881,0.23076923076923078,0.15348987716958046,0.07520752075207521,0.03258228840125392,0.0,low,0.9874
428946176,0,1.0,10,0.47867429907677883,0.1447,86.51,86.51,87.24,0.0,1.0,0.5384615384615384,0.794876109682326,0.14461446144614462,0.16890673981191226,0.0,medium,1.0
131447318,0,0.6884,9,0.08928622730957672,0.2339,154.98,154.98,155.1,0.0,0.5744332149685879,0.46153846153846156,0.14826676082674978,0.23382338233823383,0.30305642633228835,0.0,medium,1.0
70673935,0,0.6889,12,0.09470364711258661,0.0003,157.64,157.64,158.64,0.0,0.5751160885004097,0.6923076923076923,0.15726281012893742,0.0002000200020002,0.30826802507836987,0.0,medium,1.0
70673935,0,0.6165,11,0.3856586797712406,0.0003,101.13,101.13,102.45,0.0,0.4762360010925978,0.6153846153846154,0.6404163986809317,0.0002000200020002,0.19755094043887148,0.0,high,0.9031
232116915,0,0.8733,7,0.05767313737858947,0.0003,176.99,177.3,176.99,0.0,0.8269598470363289,0.3076923076923077,0.09577075240302642,0.0002000200020002,0.34617946708463954,0.0,medium,0.9944
435930186,0,0.74,7,0.05767313737858947,0.0003,183.99,184.82,183.99,0.0,0.6449057634526086,0.3076923076923077,0.09577075240302642,0.0002000200020002,0.35989420062695926,0.0,medium,1.0
450356175,0,0.8848,12,0.022548680613917262,1.0,443.09,454.34,443.09,0.0,0.8426659382682328,0.6923076923076923,0.03744384471313467,1.0,0.8675352664576802,0.0,high,1.0
620113823,0,0.9339,7,0.05114059384475151,1.0,395.93,418.78,395.93,0.0,0.9097241190931439,0.3076923076923077,0.08492295292726072,1.0,0.7751371473354233,0.0,high,0.997
"[1181404860, 450571023]",0,0.9387,11,0.031534756060188796,0.5,0.71,0.71,12.71,0.0,0.9162797049986344,0.6153846153846154,0.052365925830592595,0.49994999499949994,0.0008032915360501568,0.0,low,0.9999
"[4350986, 1028118467, 1028118317]",0,0.7801,13,0.18557066029337363,0.5,60.31,60.31,71.16,0.0,0.6996722207047255,0.7692307692307693,0.30815459260862016,0.49994999499949994,0.11757445141065832,0.0,medium,0.9999
"[450571025, 1107071892]",0,0.6716,12,0.1028135363222145,0.3081,30.28,30.28,35.31,0.0,0.5514886642993718,0.6923076923076923,0.1707299154702214,0.308030803080308,0.058738244514106586,0.0,medium,1.0
23101691,0,1.0,6,0.001682031406374438,0.4465,239.81,250.28,239.81,0.0,1.0,0.23076923076923078,0.002793141635220149,0.4464446444644465,0.4692594043887147,0.0,medium,0.9999
23066820,0,0.984,6,0.0008585269694341938,0.5,57.15,57.15,57.76,0.0,0.978148046981699,0.23076923076923078,0.0014256481079198088,0.49994999499949994,0.1113832288401254,0.0,low,1.0
77122160,0,1.0,8,9.236784044742967e-05,0.5,34.87,34.87,36.6,0.0,1.0,0.38461538461538464,0.00015338094969502336,0.49994999499949994,0.06773119122257054,0.0,low,1.0
500354062,0,1.0,7,0.1692591418646678,0.0006,81.64,81.64,82.47,0.0,1.0,0.3076923076923077,0.28106804046498673,0.0005000500050004999,0.1593652037617555,0.0,low,0.9995
1058929655,0,0.6125,7,0.16177612544648906,0.0448,81.06,81.06,86.69,0.0,0.47077301283802253,0.3076923076923077,0.26864190642427344,0.0447044704470447,0.15822884012539187,0.0,medium,1.0
"[595924867, 595924862]",0,0.7036,10,0.21925871274578354,0.8031,126.0,134.08,126.0,0.0,0.5951925703359738,0.5384615384615384,0.36409623859075074,0.8030803080308031,0.24627742946708467,0.0,high,0.9432
595924864,0,0.8048,8,0.11566795933374521,0.5,212.21,220.5,212.21,0.0,0.7334061731767276,0.38461538461538464,0.19207569027959784,0.49994999499949994,0.4151841692789969,0.0,medium,0.9992
71503214,0,0.9722,6,0.002733947139085774,0.5929,37.43,37.43,40.86,0.0,0.962032231630702,0.23076923076923078,0.004539929984160797,0.5928592859285928,0.07274686520376177,0.0,low,1.0
"[1228227016, 913290423, 131492916, 951550263]",0,0.8348,6,0.002733947139085774,0.1865,14.27,14.27,15.34,0.0,0.7743785850860421,0.23076923076923078,0.004539929984160797,0.1864186418641864,0.027370689655172413,0.0,low,1.0
23101696,0,1.0,8,0.05640317589995004,0.0022,82.26,82.26,83.76,0.0,1.0,0.38461538461538464,0.09366188203869319,0.0021002100210021006,0.16057993730407527,0.0,low,1.0
131451857,0,0.8171,7,0.03963688791620649,0.1502,11.87,11.87,17.47,0.0,0.7502048620595467,0.3076923076923077,0.06582014947947144,0.15011501150115011,0.02266849529780564,0.0,low,1.0
23077037,0,0.9934,7,0.05114059384475151,1.0,397.63,423.34,397.63,0.0,0.9909860693799509,0.3076923076923077,0.08492295292726072,1.0,0.778467868338558,0.0,high,0.9566
620113821,0,0.9837,6,0.004532055515144507,0.8394,384.75,409.5,384.75,0.0,0.9777383228626059,0.23076923076923078,0.0075258295802588665,0.8393839383938394,0.7532327586206896,0.0,medium,0.9757
"[621180008, 186296413, 186296414]",0,0.8073,8,0.025747899801805783,0.0597,246.61,257.81,246.61,0.0,0.7368205408358374,0.38461538461538464,0.04275639839907196,0.059605960596059604,0.48258228840125394,0.0,medium,1.0
621180009,0,0.8453,7,0.0033930170427726373,1.0,105.17,109.47,105.17,0.0,0.7887189292543023,0.3076923076923077,0.005634367107874367,1.0,0.20546630094043888,0.0,medium,1.0
1021329318,0,0.9599,9,0.0023468456237103015,1.0,109.59,109.59,110.82,0.0,0.9452335427478831,0.46153846153846156,0.0038971176410349225,1.0,0.21412617554858937,0.0,medium,0.9998
1021329321,0,1.0,10,0.0023468456237103015,1.0,98.2,98.2,99.6,0.0,1.0,0.5384615384615384,0.0038971176410349225,1.0,0.19181034482758622,0.0,medium,0.9985
44098013,0,0.7066,9,0.048948578445651335,1.0,120.48,167.75,120.48,0.0,0.5992898115269053,0.46153846153846156,0.08128293991026993,1.0,0.2354623824451411,0.0,medium,0.9919
1021329313,0,0.8369,11,0.07726017836672369,0.5,246.48,256.94,246.48,0.0,0.777246653919694,0.6153846153846154,0.12829656594904815,0.49994999499949994,0.48232758620689653,0.0,medium,0.9809
1021329312,0,0.8931,8,0.07726017836672369,0.5,249.76,260.1,249.76,0.0,0.8540016388964764,0.38461538461538464,0.12829656594904815,0.49994999499949994,0.4887539184952978,0.0,medium,1.0
623401002,0,0.7477,6,0.10727829546686793,0.3762,156.06,165.41,156.06,0.0,0.655422015842666,0.23076923076923078,0.17814399723759333,0.3761376137613761,0.30517241379310345,0.0,medium,1.0
644573558,0,0.8543,8,0.023609875226826983,0.0597,213.42,224.5,213.42,0.0,0.8010106528270965,0.38461538461538464,0.03920604136838516,0.059605960596059604,0.41755485893416927,0.0,medium,1.0
"[644573560, 1336421647]",0,1.0,8,0.023609875226826983,0.0597,202.23,213.52,202.23,0.0,1.0,0.38461538461538464,0.03920604136838516,0.059605960596059604,0.3956308777429467,0.0,medium,0.891
48502062,0,0.8074,8,0.17640434514392903,0.0221,318.48,318.48,340.72,0.0,0.7369571155422018,0.38461538461538464,0.2929332093667347,0.022002200220022004,0.6233934169278997,0.0,medium,0.9079
1316171549,0,0.9528,8,0.2519455626107444,0.5,227.83,227.83,254.7,0.0,0.9355367385960122,0.38461538461538464,0.4183753093681381,0.49994999499949994,0.44578761755485896,0.0,medium,0.9969
951550266,0,1.0,6,0.002733947139085774,0.5929,23.0,23.0,25.24,0.0,1.0,0.23076923076923078,0.004539929984160797,0.5928592859285928,0.04447492163009405,0.0,low,1.0
"[200517360, 1062435843]",0,0.6044,6,0.4156744700380376,0.1806,45.55,45.55,50.65,0.0,0.4597104616225076,0.23076923076923078,0.6902599660807123,0.18051805180518055,0.08865595611285267,0.0,medium,0.979
23069189,0,0.9261,8,0.018419037095791485,0.5,211.79,223.12,211.79,0.0,0.8990712919967224,0.38461538461538464,0.0305862486544208,0.49994999499949994,0.41436128526645766,0.0,medium,1.0
23069189,0,0.8428,12,0.09985287071568559,0.5,201.26,205.84,201.26,0.0,0.7853045615951926,0.6923076923076923,0.16581349866441514,0.49994999499949994,0.39373040752351096,0.0,medium,0.9968
668847425,0,1.0,8,0.09985287071568559,0.5,194.65,200.42,194.65,0.0,1.0,0.38461538461538464,0.16581349866441514,0.49994999499949994,0.3807797805642633,0.0,medium,1.0
668847425,0,1.0,8,0.09985287071568559,0.5,194.65,200.42,194.65,0.0,1.0,0.38461538461538464,0.16581349866441514,0.49994999499949994,0.3807797805642633,0.0,medium,1.0
1154081473,0,1.0,10,0.28992185227294015,0.3427,120.8,120.8,122.07,0.0,1.0,0.5384615384615384,0.4814379086382667,0.3426342634263426,0.23608934169278997,0.0,medium,1.0
"[30878112, 177699017, 928687316, 750291877]",0,0.954,5,0.003774847444605237,0.4085,163.26,163.26,164.34,0.0,0.9371756350723845,0.15384615384615385,0.006268426354686242,0.4084408440844084,0.3192789968652037,0.0,low,0.6407
601693108,0,0.8608,6,0.05975955296402581,0.9921,76.16,85.69,76.16,0.0,0.8098880087407813,0.23076923076923078,0.09923540867002086,0.9920992099209921,0.14862852664576803,0.0,medium,0.9998
197691010,0,0.8855,5,0.00908846205515671,0.5,27.43,36.36,27.43,0.0,0.8436219612127833,0.15384615384615385,0.015092099015754033,0.49994999499949994,0.05315438871473354,0.0,low,1.0
802550676,0,1.0,7,0.022263723443811254,0.5,32.96,32.96,47.24,0.0,1.0,0.3076923076923077,0.03697065104446952,0.49994999499949994,0.06398902821316615,0.0,low,1.0
"[43681706, 809156090, 1331911509, 1331911510]",0,1.0,9,0.0020069124806931732,0.5,29.87,55.17,29.87,0.0,1.0,0.46153846153846156,0.0033326320694477534,0.49994999499949994,0.05793495297805643,0.0,low,1.0
802550677,0,1.0,6,0.0020069124806931732,0.5,18.13,51.94,18.13,0.0,1.0,0.23076923076923078,0.0033326320694477534,0.49994999499949994,0.034933385579937304,0.0,low,1.0
803163854,0,1.0,7,0.0020069124806931732,0.5,15.69,53.26,15.69,0.0,1.0,0.3076923076923077,0.0033326320694477534,0.49994999499949994,0.03015282131661442,0.0,low,1.0
4824591,0,0.7582,6,0.03733526326371219,0.1701,25.72,25.72,26.62,0.0,0.669762360010926,0.23076923076923078,0.06199812172421693,0.17001700170017003,0.04980407523510972,0.0,low,0.9999
807264825,0,0.7701,6,0.09072938185979844,0.194,103.27,103.27,107.07,0.0,0.6860147500682874,0.23076923076923078,0.1506632318326072,0.19391939193919394,0.20174373040752352,0.0,medium,0.9916
"[261523809, 44098007]",0,0.6101,7,0.18323279832044398,0.5958,30.31,30.31,32.81,0.0,0.46749521988527726,0.3076923076923077,0.30427238994850886,0.5957595759575958,0.05879702194357367,0.0,medium,0.9999
854471733,0,0.6769,7,0.14998344633558935,0.0606,46.58,46.58,203.39,0.0,0.558727123736684,0.3076923076923077,0.24905924040537075,0.0605060506050605,0.09067398119122258,0.0,medium,0.9945
807264827,0,0.6498,7,0.058623105424886184,0.595,42.41,42.41,209.88,0.0,0.5217153783119367,0.3076923076923077,0.09734824864491633,0.594959495949595,0.08250391849529781,0.0,medium,0.9999
1324365480,0,0.6058,10,0.17512377660223635,0.0006,108.72,108.72,240.58,0.0,0.4616225075116089,0.5384615384615384,0.2908067251445784,0.0005000500050004999,0.2124216300940439,0.0,medium,0.9998
407468695,0,0.647,11,0.0853586494166149,0.5443,76.5,85.37,76.5,0.0,0.5178912865337341,0.6153846153846154,0.14174471054302687,0.5442544254425443,0.149294670846395,0.0,medium,0.9998
407468695,0,0.5012,10,0.1363252975068484,0.1185,55.82,55.82,57.07,0.0,0.318765364654466,0.5384615384615384,0.22637881601372506,0.1184118411841184,0.10877742946708464,0.0,medium,0.9998
"[956016457, 1331895285]",0,0.8155,7,0.1478491333595058,0.0781,33.45,33.45,44.85,0.0,0.7480196667577166,0.3076923076923077,0.24551504677494937,0.078007800780078,0.06494905956112854,0.0,low,0.9835
1225397038,0,0.9966,8,0.060618087567325604,0.1829,56.44,56.44,59.5,0.0,0.9953564599836112,0.38461538461538464,0.10066107252841852,0.18281828182818283,0.1099921630094044,0.0,low,1.0
"[1225397041, 1225397039]",0,0.6018,7,0.30535255959234514,0.0809,23.05,23.05,31.03,0.0,0.45615951925703363,0.3076923076923077,0.5070618050429481,0.0808080808080808,0.044572884012539185,0.0,medium,1.0
"[69406882, 388314425, 1225397034, 388314424]",0,0.8732,7,0.02369586784084292,0.0746,84.43,84.43,85.49,0.0,0.8268232723299644,0.3076923076923077,0.03934883882980425,0.0745074507450745,0.16483150470219438,0.0,low,0.9998
1225397035,0,0.8466,7,0.060618087567325604,0.1829,61.66,61.66,63.18,0.0,0.7904944004370391,0.3076923076923077,0.10066107252841852,0.18281828182818283,0.12021943573667712,0.0,low,0.9971
1225397036,0,0.7405,6,0.1863493759753698,0.1829,17.41,17.41,26.11,0.0,0.6455886369844306,0.23076923076923078,0.3094477109052181,0.18281828182818283,0.033522727272727273,0.0,medium,0.6688
30667395,0,1.0,7,1.2192685045835994e-05,0.5,64.28,68.4,64.28,0.0,1.0,0.3076923076923077,2.0243833313057842e-05,0.49994999499949994,0.12535266457680252,0.0,low,1.0
335717527,0,0.9629,6,2.3430396076245014e-05,0.5,56.13,56.13,60.33,0.0,0.9493307839388146,0.23076923076923078,3.8904931427907566e-05,0.49994999499949994,0.10938479623824453,0.0,low,1.0
856986746,0,0.9035,6,1.2192685045835994e-05,0.5,74.99,74.99,77.63,0.0,0.868205408358372,0.23076923076923078,2.0243833313057842e-05,0.49994999499949994,0.14633620689655172,0.0,low,0.9991
1230530505,0,0.5309,7,0.21532446818627746,0.3252,122.75,124.45,122.75,0.0,0.35932805244468735,0.3076923076923077,0.3575631177858029,0.32513251325132514,0.2399098746081505,0.0,medium,0.6283
902416256,0,0.4246,8,0.5680034176925827,0.179,129.33,134.38,129.33,0.0,0.21414913957934992,0.38461538461538464,0.9432140979516231,0.1789178917891789,0.25280172413793106,0.0,high,1.0
4346230,0,0.5802,13,0.10889959797839621,0.6501,152.2,155.78,152.2,0.0,0.42665938268232734,0.7692307692307693,0.18083629686690497,0.6500650065006501,0.2976097178683385,0.0,high,0.9987
4346230,0,0.5608,10,0.1629860138946103,0.1799,116.13,128.02,116.13,0.0,0.40016388964763727,0.5384615384615384,0.27065102082286563,0.17981798179817984,0.2269396551724138,0.0,medium,0.9775
920484636,0,0.6578,11,0.24860636640736894,0.2808,154.36,168.96,154.36,0.0,0.5326413548210872,0.6153846153846154,0.41283031289979094,0.28072807280728074,0.3018416927899687,0.0,high,0.893
920484636,0,0.7838,11,0.12983208058325224,0.5,174.05,183.87,174.05,0.0,0.7047254848402077,0.6153846153846154,0.21559632145016622,0.49994999499949994,0.3404192789968652,0.0,medium,0.993
920484636,0,0.6578,11,0.24860636640736894,0.2808,154.36,168.96,154.36,0.0,0.5326413548210872,0.6153846153846154,0.41283031289979094,0.28072807280728074,0.3018416927899687,0.0,high,0.893
920484636,0,0.8739,10,0.07573669333796866,0.5,214.81,226.86,214.81,0.0,0.8277792952745153,0.5384615384615384,0.12576669990060008,0.49994999499949994,0.4202782131661442,0.0,medium,0.9999
920484636,0,0.7838,11,0.12983208058325224,0.5,174.05,183.87,174.05,0.0,0.7047254848402077,0.6153846153846154,0.21559632145016622,0.49994999499949994,0.3404192789968652,0.0,medium,0.993
920484638,0,1.0,12,0.05329216965469729,0.5,171.8,171.8,172.45,0.0,1.0,0.6923076923076923,0.08849581284350952,0.49994999499949994,0.33601097178683387,0.0,medium,1.0
4346237,0,0.9482,10,0.06418440541647905,1.0,216.91,231.57,216.91,0.0,0.9292543021032507,0.5384615384615384,0.10658322225372338,1.0,0.42439263322884013,0.0,medium,0.9975
"[1304263483, 4346237]",0,0.7117,11,0.1622675311105079,0.2224,280.38,293.96,280.38,0.0,0.6062551215514888,0.6153846153846154,0.2694579239642897,0.2223222322232223,0.5487460815047022,0.0,high,0.9938
920484637,0,0.7697,10,0.2424930348759542,0.1799,80.09,90.57,80.09,0.0,0.6854684512428298,0.5384615384615384,0.40267864774239076,0.17981798179817984,0.15632836990595614,0.0,medium,1.0
1304263455,0,0.646,9,0.16177444039594055,0.0223,6.81,6.81,18.74,0.0,0.5165255394700902,0.46153846153846156,0.2686391082660427,0.022202220222022204,0.012754702194357367,0.0,medium,0.9907
1304263456,0,0.7975,11,0.05329216965469729,0.0223,105.13,105.13,105.92,0.0,0.723436219612128,0.6153846153846154,0.08849581284350952,0.022202220222022204,0.20538793103448277,0.0,medium,0.9972
920484638,0,1.0,12,0.05329216965469729,0.5,171.8,171.8,172.45,0.0,1.0,0.6923076923076923,0.08849581284350952,0.49994999499949994,0.33601097178683387,0.0,medium,1.0
1304263456,0,0.6343,10,0.09120033498325696,0.4721,62.21,62.21,63.67,0.0,0.5005462988254575,0.5384615384615384,0.15144528632934348,0.47204720472047207,0.12129702194357368,0.0,medium,1.0
1304263456,0,0.7975,11,0.0532921696546973,0.0223,105.13,105.13,105.92,0.0,0.723436219612128,0.6153846153846154,0.08849581284350953,0.022202220222022204,0.20538793103448277,0.0,medium,0.9972
1304263476,0,0.6516,7,0.0027532343271840475,0.2335,288.48,288.48,295.08,0.0,0.5241737230264955,0.3076923076923077,0.004571957868530443,0.23342334233423345,0.5646159874608151,0.0,medium,0.9875
"[112090849, 4346229, 429527134]",0,0.6262,10,0.06504528000209311,0.262,175.42,175.42,179.8,0.0,0.4894837476099427,0.5384615384615384,0.10801277183577382,0.2619261926192619,0.34310344827586203,0.0,medium,0.9962
7648775,0,0.7166,6,0.09673394963535996,0.0014,319.36,333.94,319.36,0.0,0.6129472821633434,0.23076923076923078,0.16063428626654028,0.0013001300130013002,0.6251175548589342,0.0,medium,0.9917
404418223,0,0.9625,6,0.11328803902834964,0.0644,309.51,309.51,314.28,0.0,0.9487844851133572,0.23076923076923078,0.18812364646886695,0.06430643064306431,0.6058189655172413,0.0,medium,1.0
1304263480,0,0.7729,7,0.11328803902834964,0.0644,308.9,308.9,311.81,0.0,0.6898388418464902,0.3076923076923077,0.18812364646886695,0.06430643064306431,0.6046238244514106,0.0,medium,0.9951
27887183,0,0.7628,8,0.13317324729714936,0.6501,131.83,148.92,131.83,0.0,0.6760447965036877,0.38461538461538464,0.22114459010535645,0.6500650065006501,0.2576998432601881,0.0,medium,0.9999
"[1304263484, 1304263485]",0,0.8294,13,0.07067343639754213,0.6501,124.64,129.0,124.64,0.0,0.7670035509423656,0.7692307692307693,0.11735876573230582,0.6500650065006501,0.24361285266457683,0.0,medium,0.9999
"[1304263482, 1304263483, 1304263485]",0,0.6847,12,0.039980298698863166,0.2808,215.51,230.61,215.51,0.0,0.5693799508331058,0.6923076923076923,0.06639040994368096,0.28072807280728074,0.42164968652037615,0.0,medium,0.9683
404418223,0,0.6472,6,0.06060971008962825,0.4988,309.29,309.29,315.54,0.0,0.5181644359464628,0.23076923076923078,0.10064716107146415,0.4987498749874988,0.6053879310344829,0.0,high,0.9708
404418223,0,0.9299,6,0.06060971008962825,0.4988,326.93,326.93,333.92,0.0,0.9042611308385686,0.23076923076923078,0.10064716107146415,0.4987498749874988,0.6399490595611286,0.0,medium,0.9998
"[745422001, 1172191844, 1304263470, 1224961879]",0,0.8621,6,0.030065604547438677,0.5637,448.63,448.63,449.54,0.0,0.8116634799235183,0.23076923076923078,0.0499262848351245,0.5636563656365636,0.8783894984326018,0.0,high,0.991
404418223,0,0.4318,6,0.18442527169567588,0.0012,298.3,298.3,304.53,0.0,0.22398251843758543,0.23076923076923078,0.30625258525646193,0.0011001100110011,0.5838557993730408,0.0,high,1.0
1304263477,0,0.726,7,0.058368913051971,0.0085,286.96,286.96,293.84,0.0,0.6257853045615952,0.3076923076923077,0.0969261423282313,0.008400840084008402,0.5616379310344827,0.0,medium,0.9998
404418223,0,1.0,6,0.0027532343271840475,0.2335,296.03,296.03,302.88,0.0,1.0,0.23076923076923078,0.004571957868530443,0.23342334233423345,0.5794083072100313,0.0,medium,1.0
404418223,0,0.7681,6,0.11328803902834964,0.0644,319.16,319.16,324.17,0.0,0.6832832559409997,0.23076923076923078,0.18812364646886695,0.06430643064306431,0.6247257053291536,0.0,medium,0.9956
928687322,0,0.7906,7,0.1506937146397448,0.25,142.86,156.97,142.86,0.0,0.7140125648729855,0.3076923076923077,0.2502386964775056,0.24992499249924993,0.2793103448275862,0.0,medium,1.0
928687320,0,1.0,6,0.1506937146397448,0.25,148.57,162.95,148.57,0.0,1.0,0.23076923076923078,0.2502386964775056,0.24992499249924993,0.2904976489028213,0.0,medium,0.9691
928687321,0,1.0,7,0.1506937146397448,0.25,144.25,158.81,144.25,0.0,1.0,0.3076923076923077,0.2502386964775056,0.24992499249924993,0.2820336990595611,0.0,medium,0.9884
337660133,0,0.713,10,0.1506937146397448,0.2507,87.81,97.74,87.81,0.0,0.6080305927342257,0.5384615384615384,0.2502386964775056,0.2506250625062506,0.1714537617554859,0.0,medium,1.0
"[935083121, 4351101]",0,0.8879,9,0.0017077244811771481,0.0323,52.36,52.36,58.54,0.0,0.8468997541655288,0.46153846153846156,0.0028358069954939748,0.032203220322032204,0.10199843260188089,0.0,low,1.0
935083119,0,0.9886,6,0.0017077244811771481,0.0323,80.18,80.18,87.5,0.0,0.9844304834744607,0.23076923076923078,0.0028358069954939748,0.032203220322032204,0.1565047021943574,0.0,low,1.0
70674279,0,0.7455,7,0.20691253784593658,0.0003,146.44,146.44,154.46,0.0,0.6524173723026496,0.3076923076923077,0.3435944495230572,0.0002000200020002,0.2863244514106583,0.0,medium,1.0
4346237,0,0.9482,10,0.06418440541647905,1.0,216.91,231.57,216.91,0.0,0.9292543021032507,0.5384615384615384,0.10658322225372338,1.0,0.42439263322884013,0.0,medium,0.9975
4346237,0,0.9952,9,0.00011735744082109791,1.0,210.43,225.21,210.43,0.0,0.9934444140945098,0.46153846153846156,0.00019487813565771802,1.0,0.41169670846394985,0.0,medium,1.0
1119609437,0,0.849,9,0.00011520106355126211,1.0,209.79,224.45,209.79,0.0,0.7937721933897842,0.46153846153846156,0.00019129730254177938,1.0,0.410442789968652,0.0,medium,0.9984
920484636,0,0.8739,10,0.07573669333796867,0.5,214.81,226.86,214.81,0.0,0.8277792952745153,0.5384615384615384,0.1257666999006001,0.49994999499949994,0.4202782131661442,0.0,medium,0.9999
1304263488,0,1.0,9,0.06418440541647905,1.0,213.95,228.53,213.95,0.0,1.0,0.46153846153846156,0.10658322225372338,1.0,0.41859326018808773,0.0,medium,1.0
1021329310,0,0.7309,8,0.07726017836672369,0.5,238.55,249.29,238.55,0.0,0.6324774651734499,0.38461538461538464,0.12829656594904815,0.49994999499949994,0.4667907523510972,0.0,medium,0.9633
325165985,0,1.0,13,0.07726017836672369,0.5,250.75,261.5,250.75,0.0,1.0,0.7692307692307693,0.12829656594904815,0.49994999499949994,0.4906935736677116,0.0,medium,0.9999
325165985,0,0.7958,9,0.11261114978321794,0.5,229.74,241.2,229.74,0.0,0.7211144496039334,0.46153846153846156,0.18699961893495828,0.49994999499949994,0.44952978056426335,0.0,medium,0.9832
325165985,0,0.8418,9,0.0463365165436098,0.0481,270.44,277.4,270.44,0.0,0.7839388145315489,0.46153846153846156,0.07694540682153345,0.048004800480048,0.5292711598746082,0.0,medium,1.0
325165985,0,1.0,13,0.07726017836672369,0.5,257.47,267.98,257.47,0.0,1.0,0.7692307692307693,0.12829656594904815,0.49994999499949994,0.5038597178683386,0.0,medium,0.9998
1058929653,0,0.9725,8,0.13221798558823666,0.4834,52.18,52.18,56.27,0.0,0.9624419557497953,0.38461538461538464,0.219558303322653,0.48334833483348333,0.10164576802507838,0.0,low,0.9021
1058929655,0,0.7901,8,0.029039894509493153,0.1464,13.42,13.42,25.83,0.0,0.7133296913411636,0.38461538461538464,0.04822301309200058,0.14631463146314633,0.025705329153605017,0.0,low,1.0
27887183,0,0.7628,8,0.13317324729714936,0.6501,131.83,148.92,131.83,0.0,0.6760447965036877,0.38461538461538464,0.22114459010535645,0.6500650065006501,0.2576998432601881,0.0,medium,0.9999
23077037,0,0.813,6,0.1366958178641961,0.1111,88.28,88.28,122.43,0.0,0.7446052990986068,0.23076923076923078,0.2269940940470634,0.111011101110111,0.17237460815047023,0.0,medium,0.8708
"[363929745, 620113821, 30741135]",0,0.8536,6,0.0842416075449826,0.1111,34.03,36.96,34.03,0.0,0.8000546298825459,0.23076923076923078,0.1398897751466175,0.111011101110111,0.06608542319749218,0.0,low,1.0
1174314381,0,0.9348,6,0.06965864875191456,0.1111,66.03,66.03,67.05,0.0,0.9109532914504235,0.23076923076923078,0.11567363147591231,0.111011101110111,0.12878134796238247,0.0,low,1.0
23069121,0,0.7755,12,0.08949978414442392,0.5,255.62,260.3,255.62,0.0,0.6933897842119641,0.6923076923076923,0.1486213886541958,0.49994999499949994,0.5002351097178683,0.0,high,0.8403
23069121,0,0.9537,14,0.04652800903382193,0.5,108.5,108.5,110.33,0.0,0.9367659109532914,0.8461538461538461,0.07726339507896733,0.49994999499949994,0.21199059561128528,0.0,medium,1.0
23069189,0,0.8428,12,0.09985287071568559,0.5,201.26,205.84,201.26,0.0,0.7853045615951926,0.6923076923076923,0.16581349866441514,0.49994999499949994,0.39373040752351096,0.0,medium,0.9968
200517359,0,1.0,7,0.1718347168599376,0.5791,238.8,241.73,238.8,0.0,1.0,0.3076923076923077,0.2853449841912336,0.579057905790579,0.46728056426332293,0.0,medium,1.0
48502225,0,0.7164,6,0.14880399844136957,0.4842,175.44,177.35,175.44,0.0,0.6126741327506147,0.23076923076923078,0.24710067492741622,0.4841484148414842,0.3431426332288401,0.0,medium,0.9991
1336421650,0,0.7311,6,0.24777964602913663,0.1025,424.43,424.43,444.94,0.0,0.6327506145861787,0.23076923076923078,0.4114574790504428,0.1024102410241024,0.8309757053291537,0.0,high,1.0
1062420408,0,0.6951,7,0.08502665565126881,0.3601,30.1,30.1,31.11,0.0,0.5835837202950015,0.3076923076923077,0.14119340892903473,0.36003600360036003,0.05838557993730408,0.0,medium,0.9515
"[1333714336, 1333714337, 1318166252, 1328517101, 553858897]",0,0.4576,9,0.18288826163527844,0.0009,11.68,11.68,19.67,0.0,0.2592187926795958,0.46153846153846156,0.3037002598351217,0.0008000800080008,0.022296238244514106,0.0,medium,1.0
1333714338,0,0.5834,9,0.200326657052697,0.0468,25.28,25.28,47.27,0.0,0.4310297732859875,0.46153846153846156,0.3326580793563227,0.046704670467046704,0.048942006269592477,0.0,medium,1.0
31785522,0,0.9204,8,0.0553346687611637,0.0468,15.83,64.56,15.83,0.0,0.8912865337339526,0.38461538461538464,0.09188754236228104,0.046704670467046704,0.030427115987460816,0.0,low,1.0
16096732,0,1.0,6,0.3373736181470689,1.0,173.86,185.33,173.86,0.0,1.0,0.23076923076923078,0.5602352772753355,1.0,0.34004702194357367,0.0,medium,0.9539
16096732,0,0.5608,8,0.514416021108167,0.5547,146.78,155.15,146.78,0.0,0.40016388964763727,0.38461538461538464,0.8542280346265237,0.5546554655465546,0.28699059561128526,0.0,high,1.0
846668103,0,0.6853,6,0.2141411467664406,0.3065,300.26,308.97,300.26,0.0,0.570199399071292,0.23076923076923078,0.35559812001559643,0.30643064306430645,0.5876959247648903,0.0,high,0.9972
1336421649,0,0.6369,7,0.17094662166414684,0.1025,413.76,425.48,413.76,0.0,0.5040972411909315,0.3076923076923077,0.28387023265694583,0.1024102410241024,0.8100705329153605,0.0,high,1.0
197696526,0,0.6849,7,0.050942792263445766,0.1025,428.26,438.76,428.26,0.0,0.5696531002458345,0.3076923076923077,0.0845944879306052,0.1024102410241024,0.8384796238244514,0.0,high,0.9986
344727433,0,0.8722,9,0.1473508828661395,0.2846,73.41,73.41,81.61,0.0,0.8254575252663208,0.46153846153846156,0.24468766286043858,0.28452845284528455,0.14324059561128527,0.0,medium,0.9948
1336421652,0,0.7078,9,0.13021296599024387,0.0264,56.0,56.0,62.57,0.0,0.6009287080032778,0.46153846153846156,0.2162288114591326,0.026302630263026303,0.10913009404388715,0.0,medium,0.9976
"[881677576, 1336421654]",0,0.7861,13,0.036460175970597475,0.3786,38.48,38.48,41.11,0.0,0.7078667030865884,0.7692307692307693,0.06054497082972578,0.3785378537853785,0.07480407523510972,0.0,medium,0.997
444662773,0,0.5477,7,0.1272487018704737,0.0506,102.89,102.89,110.47,0.0,0.3822726031139033,0.3076923076923077,0.21130641904063435,0.050505050505050504,0.20099921630094045,0.0,medium,1.0
1257741438,0,0.5516,8,0.32722160291992963,0.159,163.57,163.57,170.1,0.0,0.3875990166621142,0.38461538461538464,0.5433770619586707,0.15891589158915892,0.31988636363636364,0.0,high,0.9984
1257741438,0,0.8021,8,0.00015940408499888912,0.0093,162.83,162.83,169.65,0.0,0.7297186561048894,0.38461538461538464,0.00026469987696061553,0.0092009200920092,0.3184365203761756,0.0,medium,0.9935
511905077,0,0.5525,8,0.19303222242906665,0.2484,187.25,187.45,187.25,0.0,0.38882818901939364,0.38461538461538464,0.32054510013523585,0.24832483248324835,0.36628134796238243,0.0,high,0.9488
1021329322,0,0.9236,8,0.0023468456237103015,1.0,103.35,104.17,103.35,0.0,0.8956569243376127,0.38461538461538464,0.0038971176410349225,1.0,0.20190047021943575,0.0,medium,0.9997
398415915,0,0.7744,10,0.039963071743630965,0.5,47.11,47.11,53.5,0.0,0.6918874624419556,0.5384615384615384,0.06636180323712496,0.49994999499949994,0.09171238244514107,0.0,medium,0.995
23100787,0,0.5187,6,0.2993149742548829,0.4538,279.46,289.57,279.46,0.0,0.34266593826823283,0.23076923076923078,0.49703592236503585,0.4537453745374537,0.5469435736677115,0.0,high,1.0
28908921,0,0.7289,7,0.0382322279111579,0.5,270.41,278.36,270.41,0.0,0.6297459710461623,0.3076923076923077,0.06348760167669501,0.49994999499949994,0.5292123824451411,0.0,medium,0.9751
595924866,0,0.8808,7,0.028146829432782017,0.5,217.7,226.03,217.7,0.0,0.8372029500136575,0.3076923076923077,0.046740008681729166,0.49994999499949994,0.4259404388714733,0.0,medium,1.0
28908921,0,0.6118,8,0.19565932859917157,0.5,247.85,255.1,247.85,0.0,0.4698169898934718,0.38461538461538464,0.32490761540776736,0.49994999499949994,0.4850117554858934,0.0,high,0.9999
595924864,0,0.7366,7,0.14450159389359798,0.5,287.55,295.3,287.55,0.0,0.6402622234362197,0.3076923076923077,0.23995619566660548,0.49994999499949994,0.5627938871473355,0.0,high,0.9497
29231618,0,0.5385,8,0.4742993940209673,0.0269,230.44,247.95,230.44,0.0,0.36970773012838026,0.38461538461538464,0.787611237657344,0.026802680268026804,0.4509012539184953,0.0,high,1.0
334684998,0,0.6052,10,0.4862598409904352,0.029,136.88,142.45,136.88,0.0,0.4608030592734226,0.5384615384615384,0.8074724953272321,0.028902890289028906,0.2675940438871473,0.0,high,1.0
1318884161,0,0.9042,7,0.1478491333595058,0.0781,30.38,30.38,31.87,0.0,0.8691614313029229,0.3076923076923077,0.24551504677494937,0.078007800780078,0.05893416927899686,0.0,low,0.9999
44360626,0,0.9993,6,0.022103526263038797,0.0468,34.49,46.74,34.49,0.0,0.9990439770554495,0.23076923076923078,0.03670463109609856,0.046704670467046704,0.06698667711598748,0.0,low,1.0
44360627,0,0.7156,6,0.18470048426785993,0.0468,82.61,88.56,82.61,0.0,0.6115815350996996,0.23076923076923078,0.3067095972581115,0.046704670467046704,0.16126567398119124,0.0,medium,0.9998
70668320,0,1.0,7,0.022103526263038797,0.0468,46.95,53.56,46.95,0.0,1.0,0.3076923076923077,0.03670463109609856,0.046704670467046704,0.09139890282131663,0.0,low,1.0
70668487,0,0.8219,7,0.022103526263038797,0.0468,23.26,65.26,23.26,0.0,0.7567604479650369,0.3076923076923077,0.03670463109609856,0.046704670467046704,0.04498432601880878,0.0,low,1.0
41900604,0,0.9996,7,0.14743394544522703,0.0468,29.9,51.49,29.9,0.0,0.9994537011745426,0.3076923076923077,0.24482559476968865,0.046704670467046704,0.05799373040752351,0.0,low,1.0
1333714339,0,0.6837,7,0.14743394544522703,0.0468,26.5,55.27,26.5,0.0,0.5680142037694619,0.3076923076923077,0.24482559476968865,0.046704670467046704,0.05133228840125392,0.0,medium,0.8329
70668197,0,0.7124,6,0.07622438312313663,0.0468,24.74,25.58,24.74,0.0,0.6072111444960394,0.23076923076923078,0.12657654693314993,0.046704670467046704,0.04788401253918495,0.0,low,0.9987
23101600,0,1.0,7,0.11064029771375052,0.159,147.66,147.66,147.87,0.0,1.0,0.3076923076923077,0.18372686492494103,0.15891589158915892,0.28871473354231975,0.0,medium,0.6401
444662773,0,0.6074,7,0.11064029771375052,0.159,184.24,184.24,184.6,0.0,0.4638077028134391,0.3076923076923077,0.18372686492494103,0.15891589158915892,0.36038401253918495,0.0,medium,0.9989
23069970,0,1.0,9,9.236784044742967e-05,0.5,41.02,41.02,42.86,0.0,1.0,0.46153846153846156,0.00015338094969502336,0.49994999499949994,0.0797805642633229,0.0,low,1.0
77122156,0,0.9946,7,9.236784044742967e-05,0.5,39.29,39.29,40.03,0.0,0.9926249658563236,0.3076923076923077,0.00015338094969502336,0.49994999499949994,0.07639106583072101,0.0,low,1.0
"[23069512, 1467315892]",0,1.0,7,0.053140050897663695,1.0,92.19,96.79,92.19,0.0,1.0,0.3076923076923077,0.08824320774960459,1.0,0.18003526645768025,0.0,medium,0.9865
1467315895,0,0.9304,8,0.053140050897663695,1.0,67.37,67.37,100.96,0.0,0.9049440043703908,0.38461538461538464,0.08824320774960459,1.0,0.13140673981191225,0.0,medium,0.9981
1467315906,0,0.4598,8,0.08517320685771959,0.739,41.64,41.64,44.7,0.0,0.26222343621961214,0.38461538461538464,0.14143676866973523,0.738973897389739,0.08099529780564264,0.0,medium,0.9617
77122163,0,0.6584,9,0.0711933088909316,0.6432,17.21,19.46,17.21,0.0,0.5334608030592735,0.46153846153846156,0.11822205466900304,0.6431643164316432,0.03313087774294671,0.0,medium,1.0
77122156,0,1.0,7,9.236784044742967e-05,0.5,47.86,47.86,49.71,0.0,1.0,0.3076923076923077,0.00015338094969502336,0.49994999499949994,0.09318181818181819,0.0,low,1.0
1467315907,0,0.9957,8,9.236784044742967e-05,0.5,45.55,45.55,47.78,0.0,0.9941272876263316,0.38461538461538464,0.00015338094969502336,0.49994999499949994,0.08865595611285267,0.0,low,1.0
23066836,0,0.6684,6,0.06529931519634109,0.7455,79.4,79.4,82.93,0.0,0.5471182736957116,0.23076923076923078,0.10843461714498835,0.7454745474547455,0.15497648902821318,0.0,medium,1.0
77122156,0,0.5898,6,0.07043696155028062,0.6648,83.72,83.72,87.62,0.0,0.4397705544933079,0.23076923076923078,0.11696608075273124,0.6647664766476648,0.16344043887147336,0.0,medium,1.0
1472580727,0,1.0,7,0.041604857142287975,0.0392,43.83,43.83,49.94,0.0,1.0,0.3076923076923077,0.06908811630256698,0.0391039103910391,0.08528605015673982,0.0,low,1.0
131451858,0,0.5748,7,0.19252718822898088,0.0392,80.54,80.54,86.9,0.0,0.41928434853865065,0.3076923076923077,0.31970645134513503,0.0391039103910391,0.1572100313479624,0.0,medium,1.0
