osmid,lighting,visibility,connectivity,enclosure,dominant_land_use_score,public_transport_proximity_m,dist_to_rail_m,dist_to_bus_m,pedestrian_priority_score,lighting_norm,visibility_norm,connectivity_norm,enclosure_norm,dominant_land_use_score_norm,public_transport_proximity_m_norm,pedestrian_priority_score_norm,risk_class,risk_probability
"[4827117, 520246974]",0,1.0,6,0.010549158910508475,1.0,376.93,380.32,376.93,0.495,0.0,1.0,0.15384615384615385,0.01430296086740545,1.0,0.35975819390327757,0.56353591160221,low,0.9818
246292527,0,1.0,6,0.008696159642764628,0.5,336.02,339.16,336.02,0.3,0.0,1.0,0.15384615384615385,0.011790365986404521,0.49994999499949994,0.3206891282756513,0.13259668508287292,low,0.8858
"[306173988, 18003238]",0,1.0,6,0.06255885646927248,0.5,175.88,175.88,178.81,0.495,0.0,1.0,0.15384615384615385,0.08482608633397289,0.49994999499949994,0.16775536710214686,0.56353591160221,low,1.0
26983658,0,1.0,6,0.0429351641721161,0.5,239.48,239.48,245.51,0.26,0.0,1.0,0.15384615384615385,0.05821712341074067,0.49994999499949994,0.22849339139735658,0.04419889502762435,low,0.8862
26983658,0,1.0,6,0.017526031344777655,1.0,328.12,330.62,328.12,0.26,0.0,1.0,0.15384615384615385,0.023763328320807235,1.0,0.31314462525785014,0.04419889502762435,medium,0.9885
41736260,0,1.0,5,0.017526031344777655,1.0,313.68,315.61,313.68,0.515,0.0,1.0,0.07692307692307693,0.023763328320807235,1.0,0.2993544197417679,0.6077348066298343,low,0.9993
119060028,0,1.0,6,0.0042741816120318386,0.5,999.46,1000.32,999.46,0.3,0.0,1.0,0.15384615384615385,0.00579433589760382,0.49994999499949994,0.9542745817098328,0.13259668508287292,medium,0.8932
"[98644798, 28639278]",0,1.0,6,0.0042741816120318386,0.5,870.03,875.08,870.03,0.535,0.0,1.0,0.15384615384615385,0.00579433589760382,0.49994999499949994,0.830668882267553,0.6519337016574587,medium,0.9506
"[1056877616, 28947201, 28947204, 30915551]",0,1.0,5,0.0042741816120318386,0.5,978.71,982.54,978.71,0.3,0.0,1.0,0.07692307692307693,0.00579433589760382,0.49994999499949994,0.9344583237833296,0.13259668508287292,medium,0.9771
30915552,0,1.0,4,0.0042741816120318386,0.5,916.68,923.02,916.68,0.34,0.0,1.0,0.0,0.00579433589760382,0.49994999499949994,0.8752196500878601,0.22099447513812162,medium,0.9997
306180386,0,1.0,5,0.02189687420982172,0.6399,196.87,197.25,196.87,0.3,0.0,1.0,0.07692307692307693,0.029690021115316902,0.6398639863986398,0.18780082512033008,0.13259668508287292,low,0.9936
"[4632864, 727386562, 33396903, 33396904, 216633468, 216633469]",0,1.0,5,0.0250508379387435,0.5,175.55,177.04,175.55,0.455,0.0,1.0,0.07692307692307693,0.033966673166993235,0.49994999499949994,0.16744021697608683,0.4751381215469614,low,1.0
207351474,0,1.0,4,0.0042741816120318386,0.5,710.85,717.85,710.85,0.34,0.0,1.0,0.0,0.00579433589760382,0.49994999499949994,0.6786519214607687,0.22099447513812162,medium,0.991
"[207351473, 38611922, 1116499412, 38611921]",0,1.0,6,0.0009104312625869331,0.5,135.02,135.02,141.51,0.3,0.0,1.0,0.15384615384615385,0.0012332213542230622,0.49994999499949994,0.12873405149362063,0.13259668508287292,low,0.9996
4088315,0,1.0,5,0.0009104312625869331,0.5,155.8,159.71,155.8,0.475,0.0,1.0,0.07692307692307693,0.0012332213542230622,0.49994999499949994,0.1485789594315838,0.5193370165745856,low,1.0
4089764,0,1.0,6,0.0009104312625869331,0.5,117.06,123.68,117.06,0.455,0.0,1.0,0.15384615384615385,0.0012332213542230622,0.49994999499949994,0.11158224463289787,0.4751381215469614,low,1.0
"[196507360, 196507356, 318714422, 15093007]",0,0.9755,5,0.0042741816120318386,0.5,719.77,727.2,719.77,0.415,0.0,0.9693673418354589,0.07692307692307693,0.00579433589760382,0.49994999499949994,0.68717052486821,0.38674033149171266,medium,0.9718
"[23627013, 196507350, 23627015]",0,0.9962,4,0.0042741816120318386,0.5,663.16,670.46,663.16,0.34,0.0,0.9952488122030507,0.0,0.00579433589760382,0.49994999499949994,0.6331079532431813,0.22099447513812162,medium,0.9707
"[1501072969, 4297442]",0,1.0,6,0.0035587937277109898,0.3912,518.0,527.85,518.0,0.555,0.0,1.0,0.15384615384615385,0.004824297772190417,0.3911391139113911,0.49448009779203916,0.696132596685083,low,0.9998
"[44098689, 1501072970, 1223428814, 197895794]",0,0.9629,5,0.07996580273617332,0.2596,233.01,233.01,267.2,0.28,0.0,0.9536134033508376,0.07692307692307693,0.10842922792470086,0.2595259525952595,0.2223145389258156,0.0883977900552487,low,0.9827
44098943,0,0.9892,6,0.30419932594402654,0.0023,61.05,61.05,63.42,0.465,0.0,0.9864966241560388,0.15384615384615385,0.41248115733902957,0.0022002200220022005,0.0580926732370693,0.49723756906077354,low,1.0
31277705,0,0.9322,6,0.02105871738737651,0.0023,62.27,62.27,66.28,0.5725,0.0,0.9152288072018003,0.15384615384615385,0.028553513088459465,0.0022002200220022005,0.059257773703109494,0.7348066298342542,low,1.0
"[67625995, 45316295]",0,0.8134,7,0.12995027369805495,0.5,12.08,12.08,99.31,0.465,0.0,0.7666916729182295,0.23076923076923078,0.1762062249557243,0.49994999499949994,0.011326304530521813,0.49723756906077354,low,0.9995
179212414,0,0.6488,9,0.24949096910759738,0.056,17.34,17.34,135.26,0.4825,0.0,0.5608902225556389,0.38461538461538464,0.3382987549344399,0.055905590559055904,0.016349606539842618,0.5359116022099447,low,0.8801
41388746,0,0.8253,6,0.07996580273617332,0.5,150.93,150.93,215.94,0.425,0.0,0.7815703925981494,0.15384615384615385,0.10842922792470086,0.49994999499949994,0.14392810757124305,0.4088397790055249,low,0.992
30920039,0,0.5825,7,0.40392416973176465,0.4344,70.61,70.61,173.1,,0.0,0.47799449862465615,0.23076923076923078,0.5477041638298912,0.43434343434343436,0.06722247688899076,0.6906077348066298,medium,0.9939
"[77092421, 67605286, 41388746, 44098801, 44737266, 67625983]",0,0.853,7,0.40392416973176465,0.2152,33.3,33.3,174.19,0.465,0.0,0.8162040510127532,0.23076923076923078,0.5477041638298912,0.21512151215121514,0.03159141263656506,0.49723756906077354,low,0.9344
41388746,0,0.8387,6,0.11792805150719264,0.2002,342.2,346.2,342.2,0.425,0.0,0.7983245811452864,0.15384615384615385,0.1599045596173481,0.2001200120012001,0.32659103063641226,0.4088397790055249,low,0.8474
514121071,0,1.0,6,0.11719625923484638,0.5,143.77,143.77,145.24,0.485,0.0,1.0,0.15384615384615385,0.15891227778029587,0.49994999499949994,0.13709030483612197,0.5414364640883977,low,1.0
178567394,0,1.0,5,0.04098485471906703,0.501,286.27,286.27,287.14,0.525,0.0,1.0,0.07692307692307693,0.05557257970616312,0.5009500950095009,0.2731778592711437,0.6298342541436465,low,1.0
410755435,0,1.0,6,0.04098485471906703,0.501,364.33,364.33,364.94,0.555,0.0,1.0,0.15384615384615385,0.05557257970616312,0.5009500950095009,0.3477251890900756,0.696132596685083,low,1.0
"[27880211, 28875047]",0,1.0,10,9.498799650422e-07,0.5,309.57,309.57,314.01,0.485,0.0,1.0,0.46153846153846156,2.1535194498837838e-21,0.49994999499949994,0.29542936817174725,0.5414364640883977,low,0.999
576632589,0,1.0,7,9.498799650422e-07,0.5,202.85,202.85,204.29,0.525,0.0,1.0,0.23076923076923078,2.1535194498837838e-21,0.49994999499949994,0.19351172740469097,0.6298342541436465,low,1.0
28890269,0,1.0,7,0.11051843827163631,0.0849,38.88,38.88,40.25,0.6925,0.0,1.0,0.23076923076923078,0.1498574124813843,0.0848084808480848,0.03692031476812591,1.0,low,1.0
67502785,0,0.9524,8,0.05729622759443465,0.0849,40.93,40.93,42.15,0.4625,0.0,0.94048512128032,0.3076923076923077,0.07769016642202121,0.0848084808480848,0.03887806555122623,0.4917127071823205,low,1.0
6276353,0,1.0,10,0.012310909219753353,0.7804,47.52,47.52,49.13,,0.0,1.0,0.46153846153846156,0.01669182571245211,0.7803780378037803,0.04517151806860724,0.6906077348066298,low,1.0
6276353,0,0.8025,12,0.012310909219753351,0.7804,61.87,66.06,61.87,,0.0,0.7530632658164541,0.6153846153846154,0.016691825712452108,0.7803780378037803,0.05887577355030942,0.6906077348066298,low,0.9965
203973869,0,0.9606,10,0.16396653131183267,0.6245,66.84,66.84,67.32,0.535,0.0,0.9507376844211052,0.46153846153846156,0.22233094623273333,0.6244624462446245,0.0636221254488502,0.6519337016574587,low,0.9998
4827168,0,0.9915,7,0.05729622759443465,0.0849,45.43,45.43,45.76,0.4625,0.0,0.9893723430857715,0.23076923076923078,0.07769016642202121,0.0848084808480848,0.043175567270226915,0.4917127071823205,low,1.0
67626148,0,1.0,8,0.05729622759443465,0.2684,108.63,109.77,108.63,0.4225,0.0,1.0,0.3076923076923077,0.07769016642202121,0.26832683268326835,0.10353159141263657,0.4033149171270718,low,1.0
44887260,0,0.8641,9,0.06218471256120993,0.5,8.29,8.29,11.96,,0.0,0.8300825206301574,0.38461538461538464,0.08431876175780063,0.49994999499949994,0.007706853082741233,0.6906077348066298,low,1.0
548889114,0,0.9329,6,0.18588428379656105,0.5,38.8,38.8,44.6,,0.0,0.9161040260065014,0.15384615384615385,0.25205056547641813,0.49994999499949994,0.036843914737565896,0.6906077348066298,low,1.0
6276353,0,1.0,11,0.067189680075854,0.2458,127.23,127.23,129.22,,0.0,1.0,0.5384615384615384,0.09110530289452873,0.24572457245724572,0.12129459851783943,0.6906077348066298,low,1.0
4857421,0,0.6975,10,0.09314017657189669,0.3543,170.82,170.82,171.19,0.5525,0.0,0.6217804451112778,0.46153846153846156,0.12629316604721014,0.35423542354235427,0.16292306516922608,0.6906077348066298,low,0.9522
6276353,0,0.7419,12,0.0055340992196669676,0.2458,131.87,134.48,131.87,,0.0,0.6772943235808953,0.6153846153846154,0.007502735132581053,0.24572457245724572,0.12572580029032013,0.6906077348066298,low,0.9993
6276353,0,0.7264,11,0.008550570882250023,0.2458,177.22,184.96,177.22,,0.0,0.6579144786196549,0.5384615384615384,0.01159295329403705,0.24572457245724572,0.16903506761402706,0.6906077348066298,low,0.9983
6276353,0,0.7419,12,0.0055340992196669676,0.2458,131.87,134.48,131.87,,0.0,0.6772943235808953,0.6153846153846154,0.007502735132581053,0.24572457245724572,0.12572580029032013,0.6906077348066298,low,0.9993
28798411,0,0.7218,12,0.10467040820599126,0.0247,131.85,143.51,131.85,,0.0,0.65216304076019,0.6153846153846154,0.14192771134082752,0.024602460246024603,0.12570670028268013,0.6906077348066298,low,0.997
948255782,0,1.0,10,0.18999929800566984,0.0079,164.81,176.05,164.81,0.3625,0.0,1.0,0.46153846153846156,0.25763036457134264,0.007800780078007801,0.15718351287340518,0.27071823204419887,low,0.9932
948255784,0,0.9787,10,0.015266085714398206,0.0079,174.4,185.05,174.4,0.3625,0.0,0.9733683420855213,0.46153846153846156,0.02069893001203425,0.007800780078007801,0.16634196653678665,0.27071823204419887,low,0.9999
6276360,0,1.0,7,0.1773842936415572,0.5,50.74,50.74,50.77,,0.0,1.0,0.23076923076923078,0.24052490967946544,0.49994999499949994,0.04824661929864773,0.6906077348066298,low,1.0
44289615,0,0.8534,8,0.1375745018982788,0.5,52.73,56.74,52.73,0.5525,0.0,0.8167041760440109,0.3076923076923077,0.18654438163011405,0.49994999499949994,0.05014707005882803,0.6906077348066298,low,1.0
4857536,0,0.8189,6,0.1773842936415572,0.5,58.48,58.48,58.87,0.5525,0.0,0.7735683920980245,0.15384615384615385,0.24052490967946544,0.49994999499949994,0.05563832225532891,0.6906077348066298,low,0.9999
27880416,0,1.0,10,0.18999929800566975,0.0101,57.06,57.06,57.57,0.4725,0.0,1.0,0.46153846153846156,0.25763036457134253,0.010001000100010001,0.05428222171288869,0.5138121546961325,low,1.0
67502786,0,0.9105,11,0.0296211692187856,0.1096,34.49,34.49,35.07,0.4625,0.0,0.8880970242560638,0.5384615384615384,0.04016386448736219,0.10951095109510951,0.03272786309114524,0.4917127071823205,low,1.0
67502790,0,0.6378,12,0.18999929800566984,0.042,132.49,134.03,132.49,0.6525,0.0,0.547136784196049,0.6153846153846154,0.25763036457134264,0.041904190419041906,0.12631790052716024,0.9116022099447513,low,0.9901
6276362,0,1.0,10,0.05756180975324577,0.1029,251.32,256.68,251.32,,0.0,1.0,0.46153846153846156,0.07805028549186115,0.10281028102810282,0.2398005959202384,0.6906077348066298,low,1.0
6276362,0,0.7331,12,0.06751765113226996,0.1693,131.2,134.02,131.2,,0.0,0.6662915728932232,0.6153846153846154,0.09155001888109818,0.16921692169216923,0.12508595003438003,0.6906077348066298,low,0.9973
28798433,0,0.7371,11,0.05756180975324577,0.1029,242.91,250.59,242.91,,0.0,0.6712928232058013,0.5384615384615384,0.07805028549186115,0.10281028102810282,0.2317690427076171,0.6906077348066298,low,0.9917
255493344,0,1.0,10,0.043458311391221936,0.2372,86.43,86.43,86.87,,0.0,1.0,0.46153846153846156,0.05892649067688948,0.23712371237123714,0.08233058293223319,0.6906077348066298,low,1.0
6276386,0,0.7939,12,0.007578660278408064,0.5,114.66,118.27,114.66,,0.0,0.7423105776444112,0.6153846153846154,0.01027508034583176,0.49994999499949994,0.1092902437160975,0.6906077348066298,low,0.9989
521639308,0,0.7294,11,0.10892965653791342,0.2401,170.7,170.75,170.7,,0.0,0.6616654163540886,0.5384615384615384,0.14770308629212445,0.24002400240024005,0.16280846512338606,0.6906077348066298,low,0.9754
28798534,0,0.7667,10,0.05207111852526319,0.5,189.36,194.0,189.36,,0.0,0.7083020755188797,0.46153846153846156,0.0706051219061339,0.49994999499949994,0.18062877225150895,0.6906077348066298,low,0.9878
28798534,0,0.7798,11,0.011402812300457529,0.5,192.54,195.22,192.54,,0.0,0.7246811702925732,0.5384615384615384,0.015460481636610407,0.49994999499949994,0.18366567346626939,0.6906077348066298,low,0.9934
28798534,0,0.7179,10,0.05622930205149696,0.5,195.81,200.91,195.81,,0.0,0.6472868217054264,0.46153846153846156,0.0762434569147593,0.49994999499949994,0.1867885247154099,0.6906077348066298,low,0.9322
"[6276385, 6276350, 6276351]",0,0.6955,10,0.33041644767501055,0.5,81.81,81.81,82.21,,0.0,0.6192798199549887,0.46153846153846156,0.44803055393218283,0.49994999499949994,0.07791848116739247,0.6906077348066298,medium,0.9584
28798534,0,0.7667,10,0.0520711185252632,0.5,189.36,194.0,189.36,,0.0,0.7083020755188797,0.46153846153846156,0.07060512190613391,0.49994999499949994,0.18062877225150895,0.6906077348066298,low,0.9878
6276387,0,1.0,11,0.12119512900424216,0.5,216.28,221.51,216.28,,0.0,1.0,0.5384615384615384,0.16433458953577043,0.49994999499949994,0.20633738253495304,0.6906077348066298,low,0.9996
28798534,0,0.6726,11,0.12119512900424216,0.5,207.88,213.12,207.88,,0.0,0.5906476619154788,0.5384615384615384,0.16433458953577043,0.49994999499949994,0.19831537932615176,0.6906077348066298,medium,0.8739
6276338,0,0.7376,12,0.042277958487058294,0.5,338.18,343.26,338.18,,0.0,0.6719179794948738,0.6153846153846154,0.05732597808284667,0.49994999499949994,0.32275192910077166,0.6906077348066298,medium,0.8912
6276387,0,1.0,11,0.12119512900424216,0.5,216.28,221.51,216.28,,0.0,1.0,0.5384615384615384,0.16433458953577043,0.49994999499949994,0.20633738253495304,0.6906077348066298,low,0.9996
"[683507392, 6276329, 6276364, 6276388]",0,0.6708,10,0.3757779689185263,0.5,46.01,51.17,46.01,,0.0,0.5883970992748186,0.46153846153846156,0.509539011088588,0.49994999499949994,0.043729467491787,0.6906077348066298,medium,0.986
6276366,0,0.7953,13,0.12701653124540324,0.5,227.97,233.09,227.97,,0.0,0.7440610152538133,0.6923076923076923,0.1722281843827872,0.49994999499949994,0.2175013370005348,0.6906077348066298,medium,0.6842
1068416045,0,0.9404,7,0.008537976548577741,0.5,234.96,247.45,234.96,0.5575,0.0,0.9254813703425855,0.23076923076923078,0.01157587586779871,0.49994999499949994,0.2241767896707159,0.7016574585635359,low,1.0
28798536,0,0.924,10,0.012464330753943143,0.5,182.8,194.98,182.8,0.4725,0.0,0.9049762440610152,0.46153846153846156,0.016899859341040605,0.49994999499949994,0.17436396974558793,0.5138121546961325,low,0.9993
31761870,0,1.0,6,0.0058822139474671185,0.0001,264.79,264.96,264.79,0.555,0.0,1.0,0.15384615384615385,0.00797476515347613,0.0,0.25266445106578045,0.696132596685083,low,1.0
"[1453924154, 1453924155, 246292532]",0,1.0,5,0.0028540276905338483,0.0232,437.81,439.15,437.81,0.3,0.0,1.0,0.07692307692307693,0.003868662458059583,0.0231023102310231,0.4178986171594469,0.13259668508287292,low,0.9928
241916279,0,0.9804,4,0.002723332878634019,0.0052,323.82,328.48,323.82,0.36,0.0,0.975493873468367,0.0,0.0036914453802823644,0.0051005100510051,0.30903812361524946,0.26519337016574585,low,1.0
"[406223520, 4633053]",0,0.9858,6,0.002989268367076663,0.0707,341.22,345.22,341.22,0.475,0.0,0.9822455613903476,0.15384615384615385,0.00405204355134966,0.0706070607060706,0.3256551302620521,0.5193370165745856,low,1.0
"[37018385, 480076133]",0,0.9991,6,0.32151918565431065,0.5,245.59,245.59,248.02,0.515,0.0,0.9988747186796698,0.15384615384615385,0.43596621294873844,0.49994999499949994,0.2343284437313775,0.6077348066298343,low,0.9799
101233561,0,1.0,7,0.009885847486619153,0.0719,173.29,173.29,174.64,0.515,0.0,1.0,0.23076923076923078,0.013403536395315404,0.07180718071807181,0.16528191611276646,0.6077348066298343,low,1.0
827659510,0,1.0,6,0.009885847486619153,0.0719,125.04,125.04,126.94,0.455,0.0,1.0,0.15384615384615385,0.013403536395315404,0.07180718071807181,0.11920314768125909,0.4751381215469614,low,1.0
335706988,0,1.0,6,0.2425210725460212,1.0,98.32,98.32,104.5,0.495,0.0,1.0,0.15384615384615385,0.32884784649288124,1.0,0.093685537474215,0.56353591160221,low,0.991
1447727245,0,1.0,6,0.32737895648930715,1.0,142.29,142.29,147.4,0.535,0.0,1.0,0.15384615384615385,0.44391183411553864,1.0,0.1356769042707617,0.6519337016574587,low,0.9294
"[246292520, 246292539, 4633108, 47129933]",0,1.0,4,0.0250508379387435,0.5,185.26,187.39,185.26,0.565,0.0,1.0,0.0,0.033966673166993235,0.49994999499949994,0.1767132706853083,0.7182320441988949,low,1.0
"[246292512, 1451637154, 1451637155]",0,1.0,5,0.0250508379387435,0.5,317.25,323.23,317.25,0.455,0.0,1.0,0.07692307692307693,0.033966673166993235,0.49994999499949994,0.30276377110550845,0.4751381215469614,low,0.9999
4636197,0,1.0,7,0.015697803678446445,0.5,50.95,50.95,55.06,0.6925,0.0,1.0,0.23076923076923078,0.021284322767113145,0.49994999499949994,0.04844716937886776,1.0,low,1.0
"[1053887657, 361136020, 1030350685, 553113566]",0,0.9271,7,0.0250508379387435,0.568,119.76,122.63,119.76,0.6525,0.0,0.9088522130532634,0.23076923076923078,0.033966673166993235,0.5679567956795679,0.11416074566429828,0.9116022099447513,low,1.0
4633501,0,0.9788,7,0.003477784266613675,0.5,26.62,26.82,26.62,0.6925,0.0,0.9734933733433357,0.23076923076923078,0.004714452096151059,0.49994999499949994,0.02521201008480404,1.0,low,1.0
553113562,0,0.9465,6,0.003477784266613675,0.5,45.01,45.01,47.23,0.6925,0.0,0.9331082770692672,0.15384615384615385,0.004714452096151059,0.49994999499949994,0.04277446710978685,1.0,low,1.0
1053887653,0,0.8144,7,0.017070599642757027,0.7293,25.39,25.39,26.53,0.6525,0.0,0.7679419854963742,0.23076923076923078,0.023145780660070243,0.7292729272927292,0.02403735961494385,0.9116022099447513,low,1.0
4633492,0,0.8764,8,0.023957025196660302,0.6554,290.09,290.09,304.48,0.6525,0.0,0.8454613653413352,0.3076923076923077,0.03248350566424614,0.6553655365536554,0.2768259607303843,0.9116022099447513,low,1.0
4827140,0,1.0,7,0.010064405294326924,1.0,36.38,37.96,36.38,0.6925,0.0,1.0,0.23076923076923078,0.013645653832391108,1.0,0.034532813813125535,1.0,low,1.0
4633492,0,0.8764,8,0.023957025196660296,0.6554,290.09,290.09,304.48,0.6525,0.0,0.8454613653413352,0.3076923076923077,0.03248350566424613,0.6553655365536554,0.2768259607303843,0.9116022099447513,low,1.0
4649749,0,0.9432,7,0.003477784266613675,0.5,53.3,53.3,53.54,0.6925,0.0,0.9289822455613904,0.23076923076923078,0.004714452096151059,0.49994999499949994,0.05069142027656812,1.0,low,1.0
361136020,0,0.9077,6,0.015697803678446445,0.5,16.21,16.21,18.41,0.6125,0.0,0.8845961490372592,0.15384615384615385,0.021284322767113145,0.49994999499949994,0.015270456108182446,0.8232044198895029,low,1.0
252014960,0,1.0,5,0.02189687420982172,0.5,187.27,191.74,187.27,0.555,0.0,1.0,0.07692307692307693,0.029690021115316902,0.49994999499949994,0.17863282145312862,0.696132596685083,low,1.0
"[246292507, 246292508, 4633391]",0,1.0,5,0.0708609891714949,0.5,333.36,340.61,333.36,0.495,0.0,1.0,0.07692307692307693,0.09608345512634851,0.49994999499949994,0.3181488272595309,0.56353591160221,low,0.9999
"[246292509, 28907078]",0,1.0,5,0.02189687420982172,0.6399,183.47,190.54,183.47,0.515,0.0,1.0,0.07692307692307693,0.029690021115316902,0.6398639863986398,0.17500382000152803,0.6077348066298343,low,1.0
4636183,0,0.8923,6,0.015697803678446445,0.7025,178.79,184.62,178.79,0.6525,0.0,0.8653413353338333,0.15384615384615385,0.021284322767113145,0.7024702470247025,0.1705344182137673,0.9116022099447513,low,1.0
4636190,0,1.0,7,0.015697803678446445,0.5,42.22,42.22,47.45,0.6925,0.0,1.0,0.23076923076923078,0.021284322767113145,0.49994999499949994,0.04011001604400642,1.0,low,1.0
361136020,0,0.9029,6,0.015697803678446445,0.5,47.6,47.6,48.7,0.6125,0.0,0.8785946486621656,0.15384615384615385,0.021284322767113145,0.49994999499949994,0.04524791809916725,0.8232044198895029,low,1.0
"[1411097874, 1030350685]",0,0.9065,7,0.02189687420982172,0.6399,149.98,149.98,151.48,0.6525,0.0,0.8830957739434857,0.23076923076923078,0.029690021115316902,0.6398639863986398,0.1430208572083429,0.9116022099447513,low,1.0
1411097875,0,0.8695,9,0.02189687420982172,0.5,72.4,72.4,79.68,0.6525,0.0,0.836834208552138,0.38461538461538464,0.029690021115316902,0.49994999499949994,0.06893192757277104,0.9116022099447513,low,1.0
4649295,0,0.92,9,0.0003570889217317394,0.8346,147.73,147.73,154.12,0.6525,0.0,0.899974993748437,0.38461538461538464,0.00048291067829567985,0.8345834583458346,0.14087210634884254,0.9116022099447513,low,1.0
"[1053887660, 33396895]",0,0.9281,8,0.003477784266613675,0.5226,145.86,145.86,153.9,0.6925,0.0,0.9101025256314078,0.3076923076923077,0.004714452096151059,0.5225522552255225,0.13908625563450228,1.0,low,1.0
1411097875,0,0.8695,9,0.02189687420982172,0.5,72.4,72.4,79.68,0.6525,0.0,0.836834208552138,0.38461538461538464,0.029690021115316902,0.49994999499949994,0.06893192757277104,0.9116022099447513,low,1.0
4827061,0,0.8173,6,0.020212104552802545,0.5,67.14,73.32,67.14,,0.0,0.7715678919729931,0.15384615384615385,0.027405539038296865,0.49994999499949994,0.06390862556345023,0.6906077348066298,low,1.0
1053887655,0,1.0,7,0.009725589282710879,0.5,62.0,66.12,62.0,,0.0,1.0,0.23076923076923078,0.01318623250869887,0.49994999499949994,0.058999923599969445,0.6906077348066298,low,1.0
4827061,0,0.8173,6,0.020212104552802545,0.5,67.14,73.32,67.14,,0.0,0.7715678919729931,0.15384615384615385,0.027405539038296865,0.49994999499949994,0.06390862556345023,0.6906077348066298,low,1.0
4827063,0,0.8217,6,0.05936267829132466,0.6057,25.33,27.34,25.33,0.6925,0.0,0.777069267316829,0.15384615384615385,0.08049219313257056,0.6056605660566057,0.023980059592023838,1.0,low,1.0
77065969,0,0.9014,6,0.010906585653691965,0.7787,126.19,126.19,127.7,0.6525,0.0,0.8767191797949487,0.15384615384615385,0.014787617618699869,0.7786778677867786,0.12030139812055926,0.9116022099447513,low,1.0
4827067,0,0.8869,6,0.007872002615292278,0.5115,135.64,135.64,137.91,0.5525,0.0,0.858589647411853,0.15384615384615385,0.010672841136602895,0.5114511451145114,0.1293261517304607,0.6906077348066298,low,1.0
4827063,0,0.8736,7,0.06222356353379621,0.5,49.33,53.89,49.33,0.6925,0.0,0.8419604901225306,0.23076923076923078,0.08437144216439413,0.49994999499949994,0.04690006876002751,1.0,low,1.0
4827076,0,0.9901,6,0.009725589282710879,0.5,52.67,56.18,52.67,,0.0,0.9876219054763691,0.15384615384615385,0.01318623250869887,0.49994999499949994,0.050089770035908025,0.6906077348066298,low,1.0
335659986,0,1.0,6,0.037355026245227706,0.5,145.25,145.25,145.37,0.4725,0.0,1.0,0.15384615384615385,0.05065067358291642,0.49994999499949994,0.13850370540148219,0.5138121546961325,low,1.0
"[4827104, 28947043, 28947036]",0,1.0,6,0.037355026245227706,0.5,263.53,264.26,263.53,0.5125,0.0,1.0,0.15384615384615385,0.05065067358291642,0.49994999499949994,0.2514611505844602,0.6022099447513811,low,1.0
335659982,0,1.0,6,0.037355026245227706,0.5,160.39,161.16,160.39,0.4725,0.0,1.0,0.15384615384615385,0.05065067358291642,0.49994999499949994,0.15296241118496448,0.5138121546961325,low,1.0
335659991,0,1.0,6,0.008696159642764628,0.5,241.76,268.0,241.76,0.4225,0.0,1.0,0.15384615384615385,0.011790365986404521,0.49994999499949994,0.23067079226831694,0.4033149171270718,low,0.9999
4827126,0,1.0,6,0.008696159642764628,0.5,316.84,318.83,316.84,0.555,0.0,1.0,0.15384615384615385,0.011790365986404521,0.49994999499949994,0.3023722209488884,0.696132596685083,low,1.0
335659991,0,1.0,6,0.008696159642764628,0.5,216.73,242.99,216.73,0.4225,0.0,1.0,0.15384615384615385,0.011790365986404521,0.49994999499949994,0.2067671327068531,0.4033149171270718,low,1.0
"[4827184, 29996928, 29996926]",0,0.946,7,0.059420770030557686,0.3437,38.08,38.08,45.84,0.4625,0.0,0.932483120780195,0.23076923076923078,0.08057096326981031,0.3436343634363436,0.03615631446252579,0.4917127071823205,low,1.0
335659980,0,1.0,6,0.008696159642764628,0.5,205.17,230.88,205.17,0.4225,0.0,1.0,0.15384615384615385,0.011790365986404521,0.49994999499949994,0.1957273282909313,0.4033149171270718,low,1.0
335659988,0,1.0,6,0.008696159642764628,0.5,235.19,259.41,235.19,0.4225,0.0,1.0,0.15384615384615385,0.011790365986404521,0.49994999499949994,0.22439643975857593,0.4033149171270718,low,0.9999
"[28947042, 4827100, 28947039]",0,1.0,6,0.037355026245227706,0.5,262.14,262.69,262.14,0.5125,0.0,1.0,0.15384615384615385,0.05065067358291642,0.49994999499949994,0.25013370005348,0.6022099447513811,low,1.0
242544422,0,1.0,6,0.008696159642764628,0.5,253.68,279.67,253.68,0.4225,0.0,1.0,0.15384615384615385,0.011790365986404521,0.49994999499949994,0.24205439682175875,0.4033149171270718,low,0.9999
335659991,0,1.0,6,0.008696159642764628,0.5,205.24,231.25,205.24,0.4225,0.0,1.0,0.15384615384615385,0.011790365986404521,0.49994999499949994,0.19579417831767135,0.4033149171270718,low,1.0
"[306174029, 246292527]",0,1.0,6,0.031681784897346514,0.5,538.7,550.29,538.7,0.34,0.0,1.0,0.15384615384615385,0.04295797914017927,0.49994999499949994,0.5142486056994423,0.22099447513812162,medium,0.9305
242544428,0,1.0,6,0.037355026245227706,0.5,152.12,153.53,152.12,0.4725,0.0,1.0,0.15384615384615385,0.05065067358291642,0.49994999499949994,0.14506455802582324,0.5138121546961325,low,1.0
4827134,0,0.9487,8,0.037355026245227706,0.5,47.88,47.88,49.38,0.5125,0.0,0.9358589647411851,0.3076923076923077,0.05065067358291642,0.49994999499949994,0.04551531820612729,0.6022099447513811,low,1.0
335659984,0,1.0,6,0.037355026245227706,0.5,113.79,114.11,113.79,0.4725,0.0,1.0,0.15384615384615385,0.05065067358291642,0.49994999499949994,0.10845939338375737,0.5138121546961325,low,1.0
242544428,0,1.0,6,0.037355026245227706,0.5,115.14,116.45,115.14,0.4725,0.0,1.0,0.15384615384615385,0.05065067358291642,0.49994999499949994,0.10974864389945757,0.5138121546961325,low,1.0
4827133,0,1.0,6,0.037355026245227706,0.5,251.12,254.9,251.12,0.605,0.0,1.0,0.15384615384615385,0.05065067358291642,0.49994999499949994,0.23960959584383837,0.8066298342541436,low,1.0
242544428,0,1.0,6,0.037355026245227706,0.5,131.77,133.46,131.77,0.4725,0.0,1.0,0.15384615384615385,0.05065067358291642,0.49994999499949994,0.12563030025212013,0.5138121546961325,low,1.0
246292521,0,0.9945,6,0.020212104552802545,0.5,161.09,168.6,161.09,0.36,0.0,0.993123280820205,0.15384615384615385,0.027405539038296865,0.49994999499949994,0.1536309114523646,0.26519337016574585,low,0.9998
1466479252,0,1.0,12,0.027885361942353075,1.0,29.78,29.78,31.08,0.5525,0.0,1.0,0.6153846153846154,0.03781017738500364,1.0,0.028229811291924523,0.6906077348066298,low,1.0
239003924,0,1.0,9,0.08497616117329655,1.0,28.98,33.24,28.98,0.5525,0.0,1.0,0.38461538461538464,0.11522307894247466,1.0,0.027465810986324397,0.6906077348066298,low,1.0
"[242341016, 1385713285]",0,0.9462,12,0.012066794034473843,1.0,155.55,155.55,156.41,0.5125,0.0,0.9327331832958239,0.6153846153846154,0.01636081502314153,1.0,0.14834020933608377,0.6022099447513811,low,0.9754
4827138,0,0.9989,8,0.010064405294326924,1.0,73.58,74.05,73.58,0.5125,0.0,0.9986246561640408,0.3076923076923077,0.013645653832391108,1.0,0.07005882802353122,0.6022099447513811,low,1.0
335660083,0,1.0,6,0.010064405294326924,1.0,46.21,46.21,46.92,0.4225,0.0,1.0,0.15384615384615385,0.013645653832391108,1.0,0.04392046756818704,0.4033149171270718,low,1.0
293769218,0,1.0,4,0.010064405294326924,1.0,49.03,49.03,57.58,0.4225,0.0,1.0,0.0,0.013645653832391108,1.0,0.04661356864542746,0.4033149171270718,low,1.0
452718240,0,1.0,4,0.010064405294326924,1.0,73.68,73.68,86.73,0.4225,0.0,1.0,0.0,0.013645653832391108,1.0,0.07015432806173123,0.4033149171270718,low,1.0
293769219,0,1.0,4,0.010064405294326924,1.0,60.11,65.61,60.11,0.4225,0.0,1.0,0.0,0.013645653832391108,1.0,0.05719497287798916,0.4033149171270718,low,1.0
261868406,0,1.0,5,0.010064405294326924,1.0,47.58,52.34,47.58,0.4225,0.0,1.0,0.07692307692307693,0.013645653832391108,1.0,0.04522881809152724,0.4033149171270718,low,1.0
4827141,0,0.9969,7,0.010064405294326924,1.0,33.08,37.07,33.08,0.6925,0.0,0.9961240310077518,0.23076923076923078,0.013645653832391108,1.0,0.03138131255252502,1.0,low,1.0
452718241,0,1.0,6,0.010064405294326924,1.0,44.06,46.75,44.06,0.4225,0.0,1.0,0.15384615384615385,0.013645653832391108,1.0,0.041867216746886704,0.4033149171270718,low,1.0
452718242,0,1.0,6,0.010064405294326924,1.0,53.78,56.19,53.78,0.4225,0.0,1.0,0.15384615384615385,0.013645653832391108,1.0,0.05114982045992819,0.4033149171270718,low,1.0
293769220,0,1.0,4,0.010064405294326924,1.0,55.69,55.69,72.03,0.4225,0.0,1.0,0.0,0.013645653832391108,1.0,0.05297387118954848,0.4033149171270718,low,1.0
208914108,0,0.7125,7,0.24098727225287772,0.5,99.15,100.99,99.15,,0.0,0.6405351337834457,0.23076923076923078,0.32676807299695193,0.49994999499949994,0.09447818779127513,0.6906077348066298,low,0.9091
335706985,0,0.7603,7,0.27695415634795223,0.2484,77.11,77.36,77.11,0.4025,0.0,0.7003000750187547,0.23076923076923078,0.3755377678565025,0.24832483248324835,0.07342997937199176,0.3591160220994476,medium,0.6007
"[4827170, 505259679]",0,0.9738,8,0.13030414731476095,0.3911,46.17,46.17,48.31,0.4025,0.0,0.9672418104526131,0.3076923076923077,0.17668606380581697,0.39103910391039104,0.04388226755290703,0.3591160220994476,low,0.9999
4827182,0,1.0,8,0.15271270946213414,0.2815,127.89,127.96,127.89,0.4225,0.0,1.0,0.3076923076923077,0.20707120184779504,0.2814281428142814,0.12192489876995952,0.4033149171270718,low,0.9998
4827181,0,1.0,7,0.011491898082258116,0.2484,111.71,111.71,113.91,0.4425,0.0,1.0,0.23076923076923078,0.01558127848916106,0.24832483248324835,0.10647299258919704,0.44751381215469616,low,1.0
335706986,0,0.9595,8,0.27695415634795223,0.2484,104.58,104.58,107.02,0.4025,0.0,0.9493623405851463,0.3076923076923077,0.3755377678565025,0.24832483248324835,0.09966383986553595,0.3591160220994476,low,0.981
4827180,0,0.8255,7,0.15271270946213414,0.3685,116.94,116.94,128.68,0.5625,0.0,0.7818204551137783,0.23076923076923078,0.20707120184779504,0.36843684368436846,0.11146764458705785,0.712707182320442,low,0.9999
4827167,0,0.9978,8,0.26575918554801736,0.2815,61.65,61.65,62.84,0.485,0.0,0.997249312328082,0.3076923076923077,0.36035782320432813,0.2814281428142814,0.05866567346626939,0.5414364640883977,low,0.9999
67625597,0,1.0,8,0.15271270946213414,0.6245,107.76,107.76,109.12,0.4225,0.0,1.0,0.3076923076923077,0.20707120184779504,0.6244624462446245,0.10270074108029645,0.4033149171270718,low,0.9975
4827181,0,0.9958,6,0.0056884170958800785,0.5,129.3,129.3,131.75,0.4425,0.0,0.994748687171793,0.15384615384615385,0.007711984166063994,0.49994999499949994,0.12327144930857975,0.44751381215469616,low,1.0
4827181,0,0.8151,7,0.10383804312031103,0.5,254.92,254.92,254.99,0.4425,0.0,0.7688172043010753,0.23076923076923078,0.14079905668358608,0.49994999499949994,0.24323859729543892,0.44751381215469616,low,0.6775
4827183,0,0.8323,8,0.07614307034616905,0.1896,98.92,98.92,99.47,0.4225,0.0,0.7903225806451614,0.3076923076923077,0.1032457515997178,0.18951895189518952,0.0942585377034151,0.4033149171270718,low,0.9995
67625598,0,1.0,8,0.05729622759443465,0.2684,84.43,84.43,84.8,0.4225,0.0,1.0,0.3076923076923077,0.07769016642202121,0.26832683268326835,0.08042058216823288,0.4033149171270718,low,1.0
32151850,0,1.0,8,0.01436463871899938,0.5,37.96,37.96,66.05,0.4625,0.0,1.0,0.3076923076923077,0.01947660297415554,0.49994999499949994,0.03604171441668577,0.4917127071823205,low,1.0
262841097,0,0.7771,7,0.01436463871899938,0.5,53.77,53.77,62.24,0.4625,0.0,0.7213053263315828,0.23076923076923078,0.01947660297415554,0.49994999499949994,0.051140270456108194,0.4917127071823205,low,0.9998
32151852,0,1.0,8,0.01436463871899938,0.5,21.77,21.77,82.64,0.4225,0.0,1.0,0.3076923076923077,0.01947660297415554,0.49994999499949994,0.020580258232103295,0.4033149171270718,low,1.0
262870455,0,1.0,7,0.01436463871899938,0.5,12.65,12.65,71.71,0.4625,0.0,1.0,0.23076923076923078,0.01947660297415554,0.49994999499949994,0.0118706547482619,0.4917127071823205,low,1.0
32151849,0,1.0,8,0.01436463871899938,0.5,41.8,41.8,80.94,0.4225,0.0,1.0,0.3076923076923077,0.01947660297415554,0.49994999499949994,0.039708915883566356,0.4033149171270718,low,1.0
32151853,0,0.9167,7,0.14707990601017165,0.0099,124.02,124.02,147.71,0.4225,0.0,0.89584896224056,0.23076923076923078,0.19943333961792084,0.009800980098009802,0.11822904729161893,0.4033149171270718,low,1.0
4812792,0,0.9733,9,0.01153144772944358,0.5,299.21,299.26,299.21,0.4825,0.0,0.9666166541635409,0.38461538461538464,0.01563490627131587,0.49994999499949994,0.28553556421422566,0.5359116022099447,low,0.999
4828569,0,0.8022,8,0.17332915847736938,0.2511,179.5,179.5,179.53,0.5625,0.0,0.7526881720430108,0.3076923076923077,0.2350263042387246,0.251025102510251,0.17121246848498742,0.712707182320442,low,0.9988
28890214,0,1.0,9,0.027304134904352195,0.5,55.02,55.02,73.12,0.5075,0.0,1.0,0.38461538461538464,0.0370220561451294,0.49994999499949994,0.05233402093360838,0.5911602209944751,low,1.0
"[1411351749, 261452319]",0,0.9211,11,0.05312822847360927,0.5,46.5,46.5,47.95,0.5625,0.0,0.9013503375843962,0.5384615384615384,0.07203852184919135,0.49994999499949994,0.04419741767896708,0.712707182320442,low,1.0
335706984,0,1.0,12,0.01532799774439306,0.5,90.67,90.67,115.35,0.4025,0.0,1.0,0.6153846153846154,0.02078288031484622,0.49994999499949994,0.08637978455191384,0.3591160220994476,low,0.9994
27880399,0,1.0,9,0.01532799774439306,0.5,38.04,38.04,61.07,0.5075,0.0,1.0,0.38461538461538464,0.02078288031484622,0.49994999499949994,0.03611811444724578,0.5911602209944751,low,1.0
44289235,0,1.0,11,0.01532799774439306,0.5,23.83,23.83,49.25,0.4425,0.0,1.0,0.5384615384615384,0.02078288031484622,0.49994999499949994,0.02254755901902361,0.44751381215469616,low,1.0
335706984,0,1.0,12,0.01532799774439306,0.5,90.67,90.67,115.35,0.4025,0.0,1.0,0.6153846153846154,0.02078288031484622,0.49994999499949994,0.08637978455191384,0.3591160220994476,low,0.9994
335710002,0,1.0,8,0.05772762276809635,0.5,53.69,53.69,55.29,0.485,0.0,1.0,0.3076923076923077,0.07827512148590024,0.49994999499949994,0.05106387042554818,0.5414364640883977,low,1.0
28798481,0,1.0,10,0.05772762276809635,0.5,59.02,59.02,62.76,,0.0,1.0,0.46153846153846156,0.07827512148590024,0.49994999499949994,0.05615402246160899,0.6906077348066298,low,1.0
177313889,0,1.0,8,0.0003398314190430025,0.5,50.38,50.38,52.81,,0.0,1.0,0.3076923076923077,0.0004595101763800071,0.49994999499949994,0.04790281916112767,0.6906077348066298,low,1.0
553116325,0,0.7707,8,0.11620863141967061,0.18,0.32,0.32,10.25,0.485,0.0,0.7133033258314578,0.3076923076923077,0.15757309290529797,0.17991799179917992,9.55000382000153e-05,0.5414364640883977,low,1.0
4857406,0,0.7728,14,0.25497422473198944,0.5,21.48,21.48,26.23,,0.0,0.7159289822455613,0.7692307692307693,0.3457338361311215,0.49994999499949994,0.020303308121323253,0.6906077348066298,medium,0.6247
993013905,0,0.906,12,0.15827624969277657,0.5,25.11,25.11,27.62,0.5525,0.0,0.8824706176544135,0.6153846153846154,0.21461514584555774,0.49994999499949994,0.023769959507983805,0.6906077348066298,low,0.9997
"[1422524056, 27889669]",0,0.8957,11,0.04187097317612105,0.5,58.36,58.36,64.78,0.5125,0.0,0.8695923980995248,0.5384615384615384,0.0567741218426936,0.49994999499949994,0.05552372220948889,0.6022099447513811,low,0.9999
4487953,0,0.9693,7,0.0003398314190430025,0.5,82.36,83.28,82.36,,0.0,0.9616154038509628,0.23076923076923078,0.0004595101763800071,0.49994999499949994,0.07844373137749255,0.6906077348066298,low,1.0
44290007,0,1.0,8,0.0003398314190430025,0.5,73.69,73.69,75.91,0.485,0.0,1.0,0.3076923076923077,0.0004595101763800071,0.49994999499949994,0.07016387806555123,0.5414364640883977,low,1.0
28798481,0,1.0,10,0.05772762276809635,0.5,59.02,59.02,62.76,,0.0,1.0,0.46153846153846156,0.07827512148590024,0.49994999499949994,0.05615402246160899,0.6906077348066298,low,1.0
44290058,0,0.8768,10,0.014091939415550122,0.5,63.86,63.86,71.71,0.485,0.0,0.8459614903725932,0.46153846153846156,0.019106833333213703,0.49994999499949994,0.06077622431048973,0.5414364640883977,low,0.9999
44290144,0,0.9174,12,0.02708194414915705,0.5,61.76,68.7,61.76,,0.0,0.8967241810452613,0.6153846153846154,0.036720774129627695,0.49994999499949994,0.05877072350828941,0.6906077348066298,low,1.0
131699032,0,1.0,8,0.0015169550422611474,0.5,69.56,80.98,69.56,0.5075,0.0,1.0,0.3076923076923077,0.0020556439911571167,0.49994999499949994,0.06621972648789061,0.5911602209944751,low,1.0
"[261358192, 1480582261]",0,0.8914,11,0.0015169550422611474,0.5,18.29,18.29,23.83,0.4725,0.0,0.8642160540135033,0.5384615384615384,0.0020556439911571167,0.49994999499949994,0.017256856902742763,0.5138121546961325,low,1.0
4857421,0,0.7073,9,0.07027759523353186,0.0999,23.79,23.79,27.27,0.5525,0.0,0.6340335083770944,0.38461538461538464,0.0952923956544699,0.0998099809980998,0.022509359003743606,0.6906077348066298,low,1.0
335710018,0,1.0,6,0.01436463871899938,0.5,43.32,43.32,45.7,0.3825,0.0,1.0,0.15384615384615385,0.01947660297415554,0.49994999499949994,0.04116051646420659,0.31491712707182323,low,1.0
335710020,0,0.7777,7,0.01436463871899938,0.5,47.62,47.62,54.42,0.4625,0.0,0.7220555138784694,0.23076923076923078,0.01947660297415554,0.49994999499949994,0.04526701810680724,0.4917127071823205,low,0.9999
262870454,0,0.9999,6,0.01436463871899938,0.5,9.47,9.47,96.11,0.3825,0.0,0.9998749687421855,0.15384615384615385,0.01947660297415554,0.49994999499949994,0.008833753533501415,0.31491712707182323,low,1.0
"[1193413628, 4857420]",0,0.7971,9,0.06901613831430212,0.4216,72.79,72.79,74.44,0.5525,0.0,0.7463115778944736,0.38461538461538464,0.09358190917288646,0.4215421542154215,0.0693043777217511,0.6906077348066298,low,0.9999
32151849,0,0.9817,7,0.01436463871899938,0.5,28.2,28.2,104.51,0.4225,0.0,0.9771192798199551,0.23076923076923078,0.01947660297415554,0.49994999499949994,0.02672091068836428,0.4033149171270718,low,1.0
638131350,0,1.0,12,0.06773343206817282,0.8177,38.36,38.36,40.3,,0.0,1.0,0.6153846153846154,0.09184260943113508,0.8176817681768177,0.03642371456948583,0.6906077348066298,low,1.0
47129929,0,0.8988,13,0.0008622013313330701,0.8177,61.57,67.49,61.57,0.4725,0.0,0.873468367091773,0.6923076923076923,0.0011678234447424878,0.8176817681768177,0.05858927343570938,0.5138121546961325,low,0.9878
638131351,0,0.7696,9,0.03262114964577515,0.0756,59.1,59.1,59.97,0.5525,0.0,0.7119279819954987,0.38461538461538464,0.0442317211752575,0.07550755075507551,0.056230422492169,0.6906077348066298,low,1.0
552544600,0,1.0,6,8.096177779027687e-05,0.5,69.2,69.2,95.5,0.5925,0.0,1.0,0.15384615384615385,0.00010849301907152442,0.49994999499949994,0.06587592635037055,0.7790055248618785,low,1.0
552544595,0,0.782,6,0.004782745867494452,0.5264,68.88,68.88,105.72,0.5925,0.0,0.7274318579644912,0.15384615384615385,0.006483929232679035,0.5263526352635264,0.0655703262281305,0.7790055248618785,low,1.0
335710015,0,0.6082,6,0.03082435864752528,0.5264,36.25,36.25,73.48,0.5925,0.0,0.5101275318829707,0.15384615384615385,0.041795342519842266,0.5263526352635264,0.03440866376346551,0.7790055248618785,low,0.9999
67502606,0,0.7796,7,0.017116340131589337,0.3563,15.23,15.23,43.0,0.5525,0.0,0.7244311077769441,0.23076923076923078,0.023207802982526136,0.3562356235623563,0.014334555733822295,0.6906077348066298,low,1.0
335710019,0,0.8923,6,0.03551526289914562,0.05,23.42,23.42,58.95,0.5925,0.0,0.8653413353338333,0.15384615384615385,0.048156026096494414,0.0499049904990499,0.02215600886240355,0.7790055248618785,low,1.0
4866374,0,1.0,6,0.0011211274309556553,1.0,337.92,337.92,342.31,0.4675,0.0,1.0,0.15384615384615385,0.0015189171574029171,1.0,0.32250362900145163,0.5027624309392266,low,0.9856
4866375,0,0.8634,7,0.07644102018205183,1.0,272.52,272.52,276.81,0.6075,0.0,0.8292073018254563,0.23076923076923078,0.10364975997978891,1.0,0.2600466040186416,0.8121546961325967,low,0.9883
4866374,0,0.7212,6,0.0011211274309556553,0.1306,364.37,364.37,368.46,0.4675,0.0,0.6514128532133031,0.15384615384615385,0.0015189171574029171,0.13051305130513052,0.34776338910535565,0.5027624309392266,low,0.9695
4866374,0,1.0,7,0.0011211274309556553,0.1306,349.0,349.0,353.07,0.4675,0.0,1.0,0.23076923076923078,0.0015189171574029171,0.13051305130513052,0.3330850332340133,0.5027624309392266,low,1.0
28214183,0,0.8563,10,0.08576690396943172,0.1306,368.64,368.64,372.03,0.6525,0.0,0.82033008252063,0.46153846153846156,0.1162952953951971,0.13051305130513052,0.3518412407364963,0.9116022099447513,low,0.9998
4866374,0,1.0,5,0.0011211274309556553,0.1306,355.44,355.44,360.03,0.4675,0.0,1.0,0.07692307692307693,0.0015189171574029171,0.13051305130513052,0.3392352356940943,0.5027624309392266,low,1.0
4866374,0,0.9853,4,0.0011211274309556553,0.1306,373.76,373.76,378.14,0.4675,0.0,0.9816204051012751,0.0,0.0015189171574029171,0.13051305130513052,0.35673084269233707,0.5027624309392266,low,1.0
23002051,0,0.5856,8,0.3318676579383809,0.4224,54.93,54.93,55.29,0.4875,0.0,0.4818704676169042,0.3076923076923077,0.4499983385624704,0.4223422342234223,0.052248070899228366,0.5469613259668508,medium,0.9971
179212414,0,0.6406,10,0.25623667433732694,0.3857,72.65,72.65,93.2,0.4825,0.0,0.5506376594148537,0.46153846153846156,0.3474456686564278,0.3856385638563856,0.06917067766827108,0.5359116022099447,medium,0.9832
448951284,0,0.5513,10,0.3439131856617046,0.2267,97.99,97.99,100.75,0.4825,0.0,0.43898474618654665,0.46153846153846156,0.4663316052957207,0.22662266226622665,0.09337038734815495,0.5359116022099447,medium,0.9998
23002053,0,0.6248,7,0.29996772901456337,0.5,149.11,149.11,149.67,,0.0,0.5308827206801701,0.23076923076923078,0.4067432766131651,0.49994999499949994,0.14219000687600278,0.6906077348066298,medium,0.9704
177313886,0,0.5119,9,0.37520002232388056,0.4956,187.92,187.92,192.42,0.6475,0.0,0.38972243060765194,0.38461538461538464,0.5087553380022155,0.4955495549554955,0.1792535717014287,0.9005524861878452,medium,0.9997
179669695,0,0.3807,8,0.5572963142939134,0.5,149.64,152.83,149.64,0.5925,0.0,0.22568142035508876,0.3076923076923077,0.7556708220057434,0.49994999499949994,0.14269615707846284,0.7790055248618785,medium,0.7501
177313902,0,0.3769,6,0.6124188989974272,0.5,228.74,228.74,235.02,0.6925,0.0,0.22093023255813954,0.15384615384615385,0.8304149012747132,0.49994999499949994,0.21823668729467496,1.0,medium,0.9318
28875362,0,0.3673,8,0.6275868094546071,0.5,436.94,445.49,436.94,0.5925,0.0,0.208927231807952,0.3076923076923077,0.8509819974595882,0.49994999499949994,0.4170677668271067,0.7790055248618785,high,1.0
309593510,0,0.3641,7,0.5307682940136594,0.5,432.16,432.16,442.47,0.5275,0.0,0.20492623155788944,0.23076923076923078,0.7196998590811813,0.49994999499949994,0.412502865001146,0.6353591160220994,high,0.9999
28875352,0,0.6878,7,0.3560799112834011,0.428,278.13,278.13,338.15,0.5925,0.0,0.6096524131032758,0.23076923076923078,0.48282921166166315,0.42794279427942794,0.26540415616166246,0.7790055248618785,medium,0.989
309593510,0,0.7066,8,0.26810792941494827,0.5,209.95,209.95,291.24,0.5275,0.0,0.633158289572393,0.3076923076923077,0.36354262846548635,0.49994999499949994,0.20029223011689207,0.6353591160220994,medium,0.9751
28875406,0,0.4833,9,0.5470490307284236,0.5,157.5,157.5,255.03,0.5925,0.0,0.35396349087271817,0.38461538461538464,0.7417759043557416,0.49994999499949994,0.15020246008098406,0.7790055248618785,medium,0.9528
309593510,0,0.4938,7,0.464624939466057,0.4849,139.39,139.39,218.87,0.5275,0.0,0.3670917729432358,0.23076923076923078,0.6300120448755746,0.48484848484848486,0.13290740316296126,0.6353591160220994,medium,0.9984
30818514,0,0.7354,6,0.3555793161699298,0.2981,81.23,81.23,178.0,0.5075,0.0,0.6691672918229559,0.15384615384615385,0.48215042417293763,0.298029802980298,0.07736458094583239,0.5911602209944751,low,0.7452
305725512,0,0.605,10,0.35464978440463246,0.5,7.19,7.19,8.14,0.5075,0.0,0.5061265316329082,0.46153846153846156,0.48089001528024683,0.49994999499949994,0.006656352662541066,0.5911602209944751,medium,0.9983
311232591,0,0.6519,9,0.41759105659877155,0.5,59.76,60.39,59.76,,0.0,0.564766191547887,0.38461538461538464,0.566235930452266,0.49994999499949994,0.056860722744289105,0.6906077348066298,medium,0.9961
948665876,0,0.5537,6,0.4342648230135511,0.5357,94.26,94.26,98.37,0.5075,0.0,0.44198549637409346,0.15384615384615385,0.588844908701777,0.5356535653565356,0.08980823592329439,0.5911602209944751,medium,0.9999
23002287,0,0.8376,12,0.050955387734933924,0.5,233.3,242.28,233.3,0.4275,0.0,0.7969492373093272,0.6153846153846154,0.06909223438310226,0.49994999499949994,0.22259148903659565,0.4143646408839779,medium,0.8243
106466994,0,0.6647,11,0.12222781974458341,0.5,266.57,266.57,273.72,0.4275,0.0,0.580770192548137,0.5384615384615384,0.16573487798326547,0.49994999499949994,0.2543643517457407,0.4143646408839779,medium,0.9999
886036929,0,0.675,12,0.2591092546133256,0.5,150.7,150.7,162.36,0.5475,0.0,0.5936484121030258,0.6153846153846154,0.3513407756984972,0.49994999499949994,0.143708457483383,0.6795580110497237,medium,0.9961
311232865,0,0.3789,12,0.5803580606961628,0.5,161.52,161.52,162.8,,0.0,0.2234308577144286,0.6153846153846154,0.7869416524728193,0.49994999499949994,0.15404156161662466,0.6906077348066298,high,0.9972
44289317,0,0.2477,9,0.6996235162723837,0.5,145.52,145.52,151.95,,0.0,0.05938984746186548,0.38461538461538464,0.9486609679509738,0.49994999499949994,0.1387615555046222,0.6906077348066298,high,1.0
144473239,0,0.6057,9,0.39942719401616084,0.5,127.43,127.43,128.23,0.5925,0.0,0.5070017504376094,0.38461538461538464,0.5416064397996119,0.49994999499949994,0.12148559859423946,0.7790055248618785,medium,0.9987
413119907,0,0.4847,12,0.38381574832222864,0.5,117.46,117.46,118.78,,0.0,0.3557139284821205,0.6153846153846154,0.5204379270978462,0.49994999499949994,0.11196424478569793,0.6906077348066298,medium,0.9979
311235392,0,0.704,10,0.3494305746578165,0.5,37.1,37.59,37.1,,0.0,0.6299074768692173,0.46153846153846156,0.47381297001584866,0.49994999499949994,0.03522041408816564,0.6906077348066298,medium,0.902
129799377,0,0.4609,8,0.4096381686748299,0.5,52.17,52.76,52.17,0.5925,0.0,0.32595648912228053,0.3076923076923077,0.5554521239852511,0.49994999499949994,0.04961226984490794,0.7790055248618785,medium,0.9998
311235392,0,0.4995,11,0.4606774805445348,0.5,97.66,103.18,97.66,,0.0,0.37421855463865966,0.5384615384615384,0.6246594442287031,0.49994999499949994,0.0930552372220949,0.6906077348066298,medium,0.9938
67623858,0,0.9452,11,0.029505286643702087,0.5,70.88,70.88,78.83,,0.0,0.9314828707176794,0.5384615384615384,0.04000673222615706,0.49994999499949994,0.0674803269921308,0.6906077348066298,low,1.0
156189315,0,0.8334,11,0.152038813879918,0.5,107.12,107.12,111.62,0.4875,0.0,0.7916979244811202,0.5384615384615384,0.20615742566899112,0.49994999499949994,0.10208954083581635,0.5469613259668508,low,0.8932
260660835,0,0.9112,14,0.056786065714573855,0.5,42.24,42.24,51.72,0.4875,0.0,0.8889722430607652,0.7692307692307693,0.07699840677044792,0.49994999499949994,0.04012911605164643,0.5469613259668508,low,0.9983
72136989,0,0.5369,9,0.3984043655126759,0.4619,42.15,42.15,42.52,0.5525,0.0,0.42098024506126536,0.38461538461538464,0.5402195241614167,0.46184618461846183,0.04004316601726641,0.6906077348066298,medium,0.9995
196679281,0,0.6726,11,0.30374316646124744,0.5,81.25,89.2,81.25,0.5925,0.0,0.5906476619154788,0.5384615384615384,0.4118626228359122,0.49994999499949994,0.0773836809534724,0.7790055248618785,medium,0.9082
260660829,0,0.8955,14,0.030918937494904833,0.5,29.98,38.16,29.98,0.4875,0.0,0.869342335583896,0.7692307692307693,0.04192358775550616,0.49994999499949994,0.028420811368324552,0.5469613259668508,low,0.9991
260660839,0,0.7143,10,0.17245219821529503,0.5,32.68,32.68,38.37,0.5075,0.0,0.642785696424106,0.46153846153846156,0.23383718025811337,0.49994999499949994,0.030999312399724963,0.5911602209944751,low,0.8439
196678825,0,0.9668,7,0.0010418301335063326,0.5,90.91,90.91,98.34,0.5525,0.0,0.9584896224056012,0.23076923076923078,0.0014113931086260567,0.49994999499949994,0.08660898464359386,0.6906077348066298,low,1.0
67625623,0,0.9907,7,0.009130891464636859,0.5,72.2,72.27,72.2,0.5075,0.0,0.9883720930232557,0.23076923076923078,0.012379845415381485,0.49994999499949994,0.06874092749637101,0.5911602209944751,low,1.0
44289535,0,0.9955,12,0.32632842748355895,0.5,31.21,31.21,36.48,,0.0,0.9943735933983496,0.6153846153846154,0.4424873576744876,0.49994999499949994,0.02959546183818474,0.6906077348066298,low,0.9964
44289538,0,0.7244,10,0.2036303894429299,0.5,39.1,39.1,39.47,,0.0,0.6554138534633658,0.46153846153846156,0.2761135939842804,0.49994999499949994,0.03713041485216595,0.6906077348066298,low,0.9378
896018455,0,0.6189,12,0.32632842748355895,0.5,12.69,12.69,15.16,0.5525,0.0,0.5235058764691173,0.6153846153846154,0.4424873576744876,0.49994999499949994,0.011908854763541905,0.6906077348066298,medium,0.9947
131699055,0,1.0,8,0.15660913917434524,0.5,47.12,47.12,49.65,0.5075,0.0,1.0,0.3076923076923077,0.21235460887309932,0.49994999499949994,0.04478951791580717,0.5911602209944751,low,1.0
23002437,0,0.767,8,0.1770035766579666,0.5,33.26,33.26,40.52,,0.0,0.7086771692923229,0.3076923076923077,0.24000867226872724,0.49994999499949994,0.03155321262128505,0.6906077348066298,low,0.9989
23002440,0,0.9298,7,0.0429351641721161,0.5,70.22,70.22,76.48,0.485,0.0,0.9122280570142535,0.23076923076923078,0.05821712341074067,0.49994999499949994,0.0668500267400107,0.5414364640883977,low,1.0
28797466,0,0.8476,7,0.0429351641721161,0.5,52.48,52.48,57.77,0.485,0.0,0.8094523630907726,0.23076923076923078,0.05821712341074067,0.49994999499949994,0.049908319963327986,0.5414364640883977,low,1.0
23002440,0,0.9954,8,0.06255885646927248,0.5,39.65,39.65,47.57,0.485,0.0,0.9942485621405349,0.3076923076923077,0.08482608633397289,0.49994999499949994,0.03765566506226603,0.5414364640883977,low,1.0
"[28798393, 179212413]",0,1.0,7,0.0429351641721161,0.5,81.6,81.6,89.67,0.5975,0.0,1.0,0.23076923076923078,0.05821712341074067,0.49994999499949994,0.07771793108717244,0.7900552486187846,low,1.0
23002452,0,1.0,7,0.06255885646927248,0.5,43.94,44.15,43.94,0.485,0.0,1.0,0.23076923076923078,0.08482608633397289,0.49994999499949994,0.041752616701046685,0.5414364640883977,low,1.0
67625609,0,0.9966,6,0.26565152788491403,0.248,86.1,90.74,86.1,0.445,0.0,0.9957489372343085,0.15384615384615385,0.360211843603622,0.24792479247924792,0.08201543280617313,0.4530386740331492,low,0.9999
27880192,0,0.9026,6,0.06255885646927248,0.5,26.53,26.53,30.83,0.485,0.0,0.878219554888722,0.15384615384615385,0.08482608633397289,0.49994999499949994,0.025126060050424025,0.5414364640883977,low,1.0
"[41736253, 318976293, 318976294]",0,1.0,8,0.017526031344777655,1.0,151.87,153.43,151.87,0.485,0.0,1.0,0.3076923076923077,0.023763328320807235,1.0,0.14482580793032318,0.5414364640883977,low,0.9996
554696868,0,1.0,7,0.09892366661499506,1.0,138.48,145.88,138.48,0.4625,0.0,1.0,0.23076923076923078,0.13413535342934657,1.0,0.13203835281534113,0.4917127071823205,low,0.9966
23002494,0,1.0,8,0.01532799774439306,0.5,18.54,18.54,36.42,0.485,0.0,1.0,0.3076923076923077,0.02078288031484622,0.49994999499949994,0.0174956069982428,0.5414364640883977,low,1.0
44289235,0,1.0,11,0.01532799774439306,0.5,23.83,23.83,49.25,0.4425,0.0,1.0,0.5384615384615384,0.02078288031484622,0.49994999499949994,0.02254755901902361,0.44751381215469616,low,1.0
261900690,0,1.0,10,0.01532799774439306,0.5,5.89,5.89,16.13,0.4425,0.0,1.0,0.46153846153846156,0.02078288031484622,0.49994999499949994,0.0054148521659408665,0.44751381215469616,low,1.0
28810207,0,1.0,10,0.14611135559019778,0.5,13.54,13.54,22.42,,0.0,1.0,0.46153846153846156,0.198120022948249,0.49994999499949994,0.012720605088242035,0.6906077348066298,low,1.0
262841093,0,0.8559,8,0.19139822415736787,0.5,15.82,15.82,17.36,0.485,0.0,0.8198299574893723,0.3076923076923077,0.2595272539813069,0.49994999499949994,0.014898005959202385,0.5414364640883977,low,0.9988
44289535,0,0.9955,12,0.32632842748355895,0.5,31.21,31.21,36.48,,0.0,0.9943735933983496,0.6153846153846154,0.4424873576744876,0.49994999499949994,0.02959546183818474,0.6906077348066298,low,0.9964
27880293,0,0.5767,12,0.33685551600560837,0.5,53.18,59.99,53.18,0.5525,0.0,0.4707426856714178,0.6153846153846154,0.45676167995446887,0.49994999499949994,0.0505768202307281,0.6906077348066298,medium,0.9996
27889556,0,0.6636,9,0.18028152341525416,0.5,54.36,54.36,55.8,0.485,0.0,0.579394848712178,0.38461538461538464,0.2444534404809578,0.49994999499949994,0.05170372068148828,0.5414364640883977,medium,0.6647
131699056,0,0.7903,10,0.06404128384876222,0.5,176.91,182.08,176.91,0.5075,0.0,0.7378094523630908,0.46153846153846156,0.08683620015862467,0.49994999499949994,0.16873901749560702,0.5911602209944751,low,0.9631
111417982,0,0.8508,10,0.06404128384876222,0.5,180.26,181.36,180.26,,0.0,0.8134533633408352,0.46153846153846156,0.08683620015862467,0.49994999499949994,0.17193826877530752,0.6906077348066298,low,0.9989
896018456,0,0.5744,11,0.014114079183167018,0.5,47.22,47.22,49.14,0.5075,0.0,0.46786696674168543,0.5384615384615384,0.019136853996334902,0.49994999499949994,0.044885017954007185,0.5911602209944751,low,0.7116
44289550,0,0.5127,12,0.3970687177771091,0.5,75.39,75.39,75.72,0.5525,0.0,0.3907226806701676,0.6153846153846154,0.5384084378206803,0.49994999499949994,0.0717873787149515,0.6906077348066298,medium,0.9995
208913795,0,0.4966,9,0.5130463261940866,0.5,241.17,251.06,241.17,0.5925,0.0,0.37059264816204046,0.38461538461538464,0.6956695605269148,0.49994999499949994,0.23010734204293684,0.7790055248618785,medium,0.8896
27889653,0,0.6297,7,0.28115326911293775,0.4198,151.29,157.86,151.29,,0.0,0.5370092523130783,0.23076923076923078,0.3812316013197474,0.41974197419741976,0.14427190770876308,0.6906077348066298,medium,0.8875
208913796,0,0.556,8,0.4539319253014034,0.2955,152.57,160.98,152.57,,0.0,0.444861215303826,0.3076923076923077,0.6155127338827043,0.2954295429542954,0.1454943081977233,0.6906077348066298,medium,0.9999
28798593,0,0.5873,8,0.4388838770006919,0.4129,207.96,212.47,207.96,,0.0,0.48399599899975,0.3076923076923077,0.5951081661164913,0.4128412841284128,0.19839177935671176,0.6906077348066298,medium,0.9998
67623840,0,0.8924,10,0.0963631038116989,0.5,89.26,91.16,89.26,,0.0,0.8654663665916478,0.46153846153846156,0.13066332993530777,0.49994999499949994,0.08503323401329362,0.6906077348066298,low,0.9999
67623842,0,1.0,13,0.029505286643702087,0.5,51.93,51.93,53.03,,0.0,1.0,0.6923076923076923,0.04000673222615706,0.49994999499949994,0.049383069753227905,0.6906077348066298,low,1.0
260660818,0,0.8995,9,0.14623588085968256,0.6045,27.98,33.16,27.98,,0.0,0.8743435858964741,0.38461538461538464,0.19828887436665443,0.6044604460446045,0.026510810604324246,0.6906077348066298,low,1.0
30912766,0,0.8561,14,0.01986456144630585,0.5,14.67,14.67,17.38,,0.0,0.8200800200050011,0.7692307692307693,0.026934284113639514,0.49994999499949994,0.013799755519902208,0.6906077348066298,low,0.9999
67623842,0,1.0,13,0.029505286643702087,0.5,51.93,51.93,53.03,,0.0,1.0,0.6923076923076923,0.04000673222615706,0.49994999499949994,0.049383069753227905,0.6906077348066298,low,1.0
67623847,0,0.919,16,0.0011812992877494905,0.5,3.58,3.58,10.74,,0.0,0.8987246811702926,0.9230769230769231,0.0016005078530887242,0.49994999499949994,0.0032088012835205138,0.6906077348066298,low,1.0
1451368042,0,0.7159,13,0.10892010842846198,0.5,0.47,0.47,9.11,0.5075,0.0,0.6447861965491373,0.6923076923076923,0.14769013942735848,0.49994999499949994,0.0002387500955000382,0.5911602209944751,low,0.8589
23015299,0,0.9968,11,0.10114519774904747,0.5,33.11,33.11,34.21,,0.0,0.9959989997499373,0.5384615384615384,0.1371476631763442,0.49994999499949994,0.03140996256398503,0.6906077348066298,low,1.0
23015299,0,0.7586,11,0.061223270122136665,0.5,171.63,175.7,171.63,,0.0,0.6981745436359089,0.5384615384615384,0.08301508323355933,0.49994999499949994,0.1636966154786462,0.6906077348066298,low,0.9695
72191090,0,0.7426,10,0.02302336262155882,0.5,124.58,124.64,124.58,,0.0,0.6781695423855963,0.46153846153846156,0.0312174955542484,0.49994999499949994,0.11876384750553902,0.6906077348066298,low,0.9982
28019561,0,0.8085,7,0.29412860993651185,0.5,123.48,123.48,130.3,,0.0,0.7605651412853214,0.23076923076923078,0.3988256584249343,0.49994999499949994,0.11771334708533886,0.6906077348066298,low,0.9497
112478139,0,0.9272,7,0.012007294463969696,0.5,133.19,133.19,133.26,0.5075,0.0,0.9089772443110778,0.23076923076923078,0.016280135921496502,0.49994999499949994,0.12698640079456033,0.5911602209944751,low,1.0
23009275,0,0.5826,9,0.4762116889544721,0.3266,114.35,119.78,114.35,0.5925,0.0,0.4781195298824706,0.38461538461538464,0.6457232261797522,0.32653265326532654,0.10899419359767745,0.7790055248618785,medium,0.9995
451863070,0,0.551,10,0.23492510508061923,0.2828,72.48,72.48,73.2,0.4825,0.0,0.4386096524131033,0.46153846153846156,0.3185480102748904,0.28272827282728275,0.06900832760333106,0.5359116022099447,medium,0.9942
1412277347,0,0.5242,10,0.324028312637541,0.3424,136.48,136.48,136.69,0.4825,0.0,0.40510127531882967,0.46153846153846156,0.43936849147285356,0.34233423342334235,0.13012835205134082,0.5359116022099447,medium,0.9999
44289287,0,0.6537,6,0.19259620395082228,0.5,47.37,47.37,48.56,0.5075,0.0,0.567016754188547,0.15384615384615385,0.2611516679511197,0.49994999499949994,0.04502826801130721,0.5911602209944751,low,0.9227
28892416,0,0.5752,10,0.35852658095830064,0.5,111.22,111.99,111.22,,0.0,0.46886721680420107,0.46153846153846156,0.4861468005067671,0.49994999499949994,0.10600504240201697,0.6906077348066298,medium,0.9998
77092422,0,0.4771,9,0.5168992534513178,0.5,176.6,176.6,177.81,,0.0,0.3462115528882221,0.38461538461538464,0.7008939799165539,0.49994999499949994,0.16844296737718698,0.6906077348066298,medium,0.846
146526948,0,0.6659,12,0.25780787449004383,0.5,169.78,177.33,169.78,0.4875,0.0,0.5822705676419105,0.6153846153846154,0.34957615490618815,0.49994999499949994,0.16192986477194593,0.5469613259668508,medium,0.9998
311235391,0,0.6127,11,0.39542828359369026,0.5,85.67,86.22,85.67,,0.0,0.5157539384846211,0.5384615384615384,0.5361840729201502,0.49994999499949994,0.08160478264191307,0.6906077348066298,medium,0.9998
261164075,0,0.7708,6,0.24461015879911074,0.5,145.12,145.12,155.22,,0.0,0.7134283570892722,0.15384615384615385,0.33168056613657176,0.49994999499949994,0.13837955535182217,0.6906077348066298,low,0.9733
261273569,0,0.5327,13,0.39210474308470117,0.5,45.09,45.09,54.42,0.5525,0.0,0.4157289322330582,0.6923076923076923,0.5316774813553016,0.49994999499949994,0.04285086714034687,0.6906077348066298,medium,0.9998
28019717,0,0.3509,10,0.6007188373583269,0.5,103.57,103.57,111.88,0.5925,0.0,0.18842210552638158,0.46153846153846156,0.8145500731047635,0.49994999499949994,0.09869928947971579,0.7790055248618785,high,0.8732
261273569,0,0.4064,12,0.4286024520952707,0.5,103.08,103.08,114.07,0.5525,0.0,0.2578144536134033,0.6153846153846154,0.5811669541384583,0.49994999499949994,0.09823133929253573,0.6906077348066298,medium,0.9395
172906539,0,0.4545,10,0.5122286535554631,0.4772,92.05,92.1,92.05,,0.0,0.31795448862215553,0.46153846153846156,0.6945608282559941,0.47714771477147716,0.08769768507907404,0.6906077348066298,medium,0.9631
261273568,0,0.422,13,0.43367599713032984,0.2289,50.51,56.68,50.51,0.5525,0.0,0.2773193298324581,0.6923076923076923,0.5880464837235609,0.22882288228822883,0.04802696921078769,0.6906077348066298,medium,0.9992
261273568,0,0.5962,11,0.3224413140718411,0.2903,67.69,67.69,71.27,0.5525,0.0,0.49512378094523624,0.5384615384615384,0.43721658319002493,0.29022902290229025,0.06443387577355031,0.6906077348066298,medium,0.9878
44532644,0,0.5169,6,0.3638961934609816,0.5,76.08,76.08,77.3,0.5525,0.0,0.3959739934983746,0.15384615384615385,0.4934277860538482,0.49994999499949994,0.0724463289785316,0.6906077348066298,medium,0.9968
555422284,0,1.0,6,0.010053701382009119,0.2168,41.6,41.6,44.84,0.405,0.0,1.0,0.15384615384615385,0.013631139743926763,0.21672167216721672,0.03951791580716633,0.3646408839779006,low,1.0
"[67625620, 911520766]",0,0.806,8,0.0656705061543817,0.8923,64.26,64.26,66.26,0.485,0.0,0.75743935983996,0.3076923076923077,0.08904536218926933,0.8922892289228923,0.0611582244632898,0.5414364640883977,low,0.9802
395455660,0,0.9359,8,0.005876431738888411,0.003,62.11,62.25,62.11,0.485,0.0,0.9198549637409352,0.3076923076923077,0.007966924703709828,0.0029002900290029006,0.05910497364198947,0.5414364640883977,low,1.0
28797780,0,0.7008,7,0.2617187804487603,0.003,82.94,83.95,82.94,,0.0,0.6259064766191547,0.23076923076923078,0.354879191158281,0.0029002900290029006,0.07899763159905265,0.6906077348066298,low,0.9986
28797779,0,0.7316,8,0.2093897876853256,0.1466,16.89,16.89,18.64,0.485,0.0,0.6644161040260066,0.3076923076923077,0.28392311382241214,0.14651465146514653,0.01591985636794255,0.5414364640883977,low,0.9971
261900698,0,1.0,8,0.2574006770511348,0.5,28.48,28.48,33.39,,0.0,1.0,0.3076923076923077,0.34902401102876224,0.49994999499949994,0.026988310795324322,0.6906077348066298,low,1.0
32669395,0,0.7447,8,0.1766383228207506,0.1922,118.43,118.43,119.16,0.485,0.0,0.6807951987996999,0.3076923076923077,0.2395134022825862,0.19211921192119213,0.11289059515623809,0.5414364640883977,low,0.9818
177313871,0,0.6408,8,0.37302581125670903,0.1632,113.11,122.49,113.11,,0.0,0.5508877219304826,0.3076923076923077,0.5058071924240242,0.16311631163116314,0.10780999312399726,0.6906077348066298,medium,0.866
335710007,0,0.6783,8,0.1773637632093161,0.1375,2.32,2.32,15.37,,0.0,0.5977744436109027,0.3076923076923077,0.24049707121247213,0.13741374137413742,0.002005500802200321,0.6906077348066298,low,0.9998
335710035,0,0.9417,7,0.1067067739035548,0.5,43.49,51.36,43.49,,0.0,0.9271067766941735,0.23076923076923078,0.14468894396331733,0.49994999499949994,0.04132286652914662,0.6906077348066298,low,1.0
177313872,0,0.591,6,0.35475647928281,0.2434,76.04,76.04,80.36,,0.0,0.48862215553888466,0.15384615384615385,0.48103468938206895,0.24332433243324333,0.0724081289632516,0.6906077348066298,medium,0.6812
335710007,0,0.746,9,0.19965757707306087,0.5,114.22,114.22,117.51,,0.0,0.6824206051512879,0.38461538461538464,0.2707266150483071,0.49994999499949994,0.10887004354801744,0.6906077348066298,low,0.9108
261900689,0,0.7522,7,0.13269116764106106,0.5,34.67,34.67,34.89,,0.0,0.6901725431357839,0.23076923076923078,0.17992277045600868,0.49994999499949994,0.03289976315990527,0.6906077348066298,low,0.9998
28797972,0,0.7685,7,0.1657265719763823,0.5,48.09,48.09,53.5,,0.0,0.7105526381595398,0.23076923076923078,0.22471749286611936,0.49994999499949994,0.04571586828634732,0.6906077348066298,low,0.9995
555422288,0,0.9913,8,0.1657265719763823,0.5,50.37,50.37,54.4,0.485,0.0,0.9891222805701424,0.3076923076923077,0.22471749286611936,0.49994999499949994,0.04789326915730767,0.5414364640883977,low,1.0
261900688,0,1.0,6,0.13269116764106106,0.5,24.63,24.63,30.64,0.485,0.0,1.0,0.15384615384615385,0.17992277045600868,0.49994999499949994,0.023311559324623733,0.5414364640883977,low,1.0
67625603,0,0.7144,7,0.21373361331476504,0.5,6.09,6.09,10.43,0.485,0.0,0.6429107276819204,0.23076923076923078,0.2898131722970596,0.49994999499949994,0.005605852242340898,0.5414364640883977,low,0.9522
27880364,0,0.6609,10,0.36278715445508114,0.5,125.82,132.81,125.82,,0.0,0.5760190047511878,0.46153846153846156,0.49192397233003127,0.49994999499949994,0.1199480479792192,0.6906077348066298,medium,0.9983
335710000,0,0.7315,7,0.20055416847613078,0.3591,1.86,1.86,7.87,0.485,0.0,0.6642910727681921,0.23076923076923078,0.27194235809198664,0.35903590359035903,0.001566200626480251,0.5414364640883977,low,0.9954
395455658,0,0.9381,8,0.003799225161736805,0.4918,56.54,56.54,57.13,0.485,0.0,0.9226056514128531,0.3076923076923077,0.005150313438187153,0.49174917491749176,0.053785621514248615,0.5414364640883977,low,1.0
28797780,0,0.6664,7,0.2574006770511348,0.5,35.69,37.1,35.69,,0.0,0.5828957239309827,0.23076923076923078,0.34902401102876224,0.49994999499949994,0.03387386354954542,0.6906077348066298,low,0.8972
28797780,0,1.0,6,0.003799225161736805,0.4918,55.95,58.1,55.95,,0.0,1.0,0.15384615384615385,0.005150313438187153,0.49174917491749176,0.053222171288868525,0.6906077348066298,low,1.0
177313874,0,0.6543,6,0.22125246144803495,0.2633,119.65,127.84,119.65,0.6925,0.0,0.5677669417354338,0.15384615384615385,0.30000843770246877,0.2632263226322632,0.11405569562227827,1.0,low,0.9999
28797780,0,0.6735,7,0.220247225242887,0.5,76.43,77.19,76.43,,0.0,0.5917729432358089,0.23076923076923078,0.2986453765360568,0.49994999499949994,0.07278057911223167,0.6906077348066298,low,0.9147
28797780,0,1.0,8,0.2617187804487603,0.5,88.44,88.44,90.12,,0.0,1.0,0.3076923076923077,0.354879191158281,0.49994999499949994,0.08425013370005349,0.6906077348066298,low,0.9999
28797781,0,0.7192,8,0.18387521879256055,0.3271,134.55,134.55,134.77,0.445,0.0,0.6489122280570141,0.3076923076923077,0.24932635153174887,0.327032703270327,0.12828520131408055,0.4530386740331492,medium,0.5929
28797577,0,0.7315,10,0.27994389236952316,0.1687,215.54,220.35,215.54,,0.0,0.6642910727681921,0.46153846153846156,0.3795917335294029,0.16861686168616863,0.2056306822522729,0.6906077348066298,medium,0.736
28797781,0,0.8958,8,0.1778961045058551,0.8317,195.97,195.97,203.08,0.445,0.0,0.8697174293573393,0.3076923076923077,0.24121890528975048,0.8316831683168316,0.18694132477652994,0.4530386740331492,medium,0.8058
259376657,0,1.0,9,0.1778961045058551,1.0,156.32,156.32,163.5,,0.0,1.0,0.38461538461538464,0.24121890528975048,1.0,0.14907555963022387,0.6906077348066298,low,0.9907
28797781,0,0.7545,7,0.13801070859014233,0.5525,61.3,61.3,71.17,0.445,0.0,0.6930482620655163,0.23076923076923078,0.18713586092539145,0.5524552455245525,0.05833142333256934,0.4530386740331492,low,0.9436
335710032,0,0.8156,6,0.010053701382009119,0.2168,68.9,68.9,73.4,0.405,0.0,0.7694423605901474,0.15384615384615385,0.013631139743926763,0.21672167216721672,0.0655894262357705,0.3646408839779006,low,1.0
28797795,0,0.6597,7,0.20701711405087012,0.0852,56.47,56.47,57.52,,0.0,0.5745186296574143,0.23076923076923078,0.2807058607279318,0.0851085108510851,0.0537187714875086,0.6906077348066298,low,0.999
261900700,0,1.0,6,0.005876431738888411,0.003,63.22,65.24,63.22,,0.0,1.0,0.15384615384615385,0.007966924703709828,0.0029002900290029006,0.06016502406600963,0.6906077348066298,low,1.0
177313912,0,0.6725,6,0.2510455506230001,0.5,131.83,131.83,166.51,,0.0,0.5905226306576644,0.15384615384615385,0.3404067069588654,0.49994999499949994,0.12568760027504014,0.6906077348066298,low,0.69
417106553,0,0.6979,6,0.3451533070453094,0.5,127.09,130.79,127.09,,0.0,0.6222805701425356,0.15384615384615385,0.46801316162146017,0.49994999499949994,0.1211608984643594,0.6906077348066298,medium,0.7548
311232591,0,0.9683,6,0.003304868240295596,0.5,146.77,149.3,146.77,,0.0,0.9603650912728181,0.15384615384615385,0.004479984695039335,0.49994999499949994,0.1399553059821224,0.6906077348066298,low,1.0
177313901,0,0.5668,9,0.4269631258685632,0.4199,106.53,106.53,122.52,0.5525,0.0,0.4583645911477869,0.38461538461538464,0.5789440915841029,0.41984198419841984,0.10152609061043626,0.6906077348066298,medium,0.9998
196330136,0,0.5542,7,0.48238774013060076,0.5,121.63,121.63,126.42,0.6925,0.0,0.4426106526631658,0.23076923076923078,0.6540977111782459,0.49994999499949994,0.11594659637863856,1.0,medium,0.9904
23009275,0,0.6073,7,0.46594336756745763,0.1733,151.38,159.54,151.38,0.5925,0.0,0.5090022505626406,0.23076923076923078,0.6317997820626381,0.17321732173217325,0.1443578577431431,0.7790055248618785,medium,0.9863
196330136,0,0.4497,7,0.5194670551757116,0.3066,130.38,140.31,130.38,0.6925,0.0,0.31195298824706175,0.23076923076923078,0.7043758191058336,0.3065306530653065,0.1243028497211399,1.0,medium,0.9993
27889360,0,0.226,7,0.6974920978707151,0.515,299.43,299.43,304.65,0.5925,0.0,0.03225806451612905,0.23076923076923078,0.9457708475615446,0.514951495149515,0.28574566429826576,0.7790055248618785,high,1.0
177313884,0,0.2423,7,0.6617327954555267,0.4475,370.83,370.83,380.82,0.5925,0.0,0.05263815953988497,0.23076923076923078,0.8972826253800197,0.4474447444744475,0.3539326915730766,0.7790055248618785,high,1.0
27889369,0,0.3015,9,0.6676581999367867,0.5,283.0,283.0,293.01,0.5925,0.0,0.1266566641660415,0.38461538461538464,0.9053172432164321,0.49994999499949994,0.2700550080220032,0.7790055248618785,high,1.0
177313884,0,0.3278,8,0.6468772266778118,0.5,336.85,336.85,347.16,0.5925,0.0,0.15953988497124277,0.3076923076923077,0.8771390523549258,0.49994999499949994,0.3214817785927115,0.7790055248618785,high,0.9999
28875366,0,0.4045,7,0.640528750315179,0.5,377.54,377.54,387.81,0.5925,0.0,0.25543885971492875,0.23076923076923078,0.8685307655150027,0.49994999499949994,0.3603407441362977,0.7790055248618785,high,0.9996
177313884,0,0.3444,7,0.6460239400818296,0.5,312.27,312.27,322.46,0.5925,0.0,0.1802950737684421,0.23076923076923078,0.875982028944063,0.49994999499949994,0.29800786920314765,0.7790055248618785,high,0.9995
177313884,0,0.5074,6,0.4890038864694434,0.5,308.33,308.33,318.27,0.5925,0.0,0.38409602400600146,0.15384615384615385,0.6630689480871356,0.49994999499949994,0.2942451676980671,0.7790055248618785,medium,0.9845
144473239,0,0.4268,8,0.613026354657448,0.3892,271.56,271.56,273.68,0.5925,0.0,0.2833208302075519,0.3076923076923077,0.8312385875051248,0.38913891389138916,0.25912980365192145,0.7790055248618785,high,0.9115
177313884,0,0.4467,7,0.5155794822712514,0.4938,155.71,160.81,155.71,0.5925,0.0,0.3082020505126281,0.23076923076923078,0.6991044215670976,0.49374937493749377,0.14849300939720378,0.7790055248618785,medium,0.9954
305718606,0,0.4247,6,0.5585773861831675,0.5,112.5,112.5,164.69,,0.0,0.2806951737934484,0.15384615384615385,0.7574079056231878,0.49994999499949994,0.10722744289097717,0.6906077348066298,medium,0.9732
23009886,0,0.7519,7,0.18957177348101187,0.4427,523.29,533.13,523.29,0.5925,0.0,0.6897974493623407,0.23076923076923078,0.25705065795685167,0.4426442644264426,0.4995320498128199,0.7790055248618785,medium,0.9887
335205291,0,0.8484,9,0.0035587937277109898,0.3912,479.91,489.79,479.91,0.5525,0.0,0.8104526131532884,0.38461538461538464,0.004824297772190417,0.3911391139113911,0.45810413324165333,0.6906077348066298,low,0.9065
30920004,0,0.9966,7,0.30144155442216186,0.4411,524.61,527.4,524.61,,0.0,0.9957489372343085,0.23076923076923078,0.4087417264987551,0.44104410441044106,0.5007926503170602,0.6906077348066298,medium,0.8893
144473225,0,0.3205,8,0.6180407427067671,0.5,162.36,164.34,162.36,0.5925,0.0,0.1504126031507877,0.3076923076923077,0.8380379025201877,0.49994999499949994,0.1548437619375048,0.7790055248618785,high,0.9652
144473239,0,0.3416,8,0.5671699970953149,0.4592,146.38,150.4,146.38,0.5925,0.0,0.17679419854963743,0.3076923076923077,0.7690591515616609,0.45914591459145915,0.13958285583314234,0.7790055248618785,medium,0.5717
28892416,0,0.4017,7,0.5412881231821505,0.5,66.44,66.44,72.03,,0.0,0.25193798449612403,0.23076923076923078,0.7339643379603001,0.49994999499949994,0.06324012529605012,0.6906077348066298,medium,0.9844
44289317,0,0.3752,8,0.5915594334219625,0.4999,113.34,113.34,119.14,,0.0,0.2188047011752938,0.3076923076923077,0.8021302778872781,0.49984998499849986,0.1080296432118573,0.6906077348066298,high,0.7341
23002238,0,0.6476,11,0.31478591105502257,0.3789,24.61,24.61,24.84,0.4875,0.0,0.5593898474618654,0.5384615384615384,0.4268361546777799,0.37883788378837885,0.02329245931698373,0.5469613259668508,medium,0.9928
948665876,0,0.6706,7,0.2446733398298081,0.3451,14.37,14.37,21.15,0.5075,0.0,0.5881470367591898,0.23076923076923078,0.3317662371549418,0.3450345034503451,0.013513255405302162,0.5911602209944751,low,0.949
23009891,0,0.4218,7,0.48539140742019804,0.5,492.76,492.76,500.08,0.5925,0.0,0.2770692673168292,0.23076923076923078,0.65817056710833,0.49994999499949994,0.47037588815035525,0.7790055248618785,high,0.9914
144473224,0,0.439,8,0.5029014761230296,0.4945,478.07,487.72,478.07,0.5925,0.0,0.29857464366091524,0.3076923076923077,0.681913538708247,0.49444944494449444,0.456346932538773,0.7790055248618785,high,0.9957
23009891,0,0.5047,8,0.38225739687345767,0.5,414.04,415.59,414.04,0.5925,0.0,0.3807201800450113,0.3076923076923077,0.5183248631905142,0.49994999499949994,0.39519825807930326,0.7790055248618785,medium,0.9557
27889385,0,0.3948,8,0.570098131343758,0.5,414.23,415.07,414.23,0.5925,0.0,0.24331082770692672,0.3076923076923077,0.7730295876279847,0.49994999499949994,0.3953797081518833,0.7790055248618785,high,0.9994
23009891,0,0.5343,6,0.30705536009090595,0.5,132.93,132.93,149.86,0.5925,0.0,0.4177294323580895,0.15384615384615385,0.41635382847405406,0.49994999499949994,0.1267381006952403,0.7790055248618785,medium,0.9694
177313898,0,0.3962,6,0.6223527694767709,0.5,91.71,96.75,91.71,0.5925,0.0,0.24506126531632907,0.15384615384615385,0.8438848429791778,0.49994999499949994,0.08737298494919399,0.7790055248618785,medium,0.9359
23009891,0,0.4834,7,0.45754570642043707,0.5,98.15,98.15,140.41,0.5925,0.0,0.3540885221305326,0.23076923076923078,0.620412880417461,0.49994999499949994,0.09352318740927498,0.7790055248618785,medium,0.9999
23009891,0,0.5678,9,0.46112035213012154,0.3272,57.66,57.66,146.53,0.5925,0.0,0.45961490372593145,0.38461538461538464,0.6252599608604451,0.32713271327132715,0.05485522194208878,0.7790055248618785,medium,0.9976
30920039,0,0.4777,7,0.5826508897417448,0.49,68.38,69.64,68.38,,0.0,0.3469617404351088,0.23076923076923078,0.7900506394126544,0.48994899489948995,0.06509282603713042,0.6906077348066298,medium,0.9898
179212414,0,0.6488,9,0.24949096910759735,0.056,17.34,17.34,135.26,0.4825,0.0,0.5608902225556389,0.38461538461538464,0.33829875493443984,0.055905590559055904,0.016349606539842618,0.5359116022099447,low,0.8801
179212414,0,0.5383,10,0.2747196827089601,0.4755,11.89,11.89,123.88,0.4825,0.0,0.42273068267066766,0.46153846153846156,0.37250790857658006,0.4754475447544754,0.011144854457941784,0.5359116022099447,medium,0.999
23002053,0,0.2441,7,0.6202614229960756,0.5,197.24,197.24,197.81,,0.0,0.05488872218054516,0.23076923076923078,0.8410490585548308,0.49994999499949994,0.18815417526167014,0.6906077348066298,high,0.9993
177313899,0,0.3414,6,0.6474717889351017,0.5,197.72,200.07,197.72,,0.0,0.17654413603400848,0.15384615384615385,0.8779452556330966,0.49994999499949994,0.18861257544503018,0.6906077348066298,high,0.9922
309593510,0,0.5031,8,0.47391842736485673,0.3554,241.71,241.71,242.35,0.5275,0.0,0.37871967991997996,0.3076923076923077,0.6426136527270442,0.35533553355335534,0.23062304224921693,0.6353591160220994,medium,0.9779
309593511,0,0.3283,7,0.61255202918641,0.4761,230.65,230.65,232.33,0.5925,0.0,0.16016504126031506,0.23076923076923078,0.8305954206290205,0.4760476047604761,0.22006073802429524,0.7790055248618785,high,0.9774
28875368,0,0.5573,7,0.37536819247866826,0.4601,269.51,270.91,269.51,0.5925,0.0,0.44648662165541386,0.23076923076923078,0.5089833701862602,0.4600460046004601,0.25717205286882117,0.7790055248618785,medium,0.9999
197547579,0,0.3908,8,0.6130212468430992,0.5,316.46,318.23,316.46,0.5925,0.0,0.23830957739434855,0.3076923076923077,0.8312316615076841,0.49994999499949994,0.30200932080372833,0.7790055248618785,high,0.9978
27889385,0,0.3951,7,0.560003158212988,0.4105,445.36,447.19,445.36,0.5925,0.0,0.2436859214803701,0.23076923076923078,0.7593411969989383,0.4104410441044104,0.425108870043548,0.7790055248618785,high,0.997
177313911,0,0.6541,6,0.30144155442216186,0.4411,505.34,507.27,505.34,0.5925,0.0,0.567516879219805,0.15384615384615385,0.4087417264987551,0.44104410441044106,0.48238979295591716,0.7790055248618785,medium,0.9999
177313892,0,0.5544,9,0.45596172131058355,0.2048,15.1,31.3,15.1,0.63,0.0,0.44286071517879466,0.38461538461538464,0.6182650582634645,0.20472047204720473,0.014210405684162274,0.861878453038674,medium,0.9179
448951285,0,0.4694,10,0.35090719039733703,0.1723,39.26,39.26,44.83,0.4825,0.0,0.3365841460365091,0.46153846153846156,0.4758152034829142,0.17221722172217224,0.03728321491328597,0.5359116022099447,medium,0.9999
1412277342,0,0.6315,10,0.1334519110652748,0.5,3.88,3.88,17.78,0.4825,0.0,0.5392598149537383,0.46153846153846156,0.18095430892809983,0.49994999499949994,0.0034953013981205592,0.5359116022099447,low,0.5329
23014961,0,0.5481,9,0.46791072174562776,0.3427,29.78,29.78,42.19,0.63,0.0,0.43498374593648415,0.38461538461538464,0.6344674377510316,0.3426342634263426,0.028229811291924523,0.861878453038674,medium,0.991
180330437,0,0.4594,10,0.37103390148932686,0.3725,48.53,48.53,50.23,0.4825,0.0,0.32408102025506375,0.46153846153846156,0.5031062403124598,0.3724372437243724,0.04613606845442739,0.5359116022099447,medium,0.9998
448951286,0,0.5127,10,0.1874735261182238,0.5,16.5,16.5,20.59,0.4825,0.0,0.3907226806701676,0.46153846153846156,0.25420551620499654,0.49994999499949994,0.01554740621896249,0.5359116022099447,medium,0.9956
417106554,0,0.7047,6,0.23579548206711523,0.5,148.6,148.6,149.75,,0.0,0.6307826956739183,0.15384615384615385,0.3197282075900645,0.49994999499949994,0.14170295668118268,0.6906077348066298,low,0.8542
1412277344,0,0.8503,10,0.06153802473087502,0.0784,26.1,26.1,142.7,0.4825,0.0,0.8128282070517627,0.46153846153846156,0.08344187823151436,0.0783078307830783,0.02471540988616396,0.5359116022099447,low,1.0
177313907,0,0.4029,8,0.6151442709088539,0.4306,64.2,64.2,164.48,,0.0,0.25343835958989747,0.3076923076923077,0.8341103995043547,0.43054305430543055,0.06110092444036978,0.6906077348066298,medium,0.7685
450248461,0,0.4531,10,0.35378999340960793,0.1744,12.8,12.8,161.18,0.4825,0.0,0.3162040510127532,0.46153846153846156,0.4797241721574594,0.17431743174317432,0.012013904805561923,0.5359116022099447,medium,0.9999
23002051,0,0.4635,7,0.4514651224288071,0.5,87.36,87.36,87.87,0.4875,0.0,0.3292073018254564,0.23076923076923078,0.6121678452051872,0.49994999499949994,0.08321873328749332,0.5469613259668508,medium,0.9972
196330136,0,0.5084,6,0.5098836651989801,0.5,137.77,143.38,137.77,0.6925,0.0,0.38534633658414597,0.15384615384615385,0.6913811153208239,0.49994999499949994,0.13136030254412104,1.0,medium,0.9983
177313893,0,0.3942,8,0.5702316466369184,0.4078,83.15,83.15,176.15,,0.0,0.24256064016004,0.3076923076923077,0.773210629168567,0.4077407740774077,0.07919818167927269,0.6906077348066298,medium,0.9212
996114323,0,0.8531,6,0.1482086437393459,0.5,49.1,51.31,49.1,0.5075,0.0,0.8163290822705677,0.15384615384615385,0.20096386404374475,0.49994999499949994,0.046680418672167476,0.5911602209944751,low,0.9999
177313901,0,0.7017,7,0.2795775810512555,0.5,34.64,34.64,38.66,0.5525,0.0,0.6270317579394848,0.23076923076923078,0.3790950296401172,0.49994999499949994,0.03287111314844526,0.6906077348066298,low,0.9306
948665876,0,0.5605,6,0.3183795979337491,0.3746,132.11,132.11,132.59,0.5075,0.0,0.45048762190547637,0.15384615384615385,0.43170905420482747,0.37453745374537456,0.1259550003820002,0.5911602209944751,medium,0.9947
23015060,0,0.7254,7,0.2251873562240072,0.5492,127.14,127.14,131.52,,0.0,0.6566641660415105,0.23076923076923078,0.30534400185702076,0.5491549154915492,0.12120864848345941,0.6906077348066298,low,0.8722
196330136,0,0.6738,7,0.3766969225924055,0.5,148.12,155.29,148.12,0.6925,0.0,0.5921480370092522,0.23076923076923078,0.510785076501057,0.49994999499949994,0.1412445564978226,1.0,low,0.8049
179669698,0,0.641,10,0.3410870224937592,0.4279,96.02,100.85,96.02,0.5925,0.0,0.5511377844461115,0.46153846153846156,0.4624994380454342,0.42784278427842787,0.09148903659561465,0.7790055248618785,medium,0.9597
28797313,0,0.4206,10,0.4853041330959356,0.5,109.31,113.17,109.31,0.5925,0.0,0.2755688922230557,0.46153846153846156,0.658052226521692,0.49994999499949994,0.10418099167239668,0.7790055248618785,medium,0.9873
451863068,0,0.5286,11,0.31964304404100735,0.4071,63.85,63.85,65.16,0.4825,0.0,0.4106026506626656,0.5384615384615384,0.43342223794795054,0.40704070407040704,0.06076667430666973,0.5359116022099447,medium,0.9999
451863069,0,0.5855,11,0.2971622501704171,0.5,119.92,119.92,120.56,0.4825,0.0,0.4817454363590898,0.5384615384615384,0.40293915650083445,0.49994999499949994,0.11431354572541831,0.5359116022099447,medium,0.9999
23002238,0,0.7002,15,0.19063807786202353,0.5,62.09,63.43,62.09,0.4875,0.0,0.6251562890722681,0.8461538461538461,0.25849652519272,0.49994999499949994,0.059085873634349466,0.5469613259668508,medium,0.9957
30912764,0,0.6227,14,0.4091992569610797,0.5,25.78,32.11,25.78,,0.0,0.5282570642660666,0.7692307692307693,0.5548569767855855,0.49994999499949994,0.02440980976392391,0.6906077348066298,medium,0.9999
179669699,0,0.6983,14,0.30222400497450425,0.5,47.04,53.27,47.04,0.5525,0.0,0.6227806951737934,0.7692307692307693,0.40980269899166144,0.49994999499949994,0.04471311788524716,0.6906077348066298,medium,0.9925
417107557,0,0.6964,13,0.20190003989978647,0.5,21.24,21.24,23.85,0.4875,0.0,0.6204051012753188,0.6923076923076923,0.2737673073558253,0.49994999499949994,0.020074108029643215,0.5469613259668508,medium,0.9506
196330136,0,0.6758,10,0.28483501071525513,0.2214,32.34,50.61,32.34,0.6925,0.0,0.5946486621655412,0.46153846153846156,0.3862238996245461,0.22132213221322133,0.030674612269844914,1.0,low,0.9994
179669699,0,0.6289,12,0.4136613329714914,0.0619,81.7,98.65,81.7,0.5525,0.0,0.5360090022505626,0.6153846153846154,0.5609073781740589,0.0618061806180618,0.07781343112537246,0.6906077348066298,medium,0.9947
179669699,0,0.7556,13,0.37703308401074365,0.3829,3.84,3.84,16.46,0.5525,0.0,0.6944236059014754,0.6923076923076923,0.5112408982995916,0.38283828382838286,0.0034571013828405533,0.6906077348066298,medium,0.8972
179669699,0,0.7556,13,0.3770330840107436,0.3829,3.84,3.84,16.46,0.5525,0.0,0.6944236059014754,0.6923076923076923,0.5112408982995915,0.38283828382838286,0.0034571013828405533,0.6906077348066298,medium,0.8972
260660811,0,0.5413,12,0.3299028075598514,0.5818,59.69,68.72,59.69,0.4825,0.0,0.42648162040510124,0.6153846153846154,0.44733407792893165,0.5817581758175817,0.05679387271754909,0.5359116022099447,medium,0.9995
261435167,0,0.6181,14,0.30421566287423596,0.1658,36.68,36.68,79.22,0.4825,0.0,0.5225056264066016,0.7692307692307693,0.41250330958049564,0.16571657165716572,0.034819313927725574,0.5359116022099447,medium,0.9988
1353693730,0,0.3885,11,0.5331577597061373,0.4337,34.33,34.33,83.87,0.5925,0.0,0.23543385846461617,0.5384615384615384,0.7229398815527267,0.43364336433643363,0.03257506303002521,0.7790055248618785,medium,0.9783
261273569,0,0.5327,13,0.39210474308470117,0.5,45.09,45.09,54.42,0.5525,0.0,0.4157289322330582,0.6923076923076923,0.5316774813553016,0.49994999499949994,0.04285086714034687,0.6906077348066298,medium,0.9998
72136972,0,0.4163,13,0.4872451191991336,0.4514,62.63,62.63,62.74,0.5525,0.0,0.27019254813703425,0.6923076923076923,0.6606841281267731,0.4513451345134514,0.05960157384062954,0.6906077348066298,medium,0.8284
261273568,0,0.422,13,0.43367599713032984,0.2289,50.51,56.68,50.51,0.5525,0.0,0.2773193298324581,0.6923076923076923,0.5880464837235609,0.22882288228822883,0.04802696921078769,0.6906077348066298,medium,0.9992
72136972,0,0.3921,11,0.47296023153211625,0.5,78.98,85.54,78.98,0.5525,0.0,0.23993498374593647,0.5384615384615384,0.6413143764746194,0.49994999499949994,0.07521583008633205,0.6906077348066298,medium,0.9109
72136972,0,0.4163,13,0.48724511919913355,0.4514,62.63,62.63,62.74,0.5525,0.0,0.27019254813703425,0.6923076923076923,0.6606841281267731,0.4513451345134514,0.05960157384062954,0.6906077348066298,medium,0.8284
1016675174,0,0.4393,9,0.5114119727430421,0.4389,138.42,140.46,138.42,,0.0,0.2989497374343586,0.38461538461538464,0.6934534408627983,0.43884388438843885,0.13198105279242112,0.6906077348066298,medium,0.9477
72136972,0,1.0,13,0.030918937494904833,0.5,2.1,2.1,8.38,0.5525,0.0,1.0,0.6923076923076923,0.04192358775550616,0.49994999499949994,0.0017954007181602875,0.6906077348066298,low,1.0
72136972,0,0.3921,11,0.47296023153211614,0.5,78.98,85.54,78.98,0.5525,0.0,0.23993498374593647,0.5384615384615384,0.6413143764746192,0.49994999499949994,0.07521583008633205,0.6906077348066298,medium,0.9109
129479116,0,0.7063,8,0.2674943651087079,0.5,53.11,53.11,57.94,,0.0,0.6327831957989497,0.3076923076923077,0.3627106591485737,0.49994999499949994,0.050509970203988085,0.6906077348066298,low,0.843
30912764,0,0.6227,14,0.4091992569610796,0.5,25.78,32.11,25.78,,0.0,0.5282570642660666,0.7692307692307693,0.5548569767855854,0.49994999499949994,0.02440980976392391,0.6906077348066298,medium,0.9999
30912764,0,0.633,12,0.4038908623348587,0.5,136.66,137.46,136.66,,0.0,0.5411352838209552,0.6153846153846154,0.5476590002961423,0.49994999499949994,0.13030025212010085,0.6906077348066298,medium,0.9998
"[32649154, 32649155, 197895397, 197895399]",0,1.0,5,0.04098485471906703,0.501,814.94,817.0,814.94,0.515,0.0,1.0,0.07692307692307693,0.05557257970616312,0.5009500950095009,0.7780579112231646,0.6077348066298343,medium,0.9211
261452320,0,1.0,12,0.10825577350553274,0.5,63.35,63.35,64.35,,0.0,1.0,0.6153846153846154,0.14678932713040893,0.49994999499949994,0.060289174115669655,0.6906077348066298,low,1.0
72191090,0,0.6722,9,0.09307653042252999,0.5,18.24,18.24,24.13,,0.0,0.5901475368842211,0.38461538461538464,0.12620686434602874,0.49994999499949994,0.017209106883642755,0.6906077348066298,low,0.9974
106467014,0,0.9042,11,0.01445824374422517,0.5,159.74,161.96,159.74,0.5525,0.0,0.8802200550137533,0.5384615384615384,0.019603527744883942,0.49994999499949994,0.1523416609366644,0.6906077348066298,low,0.9999
23198471,0,0.7643,9,0.18595678112382447,0.5,161.18,163.99,161.18,0.5925,0.0,0.7053013253313328,0.38461538461538464,0.25214886903030465,0.49994999499949994,0.15371686148674463,0.7790055248618785,low,0.974
28797567,0,0.694,10,0.2667108223220942,0.5,227.69,227.69,231.28,,0.0,0.6174043510877718,0.46153846153846156,0.3616482056285095,0.49994999499949994,0.21723393689357479,0.6906077348066298,medium,0.995
23198471,0,0.6097,7,0.41187659530336274,0.5,53.32,60.07,53.32,0.5925,0.0,0.5120030007501876,0.23076923076923078,0.5584873433651247,0.49994999499949994,0.05071052028420812,0.7790055248618785,medium,0.9541
72136989,0,0.4685,7,0.4175496355672512,0.2617,103.73,103.73,103.83,0.5525,0.0,0.3354588647161791,0.23076923076923078,0.5661797651457947,0.26162616261626165,0.09885208954083582,0.6906077348066298,medium,0.9997
32942975,0,1.0,12,0.004687128330190816,0.5,86.29,87.61,86.29,0.5525,0.0,1.0,0.6153846153846154,0.006354275573908004,0.49994999499949994,0.08219688287875317,0.6906077348066298,low,1.0
444159095,0,0.8158,12,0.2115124357017698,1.0,59.69,59.69,64.12,0.5075,0.0,0.7696924231057762,0.6153846153846154,0.28680134191085505,1.0,0.05679387271754909,0.5911602209944751,medium,0.9781
1435268773,0,0.8288,11,0.19255485827979368,0.4585,41.22,46.14,41.22,0.5075,0.0,0.7859464866216554,0.5384615384615384,0.26109560483054195,0.4584458445844585,0.03915501566200627,0.5911602209944751,low,0.9781
30818523,0,0.675,6,0.18519375271112007,0.5646,39.4,39.4,46.7,0.5075,0.0,0.5936484121030258,0.15384615384615385,0.2511142322027609,0.5645564556455646,0.03741691496676599,0.5911602209944751,low,0.9498
335710031,0,0.9961,6,0.1490585786043135,0.6372,14.9,14.9,27.01,0.405,0.0,0.9951237809452362,0.15384615384615385,0.20211634263781458,0.6371637163716372,0.014019405607762244,0.3646408839779006,low,0.9999
67625615,0,1.0,11,0.30696185154929306,0.5,191.23,194.32,191.23,0.5925,0.0,1.0,0.5384615384615384,0.41622703453134924,0.49994999499949994,0.1824146229658492,0.7790055248618785,low,0.9887
398948260,0,0.6401,8,0.2593348386745496,0.5,205.1,213.04,205.1,0.5475,0.0,0.5500125031257814,0.3076923076923077,0.3516466589048931,0.49994999499949994,0.19566047826419133,0.6795580110497237,medium,0.9886
444159095,0,1.0,10,0.0814639358504431,0.5,138.03,143.56,138.03,0.5075,0.0,1.0,0.46153846153846156,0.11046063811438508,0.49994999499949994,0.13160860264344107,0.5911602209944751,low,1.0
444159095,0,0.7537,10,0.17107586507255876,0.5,104.24,111.52,104.24,0.5075,0.0,0.6920480120030008,0.46153846153846156,0.231970926088892,0.49994999499949994,0.0993391397356559,0.5911602209944751,low,0.7206
255493313,0,0.9557,8,0.0814639358504431,0.5,154.32,159.86,154.32,0.5475,0.0,0.9446111527881971,0.3076923076923077,0.11046063811438508,0.49994999499949994,0.14716555886622357,0.6795580110497237,low,1.0
444159095,0,1.0,10,0.0814639358504431,0.5,138.03,143.56,138.03,0.5075,0.0,1.0,0.46153846153846156,0.11046063811438508,0.49994999499949994,0.13160860264344107,0.5911602209944751,low,1.0
41736254,0,1.0,11,0.04263782918685142,0.5,83.7,92.63,83.7,0.5575,0.0,1.0,0.5384615384615384,0.05781394874417529,0.49994999499949994,0.07972343188937277,0.7016574585635359,low,1.0
67625615,0,1.0,11,0.30696185154929306,0.5,191.23,194.32,191.23,0.5925,0.0,1.0,0.5384615384615384,0.41622703453134924,0.49994999499949994,0.1824146229658492,0.7790055248618785,low,0.9887
67625614,0,0.6807,9,0.14838146983945238,0.7737,86.22,89.24,86.22,0.5075,0.0,0.6007751937984496,0.38461538461538464,0.20119820950841386,0.7736773677367738,0.08213003285201315,0.5911602209944751,medium,0.8597
629445357,0,0.8047,12,0.1685779958831352,0.5,198.34,212.78,198.34,0.5525,0.0,0.7558139534883721,0.6153846153846154,0.22858391269498107,0.49994999499949994,0.1892046756818703,0.6906077348066298,medium,0.503
127226187,0,0.9386,11,0.16623073579621167,0.3557,76.45,84.57,76.45,0.5525,0.0,0.9232308077019253,0.5384615384615384,0.22540111938175827,0.35563556355635567,0.07279967911987166,0.6906077348066298,low,0.9999
30818527,0,0.8572,11,0.02030264790606141,0.5,95.39,104.04,95.39,0.5525,0.0,0.8214553638409602,0.5384615384615384,0.027528312301010497,0.49994999499949994,0.09088738635495455,0.6906077348066298,low,0.9999
127226187,0,0.8554,11,0.02030264790606141,0.2199,114.41,122.64,114.41,0.5525,0.0,0.8192048012003,0.5384615384615384,0.027528312301010497,0.21982198219821986,0.10905149362059746,0.6906077348066298,low,1.0
261164075,0,0.7771,7,0.06189269056123413,0.5,52.4,54.82,52.4,,0.0,0.7213053263315828,0.23076923076923078,0.08392279129248457,0.49994999499949994,0.049831919932767976,0.6906077348066298,low,1.0
27880378,0,0.5541,6,0.36108626996996473,0.5,11.09,11.09,13.03,0.5925,0.0,0.44248562140535136,0.15384615384615385,0.4896176391733642,0.49994999499949994,0.010380854152341662,0.7790055248618785,medium,0.754
30912609,0,0.3896,7,0.5240538358663239,0.4922,89.4,93.26,89.4,,0.0,0.23680920230057514,0.23076923076923078,0.7105953151866597,0.49214921492149216,0.08516693406677364,0.6906077348066298,medium,0.98
261164075,0,0.6748,8,0.26749048218380467,0.5,38.22,43.2,38.22,,0.0,0.5933983495873968,0.3076923076923077,0.36270539405354374,0.49994999499949994,0.03629001451600581,0.6906077348066298,low,0.7577
129799378,0,1.0,8,0.26749048218380467,0.5,11.15,11.15,12.35,,0.0,1.0,0.3076923076923077,0.36270539405354374,0.49994999499949994,0.010438154175261671,0.6906077348066298,low,1.0
261164075,0,0.6666,7,0.3081105464974447,0.5,67.59,67.59,70.1,,0.0,0.5831457864466116,0.23076923076923078,0.4177846201692926,0.49994999499949994,0.06433837573535031,0.6906077348066298,medium,0.5566
28875397,0,0.4924,9,0.454419861708785,0.4462,146.71,146.71,151.68,,0.0,0.36534133533383345,0.38461538461538464,0.616174356658699,0.44614461446144615,0.1398980059592024,0.6906077348066298,medium,0.998
261164074,0,0.4744,6,0.4500705953328997,0.4998,188.68,188.68,194.5,0.5925,0.0,0.34283570892723175,0.15384615384615385,0.6102769207436464,0.4997499749974998,0.17997937199174882,0.7790055248618785,medium,0.9998
129799365,0,0.6516,7,0.2488917948591301,0.5,261.98,261.98,267.72,,0.0,0.5643910977744435,0.23076923076923078,0.3374862979757496,0.49994999499949994,0.24998089999236,0.6906077348066298,medium,0.9861
24004640,0,1.0,8,0.24252107254602126,1.0,105.86,105.86,111.0,0.535,0.0,1.0,0.3076923076923077,0.32884784649288135,1.0,0.10088624035449616,0.6519337016574587,low,0.9868
188087802,0,0.9871,11,0.2425210725460212,1.0,95.11,95.11,100.46,0.535,0.0,0.9838709677419353,0.5384615384615384,0.32884784649288124,1.0,0.09061998624799451,0.6519337016574587,low,0.8168
335706996,0,0.9717,13,0.24252107254602126,1.0,90.72,90.72,94.95,0.6525,0.0,0.9646161540385096,0.6923076923076923,0.32884784649288135,1.0,0.08642753457101383,0.9116022099447513,low,0.984
1388121068,0,0.8678,10,0.32737895648930715,1.0,146.88,146.88,150.7,0.6525,0.0,0.8347086771692922,0.46153846153846156,0.44391183411553864,1.0,0.1400603560241424,0.9116022099447513,medium,0.5953
360129914,0,0.8816,7,0.016190720374233015,1.0,300.05,303.67,300.05,0.6925,0.0,0.8519629907476869,0.23076923076923078,0.021952698620332552,1.0,0.28633776453510584,1.0,low,0.9999
1388121068,0,0.8872,9,0.32737895648930715,1.0,285.43,285.43,288.33,0.6525,0.0,0.8589647411852963,0.38461538461538464,0.44391183411553864,1.0,0.2723756589502636,0.9116022099447513,medium,0.9376
360129912,0,0.9599,9,0.050549753317932565,1.0,212.8,212.8,213.55,0.6525,0.0,0.9498624656164041,0.38461538461538464,0.06854220990254413,1.0,0.20301398120559253,0.9116022099447513,low,0.9999
360129913,0,0.8502,7,0.050549753317932565,1.0,234.68,235.46,234.68,0.6925,0.0,0.8127031757939484,0.23076923076923078,0.06854220990254413,1.0,0.22390938956375586,1.0,low,0.9999
360129912,0,0.9599,9,0.050549753317932565,1.0,212.8,212.8,213.55,0.6525,0.0,0.9498624656164041,0.38461538461538464,0.06854220990254413,1.0,0.20301398120559253,0.9116022099447513,low,0.9999
717071991,0,0.9266,10,0.046965347694344545,1.0,193.51,193.51,195.56,0.6525,0.0,0.9082270567641909,0.46153846153846156,0.06368189539620123,1.0,0.18459202383680956,0.9116022099447513,low,0.9998
196025367,0,0.9652,7,0.046965347694344545,1.0,200.66,200.66,203.02,0.6925,0.0,0.9564891222805699,0.23076923076923078,0.06368189539620123,1.0,0.19142027656811064,1.0,low,1.0
24311718,0,0.7844,8,0.17652496651905167,0.1158,111.23,111.23,118.14,0.6925,0.0,0.730432608152038,0.3076923076923077,0.23935969554975803,0.11571157115711571,0.10601459240583698,1.0,low,1.0
37018383,0,0.8636,10,0.046965347694344545,0.1158,146.78,146.78,149.76,0.4725,0.0,0.8294573643410852,0.46153846153846156,0.06368189539620123,0.11571157115711571,0.1399648559859424,0.5138121546961325,low,0.9999
1433098149,0,0.6859,10,0.2198883980120282,0.0132,77.64,77.64,80.66,0.4725,0.0,0.6072768192048011,0.46153846153846156,0.2981588207779871,0.013101310131013101,0.07393612957445184,0.5138121546961325,low,0.8082
27580514,0,0.4247,10,0.5069279353152337,0.128,67.75,72.27,67.75,0.5525,0.0,0.2806951737934484,0.46153846153846156,0.6873732606471602,0.1279127912791279,0.06449117579647033,0.6906077348066298,medium,0.9996
27580514,0,0.2655,9,0.59049502256998,0.2431,37.51,40.02,37.51,0.5525,0.0,0.08164541135283823,0.38461538461538464,0.8006869782030698,0.24302430243024303,0.0356119642447857,0.6906077348066298,medium,0.6874
27580514,0,0.364,10,0.5885909663392181,0.1234,112.5,117.71,112.5,0.5525,0.0,0.204801200300075,0.46153846153846156,0.7981051520675553,0.12331233123312331,0.10722744289097717,0.6906077348066298,medium,0.8404
"[27924858, 887507587]",0,0.4888,9,0.4763864708765964,0.1135,165.34,169.0,165.34,0.63,0.0,0.3608402100525131,0.38461538461538464,0.6459602236629491,0.11341134113411341,0.15768966307586524,0.861878453038674,medium,0.9997
1256972559,0,0.4299,10,0.5134602980939962,0.2639,138.34,138.34,142.2,,0.0,0.28719679919979996,0.46153846153846156,0.6962308903097686,0.26382638263826386,0.1319046527618611,0.6906077348066298,medium,0.9784
24004682,0,0.4384,6,0.5961445617149662,0.3721,89.27,92.26,89.27,0.5925,0.0,0.2978244561140285,0.15384615384615385,0.8083475333812647,0.372037203720372,0.08504278401711361,0.7790055248618785,medium,0.9986
"[1388114346, 1411694045]",0,0.6978,6,0.30419932594402654,0.268,34.15,34.15,44.56,0.5525,0.0,0.6221555388847211,0.15384615384615385,0.41248115733902957,0.26792679267926794,0.032403162961265185,0.6906077348066298,low,0.9926
261273575,0,0.8136,5,0.00934066519169529,0.5,40.72,40.72,51.22,0.465,0.0,0.7669417354338584,0.07692307692307693,0.012664290424049648,0.49994999499949994,0.038677515471006195,0.49723756906077354,low,1.0
639612052,0,0.4969,8,0.4772824559249075,0.4668,141.99,141.99,172.2,0.5925,0.0,0.3709677419354839,0.3076923076923077,0.6471751445131775,0.4667466746674667,0.1353904041561617,0.7790055248618785,medium,0.9997
639612053,0,0.4986,9,0.35268067884198556,0.3995,67.86,67.86,139.06,0.5525,0.0,0.37309327331832953,0.38461538461538464,0.4782199847826735,0.39943994399439947,0.06459622583849034,0.6906077348066298,medium,0.9994
179212414,0,0.5383,10,0.27471968270896,0.4755,11.89,11.89,123.88,0.4825,0.0,0.42273068267066766,0.46153846153846156,0.37250790857657995,0.4754475447544754,0.011144854457941784,0.5359116022099447,medium,0.999
179212414,0,0.6406,10,0.2562366743373269,0.3857,72.65,72.65,93.2,0.4825,0.0,0.5506376594148537,0.46153846153846156,0.34744566865642773,0.3856385638563856,0.06917067766827108,0.5359116022099447,medium,0.9832
31785278,0,0.9414,6,0.0016314982461035485,0.5,72.41,74.73,72.41,0.3625,0.0,0.9267316829207302,0.15384615384615385,0.002210960117092924,0.49994999499949994,0.06894147757659104,0.27071823204419887,low,1.0
"[28875436, 905457567]",0,0.9368,7,0.0016314982461035485,0.5,80.47,88.18,80.47,0.515,0.0,0.9209802450612652,0.23076923076923078,0.002210960117092924,0.49994999499949994,0.07663878065551227,0.6077348066298343,low,1.0
197895795,0,1.0,6,0.10011054955056838,0.5,371.65,381.13,371.65,0.24,0.0,1.0,0.15384615384615385,0.13574472049180625,0.49994999499949994,0.35471579188631674,0.0,medium,0.984
37018384,0,0.6847,10,0.16663889243769128,0.0998,36.23,36.23,39.96,0.4725,0.0,0.6057764441110277,0.46153846153846156,0.22595456390053395,0.0997099709970997,0.034389563755825504,0.5138121546961325,low,0.9646
"[1412263062, 1412263063]",0,0.7529,11,0.1518465410933937,0.0998,3.69,3.69,11.22,0.4725,0.0,0.691047761940485,0.5384615384615384,0.20589671125448145,0.0997099709970997,0.0033138513255405303,0.5138121546961325,low,0.997
450246504,0,0.629,10,0.26120344423664626,0.3086,39.32,39.32,141.43,0.4825,0.0,0.5361340335083771,0.46153846153846156,0.35418041531357775,0.30853085308530853,0.03734051493620598,0.5359116022099447,medium,0.9481
106772283,0,0.5143,8,0.4729044007408378,0.2587,51.64,51.64,135.35,0.6925,0.0,0.39272318079519875,0.3076923076923077,0.641238672094801,0.25862586258625864,0.04910611964244786,1.0,medium,0.9009
996114322,0,0.4922,10,0.31476036112265443,0.0378,70.2,70.2,110.57,0.4825,0.0,0.3650912728182046,0.46153846153846156,0.42680150996399313,0.037703770377037704,0.0668309267323707,0.5359116022099447,medium,0.999
29332022,0,0.4876,9,0.4725818787837841,0.1149,37.37,45.0,37.37,0.6925,0.0,0.35933983495873967,0.38461538461538464,0.6408013448748663,0.1148114811481148,0.03547826419130568,1.0,medium,0.8939
1412263061,0,0.6473,11,0.17767444743693295,0.2206,80.51,80.96,80.51,0.4725,0.0,0.559014753688422,0.5384615384615384,0.24091834693206177,0.22052205220522053,0.07667698067079229,0.5138121546961325,medium,0.8097
"[1412263062, 1412263063]",0,0.7529,11,0.15184654109339377,0.0998,3.69,3.69,11.22,0.4725,0.0,0.691047761940485,0.5384615384615384,0.20589671125448153,0.0997099709970997,0.0033138513255405303,0.5138121546961325,low,0.997
200077861,0,0.8161,11,0.2641574194998432,0.5,40.92,41.27,40.92,0.6525,0.0,0.7700675168792199,0.5384615384615384,0.35818589079007324,0.49994999499949994,0.038868515547406224,0.9116022099447513,low,0.9989
335654484,0,0.8068,11,0.2358487721143451,0.5,38.62,38.62,40.06,0.6525,0.0,0.7584396099024756,0.5384615384615384,0.3198004668198488,0.49994999499949994,0.03667201466880587,0.9116022099447513,low,0.9994
27549408,0,1.0,11,0.006331132109864454,0.4834,6.95,6.95,9.49,0.4525,0.0,1.0,0.5384615384615384,0.008583480708016658,0.48334833483348333,0.00642715257086103,0.4696132596685083,low,1.0
335654483,0,0.6569,10,0.31443109444339473,0.4626,73.46,73.46,79.39,0.6525,0.0,0.5710177544386097,0.46153846153846156,0.4263550371632783,0.46254625462546256,0.06994422797769119,0.9116022099447513,low,0.6984
335654484,0,0.7233,10,0.21511143212045888,0.5,47.53,47.53,52.37,0.6525,0.0,0.654038509627407,0.46153846153846156,0.29168144096742354,0.49994999499949994,0.045181068072427236,0.9116022099447513,low,0.9979
335654483,0,0.6569,10,0.31443109444339473,0.4626,73.46,73.46,79.39,0.6525,0.0,0.5710177544386097,0.46153846153846156,0.4263550371632783,0.46254625462546256,0.06994422797769119,0.9116022099447513,low,0.6984
27549170,0,0.4988,10,0.49558292486736366,0.2979,103.99,103.99,109.84,0.6525,0.0,0.3733433358339585,0.46153846153846156,0.6719898680725223,0.2978297829782978,0.09910038964015586,0.9116022099447513,medium,0.9998
27580509,0,0.5804,8,0.42650444481698474,0.2781,128.72,128.72,131.53,0.6925,0.0,0.47536884221055264,0.3076923076923077,0.5783221379318431,0.27802780278027805,0.12271754908701965,1.0,medium,0.7558
436849795,0,0.479,10,0.46100461785649754,0.5,148.14,150.66,148.14,0.6525,0.0,0.3485871467866966,0.46153846153846156,0.6251030296902467,0.49994999499949994,0.1412636565054626,0.9116022099447513,medium,0.9997
106774579,0,0.5629,9,0.473976869280539,0.5,143.54,146.76,143.54,0.5925,0.0,0.4534883720930232,0.38461538461538464,0.6426928976899189,0.49994999499949994,0.1368706547482619,0.7790055248618785,medium,0.9998
415292980,0,0.4736,9,0.471440985866164,0.5,228.99,229.38,228.99,0.5925,0.0,0.34183545886471617,0.38461538461538464,0.6392543384866378,0.49994999499949994,0.218475437390175,0.7790055248618785,medium,0.9713
661509368,0,0.3994,8,0.569439475209321,0.564,215.23,215.23,253.9,,0.0,0.24906226556639155,0.3076923076923077,0.7721364755471898,0.5639563956395639,0.20533463213385286,0.6906077348066298,high,0.9709
661509370,0,0.3063,8,0.5691934248562741,0.5,274.63,274.63,285.79,,0.0,0.1326581645411353,0.3076923076923077,0.7718028408457109,0.49994999499949994,0.2620616548246619,0.6906077348066298,high,0.9991
106772283,0,0.275,6,0.6180910544855673,0.5,122.94,122.94,149.53,0.6925,0.0,0.09352338084521133,0.15384615384615385,0.8381061233339074,0.49994999499949994,0.11719764687905876,1.0,medium,0.9531
106774579,0,0.4173,7,0.5409410637493751,0.5,174.26,177.06,174.26,0.5925,0.0,0.2714428607151788,0.23076923076923078,0.7334937388783824,0.49994999499949994,0.1662082664833066,0.7790055248618785,medium,0.9491
641798780,0,0.4513,8,0.43337497588547935,0.5,124.39,127.41,124.39,0.5925,0.0,0.31395348837209297,0.3076923076923077,0.587638310632481,0.49994999499949994,0.11858239743295898,0.7790055248618785,medium,0.9998
106774579,0,0.5159,6,0.5620866011493898,0.5294,253.97,258.18,253.97,0.5925,0.0,0.3947236809202301,0.15384615384615385,0.7621662645248605,0.5293529352935293,0.2423313469325388,0.7790055248618785,medium,0.9421
27548923,0,0.69,8,0.27083312617869415,0.2305,64.31,64.69,64.31,0.5925,0.0,0.6124031007751937,0.3076923076923077,0.3672378892016901,0.23042304230423044,0.061205974482389805,0.7790055248618785,low,0.9934
335654453,0,0.5074,10,0.5403903375071286,0.4087,12.44,12.44,12.61,0.5525,0.0,0.38409602400600146,0.46153846153846156,0.7327469755303395,0.40864086408640865,0.011670104668041867,0.6906077348066298,medium,0.999
335654453,0,0.6531,10,0.3042251436698087,0.4779,44.89,44.89,45.22,0.5525,0.0,0.5662665666416604,0.46153846153846156,0.4125161651702622,0.47784778477847784,0.04265986706394683,0.6906077348066298,medium,0.917
335654453,0,0.4664,10,0.5589943484550567,0.2763,3.16,3.16,9.94,0.5525,0.0,0.33283320830207547,0.46153846153846156,0.7579732902340489,0.27622762276227625,0.0028077011230804496,0.6906077348066298,medium,0.9991
810673586,0,0.6755,10,0.3586389175256774,0.0808,42.06,42.06,46.3,0.5525,0.0,0.594273568392098,0.46153846153846156,0.4862991245195465,0.0807080708070807,0.0399572159828864,0.6906077348066298,low,0.6342
27548932,0,0.3839,9,0.6503001356581741,0.4297,78.11,78.11,86.0,0.6925,0.0,0.22968242060515132,0.38461538461538464,0.8817803836991428,0.4296429642964297,0.07438497975399191,1.0,medium,0.9817
335654453,0,0.4664,10,0.5589943484550567,0.2763,3.16,3.16,9.94,0.5525,0.0,0.33283320830207547,0.46153846153846156,0.7579732902340489,0.27622762276227625,0.0028077011230804496,0.6906077348066298,medium,0.9991
428944346,0,0.3844,7,0.5310952366299732,0.5,145.06,145.06,146.98,0.5925,0.0,0.23030757689422357,0.23076923076923078,0.7201431805430031,0.49994999499949994,0.13832225532890216,0.7790055248618785,medium,0.9666
27548932,0,0.2795,8,0.6574018586971194,0.5,118.56,118.56,121.7,0.6925,0.0,0.09914978744686176,0.3076923076923077,0.8914100437128061,0.49994999499949994,0.1130147452058981,1.0,high,0.5631
24327973,0,1.0,10,0.05987764519561545,1.0,139.52,141.66,139.52,0.6525,0.0,1.0,0.46153846153846156,0.08119046821024035,1.0,0.1330315532126213,0.9116022099447513,low,1.0
24327975,0,0.9983,7,0.02658728996073003,1.0,122.69,123.74,122.69,0.6525,0.0,0.9978744686171542,0.23076923076923078,0.036050042304017926,1.0,0.11695889678355872,0.9116022099447513,low,1.0
24327973,0,1.0,11,0.06892342843605094,0.0446,116.55,116.86,116.55,0.6525,0.0,1.0,0.5384615384615384,0.09345619818661298,0.0445044504450445,0.11109519443807779,0.9116022099447513,low,1.0
24327973,0,1.0,10,0.05987764519561545,1.0,139.52,141.66,139.52,0.6525,0.0,1.0,0.46153846153846156,0.08119046821024035,1.0,0.1330315532126213,0.9116022099447513,low,1.0
335654473,0,1.0,12,0.06860938577474776,0.1091,56.65,60.07,56.65,0.5525,0.0,1.0,0.6153846153846154,0.09303036856166821,0.10901090109010901,0.05389067155626863,0.6906077348066298,low,1.0
188087806,0,1.0,8,0.2425210725460212,1.0,44.03,44.03,50.8,0.535,0.0,1.0,0.3076923076923077,0.32884784649288124,1.0,0.0418385667354267,0.6519337016574587,low,0.9976
1388121066,0,1.0,13,0.2425210725460212,1.0,50.88,50.88,55.48,0.6525,0.0,1.0,0.6923076923076923,0.32884784649288124,1.0,0.04838031935212775,0.9116022099447513,low,0.9977
1411199383,0,1.0,10,0.23909844855337578,0.0045,116.37,120.74,116.37,0.6525,0.0,1.0,0.46153846153846156,0.3242069015809156,0.0044004400440044,0.11092329436931776,0.9116022099447513,low,1.0
188086545,0,1.0,11,0.2425210725460212,1.0,54.68,54.68,61.19,0.535,0.0,1.0,0.5384615384615384,0.32884784649288124,1.0,0.052009320803728325,0.6519337016574587,low,0.9525
335654457,0,0.9107,16,0.08948845784751246,1.0,111.7,114.76,111.7,0.6525,0.0,0.8883470867716927,0.9230769230769231,0.12134157759627967,1.0,0.10646344258537704,0.9116022099447513,low,0.9725
335706996,0,0.9717,13,0.24252107254602126,1.0,90.72,90.72,94.95,0.6525,0.0,0.9646161540385096,0.6923076923076923,0.32884784649288135,1.0,0.08642753457101383,0.9116022099447513,low,0.984
1388121066,0,1.0,13,0.2425210725460212,1.0,50.88,50.88,55.48,0.6525,0.0,1.0,0.6923076923076923,0.32884784649288124,1.0,0.04838031935212775,0.9116022099447513,low,0.9977
24311718,0,0.7145,6,0.2885345452014569,0.2067,264.44,271.4,264.44,0.6925,0.0,0.6430357589397349,0.15384615384615385,0.3912403243873226,0.20662066206620663,0.25233020093208036,1.0,low,0.997
24327954,0,0.586,6,0.4724675323442382,0.0421,213.02,220.77,213.02,0.6925,0.0,0.48237059264816196,0.15384615384615385,0.6406462955536577,0.042004200420042,0.20322408128963254,1.0,medium,0.6388
24327954,0,0.3484,7,0.6447331299697887,0.173,158.6,158.6,169.12,0.6925,0.0,0.18529632408102023,0.23076923076923078,0.8742317406755699,0.17291729172917292,0.15125296050118422,1.0,medium,0.9974
24328041,0,0.4538,6,0.37645615003709504,0.18,170.95,180.24,170.95,0.6925,0.0,0.3170792698174543,0.15384615384615385,0.510458598287876,0.17991799179917992,0.1630472152188861,1.0,medium,0.8646
335706999,0,1.0,6,0.02658728996073003,1.0,77.37,80.83,77.37,0.5125,0.0,1.0,0.15384615384615385,0.036050042304017926,1.0,0.07367827947131181,0.6022099447513811,low,1.0
690825699,0,0.8427,8,0.02658728996073003,0.5864,16.45,25.16,16.45,,0.0,0.8033258314578645,0.3076923076923077,0.036050042304017926,0.5863586358635864,0.015499656199862481,0.6906077348066298,low,1.0
1388121071,0,1.0,7,0.02658728996073003,1.0,35.3,35.42,35.3,0.5075,0.0,1.0,0.23076923076923078,0.036050042304017926,1.0,0.03350141340056536,0.5911602209944751,low,1.0
24311863,0,1.0,7,0.02658728996073003,1.0,13.53,13.53,24.64,,0.0,1.0,0.23076923076923078,0.036050042304017926,1.0,0.012711055084422034,0.6906077348066298,low,1.0
24328010,0,0.9733,8,0.02658728996073003,0.5864,34.36,34.36,39.55,0.6925,0.0,0.9666166541635409,0.3076923076923077,0.036050042304017926,0.5863586358635864,0.03260371304148522,1.0,low,1.0
1388121076,0,1.0,6,0.02658728996073003,1.0,35.5,35.5,43.82,,0.0,1.0,0.15384615384615385,0.036050042304017926,1.0,0.033692413476965395,0.6906077348066298,low,1.0
173043715,0,1.0,10,0.1156314230391623,0.2155,162.67,162.67,163.24,0.6525,0.0,1.0,0.46153846153846156,0.1567904208085616,0.21542154215421544,0.15513981205592484,0.9116022099447513,low,1.0
173043718,0,1.0,7,0.02658728996073003,1.0,29.55,39.52,29.55,0.6925,0.0,1.0,0.23076923076923078,0.036050042304017926,1.0,0.028010161204064486,1.0,low,1.0
28798321,0,1.0,8,0.009885847486619153,0.0719,134.83,143.87,134.83,0.6925,0.0,1.0,0.3076923076923077,0.013403536395315404,0.07180718071807181,0.1285526014210406,1.0,low,1.0
409236053,0,1.0,8,0.009885847486619153,0.0719,132.66,134.37,132.66,0.4475,0.0,1.0,0.3076923076923077,0.013403536395315404,0.07180718071807181,0.12648025059210025,0.45856353591160226,low,1.0
24328015,0,1.0,7,0.009885847486619153,0.0719,136.84,143.09,136.84,0.4875,0.0,1.0,0.23076923076923078,0.013403536395315404,0.07180718071807181,0.1304721521888609,0.5469613259668508,low,1.0
"[1420124200, 31761863]",0,0.9124,8,0.18999929800566984,0.0839,96.48,108.83,96.48,0.4675,0.0,0.8904726181545385,0.3076923076923077,0.25763036457134264,0.08380838083808381,0.09192833677133472,0.5027624309392266,low,0.9999
27880420,0,0.9435,8,0.0058822139474671185,0.4108,241.23,243.62,241.23,0.5575,0.0,0.9293573393348338,0.3076923076923077,0.00797476515347613,0.41074107410741073,0.23016464206585685,0.7016574585635359,low,1.0
948255784,0,1.0,10,0.0058822139474671185,0.0079,164.09,173.63,164.09,0.3625,0.0,1.0,0.46153846153846156,0.00797476515347613,0.007800780078007801,0.15649591259836507,0.27071823204419887,low,1.0
948255784,0,0.9787,10,0.015266085714398206,0.0079,174.4,185.05,174.4,0.3625,0.0,0.9733683420855213,0.46153846153846156,0.02069893001203425,0.007800780078007801,0.16634196653678665,0.27071823204419887,low,0.9999
948255784,0,1.0,9,0.0058822139474671185,0.0079,143.44,152.34,143.44,0.3625,0.0,1.0,0.38461538461538464,0.00797476515347613,0.007800780078007801,0.1367751547100619,0.27071823204419887,low,1.0
948255783,0,1.0,8,0.18999929800566984,0.0079,115.13,124.65,115.13,0.3625,0.0,1.0,0.3076923076923077,0.25763036457134264,0.007800780078007801,0.10973909389563756,0.27071823204419887,low,0.9997
24327954,0,0.4663,9,0.5307374249051199,0.1338,68.71,68.71,77.97,0.6925,0.0,0.33270817704426103,0.38461538461538464,0.7196580017715495,0.13371337133713374,0.06540797616319047,1.0,medium,0.9962
27924854,0,0.3555,7,0.5776941648625453,0.1663,116.93,116.93,127.89,0.6925,0.0,0.19417354338584644,0.23076923076923078,0.783329513411795,0.16621662166216622,0.11145809458323785,1.0,medium,0.9999
1487617971,0,0.9622,10,0.05202864440701154,0.4589,34.34,34.71,34.34,0.6525,0.0,0.9527381845461365,0.46153846153846156,0.07054752865504532,0.4588458845884588,0.032584613033845224,0.9116022099447513,low,1.0
"[1487617971, 27889605]",0,0.4386,11,0.3580780034880847,0.5552,7.21,7.21,13.33,0.6525,0.0,0.2980745186296574,0.5384615384615384,0.4855385469175635,0.5551555155515552,0.006675452670181069,0.9116022099447513,medium,0.9991
27924878,0,0.3446,8,0.6124161882360125,0.0001,168.29,168.29,174.37,0.5925,0.0,0.18054513628407104,0.3076923076923077,0.8304112255877485,0.0,0.1605069142027657,0.7790055248618785,medium,0.9759
29331779,0,0.5143,8,0.45465436335269405,0.2986,141.63,141.63,149.62,0.5925,0.0,0.39272318079519875,0.3076923076923077,0.6164923317601083,0.2985298529852985,0.13504660401864163,0.7790055248618785,medium,0.9998
31277707,0,0.4581,7,0.4741631741125139,0.1725,149.64,149.64,157.39,0.5925,0.0,0.3224556139034759,0.23076923076923078,0.642945519790356,0.17241724172417242,0.14269615707846284,0.7790055248618785,medium,0.9999
29331779,0,0.5507,7,0.526207186060087,0.2932,96.04,96.26,96.04,0.5925,0.0,0.4382345586396599,0.23076923076923078,0.7135151742324968,0.29312931293129313,0.09150813660325466,0.7790055248618785,medium,0.9994
29331646,0,0.6035,9,0.5014383413117836,0.4232,88.82,88.82,96.47,0.6925,0.0,0.5042510627656914,0.38461538461538464,0.6799295848551906,0.4231423142314232,0.08461303384521354,1.0,medium,0.9799
245122599,0,0.5732,7,0.4220771170966065,0.1922,28.41,28.41,29.49,0.5925,0.0,0.466366591647912,0.23076923076923078,0.5723188538721141,0.19211921192119213,0.026921460768584312,0.7790055248618785,medium,0.6874
245122599,0,0.4017,7,0.5633375821433911,0.2015,31.77,31.77,37.33,0.5925,0.0,0.25193798449612403,0.23076923076923078,0.7638625460595987,0.20142014201420144,0.030130262052104825,0.7790055248618785,medium,0.9999
24328053,0,0.4304,7,0.5597706268999149,0.2015,73.82,73.82,79.58,0.5925,0.0,0.28782195548887224,0.23076923076923078,0.7590258935894495,0.20142014201420144,0.07028802811521125,0.7790055248618785,medium,0.9999
"[1433098132, 44098974]",0,0.6439,10,0.3758133570595326,0.0635,189.66,189.66,191.82,0.5525,0.0,0.5547636909227307,0.46153846153846156,0.5095869960303462,0.0634063406340634,0.18091527236610896,0.6906077348066298,medium,0.992
44098974,0,0.5874,11,0.4901735610494618,0.0052,168.94,173.48,168.94,0.5525,0.0,0.4841210302575644,0.5384615384615384,0.66465498128928,0.0051005100510051,0.1611276644510658,0.6906077348066298,medium,0.9999
24328055,0,0.5895,7,0.4474108995796175,0.0707,155.52,159.72,155.52,0.5925,0.0,0.4867466866716679,0.23076923076923078,0.606670476828073,0.0706070607060706,0.14831155932462375,0.7790055248618785,medium,0.9672
44098974,0,0.8332,10,0.15669413197873946,0.0707,175.06,179.45,175.06,0.5525,0.0,0.7914478619654913,0.46153846153846156,0.21246985580760183,0.0706070607060706,0.16697226678890673,0.6906077348066298,low,0.9996
717071991,0,0.9266,10,0.046965347694344545,1.0,193.51,193.51,195.56,0.6525,0.0,0.9082270567641909,0.46153846153846156,0.06368189539620123,1.0,0.18459202383680956,0.9116022099447513,low,0.9998
29318276,0,1.0,7,0.046965347694344545,1.0,198.64,198.64,201.55,0.6925,0.0,1.0,0.23076923076923078,0.06368189539620123,1.0,0.18949117579647032,1.0,low,1.0
37018383,0,0.8636,10,0.04696534769434454,0.1158,146.78,146.78,149.76,0.4725,0.0,0.8294573643410852,0.46153846153846156,0.06368189539620121,0.11571157115711571,0.1399648559859424,0.5138121546961325,low,0.9999
26688658,0,1.0,9,0.18999929800566984,0.0079,107.62,119.0,107.62,0.3625,0.0,1.0,0.38461538461538464,0.25763036457134264,0.007800780078007801,0.10256704102681642,0.27071823204419887,low,0.9994
948255783,0,1.0,8,0.18999929800566984,0.0079,115.13,124.65,115.13,0.3625,0.0,1.0,0.3076923076923077,0.25763036457134264,0.007800780078007801,0.10973909389563756,0.27071823204419887,low,0.9997
"[246292529, 246292522, 246292538]",0,1.0,6,0.02658728996073003,1.0,55.27,55.27,63.71,0.34,0.0,1.0,0.15384615384615385,0.036050042304017926,1.0,0.05257277102910842,0.22099447513812162,low,0.9977
335706993,0,0.9712,7,0.02658728996073003,0.0004,114.92,115.01,114.92,0.5075,0.0,0.9639909977494372,0.23076923076923078,0.036050042304017926,0.00030003000300030005,0.10953854381541754,0.5911602209944751,low,1.0
553266555,0,0.7691,6,0.08269127152157156,0.5,97.74,97.74,99.37,0.4675,0.0,0.7113028257064264,0.15384615384615385,0.11212485751167708,0.49994999499949994,0.0931316372526549,0.5027624309392266,low,0.9981
27162454,0,0.8762,8,0.03264041338705189,0.5,168.24,168.24,170.81,0.5075,0.0,0.8452113028257062,0.3076923076923077,0.04425784205860776,0.49994999499949994,0.1604591641836657,0.5911602209944751,low,0.9999
553116328,0,0.929,7,0.0013458618076841265,0.5,106.9,106.9,109.48,0.4675,0.0,0.911227806951738,0.23076923076923078,0.001823648224696004,0.49994999499949994,0.10187944075177632,0.5027624309392266,low,1.0
27880385,0,1.0,6,0.08269127152157156,0.5,62.02,62.02,63.57,0.5075,0.0,1.0,0.15384615384615385,0.11212485751167708,0.49994999499949994,0.05901902360760945,0.5911602209944751,low,1.0
553116323,0,1.0,6,0.08269127152157156,0.5,67.61,67.61,71.24,0.4675,0.0,1.0,0.15384615384615385,0.11212485751167708,0.49994999499949994,0.0643574757429903,0.5027624309392266,low,1.0
67502814,0,1.0,7,0.0013458618076841265,0.5,101.53,101.53,105.61,0.4675,0.0,1.0,0.23076923076923078,0.001823648224696004,0.49994999499949994,0.09675108870043549,0.5027624309392266,low,1.0
173044485,0,0.9427,7,0.05111170440991546,0.5,124.41,124.81,124.41,0.6525,0.0,0.928357089272318,0.23076923076923078,0.06930419370991403,0.49994999499949994,0.11860149744059899,0.9116022099447513,low,1.0
552544603,0,0.8488,10,0.10193603558856251,0.5,28.84,28.84,35.77,0.6525,0.0,0.8109527381845462,0.46153846153846156,0.13822000850419028,0.49994999499949994,0.027332110932844378,0.9116022099447513,low,1.0
1483806686,0,0.9057,9,0.009885847486619153,0.0065,65.79,90.13,65.79,0.6525,0.0,0.8820955238809702,0.38461538461538464,0.013403536395315404,0.0064006400640064,0.06261937504775003,0.9116022099447513,low,1.0
1483806686,0,0.9057,9,0.009885847486619153,0.0065,65.79,90.13,65.79,0.6525,0.0,0.8820955238809702,0.38461538461538464,0.013403536395315404,0.0064006400640064,0.06261937504775003,0.9116022099447513,low,1.0
101233467,0,0.8903,7,0.009885847486619153,0.0839,107.16,107.16,108.75,0.6925,0.0,0.8628407101775443,0.23076923076923078,0.013403536395315404,0.08380838083808381,0.10212774085109635,1.0,low,1.0
238733144,0,1.0,10,0.006960052706128168,0.5,73.86,73.86,75.48,,0.0,1.0,0.46153846153846156,0.009436272556473398,0.49994999499949994,0.07032622813049126,0.6906077348066298,low,1.0
335706993,0,0.8712,7,0.03264041338705189,0.5,195.37,195.37,196.33,0.5075,0.0,0.8389597399349837,0.23076923076923078,0.04425784205860776,0.49994999499949994,0.18636832454732985,0.5911602209944751,low,0.9999
238733141,0,0.8831,12,0.007587647731733466,0.2155,185.4,193.94,185.4,0.6525,0.0,0.8538384596149038,0.6153846153846154,0.010287266982713776,0.21542154215421544,0.17684697073878833,0.9116022099447513,low,1.0
238733141,0,0.8735,12,0.03867289022117672,0.2155,148.33,157.17,148.33,0.6525,0.0,0.8418354588647161,0.6153846153846154,0.05243764583782545,0.21542154215421544,0.14144510657804266,0.9116022099447513,low,1.0
"[28016592, 289645033]",0,0.7435,10,0.11563142303916218,0.3071,163.18,165.68,163.18,,0.0,0.6792948237059265,0.46153846153846156,0.15679042080856145,0.307030703070307,0.15562686225074493,0.6906077348066298,low,0.9875
238733141,0,0.5651,11,0.11925853453045818,0.3057,93.31,101.24,93.31,0.6525,0.0,0.4562390597649413,0.5384615384615384,0.1617086428092351,0.30563056305630565,0.08890098556039423,0.9116022099447513,low,0.9816
93519910,0,0.9584,10,0.00025663371903850103,0.5,35.95,72.83,35.95,0.5925,0.0,0.9479869967491872,0.46153846153846156,0.0003466973335574169,0.49994999499949994,0.034122163648865465,0.7790055248618785,low,1.0
120939198,0,0.9411,10,0.0005619363239410496,0.5,32.98,67.67,32.98,0.5925,0.0,0.9263565891472869,0.46153846153846156,0.0007606757822204816,0.49994999499949994,0.03128581251432501,0.7790055248618785,low,1.0
835517146,0,0.9774,11,0.17185397105706082,0.5,50.15,50.15,52.69,0.5725,0.0,0.9717429357339336,0.5384615384615384,0.23302600751691463,0.49994999499949994,0.04768316907326763,0.7348066298342542,low,1.0
170015728,0,0.7244,11,0.18498640978567857,0.1606,12.3,12.3,15.33,0.6525,0.0,0.6554138534633658,0.5384615384615384,0.2508330832664689,0.16051605160516053,0.011536404614561848,0.9116022099447513,low,1.0
1412263061,0,0.5939,11,0.17185397105706085,0.2937,49.55,50.3,49.55,0.4725,0.0,0.4922480620155038,0.5384615384615384,0.23302600751691468,0.29362936293629366,0.04711016884406754,0.5138121546961325,medium,0.9392
106772283,0,0.3538,6,0.527346366015443,0.5,179.71,179.71,207.96,0.6925,0.0,0.19204801200300076,0.15384615384615385,0.7150598579105706,0.49994999499949994,0.17141301856520746,1.0,medium,0.999
795531156,0,0.4477,7,0.5819657566977534,0.5,155.08,155.08,171.48,0.5925,0.0,0.3094523630907727,0.23076923076923078,0.7891216256730897,0.49994999499949994,0.1478913591565437,0.7790055248618785,medium,0.9366
795531157,0,0.531,7,0.5515086624257861,0.4171,112.7,112.7,124.73,0.5925,0.0,0.4136034008502126,0.23076923076923078,0.7478229913508626,0.4170417041704171,0.1074184429673772,0.7790055248618785,medium,0.9998
28797205,0,0.3692,7,0.5462933359781652,0.5,139.94,139.94,154.84,,0.0,0.21130282570642656,0.23076923076923078,0.7407512116890195,0.49994999499949994,0.13343265337306137,0.6906077348066298,medium,0.6843
795531157,0,0.3581,7,0.5545989149801516,0.4946,124.9,124.9,161.48,0.5925,0.0,0.19742435608902223,0.23076923076923078,0.7520132535297315,0.4945494549454945,0.11906944762777907,0.7790055248618785,medium,0.9191
109241645,0,0.3483,7,0.5971863612697802,0.5,158.37,158.37,218.68,0.5925,0.0,0.1851712928232058,0.23076923076923078,0.8097601730266337,0.49994999499949994,0.15103331041332418,0.7790055248618785,high,0.6576
795531157,0,0.3449,7,0.6055090114167148,0.5,148.12,148.12,209.78,0.5925,0.0,0.18092023005751437,0.23076923076923078,0.8210453626754189,0.49994999499949994,0.1412445564978226,0.7790055248618785,high,0.6799
24004682,0,0.5488,6,0.4288754778707052,0.2764,199.95,204.27,199.95,0.5925,0.0,0.43585896474118524,0.15384615384615385,0.5815371664627045,0.2763276327632763,0.19074222629689053,0.7790055248618785,medium,0.9983
27550462,0,0.43,6,0.5308566606911147,0.2637,146.15,146.15,146.55,0.5925,0.0,0.2873218304576144,0.15384615384615385,0.71981968085623,0.2636263626362636,0.13936320574528233,0.7790055248618785,medium,0.9998
661396741,0,0.4077,7,0.6224741343278782,0.5,131.55,131.55,141.8,0.5925,0.0,0.25943985996499125,0.23076923076923078,0.8440494089932794,0.49994999499949994,0.1254202001680801,0.7790055248618785,medium,0.6799
661396740,0,0.5251,9,0.5762045184246568,0.5,117.82,117.82,165.17,0.5925,0.0,0.4062265566391598,0.38461538461538464,0.7813096108249488,0.49994999499949994,0.11230804492321797,0.7790055248618785,medium,0.9851
641798780,0,0.5477,7,0.3875243235735023,0.5,181.93,185.03,181.93,0.5925,0.0,0.43448362090522624,0.23076923076923078,0.5254666107861579,0.49994999499949994,0.17353311941324778,0.7790055248618785,medium,0.9996
24004682,0,0.541,6,0.47113754006294584,0.4043,237.56,240.33,237.56,0.5925,0.0,0.42610652663165793,0.15384615384615385,0.6388428777887847,0.40424042404240423,0.22665979066391628,0.7790055248618785,medium,0.9999
28875496,0,0.6081,6,0.24890165720793506,0.0923,245.97,247.88,245.97,0.5925,0.0,0.5100025006251562,0.15384615384615385,0.3374996709368475,0.0922092209220922,0.23469134387653756,0.7790055248618785,low,0.792
27580509,0,0.4816,6,0.5188441025843517,0.3645,75.26,75.26,77.83,0.6925,0.0,0.3518379594898724,0.15384615384615385,0.703531119639728,0.36443644364436445,0.07166322866529148,1.0,medium,0.9882
109241616,0,0.3628,7,0.6055534892493805,0.4827,66.25,66.25,67.6,0.6925,0.0,0.20330082520630158,0.23076923076923078,0.8211056728852605,0.48264826482648265,0.0630586752234701,1.0,medium,0.999
28797216,0,0.6676,9,0.29356417926040584,0.5,165.8,165.8,172.93,0.5925,0.0,0.5843960990247561,0.38461538461538464,0.39806031239800865,0.49994999499949994,0.15812896325158532,0.7790055248618785,medium,0.9341
1126436306,0,0.5045,9,0.4456435752262982,0.2982,138.75,138.75,144.58,0.5925,0.0,0.38047011752938226,0.38461538461538464,0.6042740537962252,0.29812981298129815,0.13229620291848118,0.7790055248618785,medium,0.9999
72136990,0,1.0,11,0.007902017250740181,0.0283,42.4,42.4,46.07,,0.0,1.0,0.5384615384615384,0.010713539813981937,0.028202820282028203,0.04028191611276645,0.6906077348066298,low,1.0
27875173,0,0.67,9,0.2998936982954847,0.5,69.58,69.58,69.9,,0.0,0.5873968492123031,0.38461538461538464,0.40664289383966273,0.49994999499949994,0.0662388264955306,0.6906077348066298,medium,0.8517
172906541,0,0.7358,11,0.19061007350316467,0.2151,59.55,66.16,59.55,,0.0,0.6696674168542136,0.5384615384615384,0.25845855237214777,0.21502150215021504,0.05666017266406907,0.6906077348066298,low,0.9912
172906545,0,1.0,13,0.03754727752671255,0.5,60.48,60.48,67.31,0.5525,0.0,1.0,0.6923076923076923,0.05091135883742968,0.49994999499949994,0.05754832301932921,0.6906077348066298,low,1.0
214203310,0,1.0,10,0.03754727752671255,0.5,53.84,53.84,58.57,,0.0,1.0,0.46153846153846156,0.05091135883742968,0.49994999499949994,0.0512071204828482,0.6906077348066298,low,1.0
27875174,0,0.6926,12,0.16663306821826912,0.4626,93.61,93.61,99.51,,0.0,0.6156539134783695,0.6153846153846154,0.22594666648569917,0.46254625462546256,0.08918748567499428,0.6906077348066298,medium,0.5233
72136968,0,0.9331,13,0.03754727752671255,0.5,17.69,17.69,20.62,0.5125,0.0,0.9163540885221306,0.6923076923076923,0.05091135883742968,0.49994999499949994,0.016683856673542673,0.6022099447513811,low,1.0
261273572,0,0.7416,12,0.05620800692026353,0.5,36.5,36.5,39.51,,0.0,0.6769192298074519,0.6153846153846154,0.07621458154569749,0.49994999499949994,0.034647413858965546,0.6906077348066298,low,0.9973
261470171,0,0.9953,12,0.05620800692026353,0.5,24.34,24.34,25.01,0.5525,0.0,0.9941235308827205,0.6153846153846154,0.07621458154569749,0.49994999499949994,0.02303460921384369,0.6906077348066298,low,1.0
261470171,0,0.8382,12,0.035161358147959454,0.5803,176.06,178.49,176.06,0.5525,0.0,0.7976994248562138,0.6153846153846154,0.04767614502925851,0.5802580258025803,0.1679272671709069,0.6906077348066298,low,0.9922
172906541,0,0.7027,12,0.01825522394147193,0.5,23.06,23.06,28.78,,0.0,0.6282820705176293,0.6153846153846154,0.024752085098865,0.49994999499949994,0.021812208724883493,0.6906077348066298,low,0.9981
261470171,0,0.81,12,0.041063219034032664,0.5,48.88,49.41,48.88,0.5525,0.0,0.7624406101525382,0.6153846153846154,0.055678838667007464,0.49994999499949994,0.046470318588127446,0.6906077348066298,low,0.9997
261470171,0,0.9953,12,0.05620800692026353,0.5,24.34,24.34,25.01,0.5525,0.0,0.9941235308827205,0.6153846153846154,0.07621458154569749,0.49994999499949994,0.02303460921384369,0.6906077348066298,low,1.0
72133545,0,0.9814,12,0.04813759869205179,0.5,135.98,138.27,135.98,,0.0,0.9767441860465117,0.6153846153846154,0.0652714221204474,0.49994999499949994,0.12965085186034075,0.6906077348066298,low,1.0
261273570,0,0.9258,12,0.04813759869205179,0.5,156.86,158.55,156.86,,0.0,0.9072268067016753,0.6153846153846154,0.0652714221204474,0.49994999499949994,0.14959125983650395,0.6906077348066298,low,0.9998
261273574,0,0.9091,11,0.06738309925417442,0.3171,172.82,172.82,176.15,0.5525,0.0,0.8863465866466617,0.5384615384615384,0.09136757177169186,0.31703170317031704,0.16483306593322639,0.6906077348066298,low,0.9999
27889257,0,1.0,12,0.026243260445494663,0.5,209.11,209.11,214.69,,0.0,1.0,0.6153846153846154,0.035583551672348064,0.49994999499949994,0.19949002979601196,0.6906077348066298,low,0.9999
261273574,0,0.9535,11,0.026243260445494663,0.5,208.0,208.0,214.25,0.5525,0.0,0.9418604651162791,0.5384615384615384,0.035583551672348064,0.49994999499949994,0.19842997937199178,0.6906077348066298,low,0.9999
261273574,0,0.8707,12,0.026243260445494663,0.5,197.89,197.89,203.69,0.5525,0.0,0.8383345836459115,0.6153846153846154,0.035583551672348064,0.49994999499949994,0.18877492550997022,0.6906077348066298,low,0.9981
72133562,0,0.6822,8,0.2521529465956615,0.5,91.27,99.05,91.27,0.5525,0.0,0.6026506626656665,0.3076923076923077,0.34190829279356344,0.49994999499949994,0.08695278478111391,0.6906077348066298,low,0.5895
27875181,0,0.7673,12,0.11719625923484638,0.5,228.29,228.29,236.36,,0.0,0.7090522630657663,0.6153846153846154,0.15891227778029587,0.49994999499949994,0.21780693712277485,0.6906077348066298,medium,0.6048
261273574,0,0.8984,12,0.04098485471906702,0.501,246.75,253.74,246.75,0.5525,0.0,0.8729682420605149,0.6153846153846154,0.055572579706163104,0.5009500950095009,0.23543624417449768,0.6906077348066298,low,0.995
261273574,0,0.9052,11,0.01730659500365525,0.5,262.91,262.91,270.62,0.5525,0.0,0.881470367591898,0.5384615384615384,0.023465781183575476,0.49994999499949994,0.25086905034762014,0.6906077348066298,low,0.9988
27875181,0,0.68,12,0.30607776032882206,0.4236,85.95,85.95,93.51,,0.0,0.5998999749937485,0.6153846153846154,0.41502824124871723,0.4235423542354235,0.08187218274887312,0.6906077348066298,medium,0.9832
72133562,0,0.6822,8,0.2521529465956615,0.5,91.27,99.05,91.27,0.5525,0.0,0.6026506626656665,0.3076923076923077,0.34190829279356344,0.49994999499949994,0.08695278478111391,0.6906077348066298,low,0.5895
72133562,0,0.8761,12,0.07529725189422888,0.5,27.48,27.8,27.48,0.5525,0.0,0.8450862715678918,0.6153846153846154,0.10209885470148612,0.49994999499949994,0.02603331041332417,0.6906077348066298,low,0.9999
32937997,0,0.9884,12,0.0201301288305226,0.5,141.5,147.11,141.5,,0.0,0.9854963740935233,0.6153846153846154,0.027294383149704567,0.49994999499949994,0.13492245396898161,0.6906077348066298,low,1.0
44532651,0,0.8181,11,0.05119197623636478,0.5,123.38,128.98,123.38,0.5525,0.0,0.7725681420355089,0.5384615384615384,0.06941303918208237,0.49994999499949994,0.11761784704713883,0.6906077348066298,low,0.999
27875190,0,0.6856,12,0.2510725136876468,0.1481,33.55,40.24,33.55,0.5525,0.0,0.6069017254313578,0.6153846153846154,0.3404432678250172,0.14801480148014803,0.03183016273206509,0.6906077348066298,low,0.8643
27880168,0,0.4594,9,0.4835679001537884,0.0206,72.28,72.28,72.32,,0.0,0.32408102025506375,0.38461538461538464,0.655697962233193,0.0205020502050205,0.06881732752693102,0.6906077348066298,medium,0.9999
72133571,0,0.6333,11,0.21873927312000968,0.1481,17.34,17.34,20.13,0.5525,0.0,0.5415103775943986,0.5384615384615384,0.2966006521528954,0.14801480148014803,0.016349606539842618,0.6906077348066298,low,0.9306
72136990,0,1.0,11,0.007902017250740181,0.0283,42.4,42.4,46.07,,0.0,1.0,0.5384615384615384,0.010713539813981937,0.028202820282028203,0.04028191611276645,0.6906077348066298,low,1.0
172906545,0,1.0,13,0.03754727752671255,0.5,60.48,60.48,67.31,0.5525,0.0,1.0,0.6923076923076923,0.05091135883742968,0.49994999499949994,0.05754832301932921,0.6906077348066298,low,1.0
72133571,0,0.9398,11,0.007902017250740181,0.0283,66.13,66.13,70.25,0.5525,0.0,0.9247311827956989,0.5384615384615384,0.010713539813981937,0.028202820282028203,0.06294407517763008,0.6906077348066298,low,1.0
72136985,0,0.4913,9,0.5648663550994164,0.2478,9.29,9.29,10.69,0.5925,0.0,0.36396599149787445,0.38461538461538464,0.7659355026820795,0.24772477247724772,0.008661853464741385,0.7790055248618785,medium,0.9999
444159095,0,0.8158,12,0.2115124357017698,1.0,59.69,59.69,64.12,0.5075,0.0,0.7696924231057762,0.6153846153846154,0.28680134191085505,1.0,0.05679387271754909,0.5911602209944751,medium,0.9781
444159095,0,0.3742,11,0.4703777139440976,0.5574,36.93,36.93,69.9,0.5075,0.0,0.21755438859714926,0.5384615384615384,0.6378125831470639,0.5573557355735573,0.035058064023225616,0.5911602209944751,medium,0.6428
"[1118384845, 44532653]",0,0.9258,13,0.01376457271080662,0.2526,73.59,73.59,86.85,0.4625,0.0,0.9072268067016753,0.6923076923076923,0.01866293682398833,0.25252525252525254,0.07006837802735122,0.4917127071823205,low,0.9999
72133511,0,0.8461,12,0.012313880416768843,0.4865,87.4,87.4,88.93,0.3825,0.0,0.8075768942235557,0.6153846153846154,0.016695854539954376,0.48644864486448647,0.08325693330277334,0.31491712707182323,low,0.899
214203326,0,0.8209,13,0.1065582345058625,1.0,48.63,48.63,50.13,0.5525,0.0,0.7760690172543135,0.6923076923076923,0.14448753032178738,1.0,0.046231568492627405,0.6906077348066298,low,0.675
"[335710025, 335710026]",0,0.7978,13,0.024083589463191,0.2906,10.88,10.88,18.34,,0.0,0.7471867966991746,0.6923076923076923,0.03265512188327998,0.2905290529052906,0.01018030407212163,0.6906077348066298,low,1.0
27875213,0,0.8456,10,0.10651650064979863,0.5,45.18,46.56,45.18,,0.0,0.8069517379344835,0.46153846153846156,0.14443094083741148,0.49994999499949994,0.042936817174726874,0.6906077348066298,low,0.9999
72133499,0,0.9609,11,0.00036598956767197,0.5,47.05,47.05,49.42,0.5525,0.0,0.9511127781945484,0.5384615384615384,0.0004949796077422922,0.49994999499949994,0.04472266788906716,0.6906077348066298,low,1.0
72133567,0,0.9001,11,0.04024650466910303,0.5,142.05,145.66,142.05,0.5525,0.0,0.8750937734433607,0.5384615384615384,0.0545714057779159,0.49994999499949994,0.1354477041790817,0.6906077348066298,low,0.9999
72133532,0,0.7895,11,0.10736295176474085,0.6151,101.24,101.24,101.33,0.6025,0.0,0.736809202300575,0.5384615384615384,0.1455786956020482,0.6150615061506151,0.09647413858965544,0.8011049723756907,low,0.9972
72133566,0,0.8922,11,0.06866225852010051,0.0551,232.39,234.92,232.39,0.5525,0.0,0.8652163040760189,0.5384615384615384,0.09310206194635019,0.05500550055005501,0.22172243868897548,0.6906077348066298,low,0.9999
72133532,0,1.0,12,0.08536997012665713,0.5,63.98,64.14,63.98,0.6025,0.0,1.0,0.6153846153846154,0.11575706855462972,0.49994999499949994,0.06089082435632975,0.8011049723756907,low,1.0
72133532,0,0.7895,11,0.10736295176474085,0.6151,101.24,101.24,101.33,0.6025,0.0,0.736809202300575,0.5384615384615384,0.1455786956020482,0.6150615061506151,0.09647413858965544,0.8011049723756907,low,0.9972
1451344880,0,0.821,12,0.08536997012665715,0.5,49.24,50.66,49.24,,0.0,0.776194048512128,0.6153846153846154,0.11575706855462974,0.49994999499949994,0.046814118725647495,0.6906077348066298,low,0.9992
109230035,0,0.7534,7,0.04404739803893444,0.5,71.36,76.81,71.36,,0.0,0.6916729182295572,0.23076923076923078,0.059725269241605594,0.49994999499949994,0.06793872717549088,0.6906077348066298,low,1.0
261470172,0,0.7513,10,0.10568265032012984,0.3093,58.16,58.16,58.83,0.5525,0.0,0.6890472618154537,0.46153846153846156,0.14330027224713315,0.30923092309230926,0.05533272213308886,0.6906077348066298,low,0.9996
72133511,0,0.9329,12,0.04263782918685142,0.5,32.26,32.26,33.2,0.3825,0.0,0.9161040260065014,0.6153846153846154,0.05781394874417529,0.49994999499949994,0.030598212239284897,0.31491712707182323,low,0.995
72133511,0,0.919,11,0.0618158667557872,0.3403,83.39,83.39,85.06,0.3825,0.0,0.8987246811702926,0.5384615384615384,0.08381862120258488,0.3402340234023402,0.07942738177095272,0.31491712707182323,low,0.9952
72137002,0,0.7629,12,0.15379951685852314,0.4356,48.08,48.08,50.1,0.5525,0.0,0.7035508877219304,0.6153846153846154,0.20854487037445657,0.4355435543554355,0.04570631828252732,0.6906077348066298,low,0.9807
72136966,0,0.6962,10,0.17807875918513777,0.5,92.73,92.73,96.94,0.5525,0.0,0.6201550387596899,0.46153846153846156,0.24146657792521528,0.49994999499949994,0.08834708533883415,0.6906077348066298,low,0.7597
72136976,0,0.9616,11,0.02276186733611813,0.6317,59.43,59.43,63.45,0.5525,0.0,0.9519879969992499,0.5384615384615384,0.030862918125621492,0.6316631663166317,0.056545572618229054,0.6906077348066298,low,1.0
446503923,0,0.6053,11,0.22186766233916097,0.7355,64.36,64.36,64.78,,0.0,0.5065016254063515,0.5384615384615384,0.30084262616478397,0.7354735473547355,0.06125372450148981,0.6906077348066298,medium,0.9951
72133534,0,0.6434,10,0.34550589380373564,0.5,26.59,29.8,26.59,0.5525,0.0,0.5541385346336584,0.46153846153846156,0.46849125554181514,0.49994999499949994,0.025183360073344034,0.6906077348066298,medium,0.9745
72136976,0,0.6829,11,0.18501439964735425,0.8515,31.84,31.84,35.16,0.5525,0.0,0.6035258814703675,0.5384615384615384,0.25087103642942504,0.8514851485148516,0.030197112078844835,0.6906077348066298,medium,0.8889
72136966,0,0.6962,10,0.17807875918513777,0.5,92.73,92.73,96.94,0.5525,0.0,0.6201550387596899,0.46153846153846156,0.24146657792521528,0.49994999499949994,0.08834708533883415,0.6906077348066298,low,0.7597
72137002,0,0.6472,10,0.3298106173208135,0.5,160.46,169.67,160.46,0.5525,0.0,0.5588897224306076,0.46153846153846156,0.447209071553205,0.49994999499949994,0.15302926121170451,0.6906077348066298,medium,0.9988
27875216,0,0.8517,9,0.06273565391754908,0.5,110.01,110.01,117.59,,0.0,0.8145786446611651,0.38461538461538464,0.08506581679218007,0.49994999499949994,0.1048494919397968,0.6906077348066298,low,0.9999
214203272,0,0.9334,6,0.02323990948419918,0.5,79.44,79.44,84.09,0.5525,0.0,0.9167291822955739,0.15384615384615385,0.03151112467112843,0.49994999499949994,0.07565513026205212,0.6906077348066298,low,1.0
72133552,0,0.8254,11,0.028836865096024136,0.5,110.69,110.69,110.71,,0.0,0.7816954238559639,0.5384615384615384,0.03910037862511587,0.49994999499949994,0.1054988921995569,0.6906077348066298,low,0.9997
27875216,0,0.8517,9,0.06273565391754908,0.5,110.01,110.01,117.59,,0.0,0.8145786446611651,0.38461538461538464,0.08506581679218007,0.49994999499949994,0.1048494919397968,0.6906077348066298,low,0.9999
72133552,0,0.8316,12,0.053281980369556746,0.5,13.96,13.96,16.84,,0.0,0.78944736184046,0.6153846153846154,0.07224700343546428,0.49994999499949994,0.013121705248682102,0.6906077348066298,low,0.9999
72133534,0,0.6434,10,0.34550589380373564,0.5,26.59,29.8,26.59,0.5525,0.0,0.5541385346336584,0.46153846153846156,0.46849125554181514,0.49994999499949994,0.025183360073344034,0.6906077348066298,medium,0.9745
27875228,0,0.6669,9,0.2686354423402985,0.6482,124.94,130.33,124.94,0.5525,0.0,0.583520880220055,0.38461538461538464,0.36425791545937203,0.6481648164816481,0.11910764764305908,0.6906077348066298,medium,0.9793
261470168,0,0.6808,10,0.27477736075695225,0.5,30.33,30.33,30.68,0.5525,0.0,0.600900225056264,0.46153846153846156,0.3725861177645997,0.49994999499949994,0.028755061502024604,0.6906077348066298,medium,0.6213
261470168,0,0.5865,10,0.30610764350474684,0.5,14.41,14.41,15.81,0.5525,0.0,0.4829957489372343,0.46153846153846156,0.41506876167209983,0.49994999499949994,0.013551455420582168,0.6906077348066298,medium,0.979
261470168,0,0.6808,10,0.27477736075695225,0.5,30.33,30.33,30.68,0.5525,0.0,0.600900225056264,0.46153846153846156,0.3725861177645997,0.49994999499949994,0.028755061502024604,0.6906077348066298,medium,0.6213
172906541,0,0.9159,11,0.03348411762702681,0.5,138.69,146.99,138.69,,0.0,0.8948487121780444,0.5384615384615384,0.045401872167708066,0.49994999499949994,0.13223890289556117,0.6906077348066298,low,1.0
27875225,0,0.7044,10,0.2670687100191162,0.5,119.7,127.02,119.7,,0.0,0.6304076019004751,0.46153846153846156,0.36213348741526685,0.49994999499949994,0.11410344564137827,0.6906077348066298,medium,0.8822
"[32944401, 214203291, 214203278]",0,0.6555,11,0.2730135756516639,0.0789,119.41,127.72,119.41,,0.0,0.5692673168292073,0.5384615384615384,0.3701944938153204,0.07880788078807881,0.11382649553059822,0.6906077348066298,medium,0.6239
172906541,0,0.7358,11,0.19061007350316458,0.2151,59.55,66.16,59.55,,0.0,0.6696674168542136,0.5384615384615384,0.25845855237214765,0.21502150215021504,0.05666017266406907,0.6906077348066298,low,0.9912
72133532,0,1.0,12,0.08536997012665713,0.5,63.98,64.14,63.98,0.6025,0.0,1.0,0.6153846153846154,0.11575706855462972,0.49994999499949994,0.06089082435632975,0.8011049723756907,low,1.0
72133552,0,1.0,12,0.08536997012665713,0.5,65.98,65.98,67.39,,0.0,1.0,0.6153846153846154,0.11575706855462972,0.49994999499949994,0.06280082512033006,0.6906077348066298,low,1.0
1222460760,0,1.0,12,0.08536997012665713,0.5,154.42,154.42,156.42,0.6025,0.0,1.0,0.6153846153846154,0.11575706855462972,0.49994999499949994,0.14726105890442356,0.8011049723756907,low,1.0
27875179,0,0.8808,11,0.010531089768775476,0.5,155.12,156.21,155.12,0.5525,0.0,0.8509627406851713,0.5384615384615384,0.014278459814537958,0.49994999499949994,0.14792955917182368,0.6906077348066298,low,0.9999
27875179,0,0.9754,11,0.010531089768775476,0.5,123.65,125.31,123.65,0.5525,0.0,0.9692423105776444,0.5384615384615384,0.014278459814537958,0.49994999499949994,0.11787569715027887,0.6906077348066298,low,1.0
27875229,0,0.6877,9,0.2850685934681939,0.4201,129.3,129.3,135.16,,0.0,0.6095273818454613,0.38461538461538464,0.38654062874556655,0.42004200420042004,0.12327144930857975,0.6906077348066298,medium,0.838
27875179,0,0.7508,12,0.21289964692041927,0.3095,22.35,22.35,23.07,0.5525,0.0,0.6884221055263815,0.6153846153846154,0.288682346327597,0.30943094309430946,0.021134158453663385,0.6906077348066298,low,0.9763
27875232,0,0.732,11,0.2538188873761342,0.5,49.35,49.35,49.81,0.5525,0.0,0.6649162290572643,0.5384615384615384,0.3441672436468808,0.49994999499949994,0.04691916876766752,0.6906077348066298,low,0.5617
72133562,0,0.8761,12,0.0752972518942289,0.5,27.48,27.8,27.48,0.5525,0.0,0.8450862715678918,0.6153846153846154,0.10209885470148614,0.49994999499949994,0.02603331041332417,0.6906077348066298,low,0.9999
27875190,0,0.6856,12,0.2510725136876468,0.1481,33.55,40.24,33.55,0.5525,0.0,0.6069017254313578,0.6153846153846154,0.3404432678250172,0.14801480148014803,0.03183016273206509,0.6906077348066298,low,0.8643
27875232,0,0.7755,12,0.16985083256603656,0.2373,18.32,18.32,20.5,0.5525,0.0,0.7193048262065515,0.6153846153846154,0.2303098296931578,0.23722372237223724,0.017285506914202768,0.6906077348066298,low,0.9986
44888441,0,0.5537,12,0.3281852281101102,0.2373,31.41,35.09,31.41,0.5525,0.0,0.44198549637409346,0.6153846153846154,0.44500510705006746,0.23722372237223724,0.02978646191458477,0.6906077348066298,medium,0.9948
436325084,0,0.7186,11,0.2143200078134212,0.071,109.04,118.18,109.04,0.5525,0.0,0.6481620405101275,0.5384615384615384,0.2906083004124444,0.07090709070907089,0.10392314156925665,0.6906077348066298,low,0.9713
27875233,0,0.6472,10,0.25448775304719345,0.2436,107.35,114.37,107.35,0.5525,0.0,0.5588897224306076,0.46153846153846156,0.34507419946194,0.24352435243524354,0.10230919092367638,0.6906077348066298,medium,0.6341
27875244,0,0.7061,8,0.21865159943105675,0.5,161.6,165.66,161.6,0.5325,0.0,0.6325331332833208,0.3076923076923077,0.2964817700432819,0.49994999499949994,0.15411796164718466,0.6464088397790054,medium,0.6601
261273571,0,0.7633,6,0.21140136253327643,0.2906,35.7,35.7,36.75,0.5925,0.0,0.7040510127531882,0.15384615384615385,0.28665073101778504,0.2905290529052906,0.03388341355336543,0.7790055248618785,low,1.0
635546314,0,0.5224,8,0.46898282300112826,0.0031,79.31,79.31,117.83,,0.0,0.40285071267816946,0.3076923076923077,0.6359211653230695,0.0030003000300030005,0.0755309802123921,0.6906077348066298,medium,0.9971
27875238,0,0.4875,11,0.5250016647007537,0.0206,82.34,82.56,82.34,,0.0,0.3592148037009252,0.5384615384615384,0.7118805341928998,0.0205020502050205,0.07842463136985256,0.6906077348066298,medium,0.9998
27875238,0,0.5032,8,0.49298643117637353,0.0092,66.55,66.55,75.48,,0.0,0.3788447111777944,0.3076923076923077,0.6684691236933427,0.009100910091009102,0.06334517533807014,0.6906077348066298,medium,0.9989
27875240,0,0.595,8,0.38471833659315774,0.0029,55.05,55.05,55.88,,0.0,0.4936234058514628,0.3076923076923077,0.521661801660921,0.0028002800280028,0.052362670945068385,0.6906077348066298,medium,0.6116
436325084,0,0.7186,11,0.2143200078134212,0.071,109.04,118.18,109.04,0.5525,0.0,0.6481620405101275,0.5384615384615384,0.2906083004124444,0.07090709070907089,0.10392314156925665,0.6906077348066298,low,0.9713
1301842540,0,0.6173,13,0.28483901696282765,0.071,129.8,136.04,129.8,0.5525,0.0,0.5215053763440859,0.6923076923076923,0.38622933194031545,0.07090709070907089,0.12374894949957982,0.6906077348066298,medium,0.9827
436325084,0,0.6837,12,0.21413961634601075,0.1842,177.73,181.28,177.73,0.5525,0.0,0.6045261315328831,0.6153846153846154,0.29036369660418515,0.18411841184118413,0.16952211780884713,0.6906077348066298,medium,0.8051
892478575,0,0.9992,10,0.0680678194683365,0.4706,95.85,95.85,102.42,0.3825,0.0,0.9989997499374842,0.46153846153846156,0.09229602573007697,0.4705470547054706,0.09132668653067462,0.31491712707182323,low,0.999
72133559,0,0.9567,12,0.016910543712150707,0.1516,41.61,45.67,41.61,0.3825,0.0,0.9458614653663414,0.6153846153846154,0.02292875104817788,0.15151515151515155,0.03952746581098633,0.31491712707182323,low,0.9999
436325084,0,0.906,12,0.006527624358374426,0.5,145.71,145.71,147.11,0.5525,0.0,0.8824706176544135,0.6153846153846154,0.008849916548740781,0.49994999499949994,0.13894300557720227,0.6906077348066298,low,0.9999
27875238,0,0.5928,10,0.4343859076153682,0.2494,18.3,18.3,18.49,,0.0,0.49087271817954486,0.46153846153846156,0.5890090947087493,0.24932493249324936,0.017266406906562767,0.6906077348066298,medium,0.9945
72133555,0,0.8878,11,0.00020753708475766705,0.3508,79.76,79.76,80.45,0.3825,0.0,0.8597149287321829,0.5384615384615384,0.00028012420850777927,0.3507350735073507,0.07596073038429217,0.31491712707182323,low,0.998
72133559,0,0.9567,12,0.016910543712150707,0.1516,41.61,45.67,41.61,0.3825,0.0,0.9458614653663414,0.6153846153846154,0.02292875104817788,0.15151515151515155,0.03952746581098633,0.31491712707182323,low,0.9999
44532651,0,0.7139,10,0.16337483302964392,0.4699,87.02,92.67,87.02,0.5525,0.0,0.6422855713928483,0.46153846153846156,0.22152862639332258,0.46984698469846986,0.08289403315761328,0.6906077348066298,low,0.9292
44532651,0,0.8181,11,0.05119197623636478,0.5,123.38,128.98,123.38,0.5525,0.0,0.7725681420355089,0.5384615384615384,0.06941303918208237,0.49994999499949994,0.11761784704713883,0.6906077348066298,low,0.999
"[335205298, 27875262]",0,0.9741,8,0.00036449397641066247,0.5,177.45,186.62,177.45,0.5075,0.0,0.9676169042260565,0.3076923076923077,0.0004929516442062859,0.49994999499949994,0.16925471770188708,0.5911602209944751,low,1.0
323871727,0,0.9675,8,0.0016314982461035485,0.5,92.66,101.13,92.66,0.475,0.0,0.9593648412103026,0.3076923076923077,0.002210960117092924,0.49994999499949994,0.08828023531209413,0.5193370165745856,low,1.0
28875473,0,1.0,6,0.05609719318776203,0.5,292.36,299.37,292.36,0.5075,0.0,1.0,0.15384615384615385,0.07606432243773417,0.49994999499949994,0.2789938115975247,0.5911602209944751,low,1.0
319095647,0,0.9496,7,0.05609719318776203,0.5,285.74,292.39,285.74,0.5475,0.0,0.9369842460615154,0.23076923076923078,0.07606432243773417,0.49994999499949994,0.27267170906868365,0.6795580110497237,low,0.9999
635546314,0,0.5974,10,0.32655925636662325,0.0031,88.74,88.74,125.96,,0.0,0.4966241560390098,0.46153846153846156,0.4428003526551498,0.0030003000300030005,0.08453663381465353,0.6906077348066298,medium,0.7994
27880168,0,0.4882,8,0.49230590562922005,0.0031,4.16,4.16,43.98,,0.0,0.36009002250562644,0.3076923076923077,0.6675463575401481,0.0030003000300030005,0.0037627015050806026,0.6906077348066298,medium,0.996
27875240,0,0.6015,8,0.3935742601296309,0.0029,54.72,59.18,54.72,,0.0,0.5017504376094024,0.3076923076923077,0.5336700892688113,0.0028002800280028,0.05204752081900833,0.6906077348066298,medium,0.6258
27880168,0,0.6492,9,0.3184689404910883,0.2494,52.83,52.83,58.5,,0.0,0.5613903475868967,0.38461538461538464,0.4318301992350138,0.24932493249324936,0.050242570097028046,0.6906077348066298,medium,0.5137
44532652,0,0.8319,11,0.08262166580226668,0.3479,88.44,88.44,92.7,0.3825,0.0,0.7898224556139033,0.5384615384615384,0.11203047486562955,0.34783478347834784,0.08425013370005349,0.31491712707182323,low,0.8659
72133555,0,0.8878,11,0.00020753708475766707,0.3508,79.76,79.76,80.45,0.3825,0.0,0.8597149287321829,0.5384615384615384,0.0002801242085077793,0.3507350735073507,0.07596073038429217,0.31491712707182323,low,0.998
30912330,0,0.7172,11,0.21301185273202705,0.3904,57.29,68.35,57.29,0.5075,0.0,0.646411602900725,0.5384615384615384,0.2888344930406432,0.39033903390339036,0.054501871800748725,0.5911602209944751,low,0.5076
28019689,0,0.4939,9,0.4994632288411684,0.3739,68.22,75.4,68.22,,0.0,0.36721680420105024,0.38461538461538464,0.677251409224225,0.37383738373837383,0.0649400259760104,0.6906077348066298,medium,0.9996
30912330,0,0.7846,10,0.13815500663333616,0.2178,70.64,74.94,70.64,0.5075,0.0,0.7306826706676669,0.46153846153846156,0.18733152345531176,0.21772177217721772,0.06725112690045076,0.5911602209944751,low,0.9985
30912386,0,0.7355,11,0.21778748724133692,0.295,75.91,79.33,75.91,0.5075,0.0,0.6692923230807702,0.5384615384615384,0.2953100675486856,0.29492949294929494,0.07228397891359158,0.5911602209944751,low,0.7
44532645,0,0.8247,10,0.0680678194683365,0.4706,84.79,84.79,92.34,0.5075,0.0,0.7808202050512628,0.46153846153846156,0.09229602573007697,0.4705470547054706,0.08076438230575293,0.5911602209944751,low,0.9991
41736256,0,1.0,6,0.0429351641721161,0.5,77.23,77.23,84.58,0.5475,0.0,1.0,0.15384615384615385,0.05821712341074067,0.49994999499949994,0.07354457941783178,0.6795580110497237,low,1.0
101727532,0,1.0,7,0.0429351641721161,0.5,75.52,75.52,83.25,0.5475,0.0,1.0,0.23076923076923078,0.05821712341074067,0.49994999499949994,0.07191152876461152,0.6795580110497237,low,1.0
44532666,0,0.7055,12,0.23469402447799162,0.0475,94.6,99.61,94.6,,0.0,0.6317829457364341,0.6153846153846154,0.31823467397229827,0.0474047404740474,0.09013293605317442,0.6906077348066298,low,0.9031
72133568,0,0.856,12,0.09892366661499506,0.174,7.02,7.02,12.95,,0.0,0.8199549887471866,0.6153846153846154,0.13413535342934657,0.17391739173917392,0.006494002597601039,0.6906077348066298,low,1.0
"[1318313664, 109230022]",0,1.0,10,0.2346940244779916,0.0475,17.17,17.17,19.42,,0.0,1.0,0.46153846153846156,0.31823467397229827,0.0474047404740474,0.016187256474902594,0.6906077348066298,low,1.0
27880200,0,0.7397,12,0.18827070775205051,0.6685,262.16,267.77,262.16,,0.0,0.6745436359089773,0.6153846153846154,0.2552864634710037,0.6684668466846685,0.25015280006112006,0.6906077348066298,medium,0.9974
1318313662,0,0.8043,12,0.12274027493916322,0.5,298.25,305.54,298.25,,0.0,0.7553138284571144,0.6153846153846154,0.16642974728033286,0.49994999499949994,0.28461876384750556,0.6906077348066298,medium,0.8025
31478501,0,0.9299,12,0.0130283897406774,0.5146,227.03,231.97,227.03,,0.0,0.912353088272068,0.6153846153846154,0.017664701371645757,0.5145514551455145,0.21660363664145468,0.6906077348066298,low,0.9994
44532662,0,0.6423,12,0.1908960801117836,0.5,61.5,63.5,61.5,,0.0,0.5527631907976994,0.6153846153846154,0.2588463662009267,0.49994999499949994,0.05852242340896937,0.6906077348066298,medium,0.8601
44532668,0,0.6564,14,0.15338794707445466,0.3807,75.27,75.27,77.76,,0.0,0.5703925981495374,0.7692307692307693,0.20798679776718337,0.38063806380638066,0.07167277866911147,0.6906077348066298,medium,0.7874
261164077,0,0.7038,13,0.2500887274738025,0.3491,53.73,53.73,54.67,,0.0,0.6296574143535884,0.6923076923076923,0.33910929201189444,0.34903490349034905,0.05110207044082818,0.6906077348066298,medium,0.7255
28893150,0,0.7511,14,0.2070109971644172,0.5,95.33,99.09,95.33,,0.0,0.6887971992998249,0.7692307692307693,0.28069756646799504,0.49994999499949994,0.09083008633203454,0.6906077348066298,medium,0.8533
44532665,0,0.7844,14,0.17871842778440394,0.5,126.39,126.39,135.83,,0.0,0.730432608152038,0.7692307692307693,0.24233394364738858,0.49994999499949994,0.1204923981969593,0.6906077348066298,medium,0.6818
44532666,0,0.7565,16,0.1751587811642593,0.2272,15.1,15.1,16.32,,0.0,0.6955488872218054,0.9230769230769231,0.23750720138599654,0.22712271227122716,0.014210405684162274,0.6906077348066298,low,0.9156
44532667,0,0.8322,16,0.06583361449267806,0.0106,51.05,51.05,52.57,,0.0,0.7901975493873469,0.9230769230769231,0.08926653074717761,0.010501050105010502,0.04854266941706777,0.6906077348066298,low,0.9999
44532663,0,0.8454,11,0.09581609686709343,0.3345,48.42,55.2,48.42,,0.0,0.8067016754188546,0.5384615384615384,0.12992160981009634,0.33443344334433445,0.04603101841240737,0.6906077348066298,low,1.0
44532670,0,0.921,13,0.003228099259963442,0.5,102.11,102.87,102.11,0.6025,0.0,0.9012253063265817,0.6923076923076923,0.004375888945861254,0.49994999499949994,0.09730498892199559,0.8011049723756907,low,1.0
44532670,0,1.0,12,0.09581609686709343,0.3345,12.3,12.3,15.42,0.6025,0.0,1.0,0.6153846153846154,0.12992160981009634,0.33443344334433445,0.011536404614561848,0.8011049723756907,low,1.0
90212124,0,1.0,9,0.022855530663054607,0.5,141.8,146.21,141.8,,0.0,1.0,0.38461538461538464,0.03098992195120025,0.49994999499949994,0.13520895408358166,0.6906077348066298,low,1.0
307770247,0,1.0,11,0.12274027493916322,0.5,319.57,326.14,319.57,,0.0,1.0,0.5384615384615384,0.16642974728033286,0.49994999499949994,0.3049793719917488,0.6906077348066298,low,0.9921
1318313662,0,0.8043,12,0.12274027493916322,0.5,298.25,305.54,298.25,,0.0,0.7553138284571144,0.6153846153846154,0.16642974728033286,0.49994999499949994,0.28461876384750556,0.6906077348066298,medium,0.8025
"[27880199, 28023063]",0,0.8762,11,0.0711451012144225,0.6689,259.99,270.1,259.99,,0.0,0.8452113028257062,0.5384615384615384,0.09646869999779402,0.6688668866886689,0.2480804492321797,0.6906077348066298,low,0.934
307770247,0,1.0,11,0.12274027493916322,0.5,319.57,326.14,319.57,,0.0,1.0,0.5384615384615384,0.16642974728033286,0.49994999499949994,0.3049793719917488,0.6906077348066298,low,0.9921
31478501,0,0.9299,12,0.013028389740677403,0.5146,227.03,231.97,227.03,,0.0,0.912353088272068,0.6153846153846154,0.01766470137164576,0.5145514551455145,0.21660363664145468,0.6906077348066298,low,0.9994
44532670,0,1.0,12,0.09581609686709343,0.3345,12.3,12.3,15.42,0.6025,0.0,1.0,0.6153846153846154,0.12992160981009634,0.33443344334433445,0.011536404614561848,0.8011049723756907,low,1.0
1222460760,0,1.0,12,0.08536997012665713,0.5,154.42,154.42,156.42,0.6025,0.0,1.0,0.6153846153846154,0.11575706855462972,0.49994999499949994,0.14726105890442356,0.8011049723756907,low,1.0
27880211,0,0.9613,12,9.498799650422e-07,0.5,14.58,14.58,18.34,0.485,0.0,0.9516129032258065,0.6153846153846154,2.1535194498837838e-21,0.49994999499949994,0.013713805485522194,0.5414364640883977,low,1.0
28815879,0,1.0,8,9.498799650421984e-07,0.5,445.12,449.26,445.12,,0.0,1.0,0.3076923076923077,0.0,0.49994999499949994,0.424879669951868,0.6906077348066298,low,0.9996
90212129,0,1.0,10,0.022855530663054607,0.5,473.59,473.78,473.59,0.485,0.0,1.0,0.46153846153846156,0.03098992195120025,0.49994999499949994,0.45206853082741233,0.5414364640883977,low,0.8506
28815879,0,1.0,8,9.498799650421984e-07,0.5,445.12,449.26,445.12,,0.0,1.0,0.3076923076923077,0.0,0.49994999499949994,0.424879669951868,0.6906077348066298,low,0.9996
"[27880211, 28875047]",0,1.0,10,9.498799650422e-07,0.5,309.57,309.57,314.01,0.485,0.0,1.0,0.46153846153846156,2.1535194498837838e-21,0.49994999499949994,0.29542936817174725,0.5414364640883977,low,0.999
27880211,0,0.9613,12,9.498799650421984e-07,0.5,14.58,14.58,18.34,0.485,0.0,0.9516129032258065,0.6153846153846154,0.0,0.49994999499949994,0.013713805485522194,0.5414364640883977,low,1.0
27889257,0,0.9973,12,0.0009104312625869331,0.5,399.97,405.07,399.97,,0.0,0.9966241560390096,0.6153846153846154,0.0012332213542230622,0.49994999499949994,0.3817614027045611,0.6906077348066298,low,0.9949
72133549,0,0.8332,6,0.17095714228062664,0.4152,42.26,45.96,42.26,0.5525,0.0,0.7914478619654913,0.15384615384615385,0.23180994260419263,0.41514151415141515,0.04014821605928643,0.6906077348066298,low,1.0
27880220,0,0.6504,9,0.2610859825376014,0.7038,0.3,0.3,4.57,0.5925,0.0,0.5628907226806701,0.38461538461538464,0.3540211418217468,0.7037703770377037,7.640003056001222e-05,0.7790055248618785,low,0.5977
31761727,0,0.895,9,0.03625587100083244,0.5,84.86,84.86,85.02,0.3825,0.0,0.8687171792948237,0.38461538461538464,0.049160261854985475,0.49994999499949994,0.08083123233249294,0.31491712707182323,low,0.9963
72133511,0,0.8947,10,0.05651008322348896,0.9006,40.6,40.6,41.01,0.3825,0.0,0.8683420855213804,0.46153846153846156,0.0766241852548668,0.9005900590059005,0.038562915425166176,0.31491712707182323,low,0.8083
255493317,0,0.769,6,0.02354080838303368,0.6997,165.08,170.38,165.08,,0.0,0.7111777944486121,0.15384615384615385,0.03191913186577288,0.6996699669966997,0.1574413629765452,0.6906077348066298,low,0.9995
67625613,0,0.9399,6,0.06255885646927248,0.5,2.95,2.95,7.07,0.445,0.0,0.9248562140535134,0.15384615384615385,0.08482608633397289,0.49994999499949994,0.0026071510428604173,0.4530386740331492,low,1.0
28797641,0,0.5832,8,0.3465287806722982,0.5,163.78,163.78,167.31,0.5925,0.0,0.47886971742935736,0.3076923076923077,0.46987825032078373,0.49994999499949994,0.15619986247994502,0.7790055248618785,medium,0.9971
398820451,0,0.5216,9,0.30696185154929306,0.5,204.02,204.26,204.02,0.5525,0.0,0.4018504626156538,0.38461538461538464,0.41622703453134924,0.49994999499949994,0.19462907785163117,0.6906077348066298,medium,0.9999
255493317,0,0.769,6,0.02354080838303368,0.6997,165.08,170.38,165.08,,0.0,0.7111777944486121,0.15384615384615385,0.03191913186577288,0.6996699669966997,0.1574413629765452,0.6906077348066298,low,0.9995
177313859,0,0.8014,8,0.09885425961470297,0.1342,201.75,201.75,203.19,0.5525,0.0,0.751687921980495,0.3076923076923077,0.13404124023854544,0.13411341134113414,0.1924612269844908,0.6906077348066298,low,0.9999
27880228,0,0.8856,8,0.08210432905232018,0.0987,45.57,45.89,45.57,0.5525,0.0,0.856964241060265,0.3076923076923077,0.11132898636949436,0.0986098609860986,0.043309267323706935,0.6906077348066298,low,1.0
27880250,0,0.7002,11,0.2743243234824766,0.0987,76.39,76.39,82.02,0.5525,0.0,0.6251562890722681,0.5384615384615384,0.3719718168544131,0.0986098609860986,0.07274237909695165,0.6906077348066298,low,0.858
28797836,0,0.6187,8,0.26122332258203124,0.5,94.29,98.31,94.29,0.5925,0.0,0.5232558139534884,0.3076923076923077,0.354207369576176,0.49994999499949994,0.08983688593475439,0.7790055248618785,medium,0.5699
335710022,0,0.7925,9,0.06292273053332817,0.2275,113.84,113.84,114.71,0.5525,0.0,0.7405601400350087,0.38461538461538464,0.08531948540141479,0.22742274227422743,0.10850714340285737,0.6906077348066298,low,1.0
27880250,0,0.7066,10,0.2683899014527213,0.1632,136.79,148.16,136.79,0.5525,0.0,0.633158289572393,0.46153846153846156,0.3639249715732397,0.16311631163116314,0.13042440216976087,0.6906077348066298,low,0.6881
27880250,0,0.7002,11,0.27432432348247654,0.0987,76.39,76.39,82.02,0.5525,0.0,0.6251562890722681,0.5384615384615384,0.371971816854413,0.0986098609860986,0.07274237909695165,0.6906077348066298,low,0.858
32966850,0,0.6768,10,0.34726468221245294,0.0987,39.04,39.04,40.6,0.5525,0.0,0.5958989747436858,0.46153846153846156,0.4708761041650353,0.0986098609860986,0.03707311482924593,0.6906077348066298,low,0.6987
261900701,0,0.8147,7,0.11064866439116448,0.5,72.99,77.36,72.99,,0.0,0.7683170792698174,0.23076923076923078,0.15003399403054893,0.49994999499949994,0.06949537779815113,0.6906077348066298,low,1.0
32669404,0,0.6523,12,0.36640091671737957,0.3788,135.86,142.5,135.86,,0.0,0.5652663165791447,0.6153846153846154,0.496824093295789,0.3787378737873788,0.12953625181450076,0.6906077348066298,medium,0.9995
27880257,0,0.8422,14,0.1654923317433993,0.5,269.35,276.72,269.35,,0.0,0.8027006751687921,0.7692307692307693,0.22439987222775068,0.49994999499949994,0.25701925280770116,0.6906077348066298,medium,0.9281
27880257,0,0.6276,14,0.2778763546267116,0.6329,223.11,228.64,223.11,,0.0,0.5343835958989748,0.7692307692307693,0.3767882328268961,0.6328632863286329,0.21286003514401408,0.6906077348066298,medium,0.9993
27889544,0,0.8814,14,0.026282906891346172,0.5,213.89,220.39,213.89,,0.0,0.851712928232058,0.7692307692307693,0.03563731070972625,0.49994999499949994,0.20405493162197266,0.6906077348066298,low,0.987
32669404,0,0.6523,12,0.36640091671737957,0.3788,135.86,142.5,135.86,,0.0,0.5652663165791447,0.6153846153846154,0.496824093295789,0.3787378737873788,0.12953625181450076,0.6906077348066298,medium,0.9995
553116325,0,0.7295,8,0.20661865351593134,0.5,108.98,109.81,108.98,0.485,0.0,0.6617904476119031,0.3076923076923077,0.28016556375221463,0.49994999499949994,0.10386584154633663,0.5414364640883977,medium,0.5203
177313881,0,0.6481,12,0.31092340690943077,0.2704,59.86,66.57,59.86,,0.0,0.5600150037509377,0.6153846153846154,0.4215987494002942,0.2703270327032703,0.05695622278248912,0.6906077348066298,medium,0.9517
27880286,0,0.9963,8,0.034347833478361865,0.5,233.94,233.94,248.54,,0.0,0.9953738434608652,0.3076923076923077,0.04657303724288164,0.49994999499949994,0.22320268928107573,0.6906077348066298,low,1.0
101727533,0,0.8644,13,0.36727603911538426,0.5,141.93,141.93,153.97,,0.0,0.8304576144036007,0.6923076923076923,0.4980107252042587,0.49994999499949994,0.13533310413324168,0.6906077348066298,medium,0.9713
1068416045,0,0.9508,9,0.007821667718668521,0.5,219.62,226.9,219.62,0.5575,0.0,0.9384846211552886,0.38461538461538464,0.01060458897601432,0.49994999499949994,0.20952708381083354,0.7016574585635359,low,1.0
4857406,0,0.7728,14,0.2549742247319895,0.5,21.48,21.48,26.23,,0.0,0.7159289822455613,0.7692307692307693,0.3457338361311216,0.49994999499949994,0.020303308121323253,0.6906077348066298,medium,0.6247
101727533,0,0.8644,13,0.36727603911538426,0.5,141.93,141.93,153.97,,0.0,0.8304576144036007,0.6923076923076923,0.4980107252042587,0.49994999499949994,0.13533310413324168,0.6906077348066298,medium,0.9713
131699059,0,0.785,13,0.054119612719734776,0.5,73.71,73.71,81.07,,0.0,0.7311827956989246,0.6923076923076923,0.07338280029834196,0.49994999499949994,0.07018297807319124,0.6906077348066298,low,0.9953
131699060,0,0.8046,13,0.00174307222095411,0.5,46.32,46.32,48.38,,0.0,0.7556889222305576,0.6923076923076923,0.0023622500840899327,0.49994999499949994,0.04402551761020705,0.6906077348066298,low,0.9997
28798453,0,0.8943,8,0.02326974980914058,0.5,10.26,10.26,18.71,0.485,0.0,0.8678419604901224,0.3076923076923077,0.03155158699024551,0.49994999499949994,0.009588203835281535,0.5414364640883977,low,1.0
67625601,0,1.0,8,0.015500529067838782,0.5,43.58,43.58,49.85,,0.0,1.0,0.3076923076923077,0.021016826073837182,0.49994999499949994,0.04140881656352663,0.6906077348066298,low,1.0
28798449,0,0.686,13,0.268898002377266,0.5,16.78,16.78,19.11,,0.0,0.6074018504626156,0.6923076923076923,0.36461393664962494,0.49994999499949994,0.015814806325922533,0.6906077348066298,medium,0.9249
28798449,0,0.7362,11,0.12096309317083782,0.5,77.51,78.27,77.51,,0.0,0.6701675418854713,0.5384615384615384,0.16401995797742644,0.49994999499949994,0.07381197952479182,0.6906077348066298,low,0.973
28798620,0,0.6958,13,0.3832290195240748,0.5,134.71,140.63,134.71,0.5925,0.0,0.6196549137284321,0.6923076923076923,0.5196423456853548,0.49994999499949994,0.12843800137520056,0.7790055248618785,medium,0.9993
177313881,0,0.6686,13,0.36519365568069345,0.5,36.64,48.01,36.64,,0.0,0.5856464116029007,0.6923076923076923,0.49518709432141667,0.49994999499949994,0.03478111391244557,0.6906077348066298,medium,0.9985
28798449,0,0.8319,12,0.034387673823728315,0.5,175.94,177.97,175.94,,0.0,0.7898224556139033,0.6153846153846154,0.04662705920045475,0.49994999499949994,0.16781266712506687,0.6906077348066298,low,0.9957
131699049,0,1.0,10,0.034387673823728315,0.5,188.34,194.3,188.34,,0.0,1.0,0.46153846153846156,0.04662705920045475,0.49994999499949994,0.17965467186186876,0.6906077348066298,low,1.0
131699052,0,0.7733,10,0.0925072296216372,0.5,185.56,199.94,185.56,0.5075,0.0,0.7165541385346336,0.46153846153846156,0.12543491461945674,0.49994999499949994,0.17699977079990833,0.5911602209944751,low,0.8396
27880290,0,1.0,10,0.01918031139347786,0.5,45.16,45.16,49.69,,0.0,1.0,0.46153846153846156,0.026006467675722882,0.49994999499949994,0.042917717167086866,0.6906077348066298,low,1.0
44289550,0,0.7495,12,0.14800165377072644,0.5,1.42,1.42,10.13,0.5525,0.0,0.6867966991747938,0.6153846153846154,0.20068319370316495,0.49994999499949994,0.0011460004584001834,0.6906077348066298,low,0.9874
44289558,0,0.8755,10,0.05607613015051828,0.5,130.39,139.88,130.39,0.485,0.0,0.8443360840210052,0.46153846153846156,0.07603576177908836,0.49994999499949994,0.12431239972495989,0.5414364640883977,low,0.9984
27880293,0,0.6566,12,0.2729877805673825,0.5,200.73,200.73,206.02,0.5525,0.0,0.5706426606651662,0.6153846153846154,0.3701595166850815,0.49994999499949994,0.19148712659485065,0.6906077348066298,medium,0.9995
27880293,0,0.6915,13,0.30232555396541955,0.5,210.93,210.93,218.03,0.5525,0.0,0.6142785696424106,0.6923076923076923,0.4099403954706543,0.49994999499949994,0.20122813049125224,0.6906077348066298,medium,0.9998
710639551,0,0.7709,8,0.25640285913034105,0.5,223.94,224.53,223.94,0.5925,0.0,0.7135533883470867,0.3076923076923077,0.34767100876718554,0.49994999499949994,0.21365268546107422,0.7790055248618785,low,0.7084
142432571,0,0.8446,11,0.08848859829034043,0.5,105.32,114.22,105.32,,0.0,0.8057014253563392,0.5384615384615384,0.11998580695524261,0.49994999499949994,0.10037054014821606,0.6906077348066298,low,0.9991
142432583,0,0.7386,8,0.34926857469290906,0.5,133.33,141.82,133.33,,0.0,0.6731682920730182,0.3076923076923077,0.47359330436911345,0.49994999499949994,0.12712010084804037,0.6906077348066298,medium,0.8814
142432571,0,0.8836,12,0.047315524224933105,0.5,124.94,130.41,124.94,,0.0,0.8544636159039759,0.6153846153846154,0.06415672114142386,0.49994999499949994,0.11910764764305908,0.6906077348066298,low,0.9997
23002437,0,0.7226,10,0.18080792115132788,0.5,62.4,62.4,67.42,,0.0,0.6531632908227056,0.46153846153846156,0.24516721532159208,0.49994999499949994,0.05938192375276951,0.6906077348066298,low,0.9371
27880296,0,0.61,8,0.3812138694567432,0.5,82.83,86.04,82.83,,0.0,0.5123780945236308,0.3076923076923077,0.5169098806316633,0.49994999499949994,0.07889258155703263,0.6906077348066298,medium,0.9957
27880296,0,0.5419,8,0.2756782678711045,0.5,112.03,117.88,112.03,,0.0,0.42723180795198806,0.3076923076923077,0.37380771274452235,0.49994999499949994,0.1067785927114371,0.6906077348066298,medium,0.9942
28016729,0,0.5796,8,0.4672051873765464,0.5,62.69,69.76,62.69,,0.0,0.474368592148037,0.3076923076923077,0.6335107606087452,0.49994999499949994,0.05965887386354955,0.6906077348066298,medium,0.9998
27880296,0,0.7855,7,0.05711516761263728,0.5,128.08,128.08,137.78,,0.0,0.7318079519879969,0.23076923076923078,0.07744465613427452,0.49994999499949994,0.12210634884253957,0.6906077348066298,low,0.9999
28016723,0,0.3162,8,0.6042405282830416,0.5,52.28,52.28,61.44,,0.0,0.14503625906476617,0.3076923076923077,0.8193253489205383,0.49994999499949994,0.049717319886927965,0.6906077348066298,high,0.7628
41736254,0,0.9041,9,0.041937513876716515,1.0,51.49,59.15,51.49,0.5575,0.0,0.8800950237559388,0.38461538461538464,0.05686434844267383,1.0,0.04896286958514784,0.7016574585635359,low,0.9999
261900693,0,0.9541,7,0.0004287360146590861,0.985,169.17,174.05,169.17,0.6025,0.0,0.9426106526631657,0.23076923076923078,0.0005800613475169558,0.984998499849985,0.1613473145389258,0.8011049723756907,low,1.0
41736254,0,0.8908,11,0.04868720903704141,0.5,129.21,129.21,137.08,0.5575,0.0,0.8634658664666167,0.5384615384615384,0.06601667235524511,0.49994999499949994,0.12318549927419974,0.7016574585635359,low,0.9999
41736254,0,0.9967,10,0.0004707792416518942,0.5351,94.86,102.89,94.86,0.5575,0.0,0.995873968492123,0.46153846153846156,0.0006370703268305368,0.5350535053505351,0.09038123615249447,0.7016574585635359,low,1.0
27880257,0,0.6276,14,0.2778763546267116,0.6329,223.11,228.64,223.11,,0.0,0.5343835958989748,0.7692307692307693,0.3767882328268961,0.6328632863286329,0.21286003514401408,0.6906077348066298,medium,0.9993
27880257,0,0.6511,12,0.37972622022220787,0.7603,187.05,190.61,187.05,,0.0,0.5637659414853713,0.6153846153846154,0.514892686174825,0.7602760276027603,0.17842272136908857,0.6906077348066298,medium,0.9947
27880364,0,0.6609,10,0.36278715445508114,0.5,125.82,132.81,125.82,,0.0,0.5760190047511878,0.46153846153846156,0.49192397233003127,0.49994999499949994,0.1199480479792192,0.6906077348066298,medium,0.9983
177313859,0,0.6053,7,0.4161862524947241,0.2536,207.65,207.65,207.88,0.5525,0.0,0.5065016254063515,0.23076923076923078,0.564331070767709,0.25352535253525355,0.19809572923829172,0.6906077348066298,medium,0.9989
177313873,0,0.6325,10,0.37085805768120633,0.1302,129.07,129.07,138.46,,0.0,0.5405101275318829,0.46153846153846156,0.5028678029531847,0.13011301130113012,0.1230517992207197,0.6906077348066298,medium,0.9818
27880369,0,0.4571,7,0.49913834068892604,0.5,135.21,135.21,139.37,0.5925,0.0,0.3212053013253313,0.23076923076923078,0.6768108735357161,0.49994999499949994,0.12891550156620066,0.7790055248618785,medium,0.999
28019717,0,0.4357,7,0.5808623854580849,0.5,149.18,154.87,149.18,0.5925,0.0,0.2944486121530382,0.23076923076923078,0.7876254972196715,0.49994999499949994,0.14225685690274278,0.7790055248618785,medium,0.9312
44532646,0,0.8549,12,0.14783787482755803,0.5,37.49,49.82,37.49,0.5075,0.0,0.8185796449112278,0.6153846153846154,0.20046111583115278,0.49994999499949994,0.0355928642371457,0.5911602209944751,low,0.9912
44532642,0,0.5833,10,0.3195298994371098,0.3237,48.41,60.16,48.41,,0.0,0.47899474868717185,0.46153846153846156,0.4332688182691009,0.3236323632363236,0.04602146840858737,0.6906077348066298,medium,0.9729
886638320,0,0.7678,11,0.19440862294933384,0.3498,53.37,53.37,56.31,0.5075,0.0,0.7096774193548387,0.5384615384615384,0.2636092375665862,0.3497349734973497,0.05075827030330812,0.5911602209944751,low,0.9319
"[28019700, 28019693]",0,0.4722,8,0.5313997484804193,0.5,171.24,171.24,176.65,,0.0,0.3400850212553138,0.3076923076923077,0.7205560867594025,0.49994999499949994,0.16332416532966615,0.6906077348066298,medium,0.8946
129848159,0,0.3784,8,0.5191832692601756,0.5,195.38,195.38,200.13,,0.0,0.22280570142535636,0.3076923076923077,0.7039910164504369,0.49994999499949994,0.18637787455114985,0.6906077348066298,high,0.6496
27880373,0,0.4689,7,0.5936629833523627,0.5,118.43,118.43,179.51,0.5925,0.0,0.3359589897474368,0.23076923076923078,0.8049826097144184,0.49994999499949994,0.11289059515623809,0.7790055248618785,medium,0.9809
309593510,0,0.5964,8,0.47937952897401603,0.4268,91.35,91.35,167.75,0.5275,0.0,0.4953738434608652,0.3076923076923077,0.6500186939413921,0.42674267426742674,0.08702918481167393,0.6353591160220994,medium,0.9999
27880376,0,0.3254,7,0.5391930207867038,0.5,108.89,108.89,108.98,,0.0,0.15653913478369597,0.23076923076923078,0.7311234606617454,0.49994999499949994,0.10377989151195662,0.6906077348066298,medium,0.7053
129799374,0,0.466,9,0.588709290086198,0.5,90.27,91.82,90.27,,0.0,0.33233308327081773,0.38461538461538464,0.7982655944628319,0.49994999499949994,0.08599778439911376,0.6906077348066298,medium,0.7777
311232865,0,0.3653,12,0.4605199546752442,0.5,155.42,156.22,155.42,,0.0,0.20642660665166293,0.6153846153846154,0.6244458452814748,0.49994999499949994,0.14821605928642373,0.6906077348066298,high,0.7801
311235392,0,0.4995,11,0.4606774805445348,0.5,97.66,103.18,97.66,,0.0,0.37421855463865966,0.5384615384615384,0.6246594442287031,0.49994999499949994,0.0930552372220949,0.6906077348066298,medium,0.9938
261900690,0,1.0,10,0.01532799774439306,0.5,5.89,5.89,16.13,0.4425,0.0,1.0,0.46153846153846156,0.02078288031484622,0.49994999499949994,0.0054148521659408665,0.44751381215469616,low,1.0
262870456,0,0.8906,10,0.12950976620269083,0.2466,34.0,34.0,38.15,0.4825,0.0,0.8632158039509875,0.46153846153846156,0.1756089139383044,0.24652465246524655,0.03225991290396517,0.5359116022099447,low,0.9999
27880399,0,1.0,6,0.027304134904352195,0.5,25.99,25.99,29.65,0.5075,0.0,1.0,0.15384615384615385,0.0370220561451294,0.49994999499949994,0.02461035984414394,0.5911602209944751,low,1.0
72136999,0,1.0,6,0.027304134904352195,0.5,11.71,19.32,11.71,0.5075,0.0,1.0,0.15384615384615385,0.0370220561451294,0.49994999499949994,0.010972954389181756,0.5911602209944751,low,1.0
27880402,0,0.7421,11,0.1335053189425862,0.5,267.6,267.6,270.6,0.6525,0.0,0.6775443860965241,0.5384615384615384,0.18102672793088828,0.49994999499949994,0.2553480021392009,0.9116022099447513,low,0.9022
558473730,0,0.5971,10,0.24068117039868886,0.5,266.07,271.07,266.07,0.4725,0.0,0.4962490622655663,0.46153846153846156,0.3263530107973666,0.49994999499949994,0.2538868515547406,0.5138121546961325,medium,0.9998
1383244848,0,0.7172,12,0.10407645595955757,0.5,313.75,318.87,313.75,0.6525,0.0,0.646411602900725,0.6153846153846154,0.14112233521363382,0.49994999499949994,0.2994212697685079,0.9116022099447513,low,0.5433
1383244848,0,0.8047,9,0.34807207248156097,0.5,312.28,312.28,336.91,0.6525,0.0,0.7558139534883721,0.38461538461538464,0.4719708939431234,0.49994999499949994,0.29801741920696767,0.9116022099447513,medium,0.8504
1383244851,0,0.9457,8,0.34807207248156097,0.5,304.19,304.19,337.18,0.6925,0.0,0.9321080270067517,0.3076923076923077,0.4719708939431234,0.49994999499949994,0.29029146611658646,1.0,low,0.9949
1411467511,0,0.9453,9,0.34807207248156097,0.5,306.83,306.83,346.57,0.6925,0.0,0.9316079019754939,0.38461538461538464,0.4719708939431234,0.49994999499949994,0.2928126671250668,1.0,low,0.9864
27880403,0,0.3683,7,0.46572237758426654,0.5,248.72,248.72,257.24,0.6925,0.0,0.21017754438609654,0.23076923076923078,0.631500128247235,0.49994999499949994,0.237317594927038,1.0,medium,0.9987
27880406,0,0.6731,8,0.2474603940609019,0.0784,183.85,189.48,183.85,0.6925,0.0,0.5912728182045511,0.3076923076923077,0.3355453742091321,0.0783078307830783,0.17536672014668808,1.0,low,0.9994
200077861,0,0.7234,10,0.17667519703565449,0.0784,136.71,142.34,136.71,0.6525,0.0,0.6541635408852214,0.46153846153846156,0.23956340228270562,0.0783078307830783,0.1303480021392009,0.9116022099447513,low,0.9999
200077861,0,0.7023,10,0.2161035749362391,0.1224,217.79,223.74,217.79,0.6525,0.0,0.6277819454863716,0.46153846153846156,0.2930267480074994,0.1223122312231223,0.20777943311177327,0.9116022099447513,low,0.9886
196025362,0,0.8747,10,0.09331095851490348,0.0648,160.01,167.9,160.01,0.5125,0.0,0.8433358339584897,0.46153846153846156,0.12652473971441874,0.0647064706470647,0.15259951103980443,0.6022099447513811,low,0.9999
335654455,0,0.9347,11,0.0012102902606755514,0.0648,183.14,184.57,183.14,0.4725,0.0,0.9183545886471616,0.5384615384615384,0.0016398184839331433,0.0647064706470647,0.17468866987546797,0.5138121546961325,low,1.0
27889593,0,0.9909,11,0.01787225308686337,0.5,174.36,182.24,174.36,0.6525,0.0,0.9886221555388846,0.5384615384615384,0.024232791526756024,0.49994999499949994,0.16630376652150664,0.9116022099447513,low,1.0
361136021,0,0.8055,10,0.01787225308686337,0.1242,93.08,93.08,98.08,0.6525,0.0,0.7568142035508876,0.46153846153846156,0.024232791526756024,0.12411241124112411,0.08868133547253419,0.9116022099447513,low,1.0
1035952516,0,0.8964,11,0.01414952526479604,0.0076,226.78,226.78,228.53,0.5125,0.0,0.8704676169042259,0.5384615384615384,0.01918491750332218,0.007500750075007501,0.21636488654595465,0.6022099447513811,low,1.0
106154434,0,0.8622,9,0.058507407591636265,0.1318,11.54,17.34,11.54,0.5525,0.0,0.8277069267316828,0.38461538461538464,0.07933247935431113,0.13171317131713173,0.010810604324241729,0.6906077348066298,low,1.0
361131005,0,1.0,7,0.03180282944595436,0.4946,28.35,28.35,34.44,0.5525,0.0,1.0,0.23076923076923078,0.04312211083655897,0.4945494549454945,0.026864160745664303,0.6906077348066298,low,1.0
67502587,0,0.6881,7,0.03082435864752528,0.3563,7.95,7.95,45.16,0.5525,0.0,0.6100275068767192,0.23076923076923078,0.041795342519842266,0.3562356235623563,0.007382152952861183,0.6906077348066298,low,1.0
"[27880411, 910253716]",0,0.625,9,0.0676080550653272,0.2889,10.03,10.03,11.62,0.4725,0.0,0.5311327831957989,0.38461538461538464,0.0916726030954452,0.28882888288828884,0.009368553747421498,0.5138121546961325,low,0.9863
67502762,0,1.0,11,0.0296211692187856,0.1096,50.19,68.47,50.19,0.4725,0.0,1.0,0.5384615384615384,0.04016386448736219,0.10951095109510951,0.04772136908854764,0.5138121546961325,low,1.0
27880411,0,0.7757,14,0.029621169218785597,0.0471,9.06,9.06,11.43,0.4725,0.0,0.7195548887221803,0.7692307692307693,0.040163864487362186,0.047004700470047005,0.008442203376881351,0.5138121546961325,low,0.9996
67502781,0,0.905,10,0.029621169218785597,0.0471,39.48,39.48,40.42,0.4625,0.0,0.8812203050762691,0.46153846153846156,0.040163864487362186,0.047004700470047005,0.037493314997326,0.4917127071823205,low,1.0
67502762,0,1.0,11,0.0296211692187856,0.1096,50.19,68.47,50.19,0.4725,0.0,1.0,0.5384615384615384,0.04016386448736219,0.10951095109510951,0.04772136908854764,0.5138121546961325,low,1.0
67502785,0,0.8992,9,0.03482581499446793,0.1096,84.55,101.08,84.55,0.4625,0.0,0.8739684921230307,0.38461538461538464,0.04722116157379054,0.10951095109510951,0.0805351822140729,0.4917127071823205,low,1.0
67502760,0,0.8802,7,0.1768336171585722,0.1902,200.32,200.32,218.8,0.6925,0.0,0.8502125531382845,0.23076923076923078,0.23977821380304434,0.19011901190119013,0.19109557643823058,1.0,low,1.0
120939163,0,0.8325,11,0.004388291437114513,0.7506,245.34,257.62,245.34,0.5525,0.0,0.7905726431607902,0.5384615384615384,0.0059490643788102536,0.7505750575057506,0.23408969363587748,0.6906077348066298,low,0.9501
"[1020974586, 1388227076]",0,0.9433,9,0.008696159642764628,0.5,116.61,142.83,116.61,0.5575,0.0,0.9291072768192048,0.38461538461538464,0.011790365986404521,0.49994999499949994,0.1111524944609978,0.7016574585635359,low,1.0
106845829,0,1.0,7,0.023082707627465362,0.5,14.57,14.57,16.6,0.6925,0.0,1.0,0.23076923076923078,0.03129796507231534,0.49994999499949994,0.013704255481702194,1.0,low,1.0
67502790,0,0.788,10,0.09393583263833166,0.0065,20.14,48.39,20.14,0.6525,0.0,0.7349337334333584,0.46153846153846156,0.12737204470321523,0.0064006400640064,0.019023607609443046,0.9116022099447513,low,1.0
1388227071,0,1.0,8,0.0058822139474671185,1.0,209.36,220.86,209.36,0.5575,0.0,1.0,0.3076923076923077,0.00797476515347613,1.0,0.199728779891512,0.7016574585635359,low,0.9999
120939158,0,1.0,7,0.0058822139474671185,1.0,223.7,235.44,223.7,0.5925,0.0,1.0,0.23076923076923078,0.00797476515347613,1.0,0.21342348536939415,0.7790055248618785,low,1.0
"[27885056, 354087240]",0,1.0,4,0.04098485471906703,0.501,459.67,459.67,463.68,0.495,0.0,1.0,0.0,0.05557257970616312,0.5009500950095009,0.4387749255099702,0.56353591160221,low,0.9994
"[108756225, 354087243, 108756227, 108756236]",0,1.0,5,0.04098485471906703,0.501,512.36,512.36,515.44,0.555,0.0,1.0,0.07692307692307693,0.05557257970616312,0.5009500950095009,0.4890938956375583,0.696132596685083,low,0.9995
27880378,0,0.4245,7,0.5533416411502015,0.5,134.26,134.61,134.26,0.5925,0.0,0.2804451112778194,0.23076923076923078,0.7503084391543888,0.49994999499949994,0.12800825120330048,0.7790055248618785,medium,0.9797
27889343,0,0.4118,6,0.6003494454912316,0.5,81.38,81.38,83.19,0.5925,0.0,0.2645661415353838,0.15384615384615385,0.8140491921111747,0.49994999499949994,0.07750783100313241,0.7790055248618785,medium,0.9866
309593510,0,0.4546,8,0.5531955392330231,0.3095,277.76,277.76,362.5,0.5275,0.0,0.31807951987996996,0.3076923076923077,0.7501103306415594,0.30943094309430946,0.2650508060203224,0.6353591160220994,high,0.7715
28875356,0,0.7914,6,0.09999837487997722,0.5,309.99,315.91,309.99,0.5925,0.0,0.7391847961990496,0.15384615384615385,0.13559261600476644,0.49994999499949994,0.29583046833218735,0.7790055248618785,low,0.9965
364806788,0,0.4179,7,0.5512692037708863,0.4436,301.1,301.1,388.56,0.5925,0.0,0.2721930482620655,0.23076923076923078,0.7474982947354963,0.44354435443544354,0.287340514936206,0.7790055248618785,high,0.6776
27880378,0,0.3932,6,0.49925202707510236,0.5,52.52,52.69,52.52,0.5925,0.0,0.24131032758189547,0.15384615384615385,0.6769650278502474,0.49994999499949994,0.049946519978608,0.7790055248618785,medium,0.9998
826904275,0,0.3355,6,0.5230527224113408,0.3959,267.19,267.19,272.95,,0.0,0.16916729182295576,0.15384615384615385,0.7092378443089975,0.3958395839583958,0.25495645198258077,0.6906077348066298,high,0.7094
27889347,0,0.3545,6,0.6479566786298644,0.4836,133.66,133.66,139.37,0.5925,0.0,0.1929232308077019,0.15384615384615385,0.8786027471853702,0.48354835483548353,0.1274352509741004,0.7790055248618785,high,0.6358
27889356,0,0.3559,10,0.5316689393027471,0.5,56.09,71.01,56.09,,0.0,0.19467366841710426,0.46153846153846156,0.7209210990365076,0.49994999499949994,0.053355871342348545,0.6906077348066298,medium,0.6712
30912611,0,0.9579,8,0.06189269056123413,0.5,55.74,61.79,55.74,,0.0,0.947361840460115,0.3076923076923077,0.08392279129248457,0.49994999499949994,0.05302162120864849,0.6906077348066298,low,1.0
27889356,0,0.4163,11,0.4947154076795894,0.5,99.81,102.87,99.81,,0.0,0.27019254813703425,0.5384615384615384,0.6708135485331,0.49994999499949994,0.09510848804339524,0.6906077348066298,medium,0.8087
129799374,0,0.4998,9,0.5709032498444789,0.5,61.36,63.81,61.36,,0.0,0.374593648412103,0.38461538461538464,0.7741212969765662,0.49994999499949994,0.05838872335548935,0.6906077348066298,medium,0.9774
27889356,0,0.4143,12,0.5350816724982225,0.5,68.7,100.55,68.7,,0.0,0.2676919229807452,0.6153846153846154,0.7255486324124997,0.49994999499949994,0.06539842615937047,0.6906077348066298,high,0.5556
27889356,0,0.3472,12,0.5239424548820804,0.5,103.37,140.42,103.37,,0.0,0.18379594898724683,0.6153846153846154,0.7104442869074138,0.49994999499949994,0.09850828940331578,0.6906077348066298,high,0.9337
129799372,0,0.4679,9,0.5784154381807307,0.5,110.92,140.79,110.92,,0.0,0.3347086771692923,0.38461538461538464,0.7843075319564444,0.49994999499949994,0.10571854228741692,0.6906077348066298,medium,0.7437
129799377,0,0.47,7,0.49057282486689974,0.5,30.69,38.4,30.69,0.5925,0.0,0.3373343335833958,0.23076923076923078,0.665196367484799,0.49994999499949994,0.02909886163954466,0.7790055248618785,medium,0.9999
27880378,0,0.3937,10,0.5405221891984684,0.5,82.81,83.47,82.81,0.5925,0.0,0.24193548387096772,0.46153846153846156,0.732925761291607,0.49994999499949994,0.07887348154939264,0.7790055248618785,medium,0.9058
129799377,0,0.4607,7,0.4906807367813317,0.5,27.08,27.08,34.9,0.5925,0.0,0.32570642660665167,0.23076923076923078,0.6653426918404103,0.49994999499949994,0.025651310260524106,0.7790055248618785,medium,0.9999
27889360,0,0.2002,6,0.7052199979385263,0.3509,368.66,368.66,403.05,0.5925,0.0,0.0,0.15384615384615385,0.9562495792530638,0.35083508350835085,0.35186034074413636,0.7790055248618785,high,1.0
309593510,0,0.302,6,0.6022138759101229,0.4142,345.69,345.69,428.89,0.5275,0.0,0.12728182045511377,0.15384615384615385,0.8165772871881859,0.41414141414141414,0.32992398196959277,0.6353591160220994,high,0.9998
28875344,0,0.42,8,0.47656351504904176,0.5,134.76,134.76,140.61,,0.0,0.27481870467616903,0.3076923076923077,0.6462002886695256,0.49994999499949994,0.12848575139430057,0.6906077348066298,medium,0.9836
27889367,0,0.7259,7,0.17890891410211893,0.5,310.96,319.36,310.96,0.5925,0.0,0.6572893223305827,0.23076923076923078,0.24259223567972926,0.49994999499949994,0.29675681870272747,0.7790055248618785,low,0.5898
28875473,0,1.0,6,0.15976942090317028,0.5,296.14,304.06,296.14,0.5075,0.0,1.0,0.15384615384615385,0.21663982788672295,0.49994999499949994,0.2826037130414852,0.5911602209944751,low,0.9991
309593510,0,0.3076,6,0.6039318189617177,0.2087,374.22,374.22,439.09,0.5275,0.0,0.13428357089272316,0.15384615384615385,0.8189067510970107,0.2086208620862086,0.3571701428680572,0.6353591160220994,high,0.999
27889368,0,0.3013,6,0.6108335221647117,0.4668,390.53,390.53,399.51,0.5925,0.0,0.12640660165041262,0.15384615384615385,0.8282651919986871,0.4667466746674667,0.3727461990984796,0.7790055248618785,high,0.9998
335205291,0,0.7843,10,0.11409447081857103,0.5,345.83,355.32,345.83,0.5525,0.0,0.7303075768942235,0.46153846153846156,0.1547063734216986,0.49994999499949994,0.3300576820230728,0.6906077348066298,medium,0.7759
335205291,0,0.8341,9,0.09326054963005755,0.5,323.34,332.37,323.34,0.5525,0.0,0.7925731432858213,0.38461538461538464,0.1264563872286808,0.49994999499949994,0.30857972343188933,0.6906077348066298,low,0.9179
27889369,0,0.3502,9,0.6346256272182832,0.4976,408.86,416.66,408.86,0.5925,0.0,0.18754688672168043,0.38461538461538464,0.8605263603685086,0.4975497549754975,0.39025135610054246,0.7790055248618785,high,1.0
27889369,0,0.2573,8,0.6742710685594862,0.4283,394.37,394.37,404.6,0.5925,0.0,0.07139284821205298,0.3076923076923077,0.9142840356698133,0.42824282428242827,0.37641340056536027,0.7790055248618785,high,1.0
309593510,0,0.2988,7,0.5992511687525505,0.3649,416.39,416.39,448.12,0.5275,0.0,0.12328082020505128,0.23076923076923078,0.8125599716027971,0.36483648364836485,0.3974425089770036,0.6353591160220994,high,1.0
27889378,0,0.2192,10,0.6517509920207375,0.5,207.77,207.77,217.41,,0.0,0.023755938984746205,0.46153846153846156,0.8837476884537112,0.49994999499949994,0.19821032928413174,0.6906077348066298,high,1.0
27889378,0,0.3749,9,0.630669181227804,0.5,234.69,234.69,243.86,,0.0,0.21842960740185047,0.38461538461538464,0.8551615736059437,0.49994999499949994,0.22391893956757586,0.6906077348066298,high,0.9994
30912609,0,0.375,6,0.5829020156616697,0.5,57.97,65.84,57.97,,0.0,0.2185546386596649,0.15384615384615385,0.7903911563852586,0.49994999499949994,0.05515127206050883,0.6906077348066298,medium,0.9533
27880378,0,0.4025,8,0.47686525624828524,0.5,37.58,37.58,40.3,0.5925,0.0,0.2529382345586397,0.3076923076923077,0.646609437990739,0.49994999499949994,0.035678814271525715,0.7790055248618785,medium,0.9998
27889370,0,0.449,7,0.5243848210890699,0.5,100.09,101.28,100.09,,0.0,0.3110777694423606,0.23076923076923078,0.7110441182654494,0.49994999499949994,0.09537588815035528,0.6906077348066298,medium,0.9934
27889370,0,0.3853,10,0.5942253678614039,0.5,150.94,150.94,159.86,,0.0,0.23143285821455362,0.46153846153846156,0.8057451812184491,0.49994999499949994,0.14393765757506305,0.6906077348066298,high,0.9818
27889378,0,0.5028,10,0.4918100239288955,0.5,188.84,188.84,198.76,,0.0,0.37834458614653665,0.46153846153846156,0.6668739612561849,0.49994999499949994,0.18013217205286886,0.6906077348066298,medium,0.8836
27889378,0,0.2192,10,0.6517509920207375,0.5,207.77,207.77,217.41,,0.0,0.023755938984746205,0.46153846153846156,0.8837476884537112,0.49994999499949994,0.19821032928413174,0.6906077348066298,high,1.0
27889360,0,0.4107,7,0.567647676522161,0.5,186.02,186.02,189.83,0.5925,0.0,0.2631907976994249,0.23076923076923078,0.7697068662712918,0.49994999499949994,0.17743907097562842,0.7790055248618785,medium,0.788
27889378,0,0.3749,9,0.630669181227804,0.5,234.69,234.69,243.86,,0.0,0.21842960740185047,0.38461538461538464,0.8551615736059437,0.49994999499949994,0.22391893956757586,0.6906077348066298,high,0.9994
27889378,0,0.4268,11,0.5394823465144226,0.5,163.35,163.35,173.6,,0.0,0.2833208302075519,0.5384615384615384,0.7315157750868305,0.49994999499949994,0.15578921231568493,0.6906077348066298,high,0.8876
129799366,0,0.4483,10,0.4664929172849712,0.5,211.37,211.37,221.33,0.5925,0.0,0.3102025506376594,0.46153846153846156,0.6325449500889381,0.49994999499949994,0.2016483306593323,0.7790055248618785,medium,0.9327
"[28875489, 299164954]",0,0.3223,7,0.5978063102143987,0.5,131.42,131.42,139.27,0.5725,0.0,0.15266316579144784,0.23076923076923078,0.8106007996646717,0.49994999499949994,0.12529605011842004,0.7348066298342542,high,0.8006
144473549,0,0.4371,9,0.46166395321908255,0.5,167.61,167.61,176.44,0.5925,0.0,0.2961990497624406,0.38461538461538464,0.6259970627779721,0.49994999499949994,0.1598575139430056,0.7790055248618785,medium,0.9924
177313911,0,0.7465,6,0.24562714962649934,0.5,442.69,445.07,442.69,0.5925,0.0,0.68304576144036,0.15384615384615385,0.33305956611320575,0.49994999499949994,0.42255901902360765,0.7790055248618785,medium,0.9767
23009891,0,0.4275,8,0.545086850619881,0.5,368.19,370.2,368.19,0.5925,0.0,0.28419604901225304,0.3076923076923077,0.7391152645043677,0.49994999499949994,0.35141149056459625,0.7790055248618785,high,0.9827
27889383,0,0.4795,7,0.5466698617391764,0.5,409.7,411.86,409.7,0.5925,0.0,0.3492123030757689,0.23076923076923078,0.7412617659650791,0.49994999499949994,0.3910535564214226,0.7790055248618785,high,0.955
309593510,0,0.3714,8,0.544510279907932,0.5,303.47,303.47,310.68,0.5275,0.0,0.21405351337834458,0.3076923076923077,0.7383334570613772,0.49994999499949994,0.28960386584154635,0.6353591160220994,high,0.9982
319095644,0,0.4032,8,0.5534151703386547,0.5,338.04,338.04,339.34,0.6925,0.0,0.2538134533633408,0.3076923076923077,0.7504081418718846,0.49994999499949994,0.32261822904729165,1.0,medium,0.5703
177313884,0,0.4439,7,0.4770017834973085,0.5,77.97,77.97,85.09,0.5925,0.0,0.30470117529382346,0.23076923076923078,0.6467945636262341,0.49994999499949994,0.07425127970051189,0.7790055248618785,medium,0.9999
319095644,0,0.38,6,0.6598148034160897,0.5,160.26,160.26,167.54,0.6925,0.0,0.2248062015503876,0.15384615384615385,0.8946819028303786,0.49994999499949994,0.15283826113530447,1.0,medium,0.9504
177313884,0,0.5563,6,0.3979085256130874,0.5,100.86,100.86,107.72,0.5925,0.0,0.4452363090772693,0.15384615384615385,0.5395471845576246,0.49994999499949994,0.09611123844449539,0.7790055248618785,medium,0.9903
319095645,0,0.447,7,0.5973199798843088,0.4988,72.63,77.37,72.63,0.5925,0.0,0.3085771442860715,0.23076923076923078,0.8099413546669697,0.4987498749874988,0.06915157766063107,0.7790055248618785,medium,0.9907
144473225,0,0.4281,8,0.44403240191711657,0.5,101.36,102.9,101.36,0.5925,0.0,0.28494623655913975,0.3076923076923077,0.602089365502212,0.49994999499949994,0.09658873863549547,0.7790055248618785,medium,0.9998
319095645,0,0.6528,10,0.4407263919107224,0.5,88.25,88.25,88.53,0.5925,0.0,0.5658914728682171,0.46153846153846156,0.5976065446165255,0.49994999499949994,0.08406868362747347,0.7790055248618785,medium,0.9981
413119907,0,0.4847,12,0.38381574832222864,0.5,117.46,117.46,118.78,,0.0,0.3557139284821205,0.6153846153846154,0.5204379270978462,0.49994999499949994,0.11196424478569793,0.6906077348066298,medium,0.9979
"[965408620, 1134789854]",0,0.7146,12,0.2275948374855439,0.5,71.21,71.21,72.61,0.5075,0.0,0.6431607901975493,0.6153846153846154,0.30860845273897275,0.49994999499949994,0.06779547711819085,0.5911602209944751,medium,0.9445
28875491,0,0.378,8,0.5981183728930702,0.3043,34.39,34.39,37.89,0.5925,0.0,0.22230557639409854,0.3076923076923077,0.8110239445102367,0.30423042304230424,0.03263236305294523,0.7790055248618785,medium,0.9959
28797304,0,0.4002,7,0.48991034990259286,0.4675,110.61,110.61,117.27,0.5925,0.0,0.25006251562890724,0.23076923076923078,0.6642980772193445,0.4674467446744675,0.10542249216899688,0.7790055248618785,medium,0.999
27889387,0,0.4288,8,0.5231092665021968,0.3931,72.18,72.18,83.67,0.5925,0.0,0.28582145536384096,0.3076923076923077,0.7093145158952786,0.39303930393039305,0.06872182748873101,0.7790055248618785,medium,0.9995
109241621,0,0.3377,8,0.5939927746339627,0.4849,73.33,75.14,73.33,0.5925,0.0,0.17191797949487372,0.3076923076923077,0.8054297938554871,0.48484848484848486,0.06982007792803117,0.7790055248618785,medium,0.747
27889387,0,0.2201,6,0.6033424392685619,0.5,168.67,179.38,168.67,0.5925,0.0,0.02488122030507627,0.15384615384615385,0.8181075751740801,0.49994999499949994,0.16086981434792574,0.7790055248618785,high,0.9745
28797315,0,0.3405,6,0.6267190823219675,0.5,207.72,219.77,207.72,0.6925,0.0,0.17541885471367846,0.15384615384615385,0.8498053932431006,0.49994999499949994,0.19816257926503172,1.0,medium,0.8505
129144273,0,0.723,10,0.25130126892441923,0.5,222.37,222.37,257.16,0.5525,0.0,0.6536634158539634,0.46153846153846156,0.3407534510220221,0.49994999499949994,0.21215333486133398,0.6906077348066298,medium,0.9783
27889387,0,0.3192,7,0.6189866974191832,0.5,186.12,186.12,205.14,0.5925,0.0,0.14878719679919977,0.23076923076923078,0.8393205802899255,0.49994999499949994,0.17753457101382844,0.7790055248618785,high,0.9596
27889391,0,0.5082,7,0.49669607591548987,0.5,171.19,171.19,234.69,0.5925,0.0,0.3850962740685171,0.23076923076923078,0.6734992575655403,0.49994999499949994,0.16327641531056614,0.7790055248618785,medium,0.9992
27889391,0,0.3968,7,0.5335823191434993,0.5,111.98,111.98,168.29,0.5925,0.0,0.2458114528632158,0.23076923076923078,0.7235155676242572,0.49994999499949994,0.1067308426923371,0.7790055248618785,medium,0.9904
27889387,0,0.5192,8,0.4186441050006565,0.246,42.15,42.15,49.82,0.5925,0.0,0.398849712428107,0.3076923076923077,0.5676638230964136,0.24592459245924592,0.04004316601726641,0.7790055248618785,medium,0.984
27889395,0,0.378,7,0.6582139080817972,0.4071,129.77,129.77,135.91,0.6925,0.0,0.22230557639409854,0.23076923076923078,0.8925111510702557,0.40704070407040704,0.12372029948811981,1.0,medium,0.9841
28890088,0,0.6623,11,0.21426060069837538,0.5,78.71,78.71,106.49,0.5925,0.0,0.5777694423605901,0.5384615384615384,0.29052774667680215,0.49994999499949994,0.074957979983192,0.7790055248618785,low,0.5374
156189265,0,0.7136,11,0.25647644619065973,0.3475,49.77,49.77,74.09,0.4825,0.0,0.6419104776194049,0.5384615384615384,0.34777078995667826,0.34743474347434744,0.04732026892810758,0.5359116022099447,medium,0.8556
316686791,0,0.8318,11,0.0319522795121361,0.3334,163.05,163.05,187.24,0.4825,0.0,0.7896974243560889,0.5384615384615384,0.04332475930911379,0.3333333333333333,0.15550271220108491,0.5359116022099447,low,0.9961
27880402,0,0.8983,14,0.03164331862076683,0.5,253.66,267.76,253.66,0.6525,0.0,0.8728432108027006,0.7692307692307693,0.04290582036639683,0.49994999499949994,0.24203529681411876,0.9116022099447513,low,0.9995
27880402,0,0.8364,11,0.019333538719268236,0.7789,209.44,214.73,209.44,0.6525,0.0,0.795448862215554,0.5384615384615384,0.02621423796528113,0.7788778877887789,0.199805179922072,0.9116022099447513,low,0.9994
27889431,0,0.75,14,0.16108024661330872,0.5,230.99,230.99,241.37,0.6525,0.0,0.687421855463866,0.7692307692307693,0.21841725652714997,0.49994999499949994,0.2203854381541753,0.9116022099447513,medium,0.5201
4812792,0,1.0,11,0.0028548920018625335,0.5,158.71,158.83,158.71,0.4825,0.0,1.0,0.5384615384615384,0.003869834430578865,0.49994999499949994,0.15135801054320425,0.5359116022099447,low,1.0
302920285,0,0.8489,11,0.06409986387876439,0.5,93.19,93.19,93.36,0.4825,0.0,0.8110777694423605,0.5384615384615384,0.08691563239914117,0.49994999499949994,0.08878638551455421,0.5359116022099447,low,0.9955
27880402,0,0.8516,14,0.06257490262395878,0.5,149.31,149.31,154.01,0.6525,0.0,0.8144536134033508,0.7692307692307693,0.0848478442951477,0.49994999499949994,0.1423810069524028,0.9116022099447513,low,0.9997
27880402,0,0.8657,13,0.0009713075709314777,0.8255,179.04,179.04,183.61,0.6525,0.0,0.8320830207551887,0.6923076923076923,0.0013157672587915908,0.8254825482548255,0.17077316830926734,0.9116022099447513,low,0.9994
109190382,0,0.8451,13,0.1389091371226716,0.5,164.72,164.72,169.95,0.6525,0.0,0.8063265816454113,0.6923076923076923,0.18835409504510958,0.49994999499949994,0.15709756283902515,0.9116022099447513,low,0.998
27880402,0,0.8516,14,0.06257490262395878,0.5,149.31,149.31,154.01,0.6525,0.0,0.8144536134033508,0.7692307692307693,0.0848478442951477,0.49994999499949994,0.1423810069524028,0.9116022099447513,low,0.9997
109190382,0,0.8676,14,0.09611519937569667,0.5761,232.36,232.36,238.34,0.6525,0.0,0.8344586146536633,0.7692307692307693,0.1303271811695098,0.576057605760576,0.22169378867751552,0.9116022099447513,low,0.9905
28016631,0,0.8475,10,0.07770121535616101,0.5,269.67,272.19,269.67,0.6525,0.0,0.8093273318329581,0.46153846153846156,0.10535853558410097,0.49994999499949994,0.2573248529299412,0.9116022099447513,low,0.9996
109190382,0,0.6145,11,0.25761592193157495,0.8343,355.69,355.69,359.45,0.6525,0.0,0.5180045011252814,0.5384615384615384,0.3493158747084571,0.8342834283428343,0.3394739857895943,0.9116022099447513,medium,0.9997
1483806687,0,0.7992,11,0.15124962561745187,0.5,231.8,239.77,231.8,0.6925,0.0,0.7489372343085771,0.5384615384615384,0.20508731710341532,0.49994999499949994,0.2211589884635954,1.0,low,0.9976
27880402,0,0.8705,13,0.042621378961221625,0.5,200.79,206.14,200.79,0.6525,0.0,0.8380845211302826,0.6923076923076923,0.05779164287852913,0.49994999499949994,0.19154442661777066,0.9116022099447513,low,0.9999
27880402,0,0.8983,14,0.03164331862076683,0.5,253.66,267.76,253.66,0.6525,0.0,0.8728432108027006,0.7692307692307693,0.04290582036639683,0.49994999499949994,0.24203529681411876,0.9116022099447513,low,0.9995
109190382,0,0.8069,16,0.13928951419938057,0.2148,180.24,187.86,180.24,0.6525,0.0,0.75856464116029,0.9230769230769231,0.1888698715553468,0.2147214721472147,0.17191916876766752,0.9116022099447513,low,0.9903
109190382,0,0.8647,14,0.10032128522560115,0.5,231.66,240.0,231.66,0.6525,0.0,0.8308327081770444,0.7692307692307693,0.1360304698644848,0.49994999499949994,0.22102528841011537,0.9116022099447513,low,0.9944
1388122050,0,0.8779,14,0.017297823495184234,0.5033,42.22,44.54,42.22,0.6525,0.0,0.847336834208552,0.7692307692307693,0.023453887359510577,0.5032503250325032,0.04011001604400642,0.9116022099447513,low,1.0
27889431,0,0.7314,17,0.17168021167973854,0.5033,93.26,93.26,101.84,0.6525,0.0,0.6641660415103777,1.0,0.23279039656466777,0.5032503250325032,0.08885323554129423,0.9116022099447513,low,0.5198
334895864,0,0.7283,17,0.013879333684982372,0.5342,103.66,104.22,103.66,0.6525,0.0,0.6602900725181295,1.0,0.01881854823801968,0.5341534153415342,0.09878523951409582,0.9116022099447513,low,0.9842
1388122047,0,0.9984,12,0.017297823495184234,0.5033,48.83,49.42,48.83,0.5925,0.0,0.9979994998749687,0.6153846153846154,0.023453887359510577,0.5032503250325032,0.046422568569027434,0.7790055248618785,low,1.0
1388122048,0,0.853,15,0.04073704873225635,0.3968,25.72,25.72,30.12,0.6525,0.0,0.8162040510127532,0.8461538461538461,0.055236564433636864,0.39673967396739673,0.0243525097410039,0.9116022099447513,low,1.0
27889454,0,0.9361,10,0.046998887630678554,0.03,223.71,235.09,223.71,0.6925,0.0,0.9201050262565641,0.46153846153846156,0.06372737424436317,0.029902990299029902,0.21343303537321417,1.0,low,1.0
28890269,0,0.8615,9,0.11964410388462307,0.3028,125.96,140.16,125.96,0.6925,0.0,0.8268317079269817,0.38461538461538464,0.16223145984559859,0.30273027302730277,0.12008174803269922,1.0,low,1.0
826874324,0,0.7868,10,0.19507965360475832,0.3121,124.26,134.02,124.26,0.6525,0.0,0.7334333583395849,0.46153846153846156,0.2645191290161749,0.312031203120312,0.11845824738329898,0.9116022099447513,low,0.9998
109190387,0,1.0,8,0.13615302551173575,0.0938,201.87,201.87,213.08,0.6525,0.0,1.0,0.3076923076923077,0.1846169149794443,0.0937093709370937,0.19257582703033083,0.9116022099447513,low,1.0
109190378,0,0.9241,6,0.13615302551173575,0.0938,202.95,202.95,215.42,0.6925,0.0,0.9051012753188297,0.15384615384615385,0.1846169149794443,0.0937093709370937,0.193607227442891,1.0,low,1.0
67502790,0,0.788,10,0.09393583263833166,0.0065,20.14,48.39,20.14,0.6525,0.0,0.7349337334333584,0.46153846153846156,0.12737204470321523,0.0064006400640064,0.019023607609443046,0.9116022099447513,low,1.0
67502790,0,0.6378,12,0.18999929800566975,0.042,132.49,134.03,132.49,0.6525,0.0,0.547136784196049,0.6153846153846154,0.25763036457134253,0.041904190419041906,0.12631790052716024,0.9116022099447513,low,0.9901
109190373,0,0.7158,14,0.15685594417187995,0.0065,35.12,35.12,57.11,0.6525,0.0,0.6446611652913229,0.7692307692307693,0.21268926684312983,0.0064006400640064,0.03332951333180534,0.9116022099447513,low,0.9999
27889454,0,0.9666,7,0.0014570975395369163,0.1253,246.86,246.86,256.3,0.6925,0.0,0.9582395598899723,0.23076923076923078,0.001974479547353789,0.12521252125212523,0.23554129421651773,1.0,low,1.0
27889461,0,1.0,10,0.03475726871828257,0.1253,279.09,279.09,291.14,0.6525,0.0,1.0,0.46153846153846156,0.04712821549137535,0.12521252125212523,0.2663209565283826,0.9116022099447513,low,1.0
67502785,0,0.9088,7,0.03482581499446793,0.0849,129.36,129.36,129.7,0.4625,0.0,0.8859714928732184,0.23076923076923078,0.04722116157379054,0.0848084808480848,0.12332874933149976,0.4917127071823205,low,1.0
826874326,0,0.764,9,0.18461724502117663,0.1253,170.97,187.58,170.97,0.6525,0.0,0.7049262315578895,0.38461538461538464,0.2503325102151569,0.12521252125212523,0.16306631522652612,0.9116022099447513,low,0.9999
109190377,0,0.8917,9,0.016702424495076636,0.0789,115.86,124.3,115.86,0.5925,0.0,0.8645911477869467,0.38461538461538464,0.022646549490648437,0.07880788078807881,0.11043624417449768,0.7790055248618785,low,1.0
120939163,0,0.8315,11,0.004692722861804542,0.3478,197.76,206.18,197.76,0.5525,0.0,0.7893223305826456,0.5384615384615384,0.00636186154101492,0.3477347734773477,0.1886507754603102,0.6906077348066298,low,0.9997
1483305701,0,0.8676,12,0.0008622013313330701,0.8177,114.03,122.0,114.03,0.5525,0.0,0.8344586146536633,0.6153846153846154,0.0011678234447424878,0.8176817681768177,0.1086885934754374,0.6906077348066298,low,0.9979
109190396,0,0.9219,8,0.05612236713209955,0.0789,116.02,124.63,116.02,0.5925,0.0,0.9023505876469117,0.3076923076923077,0.07609845732638638,0.07880788078807881,0.1105890442356177,0.7790055248618785,low,1.0
1483305704,0,0.645,10,0.2776113364065695,0.0789,126.21,134.84,126.21,0.5525,0.0,0.5561390347586896,0.46153846153846156,0.3764288784359406,0.07880788078807881,0.12032049812819925,0.6906077348066298,medium,0.5599
27889465,0,0.8083,14,0.08085293922838695,0.1916,52.85,52.85,55.21,,0.0,0.7603150787696925,0.7692307692307693,0.10963215047728182,0.19151915191519153,0.050261670104668046,0.6906077348066298,low,0.9996
28798337,0,0.7373,14,0.06258894676018201,0.5,7.79,7.79,9.61,,0.0,0.6715428857214302,0.7692307692307693,0.08486688759721309,0.49994999499949994,0.007229352891741158,0.6906077348066298,low,0.9897
67502695,0,0.8549,11,0.08583417716222962,0.5,72.13,79.93,72.13,,0.0,0.8185796449112278,0.5384615384615384,0.11638651522609234,0.49994999499949994,0.06867407746963099,0.6906077348066298,low,0.9998
67502695,0,0.8549,11,0.08583417716222963,0.5,72.13,79.93,72.13,,0.0,0.8185796449112278,0.5384615384615384,0.11638651522609235,0.49994999499949994,0.06867407746963099,0.6906077348066298,low,0.9998
67502726,0,0.9651,8,0.0022785770700980085,0.5,11.83,11.83,23.68,,0.0,0.9563640910227555,0.3076923076923077,0.0030883738155625196,0.49994999499949994,0.011087554435021775,0.6906077348066298,low,1.0
67502728,0,0.8009,9,0.0022785770700980085,0.5,54.7,54.7,60.72,0.5525,0.0,0.7510627656914228,0.38461538461538464,0.0030883738155625196,0.49994999499949994,0.05202842081136833,0.6906077348066298,low,1.0
1388227077,0,0.8923,6,0.06374835865357938,0.0248,184.84,193.55,184.84,0.5575,0.0,0.8653413353338333,0.15384615384615385,0.08643900499576379,0.024702470247024703,0.17631217052486822,0.7016574585635359,low,1.0
67502677,0,0.9074,14,0.03553449995089294,0.0248,68.88,73.44,68.88,0.4725,0.0,0.8842210552638159,0.7692307692307693,0.048182110789881646,0.024702470247024703,0.0655703262281305,0.5138121546961325,low,1.0
27889465,0,0.8083,14,0.08085293922838695,0.1916,52.85,52.85,55.21,,0.0,0.7603150787696925,0.7692307692307693,0.10963215047728182,0.19151915191519153,0.050261670104668046,0.6906077348066298,low,0.9996
67502678,0,0.738,12,0.011586807923741312,0.4468,77.14,77.66,77.14,0.4525,0.0,0.6724181045261316,0.6153846153846154,0.015709972539945896,0.4467446744674467,0.07345862938345177,0.4696132596685083,low,0.9213
67502725,0,0.8925,14,0.03859196222424632,0.2975,88.26,88.26,96.46,0.5525,0.0,0.8655913978494622,0.7692307692307693,0.05232791062402553,0.2974297429742974,0.08407823363129346,0.6906077348066298,low,0.9999
67502609,0,1.0,7,0.004782745867494452,0.5,91.81,91.81,123.19,0.5525,0.0,1.0,0.23076923076923078,0.006483929232679035,0.49994999499949994,0.08746848498739401,0.6906077348066298,low,1.0
67502678,0,0.738,12,0.011586807923741312,0.4468,77.14,77.66,77.14,0.4525,0.0,0.6724181045261316,0.6153846153846154,0.015709972539945896,0.4467446744674467,0.07345862938345177,0.4696132596685083,low,0.9213
67502613,0,0.7563,9,0.08058203599324014,0.0409,53.41,53.41,56.38,0.5525,0.0,0.6952988247061765,0.38461538461538464,0.10926481623504802,0.0408040804080408,0.05079647031858813,0.6906077348066298,low,1.0
335710021,0,0.9293,6,0.004782745867494452,0.5264,55.79,55.79,93.07,0.5925,0.0,0.9116029007251814,0.15384615384615385,0.006483929232679035,0.5263526352635264,0.0530693712277485,0.7790055248618785,low,1.0
67502683,0,0.7903,12,0.0842508124083136,0.3848,105.45,117.93,105.45,,0.0,0.7378094523630908,0.6153846153846154,0.11423953425060032,0.38473847384738474,0.10049469019787609,0.6906077348066298,low,0.9968
67502728,0,0.8853,7,0.0074559214182440825,0.3188,140.03,140.03,142.82,0.5525,0.0,0.8565891472868217,0.23076923076923078,0.010108651228931244,0.3187318731873187,0.13351860340744137,0.6906077348066298,low,1.0
67502677,0,0.9074,14,0.03553449995089294,0.0248,68.88,73.44,68.88,0.4725,0.0,0.8842210552638159,0.7692307692307693,0.048182110789881646,0.024702470247024703,0.0655703262281305,0.5138121546961325,low,1.0
27889477,0,0.8112,14,0.07044810973444667,0.1242,98.35,104.43,98.35,,0.0,0.7639409852463115,0.7692307692307693,0.09552360668061165,0.12411241124112411,0.093714187485675,0.6906077348066298,low,0.9995
111473038,0,0.8702,11,0.03553449995089294,0.0248,142.96,150.32,142.96,0.4725,0.0,0.8377094273568391,0.5384615384615384,0.048182110789881646,0.024702470247024703,0.13631675452670183,0.5138121546961325,low,0.9999
27889479,0,0.8247,12,0.06942620920798286,0.5,101.71,112.21,101.71,0.5525,0.0,0.7808202050512628,0.6153846153846154,0.09413794934313661,0.49994999499949994,0.09692298876919551,0.6906077348066298,low,0.998
120939163,0,0.8476,12,0.004388291437114513,0.7545,242.8,245.76,242.8,0.5525,0.0,0.8094523630907726,0.6153846153846154,0.0059490643788102536,0.7544754475447544,0.2316639926655971,0.6906077348066298,low,0.9261
120939163,0,0.8325,11,0.004388291437114513,0.7506,245.34,257.62,245.34,0.5525,0.0,0.7905726431607902,0.5384615384615384,0.0059490643788102536,0.7505750575057506,0.23408969363587748,0.6906077348066298,low,0.9501
47129929,0,0.8988,13,0.0008622013313330701,0.8177,61.57,67.49,61.57,0.4725,0.0,0.873468367091773,0.6923076923076923,0.0011678234447424878,0.8176817681768177,0.05858927343570938,0.5138121546961325,low,0.9878
"[1193413629, 27889479]",0,0.8219,13,0.05581751314196791,0.4527,55.93,55.93,59.83,0.5525,0.0,0.777319329832458,0.6923076923076923,0.0756850871818908,0.45264526452645265,0.05320307128122852,0.6906077348066298,low,0.9994
1483305701,0,0.8676,12,0.0008622013313330701,0.8177,114.03,122.0,114.03,0.5525,0.0,0.8344586146536633,0.6153846153846154,0.0011678234447424878,0.8176817681768177,0.1086885934754374,0.6906077348066298,low,0.9979
28798536,0,0.9187,12,0.017422072126309102,0.5,83.0,93.96,83.0,0.4725,0.0,0.898349587396849,0.6153846153846154,0.023622363667067797,0.49994999499949994,0.07905493162197266,0.5138121546961325,low,0.9996
27889484,0,0.7213,12,0.001684757161552059,0.5301,128.77,140.35,128.77,,0.0,0.6515378844711178,0.6153846153846154,0.0022831771333934876,0.5300530053005301,0.12276529910611966,0.6906077348066298,low,0.9837
28798536,0,0.924,10,0.012464330753943143,0.5,182.8,194.98,182.8,0.4725,0.0,0.9049762440610152,0.46153846153846156,0.016899859341040605,0.49994999499949994,0.17436396974558793,0.5138121546961325,low,0.9993
993013906,0,1.0,10,0.03289963317184151,0.5,41.37,41.37,43.9,,0.0,1.0,0.46153846153846156,0.0446093339969233,0.49994999499949994,0.03929826571930629,0.6906077348066298,low,1.0
4857536,0,0.9296,12,0.032160567768562034,0.5,125.31,125.31,125.44,0.5525,0.0,0.9119779944986246,0.6153846153846154,0.04360719007742468,0.49994999499949994,0.11946099778439913,0.6906077348066298,low,0.9999
28798536,0,0.8543,12,0.03289963317184151,0.5,42.11,46.23,42.11,0.4725,0.0,0.8178294573643409,0.6153846153846154,0.0446093339969233,0.49994999499949994,0.04000496600198641,0.5138121546961325,low,0.9986
993013906,0,1.0,10,0.03289963317184151,0.5,41.37,41.37,43.9,,0.0,1.0,0.46153846153846156,0.0446093339969233,0.49994999499949994,0.03929826571930629,0.6906077348066298,low,1.0
44289615,0,0.9114,10,0.00014178534282181514,0.5,24.51,24.51,25.27,0.5525,0.0,0.8892223055763941,0.46153846153846156,0.0001909674057605947,0.49994999499949994,0.023196959278783718,0.6906077348066298,low,1.0
27889484,0,0.7213,12,0.0016847571615520593,0.5301,128.77,140.35,128.77,,0.0,0.6515378844711178,0.6153846153846154,0.0022831771333934876,0.5300530053005301,0.12276529910611966,0.6906077348066298,low,0.9837
28798462,0,0.781,12,0.12823716671369334,0.5319,35.99,47.99,35.99,,0.0,0.7261815453863465,0.6153846153846154,0.17388331856582878,0.5318531853185319,0.034160363664145474,0.6906077348066298,low,0.9905
28798462,0,0.8643,10,0.034347833478361865,0.5,169.89,169.89,176.89,,0.0,0.8303325831457863,0.46153846153846156,0.04657303724288164,0.49994999499949994,0.16203491481396592,0.6906077348066298,low,0.9998
6276338,0,0.7376,12,0.0422779584870583,0.5,338.18,343.26,338.18,,0.0,0.6719179794948738,0.6153846153846154,0.057325978082846674,0.49994999499949994,0.32275192910077166,0.6906077348066298,medium,0.8912
6276343,0,0.9154,11,0.031681784897346514,0.5,342.79,350.47,342.79,0.5525,0.0,0.8942235558889723,0.5384615384615384,0.04295797914017927,0.49994999499949994,0.3271544808617924,0.6906077348066298,low,0.9874
6276343,0,0.8138,12,0.005793827292127722,0.5,271.03,274.16,271.03,0.5525,0.0,0.7671917979494872,0.6153846153846154,0.007854916289194085,0.49994999499949994,0.25862365344946137,0.6906077348066298,low,0.9586
27889495,0,0.8901,10,0.05104582910233744,0.4998,107.41,115.97,107.41,,0.0,0.8625906476619154,0.46153846153846156,0.06921486935696573,0.4997499749974998,0.10236649094659639,0.6906077348066298,low,1.0
131699059,0,0.9034,11,0.046440047416430236,0.2655,102.95,122.12,102.95,,0.0,0.8792198049512377,0.5384615384615384,0.06296960866611369,0.26542654265426546,0.09810718924287572,0.6906077348066298,low,1.0
131699059,0,0.7349,11,0.10211410384589141,0.2996,24.13,24.13,26.67,,0.0,0.6685421355338833,0.5384615384615384,0.13846146213000746,0.2995299529952995,0.022834059133623658,0.6906077348066298,low,0.9995
27889495,0,0.8901,10,0.051045829102337445,0.4998,107.41,115.97,107.41,,0.0,0.8625906476619154,0.46153846153846156,0.06921486935696573,0.4997499749974998,0.10236649094659639,0.6906077348066298,low,1.0
28798475,0,0.8642,7,0.11060989607834505,0.5,138.01,150.41,138.01,,0.0,0.8302075518879718,0.23076923076923078,0.14998142570738182,0.49994999499949994,0.13158950263580105,0.6906077348066298,low,0.9999
27880257,0,0.7988,12,0.0052092448301023385,0.5,207.34,207.34,208.81,,0.0,0.7484371092773193,0.6153846153846154,0.007062245224948989,0.49994999499949994,0.19779967911987167,0.6906077348066298,low,0.9886
27880257,0,0.7639,12,0.17827533072331028,0.5,187.55,189.19,187.55,,0.0,0.7048012003000751,0.6153846153846154,0.24173312127963556,0.49994999499949994,0.17890022156008867,0.6906077348066298,medium,0.7752
27889509,0,0.7142,11,0.2952841253256844,0.5,206.81,211.73,206.81,0.5525,0.0,0.6426606651662915,0.5384615384615384,0.40039249231542345,0.49994999499949994,0.1972935289174116,0.6906077348066298,medium,0.9972
661296532,0,1.0,10,0.1704170157643402,0.5,173.42,173.42,174.19,0.5525,0.0,1.0,0.46153846153846156,0.23107755207196834,0.49994999499949994,0.16540606616242648,0.6906077348066298,low,0.9998
27889509,0,0.7142,11,0.2952841253256844,0.5,206.81,211.73,206.81,0.5525,0.0,0.6426606651662915,0.5384615384615384,0.40039249231542345,0.49994999499949994,0.1972935289174116,0.6906077348066298,medium,0.9972
335710000,0,0.761,9,0.18209246552629327,0.5,112.76,112.76,113.01,0.485,0.0,0.7011752938234558,0.38461538461538464,0.24690900749449796,0.49994999499949994,0.10747574299029722,0.5414364640883977,low,0.6443
335710007,0,0.7467,9,0.1704170157643402,0.5,116.3,116.3,118.45,,0.0,0.6832958239559889,0.38461538461538464,0.23107755207196834,0.49994999499949994,0.11085644434257774,0.6906077348066298,low,0.9595
335710024,0,0.6226,9,0.35180661271329405,0.2615,142.96,151.49,142.96,0.5525,0.0,0.5281320330082521,0.38461538461538464,0.4770347851342783,0.26142614261426145,0.13631675452670183,0.6906077348066298,medium,0.9885
"[553816961, 27889519]",0,0.934,8,0.017526031344777655,0.9825,40.85,40.85,41.76,0.5525,0.0,0.9174793698424606,0.3076923076923077,0.023763328320807235,0.9824982498249826,0.03880166552066622,0.6906077348066298,low,1.0
"[916446496, 179212412]",0,0.776,8,0.11005959693473724,0.9601,77.74,77.74,78.12,,0.0,0.719929982495624,0.3076923076923077,0.14923524148846862,0.9600960096009601,0.07403162961265185,0.6906077348066298,low,0.9674
27880231,0,0.6769,9,0.2891490617080337,0.2571,44.27,44.27,45.74,0.5525,0.0,0.5960240060015003,0.38461538461538464,0.392073584850828,0.25702570257025703,0.04206776682710674,0.6906077348066298,low,0.8609
32967283,0,0.7395,12,0.2701642880228888,0.1606,123.66,123.66,134.89,,0.0,0.6742935733933484,0.6153846153846154,0.36633097069624415,0.16051605160516053,0.11788524715409887,0.6906077348066298,low,0.5753
"[32967283, 179212421]",0,0.7031,10,0.26565152788491403,0.248,53.48,64.35,53.48,,0.0,0.628782195548887,0.46153846153846156,0.360211843603622,0.24792479247924792,0.050863320345328145,0.6906077348066298,low,0.9042
27880257,0,0.812,12,0.09730336318113937,0.5,209.89,215.73,209.89,,0.0,0.7649412353088273,0.6153846153846154,0.13193828504165586,0.49994999499949994,0.20023493009397206,0.6906077348066298,low,0.8837
27880257,0,0.6589,10,0.35572140552425635,0.5,162.69,170.27,162.69,,0.0,0.5735183795948987,0.46153846153846156,0.4823430918067248,0.49994999499949994,0.15515891206356483,0.6906077348066298,medium,0.9993
177313866,0,0.6699,10,0.29682747239669977,0.5,123.32,129.06,123.32,,0.0,0.5872718179544887,0.46153846153846156,0.40248521087054867,0.49994999499949994,0.11756054702421882,0.6906077348066298,medium,0.9828
32967283,0,0.6753,10,0.3477724017898876,0.253,123.57,132.3,123.57,,0.0,0.5940235058764691,0.46153846153846156,0.4715645521495828,0.25292529252925294,0.11779929711971886,0.6906077348066298,medium,0.9542
335710007,0,0.7314,7,0.18427063440682076,0.5,25.54,25.54,25.84,,0.0,0.6641660415103777,0.23076923076923078,0.2498625197135462,0.49994999499949994,0.02418060967224387,0.6906077348066298,low,0.9986
67625603,0,0.7441,9,0.21540268724573425,0.5,112.5,112.5,112.68,0.485,0.0,0.6800450112528132,0.38461538461538464,0.2920763715804956,0.49994999499949994,0.10722744289097717,0.5414364640883977,medium,0.7126
177313866,0,0.6699,10,0.29682747239669977,0.5,123.32,129.06,123.32,,0.0,0.5872718179544887,0.46153846153846156,0.40248521087054867,0.49994999499949994,0.11756054702421882,0.6906077348066298,medium,0.9828
32967283,0,0.6753,10,0.34777240178988755,0.253,123.57,132.3,123.57,,0.0,0.5940235058764691,0.46153846153846156,0.4715645521495827,0.25292529252925294,0.11779929711971886,0.6906077348066298,medium,0.9542
32967283,0,0.7395,12,0.2701642880228888,0.1606,123.66,123.66,134.89,,0.0,0.6742935733933484,0.6153846153846154,0.36633097069624415,0.16051605160516053,0.11788524715409887,0.6906077348066298,low,0.5753
177313877,0,0.8148,9,0.188199132516689,0.0054,146.15,146.15,146.36,0.5525,0.0,0.7684421105276319,0.38461538461538464,0.2551894102378447,0.0053005300530053,0.13936320574528233,0.6906077348066298,low,0.9998
27880257,0,0.803,12,0.20530715305438427,0.2633,234.72,243.46,234.72,,0.0,0.7536884221055263,0.6153846153846154,0.2783872201751415,0.2632263226322632,0.22394758957903585,0.6906077348066298,low,0.529
27880257,0,0.8422,14,0.1654923317433993,0.5,269.35,276.72,269.35,,0.0,0.8027006751687921,0.7692307692307693,0.22439987222775068,0.49994999499949994,0.25701925280770116,0.6906077348066298,medium,0.9281
27889524,0,0.6415,8,0.3824716864705845,0.3788,196.88,205.01,196.88,0.6925,0.0,0.5517629407351837,0.3076923076923077,0.5186154315432195,0.3787378737873788,0.18781037512415005,1.0,medium,0.6928
690757684,0,0.6363,6,0.37682285752558486,0.5,83.88,88.43,83.88,0.5925,0.0,0.5452613153288322,0.15384615384615385,0.5109558393685625,0.49994999499949994,0.07989533195813278,0.7790055248618785,medium,0.753
46848268,0,0.7364,8,0.19381401117453745,0.3331,22.25,22.25,24.15,0.485,0.0,0.6704176044011002,0.3076923076923077,0.26280296714460416,0.33303330333033304,0.02103865841546337,0.5414364640883977,low,0.9891
261452320,0,1.0,12,0.10825577350553274,0.5,63.35,63.35,64.35,,0.0,1.0,0.6153846153846154,0.14678932713040893,0.49994999499949994,0.060289174115669655,0.6906077348066298,low,1.0
261435168,0,0.8792,11,0.013359550472777012,0.5,99.83,99.83,101.49,0.5075,0.0,0.84896224056014,0.5384615384615384,0.018113742434287466,0.49994999499949994,0.09512758805103523,0.5911602209944751,low,0.9998
398948258,0,0.8544,11,0.11295476395241791,0.5,71.56,77.42,71.56,0.4725,0.0,0.8179544886221556,0.5384615384615384,0.1531609752730935,0.49994999499949994,0.06812972725189091,0.5138121546961325,low,0.9866
28797658,0,1.0,10,0.1107683129865128,0.5,25.91,28.53,25.91,,0.0,1.0,0.46153846153846156,0.15019623286864472,0.49994999499949994,0.02453395981358393,0.6906077348066298,low,1.0
127222910,0,0.9313,8,0.021692527743702658,0.5,128.6,137.56,128.6,,0.0,0.9141035258814704,0.3076923076923077,0.029412935261232065,0.49994999499949994,0.12260294904117962,0.6906077348066298,low,1.0
261435168,0,0.8532,11,0.01655767431141466,0.5,4.61,4.61,8.5,0.5075,0.0,0.816454113528382,0.5384615384615384,0.0224502738758524,0.49994999499949994,0.004192451676980672,0.5911602209944751,low,1.0
28797658,0,1.0,10,0.1107683129865128,0.5,25.91,28.53,25.91,,0.0,1.0,0.46153846153846156,0.15019623286864472,0.49994999499949994,0.02453395981358393,0.6906077348066298,low,1.0
28797538,0,0.8294,9,0.1107683129865128,0.5,36.44,40.46,36.44,0.5925,0.0,0.786696674168542,0.38461538461538464,0.15019623286864472,0.49994999499949994,0.03459011383604554,0.7790055248618785,low,1.0
112478139,0,0.839,8,0.024147378802200636,0.5,36.43,36.43,40.26,0.5075,0.0,0.7986996749187296,0.3076923076923077,0.032741617744043695,0.49994999499949994,0.03458056383222554,0.5911602209944751,low,1.0
28797656,0,0.8682,8,0.03618953216269266,0.5,307.36,307.36,318.89,,0.0,0.8352088022005499,0.3076923076923077,0.04907030897263787,0.49994999499949994,0.29331881732752696,0.6906077348066298,low,0.9985
127222910,0,0.8658,9,0.05011639477695489,0.5,269.11,275.44,269.11,,0.0,0.8322080520130032,0.38461538461538464,0.06795459258900666,0.49994999499949994,0.2567900527160211,0.6906077348066298,low,0.9979
28797656,0,0.8682,8,0.036189532162692675,0.5,307.36,307.36,318.89,,0.0,0.8352088022005499,0.3076923076923077,0.049070308972637894,0.49994999499949994,0.29331881732752696,0.6906077348066298,low,0.9985
127222918,0,0.9387,7,0.10143028741193764,0.5,274.1,283.0,274.1,,0.0,0.9233558389597398,0.23076923076923078,0.13753423366240614,0.49994999499949994,0.2615555046222019,0.6906077348066298,low,0.9998
112478189,0,0.8487,6,0.03929041591574176,0.5,50.58,51.25,50.58,0.5075,0.0,0.8108277069267317,0.15384615384615385,0.053274986643113434,0.49994999499949994,0.0480938192375277,0.5911602209944751,low,1.0
27880257,0,0.6511,12,0.37972622022220787,0.7603,187.05,190.61,187.05,,0.0,0.5637659414853713,0.6153846153846154,0.514892686174825,0.7602760276027603,0.17842272136908857,0.6906077348066298,medium,0.9947
27880257,0,0.7639,12,0.17827533072331023,0.5,187.55,189.19,187.55,,0.0,0.7048012003000751,0.6153846153846154,0.24173312127963548,0.49994999499949994,0.17890022156008867,0.6906077348066298,medium,0.7752
27889546,0,0.8074,12,0.09912726598584498,0.7522,146.95,149.35,146.95,,0.0,0.7591897974493622,0.6153846153846154,0.13441142625132635,0.7521752175217522,0.1401272060508824,0.6906077348066298,low,0.7568
27889546,0,0.7936,12,0.11309963726932241,0.5,84.46,86.49,84.46,,0.0,0.7419354838709676,0.6153846153846154,0.15335741785177356,0.49994999499949994,0.08044923217969288,0.6906077348066298,low,0.9885
27889546,0,0.8074,12,0.09912726598584498,0.7522,146.95,149.35,146.95,,0.0,0.7591897974493622,0.6153846153846154,0.13441142625132635,0.7521752175217522,0.1401272060508824,0.6906077348066298,low,0.7568
27889548,0,0.8541,12,0.08848213981839136,0.5,138.18,140.29,138.18,,0.0,0.817579394848712,0.6153846153846154,0.11997704951866893,0.49994999499949994,0.1317518527007411,0.6906077348066298,low,0.9961
27880257,0,0.7988,12,0.0052092448301023385,0.5,207.34,207.34,208.81,,0.0,0.7484371092773193,0.6153846153846154,0.007062245224948989,0.49994999499949994,0.19779967911987167,0.6906077348066298,low,0.9886
27880257,0,0.812,12,0.09730336318113937,0.5,209.89,215.73,209.89,,0.0,0.7649412353088273,0.6153846153846154,0.13193828504165586,0.49994999499949994,0.20023493009397206,0.6906077348066298,low,0.8837
27889548,0,0.8541,12,0.08848213981839136,0.5,138.18,140.29,138.18,,0.0,0.817579394848712,0.6153846153846154,0.11997704951866893,0.49994999499949994,0.1317518527007411,0.6906077348066298,low,0.9961
27880257,0,0.6589,10,0.3557214055242564,0.5,162.69,170.27,162.69,,0.0,0.5735183795948987,0.46153846153846156,0.4823430918067249,0.49994999499949994,0.15515891206356483,0.6906077348066298,medium,0.9993
27889556,0,0.7365,8,0.20803714221949263,0.4755,64.28,64.28,64.58,0.485,0.0,0.6705426356589147,0.3076923076923077,0.2820889792210536,0.4754475447544754,0.0611773244709298,0.5414364640883977,low,0.8257
27889556,0,1.0,8,0.1431796498081221,0.5,63.34,63.34,65.32,0.485,0.0,1.0,0.3076923076923077,0.19414474402133772,0.49994999499949994,0.06027962411184966,0.5414364640883977,low,1.0
23003636,0,0.8558,7,0.017693337689742218,0.5,97.46,101.92,97.46,0.5075,0.0,0.8197049262315578,0.23076923076923078,0.023990189212354573,0.49994999499949994,0.09286423714569486,0.5911602209944751,low,1.0
158097130,0,0.874,10,0.013379455954551787,0.5,36.34,36.34,38.99,0.6925,0.0,0.8424606151537883,0.46153846153846156,0.018140733492773987,0.49994999499949994,0.034494613797845526,1.0,low,1.0
1411212686,0,0.8308,9,0.03739022196558735,0.6065,97.79,99.07,97.79,0.6525,0.0,0.7884471117779445,0.38461538461538464,0.05069839760976746,0.6064606460646065,0.09317938727175493,0.9116022099447513,low,1.0
27580509,0,0.396,6,0.46374958444233183,0.4732,67.61,67.61,68.71,0.6925,0.0,0.24481120280070018,0.15384615384615385,0.6288250975356826,0.47314731473147315,0.0643574757429903,1.0,medium,0.998
27889601,0,0.7234,7,0.22478103717960443,0.275,101.95,107.17,101.95,0.6925,0.0,0.6541635408852214,0.23076923076923078,0.30479304904835475,0.27492749274927497,0.09715218886087555,1.0,low,1.0
144384068,0,0.7282,9,0.27223288828925124,0.162,71.33,75.77,71.33,0.5525,0.0,0.660165041260315,0.38461538461538464,0.36913591213932845,0.16191619161916193,0.06791007716403087,0.6906077348066298,low,0.9829
144384068,0,0.6046,11,0.21487930322745213,0.3586,108.98,108.98,116.76,0.5525,0.0,0.5056264066016504,0.5384615384615384,0.29136668322388093,0.3585358535853585,0.10386584154633663,0.6906077348066298,medium,0.9376
144384068,0,0.8563,10,0.23414789045345005,0.5,125.25,133.23,125.25,0.5525,0.0,0.82033008252063,0.46153846153846156,0.317494137492716,0.49994999499949994,0.11940369776147912,0.6906077348066298,low,0.968
142212246,0,0.6412,10,0.209982218519478,0.0883,122.03,124.38,122.03,0.6925,0.0,0.5513878469617404,0.46153846153846156,0.28472642697377176,0.08820882088208822,0.11632859653143862,1.0,low,0.9994
835517143,0,0.5767,13,0.10485600887511967,0.7203,43.18,43.18,44.83,0.6525,0.0,0.4707426856714178,0.6923076923076923,0.1421793786238536,0.7202720272027203,0.04102681641072657,0.9116022099447513,low,0.5814
"[1487617971, 27889605]",0,0.4386,11,0.3580780034880847,0.5552,7.21,7.21,13.33,0.6525,0.0,0.2980745186296574,0.5384615384615384,0.4855385469175635,0.5551555155515552,0.006675452670181069,0.9116022099447513,medium,0.9991
27889629,0,0.884,7,0.09400074976721076,0.0494,192.41,192.41,201.36,0.6925,0.0,0.8549637409352336,0.23076923076923078,0.1274600698031439,0.0493049304930493,0.18354152341660937,1.0,low,1.0
550922011,0,0.8699,8,0.11785466305790386,0.0303,258.57,265.2,258.57,0.6925,0.0,0.8373343335833957,0.3076923076923077,0.15980504773668117,0.030203020302030203,0.24672434868973947,1.0,low,1.0
27889618,0,0.7475,6,0.25806907524991146,0.3186,351.59,351.59,359.99,0.6925,0.0,0.6842960740185047,0.15384615384615385,0.34993033296960213,0.3185318531853185,0.3355584842233937,1.0,low,0.986
27889618,0,0.7821,8,0.22387134015037657,0.1043,371.96,378.37,371.96,0.6925,0.0,0.7275568892223057,0.3076923076923077,0.30355953528572777,0.1042104210421042,0.3550118420047368,1.0,low,0.9976
30945315,0,0.7347,7,0.20787164022951668,0.0784,329.28,335.72,329.28,0.6925,0.0,0.6682920730182544,0.23076923076923078,0.2818645649646382,0.0783078307830783,0.3142524257009703,1.0,low,0.9994
200077861,0,0.7835,10,0.07540997447121749,0.1224,314.38,320.46,314.38,0.6525,0.0,0.7293073268317077,0.46153846153846156,0.10225170212827418,0.1223122312231223,0.300022920009168,0.9116022099447513,low,0.9998
"[1383244849, 200077861]",0,0.9014,10,0.0733994487109168,0.1043,436.3,438.75,436.3,0.4525,0.0,0.8767191797949487,0.46153846153846156,0.09952550745492025,0.1042104210421042,0.41645656658262664,0.4696132596685083,low,0.6826
27889625,0,0.7194,9,0.21814387034253416,0.0784,254.62,261.07,254.62,0.6925,0.0,0.6491622905726432,0.38461538461538464,0.29579330916206936,0.0783078307830783,0.2429520971808389,1.0,low,0.999
200077861,0,0.7023,10,0.2161035749362391,0.1224,217.79,223.74,217.79,0.6525,0.0,0.6277819454863716,0.46153846153846156,0.2930267480074994,0.1223122312231223,0.20777943311177327,0.9116022099447513,low,0.9886
200077861,0,0.7835,10,0.0754099744712175,0.1224,314.38,320.46,314.38,0.6525,0.0,0.7293073268317077,0.46153846153846156,0.1022517021282742,0.1223122312231223,0.300022920009168,0.9116022099447513,low,0.9998
27889625,0,0.851,8,0.15475423116060052,0.0494,297.96,297.96,305.78,0.6925,0.0,0.8137034258564642,0.3076923076923077,0.20983942580681716,0.0493049304930493,0.28434181373672546,1.0,low,1.0
30945315,0,0.8668,7,0.12120822462671227,0.0494,217.65,217.65,218.89,0.6925,0.0,0.8334583645911479,0.23076923076923078,0.16435234669010648,0.0493049304930493,0.20764573305829326,1.0,low,1.0
27889625,0,0.6979,8,0.2744531870544445,0.3186,200.96,201.7,200.96,0.6925,0.0,0.6222805701425356,0.3076923076923077,0.3721465508421217,0.3185318531853185,0.1917067766827107,1.0,low,0.99
550922011,0,0.7351,7,0.21070976082896814,0.3186,271.84,271.84,278.88,0.6925,0.0,0.6687921980495123,0.23076923076923078,0.28571294602661645,0.3185318531853185,0.2593972037588815,1.0,low,0.9986
27889618,0,0.7669,7,0.24175991959927506,0.3186,189.47,189.47,196.42,0.6925,0.0,0.7085521380345086,0.23076923076923078,0.32781575272417635,0.3185318531853185,0.18073382229352894,1.0,low,0.9999
27889625,0,0.8369,9,0.10255830506648765,0.3186,69.73,69.73,78.02,0.6925,0.0,0.7960740185046261,0.38461538461538464,0.13906378169506775,0.3185318531853185,0.06638207655283063,1.0,low,1.0
106154491,0,1.0,10,0.010960785017882075,0.5,16.05,16.05,19.3,0.6525,0.0,1.0,0.46153846153846156,0.014861109846888057,0.49994999499949994,0.01511765604706242,0.9116022099447513,low,1.0
1411212686,0,0.8828,10,0.028998689380718617,0.473,16.12,16.12,17.74,0.6525,0.0,0.8534633658414604,0.46153846153846156,0.03931980605632044,0.47294729472947294,0.015184506073802432,0.9116022099447513,low,1.0
27889629,0,0.714,9,0.17812522216124002,0.6709,100.36,104.5,100.36,0.6925,0.0,0.6424106026506626,0.38461538461538464,0.24152957991228716,0.6708670867086709,0.09563373825349532,1.0,low,0.9984
1411212686,0,0.8308,9,0.037390221965587334,0.6065,97.79,99.07,97.79,0.6525,0.0,0.7884471117779445,0.38461538461538464,0.05069839760976744,0.6064606460646065,0.09317938727175493,0.9116022099447513,low,1.0
1411212686,0,0.8828,10,0.028998689380718617,0.473,16.12,16.12,17.74,0.6525,0.0,0.8534633658414604,0.46153846153846156,0.03931980605632044,0.47294729472947294,0.015184506073802432,0.9116022099447513,low,1.0
27889618,0,0.7846,8,0.20430551501556837,0.3186,133.66,140.23,133.66,0.6925,0.0,0.7306826706676669,0.3076923076923077,0.2770290379822209,0.3185318531853185,0.1274352509741004,1.0,low,1.0
27889629,0,0.7261,8,0.24238418590728486,0.0303,195.39,210.55,195.39,0.6925,0.0,0.6575393848462115,0.3076923076923077,0.3286622335389241,0.030203020302030203,0.18638742455496982,1.0,low,0.9999
30945315,0,0.7898,8,0.13881995432244215,0.0494,88.62,88.62,97.53,0.6925,0.0,0.7371842960740184,0.3076923076923077,0.1882331666393457,0.0493049304930493,0.08442203376881352,1.0,low,1.0
27580514,0,0.2655,9,0.59049502256998,0.2431,37.51,40.02,37.51,0.5525,0.0,0.08164541135283823,0.38461538461538464,0.8006869782030698,0.24302430243024303,0.0356119642447857,0.6906077348066298,medium,0.6874
27889632,0,0.3866,7,0.5260570380344967,0.3853,39.08,39.08,39.79,0.5925,0.0,0.23305826456614154,0.23076923076923078,0.7133115793541513,0.3852385238523852,0.03711131484452594,0.7790055248618785,medium,0.9998
27889632,0,0.6728,6,0.28552115731241556,0.2756,110.6,110.6,110.95,0.5925,0.0,0.5908977244311077,0.15384615384615385,0.3871542877027565,0.2755275527552756,0.10541294216517687,0.7790055248618785,low,0.9845
109241643,0,0.4244,8,0.5519299664544381,0.4181,112.1,112.1,114.54,0.5925,0.0,0.28032008002000497,0.3076923076923077,0.7483942632148958,0.4180418041804181,0.1068454427381771,0.7790055248618785,medium,0.9909
44098958,0,0.661,7,0.08590560900064619,0.5,41.03,41.83,41.03,0.5925,0.0,0.5761440360090022,0.23076923076923078,0.11648337401857556,0.49994999499949994,0.03897356558942624,0.7790055248618785,low,0.9998
27889636,0,0.5096,9,0.4632993399145775,0.4052,2.94,2.94,6.64,0.6525,0.0,0.3868467116779195,0.38461538461538464,0.6282145834813454,0.40514051405140517,0.0025976010390404156,0.9116022099447513,medium,0.9907
44098958,0,0.4486,7,0.4797988425681712,0.2542,55.84,60.61,55.84,0.5925,0.0,0.31057764441110275,0.23076923076923078,0.650587266853723,0.2541254125412541,0.05311712124684851,0.7790055248618785,medium,0.9995
109241618,0,0.4695,6,0.4493849016162387,0.3911,70.05,71.35,70.05,0.5925,0.0,0.33670917729432354,0.15384615384615385,0.6093471467537652,0.39103910391039104,0.06668767667507068,0.7790055248618785,medium,0.999
1487617971,0,0.9622,10,0.05202864440701154,0.4589,34.34,34.71,34.34,0.6525,0.0,0.9527381845461365,0.46153846153846156,0.07054752865504532,0.4588458845884588,0.032584613033845224,0.9116022099447513,low,1.0
27889636,0,0.5703,10,0.13513072420642291,0.4589,1.22,1.22,8.14,0.6525,0.0,0.46274068517129285,0.46153846153846156,0.18323071420144987,0.4588458845884588,0.0009550003820001529,0.9116022099447513,low,0.9964
29331772,0,0.4917,8,0.5381510042658665,0.4589,51.05,51.05,56.04,0.6925,0.0,0.3644661165291323,0.3076923076923077,0.7297105268188939,0.4588458845884588,0.04854266941706777,1.0,medium,0.9988
27580509,0,0.5998,8,0.3020210117653944,0.3974,169.37,175.67,169.37,0.6925,0.0,0.4996249062265566,0.3076923076923077,0.40952744810140707,0.39733973397339734,0.16153831461532586,1.0,low,0.7147
27889638,0,0.6883,7,0.24949451555946034,0.2489,135.68,136.72,135.68,0.6925,0.0,0.6102775693923481,0.23076923076923078,0.3383035637851241,0.24882488248824886,0.1293643517457407,1.0,low,0.9998
27889632,0,0.4066,6,0.5739023417379995,0.2926,141.23,141.23,146.09,0.5925,0.0,0.25806451612903225,0.15384615384615385,0.7781879488476627,0.2925292529252926,0.13466460386584156,0.7790055248618785,medium,0.9975
1279648061,0,0.6416,7,0.2802304268107997,0.0482,50.56,50.56,52.67,0.5925,0.0,0.5518879719929981,0.23076923076923078,0.37998026307872024,0.0481048104810481,0.0480747192298877,0.7790055248618785,low,0.9982
27889636,0,0.6217,11,0.4425989673497139,0.3303,73.14,73.14,75.58,0.6525,0.0,0.527006751687922,0.5384615384615384,0.6001456840237562,0.33023302330233023,0.06963862785545115,0.9116022099447513,medium,0.9756
27889636,0,0.9053,11,0.1502442290096012,1.0,118.48,118.48,118.88,0.6525,0.0,0.8815953988497124,0.5384615384615384,0.2037240384371819,1.0,0.11293834517533809,0.9116022099447513,low,0.9974
27889641,0,0.6696,11,0.23414789045345005,0.1515,119.87,119.87,120.52,0.6925,0.0,0.5868967241810452,0.5384615384615384,0.317494137492716,0.15141514151415142,0.1142657957063183,1.0,low,0.9977
142212245,0,0.6618,9,0.459807154662028,0.5299,122.68,122.68,127.4,0.6925,0.0,0.5771442860715179,0.38461538461538464,0.6234793162085491,0.5298529852985299,0.11694934677973873,1.0,medium,0.9448
144384068,0,0.8563,10,0.23414789045345005,0.5,125.25,133.23,125.25,0.5525,0.0,0.82033008252063,0.46153846153846156,0.317494137492716,0.49994999499949994,0.11940369776147912,0.6906077348066298,low,0.968
144384068,0,0.7282,9,0.27223288828925124,0.162,71.33,75.77,71.33,0.5525,0.0,0.660165041260315,0.38461538461538464,0.36913591213932845,0.16191619161916193,0.06791007716403087,0.6906077348066298,low,0.9829
436849795,0,0.5202,10,0.2581522131126464,0.5,129.69,129.69,135.3,0.6525,0.0,0.4001000250062515,0.46153846153846156,0.3500430646754163,0.49994999499949994,0.1236438994575598,0.9116022099447513,medium,0.971
27549170,0,0.4988,10,0.49558292486736377,0.2979,103.99,103.99,109.84,0.6525,0.0,0.3733433358339585,0.46153846153846156,0.6719898680725224,0.2978297829782978,0.09910038964015586,0.9116022099447513,medium,0.9998
255493306,0,0.683,7,0.39477618799857633,0.5,131.73,142.64,131.73,,0.0,0.603650912728182,0.23076923076923078,0.5352998566753152,0.49994999499949994,0.1255921002368401,0.6906077348066298,medium,0.9837
27889653,0,0.8618,6,0.19253885352139574,0.5,225.17,233.76,225.17,,0.0,0.827206801700425,0.15384615384615385,0.2610739030011229,0.49994999499949994,0.2148273359309344,0.6906077348066298,low,0.9967
28016640,0,0.9826,7,0.18850416538762546,0.5,209.34,219.01,209.34,,0.0,0.978244561140285,0.23076923076923078,0.2556030229377489,0.49994999499949994,0.19970967988387198,0.6906077348066298,low,0.9999
27889655,0,0.6934,8,0.27908897141869293,0.5,86.79,93.48,86.79,,0.0,0.6166541635408852,0.3076923076923077,0.3784324939969816,0.49994999499949994,0.08267438306975325,0.6906077348066298,low,0.504
28016786,0,0.6767,10,0.44134814772918585,0.5,101.73,110.69,101.73,,0.0,0.5957739434858714,0.46153846153846156,0.5984496213051665,0.49994999499949994,0.09694208877683552,0.6906077348066298,medium,0.9995
1053111771,0,0.8886,11,0.09241675034809421,0.5,41.59,49.79,41.59,,0.0,0.8607151787946985,0.5384615384615384,0.1253122282463436,0.49994999499949994,0.03950836580334633,0.6906077348066298,low,1.0
27880293,0,0.8102,11,0.20116969493879724,0.5,185.02,196.46,185.02,0.5525,0.0,0.7626906726681671,0.5384615384615384,0.27277698801663813,0.49994999499949994,0.17648407059362828,0.6906077348066298,low,0.6109
27880293,0,0.5618,12,0.33820292420763004,0.5,196.69,208.58,196.69,0.5525,0.0,0.4521130282570642,0.6153846153846154,0.45858871302995435,0.49994999499949994,0.18762892505157003,0.6906077348066298,medium,0.9995
1053111772,0,0.8488,11,0.08681125627662181,0.5,95.58,105.87,95.58,,0.0,0.8109527381845462,0.5384615384615384,0.11771139647342488,0.49994999499949994,0.09106883642753458,0.6906077348066298,low,0.9995
27889657,0,0.5872,8,0.4126768200756641,0.5,93.69,104.69,93.69,,0.0,0.48387096774193555,0.3076923076923077,0.5595724170084525,0.49994999499949994,0.0892638857055543,0.6906077348066298,medium,0.9994
28016786,0,0.6269,8,0.3661774009009981,0.5,42.8,52.96,42.8,,0.0,0.5335083770942736,0.3076923076923077,0.49652101454889525,0.49994999499949994,0.04066391626556651,0.6906077348066298,medium,0.9675
28797431,0,0.3704,7,0.47119311675717257,0.5,130.26,138.48,130.26,,0.0,0.21280320080020004,0.23076923076923078,0.6389182376228913,0.49994999499949994,0.12418824967529987,0.6906077348066298,medium,0.9839
197061794,0,0.6087,6,0.4332826072270248,0.5,141.52,150.48,141.52,,0.0,0.510752688172043,0.15384615384615385,0.5875130623269701,0.49994999499949994,0.1349415539766216,0.6906077348066298,medium,0.9989
128915767,0,1.0,13,0.33970277472735017,0.5,24.75,24.75,29.53,,0.0,1.0,0.6923076923076923,0.460622451954581,0.49994999499949994,0.023426159370463752,0.6906077348066298,low,0.9903
112478139,0,0.7978,11,0.09666119620713928,0.5,56.4,56.4,57.32,0.5075,0.0,0.7471867966991746,0.5384615384615384,0.13106753162059,0.49994999499949994,0.05365192146076859,0.5911602209944751,low,0.9928
112478141,0,0.5862,13,0.4341187168906664,0.5,64.13,69.73,64.13,,0.0,0.482620655163791,0.6923076923076923,0.5886467944861733,0.49994999499949994,0.06103407441362977,0.6906077348066298,medium,0.9995
27889659,0,0.8249,7,0.24752432325749704,0.5,79.83,90.77,79.83,,0.0,0.7810702675668917,0.23076923076923078,0.33563205971133797,0.49994999499949994,0.07602758041103218,0.6906077348066298,low,0.9976
27889655,0,0.5502,8,0.5027121850487232,0.5,135.64,147.01,135.64,,0.0,0.43760940235058765,0.3076923076923077,0.6816568673794448,0.49994999499949994,0.1293261517304607,0.6906077348066298,medium,0.9985
27880293,0,0.8876,11,0.327559963695367,0.5,93.85,102.5,93.85,0.5525,0.0,0.859464866216554,0.5384615384615384,0.44415727284143947,0.49994999499949994,0.08941668576667432,0.6906077348066298,low,0.819
27880293,0,0.6341,10,0.309498822636723,0.5,125.47,134.56,125.47,0.5525,0.0,0.5425106276569142,0.46153846153846156,0.4196670685769563,0.49994999499949994,0.11961379784551915,0.6906077348066298,medium,0.9962
27889666,0,0.6904,12,0.31954085823243134,0.5,111.11,111.91,111.11,,0.0,0.6129032258064516,0.6153846153846154,0.43328367796899725,0.49994999499949994,0.10589999235999696,0.6906077348066298,medium,0.9963
131699056,0,0.7147,8,0.12321842023089306,0.5,137.79,141.24,137.79,0.5075,0.0,0.6432858214553637,0.3076923076923077,0.16707809368461282,0.49994999499949994,0.13137940255176103,0.5911602209944751,low,0.8905
27889666,0,0.8426,14,0.1571912092476309,0.5,131.97,142.0,131.97,,0.0,0.80320080020005,0.7692307692307693,0.21314387323600545,0.49994999499949994,0.12582130032852015,0.6906077348066298,low,0.8156
27889666,0,0.6855,12,0.33808355158439524,0.5,63.86,71.35,63.86,,0.0,0.6067766941735433,0.6153846153846154,0.45842684839930253,0.49994999499949994,0.06077622431048973,0.6906077348066298,medium,0.9932
177313881,0,0.8224,16,0.19880224678978997,0.5,98.16,109.08,98.16,,0.0,0.7779444861215304,0.9230769230769231,0.269566820477029,0.49994999499949994,0.09353273741309498,0.6906077348066298,medium,0.7781
177313881,0,0.6829,16,0.326374005260743,0.5,134.85,142.84,134.85,,0.0,0.6035258814703675,0.9230769230769231,0.44254915936628186,0.49994999499949994,0.12857170142868057,0.6906077348066298,medium,0.9999
27889666,0,0.6855,12,0.3380835515843952,0.5,63.86,71.35,63.86,,0.0,0.6067766941735433,0.6153846153846154,0.4584268483993025,0.49994999499949994,0.06077622431048973,0.6906077348066298,medium,0.9932
335710002,0,0.8555,8,0.0658064570093541,0.4935,0.99,0.99,10.93,0.485,0.0,0.8193298324581144,0.3076923076923077,0.08922970625686696,0.49344934493449344,0.0007353502941401177,0.5414364640883977,low,1.0
27880411,0,0.7441,12,0.05196647649822492,0.0032,88.73,88.73,88.86,0.4725,0.0,0.6800450112528132,0.6153846153846154,0.07046323139055154,0.0031003100310031005,0.08452708381083354,0.5138121546961325,low,0.998
27880411,0,0.7536,12,0.11458491688994267,0.0032,134.96,134.96,145.05,0.4725,0.0,0.6919229807451864,0.6153846153846154,0.1553713992043778,0.0031003100310031005,0.12867675147070062,0.5138121546961325,low,0.9659
27889733,0,0.7234,14,0.04690689836995082,0.2259,148.23,153.41,148.23,0.4725,0.0,0.6541635408852214,0.7692307692307693,0.0636026403874022,0.22582258225822582,0.14134960653984263,0.5138121546961325,low,0.533
27889733,0,0.7935,14,0.015266085714398204,0.2029,162.93,177.75,162.93,0.4725,0.0,0.7418104526131531,0.7692307692307693,0.02069893001203425,0.20282028202820282,0.1553881121552449,0.5138121546961325,low,0.9532
27889733,0,0.7234,14,0.04690689836995081,0.2259,148.23,153.41,148.23,0.4725,0.0,0.6541635408852214,0.7692307692307693,0.06360264038740218,0.22582258225822582,0.14134960653984263,0.5138121546961325,low,0.533
"[28798339, 293132959]",0,0.783,16,0.06563371418264573,0.0782,87.51,91.76,87.51,0.5525,0.0,0.7286821705426356,0.9230769230769231,0.08899547370768439,0.0781078107810781,0.08336198334479335,0.6906077348066298,low,0.9973
"[28798353, 293132959]",0,0.722,14,0.07738546974129569,0.2259,129.35,135.79,129.35,0.5525,0.0,0.6524131032758189,0.7692307692307693,0.10493039682041164,0.22582258225822582,0.12331919932767973,0.6906077348066298,low,0.9505
1411199381,0,0.9616,7,0.050549753317932565,1.0,255.03,257.01,255.03,0.6925,0.0,0.9519879969992499,0.23076923076923078,0.06854220990254413,1.0,0.24334364733745897,1.0,low,1.0
855453260,0,0.8761,6,0.050549753317932565,1.0,245.78,248.07,245.78,0.6925,0.0,0.8450862715678918,0.15384615384615385,0.06854220990254413,1.0,0.23450989380395754,1.0,low,1.0
1388121068,0,0.8872,9,0.32737895648930715,1.0,285.43,285.43,288.33,0.6525,0.0,0.8589647411852963,0.38461538461538464,0.44391183411553864,1.0,0.2723756589502636,0.9116022099447513,medium,0.9376
1388121068,0,0.8678,10,0.32737895648930715,1.0,146.88,146.88,150.7,0.6525,0.0,0.8347086771692922,0.46153846153846156,0.44391183411553864,1.0,0.1400603560241424,0.9116022099447513,medium,0.5953
27889596,0,0.8455,14,0.08948845784751246,1.0,9.75,9.75,27.37,0.6525,0.0,0.8068267066766691,0.7692307692307693,0.12134157759627967,1.0,0.009101153640461457,0.9116022099447513,low,0.998
27924851,0,0.9453,13,0.2132771051103249,1.0,98.77,98.77,116.23,0.6525,0.0,0.9316079019754939,0.6923076923076923,0.28919416494094347,1.0,0.09411528764611507,0.9116022099447513,low,0.9816
335654457,0,0.9107,16,0.08948845784751246,1.0,111.7,114.76,111.7,0.6525,0.0,0.8883470867716927,0.9230769230769231,0.12134157759627967,1.0,0.10646344258537704,0.9116022099447513,low,0.9725
498318782,0,0.9985,13,0.258002911664057,0.0422,116.03,116.03,123.45,0.6525,0.0,0.9981245311327831,0.6923076923076923,0.34984061772253183,0.0421042104210421,0.11059859423943771,0.9116022099447513,low,1.0
146287569,0,0.8894,8,0.18056337350863969,0.035,116.12,125.69,116.12,0.6925,0.0,0.8617154288572143,0.3076923076923077,0.24483561823686828,0.0349034903490349,0.11068454427381773,1.0,low,1.0
"[1411214330, 27924851]",0,0.806,10,0.09001352302873845,0.7565,230.51,239.38,230.51,0.6525,0.0,0.75743935983996,0.46153846153846156,0.12205354554440875,0.7564756475647564,0.2199270379708152,0.9116022099447513,low,0.9927
27924852,0,0.7995,6,0.258002911664057,0.0422,101.44,110.41,101.44,0.6925,0.0,0.7493123280820204,0.15384615384615385,0.34984061772253183,0.0421042104210421,0.09666513866605547,1.0,low,1.0
30943884,0,0.9581,6,0.028998689380718617,0.473,35.42,35.42,42.03,0.6925,0.0,0.9476119029757438,0.15384615384615385,0.03931980605632044,0.47294729472947294,0.033616013446405385,1.0,low,1.0
146289430,0,0.6178,7,0.3925771148957609,0.1422,125.75,125.75,132.07,0.6925,0.0,0.5221305326331582,0.23076923076923078,0.5323179991445196,0.1421142114211421,0.11988119795247919,1.0,low,0.965
146288937,0,0.6162,7,0.45449535474637326,0.1499,128.44,128.44,134.3,0.6925,0.0,0.520130032508127,0.23076923076923078,0.6162767222791812,0.14981498149814984,0.1224501489800596,1.0,low,0.7796
146287567,0,0.674,10,0.40010925916264783,0.2031,185.06,196.14,185.06,0.6925,0.0,0.5923980995248812,0.46153846153846156,0.5425312935895753,0.20302030203020302,0.17652227060890827,1.0,medium,0.5388
146289430,0,0.5302,8,0.5235007975832189,0.0662,177.84,177.84,183.43,0.6925,0.0,0.4126031507876969,0.3076923076923077,0.7098454168012064,0.0661066106610661,0.16962716785086715,1.0,medium,0.9923
1153754868,0,0.7713,9,0.21393657884584097,0.2031,182.09,191.53,182.09,0.6525,0.0,0.7140535133783444,0.38461538461538464,0.2900883856569774,0.20302030203020302,0.17368591947436782,0.9116022099447513,low,0.9996
197062426,0,0.8648,6,0.14901117791525043,0.0618,66.77,75.96,66.77,0.6925,0.0,0.8309577394348587,0.15384615384615385,0.20205206914846732,0.061706170617061705,0.06355527542211017,1.0,low,1.0
197062426,0,0.532,6,0.31369883567709733,0.2177,84.85,84.85,95.47,0.6925,0.0,0.4148537134283571,0.15384615384615385,0.42536212277858615,0.21762176217621765,0.08082168232867294,1.0,low,0.9878
27924854,0,0.5893,7,0.5168094737461078,0.0291,139.65,139.65,148.48,0.6925,0.0,0.48649662415603906,0.23076923076923078,0.7007722421308702,0.029002900290029002,0.13315570326228132,1.0,medium,0.6367
30943014,0,0.784,6,0.2585115087412613,0.1095,215.56,215.56,224.36,0.5925,0.0,0.7299324831207803,0.15384615384615385,0.35053025556261125,0.10941094109410941,0.20564978225991293,0.7790055248618785,low,0.9991
24311718,0,0.7195,7,0.08200566460169807,0.0001,255.94,255.94,261.57,0.6925,0.0,0.6492873218304577,0.23076923076923078,0.11119520121486139,0.0,0.2442126976850791,1.0,low,1.0
144473235,0,0.8184,8,0.12996999448480023,0.0155,241.26,241.26,246.3,0.5525,0.0,0.7729432358089523,0.3076923076923077,0.1762329655749399,0.015401540154015401,0.23019329207731684,0.6906077348066298,low,0.9998
24328055,0,0.4628,6,0.5320268082623304,0.0707,100.42,104.42,100.42,0.5925,0.0,0.32833208302075517,0.15384615384615385,0.7214063554160274,0.0706070607060706,0.09569103827641533,0.7790055248618785,medium,0.9993
27924856,0,0.5045,7,0.46774949722723985,0.0052,114.51,119.09,114.51,0.5925,0.0,0.38047011752938226,0.23076923076923078,0.6342488235795936,0.0051005100510051,0.10914699365879749,0.7790055248618785,medium,0.9918
24328053,0,0.5599,9,0.5025697237266771,0.0133,173.22,176.77,173.22,0.5925,0.0,0.44973743435858954,0.38461538461538464,0.6814636953719082,0.013201320132013201,0.16521506608602646,0.7790055248618785,medium,0.9995
27924856,0,0.434,9,0.5600183914677453,0.0635,141.26,141.26,143.8,0.5925,0.0,0.29232308077019253,0.38461538461538464,0.7593618526994508,0.0634063406340634,0.13469325387730155,0.7790055248618785,medium,0.9993
52865800,0,0.5081,9,0.38675355549215246,0.0635,124.71,124.71,124.77,0.5925,0.0,0.38497124281070266,0.38461538461538464,0.5244214792691895,0.0634063406340634,0.11888799755519903,0.7790055248618785,medium,0.9928
"[1433098132, 44098974]",0,0.6439,10,0.3758133570595325,0.0635,189.66,189.66,191.82,0.5525,0.0,0.5547636909227307,0.46153846153846156,0.5095869960303461,0.0634063406340634,0.18091527236610896,0.6906077348066298,medium,0.992
109241606,0,0.329,8,0.6092580535712532,0.0133,87.04,87.04,89.63,0.5925,0.0,0.16104026006501626,0.3076923076923077,0.8261289179094257,0.013201320132013201,0.08291313316525328,0.7790055248618785,medium,0.997
887507586,0,0.4264,9,0.5239924280784085,0.128,73.53,75.34,73.53,0.5925,0.0,0.28282070517629404,0.38461538461538464,0.7105120486164803,0.1279127912791279,0.07001107800443121,0.7790055248618785,medium,0.9999
24328053,0,0.3884,8,0.5956198224968018,0.0133,120.62,123.24,120.62,0.5925,0.0,0.2353088272068017,0.3076923076923077,0.8076360074263594,0.013201320132013201,0.11498204599281842,0.7790055248618785,medium,0.999
109241606,0,0.4334,7,0.5582909612039408,0.0055,62.19,66.47,62.19,0.5925,0.0,0.2915728932233058,0.23076923076923078,0.7570195245001494,0.0054005400540054,0.05918137367254948,0.7790055248618785,medium,0.9997
24328055,0,0.5571,7,0.49831614387377005,0.001,43.7,46.64,43.7,0.5925,0.0,0.446236559139785,0.23076923076923078,0.6756960066575163,0.0009000900090009,0.041523416609366655,0.7790055248618785,medium,0.8945
27889636,0,0.6217,11,0.4425989673497139,0.3303,73.14,73.14,75.58,0.6525,0.0,0.527006751687922,0.5384615384615384,0.6001456840237562,0.33023302330233023,0.06963862785545115,0.9116022099447513,medium,0.9756
27924860,0,0.5758,9,0.4872718277321963,0.495,50.19,50.19,56.19,0.5925,0.0,0.46961740435108773,0.38461538461538464,0.6607203438580044,0.494949494949495,0.04772136908854764,0.7790055248618785,medium,0.9997
27889636,0,0.5096,9,0.4632993399145775,0.4052,2.94,2.94,6.64,0.6525,0.0,0.3868467116779195,0.38461538461538464,0.6282145834813454,0.40514051405140517,0.0025976010390404156,0.9116022099447513,medium,0.9907
148098772,0,0.4763,7,0.5505962856079465,0.4856,77.16,77.16,81.77,0.5925,0.0,0.3452113028257064,0.23076923076923078,0.746585843899186,0.48554855485548554,0.07347772939109176,0.7790055248618785,medium,0.9993
109241643,0,0.5832,8,0.48675953652218906,0.4674,75.19,75.19,79.46,0.5925,0.0,0.47886971742935736,0.3076923076923077,0.6600256969176346,0.4673467346734673,0.07159637863855146,0.7790055248618785,medium,0.9993
148098772,0,0.4763,7,0.5505962856079465,0.4856,77.16,77.16,81.77,0.5925,0.0,0.3452113028257064,0.23076923076923078,0.746585843899186,0.48554855485548554,0.07347772939109176,0.7790055248618785,medium,0.9993
27889601,0,0.4512,6,0.6031436597305619,0.2173,123.32,125.95,123.32,0.6925,0.0,0.31382845711427854,0.15384615384615385,0.8178380378578378,0.21722172217221722,0.11756054702421882,1.0,medium,0.9996
27924861,0,0.3455,7,0.6232400642074569,0.3839,122.28,125.95,122.28,0.6925,0.0,0.18167041760440106,0.23076923076923078,0.8450879800969681,0.38383838383838387,0.11656734662693867,1.0,medium,0.9945
27889638,0,0.3848,7,0.5864869805464656,0.379,111.94,114.29,111.94,0.6925,0.0,0.23080770192548133,0.23076923076923078,0.7952522292280308,0.3789378937893789,0.10669264267705708,1.0,medium,0.9997
27924861,0,0.4289,9,0.6448008392843458,0.2974,61.97,68.04,61.97,0.6925,0.0,0.2859464866216554,0.38461538461538464,0.8743235518705951,0.29732973297329734,0.05897127358850944,1.0,medium,0.9995
27924864,0,0.3244,7,0.6704089459558508,0.4771,179.78,179.78,187.59,0.6925,0.0,0.1552888222055514,0.23076923076923078,0.9090471477483694,0.4770477047704771,0.17147986859194744,1.0,high,0.5601
428944346,0,0.3123,7,0.6315004356359694,0.5,170.24,170.24,173.21,0.5925,0.0,0.14016004001000254,0.23076923076923078,0.8562887222277069,0.49994999499949994,0.162369164947666,0.7790055248618785,high,0.9661
27924864,0,0.3222,7,0.7286651426709119,0.5,45.93,49.14,45.93,0.6925,0.0,0.15253813453363338,0.23076923076923078,0.9880402829324249,0.49994999499949994,0.04365306746122699,1.0,medium,0.7837
436849795,0,0.4527,10,0.4475523363440928,0.5,135.62,137.23,135.62,0.6525,0.0,0.3157039259814953,0.46153846153846156,0.6068622595754233,0.49994999499949994,0.1293070517228207,0.9116022099447513,medium,0.9998
436849795,0,0.3528,11,0.5978245994450614,0.5,137.39,138.53,137.39,0.6525,0.0,0.19079769942485622,0.5384615384615384,0.8106255991495611,0.49994999499949994,0.13099740239896096,0.9116022099447513,high,0.7668
27924864,0,0.4326,8,0.632257115019908,0.474,100.62,102.2,100.62,0.6925,0.0,0.2905726431607902,0.3076923076923077,0.8573147500193735,0.47394739473947395,0.09588203835281536,1.0,medium,0.9967
27924867,0,0.4241,9,0.5588490640196523,0.5,174.64,174.64,177.88,0.5925,0.0,0.2799449862465616,0.38461538461538464,0.7577762901946853,0.49994999499949994,0.16657116662846666,0.7790055248618785,medium,0.6048
31278139,0,0.6549,8,0.09968653363826172,0.2748,198.82,198.82,199.18,0.6925,0.0,0.5685171292823206,0.3076923076923077,0.13516977141909461,0.2747274727472747,0.18966307586523037,1.0,low,0.9999
27880406,0,0.746,7,0.29355328892335286,0.1171,266.42,269.57,266.42,0.6925,0.0,0.6824206051512879,0.23076923076923078,0.39804554552485977,0.117011701170117,0.2542211016884407,1.0,low,0.9985
27924867,0,0.6283,6,0.39376540871093757,0.1171,217.1,219.85,217.1,0.5925,0.0,0.5352588147036759,0.15384615384615385,0.5339292793048044,0.117011701170117,0.20712048284819315,0.7790055248618785,medium,0.8631
436849795,0,0.3265,10,0.5656540252288439,0.5,137.59,139.66,137.59,0.6525,0.0,0.15791447861965494,0.46153846153846156,0.7670035527183466,0.49994999499949994,0.131188402475361,0.9116022099447513,medium,0.591
436849795,0,0.4527,10,0.4475523363440928,0.5,135.62,137.23,135.62,0.6525,0.0,0.3157039259814953,0.46153846153846156,0.6068622595754233,0.49994999499949994,0.1293070517228207,0.9116022099447513,medium,0.9998
106772284,0,0.3079,9,0.6936115827857375,0.4048,83.88,83.88,87.5,0.5925,0.0,0.13465866466616655,0.38461538461538464,0.9405090201513088,0.40474047404740476,0.07989533195813278,0.7790055248618785,high,0.9816
335654453,0,0.5074,10,0.5403903375071288,0.4087,12.44,12.44,12.61,0.5525,0.0,0.38409602400600146,0.46153846153846156,0.7327469755303399,0.40864086408640865,0.011670104668041867,0.6906077348066298,medium,0.999
335654453,0,0.6531,10,0.30422514366980863,0.4779,44.89,44.89,45.22,0.5525,0.0,0.5662665666416604,0.46153846153846156,0.41251616517026213,0.47784778477847784,0.04265986706394683,0.6906077348066298,medium,0.917
661509370,0,0.4917,7,0.49631680423636243,0.5,233.08,236.1,233.08,,0.0,0.3644661165291323,0.23076923076923078,0.6729849799313972,0.49994999499949994,0.22238138895255563,0.6906077348066298,medium,0.9565
27924868,0,0.2781,8,0.6796321894497996,0.5,296.73,299.41,296.73,0.5925,0.0,0.09739934983745939,0.3076923076923077,0.9215535069210512,0.49994999499949994,0.2831671632668653,0.7790055248618785,high,1.0
415292981,0,0.55,6,0.3612691943653194,0.3337,349.11,352.93,349.11,0.6925,0.0,0.4373593398349588,0.15384615384615385,0.4898656775333243,0.33363336333633364,0.33319008327603333,1.0,medium,0.9925
27924874,0,0.3635,6,0.6562963269266702,0.4982,339.92,339.92,340.75,0.5925,0.0,0.20417604401100273,0.15384615384615385,0.8899109856637456,0.49814981498149813,0.3244136297654519,0.7790055248618785,high,0.9993
24004648,0,0.8042,6,0.12579020256426998,0.3687,29.91,31.59,29.91,0.5925,0.0,0.7551887971992999,0.15384615384615385,0.17056533042473263,0.36863686368636867,0.028353961341584542,0.7790055248618785,low,1.0
"[335654452, 44098901]",0,0.5656,7,0.3952245376969863,0.4072,79.2,79.2,81.47,0.5925,0.0,0.45686421605401345,0.23076923076923078,0.5359078014148158,0.4071407140714072,0.07542593017037208,0.7790055248618785,medium,0.9755
641798779,0,0.4958,7,0.5648603619889586,0.4151,173.34,183.96,173.34,,0.0,0.3695923980995249,0.23076923076923078,0.7659273762575743,0.4150415041504151,0.16532966613186648,0.6906077348066298,medium,0.9681
641798780,0,0.5601,8,0.4056282176418157,0.6741,228.99,228.99,229.44,0.5925,0.0,0.4499874968742186,0.3076923076923077,0.5500147864676366,0.6740674067406741,0.218475437390175,0.7790055248618785,medium,0.9993
27924877,0,0.4263,6,0.5448566381593155,0.0001,210.72,210.72,214.27,0.5925,0.0,0.2826956739184796,0.15384615384615385,0.7388031053686203,0.0,0.2010275804110322,0.7790055248618785,medium,0.9999
24311718,0,0.6801,6,0.1840679848791356,0.0001,248.6,251.7,248.6,0.6925,0.0,0.6000250062515629,0.15384615384615385,0.24958773484192617,0.0,0.23720299488119798,1.0,low,1.0
27924854,0,0.7371,7,0.23297797553037988,0.0001,205.0,205.0,209.31,0.6925,0.0,0.6712928232058013,0.23076923076923078,0.31590777839474843,0.0,0.1955649782259913,1.0,low,1.0
144473235,0,0.8184,8,0.12996999448480023,0.0155,241.26,241.26,246.3,0.5525,0.0,0.7729432358089523,0.3076923076923077,0.1762329655749399,0.015401540154015401,0.23019329207731684,0.6906077348066298,low,0.9998
29331772,0,0.5243,7,0.5344390477593997,0.0649,97.58,97.58,104.88,0.6925,0.0,0.4052263065766441,0.23076923076923078,0.7246772582801522,0.0648064806480648,0.09297883719153488,1.0,medium,0.9037
27924854,0,0.8525,6,0.016849709703085455,0.0291,176.19,176.19,179.38,0.6925,0.0,0.815578894723681,0.15384615384615385,0.02284626249978562,0.029002900290029002,0.1680514172205669,1.0,low,1.0
27924879,0,0.497,6,0.5264342381505993,0.0001,125.92,125.92,130.51,0.5925,0.0,0.3710927731932983,0.15384615384615385,0.7138230480294663,0.0,0.12004354801741922,0.7790055248618785,medium,0.9979
27924884,0,0.522,6,0.4708830902872179,0.0707,138.71,141.53,138.71,0.5925,0.0,0.40235058764691173,0.15384615384615385,0.6384978537970891,0.0706070607060706,0.1322580029032012,0.7790055248618785,medium,0.9915
29331779,0,0.6176,7,0.3749965797155878,0.001,49.44,49.48,49.44,0.5925,0.0,0.5218804701175294,0.23076923076923078,0.5084794777441615,0.0009000900090009,0.047005118802047524,0.7790055248618785,low,0.9619
24311718,0,0.6378,7,0.24809745656880086,0.0707,199.62,203.48,199.62,0.6925,0.0,0.547136784196049,0.23076923076923078,0.33640920617285086,0.0706070607060706,0.1904270761708305,1.0,low,0.999
27889601,0,0.5661,6,0.4083136370585246,0.3054,96.88,96.88,97.17,0.6925,0.0,0.4574893723430858,0.15384615384615385,0.5536561106695499,0.3053305330533053,0.09231033692413478,1.0,low,0.8042
27889638,0,0.4506,7,0.5907889262463589,0.349,130.16,134.58,130.16,0.6925,0.0,0.3130782695673918,0.23076923076923078,0.8010855001483461,0.3489348934893489,0.12409274963709986,1.0,medium,0.9999
27924885,0,0.4364,6,0.555927404426608,0.3027,71.7,75.36,71.7,0.6925,0.0,0.29532383095773945,0.15384615384615385,0.7538146335090633,0.30263026302630264,0.06826342730537094,1.0,medium,0.998
27889601,0,0.5575,6,0.5061285134012551,0.3828,142.42,146.59,142.42,0.6925,0.0,0.44673668417104273,0.15384615384615385,0.6862892756484676,0.38273827382738274,0.13580105432042172,1.0,medium,0.9777
27889638,0,0.4695,6,0.4905815544001293,0.2616,112.98,113.27,112.98,0.6925,0.0,0.33670917729432354,0.15384615384615385,0.6652082043920704,0.2615261526152615,0.10768584307433725,1.0,medium,0.9819
27924886,0,0.3745,6,0.6690718867660277,0.5633,123.75,123.75,126.66,0.5925,0.0,0.21792948237059265,0.15384615384615385,0.9072341475306007,0.5632563256325633,0.11797119718847889,0.7790055248618785,high,0.828
27889636,0,0.5386,11,0.10258961742927311,1.0,46.63,46.63,47.11,0.6525,0.0,0.42310577644411096,0.5384615384615384,0.13910624004020383,1.0,0.0443215677286271,0.9116022099447513,medium,0.8496
27889636,0,0.6231,11,0.1502442290096012,0.4193,81.57,81.57,81.87,0.6525,0.0,0.5287571892973243,0.5384615384615384,0.2037240384371819,0.41924192419241924,0.07768928107571244,0.9116022099447513,low,0.9825
27924891,0,0.4956,12,0.4197583901588063,0.5461,68.96,73.8,68.96,0.6525,0.0,0.36934233558389595,0.6153846153846154,0.5691747503984795,0.5460546054605461,0.0656467262586905,0.9116022099447513,medium,0.9999
144384068,0,0.6046,11,0.21487930322745213,0.3586,108.98,108.98,116.76,0.5525,0.0,0.5056264066016504,0.5384615384615384,0.29136668322388093,0.3585358535853585,0.10386584154633663,0.6906077348066298,medium,0.9376
27924891,0,0.4956,12,0.4197583901588064,0.5461,68.96,73.8,68.96,0.6525,0.0,0.36934233558389595,0.6153846153846154,0.5691747503984798,0.5460546054605461,0.0656467262586905,0.9116022099447513,medium,0.9999
144384068,0,0.691,13,0.11916511659753558,1.0,54.68,54.68,61.25,0.5525,0.0,0.6136534133533382,0.6923076923076923,0.16158197172838745,1.0,0.052009320803728325,0.6906077348066298,medium,0.9767
835517142,0,0.933,12,0.10485600887511967,1.0,30.23,30.23,33.0,0.6525,0.0,0.9162290572643161,0.6153846153846154,0.1421793786238536,1.0,0.02865956146382459,0.9116022099447513,low,0.9999
835517145,0,0.994,11,0.10485600887511967,1.0,37.2,37.2,37.48,0.6525,0.0,0.9924981245311327,0.5384615384615384,0.1421793786238536,1.0,0.03531591412636566,0.9116022099447513,low,1.0
27924892,0,0.6092,8,0.2086803401719953,0.1497,33.75,40.17,33.75,0.6925,0.0,0.5113778444611152,0.3076923076923077,0.2829611306088392,0.1496149614961496,0.03202116280846513,1.0,low,1.0
197062426,0,0.5258,6,0.3695755145327954,0.1582,75.36,83.95,75.36,0.6925,0.0,0.407101775443861,0.15384615384615385,0.5011287243655911,0.15811581158115814,0.0717587287034915,1.0,low,0.9668
24328041,0,0.5188,9,0.43248483858947695,0.0788,44.55,45.35,44.55,0.6925,0.0,0.3983495873968492,0.38461538461538464,0.5864313191067656,0.0787078707870787,0.042335166934066776,1.0,low,0.5409
30941888,0,0.5036,7,0.39111140700122127,0.0618,65.09,74.76,65.09,0.6925,0.0,0.3793448362090523,0.23076923076923078,0.5303305562906716,0.061706170617061705,0.06195087478034992,1.0,low,0.9136
24311718,0,0.5659,6,0.32151918565431065,0.2768,171.3,174.35,171.3,0.6925,0.0,0.4572393098274568,0.15384615384615385,0.43596621294873844,0.2767276727672767,0.16338146535258616,1.0,low,0.9034
30941888,0,0.4317,7,0.5067200297056029,0.1121,98.32,99.28,98.32,0.6925,0.0,0.28944736184046005,0.23076923076923078,0.6870913487330094,0.11201120112011201,0.093685537474215,1.0,medium,0.9908
24328041,0,0.369,7,0.598146901127796,0.1732,106.44,114.43,106.44,0.6925,0.0,0.2110527631907977,0.23076923076923078,0.8110626276860932,0.17311731173117312,0.10144014057605624,1.0,medium,0.9999
197062426,0,0.7192,6,0.21296075437462267,0.0304,129.44,129.44,134.4,0.6925,0.0,0.6489122280570141,0.15384615384615385,0.28876520565695296,0.030303030303030304,0.12340514936205976,1.0,low,1.0
27924893,0,0.3919,6,0.4995027190597198,0.1394,133.33,143.06,133.33,0.6925,0.0,0.2396849212303076,0.15384615384615385,0.6773049564234652,0.13931393139313933,0.12712010084804037,1.0,medium,0.9975
197062426,0,0.7365,6,0.21290978166256572,0.0304,99.2,108.73,99.2,0.6925,0.0,0.6705426356589147,0.15384615384615385,0.2886960886434633,0.030303030303030304,0.09452593781037513,1.0,low,1.0
197062426,0,1.0,6,0.18759055937769065,0.1507,66.0,73.24,66.0,0.6925,0.0,1.0,0.15384615384615385,0.25436420874943627,0.15061506150615062,0.06281992512797006,1.0,low,1.0
197062428,0,0.6168,9,0.18759055937769065,0.1507,54.77,54.77,56.17,0.6925,0.0,0.5208802200550138,0.38461538461538464,0.25436420874943627,0.15061506150615062,0.052095270838108346,1.0,low,0.9999
27924900,0,0.904,7,0.1101844577754141,0.2031,151.56,160.23,151.56,0.6925,0.0,0.8799699924981245,0.23076923076923078,0.14940454792834873,0.20302030203020302,0.14452975781190314,1.0,low,1.0
"[146288938, 27924901]",0,0.8121,6,0.18779693752469914,0.098,82.84,87.86,82.84,0.6925,0.0,0.7650662665666418,0.15384615384615385,0.25464404948372615,0.09790979097909791,0.07890213156085264,1.0,low,1.0
146289427,0,0.8786,7,0.12989416222868377,0.035,141.54,150.58,141.54,0.6925,0.0,0.8482120530132534,0.23076923076923078,0.1761301399873373,0.0349034903490349,0.1349606539842616,1.0,low,1.0
1153754868,0,0.7713,9,0.21393657884584097,0.2031,182.09,191.53,182.09,0.6525,0.0,0.7140535133783444,0.38461538461538464,0.2900883856569774,0.20302030203020302,0.17368591947436782,0.9116022099447513,low,0.9996
27924852,0,0.8525,8,0.2132771051103249,1.0,121.8,121.8,138.96,0.6925,0.0,0.815578894723681,0.3076923076923077,0.28919416494094347,1.0,0.11610894644357858,1.0,low,0.9988
27924903,0,0.6053,7,0.47152148188899984,0.0422,167.95,168.46,167.95,0.6925,0.0,0.5065016254063515,0.23076923076923078,0.6393634879603796,0.0421042104210421,0.16018221407288563,1.0,low,0.5925
146287569,0,0.8232,8,0.2113467903491538,0.0132,48.18,50.58,48.18,0.6925,0.0,0.7789447361840459,0.3076923076923077,0.28657673326027994,0.013101310131013101,0.045801818320727335,1.0,low,1.0
1056069489,0,0.9562,7,0.004316899924397892,0.0998,39.44,50.25,39.44,0.6925,0.0,0.9452363090772693,0.23076923076923078,0.005852260266406529,0.0997099709970997,0.037455114982046,1.0,low,1.0
37018384,0,0.6847,10,0.16663889243769128,0.0998,36.23,36.23,39.96,0.4725,0.0,0.6057764441110277,0.46153846153846156,0.22595456390053395,0.0997099709970997,0.034389563755825504,0.5138121546961325,low,0.9646
1433098149,0,0.6859,10,0.21988839801202817,0.0132,77.64,77.64,80.66,0.4725,0.0,0.6072768192048011,0.46153846153846156,0.2981588207779871,0.013101310131013101,0.07393612957445184,0.5138121546961325,low,0.8082
146288936,0,0.7053,6,0.4179762028432207,0.051,137.8,141.67,137.8,0.6925,0.0,0.6315328832208053,0.15384615384615385,0.5667581737683239,0.0509050905090509,0.13138895255558106,1.0,low,0.9987
27924904,0,0.758,8,0.2881244697885502,0.1126,97.57,97.57,103.82,0.6925,0.0,0.6974243560890223,0.3076923076923077,0.390684278089178,0.11251125112511251,0.09296928718771488,1.0,low,1.0
146289430,0,0.7777,7,0.2730251948202363,0.1126,80.74,81.94,80.74,0.6925,0.0,0.7220555138784694,0.23076923076923078,0.3702102489556406,0.11251125112511251,0.0768966307586523,1.0,low,1.0
27924903,0,0.699,9,0.31882231094804225,0.1587,228.04,228.04,234.27,0.6925,0.0,0.6236559139784945,0.38461538461538464,0.4323093558200677,0.15861586158615865,0.21756818702727482,1.0,low,0.9604
146289890,0,0.5782,8,0.4955043638156371,0.0422,146.93,146.93,151.54,0.6925,0.0,0.4726181545386347,0.3076923076923077,0.6718833423442878,0.0421042104210421,0.14010810604324245,1.0,medium,0.8164
"[1411214330, 27924851]",0,0.806,10,0.09001352302873845,0.7565,230.51,239.38,230.51,0.6525,0.0,0.75743935983996,0.46153846153846156,0.12205354554440875,0.7564756475647564,0.2199270379708152,0.9116022099447513,low,0.9927
27924851,0,0.805,10,0.22840108104381748,1.0,160.31,160.31,178.35,0.6525,0.0,0.7561890472618154,0.46153846153846156,0.3097016876218039,1.0,0.15288601115440448,0.9116022099447513,low,0.5784
146289890,0,0.6436,9,0.4241281062216648,0.1587,195.84,195.84,213.7,0.6925,0.0,0.5543885971492872,0.38461538461538464,0.5750999152930852,0.15861586158615865,0.18681717472686993,1.0,medium,0.6803
30943884,0,0.7887,6,0.21335336622207757,0.1531,111.63,111.63,114.23,0.6925,0.0,0.7358089522380595,0.15384615384615385,0.28929757204009604,0.15301530153015303,0.10639659255863704,1.0,low,1.0
146288936,0,0.7522,8,0.32109696002988813,0.0662,172.47,177.35,172.47,0.6925,0.0,0.6901725431357839,0.3076923076923077,0.43539369143671264,0.0661066106610661,0.16449881579952633,1.0,low,0.9997
27924904,0,0.5476,7,0.4548518388212453,0.076,136.95,136.95,141.52,0.6925,0.0,0.4343585896474118,0.23076923076923078,0.6167601008089376,0.0759075907590759,0.1305772022308809,1.0,medium,0.5843
146288937,0,0.7249,7,0.30495497861196036,0.1906,90.31,90.31,95.26,0.6925,0.0,0.656039009752438,0.23076923076923078,0.41350579294375756,0.19051905190519053,0.08603598441439378,1.0,low,0.9999
258576402,0,0.8417,8,0.1751404419220358,0.0052,208.64,213.28,208.64,0.63,0.0,0.8020755188797198,0.3076923076923077,0.23748233408737732,0.0051005100510051,0.19904117961647186,0.861878453038674,low,1.0
44098974,0,0.5874,11,0.4901735610494618,0.0052,168.94,173.48,168.94,0.5525,0.0,0.4841210302575644,0.5384615384615384,0.66465498128928,0.0051005100510051,0.1611276644510658,0.6906077348066298,medium,0.9999
44098974,0,0.8332,10,0.1566941319787395,0.0707,175.06,179.45,175.06,0.5525,0.0,0.7914478619654913,0.46153846153846156,0.21246985580760186,0.0706070607060706,0.16697226678890673,0.6906077348066298,low,0.9996
258576402,0,0.8417,8,0.1751404419220358,0.0052,208.64,213.28,208.64,0.63,0.0,0.8020755188797198,0.3076923076923077,0.23748233408737732,0.0051005100510051,0.19904117961647186,0.861878453038674,low,1.0
44098802,0,1.0,7,0.024490986344742248,0.4943,87.52,94.4,87.52,0.505,0.0,1.0,0.23076923076923078,0.03320753619716567,0.4942494249424943,0.08337153334861334,0.5856353591160222,low,1.0
120201478,0,0.9915,8,0.024490986344742248,0.4943,81.57,88.12,81.57,0.535,0.0,0.9893723430857715,0.3076923076923077,0.03320753619716567,0.4942494249424943,0.07768928107571244,0.6519337016574587,low,1.0
52865801,0,0.7739,8,0.23557488653012768,0.2095,196.95,199.18,196.95,0.5925,0.0,0.7173043260815204,0.3076923076923077,0.31942908862836006,0.20942094209420942,0.18787722515089006,0.7790055248618785,low,0.9942
27924917,0,0.4895,8,0.547702209240112,0.5,180.83,180.83,181.86,0.5925,0.0,0.36171542885721425,0.3076923076923077,0.7426615889933003,0.49994999499949994,0.17248261899304762,0.7790055248618785,medium,0.9672
428944346,0,0.3716,7,0.5705806512815984,0.5,134.55,134.55,135.13,0.5925,0.0,0.21430357589397347,0.23076923076923078,0.773683865882112,0.49994999499949994,0.12828520131408055,0.7790055248618785,medium,0.8553
591220047,0,0.7165,7,0.27968712092027687,0.4806,141.36,141.36,148.74,,0.0,0.6455363840960239,0.23076923076923078,0.37924356143878524,0.4805480548054806,0.1347887539155016,0.6906077348066298,low,0.5713
1388121063,0,1.0,10,0.058507407591636265,0.4946,74.68,74.68,78.03,0.6525,0.0,1.0,0.46153846153846156,0.07933247935431113,0.4945494549454945,0.0711093284437314,0.9116022099447513,low,1.0
1388121065,0,1.0,10,0.058507407591636265,0.1318,38.26,38.26,41.86,0.6525,0.0,1.0,0.46153846153846156,0.07933247935431113,0.13171317131713173,0.03632821453128582,0.9116022099447513,low,1.0
1388121064,0,1.0,10,0.03180282944595436,0.0662,112.34,112.34,115.51,0.6525,0.0,1.0,0.46153846153846156,0.04312211083655897,0.0661066106610661,0.10707464282985715,0.9116022099447513,low,1.0
28016551,0,1.0,8,0.03180282944595436,0.0662,100.63,100.63,104.44,0.6925,0.0,1.0,0.3076923076923077,0.04312211083655897,0.0661066106610661,0.09589158835663535,1.0,low,1.0
1411199383,0,1.0,10,0.23909844855337578,0.0045,116.37,120.74,116.37,0.6525,0.0,1.0,0.46153846153846156,0.3242069015809156,0.0044004400440044,0.11092329436931776,0.9116022099447513,low,1.0
335654477,0,0.9367,6,0.03180282944595436,0.4946,63.21,63.21,73.02,0.6525,0.0,0.9208552138034507,0.15384615384615385,0.04312211083655897,0.4945494549454945,0.060155474062189636,0.9116022099447513,low,1.0
28016563,0,0.8483,11,0.059877645195615434,0.1091,13.08,13.08,14.71,0.5525,0.0,0.8103275818954739,0.5384615384615384,0.08119046821024034,0.10901090109010901,0.012281304912521966,0.6906077348066298,low,1.0
106154434,0,0.8479,11,0.06860938577474776,0.1091,53.8,53.8,58.33,0.5525,0.0,0.8098274568642159,0.5384615384615384,0.09303036856166821,0.10901090109010901,0.05116892046756819,0.6906077348066298,low,1.0
335654473,0,1.0,12,0.06860938577474776,0.1091,56.65,60.07,56.65,0.5525,0.0,1.0,0.6153846153846154,0.09303036856166821,0.10901090109010901,0.05389067155626863,0.6906077348066298,low,1.0
28016563,0,0.8715,11,0.08790906916409268,0.0648,120.9,125.02,120.9,0.5525,0.0,0.8393348337084271,0.5384615384615384,0.11919998801761617,0.0647064706470647,0.11524944609977845,0.6906077348066298,low,1.0
335654455,0,0.9347,11,0.0012102902606755514,0.0648,183.14,184.57,183.14,0.4725,0.0,0.9183545886471616,0.5384615384615384,0.0016398184839331433,0.0647064706470647,0.17468866987546797,0.5138121546961325,low,1.0
"[106154467, 1411480791]",0,0.9759,12,0.08790906916409268,0.5,163.48,170.68,163.48,0.4725,0.0,0.9698674668667167,0.6153846153846154,0.11919998801761617,0.49994999499949994,0.15591336236534495,0.5138121546961325,low,0.9949
28016563,0,0.8747,10,0.014186415957253206,0.0648,4.21,4.21,6.16,0.5525,0.0,0.8433358339584897,0.46153846153846156,0.01923493984636245,0.0647064706470647,0.00381045152418061,0.6906077348066298,low,1.0
28016563,0,0.8715,11,0.08790906916409269,0.0648,120.9,125.02,120.9,0.5525,0.0,0.8393348337084271,0.5384615384615384,0.11919998801761618,0.0647064706470647,0.11524944609977845,0.6906077348066298,low,1.0
196025366,0,0.7363,10,0.10320372410340098,0.0648,110.27,113.17,110.27,0.5925,0.0,0.6702925731432858,0.46153846153846156,0.1399389447868608,0.0647064706470647,0.10509779203911683,0.7790055248618785,low,1.0
1388121073,0,0.9208,7,0.02658728996073003,0.5864,66.24,79.02,66.24,0.5075,0.0,0.9009752438109525,0.23076923076923078,0.036050042304017926,0.5863586358635864,0.06304912521965009,0.5911602209944751,low,1.0
"[28016592, 289645033]",0,0.7435,10,0.1156314230391623,0.3071,163.18,165.68,163.18,,0.0,0.6792948237059265,0.46153846153846156,0.1567904208085616,0.307030703070307,0.15562686225074493,0.6906077348066298,low,0.9875
28016600,0,0.9305,12,0.05266282256604177,0.5,126.41,132.78,126.41,,0.0,0.9131032758189546,0.6153846153846154,0.07140744955396831,0.49994999499949994,0.12051149820459929,0.6906077348066298,low,0.9999
1388122048,0,0.9897,11,0.0005619363239410496,0.5,37.96,37.96,38.39,0.6525,0.0,0.9871217804451113,0.5384615384615384,0.0007606757822204816,0.49994999499949994,0.03604171441668577,0.9116022099447513,low,1.0
1388122048,0,0.853,15,0.04073704873225636,0.3968,25.72,25.72,30.12,0.6525,0.0,0.8162040510127532,0.8461538461538461,0.05523656443363687,0.39673967396739673,0.0243525097410039,0.9116022099447513,low,1.0
238733141,0,0.8831,12,0.007587647731733466,0.2155,185.4,193.94,185.4,0.6525,0.0,0.8538384596149038,0.6153846153846154,0.010287266982713776,0.21542154215421544,0.17684697073878833,0.9116022099447513,low,1.0
28016600,0,0.9305,12,0.052662822566041774,0.5,126.41,132.78,126.41,,0.0,0.9131032758189546,0.6153846153846154,0.07140744955396833,0.49994999499949994,0.12051149820459929,0.6906077348066298,low,0.9999
238733141,0,0.8492,12,0.020291753214275933,0.5,218.04,221.68,218.04,0.6525,0.0,0.8114528632158039,0.6153846153846154,0.027513539523013882,0.49994999499949994,0.2080181832072733,0.9116022099447513,low,0.9999
552544604,0,0.749,10,0.06114647906358279,0.5,37.1,37.1,41.21,0.6525,0.0,0.6861715428857214,0.46153846153846156,0.08291095754717195,0.49994999499949994,0.03522041408816564,0.9116022099447513,low,1.0
1388122048,0,0.9806,10,0.06114647906358279,0.5,72.14,72.14,73.44,0.6525,0.0,0.9757439359839959,0.46153846153846156,0.08291095754717195,0.49994999499949994,0.068683627473451,0.9116022099447513,low,1.0
106845827,0,0.9196,9,0.06114647906358279,0.5,16.58,16.58,19.51,0.6925,0.0,0.8994748687171793,0.38461538461538464,0.08291095754717195,0.49994999499949994,0.0156238062495225,1.0,low,1.0
93519949,0,0.681,16,0.193276256158831,0.2144,182.06,182.06,189.57,,0.0,0.601150287571893,0.9230769230769231,0.26207379227485816,0.21432143214321434,0.1736572694629078,0.6906077348066298,medium,0.9927
93519949,0,0.7383,10,0.2054119383781104,0.5,115.44,123.14,115.44,,0.0,0.6727931982995748,0.46153846153846156,0.2785293049954549,0.49994999499949994,0.11003514401405762,0.6906077348066298,low,0.7265
109190382,0,0.7528,16,0.1816887061268556,0.2144,160.49,166.89,160.49,0.6525,0.0,0.6909227306826706,0.9230769230769231,0.24636152546477308,0.21432143214321434,0.1530579112231645,0.9116022099447513,low,0.9062
109190382,0,0.8069,16,0.1392895141993806,0.2148,180.24,187.86,180.24,0.6525,0.0,0.75856464116029,0.9230769230769231,0.18886987155534682,0.2147214721472147,0.17191916876766752,0.9116022099447513,low,0.9903
27889431,0,0.7314,17,0.17168021167973851,0.5033,93.26,93.26,101.84,0.6525,0.0,0.6641660415103777,1.0,0.23279039656466774,0.5032503250325032,0.08885323554129423,0.9116022099447513,low,0.5198
27889431,0,0.75,14,0.16108024661330872,0.5,230.99,230.99,241.37,0.6525,0.0,0.687421855463866,0.7692307692307693,0.21841725652714997,0.49994999499949994,0.2203854381541753,0.9116022099447513,medium,0.5201
93519949,0,0.7031,10,0.17384301838439548,0.5033,152.78,152.78,163.81,,0.0,0.628782195548887,0.46153846153846156,0.23572307827119218,0.5032503250325032,0.14569485827794332,0.6906077348066298,medium,0.5498
93519949,0,0.681,16,0.19327625615883098,0.2144,182.06,182.06,189.57,,0.0,0.601150287571893,0.9230769230769231,0.2620737922748581,0.21432143214321434,0.1736572694629078,0.6906077348066298,medium,0.9927
4827181,0,0.8244,6,0.03993855562889189,0.2593,210.43,210.43,210.77,0.4425,0.0,0.7804451112778195,0.15384615384615385,0.054153838865984114,0.2592259225922592,0.20075063030025214,0.44751381215469616,low,0.9994
109190390,0,0.8289,7,0.03993855562889189,0.3143,208.89,208.89,209.53,,0.0,0.7860715178794698,0.23076923076923078,0.054153838865984114,0.3142314231423143,0.1992799297119719,0.6906077348066298,low,1.0
28016640,0,0.8138,6,0.09553635665391408,0.5,119.51,128.77,119.51,,0.0,0.7671917979494872,0.15384615384615385,0.12954229296962055,0.49994999499949994,0.11392199556879824,0.6906077348066298,low,1.0
28016637,0,0.7872,8,0.14488614227125485,0.5,251.82,255.09,251.82,,0.0,0.7339334833708426,0.3076923076923077,0.19645868137791025,0.49994999499949994,0.24027809611123846,0.6906077348066298,low,0.9111
28798587,0,0.9656,9,0.01153144772944358,0.5,300.85,302.42,300.85,,0.0,0.956989247311828,0.38461538461538464,0.01563490627131587,0.49994999499949994,0.287101764840706,0.6906077348066298,low,0.9999
208914108,0,0.509,7,0.5401802593600917,0.2955,113.1,118.9,113.1,,0.0,0.38609652413103274,0.23076923076923078,0.7324621177400298,0.2954295429542954,0.10780044312017725,0.6906077348066298,medium,0.9997
28016637,0,0.6766,7,0.4564789804774643,0.2999,205.65,207.77,205.65,,0.0,0.5956489122280569,0.23076923076923078,0.6189664415599824,0.2998299829982998,0.19618572847429142,0.6906077348066298,medium,0.9981
302920285,0,0.8489,11,0.06409986387876439,0.5,93.19,93.19,93.36,0.4825,0.0,0.8110777694423605,0.5384615384615384,0.08691563239914117,0.49994999499949994,0.08878638551455421,0.5359116022099447,low,0.9955
28016640,0,0.9271,8,0.01881194093240465,0.5,54.18,61.43,54.18,,0.0,0.9088522130532634,0.3076923076923077,0.025506971668942783,0.49994999499949994,0.05153182061272825,0.6906077348066298,low,1.0
"[1411351749, 261452319]",0,0.9211,11,0.05312822847360927,0.5,46.5,46.5,47.95,0.5625,0.0,0.9013503375843962,0.5384615384615384,0.07203852184919135,0.49994999499949994,0.04419741767896708,0.712707182320442,low,1.0
28810207,0,0.7285,11,0.18113272059392152,0.5,210.43,220.07,210.43,,0.0,0.6605401350337584,0.5384615384615384,0.24560763072327024,0.49994999499949994,0.20075063030025214,0.6906077348066298,medium,0.8924
28810207,0,0.9547,13,0.01750942477365041,0.5,313.42,323.14,313.42,,0.0,0.9433608402100524,0.6923076923076923,0.023740810456752113,0.49994999499949994,0.2991061196424479,0.6906077348066298,low,0.9931
28016645,0,0.5421,12,0.5376702655578426,0.5,324.11,332.1,324.11,,0.0,0.42748187046761693,0.6153846153846154,0.7290586638430653,0.49994999499949994,0.3093150737260295,0.6906077348066298,high,0.9931
28016645,0,0.9276,16,7.849133849216577e-05,0.5,326.79,335.93,326.79,,0.0,0.9094773693423356,0.9230769230769231,0.00010514319954255332,0.49994999499949994,0.3118744747497899,0.6906077348066298,low,0.8297
28810207,0,0.9547,13,0.01750942477365041,0.5,313.42,323.14,313.42,,0.0,0.9433608402100524,0.6923076923076923,0.023740810456752113,0.49994999499949994,0.2991061196424479,0.6906077348066298,low,0.9931
111417976,0,0.6446,13,0.2266443519290924,0.5,371.32,380.28,371.32,,0.0,0.5556389097274318,0.6923076923076923,0.30731963132108137,0.49994999499949994,0.3544006417602567,0.6906077348066298,medium,0.9996
27889653,0,0.6596,8,0.47404972517540966,0.5,316.83,322.31,316.83,,0.0,0.5743935983995998,0.3076923076923077,0.6427916874475239,0.49994999499949994,0.30236267094506836,0.6906077348066298,medium,0.992
28016645,0,0.5421,12,0.5376702655578425,0.5,324.11,332.1,324.11,,0.0,0.42748187046761693,0.6153846153846154,0.7290586638430652,0.49994999499949994,0.3093150737260295,0.6906077348066298,high,0.9931
111417976,0,0.5666,13,0.4588614460852266,0.5,319.69,329.39,319.69,,0.0,0.458114528632158,0.6923076923076923,0.6221969721891244,0.49994999499949994,0.3050939720375888,0.6906077348066298,high,0.8813
28016644,0,0.5411,10,0.39345751480089586,0.5,258.36,268.74,258.36,,0.0,0.42623155788947237,0.46153846153846156,0.5335117871472365,0.49994999499949994,0.24652379860951945,0.6906077348066298,medium,0.9917
208913795,0,0.5887,9,0.35918540065326415,0.5,317.21,327.48,317.21,0.5925,0.0,0.4857464366091523,0.38461538461538464,0.4870401343692696,0.49994999499949994,0.3027255710902284,0.7790055248618785,medium,0.9997
111417976,0,0.6569,13,0.2211605762051189,0.5,360.68,369.39,360.68,,0.0,0.5710177544386097,0.6923076923076923,0.2998838448896116,0.49994999499949994,0.3442394376957751,0.6906077348066298,medium,0.9998
111417976,0,0.5666,13,0.4588614460852266,0.5,319.69,329.39,319.69,,0.0,0.458114528632158,0.6923076923076923,0.6221969721891244,0.49994999499949994,0.3050939720375888,0.6906077348066298,high,0.8813
28798597,0,0.5012,12,0.5374185124249937,0.5,271.06,279.12,271.06,,0.0,0.3763440860215053,0.6153846153846154,0.7287172963941497,0.49994999499949994,0.2586523034609214,0.6906077348066298,high,0.9876
255493307,0,0.558,12,0.3905219950479565,0.5,351.9,361.6,351.9,,0.0,0.44736184046011507,0.6153846153846154,0.5295313366242889,0.49994999499949994,0.3358545343418137,0.6906077348066298,medium,0.6136
28016645,0,0.7779,15,0.1119333989591853,0.3618,287.22,297.91,287.22,,0.0,0.7223055763940986,0.8461538461538461,0.1517760440978349,0.36173617361736177,0.27408510963404387,0.6906077348066298,medium,0.9508
106466994,0,0.6934,12,0.1284957523767355,0.5,259.55,268.79,259.55,0.4275,0.0,0.6166541635408852,0.6153846153846154,0.1742339506597373,0.49994999499949994,0.24766024906409964,0.4143646408839779,medium,0.9999
106466994,0,0.7288,15,0.13631454887426417,0.157,251.64,257.8,251.64,0.4275,0.0,0.6609152288072017,0.8461538461538461,0.18483593437190476,0.1569156915691569,0.24010619604247843,0.4143646408839779,medium,0.9993
29997363,0,0.769,11,0.1478437817140215,0.5,146.29,154.03,146.29,,0.0,0.7111777944486121,0.5384615384615384,0.20046912533927785,0.49994999499949994,0.13949690579876234,0.6906077348066298,low,0.8668
255493306,0,0.5996,8,0.4302388473451766,0.5,133.46,144.27,133.46,,0.0,0.4993748437109277,0.3076923076923077,0.583385842402356,0.49994999499949994,0.1272442508977004,0.6906077348066298,medium,0.9998
959069339,0,0.9681,11,0.001107244629558698,0.5,220.89,224.75,220.89,0.4275,0.0,0.9601150287571892,0.5384615384615384,0.0015000926190821772,0.49994999499949994,0.21073993429597374,0.4143646408839779,low,0.9942
23002287,0,0.8376,12,0.05095538773493392,0.5,233.3,242.28,233.3,0.4275,0.0,0.7969492373093272,0.6153846153846154,0.06909223438310225,0.49994999499949994,0.22259148903659565,0.4143646408839779,medium,0.8243
255493300,0,0.9694,9,0.001107244629558698,0.5,208.87,215.5,208.87,,0.0,0.9617404351087773,0.38461538461538464,0.0015000926190821772,0.49994999499949994,0.1992608297043319,0.6906077348066298,low,1.0
255493306,0,0.6783,10,0.23344280415652674,0.5,240.38,246.5,240.38,,0.0,0.5977744436109027,0.46153846153846156,0.31653806791883515,0.49994999499949994,0.22935289174115672,0.6906077348066298,medium,0.994
4827180,0,1.0,8,0.15271270946213414,0.2815,148.07,148.07,149.0,0.5625,0.0,1.0,0.3076923076923077,0.20707120184779504,0.2814281428142814,0.1411968064787226,0.712707182320442,low,1.0
255493286,0,0.7735,10,0.26575918554801736,0.2274,57.86,64.66,57.86,0.5925,0.0,0.7168042010502624,0.46153846153846156,0.36035782320432813,0.22732273227322733,0.05504622201848881,0.7790055248618785,low,0.9977
28016687,0,0.753,12,0.042543054237480275,0.5922,87.04,93.68,87.04,,0.0,0.6911727931982995,0.6153846153846154,0.057685437601843866,0.5921592159215922,0.08291313316525328,0.6906077348066298,low,0.9877
44289550,0,0.671,12,0.34589221945974336,0.5,21.87,21.87,23.12,0.5525,0.0,0.5886471617904476,0.6153846153846154,0.4690150980940392,0.49994999499949994,0.020675758270303313,0.6906077348066298,medium,0.9891
44289550,0,0.8768,12,0.03688323133721207,0.5,63.29,63.29,66.19,0.5525,0.0,0.8459614903725932,0.6153846153846154,0.050010938051770884,0.49994999499949994,0.060231874092749646,0.6906077348066298,low,0.9999
685653529,0,0.7801,7,0.2254341396357977,0.5,163.74,169.52,163.74,,0.0,0.7250562640660165,0.23076923076923078,0.3056786305576223,0.49994999499949994,0.156161662464665,0.6906077348066298,low,0.954
896018455,0,0.504,10,0.456189223585383,0.5,87.21,87.21,87.9,0.5525,0.0,0.3798449612403101,0.46153846153846156,0.6185735424928043,0.49994999499949994,0.0830754832301933,0.6906077348066298,medium,0.9987
896018455,0,0.301,10,0.47631283086260784,0.5,58.14,58.14,59.13,0.5525,0.0,0.12603150787696923,0.46153846153846156,0.6458603706703412,0.49994999499949994,0.05531362212544886,0.6906077348066298,medium,0.8034
28016699,0,0.3957,8,0.5232465465251236,0.5,134.93,134.93,141.23,,0.0,0.2444361090272568,0.3076923076923077,0.7095006622628859,0.49994999499949994,0.1286481014592406,0.6906077348066298,medium,0.829
685653529,0,0.6922,6,0.27394148916568123,0.5,222.97,229.6,222.97,,0.0,0.6151537884471118,0.15384615384615385,0.3714527084222642,0.49994999499949994,0.21272633509053407,0.6906077348066298,medium,0.8584
896018455,0,0.5366,11,0.41947630657721025,0.5,29.04,29.04,30.93,0.5525,0.0,0.4206051512878219,0.5384615384615384,0.568792256041644,0.49994999499949994,0.027523111009244407,0.6906077348066298,medium,0.9999
678680824,0,0.531,9,0.5294042916935584,0.5,41.13,50.5,41.13,,0.0,0.4136034008502126,0.38461538461538464,0.7178503250274889,0.49994999499949994,0.03906906562762626,0.6906077348066298,medium,0.999
896018455,0,0.4561,11,0.30064818790741576,0.5,0.78,0.78,10.78,0.5525,0.0,0.3199549887471868,0.5384615384615384,0.4076659523857218,0.49994999499949994,0.0005348002139200856,0.6906077348066298,medium,0.9997
685653529,0,0.7364,7,0.2655365658737496,0.5,222.46,232.85,222.46,,0.0,0.6704176044011002,0.23076923076923078,0.36005595959125913,0.49994999499949994,0.21223928489571398,0.6906077348066298,medium,0.7519
28016707,0,0.5626,6,0.4200987664495459,0.5,76.35,76.35,79.16,0.5925,0.0,0.45311327831957987,0.15384615384615385,0.5696362873999311,0.49994999499949994,0.07270417908167164,0.7790055248618785,medium,0.9882
28016703,0,0.5143,6,0.4942671689884243,0.5,123.23,133.85,123.23,,0.0,0.39272318079519875,0.15384615384615385,0.6702057543151028,0.49994999499949994,0.11747459698983881,0.6906077348066298,medium,0.9997
720435510,0,0.6117,8,0.3646473363494805,0.5,22.65,22.65,36.92,,0.0,0.5145036259064766,0.3076923076923077,0.4944463065732008,0.49994999499949994,0.021420658568263428,0.6906077348066298,medium,0.9627
896018455,0,0.7827,10,0.015989434560493208,0.5,15.17,15.17,21.44,0.5525,0.0,0.7283070767691923,0.46153846153846156,0.02167976289174129,0.49994999499949994,0.014277255710902286,0.6906077348066298,low,1.0
896018455,0,0.7579,10,0.18727771430484214,0.5,19.51,19.51,23.67,0.5525,0.0,0.6972993248312078,0.46153846153846156,0.2539400030078212,0.49994999499949994,0.01842195736878295,0.6906077348066298,low,0.9915
106466994,0,0.6647,11,0.12222781974458342,0.5,266.57,266.57,273.72,0.4275,0.0,0.580770192548137,0.5384615384615384,0.1657348779832655,0.49994999499949994,0.2543643517457407,0.4143646408839779,medium,0.9999
106466994,0,0.6934,12,0.12849575237673547,0.5,259.55,268.79,259.55,0.4275,0.0,0.6166541635408852,0.6153846153846154,0.17423395065973724,0.49994999499949994,0.24766024906409964,0.4143646408839779,medium,0.9999
28016711,0,0.7104,7,0.35721395620222773,0.5,226.53,226.53,230.72,,0.0,0.6379094773693422,0.23076923076923078,0.4843669324300789,0.49994999499949994,0.21612613645045461,0.6906077348066298,medium,0.9915
28016711,0,0.7104,7,0.35721395620222773,0.5,226.53,226.53,230.72,,0.0,0.6379094773693422,0.23076923076923078,0.4843669324300789,0.49994999499949994,0.21612613645045461,0.6906077348066298,medium,0.9915
685653527,0,0.698,10,0.24239919093974266,0.5,245.97,245.97,247.6,0.5925,0.0,0.62240560140035,0.46153846153846156,0.32868257977888166,0.49994999499949994,0.23469134387653756,0.7790055248618785,medium,0.965
685653528,0,0.7207,9,0.43891797934673393,0.5,220.95,231.23,220.95,,0.0,0.650787696924231,0.38461538461538464,0.5951544075703261,0.49994999499949994,0.21079723431889374,0.6906077348066298,medium,0.9998
111417900,0,0.8965,11,0.023851708976033833,0.5,241.11,251.73,241.11,,0.0,0.8705926481620403,0.5384615384615384,0.03234070096840046,0.49994999499949994,0.23005004202001686,0.6906077348066298,low,0.9989
28016729,0,0.5431,10,0.4818064498476446,0.5,73.98,81.39,73.98,,0.0,0.42873218304576144,0.46153846153846156,0.653309504180674,0.49994999499949994,0.07044082817633128,0.6906077348066298,medium,0.9992
896018455,0,0.4595,11,0.44125949840545353,0.5,39.52,39.52,40.47,0.5525,0.0,0.32420605151287823,0.5384615384615384,0.5983294162727678,0.49994999499949994,0.037531515012606015,0.6906077348066298,medium,0.9987
685653529,0,0.5589,9,0.4840323344936647,0.5,36.93,43.46,36.93,,0.0,0.44848712178044503,0.38461538461538464,0.6563277171204439,0.49994999499949994,0.035058064023225616,0.6906077348066298,medium,0.9999
896018455,0,0.6189,12,0.326328427483559,0.5,12.69,12.69,15.16,0.5525,0.0,0.5235058764691173,0.6153846153846154,0.44248735767448766,0.49994999499949994,0.011908854763541905,0.6906077348066298,medium,0.9947
896018455,0,0.7036,10,0.20470701193173382,0.5,68.07,68.07,68.65,0.5525,0.0,0.6294073518379595,0.46153846153846156,0.2775734521726934,0.49994999499949994,0.06479677591871037,0.6906077348066298,low,0.7782
896018455,0,0.4016,10,0.48280431476811364,0.5,93.99,93.99,94.43,0.5525,0.0,0.2518129532383096,0.46153846153846156,0.654662570171981,0.49994999499949994,0.08955038582015433,0.6906077348066298,medium,0.9362
28016714,0,0.4161,8,0.5558483812035553,0.5,88.48,91.32,88.48,,0.0,0.2699424856214054,0.3076923076923077,0.7537074810945,0.49994999499949994,0.0842883337153335,0.6906077348066298,medium,0.9068
685653529,0,0.6282,6,0.24106620967017708,0.5,132.09,137.22,132.09,,0.0,0.5351337834458614,0.15384615384615385,0.3268751090622534,0.49994999499949994,0.12593590037436017,0.6906077348066298,medium,0.5611
106467007,0,0.8489,10,0.11583478373220242,0.5,52.37,52.37,54.76,,0.0,0.8110777694423605,0.46153846153846156,0.15706616999272158,0.49994999499949994,0.04980326992130797,0.6906077348066298,low,0.9998
106467011,0,0.7651,8,0.16836642447034292,0.5,89.0,89.0,91.45,0.4475,0.0,0.7063015753938483,0.3076923076923077,0.22829703009443084,0.49994999499949994,0.08478493391397357,0.45856353591160226,low,0.7621
27880293,0,0.8876,11,0.327559963695367,0.5,93.85,102.5,93.85,0.5525,0.0,0.859464866216554,0.5384615384615384,0.44415727284143947,0.49994999499949994,0.08941668576667432,0.6906077348066298,low,0.819
27880293,0,0.5767,12,0.3368555160056083,0.5,53.18,59.99,53.18,0.5525,0.0,0.4707426856714178,0.6153846153846154,0.4567616799544688,0.49994999499949994,0.0505768202307281,0.6906077348066298,medium,0.9996
28016720,0,0.6402,12,0.327559963695367,0.5,103.75,103.75,106.28,,0.0,0.5501375343835958,0.6153846153846154,0.44415727284143947,0.49994999499949994,0.09887118954847583,0.6906077348066298,medium,0.9992
896018455,0,0.301,10,0.47631283086260784,0.5,58.14,58.14,59.13,0.5525,0.0,0.12603150787696923,0.46153846153846156,0.6458603706703412,0.49994999499949994,0.05531362212544886,0.6906077348066298,medium,0.8034
896018455,0,0.5366,11,0.41947630657721025,0.5,29.04,29.04,30.93,0.5525,0.0,0.4206051512878219,0.5384615384615384,0.568792256041644,0.49994999499949994,0.027523111009244407,0.6906077348066298,medium,0.9999
131699079,0,0.5197,6,0.33553848131356506,0.5,139.5,153.8,139.5,,0.0,0.39947486871717935,0.15384615384615385,0.454975832176257,0.49994999499949994,0.13301245320498128,0.6906077348066298,medium,0.9986
28016723,0,0.4843,6,0.5140294630190955,0.5,102.3,113.98,102.3,,0.0,0.35521380345086273,0.15384615384615385,0.6970026557940534,0.49994999499949994,0.09748643899457561,0.6906077348066298,medium,0.9993
131699079,0,1.0,6,0.33553848131356506,0.5,152.45,166.79,152.45,,0.0,1.0,0.15384615384615385,0.454975832176257,0.49994999499949994,0.14537970815188325,0.6906077348066298,low,0.9995
28016726,0,0.7249,6,0.22942583167978972,0.5,161.15,173.19,161.15,,0.0,0.656039009752438,0.15384615384615385,0.31109120959683484,0.49994999499949994,0.1536882114752846,0.6906077348066298,low,0.9023
111417939,0,0.5364,6,0.4416174497034666,0.5,153.88,161.26,153.88,,0.0,0.420355088772193,0.15384615384615385,0.5988147842999935,0.49994999499949994,0.14674535869814348,0.6906077348066298,medium,0.9999
28016726,0,0.4568,8,0.4529982295888838,0.5,128.8,136.03,128.8,,0.0,0.32083020755188796,0.3076923076923077,0.6142466788396574,0.49994999499949994,0.12279394911757967,0.6906077348066298,medium,0.998
28016726,0,0.6192,9,0.2530468788236175,0.5,84.84,91.72,84.84,,0.0,0.5238809702425605,0.38461538461538464,0.34312043009929416,0.49994999499949994,0.08081213232485294,0.6906077348066298,medium,0.9087
28016735,0,0.5816,7,0.4670516342946244,0.5,110.55,120.63,110.55,,0.0,0.4768692173043261,0.23076923076923078,0.6333025486065521,0.49994999499949994,0.10536519214607687,0.6906077348066298,medium,0.9998
362807536,0,0.5327,9,0.4859430710266416,0.5,106.72,114.07,106.72,,0.0,0.4157289322330582,0.38461538461538464,0.6589186014857382,0.49994999499949994,0.10170754068301628,0.6906077348066298,medium,0.9987
28016729,0,0.6037,8,0.4575223485571819,0.5,59.86,71.86,59.86,,0.0,0.5045011252813203,0.3076923076923077,0.6203812080640674,0.49994999499949994,0.05695622278248912,0.6906077348066298,medium,0.9993
854491581,0,0.4482,5,0.28889208393943616,0.5,59.86,66.35,59.86,,0.0,0.31007751937984496,0.07692307692307693,0.3917251329992008,0.49994999499949994,0.05695622278248912,0.6906077348066298,medium,0.9855
28016729,0,1.0,9,0.1431796498081221,0.5,28.62,28.62,31.42,,0.0,1.0,0.38461538461538464,0.19414474402133772,0.49994999499949994,0.027122010848804345,0.6906077348066298,low,1.0
131699055,0,0.6814,8,0.15660913917434524,0.5,1.01,1.01,13.53,0.5075,0.0,0.6016504126031508,0.3076923076923077,0.21235460887309932,0.49994999499949994,0.0007544503017801208,0.5911602209944751,low,0.9793
27880296,0,0.4106,7,0.5276551035637367,0.5,100.26,100.26,107.47,,0.0,0.2630657664416104,0.23076923076923078,0.7154784940087704,0.49994999499949994,0.0955382382152953,0.6906077348066298,medium,0.9794
896018455,0,0.4016,10,0.48280431476811364,0.5,93.99,93.99,94.43,0.5525,0.0,0.2518129532383096,0.46153846153846156,0.654662570171981,0.49994999499949994,0.08955038582015433,0.6906077348066298,medium,0.9362
896018455,0,0.504,10,0.456189223585383,0.5,87.21,87.21,87.9,0.5525,0.0,0.3798449612403101,0.46153846153846156,0.6185735424928043,0.49994999499949994,0.0830754832301933,0.6906077348066298,medium,0.9987
362807535,0,0.4476,9,0.5282504324759278,0.5,102.42,102.42,108.94,,0.0,0.30932733183295824,0.38461538461538464,0.7162857368411459,0.49994999499949994,0.09760103904041563,0.6906077348066298,medium,0.9427
28016735,0,0.5816,7,0.4670516342946244,0.5,110.55,120.63,110.55,,0.0,0.4768692173043261,0.23076923076923078,0.6333025486065521,0.49994999499949994,0.10536519214607687,0.6906077348066298,medium,0.9998
27880296,0,0.4335,7,0.5168681298716769,0.5,149.3,153.44,149.3,,0.0,0.29169792448112025,0.23076923076923078,0.7008517775540135,0.49994999499949994,0.1423714569485828,0.6906077348066298,medium,0.9664
362807536,0,0.5543,9,0.48641485947528595,0.5,99.76,104.85,99.76,,0.0,0.4427356839209802,0.38461538461538464,0.6595583282582277,0.49994999499949994,0.09506073802429522,0.6906077348066298,medium,0.9994
896018455,0,0.4595,11,0.44125949840545353,0.5,39.52,39.52,40.47,0.5525,0.0,0.32420605151287823,0.5384615384615384,0.5983294162727678,0.49994999499949994,0.037531515012606015,0.6906077348066298,medium,0.9987
896018455,0,0.7036,10,0.20470701193173382,0.5,68.07,68.07,68.65,0.5525,0.0,0.6294073518379595,0.46153846153846156,0.2775734521726934,0.49994999499949994,0.06479677591871037,0.6906077348066298,low,0.7782
896018455,0,0.7827,10,0.015989434560493208,0.5,15.17,15.17,21.44,0.5525,0.0,0.7283070767691923,0.46153846153846156,0.02167976289174129,0.49994999499949994,0.014277255710902286,0.6906077348066298,low,1.0
896018455,0,0.4561,11,0.30064818790741576,0.5,0.78,0.78,10.78,0.5525,0.0,0.3199549887471868,0.5384615384615384,0.4076659523857218,0.49994999499949994,0.0005348002139200856,0.6906077348066298,medium,0.9997
28016737,0,0.5958,8,0.28178319039871513,0.5,28.34,42.42,28.34,,0.0,0.49462365591397844,0.3076923076923077,0.3820857500642339,0.49994999499949994,0.0268546107418443,0.6906077348066298,medium,0.8025
28016750,0,0.6554,6,0.09024530514346625,0.5,98.85,113.23,98.85,0.5075,0.0,0.5691422855713928,0.15384615384615385,0.12236783307010309,0.49994999499949994,0.09419168767667507,0.5911602209944751,low,0.985
896018456,0,0.5744,11,0.014114079183167018,0.5,47.22,47.22,49.14,0.5075,0.0,0.46786696674168543,0.5384615384615384,0.019136853996334902,0.49994999499949994,0.044885017954007185,0.5911602209944751,low,0.7116
28016750,0,0.7463,8,0.06267643804244231,0.5,41.51,52.32,41.51,0.5075,0.0,0.6827956989247311,0.3076923076923077,0.08498552237045134,0.49994999499949994,0.039431965772786313,0.5911602209944751,low,0.9995
896018455,0,0.7579,10,0.18727771430484214,0.5,19.51,19.51,23.67,0.5525,0.0,0.6972993248312078,0.46153846153846156,0.2539400030078212,0.49994999499949994,0.01842195736878295,0.6906077348066298,low,0.9915
112478175,0,0.8334,8,0.0672893437222558,0.5,34.22,34.22,36.65,,0.0,0.7916979244811202,0.3076923076923077,0.09124044291974628,0.49994999499949994,0.0324700129880052,0.6906077348066298,low,1.0
27889546,0,0.7768,10,0.12898418302169187,0.5,39.33,40.26,39.33,,0.0,0.7209302325581395,0.46153846153846156,0.1748962436026458,0.49994999499949994,0.037350064940025976,0.6906077348066298,low,0.9985
553116326,0,1.0,8,0.1431796498081221,0.5,49.25,49.25,49.76,,0.0,1.0,0.3076923076923077,0.19414474402133772,0.49994999499949994,0.0468236687294675,0.6906077348066298,low,1.0
27889556,0,0.7869,8,0.19458473889544864,0.5,85.78,93.03,85.78,0.485,0.0,0.7335583895973993,0.3076923076923077,0.26384804393438877,0.49994999499949994,0.08170983268393309,0.5414364640883977,low,0.9341
23002437,0,1.0,8,0.1431796498081221,0.5,32.48,32.48,35.55,,0.0,1.0,0.3076923076923077,0.19414474402133772,0.49994999499949994,0.03080831232332493,0.6906077348066298,low,1.0
131699056,0,0.6798,9,0.1431796498081221,0.5,2.63,2.63,10.2,0.5075,0.0,0.5996499124781195,0.38461538461538464,0.19414474402133772,0.49994999499949994,0.002301550920620368,0.5911602209944751,low,0.963
131699056,0,0.7047,9,0.09928871566821525,0.5,72.35,72.35,74.09,0.5075,0.0,0.6307826956739183,0.38461538461538464,0.1346303457363603,0.49994999499949994,0.06888417755367103,0.5911602209944751,low,0.9679
177313864,0,0.6241,11,0.3002743140171094,0.5,38.03,44.68,38.03,,0.0,0.5300075018754689,0.5384615384615384,0.4071589939431168,0.49994999499949994,0.036108564443425785,0.6906077348066298,medium,0.9836
112478139,0,0.7496,10,0.18104446617717362,0.5,52.65,52.65,53.47,0.5075,0.0,0.6869217304326082,0.46153846153846156,0.24548796116937102,0.49994999499949994,0.05007067002826802,0.5911602209944751,low,0.875
553116320,0,0.9994,6,0.22833450313139209,0.5,60.03,60.03,60.72,0.5075,0.0,0.9992498124531131,0.15384615384615385,0.30961141056403074,0.49994999499949994,0.05711857284742915,0.5911602209944751,low,1.0
27889556,0,0.7913,7,0.12149206954271521,0.5,75.73,80.99,75.73,0.485,0.0,0.7390597649412352,0.23076923076923078,0.1647372293478398,0.49994999499949994,0.07211207884483155,0.5414364640883977,low,0.9979
27889544,0,0.8452,10,0.013784982204723045,0.5,80.32,86.46,80.32,,0.0,0.8064516129032258,0.46153846153846156,0.018690611303320788,0.49994999499949994,0.07649553059821224,0.6906077348066298,low,1.0
27889544,0,0.8814,14,0.02628290689134618,0.5,213.89,220.39,213.89,,0.0,0.851712928232058,0.7692307692307693,0.035637310709726255,0.49994999499949994,0.20405493162197266,0.6906077348066298,low,0.987
28016796,0,0.8488,11,0.018035981301489614,0.5,166.95,173.2,166.95,,0.0,0.8109527381845462,0.5384615384615384,0.024454800612839587,0.49994999499949994,0.1592272136908855,0.6906077348066298,low,0.9995
28016796,0,0.7835,10,0.07850211088037311,0.5,172.94,172.94,184.27,,0.0,0.7293073268317077,0.46153846153846156,0.1064445187409114,0.49994999499949994,0.1649476659790664,0.6906077348066298,low,0.9897
127222918,0,0.818,9,0.0905282358580667,0.5,218.27,218.27,229.79,,0.0,0.7724431107776942,0.38461538461538464,0.12275147610631895,0.49994999499949994,0.20823783329513335,0.6906077348066298,low,0.9926
128915767,0,0.8494,11,0.1640104510414497,0.5,92.14,92.14,103.46,,0.0,0.8117029257314328,0.5384615384615384,0.22239049967656446,0.49994999499949994,0.08778363511345405,0.6906077348066298,low,0.9951
27880293,0,0.6915,13,0.30232555396541955,0.5,210.93,210.93,218.03,0.5525,0.0,0.6142785696424106,0.6923076923076923,0.4099403954706543,0.49994999499949994,0.20122813049125224,0.6906077348066298,medium,0.9998
27880293,0,0.5618,12,0.33820292420763004,0.5,196.69,208.58,196.69,0.5525,0.0,0.4521130282570642,0.6153846153846154,0.45858871302995435,0.49994999499949994,0.18762892505157003,0.6906077348066298,medium,0.9995
112478141,0,0.4906,15,0.46493235255250875,0.5,200.82,200.82,208.05,,0.0,0.36309077269317325,0.8461538461538461,0.6304288850550701,0.49994999499949994,0.19157307662923068,0.6906077348066298,high,0.9225
106467007,0,0.9231,11,0.12802614687586475,0.321,115.24,115.24,115.66,,0.0,0.9038509627406852,0.5384615384615384,0.17359718387945983,0.3209320932093209,0.10984414393765758,0.6906077348066298,low,0.9999
28797426,0,0.8106,9,0.11934599125751845,0.4645,121.78,121.78,122.72,0.5925,0.0,0.7631907976994249,0.38461538461538464,0.16182723072696714,0.4644464446444645,0.11608984643593859,0.7790055248618785,low,0.9998
106467007,0,0.8899,11,0.1315639650165671,0.5,37.98,37.98,38.75,,0.0,0.8623405851462864,0.5384615384615384,0.17839432757237889,0.49994999499949994,0.03606081442432577,0.6906077348066298,low,0.9999
28797434,0,0.6617,11,0.3326167397099718,0.5,123.54,123.54,130.63,,0.0,0.5770192548137033,0.5384615384615384,0.4510140642875226,0.49994999499949994,0.11777064710825887,0.6906077348066298,medium,0.9981
28016800,0,0.4237,9,0.5556765014189329,0.5,81.95,81.95,87.92,,0.0,0.2794448612153038,0.38461538461538464,0.7534744187967931,0.49994999499949994,0.0780521812208725,0.6906077348066298,medium,0.8473
112478141,0,0.6145,14,0.3648915716663944,0.5,137.88,137.88,144.66,,0.0,0.5180045011252814,0.7692307692307693,0.49477748015633166,0.49994999499949994,0.13146535258614103,0.6906077348066298,medium,0.9996
112478141,0,0.5862,13,0.4341187168906664,0.5,64.13,69.73,64.13,,0.0,0.482620655163791,0.6923076923076923,0.5886467944861733,0.49994999499949994,0.06103407441362977,0.6906077348066298,medium,0.9995
28016800,0,0.5416,10,0.5364311648444364,0.5,117.9,128.54,117.9,,0.0,0.4268567141785446,0.46153846153846156,0.7273784915063867,0.49994999499949994,0.112384444953778,0.6906077348066298,medium,0.9707
27889655,0,0.6211,8,0.3338571424888512,0.5,182.47,193.65,182.47,,0.0,0.5262565641410352,0.3076923076923077,0.45269600217430134,0.49994999499949994,0.17404881961952787,0.6906077348066298,medium,0.9984
28016800,0,0.607,7,0.33035805865552037,0.5,183.7,195.11,183.7,,0.0,0.5086271567891972,0.23076923076923078,0.4479513806944857,0.49994999499949994,0.17522347008938804,0.6906077348066298,medium,0.9972
28797436,0,0.5237,6,0.5366987255729081,0.5,168.04,175.38,168.04,,0.0,0.4044761190297575,0.15384615384615385,0.7277412934396725,0.49994999499949994,0.16026816410726566,0.6906077348066298,medium,0.9952
28019541,0,0.8885,10,0.10411301216377267,0.5,40.11,40.11,45.89,,0.0,0.860590147536884,0.46153846153846156,0.14117190400363747,0.49994999499949994,0.0380949652379861,0.6906077348066298,low,1.0
112478139,0,0.8942,9,0.015009805241062522,0.5,25.53,25.53,26.5,0.5075,0.0,0.8677169292323079,0.38461538461538464,0.020351423665640623,0.49994999499949994,0.024171059668423873,0.5911602209944751,low,1.0
27880293,0,0.7628,12,0.18546310398539512,0.5,197.69,203.53,197.69,0.5525,0.0,0.7034258564641159,0.6153846153846154,0.2514794620464611,0.49994999499949994,0.1885839254335702,0.6906077348066298,medium,0.8539
27880293,0,0.6566,12,0.2729877805673825,0.5,200.73,200.73,206.02,0.5525,0.0,0.5706426606651662,0.6153846153846154,0.3701595166850815,0.49994999499949994,0.19148712659485065,0.6906077348066298,medium,0.9995
28019541,0,0.7752,12,0.24614829898597912,0.5,134.54,134.54,140.76,,0.0,0.7189297324331082,0.6153846153846154,0.33376622435946623,0.49994999499949994,0.12827565131026053,0.6906077348066298,medium,0.8133
27880293,0,0.7921,11,0.13206280656445601,0.5,253.8,260.8,253.8,0.5525,0.0,0.740060015003751,0.5384615384615384,0.17907073729443038,0.49994999499949994,0.2421689968675988,0.6906077348066298,low,0.5205
27880293,0,0.7731,11,0.11453770957606747,0.5,238.3,242.08,238.3,0.5525,0.0,0.7163040760190047,0.5384615384615384,0.1553073879242584,0.49994999499949994,0.22736649094659642,0.6906077348066298,low,0.6133
27880293,0,0.7921,11,0.13206280656445601,0.5,253.8,260.8,253.8,0.5525,0.0,0.740060015003751,0.5384615384615384,0.17907073729443038,0.49994999499949994,0.2421689968675988,0.6906077348066298,low,0.5205
"[27880293, 1014052638]",0,0.8946,12,0.05404907272158809,0.5,213.42,217.41,213.42,0.5525,0.0,0.8682170542635657,0.6153846153846154,0.07328715080655075,0.49994999499949994,0.20360608144243258,0.6906077348066298,low,0.9967
142432588,0,0.9033,12,0.10290334648191274,0.5,237.3,237.3,244.1,,0.0,0.8790947736934234,0.6153846153846154,0.1395316444240077,0.49994999499949994,0.22641149056459625,0.6906077348066298,low,0.9794
142432588,0,0.8552,8,0.1143066347157002,0.5,180.71,180.71,186.93,,0.0,0.8189547386846712,0.3076923076923077,0.1549940594079478,0.49994999499949994,0.1723680189472076,0.6906077348066298,low,0.9993
112478139,0,1.0,10,0.10825577350553274,0.5,69.58,69.58,70.98,0.5075,0.0,1.0,0.46153846153846156,0.14678932713040893,0.49994999499949994,0.0662388264955306,0.5911602209944751,low,1.0
28019572,0,0.8502,6,0.23779181440844369,0.5,124.05,124.05,128.11,,0.0,0.8127031757939484,0.15384615384615385,0.3224351565397561,0.49994999499949994,0.11825769730307893,0.6906077348066298,low,0.9989
106467013,0,1.0,6,0.029196848658886738,0.5,90.57,90.57,93.76,,0.0,1.0,0.15384615384615385,0.03958850232437362,0.49994999499949994,0.08628428451371381,0.6906077348066298,low,1.0
142432577,0,0.9311,7,0.029196848658886738,0.5,111.14,111.14,116.51,,0.0,0.9138534633658415,0.23076923076923078,0.03958850232437362,0.49994999499949994,0.10592864237145697,0.6906077348066298,low,1.0
142432571,0,0.9154,9,0.0587656246141178,0.5,134.23,144.45,134.23,,0.0,0.8942235558889723,0.38461538461538464,0.0796826115859684,0.49994999499949994,0.1279796011918405,0.6906077348066298,low,1.0
28890131,0,0.8541,7,0.16672665558030483,0.2043,85.36,95.45,85.36,,0.0,0.817579394848712,0.23076923076923078,0.22607356730582934,0.20422042204220422,0.08130873252349302,0.6906077348066298,low,1.0
106467007,0,0.9791,11,0.002515039021083506,0.321,204.12,204.12,204.36,,0.0,0.973868467116779,0.5384615384615384,0.003409007017064564,0.3209320932093209,0.1947245778898312,0.6906077348066298,low,1.0
106467007,0,0.866,9,0.0743323173982925,0.5,75.09,75.09,75.57,,0.0,0.832458114528632,0.38461538461538464,0.1007904410840631,0.49994999499949994,0.07150087860035145,0.6906077348066298,low,1.0
27880293,0,0.7731,11,0.11453770957606747,0.5,238.3,242.08,238.3,0.5525,0.0,0.7163040760190047,0.5384615384615384,0.1553073879242584,0.49994999499949994,0.22736649094659642,0.6906077348066298,low,0.6133
27880293,0,0.718,12,0.26501337938339453,0.5,210.88,216.94,210.88,0.5525,0.0,0.6474118529632408,0.6153846153846154,0.359346539074825,0.49994999499949994,0.2011803804721522,0.6906077348066298,medium,0.9972
28019655,0,0.7443,11,0.20756353902192476,0.4845,163.54,168.96,163.54,0.6925,0.0,0.6802950737684421,0.5384615384615384,0.281446791719661,0.48444844484448446,0.15597066238826496,1.0,low,0.9911
28019658,0,0.658,6,0.26835934341730044,0.5,63.68,68.63,63.68,,0.0,0.5723930982745686,0.15384615384615385,0.36388353606664864,0.49994999499949994,0.06060432424172971,0.6906077348066298,low,0.8482
262841093,0,0.9066,8,0.09068237646166173,0.5,87.26,87.26,87.29,0.485,0.0,0.8832208052013002,0.3076923076923077,0.12296048476503194,0.49994999499949994,0.08312323324929331,0.5414364640883977,low,0.9999
28019658,0,0.658,6,0.26835934341730044,0.5,63.68,68.63,63.68,,0.0,0.5723930982745686,0.15384615384615385,0.36388353606664864,0.49994999499949994,0.06060432424172971,0.6906077348066298,low,0.8482
179241838,0,1.0,7,0.14611135559019778,0.5,35.0,35.0,39.09,,0.0,1.0,0.23076923076923078,0.198120022948249,0.49994999499949994,0.03321491328596532,0.6906077348066298,low,1.0
262841093,0,0.8675,8,0.14611135559019778,0.5,22.55,22.55,31.81,0.485,0.0,0.8343335833958488,0.3076923076923077,0.198120022948249,0.49994999499949994,0.021325158530063417,0.5414364640883977,low,0.9997
262841093,0,0.9,7,0.09145132869226401,0.5,129.12,129.12,131.14,0.485,0.0,0.8749687421855463,0.23076923076923078,0.12400315405906676,0.49994999499949994,0.12309954923981971,0.5414364640883977,low,0.9999
28019665,0,0.8441,7,0.19514261534172356,0.5,160.38,160.38,161.46,,0.0,0.8050762690672666,0.23076923076923078,0.26460450268078,0.49994999499949994,0.15295286118114448,0.6906077348066298,low,0.9974
106467014,0,0.9042,11,0.014458243744225168,0.5,159.74,161.96,159.74,0.5525,0.0,0.8802200550137533,0.5384615384615384,0.01960352774488394,0.49994999499949994,0.1523416609366644,0.6906077348066298,low,0.9999
106467014,0,0.8542,9,0.020870603777433952,0.5,3.15,3.15,10.53,0.5525,0.0,0.8177044261065265,0.38461538461538464,0.028298438355503004,0.49994999499949994,0.002798151119260448,0.6906077348066298,low,1.0
196329723,0,0.6829,10,0.23753081822880706,0.5,77.19,86.27,77.19,,0.0,0.6035258814703675,0.46153846153846156,0.3220812558791723,0.49994999499949994,0.07350637940255177,0.6906077348066298,medium,0.6469
30912781,0,0.5096,8,0.5134065014666462,0.513,98.65,105.04,98.65,,0.0,0.3868467116779195,0.3076923076923077,0.6961579441770596,0.512951295129513,0.09400068760027505,0.6906077348066298,medium,0.9974
1015423528,0,0.6964,10,0.3196269118014315,0.5,135.85,140.18,135.85,,0.0,0.6204051012753188,0.46153846153846156,0.4334003632590162,0.49994999499949994,0.12952670181068074,0.6906077348066298,medium,0.9863
28892416,0,0.5044,7,0.5056613632434297,0.4378,140.98,147.67,140.98,,0.0,0.3803450862715678,0.23076923076923078,0.6856558382177881,0.4377437743774378,0.13442585377034152,0.6906077348066298,medium,0.9988
731886505,0,0.5933,9,0.44648794572638256,0.5,136.78,143.06,136.78,,0.0,0.4914978744686172,0.38461538461538464,0.6054189873281005,0.49994999499949994,0.13041485216594087,0.6906077348066298,medium,0.9998
28019672,0,0.3516,9,0.625775780186917,0.4911,166.71,171.25,166.71,,0.0,0.1892973243310828,0.38461538461538464,0.8485263122650218,0.49104910491049103,0.15899801359920546,0.6906077348066298,high,0.9961
311235391,0,0.6127,11,0.39542828359369026,0.5,85.67,86.22,85.67,,0.0,0.5157539384846211,0.5384615384615384,0.5361840729201502,0.49994999499949994,0.08160478264191307,0.6906077348066298,medium,0.9998
311235392,0,0.528,10,0.419897453690859,0.5,3.04,3.04,6.77,,0.0,0.40985246311577894,0.46153846153846156,0.5693633151350405,0.49994999499949994,0.002693101077240431,0.6906077348066298,medium,0.9998
28019673,0,0.4219,6,0.4994068755190868,0.467,155.48,160.23,155.48,,0.0,0.27719429857464367,0.15384615384615385,0.6771749963129765,0.466946694669467,0.14827335930934374,0.6906077348066298,medium,0.993
28892416,0,0.4188,7,0.5211587810436967,0.4388,130.99,130.99,138.89,,0.0,0.2733183295823956,0.23076923076923078,0.7066697335341603,0.4387438743874388,0.12488539995416001,0.6906077348066298,medium,0.9845
261164071,0,0.9334,10,0.0774801333020987,0.5,95.14,95.14,95.33,0.5525,0.0,0.9167291822955739,0.46153846153846156,0.10505875692418036,0.49994999499949994,0.09064863625945452,0.6906077348066298,low,1.0
261273569,0,0.3914,10,0.4887446076160453,0.5,104.7,104.7,106.15,0.5525,0.0,0.23905976494123535,0.46153846153846156,0.6627173760540861,0.49994999499949994,0.09977843991137599,0.6906077348066298,medium,0.8632
129848159,0,0.5784,7,0.5378026483679929,0.5,66.3,66.3,68.51,,0.0,0.4728682170542636,0.23076923076923078,0.7292381697807665,0.49994999499949994,0.0631064252425701,0.6906077348066298,medium,0.9998
261164076,0,0.5452,7,0.4444319896242122,0.5,32.04,32.04,32.09,,0.0,0.43135783945986494,0.23076923076923078,0.6026311908794998,0.49994999499949994,0.030388112155244864,0.6906077348066298,medium,0.9991
261164076,0,0.3924,6,0.5669467108409388,0.4986,79.37,122.76,79.37,,0.0,0.24031007751937988,0.15384615384615385,0.768756384091911,0.49854985498549853,0.07558828023531211,0.6906077348066298,medium,0.9695
129799372,0,0.3944,9,0.4664865484605545,0.5,62.84,104.54,62.84,,0.0,0.24281070267566887,0.38461538461538464,0.6325363142109288,0.49994999499949994,0.059802123920849576,0.6906077348066298,medium,0.994
129479116,0,0.6447,8,0.298068386938259,0.5,30.49,35.05,30.49,,0.0,0.5557639409852464,0.3076923076923077,0.4041678426876015,0.49994999499949994,0.028907861563144628,0.6906077348066298,medium,0.6161
261164076,0,0.4207,7,0.5808070655713301,0.4975,16.48,59.55,16.48,,0.0,0.27569392348087024,0.23076923076923078,0.7875504856065008,0.49744974497449745,0.015528306211322488,0.6906077348066298,medium,0.9907
261164071,0,0.9334,10,0.0774801333020987,0.5,95.14,95.14,95.33,0.5525,0.0,0.9167291822955739,0.46153846153846156,0.10505875692418036,0.49994999499949994,0.09064863625945452,0.6906077348066298,low,1.0
28019679,0,0.4178,9,0.5847258058600076,0.5,155.61,156.13,155.61,,0.0,0.27206801700425104,0.38461538461538464,0.7928641449050775,0.49994999499949994,0.14839750935900378,0.6906077348066298,high,0.872
1118852831,0,0.5202,11,0.3761836105017347,0.5,94.64,96.0,94.64,0.5325,0.0,0.4001000250062515,0.5384615384615384,0.510089045286244,0.49994999499949994,0.09017113606845444,0.6464088397790054,medium,0.9997
261164070,0,0.4308,12,0.4821432259782312,0.5,56.32,58.94,56.32,0.5325,0.0,0.28832208052013003,0.6153846153846154,0.6537661595050906,0.49994999499949994,0.05357552143020858,0.6464088397790054,medium,0.864
1118852830,0,0.5017,9,0.45268772942705576,0.5,70.98,75.14,70.98,,0.0,0.37696924231057766,0.38461538461538464,0.6138256527061128,0.49994999499949994,0.06757582703033083,0.6906077348066298,medium,0.9997
1118852831,0,0.5202,11,0.37618361050173477,0.5,94.64,96.0,94.64,0.5325,0.0,0.4001000250062515,0.5384615384615384,0.510089045286244,0.49994999499949994,0.09017113606845444,0.6464088397790054,medium,0.9997
261164070,0,0.388,11,0.511703998749952,0.5,51.99,51.99,55.25,0.5325,0.0,0.2348087021755439,0.5384615384615384,0.6938494167613609,0.49994999499949994,0.04944036977614792,0.6464088397790054,medium,0.6558
261164070,0,0.4308,12,0.4821432259782312,0.5,56.32,58.94,56.32,0.5325,0.0,0.28832208052013003,0.6153846153846154,0.6537661595050906,0.49994999499949994,0.05357552143020858,0.6464088397790054,medium,0.864
27880376,0,0.4112,9,0.5347330579227038,0.5,3.1,3.1,5.41,,0.0,0.2638159539884971,0.38461538461538464,0.7250759246175542,0.49994999499949994,0.0027504011001604402,0.6906077348066298,medium,0.991
30912495,0,0.8908,7,0.09168846649632967,0.5,107.46,107.46,115.23,,0.0,0.8634658664666167,0.23076923076923078,0.12432470369103862,0.49994999499949994,0.10241424096569639,0.6906077348066298,low,1.0
129479116,0,0.7857,7,0.19620235715916945,0.5,137.33,137.33,145.15,,0.0,0.7320580145036257,0.23076923076923078,0.266041471335894,0.49994999499949994,0.13094010237604098,0.6906077348066298,low,0.9919
27880369,0,0.4045,8,0.566396875174806,0.5,176.67,176.67,183.99,0.5925,0.0,0.25543885971492875,0.3076923076923077,0.7680108283304136,0.49994999499949994,0.16850981740392698,0.7790055248618785,medium,0.6263
28019700,0,0.2909,10,0.61522882747489,0.5,158.82,158.82,168.7,,0.0,0.11340335083770942,0.46153846153846156,0.8342250549166238,0.49994999499949994,0.15146306058522424,0.6906077348066298,high,0.9995
28019700,0,0.4331,10,0.6088119677608023,0.5273,151.91,151.91,160.82,,0.0,0.29119779944986246,0.46153846153846156,0.8255240429138782,0.5272527252725272,0.1448640079456032,0.6906077348066298,high,0.9755
261273569,0,0.4751,11,0.37510463110879405,0.6021,166.5,166.5,177.49,0.5525,0.0,0.343710927731933,0.5384615384615384,0.5086259912275616,0.6020602060206021,0.15879746351898544,0.6906077348066298,medium,0.9877
261273569,0,0.4064,12,0.42860245209527076,0.5,103.08,103.08,114.07,0.5525,0.0,0.2578144536134033,0.6153846153846154,0.5811669541384584,0.49994999499949994,0.09823133929253573,0.6906077348066298,medium,0.9395
28019717,0,0.2997,10,0.6193821632740547,0.5,99.27,99.27,106.45,0.5925,0.0,0.12440610152538138,0.46153846153846156,0.8398568165960362,0.49994999499949994,0.09459278783711514,0.7790055248618785,high,0.9801
129848159,0,0.4067,10,0.5013403615903188,0.5,164.89,164.89,165.82,,0.0,0.2581895473868467,0.46153846153846156,0.6797967281666427,0.49994999499949994,0.15725991290396515,0.6906077348066298,high,0.5368
129479116,0,0.7362,7,0.25042021040013007,0.5,93.4,93.4,100.72,,0.0,0.6701675418854713,0.23076923076923078,0.33955876995736817,0.49994999499949994,0.08898693559477425,0.6906077348066298,low,0.9475
28019717,0,0.3556,7,0.5960151537856051,0.5,135.03,142.27,135.03,0.5925,0.0,0.19429857464366096,0.23076923076923078,0.8081720612661195,0.49994999499949994,0.1287436014974406,0.7790055248618785,medium,0.5796
129479116,0,0.7737,6,0.22206835970589436,0.5,97.25,97.25,101.32,,0.0,0.7170542635658915,0.15384615384615385,0.3011147639821392,0.49994999499949994,0.09266368706547484,0.6906077348066298,low,0.9966
28019722,0,0.5482,6,0.4488592089293157,0.5,139.1,160.54,139.1,,0.0,0.4351087771942986,0.15384615384615385,0.6086343279323361,0.49994999499949994,0.13263045305218124,0.6906077348066298,medium,0.9999
129848159,0,0.577,7,0.4495792150989843,0.5,157.63,157.63,161.51,,0.0,0.47111777944486116,0.23076923076923078,0.6096106282729191,0.49994999499949994,0.15032661013064408,0.6906077348066298,medium,0.9999
28019725,0,0.4687,6,0.4837968681475157,0.5,107.1,107.1,109.82,,0.0,0.33570892723180795,0.15384615384615385,0.6560084339203474,0.49994999499949994,0.10207044082817633,0.6906077348066298,medium,0.9996
129848159,0,0.653,6,0.4534420092589228,0.5,112.44,112.44,116.01,,0.0,0.5661415353838459,0.15384615384615385,0.6148484267985704,0.49994999499949994,0.10717014286805716,0.6906077348066298,medium,0.9952
129479116,0,0.7211,7,0.26907285114379215,0.4425,40.4,40.4,45.23,,0.0,0.6512878219554887,0.23076923076923078,0.3648510247712289,0.44244424442444247,0.03837191534876614,0.6906077348066298,low,0.98
27889356,0,0.3472,12,0.5239424548820804,0.5,103.37,140.42,103.37,,0.0,0.18379594898724683,0.6153846153846154,0.7104442869074138,0.49994999499949994,0.09850828940331578,0.6906077348066298,high,0.9337
27889356,0,0.4163,11,0.4947154076795894,0.5,99.81,102.87,99.81,,0.0,0.27019254813703425,0.5384615384615384,0.6708135485331,0.49994999499949994,0.09510848804339524,0.6906077348066298,medium,0.8087
28019731,0,0.4389,9,0.6060436895486551,0.5,101.05,102.71,101.05,,0.0,0.2984496124031008,0.38461538461538464,0.8217703654105426,0.49994999499949994,0.09629268851707541,0.6906077348066298,high,0.6219
261164076,0,0.3507,7,0.5186518735073292,0.5,74.74,74.89,74.74,,0.0,0.1881720430107527,0.23076923076923078,0.7032704644936015,0.49994999499949994,0.0711666284666514,0.6906077348066298,medium,0.9689
27880376,0,0.4528,6,0.46193299320962605,0.5,152.76,152.76,152.79,,0.0,0.3158289572393098,0.15384615384615385,0.6263618705330486,0.49994999499949994,0.14567575827030332,0.6906077348066298,medium,0.999
28019731,0,0.4521,9,0.5864208312908818,0.5,131.33,132.39,131.33,,0.0,0.31495373843460867,0.38461538461538464,0.7951625334122499,0.49994999499949994,0.12521010008404007,0.6906077348066298,high,0.5781
261164076,0,0.7956,6,0.14067500381442238,0.5,98.53,98.72,98.53,,0.0,0.7444361090272567,0.15384615384615385,0.19074854154460835,0.49994999499949994,0.09388608755443503,0.6906077348066298,low,0.9998
28019725,0,0.517,6,0.5038824720092794,0.4632,84.57,109.51,84.57,,0.0,0.396099024756189,0.15384615384615385,0.6832437309457622,0.46314631463146316,0.08055428222171289,0.6906077348066298,medium,0.9999
28019733,0,0.4932,6,0.5505505419321276,0.4795,108.16,108.16,109.39,,0.0,0.3663415853963491,0.15384615384615385,0.7465238172553005,0.47944794479447944,0.1030827412330965,0.6906077348066298,medium,0.9978
28019736,0,0.3909,8,0.5534128104040306,0.5,89.25,92.29,89.25,,0.0,0.23843460865216307,0.3076923076923077,0.7504049418923923,0.49994999499949994,0.08502368400947362,0.6906077348066298,medium,0.8431
28019679,0,0.4153,8,0.5753671879652922,0.498,17.04,17.04,17.98,,0.0,0.26894223555888974,0.3076923076923077,0.7801742233142633,0.49794979497949793,0.01606310642524257,0.6906077348066298,medium,0.9769
28019736,0,0.4991,7,0.5345250661855602,0.5,125.59,125.59,130.77,,0.0,0.3737184296074018,0.23076923076923078,0.7247938959178485,0.49994999499949994,0.11972839789135917,0.6906077348066298,medium,0.9942
28019752,0,0.3936,7,0.5566106085056386,0.5,135.37,135.37,142.06,0.6925,0.0,0.2418104526131533,0.23076923076923078,0.754741031647224,0.49994999499949994,0.12906830162732066,1.0,medium,0.9993
28019689,0,0.3581,10,0.6217620519880478,0.5,130.84,134.6,130.84,,0.0,0.19742435608902223,0.46153846153846156,0.8430838530575301,0.49994999499949994,0.12474214989685997,0.6906077348066298,high,0.9944
28019736,0,0.3808,7,0.5434391857573834,0.5,46.96,52.34,46.96,,0.0,0.22580645161290325,0.23076923076923078,0.7368810950844535,0.49994999499949994,0.04463671785468715,0.6906077348066298,medium,0.984
28019691,0,0.3532,9,0.6010541361799158,0.5,106.69,106.69,107.23,,0.0,0.19129782445611404,0.38461538461538464,0.8150047252556818,0.49994999499949994,0.10167889067155628,0.6906077348066298,high,0.9397
28019691,0,0.5135,8,0.4762347154654362,0.4508,5.95,5.95,9.34,,0.0,0.3917229307326831,0.3076923076923077,0.6457544492323367,0.4507450745074507,0.005472152188860877,0.6906077348066298,medium,0.9998
30912330,0,0.7846,10,0.13815500663333616,0.2178,70.64,74.94,70.64,0.5075,0.0,0.7306826706676669,0.46153846153846156,0.18733152345531176,0.21772177217721772,0.06725112690045076,0.5911602209944751,low,0.9985
44532645,0,0.8247,10,0.0680678194683365,0.4706,84.79,84.79,92.34,0.5075,0.0,0.7808202050512628,0.46153846153846156,0.09229602573007697,0.4705470547054706,0.08076438230575293,0.5911602209944751,low,0.9991
27880369,0,0.4637,8,0.4749422169823922,0.4498,48.22,48.22,54.02,0.5925,0.0,0.32945736434108525,0.3076923076923077,0.6440018715984815,0.4497449744974497,0.045840018336007336,0.7790055248618785,medium,0.9999
44532642,0,0.5833,10,0.3195298994371098,0.3237,48.41,60.16,48.41,,0.0,0.47899474868717185,0.46153846153846156,0.4332688182691009,0.3236323632363236,0.04602146840858737,0.6906077348066298,medium,0.9729
27880369,0,0.3254,8,0.5546462809579817,0.5,166.94,166.94,174.08,0.5925,0.0,0.15653913478369597,0.3076923076923077,0.7520774799519979,0.49994999499949994,0.1592176636870655,0.7790055248618785,high,0.6908
28019752,0,0.4887,9,0.5435358874768296,0.4654,151.77,151.77,158.75,0.6925,0.0,0.36071517879469867,0.38461538461538464,0.7370122188520092,0.4653465346534653,0.14473030789212318,1.0,medium,0.9997
886638320,0,0.7739,10,0.194626715751495,0.3508,123.68,123.68,130.34,0.5075,0.0,0.7173043260815204,0.46153846153846156,0.26390496291728244,0.3507350735073507,0.11790434716173888,0.5911602209944751,low,0.8525
886638320,0,0.824,10,0.14491520820610534,0.2206,155.25,155.25,156.82,0.5075,0.0,0.7799449862465615,0.46153846153846156,0.1964980936542064,0.22052205220522053,0.1480537092214837,0.5911602209944751,low,0.9942
261273569,0,0.5752,10,0.31878848199393905,0.6847,136.81,136.81,139.56,0.5525,0.0,0.46886721680420107,0.46153846153846156,0.4322634850750604,0.6846684668466847,0.1304435021774009,0.6906077348066298,medium,0.9999
28019752,0,0.363,8,0.5666193037545321,0.5,189.18,189.18,193.41,0.6925,0.0,0.20355088772193047,0.3076923076923077,0.7683124328267221,0.49994999499949994,0.1804568721827489,1.0,medium,0.9667
261273569,0,0.4751,11,0.3751046311087941,0.6021,166.5,166.5,177.49,0.5525,0.0,0.343710927731933,0.5384615384615384,0.5086259912275616,0.6020602060206021,0.15879746351898544,0.6906077348066298,medium,0.9877
27880369,0,0.5159,8,0.4744183546937026,0.5,97.17,97.17,104.61,0.5925,0.0,0.3947236809202301,0.3076923076923077,0.6432915347258105,0.49994999499949994,0.09258728703491483,0.7790055248618785,medium,0.9999
28019792,0,0.4476,8,0.5450796880439742,0.5,72.5,72.5,78.92,,0.0,0.30932733183295824,0.3076923076923077,0.7391055523302339,0.49994999499949994,0.06902742761097105,0.6906077348066298,medium,0.9828
28019792,0,0.5125,9,0.5318297356869568,0.4003,95.32,95.32,101.09,,0.0,0.39047261815453854,0.38461538461538464,0.7211391326746648,0.4002400240024002,0.09082053632821453,0.6906077348066298,medium,0.9972
886638320,0,0.7678,11,0.1944086229493338,0.3498,53.37,53.37,56.31,0.5075,0.0,0.7096774193548387,0.5384615384615384,0.2636092375665862,0.3497349734973497,0.05075827030330812,0.5911602209944751,low,0.9319
886638320,0,0.7739,10,0.194626715751495,0.3508,123.68,123.68,130.34,0.5075,0.0,0.7173043260815204,0.46153846153846156,0.26390496291728244,0.3507350735073507,0.11790434716173888,0.5911602209944751,low,0.8525
28019736,0,0.3814,8,0.58809377885651,0.5,90.95,90.95,93.19,,0.0,0.22655663915978996,0.3076923076923077,0.7974309851935062,0.49994999499949994,0.08664718465887387,0.6906077348066298,high,0.5026
28019792,0,0.4437,9,0.5417505281252549,0.5,163.86,163.86,166.24,,0.0,0.30445111277819453,0.38461538461538464,0.7345913410645207,0.49994999499949994,0.15627626251050503,0.6906077348066298,medium,0.5562
261273569,0,0.5752,10,0.31878848199393905,0.6847,136.81,136.81,139.56,0.5525,0.0,0.46886721680420107,0.46153846153846156,0.4322634850750604,0.6846684668466847,0.1304435021774009,0.6906077348066298,medium,0.9999
261273569,0,0.3914,10,0.4887446076160453,0.5,104.7,104.7,106.15,0.5525,0.0,0.23905976494123535,0.46153846153846156,0.6627173760540861,0.49994999499949994,0.09977843991137599,0.6906077348066298,medium,0.8632
23015256,0,0.5961,9,0.4922200668126666,0.4927,107.16,111.01,107.16,0.5925,0.0,0.4949987496874218,0.38461538461538464,0.667429963446088,0.4926492649264927,0.10212774085109635,0.7790055248618785,medium,0.9998
886638320,0,0.7683,10,0.15665007872041795,0.5,91.02,96.39,91.02,0.5075,0.0,0.710302575643911,0.46153846153846156,0.21241012130404488,0.49994999499949994,0.08671403468561388,0.5911602209944751,low,0.8989
1435268773,0,0.8288,11,0.1925548582797937,0.4585,41.22,46.14,41.22,0.5075,0.0,0.7859464866216554,0.5384615384615384,0.261095604830542,0.4584458445844585,0.03915501566200627,0.5911602209944751,low,0.9781
23015256,0,0.4415,10,0.47652636124612735,0.4736,82.94,82.94,84.62,0.5925,0.0,0.30170042510627654,0.46153846153846156,0.6461499095589467,0.47354735473547355,0.07899763159905265,0.7790055248618785,medium,0.9984
886638320,0,0.7653,10,0.1524251753367989,0.5,99.7,106.03,99.7,0.5075,0.0,0.7065516379094773,0.46153846153846156,0.20668131676580576,0.49994999499949994,0.09500343800137521,0.5911602209944751,low,0.8789
886638320,0,0.7683,10,0.15665007872041792,0.5,91.02,96.39,91.02,0.5075,0.0,0.710302575643911,0.46153846153846156,0.21241012130404482,0.49994999499949994,0.08671403468561388,0.5911602209944751,low,0.8989
172906544,0,0.6369,10,0.417246008384816,0.3431,61.75,61.75,62.13,0.5925,0.0,0.546011502875719,0.46153846153846156,0.5657680585047834,0.3430343034303431,0.05876117350446941,0.7790055248618785,medium,0.9785
254195597,0,0.7764,8,0.2331013052251798,0.4708,44.91,49.24,44.91,0.5925,0.0,0.7204301075268817,0.3076923076923077,0.31607500866041766,0.47074707470747074,0.04267896707158683,0.7790055248618785,low,0.9991
23015256,0,0.4514,7,0.4784354453100538,0.5,87.74,92.82,87.74,0.5925,0.0,0.3140785196299075,0.23076923076923078,0.6487385532405291,0.49994999499949994,0.08358163343265337,0.7790055248618785,medium,0.9999
254195597,0,0.4985,7,0.4773993744374451,0.5,108.65,114.35,108.65,0.5925,0.0,0.3729682420605151,0.23076923076923078,0.6473336814652476,0.49994999499949994,0.10355069142027659,0.7790055248618785,medium,0.9999
28019717,0,0.5191,8,0.5210504003436349,0.5,156.87,163.3,156.87,0.5925,0.0,0.3987246811702926,0.3076923076923077,0.7065227735234819,0.49994999499949994,0.14960080984032395,0.7790055248618785,medium,0.9975
28019807,0,0.5173,9,0.5486045857503989,0.5,110.18,112.46,110.18,0.5925,0.0,0.3964741185296324,0.38461538461538464,0.7438851764171869,0.49994999499949994,0.10501184200473682,0.7790055248618785,medium,0.9952
254195597,0,0.4111,8,0.4779103559597855,0.5,39.91,42.86,39.91,0.5925,0.0,0.2636909227306827,0.3076923076923077,0.6480265525201194,0.49994999499949994,0.03790396516158607,0.7790055248618785,medium,0.9998
28019700,0,0.5044,9,0.5551111941926081,0.4672,206.48,212.4,206.48,,0.0,0.3803450862715678,0.38461538461538464,0.7527078842018896,0.4671467146714672,0.19697837879135152,0.6906077348066298,medium,0.5931
886638320,0,0.824,10,0.14491520820610534,0.2206,155.25,155.25,156.82,0.5075,0.0,0.7799449862465615,0.46153846153846156,0.1964980936542064,0.22052205220522053,0.1480537092214837,0.5911602209944751,low,0.9942
886638320,0,0.7653,10,0.15242517533679886,0.5,99.7,106.03,99.7,0.5075,0.0,0.7065516379094773,0.46153846153846156,0.2066813167658057,0.49994999499949994,0.09500343800137521,0.5911602209944751,low,0.8789
254195597,0,0.5176,7,0.46068581922274066,0.5,32.88,32.88,35.66,0.5925,0.0,0.3968492123030757,0.23076923076923078,0.624670751151776,0.49994999499949994,0.031190312476125,0.7790055248618785,medium,0.9988
72136985,0,0.3881,9,0.5714456028962606,0.5,88.65,88.65,88.79,0.5925,0.0,0.23493373343335833,0.38461538461538464,0.7748567066042564,0.49994999499949994,0.08445068378027352,0.7790055248618785,medium,0.8417
23009302,0,0.5137,11,0.3634866792354967,0.3225,183.47,184.07,183.47,0.5525,0.0,0.39197299324831214,0.5384615384615384,0.49287250070400385,0.32243224322432246,0.17500382000152803,0.6906077348066298,medium,0.9999
261273568,0,0.6311,10,0.2911298808687069,0.3219,118.99,118.99,124.34,0.5525,0.0,0.5387596899224806,0.46153846153846156,0.3947594985313854,0.32183218321832185,0.11342539537015815,0.6906077348066298,medium,0.9612
23009302,0,0.5137,11,0.3634866792354967,0.3225,183.47,184.07,183.47,0.5525,0.0,0.39197299324831214,0.5384615384615384,0.49287250070400385,0.32243224322432246,0.17500382000152803,0.6906077348066298,medium,0.9999
23009302,0,0.7917,11,0.23234752267755315,0.5,131.33,131.79,131.33,0.5525,0.0,0.739559889972493,0.5384615384615384,0.3150529088660337,0.49994999499949994,0.12521010008404007,0.6906077348066298,low,0.6074
28019807,0,0.5517,10,0.4069153024187358,0.5,104.16,106.51,104.16,0.5925,0.0,0.4394848712178044,0.46153846153846156,0.5517600233267106,0.49994999499949994,0.09926273970509589,0.7790055248618785,medium,0.9998
260660817,0,0.7909,10,0.23246642935779574,0.0015,144.18,148.81,144.18,0.5925,0.0,0.7385596399099774,0.46153846153846156,0.31521414169612444,0.0014001400140014,0.13748185499274201,0.7790055248618785,low,0.9994
769579725,0,0.604,8,0.2238927404021656,0.5792,130.74,131.86,130.74,0.5075,0.0,0.5048762190547637,0.3076923076923077,0.3035885531941713,0.5791579157915792,0.12464664985865996,0.5911602209944751,medium,0.9921
28019796,0,0.5128,7,0.315487854519317,0.5,92.23,92.23,98.15,0.5925,0.0,0.390847711927982,0.23076923076923078,0.4277879626929475,0.49994999499949994,0.08786958514783408,0.7790055248618785,medium,0.9844
28019796,0,0.8794,8,0.012550201619993545,0.5,96.27,101.07,96.27,0.5925,0.0,0.8492123030757689,0.3076923076923077,0.017016296892971242,0.49994999499949994,0.09172778669111468,0.7790055248618785,low,1.0
28797641,0,0.6054,7,0.3419538664692202,0.5,76.93,79.11,76.93,0.5925,0.0,0.5066266566641661,0.23076923076923078,0.46367484473516357,0.49994999499949994,0.07325807930323174,0.7790055248618785,medium,0.8479
28019812,0,0.7672,9,0.2574379560131383,0.5,81.85,86.51,81.85,0.5925,0.0,0.7089272318079519,0.38461538461538464,0.3490745598501943,0.49994999499949994,0.07795668118267247,0.7790055248618785,low,0.9771
254195597,0,0.7909,8,0.22862027314834948,0.5,116.13,119.38,116.13,0.5925,0.0,0.7385596399099774,0.3076923076923077,0.3099989035837257,0.49994999499949994,0.11069409427763773,0.7790055248618785,low,0.995
23009302,0,0.8371,11,0.02975197364499679,0.5,80.96,81.31,80.96,0.5525,0.0,0.796324081020255,0.5384615384615384,0.04034123019787899,0.49994999499949994,0.07710673084269234,0.6906077348066298,low,0.9999
23009302,0,0.7917,11,0.23234752267755315,0.5,131.33,131.79,131.33,0.5525,0.0,0.739559889972493,0.5384615384615384,0.3150529088660337,0.49994999499949994,0.12521010008404007,0.6906077348066298,low,0.6074
28019818,0,0.6508,7,0.3065397491935621,0.5,169.12,174.49,169.12,0.5925,0.0,0.563390847711928,0.23076923076923078,0.415654680166871,0.49994999499949994,0.16129956451982583,0.7790055248618785,medium,0.8612
254195597,0,0.6883,8,0.2574400082717336,0.5,116.08,121.82,116.08,0.5925,0.0,0.6102775693923481,0.3076923076923077,0.3490773426329675,0.49994999499949994,0.11064634425853771,0.7790055248618785,low,0.7914
23009302,0,0.7999,11,0.241430409220698,0.5,56.82,57.0,56.82,0.5525,0.0,0.7498124531132784,0.5384615384615384,0.32736894947667294,0.49994999499949994,0.054053021621208654,0.6906077348066298,low,0.9216
23009302,0,0.6905,9,0.13667683148212345,0.5802,12.23,12.23,13.18,0.5525,0.0,0.613028257064266,0.38461538461538464,0.1853271754866901,0.5801580158015802,0.011469554587821836,0.6906077348066298,low,0.9898
28019818,0,0.7648,9,0.31111807988516554,0.5,50.81,56.54,50.81,0.5925,0.0,0.705926481620405,0.38461538461538464,0.4218627183779484,0.49994999499949994,0.048313469325387735,0.7790055248618785,low,0.949
28019812,0,0.566,7,0.5326622967626229,0.5,174.68,177.62,174.68,0.5925,0.0,0.45736434108527124,0.23076923076923078,0.7222680530866984,0.49994999499949994,0.16660936664374668,0.7790055248618785,medium,0.9992
28019824,0,0.5072,7,0.48844032122004594,0.5,113.91,118.07,113.91,,0.0,0.38384596149037253,0.23076923076923078,0.6623047755451409,0.49994999499949994,0.10857399342959738,0.6906077348066298,medium,0.9995
28019807,0,0.4787,10,0.5123642535167958,0.1112,73.41,78.46,73.41,0.5925,0.0,0.3482120530132533,0.46153846153846156,0.6947446965254745,0.1111111111111111,0.06989647795859119,0.7790055248618785,medium,0.9999
28019824,0,0.5072,7,0.48844032122004605,0.5,113.91,118.07,113.91,,0.0,0.38384596149037253,0.23076923076923078,0.662304775545141,0.49994999499949994,0.10857399342959738,0.6906077348066298,medium,0.9995
413131899,0,0.4249,8,0.5182584055071368,0.2478,73.09,75.44,73.09,,0.0,0.28094523630907725,0.3076923076923077,0.7027369372006712,0.24772477247724772,0.06959087783635115,0.6906077348066298,medium,0.9995
72136985,0,0.5385,7,0.46531674523655847,0.4999,80.13,80.13,80.15,0.5925,0.0,0.4229807451862965,0.23076923076923078,0.630950106572558,0.49984998499849986,0.07631408052563221,0.7790055248618785,medium,0.9995
444159095,0,0.3742,11,0.4703777139440976,0.5574,36.93,36.93,69.9,0.5075,0.0,0.21755438859714926,0.5384615384615384,0.6378125831470639,0.5573557355735573,0.035058064023225616,0.5911602209944751,medium,0.6428
444159095,0,0.7438,10,0.23362107272081034,0.0478,87.66,87.66,127.64,0.5075,0.0,0.6796699174793699,0.46153846153846156,0.3167797931530862,0.0477047704770477,0.08350523340209337,0.5911602209944751,low,0.9732
28019812,0,0.6277,8,0.49490135893653997,0.3932,150.29,150.29,153.72,0.5925,0.0,0.5345086271567893,0.3076923076923077,0.6710656911995667,0.3931393139313931,0.14331690732676294,0.7790055248618785,medium,0.9995
444159095,0,0.7438,10,0.2336210727208104,0.0478,87.66,87.66,127.64,0.5075,0.0,0.6796699174793699,0.46153846153846156,0.31677979315308624,0.0477047704770477,0.08350523340209337,0.5911602209944751,low,0.9732
444159095,0,0.9382,10,0.05359488551192895,0.5,87.43,96.33,87.43,0.5075,0.0,0.9227306826706676,0.46153846153846156,0.07267129062901537,0.49994999499949994,0.08328558331423334,0.5911602209944751,low,1.0
28019833,0,0.4943,12,0.4492148072820141,0.0031,60.98,60.98,78.35,,0.0,0.3677169292323081,0.6153846153846154,0.6091165054573009,0.0030003000300030005,0.058025823210329286,0.6906077348066298,medium,0.9999
28019833,0,0.4692,12,0.48881045693492675,0.0158,71.73,78.21,71.73,,0.0,0.33633408352088023,0.6153846153846154,0.6628066651673734,0.015701570157015704,0.06829207731683094,0.6906077348066298,medium,0.9999
635546314,0,0.6297,10,0.35837139482739305,0.5,131.63,131.63,145.4,,0.0,0.5370092523130783,0.46153846153846156,0.4859363741537143,0.49994999499949994,0.1254966001986401,0.6906077348066298,medium,0.9993
27875240,0,0.624,10,0.3404718682110368,0.2539,34.27,69.45,34.27,,0.0,0.5298824706176544,0.46153846153846156,0.4616653127823001,0.2538253825382539,0.03251776300710521,0.6906077348066298,medium,0.8716
28019833,0,0.7442,12,0.22168804522827867,0.5,81.17,112.02,81.17,,0.0,0.6801700425106276,0.6153846153846154,0.30059907235383587,0.49994999499949994,0.07730728092291238,0.6906077348066298,medium,0.5508
28019833,0,0.4943,12,0.449214807282014,0.0031,60.98,60.98,78.35,,0.0,0.3677169292323081,0.6153846153846154,0.6091165054573008,0.0030003000300030005,0.058025823210329286,0.6906077348066298,medium,0.9999
44532652,0,0.8319,11,0.08262166580226668,0.3479,88.44,88.44,92.7,0.3825,0.0,0.7898224556139033,0.5384615384615384,0.11203047486562955,0.34783478347834784,0.08425013370005349,0.31491712707182323,low,0.8659
28019833,0,0.7442,12,0.22168804522827867,0.5,81.17,112.02,81.17,,0.0,0.6801700425106276,0.6153846153846154,0.30059907235383587,0.49994999499949994,0.07730728092291238,0.6906077348066298,medium,0.5508
44532652,0,0.935,11,0.009214015969305284,0.5,81.71,85.81,81.71,0.3825,0.0,0.9187296824206053,0.5384615384615384,0.012492559008177407,0.49994999499949994,0.07782298112919246,0.31491712707182323,low,0.9973
28019835,0,0.6645,8,0.24934778898622403,0.1036,68.14,68.14,74.57,,0.0,0.580520130032508,0.3076923076923077,0.3381046082629942,0.1035103510351035,0.06486362594545039,0.6906077348066298,low,0.9875
635546314,0,0.7154,8,0.2495900606832222,0.5,139.54,139.54,145.57,,0.0,0.644161040260065,0.3076923076923077,0.33843311925395114,0.49994999499949994,0.1330506532202613,0.6906077348066298,low,0.5279
27875240,0,0.748,10,0.28547546992594985,0.0907,57.8,57.8,58.38,,0.0,0.6849212303075769,0.46153846153846156,0.3870923373850428,0.09060906090609061,0.054988921995568804,0.6906077348066298,low,0.9879
109230060,0,0.9087,9,0.008434716153101889,0.5,21.51,25.28,21.51,,0.0,0.8858464616154037,0.38461538461538464,0.011435858790836419,0.49994999499949994,0.020331958132783257,0.6906077348066298,low,1.0
28019840,0,0.5544,7,0.4577981790861985,0.5,76.52,83.27,76.52,,0.0,0.44286071517879466,0.23076923076923078,0.6207552235249989,0.49994999499949994,0.07286652914661167,0.6906077348066298,medium,0.9998
635546314,0,0.9592,7,0.0395367968866112,0.5,110.87,113.1,110.87,,0.0,0.948987246811703,0.23076923076923078,0.053609069649490616,0.49994999499949994,0.10567079226831692,0.6906077348066298,low,1.0
28019835,0,0.4973,9,0.47979005928698015,0.2543,116.88,125.39,116.88,,0.0,0.37146786696674167,0.38461538461538464,0.6505753570663081,0.2542254225422543,0.11141034456413783,0.6906077348066298,medium,0.9998
72133571,0,0.6315,10,0.26227638890860744,0.3923,6.62,6.62,13.18,0.5525,0.0,0.5392598149537383,0.46153846153846156,0.3556352865255072,0.39223922392239224,0.006112002444800979,0.6906077348066298,low,0.5207
72133571,0,0.6938,11,0.14499146128320842,0.0212,48.22,48.27,48.22,0.5525,0.0,0.6171542885721429,0.5384615384615384,0.19660148985868683,0.021102110211021104,0.045840018336007336,0.6906077348066298,low,0.9991
28019833,0,0.4692,12,0.48881045693492675,0.0158,71.73,78.21,71.73,,0.0,0.33633408352088023,0.6153846153846154,0.6628066651673734,0.015701570157015704,0.06829207731683094,0.6906077348066298,medium,0.9999
72133571,0,0.6938,11,0.14499146128320842,0.0212,48.22,48.27,48.22,0.5525,0.0,0.6171542885721429,0.5384615384615384,0.19660148985868683,0.021102110211021104,0.045840018336007336,0.6906077348066298,low,0.9991
72133571,0,0.6333,11,0.21873927312000968,0.1481,17.34,17.34,20.13,0.5525,0.0,0.5415103775943986,0.5384615384615384,0.2966006521528954,0.14801480148014803,0.016349606539842618,0.6906077348066298,low,0.9306
72136975,0,0.9699,12,0.004687128330190816,0.5,96.38,96.38,97.73,0.3825,0.0,0.9623655913978495,0.6153846153846154,0.006354275573908004,0.49994999499949994,0.09183283673313469,0.31491712707182323,low,0.9969
261273571,0,0.9118,9,0.12009146390909325,0.4957,110.55,110.55,125.45,0.5925,0.0,0.8897224306076519,0.38461538461538464,0.16283806262575878,0.49564956495649565,0.10536519214607687,0.7790055248618785,low,1.0
"[1118384845, 44532653]",0,0.9258,13,0.01376457271080662,0.2526,73.59,73.59,86.85,0.4625,0.0,0.9072268067016753,0.6923076923076923,0.01866293682398833,0.25252525252525254,0.07006837802735122,0.4917127071823205,low,0.9999
28019851,0,0.4711,8,0.5007565953928117,0.0123,68.26,68.26,77.24,,0.0,0.33870967741935487,0.3076923076923077,0.6790051639253121,0.012201220122012201,0.06497822599129041,0.6906077348066298,medium,0.9997
635546314,0,0.5659,8,0.40973934621461394,0.0092,113.97,113.97,142.02,,0.0,0.4572393098274568,0.3076923076923077,0.5555893167909683,0.009100910091009102,0.10863129345251739,0.6906077348066298,medium,0.9774
27875240,0,0.5925,10,0.3655916390028876,0.0123,10.57,10.57,13.14,,0.0,0.4904976244061015,0.46153846153846156,0.49572674421522706,0.012201220122012201,0.009884253953701582,0.6906077348066298,medium,0.654
28019851,0,0.5711,8,0.424031997176455,0.2494,61.72,67.67,61.72,,0.0,0.4637409352338085,0.3076923076923077,0.5749695951687249,0.24932493249324936,0.058732523493009406,0.6906077348066298,medium,0.9927
44532648,0,0.8078,12,0.1890997213903256,0.1516,39.23,46.52,39.23,0.5525,0.0,0.75968992248062,0.6153846153846154,0.25641057369601533,0.15151515151515155,0.037254564901825965,0.6906077348066298,low,0.9993
826847689,0,0.7954,10,0.2258363635551705,0.3498,59.38,59.38,75.82,,0.0,0.7441860465116278,0.46153846153846156,0.30622403053614616,0.3497349734973497,0.05649782259912905,0.6906077348066298,low,0.9938
635546314,0,0.521,8,0.45332758270234946,0.0123,97.66,97.66,101.42,,0.0,0.4011002750687672,0.3076923076923077,0.6146932688417911,0.012201220122012201,0.0930552372220949,0.6906077348066298,medium,0.9976
44532647,0,0.4286,9,0.5181460705228081,0.0024,69.45,69.45,69.59,,0.0,0.28557139284821204,0.38461538461538464,0.7025846153344435,0.0023002300230023,0.06611467644587059,0.6906077348066298,medium,0.9999
44532650,0,0.6449,13,0.331975829272145,0.071,78.65,78.65,78.75,,0.0,0.5560140035008753,0.6923076923076923,0.45014501468059837,0.07090709070907089,0.074900679960272,0.6906077348066298,medium,0.9612
44532647,0,0.4826,10,0.4686881657608845,0.0123,3.94,3.94,10.18,,0.0,0.35308827206801696,0.46153846153846156,0.6355216215745241,0.012201220122012201,0.0035526014210405686,0.6906077348066298,medium,0.999
44532649,0,0.5769,14,0.46122706129900787,0.1842,76.88,84.03,76.88,0.5525,0.0,0.4709927481870467,0.7692307692307693,0.6254046543399121,0.18411841184118413,0.07321032928413172,0.6906077348066298,medium,0.9998
635546314,0,0.5675,9,0.4082153035498567,0.2436,83.41,86.19,83.41,,0.0,0.4592398099524881,0.38461538461538464,0.5535227742593253,0.24352435243524354,0.07944648177859272,0.6906077348066298,medium,0.9975
27875233,0,0.6472,10,0.2544877530471935,0.2436,107.35,114.37,107.35,0.5525,0.0,0.5588897224306076,0.46153846153846156,0.34507419946194007,0.24352435243524354,0.10230919092367638,0.6906077348066298,medium,0.6341
28022154,0,0.5155,10,0.4417546610117762,0.192,108.56,111.91,108.56,,0.0,0.3942235558889722,0.46153846153846156,0.5990008374932545,0.19191919191919193,0.10346474138589656,0.6906077348066298,medium,0.9999
44532650,0,0.6449,13,0.331975829272145,0.071,78.65,78.65,78.75,,0.0,0.5560140035008753,0.6923076923076923,0.45014501468059837,0.07090709070907089,0.074900679960272,0.6906077348066298,medium,0.9612
635546315,0,0.5533,12,0.41736984277660166,0.071,57.61,66.76,57.61,,0.0,0.4414853713428357,0.6153846153846154,0.5659359731199204,0.07090709070907089,0.05480747192298877,0.6906077348066298,medium,0.9991
1301842540,0,0.6173,13,0.28483901696282765,0.071,129.8,136.04,129.8,0.5525,0.0,0.5215053763440859,0.6923076923076923,0.38622933194031545,0.07090709070907089,0.12374894949957982,0.6906077348066298,medium,0.9827
1301842539,0,0.5986,13,0.3905853171097954,0.1842,130.18,134.83,130.18,0.5525,0.0,0.4981245311327832,0.6923076923076923,0.5296171988753973,0.18411841184118413,0.12411184964473988,0.6906077348066298,medium,0.9999
44532651,0,0.7438,10,0.23059390890928258,0.4699,30.24,35.44,30.24,0.5525,0.0,0.6796699174793699,0.46153846153846156,0.3126750768538419,0.46984698469846986,0.02866911146764459,0.6906077348066298,low,0.9537
44532651,0,0.7139,10,0.16337483302964395,0.4699,87.02,92.67,87.02,0.5525,0.0,0.6422855713928483,0.46153846153846156,0.2215286263933226,0.46984698469846986,0.08289403315761328,0.6906077348066298,low,0.9292
109230053,0,0.9786,7,0.015831438990049643,0.5,89.44,89.44,90.22,,0.0,0.9732433108277069,0.23076923076923078,0.021465527048032257,0.49994999499949994,0.08520513408205364,0.6906077348066298,low,1.0
129479111,0,1.0,8,0.14725314877635895,0.5,125.76,125.76,126.31,0.4625,0.0,1.0,0.3076923076923077,0.1996682500655772,0.49994999499949994,0.1198907479562992,0.4917127071823205,low,0.9998
28022203,0,0.6846,12,0.17561454195940807,0.1842,134.46,143.99,134.46,0.5525,0.0,0.6056514128532132,0.6153846153846154,0.2381251952842057,0.18411841184118413,0.12819925127970053,0.6906077348066298,low,0.7223
436325084,0,0.906,12,0.006527624358374427,0.5,145.71,145.71,147.11,0.5525,0.0,0.8824706176544135,0.6153846153846154,0.008849916548740783,0.49994999499949994,0.13894300557720227,0.6906077348066298,low,0.9999
436325084,0,0.6837,12,0.21413961634601072,0.1842,177.73,181.28,177.73,0.5525,0.0,0.6045261315328831,0.6153846153846154,0.2903636966041851,0.18411841184118413,0.16952211780884713,0.6906077348066298,medium,0.8051
28022203,0,0.8036,14,0.20282688059346723,0.1842,78.0,89.18,78.0,0.5525,0.0,0.7544386096524129,0.7692307692307693,0.27502406726015116,0.18411841184118413,0.07427992971197189,0.6906077348066298,low,0.9699
"[109230039, 28022205, 33970711]",0,1.0,14,0.016910543712150707,0.1516,34.28,36.45,34.28,0.5525,0.0,1.0,0.7692307692307693,0.02292875104817788,0.15151515151515155,0.03252731301092521,0.6906077348066298,low,1.0
44532648,0,0.8078,12,0.18909972139032558,0.1516,39.23,46.52,39.23,0.5525,0.0,0.75968992248062,0.6153846153846154,0.25641057369601533,0.15151515151515155,0.037254564901825965,0.6906077348066298,low,0.9993
44532649,0,0.5769,14,0.4612270612990079,0.1842,76.88,84.03,76.88,0.5525,0.0,0.4709927481870467,0.7692307692307693,0.6254046543399122,0.18411841184118413,0.07321032928413172,0.6906077348066298,medium,0.9998
28022203,0,0.8036,14,0.20282688059346723,0.1842,78.0,89.18,78.0,0.5525,0.0,0.7544386096524129,0.7692307692307693,0.27502406726015116,0.18411841184118413,0.07427992971197189,0.6906077348066298,low,0.9699
28022203,0,0.6846,12,0.17561454195940807,0.1842,134.46,143.99,134.46,0.5525,0.0,0.6056514128532132,0.6153846153846154,0.2381251952842057,0.18411841184118413,0.12819925127970053,0.6906077348066298,low,0.7223
1301842539,0,0.5986,13,0.3905853171097953,0.1842,130.18,134.83,130.18,0.5525,0.0,0.4981245311327832,0.6923076923076923,0.5296171988753973,0.18411841184118413,0.12411184964473988,0.6906077348066298,medium,0.9999
28019851,0,0.4933,9,0.5121089934969432,0.0024,81.36,81.36,85.98,,0.0,0.3664666166541635,0.38461538461538464,0.6943985738742838,0.0023002300230023,0.0774887309954924,0.6906077348066298,medium,0.9999
44888441,0,0.5537,12,0.3281852281101102,0.2373,31.41,35.09,31.41,0.5525,0.0,0.44198549637409346,0.6153846153846154,0.44500510705006746,0.23722372237223724,0.02978646191458477,0.6906077348066298,medium,0.9948
44888441,0,0.686,10,0.22211523634227726,0.1193,55.56,55.56,59.3,0.5525,0.0,0.6074018504626156,0.46153846153846156,0.30117832687645035,0.11921192119211921,0.052849721139888464,0.6906077348066298,low,0.9855
44532651,0,0.7438,10,0.23059390890928258,0.4699,30.24,35.44,30.24,0.5525,0.0,0.6796699174793699,0.46153846153846156,0.3126750768538419,0.46984698469846986,0.02866911146764459,0.6906077348066298,low,0.9537
44888441,0,0.686,10,0.2221152363422773,0.1193,55.56,55.56,59.3,0.5525,0.0,0.6074018504626156,0.46153846153846156,0.3011783268764504,0.11921192119211921,0.052849721139888464,0.6906077348066298,low,0.9855
27875181,0,0.7673,12,0.11719625923484638,0.5,228.29,228.29,236.36,,0.0,0.7090522630657663,0.6153846153846154,0.15891227778029587,0.49994999499949994,0.21780693712277485,0.6906077348066298,medium,0.6048
27875181,0,0.68,12,0.30607776032882206,0.4236,85.95,85.95,93.51,,0.0,0.5998999749937485,0.6153846153846154,0.41502824124871723,0.4235423542354235,0.08187218274887312,0.6906077348066298,medium,0.9832
28022310,0,0.6882,12,0.23937957045742872,0.4979,157.44,157.44,164.93,,0.0,0.6101525381345336,0.6153846153846154,0.3245880919404351,0.49784978497849786,0.15014516005806403,0.6906077348066298,medium,0.9891
28022324,0,0.6622,8,0.17618883330203028,0.855,169.63,169.63,178.56,,0.0,0.5776444111027756,0.3076923076923077,0.23890391199111116,0.854985498549855,0.1617866147146459,0.6906077348066298,medium,0.972
28022315,0,0.764,10,0.1084398519915492,0.4052,134.75,144.52,134.75,,0.0,0.7049262315578895,0.46153846153846156,0.14703893039238458,0.40514051405140517,0.12847620139048058,0.6906077348066298,low,0.9936
28022315,0,0.764,10,0.10843985199154922,0.4052,134.75,144.52,134.75,,0.0,0.7049262315578895,0.46153846153846156,0.1470389303923846,0.40514051405140517,0.12847620139048058,0.6906077348066298,low,0.9936
"[335710025, 335710026]",0,0.7978,13,0.024083589463191002,0.2906,10.88,10.88,18.34,,0.0,0.7471867966991746,0.6923076923076923,0.03265512188327998,0.2905290529052906,0.01018030407212163,0.6906077348066298,low,1.0
335710026,0,0.7962,11,0.04157827458318866,0.2273,70.42,70.42,71.6,,0.0,0.7451862965741436,0.5384615384615384,0.05637723394366409,0.22722272227222723,0.06704102681641073,0.6906077348066298,low,1.0
28022319,0,0.7245,10,0.27601132699212777,0.4471,99.52,110.36,99.52,,0.0,0.6555388847211803,0.46153846153846156,0.37425932794865174,0.44704470447044703,0.09483153793261519,0.6906077348066298,medium,0.6475
28022324,0,0.7768,9,0.17483766183837765,0.2737,185.13,186.0,185.13,,0.0,0.7209302325581395,0.38461538461538464,0.23707177607933516,0.27362736273627364,0.17658912063564827,0.6906077348066298,low,0.9856
28022319,0,0.7245,10,0.27601132699212777,0.4471,99.52,110.36,99.52,,0.0,0.6555388847211803,0.46153846153846156,0.37425932794865174,0.44704470447044703,0.09483153793261519,0.6906077348066298,medium,0.6475
72136968,0,0.8303,11,0.10377280386595295,0.5,45.9,45.9,47.85,0.5125,0.0,0.7878219554888722,0.5384615384615384,0.14071059479404632,0.49994999499949994,0.043624417449766986,0.6022099447513811,low,0.9979
72136968,0,0.9331,13,0.03754727752671255,0.5,17.69,17.69,20.62,0.5125,0.0,0.9163540885221306,0.6923076923076923,0.05091135883742968,0.49994999499949994,0.016683856673542673,0.6022099447513811,low,1.0
28022324,0,0.7408,9,0.24171734254222785,0.2812,58.52,58.52,67.39,,0.0,0.6759189797449361,0.38461538461538464,0.3277580198920878,0.28112811281128114,0.055676522270608916,0.6906077348066298,low,0.9895
72133511,0,0.8461,12,0.012313880416768841,0.4865,87.4,87.4,88.93,0.3825,0.0,0.8075768942235557,0.6153846153846154,0.016695854539954376,0.48644864486448647,0.08325693330277334,0.31491712707182323,low,0.899
72133511,0,0.9066,11,0.047313226602082974,0.1444,117.09,117.09,117.19,0.3825,0.0,0.8832208052013002,0.5384615384615384,0.06415360565427165,0.14431443144314432,0.11161089464435787,0.31491712707182323,low,0.9983
27875174,0,0.6926,12,0.16663306821826912,0.4626,93.61,93.61,99.51,,0.0,0.6156539134783695,0.6153846153846154,0.22594666648569917,0.46254625462546256,0.08918748567499428,0.6906077348066298,medium,0.5233
446503922,0,0.6353,9,0.22846717268971056,0.5,181.75,181.75,183.23,,0.0,0.5440110027506876,0.38461538461538464,0.3097913053210867,0.49994999499949994,0.17336121934448775,0.6906077348066298,medium,0.9769
27875173,0,0.5609,8,0.3610908111348693,0.5,128.48,128.48,134.87,,0.0,0.4509877469367341,0.3076923076923077,0.4896237968162147,0.49994999499949994,0.1224883489953396,0.6906077348066298,medium,0.9995
446503922,0,0.6517,10,0.283780292125082,0.5,178.92,179.87,178.92,,0.0,0.564516129032258,0.46153846153846156,0.38479374227009006,0.49994999499949994,0.17065856826342732,0.6906077348066298,medium,0.9968
72137002,0,0.6551,11,0.24022884822842178,0.5,109.1,111.57,109.1,0.5525,0.0,0.5687671917979494,0.5384615384615384,0.32573967954065214,0.49994999499949994,0.10398044159217665,0.6906077348066298,medium,0.9649
72137002,0,0.6472,10,0.3298106173208135,0.5,160.46,169.67,160.46,0.5525,0.0,0.5588897224306076,0.46153846153846156,0.447209071553205,0.49994999499949994,0.15302926121170451,0.6906077348066298,medium,0.9988
214203281,0,0.3602,12,0.5566133120909056,0.2781,151.43,153.85,151.43,,0.0,0.2000500125031258,0.6153846153846154,0.7547446976036118,0.27802780278027805,0.14440560776224312,0.6906077348066298,high,0.9089
214203357,0,0.6848,8,0.3503460643455283,0.308,150.85,158.48,150.85,,0.0,0.6059014753688421,0.3076923076923077,0.47505433839790656,0.30793079307930793,0.14385170754068302,0.6906077348066298,medium,0.9083
"[214203329, 214203357, 214203342]",0,0.3694,14,0.6802317216037768,0.5,132.07,135.49,132.07,,0.0,0.2115528882220555,0.7692307692307693,0.9223664491856818,0.49994999499949994,0.12591680036672015,0.6906077348066298,high,1.0
27880220,0,0.4998,7,0.32419763255492345,0.5,121.31,121.65,121.31,0.5925,0.0,0.374593648412103,0.23076923076923078,0.4395980826902233,0.49994999499949994,0.11564099625639852,0.7790055248618785,medium,0.9963
72133525,0,0.5937,6,0.3750111322169345,0.5,128.26,136.33,128.26,,0.0,0.49199799949987494,0.15384615384615385,0.5084992103695466,0.49994999499949994,0.12227824891129957,0.6906077348066298,medium,0.9945
28022655,0,0.7857,12,0.19813447756319916,0.4112,59.3,59.3,60.27,,0.0,0.7320580145036257,0.6153846153846154,0.2686613513979911,0.41114111411141113,0.05642142256856903,0.6906077348066298,low,0.9614
72133554,0,0.9235,12,0.05197049402897243,0.2647,233.12,233.12,236.65,0.5525,0.0,0.904351087771943,0.6153846153846154,0.07046867900586697,0.2646264626462646,0.22241958896783562,0.6906077348066298,low,0.9998
72133567,0,0.9001,11,0.04024650466910306,0.5,142.05,145.66,142.05,0.5525,0.0,0.8750937734433607,0.5384615384615384,0.054571405777915936,0.49994999499949994,0.1354477041790817,0.6906077348066298,low,0.9999
28022666,0,0.7792,12,0.1865328383797614,0.2413,136.31,136.35,136.31,,0.0,0.7239309827456863,0.6153846153846154,0.25292998024692853,0.24122412241224123,0.12996600198640082,0.6906077348066298,low,0.947
72133554,0,0.9235,12,0.05197049402897242,0.2647,233.12,233.12,236.65,0.5525,0.0,0.904351087771943,0.6153846153846154,0.07046867900586697,0.2646264626462646,0.22241958896783562,0.6906077348066298,low,0.9998
72133566,0,0.8922,11,0.06866225852010052,0.0551,232.39,234.92,232.39,0.5525,0.0,0.8652163040760189,0.5384615384615384,0.0931020619463502,0.05500550055005501,0.22172243868897548,0.6906077348066298,low,0.9999
28022655,0,0.7531,11,0.24414922357168645,0.5,62.04,62.04,69.16,,0.0,0.6912978244561139,0.5384615384615384,0.3310555559096064,0.49994999499949994,0.05903812361524945,0.6906077348066298,low,0.6954
859282145,0,0.6001,8,0.32536122004361845,0.5,68.83,75.91,68.83,,0.0,0.49999999999999994,0.3076923076923077,0.4411758620334669,0.49994999499949994,0.06552257620903049,0.6906077348066298,medium,0.9757
"[28022666, 916446495]",0,0.859,11,0.10856114044847294,0.4066,16.52,16.52,18.14,,0.0,0.8237059264816204,0.5384615384615384,0.14720339281894676,0.40654065406540657,0.015566506226602493,0.6906077348066298,low,1.0
28022655,0,0.7531,11,0.24414922357168645,0.5,62.04,62.04,69.16,,0.0,0.6912978244561139,0.5384615384615384,0.3310555559096064,0.49994999499949994,0.05903812361524945,0.6906077348066298,low,0.6954
28022655,0,0.7857,12,0.19813447756319916,0.4112,59.3,59.3,60.27,,0.0,0.7320580145036257,0.6153846153846154,0.2686613513979911,0.41114111411141113,0.05642142256856903,0.6906077348066298,low,0.9614
28022668,0,0.8141,12,0.2925433244931662,0.5,119.14,119.14,125.85,,0.0,0.7675668917229308,0.6153846153846154,0.3966760730693365,0.49994999499949994,0.11356864542745819,0.6906077348066298,medium,0.7797
"[28022666, 916446495]",0,0.859,11,0.10856114044847291,0.4066,16.52,16.52,18.14,,0.0,0.8237059264816204,0.5384615384615384,0.14720339281894673,0.40654065406540657,0.015566506226602493,0.6906077348066298,low,1.0
28022666,0,0.7792,12,0.18653283837976142,0.2413,136.31,136.35,136.31,,0.0,0.7239309827456863,0.6153846153846154,0.2529299802469286,0.24122412241224123,0.12996600198640082,0.6906077348066298,low,0.947
28022668,0,0.8141,12,0.2925433244931662,0.5,119.14,119.14,125.85,,0.0,0.7675668917229308,0.6153846153846154,0.3966760730693365,0.49994999499949994,0.11356864542745819,0.6906077348066298,medium,0.7797
72133552,0,0.8845,11,0.10069015323452213,0.5,73.05,73.05,80.87,,0.0,0.8555888972243059,0.5384615384615384,0.13653064052677993,0.49994999499949994,0.06955267782107113,0.6906077348066298,low,0.9998
72133563,0,1.0,12,0.05909235082811743,0.5,79.63,86.45,79.63,,0.0,1.0,0.6153846153846154,0.0801256396146755,0.49994999499949994,0.07583658033463214,0.6906077348066298,low,1.0
28022663,0,0.7656,9,0.26153195487823466,0.6077,224.66,236.21,224.66,,0.0,0.7069267316829205,0.38461538461538464,0.3546258629566383,0.6076607660766077,0.21434028573611433,0.6906077348066298,medium,0.9535
72133563,0,0.6554,10,0.34135608547389357,0.7061,155.51,167.66,155.51,,0.0,0.5691422855713928,0.46153846153846156,0.4628642769735011,0.706070607060706,0.14830200932080373,0.6906077348066298,medium,0.9998
261470168,0,0.5865,10,0.30610764350474684,0.5,14.41,14.41,15.81,0.5525,0.0,0.4829957489372343,0.46153846153846156,0.41506876167209983,0.49994999499949994,0.013551455420582168,0.6906077348066298,medium,0.979
"[72133570, 201800358]",0,0.7085,8,0.2910524145116414,0.4753,115.04,120.71,115.04,,0.0,0.6355338834708676,0.3076923076923077,0.39465445716650155,0.4752475247524753,0.10965314386125756,0.6906077348066298,medium,0.6051
261470168,0,0.7018,10,0.25542798542272965,0.5,64.01,64.01,64.51,0.5525,0.0,0.6271567891972993,0.46153846153846156,0.34634911796560464,0.49994999499949994,0.06091947436778976,0.6906077348066298,medium,0.5519
214203272,0,1.0,6,0.07356201749601474,0.5,31.63,31.63,35.11,0.5525,0.0,1.0,0.15384615384615385,0.09974594439969302,0.49994999499949994,0.029996561998624802,0.6906077348066298,low,1.0
72133552,0,0.8254,11,0.028836865096024136,0.5,110.69,110.69,110.71,,0.0,0.7816954238559639,0.5384615384615384,0.03910037862511587,0.49994999499949994,0.1054988921995569,0.6906077348066298,low,0.9997
72133552,0,0.8845,11,0.10069015323452213,0.5,73.05,73.05,80.87,,0.0,0.8555888972243059,0.5384615384615384,0.13653064052677993,0.49994999499949994,0.06955267782107113,0.6906077348066298,low,0.9998
28022728,0,0.7124,8,0.1154618125360417,0.5,120.1,120.1,128.68,,0.0,0.6404101025256314,0.3076923076923077,0.15656043556824162,0.49994999499949994,0.11448544579417833,0.6906077348066298,low,0.9898
28022732,0,0.7412,10,0.2069427034621353,0.5,107.55,107.55,111.47,,0.0,0.6764191047761939,0.46153846153846156,0.28060496286596176,0.49994999499949994,0.10250019100007642,0.6906077348066298,low,0.7749
27875228,0,0.8235,10,0.1481900611671673,0.5,15.79,15.79,20.61,0.5525,0.0,0.7793198299574893,0.46153846153846156,0.20093866679917777,0.49994999499949994,0.014869355947742378,0.6906077348066298,low,0.9997
28022677,0,0.8586,6,0.04643265875879514,0.5,84.93,85.36,84.93,,0.0,0.8232058014503626,0.15384615384615385,0.06295958993395627,0.49994999499949994,0.08089808235923296,0.6906077348066298,low,1.0
72133527,0,0.7153,6,0.17657302366847907,0.422,105.79,110.32,105.79,0.5325,0.0,0.6440360090022507,0.15384615384615385,0.23942485917380726,0.4219421942194219,0.10081939032775615,0.6464088397790054,low,0.9932
72133570,0,0.6698,6,0.21126925471023406,0.5,179.13,182.75,179.13,,0.0,0.5871467866966741,0.15384615384615385,0.28647159795189847,0.49994999499949994,0.17085911834364736,0.6906077348066298,low,0.6476
72133563,0,1.0,12,0.05909235082811743,0.5,79.63,86.45,79.63,,0.0,1.0,0.6153846153846154,0.0801256396146755,0.49994999499949994,0.07583658033463214,0.6906077348066298,low,1.0
214203282,0,0.811,8,0.17590641146688482,0.5,89.62,102.8,89.62,,0.0,0.7636909227306826,0.3076923076923077,0.23852095897562867,0.49994999499949994,0.08537703415081367,0.6906077348066298,low,0.9986
72133563,0,0.6554,10,0.3413560854738936,0.7061,155.51,167.66,155.51,,0.0,0.5691422855713928,0.46153846153846156,0.4628642769735012,0.706070607060706,0.14830200932080373,0.6906077348066298,medium,0.9998
28022748,0,0.7628,9,0.2344688447628341,0.5,176.75,176.75,187.04,,0.0,0.7034258564641159,0.38461538461538464,0.31792933904342974,0.49994999499949994,0.16858621743448698,0.6906077348066298,low,0.516
214203281,0,0.6553,11,0.3187079351642556,0.5,175.47,178.77,175.47,,0.0,0.5690172543135783,0.5384615384615384,0.4321542667092108,0.49994999499949994,0.1673638169455268,0.6906077348066298,medium,0.9994
201800357,0,0.5542,11,0.4297295885847024,0.2724,190.6,197.13,190.6,,0.0,0.4426106526631658,0.5384615384615384,0.5826953073455179,0.2723272327232723,0.1818129727251891,0.6906077348066298,medium,0.9996
28022748,0,0.7566,7,0.1129481728659997,0.5,132.59,137.3,132.59,,0.0,0.6956739184796199,0.23076923076923078,0.15315203801646154,0.49994999499949994,0.12641340056536024,0.6906077348066298,low,0.9986
72133527,0,0.7977,7,0.1129481728659997,0.2598,136.5,140.17,136.5,0.5325,0.0,0.7470617654413602,0.23076923076923078,0.15315203801646154,0.2597259725972597,0.13014745205898084,0.6464088397790054,low,0.9999
28022748,0,0.9108,8,0.09628168582303265,0.5,132.32,137.09,132.32,,0.0,0.8884721180295074,0.3076923076923077,0.13055293031178644,0.49994999499949994,0.12615555046222018,0.6906077348066298,low,1.0
"[214203306, 201800356]",0,0.6755,6,0.3757354389098532,0.2492,72.61,76.59,72.61,,0.0,0.594273568392098,0.15384615384615385,0.5094813420522635,0.24912491249124913,0.06913247765299108,0.6906077348066298,low,0.7688
72133511,0,0.8759,10,0.06904235943784416,0.3363,31.52,31.52,32.0,0.3825,0.0,0.844836209052263,0.46153846153846156,0.09361746399577965,0.33623362336233625,0.029891511956604788,0.31491712707182323,low,0.998
72133511,0,0.8947,10,0.056510083223488966,0.9006,40.6,40.6,41.01,0.3825,0.0,0.8683420855213804,0.46153846153846156,0.07662418525486682,0.9005900590059005,0.038562915425166176,0.31491712707182323,low,0.8083
28022767,0,0.7782,9,0.135829097113776,0.3714,112.25,112.25,114.72,,0.0,0.7226806701675419,0.38461538461538464,0.18417768068038518,0.37133713371337135,0.10698869279547712,0.6906077348066298,low,0.9985
72133511,0,0.919,11,0.06181586675578719,0.3403,83.39,83.39,85.06,0.3825,0.0,0.8987246811702926,0.5384615384615384,0.08381862120258485,0.3402340234023402,0.07942738177095272,0.31491712707182323,low,0.9952
72133511,0,0.8759,10,0.06904235943784416,0.3363,31.52,31.52,32.0,0.3825,0.0,0.844836209052263,0.46153846153846156,0.09361746399577965,0.33623362336233625,0.029891511956604788,0.31491712707182323,low,0.998
28022800,0,0.9436,6,0.04404739803893444,0.5,63.71,67.48,63.71,,0.0,0.9294823705926482,0.15384615384615385,0.059725269241605594,0.49994999499949994,0.06063297425318971,0.6906077348066298,low,1.0
109230017,0,0.7804,7,0.12098060748143559,0.5,62.36,68.14,62.36,,0.0,0.7254313578394599,0.23076923076923078,0.1640437067008708,0.49994999499949994,0.0593437237374895,0.6906077348066298,low,0.9999
877309013,0,1.0,10,0.09892366661499503,0.174,68.75,69.93,68.75,,0.0,1.0,0.46153846153846156,0.13413535342934652,0.17391739173917392,0.06544617617847048,0.6906077348066298,low,1.0
109230089,0,1.0,7,0.09892366661499503,0.174,92.67,93.12,92.67,,0.0,1.0,0.23076923076923078,0.13413535342934652,0.17391739173917392,0.08828978531591414,0.6906077348066298,low,1.0
552317410,0,1.0,8,0.0680400270582381,0.5,57.67,57.67,58.86,0.4625,0.0,1.0,0.3076923076923077,0.09225834030377406,0.49994999499949994,0.05486477194590879,0.4917127071823205,low,1.0
44532659,0,0.877,7,0.0680400270582381,0.5,46.69,48.1,46.69,,0.0,0.846211552888222,0.23076923076923078,0.09225834030377406,0.49994999499949994,0.044378867751547105,0.6906077348066298,low,1.0
28022803,0,0.8454,12,0.251729992113123,0.5,108.57,108.72,108.57,,0.0,0.8067016754188546,0.6153846153846154,0.34133478297830244,0.49994999499949994,0.10347429138971656,0.6906077348066298,low,0.7679
44532654,0,0.9339,10,0.04404739803893444,0.5,118.58,120.16,118.58,,0.0,0.9173543385846461,0.46153846153846156,0.059725269241605594,0.49994999499949994,0.1130338452135381,0.6906077348066298,low,1.0
44532661,0,0.8408,10,0.09962971765337815,0.5,173.07,173.07,173.84,,0.0,0.8009502375593899,0.46153846153846156,0.13509273115509532,0.49994999499949994,0.16507181602872642,0.6906077348066298,low,0.9965
44532662,0,0.6423,12,0.1908960801117836,0.5,61.5,63.5,61.5,,0.0,0.5527631907976994,0.6153846153846154,0.2588463662009267,0.49994999499949994,0.05852242340896937,0.6906077348066298,medium,0.8601
44532663,0,0.8146,11,0.09805437381813469,0.2666,98.38,105.43,98.38,,0.0,0.768192048012003,0.5384615384615384,0.1329566262331174,0.26652665266526654,0.09374283749713501,0.6906077348066298,low,0.9998
261470169,0,0.7723,14,0.13734112496799608,0.44,87.9,87.9,93.18,,0.0,0.7153038259564891,0.7692307692307693,0.18622793159660378,0.43994399439943993,0.08373443349377341,0.6906077348066298,low,0.8522
28022977,0,0.7222,14,0.27326161663596393,0.0168,80.93,88.15,80.93,,0.0,0.6526631657914478,0.7692307692307693,0.37053082773529517,0.0167016701670167,0.07707808083123235,0.6906077348066298,low,0.6076
28022977,0,0.8006,14,0.04884603642226761,0.5,74.88,74.88,81.89,,0.0,0.7506876719179795,0.7692307692307693,0.06623203610742187,0.49994999499949994,0.0713003285201314,0.6906077348066298,low,0.9936
44532666,0,0.8421,14,0.20850089072974537,0.5,79.59,79.59,79.87,,0.0,0.8025756439109776,0.7692307692307693,0.2827178041500303,0.49994999499949994,0.07579838031935214,0.6906077348066298,low,0.7984
44532666,0,0.7565,16,0.17515878116425926,0.2272,15.1,15.1,16.32,,0.0,0.6955488872218054,0.9230769230769231,0.2375072013859965,0.22712271227122716,0.014210405684162274,0.6906077348066298,low,0.9156
44532669,0,0.8063,15,0.15420041608757,0.2881,85.59,92.13,85.59,,0.0,0.7578144536134034,0.8461538461538461,0.20908847412446066,0.28802880288028804,0.08152838261135306,0.6906077348066298,low,0.9476
44532669,0,0.9137,14,0.05087480341737593,0.5,7.56,7.56,9.65,,0.0,0.8920980245061265,0.7692307692307693,0.06898296518515395,0.49994999499949994,0.007009702803881122,0.6906077348066298,low,1.0
261470169,0,0.7723,14,0.13734112496799605,0.44,87.9,87.9,93.18,,0.0,0.7153038259564891,0.7692307692307693,0.18622793159660372,0.43994399439943993,0.08373443349377341,0.6906077348066298,low,0.8522
261470169,0,0.757,14,0.09741101557574759,0.161,0.69,0.69,7.97,,0.0,0.6961740435108776,0.7692307692307693,0.13208425749848765,0.16091609160916093,0.0004488501795400718,0.6906077348066298,low,0.9995
28022977,0,0.8006,14,0.04884603642226761,0.5,74.88,74.88,81.89,,0.0,0.7506876719179795,0.7692307692307693,0.06623203610742187,0.49994999499949994,0.0713003285201314,0.6906077348066298,low,0.9936
28023083,0,0.8157,12,0.11083927096779152,0.174,118.49,128.54,118.49,,0.0,0.7695673918479619,0.6153846153846154,0.1502924491292934,0.17391739173917392,0.11294789517915808,0.6906077348066298,low,0.9994
28023083,0,0.94,11,0.017065981474809894,0.5,125.34,132.99,125.34,,0.0,0.9249812453113277,0.5384615384615384,0.02313951860409129,0.49994999499949994,0.11948964779585913,0.6906077348066298,low,1.0
44532670,0,0.921,13,0.003228099259963442,0.5,102.11,102.87,102.11,0.6025,0.0,0.9012253063265817,0.6923076923076923,0.004375888945861254,0.49994999499949994,0.09730498892199559,0.8011049723756907,low,1.0
31478712,0,0.6758,11,0.24487736595493462,0.6265,88.46,88.46,95.25,0.5925,0.0,0.5946486621655412,0.5384615384615384,0.3320428886391097,0.6264626462646264,0.08426923370769349,0.7790055248618785,medium,0.864
44532655,0,0.7639,13,0.06947945408155967,0.3437,32.86,32.86,34.6,0.5525,0.0,0.7048012003000751,0.6923076923076923,0.09421014731920573,0.3436343634363436,0.03117121246848499,0.6906077348066298,low,0.999
44532669,0,0.8063,15,0.15420041608757004,0.2881,85.59,92.13,85.59,,0.0,0.7578144536134034,0.8461538461538461,0.2090884741244607,0.28802880288028804,0.08152838261135306,0.6906077348066298,low,0.9476
27880220,0,0.6906,6,0.2222336639687253,0.4663,166.22,166.22,166.53,0.5925,0.0,0.6131532883220805,0.15384615384615385,0.3013389101282423,0.46624662466246625,0.15853006341202538,0.7790055248618785,low,0.9615
28022977,0,0.7222,14,0.27326161663596393,0.0168,80.93,88.15,80.93,,0.0,0.6526631657914478,0.7692307692307693,0.37053082773529517,0.0167016701670167,0.07707808083123235,0.6906077348066298,low,0.6076
44532669,0,0.8987,12,0.0958532164489788,0.5,69.07,69.07,69.46,,0.0,0.8733433358339586,0.6153846153846154,0.12997194251829197,0.49994999499949994,0.06575177630071052,0.6906077348066298,low,0.9998
175093052,0,0.7689,14,0.2609819743026078,0.2202,78.32,87.7,78.32,,0.0,0.7110527631907976,0.7692307692307693,0.3538801107035073,0.22012201220122013,0.07458552983421193,0.6906077348066298,low,0.5807
28022987,0,0.8172,12,0.0958532164489788,0.3677,63.79,67.4,63.79,,0.0,0.7714428607151788,0.6153846153846154,0.12997194251829197,0.36763676367636766,0.06070937428374972,0.6906077348066298,low,0.9995
44532669,0,0.9137,14,0.050874803417375915,0.5,7.56,7.56,9.65,,0.0,0.8920980245061265,0.7692307692307693,0.06898296518515393,0.49994999499949994,0.007009702803881122,0.6906077348066298,low,1.0
44532669,0,0.8987,12,0.0958532164489788,0.5,69.07,69.07,69.46,,0.0,0.8733433358339586,0.6153846153846154,0.12997194251829197,0.49994999499949994,0.06575177630071052,0.6906077348066298,low,0.9998
"[1318313664, 109230022]",0,1.0,10,0.2346940244779916,0.0475,17.17,17.17,19.42,,0.0,1.0,0.46153846153846156,0.31823467397229827,0.0474047404740474,0.016187256474902594,0.6906077348066298,low,1.0
109230074,0,0.9988,8,0.11802841241132189,0.5,124.2,124.32,124.2,,0.0,0.9984996249062265,0.3076923076923077,0.16004064509690405,0.49994999499949994,0.11840094736037896,0.6906077348066298,low,1.0
28022986,0,0.744,10,0.31158486238772043,0.1857,89.04,89.04,97.53,,0.0,0.6799199799949988,0.46153846153846156,0.42249565728239186,0.18561856185618564,0.08482313392925359,0.6906077348066298,low,0.8486
44532667,0,0.8322,16,0.06583361449267808,0.0106,51.05,51.05,52.57,,0.0,0.7901975493873469,0.9230769230769231,0.08926653074717762,0.010501050105010502,0.04854266941706777,0.6906077348066298,low,0.9999
44532668,0,0.6564,14,0.1533879470744546,0.3807,75.27,75.27,77.76,,0.0,0.5703925981495374,0.7692307692307693,0.2079867977671833,0.38063806380638066,0.07167277866911147,0.6906077348066298,medium,0.7874
175093052,0,0.7689,14,0.2609819743026077,0.2202,78.32,87.7,78.32,,0.0,0.7110527631907976,0.7692307692307693,0.3538801107035072,0.22012201220122013,0.07458552983421193,0.6906077348066298,low,0.5807
27880199,0,0.7665,14,0.1676441152269793,0.5,63.23,69.59,63.23,,0.0,0.7080520130032508,0.7692307692307693,0.2273176068755621,0.49994999499949994,0.06017457406982963,0.6906077348066298,low,0.6833
44532665,0,0.7844,14,0.17871842778440394,0.5,126.39,126.39,135.83,,0.0,0.730432608152038,0.7692307692307693,0.24233394364738858,0.49994999499949994,0.1204923981969593,0.6906077348066298,medium,0.6818
"[28023017, 553509830]",0,0.774,12,0.18822856985500871,0.5,8.02,8.02,12.73,,0.0,0.7174293573393349,0.6153846153846154,0.25522932612278865,0.49994999499949994,0.007449002979601192,0.6906077348066298,low,0.9762
27880200,0,0.7048,13,0.22242680522612646,0.5644,211.63,211.63,212.02,,0.0,0.6309077269317328,0.6923076923076923,0.3016008021554567,0.5643564356435644,0.20189663075865233,0.6906077348066298,medium,0.9986
28023017,0,0.8106,13,0.14311184063911225,0.3934,126.41,126.41,127.14,,0.0,0.7631907976994249,0.6923076923076923,0.1940527974275614,0.3933393339333934,0.12051149820459929,0.6906077348066298,low,0.954
261164077,0,0.7038,13,0.2500887274738025,0.3491,53.73,53.73,54.67,,0.0,0.6296574143535884,0.6923076923076923,0.33910929201189444,0.34903490349034905,0.05110207044082818,0.6906077348066298,medium,0.7255
28893150,0,0.7511,14,0.2070109971644172,0.5,95.33,99.09,95.33,,0.0,0.6887971992998249,0.7692307692307693,0.28069756646799504,0.49994999499949994,0.09083008633203454,0.6906077348066298,medium,0.8533
28023030,0,0.6906,11,0.2877257163632389,0.5673,154.4,154.4,159.6,,0.0,0.6131532883220805,0.5384615384615384,0.3901435839655161,0.5672567256725672,0.14724195889678357,0.6906077348066298,medium,0.9962
28893150,0,0.7533,11,0.057517933882540215,0.5,132.38,138.7,132.38,,0.0,0.6915478869717427,0.5384615384615384,0.07799079151900681,0.49994999499949994,0.1262128504851402,0.6906077348066298,low,0.9889
28023049,0,0.6772,13,0.1944114047665414,0.8897,124.61,131.42,124.61,,0.0,0.5963990997749438,0.6923076923076923,0.26361300960244033,0.8896889688968898,0.11879249751699902,0.6906077348066298,medium,0.9993
1344424414,0,0.7147,8,0.21067506782075968,1.0,174.62,180.92,174.62,,0.0,0.6432858214553637,0.3076923076923077,0.28566590365787486,1.0,0.16655206662082667,0.6906077348066298,medium,0.9893
28023030,0,0.6906,11,0.2877257163632389,0.5673,154.4,154.4,159.6,,0.0,0.6131532883220805,0.5384615384615384,0.3901435839655161,0.5672567256725672,0.14724195889678357,0.6906077348066298,medium,0.9962
27880199,0,0.5915,13,0.3824321348140729,0.6069,126.78,136.08,126.78,,0.0,0.489247311827957,0.6923076923076923,0.5185618010364967,0.6068606860686069,0.12086484834593936,0.6906077348066298,medium,0.9984
28023049,0,0.6997,14,0.195113318450961,0.3579,85.59,95.38,85.59,,0.0,0.6245311327831957,0.7692307692307693,0.2645647772372568,0.3578357835783578,0.08152838261135306,0.6906077348066298,medium,0.7887
28023049,0,0.6772,13,0.1944114047665414,0.8897,124.61,131.42,124.61,,0.0,0.5963990997749438,0.6923076923076923,0.26361300960244033,0.8896889688968898,0.11879249751699902,0.6906077348066298,medium,0.9993
27880199,0,0.7665,14,0.1676441152269793,0.5,63.23,69.59,63.23,,0.0,0.7080520130032508,0.7692307692307693,0.2273176068755621,0.49994999499949994,0.06017457406982963,0.6906077348066298,low,0.6833
27880200,0,0.7397,12,0.18827070775205051,0.6685,262.16,267.77,262.16,,0.0,0.6745436359089773,0.6153846153846154,0.2552864634710037,0.6684668466846685,0.25015280006112006,0.6906077348066298,medium,0.9974
28023049,0,0.6859,12,0.2878867538429415,0.5,136.94,143.0,136.94,,0.0,0.6072768192048011,0.6153846153846154,0.39036194451977724,0.49994999499949994,0.1305676522270609,0.6906077348066298,medium,0.9959
27880200,0,0.7048,13,0.22242680522612646,0.5644,211.63,211.63,212.02,,0.0,0.6309077269317328,0.6923076923076923,0.3016008021554567,0.5643564356435644,0.20189663075865233,0.6906077348066298,medium,0.9986
28023067,0,0.5244,8,0.5444690110001256,0.9999,170.08,178.5,170.08,,0.0,0.4053513378344586,0.3076923076923077,0.7382774980287408,0.9998999899989999,0.16221636488654598,0.6906077348066298,high,0.9648
27880199,0,0.5915,13,0.3824321348140729,0.6069,126.78,136.08,126.78,,0.0,0.489247311827957,0.6923076923076923,0.5185618010364967,0.6068606860686069,0.12086484834593936,0.6906077348066298,medium,0.9984
"[28023063, 27880199]",0,0.8762,11,0.07114510121442252,0.6689,259.99,270.1,259.99,,0.0,0.8452113028257062,0.5384615384615384,0.09646869999779405,0.6688668866886689,0.2480804492321797,0.6906077348066298,low,0.934
28023083,0,0.94,11,0.017065981474809894,0.5,125.34,132.99,125.34,,0.0,0.9249812453113277,0.5384615384615384,0.02313951860409129,0.49994999499949994,0.11948964779585913,0.6906077348066298,low,1.0
28893150,0,0.7533,11,0.05751793388254023,0.5,132.38,138.7,132.38,,0.0,0.6915478869717427,0.5384615384615384,0.07799079151900684,0.49994999499949994,0.1262128504851402,0.6906077348066298,low,0.9889
"[28023067, 1355402319]",0,0.7912,8,0.16290217614926425,0.5932,230.8,230.8,232.58,,0.0,0.7389347336834208,0.3076923076923077,0.22088772206120277,0.5931593159315931,0.22020398808159528,0.6906077348066298,low,0.8303
877309013,0,1.0,10,0.09892366661499503,0.174,68.75,69.93,68.75,,0.0,1.0,0.46153846153846156,0.13413535342934652,0.17391739173917392,0.06544617617847048,0.6906077348066298,low,1.0
28023083,0,0.8157,12,0.11083927096779153,0.174,118.49,128.54,118.49,,0.0,0.7695673918479619,0.6153846153846154,0.15029244912929343,0.17391739173917392,0.11294789517915808,0.6906077348066298,low,0.9994
72133568,0,0.856,12,0.09892366661499503,0.174,7.02,7.02,12.95,,0.0,0.8199549887471866,0.6153846153846154,0.13413535342934652,0.17391739173917392,0.006494002597601039,0.6906077348066298,low,1.0
109230086,0,1.0,7,0.09892366661499503,0.174,87.19,87.42,87.19,,0.0,1.0,0.23076923076923078,0.13413535342934652,0.17391739173917392,0.08305638322255329,0.6906077348066298,low,1.0
554828693,0,1.0,6,0.09892366661499503,0.174,97.67,98.7,97.67,0.4625,0.0,1.0,0.15384615384615385,0.13413535342934652,0.17391739173917392,0.09306478722591491,0.4917127071823205,low,1.0
554828694,0,1.0,6,0.09892366661499503,0.174,86.49,89.68,86.49,0.4625,0.0,1.0,0.15384615384615385,0.13413535342934652,0.17391739173917392,0.08238788295515319,0.4917127071823205,low,1.0
"[818687835, 72133557, 27875198, 261435166]",0,1.0,7,0.11802841241132189,1.0,35.59,35.59,39.06,0.4625,0.0,1.0,0.23076923076923078,0.16004064509690405,1.0,0.03377836351134541,0.4917127071823205,low,0.9996
554696867,0,1.0,6,0.09892366661499506,0.174,91.26,97.6,91.26,0.4625,0.0,1.0,0.15384615384615385,0.13413535342934657,0.17391739173917392,0.08694323477729393,0.4917127071823205,low,1.0
182096892,0,1.0,9,0.022855530663054607,0.5,137.55,138.45,137.55,,0.0,1.0,0.38461538461538464,0.03098992195120025,0.49994999499949994,0.13115020246008102,0.6906077348066298,low,1.0
690667586,0,1.0,7,0.022855530663054607,0.5,170.2,170.95,170.2,0.485,0.0,1.0,0.23076923076923078,0.03098992195120025,0.49994999499949994,0.16233096493238597,0.5414364640883977,low,1.0
306173999,0,1.0,5,0.022855530663054607,0.5,351.5,357.27,351.5,0.455,0.0,1.0,0.07692307692307693,0.03098992195120025,0.49994999499949994,0.3354725341890137,0.4751381215469614,low,0.9998
119060041,0,1.0,4,0.022855530663054607,0.5,390.97,397.02,390.97,0.455,0.0,1.0,0.0,0.03098992195120025,0.49994999499949994,0.37316639926655976,0.4751381215469614,low,0.9997
28023255,0,1.0,5,0.022855530663054607,0.5,777.63,783.09,777.63,0.555,0.0,1.0,0.07692307692307693,0.03098992195120025,0.49994999499949994,0.7424268469707388,0.696132596685083,low,0.6797
30915552,0,1.0,4,0.0042741816120318386,0.5,1047.34,1054.49,1047.34,0.34,0.0,1.0,0.0,0.00579433589760382,0.49994999499949994,1.0,0.22099447513812162,medium,0.9868
530020665,0,0.8896,7,0.009111884792373594,0.5,54.91,61.29,54.91,0.5525,0.0,0.8619654913728432,0.23076923076923078,0.01235407310760735,0.49994999499949994,0.05222897089158836,0.6906077348066298,low,1.0
530020668,0,0.6114,9,0.17954037643147217,0.0826,112.66,123.85,112.66,0.4725,0.0,0.5141285321330333,0.38461538461538464,0.2434484740193211,0.08250825082508251,0.1073802429520972,0.5138121546961325,medium,0.5812
530020668,0,0.6114,9,0.17954037643147217,0.0826,112.66,123.85,112.66,0.4725,0.0,0.5141285321330333,0.38461538461538464,0.2434484740193211,0.08250825082508251,0.1073802429520972,0.5138121546961325,medium,0.5812
923073440,0,0.7968,8,0.14267881694732207,0.1198,191.15,202.83,191.15,0.5925,0.0,0.7459364841210302,0.3076923076923077,0.19346563415648851,0.11971197119711971,0.1823382229352892,0.7790055248618785,low,0.9999
1463532918,0,0.8402,10,0.12990986507878421,0.173,184.1,195.8,184.1,0.5925,0.0,0.8002000500125029,0.46153846153846156,0.17615143244085646,0.17291729172917292,0.17560547024218812,0.7790055248618785,low,0.9999
28096184,0,0.6993,7,0.19200987409752532,0.627,214.46,221.82,214.46,0.5925,0.0,0.624031007751938,0.23076923076923078,0.26035662749232574,0.626962696269627,0.20459928183971277,0.7790055248618785,low,0.6457
983540715,0,0.8516,6,0.012544719854933446,1.0,228.5,240.26,228.5,0.5925,0.0,0.8144536134033508,0.15384615384615385,0.017008863832921724,1.0,0.2180074872029949,0.7790055248618785,low,0.9994
28096172,0,0.8714,14,0.14138322156483668,0.3146,94.87,165.25,94.87,0.6525,0.0,0.8392098024506126,0.7692307692307693,0.19170885724753442,0.31453145314531455,0.09039078615631448,0.9116022099447513,low,0.9999
"[140859561, 33874853]",0,1.0,12,0.14138322156483668,1.0,82.84,220.19,82.84,0.6525,0.0,1.0,0.6153846153846154,0.19170885724753442,1.0,0.07890213156085264,0.9116022099447513,low,0.9999
140859561,0,0.8996,12,0.053864316919821235,1.0,120.55,128.54,120.55,0.6525,0.0,0.8744686171542885,0.6153846153846154,0.07303662913078136,1.0,0.1149151959660784,0.9116022099447513,low,0.9995
140859561,0,0.8996,12,0.05386431691982123,1.0,120.55,128.54,120.55,0.6525,0.0,0.8744686171542885,0.6153846153846154,0.07303662913078136,1.0,0.1149151959660784,0.9116022099447513,low,0.9995
"[1453152081, 28095812]",0,0.8923,8,0.05425345127893699,1.0,221.99,226.97,221.99,0.6525,0.0,0.8653413353338333,0.3076923076923077,0.07356428017509413,1.0,0.21179043471617393,0.9116022099447513,low,0.9997
1453152081,0,0.8198,11,0.05386431691982123,1.0,63.89,64.94,63.89,,0.0,0.7746936734183545,0.5384615384615384,0.07303662913078136,1.0,0.06080487432194974,0.6906077348066298,low,0.9752
649939002,0,0.9016,7,0.07740418707893847,0.5,79.58,81.96,79.58,0.5075,0.0,0.8769692423105776,0.23076923076923078,0.10495577680170244,0.49994999499949994,0.07578883031553213,0.5911602209944751,low,1.0
28096214,0,0.9674,9,0.0003349938589976696,0.5,98.64,98.64,98.75,0.5525,0.0,0.9592398099524881,0.38461538461538464,0.0004529506332555042,0.49994999499949994,0.09399113759645505,0.6906077348066298,low,1.0
649939002,0,0.7713,7,0.009284419301055514,0.5,53.77,53.77,55.27,0.5075,0.0,0.7140535133783444,0.23076923076923078,0.012588023185654617,0.49994999499949994,0.051140270456108194,0.5911602209944751,low,1.0
28096214,0,0.9674,9,0.00033499385899766955,0.5,98.64,98.64,98.75,0.5525,0.0,0.9592398099524881,0.38461538461538464,0.0004529506332555041,0.49994999499949994,0.09399113759645505,0.6906077348066298,low,1.0
649030848,0,0.9989,8,0.037355026245227706,1.0,30.38,30.38,31.99,,0.0,0.9986246561640408,0.3076923076923077,0.05065067358291642,1.0,0.028802811521124613,0.6906077348066298,low,1.0
"[649030851, 1449404814]",0,0.9747,8,0.0026520990012980816,0.9762,94.76,95.8,94.76,0.5125,0.0,0.9683670917729431,0.3076923076923077,0.0035948550153190547,0.9761976197619762,0.09028573611429445,0.6022099447513811,low,1.0
272565918,0,1.0,11,0.012066794034473843,0.9588,201.56,202.64,201.56,0.5525,0.0,1.0,0.5384615384615384,0.01636081502314153,0.9587958795879588,0.19227977691191078,0.6906077348066298,low,0.9991
"[4827138, 1449404811, 1466479253]",0,0.9243,11,0.012066794034473843,1.0,153.3,153.38,153.3,0.5125,0.0,0.9053513378344585,0.5384615384615384,0.01636081502314153,1.0,0.1461914584765834,0.6022099447513811,low,0.9818
28096740,0,1.0,5,0.0711451012144225,0.6689,467.92,477.7,467.92,0.555,0.0,1.0,0.07692307692307693,0.09646869999779402,0.6688668866886689,0.4466536786614715,0.696132596685083,low,0.998
690667584,0,1.0,6,0.022855530663054607,0.5,369.11,370.15,369.11,0.525,0.0,1.0,0.15384615384615385,0.03098992195120025,0.49994999499949994,0.3522900909160364,0.6298342541436465,low,0.9999
28214183,0,0.9124,8,0.16792586028660328,1.0,440.28,448.15,440.28,0.6525,0.0,0.8904726181545385,0.3076923076923077,0.22769964220978026,1.0,0.42025746810298725,0.9116022099447513,medium,0.6282
28214183,0,0.8563,10,0.08576690396943172,0.1306,368.64,368.64,372.03,0.6525,0.0,0.82033008252063,0.46153846153846156,0.1162952953951971,0.13051305130513052,0.3518412407364963,0.9116022099447513,low,0.9998
28214183,0,0.7724,12,0.1679258602866033,0.2512,404.88,411.12,404.88,0.6525,0.0,0.7154288572143036,0.6153846153846154,0.22769964220978028,0.25112511251125114,0.38645045458018185,0.9116022099447513,medium,0.5461
"[28214190, 33839590]",0,0.7881,12,0.16770793195490405,0.2512,633.66,633.66,635.97,0.6525,0.0,0.7350587646911728,0.6153846153846154,0.22740413987462862,0.25112511251125114,0.6049354419741768,0.9116022099447513,medium,0.9975
306174003,0,1.0,5,0.11083927096779153,0.174,374.52,380.78,374.52,0.555,0.0,1.0,0.07692307692307693,0.15029244912929343,0.17391739173917392,0.35745664298265717,0.696132596685083,low,1.0
306174021,0,1.0,5,0.11083927096779153,0.174,330.31,332.82,330.31,0.555,0.0,1.0,0.07692307692307693,0.15029244912929343,0.17391739173917392,0.31523607609443044,0.696132596685083,low,1.0
641798780,0,0.485,7,0.4259554870608499,0.5,229.99,233.13,229.99,0.5925,0.0,0.3560890222555639,0.23076923076923078,0.577577772582131,0.49994999499949994,0.21943043777217514,0.7790055248618785,medium,0.9995
30950311,0,0.4442,8,0.5782242245252667,0.588,243.83,247.07,243.83,0.5925,0.0,0.30507626906726676,0.3076923076923077,0.7840482536824268,0.5879587958795879,0.23264764305905727,0.7790055248618785,high,0.894
27924864,0,0.5303,8,0.550003742983362,0.4733,89.92,91.57,89.92,0.6925,0.0,0.41272818204551137,0.3076923076923077,0.7457823791643517,0.4732473247324733,0.08566353426541372,1.0,medium,0.9992
641798780,0,0.4674,8,0.33632014292033546,0.4612,39.36,41.1,39.36,0.5925,0.0,0.33408352088022003,0.3076923076923077,0.4560357348896766,0.46114611461146116,0.03737871495148599,0.7790055248618785,medium,0.9946
27548932,0,0.308,8,0.646069803512687,0.4892,12.68,12.68,12.92,0.6925,0.0,0.13478369592398098,0.3076923076923077,0.8760442179711193,0.4891489148914892,0.011899304759721905,1.0,medium,0.9881
641798780,0,0.4423,7,0.49029236174589164,0.5,45.54,45.54,48.21,0.5925,0.0,0.30270067516879223,0.23076923076923078,0.6648160704094459,0.49994999499949994,0.04328061731224693,0.7790055248618785,medium,0.9999
106772284,0,0.381,9,0.6537613847760131,0.5,93.32,96.38,93.32,0.5925,0.0,0.22605651412853214,0.38461538461538464,0.8864737027774282,0.49994999499949994,0.08891053556421423,0.7790055248618785,high,0.876
641798780,0,0.4221,8,0.42781741105628746,0.5,75.75,78.54,75.75,0.5925,0.0,0.27744436109027254,0.3076923076923077,0.580102469046499,0.49994999499949994,0.07213117885247156,0.7790055248618785,medium,0.9999
28797213,0,0.4081,7,0.5870725996203873,0.5,170.48,172.72,170.48,0.6925,0.0,0.2599399849962491,0.23076923076923078,0.7960463058976581,0.49994999499949994,0.16259836503934602,1.0,medium,0.9951
106772284,0,0.4312,8,0.5362629552591472,0.4912,115.92,118.25,115.92,0.5925,0.0,0.2888222055513879,0.3076923076923077,0.7271504058561168,0.49114911491149116,0.11049354419741769,0.7790055248618785,medium,0.9884
27924864,0,0.3056,7,0.6825478971814071,0.5,160.19,160.19,164.06,0.6925,0.0,0.1317829457364341,0.23076923076923078,0.925507093114235,0.49994999499949994,0.15277141110856446,1.0,high,0.7109
28797213,0,0.3414,8,0.6264784686950329,0.5,135.28,136.82,135.28,0.6925,0.0,0.17654413603400848,0.3076923076923077,0.8494791305306112,0.49994999499949994,0.12898235159294066,1.0,medium,0.8906
27580509,0,0.423,7,0.5186974479517884,0.372,88.51,88.62,88.51,0.6925,0.0,0.2785696424106026,0.23076923076923078,0.7033322616663505,0.37193719371937195,0.08431698372679351,1.0,medium,0.9995
28797213,0,0.3647,7,0.5938543181857229,0.5,57.52,57.52,60.63,0.6925,0.0,0.20567641910477621,0.23076923076923078,0.8052420523009464,0.49994999499949994,0.054721521888608765,1.0,medium,0.9994
591220047,0,0.7165,7,0.27968712092027687,0.4806,141.36,141.36,148.74,,0.0,0.6455363840960239,0.23076923076923078,0.37924356143878524,0.4805480548054806,0.1347887539155016,0.6906077348066298,low,0.5713
28797216,0,0.3937,9,0.5904717049928291,0.5,143.62,143.62,151.49,0.5925,0.0,0.24193548387096772,0.38461538461538464,0.8006553604760654,0.49994999499949994,0.13694705477882194,0.7790055248618785,high,0.6613
27548932,0,0.4152,8,0.5733336243594863,0.5,180.0,180.0,188.09,0.6925,0.0,0.26881720430107525,0.3076923076923077,0.7774167902191285,0.49994999499949994,0.1716899686759875,1.0,medium,0.9916
28797216,0,0.3848,8,0.6265516906185673,0.5,134.41,134.41,142.45,0.5925,0.0,0.23080770192548133,0.3076923076923077,0.849578416608837,0.49994999499949994,0.12815150126060051,0.7790055248618785,high,0.7469
106774579,0,0.4307,8,0.5476015580696294,0.4162,86.85,91.11,86.85,0.5925,0.0,0.2881970492623156,0.3076923076923077,0.7425251099238674,0.41614161416141615,0.08273168309267324,0.7790055248618785,medium,0.9971
28797216,0,0.3668,8,0.6178983116354824,0.2642,141.91,141.91,149.26,0.5925,0.0,0.20830207551887975,0.3076923076923077,0.8378447715315062,0.26412641264126413,0.13531400412560166,0.7790055248618785,medium,0.8242
27924864,0,0.3494,9,0.6531326035479721,0.3893,68.26,68.26,75.32,0.6925,0.0,0.18654663665916477,0.38461538461538464,0.8856210999068567,0.38923892389238923,0.06497822599129041,1.0,medium,0.9777
106772284,0,0.4251,8,0.6633989812753438,0.4862,214.94,214.94,218.62,0.5925,0.0,0.2811952988247061,0.3076923076923077,0.8995419084971502,0.4861486148614862,0.20505768202307284,0.7790055248618785,high,0.979
109241629,0,0.3708,7,0.630069751339585,0.4578,162.21,166.25,162.21,0.5925,0.0,0.2133033258314579,0.23076923076923078,0.8543487700097006,0.45774577457745774,0.15470051188020478,0.7790055248618785,high,0.7223
27580514,0,0.364,10,0.5885909663392181,0.1234,112.5,117.71,112.5,0.5525,0.0,0.204801200300075,0.46153846153846156,0.7981051520675553,0.12331233123312331,0.10722744289097717,0.6906077348066298,medium,0.8404
27580514,0,0.4247,10,0.5069279353152337,0.128,67.75,72.27,67.75,0.5525,0.0,0.2806951737934484,0.46153846153846156,0.6873732606471602,0.1279127912791279,0.06449117579647033,0.6906077348066298,medium,0.9996
335654454,0,0.2866,10,0.6514578956721682,0.117,101.33,101.33,105.26,0.5525,0.0,0.10802700675168796,0.46153846153846156,0.8833502612135202,0.11691169116911691,0.09656008862403546,0.6906077348066298,high,0.9221
1256972559,0,0.4299,10,0.5134602980939962,0.2639,138.34,138.34,142.2,,0.0,0.28719679919979996,0.46153846153846156,0.6962308903097686,0.26382638263826386,0.1319046527618611,0.6906077348066298,medium,0.9784
28797226,0,0.4759,9,0.5348157909493364,0.3344,89.26,89.26,101.83,0.6925,0.0,0.3447111777944486,0.38461538461538464,0.7251881073813715,0.3343334333433343,0.08503323401329362,1.0,medium,0.9996
448951284,0,0.5513,10,0.3439131856617046,0.2267,97.99,97.99,100.75,0.4825,0.0,0.43898474618654665,0.46153846153846156,0.4663316052957207,0.22662266226622665,0.09337038734815495,0.5359116022099447,medium,0.9998
448951285,0,0.4694,10,0.3509071903973371,0.1723,39.26,39.26,44.83,0.4825,0.0,0.3365841460365091,0.46153846153846156,0.47581520348291423,0.17221722172217224,0.03728321491328597,0.5359116022099447,medium,0.9999
415292981,0,0.732,8,0.2686455056979724,0.025,306.94,309.43,306.94,0.6925,0.0,0.6649162290572643,0.3076923076923077,0.36427156098067215,0.024902490249024904,0.29291771716708687,1.0,low,0.9967
415292980,0,0.7213,7,0.22956775413032054,0.2748,231.19,231.37,231.19,0.5925,0.0,0.6515378844711178,0.23076923076923078,0.3112836509155716,0.2747274727472747,0.22057643823057532,0.7790055248618785,low,0.9558
"[31278139, 28797239]",0,0.6456,7,0.29459376358790584,0.3488,262.57,262.57,263.01,0.6925,0.0,0.5568892223055762,0.23076923076923078,0.39945638867060485,0.3487348734873487,0.2505443502177401,1.0,low,0.7914
28797251,0,0.6757,7,0.2860231221832162,0.0788,297.05,297.96,297.05,0.5925,0.0,0.5945236309077269,0.23076923076923078,0.3878349325291042,0.0787078707870787,0.2834727633891054,0.7790055248618785,low,0.5202
415292981,0,0.6108,8,0.3271457338757626,0.025,344.34,346.35,344.34,0.6925,0.0,0.5133783445861465,0.3076923076923077,0.4435955933295187,0.024902490249024904,0.32863473145389255,1.0,medium,0.675
1013482985,0,0.6975,8,0.4300043855555786,0.0067,374.19,377.76,374.19,0.5925,0.0,0.6217804451112778,0.3076923076923077,0.5830679213418413,0.006600660066006601,0.35714149285659713,0.7790055248618785,medium,0.9973
"[1383244849, 200077861]",0,0.9014,10,0.0733994487109168,0.1043,436.3,438.75,436.3,0.4525,0.0,0.8767191797949487,0.46153846153846156,0.09952550745492025,0.1042104210421042,0.41645656658262664,0.4696132596685083,low,0.6826
1383244849,0,0.8255,10,0.04407477063320027,0.8586,369.68,369.68,385.27,0.6525,0.0,0.7818204551137783,0.46153846153846156,0.059762385413980434,0.8585858585858586,0.3528344411337765,0.9116022099447513,low,0.8869
28797233,0,0.8532,10,0.12401544800358352,0.8586,450.01,463.93,450.01,0.5925,0.0,0.816454113528382,0.46153846153846156,0.16815883232090809,0.8585858585858586,0.42954962181984874,0.7790055248618785,medium,0.9846
28890079,0,0.6955,9,0.28019961415503297,0.0067,457.02,461.18,457.02,0.6525,0.0,0.6192798199549887,0.38461538461538464,0.379938482316851,0.006600660066006601,0.4362441744976698,0.9116022099447513,medium,0.9029
28890079,0,0.7893,9,0.24555440233132356,0.0076,418.65,432.65,418.65,0.6525,0.0,0.7365591397849461,0.38461538461538464,0.3329609236125598,0.007500750075007501,0.3996008098403239,0.9116022099447513,low,0.9365
415292981,0,0.5454,6,0.3563484975023375,0.3838,381.97,381.97,382.93,0.6925,0.0,0.43160790197549387,0.15384615384615385,0.48319340412010303,0.38373837383738374,0.36457139582855835,1.0,medium,0.9981
28797237,0,0.726,7,0.3762959702189181,0.0553,320.76,334.67,320.76,0.6925,0.0,0.6574143535883971,0.23076923076923078,0.51024140068926,0.0552055205520552,0.30611582244632896,1.0,low,0.9268
415292981,0,0.5228,6,0.4693827133185907,0.4225,298.62,310.81,298.62,0.6925,0.0,0.40335083770942737,0.15384615384615385,0.636463401028236,0.42244224422442245,0.2849721139888456,1.0,medium,0.9998
28797237,0,0.7085,7,0.38501266874348183,0.0076,390.66,404.34,390.66,0.6925,0.0,0.6355338834708676,0.23076923076923078,0.5220609046001892,0.007500750075007501,0.3728703491481397,1.0,low,0.5704
28890079,0,0.7893,9,0.2455544023313236,0.0076,418.65,432.65,418.65,0.6525,0.0,0.7365591397849461,0.38461538461538464,0.33296092361255986,0.007500750075007501,0.3996008098403239,0.9116022099447513,low,0.9365
27924874,0,0.3496,6,0.652099094658033,0.492,287.99,288.48,287.99,0.5925,0.0,0.18679669917479372,0.15384615384615385,0.8842197020803526,0.49194919491949196,0.274820459928184,0.7790055248618785,high,0.997
106772283,0,0.8643,6,0.13141563624129907,0.5,199.59,199.59,228.43,0.6925,0.0,0.8303325831457863,0.15384615384615385,0.17819319952665794,0.49994999499949994,0.1903984261593705,1.0,low,1.0
28797238,0,0.3328,7,0.6032644284126607,0.5,207.39,207.39,209.42,0.5925,0.0,0.16579144786196548,0.23076923076923078,0.818001795489969,0.49994999499949994,0.19784742913897166,0.7790055248618785,high,0.9452
661509370,0,0.5504,8,0.48935376446511836,0.5,184.81,187.7,184.81,,0.0,0.4378594648662165,0.3076923076923077,0.6635433690306355,0.49994999499949994,0.17628352051340823,0.6906077348066298,medium,0.9958
200077861,0,0.8079,10,0.19732124427637082,0.0004,64.03,68.21,64.03,0.6525,0.0,0.7598149537384344,0.46153846153846156,0.2675586387153075,0.00030003000300030005,0.06093857437542976,0.9116022099447513,low,1.0
200077861,0,0.7234,10,0.1766751970356545,0.0784,136.71,142.34,136.71,0.6525,0.0,0.6541635408852214,0.46153846153846156,0.23956340228270565,0.0783078307830783,0.1303480021392009,0.9116022099447513,low,0.9999
27924867,0,0.6168,7,0.39556193592694766,0.2748,180.51,181.25,180.51,0.5925,0.0,0.5208802200550138,0.23076923076923078,0.5363653002817699,0.2747274727472747,0.17217701887080755,0.7790055248618785,medium,0.975
28797240,0,0.6545,6,0.3567303291645492,0.2596,147.94,150.58,147.94,0.6925,0.0,0.5680170042510627,0.15384615384615385,0.4837111529916638,0.2595259525952595,0.14107265642906258,1.0,low,0.9907
27880406,0,1.0,6,0.2474603940609019,0.0784,189.04,194.41,189.04,0.6925,0.0,1.0,0.15384615384615385,0.3355453742091321,0.0783078307830783,0.18032317212926888,1.0,low,1.0
109241592,0,0.7289,6,0.3530868569692246,0.0784,147.45,152.44,147.45,0.6925,0.0,0.6610402600650161,0.15384615384615385,0.4787707465131506,0.0783078307830783,0.1406047062418825,1.0,low,0.9998
28797242,0,0.7963,6,0.3155143937099713,0.1043,306.68,312.5,306.68,0.5925,0.0,0.745311327831958,0.15384615384615385,0.4278239488024645,0.1042104210421042,0.29266941706776683,0.7790055248618785,low,0.9621
27880406,0,0.6484,6,0.3336844508076673,0.1171,227.94,231.95,227.94,0.6925,0.0,0.5603900975243811,0.15384615384615385,0.4524618389764592,0.117011701170117,0.21747268698907482,1.0,low,0.9872
28797244,0,0.6521,7,0.2809605503648542,0.1224,253.15,258.13,253.15,0.5925,0.0,0.5650162540635159,0.23076923076923078,0.3809702821987219,0.1223122312231223,0.2415482466192987,0.7790055248618785,low,0.5765
27548891,0,0.7722,7,0.1591283042367609,0.0067,319.87,323.34,319.87,0.5925,0.0,0.7151787946986747,0.23076923076923078,0.21577049864186795,0.006600660066006601,0.30526587210634887,0.7790055248618785,low,0.999
28797246,0,0.7348,6,0.3305036777793339,0.1043,343.29,347.52,343.29,0.5925,0.0,0.6684171042760689,0.15384615384615385,0.44814883455830473,0.1042104210421042,0.32763198105279245,0.7790055248618785,medium,0.5202
"[28797248, 28797244]",0,0.7216,7,0.3467376710228061,0.1043,434.95,440.4,434.95,0.5925,0.0,0.6519129782445612,0.23076923076923078,0.4701614975052339,0.1042104210421042,0.4151673160669264,0.7790055248618785,medium,0.9879
1013482991,0,0.639,8,0.3321807984727645,0.1224,289.05,294.58,289.05,0.5925,0.0,0.5486371592898225,0.3076923076923077,0.4504229449384265,0.1223122312231223,0.27583276033310417,0.7790055248618785,medium,0.9712
1013482990,0,0.6238,7,0.4357150539101211,0.1043,312.61,317.49,312.61,0.5925,0.0,0.5296324081020255,0.23076923076923078,0.590811365348804,0.1042104210421042,0.29833256933302776,0.7790055248618785,medium,0.9987
28797242,0,0.7963,6,0.3155143937099713,0.1043,306.68,312.5,306.68,0.5925,0.0,0.745311327831958,0.15384615384615385,0.4278239488024645,0.1042104210421042,0.29266941706776683,0.7790055248618785,low,0.9621
336758158,0,0.7466,7,0.4350931429089661,0.1224,235.5,241.1,235.5,0.6925,0.0,0.6831707926981745,0.23076923076923078,0.5899680782384735,0.1223122312231223,0.22469248987699597,1.0,low,0.9569
415292980,0,0.6577,7,0.3391857969068322,0.0788,259.18,261.07,259.18,0.5925,0.0,0.5720180045011252,0.23076923076923078,0.45992145015277996,0.0787078707870787,0.2473068989227596,0.7790055248618785,medium,0.7338
415292981,0,0.6756,7,0.3404146553013522,0.2443,368.51,370.27,368.51,0.6925,0.0,0.5943985996499124,0.23076923076923078,0.46158773430372046,0.2442244224422442,0.35171709068683626,1.0,medium,0.7399
28797263,0,0.5034,6,0.42495670211689485,0.3197,350.76,352.22,350.76,0.5925,0.0,0.37909477369342326,0.15384615384615385,0.576223459074788,0.31963196319631965,0.3347658339063336,0.7790055248618785,medium,0.9995
28797263,0,0.5034,6,0.42495670211689485,0.3197,350.76,352.22,350.76,0.5925,0.0,0.37909477369342326,0.15384615384615385,0.576223459074788,0.31963196319631965,0.3347658339063336,0.7790055248618785,medium,0.9995
28797264,0,0.4126,7,0.5356885206578336,0.4946,296.5,296.5,297.63,0.5925,0.0,0.2655663915978995,0.23076923076923078,0.726371494896002,0.4945494549454945,0.2829475131790053,0.7790055248618785,high,0.682
661697142,0,0.3687,6,0.5471012602686688,0.5,323.71,323.71,324.38,0.5925,0.0,0.21067766941735436,0.15384615384615385,0.7418467255793338,0.49994999499949994,0.3089330735732294,0.7790055248618785,high,0.9114
28797239,0,0.395,6,0.6098757082639497,0.5,255.17,257.62,255.17,0.5925,0.0,0.24356089022255564,0.15384615384615385,0.8269664336311588,0.49994999499949994,0.24347734739093896,0.7790055248618785,high,0.8796
27880403,0,0.34,6,0.4073864665161826,0.5,149.79,149.79,150.6,0.6925,0.0,0.17479369842460618,0.15384615384615385,0.5523989035032784,0.49994999499949994,0.14283940713576287,1.0,medium,0.9998
27924874,0,0.3093,7,0.7074038192623773,0.5,265.12,265.12,267.08,0.5925,0.0,0.1364091022755689,0.23076923076923078,0.9592107559652432,0.49994999499949994,0.2529796011918405,0.7790055248618785,high,0.9999
28797296,0,0.3331,7,0.6056299604787319,0.5,243.32,243.32,243.89,0.5925,0.0,0.16616654163540887,0.23076923076923078,0.8212093648956983,0.49994999499949994,0.23216059286423715,0.7790055248618785,high,0.9831
109241589,0,0.4076,7,0.5065848528984417,0.5,238.09,239.12,238.09,0.5925,0.0,0.2593148287071768,0.23076923076923078,0.6869080542441147,0.49994999499949994,0.22716594086637637,0.7790055248618785,medium,0.8844
28797296,0,0.4634,7,0.46654232885592306,0.5,188.22,188.22,188.3,0.5925,0.0,0.3290822705676419,0.23076923076923078,0.632611950255855,0.49994999499949994,0.17954007181602874,0.7790055248618785,medium,0.9987
451863070,0,0.6442,10,0.2523628876476347,0.3782,9.5,9.5,16.75,0.4825,0.0,0.5551387846961741,0.46153846153846156,0.3421929646883031,0.3781378137813781,0.008862403544961418,0.5359116022099447,medium,0.884
451863070,0,0.551,10,0.23492510508061923,0.2828,72.48,72.48,73.2,0.4825,0.0,0.4386096524131033,0.46153846153846156,0.3185480102748904,0.28272827282728275,0.06900832760333106,0.5359116022099447,medium,0.9942
28797304,0,0.4002,7,0.48991034990259286,0.4675,110.61,110.61,117.27,0.5925,0.0,0.25006251562890724,0.23076923076923078,0.6642980772193445,0.4674467446744675,0.10542249216899688,0.7790055248618785,medium,0.999
27880403,0,0.4586,7,0.48297868360429547,0.5,186.73,188.48,186.73,0.6925,0.0,0.3230807701925481,0.23076923076923078,0.6548990075267188,0.49994999499949994,0.1781171212468485,1.0,medium,0.9999
28797306,0,0.4958,8,0.3635139519749486,0.5,180.09,180.09,190.22,0.5525,0.0,0.3695923980995249,0.3076923076923077,0.49290948147713776,0.49994999499949994,0.17177591871036751,0.6906077348066298,medium,0.9999
27889387,0,0.5064,9,0.5230803093602193,0.3922,117.82,117.82,128.45,0.5925,0.0,0.3828457114278569,0.38461538461538464,0.7092752511378836,0.3921392139213921,0.11230804492321797,0.7790055248618785,medium,0.9992
28797306,0,0.4958,8,0.3635139519749486,0.5,180.09,180.09,190.22,0.5525,0.0,0.3695923980995249,0.3076923076923077,0.49290948147713776,0.49994999499949994,0.17177591871036751,0.6906077348066298,medium,0.9999
27889387,0,0.2962,7,0.5951591102303898,0.5,188.19,188.19,196.11,0.5925,0.0,0.1200300075018755,0.23076923076923078,0.8070112995258482,0.49994999499949994,0.17951142180456875,0.7790055248618785,high,0.9473
27889395,0,0.2515,9,0.677192071404009,0.5,96.23,106.98,96.23,0.6925,0.0,0.06414103525881472,0.38461538461538464,0.9182448018300037,0.49994999499949994,0.09168958667583468,1.0,high,0.887
28797313,0,0.3169,7,0.6016335342402165,0.5,149.6,158.62,149.6,0.5925,0.0,0.1459114778694674,0.23076923076923078,0.8157903664729858,0.49994999499949994,0.14265795706318282,0.7790055248618785,high,0.8
27889395,0,0.3282,8,0.6217524732066743,0.5009,85.48,99.44,85.48,0.6925,0.0,0.16004001000250062,0.3076923076923077,0.8430708646028316,0.5008500850085009,0.08142333256933304,1.0,medium,0.9704
28797314,0,0.3081,7,0.6718663678413,0.5,60.29,74.0,60.29,0.5925,0.0,0.13490872718179545,0.23076923076923078,0.911023355096415,0.49994999499949994,0.057366872946749185,0.7790055248618785,high,0.8349
27889387,0,0.3466,6,0.6413161459099495,0.5,151.35,164.1,151.35,0.5925,0.0,0.1830457614403601,0.15384615384615385,0.869598443292961,0.49994999499949994,0.1443292077316831,0.7790055248618785,high,0.7799
390868751,0,0.3398,8,0.5759897275049501,0.5,114.39,128.13,114.39,0.5925,0.0,0.17454363590897723,0.3076923076923077,0.7810183626983386,0.49994999499949994,0.10903239361295745,0.7790055248618785,medium,0.5929
28797314,0,0.3081,7,0.6718663678413,0.5,60.29,74.0,60.29,0.5925,0.0,0.13490872718179545,0.23076923076923078,0.911023355096415,0.49994999499949994,0.057366872946749185,0.7790055248618785,high,0.8349
27880403,0,0.4362,6,0.47816392172301553,0.4858,257.25,269.44,257.25,0.6925,0.0,0.2950737684421105,0.15384615384615385,0.6483703778252771,0.48574857485748574,0.24546374818549926,1.0,medium,0.9998
28797316,0,0.3611,7,0.6637348390044087,0.5618,74.41,74.41,107.53,0.5925,0.0,0.20117529382345584,0.23076923076923078,0.8999973185048511,0.5617561756175617,0.07085147834059134,0.7790055248618785,high,0.7539
196219303,0,0.4648,7,0.5637622950857134,0.4451,75.56,75.56,163.47,0.6925,0.0,0.33083270817704424,0.23076923076923078,0.7644384402778803,0.445044504450445,0.07194972877989152,1.0,medium,0.9996
28797317,0,0.4288,8,0.5061686762494115,0.5313,39.04,44.15,39.04,0.5925,0.0,0.28582145536384096,0.3076923076923077,0.6863437349072709,0.5312531253125312,0.03707311482924593,0.7790055248618785,medium,0.9994
255962493,0,0.5562,10,0.3068346100849041,0.5,3.42,3.42,12.26,0.4825,0.0,0.44511127781945486,0.46153846153846156,0.4160545000583788,0.49994999499949994,0.003056001222400489,0.5359116022099447,medium,0.9993
260660811,0,0.5413,12,0.3299028075598514,0.5818,59.69,68.72,59.69,0.4825,0.0,0.42648162040510124,0.6153846153846154,0.44733407792893165,0.5817581758175817,0.05679387271754909,0.5359116022099447,medium,0.9995
28797317,0,0.4003,6,0.6100812670883249,0.6204,69.48,81.97,69.48,0.5925,0.0,0.2501875468867217,0.15384615384615385,0.8272451633958492,0.6203620362036203,0.06614332645733059,0.7790055248618785,medium,0.9206
27889395,0,0.3057,6,0.6473521225190655,0.528,119.2,119.2,162.15,0.6925,0.0,0.1319079769942486,0.15384615384615385,0.8777829926308416,0.527952795279528,0.1136259454503782,1.0,medium,0.9182
309031196,0,0.3379,7,0.5687555153268047,0.5,89.45,97.97,89.45,0.6925,0.0,0.1721680420105026,0.23076923076923078,0.7712090525689211,0.49994999499949994,0.08521468408587364,1.0,medium,0.9988
1353693731,0,0.5126,10,0.36800926532622713,0.3989,32.21,32.21,111.52,0.6925,0.0,0.390597649412353,0.46153846153846156,0.49900495140609774,0.3988398839883988,0.03055046222018489,1.0,medium,0.8513
129144273,0,0.723,10,0.25130126892441923,0.5,222.37,222.37,257.16,0.5525,0.0,0.6536634158539634,0.46153846153846156,0.3407534510220221,0.49994999499949994,0.21215333486133398,0.6906077348066298,medium,0.9783
28797320,0,0.6348,8,0.32119696883908344,0.5,207.67,207.67,232.47,0.5925,0.0,0.5433858464616154,0.3076923076923077,0.4355292994892431,0.49994999499949994,0.1981148292459317,0.7790055248618785,medium,0.9911
129144273,0,0.6243,11,0.34807207248156086,0.5,249.23,249.23,265.68,0.5525,0.0,0.5302575643910977,0.5384615384615384,0.47197089394312325,0.49994999499949994,0.23780464512185806,0.6906077348066298,medium,0.9997
129144273,0,0.6443,10,0.37295389859626027,0.5,303.85,307.79,303.85,0.5525,0.0,0.5552638159539884,0.46153846153846156,0.5057096816555808,0.49994999499949994,0.2899667659867064,0.6906077348066298,medium,0.999
129144273,0,0.6243,11,0.34807207248156097,0.5,249.23,249.23,265.68,0.5525,0.0,0.5302575643910977,0.5384615384615384,0.4719708939431234,0.49994999499949994,0.23780464512185806,0.6906077348066298,medium,0.9997
28797328,0,0.9005,7,0.17327072346558062,0.5,182.91,182.91,204.38,0.5925,0.0,0.8755938984746184,0.23076923076923078,0.23494706863726078,0.49994999499949994,0.17446901978760793,0.7790055248618785,low,0.9999
309031195,0,0.8292,8,0.14913350442256368,0.5,144.07,144.07,163.86,0.5925,0.0,0.7864466116529132,0.3076923076923077,0.20221793913095265,0.49994999499949994,0.137376804950722,0.7790055248618785,low,0.9997
28797328,0,0.5203,7,0.20529264014334803,0.5,194.86,204.4,194.86,0.5925,0.0,0.40022505626406596,0.23076923076923078,0.27836754123267626,0.49994999499949994,0.18588127435250978,0.7790055248618785,medium,0.9689
28797327,0,0.4576,6,0.49442883776598023,0.5,156.79,156.79,185.4,,0.0,0.3218304576144036,0.15384615384615385,0.6704249708846804,0.49994999499949994,0.14952440980976392,0.6906077348066298,medium,0.9964
1014045841,0,0.5539,9,0.42425879033405534,0.5,151.22,159.92,151.22,0.5925,0.0,0.4422355588897223,0.38461538461538464,0.5752771178627443,0.49994999499949994,0.14420505768202307,0.7790055248618785,medium,0.9999
28797328,0,0.6794,7,0.23459643955734844,0.5,192.98,202.17,192.98,0.5925,0.0,0.5991497874468616,0.23076923076923078,0.31810235261829717,0.49994999499949994,0.18408587363434947,0.7790055248618785,low,0.6316
1014045841,0,0.5539,9,0.42425879033405534,0.5,151.22,159.92,151.22,0.5925,0.0,0.4422355588897223,0.38461538461538464,0.5752771178627443,0.49994999499949994,0.14420505768202307,0.7790055248618785,medium,0.9999
1014045841,0,0.5014,10,0.4262429471646241,0.5,144.36,153.48,144.36,0.5925,0.0,0.3765941485371342,0.46153846153846156,0.5779675572937647,0.49994999499949994,0.13765375506150204,0.7790055248618785,medium,0.9996
28797339,0,0.6686,9,0.17636358216887996,0.2466,121.96,121.96,128.43,0.5925,0.0,0.5856464116029007,0.38461538461538464,0.23914086465264234,0.24652465246524655,0.11626174650469862,0.7790055248618785,low,0.9895
262870456,0,0.8404,10,0.10315081744143116,0.2466,101.12,101.12,102.81,0.4825,0.0,0.8004501125281321,0.46153846153846156,0.13986720541256625,0.24652465246524655,0.09635953854381543,0.5359116022099447,low,0.9992
316686791,0,0.8318,11,0.0319522795121361,0.3334,163.05,163.05,187.24,0.4825,0.0,0.7896974243560889,0.5384615384615384,0.04332475930911379,0.3333333333333333,0.15550271220108491,0.5359116022099447,low,0.9961
28797340,0,0.6531,7,0.17619797035233709,0.5,260.71,267.18,260.71,0.5925,0.0,0.5662665666416604,0.23076923076923078,0.23891630147567705,0.49994999499949994,0.24876804950721979,0.7790055248618785,medium,0.5914
117700904,0,0.4358,8,0.5008868072127459,0.5,192.09,198.98,192.09,0.5925,0.0,0.29457364341085274,0.3076923076923077,0.6791817260847839,0.49994999499949994,0.18323592329436933,0.7790055248618785,medium,0.9701
558473730,0,0.5971,10,0.24068117039868886,0.5,266.07,271.07,266.07,0.4725,0.0,0.4962490622655663,0.46153846153846156,0.3263530107973666,0.49994999499949994,0.2538868515547406,0.5138121546961325,medium,0.9998
28797323,0,0.473,8,0.5126099692436631,0.5,238.33,238.33,239.45,0.5925,0.0,0.3410852713178294,0.3076923076923077,0.6950778774868787,0.49994999499949994,0.2273951409580564,0.7790055248618785,medium,0.9271
1411467504,0,0.8399,6,0.02512457434165349,0.5,1.27,1.27,10.18,0.4675,0.0,0.7998249562390596,0.15384615384615385,0.03406665685922677,0.49994999499949994,0.0010027504011001606,0.5027624309392266,low,1.0
28797389,0,0.812,8,0.1962716317256317,0.5,175.32,180.28,175.32,,0.0,0.7649412353088273,0.3076923076923077,0.2661354049515767,0.49994999499949994,0.16722056688822676,0.6906077348066298,low,0.9745
142432571,0,0.8836,12,0.04731552422493309,0.5,124.94,130.41,124.94,,0.0,0.8544636159039759,0.6153846153846154,0.06415672114142384,0.49994999499949994,0.11910764764305908,0.6906077348066298,low,0.9997
"[27880293, 1014052638]",0,0.8946,12,0.054049072721588085,0.5,213.42,217.41,213.42,0.5525,0.0,0.8682170542635657,0.6153846153846154,0.07328715080655074,0.49994999499949994,0.20360608144243258,0.6906077348066298,low,0.9967
28797389,0,0.812,8,0.1962716317256317,0.5,175.32,180.28,175.32,,0.0,0.7649412353088273,0.3076923076923077,0.2661354049515767,0.49994999499949994,0.16722056688822676,0.6906077348066298,low,0.9745
142432571,0,0.8446,11,0.08848859829034043,0.5,105.32,114.22,105.32,,0.0,0.8057014253563392,0.5384615384615384,0.11998580695524261,0.49994999499949994,0.10037054014821606,0.6906077348066298,low,0.9991
28797394,0,0.7397,8,0.2823480249895484,0.5,107.99,109.42,107.99,,0.0,0.6745436359089773,0.3076923076923077,0.38285164378380776,0.49994999499949994,0.10292039116815647,0.6906077348066298,low,0.6753
142432571,0,0.9154,9,0.05876562461411778,0.5,134.23,144.45,134.23,,0.0,0.8942235558889723,0.38461538461538464,0.07968261158596837,0.49994999499949994,0.1279796011918405,0.6906077348066298,low,1.0
27880293,0,0.8102,11,0.20116969493879724,0.5,185.02,196.46,185.02,0.5525,0.0,0.7626906726681671,0.5384615384615384,0.27277698801663813,0.49994999499949994,0.17648407059362828,0.6906077348066298,low,0.6109
27880293,0,0.6316,11,0.249447577389418,0.5,174.82,184.34,174.82,0.5525,0.0,0.5393848462115529,0.5384615384615384,0.3382399174535659,0.49994999499949994,0.1667430666972267,0.6906077348066298,medium,0.9978
28797415,0,0.6605,12,0.31344770874447614,0.5,160.96,171.99,160.96,,0.0,0.5755188797199299,0.6153846153846154,0.42502160443280523,0.49994999499949994,0.15350676140270458,0.6906077348066298,medium,0.9995
28797418,0,0.6235,12,0.32197217969723346,0.5,142.7,152.4,142.7,,0.0,0.5292573143285821,0.6153846153846154,0.43658045523862216,0.49994999499949994,0.13606845442738177,0.6906077348066298,medium,0.9998
28797418,0,0.6388,12,0.3091668186847829,0.5,139.74,151.4,139.74,,0.0,0.5483870967741935,0.6153846153846154,0.41921688414103236,0.49994999499949994,0.13324165329666135,0.6906077348066298,medium,0.9995
28797415,0,0.6605,12,0.31344770874447603,0.5,160.96,171.99,160.96,,0.0,0.5755188797199299,0.6153846153846154,0.42502160443280507,0.49994999499949994,0.15350676140270458,0.6906077348066298,medium,0.9995
28797418,0,0.6513,10,0.2887412535944311,0.5,158.11,169.16,158.11,,0.0,0.5640160040010002,0.46153846153846156,0.39152061292228746,0.49994999499949994,0.15078501031400415,0.6906077348066298,medium,0.9952
28797426,0,0.8167,11,0.1440247810179235,0.5,191.47,201.7,191.47,0.5925,0.0,0.7708177044261065,0.5384615384615384,0.1952907090459794,0.49994999499949994,0.18264382305752924,0.7790055248618785,low,0.9784
28016720,0,0.5053,12,0.5661548119728735,0.5,110.53,110.53,116.73,,0.0,0.3814703675918979,0.6153846153846154,0.7676826000506503,0.49994999499949994,0.10534609213843688,0.6906077348066298,high,0.5912
28016720,0,0.6402,12,0.327559963695367,0.5,103.75,103.75,106.28,,0.0,0.5501375343835958,0.6153846153846154,0.44415727284143947,0.49994999499949994,0.09887118954847583,0.6906077348066298,medium,0.9992
28797418,0,0.5674,12,0.4061543645447342,0.5,122.68,122.68,129.98,,0.0,0.45911477869467365,0.6153846153846154,0.5507282211882758,0.49994999499949994,0.11694934677973873,0.6906077348066298,medium,0.9993
27880293,0,0.7628,12,0.18546310398539512,0.5,197.69,203.53,197.69,0.5525,0.0,0.7034258564641159,0.6153846153846154,0.2514794620464611,0.49994999499949994,0.1885839254335702,0.6906077348066298,medium,0.8539
27880293,0,0.718,12,0.2650133793833946,0.5,210.88,216.94,210.88,0.5525,0.0,0.6474118529632408,0.6153846153846154,0.35934653907482506,0.49994999499949994,0.2011803804721522,0.6906077348066298,medium,0.9972
28797428,0,0.6974,8,0.2868579868215509,0.5,237.68,243.71,237.68,,0.0,0.6216554138534633,0.3076923076923077,0.38896697648245265,0.49994999499949994,0.2267743907097563,0.6906077348066298,medium,0.986
28797428,0,0.6974,8,0.2868579868215509,0.5,237.68,243.71,237.68,,0.0,0.6216554138534633,0.3076923076923077,0.38896697648245265,0.49994999499949994,0.2267743907097563,0.6906077348066298,medium,0.986
27889655,0,0.6579,9,0.1953736982658801,0.5,221.46,231.89,221.46,,0.0,0.5722680670167543,0.38461538461538464,0.264917842131275,0.49994999499949994,0.21128428451371384,0.6906077348066298,medium,0.9594
28797434,0,0.753,12,0.2253077792538927,0.5,205.65,205.65,212.56,,0.0,0.6911727931982995,0.6153846153846154,0.30550729079820493,0.49994999499949994,0.19618572847429142,0.6906077348066298,medium,0.97
28797434,0,0.753,12,0.2253077792538927,0.5,205.65,205.65,212.56,,0.0,0.6911727931982995,0.6153846153846154,0.30550729079820493,0.49994999499949994,0.19618572847429142,0.6906077348066298,medium,0.97
28797434,0,0.6617,11,0.3326167397099718,0.5,123.54,123.54,130.63,,0.0,0.5770192548137033,0.5384615384615384,0.4510140642875226,0.49994999499949994,0.11777064710825887,0.6906077348066298,medium,0.9981
112478141,0,0.4906,15,0.46493235255250875,0.5,200.82,200.82,208.05,,0.0,0.36309077269317325,0.8461538461538461,0.6304288850550701,0.49994999499949994,0.19157307662923068,0.6906077348066298,high,0.9225
112478141,0,0.6145,14,0.3648915716663944,0.5,137.88,137.88,144.66,,0.0,0.5180045011252814,0.7692307692307693,0.49477748015633166,0.49994999499949994,0.13146535258614103,0.6906077348066298,medium,0.9996
197061794,0,0.5881,7,0.4874974424451417,0.5,172.67,183.14,172.67,,0.0,0.48499624906226546,0.23076923076923078,0.6610262686269415,0.49994999499949994,0.16468981587592635,0.6906077348066298,medium,0.9996
27880293,0,0.6316,11,0.249447577389418,0.5,174.82,184.34,174.82,0.5525,0.0,0.5393848462115529,0.5384615384615384,0.3382399174535659,0.49994999499949994,0.1667430666972267,0.6906077348066298,medium,0.9978
28797436,0,0.6823,8,0.2766995201543593,0.5,128.71,139.1,128.71,,0.0,0.6027756939234808,0.3076923076923077,0.37519249108943814,0.49994999499949994,0.12270799908319965,0.6906077348066298,medium,0.8026
27880293,0,0.6341,10,0.309498822636723,0.5,125.47,134.56,125.47,0.5525,0.0,0.5425106276569142,0.46153846153846156,0.4196670685769563,0.49994999499949994,0.11961379784551915,0.6906077348066298,medium,0.9962
27889655,0,0.8207,7,0.20077371419612286,0.5,128.64,137.71,128.64,,0.0,0.7758189547386847,0.23076923076923078,0.2722400535427082,0.49994999499949994,0.12264114905645962,0.6906077348066298,low,0.9974
27889659,0,0.6999,10,0.33970277472735017,0.5,15.19,24.41,15.19,,0.0,0.6247811952988246,0.46153846153846156,0.460622451954581,0.49994999499949994,0.014296355718542288,0.6906077348066298,medium,0.8097
28797438,0,0.8141,6,0.13029180527152728,0.5,79.35,85.48,79.35,,0.0,0.7675668917229308,0.15384615384615385,0.17666932847559327,0.49994999499949994,0.07556918022767209,0.6906077348066298,low,1.0
67625606,0,0.8174,6,0.1968362835064739,0.1354,97.01,97.01,99.09,0.485,0.0,0.7716929232308076,0.15384615384615385,0.26690105078791837,0.1353135313531353,0.0924344869737948,0.5414364640883977,low,0.9998
67625611,0,0.6651,9,0.3401245837918495,0.1354,84.98,89.03,84.98,0.5525,0.0,0.5812703175793948,0.38461538461538464,0.46119440862756517,0.1353135313531353,0.08094583237833297,0.6906077348066298,medium,0.5025
555422291,0,1.0,8,0.13269116764106106,0.5,64.11,64.11,64.47,,0.0,1.0,0.3076923076923077,0.17992277045600868,0.49994999499949994,0.06101497440598977,0.6906077348066298,low,1.0
67625607,0,0.824,7,0.18589570151514884,0.2657,48.2,48.2,49.2,0.485,0.0,0.7799449862465615,0.23076923076923078,0.25206604745840044,0.2656265626562656,0.04582091832836734,0.5414364640883977,low,0.9997
177313864,0,0.7213,12,0.32392423179538976,0.2611,64.95,73.22,64.95,,0.0,0.6515378844711178,0.6153846153846154,0.43922736190213446,0.26102610261026105,0.0618171747268699,0.6906077348066298,medium,0.7704
177313864,0,0.7279,16,0.21371629225544067,0.5,137.97,144.26,137.97,,0.0,0.6597899474868717,0.9230769230769231,0.2897896856148199,0.49994999499949994,0.13155130262052106,0.6906077348066298,medium,0.9965
177313881,0,0.6481,12,0.31092340690943077,0.2704,59.86,66.57,59.86,,0.0,0.5600150037509377,0.6153846153846154,0.4215987494002942,0.2703270327032703,0.05695622278248912,0.6906077348066298,medium,0.9517
177313881,0,0.8224,16,0.19880224678978997,0.5,98.16,109.08,98.16,,0.0,0.7779444861215304,0.9230769230769231,0.269566820477029,0.49994999499949994,0.09353273741309498,0.6906077348066298,medium,0.7781
28797491,0,0.6177,12,0.34442663926286965,0.5,118.34,128.46,118.34,0.5525,0.0,0.5220055013753438,0.6153846153846154,0.4670278283932558,0.49994999499949994,0.11280464512185806,0.6906077348066298,medium,0.9998
553116325,0,0.7407,8,0.18484267639730667,0.5,66.95,75.99,66.95,0.485,0.0,0.6757939484871217,0.3076923076923077,0.25063818638650853,0.49994999499949994,0.0637271754908702,0.5414364640883977,low,0.8877
177313864,0,0.7213,12,0.32392423179538976,0.2611,64.95,73.22,64.95,,0.0,0.6515378844711178,0.6153846153846154,0.43922736190213446,0.26102610261026105,0.0618171747268699,0.6906077348066298,medium,0.7704
335710002,0,0.89,7,0.043344970009828815,0.0293,79.46,86.11,79.46,0.485,0.0,0.8624656164041009,0.23076923076923078,0.058772804175415215,0.029202920292029203,0.07567423026969211,0.5414364640883977,low,1.0
28797491,0,0.7007,16,0.23209732404741953,0.5,133.49,141.71,133.49,0.5525,0.0,0.6257814453613402,0.9230769230769231,0.3147136492622927,0.49994999499949994,0.12727290090916038,0.6906077348066298,medium,0.999
28797491,0,0.6177,12,0.34442663926286965,0.5,118.34,128.46,118.34,0.5525,0.0,0.5220055013753438,0.6153846153846154,0.4670278283932558,0.49994999499949994,0.11280464512185806,0.6906077348066298,medium,0.9998
177313864,0,0.7279,16,0.2137162922554407,0.5,137.97,144.26,137.97,,0.0,0.6597899474868717,0.9230769230769231,0.28978968561481994,0.49994999499949994,0.13155130262052106,0.6906077348066298,medium,0.9965
177313864,0,0.6182,14,0.32963321404471185,0.5,91.43,100.72,91.43,,0.0,0.5226306576644161,0.7692307692307693,0.4469685196160482,0.49994999499949994,0.08710558484223395,0.6906077348066298,medium,0.9999
27889666,0,0.65,16,0.2600527899426013,0.5,135.97,141.63,135.97,,0.0,0.5623905976494123,0.9230769230769231,0.3526201728788685,0.49994999499949994,0.12964130185652076,0.6906077348066298,medium,0.9999
27889666,0,0.6434,14,0.19041590817958254,0.5,177.24,184.6,177.24,,0.0,0.5541385346336584,0.7692307692307693,0.25819527175105267,0.49994999499949994,0.16905416762166708,0.6906077348066298,medium,0.9989
28797491,0,0.5625,16,0.37879024649408105,0.5,186.53,193.26,186.53,0.5525,0.0,0.45298824706176544,0.9230769230769231,0.513623542231284,0.49994999499949994,0.17792612117044848,0.6906077348066298,medium,0.9125
28797491,0,0.7007,16,0.2320973240474195,0.5,133.49,141.71,133.49,0.5525,0.0,0.6257814453613402,0.9230769230769231,0.31471364926229267,0.49994999499949994,0.12727290090916038,0.6906077348066298,medium,0.999
28797491,0,0.678,12,0.37536540469828356,0.5,62.56,77.37,62.56,0.5525,0.0,0.5973993498374593,0.6153846153846154,0.5089795900645699,0.49994999499949994,0.05953472381388954,0.6906077348066298,medium,0.9982
177313881,0,0.7371,14,0.1837541914894333,0.5,101.53,113.86,101.53,,0.0,0.6712928232058013,0.7692307692307693,0.2491622432195696,0.49994999499949994,0.09675108870043549,0.6906077348066298,medium,0.8398
177313881,0,0.6686,13,0.3651936556806934,0.5,36.64,48.01,36.64,,0.0,0.5856464116029007,0.6923076923076923,0.49518709432141655,0.49994999499949994,0.03478111391244557,0.6906077348066298,medium,0.9985
28797496,0,0.6995,12,0.26589612729337536,0.5,133.53,137.86,133.53,,0.0,0.6242810702675669,0.6153846153846154,0.3605435108807193,0.49994999499949994,0.1273111009244404,0.6906077348066298,medium,0.9869
28798453,0,0.8498,8,0.05772762276809635,0.5,105.16,105.16,105.57,0.485,0.0,0.8122030507626905,0.3076923076923077,0.07827512148590024,0.49994999499949994,0.10021774008709604,0.5414364640883977,low,0.9997
28797496,0,0.7349,14,0.21537845597418023,0.5,154.48,164.06,154.48,,0.0,0.6685421355338833,0.7692307692307693,0.2920435149194453,0.49994999499949994,0.14731835892734357,0.6906077348066298,medium,0.9842
28797496,0,0.6995,12,0.26589612729337525,0.5,133.53,137.86,133.53,,0.0,0.6242810702675669,0.6153846153846154,0.3605435108807191,0.49994999499949994,0.1273111009244404,0.6906077348066298,medium,0.9869
177313881,0,0.6829,16,0.32637400526074306,0.5,134.85,142.84,134.85,,0.0,0.6035258814703675,0.9230769230769231,0.4425491593662819,0.49994999499949994,0.12857170142868057,0.6906077348066298,medium,0.9999
177313881,0,0.7371,14,0.18375419148943328,0.5,101.53,113.86,101.53,,0.0,0.6712928232058013,0.7692307692307693,0.24916224321956956,0.49994999499949994,0.09675108870043549,0.6906077348066298,medium,0.8398
28797491,0,0.8383,14,0.20790011378203735,0.5,117.53,129.99,117.53,0.5525,0.0,0.7978244561140286,0.7692307692307693,0.2819031739935529,0.49994999499949994,0.11203109481243793,0.6906077348066298,low,0.5583
28797496,0,0.7812,14,0.1633975650356038,0.5,138.53,148.48,138.53,,0.0,0.7264316079019754,0.7692307692307693,0.22155945010858458,0.49994999499949994,0.13208610283444114,0.6906077348066298,medium,0.6757
28797491,0,0.5625,16,0.37879024649408094,0.5,186.53,193.26,186.53,0.5525,0.0,0.45298824706176544,0.9230769230769231,0.5136235422312839,0.49994999499949994,0.17792612117044848,0.6906077348066298,medium,0.9125
28797496,0,0.6233,14,0.3794635775040357,0.5,152.45,165.68,152.45,,0.0,0.5290072518129532,0.7692307692307693,0.5145365528720768,0.49994999499949994,0.14537970815188325,0.6906077348066298,medium,0.999
28797496,0,0.7812,14,0.1633975650356038,0.5,138.53,148.48,138.53,,0.0,0.7264316079019754,0.7692307692307693,0.22155945010858458,0.49994999499949994,0.13208610283444114,0.6906077348066298,medium,0.6757
28797498,0,0.6154,14,0.43408436353537777,0.5,159.09,161.86,159.09,,0.0,0.5191297824456113,0.7692307692307693,0.5886002126735704,0.49994999499949994,0.1517209106883643,0.6906077348066298,medium,0.9873
28797498,0,0.8222,12,0.18312106037414908,0.5,111.67,119.19,111.67,,0.0,0.7776944236059016,0.6153846153846154,0.2483037420712111,0.49994999499949994,0.10643479257391704,0.6906077348066298,low,0.9219
28797498,0,0.6222,14,0.36639818910440863,0.5,87.84,93.85,87.84,,0.0,0.5276319079769942,0.7692307692307693,0.4968203947587699,0.49994999499949994,0.0836771334708534,0.6906077348066298,medium,0.9999
177313864,0,0.6182,14,0.32963321404471185,0.5,91.43,100.72,91.43,,0.0,0.5226306576644161,0.7692307692307693,0.4469685196160482,0.49994999499949994,0.08710558484223395,0.6906077348066298,medium,0.9999
177313864,0,0.6241,11,0.3002743140171095,0.5,38.03,44.68,38.03,,0.0,0.5300075018754689,0.5384615384615384,0.4071589939431169,0.49994999499949994,0.036108564443425785,0.6906077348066298,medium,0.9836
27889666,0,0.65,16,0.2600527899426013,0.5,135.97,141.63,135.97,,0.0,0.5623905976494123,0.9230769230769231,0.3526201728788685,0.49994999499949994,0.12964130185652076,0.6906077348066298,medium,0.9999
27889666,0,0.6904,12,0.31954085823243134,0.5,111.11,111.91,111.11,,0.0,0.6129032258064516,0.6153846153846154,0.43328367796899725,0.49994999499949994,0.10589999235999696,0.6906077348066298,medium,0.9963
28797498,0,0.6154,14,0.43408436353537777,0.5,159.09,161.86,159.09,,0.0,0.5191297824456113,0.7692307692307693,0.5886002126735704,0.49994999499949994,0.1517209106883643,0.6906077348066298,medium,0.9873
28797498,0,0.6222,14,0.36639818910440863,0.5,87.84,93.85,87.84,,0.0,0.5276319079769942,0.7692307692307693,0.4968203947587699,0.49994999499949994,0.0836771334708534,0.6906077348066298,medium,0.9999
28797500,0,0.8341,12,0.20310256112174604,0.5,84.93,95.81,84.93,,0.0,0.7925731432858213,0.6153846153846154,0.2753978793259208,0.49994999499949994,0.08089808235923296,0.6906077348066298,low,0.9509
28797498,0,0.8222,12,0.18312106037414908,0.5,111.67,119.19,111.67,,0.0,0.7776944236059016,0.6153846153846154,0.2483037420712111,0.49994999499949994,0.10643479257391704,0.6906077348066298,low,0.9219
28797500,0,0.6619,12,0.34769895346677887,0.5,79.29,81.42,79.29,,0.0,0.5772693173293324,0.6153846153846154,0.47146495908234654,0.49994999499949994,0.0755118802047521,0.6906077348066298,medium,0.9984
28797500,0,0.6619,12,0.34769895346677887,0.5,79.29,81.42,79.29,,0.0,0.5772693173293324,0.6153846153846154,0.47146495908234654,0.49994999499949994,0.0755118802047521,0.6906077348066298,medium,0.9984
28798449,0,0.6806,12,0.30288368864325793,0.5,113.64,115.37,113.64,,0.0,0.6006501625406351,0.6153846153846154,0.41069720436899415,0.49994999499949994,0.10831614332645734,0.6906077348066298,medium,0.9957
28798449,0,0.686,13,0.268898002377266,0.5,16.78,16.78,19.11,,0.0,0.6074018504626156,0.6923076923076923,0.36461393664962494,0.49994999499949994,0.015814806325922533,0.6906077348066298,medium,0.9249
28797491,0,0.8383,14,0.20790011378203735,0.5,117.53,129.99,117.53,0.5525,0.0,0.7978244561140286,0.7692307692307693,0.2819031739935529,0.49994999499949994,0.11203109481243793,0.6906077348066298,low,0.5583
28797500,0,0.8341,12,0.20310256112174604,0.5,84.93,95.81,84.93,,0.0,0.7925731432858213,0.6153846153846154,0.2753978793259208,0.49994999499949994,0.08089808235923296,0.6906077348066298,low,0.9509
28797491,0,0.678,12,0.3753654046982836,0.5,62.56,77.37,62.56,0.5525,0.0,0.5973993498374593,0.6153846153846154,0.5089795900645699,0.49994999499949994,0.05953472381388954,0.6906077348066298,medium,0.9982
28016726,0,0.6724,6,0.20664184601136543,0.5,172.47,179.85,172.47,,0.0,0.5903975993998499,0.15384615384615385,0.2801970118732796,0.49994999499949994,0.16449881579952633,0.6906077348066298,low,0.7329
28016733,0,0.5139,7,0.44815560085415335,0.5,148.65,148.76,148.65,,0.0,0.392223055763941,0.23076923076923078,0.6076802627696248,0.49994999499949994,0.1417507067002827,0.6906077348066298,medium,0.9997
28797501,0,0.6097,12,0.41725068938023113,0.5,43.37,49.5,43.37,,0.0,0.5120030007501876,0.6153846153846154,0.5657744057523634,0.49994999499949994,0.041208266483306596,0.6906077348066298,medium,0.9999
28797504,0,0.5583,12,0.39155095266024015,0.5,97.67,101.15,97.67,,0.0,0.44773693423355837,0.6153846153846154,0.5309265630954458,0.49994999499949994,0.09306478722591491,0.6906077348066298,medium,0.9998
28797501,0,0.718,12,0.20646558377423554,0.5,112.3,119.52,112.3,,0.0,0.6474118529632408,0.6153846153846154,0.27995800714055485,0.49994999499949994,0.10703644281457714,0.6906077348066298,medium,0.8016
28797501,0,0.6097,12,0.41725068938023113,0.5,43.37,49.5,43.37,,0.0,0.5120030007501876,0.6153846153846154,0.5657744057523634,0.49994999499949994,0.041208266483306596,0.6906077348066298,medium,0.9999
44289550,0,0.7484,12,0.24773562500835836,0.5,35.35,35.72,35.35,0.5525,0.0,0.6854213553388346,0.6153846153846154,0.3359185766608061,0.49994999499949994,0.03354916341966537,0.6906077348066298,low,0.5996
44289550,0,0.671,12,0.34589221945974336,0.5,21.87,21.87,23.12,0.5525,0.0,0.5886471617904476,0.6153846153846154,0.4690150980940392,0.49994999499949994,0.020675758270303313,0.6906077348066298,medium,0.9891
28797504,0,0.7122,12,0.2009076796632635,0.5,116.11,116.11,117.91,,0.0,0.6401600400100025,0.6153846153846154,0.27242170550168515,0.49994999499949994,0.11067499426999772,0.6906077348066298,medium,0.819
28810232,0,0.7164,12,0.3368219056234212,0.5,129.73,143.08,129.73,,0.0,0.6454113528382095,0.6153846153846154,0.45671610558447207,0.49994999499949994,0.1236820994728398,0.6906077348066298,medium,0.9971
28810232,0,0.5778,12,0.5311032809769466,0.5,97.11,97.11,98.28,,0.0,0.4721180295073768,0.6153846153846154,0.7201540883643812,0.49994999499949994,0.09252998701199482,0.6906077348066298,medium,0.9669
28810232,0,0.5773,12,0.4957725882247052,0.5,74.48,74.48,75.48,,0.0,0.4714928732183046,0.6153846153846154,0.6722470442026294,0.49994999499949994,0.07091832836733136,0.6906077348066298,medium,0.9959
44289550,0,0.5127,12,0.3970687177771091,0.5,75.39,75.39,75.72,0.5525,0.0,0.3907226806701676,0.6153846153846154,0.5384084378206803,0.49994999499949994,0.0717873787149515,0.6906077348066298,medium,0.9995
44289550,0,0.7484,12,0.24773562500835838,0.5,35.35,35.72,35.35,0.5525,0.0,0.6854213553388346,0.6153846153846154,0.33591857666080616,0.49994999499949994,0.03354916341966537,0.6906077348066298,low,0.5996
28797504,0,0.7122,12,0.2009076796632635,0.5,116.11,116.11,117.91,,0.0,0.6401600400100025,0.6153846153846154,0.27242170550168515,0.49994999499949994,0.11067499426999772,0.6906077348066298,medium,0.819
28797504,0,0.5583,12,0.39155095266024015,0.5,97.67,101.15,97.67,,0.0,0.44773693423355837,0.6153846153846154,0.5309265630954458,0.49994999499949994,0.09306478722591491,0.6906077348066298,medium,0.9998
28797514,0,0.5953,12,0.5248465451390881,0.5,69.0,69.0,73.93,,0.0,0.4939984996249063,0.6153846153846154,0.7116701981051481,0.49994999499949994,0.06568492627397052,0.6906077348066298,medium,0.9931
28798620,0,0.8622,9,0.1615484400029795,0.5,99.99,113.25,99.99,0.5925,0.0,0.8277069267316828,0.38461538461538464,0.21905210853960522,0.49994999499949994,0.09528038811215525,0.7790055248618785,low,0.9999
44289550,0,0.8768,12,0.03688323133721207,0.5,63.29,63.29,66.19,0.5525,0.0,0.8459614903725932,0.6153846153846154,0.050010938051770884,0.49994999499949994,0.060231874092749646,0.6906077348066298,low,0.9999
44289550,0,0.7495,12,0.1480016537707264,0.5,1.42,1.42,10.13,0.5525,0.0,0.6867966991747938,0.6153846153846154,0.20068319370316492,0.49994999499949994,0.0011460004584001834,0.6906077348066298,low,0.9874
28797516,0,0.64,12,0.4352738755569435,0.5,170.32,179.11,170.32,0.5925,0.0,0.5498874718679669,0.6153846153846154,0.5902131446743014,0.49994999499949994,0.16244556497822601,0.7790055248618785,medium,0.9997
28797496,0,0.6233,14,0.37946357750403564,0.5,152.45,165.68,152.45,,0.0,0.5290072518129532,0.7692307692307693,0.5145365528720767,0.49994999499949994,0.14537970815188325,0.6906077348066298,medium,0.999
28797496,0,0.7349,14,0.21537845597418023,0.5,154.48,164.06,154.48,,0.0,0.6685421355338833,0.7692307692307693,0.2920435149194453,0.49994999499949994,0.14731835892734357,0.6906077348066298,medium,0.9842
27889666,0,0.8426,14,0.1571912092476309,0.5,131.97,142.0,131.97,,0.0,0.80320080020005,0.7692307692307693,0.21314387323600545,0.49994999499949994,0.12582130032852015,0.6906077348066298,low,0.8156
28797516,0,0.64,12,0.4352738755569435,0.5,170.32,179.11,170.32,0.5925,0.0,0.5498874718679669,0.6153846153846154,0.5902131446743014,0.49994999499949994,0.16244556497822601,0.7790055248618785,medium,0.9997
27889666,0,0.6434,14,0.19041590817958254,0.5,177.24,184.6,177.24,,0.0,0.5541385346336584,0.7692307692307693,0.25819527175105267,0.49994999499949994,0.16905416762166708,0.6906077348066298,medium,0.9989
28016796,0,0.7835,10,0.07850211088037311,0.5,172.94,172.94,184.27,,0.0,0.7293073268317077,0.46153846153846156,0.1064445187409114,0.49994999499949994,0.1649476659790664,0.6906077348066298,low,0.9897
28016796,0,0.8488,11,0.018035981301489614,0.5,166.95,173.2,166.95,,0.0,0.8109527381845462,0.5384615384615384,0.024454800612839587,0.49994999499949994,0.1592272136908855,0.6906077348066298,low,0.9995
28797540,0,0.8155,12,0.1766106093990557,0.5,55.97,63.34,55.97,,0.0,0.769317329332333,0.6153846153846154,0.23947582396148392,0.49994999499949994,0.053241271296508526,0.6906077348066298,low,0.9819
106467007,0,0.8747,12,0.02677468130400827,0.5,8.29,8.29,14.36,,0.0,0.8433358339584897,0.6153846153846154,0.036304137671491044,0.49994999499949994,0.007706853082741233,0.6906077348066298,low,1.0
106467007,0,0.8899,11,0.1315639650165671,0.5,37.98,37.98,38.75,,0.0,0.8623405851462864,0.5384615384615384,0.17839432757237889,0.49994999499949994,0.03606081442432577,0.6906077348066298,low,0.9999
28797540,0,0.597,12,0.34156099832253567,0.5,128.52,140.41,128.52,,0.0,0.4961240310077519,0.6153846153846154,0.4631421308202413,0.49994999499949994,0.12252654901061963,0.6906077348066298,medium,0.9999
28797541,0,0.6643,12,0.3361454358396262,0.5,98.75,109.44,98.75,,0.0,0.5802700675168792,0.6153846153846154,0.45579883888852535,0.49994999499949994,0.09409618763847506,0.6906077348066298,medium,0.9985
28797540,0,0.8155,12,0.1766106093990557,0.5,55.97,63.34,55.97,,0.0,0.769317329332333,0.6153846153846154,0.23947582396148392,0.49994999499949994,0.053241271296508526,0.6906077348066298,low,0.9819
28797418,0,0.6388,12,0.3091668186847829,0.5,139.74,151.4,139.74,,0.0,0.5483870967741935,0.6153846153846154,0.41921688414103236,0.49994999499949994,0.13324165329666135,0.6906077348066298,medium,0.9995
28797540,0,0.597,12,0.34156099832253567,0.5,128.52,140.41,128.52,,0.0,0.4961240310077519,0.6153846153846154,0.4631421308202413,0.49994999499949994,0.12252654901061963,0.6906077348066298,medium,0.9999
28797418,0,0.6513,10,0.28874125359443115,0.5,158.11,169.16,158.11,,0.0,0.5640160040010002,0.46153846153846156,0.3915206129222875,0.49994999499949994,0.15078501031400415,0.6906077348066298,medium,0.9952
28797541,0,0.6643,12,0.3361454358396262,0.5,98.75,109.44,98.75,,0.0,0.5802700675168792,0.6153846153846154,0.45579883888852535,0.49994999499949994,0.09409618763847506,0.6906077348066298,medium,0.9985
28797543,0,0.5481,12,0.5203777964559065,0.5,137.76,145.02,137.76,,0.0,0.43498374593648415,0.6153846153846154,0.7056107488321256,0.49994999499949994,0.131350752540301,0.6906077348066298,medium,0.8506
28797543,0,0.6418,12,0.4227368096783414,0.5,98.1,102.51,98.1,,0.0,0.5521380345086272,0.6153846153846154,0.5732133713351024,0.49994999499949994,0.09347543739017496,0.6906077348066298,medium,0.9999
28797418,0,0.6235,12,0.32197217969723346,0.5,142.7,152.4,142.7,,0.0,0.5292573143285821,0.6153846153846154,0.43658045523862216,0.49994999499949994,0.13606845442738177,0.6906077348066298,medium,0.9998
28797543,0,0.5481,12,0.5203777964559065,0.5,137.76,145.02,137.76,,0.0,0.43498374593648415,0.6153846153846154,0.7056107488321256,0.49994999499949994,0.131350752540301,0.6906077348066298,medium,0.8506
28797418,0,0.5674,12,0.40615436454473425,0.5,122.68,122.68,129.98,,0.0,0.45911477869467365,0.6153846153846154,0.5507282211882759,0.49994999499949994,0.11694934677973873,0.6906077348066298,medium,0.9993
28797544,0,0.8698,8,0.08947601803806676,0.5,47.68,55.59,47.68,,0.0,0.8372093023255813,0.3076923076923077,0.12132470969887789,0.49994999499949994,0.04532431812972726,0.6906077348066298,low,1.0
106467007,0,0.8489,10,0.11583478373220242,0.5,52.37,52.37,54.76,,0.0,0.8110777694423605,0.46153846153846156,0.15706616999272158,0.49994999499949994,0.04980326992130797,0.6906077348066298,low,0.9998
28797544,0,0.8698,8,0.08947601803806676,0.5,47.68,55.59,47.68,,0.0,0.8372093023255813,0.3076923076923077,0.12132470969887789,0.49994999499949994,0.04532431812972726,0.6906077348066298,low,1.0
106467007,0,0.8747,12,0.02677468130400827,0.5,8.29,8.29,14.36,,0.0,0.8433358339584897,0.6153846153846154,0.036304137671491044,0.49994999499949994,0.007706853082741233,0.6906077348066298,low,1.0
28797547,0,0.8742,8,0.053168594766570154,0.5,117.55,120.88,117.55,,0.0,0.8427106776694172,0.3076923076923077,0.07209325697123055,0.49994999499949994,0.11205019482007794,0.6906077348066298,low,1.0
28797545,0,0.7927,10,0.1658816798060209,0.5,151.41,161.88,151.41,,0.0,0.7408102025506377,0.46153846153846156,0.22492781304569914,0.49994999499949994,0.14438650775460313,0.6906077348066298,low,0.9434
28797547,0,0.908,12,0.14611135559019778,0.5,36.45,45.21,36.45,,0.0,0.8849712428107026,0.6153846153846154,0.198120022948249,0.49994999499949994,0.03459966383986554,0.6906077348066298,low,0.9997
28016640,0,0.8676,9,0.03854666957639331,0.5,266.32,276.29,266.32,,0.0,0.8344586146536633,0.38461538461538464,0.05226649555650582,0.49994999499949994,0.2541256016502407,0.6906077348066298,low,0.9987
28797545,0,0.7927,10,0.16588167980602092,0.5,151.41,161.88,151.41,,0.0,0.7408102025506377,0.46153846153846156,0.2249278130456992,0.49994999499949994,0.14438650775460313,0.6906077348066298,low,0.9434
28797547,0,0.908,12,0.14611135559019778,0.5,36.45,45.21,36.45,,0.0,0.8849712428107026,0.6153846153846154,0.198120022948249,0.49994999499949994,0.03459966383986554,0.6906077348066298,low,0.9997
28810207,0,1.0,12,0.14611135559019778,0.5,18.91,24.38,18.91,,0.0,1.0,0.6153846153846154,0.198120022948249,0.49994999499949994,0.017848957139582858,0.6906077348066298,low,1.0
28810207,0,0.7445,12,0.11128709732758059,0.7486,87.59,96.83,87.59,,0.0,0.680545136284071,0.6153846153846154,0.1508996842419944,0.7485748574857486,0.08343838337535336,0.6906077348066298,low,0.6321
28797547,0,0.8742,8,0.053168594766570154,0.5,117.55,120.88,117.55,,0.0,0.8427106776694172,0.3076923076923077,0.07209325697123055,0.49994999499949994,0.11205019482007794,0.6906077348066298,low,1.0
1451368043,0,1.0,9,0.04862510786373604,0.5,35.82,35.82,37.49,,0.0,1.0,0.38461538461538464,0.06593246558146629,0.49994999499949994,0.03399801359920544,0.6906077348066298,low,1.0
1451368044,0,0.6814,11,0.15578893156384288,0.5,62.24,62.24,63.84,0.5075,0.0,0.6016504126031508,0.5384615384615384,0.2112424392789821,0.49994999499949994,0.05922912369164949,0.5911602209944751,medium,0.629
23015299,0,0.9968,11,0.10114519774904747,0.5,33.11,33.11,34.21,,0.0,0.9959989997499373,0.5384615384615384,0.1371476631763442,0.49994999499949994,0.03140996256398503,0.6906077348066298,low,1.0
23198503,0,0.6164,9,0.42539236408950915,0.5,152.39,152.39,156.01,0.6925,0.0,0.5203800950237558,0.38461538461538464,0.576814199751966,0.49994999499949994,0.14532240812896324,1.0,medium,0.9761
67623854,0,0.8341,9,0.10114519774904747,0.5,12.2,12.2,16.88,0.5075,0.0,0.7925731432858213,0.38461538461538464,0.1371476631763442,0.49994999499949994,0.01144090457636183,0.5911602209944751,low,0.9999
23198471,0,0.8484,7,0.10114519774904747,0.5,20.89,20.89,22.82,0.5925,0.0,0.8104526131532884,0.23076923076923078,0.1371476631763442,0.49994999499949994,0.019739857895943163,0.7790055248618785,low,1.0
67623854,0,0.6858,10,0.10825577350553274,0.5,17.83,17.83,19.56,0.5075,0.0,0.6071517879469867,0.46153846153846156,0.14678932713040893,0.49994999499949994,0.016817556727022693,0.5911602209944751,low,0.9593
23198527,0,0.6563,9,0.34897678626346607,0.5,129.19,132.16,129.19,0.5925,0.0,0.5702675668917229,0.38461538461538464,0.4731976506163484,0.49994999499949994,0.12316639926655971,0.7790055248618785,medium,0.9746
255493294,0,0.6632,9,0.2875233061897132,0.5,187.02,187.02,190.71,0.5525,0.0,0.5788947236809202,0.38461538461538464,0.38986912364881976,0.49994999499949994,0.17839407135762858,0.6906077348066298,medium,0.992
260660843,0,0.6571,9,0.29422261878255157,0.5435,75.71,78.66,75.71,0.5525,0.0,0.5712678169542386,0.38461538461538464,0.39895313076096806,0.5434543454345434,0.07209297883719154,0.6906077348066298,medium,0.928
67623854,0,0.7587,9,0.113244666379765,0.5,72.48,72.48,73.33,0.5075,0.0,0.6982995748937234,0.38461538461538464,0.15355407168042717,0.49994999499949994,0.06900832760333106,0.5911602209944751,low,0.9902
255493294,0,0.6632,9,0.28752330618971317,0.5,187.02,187.02,190.71,0.5525,0.0,0.5788947236809202,0.38461538461538464,0.3898691236488197,0.49994999499949994,0.17839407135762858,0.6906077348066298,medium,0.992
28797560,0,0.6574,8,0.2816562386084793,0.0106,105.33,105.33,112.6,,0.0,0.5716429107276819,0.3076923076923077,0.38191360837813987,0.010501050105010502,0.10038009015203607,0.6906077348066298,low,0.9553
"[260660817, 769579727]",0,0.7158,8,0.19424427066133335,0.0067,137.45,139.58,137.45,0.5925,0.0,0.6446611652913229,0.3076923076923077,0.26338638226129857,0.006600660066006601,0.13105470242188097,0.7790055248618785,low,0.9997
243982968,0,0.7282,9,0.16199639520739825,0.5,88.48,88.48,88.57,0.5925,0.0,0.660165041260315,0.38461538461538464,0.21965951836060893,0.49994999499949994,0.0842883337153335,0.7790055248618785,low,0.9948
23198471,0,0.6587,8,0.35795177232751124,0.5,119.91,119.91,121.15,0.5925,0.0,0.5732683170792697,0.3076923076923077,0.4853673823772418,0.49994999499949994,0.1143039957215983,0.7790055248618785,medium,0.9358
28797565,0,0.6513,9,0.35263213438057295,0.5,85.82,85.82,90.51,0.5925,0.0,0.5640160040010002,0.38461538461538464,0.47815416038254044,0.49994999499949994,0.08174803269921309,0.7790055248618785,medium,0.9378
28797553,0,0.6331,8,0.3137905717559605,0.5,97.74,106.06,97.74,0.5525,0.0,0.5412603150787697,0.3076923076923077,0.4254865133307936,0.49994999499949994,0.0931316372526549,0.6906077348066298,medium,0.9588
398948258,0,0.8544,11,0.11295476395241795,0.5,71.56,77.42,71.56,0.4725,0.0,0.8179544886221556,0.5384615384615384,0.15316097527309355,0.49994999499949994,0.06812972725189091,0.5138121546961325,low,0.9866
"[196678826, 398948258]",0,0.8376,11,0.09645353795122953,0.5,210.01,217.77,210.01,0.4725,0.0,0.7969492373093272,0.5384615384615384,0.13078595510845695,0.49994999499949994,0.20034953013981208,0.5138121546961325,low,0.6159
127226187,0,0.9386,11,0.16623073579621167,0.3557,76.45,84.57,76.45,0.5525,0.0,0.9232308077019253,0.5384615384615384,0.22540111938175827,0.35563556355635567,0.07279967911987166,0.6906077348066298,low,0.9999
28797569,0,0.7703,8,0.1691878581620114,0.5,26.6,35.15,26.6,0.5525,0.0,0.7128032008002001,0.3076923076923077,0.22941086220688542,0.49994999499949994,0.025192910077164034,0.6906077348066298,low,0.9993
196678825,0,0.7748,8,0.10960607439786134,0.2831,62.9,69.22,62.9,0.5525,0.0,0.7184296074018504,0.3076923076923077,0.14862028258135562,0.2830283028302831,0.059859423943769585,0.6906077348066298,low,1.0
44532644,0,0.438,7,0.4791214342054215,0.5,36.35,36.35,37.41,0.5525,0.0,0.2973243310827707,0.23076923076923078,0.649668727481247,0.49994999499949994,0.03450416380166553,0.6906077348066298,medium,0.9998
23009302,0,0.6905,9,0.13667683148212342,0.5802,12.23,12.23,13.18,0.5525,0.0,0.613028257064266,0.38461538461538464,0.18532717548669006,0.5801580158015802,0.011469554587821836,0.6906077348066298,low,0.9898
28797574,0,0.6911,8,0.3579352934648304,0.5477,56.98,56.98,65.4,,0.0,0.6137784446111528,0.3076923076923077,0.48534503768086906,0.5476547654765477,0.054205821682328674,0.6906077348066298,medium,0.8866
260660821,0,0.8081,10,0.29229896960785334,0.5,9.17,9.17,9.88,0.5075,0.0,0.7600650162540636,0.46153846153846156,0.39634473735611075,0.49994999499949994,0.008547253418901368,0.5911602209944751,low,0.8283
28797575,0,0.7063,8,0.2991967615042717,0.2199,189.76,194.32,189.76,,0.0,0.6327831957989497,0.3076923076923077,0.40569787467831414,0.21982198219821986,0.18101077240430896,0.6906077348066298,medium,0.5824
28797575,0,0.7063,8,0.2991967615042717,0.2199,189.76,194.32,189.76,,0.0,0.6327831957989497,0.3076923076923077,0.40569787467831414,0.21982198219821986,0.18101077240430896,0.6906077348066298,medium,0.5824
127226187,0,0.8868,11,0.2991967615042717,0.2199,157.11,165.41,157.11,0.5525,0.0,0.8584646161540386,0.5384615384615384,0.40569787467831414,0.21982198219821986,0.14983000993200402,0.6906077348066298,low,0.9643
127226187,0,0.8426,12,0.1723551305142181,0.2199,234.61,242.99,234.61,0.5525,0.0,0.80320080020005,0.6153846153846154,0.23370556023371186,0.21982198219821986,0.22384253953701586,0.6906077348066298,low,0.9383
28797577,0,0.7315,10,0.27994389236952305,0.1687,215.54,220.35,215.54,,0.0,0.6642910727681921,0.46153846153846156,0.3795917335294028,0.16861686168616863,0.2056306822522729,0.6906077348066298,medium,0.736
127226187,0,0.8426,12,0.1723551305142181,0.2199,234.61,242.99,234.61,0.5525,0.0,0.80320080020005,0.6153846153846154,0.23370556023371186,0.21982198219821986,0.22384253953701586,0.6906077348066298,low,0.9383
127226187,0,0.8061,12,0.18924466622371366,0.1687,268.81,276.57,268.81,0.5525,0.0,0.7575643910977745,0.6153846153846154,0.2566071132482634,0.16861686168616863,0.25650355260142105,0.6906077348066298,low,0.6603
28797579,0,0.5198,6,0.36368003153296913,0.6159,129.54,129.54,135.93,,0.0,0.3995998999749938,0.15384615384615385,0.49313467889334034,0.6158615861586159,0.12350064940025976,0.6906077348066298,medium,0.9997
260660810,0,0.7273,8,0.20641217686242605,0.148,138.26,138.26,140.11,0.485,0.0,0.6590397599399849,0.3076923076923077,0.2798855894469494,0.1479147914791479,0.1318282527313011,0.5414364640883977,low,0.9204
28797579,0,0.5198,6,0.36368003153296913,0.6159,129.54,129.54,135.93,,0.0,0.3995998999749938,0.15384615384615385,0.49313467889334034,0.6158615861586159,0.12350064940025976,0.6906077348066298,medium,0.9997
259376657,0,1.0,9,0.1778961045058551,1.0,156.32,156.32,163.5,,0.0,1.0,0.38461538461538464,0.24121890528975048,1.0,0.14907555963022387,0.6906077348066298,low,0.9907
260660810,0,0.7153,9,0.1778961045058551,1.0,168.53,168.53,175.64,0.485,0.0,0.6440360090022507,0.38461538461538464,0.24121890528975048,1.0,0.16073611429444573,0.5414364640883977,medium,0.9991
260660840,0,0.4847,12,0.31721106911577845,0.8904,86.2,92.5,86.2,0.5525,0.0,0.3557139284821205,0.6153846153846154,0.4301245746114222,0.8903890389038903,0.08211093284437315,0.6906077348066298,medium,0.9922
67625616,0,0.775,11,0.16166000496591054,0.5926,22.69,22.69,24.48,,0.0,0.7186796699174793,0.5384615384615384,0.21920338628679015,0.5925592559255926,0.021458858583543437,0.6906077348066298,low,0.9845
260660812,0,0.6185,13,0.26044617694746275,0.7666,57.54,57.54,57.91,0.5525,0.0,0.5230057514378595,0.6923076923076923,0.35315359034528265,0.7665766576657665,0.054740621896248766,0.6906077348066298,medium,0.9997
260660841,0,0.842,14,0.0375482348781253,0.5,83.12,83.12,84.58,,0.0,0.8024506126531631,0.7692307692307693,0.05091265696868146,0.49994999499949994,0.07916953166781268,0.6906077348066298,low,0.9983
738125516,0,0.8644,11,0.05935893962520631,0.8158,189.17,189.17,193.55,,0.0,0.8304576144036007,0.5384615384615384,0.08048712364683774,0.8157815781578157,0.1804473221789289,0.6906077348066298,low,0.9601
"[738125518, 261900694]",0,0.8549,9,0.07185934549458647,0.5,142.2,151.76,142.2,0.5525,0.0,0.8185796449112278,0.38461538461538464,0.0974371874404843,0.49994999499949994,0.1355909542363817,0.6906077348066298,low,0.9998
738125516,0,0.8644,11,0.05935893962520631,0.8158,189.17,189.17,193.55,,0.0,0.8304576144036007,0.5384615384615384,0.08048712364683774,0.8157815781578157,0.1804473221789289,0.6906077348066298,low,0.9601
28797592,0,0.7872,13,0.19056226332391024,0.5838,145.78,145.78,151.39,,0.0,0.7339334833708426,0.6923076923076923,0.25839372363004,0.5837583758375837,0.13900985560394225,0.6906077348066298,medium,0.8127
260660841,0,0.842,14,0.0375482348781253,0.5,83.12,83.12,84.58,,0.0,0.8024506126531631,0.7692307692307693,0.05091265696868146,0.49994999499949994,0.07916953166781268,0.6906077348066298,low,0.9983
738125517,0,0.8019,12,0.09769830659743553,0.7168,124.14,130.57,124.14,0.5525,0.0,0.7523130782695672,0.6153846153846154,0.13247381294139376,0.7167716771677167,0.11834364733745895,0.6906077348066298,low,0.8789
28797592,0,0.7872,13,0.1905622633239102,0.5838,145.78,145.78,151.39,,0.0,0.7339334833708426,0.6923076923076923,0.25839372363004,0.5837583758375837,0.13900985560394225,0.6906077348066298,medium,0.8127
28797594,0,0.8191,12,0.15190034705127844,1.0,176.01,176.01,177.44,0.6525,0.0,0.7738184546136534,0.6153846153846154,0.20596967003903247,1.0,0.16787951715180688,0.9116022099447513,low,0.6875
28797594,0,0.9432,12,0.029112342133239835,0.5,136.05,136.05,141.76,0.6525,0.0,0.9289822455613904,0.6153846153846154,0.03947391476492461,0.49994999499949994,0.1297177018870808,0.9116022099447513,low,1.0
41736254,0,0.8908,11,0.04868720903704141,0.5,129.21,129.21,137.08,0.5575,0.0,0.8634658664666167,0.5384615384615384,0.06601667235524511,0.49994999499949994,0.12318549927419974,0.7016574585635359,low,0.9999
28797594,0,0.9432,12,0.029112342133239842,0.5,136.05,136.05,141.76,0.6525,0.0,0.9289822455613904,0.6153846153846154,0.039473914764924616,0.49994999499949994,0.1297177018870808,0.9116022099447513,low,1.0
41736254,0,1.0,11,0.04263782918685142,0.5,83.7,92.63,83.7,0.5575,0.0,1.0,0.5384615384615384,0.05781394874417529,0.49994999499949994,0.07972343188937277,0.7016574585635359,low,1.0
28797594,0,0.8191,12,0.15190034705127842,1.0,176.01,176.01,177.44,0.6525,0.0,0.7738184546136534,0.6153846153846154,0.20596967003903244,1.0,0.16787951715180688,0.9116022099447513,low,0.6875
260660812,0,0.6185,13,0.26044617694746275,0.7666,57.54,57.54,57.91,0.5525,0.0,0.5230057514378595,0.6923076923076923,0.35315359034528265,0.7665766576657665,0.054740621896248766,0.6906077348066298,medium,0.9997
629445357,0,0.8047,12,0.16857799588313527,0.5,198.34,212.78,198.34,0.5525,0.0,0.7558139534883721,0.6153846153846154,0.22858391269498116,0.49994999499949994,0.1892046756818703,0.6906077348066298,medium,0.503
261900691,0,0.8849,6,0.02922145818392086,0.457,21.7,21.7,29.27,,0.0,0.8560890222555639,0.15384615384615385,0.039621871882419855,0.456945694569457,0.020513408205363286,0.6906077348066298,low,1.0
28797802,0,0.9304,7,0.0038687283854649678,0.457,23.08,23.08,26.7,,0.0,0.9129782445611402,0.23076923076923078,0.005244557104222203,0.456945694569457,0.021831308732523494,0.6906077348066298,low,1.0
177313875,0,0.6707,6,0.22138664550359774,0.042,50.8,50.8,51.0,,0.0,0.5882720680170042,0.15384615384615385,0.3001903860588378,0.041904190419041906,0.04830391932156773,0.6906077348066298,low,0.9997
395455661,0,1.0,8,0.02922145818392086,0.457,25.41,25.41,28.26,0.5525,0.0,1.0,0.3076923076923077,0.039621871882419855,0.456945694569457,0.02405645962258385,0.6906077348066298,low,1.0
27880228,0,0.8509,8,0.05116631701583309,0.457,60.55,60.83,60.55,0.5525,0.0,0.8135783945986497,0.3076923076923077,0.06937824627779973,0.456945694569457,0.057615173046069224,0.6906077348066298,low,1.0
28797599,0,0.9123,11,0.039089003393439424,0.457,39.85,46.22,39.85,,0.0,0.890347586896724,0.5384615384615384,0.053001879102643375,0.456945694569457,0.03784666513866606,0.6906077348066298,low,1.0
28797599,0,0.701,11,0.14663414134622146,0.2794,103.22,110.92,103.22,,0.0,0.6261565391347835,0.5384615384615384,0.198828900084528,0.27932793279327933,0.09836503934601575,0.6906077348066298,low,0.9597
28797599,0,0.9123,11,0.03908900339343943,0.457,39.85,46.22,39.85,,0.0,0.890347586896724,0.5384615384615384,0.05300187910264338,0.456945694569457,0.03784666513866606,0.6906077348066298,low,1.0
28797600,0,0.8738,8,0.08210432905232018,0.0987,109.72,113.07,109.72,,0.0,0.8422105526381595,0.3076923076923077,0.11132898636949436,0.0986098609860986,0.10457254182901675,0.6906077348066298,low,1.0
28797599,0,0.7164,9,0.1593595685960888,0.2794,69.54,75.11,69.54,,0.0,0.6454113528382095,0.38461538461538464,0.21608408411139313,0.27932793279327933,0.0662006264802506,0.6906077348066298,low,0.9975
261900694,0,0.8764,8,0.0228605801158016,0.7657,158.15,158.15,158.94,0.5525,0.0,0.8454613653413352,0.3076923076923077,0.0309967688125805,0.7656765676567657,0.15082321032928414,0.6906077348066298,low,0.9998
27875225,0,0.5662,9,0.4802075872486337,0.5,36.3,36.3,42.25,,0.0,0.4576144036009002,0.38461538461538464,0.6511415087304708,0.49994999499949994,0.03445641378256552,0.6906077348066298,medium,0.9999
28797603,0,0.5113,10,0.4445694397034129,0.5,71.38,74.18,71.38,,0.0,0.38897224306076517,0.46153846153846156,0.6028175678367953,0.49994999499949994,0.06795782718313088,0.6906077348066298,medium,0.9996
28797603,0,0.7974,12,0.10968951221983694,1.0,42.01,42.01,50.58,,0.0,0.7466866716679169,0.6153846153846154,0.14873342102022452,1.0,0.03990946596378639,0.6906077348066298,low,0.7345
27875173,0,0.5812,11,0.22597486981935608,0.7301,16.52,16.52,17.38,,0.0,0.4763690922730683,0.5384615384615384,0.30641183963917024,0.73007300730073,0.015566506226602493,0.6906077348066298,medium,0.9917
28797603,0,0.5113,10,0.4445694397034129,0.5,71.38,74.18,71.38,,0.0,0.38897224306076517,0.46153846153846156,0.6028175678367953,0.49994999499949994,0.06795782718313088,0.6906077348066298,medium,0.9996
28797603,0,0.7974,12,0.10968951221983694,1.0,42.01,42.01,50.58,,0.0,0.7466866716679169,0.6153846153846154,0.14873342102022452,1.0,0.03990946596378639,0.6906077348066298,low,0.7345
28797603,0,0.6375,14,0.30438331189096307,0.5,116.87,127.84,116.87,,0.0,0.5467616904226056,0.7692307692307693,0.41273063512161484,0.49994999499949994,0.11140079456031785,0.6906077348066298,medium,0.9998
446503923,0,0.7288,11,0.18274752804778624,0.5,78.22,78.22,79.69,,0.0,0.6609152288072017,0.5384615384615384,0.24779724677601847,0.49994999499949994,0.07449002979601192,0.6906077348066298,low,0.8157
28797603,0,0.6912,14,0.24882355069559067,0.5,85.65,85.65,90.35,,0.0,0.6139034758689672,0.7692307692307693,0.3373937615463229,0.49994999499949994,0.08158568263427307,0.6906077348066298,medium,0.9896
72133511,0,0.9066,11,0.047313226602082974,0.1444,117.09,117.09,117.19,0.3825,0.0,0.8832208052013002,0.5384615384615384,0.06415360565427165,0.14431443144314432,0.11161089464435787,0.31491712707182323,low,0.9983
72133511,0,0.9329,12,0.04263782918685141,0.5,32.26,32.26,33.2,0.3825,0.0,0.9161040260065014,0.6153846153846154,0.05781394874417528,0.49994999499949994,0.030598212239284897,0.31491712707182323,low,0.995
28022324,0,0.9916,8,0.17618883330203028,0.5,121.18,121.18,130.11,,0.0,0.989497374343586,0.3076923076923077,0.23890391199111116,0.49994999499949994,0.11551684620673851,0.6906077348066298,low,1.0
214203283,0,0.7552,6,0.1638083632030153,0.4387,155.19,155.19,162.3,,0.0,0.6939234808702174,0.15384615384615385,0.2221164764337053,0.43864386438643865,0.1479964091985637,0.6906077348066298,low,0.9972
28022324,0,0.7109,8,0.2678520060717745,0.5,195.99,199.47,195.99,,0.0,0.6385346336584145,0.3076923076923077,0.36319560637369136,0.49994999499949994,0.18696042478416994,0.6906077348066298,medium,0.8935
28797607,0,0.6535,6,0.3068898193345145,0.6852,134.24,140.85,134.24,,0.0,0.5667666916729182,0.15384615384615385,0.41612936165188813,0.6851685168516852,0.1279891511956605,0.6906077348066298,medium,0.9645
28797607,0,0.6535,6,0.3068898193345145,0.6852,134.24,140.85,134.24,,0.0,0.5667666916729182,0.15384615384615385,0.41612936165188813,0.6851685168516852,0.1279891511956605,0.6906077348066298,medium,0.9645
28797615,0,0.6609,10,0.3111382205183447,0.4796,99.31,107.31,99.31,,0.0,0.5760190047511878,0.46153846153846156,0.4218900282925863,0.47954795479547957,0.09463098785239515,0.6906077348066298,medium,0.98
72133527,0,0.6798,9,0.10635752440041327,0.5,135.91,135.91,136.76,0.5325,0.0,0.5996499124781195,0.38461538461538464,0.14421537523122926,0.49994999499949994,0.12958400183360075,0.6464088397790054,low,0.8468
396755623,0,0.7221,8,0.330271353434158,0.5,134.69,141.19,134.69,,0.0,0.6525381345336334,0.3076923076923077,0.44783381178922843,0.49994999499949994,0.12841890136756057,0.6906077348066298,medium,0.8778
28022653,0,0.661,11,0.35557118131361887,0.4753,129.24,139.0,129.24,,0.0,0.5761440360090022,0.5384615384615384,0.48213939362442076,0.4752475247524753,0.12321414928565974,0.6906077348066298,medium,0.999
28797615,0,0.6609,10,0.3111382205183447,0.4796,99.31,107.31,99.31,,0.0,0.5760190047511878,0.46153846153846156,0.4218900282925863,0.47954795479547957,0.09463098785239515,0.6906077348066298,medium,0.98
396755623,0,0.7221,8,0.330271353434158,0.5,134.69,141.19,134.69,,0.0,0.6525381345336334,0.3076923076923077,0.44783381178922843,0.49994999499949994,0.12841890136756057,0.6906077348066298,medium,0.8778
27875225,0,0.738,8,0.2749889594017267,0.5,110.51,110.51,116.46,,0.0,0.6724181045261316,0.3076923076923077,0.37287303729065774,0.49994999499949994,0.10532699213079687,0.6906077348066298,low,0.6968
28797623,0,0.5095,10,0.4411564495216607,0.5,136.64,138.58,136.64,,0.0,0.38672168042010496,0.46153846153846156,0.5981896859974148,0.49994999499949994,0.13028115211246086,0.6906077348066298,medium,0.9972
27875173,0,0.7621,10,0.10017221836216385,0.5,63.76,63.76,74.87,,0.0,0.7025506376594148,0.46153846153846156,0.13582834099993568,0.49994999499949994,0.06068072427228972,0.6906077348066298,low,0.9981
28797623,0,0.6111,10,0.3334212405875682,0.5,91.2,91.2,101.58,,0.0,0.5137534383595899,0.46153846153846156,0.4521049361631876,0.49994999499949994,0.08688593475437391,0.6906077348066298,medium,0.9976
214203280,0,0.5431,6,0.42964740121304973,0.5,35.04,41.54,35.04,,0.0,0.42873218304576144,0.15384615384615385,0.5825838644686144,0.49994999499949994,0.03325311330124532,0.6906077348066298,medium,0.997
28019840,0,0.6149,8,0.38060556337165563,0.5,70.66,81.97,70.66,,0.0,0.5185046261565391,0.3076923076923077,0.5160850412579632,0.49994999499949994,0.06727022690809077,0.6906077348066298,medium,0.993
214203367,0,0.6415,8,0.4309516090844084,0.5,109.12,112.1,109.12,,0.0,0.5517629407351837,0.3076923076923077,0.5843523195772485,0.49994999499949994,0.10399954159981666,0.6906077348066298,medium,0.9988
27880220,0,0.7376,8,0.23187983010498023,0.4893,37.64,37.75,37.64,0.5925,0.0,0.6719179794948738,0.3076923076923077,0.31441873594206937,0.4892489248924893,0.035736114294445724,0.7790055248618785,low,0.9971
28797632,0,0.3939,12,0.5627309964565518,0.5,67.88,69.73,67.88,,0.0,0.24218554638659662,0.6153846153846154,0.7630400394789584,0.49994999499949994,0.06461532584613035,0.6906077348066298,high,0.8633
28022748,0,0.4236,11,0.48888721364637755,0.2931,167.97,172.01,167.97,,0.0,0.27931982995748933,0.5384615384615384,0.662910744280426,0.29302930293029306,0.16020131408052565,0.6906077348066298,medium,0.9131
28797632,0,0.329,14,0.5955312145781033,0.3792,127.19,131.49,127.19,,0.0,0.16104026006501626,0.7692307692307693,0.8075158585375749,0.3791379137913791,0.12125639850255941,0.6906077348066298,high,0.9992
797666097,0,0.4963,8,0.44625469309149185,0.2514,108.85,118.01,108.85,,0.0,0.37021755438859716,0.3076923076923077,0.6051027058343037,0.25132513251325134,0.1037416914966766,0.6906077348066298,medium,0.9999
797666097,0,0.4963,8,0.4462546930914919,0.2514,108.85,118.01,108.85,,0.0,0.37021755438859716,0.3076923076923077,0.6051027058343037,0.25132513251325134,0.1037416914966766,0.6906077348066298,medium,0.9999
27880220,0,0.6622,7,0.22283232814208528,0.5,79.61,79.61,80.01,0.5925,0.0,0.5776444111027756,0.23076923076923078,0.30215067544494123,0.49994999499949994,0.07581748032699213,0.7790055248618785,low,0.9706
28797634,0,0.6329,10,0.3292857262105263,0.5,82.64,82.64,86.65,,0.0,0.5410102525631407,0.46153846153846156,0.4464973396384934,0.49994999499949994,0.0787111314844526,0.6906077348066298,medium,0.9934
408992598,0,0.4235,8,0.5056038738856131,0.5,101.54,101.54,109.39,,0.0,0.2791947986996749,0.3076923076923077,0.6855778848863019,0.49994999499949994,0.0967606387042555,0.6906077348066298,medium,0.9832
408992598,0,0.4076,8,0.49383300356486176,0.5,105.07,105.07,114.04,,0.0,0.2593148287071768,0.3076923076923077,0.6696170429001873,0.49994999499949994,0.10013179005271602,0.6906077348066298,medium,0.9822
28797634,0,0.6329,10,0.32928572621052626,0.5,82.64,82.64,86.65,,0.0,0.5410102525631407,0.46153846153846156,0.4464973396384933,0.49994999499949994,0.0787111314844526,0.6906077348066298,medium,0.9934
28797641,0,0.6965,9,0.18061120359283986,0.5,175.59,184.44,175.59,0.5925,0.0,0.6205301325331333,0.38461538461538464,0.24490047396930767,0.49994999499949994,0.1674784169913668,0.7790055248618785,low,0.7922
444159095,0,0.9382,10,0.05359488551192895,0.5,87.43,96.33,87.43,0.5075,0.0,0.9227306826706676,0.46153846153846156,0.07267129062901537,0.49994999499949994,0.08328558331423334,0.5911602209944751,low,1.0
444159095,0,0.7537,10,0.17107586507255876,0.5,104.24,111.52,104.24,0.5075,0.0,0.6920480120030008,0.46153846153846156,0.231970926088892,0.49994999499949994,0.0993391397356559,0.5911602209944751,low,0.7206
127222910,0,1.0,7,0.10143028741193764,0.5,366.53,375.45,366.53,,0.0,1.0,0.23076923076923078,0.13753423366240614,0.49994999499949994,0.349826189930476,0.6906077348066298,low,0.9996
127226188,0,0.9795,12,0.2667791154037872,0.2634,240.88,249.46,240.88,,0.0,0.9743685921480371,0.6153846153846154,0.3617408083890484,0.2633263326332634,0.2298303919321568,0.6906077348066298,low,0.9687
28797692,0,1.0,12,0.2727717848167494,0.2634,263.78,272.4,263.78,,0.0,1.0,0.6153846153846154,0.36986663485463184,0.2633263326332634,0.25169990067996023,0.6906077348066298,low,0.9623
27880257,0,0.803,12,0.20530715305438424,0.2633,234.72,243.46,234.72,,0.0,0.7536884221055263,0.6153846153846154,0.27838722017514145,0.2632263226322632,0.22394758957903585,0.6906077348066298,low,0.529
127226188,0,0.9795,12,0.2667791154037872,0.2634,240.88,249.46,240.88,,0.0,0.9743685921480371,0.6153846153846154,0.3617408083890484,0.2633263326332634,0.2298303919321568,0.6906077348066298,low,0.9687
28797692,0,0.6626,9,0.2727717848167494,0.2634,235.65,244.03,235.65,,0.0,0.5781445361340334,0.38461538461538464,0.36986663485463184,0.2633263326332634,0.224835739934296,0.6906077348066298,medium,0.9693
127226187,0,0.8061,12,0.18924466622371364,0.1687,268.81,276.57,268.81,0.5525,0.0,0.7575643910977745,0.6153846153846154,0.25660711324826335,0.16861686168616863,0.25650355260142105,0.6906077348066298,low,0.6603
27880305,0,0.6522,6,0.22780861482406387,0.2634,129.37,137.06,129.37,0.5925,0.0,0.5651412853213303,0.15384615384615385,0.30889832648894633,0.2633263326332634,0.12333829933531976,0.7790055248618785,low,0.9923
28797692,0,0.9485,6,0.2727717848167494,0.2634,219.64,228.16,219.64,,0.0,0.9356089022255563,0.15384615384615385,0.36986663485463184,0.2633263326332634,0.20954618381847354,0.6906077348066298,low,0.9998
261900699,0,0.6643,7,0.2740878026736491,0.003,41.19,42.69,41.19,,0.0,0.5802700675168792,0.23076923076923078,0.37165110384396827,0.0029002900290029006,0.039126365650546266,0.6906077348066298,low,0.9981
27880228,0,0.9354,8,0.02922145818392086,0.457,8.81,8.81,11.51,0.5525,0.0,0.919229807451863,0.3076923076923077,0.039621871882419855,0.456945694569457,0.008203453281381314,0.6906077348066298,low,1.0
28797795,0,0.9709,7,0.0038687283854649678,0.457,22.96,22.96,28.2,,0.0,0.9636159039759938,0.23076923076923078,0.005244557104222203,0.456945694569457,0.02171670868668348,0.6906077348066298,low,1.0
28797802,0,0.7916,8,0.20262009457502356,0.492,41.16,51.02,41.16,,0.0,0.7394348587146785,0.3076923076923077,0.27474367346807116,0.49194919491949196,0.039097715639086254,0.6906077348066298,low,0.9987
67625616,0,0.775,11,0.16166000496591054,0.5926,22.69,22.69,24.48,,0.0,0.7186796699174793,0.5384615384615384,0.21920338628679015,0.5925592559255926,0.021458858583543437,0.6906077348066298,low,0.9845
261900692,0,0.8243,7,0.045674613017789974,0.457,46.95,55.17,46.95,,0.0,0.7803200800200051,0.23076923076923078,0.06193170941529142,0.456945694569457,0.04462716785086715,0.6906077348066298,low,1.0
28797599,0,0.701,11,0.14663414134622146,0.2794,103.22,110.92,103.22,,0.0,0.6261565391347835,0.5384615384615384,0.198828900084528,0.27932793279327933,0.09836503934601575,0.6906077348066298,low,0.9597
28797599,0,0.7164,9,0.1593595685960888,0.2794,69.54,75.11,69.54,,0.0,0.6454113528382095,0.38461538461538464,0.21608408411139313,0.27932793279327933,0.0662006264802506,0.6906077348066298,low,0.9975
"[408992602, 28797827]",0,0.6076,10,0.2554333282292014,0.6994,194.28,194.28,197.08,,0.0,0.5093773443360841,0.46153846153846156,0.3463563626032171,0.6993699369936994,0.18532737413094968,0.6906077348066298,medium,0.9998
31478712,0,0.5629,8,0.3799367679061408,0.5,153.81,153.81,157.03,0.5925,0.0,0.4534883720930232,0.3076923076923077,0.5151781806388894,0.49994999499949994,0.14667850867140347,0.7790055248618785,medium,0.9992
408992598,0,0.4235,8,0.5056038738856131,0.5,101.54,101.54,109.39,,0.0,0.2791947986996749,0.3076923076923077,0.6855778848863019,0.49994999499949994,0.0967606387042555,0.6906077348066298,medium,0.9832
261900693,0,0.8817,7,0.02771839264398421,0.261,63.66,63.66,64.52,0.6025,0.0,0.8520880220055013,0.23076923076923078,0.037583773515520884,0.2609260926092609,0.0605852242340897,0.8011049723756907,low,1.0
179212418,0,0.6539,6,0.07756337525003681,0.4912,120.73,120.78,120.73,,0.0,0.567266816704176,0.15384615384615385,0.10517162976547863,0.49114911491149116,0.11508709603483844,0.6906077348066298,low,0.9971
27880231,0,0.638,9,0.3503051735588797,0.25,68.15,68.15,69.16,0.5525,0.0,0.5473868467116779,0.38461538461538464,0.47499889208284224,0.24992499249924993,0.06487317594927039,0.6906077348066298,medium,0.8551
32669385,0,0.6229,7,0.25920192225102234,0.0057,126.77,126.77,128.46,,0.0,0.5285071267816954,0.23076923076923078,0.35146642940822304,0.0056005600560056,0.12085529834211935,0.6906077348066298,low,0.9551
661296531,0,0.5221,6,0.4165204820143881,0.5,123.87,123.87,130.21,,0.0,0.40247561890472616,0.15384615384615385,0.5647842729868388,0.49994999499949994,0.11808579723431892,0.6906077348066298,medium,0.9998
67625612,0,0.677,7,0.04966953031191506,0.4899,130.4,131.36,130.4,,0.0,0.5961490372593149,0.23076923076923078,0.06734866176814489,0.4898489848984899,0.12432194972877991,0.6906077348066298,low,0.998
23002443,0,1.0,7,0.017526031344777655,0.5,131.09,132.99,131.09,,0.0,1.0,0.23076923076923078,0.023763328320807235,0.49994999499949994,0.12498089999236002,0.6906077348066298,low,1.0
"[318976293, 41736253, 318976294]",0,1.0,8,0.017526031344777655,1.0,151.87,153.43,151.87,0.485,0.0,1.0,0.3076923076923077,0.023763328320807235,1.0,0.14482580793032318,0.5414364640883977,low,0.9996
28019822,0,0.8939,7,0.4692146043420234,0.5,229.02,233.99,229.02,0.5925,0.0,0.8673418354588647,0.23076923076923078,0.6362354517994769,0.49994999499949994,0.218504087401635,0.7790055248618785,medium,0.7335
398820453,0,0.5037,6,0.4692146043420234,0.5,186.48,191.2,186.48,0.5925,0.0,0.37946986746686673,0.15384615384615385,0.6362354517994769,0.49994999499949994,0.17787837115134847,0.7790055248618785,medium,0.9998
254195597,0,0.5013,7,0.48146283879560514,0.5,42.78,42.78,46.94,0.5925,0.0,0.37646911727931975,0.23076923076923078,0.6528435809688096,0.49994999499949994,0.04064481625792651,0.7790055248618785,medium,0.9997
28797971,0,0.4438,8,0.5232767986698031,0.5,99.27,99.27,102.54,,0.0,0.30457614403600897,0.3076923076923077,0.7095416829935383,0.49994999499949994,0.09459278783711514,0.6906077348066298,medium,0.9815
261273568,0,0.5962,11,0.3224413140718411,0.2903,67.69,67.69,71.27,0.5525,0.0,0.49512378094523624,0.5384615384615384,0.43721658319002493,0.29022902290229025,0.06443387577355031,0.6906077348066298,medium,0.9878
261273568,0,0.6311,10,0.2911298808687069,0.3219,118.99,118.99,124.34,0.5525,0.0,0.5387596899224806,0.46153846153846156,0.3947594985313854,0.32183218321832185,0.11342539537015815,0.6906077348066298,medium,0.9612
28797998,0,0.9065,6,0.0003398314190430025,0.5,81.53,82.94,81.53,0.485,0.0,0.8830957739434857,0.15384615384615385,0.0004595101763800071,0.49994999499949994,0.07765108106043243,0.5414364640883977,low,1.0
67625608,0,0.8496,9,0.021299645029952928,0.0293,39.23,39.23,40.13,0.485,0.0,0.8119529882470616,0.38461538461538464,0.02888020159393642,0.029202920292029203,0.037254564901825965,0.5414364640883977,low,1.0
67625604,0,0.858,7,0.0003398314190430025,0.5,51.56,51.76,51.56,,0.0,0.8224556139034758,0.23076923076923078,0.0004595101763800071,0.49994999499949994,0.04902971961188785,0.6906077348066298,low,1.0
690825701,0,0.9864,6,0.009885847486619153,0.0839,129.71,129.71,136.42,0.4475,0.0,0.9829957489372343,0.15384615384615385,0.013403536395315404,0.08380838083808381,0.1236629994651998,0.45856353591160226,low,1.0
409236054,0,1.0,7,0.009885847486619153,0.0719,79.29,79.29,80.84,0.555,0.0,1.0,0.23076923076923078,0.013403536395315404,0.07180718071807181,0.0755118802047521,0.696132596685083,low,1.0
723693757,0,1.0,8,0.009885847486619153,0.0719,145.94,150.4,145.94,0.4475,0.0,1.0,0.3076923076923077,0.013403536395315404,0.07180718071807181,0.13916265566506228,0.45856353591160226,low,1.0
1388227074,0,1.0,6,0.0074559214182440825,0.3188,181.82,181.82,183.52,0.5575,0.0,1.0,0.15384615384615385,0.010108651228931244,0.3187318731873187,0.17342806937122776,0.7016574585635359,low,1.0
101233560,0,0.8887,6,0.02727828278631145,0.4526,93.31,93.31,95.04,0.5525,0.0,0.8608402100525132,0.15384615384615385,0.036987001679332825,0.4525452545254526,0.08890098556039423,0.6906077348066298,low,1.0
1388227074,0,0.8919,7,0.0028540276905338483,0.0232,183.84,189.04,183.84,0.5575,0.0,0.8648412103025755,0.23076923076923078,0.003868662458059583,0.0231023102310231,0.17535717014286809,0.7016574585635359,low,1.0
27889477,0,0.8112,14,0.07044810973444667,0.1242,98.35,104.43,98.35,,0.0,0.7639409852463115,0.7692307692307693,0.09552360668061165,0.12411241124112411,0.093714187485675,0.6906077348066298,low,0.9995
28798337,0,0.7373,14,0.06258894676018198,0.5,7.79,7.79,9.61,,0.0,0.6715428857214302,0.7692307692307693,0.08486688759721304,0.49994999499949994,0.007229352891741158,0.6906077348066298,low,0.9897
67502683,0,0.7903,12,0.0842508124083136,0.3848,105.45,117.93,105.45,,0.0,0.7378094523630908,0.6153846153846154,0.11423953425060032,0.38473847384738474,0.10049469019787609,0.6906077348066298,low,0.9968
67502684,0,0.7626,12,0.06530036766931388,0.5,81.06,81.06,82.42,,0.0,0.7031757939484871,0.6153846153846154,0.08854346881077102,0.49994999499949994,0.07720223088089237,0.6906077348066298,low,0.9936
27880411,0,0.8609,14,0.02041085864216439,0.0782,75.09,75.09,88.34,0.4725,0.0,0.8260815203800951,0.7692307692307693,0.02767504184717634,0.0781078107810781,0.07150087860035145,0.5138121546961325,low,0.9998
27880411,0,0.7757,14,0.0296211692187856,0.0471,9.06,9.06,11.43,0.4725,0.0,0.7195548887221803,0.7692307692307693,0.04016386448736219,0.047004700470047005,0.008442203376881351,0.5138121546961325,low,0.9996
28798339,0,0.7182,14,0.05841297669819425,0.0471,97.6,102.22,97.6,0.5525,0.0,0.6476619154788696,0.7692307692307693,0.0792044347384276,0.047004700470047005,0.09299793719917489,0.6906077348066298,low,0.9975
"[28798339, 293132959]",0,0.783,16,0.06563371418264574,0.0782,87.51,91.76,87.51,0.5525,0.0,0.7286821705426356,0.9230769230769231,0.0889954737076844,0.0781078107810781,0.08336198334479335,0.6906077348066298,low,0.9973
27880411,0,0.8609,14,0.02041085864216439,0.0782,75.09,75.09,88.34,0.4725,0.0,0.8260815203800951,0.7692307692307693,0.02767504184717634,0.0781078107810781,0.07150087860035145,0.5138121546961325,low,0.9998
27880411,0,0.7536,12,0.11458491688994264,0.0032,134.96,134.96,145.05,0.4725,0.0,0.6919229807451864,0.6153846153846154,0.15537139920437779,0.0031003100310031005,0.12867675147070062,0.5138121546961325,low,0.9659
28798348,0,0.7934,12,0.10241950104646488,0.0032,117.38,117.38,128.26,,0.0,0.7416854213553387,0.6153846153846154,0.13887556884671828,0.0031003100310031005,0.11188784475513791,0.6906077348066298,low,0.9998
27880411,0,0.7441,12,0.05196647649822492,0.0032,88.73,88.73,88.86,0.4725,0.0,0.6800450112528132,0.6153846153846154,0.07046323139055154,0.0031003100310031005,0.08452708381083354,0.5138121546961325,low,0.998
27880411,0,0.9689,12,0.0009656229310587909,0.0032,40.79,40.79,41.42,0.4725,0.0,0.9611152788197048,0.6153846153846154,0.001308059108392893,0.0031003100310031005,0.0387443654977462,0.5138121546961325,low,1.0
28798352,0,0.7578,12,0.1543539484854127,0.0032,56.2,56.2,59.54,,0.0,0.6971742935733934,0.6153846153846154,0.20929665807984724,0.0031003100310031005,0.053460921384368566,0.6906077348066298,low,0.9995
27880411,0,0.9689,12,0.0009656229310587909,0.0032,40.79,40.79,41.42,0.4725,0.0,0.9611152788197048,0.6153846153846154,0.001308059108392893,0.0031003100310031005,0.0387443654977462,0.5138121546961325,low,1.0
27880411,0,0.7591,11,0.10606456184602425,0.0032,17.87,17.87,19.63,0.4725,0.0,0.6987996999249811,0.5384615384615384,0.143818129410739,0.0031003100310031005,0.0168557567423027,0.5138121546961325,low,0.9996
"[28798353, 293132959]",0,0.722,14,0.07738546974129566,0.2259,129.35,135.79,129.35,0.5525,0.0,0.6524131032758189,0.7692307692307693,0.1049303968204116,0.22582258225822582,0.12331919932767973,0.6906077348066298,low,0.9505
32151853,0,0.9065,7,0.16977381075819317,0.2684,19.95,19.95,25.12,0.4225,0.0,0.8830957739434857,0.23076923076923078,0.23020539111971552,0.26832683268326835,0.018842157536863018,0.4033149171270718,low,0.9999
638131350,0,0.7192,11,0.32900440196893865,0.0099,220.97,225.03,220.97,,0.0,0.6489122280570141,0.5384615384615384,0.4461158749171526,0.009800980098009802,0.21081633432653377,0.6906077348066298,medium,0.9163
638131350,0,0.6542,11,0.33580568308866166,0.0099,173.23,180.49,173.23,,0.0,0.5676419104776194,0.5384615384615384,0.45533814738273815,0.009800980098009802,0.16522461608984645,0.6906077348066298,medium,0.9625
28798365,0,0.6287,9,0.30885828048780767,0.0099,192.92,200.32,192.92,0.5925,0.0,0.5357589397349337,0.38461538461538464,0.4187985183554607,0.009800980098009802,0.18402857361142946,0.7790055248618785,medium,0.5758
28798348,0,0.529,12,0.3475624551563218,0.0032,131.67,131.67,138.29,,0.0,0.4111027756939235,0.6153846153846154,0.4712798726864208,0.0031003100310031005,0.12553480021392008,0.6906077348066298,medium,0.9992
28798348,0,0.6211,12,0.17893708090898341,0.0032,152.47,152.47,155.79,,0.0,0.5262565641410352,0.6153846153846154,0.24263042877347402,0.0031003100310031005,0.14539880815952327,0.6906077348066298,low,0.5469
28798373,0,0.6329,12,0.4680114752401892,0.0032,132.74,133.28,132.74,,0.0,0.5410102525631407,0.6153846153846154,0.6346040555679325,0.0031003100310031005,0.12655665062266028,0.6906077348066298,medium,0.9995
28798352,0,0.6239,12,0.3811323086607844,0.0032,76.2,79.82,76.2,,0.0,0.52975743935984,0.6153846153846154,0.516799287367012,0.0031003100310031005,0.07256092902437163,0.6906077348066298,medium,0.9756
28798352,0,0.9505,12,0.06768746580464029,0.0032,92.02,97.71,92.02,,0.0,0.9381095273818454,0.6153846153846154,0.09178028096697372,0.0031003100310031005,0.08766903506761403,0.6906077348066298,low,1.0
28798373,0,0.6329,12,0.4680114752401892,0.0032,132.74,133.28,132.74,,0.0,0.5410102525631407,0.6153846153846154,0.6346040555679325,0.0031003100310031005,0.12655665062266028,0.6906077348066298,medium,0.9995
109190376,0,0.8832,6,0.05729622759443465,0.2684,51.97,54.38,51.97,,0.0,0.8539634908727182,0.15384615384615385,0.07769016642202121,0.26832683268326835,0.049421269768507914,0.6906077348066298,low,1.0
47129923,0,0.7383,6,0.35079852621744473,0.2684,90.29,96.35,90.29,,0.0,0.6727931982995748,0.15384615384615385,0.47566785908461984,0.26832683268326835,0.08601688440675379,0.6906077348066298,low,0.9598
28798365,0,0.7139,6,0.23780225020356338,0.0099,160.55,161.5,160.55,0.5925,0.0,0.6422855713928483,0.15384615384615385,0.32244930707173597,0.009800980098009802,0.15311521124608451,0.7790055248618785,low,0.9997
67502684,0,0.7626,12,0.06530036766931388,0.5,81.06,81.06,82.42,,0.0,0.7031757939484871,0.6153846153846154,0.08854346881077102,0.49994999499949994,0.07720223088089237,0.6906077348066298,low,0.9936
1388227074,0,0.8744,7,0.0708609891714949,0.5,132.83,132.83,136.79,0.5575,0.0,0.8429607401850461,0.23076923076923078,0.09608345512634851,0.49994999499949994,0.12664260065704028,0.7016574585635359,low,1.0
27889472,0,0.997,8,0.03553449995089294,1.0,190.91,198.81,190.91,,0.0,0.9962490622655662,0.3076923076923077,0.048182110789881646,1.0,0.18210902284360916,0.6906077348066298,low,0.9998
111473038,0,0.8702,11,0.03553449995089294,0.0248,142.96,150.32,142.96,0.4725,0.0,0.8377094273568391,0.5384615384615384,0.048182110789881646,0.024702470247024703,0.13631675452670183,0.5138121546961325,low,0.9999
1388227076,0,0.9486,10,0.010549158910508475,1.0,250.47,255.35,250.47,0.5575,0.0,0.9357339334833708,0.46153846153846156,0.01430296086740545,1.0,0.23898884559553826,0.7016574585635359,low,0.9921
334891940,0,0.7098,10,0.3893369119080282,0.183,54.36,62.04,54.36,,0.0,0.6371592898224556,0.46153846153846156,0.5279244100146686,0.18291829182918293,0.05170372068148828,0.6906077348066298,medium,0.6591
1483305702,0,1.0,11,0.0008622013313330701,0.8177,96.75,104.71,96.75,0.5925,0.0,1.0,0.5384615384615384,0.0011678234447424878,0.8176817681768177,0.09218618687447476,0.7790055248618785,low,1.0
67502725,0,0.6745,12,0.1375336576843312,0.1949,166.24,173.03,166.24,0.5525,0.0,0.5930232558139534,0.6153846153846154,0.18648899846581946,0.19481948194819482,0.1585491634196654,0.6906077348066298,low,0.693
67502725,0,0.8925,14,0.03859196222424632,0.2975,88.26,88.26,96.46,0.5525,0.0,0.8655913978494622,0.7692307692307693,0.05232791062402553,0.2974297429742974,0.08407823363129346,0.6906077348066298,low,0.9999
334891940,0,0.7237,12,0.22982353456255913,0.0705,130.52,130.52,136.8,,0.0,0.6545386346586647,0.6153846153846154,0.31163047922570114,0.0704070407040704,0.12443654977461993,0.6906077348066298,low,0.8476
"[1193413629, 27889479]",0,0.8219,13,0.05581751314196791,0.4527,55.93,55.93,59.83,0.5525,0.0,0.777319329832458,0.6923076923076923,0.0756850871818908,0.45264526452645265,0.05320307128122852,0.6906077348066298,low,0.9994
27889479,0,0.8247,12,0.06942620920798286,0.5,101.71,112.21,101.71,0.5525,0.0,0.7808202050512628,0.6153846153846154,0.09413794934313661,0.49994999499949994,0.09692298876919551,0.6906077348066298,low,0.998
"[1193413627, 28798403]",0,0.7826,12,0.044334893221510185,0.5,159.38,159.38,165.31,,0.0,0.7281820455113778,0.6153846153846154,0.060115101518728814,0.49994999499949994,0.15199786079914432,0.6906077348066298,low,0.984
"[28798403, 1193413627]",0,0.7826,12,0.04433489322151019,0.5,159.38,159.38,165.31,,0.0,0.7281820455113778,0.6153846153846154,0.06011510151872882,0.49994999499949994,0.15199786079914432,0.6906077348066298,low,0.984
120939163,0,0.8315,11,0.004692722861804542,0.3478,197.76,206.18,197.76,0.5525,0.0,0.7893223305826456,0.5384615384615384,0.00636186154101492,0.3477347734773477,0.1886507754603102,0.6906077348066298,low,0.9997
120939163,0,0.8476,12,0.004388291437114513,0.7545,242.8,245.76,242.8,0.5525,0.0,0.8094523630907726,0.6153846153846154,0.0059490643788102536,0.7544754475447544,0.2316639926655971,0.6906077348066298,low,0.9261
6276353,0,0.8025,12,0.012310909219753353,0.7804,61.87,66.06,61.87,,0.0,0.7530632658164541,0.6153846153846154,0.01669182571245211,0.7803780378037803,0.05887577355030942,0.6906077348066298,low,0.9965
6276353,0,0.92,12,0.01397806099904366,0.5,127.69,133.16,127.69,,0.0,0.899974993748437,0.6153846153846154,0.01895241863302928,0.49994999499949994,0.1217338986935595,0.6906077348066298,low,1.0
28798411,0,0.9285,12,0.016875781576058426,0.5,89.45,95.19,89.45,,0.0,0.9106026506626655,0.6153846153846154,0.02288161494471656,0.49994999499949994,0.08521468408587364,0.6906077348066298,low,1.0
28798411,0,0.6246,12,0.31422595646771395,0.4373,107.0,112.93,107.0,,0.0,0.5306326581645412,0.6153846153846154,0.4260768780530365,0.43724372437243725,0.10197494078997633,0.6906077348066298,medium,0.9988
"[1424097324, 255493285]",0,0.8021,12,0.16396653131183264,0.4373,73.7,75.95,73.7,,0.0,0.7525631407851964,0.6153846153846154,0.2223309462327333,0.43724372437243725,0.07017342806937124,0.6906077348066298,low,0.9835
28798411,0,0.9285,12,0.016875781576058426,0.5,89.45,95.19,89.45,,0.0,0.9106026506626655,0.6153846153846154,0.02288161494471656,0.49994999499949994,0.08521468408587364,0.6906077348066298,low,1.0
6276353,0,1.0,10,0.06506969248941023,0.1029,215.76,224.87,215.76,,0.0,1.0,0.46153846153846156,0.08823068224561194,0.10281028102810282,0.20584078233631295,0.6906077348066298,low,1.0
6276353,0,0.7264,11,0.008550570882250023,0.2458,177.22,184.96,177.22,,0.0,0.6579144786196549,0.5384615384615384,0.01159295329403705,0.24572457245724572,0.16903506761402706,0.6906077348066298,low,0.9983
28798416,0,0.7736,8,0.037054907855310404,0.1029,182.83,187.69,182.83,,0.0,0.7169292323080768,0.3076923076923077,0.05024372472798319,0.10281028102810282,0.17439261975704792,0.6906077348066298,low,1.0
6276353,0,0.8711,11,0.002298627384065529,0.1029,198.89,204.54,198.89,,0.0,0.8388347086771692,0.5384615384615384,0.003115561260864963,0.10281028102810282,0.18972992589197035,0.6906077348066298,low,1.0
6276353,0,0.92,12,0.01397806099904366,0.5,127.69,133.16,127.69,,0.0,0.899974993748437,0.6153846153846154,0.01895241863302928,0.49994999499949994,0.1217338986935595,0.6906077348066298,low,1.0
28798416,0,0.7736,8,0.03705490785531042,0.1029,182.83,187.69,182.83,,0.0,0.7169292323080768,0.3076923076923077,0.05024372472798321,0.10281028102810282,0.17439261975704792,0.6906077348066298,low,1.0
"[29996930, 32151851, 29996925]",0,0.9252,7,0.059420770030557686,0.5,36.58,55.7,36.58,0.4625,0.0,0.9064766191547887,0.23076923076923078,0.08057096326981031,0.49994999499949994,0.03472381388952556,0.4917127071823205,low,1.0
249524760,0,0.9703,8,0.19583641776263294,0.5,87.89,87.89,120.06,,0.0,0.9628657164291072,0.3076923076923077,0.265545271757999,0.49994999499949994,0.08372488348995341,0.6906077348066298,low,1.0
967784705,0,1.0,7,0.3708894365679836,0.5,178.62,184.67,178.62,,0.0,1.0,0.23076923076923078,0.5029103515022644,0.49994999499949994,0.17037206814882727,0.6906077348066298,low,0.9926
967784705,0,1.0,7,0.3708894365679836,0.5,178.62,184.67,178.62,,0.0,1.0,0.23076923076923078,0.5029103515022644,0.49994999499949994,0.17037206814882727,0.6906077348066298,low,0.9926
1020974586,0,0.9762,8,0.0628248394058528,0.5,250.0,256.8,250.0,0.5575,0.0,0.97024256064016,0.3076923076923077,0.085186748842868,0.49994999499949994,0.23853999541599819,0.7016574585635359,low,1.0
6276366,0,0.8315,13,0.13208920768653049,0.5,247.41,252.2,247.41,,0.0,0.7893223305826456,0.6923076923076923,0.17910653618832725,0.49994999499949994,0.23606654442661779,0.6906077348066298,medium,0.5909
6276366,0,0.7953,13,0.12701653124540324,0.5,227.97,233.09,227.97,,0.0,0.7440610152538133,0.6923076923076923,0.1722281843827872,0.49994999499949994,0.2175013370005348,0.6906077348066298,medium,0.6842
6276386,0,0.7856,14,0.02211560523440086,0.5,207.86,212.7,207.86,,0.0,0.7319329832458112,0.7692307692307693,0.029986611870769703,0.49994999499949994,0.19829627931851176,0.6906077348066298,low,0.8489
6276386,0,0.8104,13,0.045370202114208384,0.5,346.15,351.27,346.15,,0.0,0.762940735183796,0.6923076923076923,0.06151894007891104,0.49994999499949994,0.33036328214531285,0.6906077348066298,medium,0.7548
6276362,0,1.0,10,0.07079957263743489,0.5,164.96,173.5,164.96,,0.0,1.0,0.46153846153846156,0.09600017669673754,0.49994999499949994,0.1573267629307052,0.6906077348066298,low,1.0
6276362,0,0.7331,12,0.06751765113226993,0.1693,131.2,134.02,131.2,,0.0,0.6662915728932232,0.6153846153846154,0.09155001888109815,0.16921692169216923,0.12508595003438003,0.6906077348066298,low,0.9973
28798433,0,0.7711,12,0.08210874869219899,0.1693,200.6,208.26,200.6,,0.0,0.7138034508627156,0.6153846153846154,0.11133497922914015,0.16921692169216923,0.19136297654519063,0.6906077348066298,low,0.9909
548889118,0,0.9097,6,0.18588428379656105,0.5,41.25,41.25,43.01,,0.0,0.8870967741935484,0.15384615384615385,0.25205056547641813,0.49994999499949994,0.039183665673466275,0.6906077348066298,low,1.0
27889669,0,0.8912,9,0.056161540692200806,0.5,96.6,104.68,96.6,0.5125,0.0,0.8639659914978745,0.38461538461538464,0.0761515751490938,0.49994999499949994,0.09204293681717474,0.6022099447513811,low,0.9999
44289598,0,0.9547,8,0.07079957263743489,0.5,125.96,125.96,126.06,,0.0,0.9433608402100524,0.3076923076923077,0.09600017669673754,0.49994999499949994,0.12008174803269922,0.6906077348066298,low,1.0
28798452,0,0.9072,8,0.007590270663792322,0.5,142.23,151.03,142.23,0.485,0.0,0.883970992748187,0.3076923076923077,0.010290823576490696,0.49994999499949994,0.1356196042478417,0.5414364640883977,low,1.0
28810256,0,1.0,8,0.11402893818191025,0.5,69.36,69.36,74.69,,0.0,1.0,0.3076923076923077,0.15461751371717597,0.49994999499949994,0.06602872641149057,0.6906077348066298,low,1.0
112478142,0,0.9662,9,0.015500529067838782,0.5,53.1,54.75,53.1,,0.0,0.9577394348587146,0.38461538461538464,0.021016826073837182,0.49994999499949994,0.05050042020016809,0.6906077348066298,low,1.0
131699072,0,1.0,8,0.11402893818191025,0.5,56.53,56.53,59.86,0.445,0.0,1.0,0.3076923076923077,0.15461751371717597,0.49994999499949994,0.05377607151042861,0.4530386740331492,low,1.0
362665782,0,0.6669,6,0.2739538302174551,0.5,127.7,129.3,127.7,,0.0,0.583520880220055,0.15384615384615385,0.3714694424081071,0.49994999499949994,0.12174344869737949,0.6906077348066298,low,0.5144
362665782,0,0.6669,6,0.2739538302174551,0.5,127.7,129.3,127.7,,0.0,0.583520880220055,0.15384615384615385,0.3714694424081071,0.49994999499949994,0.12174344869737949,0.6906077348066298,low,0.5144
112478182,0,0.7186,9,0.35966699258244805,0.5,195.21,200.08,195.21,0.5925,0.0,0.6481620405101275,0.38461538461538464,0.4876931542797805,0.49994999499949994,0.18621552448620982,0.7790055248618785,medium,0.9802
27889669,0,0.9559,10,0.06485278013902376,0.5,200.55,209.21,200.55,0.5125,0.0,0.9448612153038259,0.46153846153846156,0.08793655754157441,0.49994999499949994,0.19131522652609065,0.6022099447513811,low,0.9996
27889669,0,0.8912,9,0.05616154069220082,0.5,96.6,104.68,96.6,0.5125,0.0,0.8639659914978745,0.38461538461538464,0.07615157514909382,0.49994999499949994,0.09204293681717474,0.6022099447513811,low,0.9999
28798460,0,0.8068,9,0.13403363371322602,0.5,200.4,207.18,200.4,0.5925,0.0,0.7584396099024756,0.38461538461538464,0.18174310219577564,0.49994999499949994,0.1911719764687906,0.7790055248618785,low,0.9954
28798462,0,0.8643,10,0.034347833478361865,0.5,169.89,169.89,176.89,,0.0,0.8303325831457863,0.46153846153846156,0.04657303724288164,0.49994999499949994,0.16203491481396592,0.6906077348066298,low,0.9998
1068416045,0,0.9464,9,0.034347833478361865,0.5,211.77,211.77,227.15,0.5575,0.0,0.9329832458114528,0.38461538461538464,0.04657303724288164,0.49994999499949994,0.20203033081213237,0.7016574585635359,low,1.0
28798536,0,0.9187,12,0.017422072126309102,0.5,83.0,93.96,83.0,0.4725,0.0,0.898349587396849,0.6153846153846154,0.023622363667067797,0.49994999499949994,0.07905493162197266,0.5138121546961325,low,0.9996
28798462,0,0.781,12,0.12823716671369334,0.5319,35.99,47.99,35.99,,0.0,0.7261815453863465,0.6153846153846154,0.17388331856582878,0.5318531853185319,0.034160363664145474,0.6906077348066298,low,0.9905
28798536,0,0.8543,12,0.03289963317184152,0.5,42.11,46.23,42.11,0.4725,0.0,0.8178294573643409,0.6153846153846154,0.044609333996923316,0.49994999499949994,0.04000496600198641,0.5138121546961325,low,0.9986
6276366,0,0.7053,10,0.2704811521055792,0.5,281.52,281.52,290.29,,0.0,0.6315328832208053,0.46153846153846156,0.3667606260587692,0.49994999499949994,0.26864160745664295,0.6906077348066298,medium,0.9986
6276366,0,0.891,10,0.11439334635486281,0.5,250.23,250.23,258.31,,0.0,0.8637159289822456,0.46153846153846156,0.15511163701549238,0.49994999499949994,0.23875964550385823,0.6906077348066298,low,0.9901
"[28798470, 28810183]",0,0.7507,10,0.19896535009607053,0.5,262.03,269.93,262.03,,0.0,0.6882970742685671,0.46153846153846156,0.26978798221171973,0.49994999499949994,0.25002865001145996,0.6906077348066298,medium,0.9237
44289824,0,0.8244,11,1.9464125421582742e-05,0.5,50.81,54.53,50.81,,0.0,0.7804451112778195,0.5384615384615384,2.510459619141581e-05,0.49994999499949994,0.048313469325387735,0.6906077348066298,low,1.0
44290144,0,0.9174,12,0.02708194414915706,0.5,61.76,68.7,61.76,,0.0,0.8967241810452613,0.6153846153846154,0.03672077412962771,0.49994999499949994,0.05877072350828941,0.6906077348066298,low,1.0
261358192,0,0.7395,12,0.033193322813665056,0.0884,93.53,93.76,93.53,,0.0,0.6742935733933484,0.6153846153846154,0.04500756571967369,0.08830883088308832,0.08911108564443426,0.6906077348066298,low,0.9999
28798475,0,0.8254,7,0.09018728676702374,0.2903,96.73,96.73,104.83,,0.0,0.7816954238559639,0.23076923076923078,0.1222891624099517,0.29022902290229025,0.09216708686683477,0.6906077348066298,low,1.0
29997376,0,0.7762,8,0.05348648543055614,0.5,143.33,151.9,143.33,,0.0,0.7201800450112529,0.3076923076923077,0.07252430433803371,0.49994999499949994,0.1366701046680419,0.6906077348066298,low,0.9996
28798476,0,0.7233,8,0.2633024698065278,0.5,182.46,189.65,182.46,,0.0,0.654038509627407,0.3076923076923077,0.3570266122839607,0.49994999499949994,0.17403926961570787,0.6906077348066298,medium,0.7761
101727525,0,0.9162,8,0.01133249772177635,0.5,217.65,225.43,217.65,,0.0,0.8952238059514878,0.3076923076923077,0.01536513780484021,0.49994999499949994,0.20764573305829326,0.6906077348066298,low,1.0
28798476,0,0.7837,8,0.2373800277501026,0.5,84.26,84.45,84.26,,0.0,0.7295573893473366,0.3076923076923077,0.3218767898594109,0.49994999499949994,0.08025823210329286,0.6906077348066298,low,0.9831
131699059,0,0.7349,11,0.10211410384589144,0.2996,24.13,24.13,26.67,,0.0,0.6685421355338833,0.5384615384615384,0.1384614621300075,0.2995299529952995,0.022834059133623658,0.6906077348066298,low,0.9995
131699059,0,0.785,13,0.054119612719734776,0.5,73.71,73.71,81.07,,0.0,0.7311827956989246,0.6923076923076923,0.07338280029834196,0.49994999499949994,0.07018297807319124,0.6906077348066298,low,0.9953
44289824,0,0.8244,11,1.9464125421582742e-05,0.5,50.81,54.53,50.81,,0.0,0.7804451112778195,0.5384615384615384,2.510459619141581e-05,0.49994999499949994,0.048313469325387735,0.6906077348066298,low,1.0
131699059,0,0.9034,11,0.046440047416430236,0.2655,102.95,122.12,102.95,,0.0,0.8792198049512377,0.5384615384615384,0.06296960866611369,0.26542654265426546,0.09810718924287572,0.6906077348066298,low,1.0
28798482,0,0.8302,10,0.09897608060511665,0.082,41.48,54.86,41.48,,0.0,0.7876969242310579,0.46153846153846156,0.13420642475979164,0.0819081908190819,0.03940331576132631,0.6906077348066298,low,1.0
44289996,0,0.7637,8,0.04231909545055947,0.0797,18.81,18.81,20.84,0.485,0.0,0.7045511377844462,0.3076923076923077,0.05738175820414095,0.0796079607960796,0.017753457101382843,0.5414364640883977,low,1.0
28798482,0,0.8302,10,0.09897608060511665,0.082,41.48,54.86,41.48,,0.0,0.7876969242310579,0.46153846153846156,0.13420642475979164,0.0819081908190819,0.03940331576132631,0.6906077348066298,low,1.0
"[261358192, 1480582261]",0,0.8914,11,0.0015169550422611474,0.5,18.29,18.29,23.83,0.4725,0.0,0.8642160540135033,0.5384615384615384,0.0020556439911571167,0.49994999499949994,0.017256856902742763,0.5138121546961325,low,1.0
261358192,0,0.7395,12,0.033193322813665056,0.0884,93.53,93.76,93.53,,0.0,0.6742935733933484,0.6153846153846154,0.04500756571967369,0.08830883088308832,0.08911108564443426,0.6906077348066298,low,0.9999
28798476,0,0.6738,7,0.27688660884951255,0.5,124.55,132.42,124.55,,0.0,0.5921480370092522,0.23076923076923078,0.37544617607783404,0.49994999499949994,0.11873519749407901,0.6906077348066298,medium,0.6553
28798484,0,0.7337,6,0.36727603911538426,0.5,187.81,193.69,187.81,,0.0,0.6670417604401101,0.15384615384615385,0.4980107252042587,0.49994999499949994,0.1791485216594087,0.6906077348066298,medium,0.9152
109230045,0,1.0,8,0.031681784897346514,0.5,348.96,358.44,348.96,,0.0,1.0,0.3076923076923077,0.04295797914017927,0.49994999499949994,0.3330468332187333,0.6906077348066298,low,0.9999
260660809,0,0.9596,6,5.745241884014451e-06,0.5,439.94,444.53,439.94,0.5575,0.0,0.9494873718429607,0.15384615384615385,6.502324107675827e-06,0.49994999499949994,0.4199327679731072,0.7016574585635359,low,0.9998
6276386,0,0.8104,13,0.045370202114208405,0.5,346.15,351.27,346.15,,0.0,0.762940735183796,0.6923076923076923,0.061518940078911066,0.49994999499949994,0.33036328214531285,0.6906077348066298,medium,0.7548
676806414,0,0.8637,10,5.745241884014451e-06,0.5,424.04,428.99,424.04,0.5575,0.0,0.8295823955988997,0.46153846153846156,6.502324107675827e-06,0.49994999499949994,0.4047482618993048,0.7016574585635359,low,0.9325
6276343,0,0.9154,11,0.031681784897346514,0.5,342.79,350.47,342.79,0.5525,0.0,0.8942235558889723,0.5384615384615384,0.04295797914017927,0.49994999499949994,0.3271544808617924,0.6906077348066298,low,0.9874
1068416045,0,0.9902,9,0.031681784897346514,0.5,301.9,312.57,301.9,0.5575,0.0,0.9877469367341835,0.38461538461538464,0.04295797914017927,0.49994999499949994,0.2881045152418061,0.7016574585635359,low,0.9999
101727550,0,1.0,8,0.0015169550422611474,0.5,58.97,63.18,58.97,,0.0,1.0,0.3076923076923077,0.0020556439911571167,0.49994999499949994,0.05610627244250898,0.6906077348066298,low,1.0
260660809,0,0.9611,6,0.01133249772177635,0.5,257.62,263.77,257.62,0.5575,0.0,0.9513628407101774,0.15384615384615385,0.01536513780484021,0.49994999499949994,0.24581709832683935,0.7016574585635359,low,1.0
131699030,0,1.0,6,0.017526031344777655,0.9825,113.5,120.38,113.5,0.445,0.0,1.0,0.15384615384615385,0.023763328320807235,0.9824982498249826,0.10818244327297732,0.4530386740331492,low,0.9999
31761881,0,1.0,6,0.017526031344777655,0.5,119.06,121.93,119.06,0.445,0.0,1.0,0.15384615384615385,0.023763328320807235,0.49994999499949994,0.11349224539689817,0.4530386740331492,low,1.0
28797923,0,1.0,7,0.017526031344777655,0.9825,142.01,146.62,142.01,,0.0,1.0,0.23076923076923078,0.023763328320807235,0.9824982498249826,0.13540950416380168,0.6906077348066298,low,1.0
131699040,0,1.0,7,0.06255885646927248,0.5,75.09,75.09,75.57,0.445,0.0,1.0,0.23076923076923078,0.08482608633397289,0.49994999499949994,0.07150087860035145,0.4530386740331492,low,1.0
41736255,0,1.0,6,0.017526031344777655,0.9825,92.91,99.1,92.91,0.525,0.0,1.0,0.15384615384615385,0.023763328320807235,0.9824982498249826,0.08851898540759418,0.6298342541436465,low,1.0
131699026,0,1.0,7,0.017526031344777655,0.9825,79.53,83.04,79.53,0.445,0.0,1.0,0.23076923076923078,0.023763328320807235,0.9824982498249826,0.07574108029643213,0.4530386740331492,low,0.9999
23198137,0,0.656,11,0.164338341928825,0.5,36.45,36.45,38.05,0.4525,0.0,0.5698924731182796,0.5384615384615384,0.22283510695703526,0.49994999499949994,0.03459966383986554,0.4696132596685083,medium,0.9561
23198137,0,0.6897,10,0.1675106401514664,0.5,14.38,14.38,17.56,0.4525,0.0,0.6120280070017504,0.46153846153846156,0.22713661986854444,0.49994999499949994,0.013522805409122166,0.4696132596685083,medium,0.6554
28798574,0,0.7204,10,0.2817753767715299,0.5,49.82,60.18,49.82,,0.0,0.6504126031507876,0.46153846153846156,0.382075155089908,0.49994999499949994,0.04736801894720759,0.6906077348066298,medium,0.5115
28798580,0,0.7249,11,0.4246479391941015,0.2855,70.12,81.6,70.12,0.5925,0.0,0.656039009752438,0.5384615384615384,0.5758047885697543,0.2854285428542854,0.06675452670181069,0.7790055248618785,medium,0.8769
28798580,0,0.7373,10,0.3966175261801556,0.2743,91.28,101.28,91.28,0.5925,0.0,0.6715428857214302,0.46153846153846156,0.5377966395773726,0.27422742274227424,0.08696233478493393,0.7790055248618785,medium,0.5782
23198137,0,0.656,11,0.164338341928825,0.5,36.45,36.45,38.05,0.4525,0.0,0.5698924731182796,0.5384615384615384,0.22283510695703526,0.49994999499949994,0.03459966383986554,0.4696132596685083,medium,0.9561
23198137,0,0.6294,10,0.1761594440448971,0.5,95.95,95.95,96.85,0.4525,0.0,0.5366341585396348,0.46153846153846156,0.23886406130238472,0.49994999499949994,0.09142218656887464,0.4696132596685083,medium,0.9931
28798579,0,0.7176,11,0.24010794423864334,0.5,73.63,79.66,73.63,,0.0,0.646911727931983,0.5384615384615384,0.325575738436574,0.49994999499949994,0.07010657804263122,0.6906077348066298,medium,0.6093
28798579,0,0.5604,10,0.37610423849230673,0.5,65.42,75.44,65.42,,0.0,0.4503625906476619,0.46153846153846156,0.5099814199309322,0.49994999499949994,0.06226602490640997,0.6906077348066298,medium,0.9997
1455706958,0,0.7021,11,0.2524168319661998,0.2364,68.69,78.18,68.69,,0.0,0.6275318829707427,0.5384615384615384,0.34226611108455113,0.23632363236323634,0.06538887615555047,0.6906077348066298,low,0.8017
28798580,0,0.7373,10,0.39661752618015556,0.2743,91.28,101.28,91.28,0.5925,0.0,0.6715428857214302,0.46153846153846156,0.5377966395773726,0.27422742274227424,0.08696233478493393,0.7790055248618785,medium,0.5782
179669699,0,0.6983,14,0.3022240049745043,0.5,47.04,53.27,47.04,0.5525,0.0,0.6227806951737934,0.7692307692307693,0.40980269899166155,0.49994999499949994,0.04471311788524716,0.6906077348066298,medium,0.9925
179669699,0,0.6289,12,0.4136613329714914,0.0619,81.7,98.65,81.7,0.5525,0.0,0.5360090022505626,0.6153846153846154,0.5609073781740589,0.0618061806180618,0.07781343112537246,0.6906077348066298,medium,0.9947
23015060,0,0.648,8,0.28753093180967565,0.4091,155.5,155.5,161.61,,0.0,0.5598899724931232,0.3076923076923077,0.3898794636926695,0.40904090409040905,0.14829245931698373,0.6906077348066298,medium,0.9324
308904394,0,0.622,9,0.33014699397452246,0.4091,124.48,124.48,130.86,,0.0,0.5273818454613654,0.38461538461538464,0.4476651852025247,0.40904090409040905,0.11866834746733901,0.6906077348066298,medium,0.9913
23009275,0,0.642,6,0.3787297913054864,0.0042,80.6,87.32,80.6,0.5925,0.0,0.5523880970242561,0.15384615384615385,0.5135415673487047,0.0041004100410041,0.07676293070517229,0.7790055248618785,low,0.9796
308904394,0,0.5921,7,0.3580121095246679,0.1353,129.12,133.76,129.12,,0.0,0.48999749937484366,0.23076923076923078,0.4854491972680239,0.1352135213521352,0.12309954923981971,0.6906077348066298,medium,0.8957
28798580,0,0.7827,8,0.3974064688701213,0.5,41.21,41.21,42.43,0.5925,0.0,0.7283070767691923,0.3076923076923077,0.5388664151561965,0.49994999499949994,0.03914546565818627,0.7790055248618785,low,0.8859
28798580,0,0.7249,11,0.42464793919410154,0.2855,70.12,81.6,70.12,0.5925,0.0,0.656039009752438,0.5384615384615384,0.5758047885697544,0.2854285428542854,0.06675452670181069,0.7790055248618785,medium,0.8769
196330136,0,0.6997,12,0.2626513998225472,0.2403,39.0,51.13,39.0,0.6925,0.0,0.6245311327831957,0.6153846153846154,0.35614378672790165,0.24022402240224025,0.03703491481396593,1.0,low,0.9986
28798580,0,0.7827,8,0.3974064688701213,0.5,41.21,41.21,42.43,0.5925,0.0,0.7283070767691923,0.3076923076923077,0.5388664151561965,0.49994999499949994,0.03914546565818627,0.7790055248618785,low,0.8859
111417976,0,0.6569,13,0.2211605762051189,0.5,360.68,369.39,360.68,,0.0,0.5710177544386097,0.6923076923076923,0.2998838448896116,0.49994999499949994,0.3442394376957751,0.6906077348066298,medium,0.9998
28798587,0,0.3629,9,0.6005450887799642,0.5,336.66,344.23,336.66,,0.0,0.20342585646411604,0.38461538461538464,0.8143144767954854,0.49994999499949994,0.32130032852013146,0.6906077348066298,high,0.9999
111417976,0,0.6446,13,0.2266443519290924,0.5,371.32,380.28,371.32,,0.0,0.5556389097274318,0.6923076923076923,0.30731963132108137,0.49994999499949994,0.3544006417602567,0.6906077348066298,medium,0.9996
27889653,0,0.5652,8,0.4583185759454018,0.5,229.09,235.96,229.09,,0.0,0.4563640910227557,0.3076923076923077,0.6214608614101748,0.49994999499949994,0.218570937428375,0.6906077348066298,medium,0.9967
28798587,0,0.7455,8,0.2826746611730145,0.5,296.6,301.32,296.6,,0.0,0.6817954488622157,0.3076923076923077,0.3832945497346157,0.49994999499949994,0.2830430132172053,0.6906077348066298,medium,0.9866
28798587,0,0.7126,8,0.2715897967209092,0.5,302.38,305.37,302.38,,0.0,0.6406601650412602,0.3076923076923077,0.36826390500432377,0.49994999499949994,0.28856291542516616,0.6906077348066298,medium,0.994
28798593,0,0.6808,8,0.316914851571183,0.5,271.49,276.64,271.49,,0.0,0.600900225056264,0.3076923076923077,0.42972291515090905,0.49994999499949994,0.25906295362518145,0.6906077348066298,medium,0.9986
28016640,0,0.7023,6,0.18850416538762546,0.5,173.38,182.9,173.38,,0.0,0.6277819454863716,0.15384615384615385,0.2556030229377489,0.49994999499949994,0.16536786614714646,0.6906077348066298,low,0.9192
28798587,0,0.484,8,0.5081137794241539,0.5,297.68,303.65,297.68,,0.0,0.3548387096774193,0.3076923076923077,0.6889812191011135,0.49994999499949994,0.2840744136297655,0.6906077348066298,high,0.6438
28798597,0,0.5012,12,0.5374185124249938,0.5,271.06,279.12,271.06,,0.0,0.3763440860215053,0.6153846153846154,0.72871729639415,0.49994999499949994,0.2586523034609214,0.6906077348066298,high,0.9876
28798593,0,0.5743,7,0.5224901953158828,0.2565,78.86,88.33,78.86,,0.0,0.467741935483871,0.23076923076923078,0.7084750794633357,0.25642564256425643,0.07510123004049203,0.6906077348066298,medium,0.9994
255493306,0,0.6949,6,0.4127669291992305,0.3911,78.82,78.82,115.85,,0.0,0.618529632408102,0.15384615384615385,0.5596946014726052,0.39103910391039104,0.07506303002521202,0.6906077348066298,medium,0.7032
208913795,0,0.5241,10,0.4297735883782662,0.5,313.51,322.31,313.51,0.5925,0.0,0.40497624406101523,0.46153846153846156,0.5827549693529445,0.49994999499949994,0.2991920696768279,0.7790055248618785,medium,0.9476
255493307,0,0.558,12,0.39052199504795654,0.5,351.9,361.6,351.9,,0.0,0.44736184046011507,0.6153846153846154,0.5295313366242889,0.49994999499949994,0.3358545343418137,0.6906077348066298,medium,0.6136
28798606,0,0.6095,10,0.45297213814821613,0.5,320.47,325.18,320.47,,0.0,0.5117529382345587,0.46153846153846156,0.6142112998616941,0.49994999499949994,0.30583887233554896,0.6906077348066298,medium,0.9064
255493300,0,0.9975,8,0.001107244629558698,0.5,200.33,204.17,200.33,,0.0,0.9968742185546388,0.3076923076923077,0.0015000926190821772,0.49994999499949994,0.1911051264420506,0.6906077348066298,low,1.0
1035952514,0,0.9856,10,0.0010768269104406154,0.0076,247.74,256.18,247.74,0.5125,0.0,0.9819954988747187,0.46153846153846156,0.001458847375935981,0.007500750075007501,0.23638169455267785,0.6022099447513811,low,1.0
1035952517,0,0.8527,10,0.0010768269104406154,0.0076,214.68,223.1,214.68,0.5125,0.0,0.8158289572393098,0.46153846153846156,0.001458847375935981,0.007500750075007501,0.2048093819237528,0.6022099447513811,low,1.0
28798845,0,0.5748,8,0.23909844855337578,0.0045,137.33,137.33,141.32,0.6525,0.0,0.46836709177294317,0.3076923076923077,0.3242069015809156,0.0044004400440044,0.13094010237604098,0.9116022099447513,low,0.9939
27889596,0,0.6674,10,0.23390043315622666,0.0662,37.5,37.5,38.45,0.6525,0.0,0.5841460365091272,0.46153846153846156,0.31715859502969773,0.0661066106610661,0.035602414240965705,0.9116022099447513,low,0.9998
27889596,0,0.6861,12,0.14530863316844778,0.0045,69.52,89.97,69.52,0.6525,0.0,0.6075268817204301,0.6153846153846154,0.19703156258948726,0.0044004400440044,0.0661815264726106,0.9116022099447513,low,0.9999
28798845,0,0.5748,8,0.23909844855337578,0.0045,137.33,137.33,141.32,0.6525,0.0,0.46836709177294317,0.3076923076923077,0.3242069015809156,0.0044004400440044,0.13094010237604098,0.9116022099447513,low,0.9939
27889596,0,0.6861,12,0.14530863316844775,0.0045,69.52,89.97,69.52,0.6525,0.0,0.6075268817204301,0.6153846153846154,0.19703156258948723,0.0044004400440044,0.0661815264726106,0.9116022099447513,low,0.9999
27889596,0,0.8455,14,0.08948845784751246,1.0,9.75,9.75,27.37,0.6525,0.0,0.8068267066766691,0.7692307692307693,0.12134157759627967,1.0,0.009101153640461457,0.9116022099447513,low,0.998
28798847,0,0.608,8,0.2425210725460212,0.0045,61.25,67.52,61.25,0.6525,0.0,0.5098774693673418,0.3076923076923077,0.32884784649288124,0.0044004400440044,0.058283673313469335,0.9116022099447513,low,0.9997
28798847,0,0.608,8,0.24252107254602126,0.0045,61.25,67.52,61.25,0.6525,0.0,0.5098774693673418,0.3076923076923077,0.32884784649288135,0.0044004400440044,0.058283673313469335,0.9116022099447513,low,0.9997
1035952517,0,0.8527,10,0.0010768269104406154,0.0076,214.68,223.1,214.68,0.5125,0.0,0.8158289572393098,0.46153846153846156,0.001458847375935981,0.007500750075007501,0.2048093819237528,0.6022099447513811,low,1.0
28798852,0,0.8297,8,0.16853612829288173,0.0076,252.68,258.59,252.68,0.5925,0.0,0.7870717679419854,0.3076923076923077,0.22852714187224954,0.007500750075007501,0.2410993964397586,0.7790055248618785,low,0.9999
196025362,0,0.8747,10,0.09331095851490348,0.0648,160.01,167.9,160.01,0.5125,0.0,0.8433358339584897,0.46153846153846156,0.12652473971441874,0.0647064706470647,0.15259951103980443,0.6022099447513811,low,0.9999
1035952513,0,0.8572,8,0.0010768269104406154,0.0076,234.21,242.64,234.21,0.5925,0.0,0.8214553638409602,0.3076923076923077,0.001458847375935981,0.007500750075007501,0.22346053938421578,0.7790055248618785,low,1.0
1035952515,0,0.9983,8,0.16853612829288173,0.0076,254.15,262.56,254.15,0.5925,0.0,0.9978744686171542,0.3076923076923077,0.22852714187224954,0.007500750075007501,0.24250324700129883,0.7790055248618785,low,1.0
1035952514,0,0.9856,10,0.0010768269104406154,0.0076,247.74,256.18,247.74,0.5125,0.0,0.9819954988747187,0.46153846153846156,0.001458847375935981,0.007500750075007501,0.23638169455267785,0.6022099447513811,low,1.0
1035952516,0,0.8964,11,0.014149525264796042,0.0076,226.78,226.78,228.53,0.5125,0.0,0.8704676169042259,0.5384615384615384,0.019184917503322182,0.007500750075007501,0.21636488654595465,0.6022099447513811,low,1.0
28016563,0,1.0,10,0.05987764519561545,0.1091,32.33,32.33,33.2,0.5525,0.0,1.0,0.46153846153846156,0.08119046821024035,0.10901090109010901,0.03066506226602491,0.6906077348066298,low,1.0
146401302,0,0.8099,10,0.17238617793555114,0.0446,159.24,164.11,159.24,,0.0,0.7623155788947235,0.46153846153846156,0.23374765932855102,0.0445044504450445,0.15186416074566433,0.6906077348066298,low,0.9993
28016563,0,0.8483,11,0.05987764519561545,0.1091,13.08,13.08,14.71,0.5525,0.0,0.8103275818954739,0.5384615384615384,0.08119046821024035,0.10901090109010901,0.012281304912521966,0.6906077348066298,low,1.0
106154434,0,0.8448,10,0.06791229878504673,0.1318,80.56,80.56,81.97,0.5525,0.0,0.805951487871968,0.46153846153846156,0.0920851457370161,0.13171317131713173,0.07672473068989229,0.6906077348066298,low,1.0
106154434,0,1.0,10,0.22027816884768087,0.0446,127.75,127.75,128.95,0.5525,0.0,1.0,0.46153846153846156,0.2986873348597098,0.0445044504450445,0.1217911987164795,0.6906077348066298,low,1.0
28798855,0,0.7203,10,0.22027816884768087,0.0446,138.05,140.92,138.05,0.5925,0.0,0.6502875718929731,0.46153846153846156,0.2986873348597098,0.0445044504450445,0.1316277026510811,0.7790055248618785,low,0.9954
106154434,0,1.0,10,0.22027816884768087,0.0446,127.75,127.75,128.95,0.5525,0.0,1.0,0.46153846153846156,0.2986873348597098,0.0445044504450445,0.1217911987164795,0.6906077348066298,low,1.0
106154434,0,0.8432,10,0.06892342843605094,0.0446,104.2,109.35,104.2,0.5525,0.0,0.8039509877469367,0.46153846153846156,0.09345619818661298,0.0445044504450445,0.0993009397203759,0.6906077348066298,low,1.0
28016563,0,1.0,10,0.3461652717818843,0.0076,91.09,93.38,91.09,0.5525,0.0,1.0,0.46153846153846156,0.46938534641458607,0.007500750075007501,0.0867808847123539,0.6906077348066298,low,1.0
28016563,0,0.8747,10,0.014186415957253206,0.0648,4.21,4.21,6.16,0.5525,0.0,0.8433358339584897,0.46153846153846156,0.01923493984636245,0.0647064706470647,0.00381045152418061,0.6906077348066298,low,1.0
335710020,0,1.0,8,0.01436463871899938,0.5,31.28,31.28,59.39,0.4625,0.0,1.0,0.3076923076923077,0.01947660297415554,0.49994999499949994,0.02966231186492475,0.4917127071823205,low,1.0
32151851,0,0.9099,8,0.01864526479241625,0.5,20.83,20.83,27.38,0.4625,0.0,0.8873468367091772,0.3076923076923077,0.025280965310813048,0.49994999499949994,0.01968255787302315,0.4917127071823205,low,1.0
"[28810157, 112478159]",0,0.6614,6,0.2531099638032131,0.1533,62.84,63.92,62.84,,0.0,0.5766441610402601,0.15384615384615385,0.3432059708761089,0.15321532153215323,0.059802123920849576,0.6906077348066298,low,0.9965
44289594,0,0.762,6,0.1115556570413054,0.0053,157.07,157.07,164.85,,0.0,0.7024256064016005,0.15384615384615385,0.1512638407603991,0.005200520052005201,0.14979180991672397,0.6906077348066298,low,1.0
44289594,0,0.6737,7,0.17780388171328984,0.5,175.69,175.69,184.54,,0.0,0.5920230057514377,0.23076923076923078,0.24109385477270778,0.49994999499949994,0.16757391702956684,0.6906077348066298,low,0.7144
28810165,0,0.7046,6,0.4210969864449583,0.4617,223.6,226.44,223.6,,0.0,0.6306576644161039,0.15384615384615385,0.5709898348590403,0.46164616461646163,0.21332798533119415,0.6906077348066298,medium,0.9959
44289594,0,1.0,8,0.17780388171328984,0.5,187.38,187.38,196.69,,0.0,1.0,0.3076923076923077,0.24109385477270778,0.49994999499949994,0.1787378714951486,0.6906077348066298,low,0.9999
28810165,0,0.7046,6,0.4210969864449583,0.4617,223.6,226.44,223.6,,0.0,0.6306576644161039,0.15384615384615385,0.5709898348590403,0.46164616461646163,0.21332798533119415,0.6906077348066298,medium,0.9959
44289594,0,0.7117,8,0.16012979747329606,0.5,211.32,211.32,233.37,,0.0,0.6395348837209303,0.3076923076923077,0.21712848448853217,0.49994999499949994,0.20160058064023229,0.6906077348066298,low,0.6694
28810167,0,0.6922,6,0.3926085424375073,0.5,145.48,145.48,176.41,,0.0,0.6151537884471118,0.15384615384615385,0.5323606136678435,0.49994999499949994,0.1387233554893422,0.6906077348066298,medium,0.9618
28810167,0,0.6922,6,0.39260854243750726,0.5,145.48,145.48,176.41,,0.0,0.6151537884471118,0.15384615384615385,0.5323606136678434,0.49994999499949994,0.1387233554893422,0.6906077348066298,medium,0.9618
28810171,0,0.688,6,0.4181520315686424,0.5,84.95,92.86,84.95,,0.0,0.6099024756189046,0.15384615384615385,0.5669965906760465,0.49994999499949994,0.08091718236687295,0.6906077348066298,medium,0.9207
28798423,0,0.723,7,0.3708894365679836,0.5,156.15,163.62,156.15,,0.0,0.6536634158539634,0.23076923076923078,0.5029103515022644,0.49994999499949994,0.14891320956528384,0.6906077348066298,medium,0.9451
28810171,0,0.688,6,0.4181520315686424,0.5,84.95,92.86,84.95,,0.0,0.6099024756189046,0.15384615384615385,0.5669965906760465,0.49994999499949994,0.08091718236687295,0.6906077348066298,medium,0.9207
28798423,0,0.7059,8,0.3413698979905059,0.5,145.06,152.52,145.06,,0.0,0.632283070767692,0.3076923076923077,0.4628830062083896,0.49994999499949994,0.13832225532890216,0.6906077348066298,medium,0.956
28810172,0,0.7001,6,0.4377563961320152,0.5,102.5,108.81,102.5,,0.0,0.6250312578144535,0.15384615384615385,0.5935793459445801,0.49994999499949994,0.09767743907097563,0.6906077348066298,medium,0.9592
28810172,0,0.7001,6,0.4377563961320152,0.5,102.5,108.81,102.5,,0.0,0.6250312578144535,0.15384615384615385,0.5935793459445801,0.49994999499949994,0.09767743907097563,0.6906077348066298,medium,0.9592
28810180,0,0.7581,6,0.3722834572044616,0.5,268.24,272.03,268.24,,0.0,0.6975493873468367,0.15384615384615385,0.5048005892245323,0.49994999499949994,0.255959202383681,0.6906077348066298,medium,0.9822
28810180,0,0.7581,6,0.3722834572044616,0.5,268.24,272.03,268.24,,0.0,0.6975493873468367,0.15384615384615385,0.5048005892245323,0.49994999499949994,0.255959202383681,0.6906077348066298,medium,0.9822
44289594,0,0.9087,9,0.04404355996869851,0.5,223.39,223.39,246.19,,0.0,0.8858464616154037,0.38461538461538464,0.05972006496775855,0.49994999499949994,0.2131274352509741,0.6906077348066298,low,0.9999
6276366,0,0.95,9,0.04404355996869851,0.5,222.18,222.18,229.13,,0.0,0.9374843710927732,0.38461538461538464,0.05972006496775855,0.49994999499949994,0.21197188478875395,0.6906077348066298,low,1.0
6276366,0,0.891,10,0.11439334635486281,0.5,250.23,250.23,258.31,,0.0,0.8637159289822456,0.46153846153846156,0.15511163701549238,0.49994999499949994,0.23875964550385823,0.6906077348066298,low,0.9901
67625602,0,1.0,8,0.11402893818191025,0.5,58.77,58.77,66.35,0.445,0.0,1.0,0.3076923076923077,0.15461751371717597,0.49994999499949994,0.05591527236610896,0.4530386740331492,low,1.0
112478192,0,0.8485,8,0.11402893818191025,0.5,68.9,68.9,77.64,,0.0,0.8105776444111028,0.3076923076923077,0.15461751371717597,0.49994999499949994,0.0655894262357705,0.6906077348066298,low,1.0
28810183,0,0.8758,8,0.0628248394058528,0.5,321.16,328.67,321.16,,0.0,0.8447111777944485,0.3076923076923077,0.085186748842868,0.49994999499949994,0.30649782259912906,0.6906077348066298,low,0.9961
28812771,0,1.0,9,0.0628248394058528,0.5,313.06,320.44,313.06,,0.0,1.0,0.38461538461538464,0.085186748842868,0.49994999499949994,0.2987623195049278,0.6906077348066298,low,0.9998
364634560,0,0.7273,10,0.3268245275500542,0.5,286.92,294.83,286.92,,0.0,0.6590397599399849,0.46153846153846156,0.4431600500544786,0.49994999499949994,0.27379860951944385,0.6906077348066298,medium,0.9995
6276366,0,0.7053,10,0.2704811521055792,0.5,281.52,281.52,290.29,,0.0,0.6315328832208053,0.46153846153846156,0.3667606260587692,0.49994999499949994,0.26864160745664295,0.6906077348066298,medium,0.9986
6276366,0,0.7453,10,0.257360886042546,0.5,280.07,284.34,280.07,,0.0,0.6815453863465865,0.46153846153846156,0.3489700559699392,0.49994999499949994,0.26725685690274276,0.6906077348066298,medium,0.9926
6276366,0,0.7453,10,0.257360886042546,0.5,280.07,284.34,280.07,,0.0,0.6815453863465865,0.46153846153846156,0.3489700559699392,0.49994999499949994,0.26725685690274276,0.6906077348066298,medium,0.9926
6276366,0,0.7149,10,0.2829148949071856,0.5,264.24,268.75,264.24,,0.0,0.6435358839709926,0.46153846153846156,0.3836202973273047,0.49994999499949994,0.25213920085568037,0.6906077348066298,medium,0.9979
28812774,0,0.6726,8,0.32734934577077623,0.5,315.43,323.34,315.43,,0.0,0.5906476619154788,0.3076923076923077,0.443871683133777,0.49994999499949994,0.3010256704102682,0.6906077348066298,medium,0.9997
"[28812775, 28810183]",0,0.7859,8,0.2931159695819312,0.5,342.89,350.79,342.89,,0.0,0.7323080770192549,0.3076923076923077,0.3974525575200903,0.49994999499949994,0.32724998089999235,0.6906077348066298,medium,0.9907
6276366,0,0.7149,10,0.2829148949071856,0.5,264.24,268.75,264.24,,0.0,0.6435358839709926,0.46153846153846156,0.3836202973273047,0.49994999499949994,0.25213920085568037,0.6906077348066298,medium,0.9979
6276366,0,0.8315,13,0.13208920768653046,0.5,247.41,252.2,247.41,,0.0,0.7893223305826456,0.6923076923076923,0.17910653618832723,0.49994999499949994,0.23606654442661779,0.6906077348066298,medium,0.5909
44532658,0,1.0,8,0.0680400270582381,0.5,41.5,41.5,42.55,,0.0,1.0,0.3076923076923077,0.09225834030377406,0.49994999499949994,0.03942241576896631,0.6906077348066298,low,1.0
877309012,0,0.9219,8,0.012523387997379877,0.5,13.83,13.83,15.69,0.5125,0.0,0.9023505876469117,0.3076923076923077,0.016979938664399345,0.49994999499949994,0.012997555199022081,0.6022099447513811,low,1.0
44532656,0,1.0,8,0.0680400270582381,0.5,73.48,73.49,73.48,,0.0,1.0,0.3076923076923077,0.09225834030377406,0.49994999499949994,0.06996332798533121,0.6906077348066298,low,1.0
"[261452316, 72133573]",0,1.0,7,0.11802841241132189,1.0,43.07,43.07,47.41,0.4625,0.0,1.0,0.23076923076923078,0.16004064509690405,1.0,0.04092176636870655,0.4917127071823205,low,0.9996
28813379,0,1.0,8,0.0680400270582381,0.5,57.28,57.71,57.28,0.5125,0.0,1.0,0.3076923076923077,0.09225834030377406,0.49994999499949994,0.05449232179692873,0.6022099447513811,low,1.0
44532657,0,1.0,8,0.0680400270582381,0.5,57.4,59.84,57.4,,0.0,1.0,0.3076923076923077,0.09225834030377406,0.49994999499949994,0.05460692184276874,0.6906077348066298,low,1.0
44532654,0,0.9339,10,0.04404739803893444,0.5,118.58,120.16,118.58,,0.0,0.9173543385846461,0.46153846153846156,0.059725269241605594,0.49994999499949994,0.1130338452135381,0.6906077348066298,low,1.0
179241841,0,1.0,8,0.0680400270582381,0.5,76.96,76.96,77.12,,0.0,1.0,0.3076923076923077,0.09225834030377406,0.49994999499949994,0.07328672931469173,0.6906077348066298,low,1.0
41736254,0,0.9041,9,0.041937513876716515,1.0,51.49,59.15,51.49,0.5575,0.0,0.8800950237559388,0.38461538461538464,0.05686434844267383,1.0,0.04896286958514784,0.7016574585635359,low,0.9999
"[1504907042, 28798486]",0,0.7887,8,0.0693190301556423,1.0,61.69,61.69,62.85,0.655,0.0,0.7358089522380595,0.3076923076923077,0.0939926187199954,1.0,0.058703873481549394,0.9171270718232045,low,0.9999
41736254,0,0.9967,10,0.00047077924165189435,0.5351,94.86,102.89,94.86,0.5575,0.0,0.995873968492123,0.46153846153846156,0.000637070326830537,0.5350535053505351,0.09038123615249447,0.7016574585635359,low,1.0
28813514,0,0.583,12,0.4157909162412639,0.5,98.47,98.47,108.49,,0.0,0.4786196549137284,0.6153846153846154,0.5637950101960675,0.49994999499949994,0.09382878753151502,0.6906077348066298,medium,0.9997
28022748,0,0.7485,9,0.2692728460451927,0.4601,60.3,60.3,65.7,,0.0,0.6855463865966491,0.38461538461538464,0.36512221007293555,0.4600460046004601,0.05737642295056918,0.6906077348066298,low,0.8986
28022767,0,0.8586,8,0.1778577250980509,0.5,153.01,153.01,158.52,,0.0,0.8232058014503626,0.3076923076923077,0.2411668643066463,0.49994999499949994,0.14591450836580336,0.6906077348066298,low,0.998
28813514,0,0.8298,12,0.18697139102156857,0.5,112.95,112.95,119.51,,0.0,0.7871967991997998,0.6153846153846154,0.25352464055901586,0.49994999499949994,0.10765719306287724,0.6906077348066298,low,0.9273
28022728,0,0.8611,6,0.042655393416414916,0.5,78.54,78.54,81.4,,0.0,0.826331582895724,0.15384615384615385,0.05783776515579411,0.49994999499949994,0.07479562991825198,0.6906077348066298,low,1.0
28815257,0,0.8612,6,0.10060867054759962,0.5,73.26,73.26,79.93,,0.0,0.8264566141535383,0.15384615384615385,0.13642015317494144,0.49994999499949994,0.06975322790129117,0.6906077348066298,low,1.0
28022677,0,0.7686,6,0.13402178359007483,0.5,14.0,14.0,15.71,,0.0,0.7106776694173543,0.15384615384615385,0.18172703389003628,0.49994999499949994,0.013159905263962107,0.6906077348066298,low,1.0
28022677,0,0.8506,9,0.05909235082811743,0.5,27.08,27.08,29.86,,0.0,0.8132033008252063,0.38461538461538464,0.0801256396146755,0.49994999499949994,0.025651310260524106,0.6906077348066298,low,1.0
28815260,0,0.8283,9,0.1088939056620866,0.5,94.47,100.84,94.47,,0.0,0.7853213303325832,0.38461538461538464,0.14765460949606876,0.49994999499949994,0.0900087860035144,0.6906077348066298,low,0.9997
214203269,0,0.8131,11,0.11319883746748513,0.5,76.06,76.06,86.39,,0.0,0.7663165791447861,0.5384615384615384,0.1534919294592182,0.49994999499949994,0.0724272289708916,0.6906077348066298,low,0.9979
859282148,0,0.8148,8,0.05784822372313993,0.5,25.92,34.56,25.92,,0.0,0.7684421105276319,0.3076923076923077,0.0784386516866732,0.49994999499949994,0.02454350981740393,0.6906077348066298,low,1.0
28815260,0,0.8283,9,0.1088939056620866,0.5,94.47,100.84,94.47,,0.0,0.7853213303325832,0.38461538461538464,0.14765460949606876,0.49994999499949994,0.0900087860035144,0.6906077348066298,low,0.9997
72133527,0,0.816,8,0.19463576348966688,0.2797,82.95,82.95,83.26,0.5325,0.0,0.7699424856214052,0.3076923076923077,0.2639172312980697,0.27962796279627966,0.07900718160287265,0.6464088397790054,low,0.9995
28022732,0,0.7412,10,0.2069427034621353,0.5,107.55,107.55,111.47,,0.0,0.6764191047761939,0.46153846153846156,0.28060496286596176,0.49994999499949994,0.10250019100007642,0.6906077348066298,low,0.7749
28022732,0,0.8822,10,0.04363765024797654,0.5,62.6,62.6,72.46,,0.0,0.8527131782945735,0.46153846153846156,0.059169667186071175,0.49994999499949994,0.05957292382916954,0.6906077348066298,low,1.0
214203269,0,0.8131,11,0.11319883746748513,0.5,76.06,76.06,86.39,,0.0,0.7663165791447861,0.5384615384615384,0.1534919294592182,0.49994999499949994,0.0724272289708916,0.6906077348066298,low,0.9979
72136976,0,0.9616,11,0.02276186733611813,0.6317,59.43,59.43,63.45,0.5525,0.0,0.9519879969992499,0.5384615384615384,0.030862918125621492,0.6316631663166317,0.056545572618229054,0.6906077348066298,low,1.0
72136976,0,0.6829,11,0.18501439964735425,0.8515,31.84,31.84,35.16,0.5525,0.0,0.6035258814703675,0.5384615384615384,0.25087103642942504,0.8514851485148516,0.030197112078844835,0.6906077348066298,medium,0.8889
28815272,0,0.7054,10,0.14371559079094828,0.6448,115.77,115.77,123.18,,0.0,0.6316579144786197,0.46153846153846156,0.19487145913310744,0.6447644764476448,0.11035029414011767,0.6906077348066298,low,0.6054
72133527,0,0.7956,8,0.01664359630526599,0.5,46.19,46.19,47.98,0.5325,0.0,0.7444361090272567,0.3076923076923077,0.022566780755091,0.49994999499949994,0.04390136756054703,0.6464088397790054,low,1.0
28815272,0,0.7054,10,0.14371559079094828,0.6448,115.77,115.77,123.18,,0.0,0.6316579144786197,0.46153846153846156,0.19487145913310744,0.6447644764476448,0.11035029414011767,0.6906077348066298,low,0.6054
28815290,0,0.6394,6,0.3334317659743218,0.5,132.08,144.39,132.08,,0.0,0.5491372843210802,0.15384615384615385,0.4521192081779357,0.49994999499949994,0.12592635037054017,0.6906077348066298,medium,0.9357
72133525,0,0.7786,7,0.23367059000259807,0.4224,155.52,162.38,155.52,,0.0,0.7231807951987996,0.23076923076923078,0.31684693665978186,0.4223422342234223,0.14831155932462375,0.6906077348066298,low,0.9762
172906541,0,0.4738,12,0.12202268088074891,0.5,65.38,65.38,71.88,,0.0,0.3420855213803451,0.6153846153846154,0.16545671766872175,0.49994999499949994,0.06222782489112996,0.6906077348066298,medium,0.9929
28797628,0,0.6197,11,0.35148312885476185,0.5,80.95,91.03,80.95,,0.0,0.5245061265316329,0.5384615384615384,0.47659615361337976,0.49994999499949994,0.07709718083887235,0.6906077348066298,medium,0.999
172906541,0,0.6994,11,0.09017513347665154,0.5,135.64,135.64,142.79,,0.0,0.6241560390097525,0.5384615384615384,0.12227268302126112,0.49994999499949994,0.1293261517304607,0.6906077348066298,low,0.8574
261273574,0,0.8707,12,0.026243260445494663,0.5,197.89,197.89,203.69,0.5525,0.0,0.8383345836459115,0.6153846153846154,0.035583551672348064,0.49994999499949994,0.18877492550997022,0.6906077348066298,low,0.9981
261273574,0,0.8607,11,0.026243260445494663,0.5,191.98,191.98,197.45,0.5525,0.0,0.8258314578644662,0.5384615384615384,0.035583551672348064,0.49994999499949994,0.1831308732523493,0.6906077348066298,low,0.9991
28022310,0,0.6882,12,0.23937957045742872,0.4979,157.44,157.44,164.93,,0.0,0.6101525381345336,0.6153846153846154,0.3245880919404351,0.49784978497849786,0.15014516005806403,0.6906077348066298,medium,0.9891
172906541,0,0.9159,11,0.03348411762702681,0.5,138.69,146.99,138.69,,0.0,0.8948487121780444,0.5384615384615384,0.045401872167708066,0.49994999499949994,0.13223890289556117,0.6906077348066298,low,1.0
172906541,0,0.6994,11,0.09017513347665154,0.5,135.64,135.64,142.79,,0.0,0.6241560390097525,0.5384615384615384,0.12227268302126112,0.49994999499949994,0.1293261517304607,0.6906077348066298,low,0.8574
27875232,0,0.7143,10,0.20683927561925558,0.2433,91.77,91.77,92.75,0.5525,0.0,0.642785696424106,0.46153846153846156,0.28046471873683754,0.24322432243224323,0.087430284972114,0.6906077348066298,low,0.9657
27875232,0,0.7755,12,0.16985083256603656,0.2373,18.32,18.32,20.5,0.5525,0.0,0.7193048262065515,0.6153846153846154,0.2303098296931578,0.23722372237223724,0.017285506914202768,0.6906077348066298,low,0.9986
28815352,0,0.8665,12,0.09759187258490713,0.5,222.11,225.83,222.11,0.5525,0.0,0.8330832708177045,0.6153846153846154,0.13232949256323795,0.49994999499949994,0.21190503476201394,0.6906077348066298,low,0.9654
261273574,0,0.9841,10,0.1538763442392551,0.5,223.88,228.93,223.88,0.5525,0.0,0.9801200300075018,0.46153846153846156,0.20864904531230358,0.49994999499949994,0.2135953854381542,0.6906077348066298,low,0.999
261273574,0,0.8984,12,0.04098485471906703,0.501,246.75,253.74,246.75,0.5525,0.0,0.8729682420605149,0.6153846153846154,0.05557257970616312,0.5009500950095009,0.23543624417449768,0.6906077348066298,low,0.995
1422352162,0,0.7308,8,0.1538763442392551,0.5,199.04,203.1,199.04,,0.0,0.6634158539634908,0.3076923076923077,0.20864904531230358,0.49994999499949994,0.1898731759492704,0.6906077348066298,low,0.8591
28815352,0,0.7501,8,0.13006334351652152,0.5,178.07,181.08,178.07,0.5525,0.0,0.6875468867216804,0.3076923076923077,0.17635954322844047,0.49994999499949994,0.1698468179387272,0.6906077348066298,low,0.9755
28815352,0,0.8665,12,0.09759187258490715,0.5,222.11,225.83,222.11,0.5525,0.0,0.8330832708177045,0.6153846153846154,0.13232949256323798,0.49994999499949994,0.21190503476201394,0.6906077348066298,low,0.9654
28875187,0,1.0,6,0.022855530663054607,0.5,341.47,343.99,341.47,0.555,0.0,1.0,0.15384615384615385,0.03098992195120025,0.49994999499949994,0.3258938803575522,0.696132596685083,low,1.0
90212105,0,1.0,5,0.022855530663054607,0.5,329.42,330.55,329.42,0.485,0.0,1.0,0.07692307692307693,0.03098992195120025,0.49994999499949994,0.3143861257544503,0.5414364640883977,low,1.0
177313884,0,0.5164,6,0.56246019628458,0.3937,284.71,289.19,284.71,0.5925,0.0,0.39534883720930225,0.15384615384615385,0.7626728449863783,0.39363936393639365,0.27168805867522344,0.7790055248618785,medium,0.9719
144473224,0,0.4662,7,0.46849483826496263,0.5,411.41,411.41,414.64,0.5925,0.0,0.3325831457864466,0.23076923076923078,0.6352594770151248,0.49994999499949994,0.39268660707464287,0.7790055248618785,high,0.5834
309593510,0,0.3853,7,0.5887384665033711,0.4767,406.21,410.56,406.21,0.5275,0.0,0.23143285821455362,0.23076923076923078,0.798305156548857,0.4766476647664767,0.387720605088242,0.6353591160220994,high,0.9999
28875332,0,0.4969,7,0.5395711162639361,0.3788,343.63,348.48,343.63,0.5925,0.0,0.3709677419354839,0.23076923076923078,0.7316361434119011,0.3787378737873788,0.32795668118267246,0.7790055248618785,medium,0.7865
28875335,0,0.4935,7,0.4956423624621888,0.5,249.34,253.8,249.34,,0.0,0.36671667916979245,0.23076923076923078,0.6720704631375588,0.49994999499949994,0.23790969516387808,0.6906077348066298,medium,0.9342
177313884,0,0.5752,7,0.4181682263373152,0.5,248.57,253.19,248.57,0.5925,0.0,0.46886721680420107,0.23076923076923078,0.5670185501520023,0.49994999499949994,0.23717434486973796,0.7790055248618785,medium,0.9999
129799377,0,0.5717,7,0.352654750728902,0.5,52.77,52.77,62.39,0.5925,0.0,0.46449112278069515,0.23076923076923078,0.47818482727055694,0.49994999499949994,0.050185270074108036,0.7790055248618785,medium,0.9162
28875338,0,0.3252,6,0.6431945667827191,0.5,124.01,124.01,127.94,0.5925,0.0,0.15628907226806701,0.15384615384615385,0.8721455088808675,0.49994999499949994,0.11821949728779893,0.7790055248618785,high,0.7404
144473239,0,0.4461,7,0.5186254278257934,0.5,122.94,123.73,122.94,0.5925,0.0,0.3074518629657414,0.23076923076923078,0.7032346051788094,0.49994999499949994,0.11719764687905876,0.7790055248618785,medium,0.998
28875344,0,0.3738,6,0.5751508966330477,0.5,110.72,110.72,113.52,,0.0,0.2170542635658915,0.15384615384615385,0.7798809406866539,0.49994999499949994,0.1055275422110169,0.6906077348066298,medium,0.837
27889343,0,0.4294,6,0.5881135197586747,0.5,126.17,126.17,130.79,0.5925,0.0,0.2865716429107277,0.15384615384615385,0.7974577530884475,0.49994999499949994,0.12028229811291927,0.7790055248618785,medium,0.9791
129799371,0,0.4271,11,0.6033397802708037,0.5,87.2,87.2,95.33,,0.0,0.2836959239809952,0.5384615384615384,0.8181039696766186,0.49994999499949994,0.0830659332263733,0.6906077348066298,high,0.9019
27889370,0,0.4938,9,0.4722151930372786,0.5,100.12,100.12,104.72,,0.0,0.3670917729432358,0.38461538461538464,0.6403041332754642,0.49994999499949994,0.09540453816181528,0.6906077348066298,medium,0.9982
129799371,0,0.3943,10,0.5916434618226769,0.5,61.17,61.17,71.48,,0.0,0.24268567141785444,0.46153846153846156,0.8022442171279291,0.49994999499949994,0.058207273282909325,0.6906077348066298,high,0.6955
129799377,0,0.3965,7,0.6455160660990935,0.5,87.21,87.21,97.05,0.5925,0.0,0.24543635908977246,0.23076923076923078,0.8752933715919367,0.49994999499949994,0.0830754832301933,0.7790055248618785,medium,0.7169
27889343,0,0.2996,7,0.6048861921558165,0.4675,331.42,331.42,347.9,0.5925,0.0,0.12428107026756686,0.23076923076923078,0.8202008440002296,0.4674467446744675,0.3162961265184506,0.7790055248618785,high,0.9993
129799365,0,0.6563,6,0.32723086299243764,0.5,258.32,258.32,264.23,,0.0,0.5702675668917229,0.15384615384615385,0.4437110250981682,0.49994999499949994,0.24648559859423944,0.6906077348066298,medium,0.9958
826904275,0,0.5634,6,0.36618689087663536,0.5,262.29,262.29,268.16,,0.0,0.4541135283820955,0.15384615384615385,0.496533882586472,0.49994999499949994,0.25027695011078005,0.6906077348066298,medium,0.9999
28875352,0,1.0,8,0.18297659494263804,0.3393,238.05,238.05,318.76,0.5925,0.0,1.0,0.3076923076923077,0.24810785256924806,0.3392339233923392,0.22712774085109638,0.7790055248618785,low,1.0
109230052,0,0.7253,10,0.15833974128110223,0.461,193.79,193.79,302.37,0.5075,0.0,0.6565391347836957,0.46153846153846156,0.21470123796798363,0.46094609460946095,0.18485942394376959,0.5911602209944751,medium,0.8347
109230052,0,0.8983,9,9.554368248226999e-05,0.2913,287.81,287.81,296.02,0.5075,0.0,0.8728432108027006,0.38461538461538464,0.00012826551424846807,0.29122912291229125,0.27464855985942394,0.5911602209944751,low,0.9998
28875352,0,0.4288,7,0.526315319449256,0.4287,234.15,234.15,334.25,0.5925,0.0,0.28582145536384096,0.23076923076923078,0.7136617988992309,0.42864286428642867,0.22340323936129577,0.7790055248618785,medium,0.9446
28875356,0,0.7284,6,0.18297659494263804,0.3393,277.28,277.28,319.26,0.5925,0.0,0.6604151037759439,0.15384615384615385,0.24810785256924806,0.3392339233923392,0.2645924058369623,0.7790055248618785,low,0.9759
28875473,0,0.4941,6,0.15976942090317028,0.5,311.53,319.37,311.53,0.5075,0.0,0.3674668667166791,0.15384615384615385,0.21663982788672295,0.49994999499949994,0.29730116892046754,0.5911602209944751,medium,0.9998
28875356,0,0.7322,6,0.05609719318776203,0.5,307.85,314.52,307.85,0.5925,0.0,0.6651662915728932,0.15384615384615385,0.07606432243773417,0.49994999499949994,0.29378676751470706,0.7790055248618785,low,0.9947
309593510,0,0.375,7,0.5264188077223144,0.3944,319.91,319.91,406.1,0.5275,0.0,0.2185546386596649,0.23076923076923078,0.7138021249693252,0.3943394339433943,0.30530407212162886,0.6353591160220994,high,0.9755
28875360,0,0.3874,6,0.5597787134523526,0.4476,327.41,327.41,388.68,0.5925,0.0,0.23405851462865718,0.15384615384615385,0.7590368586397945,0.44754475447544756,0.31246657498663005,0.7790055248618785,high,0.8573
335205291,0,0.7262,10,0.19388243833048577,0.5,381.51,391.3,381.51,0.5525,0.0,0.6576644161040259,0.46153846153846156,0.26289575170461454,0.49994999499949994,0.3641320956528383,0.6906077348066298,medium,0.9983
335205291,0,0.7843,10,0.11409447081857103,0.5,345.83,355.32,345.83,0.5525,0.0,0.7303075768942235,0.46153846153846156,0.1547063734216986,0.49994999499949994,0.3300576820230728,0.6906077348066298,medium,0.7759
28875364,0,0.3784,8,0.6091552174815307,0.5,465.11,474.12,465.11,0.5925,0.0,0.22280570142535636,0.3076923076923077,0.8259894761745493,0.49994999499949994,0.44397012758805104,0.7790055248618785,high,1.0
335205291,0,0.7262,10,0.19388243833048577,0.5,381.51,391.3,381.51,0.5525,0.0,0.6576644161040259,0.46153846153846156,0.26289575170461454,0.49994999499949994,0.3641320956528383,0.6906077348066298,medium,0.9983
335205291,0,0.8395,10,0.10011054955056838,0.5,423.62,433.49,423.62,0.5525,0.0,0.7993248312078018,0.46153846153846156,0.13574472049180625,0.49994999499949994,0.4043471617388647,0.6906077348066298,medium,0.7856
309593510,0,0.3141,6,0.6231320809323466,0.5,435.0,436.04,435.0,0.5275,0.0,0.14241060265066266,0.15384615384615385,0.8449415589790547,0.49994999499949994,0.41521506608602643,0.6353591160220994,high,1.0
309593510,0,0.4732,6,0.49058773114635906,0.5,433.38,433.38,443.67,0.5275,0.0,0.3413353338334584,0.15384615384615385,0.6652165798195345,0.49994999499949994,0.4136679654671862,0.6353591160220994,high,0.9729
27889378,0,0.4223,11,0.49045595749850784,0.5,171.81,171.81,182.05,,0.0,0.27769442360590146,0.5384615384615384,0.6650378998821999,0.49994999499949994,0.16386851554740625,0.6906077348066298,high,0.6206
27889378,0,0.5028,10,0.4918100239288955,0.5,188.84,188.84,198.76,,0.0,0.37834458614653665,0.46153846153846156,0.6668739612561849,0.49994999499949994,0.18013217205286886,0.6906077348066298,medium,0.8836
144473233,0,0.448,8,0.5086896988738827,0.5,218.64,218.64,228.92,0.5925,0.0,0.30982745686421603,0.3076923076923077,0.6897621434578831,0.49994999499949994,0.20859118343647337,0.7790055248618785,medium,0.9344
27889378,0,0.4223,11,0.49045595749850784,0.5,171.81,171.81,182.05,,0.0,0.27769442360590146,0.5384615384615384,0.6650378998821999,0.49994999499949994,0.16386851554740625,0.6906077348066298,high,0.6206
28875367,0,0.3935,12,0.5555835099227356,0.5,116.2,116.2,126.44,,0.0,0.24168542135533885,0.6153846153846154,0.7533483259475464,0.49994999499949994,0.11076094430437773,0.6906077348066298,high,0.9563
27889378,0,0.4268,11,0.5394823465144225,0.5,163.35,163.35,173.6,,0.0,0.2833208302075519,0.5384615384615384,0.7315157750868304,0.49994999499949994,0.15578921231568493,0.6906077348066298,high,0.8876
28875367,0,0.3935,12,0.5555835099227356,0.5,116.2,116.2,126.44,,0.0,0.24168542135533885,0.6153846153846154,0.7533483259475464,0.49994999499949994,0.11076094430437773,0.6906077348066298,high,0.9563
129799371,0,0.3943,10,0.5916434618226769,0.5,61.17,61.17,71.48,,0.0,0.24268567141785444,0.46153846153846156,0.8022442171279291,0.49994999499949994,0.058207273282909325,0.6906077348066298,high,0.6955
129799371,0,0.4271,11,0.6033397802708037,0.5,87.2,87.2,95.33,,0.0,0.2836959239809952,0.5384615384615384,0.8181039696766186,0.49994999499949994,0.0830659332263733,0.6906077348066298,high,0.9019
144473224,0,0.2912,6,0.6975282744955648,0.5,470.14,470.14,477.34,0.5925,0.0,0.11377844461115282,0.15384615384615385,0.9458199016567035,0.49994999499949994,0.4487737795095118,0.7790055248618785,high,1.0
28875368,0,0.3692,7,0.5997689873894443,0.5,418.38,418.38,425.61,0.5925,0.0,0.21130282570642656,0.23076923076923078,0.8132621135188759,0.49994999499949994,0.3993429597371839,0.7790055248618785,high,0.9998
109241586,0,0.4577,7,0.5833895441643289,0.4235,224.68,225.37,224.68,0.6925,0.0,0.32195548887221803,0.23076923076923078,0.791052226058327,0.42344234423442345,0.21435938574375432,1.0,medium,0.9976
28875368,0,0.3472,8,0.5638177187189497,0.4457,387.71,387.71,395.06,0.5925,0.0,0.18379594898724683,0.3076923076923077,0.7645135925672417,0.4456445644564456,0.3700530980212392,0.7790055248618785,high,0.9989
23009886,0,0.4123,8,0.5346045575161328,0.377,374.44,374.44,381.72,0.5925,0.0,0.2651912978244561,0.3076923076923077,0.724901683067988,0.37693769376937697,0.3573802429520972,0.7790055248618785,high,0.9346
27889385,0,0.3703,8,0.5746185971997589,0.4536,343.81,343.81,351.12,0.5925,0.0,0.2126781695423856,0.3076923076923077,0.7791591633743133,0.4535453545354536,0.3281285812514325,0.7790055248618785,high,0.9954
28875368,0,0.3607,8,0.5850368270271161,0.5,376.02,376.02,380.12,0.5925,0.0,0.20067516879219807,0.3076923076923077,0.7932858775015029,0.49994999499949994,0.35888914355565743,0.7790055248618785,high,0.9995
28875368,0,0.4269,8,0.6084802170166556,0.5,327.54,328.3,327.54,0.5925,0.0,0.2834458614653663,0.3076923076923077,0.8250742018178662,0.49994999499949994,0.31259072503629004,0.7790055248618785,high,0.9951
27889383,0,0.468,8,0.5356362695084756,0.5,381.89,383.0,381.89,0.5925,0.0,0.3348337084271068,0.3076923076923077,0.7263006443712939,0.49994999499949994,0.3644949957979983,0.7790055248618785,high,0.9535
28875370,0,0.5657,11,0.41824346521810324,0.5,162.39,167.79,162.39,,0.0,0.4569892473118279,0.5384615384615384,0.5671205711457561,0.49994999499949994,0.15487241194896478,0.6906077348066298,medium,0.9985
731886505,0,0.6401,9,0.2206700525452481,0.5,188.53,194.54,188.53,,0.0,0.5500125031257814,0.38461538461538464,0.2992187138999476,0.49994999499949994,0.17983612193444878,0.6906077348066298,medium,0.9721
731886504,0,0.4535,9,0.5141170129813918,0.4599,173.56,177.01,173.56,,0.0,0.316704176044011,0.38461538461538464,0.6971213701351365,0.4598459845984598,0.16553976621590652,0.6906077348066298,medium,0.8574
44289317,0,0.3904,7,0.5846244778518366,0.5,122.98,122.98,123.28,,0.0,0.23780945236309078,0.23076923076923078,0.7927267480700845,0.49994999499949994,0.11723584689433877,0.6906077348066298,medium,0.5832
731886504,0,0.34,7,0.5860127637655757,0.5,118.18,118.18,121.12,,0.0,0.17479369842460618,0.23076923076923078,0.7946092097315365,0.49994999499949994,0.11265184506073804,0.6906077348066298,high,0.7118
948665876,0,0.6273,6,0.24388142209317254,0.3799,78.23,78.23,79.05,0.5075,0.0,0.5340085021255313,0.15384615384615385,0.3306924275286342,0.37983798379837985,0.07449957979983193,0.5911602209944751,low,0.6111
28875371,0,0.6635,7,0.37579488287817653,0.5049,179.79,185.27,179.79,,0.0,0.5792698174543636,0.23076923076923078,0.5095619457595155,0.5048504850485048,0.17148941859576744,0.6906077348066298,medium,0.9959
731886505,0,0.5442,8,0.39477544865489644,0.5,180.94,182.16,180.94,,0.0,0.43010752688172044,0.3076923076923077,0.5352988541540635,0.49994999499949994,0.17258766903506764,0.6906077348066298,medium,0.9999
28875371,0,0.5066,7,0.46820611646325694,0.5,130.94,135.66,130.94,,0.0,0.38309577394348593,0.23076923076923078,0.6348679814902062,0.49994999499949994,0.12483764993505998,0.6906077348066298,medium,0.9996
44289317,0,0.5306,7,0.48868331105060414,0.5,58.84,58.84,59.36,,0.0,0.4131032758189547,0.23076923076923078,0.6626342602972526,0.49994999499949994,0.055982122392848964,0.6906077348066298,medium,0.9999
30912781,0,0.7809,7,0.09411679966490892,0.4936,28.89,28.89,32.92,,0.0,0.7260565141285321,0.23076923076923078,0.1276174289473016,0.4935493549354935,0.027379860951944387,0.6906077348066298,low,1.0
44289317,0,0.5754,8,0.3218979046704391,0.4389,7.74,7.74,10.99,,0.0,0.46911727931982994,0.3076923076923077,0.4364797411933668,0.43884388438843885,0.00718160287264115,0.6906077348066298,medium,0.8874
335205291,0,0.8484,9,0.0035587937277109898,0.3912,479.91,489.79,479.91,0.5525,0.0,0.8104526131532884,0.38461538461538464,0.004824297772190417,0.3911391139113911,0.45810413324165333,0.6906077348066298,low,0.9065
335205291,0,0.8395,10,0.10011054955056838,0.5,423.62,433.49,423.62,0.5525,0.0,0.7993248312078018,0.46153846153846156,0.13574472049180625,0.49994999499949994,0.4043471617388647,0.6906077348066298,medium,0.7856
177313884,0,0.455,9,0.5465633706173172,0.5,39.59,39.59,46.69,0.5925,0.0,0.3185796449112278,0.38461538461538464,0.7411173681488935,0.49994999499949994,0.03759836503934602,0.7790055248618785,medium,0.9975
144473225,0,0.6684,10,0.3037658030053024,0.4338,56.62,57.0,56.62,0.5925,0.0,0.5853963490872718,0.46153846153846156,0.41189331710854693,0.43374337433743376,0.053862021544808625,0.7790055248618785,medium,0.5487
965408619,0,0.5652,10,0.4629468630192686,0.4789,34.41,39.52,34.41,0.5925,0.0,0.4563640910227557,0.46153846153846156,0.6277366385311013,0.47884788478847884,0.03265146306058522,0.7790055248618785,medium,0.9996
"[965408620, 1134789854]",0,0.7146,12,0.2275948374855439,0.5,71.21,71.21,72.61,0.5075,0.0,0.6431607901975493,0.6153846153846154,0.30860845273897275,0.49994999499949994,0.06779547711819085,0.5911602209944751,medium,0.9445
965408620,0,0.7382,11,0.15381706167549677,0.4218,10.41,10.41,12.85,0.5075,0.0,0.6726681670417605,0.5384615384615384,0.20856866046335915,0.4217421742174218,0.009731453892581558,0.5911602209944751,low,0.9686
28875379,0,0.6988,7,0.2986567416184284,0.5,74.05,74.05,78.0,0.5525,0.0,0.6234058514628656,0.23076923076923078,0.40496562873282027,0.49994999499949994,0.07050767820307129,0.6906077348066298,low,0.7007
28875379,0,0.5364,10,0.22142517982296592,0.5,94.5,94.5,96.47,0.5525,0.0,0.420355088772193,0.46153846153846156,0.3002426370959929,0.49994999499949994,0.09003743601497442,0.6906077348066298,medium,0.9935
28875381,0,0.5021,6,0.42982834043389634,0.5,94.41,98.73,94.41,,0.0,0.37746936734183545,0.15384615384615385,0.5828292110092124,0.49994999499949994,0.0899514859805944,0.6906077348066298,medium,0.9998
28875381,0,0.5021,6,0.4298283404338964,0.5,94.41,98.73,94.41,,0.0,0.37746936734183545,0.15384615384615385,0.5828292110092125,0.49994999499949994,0.0899514859805944,0.6906077348066298,medium,0.9998
200232011,0,0.4793,6,0.4862307966226356,0.5,22.87,22.87,30.31,,0.0,0.34896224056014,0.15384615384615385,0.659308746194488,0.49994999499949994,0.021630758652303465,0.6906077348066298,medium,0.9999
44289287,0,0.686,7,0.221768631732239,0.4509,24.96,24.96,26.45,0.5075,0.0,0.6074018504626156,0.23076923076923078,0.30070834451646067,0.4508450845084509,0.023626709450683785,0.5911602209944751,low,0.9406
200232011,0,0.4793,6,0.4862307966226356,0.5,22.87,22.87,30.31,,0.0,0.34896224056014,0.15384615384615385,0.659308746194488,0.49994999499949994,0.021630758652303465,0.6906077348066298,medium,0.9999
28875386,0,0.81,9,0.2122049452698898,0.0538,24.19,29.56,24.19,,0.0,0.7624406101525382,0.38461538461538464,0.2877403579300147,0.0537053705370537,0.022891359156543667,0.6906077348066298,low,1.0
44289287,0,0.6227,7,0.22008062420810467,0.363,0.42,0.42,9.12,0.5075,0.0,0.5282570642660666,0.23076923076923078,0.29841947201766306,0.3629362936293629,0.00019100007640003057,0.5911602209944751,low,0.9188
196330136,0,0.6217,7,0.3632871605697397,0.4658,118.89,122.1,118.89,0.6925,0.0,0.527006751687922,0.23076923076923078,0.4926019611592929,0.4657465746574657,0.11332989533195814,1.0,low,0.7992
28875387,0,0.8082,7,0.27062571350925746,0.2784,32.67,37.88,32.67,0.5925,0.0,0.760190047511878,0.23076923076923078,0.3669566456952553,0.27832783278327833,0.030989762395904966,0.7790055248618785,low,0.9999
44289287,0,0.6616,6,0.3832802383714012,0.5,75.67,81.43,75.67,0.5075,0.0,0.5768942235558889,0.15384615384615385,0.5197117964486894,0.49994999499949994,0.07205477882191154,0.5911602209944751,medium,0.9777
109241637,0,0.7161,7,0.36120538706174077,0.0195,133.3,142.34,133.3,,0.0,0.6450362590647661,0.23076923076923078,0.48977915731330424,0.0194019401940194,0.12709145083658036,0.6906077348066298,low,0.9241
28875386,0,0.6141,7,0.3884062533894165,0.0705,141.4,152.66,141.4,,0.0,0.5175043760940234,0.23076923076923078,0.5266624732883413,0.0704070407040704,0.1348269539307816,0.6906077348066298,medium,0.892
109241637,0,0.7161,7,0.36120538706174077,0.0195,133.3,142.34,133.3,,0.0,0.6450362590647661,0.23076923076923078,0.48977915731330424,0.0194019401940194,0.12709145083658036,0.6906077348066298,low,0.9241
23009275,0,0.6275,7,0.3717918423348723,0.1733,106.29,113.84,106.29,0.5925,0.0,0.5342585646411602,0.23076923076923078,0.5041339785969641,0.17321732173217325,0.10129689051875622,0.7790055248618785,low,0.5978
28892476,0,0.6267,7,0.4691519006453167,0.1898,147.03,152.66,147.03,,0.0,0.5332583145786447,0.23076923076923078,0.6361504280274185,0.18971897189718973,0.14020360608144244,0.6906077348066298,medium,0.9958
"[179669698, 23015060]",0,0.6015,8,0.433225953809762,0.5,156.34,165.97,156.34,0.5925,0.0,0.5017504376094024,0.3076923076923077,0.5874362424983368,0.49994999499949994,0.14909465963786386,0.7790055248618785,medium,0.9995
28892534,0,0.7395,7,0.3089200926336549,0.0109,84.54,84.54,90.76,,0.0,0.6742935733933484,0.23076923076923078,0.4188823332192564,0.010801080108010801,0.0805256322102529,0.6906077348066298,low,0.998
28892476,0,0.5509,7,0.37779197556399635,0.3534,110.58,110.58,117.66,,0.0,0.43848462115528875,0.23076923076923078,0.5122699257067418,0.35333533353335334,0.10539384215753687,0.6906077348066298,medium,0.9962
196330136,0,0.7151,7,0.38788614928954224,0.5,102.49,113.03,102.49,0.6925,0.0,0.6437859464866215,0.23076923076923078,0.5259572323734203,0.49994999499949994,0.09766788906715564,1.0,low,0.973
28875389,0,0.666,8,0.36433567517046844,0.518,51.76,61.1,51.76,0.5925,0.0,0.5823955988997249,0.3076923076923077,0.49402370614554614,0.517951795179518,0.04922071968828788,0.7790055248618785,medium,0.7206
255962493,0,0.5562,10,0.3068346100849041,0.5,3.42,3.42,12.26,0.4825,0.0,0.44511127781945486,0.46153846153846156,0.4160545000583788,0.49994999499949994,0.003056001222400489,0.5359116022099447,medium,0.9993
451863068,0,0.5286,11,0.31964304404100735,0.4071,63.85,63.85,65.16,0.4825,0.0,0.4106026506626656,0.5384615384615384,0.43342223794795054,0.40704070407040704,0.06076667430666973,0.5359116022099447,medium,0.9999
27880373,0,0.4318,8,0.6335839297327691,0.5,93.41,93.41,95.4,0.5925,0.0,0.2895723930982746,0.3076923076923077,0.8591138591251373,0.49994999499949994,0.08899648559859424,0.7790055248618785,medium,0.7633
28875397,0,0.4264,9,0.6132021605226168,0.5,80.17,80.17,84.5,,0.0,0.28282070517629404,0.38461538461538464,0.8314769734152341,0.49994999499949994,0.07635228054091223,0.6906077348066298,high,0.6127
261164070,0,0.388,11,0.511703998749952,0.5,51.99,51.99,55.25,0.5325,0.0,0.2348087021755439,0.5384615384615384,0.6938494167613609,0.49994999499949994,0.04944036977614792,0.6464088397790054,medium,0.6558
261164070,0,0.5192,11,0.39588345211437037,0.5,92.42,92.42,96.7,0.5325,0.0,0.398849712428107,0.5384615384615384,0.5368012637172336,0.49994999499949994,0.0880510352204141,0.6464088397790054,medium,0.9994
261164070,0,0.2983,11,0.5256391413882978,0.5,131.03,136.85,131.03,0.5325,0.0,0.12265566391597901,0.5384615384615384,0.7127449277680958,0.49994999499949994,0.12492359996944,0.6464088397790054,high,0.9916
261164070,0,0.5502,11,0.42689266381403557,0.5,132.19,132.19,136.65,0.5325,0.0,0.43760940235058765,0.5384615384615384,0.5788485477808253,0.49994999499949994,0.12603140041256017,0.6464088397790054,medium,0.997
28875400,0,0.3378,9,0.5645407610605913,0.5,134.27,139.71,134.27,,0.0,0.17204301075268816,0.38461538461538464,0.7654940098388403,0.49994999499949994,0.1280178012071205,0.6906077348066298,high,0.9283
28875400,0,0.3351,8,0.6284551045726994,0.407,113.88,118.41,113.88,,0.0,0.16866716679169794,0.3076923076923077,0.8521593718422414,0.4069406940694069,0.10854534341813737,0.6906077348066298,high,0.9161
28875402,0,0.4745,10,0.6251808017235732,0.5,148.85,153.61,148.85,,0.0,0.34296074018504624,0.46153846153846156,0.8477195446276423,0.49994999499949994,0.14194170677668272,0.6906077348066298,high,0.9425
"[28875402, 30912371, 129799375]",0,0.4618,10,0.4937723518718525,0.5,117.42,117.42,122.71,,0.0,0.3270817704426106,0.46153846153846156,0.6695348015652705,0.49994999499949994,0.11192604477041793,0.6906077348066298,medium,0.9572
28875402,0,0.4745,10,0.6251808017235733,0.5,148.85,153.61,148.85,,0.0,0.34296074018504624,0.46153846153846156,0.8477195446276425,0.49994999499949994,0.14194170677668272,0.6906077348066298,high,0.9425
28875404,0,0.3839,12,0.5197792671474829,0.5,116.08,116.08,120.14,,0.0,0.22968242060515132,0.6153846153846154,0.7047991663870309,0.49994999499949994,0.11064634425853771,0.6906077348066298,high,0.8706
28875400,0,0.7775,9,0.11932023414317766,0.3436,107.13,110.26,107.13,,0.0,0.7218054513628406,0.38461538461538464,0.1617923050824898,0.34353435343534355,0.10209909083963635,0.6906077348066298,low,0.9994
"[28875402, 30912371, 129799375]",0,0.4618,10,0.49377235187185237,0.5,117.42,117.42,122.71,,0.0,0.3270817704426106,0.46153846153846156,0.6695348015652703,0.49994999499949994,0.11192604477041793,0.6906077348066298,medium,0.9572
261164070,0,0.5502,11,0.42689266381403557,0.5,132.19,132.19,136.65,0.5325,0.0,0.43760940235058765,0.5384615384615384,0.5788485477808253,0.49994999499949994,0.12603140041256017,0.6464088397790054,medium,0.997
28875404,0,0.3839,12,0.519779267147483,0.5,116.08,116.08,120.14,,0.0,0.22968242060515132,0.6153846153846154,0.704799166387031,0.49994999499949994,0.11064634425853771,0.6906077348066298,high,0.8706
261164070,0,0.5192,11,0.3958834521143704,0.5,92.42,92.42,96.7,0.5325,0.0,0.398849712428107,0.5384615384615384,0.5368012637172337,0.49994999499949994,0.0880510352204141,0.6464088397790054,medium,0.9994
109230052,0,0.8408,9,0.04290806571680262,0.5,122.84,122.84,228.68,0.5075,0.0,0.8009502375593899,0.38461538461538464,0.058180378960114645,0.49994999499949994,0.11710214684085875,0.5911602209944751,low,0.9996
30818503,0,0.8607,7,0.010032151044545445,0.1814,85.76,85.76,189.56,0.5475,0.0,0.8258314578644662,0.23076923076923078,0.013601918325150383,0.18131813181318132,0.08169073267629308,0.6795580110497237,low,1.0
109230052,0,0.7253,10,0.15833974128110223,0.461,193.79,193.79,302.37,0.5075,0.0,0.6565391347836957,0.46153846153846156,0.21470123796798363,0.46094609460946095,0.18485942394376959,0.5911602209944751,medium,0.8347
109230052,0,0.8408,9,0.04290806571680262,0.5,122.84,122.84,228.68,0.5075,0.0,0.8009502375593899,0.38461538461538464,0.058180378960114645,0.49994999499949994,0.11710214684085875,0.5911602209944751,low,0.9996
"[30913216, 28875406]",0,0.824,7,0.21610955759406394,0.5,192.33,192.33,255.16,0.5725,0.0,0.7799449862465615,0.23076923076923078,0.29303486025864117,0.49994999499949994,0.1834651233860494,0.7348066298342542,low,0.9907
28875397,0,0.3684,10,0.6239399708398133,0.5,145.57,145.57,148.13,,0.0,0.21030257564391097,0.46153846153846156,0.8460370262473093,0.49994999499949994,0.13880930552372223,0.6906077348066298,high,0.9957
30913204,0,0.405,8,0.5826649722027734,0.4759,167.35,167.35,171.3,,0.0,0.256064016004001,0.3076923076923077,0.7900697346816641,0.47584758475847583,0.15960921384368554,0.6906077348066298,high,0.7796
"[28875408, 30913204]",0,0.4284,10,0.568233634403518,0.5,213.31,213.31,216.45,,0.0,0.2853213303325831,0.46153846153846156,0.7705014023506139,0.49994999499949994,0.2035010314004126,0.6906077348066298,high,0.9774
30913204,0,0.405,8,0.5826649722027734,0.4759,167.35,167.35,171.3,,0.0,0.256064016004001,0.3076923076923077,0.7900697346816641,0.47584758475847583,0.15960921384368554,0.6906077348066298,high,0.7796
28875473,0,0.5172,6,0.1274399102208666,0.5,320.96,328.35,320.96,0.5075,0.0,0.39634908727181795,0.15384615384615385,0.1728022697939314,0.49994999499949994,0.306306822522729,0.5911602209944751,medium,0.9993
263612821,0,1.0,7,0.0016314982461035485,0.5,108.1,111.79,108.1,0.515,0.0,1.0,0.23076923076923078,0.002210960117092924,0.49994999499949994,0.1030254412101765,0.6077348066298343,low,1.0
"[1337078035, 108756221]",0,0.9758,7,0.024702450865055608,0.5,228.49,236.78,228.49,0.515,0.0,0.9697424356089023,0.23076923076923078,0.03349427385567516,0.49994999499949994,0.2179979371991749,0.6077348066298343,low,1.0
261164070,0,0.4275,11,0.5430753904517804,0.4406,113.28,118.21,113.28,0.5325,0.0,0.28419604901225304,0.5384615384615384,0.7363878028104079,0.44054405440544053,0.1079723431889373,0.6464088397790054,high,0.6759
30913216,0,0.4375,9,0.5328308173359446,0.4918,108.67,108.67,153.06,0.5725,0.0,0.2966991747936984,0.38461538461538464,0.7224965604246354,0.49174917491749176,0.10356979142791659,0.7348066298342542,medium,0.958
261164070,0,0.6825,10,0.37230870311767145,0.5,77.44,77.44,140.45,0.5325,0.0,0.6030257564391097,0.46153846153846156,0.504834821700174,0.49994999499949994,0.0737451294980518,0.6464088397790054,medium,0.9959
27880373,0,0.3837,8,0.615112701242684,0.5,203.69,203.69,204.57,0.5925,0.0,0.22943235808952236,0.3076923076923077,0.8340675922658446,0.49994999499949994,0.1943139277255711,0.7790055248618785,high,0.9443
30913216,0,0.4567,7,0.5262475608850904,0.5,158.61,158.61,200.99,0.5725,0.0,0.3207051762940735,0.23076923076923078,0.7135699209236536,0.49994999499949994,0.15126251050500422,0.7348066298342542,medium,0.9849
28875453,0,0.4709,12,0.4800698688239633,0.4224,78.8,84.62,78.8,,0.0,0.3384596149037259,0.6153846153846154,0.6509547679071634,0.4223422342234223,0.07504393001757201,0.6906077348066298,medium,0.9844
30912386,0,0.7923,10,0.19800083855496362,0.3938,67.83,71.49,67.83,0.5075,0.0,0.7403100775193798,0.46153846153846156,0.2684801421045824,0.3937393739373937,0.06456757582703034,0.5911602209944751,low,0.9655
30912386,0,0.7355,11,0.2177874872413369,0.295,75.91,79.33,75.91,0.5075,0.0,0.6692923230807702,0.5384615384615384,0.2953100675486856,0.29492949294929494,0.07228397891359158,0.5911602209944751,low,0.7
261164070,0,0.4275,11,0.5430753904517804,0.4406,113.28,118.21,113.28,0.5325,0.0,0.28419604901225304,0.5384615384615384,0.7363878028104079,0.44054405440544053,0.1079723431889373,0.6464088397790054,high,0.6759
261164070,0,0.2983,11,0.5256391413882978,0.5,131.03,136.85,131.03,0.5325,0.0,0.12265566391597901,0.5384615384615384,0.7127449277680958,0.49994999499949994,0.12492359996944,0.6464088397790054,high,0.9916
28875453,0,0.4709,12,0.4800698688239633,0.4224,78.8,84.62,78.8,,0.0,0.3384596149037259,0.6153846153846154,0.6509547679071634,0.4223422342234223,0.07504393001757201,0.6906077348066298,medium,0.9844
28875455,0,0.8551,10,0.056652825401295744,0.5,28.33,31.84,28.33,,0.0,0.8188297074268567,0.46153846153846156,0.07681773809188273,0.49994999499949994,0.0268450607380243,0.6906077348066298,low,1.0
30912764,0,0.633,12,0.40389086233485877,0.5,136.66,137.46,136.66,,0.0,0.5411352838209552,0.6153846153846154,0.5476590002961425,0.49994999499949994,0.13030025212010085,0.6906077348066298,medium,0.9998
30912766,0,0.8561,14,0.019864561446305846,0.5,14.67,14.67,17.38,,0.0,0.8200800200050011,0.7692307692307693,0.026934284113639507,0.49994999499949994,0.013799755519902208,0.6906077348066298,low,0.9999
1311811607,0,0.3761,7,0.5760870029856024,0.5,290.9,290.9,301.21,0.5925,0.0,0.2199299824956239,0.23076923076923078,0.7811502644637567,0.49994999499949994,0.2775995110398044,0.7790055248618785,high,0.9622
1311811609,0,0.4122,8,0.5691655447523747,0.5,258.41,258.41,268.65,,0.0,0.2650662665666417,0.3076923076923077,0.7717650365100273,0.49994999499949994,0.24657154862861946,0.6906077348066298,high,0.9759
129799369,0,0.4502,9,0.46347850338612273,0.4977,267.16,267.16,273.13,,0.0,0.31257814453613403,0.38461538461538464,0.6284575221750098,0.49764976497649765,0.2549278019711208,0.6906077348066298,medium,0.5768
1311811608,0,0.4288,8,0.5091196554506877,0.4978,284.27,284.27,294.28,0.5925,0.0,0.28582145536384096,0.3076923076923077,0.6903451478404203,0.4977497749774978,0.2712678585071434,0.7790055248618785,medium,0.524
28875335,0,0.2946,8,0.6369468968731603,0.4809,211.34,214.78,211.34,,0.0,0.11802950737684419,0.3076923076923077,0.8636739116675268,0.48084808480848085,0.20161968064787228,0.6906077348066298,high,0.9996
129799369,0,0.4502,9,0.46347850338612273,0.4977,267.16,267.16,273.13,,0.0,0.31257814453613403,0.38461538461538464,0.6284575221750098,0.49764976497649765,0.2549278019711208,0.6906077348066298,medium,0.5768
44532644,0,0.7339,6,0.17153459248654954,0.5,55.18,55.18,67.48,0.5525,0.0,0.667291822955739,0.15384615384615385,0.23259294260677837,0.49994999499949994,0.05248682099472841,0.6906077348066298,low,0.9992
28875487,0,0.7209,6,0.21560592116007957,0.5,78.11,78.11,82.5,0.5925,0.0,0.6510377594398599,0.15384615384615385,0.2923519488576802,0.49994999499949994,0.07438497975399191,0.7790055248618785,low,0.9984
769579726,0,0.7133,6,0.1654353447939203,0.5,3.2,3.2,9.17,0.5075,0.0,0.6415353838459615,0.15384615384615385,0.2243226001424146,0.49994999499949994,0.0028459011383604555,0.5911602209944751,low,0.9982
129799377,0,0.4088,8,0.6124055965373721,0.5,137.87,137.87,147.84,0.5925,0.0,0.26081520380095025,0.3076923076923077,0.8303968636566629,0.49994999499949994,0.13145580258232106,0.7790055248618785,medium,0.5027
451863070,0,0.6442,10,0.25236288764763476,0.3782,9.5,9.5,16.75,0.4825,0.0,0.5551387846961741,0.46153846153846156,0.3421929646883032,0.3781378137813781,0.008862403544961418,0.5359116022099447,medium,0.884
1412277346,0,0.5342,10,0.3569441624158058,0.1702,49.96,49.96,55.63,0.4825,0.0,0.4176044011002751,0.46153846153846156,0.48400110255713186,0.1701170117011701,0.04750171900068761,0.5359116022099447,medium,0.9995
28875491,0,0.2839,6,0.6343955717445902,0.5,108.55,108.55,110.54,0.5925,0.0,0.10465116279069767,0.15384615384615385,0.8602144141008496,0.49994999499949994,0.10345519138207657,0.7790055248618785,high,0.7866
27880403,0,0.3786,6,0.5407932353609314,0.5,152.64,152.64,155.84,0.6925,0.0,0.22305576394098522,0.15384615384615385,0.7332932893377182,0.49994999499949994,0.1455611582244633,1.0,medium,0.9996
30950296,0,0.506,7,0.49421382214280385,0.3211,233.61,246.01,233.61,0.5925,0.0,0.38234558639659916,0.23076923076923078,0.6701334180689117,0.32103210321032105,0.2228875391550157,0.7790055248618785,medium,0.9995
27550462,0,0.4956,8,0.5113515470153814,0.4598,145.48,145.48,156.7,0.5925,0.0,0.36934233558389595,0.3076923076923077,0.6933715059280987,0.45974597459745975,0.1387233554893422,0.7790055248618785,medium,0.9987
641798779,0,0.503,6,0.4946376494736215,0.2855,188.3,188.3,204.75,,0.0,0.3785946486621655,0.15384615384615385,0.6707081114324646,0.2854285428542854,0.17961647184658877,0.6906077348066298,medium,0.9998
336758159,0,0.4849,6,0.6033503943599332,0.4974,110.62,110.62,111.93,0.5925,0.0,0.3559639909977494,0.15384615384615385,0.8181183619683359,0.4973497349734974,0.10543204217281689,0.7790055248618785,medium,0.9947
31278150,0,0.4834,9,0.4650659708681311,0.3891,73.67,73.67,75.9,0.6925,0.0,0.3540885221305326,0.38461538461538464,0.6306100662901007,0.38903890389038903,0.07014477805791124,1.0,medium,0.9966
436849795,0,0.4666,11,0.47312747598275623,0.4184,141.59,142.28,141.59,0.6525,0.0,0.33308327081770445,0.5384615384615384,0.6415411534398717,0.41834183418341836,0.13500840400336162,0.9116022099447513,medium,0.9995
436849795,0,0.5202,10,0.2581522131126464,0.5,129.69,129.69,135.3,0.6525,0.0,0.4001000250062515,0.46153846153846156,0.3500430646754163,0.49994999499949994,0.1236438994575598,0.9116022099447513,medium,0.971
336758160,0,0.4069,9,0.5836818918437896,0.4724,114.32,114.32,118.64,0.5925,0.0,0.2584396099024756,0.38461538461538464,0.7914486381323479,0.47234723472347234,0.10896554358621743,0.7790055248618785,medium,0.7726
312496179,0,0.9883,8,0.25130126892441923,0.5934,294.23,294.23,341.57,0.6925,0.0,0.9853713428357088,0.3076923076923077,0.3407534510220221,0.5933593359335934,0.28077966231186496,1.0,low,0.9999
1383244849,0,0.8255,10,0.044074770633200276,0.8586,369.68,369.68,385.27,0.6525,0.0,0.7818204551137783,0.46153846153846156,0.05976238541398044,0.8585858585858586,0.3528344411337765,0.9116022099447513,low,0.8869
1411467512,0,0.992,9,0.25130126892441923,0.5,300.05,300.05,342.42,0.6925,0.0,0.9899974993748437,0.38461538461538464,0.3407534510220221,0.49994999499949994,0.28633776453510584,1.0,low,0.9998
1411467504,0,0.7877,6,0.13696257251187532,0.5,42.48,42.48,47.97,0.4675,0.0,0.7345586396599149,0.15384615384615385,0.1857146292008627,0.49994999499949994,0.04035831614332646,0.5027624309392266,low,0.9988
1411467501,0,0.8882,7,0.008186576989208749,0.5,80.43,80.43,80.81,,0.0,0.8602150537634408,0.23076923076923078,0.01109939174315492,0.49994999499949994,0.07660058064023227,0.6906077348066298,low,1.0
1411467502,0,0.9638,7,0.008186576989208749,0.5,104.21,105.8,104.21,0.4675,0.0,0.9547386846711677,0.23076923076923078,0.01109939174315492,0.49994999499949994,0.0993104897241959,0.5027624309392266,low,1.0
104206625,0,0.999,6,0.008186576989208749,0.5,101.5,103.96,101.5,,0.0,0.9987496874218553,0.15384615384615385,0.01109939174315492,0.49994999499949994,0.09672243868897548,0.6906077348066298,low,1.0
1411467505,0,1.0,7,0.008186576989208749,0.5,94.35,97.25,94.35,,0.0,1.0,0.23076923076923078,0.01109939174315492,0.49994999499949994,0.08989418595767439,0.6906077348066298,low,1.0
335706994,0,0.9263,7,0.008186576989208749,0.5,62.24,63.41,62.24,0.4675,0.0,0.9078519629907476,0.23076923076923078,0.01109939174315492,0.49994999499949994,0.05922912369164949,0.5027624309392266,low,1.0
28875512,0,0.9922,8,0.008186576989208749,0.5,120.92,126.51,120.92,,0.0,0.9902475618904726,0.3076923076923077,0.01109939174315492,0.49994999499949994,0.11526854610741846,0.6906077348066298,low,1.0
27548891,0,0.7092,7,0.3144563985109309,0.0067,439.44,444.13,439.44,0.5925,0.0,0.636409102275569,0.23076923076923078,0.42638934849392296,0.006600660066006601,0.4194552677821071,0.7790055248618785,medium,0.952
28890079,0,0.6955,9,0.2801996141550329,0.0067,457.02,461.18,457.02,0.6525,0.0,0.6192798199549887,0.38461538461538464,0.37993848231685096,0.006600660066006601,0.4362441744976698,0.9116022099447513,medium,0.9029
28019621,0,0.6551,9,0.22975597036600556,0.3424,36.0,36.0,59.59,,0.0,0.5687671917979494,0.38461538461538464,0.3115388648050402,0.34233423342334235,0.03416991366796547,0.6906077348066298,low,0.913
156189255,0,0.4398,12,0.29675238894797246,0.4995,20.75,20.75,22.95,0.4825,0.0,0.2995748937234309,0.6153846153846154,0.4023834006366192,0.49944994499449946,0.01960615784246314,0.5359116022099447,medium,0.9998
156189265,0,0.7136,11,0.25647644619065973,0.3475,49.77,49.77,74.09,0.4825,0.0,0.6419104776194049,0.5384615384615384,0.34777078995667826,0.34743474347434744,0.04732026892810758,0.5359116022099447,medium,0.8556
28890098,0,0.8201,6,0.24308384049746148,0.3424,68.11,68.11,90.35,,0.0,0.7750687671917981,0.15384615384615385,0.32961093792987994,0.34233423342334235,0.06483497593399037,0.6906077348066298,low,0.9998
28019621,0,0.7749,7,0.16621125266375752,0.093,119.6,119.6,134.85,,0.0,0.7185546386596648,0.23076923076923078,0.225374701012511,0.0929092909290929,0.11400794560317824,0.6906077348066298,low,0.9999
28890098,0,0.8201,6,0.24308384049746148,0.3424,68.11,68.11,90.35,,0.0,0.7750687671917981,0.15384615384615385,0.32961093792987994,0.34233423342334235,0.06483497593399037,0.6906077348066298,low,0.9998
262870456,0,0.8404,10,0.10315081744143118,0.2466,101.12,101.12,102.81,0.4825,0.0,0.8004501125281321,0.46153846153846156,0.13986720541256625,0.24652465246524655,0.09635953854381543,0.5359116022099447,low,0.9992
262870456,0,0.8906,10,0.12950976620269083,0.2466,34.0,34.0,38.15,0.4825,0.0,0.8632158039509875,0.46153846153846156,0.1756089139383044,0.24652465246524655,0.03225991290396517,0.5359116022099447,low,0.9999
413118549,0,0.6851,6,0.21384829611365974,0.3979,144.84,154.88,144.84,,0.0,0.6062765691422856,0.15384615384615385,0.28996867770845275,0.3978397839783978,0.13811215524486212,0.6906077348066298,low,0.9489
28890131,0,0.8977,9,0.07709463258142511,0.4513,142.96,151.03,142.96,,0.0,0.8720930232558138,0.38461538461538464,0.1045360329521596,0.45124512451245125,0.13631675452670183,0.6906077348066298,low,1.0
106467007,0,0.9231,11,0.12802614687586475,0.321,115.24,115.24,115.66,,0.0,0.9038509627406852,0.5384615384615384,0.17359718387945983,0.3209320932093209,0.10984414393765758,0.6906077348066298,low,0.9999
28890204,0,0.8158,8,0.1440043319920206,0.321,190.41,190.41,194.05,,0.0,0.7696924231057762,0.3076923076923077,0.19526298096281203,0.3209320932093209,0.18163152265260907,0.6906077348066298,low,0.9987
106467007,0,0.9791,11,0.002515039021083506,0.321,204.12,204.12,204.36,,0.0,0.973868467116779,0.5384615384615384,0.003409007017064564,0.3209320932093209,0.1947245778898312,0.6906077348066298,low,1.0
335706994,0,0.9842,6,0.13696257251187532,0.5,4.67,4.67,9.16,0.4675,0.0,0.9802450612653163,0.15384615384615385,0.1857146292008627,0.49994999499949994,0.00424975169990068,0.5027624309392266,low,1.0
28890218,0,0.7578,8,0.08767016544281588,0.5,181.29,193.86,181.29,,0.0,0.6971742935733934,0.3076923076923077,0.11887604387064248,0.49994999499949994,0.17292191916876767,0.6906077348066298,low,0.9939
109190382,0,0.8647,14,0.10032128522560112,0.5,231.66,240.0,231.66,0.6525,0.0,0.8308327081770444,0.7692307692307693,0.13603046986448475,0.49994999499949994,0.22102528841011537,0.9116022099447513,low,0.9944
109190382,0,0.86,12,0.11495546361711004,0.5,140.77,154.66,140.77,0.6525,0.0,0.8249562390597648,0.6153846153846154,0.1558738461432727,0.49994999499949994,0.1342253036901215,0.9116022099447513,low,0.9999
28890218,0,0.7578,8,0.08767016544281588,0.5,181.29,193.86,181.29,,0.0,0.6971742935733934,0.3076923076923077,0.11887604387064248,0.49994999499949994,0.17292191916876767,0.6906077348066298,low,0.9939
28890221,0,0.7654,8,0.05312822847360927,0.5,86.24,100.25,86.24,,0.0,0.7066766691672917,0.3076923076923077,0.07203852184919135,0.49994999499949994,0.08214913285965315,0.6906077348066298,low,0.9999
109190382,0,0.86,12,0.11495546361711004,0.5,140.77,154.66,140.77,0.6525,0.0,0.8249562390597648,0.6153846153846154,0.1558738461432727,0.49994999499949994,0.1342253036901215,0.9116022099447513,low,0.9999
109190382,0,0.9108,11,0.07780258346339534,0.5,131.02,135.45,131.02,0.6525,0.0,0.8884721180295074,0.5384615384615384,0.1054959867918631,0.49994999499949994,0.12491404996562001,0.9116022099447513,low,1.0
28890221,0,0.7654,8,0.05312822847360927,0.5,86.24,100.25,86.24,,0.0,0.7066766691672917,0.3076923076923077,0.07203852184919135,0.49994999499949994,0.08214913285965315,0.6906077348066298,low,0.9999
27162454,0,0.948,10,0.03264041338705189,0.5,133.08,133.08,133.85,0.5075,0.0,0.934983745936484,0.46153846153846156,0.04425784205860776,0.49994999499949994,0.12688135075254034,0.5911602209944751,low,1.0
28890297,0,0.8101,10,0.1043053117860261,0.6684,179.02,186.17,179.02,0.6525,0.0,0.7625656414103527,0.46153846153846156,0.1414326548063513,0.6683668366836684,0.17075406830162734,0.9116022099447513,low,0.999
262841098,0,0.7825,12,0.08298089211673741,0.5,168.84,172.83,168.84,0.6525,0.0,0.7280570142535634,0.6153846153846154,0.11251757176554303,0.49994999499949994,0.16103216441286577,0.9116022099447513,low,0.9989
1311664806,0,0.7798,7,0.05111170440991546,0.5,143.82,146.17,143.82,0.5925,0.0,0.7246811702925732,0.23076923076923078,0.06930419370991403,0.49994999499949994,0.13713805485522196,0.7790055248618785,low,1.0
552544603,0,0.8488,10,0.10193603558856251,0.5,28.84,28.84,35.77,0.6525,0.0,0.8109527381845462,0.46153846153846156,0.13822000850419028,0.49994999499949994,0.027332110932844378,0.9116022099447513,low,1.0
552544604,0,0.749,10,0.06114647906358279,0.5,37.1,37.1,41.21,0.6525,0.0,0.6861715428857214,0.46153846153846156,0.08291095754717195,0.49994999499949994,0.03522041408816564,0.9116022099447513,low,1.0
28890363,0,0.7454,12,0.1381875204533689,0.2155,147.56,149.3,147.56,,0.0,0.681670417604401,0.6153846153846154,0.18737561092970972,0.21542154215421544,0.14070975628390253,0.6906077348066298,low,0.9627
173043715,0,0.9201,10,0.005668788090648297,0.5,29.86,30.2,29.86,0.6525,0.0,0.9001000250062514,0.46153846153846156,0.007685367999008211,0.49994999499949994,0.028306211322484533,0.9116022099447513,low,1.0
173043715,0,1.0,10,0.1156314230391623,0.2155,162.67,162.67,163.24,0.6525,0.0,1.0,0.46153846153846156,0.1567904208085616,0.21542154215421544,0.15513981205592484,0.9116022099447513,low,1.0
238733141,0,0.5651,11,0.11925853453045818,0.3057,93.31,101.24,93.31,0.6525,0.0,0.4562390597649413,0.5384615384615384,0.1617086428092351,0.30563056305630565,0.08890098556039423,0.9116022099447513,low,0.9816
28890363,0,0.7454,12,0.1381875204533689,0.2155,147.56,149.3,147.56,,0.0,0.681670417604401,0.6153846153846154,0.18737561092970972,0.21542154215421544,0.14070975628390253,0.6906077348066298,low,0.9627
238733141,0,0.8735,12,0.03867289022117672,0.2155,148.33,157.17,148.33,0.6525,0.0,0.8418354588647161,0.6153846153846154,0.05243764583782545,0.21542154215421544,0.14144510657804266,0.9116022099447513,low,1.0
553266556,0,0.9772,6,0.0013458618076841265,0.5,85.94,85.94,90.56,0.4675,0.0,0.9714928732183044,0.15384615384615385,0.001823648224696004,0.49994999499949994,0.08186263274505311,0.5027624309392266,low,1.0
1388122048,0,0.9913,10,0.00025663371903850103,0.5,54.61,115.13,54.61,0.6525,0.0,0.9891222805701424,0.46153846153846156,0.0003466973335574169,0.49994999499949994,0.05194247077698832,0.9116022099447513,low,1.0
1388122048,0,1.0,10,0.0005619363239410496,0.5,7.89,61.95,7.89,0.6525,0.0,1.0,0.46153846153846156,0.0007606757822204816,0.49994999499949994,0.007324852929941172,0.9116022099447513,low,1.0
109190373,0,0.7385,11,0.13615302551173575,0.0938,160.08,160.08,171.9,0.6525,0.0,0.6730432608152037,0.5384615384615384,0.1846169149794443,0.0937093709370937,0.15266636106654446,0.9116022099447513,low,0.9999
"[1483806688, 109190385]",0,0.7139,11,0.19417689232569427,0.3188,252.62,269.5,252.62,0.4925,0.0,0.6422855713928483,0.5384615384615384,0.2632950198608033,0.3187318731873187,0.2410420964168386,0.5580110497237569,medium,0.9919
826874325,0,0.9896,8,0.13615302551173575,0.0938,188.73,188.73,201.45,0.6925,0.0,0.9869967491872969,0.3076923076923077,0.1846169149794443,0.0937093709370937,0.1800271220108488,1.0,low,1.0
238733141,0,0.7013,12,0.08827473272954088,0.7619,166.13,166.13,166.5,0.6525,0.0,0.6265316329082271,0.6153846153846154,0.11969581357929183,0.7618761876187619,0.15844411337764536,0.9116022099447513,low,0.8465
238733141,0,0.8492,12,0.020291753214275936,0.5,218.04,221.68,218.04,0.6525,0.0,0.8114528632158039,0.6153846153846154,0.027513539523013886,0.49994999499949994,0.2080181832072733,0.9116022099447513,low,0.9999
238733143,0,0.7904,12,0.14409508404758836,0.3071,124.72,129.09,124.72,,0.0,0.7379344836209052,0.6153846153846154,0.195386037217733,0.307030703070307,0.11889754755901903,0.6906077348066298,low,0.9849
28890453,0,0.6134,14,0.21603897439578545,0.4431,169.55,176.25,169.55,,0.0,0.5166291572893222,0.7692307692307693,0.2929391521891528,0.44304430443044307,0.1617102146840859,0.6906077348066298,medium,0.9995
28890453,0,0.8786,12,0.07884714281963728,0.5,188.16,193.72,188.16,,0.0,0.8482120530132534,0.6153846153846154,0.10691236862054601,0.49994999499949994,0.17948277179310873,0.6906077348066298,low,0.9945
106466994,0,0.7288,15,0.13631454887426417,0.157,251.64,257.8,251.64,0.4275,0.0,0.6609152288072017,0.8461538461538461,0.18483593437190476,0.1569156915691569,0.24010619604247843,0.4143646408839779,medium,0.9993
106466994,0,0.6784,12,0.26263018054154896,0.5,180.36,184.62,180.36,0.4275,0.0,0.5978994748687172,0.6153846153846154,0.35611501420880637,0.49994999499949994,0.17203376881350757,0.4143646408839779,medium,0.9998
28810207,0,0.7445,12,0.11128709732758059,0.7486,87.59,96.83,87.59,,0.0,0.680545136284071,0.6153846153846154,0.1508996842419944,0.7485748574857486,0.08343838337535336,0.6906077348066298,low,0.6321
28810207,0,0.7285,11,0.18113272059392152,0.5,210.43,220.07,210.43,,0.0,0.6605401350337584,0.5384615384615384,0.24560763072327024,0.49994999499949994,0.20075063030025214,0.6906077348066298,medium,0.8924
28890453,0,0.6134,14,0.2160389743957855,0.4431,169.55,176.25,169.55,,0.0,0.5166291572893222,0.7692307692307693,0.29293915218915284,0.44304430443044307,0.1617102146840859,0.6906077348066298,medium,0.9995
28890454,0,0.6222,10,0.40757294879836525,0.3251,268.48,276.28,268.48,,0.0,0.5276319079769942,0.46153846153846156,0.5526517662192901,0.32503250325032507,0.256188402475361,0.6906077348066298,medium,0.9997
28016645,0,0.9276,16,7.849133849216578e-05,0.5,326.79,335.93,326.79,,0.0,0.9094773693423356,0.9230769230769231,0.00010514319954255333,0.49994999499949994,0.3118744747497899,0.6906077348066298,low,0.8297
28016645,0,0.7779,15,0.1119333989591853,0.3618,287.22,297.91,287.22,,0.0,0.7223055763940986,0.8461538461538461,0.1517760440978349,0.36173617361736177,0.27408510963404387,0.6906077348066298,medium,0.9508
28798606,0,0.6095,10,0.4529721381482161,0.5,320.47,325.18,320.47,,0.0,0.5117529382345587,0.46153846153846156,0.614211299861694,0.49994999499949994,0.30583887233554896,0.6906077348066298,medium,0.9064
28890454,0,0.6222,10,0.40757294879836525,0.3251,268.48,276.28,268.48,,0.0,0.5276319079769942,0.46153846153846156,0.5526517662192901,0.32503250325032507,0.256188402475361,0.6906077348066298,medium,0.9997
28016637,0,0.8107,7,0.14913693458185162,0.5,140.47,146.44,140.47,,0.0,0.7633158289572393,0.23076923076923078,0.20222259029343173,0.49994999499949994,0.13393880357552143,0.6906077348066298,low,0.999
93519938,0,0.9178,9,0.0028548920018625335,0.5,178.16,180.55,178.16,,0.0,0.897224306076519,0.38461538461538464,0.003869834430578865,0.49994999499949994,0.16993276797310722,0.6906077348066298,low,1.0
93519938,0,0.6479,8,0.2841210782667293,0.5,209.95,215.24,209.95,,0.0,0.5597649412353088,0.3076923076923077,0.38525583501341937,0.49994999499949994,0.20029223011689207,0.6906077348066298,medium,0.9926
28798593,0,0.7032,7,0.2572144149749308,0.5,181.41,189.05,181.41,,0.0,0.6289072268067017,0.23076923076923078,0.34877144690348627,0.49994999499949994,0.1730365192146077,0.6906077348066298,medium,0.6751
4812792,0,0.8788,10,0.0744028946153503,0.5,232.39,232.61,232.39,0.4825,0.0,0.8484621155288823,0.46153846153846156,0.10088614104324906,0.49994999499949994,0.22172243868897548,0.5359116022099447,low,0.9559
4812792,0,0.9733,9,0.011531447729443582,0.5,299.21,299.26,299.21,0.4825,0.0,0.9666166541635409,0.38461538461538464,0.015634906271315873,0.49994999499949994,0.28553556421422566,0.5359116022099447,low,0.999
28890458,0,0.7847,8,0.17212486585084863,0.5,284.94,284.94,288.49,,0.0,0.7308077019254813,0.3076923076923077,0.2333933303129942,0.49994999499949994,0.2719077087630835,0.6906077348066298,low,0.6277
109190382,0,0.8676,14,0.09611519937569667,0.5761,232.36,232.36,238.34,0.6525,0.0,0.8344586146536633,0.7692307692307693,0.1303271811695098,0.576057605760576,0.22169378867751552,0.9116022099447513,low,0.9905
109190382,0,0.6145,11,0.25761592193157495,0.8343,355.69,355.69,359.45,0.6525,0.0,0.5180045011252814,0.5384615384615384,0.3493158747084571,0.8342834283428343,0.3394739857895943,0.9116022099447513,medium,0.9997
28890458,0,0.7847,8,0.1721248658508486,0.5,284.94,284.94,288.49,,0.0,0.7308077019254813,0.3076923076923077,0.23339333031299417,0.49994999499949994,0.2719077087630835,0.6906077348066298,low,0.6277
28892163,0,0.7743,6,0.4105051502082516,0.5,30.12,40.63,30.12,0.5925,0.0,0.7178044511127782,0.15384615384615385,0.5566277171982209,0.49994999499949994,0.028554511421804575,0.7790055248618785,low,0.9713
196330136,0,0.6598,7,0.3107742597429558,0.0881,48.09,64.28,48.09,0.6925,0.0,0.5746436609152289,0.23076923076923078,0.4213965116479517,0.088008800880088,0.04571586828634732,1.0,low,0.9999
28892163,0,0.7743,6,0.4105051502082516,0.5,30.12,40.63,30.12,0.5925,0.0,0.7178044511127782,0.15384615384615385,0.5566277171982209,0.49994999499949994,0.028554511421804575,0.7790055248618785,low,0.9713
1412277344,0,0.8503,10,0.06153802473087502,0.0784,26.1,26.1,142.7,0.4825,0.0,0.8128282070517627,0.46153846153846156,0.08344187823151436,0.0783078307830783,0.02471540988616396,0.5359116022099447,low,1.0
1412277343,0,0.4267,10,0.35860685647242496,0.2978,9.25,9.25,122.09,0.4825,0.0,0.28319579894973745,0.46153846153846156,0.4862556509792792,0.29772977297729775,0.00862365344946138,0.5359116022099447,medium,1.0
795531157,0,0.3338,7,0.6061271694519442,0.5,134.27,134.27,194.31,0.5925,0.0,0.16704176044011002,0.23076923076923078,0.8218835609100347,0.49994999499949994,0.1280178012071205,0.7790055248618785,high,0.654
28892227,0,0.4592,8,0.559284976696192,0.3445,60.62,60.62,143.73,0.63,0.0,0.3238309577394348,0.3076923076923077,0.758367370816628,0.34443444344434443,0.05768202307280924,0.861878453038674,medium,0.9999
28798579,0,0.5604,10,0.37610423849230673,0.5,65.42,75.44,65.42,,0.0,0.4503625906476619,0.46153846153846156,0.5099814199309322,0.49994999499949994,0.06226602490640997,0.6906077348066298,medium,0.9997
28798579,0,0.7176,11,0.24010794423864334,0.5,73.63,79.66,73.63,,0.0,0.646911727931983,0.5384615384615384,0.325575738436574,0.49994999499949994,0.07010657804263122,0.6906077348066298,medium,0.6093
28892267,0,0.7282,10,0.31903906740511584,0.5,31.45,38.31,31.45,,0.0,0.660165041260315,0.46153846153846156,0.4326032691388409,0.49994999499949994,0.029824661929864774,0.6906077348066298,medium,0.6039
417107557,0,0.7748,9,0.21678948040169996,0.5,32.42,32.42,34.02,0.4875,0.0,0.7184296074018504,0.38461538461538464,0.293956809120511,0.49994999499949994,0.030751012300404928,0.5469613259668508,low,0.9076
417107557,0,0.6679,10,0.1994084502729416,0.5,5.36,5.36,11.29,0.4875,0.0,0.5847711927981996,0.46153846153846156,0.2703888088043456,0.49994999499949994,0.004908701963480786,0.5469613259668508,medium,0.642
28892273,0,0.7707,6,0.4154225583664238,0.5,69.97,69.97,75.7,0.5725,0.0,0.7133033258314578,0.15384615384615385,0.5632955312557295,0.49994999499949994,0.06661127664451066,0.7348066298342542,low,0.7949
196330136,0,0.7437,8,0.3502438499800938,0.5,65.53,74.35,65.53,0.6925,0.0,0.6795448862215554,0.3076923076923077,0.4749157396969647,0.49994999499949994,0.062371074948429986,1.0,low,0.9966
28892273,0,0.7707,6,0.4154225583664238,0.5,69.97,69.97,75.7,0.5725,0.0,0.7133033258314578,0.15384615384615385,0.5632955312557295,0.49994999499949994,0.06661127664451066,0.7348066298342542,low,0.7949
28892274,0,0.7697,6,0.4063749850948395,0.5,75.98,75.98,77.72,0.5925,0.0,0.7120530132533134,0.15384615384615385,0.5510273740667943,0.49994999499949994,0.07235082894033158,0.7790055248618785,low,0.9042
196330136,0,0.6869,10,0.3581732667484037,0.5,68.44,73.13,68.44,0.6925,0.0,0.6085271317829456,0.46153846153846156,0.48566772019053317,0.49994999499949994,0.06515012606005043,1.0,low,0.863
28892274,0,0.7697,6,0.4063749850948395,0.5,75.98,75.98,77.72,0.5925,0.0,0.7120530132533134,0.15384615384615385,0.5510273740667943,0.49994999499949994,0.07235082894033158,0.7790055248618785,low,0.9042
28892276,0,0.6333,6,0.3499625242296675,0.5565,86.34,94.93,86.34,0.5925,0.0,0.5415103775943986,0.15384615384615385,0.4745342729296975,0.5564556455645564,0.08224463289785318,0.7790055248618785,medium,0.7335
196330136,0,0.6456,8,0.36786201956385106,0.5,117.5,126.65,117.5,0.6925,0.0,0.5568892223055762,0.3076923076923077,0.4988052918837032,0.49994999499949994,0.11200244480097793,1.0,low,0.6827
28892276,0,0.6333,6,0.3499625242296675,0.5565,86.34,94.93,86.34,0.5925,0.0,0.5415103775943986,0.15384615384615385,0.4745342729296975,0.5564556455645564,0.08224463289785318,0.7790055248618785,medium,0.7335
23009275,0,0.5932,7,0.3640194925537023,0.0042,63.76,69.26,63.76,0.5925,0.0,0.4913728432108026,0.23076923076923078,0.4935949748242891,0.0041004100410041,0.06068072427228972,0.7790055248618785,low,0.9165
23015060,0,0.688,8,0.2550932188024818,0.5492,140.48,140.48,145.99,,0.0,0.6099024756189046,0.3076923076923077,0.34589518745898934,0.5491549154915492,0.13394835357934143,0.6906077348066298,medium,0.7992
28892426,0,0.7149,7,0.36474106221930774,0.0232,113.6,116.68,113.6,,0.0,0.6435358839709926,0.23076923076923078,0.49457339520450505,0.0231023102310231,0.10827794331117734,0.6906077348066298,low,0.9461
28892426,0,0.6898,7,0.3701807356035647,0.3987,107.3,107.3,112.93,,0.0,0.6121530382595648,0.23076923076923078,0.5019493805799565,0.39863986398639867,0.10226144090457637,0.6906077348066298,medium,0.8183
28892428,0,0.6083,6,0.3193339269112349,0.7236,73.58,73.58,79.39,,0.0,0.5102525631407852,0.15384615384615385,0.4330030871520403,0.7235723572357236,0.07005882802353122,0.6906077348066298,medium,0.9768
28892428,0,0.8131,8,0.14610839651790358,0.0012,93.18,93.18,99.86,,0.0,0.7663165791447861,0.3076923076923077,0.19811601056139688,0.0011001100110011,0.08877683551073422,0.6906077348066298,low,1.0
28892534,0,0.6457,8,0.28346681257000406,0.4518,89.27,89.27,96.45,,0.0,0.5570142535633908,0.3076923076923077,0.3843686761952684,0.4517451745174517,0.08504278401711361,0.6906077348066298,medium,0.7612
1453261734,0,0.5832,9,0.3554997839130945,0.2834,114.93,114.93,121.93,,0.0,0.47886971742935736,0.38461538461538464,0.4820425815283789,0.28332833283328335,0.10954809381923755,0.6906077348066298,medium,0.9945
28892476,0,0.6757,8,0.3977263528023529,0.2455,142.82,142.82,149.56,,0.0,0.5945236309077269,0.3076923076923077,0.5393001653171549,0.24542454245424544,0.1361830544732218,0.6906077348066298,medium,0.9595
1453261734,0,0.5832,9,0.3554997839130945,0.2834,114.93,114.93,121.93,,0.0,0.47886971742935736,0.38461538461538464,0.4820425815283789,0.28332833283328335,0.10954809381923755,0.6906077348066298,medium,0.9945
23002238,0,0.6476,11,0.31478591105502257,0.3789,24.61,24.61,24.84,0.4875,0.0,0.5593898474618654,0.5384615384615384,0.4268361546777799,0.37883788378837885,0.02329245931698373,0.5469613259668508,medium,0.9928
23002238,0,0.7002,15,0.19063807786202353,0.5,62.09,63.43,62.09,0.4875,0.0,0.6251562890722681,0.8461538461538461,0.25849652519272,0.49994999499949994,0.059085873634349466,0.5469613259668508,medium,0.9957
"[1331905913, 28892540]",0,0.5357,9,0.42595784982002804,0.5215,45.02,51.61,45.02,,0.0,0.4194798699674918,0.38461538461538464,0.5775809763916087,0.5214521452145214,0.042784017113606854,0.6906077348066298,medium,0.9999
417107556,0,0.7076,11,0.25708374371555215,0.2705,57.05,57.05,61.08,0.5925,0.0,0.6344086021505376,0.5384615384615384,0.34859426176201097,0.2704270427042704,0.05427267170906869,0.7790055248618785,low,0.9545
28875386,0,0.5944,8,0.4150911838776757,0.0195,122.65,131.32,122.65,,0.0,0.49287321830457614,0.3076923076923077,0.5628462003473927,0.0194019401940194,0.11692069676827872,0.6906077348066298,medium,0.9679
28892617,0,0.6495,8,0.32812687297356835,0.0195,108.78,117.82,108.78,,0.0,0.56176544136034,0.3076923076923077,0.4449259797563294,0.0194019401940194,0.10367484146993661,0.6906077348066298,low,0.777
28875387,0,0.6526,7,0.4638963154840721,0.0255,122.36,131.44,122.36,0.5925,0.0,0.5656414103525881,0.23076923076923078,0.62902405911693,0.025402540254025403,0.11664374665749867,0.7790055248618785,medium,0.6513
28892617,0,0.6495,8,0.32812687297356835,0.0195,108.78,117.82,108.78,,0.0,0.56176544136034,0.3076923076923077,0.4449259797563294,0.0194019401940194,0.10367484146993661,0.6906077348066298,low,0.777
28875386,0,0.6771,10,0.36500870480171366,0.0195,97.67,106.23,97.67,,0.0,0.5962740685171293,0.46153846153846156,0.4949363081285397,0.0194019401940194,0.09306478722591491,0.6906077348066298,medium,0.6302
28892618,0,0.67,10,0.32951103902966145,0.0665,83.07,92.14,83.07,,0.0,0.5873968492123031,0.46153846153846156,0.4468028550511747,0.0664066406640664,0.07912178164871267,0.6906077348066298,low,0.5661
28892618,0,0.5976,10,0.391989241064839,0.0042,89.53,97.46,89.53,,0.0,0.49687421855463865,0.46153846153846156,0.5315208651121639,0.0041004100410041,0.08529108411643366,0.6906077348066298,medium,0.9668
28875387,0,0.6698,8,0.4232629540784316,0.0643,100.38,109.4,100.38,0.5925,0.0,0.5871467866966741,0.3076923076923077,0.5739268026620039,0.0642064206420642,0.09565283826113531,0.7790055248618785,low,0.6075
28892618,0,0.67,10,0.32951103902966145,0.0665,83.07,92.14,83.07,,0.0,0.5873968492123031,0.46153846153846156,0.4468028550511747,0.0664066406640664,0.07912178164871267,0.6906077348066298,low,0.5661
28875386,0,0.6502,10,0.3925893677399753,0.0042,73.6,81.97,73.6,,0.0,0.5626406601650412,0.46153846153846156,0.5323346135243452,0.0041004100410041,0.07007792803117122,0.6906077348066298,medium,0.7961
28892619,0,0.6647,8,0.3356367999378832,0.0665,59.78,68.86,59.78,,0.0,0.580770192548137,0.3076923076923077,0.45510914840388267,0.0664066406640664,0.056879822751929106,0.6906077348066298,low,0.9152
28875387,0,0.6849,8,0.3756895465305209,0.0665,77.47,86.35,77.47,0.5925,0.0,0.6060265066266566,0.3076923076923077,0.5094191137722017,0.0664066406640664,0.0737737795095118,0.7790055248618785,low,0.9493
28892619,0,0.6647,8,0.3356367999378832,0.0665,59.78,68.86,59.78,,0.0,0.580770192548137,0.3076923076923077,0.45510914840388267,0.0664066406640664,0.056879822751929106,0.6906077348066298,low,0.9152
28875386,0,0.6677,10,0.3987955689716684,0.0042,51.18,59.17,51.18,,0.0,0.5845211302825706,0.46153846153846156,0.5407499808246248,0.0041004100410041,0.048666819466727795,0.6906077348066298,medium,0.5992
28892620,0,0.7512,10,0.33442555369187366,0.2003,36.06,45.16,36.06,,0.0,0.6889222305576392,0.46153846153846156,0.45346674564078787,0.20022002200220024,0.03422721369088548,0.6906077348066298,low,0.9292
28892620,0,0.7236,10,0.37764969825715733,0.0042,48.39,54.5,48.39,,0.0,0.6544136034008503,0.46153846153846156,0.5120770032166635,0.0041004100410041,0.04600236840094737,0.6906077348066298,low,0.8805
28875387,0,0.7132,8,0.3421999341411839,0.2003,56.55,65.0,56.55,0.5925,0.0,0.6414103525881468,0.3076923076923077,0.4640085029204194,0.20022002200220024,0.05379517151806861,0.7790055248618785,low,0.9833
28892620,0,0.7512,10,0.33442555369187366,0.2003,36.06,45.16,36.06,,0.0,0.6889222305576392,0.46153846153846156,0.45346674564078787,0.20022002200220024,0.03422721369088548,0.6906077348066298,low,0.9292
28892628,0,0.339,6,0.6232118450223848,0.5,130.83,130.83,139.72,,0.0,0.17354338584646165,0.15384615384615385,0.8450497159804126,0.49994999499949994,0.12473259989303999,0.6906077348066298,high,0.8629
44289317,0,0.3419,7,0.5900979709206746,0.5,82.76,82.76,91.78,,0.0,0.17716929232308073,0.23076923076923078,0.800148591621432,0.49994999499949994,0.07882573153029263,0.6906077348066298,medium,0.524
28019673,0,0.3983,9,0.6453382643891915,0.5,153.81,156.51,153.81,,0.0,0.24768692173043258,0.38461538461538464,0.8750522793940553,0.49994999499949994,0.14667850867140347,0.6906077348066298,high,0.9919
44532652,0,0.935,11,0.009214015969305284,0.5,81.71,85.81,81.71,0.3825,0.0,0.9187296824206053,0.5384615384615384,0.012492559008177407,0.49994999499949994,0.07782298112919246,0.31491712707182323,low,0.9973
44532652,0,0.9033,11,0.009405348240396674,0.5,24.72,29.3,24.72,0.3825,0.0,0.8790947736934234,0.5384615384615384,0.012751998120368662,0.49994999499949994,0.023397509359003747,0.31491712707182323,low,0.9985
28892846,0,0.6369,14,0.36508927893442855,0.5,100.41,100.41,108.98,,0.0,0.546011502875719,0.7692307692307693,0.4950455635162372,0.49994999499949994,0.09568148827259532,0.6906077348066298,medium,0.9999
72137002,0,0.6551,11,0.24022884822842178,0.5,109.1,111.57,109.1,0.5525,0.0,0.5687671917979494,0.5384615384615384,0.32573967954065214,0.49994999499949994,0.10398044159217665,0.6906077348066298,medium,0.9649
72137002,0,0.7629,12,0.15379951685852314,0.4356,48.08,48.08,50.1,0.5525,0.0,0.7035508877219304,0.6153846153846154,0.20854487037445657,0.4355435543554355,0.04570631828252732,0.6906077348066298,low,0.9807
28892846,0,0.6369,14,0.36508927893442855,0.5,100.41,100.41,108.98,,0.0,0.546011502875719,0.7692307692307693,0.4950455635162372,0.49994999499949994,0.09568148827259532,0.6906077348066298,medium,0.9999
797666098,0,0.7885,10,0.2054359783695375,0.5,137.26,137.26,142.62,,0.0,0.7355588897224306,0.46153846153846156,0.2785619022880985,0.49994999499949994,0.13087325234930094,0.6906077348066298,low,0.8689
28797603,0,0.6912,14,0.2488235506955907,0.5,85.65,85.65,90.35,,0.0,0.6139034758689672,0.7692307692307693,0.3373937615463229,0.49994999499949994,0.08158568263427307,0.6906077348066298,medium,0.9896
28797603,0,0.6375,14,0.30438331189096307,0.5,116.87,127.84,116.87,,0.0,0.5467616904226056,0.7692307692307693,0.41273063512161484,0.49994999499949994,0.11140079456031785,0.6906077348066298,medium,0.9998
797666098,0,0.7885,10,0.2054359783695375,0.5,137.26,137.26,142.62,,0.0,0.7355588897224306,0.46153846153846156,0.2785619022880985,0.49994999499949994,0.13087325234930094,0.6906077348066298,low,0.8689
"[214203306, 201800356]",0,0.6755,6,0.3757354389098533,0.2492,72.61,76.59,72.61,,0.0,0.594273568392098,0.15384615384615385,0.5094813420522636,0.24912491249124913,0.06913247765299108,0.6906077348066298,low,0.7688
28022748,0,0.4602,10,0.5103180551235953,0.1395,138.05,142.74,138.05,,0.0,0.3250812703175794,0.46153846153846156,0.6919701311504284,0.13941394139413943,0.1316277026510811,0.6906077348066298,medium,0.9982
28892855,0,0.5562,10,0.49652552675763173,0.2946,109.27,114.04,109.27,,0.0,0.44511127781945486,0.46153846153846156,0.6732679995459323,0.29452945294529453,0.10414279165711667,0.6906077348066298,medium,0.9998
28892855,0,0.6236,10,0.4286138737077459,0.5,20.39,24.85,20.39,,0.0,0.5293823455863966,0.46153846153846156,0.5811824414004003,0.49994999499949994,0.019262357704943087,0.6906077348066298,medium,0.9986
27880220,0,0.8866,7,0.07356201749601474,0.5,7.01,7.01,8.88,0.5925,0.0,0.8582145536384097,0.23076923076923078,0.09974594439969302,0.49994999499949994,0.006484452593781038,0.7790055248618785,low,1.0
28022803,0,0.8454,12,0.251729992113123,0.5,108.57,108.72,108.57,,0.0,0.8067016754188546,0.6153846153846154,0.34133478297830244,0.49994999499949994,0.10347429138971656,0.6906077348066298,low,0.7679
28893071,0,0.8219,12,0.18635321667421045,0.3093,65.06,73.41,65.06,,0.0,0.777319329832458,0.6153846153846154,0.25268642020578863,0.30923092309230926,0.061922224768889915,0.6906077348066298,low,0.9959
261470169,0,0.757,14,0.09741101557574756,0.161,0.69,0.69,7.97,,0.0,0.6961740435108776,0.7692307692307693,0.13208425749848762,0.16091609160916093,0.0004488501795400718,0.6906077348066298,low,0.9995
28893071,0,0.8219,12,0.1863532166742104,0.3093,65.06,73.41,65.06,,0.0,0.777319329832458,0.6153846153846154,0.2526864202057885,0.30923092309230926,0.061922224768889915,0.6906077348066298,low,0.9959
44532655,0,0.7639,13,0.06947945408155969,0.3437,32.86,32.86,34.6,0.5525,0.0,0.7048012003000751,0.6923076923076923,0.09421014731920574,0.3436343634363436,0.03117121246848499,0.6906077348066298,low,0.999
261470172,0,0.7513,10,0.10568265032012984,0.3093,58.16,58.16,58.83,0.5525,0.0,0.6890472618154537,0.46153846153846156,0.14330027224713315,0.30923092309230926,0.05533272213308886,0.6906077348066298,low,0.9996
"[28023017, 553509830]",0,0.774,12,0.18822856985500871,0.5,8.02,8.02,12.73,,0.0,0.7174293573393349,0.6153846153846154,0.25522932612278865,0.49994999499949994,0.007449002979601192,0.6906077348066298,low,0.9762
28023017,0,0.8106,13,0.14311184063911223,0.3934,126.41,126.41,127.14,,0.0,0.7631907976994249,0.6923076923076923,0.19405279742756137,0.3933393339333934,0.12051149820459929,0.6906077348066298,low,0.954
175093055,0,0.7212,8,0.3695101401938208,0.4598,88.36,88.36,97.75,,0.0,0.6514128532133031,0.3076923076923077,0.5010400793065692,0.45974597459745975,0.08417373366949348,0.6906077348066298,medium,0.8193
28893088,0,0.6153,8,0.45531401080956974,0.3483,130.11,140.23,130.11,,0.0,0.5190047511877969,0.3076923076923077,0.6173867880355439,0.34823482348234824,0.12404499961799988,0.6906077348066298,medium,0.9994
28023049,0,0.6859,12,0.2878867538429415,0.5,136.94,143.0,136.94,,0.0,0.6072768192048011,0.6153846153846154,0.39036194451977724,0.49994999499949994,0.1305676522270609,0.6906077348066298,medium,0.9959
28023049,0,0.6997,14,0.195113318450961,0.3579,85.59,95.38,85.59,,0.0,0.6245311327831957,0.7692307692307693,0.2645647772372568,0.3578357835783578,0.08152838261135306,0.6906077348066298,medium,0.7887
28893088,0,0.6153,8,0.45531401080956974,0.3483,130.11,140.23,130.11,,0.0,0.5190047511877969,0.3076923076923077,0.6173867880355439,0.34823482348234824,0.12404499961799988,0.6906077348066298,medium,0.9994
"[539727768, 28909426, 38611923, 38611924]",0,0.9984,5,0.0009104312625869331,0.5,149.07,150.79,149.07,0.3,0.0,0.9979994998749687,0.07692307692307693,0.0012332213542230622,0.49994999499949994,0.14215180686072276,0.13259668508287292,low,0.9997
"[243103348, 243103351]",0,1.0,4,0.0009104312625869331,0.5,146.07,152.74,146.07,0.455,0.0,1.0,0.0,0.0012332213542230622,0.49994999499949994,0.1392868057147223,0.4751381215469614,low,1.0
1383244848,0,0.8047,9,0.34807207248156097,0.5,312.28,312.28,336.91,0.6525,0.0,0.7558139534883721,0.38461538461538464,0.4719708939431234,0.49994999499949994,0.29801741920696767,0.9116022099447513,medium,0.8504
1383244848,0,0.752,11,0.00035246334814416054,0.5,338.34,342.62,338.34,0.6525,0.0,0.689922480620155,0.5384615384615384,0.0004766385805565401,0.49994999499949994,0.32290472916189167,0.9116022099447513,low,0.9897
27880402,0,0.7421,11,0.1335053189425862,0.5,267.6,267.6,270.6,0.6525,0.0,0.6775443860965241,0.5384615384615384,0.18102672793088828,0.49994999499949994,0.2553480021392009,0.9116022099447513,low,0.9022
27880402,0,0.6957,10,0.08985292491361262,0.5,233.73,233.73,234.8,0.6525,0.0,0.6195298824706176,0.46153846153846156,0.12183578075141188,0.49994999499949994,0.22300213920085568,0.9116022099447513,low,0.9815
"[29086360, 1411696125]",0,0.9401,10,0.03683881115309097,0.5,123.62,129.59,123.62,0.6525,0.0,0.9251062765691422,0.46153846153846156,0.04995070601111191,0.49994999499949994,0.11784704713881887,0.9116022099447513,low,1.0
390868745,0,0.9329,9,0.08985292491361264,0.5,248.93,248.93,250.91,0.6925,0.0,0.9161040260065014,0.38461538461538464,0.12183578075141192,0.49994999499949994,0.23751814500725804,1.0,low,1.0
106154456,0,0.9731,9,0.01602050527137489,0.5,89.23,94.17,89.23,0.5525,0.0,0.9663665916479118,0.38461538461538464,0.021721893566301904,0.49994999499949994,0.08500458400183361,0.6906077348066298,low,1.0
"[106154467, 1411480791]",0,0.9759,12,0.08790906916409268,0.5,163.48,170.68,163.48,0.4725,0.0,0.9698674668667167,0.6153846153846154,0.11919998801761617,0.49994999499949994,0.15591336236534495,0.5138121546961325,low,0.9949
"[29086360, 1411696125]",0,0.9401,10,0.03683881115309095,0.5,123.62,129.59,123.62,0.6525,0.0,0.9251062765691422,0.46153846153846156,0.04995070601111188,0.49994999499949994,0.11784704713881887,0.9116022099447513,low,1.0
27880402,0,0.6957,10,0.08985292491361264,0.5,233.73,233.73,234.8,0.6525,0.0,0.6195298824706176,0.46153846153846156,0.12183578075141192,0.49994999499949994,0.22300213920085568,0.9116022099447513,low,0.9815
27880402,0,0.9784,10,0.0077135127239718335,0.5,214.5,216.2,214.5,0.6525,0.0,0.9729932483120779,0.46153846153846156,0.010457935013025735,0.49994999499949994,0.20463748185499275,0.9116022099447513,low,1.0
29086366,0,1.0,9,0.08985292491361264,0.5,234.89,234.89,236.54,0.6925,0.0,1.0,0.38461538461538464,0.12183578075141192,0.49994999499949994,0.22410993964397588,1.0,low,1.0
27889636,0,0.5386,11,0.10258961742927311,1.0,46.63,46.63,47.11,0.6525,0.0,0.42310577644411096,0.5384615384615384,0.13910624004020383,1.0,0.0443215677286271,0.9116022099447513,medium,0.8496
27889636,0,0.5703,10,0.13513072420642291,0.4589,1.22,1.22,8.14,0.6525,0.0,0.46274068517129285,0.46153846153846156,0.18323071420144987,0.4588458845884588,0.0009550003820001529,0.9116022099447513,low,0.9964
27924877,0,0.5321,7,0.46515353030304496,0.3548,137.2,138.19,137.2,0.5925,0.0,0.4149787446861715,0.23076923076923078,0.6307287934756844,0.35473547354735474,0.13081595232638094,0.7790055248618785,medium,0.9996
835517142,0,0.933,12,0.10485600887511967,1.0,30.23,30.23,33.0,0.6525,0.0,0.9162290572643161,0.6153846153846154,0.1421793786238536,1.0,0.02865956146382459,0.9116022099447513,low,0.9999
835517143,0,0.5767,13,0.10485600887511967,0.7203,43.18,43.18,44.83,0.6525,0.0,0.4707426856714178,0.6923076923076923,0.1421793786238536,0.7202720272027203,0.04102681641072657,0.9116022099447513,low,0.5814
144384068,0,0.691,13,0.11916511659753558,1.0,54.68,54.68,61.25,0.5525,0.0,0.6136534133533382,0.6923076923076923,0.16158197172838745,1.0,0.052009320803728325,0.6906077348066298,medium,0.9767
835517144,0,0.8556,12,0.18498640978567857,0.2247,17.73,17.73,25.84,0.6125,0.0,0.8194548637159289,0.6153846153846154,0.2508330832664689,0.22462246224622465,0.01672205668882268,0.8232044198895029,low,1.0
4827181,0,0.9235,6,0.0056884170958800785,0.0855,156.44,156.44,158.24,0.4425,0.0,0.904351087771943,0.15384615384615385,0.007711984166063994,0.0854085408540854,0.1491901596760639,0.44751381215469616,low,1.0
28016631,0,1.0,9,0.03993855562889189,0.3078,235.17,235.17,236.63,0.6525,0.0,1.0,0.38461538461538464,0.054153838865984114,0.30773077307730773,0.2243773397509359,0.9116022099447513,low,1.0
28016631,0,0.8475,10,0.07770121535616101,0.5,269.67,272.19,269.67,0.6525,0.0,0.8093273318329581,0.46153846153846156,0.10535853558410097,0.49994999499949994,0.2573248529299412,0.9116022099447513,low,0.9996
29997325,0,0.9172,8,0.0056884170958800785,0.4099,182.16,182.16,182.85,0.6925,0.0,0.8964741185296324,0.3076923076923077,0.007711984166063994,0.40984098409840986,0.17375276950110782,1.0,low,1.0
28798352,0,0.6488,12,0.18488404466461617,0.0032,106.97,113.71,106.97,,0.0,0.5608902225556389,0.6153846153846154,0.25069428014676365,0.0031003100310031005,0.10194629077851632,0.6906077348066298,low,0.8909
28798352,0,0.656,12,0.4755125133569199,0.0032,134.33,142.27,134.33,,0.0,0.5698924731182796,0.6153846153846154,0.6447751712841507,0.0031003100310031005,0.1280751012300405,0.6906077348066298,medium,0.9992
29997343,0,0.6267,12,0.45437124197184847,0.0032,154.25,157.39,154.25,,0.0,0.5332583145786447,0.6153846153846154,0.6161084301878855,0.0031003100310031005,0.14709870883948356,0.6906077348066298,medium,0.9996
28798348,0,0.6211,12,0.17893708090898341,0.0032,152.47,152.47,155.79,,0.0,0.5262565641410352,0.6153846153846154,0.24263042877347402,0.0031003100310031005,0.14539880815952327,0.6906077348066298,low,0.5469
28798348,0,0.5841,12,0.26024418873390986,0.0032,177.34,177.34,178.13,,0.0,0.4799949987496873,0.6153846153846154,0.352879702189885,0.0031003100310031005,0.16914966765986708,0.6906077348066298,medium,0.9829
29997343,0,0.6267,12,0.45437124197184847,0.0032,154.25,157.39,154.25,,0.0,0.5332583145786447,0.6153846153846154,0.6161084301878855,0.0031003100310031005,0.14709870883948356,0.6906077348066298,medium,0.9996
28798348,0,0.5841,12,0.26024418873390986,0.0032,177.34,177.34,178.13,,0.0,0.4799949987496873,0.6153846153846154,0.352879702189885,0.0031003100310031005,0.16914966765986708,0.6906077348066298,medium,0.9829
28798348,0,0.7467,12,0.22482702058772644,0.0032,202.92,206.65,202.92,,0.0,0.6832958239559889,0.6153846153846154,0.3048554007599121,0.0031003100310031005,0.19357857743143098,0.6906077348066298,low,0.7712
29997345,0,0.6902,12,0.47679897964196943,0.0032,179.88,184.79,179.88,,0.0,0.6126531632908228,0.6153846153846154,0.6465195694923224,0.0031003100310031005,0.17157536863014747,0.6906077348066298,medium,0.9994
28798352,0,0.656,12,0.4755125133569199,0.0032,134.33,142.27,134.33,,0.0,0.5698924731182796,0.6153846153846154,0.6447751712841507,0.0031003100310031005,0.1280751012300405,0.6906077348066298,medium,0.9992
29997345,0,0.6902,12,0.47679897964196943,0.0032,179.88,184.79,179.88,,0.0,0.6126531632908228,0.6153846153846154,0.6465195694923224,0.0031003100310031005,0.17157536863014747,0.6906077348066298,medium,0.9994
28798352,0,0.688,12,0.3411608310011451,0.0409,157.43,164.32,157.43,,0.0,0.6099024756189046,0.6153846153846154,0.4625995195085304,0.0408040804080408,0.15013561005424406,0.6906077348066298,medium,0.9592
28798365,0,0.5881,7,0.3389007423927486,0.0099,144.47,144.47,148.28,0.5925,0.0,0.48499624906226546,0.23076923076923078,0.4595349273271316,0.009800980098009802,0.13775880510352206,0.7790055248618785,low,0.672
29997351,0,0.583,6,0.42642863235827994,0.0099,178.89,185.08,178.89,,0.0,0.4786196549137284,0.15384615384615385,0.57821933918876,0.009800980098009802,0.1706299182519673,0.6906077348066298,medium,0.9766
550882753,0,0.6783,6,0.15050133485591188,0.0099,136.18,141.93,136.18,,0.0,0.5977744436109027,0.15384615384615385,0.20407266395720286,0.009800980098009802,0.1298418519367408,0.6906077348066298,low,0.9998
28798365,0,1.0,6,0.39753757631379405,0.0099,183.01,187.49,183.01,0.5925,0.0,1.0,0.15384615384615385,0.5390441917465966,0.009800980098009802,0.17456451982580795,0.7790055248618785,low,1.0
29997352,0,0.5872,6,0.4096511951344675,0.0099,165.97,172.63,165.97,,0.0,0.48387096774193555,0.15384615384615385,0.5554697873574784,0.009800980098009802,0.15829131331652535,0.6906077348066298,medium,0.9397
550882753,0,0.722,6,0.11886711077586627,0.0099,120.16,126.64,120.16,,0.0,0.6524131032758189,0.15384615384615385,0.161177887433769,0.009800980098009802,0.11454274581709833,0.6906077348066298,low,1.0
28798365,0,0.5283,6,0.4227323072805089,0.0099,193.94,201.31,193.94,0.5925,0.0,0.4102275568892223,0.15384615384615385,0.5732072662588927,0.009800980098009802,0.18500267400106962,0.7790055248618785,medium,0.983
29997353,0,0.5839,6,0.41078465775099826,0.0099,148.62,156.02,148.62,,0.0,0.47974493623405845,0.15384615384615385,0.5570067185466464,0.009800980098009802,0.1417220566888227,0.6906077348066298,medium,0.9169
553810472,0,0.6787,6,0.14942791502028496,0.2939,103.21,110.67,103.21,,0.0,0.5982745686421604,0.15384615384615385,0.20261714844183792,0.29382938293829386,0.09835548934219575,0.6906077348066298,low,0.9989
29997354,0,0.9821,6,0.14942791502028496,0.2939,107.48,114.92,107.48,,0.0,0.9776194048512128,0.15384615384615385,0.20261714844183792,0.29382938293829386,0.10243334097333641,0.6906077348066298,low,1.0
566124270,0,0.7848,8,0.0945937056180997,0.2939,105.76,113.05,105.76,,0.0,0.7309327331832958,0.3076923076923077,0.12826409485676254,0.29382938293829386,0.10079074031629615,0.6906077348066298,low,0.9999
28798352,0,0.9505,12,0.06768746580464029,0.0032,92.02,97.71,92.02,,0.0,0.9381095273818454,0.6153846153846154,0.09178028096697372,0.0031003100310031005,0.08766903506761403,0.6906077348066298,low,1.0
28798352,0,0.6488,12,0.18488404466461617,0.0032,106.97,113.71,106.97,,0.0,0.5608902225556389,0.6153846153846154,0.25069428014676365,0.0031003100310031005,0.10194629077851632,0.6906077348066298,low,0.8909
29997360,0,0.6871,11,0.17570875538197234,0.0032,86.96,95.0,86.96,,0.0,0.6087771942985747,0.5384615384615384,0.23825294501804387,0.0031003100310031005,0.08283673313469325,0.6906077348066298,low,0.9932
29997360,0,0.6171,7,0.5506938639403893,0.2889,78.02,89.38,78.02,,0.0,0.521255313828457,0.23076923076923078,0.746718156319844,0.28882888288828884,0.07429902971961189,0.6906077348066298,medium,0.9993
29997363,0,0.6141,12,0.35938989067679544,0.4579,94.69,106.26,94.69,,0.0,0.5175043760940234,0.6153846153846154,0.48731741488161756,0.4578457845784578,0.09021888608755445,0.6906077348066298,medium,0.9997
29997365,0,0.6279,12,0.35982901534751166,0.5,99.43,107.08,99.43,,0.0,0.5347586896724181,0.6153846153846154,0.48791285084263997,0.49994999499949994,0.09474558789823517,0.6906077348066298,medium,0.9998
29997363,0,0.769,11,0.1478437817140215,0.5,146.29,154.03,146.29,,0.0,0.7111777944486121,0.5384615384615384,0.20046912533927785,0.49994999499949994,0.13949690579876234,0.6906077348066298,low,0.8668
29997363,0,0.6141,12,0.35938989067679544,0.4579,94.69,106.26,94.69,,0.0,0.5175043760940234,0.6153846153846154,0.48731741488161756,0.4578457845784578,0.09021888608755445,0.6906077348066298,medium,0.9997
255493338,0,0.7562,8,0.22506207683408108,0.3685,106.74,115.37,106.74,,0.0,0.695173793448362,0.3076923076923077,0.30517412788065024,0.36843684368436846,0.10172664069065629,0.6906077348066298,low,0.986
255493339,0,0.5376,10,0.47501088069013525,0.2479,129.39,129.39,131.62,,0.0,0.42185546386596645,0.46153846153846156,0.644094976913518,0.24782478247824785,0.12335739934295974,0.6906077348066298,medium,0.9998
255493338,0,0.7562,8,0.22506207683408108,0.3685,106.74,115.37,106.74,,0.0,0.695173793448362,0.3076923076923077,0.30517412788065024,0.36843684368436846,0.10172664069065629,0.6906077348066298,low,0.986
29997365,0,0.6279,12,0.35982901534751166,0.5,99.43,107.08,99.43,,0.0,0.5347586896724181,0.6153846153846154,0.48791285084263997,0.49994999499949994,0.09474558789823517,0.6906077348066298,medium,0.9998
255493286,0,0.793,8,0.25728826636683017,0.5,116.4,120.0,116.4,0.5925,0.0,0.7411852963240809,0.3076923076923077,0.34887158651631356,0.49994999499949994,0.11095194438077777,0.7790055248618785,low,0.9889
255493286,0,0.7735,10,0.26575918554801736,0.2274,57.86,64.66,57.86,0.5925,0.0,0.7168042010502624,0.46153846153846156,0.36035782320432813,0.22732273227322733,0.05504622201848881,0.7790055248618785,low,0.9977
6276386,0,0.7939,12,0.007578660278408065,0.5,114.66,118.27,114.66,,0.0,0.7423105776444112,0.6153846153846154,0.01027508034583176,0.49994999499949994,0.1092902437160975,0.6906077348066298,low,0.9989
6276386,0,0.7856,14,0.02211560523440086,0.5,207.86,212.7,207.86,,0.0,0.7319329832458112,0.7692307692307693,0.029986611870769703,0.49994999499949994,0.19829627931851176,0.6906077348066298,low,0.8489
29997370,0,0.6808,8,0.39092366057804323,0.5,215.61,219.49,215.61,,0.0,0.600900225056264,0.3076923076923077,0.5300759794486755,0.49994999499949994,0.20569753227901294,0.6906077348066298,medium,0.9993
29997376,0,0.7762,8,0.05348648543055614,0.5,143.33,151.9,143.33,,0.0,0.7201800450112529,0.3076923076923077,0.07252430433803371,0.49994999499949994,0.1366701046680419,0.6906077348066298,low,0.9996
1068416045,0,0.8771,9,0.0009374959468844856,0.5,88.34,88.34,93.14,0.5575,0.0,0.8463365841460365,0.38461538461538464,0.0012699200126659955,0.49994999499949994,0.08415463366185348,0.7016574585635359,low,1.0
30818495,0,1.0,10,0.046468050993251624,0.5,52.72,52.72,162.08,0.5075,0.0,1.0,0.46153846153846156,0.06300758042627354,0.49994999499949994,0.050137520055008024,0.5911602209944751,low,1.0
109230059,0,1.0,10,0.19800083855496364,0.3938,24.77,24.77,85.64,0.3825,0.0,1.0,0.46153846153846156,0.26848014210458243,0.3937393739373937,0.023445259378103753,0.31491712707182323,low,0.9967
"[129479112, 27875260, 27875261]",0,0.9583,12,0.019832672821225222,0.5,175.88,177.57,175.88,0.3825,0.0,0.9478619654913728,0.6153846153846154,0.026891044379261583,0.49994999499949994,0.16775536710214686,0.31491712707182323,low,0.9417
30818514,0,0.9981,7,0.046468050993251624,0.5,68.03,68.03,173.96,0.5075,0.0,0.9976244061015254,0.23076923076923078,0.06300758042627354,0.49994999499949994,0.06475857590343037,0.5911602209944751,low,1.0
109230018,0,0.8564,7,0.12736645799312163,0.4994,58.11,58.11,149.93,0.5475,0.0,0.8204551137784447,0.23076923076923078,0.17270267143216042,0.4993499349934994,0.055284972113988855,0.6795580110497237,low,1.0
30912386,0,0.7923,10,0.19800083855496364,0.3938,67.83,71.49,67.83,0.5075,0.0,0.7403100775193798,0.46153846153846156,0.26848014210458243,0.3937393739373937,0.06456757582703034,0.5911602209944751,low,0.9655
30818495,0,1.0,10,0.046468050993251624,0.5,52.72,52.72,162.08,0.5075,0.0,1.0,0.46153846153846156,0.06300758042627354,0.49994999499949994,0.050137520055008024,0.5911602209944751,low,1.0
30818514,0,0.9949,7,0.1926007015868277,0.5,55.02,55.02,159.45,0.5075,0.0,0.9936234058514627,0.23076923076923078,0.2611577665704773,0.49994999499949994,0.05233402093360838,0.5911602209944751,low,1.0
30818514,0,1.0,6,0.1926007015868277,0.2444,56.38,56.38,154.54,0.5075,0.0,1.0,0.15384615384615385,0.2611577665704773,0.24432443244324434,0.05363282145312859,0.5911602209944751,low,1.0
109230043,0,0.8132,7,0.12736645799312163,0.2444,54.4,54.4,149.91,0.5475,0.0,0.7664416104026006,0.23076923076923078,0.17270267143216042,0.24432443244324434,0.051741920696768286,0.6795580110497237,low,1.0
335710033,0,0.8713,6,0.17153459248654954,0.5,65.77,65.77,77.2,0.405,0.0,0.8390847711927981,0.15384615384615385,0.23259294260677837,0.49994999499949994,0.06260027504011002,0.3646408839779006,low,0.9933
67625623,0,1.0,6,0.0010418301335063326,0.2168,80.28,80.28,86.59,0.5075,0.0,1.0,0.15384615384615385,0.0014113931086260567,0.21672167216721672,0.07645733058293225,0.5911602209944751,low,1.0
335710033,0,1.0,6,0.0010418301335063326,0.2168,78.08,78.08,86.02,0.405,0.0,1.0,0.15384615384615385,0.0014113931086260567,0.21672167216721672,0.07435632974253191,0.3646408839779006,low,1.0
109230053,0,0.9535,7,0.16863893663883556,0.5,95.08,95.08,96.62,,0.0,0.9418604651162791,0.23076923076923078,0.22866654598765554,0.49994999499949994,0.09059133623653451,0.6906077348066298,low,1.0
30912330,0,0.7172,11,0.21301185273202705,0.3904,57.29,68.35,57.29,0.5075,0.0,0.646411602900725,0.5384615384615384,0.2888344930406432,0.39033903390339036,0.054501871800748725,0.5911602209944751,low,0.5076
44532646,0,0.8549,12,0.14783787482755803,0.5,37.49,49.82,37.49,0.5075,0.0,0.8185796449112278,0.6153846153846154,0.20046111583115278,0.49994999499949994,0.0355928642371457,0.5911602209944751,low,0.9912
"[33970711, 28022205, 109230039]",0,1.0,14,0.016910543712150707,0.1516,34.28,36.45,34.28,0.5525,0.0,1.0,0.7692307692307693,0.02292875104817788,0.15151515151515155,0.03252731301092521,0.6906077348066298,low,1.0
28875455,0,0.8551,10,0.056652825401295744,0.5,28.33,31.84,28.33,,0.0,0.8188297074268567,0.46153846153846156,0.07681773809188273,0.49994999499949994,0.0268450607380243,0.6906077348066298,low,1.0
30912781,0,0.6566,8,0.35510574644782705,0.5585,141.82,146.57,141.82,,0.0,0.5706426606651662,0.3076923076923077,0.48150828206297275,0.5584558455845584,0.13522805409122166,0.6906077348066298,medium,0.9957
"[28875408, 30913204]",0,0.4284,10,0.568233634403518,0.5,213.31,213.31,216.45,,0.0,0.2853213303325831,0.46153846153846156,0.7705014023506139,0.49994999499949994,0.2035010314004126,0.6906077348066298,high,0.9774
"[30913217, 129799365]",0,0.6088,7,0.2547341638319019,0.5,210.02,210.02,235.14,,0.0,0.5108777194298575,0.23076923076923078,0.3454083228947224,0.49994999499949994,0.2003590801436321,0.6906077348066298,medium,0.9866
335710030,0,0.6755,6,0.1490585786043135,0.5,38.48,38.48,50.74,0.405,0.0,0.594273568392098,0.15384615384615385,0.20211634263781458,0.49994999499949994,0.03653831461532585,0.3646408839779006,low,0.6255
23002051,0,0.5149,6,0.3881216155370981,0.5,1.07,1.07,6.53,0.4875,0.0,0.3934733683420855,0.15384615384615385,0.5262765154398285,0.49994999499949994,0.00081175032470013,0.5469613259668508,medium,0.9992
771825348,0,0.8959,5,0.12579020256426998,0.156,7.23,7.23,13.17,0.465,0.0,0.8698424606151537,0.07692307692307693,0.17056533042473263,0.15591559155915594,0.006694552677821072,0.49723756906077354,low,1.0
"[1388114344, 30920367]",0,0.5674,10,0.3020692899697311,0.0234,77.86,79.69,77.86,0.5725,0.0,0.45911477869467365,0.46153846153846156,0.4095929114673089,0.0233023302330233,0.07414622965849187,0.7348066298342542,medium,0.6538
106431222,0,0.9061,8,0.08595543842554917,0.0234,110.14,114.14,110.14,0.5925,0.0,0.882595648912228,0.3076923076923077,0.11655094077918572,0.0233023302330233,0.10497364198945681,0.7790055248618785,low,1.0
810673588,0,0.9216,9,0.024490986344742248,0.0234,91.73,96.12,91.73,0.535,0.0,0.9019754938734683,0.38461538461538464,0.03320753619716567,0.0233023302330233,0.087392084956834,0.6519337016574587,low,1.0
106431195,0,0.8579,7,0.01799352439608994,0.0234,121.94,125.95,121.94,0.5925,0.0,0.8223305826456613,0.23076923076923078,0.024397230701708295,0.0233023302330233,0.11624264649705861,0.7790055248618785,low,1.0
4684060,0,0.9895,7,0.01799352439608994,0.2095,155.46,159.59,155.46,0.535,0.0,0.9868717179294825,0.23076923076923078,0.024397230701708295,0.20942094209420942,0.14825425930170374,0.6519337016574587,low,1.0
114490724,0,0.9335,6,0.0051410121424237685,0.2095,243.43,243.43,243.74,0.32,0.0,0.9168542135533884,0.15384615384615385,0.006969724356342899,0.20942094209420942,0.2322656429062572,0.17679558011049726,low,0.9982
"[30920576, 30920577, 371662034]",0,0.9797,4,0.001525941818186719,0.0707,307.37,311.57,307.37,0.535,0.0,0.9746186546636659,0.0,0.002067829709511332,0.0706070607060706,0.29332836733134693,0.6519337016574587,low,1.0
27889598,0,0.9709,10,0.010960785017882075,0.5,52.37,52.38,52.37,0.6925,0.0,0.9636159039759938,0.46153846153846156,0.014861109846888057,0.49994999499949994,0.04980326992130797,1.0,low,1.0
498318782,0,0.9985,13,0.258002911664057,0.0422,116.03,116.03,123.45,0.6525,0.0,0.9981245311327831,0.6923076923076923,0.34984061772253183,0.0421042104210421,0.11059859423943771,0.9116022099447513,low,1.0
639622979,0,0.9701,10,0.010960785017882075,0.5,62.09,63.4,62.09,0.6525,0.0,0.9626156539134784,0.46153846153846156,0.014861109846888057,0.49994999499949994,0.059085873634349466,0.9116022099447513,low,1.0
24311718,0,0.8417,7,0.06941305524954856,0.0155,266.62,266.62,271.95,0.6925,0.0,0.8020755188797198,0.23076923076923078,0.0941201130875038,0.015401540154015401,0.2544121017648407,1.0,low,1.0
30950144,0,0.4216,8,0.652507142651321,0.5,47.11,64.26,47.11,,0.0,0.27681920480120026,0.3076923076923077,0.8847729992764095,0.49994999499949994,0.04477996791198717,0.6906077348066298,high,0.5355
177313892,0,0.3663,5,0.7232708945796857,0.4479,103.56,121.16,103.56,0.63,0.0,0.20767691922980747,0.07692307692307693,0.9807258924861911,0.4478447844784479,0.09868973947589581,0.861878453038674,medium,0.6797
23014961,0,0.3396,7,0.5908811733510972,0.5,75.03,77.18,75.03,0.63,0.0,0.17429357339334836,0.23076923076923078,0.8012105836317491,0.49994999499949994,0.07144357857743144,0.861878453038674,medium,0.9739
30950144,0,0.4216,8,0.652507142651321,0.5,47.11,64.26,47.11,,0.0,0.27681920480120026,0.3076923076923077,0.8847729992764095,0.49994999499949994,0.04477996791198717,0.6906077348066298,high,0.5355
30950186,0,0.3651,6,0.5590589640265714,0.5,106.08,106.08,117.23,,0.0,0.20617654413603398,0.15384615384615385,0.7580609064339293,0.49994999499949994,0.10109634043853619,0.6906077348066298,medium,0.8998
177313885,0,0.2731,4,0.6961618808523119,0.5,123.33,132.16,123.33,,0.0,0.0911477869467367,0.0,0.943967125061897,0.49994999499949994,0.11757009702803882,0.6906077348066298,high,0.9868
305718606,0,0.489,8,0.5678592833531345,0.4674,42.74,42.74,113.87,,0.0,0.361090272568142,0.3076923076923077,0.7699937968975172,0.4673467346734673,0.040606616242646505,0.6906077348066298,medium,0.9962
200077861,0,0.8161,11,0.2641574194998432,0.5,40.92,41.27,40.92,0.6525,0.0,0.7700675168792199,0.5384615384615384,0.35818589079007324,0.49994999499949994,0.038868515547406224,0.9116022099447513,low,0.9989
31278139,0,0.5454,9,0.44032528466840937,0.2596,107.19,107.19,107.28,0.6925,0.0,0.43160790197549387,0.38461538461538464,0.5970626588086292,0.2595259525952595,0.10215639086255636,1.0,medium,0.9392
200077861,0,0.8079,10,0.19732124427637082,0.0004,64.03,68.21,64.03,0.6525,0.0,0.7598149537384344,0.46153846153846156,0.2675586387153075,0.00030003000300030005,0.06093857437542976,0.9116022099447513,low,1.0
335654484,0,0.8068,11,0.2358487721143451,0.5,38.62,38.62,40.06,0.6525,0.0,0.7584396099024756,0.5384615384615384,0.3198004668198488,0.49994999499949994,0.03667201466880587,0.9116022099447513,low,0.9994
335654484,0,0.7233,10,0.21511143212045888,0.5,47.53,47.53,52.37,0.6525,0.0,0.654038509627407,0.46153846153846156,0.29168144096742354,0.49994999499949994,0.045181068072427236,0.9116022099447513,low,0.9979
31546440,0,0.7208,12,0.2460323147870411,0.0475,136.28,136.28,144.33,,0.0,0.6509127281820454,0.6153846153846154,0.33360895430027,0.0474047404740474,0.1299373519749408,0.6906077348066298,low,0.7695
44532666,0,0.7055,12,0.2346940244779916,0.0475,94.6,99.61,94.6,,0.0,0.6317829457364341,0.6153846153846154,0.31823467397229827,0.0474047404740474,0.09013293605317442,0.6906077348066298,low,0.9031
44532666,0,0.8421,14,0.20850089072974545,0.5,79.59,79.59,79.87,,0.0,0.8025756439109776,0.7692307692307693,0.2827178041500304,0.49994999499949994,0.07579838031935214,0.6906077348066298,low,0.7984
28022987,0,0.7464,10,0.23430304100158822,0.3677,132.81,132.81,137.59,,0.0,0.6829207301825456,0.46153846153846156,0.3177045155969184,0.36763676367636766,0.12662350064940028,0.6906077348066298,low,0.76
28022987,0,0.8172,12,0.0958532164489788,0.3677,63.79,67.4,63.79,,0.0,0.7714428607151788,0.6153846153846154,0.12997194251829197,0.36763676367636766,0.06070937428374972,0.6906077348066298,low,0.9995
31546440,0,0.7208,12,0.2460323147870411,0.0475,136.28,136.28,144.33,,0.0,0.6509127281820454,0.6153846153846154,0.33360895430027,0.0474047404740474,0.1299373519749408,0.6906077348066298,low,0.7695
44532663,0,0.8454,11,0.09581609686709343,0.3345,48.42,55.2,48.42,,0.0,0.8067016754188546,0.5384615384615384,0.12992160981009634,0.33443344334433445,0.04603101841240737,0.6906077348066298,low,1.0
"[175093051, 31546468, 175093053]",0,0.6749,12,0.3572221075256579,0.4406,66.94,73.59,66.94,,0.0,0.5935233808452114,0.6153846153846154,0.4843779853073685,0.44054405440544053,0.0637176254870502,0.6906077348066298,medium,0.9955
44532663,0,0.8146,11,0.09805437381813467,0.2666,98.38,105.43,98.38,,0.0,0.768192048012003,0.5384615384615384,0.1329566262331174,0.26652665266526654,0.09374283749713501,0.6906077348066298,low,0.9998
27875240,0,0.8309,10,0.06960102252898195,0.4728,11.98,11.98,13.01,,0.0,0.788572143035759,0.46153846153846156,0.09437498940198559,0.47274727472747274,0.011230804492321798,0.6906077348066298,low,1.0
44532652,0,0.9033,11,0.009405348240396674,0.5,24.72,29.3,24.72,0.3825,0.0,0.8790947736934234,0.5384615384615384,0.012751998120368662,0.49994999499949994,0.023397509359003747,0.31491712707182323,low,0.9985
72136975,0,0.9699,12,0.004687128330190816,0.5,96.38,96.38,97.73,0.3825,0.0,0.9623655913978495,0.6153846153846154,0.006354275573908004,0.49994999499949994,0.09183283673313469,0.31491712707182323,low,0.9969
1064875983,0,0.927,10,0.03143265180977264,0.5,87.56,87.56,91.93,,0.0,0.908727181795449,0.46153846153846156,0.04262016437067413,0.49994999499949994,0.08340973336389336,0.6906077348066298,low,1.0
31761727,0,0.895,9,0.03625587100083244,0.5,84.86,84.86,85.02,0.3825,0.0,0.8687171792948237,0.38461538461538464,0.049160261854985475,0.49994999499949994,0.08083123233249294,0.31491712707182323,low,0.9963
44532660,0,0.8954,8,0.04460165607622897,0.5,15.43,15.43,19.02,0.4625,0.0,0.8692173043260815,0.3076923076923077,0.06047682156626219,0.49994999499949994,0.014525555810222324,0.4917127071823205,low,1.0
31785278,0,0.9771,9,0.0016314982461035485,0.5,63.89,63.89,64.58,0.3625,0.0,0.97136784196049,0.38461538461538464,0.002210960117092924,0.49994999499949994,0.06080487432194974,0.27071823204419887,low,0.9999
"[129479112, 27875260, 27875261]",0,0.9583,12,0.019832672821225198,0.5,175.88,177.57,175.88,0.3825,0.0,0.9478619654913728,0.6153846153846154,0.026891044379261552,0.49994999499949994,0.16775536710214686,0.31491712707182323,low,0.9417
31761746,0,1.0,10,0.0016314982461035485,0.5,107.28,107.28,107.85,0.3625,0.0,1.0,0.46153846153846156,0.002210960117092924,0.49994999499949994,0.10224234089693637,0.27071823204419887,low,0.9994
480076166,0,1.0,6,0.0074559214182440825,0.3188,315.83,315.83,317.71,0.455,0.0,1.0,0.15384615384615385,0.010108651228931244,0.3187318731873187,0.3014076705630682,0.4751381215469614,low,1.0
31761746,0,1.0,10,0.0016314982461035485,0.5,107.28,107.28,107.85,0.3625,0.0,1.0,0.46153846153846156,0.002210960117092924,0.49994999499949994,0.10224234089693637,0.27071823204419887,low,0.9994
31785279,0,1.0,7,0.0016314982461035485,0.5,146.27,147.83,146.27,0.3625,0.0,1.0,0.23076923076923078,0.002210960117092924,0.49994999499949994,0.13947780579112234,0.27071823204419887,low,0.9999
334997787,0,1.0,7,0.0016314982461035485,0.5,137.32,138.36,137.32,0.3625,0.0,1.0,0.23076923076923078,0.002210960117092924,0.49994999499949994,0.13093055237222095,0.27071823204419887,low,0.9999
108756228,0,1.0,7,0.0016314982461035485,0.5,92.21,96.41,92.21,0.515,0.0,1.0,0.23076923076923078,0.002210960117092924,0.49994999499949994,0.08785048514019406,0.6077348066298343,low,1.0
671221543,0,1.0,6,0.0016314982461035485,0.5,100.59,103.88,100.59,0.3625,0.0,1.0,0.15384615384615385,0.002210960117092924,0.49994999499949994,0.09585338834135534,0.27071823204419887,low,1.0
793509811,0,1.0,9,0.0016314982461035485,0.5,80.69,84.1,80.69,0.3625,0.0,1.0,0.38461538461538464,0.002210960117092924,0.49994999499949994,0.0768488807395523,0.27071823204419887,low,0.9999
32649152,0,1.0,6,9.90900805164459e-05,0.5,542.67,542.67,995.12,0.555,0.0,1.0,0.15384615384615385,0.00013307429194297384,0.49994999499949994,0.5180399572159828,0.696132596685083,low,0.9991
398406043,0,1.0,6,9.90900805164459e-05,0.5,644.69,644.69,947.96,0.555,0.0,1.0,0.15384615384615385,0.00013307429194297384,0.49994999499949994,0.6154690961876386,0.696132596685083,low,0.9851
"[197895396, 32649151]",0,1.0,5,0.04098485471906703,0.501,825.68,827.47,825.68,0.36,0.0,1.0,0.07692307692307693,0.05557257970616312,0.5009500950095009,0.7883146153258461,0.26519337016574585,medium,0.9998
48689195,0,1.0,4,0.04098485471906703,0.501,685.9,685.9,687.83,0.495,0.0,1.0,0.0,0.05557257970616312,0.5009500950095009,0.6548246619298648,0.56353591160221,low,0.7667
1223428812,0,1.0,6,9.90900805164459e-05,0.5,400.21,400.21,877.31,0.32,0.0,1.0,0.15384615384615385,0.00013307429194297384,0.49994999499949994,0.3819906027962411,0.17679558011049726,low,0.7946
27875179,0,0.7508,12,0.2128996469204193,0.3095,22.35,22.35,23.07,0.5525,0.0,0.6884221055263815,0.6153846153846154,0.288682346327597,0.30943094309430946,0.021134158453663385,0.6906077348066298,low,0.9763
27875179,0,0.7511,12,0.22708690082197633,0.443,102.79,103.31,102.79,0.5525,0.0,0.6887971992998249,0.6153846153846154,0.30791971039407884,0.44294429442944294,0.0979543891817557,0.6906077348066298,medium,0.5507
32668907,0,0.7444,8,0.24634131500288334,0.5,110.57,110.57,115.87,,0.0,0.6804201050262565,0.3076923076923077,0.3340279465654416,0.49994999499949994,0.10538429215371686,0.6906077348066298,low,0.868
32668907,0,0.7444,8,0.24634131500288342,0.5,110.57,110.57,115.87,,0.0,0.6804201050262565,0.3076923076923077,0.3340279465654417,0.49994999499949994,0.10538429215371686,0.6906077348066298,low,0.868
67625612,0,0.5788,7,0.2991786265481978,0.4953,150.02,150.6,150.02,,0.0,0.4733683420855213,0.23076923076923078,0.40567328438376216,0.49524952495249525,0.14305905722362292,0.6906077348066298,medium,0.9921
32669385,0,0.5923,7,0.30231549824860854,0.4953,152.13,152.13,153.43,,0.0,0.49024756189047264,0.23076923076923078,0.4099267603100668,0.49524952495249525,0.1450741080296432,0.6906077348066298,medium,0.9899
177313868,0,0.7039,8,0.306118303998293,0.1841,142.58,142.58,151.0,0.5525,0.0,0.6297824456114028,0.3076923076923077,0.4150832168863998,0.18401840184018403,0.13595385438154178,0.6906077348066298,low,0.7374
28815352,0,0.7501,8,0.13006334351652152,0.5,178.07,181.08,178.07,0.5525,0.0,0.6875468867216804,0.3076923076923077,0.17635954322844047,0.49994999499949994,0.1698468179387272,0.6906077348066298,low,0.9755
32966543,0,0.8969,7,0.000806355515399228,0.5,78.86,88.44,78.86,,0.0,0.8710927731932984,0.23076923076923078,0.0010920986920762126,0.49994999499949994,0.07510123004049203,0.6906077348066298,low,1.0
46848268,0,0.7272,7,0.19563648715327162,0.3511,123.06,123.06,125.16,0.485,0.0,0.6589147286821704,0.23076923076923078,0.2652741736337951,0.35103510351035105,0.11731224692489879,0.5414364640883977,low,0.8942
27880250,0,0.7066,10,0.26838990145272124,0.1632,136.79,148.16,136.79,0.5525,0.0,0.633158289572393,0.46153846153846156,0.3639249715732396,0.16311631163116314,0.13042440216976087,0.6906077348066298,low,0.6881
335710036,0,0.706,8,0.08621360224358161,0.1837,51.16,63.98,51.16,,0.0,0.6324081020255063,0.3076923076923077,0.11690100086768093,0.18361836183618363,0.04864771945908779,0.6906077348066298,low,1.0
32669395,0,0.9146,8,0.09632131158812636,0.1837,57.42,68.21,57.42,0.485,0.0,0.8932233058264565,0.3076923076923077,0.13060666130686202,0.18361836183618363,0.05462602185040875,0.5414364640883977,low,1.0
32966543,0,0.7468,8,0.09632131158812636,0.1837,71.9,83.92,71.9,,0.0,0.6834208552138034,0.3076923076923077,0.13060666130686202,0.18361836183618363,0.06845442738177096,0.6906077348066298,low,1.0
261900701,0,0.7419,7,0.1067067739035548,0.5,61.33,63.33,61.33,,0.0,0.6772943235808953,0.23076923076923078,0.14468894396331733,0.49994999499949994,0.058360073344029345,0.6906077348066298,low,0.9997
32966850,0,0.7886,12,0.21615433150488225,0.098,105.38,105.38,105.9,0.5525,0.0,0.735683920980245,0.6153846153846154,0.29309557193893315,0.09790979097909791,0.10042784017113608,0.6906077348066298,low,0.9892
177313873,0,0.6938,8,0.2577167585667676,0.4314,64.02,71.42,64.02,,0.0,0.6171542885721429,0.3076923076923077,0.34945260526081773,0.43134313431343135,0.060929024371609755,0.6906077348066298,low,0.8763
177313873,0,0.6325,10,0.37085805768120633,0.1302,129.07,129.07,138.46,,0.0,0.5405101275318829,0.46153846153846156,0.5028678029531847,0.13011301130113012,0.1230517992207197,0.6906077348066298,medium,0.9818
"[177313860, 1377597149]",0,0.62,8,0.3270499908133924,0.0774,118.44,127.71,118.44,0.4925,0.0,0.5248812203050762,0.3076923076923077,0.44346576946364336,0.0773077307730773,0.11290014516005807,0.5580110497237569,medium,0.9468
335710036,0,0.6784,8,0.10863772296276517,0.1837,37.59,49.55,37.59,,0.0,0.5978994748687172,0.3076923076923077,0.1473072357274327,0.18361836183618363,0.03568836427534572,0.6906077348066298,low,0.9999
335710034,0,0.662,7,0.06294472381488414,0.4962,60.47,60.77,60.47,,0.0,0.5773943485871468,0.23076923076923078,0.08534930743513919,0.4961496149614961,0.05753877301550921,0.6906077348066298,low,0.9993
"[177313860, 1377597149]",0,0.62,8,0.3270499908133923,0.0774,118.44,127.71,118.44,0.4925,0.0,0.5248812203050762,0.3076923076923077,0.4434657694636432,0.0773077307730773,0.11290014516005807,0.5580110497237569,medium,0.9468
335710024,0,0.6226,9,0.35180661271329405,0.2615,142.96,151.49,142.96,0.5525,0.0,0.5281320330082521,0.38461538461538464,0.4770347851342783,0.26142614261426145,0.13631675452670183,0.6906077348066298,medium,0.9885
335710034,0,0.7816,8,0.010067865082217197,0.0054,69.83,71.56,69.83,,0.0,0.7269317329332331,0.3076923076923077,0.013650345170101691,0.0053005300530053,0.06647757659103064,0.6906077348066298,low,1.0
67625610,0,0.4942,7,0.3550237951383239,0.4962,66.13,66.13,68.45,,0.0,0.3675918979744936,0.23076923076923078,0.4813971592771555,0.4961496149614961,0.06294407517763008,0.6906077348066298,medium,0.9988
177313878,0,0.6079,9,0.3847639799818165,0.2712,7.38,7.38,12.35,0.5525,0.0,0.5097524381095273,0.38461538461538464,0.5217236923193211,0.27112711271127116,0.006837802735121095,0.6906077348066298,medium,0.9045
67625610,0,0.9998,7,0.3550237951383239,0.4962,89.33,89.33,91.06,,0.0,0.9997499374843711,0.23076923076923078,0.4813971592771555,0.4961496149614961,0.08510008404003362,0.6906077348066298,low,0.9996
177313868,0,0.7039,8,0.306118303998293,0.1841,142.58,142.58,151.0,0.5525,0.0,0.6297824456114028,0.3076923076923077,0.4150832168863998,0.18401840184018403,0.13595385438154178,0.6906077348066298,low,0.7374
32967010,0,0.6092,7,0.25922625931152316,0.0054,89.48,90.47,89.48,,0.0,0.5113778444611152,0.23076923076923078,0.3514994295149675,0.0053005300530053,0.08524333409733366,0.6906077348066298,low,0.9752
32966850,0,0.801,7,0.1544551659365853,0.0987,42.52,42.52,43.51,0.5525,0.0,0.7511877969492372,0.23076923076923078,0.20943390500385375,0.0986098609860986,0.04039651615860647,0.6906077348066298,low,1.0
177313871,0,0.6408,8,0.37302581125670903,0.1632,113.11,122.49,113.11,,0.0,0.5508877219304826,0.3076923076923077,0.5058071924240242,0.16311631163116314,0.10780999312399726,0.6906077348066298,medium,0.866
553113567,0,1.0,6,0.003477784266613675,0.5,46.4,46.4,47.22,0.6525,0.0,1.0,0.15384615384615385,0.004714452096151059,0.49994999499949994,0.04410191764076706,0.9116022099447513,low,1.0
4649295,0,0.92,9,0.00035708892173173936,0.8346,147.73,147.73,154.12,0.6525,0.0,0.899974993748437,0.38461538461538464,0.0004829106782956798,0.8345834583458346,0.14087210634884254,0.9116022099447513,low,1.0
1092845779,0,1.0,7,0.00035708892173173936,0.8346,81.19,81.19,82.01,0.6925,0.0,1.0,0.23076923076923078,0.0004829106782956798,0.8345834583458346,0.07732638093055239,1.0,low,1.0
272565918,0,1.0,11,0.012066794034473843,0.9588,201.56,202.64,201.56,0.5525,0.0,1.0,0.5384615384615384,0.01636081502314153,0.9587958795879588,0.19227977691191078,0.6906077348066298,low,0.9991
33839363,0,0.8222,9,0.06910017803942425,0.8958,136.22,171.47,136.22,0.5525,0.0,0.7776944236059016,0.38461538461538464,0.09369586376899362,0.8957895789578958,0.1298800519520208,0.6906077348066298,low,0.984
300474885,0,0.9679,9,0.06910017803942423,0.9244,73.44,73.44,73.88,0.5125,0.0,0.9598649662415604,0.38461538461538464,0.09369586376899358,0.9243924392439244,0.0699251279700512,0.6022099447513811,low,0.9998
33839362,0,0.8683,4,0.010064405294326924,1.0,20.29,27.34,20.29,0.5925,0.0,0.8353338334583644,0.0,0.013645653832391108,1.0,0.01916685766674307,0.7790055248618785,low,1.0
"[1453152081, 28095812]",0,0.8923,8,0.054253451278937,1.0,221.99,226.97,221.99,0.6525,0.0,0.8653413353338333,0.3076923076923077,0.07356428017509414,1.0,0.21179043471617393,0.9116022099447513,low,0.9997
33874853,0,1.0,10,0.2036899852880344,0.2555,233.93,246.76,233.93,0.6525,0.0,1.0,0.46153846153846156,0.2761944036305361,0.2554255425542554,0.22319313927725573,0.9116022099447513,low,1.0
910817233,0,0.9455,9,1.9060331402065404e-05,0.9867,219.34,231.13,219.34,0.5525,0.0,0.9318579644911228,0.38461538461538464,2.455706721821046e-05,0.9866986698669867,0.20925968370387352,0.6906077348066298,low,0.9988
28096172,0,0.8288,16,0.2080122098678413,0.2555,121.27,212.35,121.27,0.6525,0.0,0.7859464866216554,0.9230769230769231,0.28205517192268015,0.2554255425542554,0.11560279624111851,0.9116022099447513,low,0.9885
28096172,0,0.8155,13,0.20368998528803436,0.2555,182.9,194.22,182.9,0.6525,0.0,0.769317329332333,0.6923076923076923,0.27619440363053605,0.2554255425542554,0.17445946978378793,0.9116022099447513,low,0.9946
33839456,0,1.0,14,0.2036899852880344,0.2555,175.47,237.62,175.47,0.6525,0.0,1.0,0.7692307692307693,0.2761944036305361,0.2554255425542554,0.1673638169455268,0.9116022099447513,low,1.0
140851987,0,0.6922,14,0.18652244743810323,0.3126,133.21,140.23,133.21,0.6525,0.0,0.6151537884471118,0.7692307692307693,0.2529158905344966,0.31253125312531255,0.12700550080220036,0.9116022099447513,low,0.8712
28214183,0,0.9124,8,0.16792586028660328,1.0,440.28,448.15,440.28,0.6525,0.0,0.8904726181545385,0.3076923076923077,0.22769964220978026,1.0,0.42025746810298725,0.9116022099447513,medium,0.6282
28214183,0,0.7724,12,0.16792586028660328,0.2512,404.88,411.12,404.88,0.6525,0.0,0.7154288572143036,0.6153846153846154,0.22769964220978026,0.25112511251125114,0.38645045458018185,0.9116022099447513,medium,0.5461
"[33839590, 28214190]",0,0.7881,12,0.16770793195490405,0.2512,633.66,633.66,635.97,0.6525,0.0,0.7350587646911728,0.6153846153846154,0.22740413987462862,0.25112511251125114,0.6049354419741768,0.9116022099447513,medium,0.9975
4866375,0,0.9578,7,0.0018973782095427162,1.0,136.68,136.68,139.86,0.6075,0.0,0.9472368092023006,0.23076923076923078,0.0025714829984167585,1.0,0.13031935212774087,0.8121546961325967,low,1.0
33839588,0,0.3647,7,0.5452710645145411,0.8532,296.4,302.22,296.4,,0.0,0.20567641910477621,0.23076923076923078,0.7393650513751935,0.8531853185318532,0.2828520131408052,0.6906077348066298,high,0.9998
33839588,0,0.3647,7,0.545271064514541,0.8532,296.4,302.22,296.4,,0.0,0.20567641910477621,0.23076923076923078,0.7393650513751934,0.8531853185318532,0.2828520131408052,0.6906077348066298,high,0.9998
259239464,0,0.7385,6,0.17673461634791016,1.0,289.22,300.03,289.22,0.5925,0.0,0.6730432608152037,0.15384615384615385,0.23964397255728967,1.0,0.2759951103980442,0.7790055248618785,medium,0.9247
28096167,0,0.8472,8,0.07740418707893847,0.5,63.03,69.19,63.03,0.5525,0.0,0.8089522380595149,0.3076923076923077,0.10495577680170244,0.49994999499949994,0.05998357399342961,0.6906077348066298,low,1.0
649939002,0,0.9721,7,0.009111884792373594,0.5,55.92,59.75,55.92,0.5075,0.0,0.9651162790697674,0.23076923076923078,0.01235407310760735,0.49994999499949994,0.05319352127740852,0.5911602209944751,low,1.0
649939002,0,0.9976,6,0.009111884792373594,0.5,44.22,47.23,44.22,0.5075,0.0,0.9969992498124531,0.15384615384615385,0.01235407310760735,0.49994999499949994,0.042020016808006724,0.5911602209944751,low,1.0
649939002,0,1.0,6,0.009284419301055514,0.5,79.93,79.93,80.82,0.5075,0.0,1.0,0.15384615384615385,0.012588023185654617,0.49994999499949994,0.07612308044923219,0.5911602209944751,low,1.0
716687396,0,0.938,6,0.005395280176863954,0.9314,201.78,201.78,206.15,0.6075,0.0,0.9224806201550387,0.15384615384615385,0.007314501913926312,0.9313931393139314,0.19248987699595083,0.8121546961325967,low,1.0
28096172,0,0.8714,14,0.14138322156483668,0.3146,94.87,165.25,94.87,0.6525,0.0,0.8392098024506126,0.7692307692307693,0.19170885724753442,0.31453145314531455,0.09039078615631448,0.9116022099447513,low,0.9999
28096172,0,0.8288,16,0.2080122098678413,0.2555,121.27,212.35,121.27,0.6525,0.0,0.7859464866216554,0.9230769230769231,0.28205517192268015,0.2554255425542554,0.11560279624111851,0.9116022099447513,low,0.9885
33839762,0,1.0,14,0.2080122098678413,0.3146,54.48,199.81,54.48,0.5525,0.0,1.0,0.7692307692307693,0.28205517192268015,0.31453145314531455,0.051818320727328296,0.6906077348066298,low,0.9998
140851983,0,0.734,14,0.14953556290073797,0.3146,92.04,102.77,92.04,0.5525,0.0,0.6674168542135533,0.7692307692307693,0.20276311477765097,0.31453145314531455,0.08768813507525404,0.6906077348066298,low,0.7901
140851983,0,0.734,14,0.14953556290073797,0.3146,92.04,102.77,92.04,0.5525,0.0,0.6674168542135533,0.7692307692307693,0.20276311477765097,0.31453145314531455,0.08768813507525404,0.6906077348066298,low,0.7901
1466479254,0,0.7043,10,0.08497616117329658,0.3146,20.74,20.74,22.87,0.4675,0.0,0.6302825706426606,0.46153846153846156,0.1152230789424747,0.31453145314531455,0.019596607838643136,0.5027624309392266,low,0.989
1466479255,0,0.6436,12,0.10592317987558109,0.3126,133.65,134.36,133.65,0.4675,0.0,0.5543885971492872,0.6153846153846154,0.14362642096196349,0.31253125312531255,0.12742570097028041,0.5027624309392266,medium,0.9464
140851987,0,0.6922,14,0.1865224474381032,0.3126,133.21,140.23,133.21,0.6525,0.0,0.6151537884471118,0.7692307692307693,0.2529158905344966,0.31253125312531255,0.12700550080220036,0.9116022099447513,low,0.8712
1436902908,0,0.807,10,0.009111884792373594,0.3479,43.68,43.68,45.1,0.4675,0.0,0.7586896724181045,0.46153846153846156,0.01235407310760735,0.34783478347834784,0.04150431660172665,0.5027624309392266,low,0.9999
1466479255,0,0.6436,12,0.10592317987558109,0.3126,133.65,134.36,133.65,0.4675,0.0,0.5543885971492872,0.6153846153846154,0.14362642096196349,0.31253125312531255,0.12742570097028041,0.5027624309392266,medium,0.9464
28798365,0,0.7394,7,0.18580480471409452,0.0099,191.47,198.93,191.47,0.5925,0.0,0.6741685421355337,0.23076923076923078,0.25194279493423377,0.009800980098009802,0.18264382305752924,0.7790055248618785,low,0.9998
47129926,0,0.7775,9,0.28104495997652434,0.2684,123.27,127.35,123.27,,0.0,0.7218054513628406,0.38461538461538464,0.3810847383465908,0.26832683268326835,0.11751279700511881,0.6906077348066298,low,0.9437
28798365,0,1.0,6,0.4227323072805089,0.0099,196.37,203.65,196.37,0.5925,0.0,1.0,0.15384615384615385,0.5732072662588927,0.009800980098009802,0.18732332492933,0.7790055248618785,low,1.0
638131350,0,0.9435,10,0.097155347244832,0.0409,114.67,121.7,114.67,,0.0,0.9293573393348338,0.46153846153846156,0.1317375811933887,0.0408040804080408,0.1092997937199175,0.6906077348066298,low,1.0
638131350,0,0.7038,11,0.06773343206817282,0.0409,61.2,67.15,61.2,,0.0,0.6296574143535884,0.5384615384615384,0.09184260943113508,0.0408040804080408,0.05823592329436933,0.6906077348066298,low,0.9999
47129925,0,0.7193,6,0.40871643279044484,0.2684,128.3,134.66,128.3,,0.0,0.6490372593148288,0.15384615384615385,0.5542022860036309,0.26832683268326835,0.1223164489265796,0.6906077348066298,medium,0.5458
109190376,0,0.7604,6,0.361484077318153,0.2684,115.7,120.12,115.7,,0.0,0.7004251062765692,0.15384615384615385,0.4901570504532723,0.26832683268326835,0.11028344411337766,0.6906077348066298,low,0.9438
638131350,0,0.809,11,0.11051843827163631,0.0849,111.99,114.42,111.99,,0.0,0.7611902975743935,0.5384615384615384,0.1498574124813843,0.0848084808480848,0.10674039269615708,0.6906077348066298,low,0.9999
638131350,0,0.9535,10,0.11051843827163631,0.0849,97.35,98.13,97.35,,0.0,0.9418604651162791,0.46153846153846156,0.1498574124813843,0.0848084808480848,0.09275918710367485,0.6906077348066298,low,1.0
23002440,0,0.9093,6,0.053527250891146405,0.5,87.6,87.6,93.23,0.485,0.0,0.8865966491622905,0.15384615384615385,0.07257958071584115,0.49994999499949994,0.08344793337917336,0.5414364640883977,low,1.0
33696404,0,1.0,5,0.022855530663054607,0.5,364.64,366.92,364.64,0.555,0.0,1.0,0.07692307692307693,0.03098992195120025,0.49994999499949994,0.3480212392084957,0.696132596685083,low,1.0
306174019,0,1.0,6,0.022855530663054607,0.5,422.35,425.46,422.35,0.515,0.0,1.0,0.15384615384615385,0.03098992195120025,0.49994999499949994,0.40313431125372456,0.6077348066298343,low,0.9997
"[306174026, 41736259, 41736258]",0,1.0,6,0.0711451012144225,0.6689,535.3,536.13,535.3,0.415,0.0,1.0,0.15384615384615385,0.09646869999779402,0.6688668866886689,0.5110016044006418,0.38674033149171266,medium,0.9054
306174028,0,1.0,6,0.16290217614926425,0.5932,495.36,495.36,496.08,0.475,0.0,1.0,0.15384615384615385,0.22088772206120277,0.5931593159315931,0.47285888914355567,0.5193370165745856,medium,0.6762
28023197,0,1.0,6,0.11083927096779153,0.174,244.97,251.22,244.97,0.495,0.0,1.0,0.15384615384615385,0.15029244912929343,0.17391739173917392,0.23373634349453742,0.56353591160221,low,1.0
306174016,0,1.0,5,0.11083927096779152,0.174,211.31,212.78,211.31,0.535,0.0,1.0,0.07692307692307693,0.1502924491292934,0.17391739173917392,0.2015910306364123,0.6519337016574587,low,1.0
179212416,0,1.0,8,0.12316238858291803,0.5,137.7,137.7,138.23,,0.0,1.0,0.3076923076923077,0.167002116950932,0.49994999499949994,0.131293452517381,0.6906077348066298,low,1.0
44289433,0,0.7281,10,0.13319155842544098,0.5,49.36,49.36,53.33,,0.0,0.6600400100025006,0.46153846153846156,0.18060128088243957,0.49994999499949994,0.046928718771487514,0.6906077348066298,low,0.9906
27880290,0,1.0,10,0.01918031139347786,0.5,45.16,45.16,49.69,,0.0,1.0,0.46153846153846156,0.026006467675722882,0.49994999499949994,0.042917717167086866,0.6906077348066298,low,1.0
44289556,0,0.8561,7,0.01918031139347786,0.5,10.95,10.95,15.54,,0.0,0.8200800200050011,0.23076923076923078,0.026006467675722882,0.49994999499949994,0.010247154098861639,0.6906077348066298,low,1.0
6276353,0,1.0,10,0.012310909219753353,0.7804,47.52,47.52,49.13,,0.0,1.0,0.46153846153846156,0.01669182571245211,0.7803780378037803,0.04517151806860724,0.6906077348066298,low,1.0
4827167,0,0.9921,10,0.01129154899794391,0.2764,149.54,149.54,150.36,0.485,0.0,0.9901225306326581,0.46153846153846156,0.015309612929209697,0.2763276327632763,0.1426006570402628,0.5414364640883977,low,1.0
6276353,0,1.0,11,0.067189680075854,0.2458,127.23,127.23,129.22,,0.0,1.0,0.5384615384615384,0.09110530289452873,0.24572457245724572,0.12129459851783943,0.6906077348066298,low,1.0
44289594,0,0.7014,8,0.067189680075854,0.0053,135.07,135.07,140.17,,0.0,0.6266566641660416,0.3076923076923077,0.09110530289452873,0.005200520052005201,0.12878180151272062,0.6906077348066298,low,1.0
44289595,0,0.7073,8,0.06229193489435746,0.0551,28.19,28.19,36.04,,0.0,0.6340335083770944,0.3076923076923077,0.08446415106803144,0.05500550055005501,0.02671136068454428,0.6906077348066298,low,1.0
777648586,0,1.0,10,0.1375745018982788,0.5,81.79,87.1,81.79,,0.0,1.0,0.46153846153846156,0.18654438163011405,0.49994999499949994,0.07789938115975248,0.6906077348066298,low,1.0
4857536,0,0.8168,9,0.1375745018982788,0.5,65.98,69.34,65.98,0.5525,0.0,0.7709427356839209,0.38461538461538464,0.18654438163011405,0.49994999499949994,0.06280082512033006,0.6906077348066298,low,0.9995
6276343,0,0.7295,12,0.0963374125291551,0.5,135.72,139.01,135.72,0.5525,0.0,0.6617904476119031,0.6153846153846154,0.1306284935561847,0.49994999499949994,0.12940255176102072,0.6906077348066298,low,0.8332
27548932,0,0.5371,8,0.44285844597404633,0.4736,72.87,72.87,73.09,0.6925,0.0,0.4212303075768942,0.3076923076923077,0.6004975269384168,0.47354735473547355,0.0693807777523111,1.0,medium,0.9636
28797213,0,0.4224,8,0.5699658009090851,0.5,114.29,114.29,118.23,0.6925,0.0,0.2778194548637159,0.3076923076923077,0.7728501527093922,0.49994999499949994,0.10893689357475744,1.0,medium,0.9992
661525403,0,0.7391,7,0.23844687141685797,0.5,136.28,142.37,136.28,,0.0,0.6737934483620904,0.23076923076923078,0.32332338834575647,0.49994999499949994,0.1299373519749408,0.6906077348066298,low,0.8965
172906540,0,0.754,8,0.2337158455732322,0.3247,221.82,224.34,221.82,,0.0,0.6924231057764442,0.3076923076923077,0.31690830145203597,0.3246324632463246,0.21162808465123387,0.6906077348066298,low,0.7645
214203276,0,0.7283,6,0.23544937178059555,0.5884,182.28,188.32,182.28,,0.0,0.6602900725181295,0.15384615384615385,0.31925889551352493,0.5883588358835884,0.17386736954694784,0.6906077348066298,low,0.6705
28022732,0,0.8822,10,0.04363765024797654,0.5,62.6,62.6,72.46,,0.0,0.8527131782945735,0.46153846153846156,0.059169667186071175,0.49994999499949994,0.05957292382916954,0.6906077348066298,low,1.0
72133527,0,0.7367,8,0.1606199872708229,0.5,3.88,3.88,11.76,0.5325,0.0,0.6707926981745436,0.3076923076923077,0.21779316277385305,0.49994999499949994,0.0034953013981205592,0.6464088397790054,low,0.9982
101727525,0,0.9162,8,0.011332497721776351,0.5,217.65,225.43,217.65,,0.0,0.8952238059514878,0.3076923076923077,0.015365137804840213,0.49994999499949994,0.20764573305829326,0.6906077348066298,low,1.0
1068416045,0,0.9075,8,0.01133249772177635,0.5,241.05,248.4,241.05,0.5575,0.0,0.8843460865216304,0.3076923076923077,0.01536513780484021,0.49994999499949994,0.22999274199709682,0.7016574585635359,low,1.0
27880413,0,1.0,8,0.010549158910508475,0.7506,262.93,279.55,262.93,,0.0,1.0,0.3076923076923077,0.01430296086740545,0.7505750575057506,0.25088815035526013,0.6906077348066298,low,1.0
1020974587,0,0.9739,6,0.010549158910508475,1.0,257.38,262.66,257.38,0.5575,0.0,0.9673668417104276,0.15384615384615385,0.01430296086740545,1.0,0.24558789823515928,0.7016574585635359,low,0.9999
28798365,0,1.0,7,0.3389007423927486,0.1896,126.53,126.53,129.05,0.5925,0.0,1.0,0.23076923076923078,0.4595349273271316,0.18951895189518952,0.12062609825043931,0.7790055248618785,low,1.0
109190376,0,0.8952,7,0.16977381075819317,0.2684,45.56,51.83,45.56,,0.0,0.8689672418104526,0.23076923076923078,0.23020539111971552,0.26832683268326835,0.04329971731988694,0.6906077348066298,low,1.0
"[550882753, 1350409023]",0,0.8613,7,0.14707990601017165,0.0099,144.95,144.95,198.9,,0.0,0.8265816454113528,0.23076923076923078,0.19943333961792084,0.009800980098009802,0.1382172052868821,0.6906077348066298,low,1.0
140862018,0,0.7703,9,0.002652099001298081,0.8765,126.76,133.45,126.76,0.5525,0.0,0.7128032008002001,0.38461538461538464,0.003594855015319054,0.8764876487648764,0.12084574833829935,0.6906077348066298,low,0.9932
716687397,0,0.8516,8,0.1341105979591683,0.5,217.84,224.26,217.84,0.5925,0.0,0.8144536134033508,0.3076923076923077,0.18184746271752056,0.49994999499949994,0.20782718313087328,0.7790055248618785,low,0.9992
1374703403,0,1.0,7,0.1341105979591683,0.5,242.06,249.6,242.06,0.5525,0.0,1.0,0.23076923076923078,0.18184746271752056,0.49994999499949994,0.23095729238291698,0.6906077348066298,low,1.0
67502727,0,0.8452,6,0.08069552317024074,0.5,89.0,89.0,94.11,0.5525,0.0,0.8064516129032258,0.15384615384615385,0.1094187004296911,0.49994999499949994,0.08478493391397357,0.6906077348066298,low,1.0
27880416,0,1.0,10,0.18999929800566975,0.0101,57.06,57.06,57.57,0.4725,0.0,1.0,0.46153846153846156,0.25763036457134253,0.010001000100010001,0.05428222171288869,0.5138121546961325,low,1.0
67502780,0,0.9373,9,0.18999929800566975,0.0512,119.96,120.62,119.96,0.4425,0.0,0.9216054013503376,0.38461538461538464,0.25763036457134253,0.051105110511051106,0.1143517457406983,0.44751381215469616,low,0.9997
67502848,0,1.0,7,0.01532799774439306,0.5,33.75,33.75,76.42,0.5125,0.0,1.0,0.23076923076923078,0.02078288031484622,0.49994999499949994,0.03202116280846513,0.6022099447513811,low,1.0
262841093,0,1.0,6,0.01532799774439306,0.5,36.04,36.04,89.64,0.485,0.0,1.0,0.15384615384615385,0.02078288031484622,0.49994999499949994,0.03420811368324548,0.5414364640883977,low,1.0
67502866,0,1.0,10,0.01532799774439306,0.5,63.35,63.35,89.96,0.405,0.0,1.0,0.46153846153846156,0.02078288031484622,0.49994999499949994,0.060289174115669655,0.3646408839779006,low,1.0
88504324,0,1.0,10,0.01532799774439306,0.5,93.52,93.52,119.82,0.5925,0.0,1.0,0.46153846153846156,0.02078288031484622,0.49994999499949994,0.08910153564061427,0.7790055248618785,low,1.0
146526948,0,0.6446,11,0.38944329195304594,0.501,127.07,133.77,127.07,0.4875,0.0,0.5556389097274318,0.5384615384615384,0.5280686572149806,0.5009500950095009,0.1211417984567194,0.5469613259668508,medium,0.9997
156189315,0,0.8334,11,0.152038813879918,0.5,107.12,107.12,111.62,0.4875,0.0,0.7916979244811202,0.5384615384615384,0.20615742566899112,0.49994999499949994,0.10208954083581635,0.5469613259668508,low,0.8932
67623847,0,0.919,16,0.0011812992877494903,0.5,3.58,3.58,10.74,,0.0,0.8987246811702926,0.9230769230769231,0.001600507853088724,0.49994999499949994,0.0032088012835205138,0.6906077348066298,low,1.0
72136972,0,1.0,13,0.030918937494904833,0.5,2.1,2.1,8.38,0.5525,0.0,1.0,0.6923076923076923,0.04192358775550616,0.49994999499949994,0.0017954007181602875,0.6906077348066298,low,1.0
260660829,0,0.8955,14,0.030918937494904833,0.5,29.98,38.16,29.98,0.4875,0.0,0.869342335583896,0.7692307692307693,0.04192358775550616,0.49994999499949994,0.028420811368324552,0.5469613259668508,low,0.9991
260660835,0,0.9112,14,0.05678606571457385,0.5,42.24,42.24,51.72,0.4875,0.0,0.8889722430607652,0.7692307692307693,0.0769984067704479,0.49994999499949994,0.04012911605164643,0.5469613259668508,low,0.9983
106466997,0,1.0,7,0.04641616918360137,0.5,83.54,86.95,83.54,,0.0,1.0,0.23076923076923078,0.062937230711833,0.49994999499949994,0.07957063182825275,0.6906077348066298,low,1.0
106467014,0,0.8542,9,0.02087060377743395,0.5,3.15,3.15,10.53,0.5525,0.0,0.8177044261065265,0.38461538461538464,0.028298438355502997,0.49994999499949994,0.002798151119260448,0.6906077348066298,low,1.0
72136984,0,0.9006,7,0.04757499845540106,0.5,97.73,97.73,98.91,,0.0,0.8757189297324329,0.23076923076923078,0.06450855809817518,0.49994999499949994,0.09312208724883492,0.6906077348066298,low,1.0
23198137,0,0.6294,10,0.17615944404489714,0.5,95.95,95.95,96.85,0.4525,0.0,0.5366341585396348,0.46153846153846156,0.23886406130238474,0.49994999499949994,0.09142218656887464,0.4696132596685083,medium,0.9931
72136962,0,0.7336,7,0.060869969365843275,0.5,118.06,124.26,118.06,,0.0,0.6669167291822956,0.23076923076923078,0.08253602115988816,0.49994999499949994,0.11253724501489802,0.6906077348066298,low,0.9996
179212424,0,0.8789,6,0.04641616918360137,0.5,122.02,127.02,122.02,,0.0,0.8485871467866967,0.15384615384615385,0.062937230711833,0.49994999499949994,0.11631904652761862,0.6906077348066298,low,1.0
72137015,0,0.9017,8,0.01532799774439306,0.5,23.81,23.81,25.64,0.4675,0.0,0.8770942735683921,0.3076923076923077,0.02078288031484622,0.49994999499949994,0.022528459011383607,0.5027624309392266,low,1.0
179212420,0,0.8086,7,0.11440152347182628,0.5,117.39,117.39,118.47,,0.0,0.7606901725431358,0.23076923076923078,0.15512272486780912,0.49994999499949994,0.11189739475895792,0.6906077348066298,low,0.9998
106466991,0,0.7983,7,0.1566904725447695,0.5,82.13,82.13,83.04,,0.0,0.7478119529882471,0.23076923076923078,0.21246489375757818,0.49994999499949994,0.07822408128963253,0.6906077348066298,low,0.9996
179212422,0,0.8516,6,0.04757499845540106,0.5,90.52,90.52,90.69,,0.0,0.8144536134033508,0.15384615384615385,0.06450855809817518,0.49994999499949994,0.0862365344946138,0.6906077348066298,low,1.0
335654465,0,0.8922,6,0.027304134904352195,0.5,31.47,33.35,31.47,0.4675,0.0,0.8652163040760189,0.15384615384615385,0.0370220561451294,0.49994999499949994,0.02984376193750478,0.5027624309392266,low,1.0
"[335654466, 88504323]",0,1.0,6,0.027304134904352195,0.5,3.53,3.53,9.58,0.5075,0.0,1.0,0.15384615384615385,0.0370220561451294,0.49994999499949994,0.0031610512644205057,0.5911602209944751,low,1.0
335654469,0,1.0,6,0.02512457434165349,0.5,28.61,28.61,35.46,0.5075,0.0,1.0,0.15384615384615385,0.03406665685922677,0.49994999499949994,0.02711246084498434,0.5911602209944751,low,1.0
90212129,0,1.0,10,0.022855530663054607,0.5,473.59,473.78,473.59,0.485,0.0,1.0,0.46153846153846156,0.03098992195120025,0.49994999499949994,0.45206853082741233,0.5414364640883977,low,0.8506
812779044,0,1.0,7,0.022855530663054607,0.5,72.36,74.18,72.36,0.535,0.0,1.0,0.23076923076923078,0.03098992195120025,0.49994999499949994,0.06889372755749103,0.6519337016574587,low,1.0
812779044,0,0.9321,6,0.022855530663054607,0.5,124.59,126.57,124.59,0.535,0.0,0.915103775943986,0.15384615384615385,0.03098992195120025,0.49994999499949994,0.11877339750935902,0.6519337016574587,low,1.0
90212124,0,1.0,9,0.022855530663054607,0.5,141.8,146.21,141.8,,0.0,1.0,0.38461538461538464,0.03098992195120025,0.49994999499949994,0.13520895408358166,0.6906077348066298,low,1.0
90212111,0,1.0,7,0.022855530663054607,0.5,113.76,116.32,113.76,,0.0,1.0,0.23076923076923078,0.03098992195120025,0.49994999499949994,0.10843074337229737,0.6906077348066298,low,1.0
812779044,0,1.0,6,0.022855530663054607,0.5,98.24,100.84,98.24,0.535,0.0,1.0,0.15384615384615385,0.03098992195120025,0.49994999499949994,0.09360913744365498,0.6519337016574587,low,1.0
"[177574117, 932230509]",0,0.9274,6,0.022855530663054607,0.5,164.7,170.6,164.7,,0.0,0.9092273068267067,0.15384615384615385,0.03098992195120025,0.49994999499949994,0.15707846283138513,0.6906077348066298,low,1.0
90212105,0,1.0,6,0.022855530663054607,0.5,167.5,168.61,167.5,0.485,0.0,1.0,0.15384615384615385,0.03098992195120025,0.49994999499949994,0.15975246390098558,0.5414364640883977,low,1.0
90212121,0,1.0,6,0.022855530663054607,0.5,138.71,139.54,138.71,0.535,0.0,1.0,0.15384615384615385,0.03098992195120025,0.49994999499949994,0.1322580029032012,0.6519337016574587,low,1.0
812779043,0,1.0,7,0.022855530663054607,0.5,77.98,78.93,77.98,0.535,0.0,1.0,0.23076923076923078,0.03098992195120025,0.49994999499949994,0.0742608297043319,0.6519337016574587,low,1.0
182096889,0,1.0,7,0.022855530663054607,0.5,121.72,123.94,121.72,,0.0,1.0,0.23076923076923078,0.03098992195120025,0.49994999499949994,0.11603254641301858,0.6906077348066298,low,1.0
1318313665,0,1.0,6,0.022855530663054607,0.5,112.38,113.72,112.38,0.535,0.0,1.0,0.15384615384615385,0.03098992195120025,0.49994999499949994,0.10711284284513714,0.6519337016574587,low,1.0
28797205,0,0.3476,7,0.5630066502272997,0.5,175.51,175.51,182.87,,0.0,0.18429607401850465,0.23076923076923078,0.7634138152625576,0.49994999499949994,0.16740201696080678,0.6906077348066298,high,0.8299
90259469,0,0.4028,6,0.6951395725486748,0.5,187.53,187.53,244.06,,0.0,0.253313328332083,0.15384615384615385,0.9425809147944472,0.49994999499949994,0.17888112155244865,0.6906077348066298,high,0.9919
106772283,0,0.3635,7,0.5362214375234297,0.5,224.06,224.06,253.01,0.6925,0.0,0.20417604401100273,0.23076923076923078,0.7270941094225183,0.49994999499949994,0.21376728550691423,1.0,medium,0.9888
106772283,0,0.4276,6,0.6137799941687467,0.5,153.79,153.79,180.85,0.6925,0.0,0.28432108027006747,0.15384615384615385,0.8322604933478156,0.49994999499949994,0.14665940866376348,1.0,medium,0.9981
93519949,0,0.7383,10,0.2054119383781104,0.5,115.44,123.14,115.44,,0.0,0.6727931982995748,0.46153846153846156,0.2785293049954549,0.49994999499949994,0.11003514401405762,0.6906077348066298,low,0.7265
27880402,0,1.0,10,0.0077135127239718335,0.5,194.39,196.9,194.39,0.6525,0.0,1.0,0.46153846153846156,0.010457935013025735,0.49994999499949994,0.18543242417296968,0.9116022099447513,low,1.0
27880402,0,0.9784,10,0.0077135127239718335,0.5,214.5,216.2,214.5,0.6525,0.0,0.9729932483120779,0.46153846153846156,0.010457935013025735,0.49994999499949994,0.20463748185499275,0.9116022099447513,low,1.0
28875511,0,1.0,8,0.09863995963542785,0.5,161.87,166.82,161.87,,0.0,1.0,0.3076923076923077,0.13375065780805107,0.49994999499949994,0.15437581175032472,0.6906077348066298,low,1.0
335654467,0,0.9573,6,0.01741308485171328,0.5,29.23,29.23,30.1,0.5075,0.0,0.9466116529132284,0.15384615384615385,0.02361017727253613,0.49994999499949994,0.02770456108182444,0.5911602209944751,low,1.0
27880402,0,1.0,10,0.0077135127239718335,0.5,194.39,196.9,194.39,0.6525,0.0,1.0,0.46153846153846156,0.010457935013025735,0.49994999499949994,0.18543242417296968,0.9116022099447513,low,1.0
27880402,0,0.8705,13,0.04262137896122161,0.5,200.79,206.14,200.79,0.6525,0.0,0.8380845211302826,0.6923076923076923,0.05779164287852911,0.49994999499949994,0.19154442661777066,0.9116022099447513,low,0.9999
95001785,0,0.7355,6,0.39366724097263434,0.3462,100.67,110.84,100.67,,0.0,0.6692923230807702,0.15384615384615385,0.5337961676727419,0.34613461346134616,0.09592978837191536,0.6906077348066298,low,0.683
"[334891942, 973109417, 26983658, 33696402, 33696403]",0,1.0,6,0.022855530663054607,0.5,460.31,462.95,460.31,0.34,0.0,1.0,0.15384615384615385,0.03098992195120025,0.49994999499949994,0.4393861257544503,0.22099447513812162,medium,0.5426
306173983,0,1.0,7,0.0711451012144225,0.6689,404.79,414.32,404.79,0.555,0.0,1.0,0.23076923076923078,0.09646869999779402,0.6688668866886689,0.38636450454580185,0.696132596685083,low,0.9978
306174027,0,1.0,6,0.21067506782075968,1.0,430.43,437.23,430.43,0.515,0.0,1.0,0.15384615384615385,0.28566590365787486,1.0,0.41085071434028575,0.6077348066298343,medium,0.9355
101727543,0,0.9455,6,0.06477325696281871,0.1242,184.13,192.39,184.13,,0.0,0.9318579644911228,0.15384615384615385,0.08782872720999688,0.12411241124112411,0.1756341202536481,0.6906077348066298,low,1.0
1388227077,0,0.9553,6,0.06477325696281871,0.1242,189.07,197.34,189.07,0.5575,0.0,0.9441110277569393,0.15384615384615385,0.08782872720999688,0.12411241124112411,0.18035182214072887,0.7016574585635359,low,1.0
101233577,0,1.0,8,0.009885847486619153,0.0719,125.2,134.13,125.2,0.6525,0.0,1.0,0.3076923076923077,0.013403536395315404,0.07180718071807181,0.1193559477423791,0.9116022099447513,low,1.0
173043715,0,0.9201,10,0.005668788090648296,0.5,29.86,30.2,29.86,0.6525,0.0,0.9001000250062514,0.46153846153846156,0.00768536799900821,0.49994999499949994,0.028306211322484533,0.9116022099447513,low,1.0
26688658,0,0.8735,10,0.18999929800566984,0.0079,139.7,152.0,139.7,0.3625,0.0,0.8418354588647161,0.46153846153846156,0.25763036457134264,0.007800780078007801,0.1332034532813813,0.27071823204419887,low,0.8655
4487954,0,0.9116,11,0.18999929800566984,0.0101,123.6,123.6,123.95,0.4425,0.0,0.889472368092023,0.5384615384615384,0.25763036457134264,0.010001000100010001,0.11782794713117886,0.44751381215469616,low,0.9969
948255782,0,1.0,10,0.18999929800566984,0.0079,164.81,176.05,164.81,0.3625,0.0,1.0,0.46153846153846156,0.25763036457134264,0.007800780078007801,0.15718351287340518,0.27071823204419887,low,0.9932
26688658,0,0.8735,10,0.18999929800566984,0.0079,139.7,152.0,139.7,0.3625,0.0,0.8418354588647161,0.46153846153846156,0.25763036457134264,0.007800780078007801,0.1332034532813813,0.27071823204419887,low,0.8655
26688658,0,1.0,10,0.18999929800566984,0.0079,120.04,132.21,120.04,0.3625,0.0,1.0,0.46153846153846156,0.25763036457134264,0.007800780078007801,0.11442814577125833,0.27071823204419887,low,0.998
948255784,0,1.0,9,0.0058822139474671185,0.0079,143.44,152.34,143.44,0.3625,0.0,1.0,0.38461538461538464,0.00797476515347613,0.007800780078007801,0.1367751547100619,0.27071823204419887,low,1.0
948255784,0,1.0,10,0.0058822139474671185,0.0079,164.09,173.63,164.09,0.3625,0.0,1.0,0.46153846153846156,0.00797476515347613,0.007800780078007801,0.15649591259836507,0.27071823204419887,low,1.0
28798317,0,0.957,8,0.009885847486619153,0.0839,106.32,108.52,106.32,0.6925,0.0,0.9462365591397848,0.3076923076923077,0.013403536395315404,0.08380838083808381,0.10132554053021622,1.0,low,1.0
690825701,0,1.0,7,0.009885847486619153,0.0839,122.45,122.45,124.82,0.4475,0.0,1.0,0.23076923076923078,0.013403536395315404,0.08380838083808381,0.11672969669187869,0.45856353591160226,low,1.0
26688658,0,1.0,9,0.18999929800566984,0.0079,107.62,119.0,107.62,0.3625,0.0,1.0,0.38461538461538464,0.25763036457134264,0.007800780078007801,0.10256704102681642,0.27071823204419887,low,0.9994
26688658,0,1.0,10,0.18999929800566984,0.0079,120.04,132.21,120.04,0.3625,0.0,1.0,0.46153846153846156,0.25763036457134264,0.007800780078007801,0.11442814577125833,0.27071823204419887,low,0.998
101233425,0,0.9915,9,0.18999929800566984,0.0719,83.97,96.2,83.97,0.4675,0.0,0.9893723430857715,0.38461538461538464,0.25763036457134264,0.07180718071807181,0.07998128199251281,0.5027624309392266,low,1.0
1388227077,0,0.935,6,0.0028540276905338483,0.0232,168.82,172.67,168.82,0.5575,0.0,0.9187296824206053,0.15384615384615385,0.003868662458059583,0.0231023102310231,0.16101306440522578,0.7016574585635359,low,1.0
1388227074,0,0.8571,8,0.06374835865357938,0.1242,169.08,177.91,169.08,0.5575,0.0,0.8213303325831458,0.3076923076923077,0.08643900499576379,0.12411241124112411,0.16126136450454584,0.7016574585635359,low,1.0
67625606,0,0.819,6,0.22795888652722635,0.5,63.73,63.73,67.44,0.485,0.0,0.7736934233558389,0.15384615384615385,0.3091020890692657,0.49994999499949994,0.060652074260829705,0.5414364640883977,low,0.9936
101727536,0,0.866,6,0.053527250891146405,0.5,75.79,75.79,80.61,0.525,0.0,0.832458114528632,0.15384615384615385,0.07257958071584115,0.49994999499949994,0.07216937886775156,0.6298342541436465,low,1.0
260660809,0,0.9762,6,0.008537976548577741,0.5,265.87,278.06,265.87,0.5575,0.0,0.97024256064016,0.15384615384615385,0.01157587586779871,0.49994999499949994,0.2536958514783406,0.7016574585635359,low,1.0
260660809,0,0.9649,6,0.034347833478361865,0.5,222.85,222.85,226.74,0.5575,0.0,0.9561140285071266,0.15384615384615385,0.04657303724288164,0.49994999499949994,0.21261173504469402,0.7016574585635359,low,1.0
101727538,0,0.9203,6,0.024395267866049355,0.1242,180.94,180.94,187.08,,0.0,0.9003500875218804,0.15384615384615385,0.033077745665799844,0.12411241124112411,0.17258766903506764,0.6906077348066298,low,1.0
1388227074,0,0.9063,6,0.06477325696281871,0.1242,180.98,183.29,180.98,0.5575,0.0,0.8828457114278568,0.15384615384615385,0.08782872720999688,0.12411241124112411,0.17262586905034763,0.7016574585635359,low,1.0
101727526,0,0.9823,6,0.011979542477413936,0.5,230.82,242.95,230.82,,0.0,0.9778694673668417,0.15384615384615385,0.01624250530794396,0.49994999499949994,0.22022308808923524,0.6906077348066298,low,1.0
1068416045,0,0.9452,6,0.022291449072069393,0.5,226.03,238.03,226.03,0.5575,0.0,0.9314828707176794,0.15384615384615385,0.030225049270110646,0.49994999499949994,0.21564863625945452,0.7016574585635359,low,1.0
6276343,0,0.8138,12,0.005793827292127722,0.5,271.03,274.16,271.03,0.5525,0.0,0.7671917979494872,0.6153846153846154,0.007854916289194085,0.49994999499949994,0.25862365344946137,0.6906077348066298,low,0.9586
6276343,0,0.7295,12,0.0963374125291551,0.5,135.72,139.01,135.72,0.5525,0.0,0.6617904476119031,0.6153846153846154,0.1306284935561847,0.49994999499949994,0.12940255176102072,0.6906077348066298,low,0.8332
28798534,0,0.7798,11,0.011402812300457529,0.5,192.54,195.22,192.54,,0.0,0.7246811702925732,0.5384615384615384,0.015460481636610407,0.49994999499949994,0.18366567346626939,0.6906077348066298,low,0.9934
177313869,0,0.6242,7,0.36038031127548736,0.4786,76.78,76.78,81.0,0.5525,0.0,0.5301325331332832,0.23076923076923078,0.4886603866623572,0.47854785478547857,0.07311482924593171,0.6906077348066298,medium,0.9578
"[32967283, 179212421]",0,0.7031,10,0.26565152788491403,0.248,53.48,64.35,53.48,,0.0,0.628782195548887,0.46153846153846156,0.360211843603622,0.24792479247924792,0.050863320345328145,0.6906077348066298,low,0.9042
23002440,0,0.9102,7,0.007193837122642766,0.1616,74.9,74.9,75.32,0.485,0.0,0.8877219304826205,0.23076923076923078,0.009753275125453133,0.16151615161516153,0.07131942852777143,0.5414364640883977,low,1.0
554828695,0,1.0,6,0.09892366661499506,1.0,171.35,177.11,171.35,0.4625,0.0,1.0,0.15384615384615385,0.13413535342934657,1.0,0.16342921537168617,0.4917127071823205,low,0.9966
101727548,0,0.9642,8,0.0628248394058528,0.5,433.08,440.68,433.08,,0.0,0.9552388097024256,0.3076923076923077,0.085186748842868,0.49994999499949994,0.41338146535258613,0.6906077348066298,low,0.9942
"[260660809, 1020974587]",0,0.9869,6,0.3708894365679836,0.5,167.34,173.76,167.34,0.5575,0.0,0.9836209052263064,0.15384615384615385,0.5029103515022644,0.49994999499949994,0.15959966383986557,0.7016574585635359,low,0.9973
1068416045,0,0.8413,7,0.001047975675824118,0.5,204.17,217.14,204.17,0.5575,0.0,0.8015753938484621,0.23076923076923078,0.0014197262248001625,0.49994999499949994,0.19477232790893118,0.7016574585635359,low,1.0
28798534,0,0.6726,11,0.12119512900424216,0.5,207.88,213.12,207.88,,0.0,0.5906476619154788,0.5384615384615384,0.16433458953577043,0.49994999499949994,0.19831537932615176,0.6906077348066298,medium,0.8739
28798534,0,0.7179,10,0.05622930205149696,0.5,195.81,200.91,195.81,,0.0,0.6472868217054264,0.46153846153846156,0.0762434569147593,0.49994999499949994,0.1867885247154099,0.6906077348066298,low,0.9322
101727549,0,0.9828,6,0.022291449072069393,0.5,230.65,243.29,230.65,,0.0,0.9784946236559139,0.15384615384615385,0.030225049270110646,0.49994999499949994,0.22006073802429524,0.6906077348066298,low,1.0
260660809,0,1.0,6,0.022291449072069393,0.5,236.86,249.49,236.86,0.5575,0.0,1.0,0.15384615384615385,0.030225049270110646,0.49994999499949994,0.2259912903965162,0.7016574585635359,low,1.0
661556201,0,1.0,6,0.01741308485171328,0.5,81.52,81.52,81.94,,0.0,1.0,0.15384615384615385,0.02361017727253613,0.49994999499949994,0.07764153105661242,0.6906077348066298,low,1.0
"[93519921, 661556202, 93519940]",0,0.817,6,0.09863995963542785,0.5,204.37,205.66,204.37,0.5075,0.0,0.7711927981995499,0.15384615384615385,0.13375065780805107,0.49994999499949994,0.19496332798533123,0.5911602209944751,low,0.9973
93519947,0,0.999,6,0.01741308485171328,0.5,12.84,12.84,15.69,0.5075,0.0,0.9987496874218553,0.15384615384615385,0.02361017727253613,0.49994999499949994,0.012052104820841928,0.5911602209944751,low,1.0
"[93519947, 93519926, 1411467503]",0,0.9765,6,0.0077135127239718335,0.5,182.17,183.2,182.17,0.5075,0.0,0.9706176544136033,0.15384615384615385,0.010457935013025735,0.49994999499949994,0.17376231950492782,0.5911602209944751,low,1.0
335654488,0,0.9762,8,0.028314272618795093,0.5,71.78,71.78,74.28,0.6925,0.0,0.97024256064016,0.3076923076923077,0.03839176356735924,0.49994999499949994,0.06833982733593094,1.0,low,1.0
1411212687,0,1.0,8,0.028314272618795093,0.5,59.75,59.75,62.0,0.6925,0.0,1.0,0.3076923076923077,0.03839176356735924,0.49994999499949994,0.0568511727404691,1.0,low,1.0
186287609,0,0.6466,7,0.1309435637219078,0.0536,55.73,55.73,58.71,0.6925,0.0,0.5581395348837208,0.23076923076923078,0.17755308756529278,0.0535053505350535,0.05301207120482849,1.0,low,1.0
361136021,0,0.8055,10,0.01787225308686337,0.1242,93.08,93.08,98.08,0.6525,0.0,0.7568142035508876,0.46153846153846156,0.024232791526756024,0.12411241124112411,0.08868133547253419,0.9116022099447513,low,1.0
106154501,0,0.9333,6,0.02658728996073003,1.0,63.96,72.19,63.96,,0.0,0.9166041510377595,0.15384615384615385,0.036050042304017926,1.0,0.060871724348689746,0.6906077348066298,low,1.0
335707001,0,0.9325,7,0.02658728996073003,1.0,62.88,68.67,62.88,0.5125,0.0,0.9156039009752437,0.23076923076923078,0.036050042304017926,1.0,0.059840323936129584,0.6022099447513811,low,1.0
1388121064,0,1.0,10,0.03180282944595436,0.0662,112.34,112.34,115.51,0.6525,0.0,1.0,0.46153846153846156,0.04312211083655897,0.0661066106610661,0.10707464282985715,0.9116022099447513,low,1.0
106154465,0,1.0,8,0.03180282944595436,0.4946,78.96,78.96,81.56,0.5525,0.0,1.0,0.3076923076923077,0.04312211083655897,0.4945494549454945,0.07519673007869203,0.6906077348066298,low,1.0
1388121063,0,1.0,10,0.058507407591636265,0.4946,74.68,74.68,78.03,0.6525,0.0,1.0,0.46153846153846156,0.07933247935431113,0.4945494549454945,0.0711093284437314,0.9116022099447513,low,1.0
24327973,0,1.0,11,0.06892342843605094,0.0446,116.55,116.86,116.55,0.6525,0.0,1.0,0.5384615384615384,0.09345619818661298,0.0445044504450445,0.11109519443807779,0.9116022099447513,low,1.0
1388121065,0,1.0,10,0.058507407591636265,0.1318,38.26,38.26,41.86,0.6525,0.0,1.0,0.46153846153846156,0.07933247935431113,0.13171317131713173,0.03632821453128582,0.9116022099447513,low,1.0
28016563,0,1.0,10,0.3461652717818843,0.0076,91.09,93.38,91.09,0.5525,0.0,1.0,0.46153846153846156,0.46938534641458607,0.007500750075007501,0.0867808847123539,0.6906077348066298,low,1.0
28798856,0,0.6538,10,0.3461652717818843,0.0076,119.38,126.7,119.38,0.5925,0.0,0.5671417854463616,0.46153846153846156,0.46938534641458607,0.007500750075007501,0.11379784551913821,0.7790055248618785,low,0.6164
28016563,0,0.8845,10,0.0027132576282352687,0.0446,121.82,121.82,122.04,0.5525,0.0,0.8555888972243059,0.46153846153846156,0.0036777837329102503,0.0445044504450445,0.11612804645121859,0.6906077348066298,low,1.0
335654486,0,1.0,6,0.03180282944595436,0.4946,67.85,67.85,72.96,0.6525,0.0,1.0,0.15384615384615385,0.04312211083655897,0.4945494549454945,0.06458667583467034,0.9116022099447513,low,1.0
335654475,0,0.9953,7,0.11130960408313524,0.4946,33.69,34.44,33.69,0.6525,0.0,0.9941235308827205,0.23076923076923078,0.15093020252647457,0.4945494549454945,0.03196386278554512,0.9116022099447513,low,1.0
106154494,0,0.9754,6,0.063546627009746,0.4946,65.64,70.44,65.64,0.6925,0.0,0.9692423105776444,0.15384615384615385,0.08616546473891913,0.4945494549454945,0.06247612499045001,1.0,low,1.0
335654477,0,0.9782,6,0.063546627009746,0.4946,46.72,51.17,46.72,0.6525,0.0,0.972743185796449,0.15384615384615385,0.08616546473891913,0.4945494549454945,0.04440751776300711,0.9116022099447513,low,1.0
106154462,0,1.0,8,0.010960785017882075,0.5,33.94,33.94,36.62,0.5925,0.0,1.0,0.3076923076923077,0.014861109846888057,0.49994999499949994,0.03220261288104515,0.7790055248618785,low,1.0
106154491,0,1.0,10,0.010960785017882075,0.5,16.05,16.05,19.3,0.6525,0.0,1.0,0.46153846153846156,0.014861109846888057,0.49994999499949994,0.01511765604706242,0.9116022099447513,low,1.0
361131005,0,1.0,6,0.058507407591636265,0.1318,40.06,40.06,41.67,0.5525,0.0,1.0,0.15384615384615385,0.07933247935431113,0.13171317131713173,0.03804721521888609,0.6906077348066298,low,1.0
106154484,0,1.0,8,0.058507407591636265,0.1318,46.11,46.11,46.92,,0.0,1.0,0.3076923076923077,0.07933247935431113,0.13171317131713173,0.04382496752998702,0.6906077348066298,low,1.0
657684646,0,1.0,6,0.02658728996073003,1.0,67.97,67.97,70.83,0.5125,0.0,1.0,0.15384615384615385,0.036050042304017926,1.0,0.06470127588051036,0.6022099447513811,low,1.0
657684647,0,1.0,7,0.02658728996073003,1.0,51.95,53.18,51.95,0.5075,0.0,1.0,0.23076923076923078,0.036050042304017926,1.0,0.04940216976086791,0.5911602209944751,low,1.0
158097135,0,0.6635,6,0.3408572902527261,0.1318,111.91,120.19,111.91,0.6925,0.0,0.5792698174543636,0.15384615384615385,0.46218793006868064,0.13171317131713173,0.10666399266559708,1.0,low,0.9995
1482615734,0,0.7713,6,0.11130960408313524,0.4946,60.19,60.19,60.31,0.6525,0.0,0.7140535133783444,0.15384615384615385,0.15093020252647457,0.4945494549454945,0.05727137290854917,0.9116022099447513,low,1.0
158097139,0,0.8976,7,0.03180282944595436,0.4946,35.96,35.96,46.6,0.6525,0.0,0.8719679919979995,0.23076923076923078,0.04312211083655897,0.4945494549454945,0.03413171365268547,0.9116022099447513,low,1.0
106154505,0,1.0,6,0.03180282944595436,0.4946,67.08,67.08,68.26,0.6925,0.0,1.0,0.15384615384615385,0.04312211083655897,0.4945494549454945,0.06385132554053022,1.0,low,1.0
335654471,0,1.0,8,0.058507407591636265,0.1318,56.61,57.89,56.61,0.5525,0.0,1.0,0.3076923076923077,0.07933247935431113,0.13171317131713173,0.05385247154098862,0.6906077348066298,low,1.0
335654464,0,0.9159,10,0.028314272618795093,0.5,75.64,75.64,76.61,0.6525,0.0,0.8948487121780444,0.46153846153846156,0.03839176356735924,0.49994999499949994,0.07202612881045153,0.9116022099447513,low,1.0
639622978,0,0.9986,10,0.028314272618795093,0.5,91.07,91.07,92.97,0.6525,0.0,0.9982495623905976,0.46153846153846156,0.03839176356735924,0.49994999499949994,0.08676178470471388,0.9116022099447513,low,1.0
27889593,0,0.9909,11,0.01787225308686337,0.5,174.36,182.24,174.36,0.6525,0.0,0.9886221555388846,0.5384615384615384,0.024232791526756024,0.49994999499949994,0.16630376652150664,0.9116022099447513,low,1.0
639622978,0,0.9986,10,0.028314272618795093,0.5,91.07,91.07,92.97,0.6525,0.0,0.9982495623905976,0.46153846153846156,0.03839176356735924,0.49994999499949994,0.08676178470471388,0.9116022099447513,low,1.0
28016583,0,0.9278,9,0.01602050527137489,0.5,90.53,94.28,90.53,0.5525,0.0,0.9097274318579645,0.38461538461538464,0.021721893566301904,0.49994999499949994,0.08624608449843381,0.6906077348066298,low,1.0
553116322,0,1.0,6,0.08269127152157156,0.5,83.69,83.69,85.03,0.4675,0.0,1.0,0.15384615384615385,0.11212485751167708,0.49994999499949994,0.07971388188555276,0.5027624309392266,low,1.0
106154433,0,0.8958,6,0.08269127152157156,0.5,72.85,72.85,73.12,,0.0,0.8697174293573393,0.15384615384615385,0.11212485751167708,0.49994999499949994,0.0693616777446711,0.6906077348066298,low,1.0
106154456,0,1.0,6,0.08269127152157156,0.5,64.26,64.26,64.51,0.5525,0.0,1.0,0.15384615384615385,0.11212485751167708,0.49994999499949994,0.0611582244632898,0.6906077348066298,low,1.0
1388121074,0,1.0,6,0.02658728996073003,1.0,51.99,51.99,56.85,,0.0,1.0,0.15384615384615385,0.036050042304017926,1.0,0.04944036977614792,0.6906077348066298,low,1.0
1482615734,0,0.9766,6,0.11130960408313524,0.4946,54.23,55.13,54.23,0.6525,0.0,0.9707426856714177,0.15384615384615385,0.15093020252647457,0.4945494549454945,0.051579570631828255,0.9116022099447513,low,1.0
24327974,0,1.0,7,0.02658728996073003,1.0,120.06,120.06,120.37,0.6925,0.0,1.0,0.23076923076923078,0.036050042304017926,1.0,0.11444724577889832,1.0,low,1.0
1388121075,0,1.0,6,0.02658728996073003,1.0,81.49,81.64,81.49,0.5125,0.0,1.0,0.15384615384615385,0.036050042304017926,1.0,0.07761288104515242,0.6022099447513811,low,1.0
44098943,0,0.9044,6,0.009481010726324745,0.4962,63.63,63.63,67.68,0.465,0.0,0.8804701175293822,0.15384615384615385,0.012854593506203944,0.4961496149614961,0.0605565742226297,0.49723756906077354,low,1.0
106431241,0,0.9687,6,0.024490986344742248,0.4943,92.75,100.68,92.75,0.475,0.0,0.9608652163040758,0.15384615384615385,0.03320753619716567,0.4942494249424943,0.08836618534647415,0.5193370165745856,low,1.0
241914559,0,1.0,6,0.23557488653012768,0.2095,213.33,216.39,213.33,0.495,0.0,1.0,0.15384615384615385,0.31942908862836006,0.20942094209420942,0.20352013140805258,0.56353591160221,low,0.9999
4633072,0,1.0,5,0.016190720374233015,1.0,310.11,311.33,310.11,0.555,0.0,1.0,0.07692307692307693,0.021952698620332552,1.0,0.29594506837802736,0.696132596685083,low,0.9999
319479363,0,1.0,5,0.050549753317932565,1.0,292.36,292.36,292.76,0.455,0.0,1.0,0.07692307692307693,0.06854220990254413,1.0,0.2789938115975247,0.4751381215469614,low,0.9878
106466990,0,0.9184,8,0.013414880631843982,0.5,20.24,20.24,22.42,,0.0,0.8979744936234058,0.3076923076923077,0.018188767976313667,0.49994999499949994,0.01911910764764306,0.6906077348066298,low,1.0
106467007,0,0.866,9,0.0743323173982925,0.5,75.09,75.09,75.57,,0.0,0.832458114528632,0.38461538461538464,0.1007904410840631,0.49994999499949994,0.07150087860035145,0.6906077348066298,low,1.0
28019621,0,1.0,6,0.01394633305092754,0.3344,55.51,64.18,55.51,,0.0,1.0,0.15384615384615385,0.018909396770361037,0.3343334333433343,0.05280197112078845,0.6906077348066298,low,1.0
28890140,0,0.9234,6,0.01394633305092754,0.1249,50.92,55.6,50.92,,0.0,0.9042260565141286,0.15384615384615385,0.018909396770361037,0.1248124812481248,0.04841851936740776,0.6906077348066298,low,1.0
106467001,0,1.0,8,0.09068237646166173,0.5,128.16,128.16,128.77,,0.0,1.0,0.3076923076923077,0.12296048476503194,0.49994999499949994,0.12218274887309956,0.6906077348066298,low,1.0
23002421,0,0.8802,10,0.09068237646166173,0.5604,58.81,58.81,61.7,0.485,0.0,0.8502125531382845,0.46153846153846156,0.12296048476503194,0.5603560356035604,0.05595347238138896,0.5414364640883977,low,0.999
106467003,0,0.8791,7,0.01821829224485601,0.5,63.28,63.28,65.44,,0.0,0.8488372093023255,0.23076923076923078,0.024702007155781504,0.49994999499949994,0.06022232408892964,0.6906077348066298,low,1.0
106467013,0,0.8632,7,0.014786451474405615,0.5,40.89,40.89,44.22,,0.0,0.8289572393098275,0.23076923076923078,0.02004856465186577,0.49994999499949994,0.03883986553594622,0.6906077348066298,low,1.0
72136953,0,0.9787,7,0.010841290488618462,0.5,88.69,90.61,88.69,,0.0,0.9733683420855213,0.23076923076923078,0.014699079916406252,0.49994999499949994,0.08448888379555353,0.6906077348066298,low,1.0
72137008,0,0.9983,6,0.04641616918360137,0.5,108.5,111.65,108.5,,0.0,0.9978744686171542,0.15384615384615385,0.062937230711833,0.49994999499949994,0.10340744136297655,0.6906077348066298,low,1.0
28797323,0,0.6349,7,0.3461411183976543,0.5,147.81,151.84,147.81,0.5925,0.0,0.5435108777194299,0.23076923076923078,0.4693525953657155,0.49994999499949994,0.14094850637940257,0.7790055248618785,medium,0.9481
28890088,0,0.7524,9,0.22613297255593404,0.5,80.16,80.16,94.65,0.5925,0.0,0.6904226056514128,0.38461538461538464,0.30662622079598617,0.49994999499949994,0.07634273053709222,0.7790055248618785,low,0.9865
106467006,0,0.9667,8,0.05728377662017187,0.5,146.03,155.24,146.03,0.4875,0.0,0.9583645911477868,0.3076923076923077,0.07767328338556204,0.49994999499949994,0.1392486056994423,0.5469613259668508,low,1.0
106467015,0,0.7103,7,0.18442402556173507,0.5,126.68,132.61,126.68,,0.0,0.6377844461115278,0.23076923076923078,0.25007051214901965,0.49994999499949994,0.12076934830773935,0.6906077348066298,low,0.9598
28890088,0,0.7524,9,0.2261329725559341,0.5,80.16,80.16,94.65,0.5925,0.0,0.6904226056514128,0.38461538461538464,0.3066262207959863,0.49994999499949994,0.07634273053709222,0.7790055248618785,low,0.9865
28890088,0,0.6623,11,0.21426060069837538,0.5,78.71,78.71,106.49,0.5925,0.0,0.5777694423605901,0.5384615384615384,0.29052774667680215,0.49994999499949994,0.074957979983192,0.7790055248618785,low,0.5374
1014049064,0,0.9282,7,0.06254758651267756,0.4042,108.0,108.0,109.42,,0.0,0.9102275568892222,0.23076923076923078,0.08481080471150146,0.40414041404140416,0.10292994117197649,0.6906077348066298,low,1.0
112478120,0,0.8802,10,0.020690752004866402,0.5,55.3,55.64,55.3,,0.0,0.8502125531382845,0.46153846153846156,0.02805456635244367,0.49994999499949994,0.05260142104056842,0.6906077348066298,low,1.0
112478175,0,0.8842,8,0.06109306472088809,0.5,134.63,139.3,134.63,,0.0,0.8552138034508626,0.3076923076923077,0.0828385297775754,0.49994999499949994,0.12836160134464056,0.6906077348066298,low,1.0
886036928,0,1.0,8,0.12316238858291803,0.5,140.18,140.32,140.18,0.485,0.0,1.0,0.3076923076923077,0.167002116950932,0.49994999499949994,0.1336618534647414,0.5414364640883977,low,0.9999
106467001,0,0.7809,8,0.06444758958230387,0.5,110.2,110.2,114.4,,0.0,0.7260565141285321,0.3076923076923077,0.08738713491828115,0.49994999499949994,0.10503094201237682,0.6906077348066298,low,0.9998
"[179212411, 552544589]",0,0.9968,8,0.19185651799172326,0.5,142.94,142.94,144.1,0.485,0.0,0.9959989997499373,0.3076923076923077,0.2601486825820843,0.49994999499949994,0.1362976545190618,0.5414364640883977,low,0.9994
179212417,0,0.8123,8,0.19185651799172326,0.5,148.58,150.22,148.58,,0.0,0.7653163290822707,0.3076923076923077,0.2601486825820843,0.49994999499949994,0.1416838566735427,0.6906077348066298,low,0.9892
179212419,0,1.0,6,0.04641616918360137,0.5,108.4,113.25,108.4,,0.0,1.0,0.15384615384615385,0.062937230711833,0.49994999499949994,0.10331194132477654,0.6906077348066298,low,1.0
106466994,0,0.6784,12,0.26263018054154896,0.5,180.36,184.62,180.36,0.4275,0.0,0.5978994748687172,0.6153846153846154,0.35611501420880637,0.49994999499949994,0.17203376881350757,0.4143646408839779,medium,0.9998
552544588,0,0.8179,8,0.08613831482263368,0.5,145.69,145.69,148.38,,0.0,0.7723180795198799,0.3076923076923077,0.11679891405535969,0.49994999499949994,0.13892390556956224,0.6906077348066298,low,0.9996
106466986,0,0.8968,7,0.17830752799651886,0.5,81.71,81.8,81.71,,0.0,0.870967741935484,0.23076923076923078,0.24177677952886117,0.49994999499949994,0.07782298112919246,0.6906077348066298,low,1.0
417107557,0,0.7748,9,0.2167894804017,0.5,32.42,32.42,34.02,0.4875,0.0,0.7184296074018504,0.38461538461538464,0.2939568091205111,0.49994999499949994,0.030751012300404928,0.5469613259668508,low,0.9076
106467013,0,0.9344,7,0.10241451794649369,0.5,131.64,131.64,134.64,,0.0,0.9179794948737183,0.23076923076923078,0.13886881195711928,0.49994999499949994,0.1255061502024601,0.6906077348066298,low,1.0
106467006,0,0.9667,8,0.05728377662017187,0.5,146.03,155.24,146.03,0.4875,0.0,0.9583645911477868,0.3076923076923077,0.07767328338556204,0.49994999499949994,0.1392486056994423,0.5469613259668508,low,1.0
23198137,0,0.7254,12,0.14568951751631046,0.415,23.91,23.91,91.37,0.4525,0.0,0.6566641660415105,0.6153846153846154,0.19754802693966392,0.41494149414941495,0.022623959049583624,0.4696132596685083,medium,0.542
156189255,0,0.4398,12,0.29675238894797246,0.4995,20.75,20.75,22.95,0.4825,0.0,0.2995748937234309,0.6153846153846154,0.4023834006366192,0.49944994499449946,0.01960615784246314,0.5359116022099447,medium,0.9998
261435167,0,0.6181,14,0.30421566287423596,0.1658,36.68,36.68,79.22,0.4825,0.0,0.5225056264066016,0.7692307692307693,0.41250330958049564,0.16571657165716572,0.034819313927725574,0.5359116022099447,medium,0.9988
129479800,0,0.9405,7,0.01394633305092754,0.3344,37.19,43.04,37.19,,0.0,0.9256064016004,0.23076923076923078,0.018909396770361037,0.3343334333433343,0.035306364122545654,0.6906077348066298,low,1.0
1014049063,0,0.9658,7,0.01821829224485601,0.1744,59.28,60.51,59.28,,0.0,0.9572393098274569,0.23076923076923078,0.024702007155781504,0.17431743174317432,0.05640232256092903,0.6906077348066298,low,1.0
179212425,0,0.9615,6,0.010841290488618462,0.5,100.69,102.06,100.69,,0.0,0.9518629657414354,0.15384615384615385,0.014699079916406252,0.49994999499949994,0.09594888837955536,0.6906077348066298,low,1.0
28016720,0,0.6325,10,0.3659302705146564,0.5,119.8,119.8,119.81,,0.0,0.5405101275318829,0.46153846153846156,0.4961859153643079,0.49994999499949994,0.11419894567957828,0.6906077348066298,medium,0.9992
106467011,0,0.7801,8,0.12316238858291803,0.5,137.63,137.63,140.46,0.4475,0.0,0.7250562640660165,0.3076923076923077,0.167002116950932,0.49994999499949994,0.131226602490641,0.45856353591160226,low,0.8366
661396741,0,0.4077,7,0.6224741343278782,0.5,131.55,131.55,141.8,0.5925,0.0,0.25943985996499125,0.23076923076923078,0.8440494089932794,0.49994999499949994,0.1254202001680801,0.7790055248618785,medium,0.6799
106774539,0,0.81,6,0.23044890749597538,0.2855,209.63,209.63,225.89,0.5925,0.0,0.7624406101525382,0.15384615384615385,0.31247846058142575,0.2854285428542854,0.19998662999465203,0.7790055248618785,low,0.9992
771821790,0,0.6531,8,0.3155972797874256,0.3836,170.04,170.04,204.54,0.5925,0.0,0.5662665666416604,0.3076923076923077,0.42793633909723855,0.38353835383538354,0.16217816487126596,0.7790055248618785,medium,0.8626
639612054,0,0.5659,6,0.451314114482917,0.0923,222.75,222.75,230.63,0.5925,0.0,0.4572393098274568,0.15384615384615385,0.6119630843083866,0.0922092209220922,0.21251623500649403,0.7790055248618785,medium,0.9954
30950297,0,0.5951,6,0.4376258343229876,0.1406,189.73,189.73,197.85,0.5925,0.0,0.49374843710927724,0.15384615384615385,0.5934023092135204,0.14051405140514053,0.18098212239284897,0.7790055248618785,medium,0.9742
106774543,0,0.3883,8,0.6047215846913553,0.5,57.26,57.26,57.58,0.6925,0.0,0.23518379594898722,0.3076923076923077,0.8199776426855938,0.49994999499949994,0.05447322178928872,1.0,medium,0.9987
795531157,0,0.3881,7,0.6166233464723134,0.4676,111.19,123.39,111.19,0.5925,0.0,0.23493373343335833,0.23076923076923078,0.8361159683969355,0.4675467546754676,0.10597639239055696,0.7790055248618785,medium,0.8204
448951286,0,0.5127,10,0.18747352611822382,0.5,16.5,16.5,20.59,0.4825,0.0,0.3907226806701676,0.46153846153846156,0.2542055162049966,0.49994999499949994,0.01554740621896249,0.5359116022099447,medium,0.9956
1412277342,0,0.6315,10,0.1334519110652748,0.5,3.88,3.88,17.78,0.4825,0.0,0.5392598149537383,0.46153846153846156,0.18095430892809983,0.49994999499949994,0.0034953013981205592,0.5359116022099447,low,0.5329
106774548,0,0.4556,6,0.4498076179723684,0.5,292.86,294.54,292.86,0.5925,0.0,0.3193298324581145,0.15384615384615385,0.6099203336788849,0.49994999499949994,0.27947131178852475,0.7790055248618785,medium,0.9921
27580509,0,0.4886,6,0.5015327428378041,0.4333,0.22,0.22,4.55,0.6925,0.0,0.3605901475368842,0.15384615384615385,0.6800575896499937,0.4332433243324333,0.0,1.0,medium,0.9084
106845822,0,1.0,8,0.023082707627465362,0.5,16.12,16.12,23.15,0.6925,0.0,1.0,0.3076923076923077,0.03129796507231534,0.49994999499949994,0.015184506073802432,1.0,low,1.0
262870458,0,0.8481,8,0.023082707627465362,0.5,23.1,23.1,29.72,0.6925,0.0,0.8100775193798448,0.3076923076923077,0.03129796507231534,0.49994999499949994,0.0218504087401635,1.0,low,1.0
93519949,0,0.7031,10,0.17384301838439548,0.5033,152.78,152.78,163.81,,0.0,0.628782195548887,0.46153846153846156,0.23572307827119218,0.5032503250325032,0.14569485827794332,0.6906077348066298,medium,0.5498
108756225,0,1.0,6,0.04098485471906703,0.501,308.48,308.48,309.72,0.555,0.0,1.0,0.15384615384615385,0.05557257970616312,0.5009500950095009,0.2943884177553671,0.696132596685083,low,1.0
638131350,0,1.0,12,0.06773343206817282,0.8177,38.36,38.36,40.3,,0.0,1.0,0.6153846153846154,0.09184260943113508,0.8176817681768177,0.03642371456948583,0.6906077348066298,low,1.0
67502613,0,0.7513,9,0.03593995532440296,0.2939,70.88,70.88,71.24,0.5525,0.0,0.6890472618154537,0.38461538461538464,0.0487318924944346,0.29382938293829386,0.0674803269921308,0.6906077348066298,low,1.0
638131350,0,0.7038,11,0.06773343206817282,0.0409,61.2,67.15,61.2,,0.0,0.6296574143535884,0.5384615384615384,0.09184260943113508,0.0408040804080408,0.05823592329436933,0.6906077348066298,low,0.9999
28890269,0,0.7151,7,0.23508367216234063,0.0849,106.11,114.7,106.11,0.6925,0.0,0.6437859464866215,0.23076923076923078,0.3187630210656467,0.0848084808480848,0.10112499044999619,1.0,low,1.0
109190392,0,0.7637,8,0.43115678062797297,0.0041,199.53,205.92,199.53,0.6925,0.0,0.7045511377844462,0.3076923076923077,0.5846305242042342,0.004000400040004,0.1903411261364505,1.0,low,0.993
109190373,0,0.7158,14,0.15685594417187995,0.0065,35.12,35.12,57.11,0.6525,0.0,0.6446611652913229,0.7692307692307693,0.21268926684312983,0.0064006400640064,0.03332951333180534,0.9116022099447513,low,0.9999
109190373,0,0.7766,14,0.1433386651040422,0.0938,100.61,100.61,114.57,0.6525,0.0,0.7206801700425106,0.7692307692307693,0.1943603625731012,0.0937093709370937,0.09587248834899535,0.9116022099447513,low,0.9998
902818998,0,0.673,10,0.2345084233404079,0.0065,109.24,109.24,138.09,0.6525,0.0,0.5911477869467368,0.46153846153846156,0.31798300605406504,0.0064006400640064,0.10411414164565666,0.9116022099447513,low,0.9992
902818998,0,0.6184,10,0.11034958254948009,0.0938,77.89,82.43,77.89,0.6525,0.0,0.5228807201800449,0.46153846153846156,0.14962845069467295,0.0937093709370937,0.07417487966995187,0.9116022099447513,low,0.9999
4812792,0,1.0,11,0.0028548920018625335,0.5,158.71,158.83,158.71,0.4825,0.0,1.0,0.5384615384615384,0.003869834430578865,0.49994999499949994,0.15135801054320425,0.5359116022099447,low,1.0
4812792,0,0.8788,10,0.0744028946153503,0.5,232.39,232.61,232.39,0.4825,0.0,0.8484621155288823,0.46153846153846156,0.10088614104324906,0.49994999499949994,0.22172243868897548,0.5359116022099447,low,0.9559
293132964,0,0.5344,10,0.5368524180562194,0.183,85.31,93.26,85.31,,0.0,0.41785446361590395,0.46153846153846156,0.7279496944647235,0.18291829182918293,0.08126098250439301,0.6906077348066298,medium,0.9997
1483305703,0,0.7971,8,0.11464338061131545,0.0789,102.66,111.1,102.66,0.5925,0.0,0.7463115778944736,0.3076923076923077,0.15545067373492005,0.07880788078807881,0.09783023913209567,0.7790055248618785,low,1.0
4827168,0,0.9935,8,0.11051843827163631,0.0849,71.46,71.5,71.46,0.4625,0.0,0.9918729682420606,0.3076923076923077,0.1498574124813843,0.0848084808480848,0.06803422721369089,0.4917127071823205,low,1.0
638131350,0,0.809,11,0.11051843827163631,0.0849,111.99,114.42,111.99,,0.0,0.7611902975743935,0.5384615384615384,0.1498574124813843,0.0848084808480848,0.10674039269615708,0.6906077348066298,low,0.9999
28798339,0,0.7182,14,0.05841297669819425,0.0471,97.6,102.22,97.6,0.5525,0.0,0.6476619154788696,0.7692307692307693,0.0792044347384276,0.047004700470047005,0.09299793719917489,0.6906077348066298,low,0.9975
638131350,0,0.7675,12,0.21038664906791288,0.2684,158.24,161.87,158.24,,0.0,0.7093023255813952,0.6153846153846154,0.2852748190554131,0.26832683268326835,0.15090916036366417,0.6906077348066298,low,0.721
902818998,0,0.673,10,0.2345084233404079,0.0065,109.24,109.24,138.09,0.6525,0.0,0.5911477869467368,0.46153846153846156,0.31798300605406504,0.0064006400640064,0.10411414164565666,0.9116022099447513,low,0.9992
27889436,0,0.9476,8,0.011491898082258116,0.2484,81.08,82.72,81.08,0.6925,0.0,0.9344836209052263,0.3076923076923077,0.01558127848916106,0.24832483248324835,0.07722133088853236,1.0,low,1.0
247335834,0,0.9623,8,0.011491898082258116,0.2484,82.69,82.69,83.35,0.3825,0.0,0.952863215803951,0.3076923076923077,0.01558127848916106,0.24832483248324835,0.0787588815035526,0.31491712707182323,low,1.0
27889461,0,0.8997,11,0.03475726871828257,0.1253,247.55,261.78,247.55,0.6525,0.0,0.874593648412103,0.5384615384615384,0.04712821549137535,0.12521252125212523,0.23620024448009783,0.9116022099447513,low,1.0
826874326,0,0.764,9,0.18461724502117668,0.1253,170.97,187.58,170.97,0.6525,0.0,0.7049262315578895,0.38461538461538464,0.25033251021515696,0.12521252125212523,0.16306631522652612,0.9116022099447513,low,0.9999
638131350,0,0.6542,11,0.33580568308866166,0.0099,173.23,180.49,173.23,,0.0,0.5676419104776194,0.5384615384615384,0.45533814738273815,0.009800980098009802,0.16522461608984645,0.6906077348066298,medium,0.9625
28798352,0,0.688,12,0.34116083100114514,0.0409,157.43,164.32,157.43,,0.0,0.6099024756189046,0.6153846153846154,0.4625995195085305,0.0408040804080408,0.15013561005424406,0.6906077348066298,medium,0.9592
638131350,0,0.629,11,0.2878245251718177,0.0409,134.81,141.94,134.81,,0.0,0.5361340335083771,0.5384615384615384,0.3902775648639194,0.0408040804080408,0.12853350141340059,0.6906077348066298,medium,0.8591
109190384,0,0.9787,7,0.011491898082258116,0.2484,95.21,97.8,95.21,0.6925,0.0,0.9733683420855213,0.23076923076923078,0.01558127848916106,0.24832483248324835,0.09071548628619452,1.0,low,1.0
826874324,0,0.7868,10,0.19507965360475835,0.3121,124.26,134.02,124.26,0.6525,0.0,0.7334333583395849,0.46153846153846156,0.26451912901617497,0.312031203120312,0.11845824738329898,0.9116022099447513,low,0.9998
335706987,0,0.9048,7,0.01307506089556536,0.2484,49.92,49.92,56.34,0.4025,0.0,0.8809702425606403,0.23076923076923078,0.017727985641047907,0.24832483248324835,0.0474635189854076,0.3591160220994476,low,1.0
"[916009403, 4827180]",0,0.8597,6,0.13030414731476095,0.2565,18.23,18.23,26.86,0.5625,0.0,0.8245811452863214,0.15384615384615385,0.17668606380581697,0.25642564256425643,0.017199556879822754,0.712707182320442,low,1.0
109190384,0,1.0,7,0.011491898082258116,0.2484,97.6,97.6,98.12,0.6925,0.0,1.0,0.23076923076923078,0.01558127848916106,0.24832483248324835,0.09299793719917489,1.0,low,1.0
109190380,0,0.9964,6,0.011491898082258116,0.2484,109.96,109.96,111.13,0.6925,0.0,0.9954988747186796,0.15384615384615385,0.01558127848916106,0.24832483248324835,0.10480174192069677,1.0,low,1.0
67502612,0,0.9305,8,0.08069552317024074,0.5,78.39,78.39,81.15,0.5525,0.0,0.9131032758189546,0.3076923076923077,0.1094187004296911,0.49994999499949994,0.07465237986095195,0.6906077348066298,low,1.0
67502669,0,0.8448,6,8.096177779027687e-05,0.5,54.93,54.93,76.41,0.5925,0.0,0.805951487871968,0.15384615384615385,0.00010849301907152442,0.49994999499949994,0.052248070899228366,0.7790055248618785,low,1.0
109190381,0,0.6093,8,0.12596409930947317,0.0938,140.38,140.38,141.3,,0.0,0.5115028757189296,0.3076923076923077,0.1708011276424791,0.0937093709370937,0.13385285354114143,0.6906077348066298,low,0.9891
902818998,0,0.6184,10,0.1103495825494801,0.0938,77.89,82.43,77.89,0.6525,0.0,0.5228807201800449,0.46153846153846156,0.14962845069467298,0.0937093709370937,0.07417487966995187,0.9116022099447513,low,0.9999
28798348,0,0.7467,12,0.22482702058772644,0.0032,202.92,206.65,202.92,,0.0,0.6832958239559889,0.6153846153846154,0.3048554007599121,0.0031003100310031005,0.19357857743143098,0.6906077348066298,low,0.7712
638131350,0,0.7192,11,0.32900440196893865,0.0099,220.97,225.03,220.97,,0.0,0.6489122280570141,0.5384615384615384,0.4461158749171526,0.009800980098009802,0.21081633432653377,0.6906077348066298,medium,0.9163
638131350,0,0.7675,12,0.2103866490679129,0.2684,158.24,161.87,158.24,,0.0,0.7093023255813952,0.6153846153846154,0.28527481905541313,0.26832683268326835,0.15090916036366417,0.6906077348066298,low,0.721
4827168,0,0.8514,11,0.03482581499446793,0.0471,94.35,109.86,94.35,0.4625,0.0,0.8142035508877219,0.5384615384615384,0.04722116157379054,0.047004700470047005,0.08989418595767439,0.4917127071823205,low,0.9999
109230024,0,0.9894,8,0.11051843827163631,0.0849,92.18,92.18,92.94,,0.0,0.9867466866716678,0.3076923076923077,0.1498574124813843,0.0848084808480848,0.08782183512873407,0.6906077348066298,low,1.0
638131350,0,0.9535,10,0.11051843827163631,0.0849,97.35,98.13,97.35,,0.0,0.9418604651162791,0.46153846153846156,0.1498574124813843,0.0848084808480848,0.09275918710367485,0.6906077348066298,low,1.0
109190373,0,0.7385,11,0.13615302551173575,0.0938,160.08,160.08,171.9,0.6525,0.0,0.6730432608152037,0.5384615384615384,0.1846169149794443,0.0937093709370937,0.15266636106654446,0.9116022099447513,low,0.9999
109190373,0,0.7766,14,0.1433386651040422,0.0938,100.61,100.61,114.57,0.6525,0.0,0.7206801700425106,0.7692307692307693,0.1943603625731012,0.0937093709370937,0.09587248834899535,0.9116022099447513,low,0.9998
109190381,0,0.6093,8,0.12596409930947317,0.0938,140.38,140.38,141.3,,0.0,0.5115028757189296,0.3076923076923077,0.1708011276424791,0.0937093709370937,0.13385285354114143,0.6906077348066298,low,0.9891
255493313,0,0.8701,9,0.2593348386745496,0.5,219.76,227.28,219.76,0.5475,0.0,0.8375843960990246,0.38461538461538464,0.3516466589048931,0.49994999499949994,0.20966078386431355,0.6795580110497237,low,0.7632
30818514,0,0.8065,6,0.12736645799312163,0.5,63.77,63.77,158.43,0.5075,0.0,0.7580645161290323,0.15384615384615385,0.17270267143216042,0.49994999499949994,0.06069027427610972,0.5911602209944751,low,0.9998
179241840,0,0.8854,7,0.04404739803893444,0.5,75.41,78.49,75.41,,0.0,0.8567141785446362,0.23076923076923078,0.059725269241605594,0.49994999499949994,0.0718064787225915,0.6906077348066298,low,1.0
109230032,0,0.9457,7,0.057752927018634354,0.5,71.4,71.4,73.33,,0.0,0.9321080270067517,0.23076923076923078,0.07830943306468827,0.49994999499949994,0.06797692719077089,0.6906077348066298,low,1.0
109230015,0,0.7817,8,0.015831438990049643,0.5,82.15,82.15,83.59,0.4625,0.0,0.7270567641910476,0.3076923076923077,0.021465527048032257,0.49994999499949994,0.07824318129727253,0.4917127071823205,low,0.9991
109230038,0,0.9983,6,0.0814639358504431,0.5,144.26,150.06,144.26,0.5475,0.0,0.9978744686171542,0.15384615384615385,0.11046063811438508,0.49994999499949994,0.13755825502330202,0.6795580110497237,low,1.0
398948260,0,0.8844,8,0.0814639358504431,0.5,133.66,139.91,133.66,0.5475,0.0,0.8554638659664915,0.3076923076923077,0.11046063811438508,0.49994999499949994,0.1274352509741004,0.6795580110497237,low,1.0
44532661,0,0.8408,10,0.09962971765337816,0.5,173.07,173.07,173.84,,0.0,0.8009502375593899,0.46153846153846156,0.13509273115509535,0.49994999499949994,0.16507181602872642,0.6906077348066298,low,0.9965
1318313663,0,0.706,8,0.11802841241132189,0.5,134.45,134.45,135.77,,0.0,0.6324081020255063,0.3076923076923077,0.16004064509690405,0.49994999499949994,0.1281897012758805,0.6906077348066298,low,0.9804
109230051,0,0.7505,7,0.2579471475290133,0.5,98.83,98.83,100.06,,0.0,0.6880470117529381,0.23076923076923078,0.34976500372597336,0.49994999499949994,0.09417258766903508,0.6906077348066298,low,0.9503
109230069,0,0.5468,6,0.16863893663883556,0.5,89.15,89.15,91.45,,0.0,0.43335833958489617,0.15384615384615385,0.22866654598765554,0.49994999499949994,0.08492818397127361,0.6906077348066298,low,0.6573
895737348,0,0.9513,9,0.00023607687053848396,0.4988,73.1,73.1,153.78,0.4875,0.0,0.9391097774443612,0.38461538461538464,0.00031882304714523545,0.4987498749874988,0.06960042784017113,0.5469613259668508,low,1.0
261164070,0,0.6825,10,0.3723087031176714,0.5,77.44,77.44,140.45,0.5325,0.0,0.6030257564391097,0.46153846153846156,0.5048348217001739,0.49994999499949994,0.0737451294980518,0.6464088397790054,medium,0.9959
109230088,0,0.9198,7,0.13938210096843387,0.4845,88.65,88.65,189.52,0.5475,0.0,0.8997249312328082,0.23076923076923078,0.18899541561033983,0.48444844484448446,0.08445068378027352,0.6795580110497237,low,1.0
30818514,0,0.9629,6,0.046468050993251624,0.5,81.83,81.83,183.68,0.5075,0.0,0.9536134033508376,0.15384615384615385,0.06300758042627354,0.49994999499949994,0.07793758117503248,0.5911602209944751,low,1.0
261273574,0,0.9841,10,0.1538763442392551,0.5,223.88,228.93,223.88,0.5525,0.0,0.9801200300075018,0.46153846153846156,0.20864904531230358,0.49994999499949994,0.2135953854381542,0.6906077348066298,low,0.999
1272339201,0,0.9135,7,0.0201301288305226,0.5,166.02,171.72,166.02,,0.0,0.8918479619904977,0.23076923076923078,0.027294383149704567,0.49994999499949994,0.15833906333562536,0.6906077348066298,low,1.0
28798476,0,0.6917,6,0.34508122295585314,0.5,69.98,75.65,69.98,,0.0,0.6145286321580394,0.15384615384615385,0.46791541840195533,0.49994999499949994,0.06662082664833067,0.6906077348066298,low,0.5656
131699068,0,1.0,5,0.09892366661499503,0.174,166.38,167.76,166.38,0.4625,0.0,1.0,0.07692307692307693,0.13413535342934652,0.17391739173917392,0.1586828634731454,0.4917127071823205,low,1.0
27875179,0,0.9754,11,0.010531089768775476,0.5,123.65,125.31,123.65,0.5525,0.0,0.9692423105776444,0.5384615384615384,0.014278459814537958,0.49994999499949994,0.11787569715027887,0.6906077348066298,low,1.0
72133545,0,0.9814,12,0.04813759869205179,0.5,135.98,138.27,135.98,,0.0,0.9767441860465117,0.6153846153846154,0.0652714221204474,0.49994999499949994,0.12965085186034075,0.6906077348066298,low,1.0
261470171,0,0.81,12,0.04106321903403266,0.5,48.88,49.41,48.88,0.5525,0.0,0.7624406101525382,0.6153846153846154,0.05567883866700745,0.49994999499949994,0.046470318588127446,0.6906077348066298,low,0.9997
109230078,0,0.8255,7,0.20078454052905875,0.1728,75.18,75.18,164.95,0.5475,0.0,0.7818204551137783,0.23076923076923078,0.27225473362876557,0.17271727172717274,0.07158682863473147,0.6795580110497237,low,1.0
895737348,0,0.9513,9,0.00023607687053848396,0.4988,73.1,73.1,153.78,0.4875,0.0,0.9391097774443612,0.38461538461538464,0.00031882304714523545,0.4987498749874988,0.06960042784017113,0.5469613259668508,low,1.0
109230015,0,0.8339,7,0.06640615846298245,0.5,66.48,66.48,68.19,0.4625,0.0,0.7923230807701924,0.23076923076923078,0.09004287808523473,0.49994999499949994,0.06327832531133014,0.4917127071823205,low,0.9998
109230051,0,0.8097,6,0.21798981025917663,0.5,67.7,67.7,69.7,,0.0,0.7620655163790946,0.15384615384615385,0.29558440968566424,0.49994999499949994,0.06444342577737032,0.6906077348066298,low,0.9995
27889257,0,1.0,12,0.026243260445494663,0.5,209.11,209.11,214.69,,0.0,1.0,0.6153846153846154,0.035583551672348064,0.49994999499949994,0.19949002979601196,0.6906077348066298,low,0.9999
1422352153,0,1.0,11,0.026243260445494663,0.5,203.63,203.63,208.88,,0.0,1.0,0.5384615384615384,0.035583551672348064,0.49994999499949994,0.1942566277026511,0.6906077348066298,low,1.0
27889257,0,0.9973,12,0.0009104312625869331,0.5,399.97,405.07,399.97,,0.0,0.9966241560390096,0.6153846153846154,0.0012332213542230622,0.49994999499949994,0.3817614027045611,0.6906077348066298,low,0.9949
109230073,0,0.9269,6,0.015831438990049643,0.5,81.01,81.01,81.46,0.4625,0.0,0.9086021505376342,0.15384615384615385,0.021465527048032257,0.49994999499949994,0.07715448086179236,0.4917127071823205,low,1.0
109230032,0,1.0,7,0.06640615846298245,0.5,72.26,72.26,73.24,,0.0,1.0,0.23076923076923078,0.09004287808523473,0.49994999499949994,0.06879822751929102,0.6906077348066298,low,1.0
109230073,0,0.9332,7,0.005302888566316975,0.5,30.47,30.47,30.83,0.4625,0.0,0.916479119779945,0.23076923076923078,0.007189222486271481,0.49994999499949994,0.028888761555504624,0.4917127071823205,low,1.0
28022987,0,0.7464,10,0.2343030410015882,0.3677,132.81,132.81,137.59,,0.0,0.6829207301825456,0.46153846153846156,0.3177045155969184,0.36763676367636766,0.12662350064940028,0.6906077348066298,low,0.76
1318313663,0,0.9966,8,0.11802841241132189,0.5,114.58,114.58,116.09,,0.0,0.9957489372343085,0.3076923076923077,0.16004064509690405,0.49994999499949994,0.10921384368553748,0.6906077348066298,low,1.0
32937997,0,0.9566,9,0.02408535606887971,0.5,288.8,297.34,288.8,,0.0,0.945736434108527,0.38461538461538464,0.03265751733183059,0.49994999499949994,0.2755940102376041,0.6906077348066298,low,0.9999
109230053,0,0.7099,7,0.14725314877635895,0.5,107.15,107.15,108.93,,0.0,0.6372843210802701,0.23076923076923078,0.1996682500655772,0.49994999499949994,0.10211819084727636,0.6906077348066298,low,0.992
109230015,0,0.9653,7,0.04415368193625812,0.5,23.83,23.83,26.05,0.4625,0.0,0.9566141535383846,0.23076923076923078,0.05986938606938689,0.49994999499949994,0.02254755901902361,0.4917127071823205,low,1.0
109230059,0,1.0,10,0.19800083855496364,0.3938,24.77,24.77,85.64,0.3825,0.0,1.0,0.46153846153846156,0.26848014210458243,0.3937393739373937,0.023445259378103753,0.31491712707182323,low,0.9967
109230051,0,0.8097,6,0.22061700245766752,0.5,75.88,75.88,78.17,,0.0,0.7620655163790946,0.15384615384615385,0.29914678004610756,0.49994999499949994,0.07225532890213157,0.6906077348066298,low,0.9994
67502785,0,0.9465,7,0.11051843827163631,0.0849,58.87,58.87,59.25,0.4625,0.0,0.9331082770692672,0.23076923076923078,0.1498574124813843,0.0848084808480848,0.05601077240430897,0.4917127071823205,low,1.0
892478575,0,0.9992,10,0.0680678194683365,0.4706,95.85,95.85,102.42,0.3825,0.0,0.9989997499374842,0.46153846153846156,0.09229602573007697,0.4705470547054706,0.09132668653067462,0.31491712707182323,low,0.999
109230073,0,1.0,7,0.015831438990049643,0.5,121.71,121.71,121.95,0.4625,0.0,1.0,0.23076923076923078,0.021465527048032257,0.49994999499949994,0.11602299640919857,0.4917127071823205,low,1.0
28892620,0,0.7236,10,0.37764969825715733,0.0042,48.39,54.5,48.39,,0.0,0.6544136034008503,0.46153846153846156,0.5120770032166635,0.0041004100410041,0.04600236840094737,0.6906077348066298,low,0.8805
23009275,0,0.823,7,0.20088725156466422,0.0627,49.51,51.86,49.51,0.5925,0.0,0.778694673668417,0.23076923076923078,0.2723940057951269,0.06260626062606262,0.04707196882878754,0.7790055248618785,low,1.0
27924860,0,0.507,9,0.5278249134310595,0.4118,131.01,131.01,135.58,0.5925,0.0,0.38359589897474367,0.38461538461538464,0.7157087495791885,0.41174117411741173,0.12490449996179999,0.7790055248618785,medium,0.9983
109241569,0,0.5119,7,0.5069355754613798,0.3236,95.1,95.1,100.8,0.6925,0.0,0.38972243060765194,0.23076923076923078,0.6873836203879496,0.32353235323532353,0.0906104362441745,1.0,medium,0.9855
109241570,0,0.3295,8,0.6209701535033085,0.5,151.02,151.02,153.03,,0.0,0.16166541635408854,0.3076923076923077,0.8420100695360445,0.49994999499949994,0.14401405760562308,0.6906077348066298,high,0.9899
109241612,0,0.5394,10,0.6249359523213887,0.5,112.34,112.34,113.0,,0.0,0.4241060265066266,0.46153846153846156,0.8473875383687872,0.49994999499949994,0.10707464282985715,0.6906077348066298,medium,0.5198
109241612,0,0.592,8,0.5942705931978901,0.5,171.42,171.42,174.9,,0.0,0.48987246811702917,0.3076923076923077,0.8058065050143755,0.49994999499949994,0.16349606539842618,0.6906077348066298,medium,0.9423
90259469,0,0.3988,6,0.737485246196639,0.5083,160.5,160.5,196.26,,0.0,0.24831207801950486,0.15384615384615385,1.0,0.5082508250825082,0.1530674612269845,0.6906077348066298,high,0.9972
27548932,0,0.3893,9,0.6478000271093765,0.4242,104.11,104.19,104.11,0.6925,0.0,0.23643410852713176,0.38461538461538464,0.8783903338210852,0.4241424142414242,0.09921498968599589,1.0,medium,0.9701
109241616,0,0.3104,7,0.6222270404767056,0.5,57.52,58.9,57.52,0.6925,0.0,0.1377844461115279,0.23076923076923078,0.8437143593489592,0.49994999499949994,0.054721521888608765,1.0,medium,0.9923
109241569,0,0.5681,7,0.5022710819927597,0.403,117.1,117.1,123.17,0.6925,0.0,0.45998999749937486,0.23076923076923078,0.6810587488050337,0.40294029402940296,0.11162044464817787,1.0,medium,0.977
142212245,0,0.5469,6,0.6298036790248935,0.6163,114.76,114.76,117.93,0.6925,0.0,0.4334833708427107,0.15384615384615385,0.8539879863075657,0.6162616261626163,0.10938574375429752,1.0,medium,0.9997
27924861,0,0.3903,8,0.6160160434634195,0.5518,114.61,118.87,114.61,0.6925,0.0,0.2376844211052763,0.3076923076923077,0.8352924891555102,0.5517551755175517,0.1092424936969975,1.0,medium,0.9782
148098773,0,0.4455,7,0.4914898530386249,0.3425,85.44,89.45,85.44,0.6925,0.0,0.30670167541885474,0.23076923076923078,0.6664398219912953,0.3424342434243425,0.08138513255405302,1.0,medium,0.9966
28797240,0,0.6419,8,0.2740417285579193,0.0004,101.42,106.09,101.42,0.6925,0.0,0.5522630657664416,0.3076923076923077,0.3715886291364255,0.00030003000300030005,0.09664603865841548,1.0,low,0.9998
177313883,0,0.4825,6,0.5985835447085794,0.5,69.99,76.26,69.99,,0.0,0.3529632408102025,0.15384615384615385,0.8116546993857405,0.49994999499949994,0.06663037665215066,0.6906077348066298,medium,0.9923
23002051,0,0.4248,6,0.4674810551729786,0.5,36.52,36.52,37.13,0.4875,0.0,0.2808202050512628,0.15384615384615385,0.6338848266028416,0.49994999499949994,0.034666513866605554,0.5469613259668508,medium,0.9989
311232591,0,0.4147,7,0.49795410670887075,0.5,110.56,113.05,110.56,,0.0,0.268192048012003,0.23076923076923078,0.675205098353831,0.49994999499949994,0.10537474214989688,0.6906077348066298,medium,0.9921
109241612,0,0.5394,10,0.6249359523213887,0.5,112.34,112.34,113.0,,0.0,0.4241060265066266,0.46153846153846156,0.8473875383687872,0.49994999499949994,0.10707464282985715,0.6906077348066298,medium,0.5198
109241612,0,0.592,8,0.5942705931978902,0.5,171.42,171.42,174.9,,0.0,0.48987246811702917,0.3076923076923077,0.8058065050143756,0.49994999499949994,0.16349606539842618,0.6906077348066298,medium,0.9423
23009275,0,1.0,7,0.391989241064839,0.0042,94.12,101.36,94.12,0.5925,0.0,1.0,0.23076923076923078,0.5315208651121639,0.0041004100410041,0.08967453586981436,0.7790055248618785,low,1.0
28892618,0,0.5976,10,0.391989241064839,0.0042,89.53,97.46,89.53,,0.0,0.49687421855463865,0.46153846153846156,0.5315208651121639,0.0041004100410041,0.08529108411643366,0.6906077348066298,medium,0.9668
27924886,0,0.3817,6,0.6580208902380333,0.3911,105.35,108.84,105.35,0.5925,0.0,0.2269317329332333,0.15384615384615385,0.8922494263871297,0.39103910391039104,0.10039919015967606,0.7790055248618785,medium,0.8612
148098773,0,0.3787,7,0.5069381673426326,0.5523,123.38,125.05,123.38,0.6925,0.0,0.22318079519879966,0.23076923076923078,0.6873871348780421,0.5522552255225522,0.11761784704713883,1.0,medium,0.9998
109241645,0,0.4154,9,0.5971267476908737,0.4272,68.2,68.2,182.11,0.5925,0.0,0.2690672668167042,0.38461538461538464,0.8096793393340328,0.4271427142714272,0.0649209259683704,0.7790055248618785,medium,0.9495
450248461,0,0.4531,10,0.35378999340960793,0.1744,12.8,12.8,161.18,0.4825,0.0,0.3162040510127532,0.46153846153846156,0.4797241721574594,0.17431743174317432,0.012013904805561923,0.5359116022099447,medium,0.9999
1412277345,0,0.4761,10,0.3251545092344861,0.2524,16.72,16.72,164.02,0.4825,0.0,0.3449612403100775,0.46153846153846156,0.44089557022228565,0.25232523252325234,0.015757506303002523,0.5359116022099447,medium,0.9997
27889638,0,0.2863,6,0.6450292808464522,0.0426,142.45,144.42,142.45,0.6925,0.0,0.10765191297824457,0.15384615384615385,0.8746333097369622,0.0425042504250425,0.13582970433188174,1.0,medium,0.9994
1126436307,0,0.5798,7,0.5140774718095366,0.2356,131.81,138.15,131.81,0.5925,0.0,0.4746186546636659,0.23076923076923078,0.6970677538451996,0.23552355235523553,0.12566850026740012,0.7790055248618785,medium,0.9987
27889632,0,0.4751,7,0.48255948824925726,0.5101,69.69,69.69,73.24,0.5925,0.0,0.343710927731933,0.23076923076923078,0.654330594942028,0.51005100510051,0.06634387653755063,0.7790055248618785,medium,0.9999
27924886,0,0.8007,6,0.16555706103863432,0.2379,97.76,99.27,97.76,0.5925,0.0,0.750812703175794,0.15384615384615385,0.22448764263256918,0.23782378237823784,0.09315073726029492,0.7790055248618785,low,1.0
109241570,0,0.3295,8,0.6209701535033085,0.5,151.02,151.02,153.03,,0.0,0.16166541635408854,0.3076923076923077,0.8420100695360445,0.49994999499949994,0.14401405760562308,0.6906077348066298,high,0.9899
106431210,0,1.0,6,0.32737895648930715,1.0,255.01,255.01,259.03,0.455,0.0,1.0,0.15384615384615385,0.44391183411553864,1.0,0.24332454732981895,0.4751381215469614,medium,0.9778
106431175,0,1.0,5,0.32151918565431065,0.5,312.47,312.47,312.52,0.38,0.0,1.0,0.07692307692307693,0.43596621294873844,0.49994999499949994,0.29819886927954775,0.3093922651933702,medium,0.9254
110102638,0,1.0,5,0.2885345452014569,0.2067,359.28,363.89,359.28,0.535,0.0,1.0,0.07692307692307693,0.3912403243873226,0.20662066206620663,0.34290243716097485,0.6519337016574587,low,0.9982
"[148269499, 246292540]",0,1.0,6,0.2425210725460212,1.0,68.22,68.22,76.64,0.34,0.0,1.0,0.15384615384615385,0.32884784649288124,1.0,0.0649400259760104,0.22099447513812162,medium,0.6856
827668600,0,1.0,6,0.016190720374233015,1.0,292.59,294.02,292.59,0.515,0.0,1.0,0.15384615384615385,0.021952698620332552,1.0,0.27921346168538463,0.6077348066298343,low,0.999
362807537,0,0.5392,6,0.44454144387797623,0.5,83.36,90.05,83.36,,0.0,0.42385596399099773,0.15384615384615385,0.6027796065872114,0.49994999499949994,0.07939873175949272,0.6906077348066298,medium,0.9995
28016720,0,0.5053,12,0.5661548119728735,0.5,110.53,110.53,116.73,,0.0,0.3814703675918979,0.6153846153846154,0.7676826000506503,0.49994999499949994,0.10534609213843688,0.6906077348066298,high,0.5912
28016720,0,0.6325,10,0.36593027051465643,0.5,119.8,119.8,119.81,,0.0,0.5405101275318829,0.46153846153846156,0.49618591536430795,0.49994999499949994,0.11419894567957828,0.6906077348066298,medium,0.9992
28797543,0,0.6418,12,0.42273680967834126,0.5,98.1,102.51,98.1,,0.0,0.5521380345086272,0.6153846153846154,0.5732133713351023,0.49994999499949994,0.09347543739017496,0.6906077348066298,medium,0.9999
28016707,0,0.6095,8,0.4189668750845822,0.5,168.09,168.09,169.93,0.5925,0.0,0.5117529382345587,0.3076923076923077,0.5681014867667287,0.49994999499949994,0.16031591412636567,0.7790055248618785,medium,0.9993
111417830,0,0.5903,7,0.39867432023145766,0.5,151.34,162.1,151.34,,0.0,0.48774693673418357,0.23076923076923078,0.5405855722523795,0.49994999499949994,0.14431965772786312,0.6906077348066298,medium,0.9995
"[28810232, 28016687]",0,0.7459,12,0.24848218840677447,0.5773,132.76,140.07,132.76,,0.0,0.6822955738934734,0.6153846153846154,0.3369308875698584,0.5772577257725773,0.12657575063030027,0.6906077348066298,medium,0.9578
28016687,0,0.753,12,0.042543054237480275,0.5922,87.04,93.68,87.04,,0.0,0.6911727931982995,0.6153846153846154,0.057685437601843866,0.5921592159215922,0.08291313316525328,0.6906077348066298,low,0.9877
28797501,0,0.718,12,0.2064655837742356,0.5,112.3,119.52,112.3,,0.0,0.6474118529632408,0.6153846153846154,0.27995800714055497,0.49994999499949994,0.10703644281457714,0.6906077348066298,medium,0.8016
111417855,0,0.7452,6,0.25990748251117346,0.5,176.09,181.5,176.09,0.5925,0.0,0.6814203550887721,0.15384615384615385,0.35242314165779226,0.49994999499949994,0.16795591718236688,0.7790055248618785,low,0.9585
255493306,0,0.8312,9,0.11898879825426263,0.5,185.95,193.86,185.95,,0.0,0.7889472368092022,0.38461538461538464,0.16134289091791656,0.49994999499949994,0.17737222094888838,0.6906077348066298,low,0.9952
28798449,0,0.8319,12,0.034387673823728315,0.5,175.94,177.97,175.94,,0.0,0.7898224556139033,0.6153846153846154,0.04662705920045475,0.49994999499949994,0.16781266712506687,0.6906077348066298,low,0.9957
28798449,0,0.6806,12,0.302883688643258,0.5,113.64,115.37,113.64,,0.0,0.6006501625406351,0.6153846153846154,0.41069720436899426,0.49994999499949994,0.10831614332645734,0.6906077348066298,medium,0.9957
111417982,0,0.8508,10,0.06404128384876223,0.5,180.26,181.36,180.26,,0.0,0.8134533633408352,0.46153846153846156,0.08683620015862469,0.49994999499949994,0.17193826877530752,0.6906077348066298,low,0.9989
28016750,0,0.6175,6,0.0791941273911826,0.5,142.12,156.53,142.12,0.5075,0.0,0.521755438859715,0.15384615384615385,0.1073828661935497,0.49994999499949994,0.1355145542058217,0.5911602209944751,low,0.8981
131699079,0,0.9184,6,0.0791941273911826,0.5,129.0,143.39,129.0,,0.0,0.8979744936234058,0.15384615384615385,0.1073828661935497,0.49994999499949994,0.12298494919397969,0.6906077348066298,low,1.0
28890204,0,0.8158,8,0.1440043319920206,0.321,190.41,190.41,194.05,,0.0,0.7696924231057762,0.3076923076923077,0.19526298096281203,0.3209320932093209,0.18163152265260907,0.6906077348066298,low,0.9987
111417855,0,0.7452,6,0.25990748251117346,0.5,176.09,181.5,176.09,0.5925,0.0,0.6814203550887721,0.15384615384615385,0.35242314165779226,0.49994999499949994,0.16795591718236688,0.7790055248618785,low,0.9585
28797431,0,0.6434,9,0.2895476674866253,0.5,89.35,98.47,89.35,,0.0,0.5541385346336584,0.38461538461538464,0.39261407877128496,0.49994999499949994,0.08511918404767363,0.6906077348066298,medium,0.9419
362807537,0,0.5392,6,0.44454144387797623,0.5,83.36,90.05,83.36,,0.0,0.42385596399099773,0.15384615384615385,0.6027796065872114,0.49994999499949994,0.07939873175949272,0.6906077348066298,medium,0.9995
27889653,0,0.5622,7,0.4006459878632932,0.5,281.97,288.87,281.97,,0.0,0.4526131532883221,0.23076923076923078,0.5432590768160468,0.49994999499949994,0.26907135762854306,0.6906077348066298,medium,0.9993
93519938,0,0.6841,7,0.3297091322829807,0.5,238.66,245.64,238.66,,0.0,0.605026256564141,0.23076923076923078,0.4470714617921027,0.49994999499949994,0.22771029108411645,0.6906077348066298,medium,0.9937
28016702,0,0.375,6,0.6622682529648181,0.5,159.82,169.01,159.82,,0.0,0.2185546386596649,0.15384615384615385,0.8980086849204949,0.49994999499949994,0.1524180609672244,0.6906077348066298,high,0.9664
678680824,0,0.531,9,0.5294042916935583,0.5,41.13,50.5,41.13,,0.0,0.4136034008502126,0.38461538461538464,0.7178503250274888,0.49994999499949994,0.03906906562762626,0.6906077348066298,medium,0.999
28016750,0,0.7939,7,0.006852927059377055,0.5,193.5,207.81,193.5,0.5075,0.0,0.7423105776444112,0.23076923076923078,0.00929101434923272,0.49994999499949994,0.18458247383298956,0.5911602209944751,low,0.9994
112478180,0,0.6383,6,0.42118695643171505,0.5,90.55,98.0,90.55,,0.0,0.5477619404851212,0.15384615384615385,0.5711118306590949,0.49994999499949994,0.08626518450607382,0.6906077348066298,medium,0.9852
112478175,0,0.8668,7,0.03912255777077518,0.5,9.1,9.1,11.23,,0.0,0.8334583645911479,0.23076923076923078,0.0530473775322416,0.49994999499949994,0.008480403392161356,0.6906077348066298,low,1.0
553116321,0,0.9966,6,0.03929041591574176,0.5,36.4,36.4,38.37,0.5075,0.0,0.9957489372343085,0.15384615384615385,0.053274986643113434,0.49994999499949994,0.03455191382076553,0.5911602209944751,low,1.0
121390074,0,0.9337,9,0.2739538302174551,0.5,66.22,67.22,66.22,,0.0,0.9171042760690172,0.38461538461538464,0.3714694424081071,0.49994999499949994,0.0630300252120101,0.6906077348066298,low,0.9992
131699060,0,0.8182,10,0.0006532112562246383,0.5,54.16,54.16,56.1,,0.0,0.7726931732933234,0.46153846153846156,0.0008844410376156899,0.49994999499949994,0.05151272060508825,0.6906077348066298,low,1.0
364707431,0,0.6818,10,0.40415437202164994,0.5,144.38,145.37,144.38,0.63,0.0,0.6021505376344085,0.46153846153846156,0.5480163091745921,0.49994999499949994,0.13767285506914204,0.861878453038674,medium,0.987
27889669,0,0.8809,10,0.04181450173531483,0.5,90.28,90.28,101.37,0.5125,0.0,0.8510877719429858,0.46153846153846156,0.05669754876705217,0.49994999499949994,0.08600733440293377,0.6022099447513811,low,0.9999
27889669,0,0.8761,10,0.0561436150773274,0.5,147.09,147.09,150.79,0.5125,0.0,0.8450862715678918,0.46153846153846156,0.07612726871306129,0.49994999499949994,0.14026090610436245,0.6022099447513811,low,0.9992
112478147,0,0.6787,10,0.35631475556268494,0.5,91.51,106.92,91.51,0.6925,0.0,0.5982745686421604,0.46153846153846156,0.4831476513633039,0.49994999499949994,0.08718198487279397,1.0,low,0.7336
625908050,0,0.977,7,2.498644284607639e-05,0.5,200.03,200.03,201.09,,0.0,0.9712428107026755,0.23076923076923078,3.2592643668595416e-05,0.49994999499949994,0.19081862632745056,0.6906077348066298,low,1.0
6276366,0,0.95,9,0.04404355996869851,0.5,222.18,222.18,229.13,,0.0,0.9374843710927732,0.38461538461538464,0.05972006496775855,0.49994999499949994,0.21197188478875395,0.6906077348066298,low,1.0
28812771,0,1.0,9,0.0628248394058528,0.5,313.06,320.44,313.06,,0.0,1.0,0.38461538461538464,0.085186748842868,0.49994999499949994,0.2987623195049278,0.6906077348066298,low,0.9998
1020974586,0,0.9655,9,0.0628248394058528,0.5,363.51,370.96,363.51,0.5575,0.0,0.9568642160540135,0.38461538461538464,0.085186748842868,0.49994999499949994,0.3469420887768355,0.7016574585635359,low,0.9983
28016786,0,0.8561,8,0.22433039790929946,0.5,57.28,61.75,57.28,,0.0,0.8200800200050011,0.3076923076923077,0.30418199973848375,0.49994999499949994,0.05449232179692873,0.6906077348066298,low,0.9994
112478189,0,0.615,6,0.22833450313139209,0.5,60.88,60.88,62.61,0.5075,0.0,0.5186296574143535,0.15384615384615385,0.30961141056403074,0.49994999499949994,0.057930323172129275,0.5911602209944751,medium,0.5333
28810232,0,0.5773,12,0.4957725882247052,0.5,74.48,74.48,75.48,,0.0,0.4714928732183046,0.6153846153846154,0.6722470442026294,0.49994999499949994,0.07091832836733136,0.6906077348066298,medium,0.9959
28797514,0,0.5953,12,0.5248465451390881,0.5,69.0,69.0,73.93,,0.0,0.4939984996249063,0.6153846153846154,0.7116701981051481,0.49994999499949994,0.06568492627397052,0.6906077348066298,medium,0.9931
28810232,0,0.5778,12,0.5311032809769465,0.5,97.11,97.11,98.28,,0.0,0.4721180295073768,0.6153846153846154,0.7201540883643811,0.49994999499949994,0.09252998701199482,0.6906077348066298,medium,0.9669
553116327,0,0.8212,7,0.00858099528339943,0.5,39.63,39.63,39.89,0.5075,0.0,0.7764441110277569,0.23076923076923078,0.01163420759775763,0.49994999499949994,0.03763656505462603,0.5911602209944751,low,1.0
27889544,0,0.8452,10,0.013784982204723047,0.5,80.32,86.46,80.32,,0.0,0.8064516129032258,0.46153846153846156,0.018690611303320788,0.49994999499949994,0.07649553059821224,0.6906077348066298,low,1.0
27889669,0,0.8624,10,0.06485278013902376,0.5,191.65,192.58,191.65,0.5125,0.0,0.8279569892473119,0.46153846153846156,0.08793655754157441,0.49994999499949994,0.18281572312628927,0.6022099447513811,low,0.9946
27889669,0,0.9559,10,0.06485278013902376,0.5,200.55,209.21,200.55,0.5125,0.0,0.9448612153038259,0.46153846153846156,0.08793655754157441,0.49994999499949994,0.19131522652609065,0.6022099447513811,low,0.9996
28797596,0,0.8702,6,0.05116631701583309,0.457,59.63,59.63,60.65,0.5925,0.0,0.8377094273568391,0.15384615384615385,0.06937824627779973,0.456945694569457,0.05673657269462909,0.7790055248618785,low,1.0
177313896,0,1.0,6,0.1544551659365853,0.0987,70.43,70.43,72.13,0.5925,0.0,1.0,0.15384615384615385,0.20943390500385375,0.0986098609860986,0.06705057682023075,0.7790055248618785,low,1.0
131699060,0,0.8182,10,0.0006532112562246383,0.5,54.16,54.16,56.1,,0.0,0.7726931732933234,0.46153846153846156,0.0008844410376156899,0.49994999499949994,0.05151272060508825,0.6906077348066298,low,1.0
131699060,0,0.7492,10,0.0006532112562246383,0.5,6.71,6.71,16.73,,0.0,0.6864216054013502,0.46153846153846156,0.0008844410376156899,0.49994999499949994,0.006197952479180992,0.6906077348066298,low,1.0
28798423,0,0.6751,8,0.2744550996282253,0.5,138.03,145.87,138.03,,0.0,0.5937734433608403,0.3076923076923077,0.37214914421772355,0.49994999499949994,0.13160860264344107,0.6906077348066298,medium,0.8593
112478180,0,0.6383,6,0.42118695643171505,0.5,90.55,98.0,90.55,,0.0,0.5477619404851212,0.15384615384615385,0.5711118306590949,0.49994999499949994,0.08626518450607382,0.6906077348066298,medium,0.9852
553116327,0,0.8324,7,0.00858099528339943,0.5,49.84,50.07,49.84,0.5075,0.0,0.7904476119029757,0.23076923076923078,0.01163420759775763,0.49994999499949994,0.04738711895484759,0.5911602209944751,low,1.0
249524758,0,0.7907,8,0.13181622921979758,0.5,143.39,143.39,149.09,,0.0,0.7383095773943485,0.3076923076923077,0.17873638801283895,0.49994999499949994,0.13672740469096187,0.6906077348066298,low,0.997
249524760,0,0.9703,8,0.19583641776263294,0.5,87.89,87.89,120.06,,0.0,0.9628657164291072,0.3076923076923077,0.265545271757999,0.49994999499949994,0.08372488348995341,0.6906077348066298,low,1.0
28798449,0,0.7362,11,0.12096309317083785,0.5,77.51,78.27,77.51,,0.0,0.6701675418854713,0.5384615384615384,0.16401995797742647,0.49994999499949994,0.07381197952479182,0.6906077348066298,low,0.973
121390092,0,0.8978,8,0.015500529067838782,0.5,60.58,60.58,69.85,,0.0,0.8722180545136283,0.3076923076923077,0.021016826073837182,0.49994999499949994,0.05764382305752923,0.6906077348066298,low,1.0
28798423,0,0.8341,7,0.24588753758266255,0.5,166.61,173.58,166.61,,0.0,0.7925731432858213,0.23076923076923078,0.333412642046434,0.49994999499949994,0.15890251356100546,0.6906077348066298,low,0.9815
625908050,0,0.7275,7,0.19583641776263294,0.5,124.62,130.17,124.62,,0.0,0.659289822455614,0.23076923076923078,0.265545271757999,0.49994999499949994,0.11880204752081902,0.6906077348066298,low,0.9679
27889546,0,0.7936,12,0.11309963726932241,0.5,84.46,86.49,84.46,,0.0,0.7419354838709676,0.6153846153846154,0.15335741785177356,0.49994999499949994,0.08044923217969288,0.6906077348066298,low,0.9885
27889546,0,0.7768,10,0.12898418302169185,0.5,39.33,40.26,39.33,,0.0,0.7209302325581395,0.46153846153846156,0.17489624360264575,0.49994999499949994,0.037350064940025976,0.6906077348066298,low,0.9985
112478120,0,0.8802,10,0.020690752004866402,0.5,55.3,55.64,55.3,,0.0,0.8502125531382845,0.46153846153846156,0.02805456635244367,0.49994999499949994,0.05260142104056842,0.6906077348066298,low,1.0
4827127,0,1.0,6,0.037355026245227706,0.5,252.31,254.4,252.31,0.565,0.0,1.0,0.15384615384615385,0.05065067358291642,0.49994999499949994,0.24074604629841856,0.7182320441988949,low,1.0
306180385,0,1.0,6,0.037355026245227706,0.5,265.94,268.07,265.94,0.3,0.0,1.0,0.15384615384615385,0.05065067358291642,0.49994999499949994,0.2537627015050806,0.13259668508287292,low,0.9577
67625623,0,0.9128,7,0.0010418301335063326,0.1213,93.66,93.66,101.46,0.5075,0.0,0.8909727431857962,0.23076923076923078,0.0014113931086260567,0.12121212121212122,0.08923523569409428,0.5911602209944751,low,1.0
30818527,0,0.7995,9,0.1514791628825169,0.0922,87.48,92.08,87.48,0.5525,0.0,0.7493123280820204,0.38461538461538464,0.20539856070034535,0.09210921092109212,0.08333333333333334,0.6906077348066298,low,1.0
115489483,0,0.7986,10,0.12250990075242232,0.5,124.51,132.84,124.51,0.4725,0.0,0.7481870467616905,0.46153846153846156,0.16611736885018663,0.49994999499949994,0.11869699747879901,0.5138121546961325,low,0.8552
196678825,0,0.8159,10,0.16623073579621167,0.5,82.58,91.25,82.58,0.5525,0.0,0.7698174543635907,0.46153846153846156,0.22540111938175827,0.49994999499949994,0.0786538314615326,0.6906077348066298,low,0.9955
30818528,0,1.0,6,0.1490585786043135,0.6372,20.7,20.7,22.08,0.405,0.0,1.0,0.15384615384615385,0.20211634263781458,0.6371637163716372,0.01955840782336313,0.3646408839779006,low,0.9999
28797339,0,0.5919,8,0.1593551078219309,0.3462,125.76,135.86,125.76,0.5925,0.0,0.48974743685921474,0.3076923076923077,0.216078035475266,0.34613461346134616,0.1198907479562992,0.7790055248618785,low,0.9296
95001785,0,0.7355,6,0.3936672409726343,0.3462,100.67,110.84,100.67,,0.0,0.6692923230807702,0.15384615384615385,0.5337961676727417,0.34613461346134616,0.09592978837191536,0.6906077348066298,low,0.683
28797342,0,0.5504,7,0.3318121220548612,0.3709,65.3,73.81,65.3,,0.0,0.4378594648662165,0.23076923076923078,0.4499230340660939,0.3708370837083709,0.06215142486056995,0.6906077348066298,medium,0.9585
"[558473738, 558473734]",0,0.3192,9,0.3260861371425607,0.5,136.81,146.44,136.81,0.5525,0.0,0.14878719679919977,0.38461538461538464,0.44215882140299223,0.49994999499949994,0.1304435021774009,0.6906077348066298,medium,0.9983
28797327,0,0.4576,6,0.4944288377659802,0.5,156.79,156.79,185.4,,0.0,0.3218304576144036,0.15384615384615385,0.6704249708846803,0.49994999499949994,0.14952440980976392,0.6906077348066298,medium,0.9964
1388114347,0,0.9278,6,0.01228066036494561,0.4685,77.2,77.2,82.19,0.5925,0.0,0.9097274318579645,0.15384615384615385,0.01665080944273787,0.46844684468446846,0.07351592940637178,0.7790055248618785,low,1.0
31277705,0,0.8051,8,0.11366532653601201,0.4182,66.55,66.55,67.5,0.5725,0.0,0.7563140785196298,0.3076923076923077,0.15412447047854122,0.41814181418141816,0.06334517533807014,0.7348066298342542,low,1.0
120201477,0,0.8163,6,0.02105871738737651,0.3535,73.38,73.38,74.04,0.5725,0.0,0.7703175793948488,0.15384615384615385,0.028553513088459465,0.3534353435343534,0.06986782794713119,0.7348066298342542,low,1.0
810673586,0,0.6755,10,0.3586389175256774,0.0808,42.06,42.06,46.3,0.5525,0.0,0.594273568392098,0.46153846153846156,0.4862991245195465,0.0807080708070807,0.0399572159828864,0.6906077348066298,low,0.6342
810673587,0,0.6251,10,0.3130003410583284,0.1821,58.27,58.27,62.37,0.5525,0.0,0.5312578144536133,0.46153846153846156,0.42441499126370846,0.18201820182018205,0.05543777217510888,0.6906077348066298,medium,0.7363
335654454,0,0.2866,10,0.6514578956721682,0.117,101.33,101.33,105.26,0.5525,0.0,0.10802700675168796,0.46153846153846156,0.8833502612135202,0.11691169116911691,0.09656008862403546,0.6906077348066298,high,0.9221
"[27924912, 1388114343]",0,0.5646,10,0.33901365568235126,0.0234,85.27,85.27,87.41,0.5725,0.0,0.45561390347586894,0.46153846153846156,0.459688033352801,0.0233023302330233,0.08122278248911301,0.7348066298342542,medium,0.8842
1388114345,0,0.5788,10,0.37345256406302396,0.0443,83.05,83.05,86.99,0.5525,0.0,0.4733683420855213,0.46153846153846156,0.5063858526184803,0.0442044204420442,0.07910268164107266,0.6906077348066298,medium,0.9732
1318313666,0,1.0,6,0.022855530663054607,0.5,134.14,134.14,134.15,0.535,0.0,1.0,0.15384615384615385,0.03098992195120025,0.49994999499949994,0.12789365115746046,0.6519337016574587,low,1.0
1388227077,0,0.9181,6,0.01357805864586138,1.0,199.36,208.26,199.36,0.5575,0.0,0.8975993998499624,0.15384615384615385,0.01841003101178762,1.0,0.19017877607151046,0.7016574585635359,low,0.9999
120939160,0,0.8832,7,0.021776132223652066,1.0,191.76,200.0,191.76,0.5525,0.0,0.8539634908727182,0.23076923076923078,0.029526299681826462,1.0,0.1829207731683093,0.6906077348066298,low,0.9987
1388227074,0,0.8472,6,0.021776132223652066,1.0,172.02,177.73,172.02,0.5575,0.0,0.8089522380595149,0.15384615384615385,0.029526299681826462,1.0,0.16406906562762627,0.7016574585635359,low,0.9993
120939167,0,0.7782,10,0.0058822139474671185,1.0,205.51,217.05,205.51,0.5925,0.0,0.7226806701675419,0.46153846153846156,0.00797476515347613,1.0,0.19605202842081138,0.7790055248618785,low,0.9235
1388227072,0,0.9177,7,0.01357805864586138,1.0,202.84,213.89,202.84,0.5575,0.0,0.8970992748187047,0.23076923076923078,0.01841003101178762,1.0,0.19350217740087097,0.7016574585635359,low,0.9996
1388227075,0,1.0,7,0.0058822139474671185,1.0,217.6,229.54,217.6,0.5575,0.0,1.0,0.23076923076923078,0.00797476515347613,1.0,0.20759798303919325,0.7016574585635359,low,1.0
120939171,0,1.0,9,0.0058822139474671185,1.0,214.26,226.22,214.26,0.5925,0.0,1.0,0.38461538461538464,0.00797476515347613,1.0,0.20440828176331272,0.7790055248618785,low,0.9999
1388227073,0,0.9978,8,0.0058822139474671185,0.0001,235.77,242.97,235.77,0.5575,0.0,0.997249312328082,0.3076923076923077,0.00797476515347613,0.0,0.22495033998013603,0.7016574585635359,low,1.0
1388122048,0,1.0,10,0.0005619363239410496,0.5,7.89,61.95,7.89,0.6525,0.0,1.0,0.46153846153846156,0.0007606757822204816,0.49994999499949994,0.007324852929941172,0.9116022099447513,low,1.0
1388122048,0,0.9897,11,0.0005619363239410496,0.5,37.96,37.96,38.39,0.6525,0.0,0.9871217804451113,0.5384615384615384,0.0007606757822204816,0.49994999499949994,0.03604171441668577,0.9116022099447513,low,1.0
1388122049,0,0.7411,9,0.19372701092782654,0.6891,107.0,109.0,107.0,0.6925,0.0,0.6762940735183794,0.38461538461538464,0.26268499819645785,0.6890689068906891,0.10197494078997633,1.0,low,0.9984
1388122050,0,0.8779,14,0.017297823495184234,0.5033,42.22,44.54,42.22,0.6525,0.0,0.847336834208552,0.7692307692307693,0.023453887359510577,0.5032503250325032,0.04011001604400642,0.9116022099447513,low,1.0
120939161,0,0.9063,8,0.03685442134494288,0.504,45.59,48.95,45.59,0.5925,0.0,0.8828457114278568,0.3076923076923077,0.049971872823652695,0.503950395039504,0.04332836733134694,0.7790055248618785,low,1.0
238733141,0,0.6842,11,0.18715620777875447,0.4081,78.1,89.62,78.1,0.6525,0.0,0.6051512878219555,0.5384615384615384,0.2537752448879608,0.40804080408040805,0.0743754297501719,0.9116022099447513,low,0.9931
28890297,0,1.0,14,0.08298089211673741,0.5,159.71,161.78,159.71,0.6525,0.0,1.0,0.7692307692307693,0.11251757176554303,0.49994999499949994,0.15231301092520438,0.9116022099447513,low,1.0
28890297,0,0.8101,10,0.10430531178602608,0.6684,179.02,186.17,179.02,0.6525,0.0,0.7625656414103527,0.46153846153846156,0.14143265480635128,0.6683668366836684,0.17075406830162734,0.9116022099447513,low,0.999
1388122049,0,0.799,9,0.18096618617865254,0.5,165.67,168.75,165.67,0.6925,0.0,0.7486871717929482,0.38461538461538464,0.24538181653834354,0.49994999499949994,0.15800481320192528,1.0,low,0.9998
27162459,0,1.0,7,0.0013458618076841265,0.5,123.25,123.25,127.33,,0.0,1.0,0.23076923076923078,0.001823648224696004,0.49994999499949994,0.11749369699747882,0.6906077348066298,low,1.0
128915767,0,1.0,13,0.33970277472735017,0.5,24.75,24.75,29.53,,0.0,1.0,0.6923076923076923,0.460622451954581,0.49994999499949994,0.023426159370463752,0.6906077348066298,low,0.9903
128915767,0,0.8494,11,0.16401045104144968,0.5,92.14,92.14,103.46,,0.0,0.8117029257314328,0.5384615384615384,0.22239049967656443,0.49994999499949994,0.08778363511345405,0.6906077348066298,low,0.9951
261435168,0,0.7234,9,0.09735035840347213,0.5,55.33,55.33,57.79,0.5075,0.0,0.6541635408852214,0.38461538461538464,0.13200200873389917,0.49994999499949994,0.052630071052028424,0.5911602209944751,low,0.989
28797692,0,0.6177,9,0.2667791154037872,0.2633,224.81,233.5,224.81,,0.0,0.5220055013753438,0.38461538461538464,0.3617408083890484,0.2632263226322632,0.21448353579341434,0.6906077348066298,medium,0.987
23015299,0,0.7586,11,0.061223270122136665,0.5,171.63,175.7,171.63,,0.0,0.6981745436359089,0.5384615384615384,0.08301508323355933,0.49994999499949994,0.1636966154786462,0.6906077348066298,low,0.9695
196329721,0,0.6988,10,0.3273082353397749,0.5,69.75,78.95,69.75,,0.0,0.6234058514628656,0.46153846153846156,0.4438159389895197,0.49994999499949994,0.06640117656047063,0.6906077348066298,medium,0.9317
196329723,0,0.7816,11,0.24293837879272442,0.5,141.66,151.36,141.66,,0.0,0.7269317329332331,0.5384615384615384,0.32941369752020133,0.49994999499949994,0.13507525403010162,0.6906077348066298,medium,0.6155
417107557,0,0.6679,10,0.19940845027294155,0.5,5.36,5.36,11.29,0.4875,0.0,0.5847711927981996,0.46153846153846156,0.27038880880434557,0.49994999499949994,0.004908701963480786,0.5469613259668508,medium,0.642
417107557,0,0.6964,13,0.20190003989978647,0.5,21.24,21.24,23.85,0.4875,0.0,0.6204051012753188,0.6923076923076923,0.2737673073558253,0.49994999499949994,0.020074108029643215,0.5469613259668508,medium,0.9506
260660823,0,0.6747,7,0.269487680202536,0.3317,136.21,136.81,136.21,,0.0,0.5932733183295823,0.23076923076923078,0.36541351682809803,0.33163316331633164,0.1298705019482008,0.6906077348066298,low,0.7127
260660837,0,0.6252,7,0.10223380750256776,0.2752,164.0,164.0,164.11,,0.0,0.5313828457114278,0.23076923076923078,0.13862377562912087,0.2751275127512751,0.15640996256398504,0.6906077348066298,low,0.9854
28892534,0,0.6136,10,0.324653592602872,0.2398,92.3,99.47,92.3,,0.0,0.5168792198049512,0.46153846153846156,0.4402163467674733,0.23972397239723975,0.08793643517457407,0.6906077348066298,medium,0.9615
417107556,0,0.5579,7,0.4206665893165703,0.1381,92.38,110.41,92.38,0.5925,0.0,0.44723680920230047,0.23076923076923078,0.5704062331057046,0.13801380138013802,0.08801283520513409,0.7790055248618785,medium,0.9204
196330136,0,0.6389,7,0.3146579875455554,0.2149,65.61,79.79,65.61,0.6925,0.0,0.548512128032008,0.23076923076923078,0.42666269537823137,0.21482148214821484,0.062447474978989996,1.0,low,0.9993
129144273,0,0.6443,10,0.3729538985962602,0.5,303.85,307.79,303.85,0.5525,0.0,0.5552638159539884,0.46153846153846156,0.5057096816555807,0.49994999499949994,0.2899667659867064,0.6906077348066298,medium,0.999
326028263,0,0.8346,11,0.04810321021285437,0.5,331.55,337.39,331.55,0.5525,0.0,0.7931982995748937,0.5384615384615384,0.06522479268119132,0.49994999499949994,0.31642027656811067,0.6906077348066298,low,0.8509
129144263,0,0.7153,6,0.3822326135372443,0.638,70.83,78.93,70.83,0.5925,0.0,0.6440360090022507,0.15384615384615385,0.5182912579512743,0.637963796379638,0.06743257697303079,0.7790055248618785,low,0.5342
28797340,0,0.4094,6,0.5714111202785122,0.5,249.41,249.41,249.64,0.5925,0.0,0.2615653913478369,0.15384615384615385,0.7748099495167894,0.49994999499949994,0.2379765451906181,0.7790055248618785,medium,0.5278
129144256,0,0.4534,8,0.5253843565731284,0.5,305.95,310.18,305.95,0.5925,0.0,0.3165791447861966,0.3076923076923077,0.7123994494759588,0.49994999499949994,0.2919722667889067,0.7790055248618785,high,0.6483
129144263,0,0.7153,6,0.3822326135372443,0.638,70.83,78.93,70.83,0.5925,0.0,0.6440360090022507,0.15384615384615385,0.5182912579512743,0.637963796379638,0.06743257697303079,0.7790055248618785,low,0.5342
196330136,0,0.4643,7,0.5317062402374287,0.5888,91.98,103.93,91.98,0.6925,0.0,0.33020755188797196,0.23076923076923078,0.7209716776520361,0.5887588758875888,0.08763083505233403,1.0,medium,0.9998
261164076,0,0.5036,8,0.3543994754247539,0.5,65.11,65.11,65.56,,0.0,0.3793448362090523,0.3076923076923077,0.4805506060465469,0.49994999499949994,0.06196997478798992,0.6906077348066298,medium,0.9994
129799367,0,0.5134,7,0.5141216570298903,0.5,31.07,35.26,31.07,,0.0,0.39159789947486867,0.23076923076923078,0.6971276672841358,0.49994999499949994,0.029461761784704717,0.6906077348066298,medium,0.9999
261164076,0,0.5906,6,0.4784346681693548,0.5,12.42,12.42,13.45,,0.0,0.48812203050762687,0.15384615384615385,0.6487374994679908,0.49994999499949994,0.011651004660401865,0.6906077348066298,medium,0.9945
129799373,0,0.5507,6,0.5281162156058318,0.5,45.84,48.5,45.84,,0.0,0.4382345586396599,0.15384615384615385,0.716103743989547,0.49994999499949994,0.04356711742684698,0.6906077348066298,medium,0.9998
1118852830,0,0.4104,7,0.5063276672452367,0.5,65.43,69.55,65.43,,0.0,0.26281570392598147,0.23076923076923078,0.6865593205090514,0.49994999499949994,0.062275574910229975,0.6906077348066298,medium,0.997
1118852830,0,0.3738,9,0.5441849964598667,0.5,71.39,75.39,71.39,,0.0,0.2170542635658915,0.38461538461538464,0.7378923853671189,0.49994999499949994,0.06796737718695088,0.6906077348066298,medium,0.7654
129799367,0,0.4293,7,0.553789793871605,0.5,46.52,49.46,46.52,,0.0,0.28644661165291324,0.23076923076923078,0.7509161168007357,0.49994999499949994,0.04421651768660708,0.6906077348066298,medium,0.9933
27880376,0,0.5202,7,0.36657480710012746,0.5,62.07,62.07,62.3,,0.0,0.4001000250062515,0.23076923076923078,0.49705988188629374,0.49994999499949994,0.05906677362670946,0.6906077348066298,medium,0.9981
27889356,0,0.3559,10,0.5316689393027471,0.5,56.09,71.01,56.09,,0.0,0.19467366841710426,0.46153846153846156,0.7209210990365076,0.49994999499949994,0.053355871342348545,0.6906077348066298,medium,0.6712
27889356,0,0.4143,12,0.5350816724982225,0.5,68.7,100.55,68.7,,0.0,0.2676919229807452,0.6153846153846154,0.7255486324124997,0.49994999499949994,0.06539842615937047,0.6906077348066298,high,0.5556
129799364,0,0.5377,10,0.5563303924666116,0.5,94.0,101.66,94.0,,0.0,0.4219804951237809,0.46153846153846156,0.7543610696054199,0.49994999499949994,0.08955993582397434,0.6906077348066298,medium,0.9662
27880376,0,0.3344,7,0.5570056846144658,0.5,116.74,116.74,118.8,,0.0,0.16779194798699673,0.23076923076923078,0.755276739472869,0.49994999499949994,0.11127664451065782,0.6906077348066298,medium,0.538
30912495,0,0.8514,9,0.152038813879918,0.5,86.17,86.17,95.87,,0.0,0.8142035508877219,0.38461538461538464,0.20615742566899112,0.49994999499949994,0.08208228283291315,0.6906077348066298,low,0.9996
27880376,0,0.5213,7,0.45847472824972146,0.5,74.34,74.34,76.37,,0.0,0.4014753688422105,0.23076923076923078,0.621672597856767,0.49994999499949994,0.07078462831385134,0.6906077348066298,medium,0.9999
129799364,0,0.5377,10,0.5563303924666116,0.5,94.0,101.66,94.0,,0.0,0.4219804951237809,0.46153846153846156,0.7543610696054199,0.49994999499949994,0.08955993582397434,0.6906077348066298,medium,0.9662
23198640,0,0.4079,6,0.4932394217654014,0.5,52.08,52.08,53.54,,0.0,0.2596899224806201,0.15384615384615385,0.6688121690846702,0.49994999499949994,0.04952631981052793,0.6906077348066298,medium,0.9995
261164074,0,0.3952,6,0.5602238914110329,0.4636,79.59,79.59,84.44,0.5925,0.0,0.24381095273818454,0.15384615384615385,0.7596405026236782,0.46354635463546356,0.07579838031935214,0.7790055248618785,medium,0.9975
27889343,0,0.3692,6,0.6773815513935934,0.4622,217.53,217.53,223.02,0.5925,0.0,0.21130282570642656,0.15384615384615385,0.9185017293205694,0.46214621462146216,0.20753113301245324,0.7790055248618785,high,0.9761
"[129799370, 129799383]",0,0.4564,6,0.5519934006853636,0.5,163.26,163.26,167.43,,0.0,0.3203300825206301,0.15384615384615385,0.7484802775629196,0.49994999499949994,0.15570326228130493,0.6906077348066298,medium,0.9568
28875344,0,0.4584,6,0.4873858580066077,0.5,139.99,139.99,142.14,,0.0,0.3228307076769192,0.15384615384615385,0.6608749644715971,0.49994999499949994,0.13348040339216138,0.6906077348066298,medium,0.9984
311235392,0,0.704,10,0.3494305746578165,0.5,37.1,37.59,37.1,,0.0,0.6299074768692173,0.46153846153846156,0.47381297001584866,0.49994999499949994,0.03522041408816564,0.6906077348066298,medium,0.902
311235392,0,0.528,10,0.41989745369085907,0.5,3.04,3.04,6.77,,0.0,0.40985246311577894,0.46153846153846156,0.5693633151350405,0.49994999499949994,0.002693101077240431,0.6906077348066298,medium,0.9998
731886505,0,0.6672,9,0.29785529551596845,0.5,59.65,66.16,59.65,,0.0,0.5838959739934984,0.38461538461538464,0.4038788990133364,0.49994999499949994,0.05675567270226908,0.6906077348066298,medium,0.8173
28875473,0,1.0,6,0.05609719318776203,0.5,280.62,287.83,280.62,0.5075,0.0,1.0,0.15384615384615385,0.07606432243773417,0.49994999499949994,0.26778210711284284,0.5911602209944751,low,1.0
177313884,0,0.2899,8,0.6319430265646068,0.4917,216.68,221.45,216.68,0.5925,0.0,0.11215303825956488,0.3076923076923077,0.8568888582995499,0.4916491649164917,0.2067193826877531,0.7790055248618785,high,0.9982
129799376,0,0.4606,6,0.5411103614968114,0.4115,285.0,289.92,285.0,,0.0,0.32558139534883723,0.15384615384615385,0.7337233000341681,0.4114411441144114,0.2719650087860035,0.6906077348066298,medium,0.7196
146526948,0,0.6446,11,0.38944329195304594,0.501,127.07,133.77,127.07,0.4875,0.0,0.5556389097274318,0.5384615384615384,0.5280686572149806,0.5009500950095009,0.1211417984567194,0.5469613259668508,medium,0.9997
129848171,0,0.7329,9,0.22609805826868906,0.6269,128.93,136.56,128.93,,0.0,0.6660415103775943,0.38461538461538464,0.3065788783814841,0.6268626862686268,0.12291809916723968,0.6906077348066298,medium,0.6212
146526948,0,0.6659,12,0.2578078744900439,0.5,169.78,177.33,169.78,0.4875,0.0,0.5822705676419105,0.6153846153846154,0.34957615490618826,0.49994999499949994,0.16192986477194593,0.5469613259668508,medium,0.9998
129848171,0,0.7329,9,0.22609805826868906,0.6269,128.93,136.56,128.93,,0.0,0.6660415103775943,0.38461538461538464,0.3065788783814841,0.6268626862686268,0.12291809916723968,0.6906077348066298,medium,0.6212
129848160,0,0.718,8,0.3887483489796941,0.5,149.65,157.97,149.65,,0.0,0.6474118529632408,0.3076923076923077,0.5271263415930444,0.49994999499949994,0.14270570708228286,0.6906077348066298,medium,0.9861
129848160,0,0.5951,8,0.4266844612891015,0.5,62.56,71.84,62.56,,0.0,0.49374843710927724,0.3076923076923077,0.5785662332610803,0.49994999499949994,0.05953472381388954,0.6906077348066298,medium,0.9988
129848160,0,0.718,8,0.3887483489796941,0.5,149.65,157.97,149.65,,0.0,0.6474118529632408,0.3076923076923077,0.5271263415930444,0.49994999499949994,0.14270570708228286,0.6906077348066298,medium,0.9861
196329723,0,0.6506,12,0.2877107031785199,0.5,126.17,134.01,126.17,,0.0,0.563140785196299,0.6153846153846154,0.39012322667140964,0.49994999499949994,0.12028229811291927,0.6906077348066298,medium,0.9981
28875370,0,0.5701,12,0.42977229335328015,0.5,154.99,158.23,154.99,,0.0,0.46249062265566393,0.6153846153846154,0.5827532133494709,0.49994999499949994,0.14780540912216367,0.6906077348066298,medium,0.9955
28875370,0,0.5701,12,0.4297722933532803,0.5,154.99,158.23,154.99,,0.0,0.46249062265566393,0.6153846153846154,0.5827532133494712,0.49994999499949994,0.14780540912216367,0.6906077348066298,medium,0.9955
28875370,0,0.5657,11,0.41824346521810324,0.5,162.39,167.79,162.39,,0.0,0.4569892473118279,0.5384615384615384,0.5671205711457561,0.49994999499949994,0.15487241194896478,0.6906077348066298,medium,0.9985
129848160,0,0.5951,8,0.4266844612891015,0.5,62.56,71.84,62.56,,0.0,0.49374843710927724,0.3076923076923077,0.5785662332610803,0.49994999499949994,0.05953472381388954,0.6906077348066298,medium,0.9988
129848158,0,0.4079,8,0.6457741638305001,0.5,173.54,175.9,173.54,,0.0,0.2596899224806201,0.3076923076923077,0.8756433420695396,0.49994999499949994,0.1655206662082665,0.6906077348066298,high,0.9854
129848158,0,0.4079,8,0.6457741638305001,0.5,173.54,175.9,173.54,,0.0,0.2596899224806201,0.3076923076923077,0.8756433420695396,0.49994999499949994,0.1655206662082665,0.6906077348066298,high,0.9854
311232865,0,0.3653,12,0.4605199546752442,0.5,155.42,156.22,155.42,,0.0,0.20642660665166293,0.6153846153846154,0.6244458452814748,0.49994999499949994,0.14821605928642373,0.6906077348066298,high,0.7801
311232865,0,0.3789,12,0.5803580606961628,0.5,161.52,161.52,162.8,,0.0,0.2234308577144286,0.6153846153846154,0.7869416524728193,0.49994999499949994,0.15404156161662466,0.6906077348066298,high,0.9972
131699049,0,1.0,10,0.034387673823728315,0.5,188.34,194.3,188.34,,0.0,1.0,0.46153846153846156,0.04662705920045475,0.49994999499949994,0.17965467186186876,0.6906077348066298,low,1.0
131699055,0,0.7288,8,0.08126017148493479,0.5,111.23,114.2,111.23,0.5075,0.0,0.6609152288072017,0.3076923076923077,0.11018434156607076,0.49994999499949994,0.10601459240583698,0.5911602209944751,low,0.9891
27924885,0,0.3698,6,0.6784086159185765,0.3435,83.83,86.45,83.83,0.6925,0.0,0.21205301325331335,0.15384615384615385,0.9198943888390334,0.3434343434343435,0.07984758193903278,1.0,medium,0.9982
33839456,0,1.0,14,0.2036899852880344,0.2555,175.47,237.62,175.47,0.6525,0.0,1.0,0.7692307692307693,0.2761944036305361,0.2554255425542554,0.1673638169455268,0.9116022099447513,low,1.0
33874853,0,1.0,10,0.2036899852880344,0.2555,233.93,246.76,233.93,0.6525,0.0,1.0,0.46153846153846156,0.2761944036305361,0.2554255425542554,0.22319313927725573,0.9116022099447513,low,1.0
33874853,0,1.0,12,0.2080122098678413,0.2555,96.81,254.97,96.81,0.6525,0.0,1.0,0.6153846153846154,0.28205517192268015,0.2554255425542554,0.09224348689739477,0.9116022099447513,low,1.0
923073438,0,1.0,7,0.012544719854933446,1.0,237.56,249.37,237.56,,0.0,1.0,0.23076923076923078,0.017008863832921724,1.0,0.22665979066391628,0.6906077348066298,low,0.9999
33839762,0,1.0,14,0.2080122098678413,0.3146,54.48,199.81,54.48,0.5525,0.0,1.0,0.7692307692307693,0.28205517192268015,0.31453145314531455,0.051818320727328296,0.6906077348066298,low,0.9998
33874853,0,1.0,12,0.2080122098678413,0.2555,96.81,254.97,96.81,0.6525,0.0,1.0,0.6153846153846154,0.28205517192268015,0.2554255425542554,0.09224348689739477,0.9116022099447513,low,1.0
"[140859561, 33874853]",0,1.0,12,0.14138322156483668,1.0,82.84,220.19,82.84,0.6525,0.0,1.0,0.6153846153846154,0.19170885724753442,1.0,0.07890213156085264,0.9116022099447513,low,0.9999
649939000,0,1.0,7,0.08497616117329655,1.0,45.92,45.92,52.81,0.5925,0.0,1.0,0.23076923076923078,0.11522307894247466,1.0,0.04364351745740699,0.7790055248618785,low,1.0
1385713282,0,1.0,7,0.08497616117329655,0.3146,34.26,34.26,40.82,0.5925,0.0,1.0,0.23076923076923078,0.11522307894247466,0.31453145314531455,0.032508213003285207,0.7790055248618785,low,1.0
1453152081,0,0.8198,11,0.05386431691982123,1.0,63.89,64.94,63.89,,0.0,0.7746936734183545,0.5384615384615384,0.07303662913078136,1.0,0.06080487432194974,0.6906077348066298,low,0.9752
1465995406,0,1.0,9,0.08497616117329655,1.0,45.06,45.06,49.24,0.5125,0.0,1.0,0.38461538461538464,0.11522307894247466,1.0,0.04282221712888686,0.6022099447513811,low,0.9999
716687397,0,0.9251,8,0.012066794034473843,0.9588,210.5,214.43,210.5,0.5925,0.0,0.9063515878969743,0.3076923076923077,0.01636081502314153,0.9587958795879588,0.20081748032699215,0.7790055248618785,low,0.9999
140862018,0,0.7703,9,0.0026520990012980816,0.8765,126.76,133.45,126.76,0.5525,0.0,0.7128032008002001,0.38461538461538464,0.0035948550153190547,0.8764876487648764,0.12084574833829935,0.6906077348066298,low,0.9932
"[810381921, 1442109331]",0,0.9494,7,0.037355026245227706,1.0,1.23,1.23,7.79,0.4725,0.0,0.9367341835458866,0.23076923076923078,0.05065067358291642,1.0,0.0009645503858201545,0.5138121546961325,low,1.0
140863693,0,0.9466,6,0.08057447800634335,0.5,146.03,152.38,146.03,0.5925,0.0,0.9332333083270816,0.15384615384615385,0.10925456789900272,0.49994999499949994,0.1392486056994423,0.7790055248618785,low,1.0
1466479257,0,0.9749,7,0.03657441792653023,0.5,168.25,174.14,168.25,0.5925,0.0,0.968617154288572,0.23076923076923078,0.049592199087125546,0.49994999499949994,0.1604687141874857,0.7790055248618785,low,1.0
140863693,0,0.9466,6,0.08057447800634333,0.5,146.03,152.38,146.03,0.5925,0.0,0.9332333083270816,0.15384615384615385,0.1092545678990027,0.49994999499949994,0.1392486056994423,0.7790055248618785,low,1.0
335660088,0,0.6301,5,0.010064405294326924,1.0,57.15,60.05,57.15,0.4225,0.0,0.537509377344336,0.07692307692307693,0.013645653832391108,1.0,0.054368171747268705,0.4033149171270718,medium,0.6002
554696866,0,1.0,4,0.010064405294326924,1.0,71.54,71.54,72.09,0.4225,0.0,1.0,0.0,0.013645653832391108,1.0,0.06811062724425092,0.4033149171270718,low,1.0
27889636,0,0.6231,11,0.1502442290096012,0.4193,81.57,81.57,81.87,0.6525,0.0,0.5287571892973243,0.5384615384615384,0.2037240384371819,0.41924192419241924,0.07768928107571244,0.9116022099447513,low,0.9825
27889636,0,0.9053,11,0.1502442290096012,1.0,118.48,118.48,118.88,0.6525,0.0,0.8815953988497124,0.5384615384615384,0.2037240384371819,1.0,0.11293834517533809,0.9116022099447513,low,0.9974
28019572,0,0.8502,6,0.23779181440844366,0.5,124.05,124.05,128.11,,0.0,0.8127031757939484,0.15384615384615385,0.322435156539756,0.49994999499949994,0.11825769730307893,0.6906077348066298,low,0.9989
142432583,0,0.7386,8,0.34926857469290906,0.5,133.33,141.82,133.33,,0.0,0.6731682920730182,0.3076923076923077,0.47359330436911345,0.49994999499949994,0.12712010084804037,0.6906077348066298,medium,0.8814
142432577,0,0.9226,6,0.029196848658886738,0.5,97.63,97.63,101.74,,0.0,0.9032258064516128,0.15384615384615385,0.03958850232437362,0.49994999499949994,0.09302658721063489,0.6906077348066298,low,1.0
28797408,0,0.9289,7,0.029196848658886738,0.5,115.81,115.81,120.29,,0.0,0.9111027756939233,0.23076923076923078,0.03958850232437362,0.49994999499949994,0.11038849415539767,0.6906077348066298,low,1.0
106467013,0,1.0,6,0.029196848658886738,0.5,108.28,108.28,111.45,,0.0,1.0,0.15384615384615385,0.03958850232437362,0.49994999499949994,0.10319734127893652,0.6906077348066298,low,1.0
28016563,0,1.0,10,0.05987764519561545,0.1091,32.33,32.33,33.2,0.5525,0.0,1.0,0.46153846153846156,0.08119046821024035,0.10901090109010901,0.03066506226602491,0.6906077348066298,low,1.0
28016563,0,0.8845,10,0.002713257628235269,0.0446,121.82,121.82,122.04,0.5525,0.0,0.8555888972243059,0.46153846153846156,0.0036777837329102507,0.0445044504450445,0.11612804645121859,0.6906077348066298,low,1.0
106154434,0,1.0,10,0.20998413963236895,0.0446,69.91,77.03,69.91,0.5525,0.0,1.0,0.46153846153846156,0.2847290319280746,0.0445044504450445,0.06655397662159065,0.6906077348066298,low,1.0
146401300,0,0.7161,10,0.20998413963236895,0.0446,94.21,94.21,101.26,0.5925,0.0,0.6450362590647661,0.46153846153846156,0.2847290319280746,0.0445044504450445,0.08976048590419436,0.7790055248618785,low,0.9989
106154434,0,0.8432,10,0.06892342843605095,0.0446,104.2,109.35,104.2,0.5525,0.0,0.8039509877469367,0.46153846153846156,0.093456198186613,0.0445044504450445,0.0993009397203759,0.6906077348066298,low,1.0
106154434,0,1.0,10,0.20998413963236895,0.0446,69.91,77.03,69.91,0.5525,0.0,1.0,0.46153846153846156,0.2847290319280746,0.0445044504450445,0.06655397662159065,0.6906077348066298,low,1.0
106154434,0,0.8479,11,0.06860938577474776,0.1091,53.8,53.8,58.33,0.5525,0.0,0.8098274568642159,0.5384615384615384,0.09303036856166821,0.10901090109010901,0.05116892046756819,0.6906077348066298,low,1.0
335654481,0,0.8041,10,0.03069834597174683,0.226,44.85,44.85,47.35,0.4725,0.0,0.7550637659414854,0.46153846153846156,0.04162447423639838,0.22592259225922592,0.04262166704866683,0.5138121546961325,low,0.9999
335654481,0,0.919,10,0.008765331765486536,0.0122,112.65,126.68,112.65,0.4725,0.0,0.8987246811702926,0.46153846153846156,0.01188416069236285,0.012101210121012103,0.1073706929482772,0.5138121546961325,low,1.0
550922011,0,0.9186,8,0.05358351312386407,0.0122,56.71,87.99,56.71,0.6925,0.0,0.8982245561390346,0.3076923076923077,0.07265587011345771,0.012101210121012103,0.05394797157918864,1.0,low,1.0
158097124,0,1.0,6,0.11130960408313524,0.4946,46.55,47.95,46.55,0.6525,0.0,1.0,0.15384615384615385,0.15093020252647457,0.4945494549454945,0.044245167698067085,0.9116022099447513,low,1.0
158097139,0,0.8509,6,0.063546627009746,0.4946,63.53,66.94,63.53,0.6525,0.0,0.8135783945986497,0.15384615384615385,0.08616546473891913,0.4945494549454945,0.06046107418442968,0.9116022099447513,low,1.0
27889596,0,0.6674,10,0.2339004331562266,0.0662,37.5,37.5,38.45,0.6525,0.0,0.5841460365091272,0.46153846153846156,0.3171585950296977,0.0661066106610661,0.035602414240965705,0.9116022099447513,low,0.9998
335654470,0,0.7645,7,0.048449528370792604,0.4946,34.78,34.78,36.81,0.6525,0.0,0.7055513878469617,0.23076923076923078,0.06569438662328324,0.4945494549454945,0.03300481320192528,0.9116022099447513,low,1.0
158097145,0,0.9017,9,0.013379455954551787,0.5,21.93,21.93,22.28,0.6925,0.0,0.8770942735683921,0.38461538461538464,0.018140733492773987,0.49994999499949994,0.02073305829322332,1.0,low,1.0
335654478,0,0.9879,10,0.0006173262692423057,1.0,61.18,61.18,62.23,0.5225,0.0,0.9848712178044511,0.46153846153846156,0.000835782392053258,1.0,0.05821682328672932,0.6243093922651933,low,1.0
335654481,0,0.8041,10,0.03069834597174683,0.226,44.85,44.85,47.35,0.4725,0.0,0.7550637659414854,0.46153846153846156,0.04162447423639838,0.22592259225922592,0.04262166704866683,0.5138121546961325,low,0.9999
1482615734,0,0.5097,6,0.301719744839075,0.0536,57.46,57.46,58.97,0.6525,0.0,0.38697174293573394,0.15384615384615385,0.4091189418758181,0.0535053505350535,0.054664221865688756,0.9116022099447513,low,0.9918
72133571,0,0.9398,11,0.007902017250740181,0.0283,66.13,66.13,70.25,0.5525,0.0,0.9247311827956989,0.5384615384615384,0.010713539813981937,0.028202820282028203,0.06294407517763008,0.6906077348066298,low,1.0
72133571,0,0.9303,10,0.007902017250740181,0.0283,53.6,53.6,54.53,0.5525,0.0,0.9128532133033257,0.46153846153846156,0.010713539813981937,0.028202820282028203,0.05097792039116816,0.6906077348066298,low,1.0
27875232,0,0.7143,10,0.20683927561925558,0.2433,91.77,91.77,92.75,0.5525,0.0,0.642785696424106,0.46153846153846156,0.28046471873683754,0.24322432243224323,0.087430284972114,0.6906077348066298,low,0.9657
27875232,0,0.7036,10,0.21951182864156663,0.4144,207.93,207.93,208.66,0.5525,0.0,0.6294073518379595,0.46153846153846156,0.2976482073692104,0.41434143414341434,0.19836312934525177,0.6906077348066298,medium,0.9017
"[4338902, 539727767]",0,0.9733,6,0.0009104312625869331,0.5,47.34,47.34,50.05,0.445,0.0,0.9666166541635409,0.15384615384615385,0.0012332213542230622,0.49994999499949994,0.04499961799984721,0.4530386740331492,low,1.0
539727766,0,1.0,6,0.0009104312625869331,0.5,2.17,2.17,5.76,0.445,0.0,1.0,0.15384615384615385,0.0012332213542230622,0.49994999499949994,0.001862250744900298,0.4530386740331492,low,1.0
108756231,0,1.0,6,0.0009104312625869331,0.5,240.03,240.03,240.14,0.485,0.0,1.0,0.15384615384615385,0.0012332213542230622,0.49994999499949994,0.22901864160745666,0.5414364640883977,low,1.0
554531184,0,1.0,6,0.0009104312625869331,0.5,80.18,80.18,89.39,0.445,0.0,1.0,0.15384615384615385,0.0012332213542230622,0.49994999499949994,0.07636183054473224,0.4530386740331492,low,1.0
72133571,0,0.9303,10,0.007902017250740181,0.0283,53.6,53.6,54.53,0.5525,0.0,0.9128532133033257,0.46153846153846156,0.010713539813981937,0.028202820282028203,0.05097792039116816,0.6906077348066298,low,1.0
72133571,0,0.6315,10,0.26227638890860744,0.3923,6.62,6.62,13.18,0.5525,0.0,0.5392598149537383,0.46153846153846156,0.3556352865255072,0.39223922392239224,0.006112002444800979,0.6906077348066298,low,0.5207
554531183,0,1.0,6,0.0009104312625869331,0.5,115.84,115.84,118.89,0.445,0.0,1.0,0.15384615384615385,0.0012332213542230622,0.49994999499949994,0.11041714416685769,0.4530386740331492,low,1.0
"[576632590, 576632591]",0,1.0,6,0.0009104312625869331,0.5,104.04,104.04,107.04,0.485,0.0,1.0,0.15384615384615385,0.0012332213542230622,0.49994999499949994,0.09914813965925588,0.5414364640883977,low,1.0
28022986,0,0.744,10,0.31158486238772043,0.1857,89.04,89.04,97.53,,0.0,0.6799199799949988,0.46153846153846156,0.42249565728239186,0.18561856185618564,0.08482313392925359,0.6906077348066298,low,0.8486
175093055,0,0.7212,8,0.3695101401938208,0.4598,88.36,88.36,97.75,,0.0,0.6514128532133031,0.3076923076923077,0.5010400793065692,0.45974597459745975,0.08417373366949348,0.6906077348066298,medium,0.8193
27889385,0,0.4334,7,0.5588197471565174,0.4899,206.93,206.93,214.27,0.5925,0.0,0.2915728932233058,0.23076923076923078,0.7577365376694026,0.4898489848984899,0.1974081289632516,0.7790055248618785,medium,0.8504
309593510,0,0.4031,8,0.5649551836630697,0.267,325.1,325.1,332.44,0.5275,0.0,0.2536884221055264,0.3076923076923077,0.7660559507568344,0.26692669266926694,0.3102605241042097,0.6353591160220994,high,0.982
309593510,0,0.5923,8,0.418008209393135,0.3109,365.72,365.72,371.38,0.5275,0.0,0.49024756189047264,0.3076923076923077,0.5668015734041862,0.31083108310831087,0.34905263962105587,0.6353591160220994,medium,0.9937
177313884,0,0.4775,6,0.4871825582577561,0.5,110.79,110.79,117.53,0.5925,0.0,0.3467116779194798,0.15384615384615385,0.6605992979253845,0.49994999499949994,0.1055943922377569,0.7790055248618785,medium,0.9999
"[1213389413, 28869829]",0,0.9957,6,9.90900805164459e-05,0.5,173.21,173.21,548.94,0.515,0.0,0.9946236559139785,0.15384615384615385,0.00013307429194297384,0.49994999499949994,0.16520551608220646,0.6077348066298343,low,1.0
23009891,0,0.3054,8,0.6059822161059736,0.4453,468.61,468.61,473.6,0.5925,0.0,0.1315328832208052,0.3076923076923077,0.8216870098150559,0.4452445244524452,0.4473126289250516,0.7790055248618785,high,1.0
23009886,0,0.4204,8,0.5172545316686994,0.5,442.36,442.36,449.7,0.5925,0.0,0.2753188297074268,0.3076923076923077,0.70137572335049,0.49994999499949994,0.4222438688975476,0.7790055248618785,high,0.9957
23009886,0,0.3687,7,0.5314634487975777,0.4836,519.02,519.02,526.37,0.5925,0.0,0.21067766941735436,0.23076923076923078,0.720642461910001,0.48354835483548353,0.4954541981816793,0.7790055248618785,high,0.9998
319095644,0,0.4027,7,0.5821741566797882,0.4758,272.54,272.54,279.57,0.6925,0.0,0.25318829707426854,0.23076923076923078,0.7894042079369774,0.47574757475747576,0.26006570402628165,1.0,medium,0.9214
177313902,0,0.3567,6,0.6400390208681908,0.476,240.32,240.32,247.11,0.6925,0.0,0.19567391847961993,0.15384615384615385,0.8678667114470935,0.47594759475947596,0.2292955917182367,1.0,medium,0.7141
309593511,0,0.3085,7,0.6496991041945336,0.4967,137.92,137.92,144.54,0.5925,0.0,0.13540885221305327,0.23076923076923078,0.8809654084289678,0.49664966496649665,0.13150355260142105,0.7790055248618785,high,0.9578
177313909,0,0.4994,7,0.5126276797405009,0.4764,266.18,266.18,270.75,0.6925,0.0,0.3740935233808452,0.23076923076923078,0.6951018922312282,0.47634763476347636,0.25399190159676066,1.0,medium,0.9996
197547579,0,0.5109,8,0.5203023881964789,0.3951,280.93,281.17,280.93,0.5925,0.0,0.3884721180295074,0.3076923076923077,0.7055084981675294,0.39503950395039505,0.2680781572312629,0.7790055248618785,medium,0.9621
309593510,0,0.5474,8,0.43479372831195096,0.4744,295.98,295.98,296.7,0.5275,0.0,0.43410852713178294,0.3076923076923077,0.5895620836993212,0.47434743474347435,0.28245091298036523,0.6353591160220994,medium,0.9647
23009891,0,0.3049,9,0.6329133394730111,0.2957,313.73,316.49,313.73,0.5925,0.0,0.13090772693173294,0.38461538461538464,0.8582045648349304,0.29562956295629567,0.2994021697608679,0.7790055248618785,high,0.9994
177313911,0,0.5573,7,0.47701540791023056,0.2552,379.81,382.92,379.81,0.5925,0.0,0.44648662165541386,0.23076923076923078,0.6468130377998403,0.2551255125512551,0.362508595003438,0.7790055248618785,medium,0.9971
996114322,0,0.4922,10,0.31476036112265443,0.0378,70.2,70.2,110.57,0.4825,0.0,0.3650912728182046,0.46153846153846156,0.42680150996399313,0.037703770377037704,0.0668309267323707,0.5359116022099447,medium,0.999
1412277346,0,0.5342,10,0.3569441624158058,0.1702,49.96,49.96,55.63,0.4825,0.0,0.4176044011002751,0.46153846153846156,0.48400110255713186,0.1701170117011701,0.04750171900068761,0.5359116022099447,medium,0.9995
450246504,0,0.629,10,0.26120344423664626,0.3086,39.32,39.32,141.43,0.4825,0.0,0.5361340335083771,0.46153846153846156,0.35418041531357775,0.30853085308530853,0.03734051493620598,0.5359116022099447,medium,0.9481
1412277345,0,0.4761,10,0.32515450923448613,0.2524,16.72,16.72,164.02,0.4825,0.0,0.3449612403100775,0.46153846153846156,0.4408955702222857,0.25232523252325234,0.015757506303002523,0.5359116022099447,medium,0.9997
23009891,0,0.4049,8,0.6272418946365944,0.5,268.73,272.36,268.73,0.5925,0.0,0.25593898474618654,0.3076923076923077,0.8505143063918118,0.49994999499949994,0.25642715257086107,0.7790055248618785,high,0.9918
796518876,0,0.3015,7,0.675266226120739,0.3126,304.63,308.11,304.63,,0.0,0.1266566641660415,0.23076923076923078,0.9156334305874043,0.31253125312531255,0.2907116662846665,0.6906077348066298,high,0.9999
109241586,0,0.3621,8,0.5786376081365526,0.5,264.32,266.9,264.32,0.6925,0.0,0.20242560640160037,0.3076923076923077,0.7846087857688056,0.49994999499949994,0.25221560088624034,1.0,medium,0.6231
450248460,0,0.8105,10,0.06411273873375993,0.054,18.98,18.98,101.28,0.4825,0.0,0.7630657664416104,0.46153846153846156,0.08693309020137485,0.0539053905390539,0.01791580716632287,0.5359116022099447,low,1.0
180330437,0,0.4594,10,0.3710339014893269,0.3725,48.53,48.53,50.23,0.4825,0.0,0.32408102025506375,0.46153846153846156,0.5031062403124598,0.3724372437243724,0.04613606845442739,0.5359116022099447,medium,0.9998
23009891,0,0.718,7,0.24850217867577828,0.5,231.56,235.98,231.56,0.5925,0.0,0.6474118529632408,0.23076923076923078,0.3369579935965272,0.49994999499949994,0.22092978837191538,0.7790055248618785,low,0.5559
23009891,0,0.6012,7,0.46578934303631503,0.5,183.88,189.26,183.88,0.5925,0.0,0.5013753438359589,0.23076923076923078,0.6315909307936526,0.49994999499949994,0.17539537015814807,0.7790055248618785,medium,0.9998
179669695,0,0.9555,7,0.24850217867577828,0.5,230.76,230.76,231.84,0.5925,0.0,0.9443610902725682,0.23076923076923078,0.3369579935965272,0.49994999499949994,0.22016578806631523,0.7790055248618785,low,0.9994
177574113,0,1.0,6,0.022855530663054607,0.5,796.13,796.13,797.33,,0.0,1.0,0.15384615384615385,0.03098992195120025,0.49994999499949994,0.7600943540377416,0.6906077348066298,medium,0.6828
177574107,0,1.0,6,9.498799650421984e-07,0.5,790.61,790.61,791.34,,0.0,1.0,0.15384615384615385,0.0,0.49994999499949994,0.7548227519291009,0.6906077348066298,low,0.5177
177574107,0,1.0,6,9.498799650421984e-07,0.5,765.61,765.61,766.23,,0.0,1.0,0.15384615384615385,0.0,0.49994999499949994,0.730947742379097,0.6906077348066298,low,0.6812
177574107,0,1.0,6,9.498799650421984e-07,0.5,803.15,803.15,803.41,,0.0,1.0,0.15384615384615385,0.0,0.49994999499949994,0.7667984567193827,0.6906077348066298,medium,0.5682
177574112,0,1.0,7,0.022855530663054607,0.5,787.66,787.66,789.36,,0.0,1.0,0.23076923076923078,0.03098992195120025,0.49994999499949994,0.7520055008022003,0.6906077348066298,medium,0.8086
177574116,0,1.0,7,9.498799650421984e-07,0.5,778.75,778.75,779.97,,0.0,1.0,0.23076923076923078,0.0,0.49994999499949994,0.743496447398579,0.6906077348066298,medium,0.6248
177574110,0,1.0,7,0.022855530663054607,0.5,709.2,713.39,709.2,,0.0,1.0,0.23076923076923078,0.03098992195120025,0.49994999499949994,0.6770761708304684,0.6906077348066298,low,0.6727
177574116,0,1.0,8,0.022855530663054607,0.5,769.68,773.78,769.68,,0.0,1.0,0.3076923076923077,0.03098992195120025,0.49994999499949994,0.7348345939338375,0.6906077348066298,medium,0.8645
177574111,0,1.0,7,0.022855530663054607,0.5,583.6,587.92,583.6,,0.0,1.0,0.23076923076923078,0.03098992195120025,0.49994999499949994,0.5571281228512492,0.6906077348066298,low,0.9849
177574116,0,1.0,8,0.022855530663054607,0.5,645.77,649.97,645.77,,0.0,1.0,0.3076923076923077,0.03098992195120025,0.49994999499949994,0.6165004966001987,0.6906077348066298,low,0.8264
177574112,0,1.0,7,9.498799650421984e-07,0.5,643.1,643.1,644.94,,0.0,1.0,0.23076923076923078,0.0,0.49994999499949994,0.6139506455802582,0.6906077348066298,low,0.9618
"[177574106, 199496508]",0,1.0,6,9.498799650421984e-07,0.5,575.69,575.69,575.93,,0.0,1.0,0.15384615384615385,0.0,0.49994999499949994,0.549574069829628,0.6906077348066298,low,0.9975
177574113,0,1.0,8,0.022855530663054607,0.5,394.32,399.01,394.32,,0.0,1.0,0.3076923076923077,0.03098992195120025,0.49994999499949994,0.3763656505462602,0.6906077348066298,low,0.9998
404209763,0,1.0,10,0.022855530663054607,0.5,461.5,465.99,461.5,,0.0,1.0,0.46153846153846156,0.03098992195120025,0.49994999499949994,0.4405225762090305,0.6906077348066298,low,0.992
177574116,0,1.0,9,0.022855530663054607,0.5,521.62,525.96,521.62,,0.0,1.0,0.38461538461538464,0.03098992195120025,0.49994999499949994,0.4979371991748797,0.6906077348066298,low,0.9833
404209763,0,1.0,10,0.022855530663054607,0.5,461.5,465.99,461.5,,0.0,1.0,0.46153846153846156,0.03098992195120025,0.49994999499949994,0.4405225762090305,0.6906077348066298,low,0.992
177574106,0,1.0,6,9.498799650421984e-07,0.5,518.95,518.95,521.86,,0.0,1.0,0.15384615384615385,0.0,0.49994999499949994,0.49538734815493934,0.6906077348066298,low,0.9995
177574110,0,1.0,7,0.022855530663054607,0.5,666.69,666.69,669.9,,0.0,1.0,0.23076923076923078,0.03098992195120025,0.49994999499949994,0.6364791045916419,0.6906077348066298,low,0.8689
177574109,0,1.0,7,0.022855530663054607,0.5,325.12,329.94,325.12,,0.0,1.0,0.23076923076923078,0.03098992195120025,0.49994999499949994,0.3102796241118497,0.6906077348066298,low,1.0
177574116,0,1.0,9,0.022855530663054607,0.5,391.75,396.33,391.75,,0.0,1.0,0.38461538461538464,0.03098992195120025,0.49994999499949994,0.37391129956451985,0.6906077348066298,low,0.9995
177574108,0,1.0,6,0.022855530663054607,0.5,210.8,216.52,210.8,,0.0,1.0,0.15384615384615385,0.03098992195120025,0.49994999499949994,0.20110398044159222,0.6906077348066298,low,1.0
"[177574114, 177574115]",0,1.0,8,0.022855530663054607,0.5,378.41,383.98,378.41,,0.0,1.0,0.3076923076923077,0.03098992195120025,0.49994999499949994,0.36117159446863784,0.6906077348066298,low,0.9999
177574106,0,1.0,6,9.498799650421984e-07,0.5,560.93,560.93,565.35,,0.0,1.0,0.15384615384615385,0.0,0.49994999499949994,0.5354782641913056,0.6906077348066298,low,0.9983
177574111,0,1.0,7,0.022855530663054607,0.5,580.52,583.64,580.52,,0.0,1.0,0.23076923076923078,0.03098992195120025,0.49994999499949994,0.5541867216746886,0.6906077348066298,low,0.9861
177574108,0,1.0,6,0.022855530663054607,0.5,222.9,228.38,222.9,,0.0,1.0,0.15384615384615385,0.03098992195120025,0.49994999499949994,0.21265948506379406,0.6906077348066298,low,1.0
177574116,0,1.0,7,0.022855530663054607,0.5,270.7,275.65,270.7,,0.0,1.0,0.23076923076923078,0.03098992195120025,0.49994999499949994,0.25830850332340133,0.6906077348066298,low,1.0
177574108,0,1.0,6,0.022855530663054607,0.5,221.28,226.56,221.28,,0.0,1.0,0.15384615384615385,0.03098992195120025,0.49994999499949994,0.2111123844449538,0.6906077348066298,low,1.0
177574108,0,1.0,6,0.022855530663054607,0.5,179.32,185.02,179.32,,0.0,1.0,0.15384615384615385,0.03098992195120025,0.49994999499949994,0.1710405684162274,0.6906077348066298,low,1.0
"[932230510, 177574118]",0,0.8802,6,0.022855530663054607,0.5,180.27,186.09,180.27,,0.0,0.8502125531382845,0.15384615384615385,0.03098992195120025,0.49994999499949994,0.17194781877912754,0.6906077348066298,low,1.0
177574108,0,1.0,6,0.022855530663054607,0.5,173.63,178.84,173.63,,0.0,1.0,0.15384615384615385,0.03098992195120025,0.49994999499949994,0.1656066162426465,0.6906077348066298,low,1.0
177574106,0,1.0,6,0.022855530663054607,0.5,244.92,248.54,244.92,,0.0,1.0,0.15384615384615385,0.03098992195120025,0.49994999499949994,0.2336885934754374,0.6906077348066298,low,1.0
177574108,0,1.0,6,0.022855530663054607,0.5,203.85,208.87,203.85,,0.0,1.0,0.15384615384615385,0.03098992195120025,0.49994999499949994,0.19446672778669113,0.6906077348066298,low,1.0
177574106,0,1.0,6,0.022855530663054607,0.5,401.74,403.76,401.74,,0.0,1.0,0.15384615384615385,0.03098992195120025,0.49994999499949994,0.38345175338070137,0.6906077348066298,low,1.0
177574109,0,1.0,7,0.022855530663054607,0.5,313.97,317.76,313.97,,0.0,1.0,0.23076923076923078,0.03098992195120025,0.49994999499949994,0.29963136985254796,0.6906077348066298,low,1.0
335205289,0,1.0,8,0.022855530663054607,0.5,456.2,459.29,456.2,,0.0,1.0,0.3076923076923077,0.03098992195120025,0.49994999499949994,0.4354610741844297,0.6906077348066298,low,0.9989
177574106,0,1.0,6,0.022855530663054607,0.5,548.6,550.21,548.6,,0.0,1.0,0.15384615384615385,0.03098992195120025,0.49994999499949994,0.5237031094812439,0.6906077348066298,low,0.9977
27880296,0,1.0,7,0.3812138694567432,0.5,80.95,80.95,81.61,,0.0,1.0,0.23076923076923078,0.5169098806316633,0.49994999499949994,0.07709718083887235,0.6906077348066298,low,0.9993
27889556,0,0.6397,6,0.2250631718238267,0.5,32.34,32.34,38.02,0.485,0.0,0.5495123780945237,0.15384615384615385,0.305175612644124,0.49994999499949994,0.030674612269844914,0.5414364640883977,low,0.6411
28810207,0,1.0,10,0.14611135559019778,0.5,13.54,13.54,22.42,,0.0,1.0,0.46153846153846156,0.198120022948249,0.49994999499949994,0.012720605088242035,0.6906077348066298,low,1.0
23002421,0,0.8936,9,0.14611135559019778,0.5,11.35,11.35,15.66,0.485,0.0,0.8669667416854213,0.38461538461538464,0.198120022948249,0.49994999499949994,0.0106291542516617,0.5414364640883977,low,0.9998
28810207,0,1.0,12,0.14611135559019778,0.5,18.91,24.38,18.91,,0.0,1.0,0.6153846153846154,0.198120022948249,0.49994999499949994,0.017848957139582858,0.6906077348066298,low,1.0
23002421,0,0.946,7,0.09145132869226401,0.5,140.42,140.42,157.35,0.485,0.0,0.932483120780195,0.23076923076923078,0.12400315405906676,0.49994999499949994,0.13389105355642142,0.5414364640883977,low,1.0
186287608,0,0.8343,7,0.048449528370792604,0.2188,50.69,50.69,53.94,0.6925,0.0,0.7928232058014504,0.23076923076923078,0.06569438662328324,0.21872187218721872,0.04819886927954772,1.0,low,1.0
1482615735,0,1.0,6,0.048449528370792604,0.2188,48.39,48.39,50.7,0.6525,0.0,1.0,0.15384615384615385,0.06569438662328324,0.21872187218721872,0.04600236840094737,0.9116022099447513,low,1.0
1388121067,0,1.0,6,0.2425210725460212,1.0,84.99,86.11,84.99,0.495,0.0,1.0,0.15384615384615385,0.32884784649288124,1.0,0.08095538238215295,0.56353591160221,low,0.9938
44289287,0,0.6179,6,0.33977160892489944,0.3532,32.21,32.21,33.76,0.5075,0.0,0.5222555638909727,0.15384615384615385,0.4607157884471586,0.35313531353135313,0.03055046222018489,0.5911602209944751,medium,0.7653
115489483,0,0.7986,10,0.12250990075242232,0.5,124.51,132.84,124.51,0.4725,0.0,0.7481870467616905,0.46153846153846156,0.16611736885018663,0.49994999499949994,0.11869699747879901,0.5138121546961325,low,0.8552
"[196678826, 115489483]",0,0.8617,11,0.11207622420899968,0.5,167.69,167.69,172.89,0.4725,0.0,0.8270817704426106,0.5384615384615384,0.15196970957725964,0.49994999499949994,0.1599339139735656,0.5138121546961325,low,0.8696
28797567,0,0.694,10,0.26671082232209414,0.5,227.69,227.69,231.28,,0.0,0.6174043510877718,0.46153846153846156,0.36164820562850947,0.49994999499949994,0.21723393689357479,0.6906077348066298,medium,0.995
196678826,0,0.8204,12,0.17296304580304492,0.5,224.17,224.17,228.98,0.4725,0.0,0.7754438609652413,0.6153846153846154,0.2345298697028938,0.49994999499949994,0.21387233554893423,0.5138121546961325,medium,0.9744
196678826,0,0.8515,12,0.13221743934382338,0.5,322.02,322.02,324.1,0.4725,0.0,0.8143285821455363,0.6153846153846154,0.1792804133243332,0.49994999499949994,0.3073191229276492,0.5138121546961325,medium,0.9848
196678826,0,0.8515,12,0.13221743934382338,0.5,322.02,322.02,324.1,0.4725,0.0,0.8143285821455363,0.6153846153846154,0.1792804133243332,0.49994999499949994,0.3073191229276492,0.5138121546961325,medium,0.9848
"[398948258, 196678826]",0,0.8376,11,0.09645353795122948,0.5,210.01,217.77,210.01,0.4725,0.0,0.7969492373093272,0.5384615384615384,0.13078595510845686,0.49994999499949994,0.20034953013981208,0.5138121546961325,low,0.6159
661300510,0,0.7133,11,0.25091517938479,0.5,263.4,266.44,263.4,0.5525,0.0,0.6415353838459615,0.5384615384615384,0.3402299286344167,0.49994999499949994,0.2513370005348002,0.6906077348066298,medium,0.9978
260660825,0,0.9993,8,0.04682315953062413,0.5,51.85,51.85,59.18,,0.0,0.9991247811952987,0.3076923076923077,0.063489093780722,0.49994999499949994,0.049306669722667895,0.6906077348066298,low,1.0
"[769579733, 769579734]",0,0.8866,7,0.043493757307694336,0.3513,6.29,6.29,11.12,0.6075,0.0,0.8582145536384097,0.23076923076923078,0.05897455395993081,0.35123512351235125,0.0057968523187409285,0.8121546961325967,low,1.0
260660816,0,0.8559,8,0.011150512855510468,0.5,53.76,53.76,61.11,,0.0,0.8198299574893723,0.3076923076923077,0.015118373409754382,0.49994999499949994,0.051130720452288184,0.6906077348066298,low,1.0
196679282,0,0.6528,10,0.39883733596535087,0.5,125.21,132.87,125.21,0.5525,0.0,0.5658914728682171,0.46153846153846156,0.5408066152423217,0.49994999499949994,0.1193654977461991,0.6906077348066298,medium,0.9995
260660842,0,0.7164,7,0.1996641643575586,0.139,44.8,46.63,44.8,,0.0,0.6454113528382095,0.23076923076923078,0.27073554714968284,0.13891389138913893,0.04257391702956682,0.6906077348066298,low,0.9998
260660843,0,0.6571,9,0.2942226187825517,0.5435,75.71,78.66,75.71,0.5525,0.0,0.5712678169542386,0.38461538461538464,0.3989531307609682,0.5434543454345434,0.07209297883719154,0.6906077348066298,medium,0.928
67623854,0,0.7379,10,0.13776510270375855,0.5,136.65,136.65,137.24,0.5075,0.0,0.6722930732683171,0.46153846153846156,0.18680282890340746,0.49994999499949994,0.13029070211628085,0.5911602209944751,low,0.6402
1451368045,0,1.0,10,0.15578893156384288,0.5,85.4,85.4,86.0,,0.0,1.0,0.46153846153846156,0.2112424392789821,0.49994999499949994,0.08134693253877304,0.6906077348066298,low,1.0
196679282,0,0.6528,10,0.39883733596535087,0.5,125.21,132.87,125.21,0.5525,0.0,0.5658914728682171,0.46153846153846156,0.5408066152423217,0.49994999499949994,0.1193654977461991,0.6906077348066298,medium,0.9995
23198503,0,0.5499,8,0.5145671343048335,0.4087,110.13,112.26,110.13,0.6925,0.0,0.43723430857714435,0.3076923076923077,0.6977317171292213,0.40864086408640865,0.1049640919856368,1.0,medium,0.9957
23198527,0,0.5636,9,0.42383702365724046,0.5,171.54,174.67,171.54,0.5925,0.0,0.4543635908977244,0.38461538461538464,0.5747052186658104,0.49994999499949994,0.1636106654442662,0.7790055248618785,medium,0.9999
260660819,0,0.8575,6,0.14722978186006777,0.002,56.38,56.44,56.38,,0.0,0.8218304576144035,0.15384615384615385,0.19963656543661917,0.0019001900190019003,0.05363282145312859,0.6906077348066298,low,1.0
260660836,0,0.6863,7,0.16827305441520307,0.1599,128.88,128.88,129.21,0.6075,0.0,0.607776944236059,0.23076923076923078,0.228170423933993,0.15981598159815982,0.12287034914813967,0.8121546961325967,low,0.9998
552544591,0,0.9915,6,0.5186585125685689,0.1995,77.16,77.16,77.38,,0.0,0.9893723430857715,0.15384615384615385,0.703279466802224,0.19941994199419943,0.07347772939109176,0.6906077348066298,low,0.9989
177574113,0,1.0,6,0.022855530663054607,0.5,770.76,774.95,770.76,,0.0,1.0,0.15384615384615385,0.03098992195120025,0.49994999499949994,0.7358659943463978,0.6906077348066298,medium,0.5169
177574113,0,1.0,6,0.022855530663054607,0.5,646.98,651.27,646.98,,0.0,1.0,0.15384615384615385,0.03098992195120025,0.49994999499949994,0.6176560470624188,0.6906077348066298,low,0.9658
177574113,0,1.0,8,0.022855530663054607,0.5,523.34,527.79,523.34,,0.0,1.0,0.3076923076923077,0.03098992195120025,0.49994999499949994,0.49957979983191997,0.6906077348066298,low,0.9928
177574113,0,1.0,6,0.022855530663054607,0.5,274.21,279.3,274.21,,0.0,1.0,0.15384615384615385,0.03098992195120025,0.49994999499949994,0.26166055466422183,0.6906077348066298,low,1.0
446503922,0,0.5238,10,0.43904789867746763,0.5,189.36,192.66,189.36,,0.0,0.40460115028757193,0.46153846153846156,0.5953305731258268,0.49994999499949994,0.18062877225150895,0.6906077348066298,medium,0.9908
214203367,0,0.618,12,0.45196021131981773,0.5,151.13,151.13,159.33,,0.0,0.5223805951487872,0.6153846153846154,0.61283916647058,0.49994999499949994,0.14411910764764307,0.6906077348066298,medium,0.9973
214203367,0,0.6415,8,0.4309516090844084,0.5,109.12,112.1,109.12,,0.0,0.5517629407351837,0.3076923076923077,0.5843523195772485,0.49994999499949994,0.10399954159981666,0.6906077348066298,medium,0.9988
661525403,0,0.7391,7,0.23844687141685797,0.5,136.28,142.37,136.28,,0.0,0.6737934483620904,0.23076923076923078,0.32332338834575647,0.49994999499949994,0.1299373519749408,0.6906077348066298,low,0.8965
28797628,0,0.6197,11,0.3514831288547619,0.5,80.95,91.03,80.95,,0.0,0.5245061265316329,0.5384615384615384,0.4765961536133798,0.49994999499949994,0.07709718083887235,0.6906077348066298,medium,0.999
27875225,0,0.5692,8,0.3887255034692575,0.5,201.74,201.74,211.47,,0.0,0.46136534133533386,0.3076923076923077,0.52709536397013,0.49994999499949994,0.1924516769806708,0.6906077348066298,medium,0.9999
446503922,0,0.6753,9,0.29180703933943675,0.5,202.99,212.04,202.99,,0.0,0.5940235058764691,0.38461538461538464,0.3956776990600094,0.49994999499949994,0.193645427458171,0.6906077348066298,medium,0.9934
1374703403,0,1.0,7,0.1341105979591683,0.5,242.06,249.6,242.06,0.5525,0.0,1.0,0.23076923076923078,0.18184746271752056,0.49994999499949994,0.23095729238291698,0.6906077348066298,low,1.0
214203282,0,0.811,8,0.17590641146688482,0.5,89.62,102.8,89.62,,0.0,0.7636909227306826,0.3076923076923077,0.23852095897562867,0.49994999499949994,0.08537703415081367,0.6906077348066298,low,0.9986
28892855,0,0.6236,10,0.4286138737077459,0.5,20.39,24.85,20.39,,0.0,0.5293823455863966,0.46153846153846156,0.5811824414004003,0.49994999499949994,0.019262357704943087,0.6906077348066298,medium,0.9986
28892855,0,0.594,12,0.4973864368322323,0.3086,63.85,68.62,63.85,,0.0,0.49237309327331824,0.6153846153846154,0.674435360097066,0.30853085308530853,0.06076667430666973,0.6906077348066298,medium,0.9998
214203351,0,0.4616,14,0.5169042900602395,0.3817,55.92,59.79,55.92,,0.0,0.32683170792698174,0.7692307692307693,0.700900809362207,0.3816381638163816,0.05319352127740852,0.6906077348066298,medium,0.8467
28892855,0,0.594,12,0.4973864368322323,0.3086,63.85,68.62,63.85,,0.0,0.49237309327331824,0.6153846153846154,0.674435360097066,0.30853085308530853,0.06076667430666973,0.6906077348066298,medium,0.9998
28892855,0,0.5562,10,0.49652552675763173,0.2946,109.27,114.04,109.27,,0.0,0.44511127781945486,0.46153846153846156,0.6732679995459323,0.29452945294529453,0.10414279165711667,0.6906077348066298,medium,0.9998
214203342,0,0.4033,14,0.6738434786397184,0.261,92.52,97.06,92.52,,0.0,0.25393848462115526,0.7692307692307693,0.913704240382099,0.2609260926092609,0.08814653525861411,0.6906077348066298,high,0.9968
28797632,0,0.3767,16,0.547731126110833,0.3773,90.72,94.38,90.72,,0.0,0.2206801700425106,0.9230769230769231,0.7427007991444389,0.37723772377237724,0.08642753457101383,0.6906077348066298,high,0.9915
28797632,0,0.3939,12,0.5627309964565518,0.5,67.88,69.73,67.88,,0.0,0.24218554638659662,0.6153846153846154,0.7630400394789584,0.49994999499949994,0.06461532584613035,0.6906077348066298,high,0.8633
214203351,0,0.4616,14,0.5169042900602395,0.3817,55.92,59.79,55.92,,0.0,0.32683170792698174,0.7692307692307693,0.700900809362207,0.3816381638163816,0.05319352127740852,0.6906077348066298,medium,0.8467
"[214203356, 214203300, 214203351]",0,0.3644,14,0.6335030163114294,0.5,109.81,112.11,109.81,,0.0,0.20530132533133283,0.7692307692307693,0.859004143675271,0.49994999499949994,0.10465849186339676,0.6906077348066298,high,0.9998
28797632,0,0.329,14,0.5955312145781033,0.3792,127.19,131.49,127.19,,0.0,0.16104026006501626,0.7692307692307693,0.8075158585375749,0.3791379137913791,0.12125639850255941,0.6906077348066298,high,0.9992
28797632,0,0.3767,16,0.547731126110833,0.3773,90.72,94.38,90.72,,0.0,0.2206801700425106,0.9230769230769231,0.7427007991444389,0.37723772377237724,0.08642753457101383,0.6906077348066298,high,0.9915
214203342,0,0.4033,14,0.6738434786397184,0.261,92.52,97.06,92.52,,0.0,0.25393848462115526,0.7692307692307693,0.913704240382099,0.2609260926092609,0.08814653525861411,0.6906077348066298,high,0.9968
"[214203329, 214203357, 214203342]",0,0.3694,14,0.6802317216037768,0.5,132.07,135.49,132.07,,0.0,0.2115528882220555,0.7692307692307693,0.9223664491856818,0.49994999499949994,0.12591680036672015,0.6906077348066298,high,1.0
214203281,0,0.481,9,0.4266144664432157,0.4858,138.28,139.43,138.28,,0.0,0.3510877719429857,0.38461538461538464,0.5784713229745354,0.48574857485748574,0.1318473527389411,0.6906077348066298,medium,0.9989
214203356,0,0.5728,8,0.50265179324852,0.3397,161.75,162.77,161.75,,0.0,0.4658664666166541,0.3076923076923077,0.681574978449057,0.33963396339633967,0.1542612117044847,0.6906077348066298,medium,0.9997
"[214203300, 214203356, 214203351]",0,0.3644,14,0.6335030163114294,0.5,109.81,112.11,109.81,,0.0,0.20530132533133283,0.7692307692307693,0.859004143675271,0.49994999499949994,0.10465849186339676,0.6906077348066298,high,0.9998
214203356,0,0.5728,8,0.50265179324852,0.3397,161.75,162.77,161.75,,0.0,0.4658664666166541,0.3076923076923077,0.681574978449057,0.33963396339633967,0.1542612117044847,0.6906077348066298,medium,0.9997
214203341,0,0.5621,12,0.4460607993051052,0.5,147.15,147.15,157.06,,0.0,0.45248812203050764,0.6153846153846154,0.6048397934070764,0.49994999499949994,0.14031820612728246,0.6906077348066298,medium,0.9917
28022748,0,0.6512,8,0.3142080283262193,0.5,129.94,129.94,140.32,,0.0,0.5638909727431858,0.3076923076923077,0.4260525681910039,0.49994999499949994,0.12388264955305983,0.6906077348066298,medium,0.9707
214203357,0,0.6848,8,0.35034606434552834,0.308,150.85,158.48,150.85,,0.0,0.6059014753688421,0.3076923076923077,0.4750543383979067,0.30793079307930793,0.14385170754068302,0.6906077348066298,medium,0.9083
201800357,0,0.3412,8,0.6031207088815519,0.5,165.42,176.04,165.42,,0.0,0.17629407351837958,0.3076923076923077,0.817806917399918,0.49994999499949994,0.15776606310642524,0.6906077348066298,high,0.9823
214203358,0,0.5172,14,0.45826031234580783,0.5,173.18,173.18,182.32,,0.0,0.39634908727181795,0.7692307692307693,0.621381858236975,0.49994999499949994,0.16517686607074644,0.6906077348066298,medium,0.5839
201800357,0,0.5542,11,0.42972958858470234,0.2724,190.6,197.13,190.6,,0.0,0.4426106526631658,0.5384615384615384,0.5826953073455179,0.2723272327232723,0.1818129727251891,0.6906077348066298,medium,0.9996
201800357,0,0.3412,8,0.6031207088815519,0.5,165.42,176.04,165.42,,0.0,0.17629407351837958,0.3076923076923077,0.817806917399918,0.49994999499949994,0.15776606310642524,0.6906077348066298,high,0.9823
214203341,0,0.7739,12,0.22140841320637625,0.5,156.97,156.97,164.66,,0.0,0.7173043260815204,0.6153846153846154,0.3002199022165204,0.49994999499949994,0.14969630987852398,0.6906077348066298,medium,0.8001
214203341,0,0.5621,12,0.4460607993051052,0.5,147.15,147.15,157.06,,0.0,0.45248812203050764,0.6153846153846154,0.6048397934070764,0.49994999499949994,0.14031820612728246,0.6906077348066298,medium,0.9917
214203358,0,0.7563,16,0.23402698202774702,0.5,123.78,123.78,132.68,,0.0,0.6952988247061765,0.9230769230769231,0.3173301903736968,0.49994999499949994,0.11799984719993889,0.6906077348066298,medium,0.9934
214203358,0,0.5172,14,0.45826031234580783,0.5,173.18,173.18,182.32,,0.0,0.39634908727181795,0.7692307692307693,0.621381858236975,0.49994999499949994,0.16517686607074644,0.6906077348066298,medium,0.5839
28813514,0,0.8298,12,0.18697139102156857,0.5,112.95,112.95,119.51,,0.0,0.7871967991997998,0.6153846153846154,0.25352464055901586,0.49994999499949994,0.10765719306287724,0.6906077348066298,low,0.9273
28813514,0,0.583,12,0.4157909162412639,0.5,98.47,98.47,108.49,,0.0,0.4786196549137284,0.6153846153846154,0.5637950101960675,0.49994999499949994,0.09382878753151502,0.6906077348066298,medium,0.9997
214203358,0,0.5348,10,0.454559151233902,0.5,77.7,77.7,86.07,,0.0,0.41835458864716185,0.46153846153846156,0.6163632278330585,0.49994999499949994,0.07399342959737185,0.6906077348066298,medium,0.9996
214203358,0,0.7563,16,0.23402698202774702,0.5,123.78,123.78,132.68,,0.0,0.6952988247061765,0.9230769230769231,0.3173301903736968,0.49994999499949994,0.11799984719993889,0.6906077348066298,medium,0.9934
214203341,0,0.7739,12,0.22140841320637625,0.5,156.97,156.97,164.66,,0.0,0.7173043260815204,0.6153846153846154,0.3002199022165204,0.49994999499949994,0.14969630987852398,0.6906077348066298,medium,0.8001
"[28022653, 859282149, 28022767]",0,0.652,10,0.29793880676875767,0.5,154.08,165.32,154.08,,0.0,0.5648912228057015,0.46153846153846156,0.40399213702153036,0.49994999499949994,0.14693635877454353,0.6906077348066298,medium,0.9958
214203358,0,0.5348,10,0.454559151233902,0.5,77.7,77.7,86.07,,0.0,0.41835458864716185,0.46153846153846156,0.6163632278330585,0.49994999499949994,0.07399342959737185,0.6906077348066298,medium,0.9996
28797623,0,0.6111,10,0.3334212405875682,0.5,91.2,91.2,101.58,,0.0,0.5137534383595899,0.46153846153846156,0.4521049361631876,0.49994999499949994,0.08688593475437391,0.6906077348066298,medium,0.9976
28797623,0,0.5095,10,0.4411564495216607,0.5,136.64,138.58,136.64,,0.0,0.38672168042010496,0.46153846153846156,0.5981896859974148,0.49994999499949994,0.13028115211246086,0.6906077348066298,medium,0.9972
214203367,0,0.618,12,0.45196021131981773,0.5,151.13,151.13,159.33,,0.0,0.5223805951487872,0.6153846153846154,0.61283916647058,0.49994999499949994,0.14411910764764307,0.6906077348066298,medium,0.9973
214203283,0,0.7552,6,0.16380836320301534,0.4387,155.19,155.19,162.3,,0.0,0.6939234808702174,0.15384615384615385,0.22211647643370536,0.43864386438643865,0.1479964091985637,0.6906077348066298,low,0.9972
395173882,0,0.7761,6,0.17082846512697367,0.0859,209.46,214.84,209.46,,0.0,0.7200550137534384,0.15384615384615385,0.2316354613924629,0.0858085808580858,0.199824279929712,0.6906077348066298,low,0.9997
27875229,0,0.6367,9,0.31898873772085584,0.0859,186.48,186.48,194.72,,0.0,0.54576144036009,0.38461538461538464,0.4325350240460147,0.0858085808580858,0.17787837115134847,0.6906077348066298,medium,0.9277
395173882,0,0.7761,6,0.17082846512697367,0.0859,209.46,214.84,209.46,,0.0,0.7200550137534384,0.15384615384615385,0.2316354613924629,0.0858085808580858,0.199824279929712,0.6906077348066298,low,0.9997
27875232,0,0.732,11,0.2538188873761342,0.5,49.35,49.35,49.81,0.5525,0.0,0.6649162290572643,0.5384615384615384,0.3441672436468808,0.49994999499949994,0.04691916876766752,0.6906077348066298,low,0.5617
27875232,0,0.7036,10,0.21951182864156668,0.4144,207.93,207.93,208.66,0.5525,0.0,0.6294073518379595,0.46153846153846156,0.29764820736921044,0.41434143414341434,0.19836312934525177,0.6906077348066298,medium,0.9017
172906540,0,0.7489,9,0.2502866427845573,0.5,129.29,131.9,129.29,,0.0,0.6860465116279069,0.38461538461538464,0.33937765746963133,0.49994999499949994,0.12326189930475973,0.6906077348066298,low,0.6171
335710023,0,1.0,8,0.007902017250740181,0.0283,73.73,75.94,73.73,,0.0,1.0,0.3076923076923077,0.010713539813981937,0.028202820282028203,0.07020207808083125,0.6906077348066298,low,1.0
72136968,0,0.8303,11,0.10377280386595295,0.5,45.9,45.9,47.85,0.5125,0.0,0.7878219554888722,0.5384615384615384,0.14071059479404632,0.49994999499949994,0.043624417449766986,0.6022099447513811,low,0.9979
335710026,0,0.7962,11,0.04157827458318867,0.2273,70.42,70.42,71.6,,0.0,0.7451862965741436,0.5384615384615384,0.0563772339436641,0.22722272227222723,0.06704102681641073,0.6906077348066298,low,1.0
214203279,0,0.7934,8,0.1476069468765988,0.2254,57.78,57.78,62.15,0.5925,0.0,0.7416854213553387,0.3076923076923077,0.2001479865182812,0.22532253225322532,0.0549698219879288,0.7790055248618785,low,1.0
335710023,0,0.7445,6,0.2597552760060753,0.4987,44.6,44.6,55.23,,0.0,0.680545136284071,0.15384615384615385,0.35221675556135823,0.49864986498649866,0.04238291695316679,0.6906077348066298,low,0.9941
261273571,0,0.4929,6,0.27586644223964224,0.3477,35.13,35.13,36.25,0.5925,0.0,0.36596649162290573,0.15384615384615385,0.3740628698637689,0.34763476347634764,0.03333906333562534,0.7790055248618785,low,0.5973
214203276,0,0.7283,6,0.23544937178059555,0.5884,182.28,188.32,182.28,,0.0,0.6602900725181295,0.15384615384615385,0.31925889551352493,0.5883588358835884,0.17386736954694784,0.6906077348066298,low,0.6705
172906540,0,0.6883,9,0.2868112497784119,0.2433,127.55,129.51,127.55,,0.0,0.6102775693923481,0.38461538461538464,0.3889036028711467,0.24322432243224323,0.12160019864007947,0.6906077348066298,low,0.519
398401292,0,0.7329,6,0.24433826040757792,0.5618,163.41,168.75,163.41,,0.0,0.6660415103775943,0.15384615384615385,0.33131188250101395,0.5617561756175617,0.15584651233860494,0.6906077348066298,low,0.7956
"[47088313, 201418140]",0,1.0,5,0.11719625923484638,0.5,338.72,338.72,341.85,0.515,0.0,1.0,0.07692307692307693,0.15891227778029587,0.49994999499949994,0.3232676293070518,0.6077348066298343,low,0.9998
514121071,0,1.0,6,0.0009104312625869331,0.5,211.25,211.46,211.25,0.485,0.0,1.0,0.15384615384615385,0.0012332213542230622,0.49994999499949994,0.20153373061349228,0.5414364640883977,low,1.0
222518491,0,1.0,7,9.498799650422e-07,0.5,148.52,148.52,149.42,0.5925,0.0,1.0,0.23076923076923078,2.1535194498837838e-21,0.49994999499949994,0.14162655665062268,0.7790055248618785,low,1.0
4361930,0,1.0,8,9.498799650422e-07,0.5,205.23,205.23,206.56,0.525,0.0,1.0,0.3076923076923077,2.1535194498837838e-21,0.49994999499949994,0.19578462831385135,0.6298342541436465,low,1.0
4361931,0,1.0,6,0.0009104312625869331,0.5,65.81,65.81,68.09,0.485,0.0,1.0,0.15384615384615385,0.0012332213542230622,0.49994999499949994,0.06263847505539004,0.5414364640883977,low,1.0
222518491,0,1.0,7,9.498799650422e-07,0.5,122.68,123.86,122.68,0.5925,0.0,1.0,0.23076923076923078,2.1535194498837838e-21,0.49994999499949994,0.11694934677973873,0.7790055248618785,low,1.0
1380366539,0,1.0,7,9.498799650422e-07,0.5,113.71,113.71,114.32,0.525,0.0,1.0,0.23076923076923078,2.1535194498837838e-21,0.49994999499949994,0.10838299335319734,0.6298342541436465,low,1.0
222518490,0,1.0,6,0.0009104312625869331,0.5,28.07,28.07,31.08,0.555,0.0,1.0,0.15384615384615385,0.0012332213542230622,0.49994999499949994,0.02659676063870426,0.696132596685083,low,1.0
708990963,0,1.0,6,0.11719625923484638,0.5,83.09,83.09,83.94,0.485,0.0,1.0,0.15384615384615385,0.15891227778029587,0.49994999499949994,0.07914088165635268,0.5414364640883977,low,1.0
238733141,0,0.6842,11,0.18715620777875447,0.4081,78.1,89.62,78.1,0.6525,0.0,0.6051512878219555,0.5384615384615384,0.2537752448879608,0.40804080408040805,0.0743754297501719,0.9116022099447513,low,0.9931
238733141,0,0.7013,12,0.08827473272954088,0.7619,166.13,166.13,166.5,0.6525,0.0,0.6265316329082271,0.6153846153846154,0.11969581357929183,0.7618761876187619,0.15844411337764536,0.9116022099447513,low,0.8465
238733142,0,0.7205,12,0.08464611125475333,0.7051,113.29,116.65,113.29,,0.0,0.6505376344086021,0.6153846153846154,0.11477554409977817,0.7050705070507051,0.10798189319275729,0.6906077348066298,low,0.581
238733144,0,1.0,10,0.006960052706128168,0.5,73.86,73.86,75.48,,0.0,1.0,0.46153846153846156,0.009436272556473398,0.49994999499949994,0.07032622813049126,0.6906077348066298,low,1.0
27162454,0,0.9891,12,0.006960052706128168,0.5,18.75,18.75,19.34,0.5075,0.0,0.9863715928982244,0.6153846153846154,0.009436272556473398,0.49994999499949994,0.017696157078462834,0.5911602209944751,low,1.0
238733142,0,0.7205,12,0.08464611125475331,0.7051,113.29,116.65,113.29,,0.0,0.6505376344086021,0.6153846153846154,0.11477554409977814,0.7050705070507051,0.10798189319275729,0.6906077348066298,low,0.581
238733240,0,1.0,10,0.006960052706128168,0.5,38.52,38.52,39.54,,0.0,1.0,0.46153846153846156,0.009436272556473398,0.49994999499949994,0.03657651463060586,0.6906077348066298,low,1.0
27162454,0,0.928,10,0.02658728996073003,0.0004,100.25,100.25,100.32,0.5075,0.0,0.9099774943735933,0.46153846153846156,0.036050042304017926,0.00030003000300030005,0.0955286882114753,0.5911602209944751,low,1.0
238733143,0,0.7904,12,0.1440950840475884,0.3071,124.72,129.09,124.72,,0.0,0.7379344836209052,0.6153846153846154,0.19538603721773307,0.307030703070307,0.11889754755901903,0.6906077348066298,low,0.9849
238733240,0,1.0,10,0.006960052706128168,0.5,38.52,38.52,39.54,,0.0,1.0,0.46153846153846156,0.009436272556473398,0.49994999499949994,0.03657651463060586,0.6906077348066298,low,1.0
335706993,0,0.9802,8,0.006960052706128168,0.5,16.83,16.83,18.76,0.5075,0.0,0.9752438109527382,0.3076923076923077,0.009436272556473398,0.49994999499949994,0.015862556345022538,0.5911602209944751,low,1.0
1388122048,0,0.9806,10,0.06114647906358279,0.5,72.14,72.14,73.44,0.6525,0.0,0.9757439359839959,0.46153846153846156,0.08291095754717195,0.49994999499949994,0.068683627473451,0.9116022099447513,low,1.0
1388122048,0,0.9913,10,0.00025663371903850103,0.5,54.61,115.13,54.61,0.6525,0.0,0.9891222805701424,0.46153846153846156,0.0003466973335574169,0.49994999499949994,0.05194247077698832,0.9116022099447513,low,1.0
238731520,0,0.9923,10,0.00025663371903850103,0.5,51.19,104.43,51.19,0.5925,0.0,0.9903725931482871,0.46153846153846156,0.0003466973335574169,0.49994999499949994,0.04867636947054779,0.7790055248618785,low,1.0
1388121072,0,0.9089,7,0.02658728996073003,0.5864,42.47,53.67,42.47,0.5075,0.0,0.8860965241310328,0.23076923076923078,0.036050042304017926,0.5863586358635864,0.04034876613950646,0.5911602209944751,low,1.0
243982301,0,0.8644,7,0.02658728996073003,0.5864,25.06,36.94,25.06,,0.0,0.8304576144036007,0.23076923076923078,0.036050042304017926,0.5863586358635864,0.0237222094888838,0.6906077348066298,low,1.0
246292517,0,1.0,5,0.020212104552802545,0.5,190.38,197.59,190.38,0.26,0.0,1.0,0.07692307692307693,0.027405539038296865,0.49994999499949994,0.18160287264114908,0.04419889502762435,low,0.9933
246292516,0,1.0,6,0.03180282944595436,0.0662,144.08,144.08,149.47,0.495,0.0,1.0,0.15384615384615385,0.04312211083655897,0.0661066106610661,0.13738635495454202,0.56353591160221,low,1.0
"[1395318813, 827659510]",0,1.0,6,0.02658728996073003,1.0,183.94,183.94,185.57,0.455,0.0,1.0,0.15384615384615385,0.036050042304017926,1.0,0.17545267018106808,0.4751381215469614,low,0.9992
23009302,0,0.8371,11,0.02975197364499679,0.5,80.96,81.31,80.96,0.5525,0.0,0.796324081020255,0.5384615384615384,0.04034123019787899,0.49994999499949994,0.07710673084269234,0.6906077348066298,low,0.9999
23009302,0,0.7999,11,0.241430409220698,0.5,56.82,57.0,56.82,0.5525,0.0,0.7498124531132784,0.5384615384615384,0.32736894947667294,0.49994999499949994,0.054053021621208654,0.6906077348066298,low,0.9216
254195600,0,0.9854,12,0.3579352934648304,0.9504,57.01,62.07,57.01,,0.0,0.9817454363590898,0.6153846153846154,0.48534503768086906,0.9503950395039504,0.054234471693788686,0.6906077348066298,medium,0.6648
254195600,0,0.9854,12,0.3579352934648304,0.9504,57.01,62.07,57.01,,0.0,0.9817454363590898,0.6153846153846154,0.48534503768086906,0.9503950395039504,0.054234471693788686,0.6906077348066298,medium,0.6648
260660821,0,0.8081,10,0.2922989696078533,0.5,9.17,9.17,9.88,0.5075,0.0,0.7600650162540636,0.46153846153846156,0.3963447373561107,0.49994999499949994,0.008547253418901368,0.5911602209944751,low,0.8283
260660827,0,0.7574,11,0.1198946257020613,0.311,61.63,61.98,61.63,,0.0,0.6966741685421354,0.5384615384615384,0.16257115767874492,0.31093109310931094,0.05864657345862939,0.6906077348066298,low,0.9985
769579726,0,0.7258,7,0.4312901918286847,0.5,29.34,29.34,30.98,0.5075,0.0,0.6571642910727682,0.23076923076923078,0.5848114245995079,0.49994999499949994,0.027809611123844453,0.5911602209944751,medium,0.9485
"[218802432, 108756224, 108756229, 108756222]",0,1.0,6,0.04098485471906703,0.501,443.98,443.98,447.3,0.455,0.0,1.0,0.15384615384615385,0.05557257970616312,0.5009500950095009,0.42379096951638784,0.4751381215469614,low,0.988
"[254698208, 108756233, 108756226]",0,1.0,4,0.04098485471906703,0.501,456.53,456.53,460.08,0.455,0.0,1.0,0.0,0.05557257970616312,0.5009500950095009,0.43577622431048973,0.4751381215469614,low,0.9972
255493320,0,1.0,7,0.1773842936415572,0.5,49.26,49.26,50.2,,0.0,1.0,0.23076923076923078,0.24052490967946544,0.49994999499949994,0.046833218733287496,0.6906077348066298,low,1.0
255493287,0,0.8425,9,0.06434818675309055,0.3358,8.34,8.34,9.69,0.5525,0.0,0.8030757689422356,0.38461538461538464,0.08725234855101911,0.3357335733573357,0.007754603101841241,0.6906077348066298,low,1.0
335710012,0,0.8584,8,0.1773842936415572,0.5,43.26,43.94,43.26,0.5525,0.0,0.8229557389347337,0.3076923076923077,0.24052490967946544,0.49994999499949994,0.04110321644128658,0.6906077348066298,low,0.9999
335710028,0,0.8947,7,0.00640608728971159,0.5,46.41,47.1,46.41,,0.0,0.8683420855213804,0.23076923076923078,0.008685117014337343,0.49994999499949994,0.04411146764458706,0.6906077348066298,low,1.0
335710028,0,1.0,6,0.07079957263743489,0.5,142.86,142.86,142.96,,0.0,1.0,0.15384615384615385,0.09600017669673754,0.49994999499949994,0.13622125448850184,0.6906077348066298,low,1.0
28798433,0,0.8309,9,0.07079957263743489,0.5,142.35,147.31,142.35,,0.0,0.788572143035759,0.38461538461538464,0.09600017669673754,0.49994999499949994,0.13573420429368172,0.6906077348066298,low,0.9997
335710028,0,0.7827,6,0.09377941938970386,0.5,70.75,70.75,72.03,,0.0,0.7283070767691923,0.15384615384615385,0.12715995442629813,0.49994999499949994,0.06735617694247079,0.6906077348066298,low,1.0
255493344,0,1.0,10,0.043458311391221936,0.2372,86.43,86.43,86.87,,0.0,1.0,0.46153846153846156,0.05892649067688948,0.23712371237123714,0.08233058293223319,0.6906077348066298,low,1.0
4857421,0,0.8306,8,0.043458311391221936,0.2372,18.0,18.0,22.52,0.5525,0.0,0.7881970492623156,0.3076923076923077,0.05892649067688948,0.23712371237123714,0.01697990679196272,0.6906077348066298,low,1.0
6276362,0,1.0,10,0.07079957263743489,0.5,164.96,173.5,164.96,,0.0,1.0,0.46153846153846156,0.09600017669673754,0.49994999499949994,0.1573267629307052,0.6906077348066298,low,1.0
255493315,0,0.8017,7,0.07079957263743489,0.5,153.83,158.4,153.83,,0.0,0.7520630157539383,0.23076923076923078,0.09600017669673754,0.49994999499949994,0.1466976086790435,0.6906077348066298,low,0.9998
548889117,0,1.0,6,0.18588428379656105,0.5,34.61,34.61,36.34,,0.0,1.0,0.15384615384615385,0.25205056547641813,0.49994999499949994,0.03284246313698526,0.6906077348066298,low,1.0
553116324,0,0.6686,7,0.05492422363650177,0.5,3.31,3.31,9.55,,0.0,0.5856464116029007,0.23076923076923078,0.07447382138283905,0.49994999499949994,0.002950951180380472,0.6906077348066298,low,0.9999
552544590,0,0.6571,6,0.18588428379656105,0.5,38.14,38.58,38.14,,0.0,0.5712678169542386,0.15384615384615385,0.25205056547641813,0.49994999499949994,0.0362136144854458,0.6906077348066298,low,0.9924
28798434,0,0.934,6,0.18588428379656105,0.5,55.6,56.53,55.6,,0.0,0.9174793698424606,0.15384615384615385,0.25205056547641813,0.49994999499949994,0.05288792115516847,0.6906077348066298,low,1.0
44289555,0,0.6715,7,0.19074119572922,0.5,73.72,79.73,73.72,0.485,0.0,0.5892723180795199,0.23076923076923078,0.2586363490068832,0.49994999499949994,0.07019252807701123,0.5414364640883977,low,0.6277
552544593,0,0.9919,6,0.18588428379656105,0.5,58.87,58.87,65.24,,0.0,0.9898724681170292,0.15384615384615385,0.25205056547641813,0.49994999499949994,0.05601077240430897,0.6906077348066298,low,1.0
6276362,0,1.0,10,0.05756180975324577,0.1029,251.32,256.68,251.32,,0.0,1.0,0.46153846153846156,0.07805028549186115,0.10281028102810282,0.2398005959202384,0.6906077348066298,low,1.0
255493315,0,0.8038,8,0.026698522791947135,0.1693,211.5,219.27,211.5,,0.0,0.7546886721680418,0.3076923076923077,0.03620086969352663,0.16921692169216923,0.2017724807089923,0.6906077348066298,low,1.0
959069338,0,1.0,10,0.19074119572922,0.5,130.5,137.05,130.5,0.4275,0.0,1.0,0.46153846153846156,0.2586363490068832,0.49994999499949994,0.12441744976697992,0.4143646408839779,low,0.9784
44289555,0,0.898,10,0.01129154899794391,0.3906,147.1,147.26,147.1,0.485,0.0,0.8724681170292572,0.46153846153846156,0.015309612929209697,0.39053905390539057,0.14027045610818245,0.5414364640883977,low,0.9999
959069338,0,1.0,10,0.19074119572922,0.5,130.5,137.05,130.5,0.4275,0.0,1.0,0.46153846153846156,0.2586363490068832,0.49994999499949994,0.12441744976697992,0.4143646408839779,low,0.9784
4827167,0,0.8068,9,0.049006337131524254,0.5,87.53,92.34,87.53,0.485,0.0,0.7584396099024756,0.38461538461538464,0.06644939762963632,0.49994999499949994,0.08338108335243336,0.5414364640883977,low,0.9987
959069338,0,0.8282,11,0.001107244629558698,0.5,170.42,175.46,170.42,0.4275,0.0,0.7851962990747687,0.5384615384615384,0.0015000926190821772,0.49994999499949994,0.162541065016426,0.4143646408839779,low,0.9093
6276353,0,0.8711,11,0.002298627384065529,0.1029,198.89,204.54,198.89,,0.0,0.8388347086771692,0.5384615384615384,0.003115561260864963,0.10281028102810282,0.18972992589197035,0.6906077348066298,low,1.0
6276353,0,1.0,10,0.06506969248941023,0.1029,215.76,224.87,215.76,,0.0,1.0,0.46153846153846156,0.08823068224561194,0.10281028102810282,0.20584078233631295,0.6906077348066298,low,1.0
255493315,0,0.7285,9,0.06506969248941023,0.1029,251.24,259.22,251.24,,0.0,0.6605401350337584,0.38461538461538464,0.08823068224561194,0.10281028102810282,0.2397241958896784,0.6906077348066298,low,0.9972
255493286,0,0.793,8,0.25728826636683017,0.5,116.4,120.0,116.4,0.5925,0.0,0.7411852963240809,0.3076923076923077,0.34887158651631356,0.49994999499949994,0.11095194438077777,0.7790055248618785,low,0.9889
28798411,0,0.7218,12,0.10467040820599122,0.0247,131.85,143.51,131.85,,0.0,0.65216304076019,0.6153846153846154,0.14192771134082746,0.024602460246024603,0.12570670028268013,0.6906077348066298,low,0.997
28798411,0,0.6246,12,0.31422595646771395,0.4373,107.0,112.93,107.0,,0.0,0.5306326581645412,0.6153846153846154,0.4260768780530365,0.43724372437243725,0.10197494078997633,0.6906077348066298,medium,0.9988
"[1424097324, 255493285]",0,0.8021,12,0.16396653131183267,0.4373,73.7,75.95,73.7,,0.0,0.7525631407851964,0.6153846153846154,0.22233094623273333,0.43724372437243725,0.07017342806937124,0.6906077348066298,low,0.9835
255493306,0,0.5682,7,0.49825743910200593,0.3911,113.8,113.8,141.04,,0.0,0.46011502875718935,0.23076923076923078,0.6756164052720259,0.39103910391039104,0.10846894338757737,0.6906077348066298,medium,0.9999
255493339,0,0.5376,10,0.47501088069013525,0.2479,129.39,129.39,131.62,,0.0,0.42185546386596645,0.46153846153846156,0.644094976913518,0.24782478247824785,0.12335739934295974,0.6906077348066298,medium,0.9998
450248460,0,0.8105,10,0.06411273873375993,0.054,18.98,18.98,101.28,0.4825,0.0,0.7630657664416104,0.46153846153846156,0.08693309020137485,0.0539053905390539,0.01791580716632287,0.5359116022099447,low,1.0
28797205,0,0.4519,9,0.5045907678372283,0.3697,59.8,59.8,107.01,,0.0,0.31470367591897974,0.38461538461538464,0.6842041525187862,0.3696369636963696,0.05689892275956911,0.6906077348066298,medium,0.9989
1412277343,0,0.4267,10,0.35860685647242496,0.2978,9.25,9.25,122.09,0.4825,0.0,0.28319579894973745,0.46153846153846156,0.4862556509792792,0.29772977297729775,0.00862365344946138,0.5359116022099447,medium,1.0
27549388,0,0.9721,10,0.006331132109864454,0.4834,28.69,28.69,35.14,0.6925,0.0,0.9651162790697674,0.46153846153846156,0.008583480708016658,0.48334833483348333,0.027188860875544354,1.0,low,1.0
27549408,0,1.0,11,0.006331132109864454,0.4834,6.95,6.95,9.49,0.4525,0.0,1.0,0.5384615384615384,0.008583480708016658,0.48334833483348333,0.00642715257086103,0.4696132596685083,low,1.0
335654481,0,0.8368,10,0.015963219932866108,0.0047,15.51,15.51,18.52,0.4725,0.0,0.7959489872468117,0.46153846153846156,0.021644216877055922,0.0046004600460046,0.014601955840782338,0.5138121546961325,low,1.0
243982968,0,0.7282,9,0.16199639520739825,0.5,88.48,88.48,88.57,0.5925,0.0,0.660165041260315,0.38461538461538464,0.21965951836060893,0.49994999499949994,0.0842883337153335,0.7790055248618785,low,0.9948
1453834027,0,0.7411,9,0.3014105555088864,0.3942,121.19,121.59,121.19,,0.0,0.6762940735183794,0.38461538461538464,0.4086996931789539,0.3941394139413941,0.11552639621055849,0.6906077348066298,medium,0.5119
769579729,0,0.7729,6,0.27632905659534424,0.3402,108.13,108.96,108.13,0.6075,0.0,0.7160540135033757,0.15384615384615385,0.3746901569233206,0.34013401340134014,0.1030540912216365,0.8121546961325967,low,0.9995
129144303,0,0.6909,7,0.13373683544605347,0.2962,165.18,165.18,165.34,,0.0,0.6135283820955237,0.23076923076923078,0.18134065529805202,0.29612961296129614,0.15753686301474523,0.6906077348066298,low,0.9934
260660832,0,0.7723,7,0.19967532507674005,0.4606,135.2,135.97,135.2,0.6075,0.0,0.7153038259564891,0.23076923076923078,0.27075068065047353,0.46054605460546055,0.12890595156238063,0.8121546961325967,low,0.9991
769579728,0,0.6949,6,0.17031797628550052,0.1599,112.44,112.44,112.6,,0.0,0.618529632408102,0.15384615384615385,0.23094325839366991,0.15981598159815982,0.10717014286805716,0.6906077348066298,low,0.9996
260660819,0,0.3088,6,0.5186585125685689,0.1995,74.45,74.5,74.45,,0.0,0.13578394598649665,0.15384615384615385,0.703279466802224,0.19941994199419943,0.07088967835587136,0.6906077348066298,medium,0.9992
28797558,0,0.6835,7,0.24098172342279597,0.1491,49.02,50.7,49.02,,0.0,0.6042760690172543,0.23076923076923078,0.32676054899934354,0.14901490149014904,0.046604018641607466,0.6906077348066298,low,0.998
260660819,0,0.4832,6,0.14722978186006777,0.002,66.47,66.58,66.47,,0.0,0.35383845961490373,0.15384615384615385,0.19963656543661917,0.0019001900190019003,0.06326877530751013,0.6906077348066298,low,0.9918
335710027,0,0.527,6,0.5128786424713746,0.002,65.42,65.42,66.17,,0.0,0.40860215053763443,0.15384615384615385,0.6954421879258309,0.0019001900190019003,0.06226602490640997,0.6906077348066298,medium,0.9919
"[769579732, 260660838]",0,0.8798,7,0.012527776886277276,0.3478,6.79,6.79,15.84,,0.0,0.8497124281070266,0.23076923076923078,0.016985889826911304,0.3477347734773477,0.006274352509741005,0.6906077348066298,low,1.0
552544592,0,0.9964,6,0.5128786424713746,0.002,50.84,50.84,51.24,,0.0,0.9954988747186796,0.15384615384615385,0.6954421879258309,0.0019001900190019003,0.04834211933684775,0.6906077348066298,low,0.9999
260660814,0,0.9999,8,0.00021991353378478777,0.5,57.94,57.94,65.35,,0.0,0.9998749687421855,0.3076923076923077,0.00029690619164821254,0.49994999499949994,0.055122622049048824,0.6906077348066298,low,1.0
769579731,0,0.6721,8,0.04682315953062413,0.5,51.72,51.72,59.12,,0.0,0.5900225056264066,0.3076923076923077,0.063489093780722,0.49994999499949994,0.04918251967300787,0.6906077348066298,low,0.9993
260660820,0,1.0,8,0.04682315953062413,0.5,46.56,46.56,53.96,,0.0,1.0,0.3076923076923077,0.063489093780722,0.49994999499949994,0.04425471770188709,0.6906077348066298,low,1.0
769579730,0,0.7177,10,0.18805208757156347,0.5,39.43,39.43,44.68,,0.0,0.6470367591897975,0.46153846153846156,0.2549900230158253,0.49994999499949994,0.037445564978225994,0.6906077348066298,low,0.9512
261273573,0,0.8211,11,0.11161371244844835,0.5,60.92,61.31,60.92,,0.0,0.7763190797699424,0.5384615384615384,0.1513425616327389,0.49994999499949994,0.057968523187409284,0.6906077348066298,low,0.999
261470168,0,0.7018,10,0.25542798542272965,0.5,64.01,64.01,64.51,0.5525,0.0,0.6271567891972993,0.46153846153846156,0.34634911796560464,0.49994999499949994,0.06091947436778976,0.6906077348066298,medium,0.5519
72133499,0,0.9609,11,0.0003659895676719699,0.5,47.05,47.05,49.42,0.5525,0.0,0.9511127781945484,0.5384615384615384,0.0004949796077422922,0.49994999499949994,0.04472266788906716,0.6906077348066298,low,1.0
261273573,0,0.8211,11,0.11161371244844834,0.5,60.92,61.31,60.92,,0.0,0.7763190797699424,0.5384615384615384,0.15134256163273888,0.49994999499949994,0.057968523187409284,0.6906077348066298,low,0.999
261470171,0,0.8382,12,0.03516135814795943,0.5803,176.06,178.49,176.06,0.5525,0.0,0.7976994248562138,0.6153846153846154,0.04767614502925848,0.5802580258025803,0.1679272671709069,0.6906077348066298,low,0.9922
172906541,0,0.4738,12,0.12202268088074891,0.5,65.38,65.38,71.88,,0.0,0.3420855213803451,0.6153846153846154,0.16545671766872175,0.49994999499949994,0.06222782489112996,0.6906077348066298,medium,0.9929
261273572,0,0.7416,12,0.05620800692026353,0.5,36.5,36.5,39.51,,0.0,0.6769192298074519,0.6153846153846154,0.07621458154569749,0.49994999499949994,0.034647413858965546,0.6906077348066298,low,0.9973
172906541,0,0.7027,12,0.01825522394147193,0.5,23.06,23.06,28.78,,0.0,0.6282820705176293,0.6153846153846154,0.024752085098865,0.49994999499949994,0.021812208724883493,0.6906077348066298,low,0.9981
27875179,0,0.8808,11,0.010531089768775476,0.5,155.12,156.21,155.12,0.5525,0.0,0.8509627406851713,0.5384615384615384,0.014278459814537958,0.49994999499949994,0.14792955917182368,0.6906077348066298,low,0.9999
27875179,0,0.7511,12,0.22708690082197633,0.443,102.79,103.31,102.79,0.5525,0.0,0.6887971992998249,0.6153846153846154,0.30791971039407884,0.44294429442944294,0.0979543891817557,0.6906077348066298,medium,0.5507
261273570,0,0.9258,12,0.04813759869205179,0.5,156.86,158.55,156.86,,0.0,0.9072268067016753,0.6153846153846154,0.0652714221204474,0.49994999499949994,0.14959125983650395,0.6906077348066298,low,0.9998
1466479252,0,1.0,12,0.027885361942353075,1.0,29.78,29.78,31.08,0.5525,0.0,1.0,0.6153846153846154,0.03781017738500364,1.0,0.028229811291924523,0.6906077348066298,low,1.0
"[1466479257, 140862015]",0,0.8566,10,0.027885361942353075,0.8977,79.37,84.64,79.37,0.5925,0.0,0.8207051762940736,0.46153846153846156,0.03781017738500364,0.8976897689768978,0.07558828023531211,0.7790055248618785,low,0.9998
"[1442109331, 649938997]",0,0.9242,10,0.027885361942353075,1.0,61.93,61.93,62.04,0.5125,0.0,0.905226306576644,0.46153846153846156,0.03781017738500364,1.0,0.05893307357322944,0.6022099447513811,low,0.999
67502611,0,0.8814,7,0.004782745867494452,0.5264,90.13,90.13,125.93,,0.0,0.851712928232058,0.23076923076923078,0.006483929232679035,0.5263526352635264,0.08586408434563374,0.6906077348066298,low,1.0
552544601,0,0.9948,6,0.004782745867494452,0.5264,74.26,74.26,107.91,0.5925,0.0,0.9934983745936483,0.15384615384615385,0.006483929232679035,0.5263526352635264,0.07070822828329133,0.7790055248618785,low,1.0
552544594,0,0.765,6,0.03551526289914562,0.5,35.75,35.75,60.69,0.5925,0.0,0.7061765441360339,0.15384615384615385,0.048156026096494414,0.49994999499949994,0.033931163572465436,0.7790055248618785,low,1.0
67502725,0,0.7335,12,0.16121247023853366,0.0789,142.11,150.68,142.11,0.5525,0.0,0.6667916979244812,0.6153846153846154,0.21859654661628858,0.07880788078807881,0.1355050042020017,0.6906077348066298,low,0.9751
293132966,0,0.5275,12,0.5319744807577548,0.0705,112.01,119.64,112.01,,0.0,0.4092273068267066,0.6153846153846154,0.7213354013566162,0.0704070407040704,0.1067594927037971,0.6906077348066298,medium,0.9991
1483305704,0,0.645,10,0.2776113364065695,0.0789,126.21,134.84,126.21,0.5525,0.0,0.5561390347586896,0.46153846153846156,0.3764288784359406,0.07880788078807881,0.12032049812819925,0.6906077348066298,medium,0.5599
67502725,0,0.7335,12,0.16121247023853366,0.0789,142.11,150.68,142.11,0.5525,0.0,0.6667916979244812,0.6153846153846154,0.21859654661628858,0.07880788078807881,0.1355050042020017,0.6906077348066298,low,0.9751
67502725,0,0.6745,12,0.1375336576843312,0.1949,166.24,173.03,166.24,0.5525,0.0,0.5930232558139534,0.6153846153846154,0.18648899846581946,0.19481948194819482,0.1585491634196654,0.6906077348066298,low,0.693
293132965,0,0.608,12,0.479310105170279,0.0705,140.3,147.88,140.3,,0.0,0.5098774693673418,0.6153846153846154,0.6499245579657736,0.0704070407040704,0.13377645351058143,0.6906077348066298,medium,0.9999
293132965,0,0.608,12,0.479310105170279,0.0705,140.3,147.88,140.3,,0.0,0.5098774693673418,0.6153846153846154,0.6499245579657736,0.0704070407040704,0.13377645351058143,0.6906077348066298,medium,0.9999
334891940,0,0.7237,12,0.2298235345625591,0.0705,130.52,130.52,136.8,,0.0,0.6545386346586647,0.6153846153846154,0.3116304792257011,0.0704070407040704,0.12443654977461993,0.6906077348066298,low,0.8476
334891940,0,0.499,12,0.41647311245950996,0.4468,134.91,140.02,134.91,,0.0,0.3735933983495874,0.6153846153846154,0.5647200417142344,0.4467446744674467,0.12862900145160058,0.6906077348066298,medium,0.9953
293132964,0,0.5344,10,0.5368524180562194,0.183,85.31,93.26,85.31,,0.0,0.41785446361590395,0.46153846153846156,0.7279496944647235,0.18291829182918293,0.08126098250439301,0.6906077348066298,medium,0.9997
334891940,0,0.6635,12,0.23492582587599825,0.183,106.53,111.24,106.53,,0.0,0.5792698174543636,0.6153846153846154,0.31854898764536815,0.18291829182918293,0.10152609061043626,0.6906077348066298,medium,0.6635
334891940,0,0.7098,10,0.38933691190802816,0.183,54.36,62.04,54.36,,0.0,0.6371592898224556,0.46153846153846156,0.5279244100146686,0.18291829182918293,0.05170372068148828,0.6906077348066298,medium,0.6591
293132966,0,0.5275,12,0.5319744807577548,0.0705,112.01,119.64,112.01,,0.0,0.4092273068267066,0.6153846153846154,0.7213354013566162,0.0704070407040704,0.1067594927037971,0.6906077348066298,medium,0.9991
334891940,0,0.6635,12,0.23492582587599825,0.183,106.53,111.24,106.53,,0.0,0.5792698174543636,0.6153846153846154,0.31854898764536815,0.18291829182918293,0.10152609061043626,0.6906077348066298,medium,0.6635
334891940,0,0.499,12,0.4164731124595099,0.4468,134.91,140.02,134.91,,0.0,0.3735933983495874,0.6153846153846154,0.5647200417142343,0.4467446744674467,0.12862900145160058,0.6906077348066298,medium,0.9953
4636183,0,0.8923,6,0.01569780367844644,0.7025,178.79,184.62,178.79,0.6525,0.0,0.8653413353338333,0.15384615384615385,0.02128432276711314,0.7024702470247025,0.1705344182137673,0.9116022099447513,low,1.0
23198471,0,0.6036,8,0.41741545655755247,0.5,186.24,194.27,186.24,0.5925,0.0,0.5043760940235059,0.3076923076923077,0.5659978236314209,0.49994999499949994,0.17764917105966846,0.7790055248618785,medium,0.9996
661300510,0,0.7133,11,0.25091517938478997,0.5,263.4,266.44,263.4,0.5525,0.0,0.6415353838459615,0.5384615384615384,0.3402299286344166,0.49994999499949994,0.2513370005348002,0.6906077348066298,medium,0.9978
"[306173977, 306174002]",0,1.0,4,5.745241884014451e-06,0.5,628.55,637.54,628.55,0.34,0.0,1.0,0.0,6.502324107675827e-06,0.49994999499949994,0.600055390022156,0.22099447513812162,medium,0.9093
"[1383244850, 27880403]",0,0.5498,6,0.46113526204637995,0.5562,254.15,267.92,254.15,0.4925,0.0,0.43710927731932975,0.15384615384615385,0.6252801781265387,0.5561556155615562,0.24250324700129883,0.5580110497237569,medium,0.9536
109230052,0,0.8983,9,9.554368248226999e-05,0.2913,287.81,287.81,296.02,0.5075,0.0,0.8728432108027006,0.38461538461538464,0.00012826551424846807,0.29122912291229125,0.27464855985942394,0.5911602209944751,low,0.9998
319095648,0,0.8972,7,0.05609719318776203,0.5,293.44,300.04,293.44,0.5075,0.0,0.8714678669667417,0.23076923076923078,0.07606432243773417,0.49994999499949994,0.2800252120100848,0.5911602209944751,low,0.9981
28875473,0,1.0,6,0.05609719318776203,0.5,304.21,311.21,304.21,0.5075,0.0,1.0,0.15384615384615385,0.07606432243773417,0.49994999499949994,0.29031056612422645,0.5911602209944751,low,1.0
28875473,0,1.0,6,0.15976942090317028,0.5,284.76,292.59,284.76,0.5075,0.0,1.0,0.15384615384615385,0.21663982788672295,0.49994999499949994,0.27173580869432346,0.5911602209944751,low,0.9994
196330136,0,0.6731,7,0.37424308505325926,0.4228,162.11,170.07,162.11,0.6925,0.0,0.5912728182045511,0.23076923076923078,0.5074577683110361,0.4227422742274228,0.15460501184200476,1.0,low,0.8616
323172610,0,0.6319,8,0.3565139643341871,0.3899,150.51,153.52,150.51,0.5925,0.0,0.5397599399849963,0.3076923076923077,0.4834177707034676,0.3898389838983899,0.14352700741080296,0.7790055248618785,medium,0.9618
451863069,0,0.5855,11,0.2971622501704171,0.5,119.92,119.92,120.56,0.4825,0.0,0.4817454363590898,0.5384615384615384,0.40293915650083445,0.49994999499949994,0.11431354572541831,0.5359116022099447,medium,0.9999
1412277347,0,0.5242,10,0.324028312637541,0.3424,136.48,136.48,136.69,0.4825,0.0,0.40510127531882967,0.46153846153846156,0.43936849147285356,0.34233423342334235,0.13012835205134082,0.5359116022099447,medium,0.9999
28892416,0,0.5968,8,0.5143939583140911,0.5,91.39,97.05,91.39,,0.0,0.495873968492123,0.3076923076923077,0.6974968972264691,0.49994999499949994,0.08706738482695395,0.6906077348066298,medium,0.9998
332333324,0,0.6757,6,0.2782716889188364,0.5,49.76,53.04,49.76,,0.0,0.5945236309077269,0.15384615384615385,0.3773242907390432,0.49994999499949994,0.04731071892428757,0.6906077348066298,low,0.9122
332333324,0,0.6757,6,0.2782716889188364,0.5,49.76,53.04,49.76,,0.0,0.5945236309077269,0.15384615384615385,0.3773242907390432,0.49994999499949994,0.04731071892428757,0.6906077348066298,low,0.9122
28890297,0,1.0,14,0.08298089211673741,0.5,159.71,161.78,159.71,0.6525,0.0,1.0,0.7692307692307693,0.11251757176554303,0.49994999499949994,0.15231301092520438,0.9116022099447513,low,1.0
262841098,0,0.7825,12,0.08298089211673741,0.5,168.84,172.83,168.84,0.6525,0.0,0.7280570142535634,0.6153846153846154,0.11251757176554303,0.49994999499949994,0.16103216441286577,0.9116022099447513,low,0.9989
109190382,0,0.7528,16,0.1816887061268556,0.2144,160.49,166.89,160.49,0.6525,0.0,0.6909227306826706,0.9230769230769231,0.24636152546477308,0.21432143214321434,0.1530579112231645,0.9116022099447513,low,0.9062
334895864,0,0.7283,17,0.013879333684982374,0.5342,103.66,104.22,103.66,0.6525,0.0,0.6602900725181295,1.0,0.018818548238019685,0.5341534153415342,0.09878523951409582,0.9116022099447513,low,0.9842
"[335205298, 27875262]",0,0.9741,8,0.0003644939764106626,0.5,177.45,186.62,177.45,0.5075,0.0,0.9676169042260565,0.3076923076923077,0.0004929516442062861,0.49994999499949994,0.16925471770188708,0.5911602209944751,low,1.0
"[363481683, 441627475]",0,1.0,7,0.15976942090317028,0.5,266.72,274.38,266.72,0.5075,0.0,1.0,0.23076923076923078,0.21663982788672295,0.49994999499949994,0.2545076018030408,0.5911602209944751,low,0.9991
335205291,0,0.8341,9,0.09326054963005755,0.5,323.34,332.37,323.34,0.5525,0.0,0.7925731432858213,0.38461538461538464,0.1264563872286808,0.49994999499949994,0.30857972343188933,0.6906077348066298,low,0.9179
335205290,0,0.8231,7,0.029602642146628458,0.5,299.76,308.15,299.76,0.5925,0.0,0.7788197049262315,0.23076923076923078,0.040138742498664025,0.49994999499949994,0.28606081442432574,0.7790055248618785,low,0.9997
335206234,0,0.9331,7,0.02658728996073003,0.5864,54.72,64.54,54.72,0.5075,0.0,0.9163540885221306,0.23076923076923078,0.036050042304017926,0.5863586358635864,0.05204752081900833,0.5911602209944751,low,1.0
335206237,0,1.0,8,0.02658728996073003,0.5864,42.12,49.51,42.12,,0.0,1.0,0.3076923076923077,0.036050042304017926,0.5863586358635864,0.040014516005806404,0.6906077348066298,low,1.0
"[30920390, 178450935]",0,1.0,5,0.01799352439608994,0.4943,125.03,131.3,125.03,0.475,0.0,1.0,0.07692307692307693,0.024397230701708295,0.4942494249424943,0.11919359767743909,0.5193370165745856,low,1.0
106772285,0,0.4351,8,0.6119003884098492,0.4999,145.19,145.19,148.64,0.5925,0.0,0.29369842460615153,0.3076923076923077,0.8297118211004401,0.49984998499849986,0.13844640537856218,0.7790055248618785,medium,0.6222
27880406,0,0.6028,6,0.3915071156856693,0.1171,199.37,204.3,199.37,0.6925,0.0,0.5033758439609902,0.15384615384615385,0.5308671218642362,0.117011701170117,0.19018832607533045,1.0,low,0.8827
336758159,0,0.4849,6,0.6033503943599332,0.4974,110.62,110.62,111.93,0.5925,0.0,0.3559639909977494,0.15384615384615385,0.8181183619683359,0.4973497349734974,0.10543204217281689,0.7790055248618785,medium,0.9947
27924848,0,0.6968,8,0.32737895648930715,1.0,296.31,296.31,312.08,0.6525,0.0,0.6209052263065766,0.3076923076923077,0.44391183411553864,1.0,0.28276606310642527,0.9116022099447513,medium,0.9996
360129910,0,0.946,7,0.016190720374233015,1.0,250.03,252.6,250.03,0.6925,0.0,0.932483120780195,0.23076923076923078,0.021952698620332552,1.0,0.2385686454274582,1.0,low,1.0
1411199380,0,0.8823,8,0.016190720374233015,1.0,294.47,298.14,294.47,0.6925,0.0,0.852838209552388,0.3076923076923077,0.021952698620332552,1.0,0.281008862403545,1.0,low,0.9998
360129911,0,0.9914,7,0.016190720374233015,1.0,265.39,267.58,265.39,0.6925,0.0,0.9892473118279568,0.23076923076923078,0.021952698620332552,1.0,0.2532374512949805,1.0,low,1.0
1411199382,0,0.919,7,0.050549753317932565,1.0,247.4,248.39,247.4,0.6925,0.0,0.8987246811702926,0.23076923076923078,0.06854220990254413,1.0,0.2360569944227978,1.0,low,1.0
810673587,0,0.6251,10,0.3130003410583284,0.1821,58.27,58.27,62.37,0.5525,0.0,0.5312578144536133,0.46153846153846156,0.42441499126370846,0.18201820182018205,0.05543777217510888,0.6906077348066298,medium,0.7363
360205292,0,0.5871,10,0.24818560078404747,0.0234,78.62,78.62,80.72,0.5725,0.0,0.48374593648412095,0.46153846153846156,0.3365287262978038,0.0233023302330233,0.074872029948812,0.7348066298342542,low,0.8255
1388114345,0,0.5788,10,0.37345256406302396,0.0443,83.05,83.05,86.99,0.5525,0.0,0.4733683420855213,0.46153846153846156,0.5063858526184803,0.0442044204420442,0.07910268164107266,0.6906077348066298,medium,0.9732
"[1388114344, 30920367]",0,0.5674,10,0.3020692899697311,0.0234,77.86,79.69,77.86,0.5725,0.0,0.45911477869467365,0.46153846153846156,0.4095929114673089,0.0233023302330233,0.07414622965849187,0.7348066298342542,medium,0.6538
1461205808,0,0.5735,10,0.214252138383861,0.0234,69.33,69.33,71.66,0.5725,0.0,0.4667416854213553,0.46153846153846156,0.29051627210770736,0.0233023302330233,0.06600007640003057,0.7348066298342542,low,0.9181
109190382,0,0.8451,13,0.1389091371226716,0.5,164.72,164.72,169.95,0.6525,0.0,0.8063265816454113,0.6923076923076923,0.18835409504510958,0.49994999499949994,0.15709756283902515,0.9116022099447513,low,0.998
109190382,0,0.9108,11,0.07780258346339536,0.5,131.02,135.45,131.02,0.6525,0.0,0.8884721180295074,0.5384615384615384,0.10549598679186313,0.49994999499949994,0.12491404996562001,0.9116022099447513,low,1.0
27880402,0,0.8657,13,0.0009713075709314777,0.8255,179.04,179.04,183.61,0.6525,0.0,0.8320830207551887,0.6923076923076923,0.0013157672587915908,0.8254825482548255,0.17077316830926734,0.9116022099447513,low,0.9994
27880402,0,0.8364,11,0.01933353871926824,0.7789,209.44,214.73,209.44,0.6525,0.0,0.795448862215554,0.5384615384615384,0.026214237965281134,0.7788778877887789,0.199805179922072,0.9116022099447513,low,0.9994
361060683,0,0.9789,10,0.027898582954932766,0.5,171.06,171.06,174.66,0.5525,0.0,0.9736184046011501,0.46153846153846156,0.03782810456344761,0.49994999499949994,0.16315226526090612,0.6906077348066298,low,1.0
335654464,0,0.9159,10,0.028314272618795093,0.5,75.64,75.64,76.61,0.6525,0.0,0.8948487121780444,0.46153846153846156,0.03839176356735924,0.49994999499949994,0.07202612881045153,0.9116022099447513,low,1.0
106154493,0,1.0,10,0.010960785017882075,0.5,51.56,51.56,53.23,0.6925,0.0,1.0,0.46153846153846156,0.014861109846888057,0.49994999499949994,0.04902971961188785,1.0,low,1.0
639622979,0,0.9701,10,0.010960785017882075,0.5,62.09,63.4,62.09,0.6525,0.0,0.9626156539134784,0.46153846153846156,0.014861109846888057,0.49994999499949994,0.059085873634349466,0.9116022099447513,low,1.0
28798475,0,0.7711,7,0.11917034375520077,0.5,162.8,177.69,162.8,,0.0,0.7138034508627156,0.23076923076923078,0.1615890595507198,0.49994999499949994,0.15526396210558488,0.6906077348066298,low,0.9975
362665786,0,0.6799,6,0.3828302234944798,0.5,130.99,142.13,130.99,,0.0,0.5997749437359339,0.15384615384615385,0.5191015937919427,0.49994999499949994,0.12488539995416001,0.6906077348066298,medium,0.9481
28798475,0,0.7429,6,0.30227016656648836,0.5,155.9,168.34,155.9,,0.0,0.6785446361590397,0.15384615384615385,0.4098652923136002,0.49994999499949994,0.1486744594697838,0.6906077348066298,low,0.6741
28798475,0,0.6936,6,0.34488521074818057,0.5,70.13,79.84,70.13,,0.0,0.6169042260565141,0.15384615384615385,0.46764963347792166,0.49994999499949994,0.06676407670563068,0.6906077348066298,low,0.58
362665785,0,0.8771,6,0.13419626879198515,0.5,197.82,205.68,197.82,,0.0,0.8463365841460365,0.15384615384615385,0.18196362903217259,0.49994999499949994,0.1887080754832302,0.6906077348066298,low,0.9998
28798476,0,0.8376,8,0.17327411894803607,0.5,184.69,192.38,184.69,,0.0,0.7969492373093272,0.3076923076923077,0.23495167277930476,0.49994999499949994,0.1761689204675682,0.6906077348066298,low,0.9922
362665785,0,0.8771,6,0.13419626879198518,0.5,197.82,205.68,197.82,,0.0,0.8463365841460365,0.15384615384615385,0.1819636290321726,0.49994999499949994,0.1887080754832302,0.6906077348066298,low,0.9998
362665784,0,0.8553,6,0.10811037268141466,0.5,147.65,154.07,147.65,,0.0,0.8190797699424855,0.15384615384615385,0.14659216927247992,0.49994999499949994,0.14079570631828256,0.6906077348066298,low,1.0
28798476,0,1.0,8,0.11060989607834505,0.5,149.8,161.67,149.8,,0.0,1.0,0.3076923076923077,0.14998142570738182,0.49994999499949994,0.14284895713958287,0.6906077348066298,low,1.0
362665783,0,0.6491,6,0.45859542437160866,0.5,91.54,104.05,91.54,,0.0,0.5612653163290823,0.15384615384615385,0.6218362571000756,0.49994999499949994,0.08721063488425397,0.6906077348066298,medium,0.9934
28798475,0,0.7807,8,0.22273635950277967,0.483,31.03,41.54,31.03,,0.0,0.7258064516129031,0.3076923076923077,0.3020205457055218,0.4829482948294829,0.029423561769424712,0.6906077348066298,low,0.9976
362665784,0,0.8553,6,0.10811037268141466,0.5,147.65,154.07,147.65,,0.0,0.8190797699424855,0.15384615384615385,0.14659216927247992,0.49994999499949994,0.14079570631828256,0.6906077348066298,low,1.0
131699060,0,0.7492,10,0.0006532112562246382,0.5,6.71,6.71,16.73,,0.0,0.6864216054013502,0.46153846153846156,0.0008844410376156898,0.49994999499949994,0.006197952479180992,0.6906077348066298,low,1.0
131699060,0,0.8046,13,0.00174307222095411,0.5,46.32,46.32,48.38,,0.0,0.7556889222305576,0.6923076923076923,0.0023622500840899327,0.49994999499949994,0.04402551761020705,0.6906077348066298,low,0.9997
364707432,0,0.7253,10,0.3805194977855029,0.5,31.78,45.01,31.78,0.63,0.0,0.6565391347836957,0.46153846153846156,0.515968339673153,0.49994999499949994,0.03013981205592483,0.861878453038674,low,0.6888
27889669,0,0.8624,10,0.06485278013902376,0.5,191.65,192.58,191.65,0.5125,0.0,0.8279569892473119,0.46153846153846156,0.08793655754157441,0.49994999499949994,0.18281572312628927,0.6022099447513811,low,0.9946
27889669,0,0.8761,10,0.0561436150773274,0.5,147.09,147.09,150.79,0.5125,0.0,0.8450862715678918,0.46153846153846156,0.07612726871306129,0.49994999499949994,0.14026090610436245,0.6022099447513811,low,0.9992
129799376,0,0.4606,6,0.5411103614968114,0.4115,285.0,289.92,285.0,,0.0,0.32558139534883723,0.15384615384615385,0.7337233000341681,0.4114411441144114,0.2719650087860035,0.6906077348066298,medium,0.7196
28797560,0,0.6574,8,0.28165623860847927,0.0106,105.33,105.33,112.6,,0.0,0.5716429107276819,0.3076923076923077,0.3819136083781398,0.010501050105010502,0.10038009015203607,0.6906077348066298,low,0.9553
72136989,0,0.5519,10,0.4525971802005929,0.1423,1.37,1.37,7.42,0.5525,0.0,0.43973493373343325,0.46153846153846156,0.6137028714795633,0.14221422142214224,0.001098250439300176,0.6906077348066298,medium,0.9958
398401292,0,0.7329,6,0.2443382604075779,0.5618,163.41,168.75,163.41,,0.0,0.6660415103775943,0.15384615384615385,0.33131188250101395,0.5617561756175617,0.15584651233860494,0.6906077348066298,low,0.7956
196678825,0,0.8071,7,0.03574815543805359,0.1213,78.56,80.52,78.56,0.5525,0.0,0.7588147036759189,0.23076923076923078,0.048471819314154965,0.12121212121212122,0.07481472992589198,0.6906077348066298,low,1.0
398948259,0,0.8609,6,0.1810113421236219,0.5,65.28,67.17,65.28,0.5925,0.0,0.8260815203800951,0.15384615384615385,0.24544304624207405,0.49994999499949994,0.06213232485292995,0.7790055248618785,low,1.0
67625623,0,0.6436,6,0.30589147411356826,0.5,42.37,42.37,42.97,0.5075,0.0,0.5543885971492872,0.15384615384615385,0.4147756443918293,0.49994999499949994,0.040253266101306445,0.5911602209944751,medium,0.7476
127226187,0,0.8554,11,0.02030264790606141,0.2199,114.41,122.64,114.41,0.5525,0.0,0.8192048012003,0.5384615384615384,0.027528312301010497,0.21982198219821986,0.10905149362059746,0.6906077348066298,low,1.0
127226187,0,0.8868,11,0.2991967615042717,0.2199,157.11,165.41,157.11,0.5525,0.0,0.8584646161540386,0.5384615384615384,0.40569787467831414,0.21982198219821986,0.14983000993200402,0.6906077348066298,low,0.9643
398948261,0,0.9221,10,0.02030264790606141,0.2199,111.38,119.95,111.38,0.5925,0.0,0.9026006501625405,0.46153846153846156,0.027528312301010497,0.21982198219821986,0.10615784246313699,0.7790055248618785,low,1.0
"[196678826, 115489483]",0,0.8617,11,0.1120762242089997,0.5,167.69,167.69,172.89,0.4725,0.0,0.8270817704426106,0.5384615384615384,0.15196970957725967,0.49994999499949994,0.1599339139735656,0.5138121546961325,low,0.8696
196678826,0,0.8204,12,0.17296304580304492,0.5,224.17,224.17,228.98,0.4725,0.0,0.7754438609652413,0.6153846153846154,0.2345298697028938,0.49994999499949994,0.21387233554893423,0.5138121546961325,medium,0.9744
398948286,0,0.6545,10,0.23132937059375264,0.5,156.22,156.22,160.16,,0.0,0.5680170042510627,0.46153846153846156,0.3136723342709059,0.49994999499949994,0.14898005959202384,0.6906077348066298,medium,0.9694
23198471,0,0.5917,8,0.40455479516957626,0.5,176.25,177.61,176.25,0.5925,0.0,0.48949737434358587,0.3076923076923077,0.5485592673771277,0.49994999499949994,0.16810871724348692,0.7790055248618785,medium,0.9995
398948286,0,0.6545,10,0.2313293705937527,0.5,156.22,156.22,160.16,,0.0,0.5680170042510627,0.46153846153846156,0.31367233427090596,0.49994999499949994,0.14898005959202384,0.6906077348066298,medium,0.9694
23198137,0,0.6897,10,0.1675106401514664,0.5,14.38,14.38,17.56,0.4525,0.0,0.6120280070017504,0.46153846153846156,0.22713661986854444,0.49994999499949994,0.013522805409122166,0.4696132596685083,medium,0.6554
23198137,0,0.7254,12,0.14568951751631046,0.415,23.91,23.91,91.37,0.4525,0.0,0.6566641660415105,0.6153846153846154,0.19754802693966392,0.41494149414941495,0.022623959049583624,0.4696132596685083,medium,0.542
406952711,0,0.7399,9,0.28979569714366493,0.5,40.76,45.14,40.76,0.5725,0.0,0.6747936984246062,0.38461538461538464,0.3929503973319355,0.49994999499949994,0.0387157154862862,0.7348066298342542,low,0.9067
408992590,0,0.4128,8,0.6123499634912023,0.5,146.05,146.05,148.06,,0.0,0.2658164541135284,0.3076923076923077,0.8303214274115147,0.49994999499949994,0.1392677057070823,0.6906077348066298,high,0.8676
408992602,0,0.7968,10,0.20564523323558465,0.5,111.45,111.45,112.66,,0.0,0.7459364841210302,0.46153846153846156,0.2788456437414315,0.49994999499949994,0.10622469248987701,0.6906077348066298,low,0.9451
"[408992602, 28797827]",0,0.6076,10,0.2554333282292014,0.6994,194.28,194.28,197.08,,0.0,0.5093773443360841,0.46153846153846156,0.3463563626032171,0.6993699369936994,0.18532737413094968,0.6906077348066298,medium,0.9998
408992590,0,0.4128,8,0.6123499634912023,0.5,146.05,146.05,148.06,,0.0,0.2658164541135284,0.3076923076923077,0.8303214274115147,0.49994999499949994,0.1392677057070823,0.6906077348066298,high,0.8676
408992598,0,0.4076,8,0.49383300356486176,0.5,105.07,105.07,114.04,,0.0,0.2593148287071768,0.3076923076923077,0.6696170429001873,0.49994999499949994,0.10013179005271602,0.6906077348066298,medium,0.9822
408992592,0,0.4433,6,0.5344472712839263,0.5,157.03,157.03,159.37,,0.0,0.30395098774693674,0.15384615384615385,0.7246884090593182,0.49994999499949994,0.14975360990144398,0.6906077348066298,medium,0.9746
27880220,0,0.7015,8,0.3005127923210946,0.5,85.19,85.48,85.19,0.5925,0.0,0.626781695423856,0.3076923076923077,0.407482361240802,0.49994999499949994,0.08114638245855299,0.7790055248618785,low,0.7844
408992602,0,0.7968,10,0.20564523323558465,0.5,111.45,111.45,112.66,,0.0,0.7459364841210302,0.46153846153846156,0.2788456437414315,0.49994999499949994,0.10622469248987701,0.6906077348066298,low,0.9451
408992592,0,0.4433,6,0.5344472712839263,0.5,157.03,157.03,159.37,,0.0,0.30395098774693674,0.15384615384615385,0.7246884090593182,0.49994999499949994,0.14975360990144398,0.6906077348066298,medium,0.9746
31478712,0,0.6907,7,0.2810452611360315,0.5,120.78,120.78,122.44,0.5925,0.0,0.6132783195798949,0.23076923076923078,0.38108514670716015,0.49994999499949994,0.11513484605393844,0.7790055248618785,low,0.814
413118549,0,0.6851,6,0.21384829611365974,0.3979,144.84,154.88,144.84,,0.0,0.6062765691422856,0.15384615384615385,0.28996867770845275,0.3978397839783978,0.13811215524486212,0.6906077348066298,low,0.9489
948665876,0,0.6977,6,0.1491984984852282,0.5,50.33,50.33,55.5,0.5075,0.0,0.6220305076269067,0.15384615384615385,0.2023060685500998,0.49994999499949994,0.04785506914202766,0.5911602209944751,low,0.9935
28810232,0,0.7164,12,0.3368219056234212,0.5,129.73,143.08,129.73,,0.0,0.6454113528382095,0.6153846153846154,0.45671610558447207,0.49994999499949994,0.1236820994728398,0.6906077348066298,medium,0.9971
"[28810232, 28016687]",0,0.7459,12,0.24848218840677447,0.5773,132.76,140.07,132.76,,0.0,0.6822955738934734,0.6153846153846154,0.3369308875698584,0.5772577257725773,0.12657575063030027,0.6906077348066298,medium,0.9578
"[421714265, 824317354, 824317355]",0,0.6495,10,0.35054296280527686,0.5,145.52,159.8,145.52,,0.0,0.56176544136034,0.46153846153846156,0.4753213250452589,0.49994999499949994,0.1387615555046222,0.6906077348066298,medium,0.999
131699052,0,0.7356,10,0.13782681394970303,0.5,67.02,80.43,67.02,0.5075,0.0,0.6694173543385847,0.46153846153846156,0.18688650695086242,0.49994999499949994,0.06379402551761021,0.5911602209944751,low,0.9186
"[421714265, 824317354, 824317355]",0,0.6495,10,0.35054296280527686,0.5,145.52,159.8,145.52,,0.0,0.56176544136034,0.46153846153846156,0.4753213250452589,0.49994999499949994,0.1387615555046222,0.6906077348066298,medium,0.999
424820289,0,0.9798,7,0.017526031344777655,1.0,98.74,98.74,99.72,,0.0,0.9747436859214804,0.23076923076923078,0.023763328320807235,1.0,0.09408663763465507,0.6906077348066298,low,1.0
"[1504907040, 1504907042]",0,1.0,6,0.017526031344777655,1.0,97.73,100.67,97.73,0.485,0.0,1.0,0.15384615384615385,0.023763328320807235,1.0,0.09312208724883492,0.5414364640883977,low,1.0
27875244,0,0.8033,8,0.17831866954947187,0.5,117.28,122.75,117.28,0.5325,0.0,0.7540635158789697,0.3076923076923077,0.24179188704099214,0.49994999499949994,0.1117923447169379,0.6464088397790054,low,0.991
1301842541,0,0.9084,9,0.0424863529568189,0.5,124.99,130.49,124.99,,0.0,0.8854713678419603,0.38461538461538464,0.057608552872305124,0.49994999499949994,0.11915539766215907,0.6906077348066298,low,1.0
216633470,0,1.0,4,0.02189687420982172,0.5,116.31,123.63,116.31,0.515,0.0,1.0,0.0,0.029690021115316902,0.49994999499949994,0.11086599434639775,0.6077348066298343,low,1.0
106772283,0,0.3268,6,0.39007935892349455,0.3029,86.96,86.96,132.53,0.6925,0.0,0.15828957239309824,0.15384615384615385,0.528931139268667,0.30283028302830284,0.08283673313469325,1.0,medium,0.9931
451870032,0,0.2611,6,0.601549060304539,0.2966,97.27,97.27,110.83,,0.0,0.07614403600900226,0.15384615384615385,0.8156758231042668,0.2965296529652965,0.09268278707311484,0.6906077348066298,medium,0.6455
553116322,0,1.0,6,0.08269127152157156,0.5,73.47,73.47,75.14,0.4675,0.0,1.0,0.15384615384615385,0.11212485751167708,0.49994999499949994,0.0699537779815112,0.5027624309392266,low,1.0
335654481,0,0.919,10,0.008765331765486535,0.0122,112.65,126.68,112.65,0.4725,0.0,0.8987246811702926,0.46153846153846156,0.011884160692362849,0.012101210121012103,0.1073706929482772,0.5138121546961325,low,1.0
335654481,0,0.8368,10,0.015963219932866108,0.0047,15.51,15.51,18.52,0.4725,0.0,0.7959489872468117,0.46153846153846156,0.021644216877055922,0.0046004600460046,0.014601955840782338,0.5138121546961325,low,1.0
109230028,0,0.8093,7,0.12736645799312163,0.3346,68.46,68.46,157.21,0.5475,0.0,0.7615653913478369,0.23076923076923078,0.17270267143216042,0.3345334533453346,0.06516922606769043,0.6795580110497237,low,1.0
30818514,0,0.6601,6,0.1926007015868277,0.3896,73.1,73.1,166.72,0.5075,0.0,0.5750187546886721,0.15384615384615385,0.2611577665704773,0.38953895389538956,0.06960042784017113,0.5911602209944751,low,0.9538
28875473,0,1.0,6,0.15976942090317028,0.5,277.82,285.44,277.82,0.5075,0.0,1.0,0.15384615384615385,0.21663982788672295,0.49994999499949994,0.2651081060432424,0.5911602209944751,low,0.9995
"[363481684, 335205310]",0,1.0,7,0.029602642146628458,0.5,268.8,276.65,268.8,0.5475,0.0,1.0,0.23076923076923078,0.040138742498664025,0.49994999499949994,0.256494002597601,0.6795580110497237,low,1.0
"[319491842, 4633141, 246292535]",0,1.0,6,0.0708609891714949,0.0232,342.41,342.41,344.17,0.495,0.0,1.0,0.15384615384615385,0.09608345512634851,0.0231023102310231,0.32679158071663233,0.56353591160221,low,1.0
"[1408645448, 106431178]",0,1.0,6,0.0028540276905338483,0.0232,395.62,396.71,395.62,0.415,0.0,1.0,0.15384615384615385,0.003868662458059583,0.0231023102310231,0.3776071510428604,0.38674033149171266,low,0.9999
974320300,0,1.0,5,0.04098485471906703,0.501,328.76,328.76,329.89,0.525,0.0,1.0,0.07692307692307693,0.05557257970616312,0.5009500950095009,0.3137558255023302,0.6298342541436465,low,1.0
176259873,0,1.0,6,0.04098485471906703,0.5,811.98,811.98,926.57,0.555,0.0,1.0,0.15384615384615385,0.05557257970616312,0.49994999499949994,0.7752311100924442,0.696132596685083,medium,0.8382
"[201418137, 201418139, 201418141]",0,1.0,6,9.90900805164459e-05,0.5,818.01,818.01,985.85,0.495,0.0,1.0,0.15384615384615385,0.00013307429194297384,0.49994999499949994,0.780989762395905,0.56353591160221,medium,0.9539
27889618,0,0.7617,7,0.14657871750722773,0.0303,99.34,99.34,103.8,0.6925,0.0,0.7020505126281571,0.23076923076923078,0.1987537475161675,0.030203020302030203,0.09465963786385516,1.0,low,1.0
550922011,0,0.7326,7,0.1385753143457648,0.0303,137.7,162.81,137.7,0.6925,0.0,0.6656664166041509,0.23076923076923078,0.18790144435332662,0.030203020302030203,0.131293452517381,1.0,low,1.0
106154434,0,1.0,10,0.1949484283492728,0.1318,32.97,32.97,35.14,0.5525,0.0,1.0,0.46153846153846156,0.26434119267754247,0.13171317131713173,0.031276262510505005,0.6906077348066298,low,1.0
551155721,0,0.73,10,0.1949484283492728,0.1318,54.96,62.03,54.96,,0.0,0.6624156039009752,0.46153846153846156,0.26434119267754247,0.13171317131713173,0.05227672091068837,0.6906077348066298,low,0.9981
106154434,0,0.8622,9,0.05850740759163628,0.1318,11.54,17.34,11.54,0.5525,0.0,0.8277069267316828,0.38461538461538464,0.07933247935431116,0.13171317131713173,0.010810604324241729,0.6906077348066298,low,1.0
106154434,0,1.0,10,0.1949484283492728,0.1318,32.97,32.97,35.14,0.5525,0.0,1.0,0.46153846153846156,0.26434119267754247,0.13171317131713173,0.031276262510505005,0.6906077348066298,low,1.0
106154434,0,0.8448,10,0.06791229878504673,0.1318,80.56,80.56,81.97,0.5525,0.0,0.805951487871968,0.46153846153846156,0.0920851457370161,0.13171317131713173,0.07672473068989229,0.6906077348066298,low,1.0
28798365,0,0.6187,6,0.3098672192337839,0.0099,194.71,199.49,194.71,0.5925,0.0,0.5232558139534884,0.15384615384615385,0.4201666000231184,0.009800980098009802,0.18573802429520975,0.7790055248618785,low,0.8845
550882753,0,0.8105,6,0.06329003480305333,0.2939,108.22,115.36,108.22,,0.0,0.7630657664416104,0.15384615384615385,0.08581753569422731,0.29382938293829386,0.10314004125601652,0.6906077348066298,low,1.0
556285135,0,0.59,6,0.39785040016927953,0.0099,154.43,161.57,154.43,,0.0,0.4873718429607401,0.15384615384615385,0.5394683687182932,0.009800980098009802,0.1472706089082436,0.6906077348066298,medium,0.8797
690825700,0,1.0,6,0.0058822139474671185,0.0001,227.13,227.84,227.13,0.455,0.0,1.0,0.15384615384615385,0.00797476515347613,0.0,0.21669913667965468,0.4751381215469614,low,1.0
1014045841,0,0.5014,10,0.4262429471646241,0.5,144.36,153.48,144.36,0.5925,0.0,0.3765941485371342,0.46153846153846156,0.5779675572937647,0.49994999499949994,0.13765375506150204,0.7790055248618785,medium,0.9996
"[558473738, 558473734]",0,0.3192,9,0.32608613714256063,0.5,136.81,146.44,136.81,0.5525,0.0,0.14878719679919977,0.38461538461538464,0.4421588214029922,0.49994999499949994,0.1304435021774009,0.6906077348066298,medium,0.9983
28797328,0,0.8949,8,0.0894330400057369,0.5,153.59,162.67,153.59,0.5925,0.0,0.8685921480370093,0.3076923076923077,0.12126643315991359,0.49994999499949994,0.14646840858736346,0.7790055248618785,low,1.0
558473742,0,0.3858,8,0.3750927797315482,0.5,149.19,158.43,149.19,0.5925,0.0,0.23205801450362587,0.3076923076923077,0.5086099212213187,0.49994999499949994,0.14226640690656278,0.7790055248618785,medium,0.9998
33839363,0,0.8222,9,0.06910017803942423,0.8958,136.22,171.47,136.22,0.5525,0.0,0.7776944236059016,0.38461538461538464,0.09369586376899358,0.8957895789578958,0.1298800519520208,0.6906077348066298,low,0.984
"[649030857, 649030842]",0,0.8994,6,0.037355026245227706,0.5,46.31,46.34,46.31,0.5125,0.0,0.8742185546386596,0.15384615384615385,0.05065067358291642,0.49994999499949994,0.04401596760638705,0.6022099447513811,low,1.0
661296531,0,0.5221,6,0.4165204820143881,0.5,123.87,123.87,130.21,,0.0,0.40247561890472616,0.15384615384615385,0.5647842729868388,0.49994999499949994,0.11808579723431892,0.6906077348066298,medium,0.9998
27875225,0,0.9042,8,0.1005828807433843,0.5,76.97,76.97,82.92,,0.0,0.8802200550137533,0.3076923076923077,0.13638518320426665,0.49994999499949994,0.07329627931851174,0.6906077348066298,low,1.0
667022872,0,0.7582,6,0.17409955230923854,0.5,83.63,83.63,89.44,,0.0,0.6976744186046512,0.15384615384615385,0.23607092828796447,0.49994999499949994,0.07965658186263275,0.6906077348066298,low,0.9991
667022872,0,0.7582,6,0.17409955230923854,0.5,83.63,83.63,89.44,,0.0,0.6976744186046512,0.15384615384615385,0.23607092828796447,0.49994999499949994,0.07965658186263275,0.6906077348066298,low,0.9991
"[201418138, 1116499413]",0,1.0,6,0.04098485471906703,0.501,634.35,635.21,634.35,0.415,0.0,1.0,0.15384615384615385,0.05557257970616312,0.5009500950095009,0.6055943922377569,0.38674033149171266,medium,0.9216
685653529,0,0.7006,7,0.2421440351624,0.5,186.87,193.09,186.87,,0.0,0.6256564141035258,0.23076923076923078,0.32833659847647695,0.49994999499949994,0.17825082130032854,0.6906077348066298,medium,0.6244
28890453,0,0.8786,12,0.07884714281963724,0.5,188.16,193.72,188.16,,0.0,0.8482120530132534,0.6153846153846154,0.10691236862054596,0.49994999499949994,0.17948277179310873,0.6906077348066298,low,0.9945
27889524,0,0.6415,8,0.38247168647058444,0.3788,196.88,205.01,196.88,0.6925,0.0,0.5517629407351837,0.3076923076923077,0.5186154315432194,0.3787378737873788,0.18781037512415005,1.0,medium,0.6928
690757684,0,0.6363,6,0.37682285752558486,0.5,83.88,88.43,83.88,0.5925,0.0,0.5452613153288322,0.15384615384615385,0.5109558393685625,0.49994999499949994,0.07989533195813278,0.7790055248618785,medium,0.753
177313872,0,0.591,6,0.3547564792828099,0.2434,76.04,76.04,80.36,,0.0,0.48862215553888466,0.15384615384615385,0.48103468938206884,0.24332433243324333,0.0724081289632516,0.6906077348066298,medium,0.6812
710643487,0,0.8238,10,0.02664943035242194,0.5,204.7,204.7,212.35,,0.0,0.7796949237309326,0.46153846153846156,0.03613430225640236,0.49994999499949994,0.19527847811139126,0.6906077348066298,low,0.9984
142432588,0,0.9033,12,0.10290334648191274,0.5,237.3,237.3,244.1,,0.0,0.8790947736934234,0.6153846153846154,0.1395316444240077,0.49994999499949994,0.22641149056459625,0.6906077348066298,low,0.9794
142432588,0,0.8552,8,0.1143066347157002,0.5,180.71,180.71,186.93,,0.0,0.8189547386846712,0.3076923076923077,0.1549940594079478,0.49994999499949994,0.1723680189472076,0.6906077348066298,low,0.9993
28019541,0,0.7752,12,0.24614829898597915,0.5,134.54,134.54,140.76,,0.0,0.7189297324331082,0.6153846153846154,0.33376622435946623,0.49994999499949994,0.12827565131026053,0.6906077348066298,medium,0.8133
28019541,0,0.8885,10,0.10411301216377267,0.5,40.11,40.11,45.89,,0.0,0.860590147536884,0.46153846153846156,0.14117190400363747,0.49994999499949994,0.0380949652379861,0.6906077348066298,low,1.0
"[710642664, 710642667, 710642661, 710642663]",0,0.7513,10,0.19013390067982508,0.5,54.33,59.58,54.33,,0.0,0.6890472618154537,0.46153846153846156,0.2578128805582287,0.49994999499949994,0.05167507067002827,0.6906077348066298,low,0.971
28797538,0,0.8298,10,0.06352019527452141,0.5,140.89,146.69,140.89,0.5925,0.0,0.7871967991997998,0.46153846153846156,0.08612962433478225,0.49994999499949994,0.1343399037359615,0.7790055248618785,low,0.9999
"[710642664, 710642667, 710642661, 710642663]",0,0.7513,10,0.19013390067982508,0.5,54.33,59.58,54.33,,0.0,0.6890472618154537,0.46153846153846156,0.2578128805582287,0.49994999499949994,0.05167507067002827,0.6906077348066298,low,0.971
710643487,0,0.8238,10,0.02664943035242194,0.5,204.7,204.7,212.35,,0.0,0.7796949237309326,0.46153846153846156,0.03613430225640236,0.49994999499949994,0.19527847811139126,0.6906077348066298,low,0.9984
28019561,0,0.7533,9,0.2985717643457243,0.5,215.17,215.17,223.82,,0.0,0.6915478869717427,0.38461538461538464,0.404850402858685,0.49994999499949994,0.20527733211093285,0.6906077348066298,medium,0.961
777648586,0,1.0,10,0.1375745018982788,0.5,81.79,87.1,81.79,,0.0,1.0,0.46153846153846156,0.18654438163011405,0.49994999499949994,0.07789938115975248,0.6906077348066298,low,1.0
44289615,0,0.9562,8,0.032160567768562034,0.5,120.53,121.21,120.53,0.5525,0.0,0.9452363090772693,0.3076923076923077,0.04360719007742468,0.49994999499949994,0.1148960959584384,0.6906077348066298,low,1.0
796518876,0,0.3015,7,0.675266226120739,0.3126,304.63,308.11,304.63,,0.0,0.1266566641660415,0.23076923076923078,0.9156334305874043,0.31253125312531255,0.2907116662846665,0.6906077348066298,high,0.9999
710639551,0,0.7709,8,0.25640285913034117,0.5,223.94,224.53,223.94,0.5925,0.0,0.7135533883470867,0.3076923076923077,0.3476710087671857,0.49994999499949994,0.21365268546107422,0.7790055248618785,low,0.7084
29997370,0,0.6808,8,0.39092366057804323,0.5,215.61,219.49,215.61,,0.0,0.600900225056264,0.3076923076923077,0.5300759794486755,0.49994999499949994,0.20569753227901294,0.6906077348066298,medium,0.9993
44289594,0,0.6845,8,0.18015128450893503,0.5,201.89,201.89,210.15,,0.0,0.6055263815953988,0.3076923076923077,0.24427684159340235,0.49994999499949994,0.19259492703797082,0.6906077348066298,medium,0.6122
826853413,0,0.7337,6,0.3523367956721507,0.397,173.65,173.65,180.46,,0.0,0.6670417604401101,0.15384615384615385,0.47775369258967043,0.396939693969397,0.16562571625028652,0.6906077348066298,medium,0.6336
826853413,0,0.7337,6,0.3523367956721507,0.397,173.65,173.65,180.46,,0.0,0.6670417604401101,0.15384615384615385,0.47775369258967043,0.396939693969397,0.16562571625028652,0.6906077348066298,medium,0.6336
835517146,0,0.9774,11,0.17185397105706082,0.5,50.15,50.15,52.69,0.5725,0.0,0.9717429357339336,0.5384615384615384,0.23302600751691463,0.49994999499949994,0.04768316907326763,0.7348066298342542,low,1.0
335654478,0,0.9879,10,0.0006173262692423059,1.0,61.18,61.18,62.23,0.5225,0.0,0.9848712178044511,0.46153846153846156,0.0008357823920532582,1.0,0.05821682328672932,0.6243093922651933,low,1.0
436849795,0,0.479,10,0.46100461785649754,0.5,148.14,150.66,148.14,0.6525,0.0,0.3485871467866966,0.46153846153846156,0.6251030296902467,0.49994999499949994,0.1412636565054626,0.9116022099447513,medium,0.9997
436849795,0,0.3265,10,0.5656540252288439,0.5,137.59,139.66,137.59,0.6525,0.0,0.15791447861965494,0.46153846153846156,0.7670035527183466,0.49994999499949994,0.131188402475361,0.9116022099447513,medium,0.591
436849795,0,0.3528,11,0.5978245994450614,0.5,137.39,138.53,137.39,0.6525,0.0,0.19079769942485622,0.5384615384615384,0.8106255991495611,0.49994999499949994,0.13099740239896096,0.9116022099447513,high,0.7668
436849795,0,0.4666,11,0.47312747598275623,0.4184,141.59,142.28,141.59,0.6525,0.0,0.33308327081770445,0.5384615384615384,0.6415411534398717,0.41834183418341836,0.13500840400336162,0.9116022099447513,medium,0.9995
106772285,0,0.4351,8,0.6119003884098493,0.4999,145.19,145.19,148.64,0.5925,0.0,0.29369842460615153,0.3076923076923077,0.8297118211004402,0.49984998499849986,0.13844640537856218,0.7790055248618785,medium,0.6222
959069339,0,0.9681,11,0.001107244629558698,0.5,220.89,224.75,220.89,0.4275,0.0,0.9601150287571892,0.5384615384615384,0.0015000926190821772,0.49994999499949994,0.21073993429597374,0.4143646408839779,low,0.9942
959069338,0,0.8282,11,0.001107244629558698,0.5,170.42,175.46,170.42,0.4275,0.0,0.7851962990747687,0.5384615384615384,0.0015000926190821772,0.49994999499949994,0.162541065016426,0.4143646408839779,low,0.9093
"[311233338, 23002383]",0,0.8123,8,0.1485625126328748,0.4956,30.08,30.08,35.24,,0.0,0.7653163290822707,0.3076923076923077,0.20144369648939311,0.4955495549554955,0.028516311406524567,0.6906077348066298,low,0.9999
305725512,0,0.605,10,0.35464978440463246,0.5,7.19,7.19,8.14,0.5075,0.0,0.5061265316329082,0.46153846153846156,0.48089001528024683,0.49994999499949994,0.006656352662541066,0.5911602209944751,medium,0.9983
965408620,0,0.7382,11,0.15381706167549675,0.4218,10.41,10.41,12.85,0.5075,0.0,0.6726681670417605,0.5384615384615384,0.20856866046335912,0.4217421742174218,0.009731453892581558,0.5911602209944751,low,0.9686
72191090,0,0.8574,9,0.10114519774904747,0.5,9.65,9.65,10.67,,0.0,0.821705426356589,0.38461538461538464,0.1371476631763442,0.49994999499949994,0.009005653602261441,0.6906077348066298,low,1.0
106774548,0,0.3848,4,0.481085092567543,0.5,260.16,260.16,260.92,0.5925,0.0,0.23080770192548133,0.0,0.6523313717869345,0.49994999499949994,0.24824279929711973,0.7790055248618785,medium,0.9908
27924851,0,0.805,10,0.22840108104381748,1.0,160.31,160.31,178.35,0.6525,0.0,0.7561890472618154,0.46153846153846156,0.3097016876218039,1.0,0.15288601115440448,0.9116022099447513,low,0.5784
27924851,0,0.9453,13,0.2132771051103249,1.0,98.77,98.77,116.23,0.6525,0.0,0.9316079019754939,0.6923076923076923,0.28919416494094347,1.0,0.09411528764611507,0.9116022099447513,low,0.9816
326028263,0,0.8346,11,0.04810321021285439,0.5,331.55,337.39,331.55,0.5525,0.0,0.7931982995748937,0.5384615384615384,0.06522479268119134,0.49994999499949994,0.31642027656811067,0.6906077348066298,low,0.8509
1383244848,0,0.752,11,0.00035246334814416054,0.5,338.34,342.62,338.34,0.6525,0.0,0.689922480620155,0.5384615384615384,0.0004766385805565401,0.49994999499949994,0.32290472916189167,0.9116022099447513,low,0.9897
1383244848,0,0.7172,12,0.10407645595955757,0.5,313.75,318.87,313.75,0.6525,0.0,0.646411602900725,0.6153846153846154,0.14112233521363382,0.49994999499949994,0.2994212697685079,0.9116022099447513,low,0.5433
661697142,0,0.3687,6,0.5471012602686688,0.5,323.71,323.71,324.38,0.5925,0.0,0.21067766941735436,0.15384615384615385,0.7418467255793338,0.49994999499949994,0.3089330735732294,0.7790055248618785,high,0.9114
1053111771,0,1.0,8,0.09241675034809421,0.5,22.88,31.45,22.88,,0.0,1.0,0.3076923076923077,0.1253122282463436,0.49994999499949994,0.021640308656123465,0.6906077348066298,low,1.0
1053111771,0,0.8886,11,0.09241675034809421,0.5,41.59,49.79,41.59,,0.0,0.8607151787946985,0.5384615384615384,0.1253122282463436,0.49994999499949994,0.03950836580334633,0.6906077348066298,low,1.0
1053111771,0,1.0,8,0.09241675034809421,0.5,22.88,31.45,22.88,,0.0,1.0,0.3076923076923077,0.1253122282463436,0.49994999499949994,0.021640308656123465,0.6906077348066298,low,1.0
1053111773,0,0.7266,12,0.1043477426242654,0.5,84.86,93.22,84.86,,0.0,0.6581645411352838,0.6153846153846154,0.14149018937142777,0.49994999499949994,0.08083123233249294,0.6906077348066298,low,0.9359
"[1053111773, 1053111774]",0,0.7714,8,0.14065939793251914,0.5,94.58,101.63,94.58,,0.0,0.7141785446361589,0.3076923076923077,0.19072738057619018,0.49994999499949994,0.09011383604553443,0.6906077348066298,low,0.9982
1053111772,0,0.8488,11,0.08681125627662181,0.5,95.58,105.87,95.58,,0.0,0.8109527381845462,0.5384615384615384,0.11771139647342488,0.49994999499949994,0.09106883642753458,0.6906077348066298,low,0.9995
1053111773,0,0.7266,12,0.1043477426242654,0.5,84.86,93.22,84.86,,0.0,0.6581645411352838,0.6153846153846154,0.14149018937142777,0.49994999499949994,0.08083123233249294,0.6906077348066298,low,0.9359
"[1053111773, 1053111774]",0,0.7714,8,0.14065939793251914,0.5,94.58,101.63,94.58,,0.0,0.7141785446361589,0.3076923076923077,0.19072738057619018,0.49994999499949994,0.09011383604553443,0.6906077348066298,low,0.9982
1153753935,0,1.0,10,0.1518465410933937,0.0998,35.98,35.98,36.17,0.6925,0.0,1.0,0.46153846153846156,0.20589671125448145,0.0997099709970997,0.03415081366032546,1.0,low,1.0
27924900,0,0.6667,6,0.4169342795318205,0.1616,109.32,112.01,109.32,0.6925,0.0,0.583270817704426,0.15384615384615385,0.5653453663138412,0.16151615161516153,0.10419054167621668,1.0,low,0.9947
1153753936,0,0.7741,7,0.2431629563852796,0.1508,80.12,80.12,80.25,0.6925,0.0,0.7175543885971494,0.23076923076923078,0.3297182159942581,0.15071507150715072,0.07630453052181223,1.0,low,1.0
"[241913963, 241913964, 4950413]",0,0.9922,6,0.0023419047971671263,0.5,306.69,311.37,306.69,0.28,0.0,0.9902475618904726,0.15384615384615385,0.0031742437485026576,0.49994999499949994,0.2926789670715868,0.0883977900552487,low,0.8805
27889461,0,1.0,10,0.03475726871828257,0.1253,279.09,279.09,291.14,0.6525,0.0,1.0,0.46153846153846156,0.04712821549137535,0.12521252125212523,0.2663209565283826,0.9116022099447513,low,1.0
27889461,0,0.8997,11,0.03475726871828257,0.1253,247.55,261.78,247.55,0.6525,0.0,0.874593648412103,0.5384615384615384,0.04712821549137535,0.12521252125212523,0.23620024448009783,0.9116022099447513,low,1.0
1269171456,0,0.9869,10,0.0014570975395369167,0.1253,242.27,247.02,242.27,0.6525,0.0,0.9836209052263064,0.46153846153846156,0.00197447954735379,0.12521252125212523,0.23115784246313703,0.9116022099447513,low,1.0
67502760,0,0.807,9,0.1843162123808726,0.1253,144.47,152.46,144.47,0.6925,0.0,0.7586896724181045,0.38461538461538464,0.24992432167228548,0.12521252125212523,0.13775880510352206,1.0,low,1.0
1269171456,0,0.9869,10,0.0014570975395369163,0.1253,242.27,247.02,242.27,0.6525,0.0,0.9836209052263064,0.46153846153846156,0.001974479547353789,0.12521252125212523,0.23115784246313703,0.9116022099447513,low,1.0
32937997,0,0.9884,12,0.0201301288305226,0.5,141.5,147.11,141.5,,0.0,0.9854963740935233,0.6153846153846154,0.027294383149704567,0.49994999499949994,0.13492245396898161,0.6906077348066298,low,1.0
32937997,0,0.7995,11,0.010198884603860705,0.5,164.83,170.42,164.83,,0.0,0.7493123280820204,0.5384615384615384,0.01382800254165235,0.49994999499949994,0.15720261288104517,0.6906077348066298,low,0.9984
1272339200,0,0.9085,9,0.0201301288305226,0.5,156.48,162.15,156.48,,0.0,0.8855963990997748,0.38461538461538464,0.027294383149704567,0.49994999499949994,0.14922835969134388,0.6906077348066298,low,1.0
1272339201,0,0.8747,9,0.0201301288305226,0.5,141.56,147.22,141.56,,0.0,0.8433358339584897,0.38461538461538464,0.027294383149704567,0.49994999499949994,0.13497975399190162,0.6906077348066298,low,1.0
1272339202,0,0.9484,9,0.0201301288305226,0.5,147.69,153.35,147.69,,0.0,0.9354838709677419,0.38461538461538464,0.027294383149704567,0.49994999499949994,0.14083390633356255,0.6906077348066298,low,1.0
32937997,0,0.9566,9,0.024085356068879706,0.5,288.8,297.34,288.8,,0.0,0.945736434108527,0.38461538461538464,0.03265751733183059,0.49994999499949994,0.2755940102376041,0.6906077348066298,low,0.9999
32937997,0,0.7995,11,0.010198884603860705,0.5,164.83,170.42,164.83,,0.0,0.7493123280820204,0.5384615384615384,0.01382800254165235,0.49994999499949994,0.15720261288104517,0.6906077348066298,low,0.9984
1272339203,0,0.9646,8,0.010198884603860705,0.5,166.46,172.09,166.46,,0.0,0.9557389347336833,0.3076923076923077,0.01382800254165235,0.49994999499949994,0.15875926350370542,0.6906077348066298,low,1.0
1272339200,0,0.92,7,0.0201301288305226,0.5,172.19,177.89,172.19,,0.0,0.899974993748437,0.23076923076923078,0.027294383149704567,0.49994999499949994,0.1642314156925663,0.6906077348066298,low,1.0
29997360,0,0.6171,7,0.5506938639403893,0.2889,78.02,89.38,78.02,,0.0,0.521255313828457,0.23076923076923078,0.746718156319844,0.28882888288828884,0.07429902971961189,0.6906077348066298,medium,0.9993
29997360,0,0.6871,11,0.17570875538197234,0.0032,86.96,95.0,86.96,,0.0,0.6087771942985747,0.5384615384615384,0.23825294501804387,0.0031003100310031005,0.08283673313469325,0.6906077348066298,low,0.9932
28798348,0,0.529,12,0.3475624551563218,0.0032,131.67,131.67,138.29,,0.0,0.4111027756939235,0.6153846153846154,0.4712798726864208,0.0031003100310031005,0.12553480021392008,0.6906077348066298,medium,0.9992
1331576805,0,0.6816,12,0.4739355619069112,0.0032,116.86,116.86,119.67,,0.0,0.6019004751187796,0.6153846153846154,0.642636886499126,0.0031003100310031005,0.11139124455649783,0.6906077348066298,medium,0.9971
28798348,0,0.7934,12,0.10241950104646488,0.0032,117.38,117.38,128.26,,0.0,0.7416854213553387,0.6153846153846154,0.13887556884671828,0.0031003100310031005,0.11188784475513791,0.6906077348066298,low,0.9998
28798352,0,0.6239,12,0.3811323086607844,0.0032,76.2,79.82,76.2,,0.0,0.52975743935984,0.6153846153846154,0.516799287367012,0.0031003100310031005,0.07256092902437163,0.6906077348066298,medium,0.9756
1331576805,0,0.6816,12,0.4739355619069112,0.0032,116.86,116.86,119.67,,0.0,0.6019004751187796,0.6153846153846154,0.642636886499126,0.0031003100310031005,0.11139124455649783,0.6906077348066298,medium,0.9971
28798352,0,0.7578,12,0.15435394848541267,0.0032,56.2,56.2,59.54,,0.0,0.6971742935733934,0.6153846153846154,0.20929665807984718,0.0031003100310031005,0.053460921384368566,0.6906077348066298,low,0.9995
"[1331905913, 28892540]",0,0.5357,9,0.425957849820028,0.5215,45.02,51.61,45.02,,0.0,0.4194798699674918,0.38461538461538464,0.5775809763916087,0.5214521452145214,0.042784017113606854,0.6906077348066298,medium,0.9999
638131350,0,0.9435,10,0.097155347244832,0.0409,114.67,121.7,114.67,,0.0,0.9293573393348338,0.46153846153846156,0.1317375811933887,0.0408040804080408,0.1092997937199175,0.6906077348066298,low,1.0
638131350,0,0.629,11,0.2878245251718177,0.0409,134.81,141.94,134.81,,0.0,0.5361340335083771,0.5384615384615384,0.3902775648639194,0.0408040804080408,0.12853350141340059,0.6906077348066298,medium,0.8591
1350409021,0,0.7645,8,0.15110001657853964,0.2939,114.21,121.52,114.21,,0.0,0.7055513878469617,0.3076923076923077,0.20488445307002578,0.29382938293829386,0.10886049354419743,0.6906077348066298,low,0.9993
29997354,0,0.6409,7,0.48181681222300204,0.0099,151.56,159.02,151.56,,0.0,0.5510127531882971,0.23076923076923078,0.6533235551583141,0.009800980098009802,0.14452975781190314,0.6906077348066298,medium,0.9781
28798365,0,0.5048,6,0.39753757631379405,0.0099,174.81,179.02,174.81,0.5925,0.0,0.3808452113028257,0.15384615384615385,0.5390441917465966,0.009800980098009802,0.1667335166934067,0.7790055248618785,medium,0.9703
1446021951,0,1.0,6,0.009111884792373594,0.5,37.05,37.05,38.06,0.5075,0.0,1.0,0.15384615384615385,0.01235407310760735,0.49994999499949994,0.03517266406906563,0.5911602209944751,low,1.0
1465995403,0,1.0,7,0.009111884792373594,0.5,25.66,25.66,27.31,0.5075,0.0,1.0,0.23076923076923078,0.01235407310760735,0.49994999499949994,0.024295209718083893,0.5911602209944751,low,1.0
27924900,0,0.7237,8,0.24465170216948115,0.4227,83.1,86.25,83.1,0.6925,0.0,0.6545386346586647,0.3076923076923077,0.3317368973297618,0.42264226422642265,0.07915043166017267,1.0,low,0.9998
1412263061,0,0.6473,11,0.17767444743693295,0.2206,80.51,80.96,80.51,0.4725,0.0,0.559014753688422,0.5384615384615384,0.24091834693206177,0.22052205220522053,0.07667698067079229,0.5138121546961325,medium,0.8097
1412263061,0,0.5939,11,0.17185397105706082,0.2937,49.55,50.3,49.55,0.4725,0.0,0.4922480620155038,0.5384615384615384,0.23302600751691463,0.29362936293629366,0.04711016884406754,0.5138121546961325,medium,0.9392
27924900,0,0.8108,6,0.09174510301388869,0.035,132.22,139.42,132.22,0.6925,0.0,0.7634408602150538,0.15384615384615385,0.1244015006043314,0.0349034903490349,0.1260600504240202,1.0,low,1.0
1360685889,0,0.916,6,0.06673387147400481,0.035,125.72,133.58,125.72,0.6925,0.0,0.8949737434358589,0.15384615384615385,0.09048724417229463,0.0349034903490349,0.11985254794101918,1.0,low,1.0
146289427,0,0.7924,7,0.2033190787191745,0.035,81.89,89.41,81.89,0.6925,0.0,0.7404351087771943,0.23076923076923078,0.27569146876031264,0.0349034903490349,0.07799488119795249,1.0,low,1.0
27880411,0,0.7591,11,0.10606456184602425,0.0032,17.87,17.87,19.63,0.4725,0.0,0.6987996999249811,0.5384615384615384,0.143818129410739,0.0031003100310031005,0.0168557567423027,0.5138121546961325,low,0.9996
"[27880411, 910253716]",0,0.625,9,0.06760805506532722,0.2889,10.03,10.03,11.62,0.4725,0.0,0.5311327831957989,0.38461538461538464,0.09167260309544523,0.28882888288828884,0.009368553747421498,0.5138121546961325,low,0.9863
1331576804,0,0.7237,10,0.4194665596787553,0.0032,36.89,46.14,36.89,,0.0,0.6545386346586647,0.46153846153846156,0.5687790396267268,0.0031003100310031005,0.03501986400794561,0.6906077348066298,low,0.7451
28797320,0,0.6348,8,0.3211969688390834,0.5,207.67,207.67,232.47,0.5925,0.0,0.5433858464616154,0.3076923076923077,0.435529299489243,0.49994999499949994,0.1981148292459317,0.7790055248618785,medium,0.9911
120939166,0,1.0,10,0.0058822139474671185,1.0,208.42,220.12,208.42,0.5925,0.0,1.0,0.46153846153846156,0.00797476515347613,1.0,0.19883107953243181,0.7790055248618785,low,0.9999
27889733,0,0.7935,14,0.015266085714398206,0.2029,162.93,177.75,162.93,0.4725,0.0,0.7418104526131531,0.7692307692307693,0.02069893001203425,0.20282028202820282,0.1553881121552449,0.5138121546961325,low,0.9532
120939168,0,0.8486,9,0.024675379233099114,1.0,202.75,214.01,202.75,0.5925,0.0,0.8107026756689173,0.38461538461538464,0.033457565776477134,1.0,0.19341622736649097,0.7790055248618785,low,0.9935
28797600,0,0.8738,8,0.08210432905232018,0.0987,109.72,113.07,109.72,,0.0,0.8422105526381595,0.3076923076923077,0.11132898636949436,0.0986098609860986,0.10457254182901675,0.6906077348066298,low,1.0
188086545,0,1.0,6,0.2425210725460212,1.0,40.27,40.27,48.57,0.535,0.0,1.0,0.15384615384615385,0.32884784649288124,1.0,0.038247765299106125,0.6519337016574587,low,0.9996
1411467513,0,0.8226,9,0.34807207248156097,0.5,307.9,307.9,334.47,0.6925,0.0,0.7781945486371593,0.38461538461538464,0.4719708939431234,0.49994999499949994,0.293834517533807,1.0,low,0.6347
1411467514,0,0.895,7,0.25130126892441923,0.5,288.86,288.86,332.65,0.6925,0.0,0.8687171792948237,0.23076923076923078,0.3407534510220221,0.49994999499949994,0.27565131026052414,1.0,low,0.9997
261273574,0,0.8607,11,0.026243260445494663,0.5,191.98,191.98,197.45,0.5525,0.0,0.8258314578644662,0.5384615384615384,0.035583551672348064,0.49994999499949994,0.1831308732523493,0.6906077348066298,low,0.9991
261273574,0,0.9091,11,0.06738309925417442,0.3171,172.82,172.82,176.15,0.5525,0.0,0.8863465866466617,0.5384615384615384,0.09136757177169186,0.31703170317031704,0.16483306593322639,0.6906077348066298,low,0.9999
261273574,0,0.9535,11,0.026243260445494663,0.5,208.0,208.0,214.25,0.5525,0.0,0.9418604651162791,0.5384615384615384,0.035583551672348064,0.49994999499949994,0.19842997937199178,0.6906077348066298,low,0.9999
1422352154,0,0.9879,11,0.026243260445494663,0.5,215.29,215.29,221.18,,0.0,0.9848712178044511,0.5384615384615384,0.035583551672348064,0.49994999499949994,0.20539193215677287,0.6906077348066298,low,1.0
261273574,0,0.9052,11,0.01730659500365525,0.5,262.91,262.91,270.62,0.5525,0.0,0.881470367591898,0.5384615384615384,0.023465781183575476,0.49994999499949994,0.25086905034762014,0.6906077348066298,low,0.9988
1422352162,0,0.7308,8,0.1538763442392551,0.5,199.04,203.1,199.04,,0.0,0.6634158539634908,0.3076923076923077,0.20864904531230358,0.49994999499949994,0.1898731759492704,0.6906077348066298,low,0.8591
"[1422524056, 27889669]",0,0.8957,11,0.04187097317612105,0.5,58.36,58.36,64.78,0.5125,0.0,0.8695923980995248,0.5384615384615384,0.0567741218426936,0.49994999499949994,0.05552372220948889,0.6022099447513811,low,0.9999
27889669,0,0.8809,10,0.041814501735314834,0.5,90.28,90.28,101.37,0.5125,0.0,0.8510877719429858,0.46153846153846156,0.056697548767052186,0.49994999499949994,0.08600733440293377,0.6022099447513811,low,0.9999
177313873,0,0.6938,8,0.2577167585667676,0.4314,64.02,71.42,64.02,,0.0,0.6171542885721429,0.3076923076923077,0.34945260526081773,0.43134313431343135,0.060929024371609755,0.6906077348066298,low,0.8763
1446021952,0,1.0,7,0.009284419301055514,0.5,40.11,42.65,40.11,0.5075,0.0,1.0,0.23076923076923078,0.012588023185654617,0.49994999499949994,0.0380949652379861,0.5911602209944751,low,1.0
72133552,0,1.0,12,0.08536997012665713,0.5,65.98,65.98,67.39,,0.0,1.0,0.6153846153846154,0.11575706855462972,0.49994999499949994,0.06280082512033006,0.6906077348066298,low,1.0
72133552,0,0.8316,12,0.053281980369556746,0.5,13.96,13.96,16.84,,0.0,0.78944736184046,0.6153846153846154,0.07224700343546428,0.49994999499949994,0.013121705248682102,0.6906077348066298,low,0.9999
1451344880,0,0.821,12,0.08536997012665713,0.5,49.24,50.66,49.24,,0.0,0.776194048512128,0.6153846153846154,0.11575706855462972,0.49994999499949994,0.046814118725647495,0.6906077348066298,low,0.9992
1451368043,0,1.0,9,0.04862510786373604,0.5,35.82,35.82,37.49,,0.0,1.0,0.38461538461538464,0.06593246558146629,0.49994999499949994,0.03399801359920544,0.6906077348066298,low,1.0
72191090,0,0.6969,12,0.09610841982484829,0.5,4.59,4.59,7.64,,0.0,0.621030257564391,0.6153846153846154,0.13031798836244632,0.49994999499949994,0.0041733516693406685,0.6906077348066298,low,0.9858
1451368045,0,1.0,10,0.15578893156384288,0.5,85.4,85.4,86.0,,0.0,1.0,0.46153846153846156,0.2112424392789821,0.49994999499949994,0.08134693253877304,0.6906077348066298,low,1.0
72191090,0,0.6483,8,0.04862510786373604,0.5,59.63,59.63,59.82,,0.0,0.5602650662665666,0.3076923076923077,0.06593246558146629,0.49994999499949994,0.05673657269462909,0.6906077348066298,low,0.9982
1465995406,0,1.0,9,0.08497616117329655,1.0,45.06,45.06,49.24,0.5125,0.0,1.0,0.38461538461538464,0.11522307894247466,1.0,0.04282221712888686,0.6022099447513811,low,0.9999
1465995407,0,1.0,10,0.08497616117329655,1.0,39.18,43.59,39.18,0.5525,0.0,1.0,0.46153846153846156,0.11522307894247466,1.0,0.03720681488272596,0.6906077348066298,low,0.9999
1453834026,0,0.7525,8,0.05623844295974362,0.5,92.94,93.54,92.94,0.5925,0.0,0.6905476369092273,0.3076923076923077,0.07625585163054147,0.49994999499949994,0.08854763541905418,0.7790055248618785,low,1.0
1453834025,0,0.7665,9,0.1441684288431498,0.2366,63.4,64.19,63.4,0.6075,0.0,0.7080520130032508,0.38461538461538464,0.19548548990564482,0.23652365236523654,0.06033692413476966,0.8121546961325967,low,1.0
361136020,0,0.894,6,0.015697803678446445,0.5,15.17,15.17,17.78,0.6125,0.0,0.867466866716679,0.15384615384615385,0.021284322767113145,0.49994999499949994,0.014277255710902286,0.8232044198895029,low,1.0
1053887659,0,0.9968,4,0.015697803678446445,0.5,34.19,34.19,41.73,0.6925,0.0,0.9959989997499373,0.0,0.021284322767113145,0.49994999499949994,0.03244136297654519,1.0,low,1.0
28096172,0,0.8155,13,0.2036899852880344,0.2555,182.9,194.22,182.9,0.6525,0.0,0.769317329332333,0.6923076923076923,0.2761944036305361,0.2554255425542554,0.17445946978378793,0.9116022099447513,low,0.9946
1463532919,0,0.6168,10,0.14291596251434543,0.4975,179.6,191.34,179.6,0.5525,0.0,0.5208802200550138,0.46153846153846156,0.19378719431472888,0.49744974497449745,0.17130796852318741,0.6906077348066298,medium,0.9283
1466479251,0,0.9997,9,0.027885361942353075,1.0,20.8,20.8,21.14,0.5125,0.0,0.9996249062265566,0.38461538461538464,0.03781017738500364,1.0,0.01965390786156315,0.6022099447513811,low,1.0
1466479256,0,0.9958,9,0.027885361942353075,1.0,24.04,24.04,25.33,,0.0,0.994748687171793,0.38461538461538464,0.03781017738500364,1.0,0.022748109099243644,0.6906077348066298,low,1.0
1436902908,0,0.807,10,0.009111884792373594,0.3479,43.68,43.68,45.1,0.4675,0.0,0.7586896724181045,0.46153846153846156,0.01235407310760735,0.34783478347834784,0.04150431660172665,0.5027624309392266,low,0.9999
1465995402,0,0.9787,7,0.009111884792373594,0.5,22.79,22.79,27.3,0.5075,0.0,0.9733683420855213,0.23076923076923078,0.01235407310760735,0.49994999499949994,0.02155435862174345,0.5911602209944751,low,1.0
1465995405,0,0.9052,9,0.08497616117329655,0.3146,31.61,31.61,35.69,0.5525,0.0,0.881470367591898,0.38461538461538464,0.11522307894247466,0.31453145314531455,0.0299774619909848,0.6906077348066298,low,1.0
1466479254,0,0.7043,10,0.08497616117329655,0.3146,20.74,20.74,22.87,0.4675,0.0,0.6302825706426606,0.46153846153846156,0.11522307894247466,0.31453145314531455,0.019596607838643136,0.5027624309392266,low,0.989
28016631,0,1.0,9,0.03993855562889189,0.3078,235.17,235.17,236.63,0.6525,0.0,1.0,0.38461538461538464,0.054153838865984114,0.30773077307730773,0.2243773397509359,0.9116022099447513,low,1.0
109190397,0,0.9204,7,0.10383804312031103,0.3078,234.45,234.45,235.12,,0.0,0.9004751187796948,0.23076923076923078,0.14079905668358608,0.30773077307730773,0.2236897394758958,0.6906077348066298,low,1.0
